ano,codigo_municipio,municipio,candidatos,eleitos,nao_eleitos,receita_zero,receita_total_nominal,receita_total_2024,media_receita_2024,mediana_receita_2024,mediana_eleitos_2024,mediana_nao_eleitos_2024,gini_receita,participacao_top10,razao_participacao,razao_participacao_normalizada,entropia_normalizada,fracao_receita_eleitos,auc_receita_eleicao,fracao_publica,fracao_Pessoas físicas,fracao_Recursos próprios,fracao_Fundo Partidário,fracao_FEFC,fracao_Transferências políticas,fracao_Financiamento coletivo,fracao_Empresas,fracao_Outros
2016,84735,ÁUREA,27,9,18,0,106967.08000000002,158358.47763586557,5865.128801328355,5450.614572594185,5699.69881292527,5382.699330245368,0.14138542368293083,0.17469533617258692,25.101994034736826,0.9297034827680306,0.9882534610370587,0.3458876319705091,0.5617283950617283,0.019071288100974616,0.25895817666519455,0.7219705352338308,0.019071288100974616,0.0,0.0,0.0,0.0,0.0
2016,84743,TRÊS ARROIOS,32,9,23,0,110109.57,163010.74945992517,5094.085920622661,5522.045862912015,5522.045862912015,5522.045862912015,0.09270914474100644,0.1449607876953838,30.116499691222014,0.9411406153506879,0.9884149813686905,0.2672208237667262,0.5072463768115942,0.0,0.31545850192676256,0.6845414980732374,0.0,0.0,0.0,0.0,0.0,0.0
2016,84751,NOVA ROMA DO SUL,25,9,16,0,29949.0,44337.73499955816,1773.5093999823264,1598.8765501192966,1598.8765501192966,1598.8765501192966,0.214954756419246,0.22738655714715017,21.125293726910105,0.8450117490764042,0.9712226574137102,0.41771010718220974,0.6180555555555556,0.0020034057898427327,0.28949213663227485,0.7085044575778824,0.0020034057898427327,0.0,0.0,0.0,0.0,0.0
2016,84760,PROGRESSO,38,9,29,1,36669.88,54287.60298860055,1428.621131278962,1273.1794750949955,2087.4221626557483,1125.1353500839493,0.30676721173086063,0.2073371933586911,29.194933867668325,0.7682877333596928,0.9554024083257064,0.33929344737424827,0.7873563218390804,0.006544880975885387,0.30160993163871824,0.6574845622619981,0.006544880975885387,0.0,0.034360625123398277,0.0,0.0,0.0
2016,84778,PIRAPÓ,21,9,12,0,46376.130000000005,68657.1358724852,3269.3874224992956,3003.815296474123,3166.6638339862734,2861.322826150991,0.2938517642383618,0.2958418479506591,15.344437659075393,0.7306875075750187,0.947409807567143,0.5291651114484972,0.6574074074074074,0.046830341384673534,0.3874838198012641,0.49021597964297575,0.046830341384673534,0.0,0.07546985917108649,0.0,0.0,0.0
2016,84786,JABOTICABA,24,9,15,0,53765.32,79596.3975533889,3316.5165647245376,2640.751884297034,3653.729005272615,2261.018703643701,0.22762408308304805,0.20541122046702223,20.503907441427714,0.8543294767261548,0.9737787741951393,0.4079354498401572,0.6333333333333333,0.01740899152092836,0.4657608287275143,0.5168301797515573,0.01740899152092836,0.0,0.0,0.0,0.0,0.0
2016,84794,SÃO JORGE,18,9,9,0,35647.35,52773.80739712509,2931.8781887291716,2808.249007334531,3340.3195926242306,2751.2520192052784,0.21569932812521664,0.20426062526386957,15.345521348682247,0.8525289638156804,0.9730455060868304,0.5569861434300166,0.654320987654321,0.056105152276396425,0.19314198671149468,0.7507528610121089,0.056105152276396425,0.0,0.0,0.0,0.0,0.0
2016,84808,ALTO ALEGRE,25,9,16,0,30980.0,45864.069928422046,1834.562797136882,2131.835400159062,2131.835400159062,2131.835400159062,0.3742543576500963,0.32020658489347964,16.286614151849502,0.6514645660739801,0.9207127458015387,0.32924467398321494,0.5277777777777778,0.0,0.40219496449322145,0.1459005810200129,0.0,0.0,0.45190445448676564,0.0,0.0,0.0
2016,84816,NOVA HARTZ,103,11,92,0,411672.98000000004,609457.6611478982,5917.064671338817,4928.981098117765,8813.436872220094,4026.763189269198,0.4503468026763917,0.30136653612777803,60.18063053389993,0.584277966348543,0.9286119302299638,0.16570565306472143,0.7430830039525691,0.01765515434119577,0.40746419646001536,0.41220366223695315,0.01765515434119577,0.0,0.16267698696183552,0.0,0.0,0.0
2016,84824,DOIS LAJEADOS,33,9,24,1,19589.1,29000.511692538807,878.8033846223881,592.176500044184,740.2206250552299,548.5034831659253,0.49048455054550266,0.4243574232608951,14.766331123286804,0.4474645794935395,0.8731778344448818,0.39750677672787416,0.6898148148148149,0.0,0.025524398772786908,0.935899045897974,0.0,0.0,0.038576555329239225,0.0,0.0,0.0
2016,84832,SÃO DOMINGOS DO SUL,30,9,21,0,39263.270000000004,58126.964522224516,1937.5654840741506,2224.274151815959,2245.45926610504,2203.0890375268787,0.19147641888547007,0.1404610466728828,25.695570698259505,0.8565190232753168,0.9630959807783297,0.35826511648163795,0.6428571428571429,0.010187638472292296,0.24195641371694204,0.14084002682405206,0.010187638472292296,0.0,0.6070159209867135,0.0,0.0,0.0
2016,84840,TUNAS,19,9,10,1,48891.36,72380.78611800054,3809.515058842134,3849.517360599723,4812.914504109105,2572.266672066924,0.30661157394896077,0.22007998959325328,14.227930676358515,0.7488384566504481,0.9366558085081916,0.5420968040160878,0.7444444444444445,0.001300843339191219,0.15340133716877583,0.845297819492033,0.001300843339191219,0.0,0.0,0.0,0.0,0.0
2016,84859,SÃO JOÃO DA URTIGA,24,9,15,0,72643.34,107544.19708179915,4481.008211741631,4770.8181571622135,5448.023800406492,4071.2134378037645,0.21204675014483976,0.1917191582876008,20.82662062740384,0.86777585947516,0.9711427999220362,0.46773812988224395,0.762962962962963,0.007158261170260068,0.4624787351462639,0.475299456219937,0.007158261170260068,0.0,0.05506354746353899,0.0,0.0,0.0
2016,84867,GUABIJU,29,9,20,0,38858.02,57527.01570561724,1983.690196745422,1407.174212642493,1400.7046843795104,1410.4978032489912,0.26871708319424004,0.19259859354645456,23.216332986124876,0.8005632064180992,0.964377781968442,0.3304800398990994,0.4805555555555556,0.0007720413958302559,0.27563421913931796,0.7235937394648518,0.0007720413958302559,0.0,0.0,0.0,0.0,0.0
2016,84875,QUINZE DE NOVEMBRO,33,9,24,0,46427.89,68733.7635115909,2082.841318533058,1964.5455388965802,2393.8735014286135,1894.8907780788832,0.20354390301592273,0.20075303874459946,28.990461810832247,0.8784988427524923,0.9795605316732253,0.3214477332482696,0.6851851851851851,0.0,0.006461633298433334,0.9431376269737867,0.0,0.0,0.05040073972778,0.0,0.0,0.0
2016,84883,DOUTOR MAURÍCIO CARDOSO,30,9,21,0,80233.61,118781.1458892751,3959.371529642503,3770.0546765000436,3937.7368546938055,3540.7713378891863,0.1512601057503622,0.16250484055248168,27.760629584154472,0.9253543194718158,0.9886890253769414,0.31937251732783806,0.7142857142857143,0.049854418865111515,0.25193494347319034,0.6169603985162825,0.049854418865111515,0.0,0.08125023914541549,0.0,0.0,0.0
2016,84891,CAPELA DE SANTANA,58,9,49,0,53320.57000000001,78937.97130740227,1360.9995053000391,1113.0031340392943,2044.6522149400569,1067.5609898671537,0.30227240114158493,0.23612650802495178,43.47426526712846,0.7495562977091114,0.9637081068028471,0.23565033156997386,0.7097505668934241,0.035074456255812715,0.41559945814532734,0.4720478419491764,0.035074456255812715,0.0,0.07727824364968341,0.0,0.0,0.0
2016,84905,JAQUIRANA,40,9,31,0,31731.1,46976.02935138001,1174.4007337845003,748.1853989808242,1360.1553985389849,670.032905387493,0.41092102070208725,0.3621519581735269,17.554229761214973,0.4388557440303743,0.9012648104231323,0.4011030188048948,0.8387096774193548,0.07434441289460497,0.35832353747585177,0.4718462328756331,0.07434441289460497,0.0,0.09548581675391021,0.0,0.0,0.0
2016,84913,VANINI,25,9,16,0,19251.309999999998,28500.433442663994,1140.0173377065598,994.1162994491738,1332.3971250994139,950.4432825709152,0.17697879261203542,0.2057735291780144,22.431662525434845,0.8972665010173938,0.9838508330962569,0.4405419683128058,0.7673611111111112,0.0,0.2627613393582047,0.7372386606417954,0.0,0.0,0.0,0.0,0.0,0.0
2016,84921,BOQUEIRÃO DO LEÃO,33,9,24,0,62513.5,92547.56408878023,2804.4716390539465,1936.6688301570002,4564.452049103066,1652.2094461545257,0.4029127575110443,0.3459412766842362,18.246752215474835,0.5529318853174192,0.9163313588922026,0.5171204619802122,0.9212962962962963,0.08269189854991323,0.08155038511681477,0.699627120541963,0.08269189854991323,0.0,0.13613059579130907,0.0,0.0,0.0
2016,84930,FAGUNDES VARELA,16,9,7,0,29852.25,44194.502308609975,2762.1563942881235,3197.753100238593,3345.7972252496393,3197.753100238593,0.24949804872329562,0.21405421701881772,13.342757599917164,0.8339223499948227,0.9627899028276116,0.591287088912896,0.6031746031746033,0.02977999983250844,0.3349831252250668,0.6352368749424248,0.02977999983250844,0.0,0.0,0.0,0.0,0.0
2016,84948,ÁGUA SANTA,26,9,17,0,68633.31,101607.58325561872,3907.9839713699507,4108.224469056526,4382.106100326961,4022.3588765501195,0.14521614941782657,0.16521569482806528,23.84303543511542,0.9170398244275162,0.9833340003743084,0.4124194214150534,0.7712418300653595,0.03931035819196248,0.21855276978481733,0.7421368720232202,0.03931035819196248,0.0,0.0,0.0,0.0,0.0
2016,84956,SILVEIRA MARTINS,25,9,16,0,83270.28,123276.75742024802,4931.07029680992,5359.197325399865,5576.081968541047,5294.428020707532,0.18407777660889324,0.17422926883397052,21.866599039879926,0.874663961595197,0.9694063009819205,0.406827742142815,0.704861111111111,0.0,0.35131718063155304,0.648682819368447,0.0,0.0,0.0,0.0,0.0,0.0
2016,84964,IBIRAPUITÃ,34,9,25,0,87962.83,130223.80200845384,3830.1118237780543,3496.802232760906,3911.3257827918346,3352.5776461751448,0.15904815905161973,0.1998230388904041,30.507988290233918,0.8972937732421741,0.9863289593094472,0.2839659660790814,0.7288888888888889,0.046837965536124744,0.6400317043005551,0.31313033016332015,0.046837965536124744,0.0,0.0,0.0,0.0,0.0
2016,84972,IBARAMA,28,9,19,0,41240.1,61053.545198680375,2180.4837570957275,1833.5264882618044,3045.2676514772156,1630.4839708091547,0.2825966543658789,0.22796743945819722,21.795157816512283,0.7783984934468673,0.9596266993605079,0.47248673014856896,0.8801169590643275,0.0256400930162633,0.08996098457569211,0.8843989224080445,0.0256400930162633,0.0,0.0,0.0,0.0,0.0
2016,84980,PANTANO GRANDE,48,9,39,0,224310.48,332078.4874240773,6918.301821334943,4588.62765471737,10191.357565760405,2456.052033933253,0.5750265361356874,0.3816925985803249,20.589991099626328,0.4289581479088818,0.8475043142558814,0.3613280128507594,0.7521367521367521,0.030872387237546813,0.35691154510480294,0.6072006978898178,0.030872387237546813,0.0,0.0,0.0,0.0,0.005015369767832515
2016,84999,IPÊ,22,9,13,0,92532.4,136988.78193172108,6226.762815078231,5621.272437700669,6479.891351733482,5450.984682906713,0.19727987169899408,0.2243868093770399,19.315007828398237,0.877954901290829,0.9756072015365579,0.4824490664891433,0.7094017094017093,0.04120902516307802,0.44625244779126017,0.3859450311458473,0.04120902516307802,0.0,0.12659349589981456,0.0,0.0,0.0
2016,85006,TRINDADE DO SUL,25,9,16,0,66994.17,99180.93278491267,3967.237311396507,3434.6237002562666,4690.7781009749915,1985.6418267106542,0.37527323944755175,0.2823977071437708,17.16073139528116,0.6864292558112465,0.929932530130893,0.5018447127563488,0.8125,0.03465585139721859,0.10941250559563616,0.8410049710295687,0.03465585139721859,0.0,0.014926671977576557,0.0,0.0,0.0
2016,85014,AGUDO,36,9,27,0,84328.20999999999,124842.96063197739,3467.8600175549273,3159.261627735721,3949.8172552947067,2923.8714689681583,0.33773123885036016,0.26124116710173256,25.500975700978756,0.7083604361382988,0.9464041171574757,0.3259170329833872,0.691358024691358,0.12323278295602386,0.17665915119033124,0.6853383938779205,0.12323278295602386,0.0,0.014769671975724376,0.0,0.0,0.0
2016,85022,ERNESTINA,30,9,21,0,56771.72,84047.19612772099,2801.5732042573663,2735.1596228165777,2740.3707760169664,2731.4881285163037,0.12642147651448088,0.1458708666920784,28.470205861486935,0.9490068620495645,0.9920593207476944,0.3259471441062557,0.6164021164021164,0.01025492974318904,0.30219271144154164,0.6860873688519565,0.01025492974318904,0.0,0.0014649899633127198,0.0,0.0,0.0
2016,85030,AJURICABA,34,9,25,0,51468.37,76195.89802394768,2241.055824233755,1556.6839744911485,3233.283690241244,1112.9513185955404,0.3775388251303955,0.28374902877242864,22.7289096971855,0.6684973440348676,0.9355203184482279,0.38454025258620006,0.8088888888888889,0.10134787637533499,0.29347403074937095,0.5389238089335255,0.10134787637533499,0.0,0.06625428394176851,0.0,0.0,0.0
2016,85049,DEZESSEIS DE NOVEMBRO,22,9,13,0,34239.0,50688.82796253203,2304.0376346605467,2627.783218946066,3168.144275236384,1786.892588883325,0.2677050890929804,0.2152224071964719,17.842786880078506,0.8110357672762958,0.9555293821837181,0.5345658459651276,0.8076923076923076,0.03504775256286691,0.11580361575980606,0.849148631677327,0.03504775256286691,0.0,0.0,0.0,0.0,0.0
2016,85057,ALECRIM,24,9,15,0,49800.83,73727.20302173849,3071.966792572437,3516.047969012342,4081.576526554538,1850.5515626380748,0.3412670782796192,0.23758640167242193,17.490701040582067,0.7287792100242528,0.9261866118492682,0.5147102969970581,0.7555555555555556,0.0,0.4337277109638534,0.54418430375558,0.0,0.0,0.02208798528056661,0.0,0.0,0.0
2016,85065,BROCHIER,39,9,30,0,140613.9,208170.6178989072,5337.708151254031,4388.24993151492,4835.624472885799,4315.848952178268,0.21088559997743195,0.21143002220975307,32.16495724944093,0.8247424935754085,0.9758314181300347,0.21581671513271444,0.512962962962963,0.0,0.44305719420341805,0.5326429321710016,0.0,0.0,0.024299873625580403,0.0,0.0,0.0
2016,85073,ALEGRETE,106,15,91,9,644081.82,953525.2947742201,8995.521648813397,4349.7806656307985,26321.001856313884,2968.284706471472,0.6286038000927292,0.45896872232785574,36.51734403132714,0.34450324557855794,0.8485671494180064,0.42888586732660766,0.9172161172161172,0.017886174772018874,0.39307979535891885,0.5890340298690623,0.017886174772018874,0.0,0.0,0.0,0.0,0.0
2016,85081,EREBANGO,30,9,21,0,76181.82,112782.70883649001,3759.4236278830003,3618.213219682465,5522.78608353707,2176.988858287431,0.3442111779424537,0.20778973251098493,21.59912337923697,0.719970779307899,0.9410989698749187,0.37830285493310617,0.6798941798941799,0.02107458183592883,0.30125297610374757,0.6776724420603235,0.02107458183592883,0.0,0.0,0.0,0.0,0.0
2016,85090,ALPESTRE,26,9,17,0,66800.09,98893.60874709123,3803.6003364265857,3248.3841909923713,4872.576286488556,2618.0123066953374,0.2859943809149863,0.24347272586009985,20.169922577850777,0.7757662529942606,0.9595531607010409,0.46685865243594726,0.7581699346405228,0.04914364636335071,0.3865074133882155,0.480816118660918,0.04914364636335071,0.0,0.08353282158751583,0.0,0.0,0.0
2016,85103,ENTRE-IJUÍS,36,9,27,0,141418.73,209362.1214302336,5815.614484173155,4690.037880349937,8260.862175616365,4118.587557807299,0.36259446797935935,0.2996950969648787,23.042181412044737,0.6400605947790204,0.9358130929814374,0.45393916350401387,0.9094650205761317,0.0638380785911456,0.31005793928428005,0.6067288965188699,0.0638380785911456,0.0,0.01937508560570442,0.0,0.0,0.0
2016,85111,ALVORADA,281,17,264,34,885646.1699999999,1311147.123070341,4666.003996691606,1677.7100466876786,23124.32947818787,1450.8324251082506,0.6656420755528931,0.5370670320857369,74.91208588743008,0.2665910529801782,0.8498886003763492,0.3093809348263765,0.9688057040998218,0.05946196323527262,0.4224911964560294,0.44197311890368135,0.05946196323527262,0.0,0.07607372140501663,0.0,0.0,0.0
2016,85120,NOVA ESPERANÇA DO SUL,25,9,16,0,88752.17,131392.37350481603,5255.694940192641,6291.875312969454,6291.875312969454,5006.11208724852,0.2753855821215412,0.2108474643493224,20.122927326055514,0.8049170930422206,0.9609295689186146,0.3829211161822861,0.5833333333333334,0.0,0.23980822102715912,0.7466724475581837,0.0,0.0,0.013519331414657243,0.0,0.0,0.0
2016,85138,ANTA GORDA,18,9,9,0,46191.479999999996,68383.7723956523,3799.0984664251278,3515.862913856078,4278.475212819229,3034.9045627264427,0.1924721471001436,0.18626811697741663,16.08613570925704,0.8936742060698355,0.9798668939802604,0.5547014297874847,0.7407407407407407,0.018239294346056895,0.30728610557617986,0.6519596254547376,0.018239294346056895,0.0,0.02251497462302572,0.0,0.0,0.0
2016,85146,PAVERAMA,50,9,41,0,73642.72,109023.72045833456,2180.474409166691,2062.9948820289255,2605.5766001944094,1925.8468046186927,0.17704901176925558,0.1724834443920594,45.009751042734386,0.9001950208546877,0.9869193080512636,0.23407093056856126,0.8075880758807588,0.0,0.005119311182422376,0.9926469310204729,0.0,0.0,0.002233757797104724,0.0,0.0,0.0
2016,85154,ANTÔNIO PRADO,38,9,29,2,61694.56,91335.17153141474,2403.557145563546,2315.2176578102444,2863.173377713629,2230.1515035788975,0.23671942106914723,0.17398535624534808,32.23356121654174,0.8482516109616247,0.9684940518268241,0.25903920864335533,0.603448275862069,0.0029175992178240677,0.2472070471043152,0.6526363102354568,0.0029175992178240677,0.0,0.09723904344240401,0.0,0.0,0.0
2016,85162,TERRA DE AREIA,30,9,21,0,87467.73000000001,129490.83554552415,4316.361184850805,3046.4964177148076,6313.830256708592,2732.64287269139,0.3803890608189635,0.2669059777817488,18.41793715393956,0.613931238464652,0.9256914055710617,0.3861917989640294,0.7724867724867726,0.08002951488508961,0.40955675881836645,0.36193656792053475,0.08002951488508961,0.0,0.14847715837600906,0.0,0.0,0.0
2016,85170,ARATIBA,43,9,34,0,112009.32999999999,165823.23252923504,3856.3542448659314,3554.539441515214,6336.288550472768,3146.8925410910483,0.3505466952183023,0.22630409448927155,30.91436038875903,0.7189386136920705,0.9423547849615793,0.3479061967427177,0.8888888888888888,0.011405299897785302,0.31614830657410414,0.6706325267725467,0.011405299897785302,0.0,0.0018138667555640234,0.0,0.0,0.0
2016,85189,HARMONIA,30,9,21,0,80108.20000000001,118595.48375209873,3953.1827917366245,4037.1632890512237,4272.553447818787,3960.18034404548,0.11443865505237483,0.13962990055949331,28.351550831087746,0.9450516943695916,0.9902052167747651,0.34477906131956537,0.8042328042328042,0.0,0.13032373714551068,0.8696762628544892,0.0,0.0,0.0,0.0,0.0,0.0
2016,85197,ARROIO DO MEIO,52,11,41,0,178891.66999999998,264838.6075691478,5093.0501455605345,4797.295848920439,7288.952494918849,4380.625659076851,0.2466971459491485,0.2261114785277593,42.745768508361024,0.8220340097761736,0.974645907171489,0.3082753378063943,0.8403547671840355,0.09200629632447392,0.09477802963100519,0.788619783134676,0.09200629632447392,0.0,0.02459589090984505,0.0,0.0,0.0
2016,85200,CAMPOS BORGES,35,9,26,0,74217.15,109874.1303256355,3139.2608664467284,2709.2074877021414,2857.2516127131876,2596.8864100562605,0.21086805793154673,0.20027177006931687,30.461218696643453,0.8703205341898129,0.9802425498415969,0.29667805891225957,0.6901709401709402,0.030302969057690848,0.557822551795643,0.41187447914666625,0.030302969057690848,0.0,0.0,0.0,0.0,0.0
2016,85219,ARROIO DOS RATOS,53,9,44,1,106349.34,157443.94985802236,2970.6405633589125,1581.111255117971,3775.1251877816726,1502.6478688621166,0.49646785825472706,0.4030313681307284,24.938132568633435,0.47053080318176294,0.8914984811189747,0.3002886524730665,0.7588383838383838,0.06507017344912532,0.30827647825553034,0.6249232012159173,0.06507017344912532,0.0,0.0017301470794271032,0.0,0.0,0.0
2016,85227,CERRO GRANDE,29,9,20,0,65484.91,96946.56202377098,3342.9848973714134,2798.033962708769,3627.0810627706264,2712.4274474211315,0.26046656634593224,0.18366475574296426,23.810229033071913,0.8210423804507556,0.9683336900455871,0.3758508639623998,0.7027777777777778,0.006070100730076593,0.38054568602140554,0.6048326247985987,0.006070100730076593,0.0,0.008551588449919226,0.0,0.0,0.0
2016,85235,ARROIO DO TIGRE,35,9,26,0,140289.18,207689.8890161713,5933.9968290334655,4653.322937347197,9285.371933930306,4524.228460337565,0.344429120315215,0.26671329891585366,23.698202619479154,0.6770915034136902,0.9421173177781748,0.3819525497262155,0.6965811965811965,0.028206380563347795,0.16362630389599542,0.8081673155406569,0.028206380563347795,0.0,0.0,0.0,0.0,0.0
2016,85243,IPIRANGA DO SUL,25,9,16,0,68920.02,102032.04056643789,4081.2816226575155,2568.5063512916436,3514.9968557247635,2431.9134393502018,0.3110464680654472,0.22556276100906525,18.41947791244002,0.7367791164976008,0.947530253017693,0.4365203318281103,0.7152777777777778,0.05314856263825808,0.5037505792946665,0.44310085806707533,0.05314856263825808,0.0,0.0,0.0,0.0,0.0
2016,85251,ARROIO GRANDE,67,9,58,7,140805.71999999997,208454.59613950338,3111.2626289478117,1287.9838875961,8740.229052402134,962.2868125717989,0.6237052229488591,0.4400223229567662,22.739130358751645,0.33939000535450214,0.8329991309592205,0.35508351507310926,0.8869731800766284,0.06133394296765786,0.24893811132104585,0.6648948636461645,0.06133394296765786,0.0,0.024833082065132017,0.0,0.0,0.0
2016,85260,LAGOÃO,30,9,21,0,57869.11,85671.81755117972,2855.7272517059905,3012.712748387287,4989.08701287225,1732.131067041739,0.3774061440838934,0.22970735164235287,20.683850204760404,0.6894616734920135,0.9291790073532725,0.4855087627924466,0.8624338624338624,0.011923805290940191,0.19691680069038558,0.7911593940186742,0.011923805290940191,0.0,0.0,0.0,0.0,0.0
2016,85278,ARVOREZINHA,36,9,27,0,90283.85999999999,133659.95056319775,3712.776404533271,3253.4324956552477,4578.264565966597,2812.8383752098734,0.30539186812201735,0.24793844658391873,27.010052898313454,0.7502792471753738,0.9572790983799117,0.37166975359715454,0.8004115226337448,0.08284769835937456,0.19538375962215176,0.5288892167437238,0.08284769835937456,0.0,0.19287932527475013,0.0,0.0,0.0
2016,85286,ESTAÇÃO,34,9,25,0,59209.0,87655.44597779022,2578.1013522879475,2775.827343957112,3179.987805237268,2390.9126189283925,0.23663681892558075,0.20875204783056628,28.51981196300246,0.8388179989118371,0.9685672680222935,0.330777415595602,0.7911111111111111,0.004171663091759699,0.35021702781671704,0.6456113090915232,0.004171663091759699,0.0,0.0,0.0,0.0,0.0
2016,85294,AUGUSTO PESTANA,30,9,21,0,84699.56,125392.7224902059,4179.757416340197,3549.2098530148164,5381.4039441515215,2390.9126189283925,0.3472069591231248,0.23976370125181287,21.163138562596398,0.7054379520865466,0.9432589660977482,0.42533054481038624,0.8253968253968254,0.06341001063051567,0.201181682643924,0.7354083067255602,0.06341001063051567,0.0,0.0,0.0,0.0,0.0
2016,85308,ARROIO DO SAL,71,9,62,4,128492.14000000001,190225.06437096823,2679.2262587460314,1850.5515626380748,1932.7160520192053,1676.9698260626233,0.5103909803025666,0.3065168032846211,38.26913031930508,0.5390018354831702,0.8950160616981923,0.17255141053764064,0.6478494623655914,0.0,0.5683616134029676,0.30174211434255815,0.0,0.0,0.1298962722544741,0.0,0.0,0.0
2016,85316,BAGÉ,188,17,171,30,580949.88,860062.1665987215,4574.798758503838,1724.7140563786857,14064.191876049368,1332.3971250994139,0.6975375888030788,0.5256681523025705,48.20956471855764,0.2564338548859449,0.8234116889274805,0.307356961671117,0.8981768145854833,0.0875245038349952,0.4515728620169437,0.44868722582402465,0.0875245038349952,0.0,0.01221540832403649,0.0,0.0,0.0
2016,85324,SÃO JOSÉ DO HORTÊNCIO,22,9,13,0,22810.04,33768.92413266959,1534.951096939527,1504.8685307372825,1628.4853751215057,977.0912250729035,0.363475987687081,0.331127871761733,13.935018279062067,0.6334099217755486,0.92274273346405,0.44953888726192504,0.7136752136752136,0.007628219854064262,0.23366903346070414,0.7587027466852316,0.007628219854064262,0.0,0.0,0.0,0.0,0.0
2016,85332,BARÃO DE COTEGIPE,40,9,31,0,48902.4,72397.13018940174,1809.9282547350435,1406.4191876049367,1110.3309375828449,1406.4191876049367,0.34618770244405184,0.2279759275618375,28.18722810213433,0.7046807025533582,0.9477577752651298,0.2096743718099726,0.4659498207885304,0.019221960476377437,0.11392078916372202,0.8464083562360948,0.019221960476377437,0.0,0.020448894123805784,0.0,0.0,0.0
2016,85340,PINHAL,13,9,4,0,42014.3,62199.70281451589,4784.59252419353,4470.932575333589,4470.932575333589,5352.683383899378,0.16691771061830774,0.23809988503914142,11.922613507152914,0.9171241159348396,0.9829987292084171,0.6491718295913536,0.33333333333333337,0.032457996444067855,0.3032300907072116,0.6643119128487205,0.032457996444067855,0.0,0.0,0.0,0.0,0.0
2016,85359,BARRACÃO,25,9,16,0,71736.58,106201.79217384901,4248.07168695396,2754.2129017054995,6439.9194379805,2390.9126189283925,0.40393226440401797,0.27769626040159706,16.32772928321113,0.6531091713284453,0.9175103999399316,0.46892227089721866,0.7083333333333333,0.07248742552265525,0.32428518337506473,0.5513710020745343,0.07248742552265525,0.0,0.05185638902774568,0.0,0.0,0.0
2016,85367,TRÊS CACHOEIRAS,31,9,22,2,48972.189999999995,72500.45018424695,2338.724199491837,2072.6177501546435,3108.9266252319658,1539.2887898023505,0.38408822007597765,0.3035845446160362,20.82860415035398,0.6718904564630316,0.9255582497088477,0.4481868178654049,0.8333333333333334,0.038144097701164684,0.18230755046894984,0.7226793410709222,0.038144097701164684,0.0,0.05686901075896341,0.0,0.0,0.0
2016,85375,BARRA DO RIBEIRO,67,9,58,7,120959.54999999999,179073.50741479863,2672.7389166387857,1364.9668326018439,8298.613427494183,1161.036050399128,0.542694711246045,0.3834324780474134,30.585595887509232,0.4565014311568542,0.8783227410245262,0.3640500481359265,0.8984674329501915,0.012983679254759134,0.4404335994966913,0.5191024602852773,0.012983679254759134,0.0,0.027480260963272437,0.0,0.0,0.0
2016,85383,SÃO VENDELINO,23,9,14,0,69268.45,102547.87071121388,4458.603074400604,4488.697870334914,4648.5855253468435,4182.246531562048,0.12107620236291172,0.16962109012111573,21.896098773867056,0.9520042945159589,0.9909230705793195,0.43751159438387893,0.8015873015873016,0.0,0.21712612307623458,0.778975998452398,0.0,0.0,0.0038978784713675566,0.0,0.0,0.0
2016,85391,BARROS CASSAL,35,9,26,0,113898.34000000001,168619.80085510618,4817.7085958601765,4003.1131402986834,7485.081351733482,2984.5621580164366,0.3517583085808931,0.23422588950813508,25.298166661681925,0.7228047617623408,0.9442446260410022,0.3531238471078683,0.7649572649572649,0.06637190673718334,0.19406252979630784,0.7193721172758093,0.06637190673718334,0.0,0.02019344619069953,0.0,0.0,0.0
2016,85405,PROTÁSIO ALVES,16,9,7,0,35847.71,53070.42860599724,3316.9017878748273,1704.239553889658,1682.0329351380012,5670.089987923061,0.3440035465305875,0.25831496628375983,10.941869567561463,0.6838668479725915,0.9208477068115163,0.4354308824747801,0.3253968253968254,0.09299366682000049,0.48036541246288816,0.3640399902811086,0.09299366682000049,0.0,0.06260093043600275,0.0,0.0,0.0
2016,85413,BENTO GONÇALVES,170,17,153,0,447100.82999999996,661906.5116906241,3893.5677158272,2158.202058823529,6391.745879701906,1957.8243356210787,0.5766768331982428,0.4342768721766856,54.9835305434262,0.3234325326083894,0.8791801323416967,0.23278429163282924,0.8585159554017685,0.06072216417044004,0.2360208546246716,0.6720397052271185,0.06072216417044004,0.0,0.031201015663513756,0.0,0.0,1.6260314256182437e-05
2016,85421,POUSO NOVO,28,9,19,0,71685.21999999999,106125.75671124333,3790.205596830119,4293.279625320333,4426.519337830275,4071.2134378037645,0.17024085100307773,0.14777104680713823,25.42313119444066,0.9079689712300236,0.982569502590251,0.37508903508979957,0.6403508771929824,0.0029294741649673398,0.25737523020784486,0.731573398254201,0.0029294741649673398,0.0,0.00812189737298707,0.0,0.0,0.0
2016,85430,BOA VISTA DO BURICÁ,19,9,10,0,36947.99,54699.32850466877,2878.9120265615143,2879.458231464844,3084.5733666676488,2521.1174268756076,0.23010823706797767,0.20135060120997111,16.01722617634583,0.8430119040182016,0.9707809745844309,0.5316454291559568,0.6111111111111112,0.09945060610874909,0.06766267935008102,0.7598110208430824,0.09945060610874909,0.0,0.0730756936980875,0.0,0.0,0.0
2016,85448,EUGÊNIO DE CASTRO,23,9,14,0,57204.99,84688.62690815635,3682.114213398102,3793.6307034080533,3997.1913752982414,3710.35588308934,0.15208759874300104,0.17870818612152542,21.280874603020546,0.9252554175226324,0.9848489438335166,0.4404336055298672,0.6587301587301587,0.0482825012293508,0.3092385821586544,0.5332227136129208,0.0482825012293508,0.0,0.10925620299907404,0.0,0.0,0.0
2016,85456,BOM JESUS,34,9,25,0,54698.17,80977.42717355446,2381.689034516308,1456.7541901086925,2463.4542401838053,1071.8394650799728,0.5206518469501649,0.440142695815966,14.74493151764683,0.43367445640137736,0.8631927712040854,0.43096816584540204,0.7511111111111111,0.06768050923824326,0.3903238444723105,0.5044958542488716,0.06768050923824326,0.0,0.037499792040574666,0.0,0.0,0.0
2016,85464,CRISTAL,50,9,41,0,109828.53,162594.68625099416,3251.8937250198833,2734.3675867477687,3834.9646231111374,2464.9346814339156,0.3799886331903011,0.25182728021580547,33.81157071006496,0.6762314142012993,0.9398745730644856,0.24027836847128883,0.7127371273712737,0.010651603913846432,0.27105889517049897,0.6395423848429912,0.010651603913846432,0.0,0.07874711607266345,0.0,0.0,0.0
2016,85472,BOM RETIRO DO SUL,55,9,46,0,145171.54,214917.9361580606,3907.598839237465,3952.7781377949277,4487.957649709859,3213.667843677281,0.36003495651357764,0.2668428674105131,35.98523424883543,0.6542769863424625,0.9406451847733722,0.26847045915473516,0.748792270531401,0.02343503416716527,0.3132058115523194,0.6633591542805153,0.02343503416716527,0.0,0.0,0.0,0.0,0.0
2016,85480,SÃO MIGUEL DAS MISSÕES,34,9,25,1,165433.84999999998,244915.09570458627,7203.385167781949,4430.642366711832,6096.146175292351,4325.12391661021,0.5020877297872872,0.46374136852887127,13.726114518322284,0.4037092505388907,0.8601369457033757,0.2231460490099215,0.6399999999999999,0.0034902772316548285,0.1624093255400875,0.768401569569952,0.0034902772316548285,0.0,0.06569882765830574,0.0,0.0,0.0
2016,85499,BOSSOROCA,31,9,22,1,86536.27,128111.86373869627,4132.640765764396,3182.9486877374884,5773.720875430793,2111.1092226575156,0.44615779733634464,0.29974136856141365,18.880947586045803,0.6090628253563162,0.9009744702536402,0.4433632279274344,0.8383838383838383,0.017882675091034084,0.16045295227076461,0.8216643726382014,0.017882675091034084,0.0,0.0,0.0,0.0,0.0
2016,85502,GLORINHA,42,9,33,0,98119.13,145259.60747695074,3458.5620827845414,3356.1603140004127,4233.32175469086,2522.6718901882236,0.41284483415599915,0.29174759295154773,26.950905900728213,0.6416882357316241,0.924618822704989,0.2834972140499003,0.7104377104377104,0.033387984585676614,0.35125668154619794,0.5006186866923912,0.033387984585676614,0.0,0.11473664717573423,0.0,0.0,0.0
2016,85510,BRAGA,19,9,10,0,67667.22,100177.34376829953,5272.491777278922,5047.120309876579,6962.88530958202,4506.611209461251,0.2856350300936352,0.23489955697899215,14.796589052985219,0.7787678448939589,0.9544874695954912,0.6096662460789728,0.8222222222222223,0.020939976549945453,0.5178644844579103,0.4611955389921442,0.020939976549945453,0.0,0.0,0.0,0.0,0.0
2016,85529,SEGREDO,31,9,22,1,44924.83,66508.57148619989,2145.4377898774155,1782.9842239830336,2687.0008689504843,1624.7842719962296,0.44658681566949854,0.3761550127179112,17.178546943710902,0.5541466756035774,0.8982309815317996,0.3916106082093132,0.7853535353535354,0.09185922350735662,0.09571544288537095,0.7075835345398079,0.09185922350735662,0.0,0.10484179906746446,0.0,0.0,0.0
2016,85537,BUTIÁ,72,9,63,1,168278.58999999997,249126.5661464255,3460.0911964781317,2024.503409526054,8590.260353765943,1788.8615757459718,0.4951229213611388,0.3614582817695347,36.269848337731126,0.5037478935795989,0.9040983284182953,0.2833833466277558,0.892416225749559,0.049189085789226074,0.36905170170489315,0.4645926733757397,0.049189085789226074,0.0,0.11716653913014129,0.0,0.0,0.0
2016,85545,ALEGRIA,29,9,20,0,102341.55,151510.65222024213,5224.505248973866,5015.2908229992045,6117.775421956463,4538.514718401131,0.1591021437529525,0.16094362455913555,26.822087671512012,0.9248995748797245,0.9880577946169952,0.35416915221627965,0.7111111111111111,0.05997564039239194,0.2341005192905521,0.705923840317056,0.05997564039239194,0.0,0.0,0.0,0.0,0.0
2016,85553,CAÇAPAVA DO SUL,75,11,64,5,213883.01,316641.2307017879,4221.883076023839,1749.8815576305635,11392.942902000059,1323.514477598751,0.6044807891317157,0.4381158185495894,28.203749948557004,0.3760499993140934,0.8515018415111318,0.4117035757071121,0.9176136363636364,0.06562699861012802,0.1945732856480746,0.7397997157417973,0.06562699861012802,0.0,0.0,0.0,0.0,0.0
2016,85561,SALDANHA MARINHO,21,9,12,0,48558.46000000001,71887.94722583875,3423.2355821827978,3544.1763527644407,3701.1031252761495,3536.418840613862,0.1522395106944534,0.21295568269669182,19.437055559767987,0.9255740742746661,0.9870171883842059,0.4681958612361265,0.6388888888888888,0.0026771853967362223,0.40247404880632537,0.5924189111433928,0.0026771853967362223,0.0,0.0,0.0,0.0,0.0024298546535454373
2016,85570,CACEQUI,39,9,30,5,49484.89,73259.47241317859,1878.4480105943228,1084.452824530914,3883.197399039736,1007.5513037939261,0.5244141476369129,0.3617498189851488,18.139650509490934,0.4651192438331009,0.8662823631396497,0.5593952012422377,0.9407407407407407,0.07451365457213303,0.1933115340864656,0.728880876566564,0.07451365457213303,0.0,0.0,0.0,0.0,0.0032939347748373294
2016,85588,SÃO JOSÉ DO HERVAL,15,9,6,0,28720.54,42519.07214144747,2834.604809429831,2549.8675959527523,4145.235500309287,1184.353000088368,0.3241412591824526,0.261137151320971,11.29284424098381,0.7528562827322539,0.9376412032066046,0.7898716389037252,0.9166666666666666,0.0,0.18854102325374106,0.5462710659339971,0.0,0.0,0.2651879108122619,0.0,0.0,0.0
2016,85596,CACHOEIRA DO SUL,161,15,146,15,326100.41000000003,482772.49864193343,2998.586948086543,1764.58233924416,5225.957612889923,1469.3379407346315,0.5925545066859617,0.4404290690710877,60.4302619239509,0.3753432417636702,0.876808335014665,0.2067470874998287,0.8187214611872146,0.16118697918840394,0.27820029419772885,0.5116523465885859,0.16118697918840394,0.0,0.0482857411924137,0.0,0.0,0.0006746388328674593
2016,85600,VISTA ALEGRE,22,9,13,0,32786.0,48537.74682612154,2206.2612193691607,1976.3890688974639,2038.567601402103,1939.3780376447023,0.21834430438712737,0.2578539620569755,18.533475685379862,0.8424307129718119,0.973139094775108,0.4116391142560849,0.6239316239316239,0.05276642469346672,0.21100469712682243,0.7205819557128043,0.05276642469346672,0.0,0.007747209174647715,0.0,0.0,0.007899713292258892
2016,85618,CACHOEIRINHA,197,17,180,6,708479.36,1048862.0693958583,5324.172941095728,1702.5074376270288,21102.80175557454,999.2978438245603,0.7215259316147291,0.5575443439876641,46.80378253984436,0.2375826524865196,0.8108410908930859,0.3872002707319519,0.9552287581699346,0.01685436538334723,0.49481970794463226,0.45689906901451594,0.01685436538334723,0.0,0.031243366073501425,0.0,0.0,0.0001834915840032376
2016,85626,IVORÁ,20,9,11,0,23252.17,34423.47162258093,1721.1735811290466,1236.168443842234,1314.6318300980884,956.3650475713571,0.3549350662755346,0.34465600414929015,11.138102201726154,0.5569051100863077,0.9119198729376602,0.5526365926276988,0.7424242424242424,0.28212420604184474,0.1206123987567612,0.5936865247415618,0.28212420604184474,0.0,0.0035768704598323517,0.0,0.0,0.0
2016,85634,CACIQUE DOBLE,19,9,10,0,74601.62,110443.31557306548,5812.80608279292,5995.787062947362,5773.720875430793,6595.365769242098,0.11541538557530107,0.13538579993303093,18.19021408243469,0.9573796885491942,0.9917382203133824,0.4788870536591564,0.4722222222222222,0.0,0.26071819888093584,0.5001314984848855,0.0,0.0,0.23915030263417875,0.0,0.0,0.0
2016,85642,VILA MARIA,28,9,19,0,85472.39,126536.85190152875,4519.173282197456,4234.12859517217,4745.8357110666,3982.3869627971367,0.22453113221708199,0.17277801638634419,24.268574135830185,0.8667347905653637,0.9761929652486498,0.3276063767492638,0.5087719298245614,0.0017842018925643707,0.3473981481037327,0.5668022153118685,0.0017842018925643707,0.0,0.08401543469183441,0.0,0.0,0.0
2016,85650,CAIBATÉ,23,9,14,0,65758.64,97351.80320716367,4232.687095963638,3869.873427788742,4219.257562814811,3109.030256119473,0.2377320402638181,0.2530465958541722,19.167674054293634,0.8333771327953754,0.9707734929928371,0.4280655743488613,0.6666666666666666,0.018806806223486374,0.1765232675128318,0.7199662280120148,0.018806806223486374,0.0,0.084703698251667,0.0,0.0,0.0
2016,85669,TAQUARUÇU DO SUL,30,9,21,0,50536.020000000004,74815.60862440719,2493.853620813573,2872.0560252142923,3034.9045627264427,2220.6618751656897,0.29346100728417746,0.18361200585245932,23.204323881394767,0.7734774627131589,0.9496761890142511,0.41255761731929036,0.7433862433862434,0.05231951388336477,0.39971489642437213,0.547965589692263,0.05231951388336477,0.0,0.0,0.0,0.0,0.0
2016,85677,CAIÇARA,42,9,33,2,86832.28000000001,128550.08915314148,3060.7164084081305,3150.6676662788304,4376.139922089016,2886.8604377153965,0.2843926683662321,0.20952208095883237,33.450064077868795,0.7964300970921142,0.9557228806269366,0.28544476777530203,0.7239057239057238,0.051193173782837435,0.26775756665608685,0.6464998961215804,0.051193173782837435,0.0,0.03454936343949508,0.0,0.0,0.0
2016,85685,IMBÉ,97,9,88,19,157543.89,233234.47345886476,2404.479107823348,962.2868125717989,6839.638575510325,795.9148248843853,0.627115155217558,0.39297588754473434,38.02787199888339,0.39203991751426176,0.8446716555497039,0.25986878957984344,0.8977272727272727,0.0,0.3347606816106927,0.6114067006978182,0.0,0.0,0.05383261769148901,0.0,0.0,0.0
2016,85693,CAMAQUÃ,168,15,153,3,623838.23,923555.8490878966,5497.356244570813,3393.9485769094817,12287.780811216826,2857.2516127131876,0.567024966724375,0.37640033699121,72.06512144604507,0.42895905622645875,0.8926974576916112,0.20138361831399781,0.8657952069716776,0.029938851294830073,0.27759638905105255,0.624732296383952,0.029938851294830073,0.0,0.06773246327016541,0.0,0.0,0.0
2016,85707,SEDE NOVA,22,9,13,0,36726.0,54370.685351556756,2471.3947887071254,2231.765184541518,3034.9045627264427,2005.997893899673,0.18081072116360475,0.2107498774710014,19.938767423816067,0.9063076101734576,0.983528960908531,0.4852148341774219,0.7777777777777777,0.0,0.35941839568697925,0.5180526057833688,0.0,0.0,0.12252899852965202,0.0,0.0,0.0
2016,85715,CAMBARÁ DO SUL,48,9,39,0,112554.54999999999,166630.39870762028,3471.4666397420892,3120.1557721140534,4922.467156617279,2923.8714689681583,0.20975058501263022,0.20067540583654764,40.08699275242725,0.8351456823422344,0.9779740840592357,0.25501510156630713,0.8746438746438746,0.013002228697107316,0.3452305570943156,0.6417672142085772,0.013002228697107316,0.0,0.0,0.0,0.0,0.0
2016,85723,TUPANDI,32,9,23,0,131462.02000000002,194621.79723084628,6081.931163463946,5231.8793778903655,5191.2708743998355,5413.233431028896,0.14275905029452618,0.20588782980818335,29.539647883071343,0.9231139963459795,0.9892283055720139,0.2758387555584495,0.47342995169082125,0.018452097419467614,0.36629590812616447,0.6152519944543677,0.018452097419467614,0.0,0.0,0.0,0.0,0.0
2016,85731,CAMPINA DAS MISSÕES,30,9,21,0,52166.89,77230.01584597483,2574.3338615324947,2187.4777845444637,3108.9266252319658,1646.9908907478866,0.37545359390474164,0.2733534623206406,19.474613772775225,0.6491537924258408,0.929084555900267,0.5199909367800151,0.8783068783068783,0.0,0.3560495939090868,0.4450660179282299,0.0,0.0,0.19888438816268328,0.0,0.0,0.0
2016,85740,RIOZINHO,36,9,27,0,32471.309999999998,48071.86676912428,1335.3296324756745,1346.6833831629797,1860.662976376329,888.2647500662758,0.31932453089614565,0.20830511611635005,27.450803594825956,0.7625223220784988,0.9523207502820162,0.345344551852081,0.7530864197530864,0.017343618104720755,0.1811879471447256,0.7515782393750053,0.017343618104720755,0.0,0.04989019537554845,0.0,0.0,0.0
2016,85758,CAMPINAS DO SUL,30,9,21,0,52730.81,78064.86627573713,2602.1622091912377,2227.0573813661667,3518.4166750125187,1819.462296385755,0.3632856957820292,0.24334919186714565,20.78938178532677,0.6929793928442257,0.9381543529639573,0.41149548053595236,0.7248677248677249,0.030944906782201905,0.2158286588049757,0.7532264344128224,0.030944906782201905,0.0,0.0,0.0,0.0,0.0
2016,85766,RELVADO,16,9,7,0,49854.1,73806.06612713187,4612.879132945742,3624.8011832454563,6463.91739064479,2407.5083653421307,0.25460829701067733,0.20064989639768846,13.165596251599396,0.8228497657249623,0.9601874268173052,0.6538035989015949,0.7619047619047619,0.018975370130039457,0.43287512962825525,0.5413295997721351,0.018975370130039457,0.0,0.006819900469570206,0.0,0.0,0.0
2016,85774,CAMPO BOM,99,11,88,2,325357.75,481673.0341431264,4865.384183263903,3407.916540104274,11614.061607116557,2453.4612617455596,0.5071932236456826,0.2967305373853858,52.49181830300331,0.5302203868990234,0.9057890746541211,0.28667413024586014,0.9338842975206612,0.02453188835981316,0.4444746129452886,0.3975699057422176,0.02453188835981316,0.0,0.13342359295268055,0.0,0.0,0.0
2016,85782,IMIGRANTE,29,9,20,0,13828.58,20472.400262452506,705.9448366362933,596.5289973195087,874.8519523402751,474.39259418539575,0.36228603221085187,0.24817660236987454,20.07684905355758,0.6923051397778476,0.9358308393024551,0.4273605822145151,0.7777777777777778,0.0,0.06493797627811387,0.758140025946265,0.0,0.0,0.17692199777562123,0.0,0.0,0.0
2016,85790,CAMPO NOVO,48,9,39,0,73729.82,109152.66689121918,2274.013893567066,1850.5515626380748,4278.475212819229,1746.3433030427996,0.347591132959048,0.24433926462861294,33.76613937622672,0.7034612370047233,0.9499500815342558,0.30579282575218547,0.8262108262108262,0.04189634533218717,0.21586923716889583,0.7422344174989169,0.04189634533218717,0.0,0.0,0.0,0.0,0.0
2016,85804,CIDREIRA,90,9,81,4,186993.7,276833.1869907803,3075.9242998975587,1689.5535766885623,7169.0367536599015,1258.3750625938908,0.6131948592682834,0.4568405245738225,30.11315606032389,0.3345906228924877,0.8476073129348493,0.3056504042649566,0.9231824417009603,0.024924422587498937,0.2945276766008694,0.6751894315156072,0.024924422587498937,0.0,0.004823691921171675,0.0,0.0,0.0005347773748527356
2016,85812,CANDELÁRIA,79,13,66,0,200214.19,296405.34573345317,3751.9664016892807,3571.5645158914845,7176.438959910454,2629.0638006274116,0.44544759473386253,0.2726571478275341,47.75567993063095,0.6045022776029234,0.9233383024416804,0.33129050443427605,0.9003496503496504,0.09924845986191089,0.27610430609338926,0.5803821397474375,0.09924845986191089,0.0,0.044265094297262345,0.0,0.0,0.0
2016,85820,MONTAURI,18,9,9,0,18512.8,27407.11277504492,1522.6173763913844,1480.4412501104598,1480.4412501104598,1480.4412501104598,0.1491454561168486,0.16205004105267706,16.815536080767522,0.934196448931529,0.9878190379748434,0.5105062443282485,0.5308641975308642,0.0,0.09452919061406162,0.9054708093859384,0.0,0.0,0.0,0.0,0.0,0.0
2016,85839,CÂNDIDO GODÓI,26,9,17,0,103269.65999999999,152884.66454888214,5880.179405726236,3779.4554784382453,3903.5238574037526,3655.387099472738,0.3484750655561526,0.2537576864298769,18.39444780451746,0.7074787617122099,0.9398284608887049,0.34936795569967016,0.5392156862745098,0.04613165183268736,0.47710924970606083,0.360558464121989,0.04613165183268736,0.0,0.11620063433926286,0.0,0.0,0.0
2016,85847,VISTA GAÚCHA,12,9,3,0,62747.6,92894.13538543109,7741.177948785924,8660.581313146191,9178.735750684851,4145.235500309287,0.24248204977826537,0.2836761884119871,10.050472846381197,0.8375394038650997,0.9604841422906791,0.868973474682697,0.9259259259259259,0.0,0.5122108255933295,0.4877891744066705,0.0,0.0,0.0,0.0,0.0,0.0
2016,85855,CANELA,85,11,74,1,194706.1,288250.9420881322,3391.187553978026,2163.383603198916,4276.994771569119,1846.6283933252819,0.4798218636432341,0.32598881082821746,44.55652448786134,0.5241944057395451,0.9128948441315166,0.17326765828086538,0.703931203931204,0.07783351420422883,0.18260342125901552,0.6783588187529821,0.07783351420422883,0.0,0.06120424578377359,0.0,0.0,0.0
2016,85863,VISTA ALEGRE DO PRATA,18,9,9,0,70178.0,103894.40605025186,5771.911447236214,6143.831187958409,6217.8532504639315,5181.544375386609,0.11122194039917566,0.1538943828550258,17.157477501584022,0.9531931945324457,0.9911653743367592,0.5163156544786116,0.6358024691358024,0.004175097608937274,0.24794095015531933,0.7478839522357434,0.004175097608937274,0.0,0.0,0.0,0.0,0.0
2016,85871,CANGUÇU,113,15,98,8,285110.79000000004,422089.77436758083,3735.307737766202,1776.5295001325517,7230.4750655394855,1247.9009407493595,0.5982221678360771,0.4148678483897435,43.766589442600285,0.38731495081947154,0.8663421943460166,0.32466796503913437,0.8707482993197279,0.0835368594783803,0.2895961952194092,0.6259760635505937,0.0835368594783803,0.0,0.0008908817516166259,0.0,0.0,0.0
2016,85880,CASEIROS,27,9,18,0,27964.0,41399.05911808889,1533.298485855144,1510.050075112669,1628.4853751215057,1498.9467657368405,0.19919261272429645,0.18076813045344017,24.04563171829747,0.890578952529536,0.9813807786242701,0.35871120011443297,0.6049382716049383,0.0292876555571449,0.20454870547847231,0.7636604205406952,0.0292876555571449,0.0,0.0025032184236875982,0.0,0.0,0.0
2016,85898,CANOAS,295,21,274,42,1870085.46,2768551.6562157944,9384.920868528117,2422.37199549324,50447.886149076556,1763.7977053816016,0.7389836442763338,0.5877762987366364,62.50356285675643,0.2118764842601913,0.8112783615696068,0.4203706444517246,0.975842891901286,0.10009339894017463,0.47797259489948657,0.3823142980856073,0.10009339894017463,0.0,0.039111709900145425,0.0,0.0,0.0005079981745860962
2016,85901,ITACURUBI,31,9,22,0,114942.05999999998,170164.9669966715,5489.192483763596,5389.812850452148,6404.9366112403895,5256.573137942207,0.20891893622948654,0.2100188564568966,27.11243587078258,0.8745947055091154,0.9765682358975893,0.34279209890617934,0.6868686868686869,0.019514179578824325,0.2843980697753286,0.6960877506458473,0.019514179578824325,0.0,0.0,0.0,0.0,0.0
2016,85910,CARAZINHO,102,13,89,13,487511.94,721732.7858973756,7075.811626444858,1472.2988232348523,23645.133905564227,1091.0852013314088,0.6941842302043177,0.510560746471153,29.51543049783262,0.2893669656650257,0.8068280033372516,0.37724136561660415,0.9040622299049266,0.10469241020025069,0.30299770709205603,0.41422866484049603,0.10469241020025069,0.0,0.17808121786719727,0.0,0.0,0.0
2016,85928,ENTRE RIOS DO SUL,24,9,15,0,36781.62,54453.02749388789,2268.876145578662,2146.6398126601666,3820.2786459100416,799.4382750596483,0.3876747634642883,0.2574671806190157,16.146635245068655,0.6727764685445273,0.9169246988750984,0.5378110045180174,0.8666666666666667,0.0,0.05437498402734844,0.294025385505043,0.0,0.0,0.6515996304676085,0.0,0.0,0.0
2016,85936,CARLOS BARBOSA,65,11,54,5,161843.33000000002,239599.5417872397,3686.1467967267645,2788.4999210580577,5368.168799375534,2178.099189225014,0.47355243161110483,0.3003891479494397,37.386229729995115,0.5751727650768479,0.9087416245247965,0.25351869613656614,0.7365319865319866,0.04576240491344314,0.09805779453499874,0.6130220503989876,0.04576240491344314,0.0,0.2431577501525704,0.0,0.0,0.0
2016,85944,CERRO GRANDE DO SUL,53,9,44,0,75288.73000000001,111460.54156042887,2103.0290860458276,2017.308465050517,2394.613722053669,1889.9905175410177,0.29839657602516345,0.2587712662970939,38.08668404334927,0.7186166800631938,0.9596888655210979,0.23980494823063164,0.7095959595959596,0.09421609316560393,0.2661622795337363,0.5900790197948617,0.09421609316560393,0.0,0.049542607505798,0.0,0.0,0.0
2016,85952,CASCA,33,9,24,0,84963.93,125784.1067434976,3811.639598287806,3701.1031252761495,5054.22642787711,2971.245588971693,0.2916278886246375,0.268984732697746,24.16612191814941,0.7323067247924064,0.9571204544800375,0.4000638859337133,0.8287037037037037,0.03126244278013035,0.38618740917469335,0.49710212321864117,0.03126244278013035,0.0,0.08544802482653523,0.0,0.0,0.0
2016,85960,CAMARGO,22,9,13,0,32532.62,48162.632622168545,2189.210573734934,2072.6177501546435,2072.6177501546435,2072.6177501546435,0.08601953697829812,0.17973683029525445,21.41420354152872,0.9733728882513055,0.9957503273174565,0.4307906956156622,0.5512820512820513,0.0,0.0860674609053928,0.9139325390946071,0.0,0.0,0.0,0.0,0.0,0.0
2016,85979,CATUÍPE,34,9,25,0,88755.26000000001,131396.94806827887,3864.6161196552607,3329.8528729859495,5493.177258534861,1977.129289522519,0.40130896765674406,0.28430292469426605,22.200033498860325,0.652942161731186,0.9268479520018901,0.38501481489660444,0.7577777777777778,0.061186232793414154,0.19791334057271645,0.5475339715077169,0.061186232793414154,0.0,0.19336645512615253,0.0,0.0,0.0
2016,85987,PARAÍSO DO SUL,38,9,29,2,50740.23,75117.92953209228,1976.7876192655865,1620.4687857521576,3394.903461515803,833.7400988247076,0.4917303965916715,0.32226598105684573,20.312055777567647,0.5345277836202013,0.8868174696526793,0.43660681080870134,0.8045977011494253,0.1576658205924569,0.16811118120670718,0.6044680916897696,0.1576658205924569,0.0,0.06737021097460535,0.0,0.0,0.0023846955364609105
2016,85995,CAXIAS DO SUL,393,23,370,9,1963626.69,2907033.9516938645,7397.032955964032,2575.9677751922,23498.570221803293,2381.437794927686,0.6452996243107245,0.5010132399453177,110.19329953393178,0.2803900751499536,0.8687550990142859,0.2546433100275286,0.9417156286721504,0.016069882407230878,0.4046193169232183,0.42227042147201616,0.016069882407230878,0.0,0.15704037919753477,0.0,0.0,0.0
2016,86010,CERRO LARGO,35,9,26,0,97073.10999999999,143711.0363205102,4106.029609157435,3094.936455418422,5188.428427199623,2764.390935300009,0.3883395397257068,0.2780082970453919,23.126265317799074,0.6607504376514021,0.9321642095773934,0.38816959712118004,0.7606837606837606,0.09286814855318842,0.2804758186896454,0.535381528417087,0.09286814855318842,0.0,0.09127450434007936,0.0,0.0,0.0
2016,86029,FAXINALZINHO,25,9,16,1,23118.0,34224.84082005361,1368.9936328021442,1347.2015376005183,1347.2015376005183,1347.2015376005183,0.20199671251838347,0.23306514404360237,21.268973787250218,0.8507589514900087,0.9696119767638616,0.3998615797214292,0.6909722222222223,0.0012976901116013497,0.17086253136084437,0.8278397785275543,0.0012976901116013497,0.0,0.0,0.0,0.0,0.0
2016,86037,CHAPADA,27,9,18,0,48521.479999999996,71833.20050840967,2660.488907718877,2516.7501251877816,3094.122212730861,2390.0909740345814,0.26553699821497934,0.2143120943549125,21.969347049003307,0.8136795203334558,0.9654009593019443,0.3652347372751202,0.6604938271604939,0.07186507913608571,0.25967880616996847,0.5633480264822921,0.07186507913608571,0.0,0.1051080882116539,0.0,0.0,0.0
2016,86045,AMARAL FERRADOR,31,9,22,1,103684.78000000001,153499.22532062797,4951.587913568645,4056.4090253026598,8811.61592948246,2761.0229314560074,0.37870953517680883,0.2737533898417878,21.331525980158688,0.6881137412954416,0.9301657831741003,0.4944290762829415,0.904040404040404,0.007910900712717913,0.12363916864172349,0.8684394180129426,0.007910900712717913,0.0,0.0,0.0,0.0,1.0512632615895987e-05
2016,86053,CHIAPETTA,23,9,14,0,70585.77,104498.08557880938,4543.395025165625,4023.0990971751744,4304.382934696162,3974.6146462340566,0.215219903511652,0.24066465521308336,19.203801343205228,0.8349478844871838,0.9725781925602915,0.46733215490884356,0.6984126984126984,0.0869608704417335,0.28546830331382655,0.41506340442273276,0.0869608704417335,0.0,0.21250742182170712,0.0,0.0,0.0
2016,86061,VILA FLORES,29,9,20,0,25192.29,37295.705300745234,1286.0588034739735,1184.353000088368,1436.028012607146,1119.1395630210022,0.2707875005162015,0.21362686758528107,23.350797548686867,0.8051999154719609,0.9657283135218334,0.36702776921034175,0.6444444444444444,0.10190617843792683,0.06497622883826758,0.8331175927238055,0.10190617843792683,0.0,0.0,0.0,0.0,0.0
2016,86070,CIRÍACO,30,9,21,0,50962.0,75446.24698812926,2514.8748996043087,2352.4211464255204,2544.8785089398802,2063.735102653981,0.15685935926114913,0.14952317412974372,27.801014340113202,0.9267004780037734,0.9887373079498654,0.3298732388838742,0.6772486772486773,0.010203681174208234,0.6192849574192536,0.37051136140653823,0.010203681174208234,0.0,0.0,0.0,0.0,0.0
2016,86088,CERRO BRANCO,39,9,30,4,24987.249999999996,36992.15562682259,948.516810944169,493.2386112993019,1159.4371738490088,361.35350253321155,0.5199838173878935,0.3065367337342044,20.339444118480227,0.5215242081661596,0.8728301056814729,0.3498724349418203,0.6814814814814815,0.13992015928123347,0.32016328327447,0.4840080441024923,0.13992015928123347,0.0,0.05590851334180433,0.0,0.0,0.0
2016,86096,COLORADO,38,9,29,1,38001.15,56258.47001163511,1480.486052937766,1422.7040413561517,1287.9838875961,1438.988895107367,0.2886589997241773,0.24875589291376704,26.722749834437163,0.703230258800978,0.9519783018827227,0.2151998031638516,0.49616858237547895,0.11386497513891027,0.008157647860656848,0.8779773770004329,0.11386497513891027,0.0,0.0,0.0,0.0,0.0
2016,86100,ANDRÉ DA ROCHA,24,9,15,0,62873.0,93079.78271819494,3878.324279924789,5254.085996642021,6149.75295295885,5231.879377890365,0.4028272602441958,0.24738759085776088,15.637147577068246,0.6515478157111769,0.9013215099517323,0.4167766767929,0.6592592592592592,0.018927043404959203,0.28056558459115993,0.6933500866826777,0.018927043404959203,0.0,0.00715728532120306,0.0,0.0,0.0
2016,86118,CONDOR,10,9,1,0,37135.47,54976.88163023947,5497.688163023947,5170.441066010781,5381.4039441515215,3399.0931102536156,0.13761045706436437,0.1750348117312101,9.25275824300448,0.9252758243004481,0.9841588300169458,0.9381723188100218,1.0,0.0,0.43624060769932355,0.5637593923006764,0.0,0.0,0.0,0.0,0.0,0.0
2016,86126,POÇO DAS ANTAS,20,9,11,0,86128.45000000001,127508.11018807623,6375.405509403811,6657.9144120592655,6810.029750508115,6439.9194379805,0.11503162427746005,0.13194246500430462,18.686042205663725,0.9343021102831862,0.9846023250761501,0.4933982905764588,0.712121212121212,0.02786535691748777,0.12307199305223766,0.8026203885011283,0.02786535691748777,0.0,0.04644226152914629,0.0,0.0,0.0
2016,86134,CONSTANTINA,31,9,22,0,105339.93000000001,155949.57765574832,5030.631537282204,3897.661310053315,6881.357409938438,3686.8538782438363,0.2840465823052494,0.29384052182301623,23.51859769475327,0.7586644417662346,0.9601792235193266,0.46050457789368193,0.8636363636363636,0.06867016144780047,0.25978847717100245,0.6644938913477537,0.06867016144780047,0.0,0.007047470033443158,0.0,0.0,0.0
2016,86142,TRÊS PALMEIRAS,35,9,26,0,55854.0,82688.56558366962,2362.5304452477035,3005.2957377242333,3071.915593979204,2220.6618751656897,0.22513798730363366,0.1700862964156551,29.851361550095962,0.8528960442884561,0.9717752983209054,0.33891932538403696,0.8012820512820513,0.0,0.21484584810398538,0.7851541518960146,0.0,0.0,0.0,0.0,0.0,0.0
2016,86150,CORONEL BICACO,23,9,14,0,39688.719999999994,58756.81825208401,2554.64427182974,2307.2676882971514,4139.313735308846,1798.7361188842087,0.3266020519508903,0.25053012543614406,17.352391130800143,0.7544517882956584,0.9446796332670864,0.5856757285193375,0.9126984126984127,0.027967644207220595,0.3296452997224401,0.571082161379858,0.027967644207220595,0.0,0.07130489469048133,0.0,0.0,0.0
2016,86169,NOVA ALVORADA,23,9,14,0,36157.17,53528.56595525642,2327.328954576366,2368.706000176736,2749.1201838051193,2319.873645541842,0.14511502685780364,0.17930966389238978,21.542325043900398,0.9366228279956694,0.9888271000611687,0.4141043118142266,0.5952380952380952,0.0,0.19913062886282307,0.7013040567057653,0.0,0.0,0.09956531443141153,0.0,0.0,0.0
2016,86177,CRISSIUMAL,34,9,25,0,112173.21,166065.84724130313,4884.2896247442095,4368.841346725972,5816.698084921501,4105.307999793808,0.26854682252248185,0.23196358560123223,27.4625363118394,0.8077216562305706,0.967552239967148,0.31792136464669235,0.6844444444444444,0.048518180053864914,0.36054963569287174,0.5552736700679244,0.048518180053864914,0.0,0.035658514185338906,0.0,0.0,0.0
2016,86185,MORRO REDONDO,41,9,32,0,54069.630000000005,80046.91063021001,1952.3636739075612,1757.2837638811159,2508.2375879996466,1435.6430978821172,0.26026033468325926,0.22667234822949597,33.28158633743307,0.8117460082300748,0.9695876303624376,0.2872377710000975,0.7638888888888888,0.012670328981352378,0.2657684175016548,0.5943132956522913,0.012670328981352378,0.0,0.1272479578647015,0.0,0.0,0.0
2016,86193,CRUZ ALTA,162,15,147,17,564511.6699999999,835726.3624367435,5158.804706399651,1686.7777493446051,16899.2368700109,1406.4191876049367,0.6746360470160162,0.539445960435149,41.536258092679,0.2563966548930802,0.828302402321231,0.3623297637053278,0.9154195011337869,0.04896222960279989,0.5198809796084465,0.42849431261536197,0.04896222960279989,0.0,0.002662478173391881,0.0,0.0,0.0
2016,86207,SANTA MARIA DO HERVAL,34,9,25,0,75072.4,111140.27770479248,3268.831697199779,3671.679355430204,4445.794682906713,3216.4806820524905,0.23210867501395516,0.1856874164140217,29.098802129412277,0.8558471214533023,0.9738390447424922,0.29372232671394555,0.6533333333333333,0.009970774878650477,0.17652292986503695,0.792502704056351,0.009970774878650477,0.0,0.02100359119996164,0.0,0.0,0.0
2016,86215,CRUZEIRO DO SUL,59,9,50,0,71056.38,105194.79603552386,1782.962644669896,2109.6287814074053,2479.7390939350203,2065.215543904091,0.3857412944481553,0.23794021029497986,37.73416287391002,0.6395620826086444,0.9262503358277512,0.21066848606697955,0.7288888888888888,0.07369331226837056,0.29420299767593,0.6300630569696908,0.07369331226837056,0.0,0.002040633086008603,0.0,0.0,0.0
2016,86223,BARÃO,46,9,37,0,81564.68999999999,120751.73162847213,2625.0376440972204,2192.4446649385845,3180.7280258623227,2059.5898671536715,0.23858187579858892,0.23327410427232664,36.12484042532828,0.7853226179419192,0.9708837166698241,0.28853147115498134,0.7807807807807807,0.0374076086110301,0.14614166988190602,0.7135487182014669,0.0374076086110301,0.0,0.10290200330559708,0.0,0.0,0.0
2016,86231,DAVID CANABARRO,27,9,18,0,51660.0,76479.59498070634,2832.5775918780128,2294.683937671213,2117.0309876579577,2953.4802939703673,0.21360462281871495,0.1993805652342238,23.36668301054179,0.8654327040941404,0.9776088609726553,0.308168795973674,0.4629629629629629,0.0017421602787456446,0.48741773132017036,0.510840108401084,0.0017421602787456446,0.0,0.0,0.0,0.0,0.0
2016,86240,ELDORADO DO SUL,118,9,109,33,342584.25,507175.8553381542,4298.100468967408,1563.6198417479159,13066.315255824913,1254.9108300686323,0.7183027421326011,0.5476496073593576,25.002707283676788,0.21188734986166768,0.7842641094656932,0.2496793708408954,0.9306829765545361,0.04371421044604356,0.27915708325762206,0.4046064873093261,0.04371421044604356,0.0,0.2725222189870083,0.0,0.0,0.0
2016,86258,DOIS IRMÃOS,42,9,33,0,126418.19000000002,187154.7032403016,4456.064362864324,3634.350029308669,8703.143999086866,2743.405680579693,0.3579991496778234,0.2834507439158875,28.9127240390057,0.6883981914048976,0.9453924106378445,0.41257891763835575,0.9023569023569024,0.08945476912776554,0.20712842036418966,0.26306704755067284,0.08945476912776554,0.0,0.4403497629573718,0.0,0.0,0.0
2016,86274,DOM FELICIANO,56,9,47,2,240574.32,356156.1470452738,6359.931197237032,5749.893173510266,8246.057763115261,5286.951792394474,0.426928544516781,0.32353390835730095,30.87525249395571,0.5513437945349234,0.9137361994403042,0.22823554068447535,0.7990543735224587,0.011053424155994706,0.17607864380537375,0.7682039795436189,0.011053424155994706,0.0,0.04466395249501277,0.0,0.0,0.0
2016,86282,ALTO FELIZ,39,9,30,0,110130.5,163041.73509529003,4180.557310135642,4672.8203486111515,4418.376910954667,4830.872256472944,0.25179241550146947,0.15866912435701278,32.3582613273046,0.8296990083924255,0.9686845265053482,0.2389984609168214,0.562962962962963,0.0,0.2174692750872828,0.7825307249127171,0.0,0.0,0.0,0.0,0.0,0.0
2016,86290,DOM PEDRITO,75,13,62,2,314753.02,465973.3544048426,6212.978058731234,2731.4141064537985,6879.610489263307,2163.465027467672,0.5960776060756039,0.4314704907358791,29.059428019030427,0.387459040253739,0.8567892207890998,0.2453397905443449,0.7419354838709679,0.11984854029359274,0.39149133501562583,0.42390516221258173,0.11984854029359274,0.0,0.06475496247819956,0.0,0.0,0.0
2016,86304,AMETISTA DO SUL,30,9,21,0,115533.25,171040.18905932424,5701.339635310808,5736.709844178032,5773.720875430793,5107.522312881087,0.1723972189824139,0.16714876453315392,26.973958905941526,0.8991319635313842,0.9846816070035453,0.34719987536055646,0.6243386243386244,0.007954420047908287,0.3366423951546416,0.6554031847974501,0.007954420047908287,0.0,0.0,0.0,0.0,0.0
2016,86312,DONA FRANCISCA,25,9,16,0,39129.770000000004,57929.32561533476,2317.17302461339,2152.5615776606087,2516.7501251877816,2080.019956405196,0.20667014398500183,0.20710574071863957,22.0128585724118,0.880514342896472,0.9789861076199784,0.4166444116589492,0.6875,0.029210496253875243,0.3830477408888424,0.5877417628572823,0.029210496253875243,0.0,0.0,0.0,0.0,0.0
2016,86320,ARAMBARÉ,45,9,36,1,52390.259999999995,77560.70200801201,1723.5711557336003,1347.2015376005183,2713.6488114524727,1208.9061182214498,0.4196743270812382,0.2707024168232798,28.49811352282998,0.6332914116184439,0.9215262419124343,0.26041634456481033,0.6990740740740741,0.04945003136079111,0.38759742746075326,0.5613682772332109,0.04945003136079111,0.0,0.0015842639452447842,0.0,0.0,0.0
2016,86339,ENCANTADO,42,11,31,1,162536.90000000002,240626.33142507882,5729.198367263782,3517.528410262453,6517.642603611299,3265.853397743674,0.4118754454849216,0.31687573714030476,25.35925317685363,0.6037917423060388,0.9230580332041798,0.3381690557651831,0.6656891495601173,0.01599636759406633,0.3159302287665139,0.6429148088833981,0.01599636759406633,0.0,0.02515859475602155,0.0,0.0,0.0
2016,86347,BARÃO DO TRIUNFO,40,9,31,0,108753.86,161003.70045273792,4025.092511318448,4034.202406551003,5440.621594155939,3671.49430027394,0.23337253960457138,0.18439658141789178,33.89247550189116,0.847311887547279,0.9748112035232721,0.3153068773834786,0.8207885304659498,0.0,0.3593435672076375,0.6215306748652416,0.0,0.0,0.019125757927120932,0.0,0.0,0.0
2016,86355,ENCRUZILHADA DO SUL,89,11,78,4,251613.34,372498.7676140682,4185.379411394025,1558.1644157412588,12009.339420896049,1347.2015376005183,0.6164031925629052,0.39128899127526384,33.848218124496476,0.3803170575786121,0.8513817021353587,0.3373273054600364,0.8216783216783217,0.07925923164487225,0.2449577991373589,0.6748092529593225,0.07925923164487225,0.0,0.0009737162584463924,0.0,0.0,0.0
2016,86363,BARRA DO GUARITA,29,9,20,0,49678.02,73545.39003181244,2536.0479321314633,2142.1984889098353,3142.3549886594597,1796.515457009043,0.27629382863543217,0.2302477031089403,22.178409938432235,0.7647727564976633,0.9608699639587104,0.43649505354682006,0.7944444444444445,0.0,0.4982082619234825,0.4752850455795139,0.0,0.0,0.026506692497003707,0.0,0.0,0.0
2016,86371,ERECHIM,208,17,191,7,1029808.65,1524571.2051805651,7329.6692556757935,3203.3047549265075,16358.87581372058,2736.2995625791627,0.6501295619243288,0.4583676394638946,68.86051512711016,0.3310601688803373,0.8580346795495686,0.25690338685735453,0.8789651986449031,0.01318335207225148,0.28222708170105193,0.5031514155566668,0.01318335207225148,0.0,0.20143815067002982,0.0,0.0,0.0
2016,86380,BARRA DO RIO AZUL,15,9,6,0,7782.66,11521.77089958467,768.1180599723114,784.6338625585437,784.6338625585437,784.6338625585437,0.057969211897560324,0.15346038500975248,14.771964467469676,0.984797631164645,0.9969139306029801,0.6237366144737146,0.7222222222222222,0.05782084788491339,0.0,0.9421791521150866,0.05782084788491339,0.0,0.0,0.0,0.0,0.0
2016,86398,HERVAL,35,9,26,0,49217.08,72862.99544198651,2081.799869771043,1372.3690388523962,1628.4853751215057,1228.7662375916816,0.4681442992670719,0.33329892793314836,18.66809427179373,0.5333741220512495,0.8956368750522573,0.37495133803143144,0.6923076923076923,0.07254615674070872,0.09031417548542091,0.81481002123653,0.07254615674070872,0.0,0.02232964653734029,0.0,0.0,0.0
2016,86401,BARRA FUNDA,19,9,10,0,382371.38,566078.3638136617,29793.59809545588,13088.625505464077,13088.625505464077,21206.358621019765,0.5198745674675591,0.42806075078108613,7.121723031640162,0.37482752798106117,0.8208670242986327,0.23435315687068417,0.43333333333333335,0.002615258495549536,0.2674755626323288,0.6895375119340784,0.002615258495549536,0.0,0.040371666938043324,0.0,0.0,0.0
2016,86410,ERVAL GRANDE,15,9,6,0,18313.85,27112.57898833544,1807.5052658890295,1347.2163420130196,1347.2163420130196,1352.434897419659,0.2637662752506982,0.312685754224262,11.070863417823409,0.7380575611882273,0.9476913344507065,0.49537426592442335,0.40740740740740744,0.0,0.17621144652817405,0.8237885534718259,0.0,0.0,0.0,0.0,0.0,0.0
2016,86428,BOA VISTA DAS MISSÕES,19,9,10,0,73345.84,108584.20706000178,5714.958266315883,6177.3039646234065,7085.095734778639,5555.881347683289,0.2925579333254764,0.21280607052833536,14.931750595425378,0.7858816102855462,0.9497064421984122,0.5756841833156453,0.7,0.004144747677577897,0.4144747677577897,0.5796489616861706,0.004144747677577897,0.0,0.0017315228784618188,0.0,0.0,0.0
2016,86436,ERVAL SECO,41,9,32,0,47256.32000000001,69960.20545641992,1706.3464745468273,1746.9206751303425,1489.4127240861292,1746.9206751303425,0.23177408321050863,0.2310859161271974,34.550849032320095,0.8427036349346364,0.9768010910803806,0.235515376567621,0.6041666666666667,0.06578083100842383,0.04828602819686339,0.5171993925891817,0.06578083100842383,0.0,0.36873374820553095,0.0,0.0,0.0
2016,86444,BOM PROGRESSO,31,9,22,0,68987.45,102131.86671993283,3294.5763458042848,3730.7119502783585,3804.7340127838816,3634.483269021179,0.2634499837382769,0.23820071621722505,25.05218865110432,0.8081351177775588,0.9653741064646839,0.3481488299683494,0.6691919191919191,0.009313288141538787,0.5803815041721357,0.3900116615413383,0.009313288141538787,0.0,0.02029354614498724,0.0,0.0,0.0
2016,86452,ESMERALDA,22,9,13,0,58232.97,86210.4909044449,3918.6586774747684,4551.986733777136,4774.8671639812665,4399.871395328287,0.2853684324127099,0.2456769764619596,17.174027577705875,0.7806376171684488,0.9497911282087376,0.4839148681580211,0.6452991452991452,0.03767298834320145,0.18632056719758583,0.6042824193923134,0.03767298834320145,0.0,0.17172402506689938,0.0,0.0,0.0
2016,86460,CAMPESTRE DA SERRA,25,9,16,0,105155.59,155676.67311570296,6227.066924628119,6974.358729270376,7442.178164305282,6453.243409231494,0.20289034943363426,0.1794769065534224,22.054918519171824,0.8821967407668729,0.9765720074044941,0.4227830398745327,0.7152777777777778,0.014064872823213679,0.16037359497483683,0.7762251155644698,0.014064872823213679,0.0,0.04933641663747976,0.0,0.0,0.0
2016,86479,ESPUMOSO,52,9,43,0,151450.24,224213.18263512917,4311.791973752484,4429.161925461722,4835.609668473298,3777.094174644319,0.2634919485512459,0.20712935152826428,42.85487245055717,0.8241321625107147,0.9707833955469795,0.20537062206042062,0.6459948320413437,0.10991702621270194,0.1839878233273186,0.4130161167126576,0.10991702621270194,0.0,0.2930790337473219,0.0,0.0,0.0
2016,86487,CANDIOTA,72,9,63,2,121512.71,179892.42829670978,2498.5059485654137,2040.2997176647325,4777.724415593979,1722.0048488909836,0.4403278048947399,0.3401145443962199,40.23427982021374,0.5588094419474131,0.9224728064357369,0.25912276995550504,0.888888888888889,0.06258069629094767,0.4213518075598841,0.31906119121201393,0.06258069629094767,0.0,0.19700630493715426,0.0,0.0,0.0
2016,86495,ESTÂNCIA VELHA,95,9,86,8,160001.84000000003,236873.32402957376,2493.4034108376186,1628.4853751215057,5785.564405431677,1538.4005250522844,0.5528174978619327,0.410219657473939,37.26758547512405,0.39229037342235845,0.8784371263926364,0.2814597007134418,0.8436692506459947,0.07538400808390702,0.2429590809705688,0.5731699710453328,0.07538400808390702,0.0,0.10848693990019113,0.0,0.0,0.0
2016,86509,CAPITÃO,20,9,11,0,68573.51000000001,101519.05286886211,5075.952643443105,4235.912526878554,4362.8603640755255,3855.0690152876373,0.21590947437283003,0.20498440286927125,16.57426113777693,0.8287130568888464,0.9713921169068473,0.47763341850227586,0.6767676767676767,0.024732582596399103,0.24061769625034504,0.7346497211532558,0.024732582596399103,0.0,0.0,0.0,0.0,0.0
2016,86517,ESTEIO,122,10,112,8,501983.9,743157.672451324,6091.456331568229,2669.420629105423,19075.115397360747,2494.765572623641,0.5935720118566012,0.46000064942321855,40.173329286223925,0.32928958431331085,0.8631932511596011,0.3432109476021044,0.9625,0.05149846439298153,0.3970027524787149,0.35580316420506714,0.05149846439298153,0.0,0.19569561892323642,0.0,0.0,0.0
2016,86525,CARLOS GOMES,19,9,10,0,12235.0,18113.198695101477,953.3262471106041,873.4603375651712,1102.9287313322925,777.2316563079914,0.2097950229066743,0.19452390682468326,16.484942006282537,0.8676285266464493,0.9754185727208878,0.5586432366162648,0.7055555555555555,0.0,0.02043318348998774,0.9211279117286473,0.0,0.0,0.05843890478136494,0.0,0.0,0.0
2016,86533,ESTRELA,133,13,120,0,266783.31999999995,394957.03176941886,2969.6017426272097,2954.9163219829743,3462.6040398833547,2830.1965488674186,0.36437011681871323,0.24356275347349302,91.36963610756185,0.686989745169638,0.9529627654773037,0.12841297574376087,0.6551282051282051,0.00893609090703272,0.24799601414361291,0.47138408053397046,0.00893609090703272,0.0,0.27168381441538414,0.0,0.0,0.0
2016,86541,CENTENÁRIO,27,9,18,0,117086.12,173339.1218633833,6419.967476421604,5951.373825444049,6321.484137971664,5824.063280140799,0.10364044036165043,0.17235176979132966,25.74675470391795,0.9535835075525166,0.9933438250538108,0.36136512167283363,0.75,0.00025622165974925127,0.2169343385876994,0.7828094397525514,0.00025622165974925127,0.0,0.0,0.0,0.0,0.0
2016,86550,FARROUPILHA,159,15,144,1,599882.8099999999,888091.2571561753,5585.479604755819,3382.8082565024006,12879.779658310994,3131.1332439836224,0.5164649557649732,0.3674842424639573,65.71840365047716,0.4133232933992274,0.9041817686791733,0.27075701669131014,0.9194444444444445,0.03334684652824108,0.221214990307857,0.5875615272256262,0.03334684652824108,0.0,0.15787663593827603,0.0,0.0,0.0
2016,86568,CHARRUA,19,9,10,0,39418.77,58357.173136616686,3071.430165085089,3307.305752746767,4145.235500309287,2806.8573925594274,0.17146600331183404,0.14571357756723508,17.34351171484767,0.9128164060446141,0.9822133727867454,0.5525590981149335,0.8333333333333333,0.0,0.24168689180306743,0.7583131081969325,0.0,0.0,0.0,0.0,0.0,0.0
2016,86576,FAXINAL DO SOTURNO,36,9,27,0,69236.4,102500.42256914784,2847.2339602541065,3011.2175027246753,3357.640755250523,2904.6257327167223,0.30757496538429674,0.22358831481706157,27.292600421844188,0.7581277894956719,0.9514898325234157,0.3129343813369846,0.7078189300411523,0.043329809175520394,0.38440762373549175,0.5722625670889879,0.043329809175520394,0.0,0.0,0.0,0.0,0.0
2016,86584,COLINAS,31,9,22,0,46591.01,68975.25308830893,2225.008164138998,2146.6398126601666,2157.743122035995,2146.6398126601666,0.09347071116744798,0.18576030010939878,28.741438895162187,0.9271431901665221,0.9912989327111476,0.28845157037806224,0.6363636363636364,0.1413613913928889,0.29930666881872703,0.5013808457897779,0.1413613913928889,0.0,0.057951093998606165,0.0,0.0,0.0
2016,86592,FELIZ,41,9,32,0,106040.43000000001,156986.62675145073,3828.9421158890423,2931.27367521871,7414.41989086571,1982.4958890541693,0.38200996061412473,0.2867925941077379,27.482505643289777,0.6703050156899946,0.9374851239516011,0.41118807232298094,0.9097222222222222,0.026027808450041177,0.24198317566233934,0.6900663265888302,0.026027808450041177,0.0,0.041922689298789145,0.0,0.0,0.0
2016,86606,COQUEIROS DO SUL,24,9,15,0,21633.449999999997,32027.05176220213,1334.4604900917554,1353.574837182244,1636.6278019971132,1190.2747650888098,0.2494126187300989,0.21913148388259848,19.918426359612845,0.8299344316505352,0.9626471966983198,0.497281293552346,0.8555555555555555,0.052881070749233254,0.3583108565670293,0.5888080726837376,0.052881070749233254,0.0,0.0,0.0,0.0,0.0
2016,86614,FLORES DA CUNHA,71,9,62,0,137366.50000000003,203363.03298329847,2864.2680701873023,2127.3940764087306,3302.568340746414,1982.7549662729389,0.42053011981979105,0.3382627496514798,40.24011828670474,0.5667622293902076,0.9296343495140925,0.17180768236797184,0.6568100358422939,0.009434614698634672,0.22965570208165742,0.6418084467464774,0.009434614698634672,0.0,0.11910123647323032,0.0,0.0,0.0
2016,86622,CORONEL BARROS,38,9,29,0,38020.88,56287.67911749978,1481.2547136184153,1391.614775103832,1776.5295001325517,1213.9618250905771,0.43585334938951537,0.294136011581005,22.869739111073017,0.6018352397650794,0.9121055349806999,0.23233312853358473,0.6264367816091954,0.02630133758082401,0.14623543694938151,0.6920560492024384,0.02630133758082401,0.0,0.13540717626735624,0.0,0.0,0.0
2016,86630,FONTOURA XAVIER,24,9,15,0,77453.54000000001,114665.4155830805,4777.725649295021,4260.709917817903,6867.766959262423,3236.496247753984,0.2630469289503532,0.2261129704336303,19.641481471327555,0.8183950613053148,0.965668511616997,0.5096752194928728,0.8444444444444444,0.06047496344260055,0.3151728119850945,0.41047097395419235,0.06047496344260055,0.0,0.21388125061811247,0.0,0.0,0.0
2016,86649,COXILHA,33,9,24,1,117024.32999999999,173247.64539853897,5249.928648440575,4622.381715219889,7821.171124333559,3574.4513763292,0.27360128160243846,0.21769831965711747,26.509192089730725,0.8033088512039613,0.9622610241556866,0.35942807790482545,0.7592592592592592,0.0,0.25760668742987036,0.2574847469752658,0.0,0.0,0.4849085655948639,0.0,0.0,0.0
2016,86657,FORMIGUEIRO,34,9,25,6,115822.82,171468.88043211875,5043.202365650552,5695.9977097999945,6928.465050516952,5499.839244160358,0.3445962243933298,0.23672968763841187,24.60099165017959,0.7235585779464585,0.9252060619250243,0.37695050077350917,0.7822222222222222,0.09204291520444761,0.2710018630180132,0.5972825562354638,0.09204291520444761,0.0,0.03967266554207539,0.0,0.0,0.0
2016,86665,DERRUBADAS,21,9,12,0,40602.0,60108.875636984885,2862.3274112849945,3701.1031252761495,3701.1031252761495,3701.1031252761495,0.25630452171016693,0.22023545638145905,16.948621730286717,0.8070772252517484,0.9507546634529539,0.45012560957588293,0.5694444444444443,0.0,0.11083197872026009,0.6182454066302152,0.0,0.0,0.27092261464952466,0.0,0.0,0.0
2016,86673,FREDERICO WESTPHALEN,49,11,38,0,148079.94,219223.65148988186,4473.952071222078,3516.4180793248697,4944.673775368936,3146.3077667972548,0.406782450184181,0.3129342164779376,27.307348478285093,0.5572928260874509,0.9235559658520093,0.3907526569770356,0.8540669856459331,0.15548696197472797,0.15606435280835473,0.6297641665711102,0.15548696197472797,0.0,0.05868451864580712,0.0,0.0,0.0
2016,86681,DOIS IRMÃOS DAS MISSÕES,28,9,19,0,38589.4,57129.33957701258,2040.3335563218777,1716.571629503078,2575.9677751922,1228.0260169666265,0.27758455504805535,0.21286933717549378,22.28151983440127,0.7957685655143311,0.9631569019778933,0.4271613448252629,0.7543859649122807,0.0,0.4093611198930276,0.5906388801069724,0.0,0.0,0.0,0.0,0.0,0.0
2016,86690,GARIBALDI,63,9,54,0,145055.98,214746.85636719785,3408.6802597967912,2427.9236501811542,6290.0987834693215,2267.8879510442134,0.3437238637439277,0.2634727641011422,43.57533226616878,0.6916719407328378,0.9536454666733774,0.2588220078896437,0.8230452674897119,0.0342219603769524,0.20075008283009083,0.6043484729136985,0.0342219603769524,0.0,0.16067948387925818,0.0,0.0,0.0
2016,86703,ENGENHO VELHO,12,9,3,0,58576.0,86718.32666647028,7226.527222205857,7046.900350525789,7046.900350525789,6460.645615482046,0.0510334152781573,0.1942604479650369,11.899317479551915,0.9916097899626596,0.9983269276765413,0.7654500136574707,0.7777777777777779,0.012479513794045343,0.6345602294455067,0.35296025676044795,0.012479513794045343,0.0,0.0,0.0,0.0,0.0
2016,86711,GAURAMA,28,9,19,0,46488.01,68822.76763954756,2457.9559871266983,2113.9220610327257,2812.8383752098734,1628.4853751215057,0.28102604920525276,0.20856065897421724,22.279329362519114,0.7956903343756826,0.963186650504415,0.39349501086409167,0.6783625730994152,0.04455578976170414,0.09464806086558662,0.8607961493727091,0.04455578976170414,0.0,0.0,0.0,0.0,0.0
2016,86720,GARRUCHOS,32,9,23,6,74925.09,110922.19390423872,3466.31855950746,3516.047969012342,5283.250689269197,3168.144275236384,0.43165677628815646,0.32634448620615597,19.239010720058054,0.6012190850018142,0.8952610193718609,0.48628690335907504,0.8188405797101449,0.03876031380142486,0.21461435681959143,0.7466253293789837,0.03876031380142486,0.0,0.0,0.0,0.0,0.0
2016,86738,GENERAL CÂMARA,48,9,39,0,88562.02,131110.86760110754,2731.4764083564073,1887.5625938908363,5951.373825444049,1179.1714557129812,0.49376678343605995,0.3398522301094758,24.47714806124067,0.5099405846091806,0.8953800779012291,0.4352712370381796,0.9116809116809117,0.08852575855880433,0.2357218139333317,0.6314444950555554,0.08852575855880433,0.0,0.04430793245230856,0.0,0.0,0.0
2016,86746,GENTIL,26,9,17,0,35195.270000000004,52104.52951677516,2004.0203660298139,2124.4331939085096,1332.3971250994139,2176.248637662376,0.1736373513127889,0.16211212472585096,23.755184500163494,0.9136609423139805,0.9850367804772909,0.3109949149416953,0.36601307189542487,0.0,0.2727639253797456,0.7272360746202543,0.0,0.0,0.0,0.0,0.0,0.0
2016,86754,SÃO VICENTE DO SUL,33,9,24,0,66010.79,97725.09646837905,2961.36655964785,1287.9838875961,1850.5515626380748,1095.5265250817401,0.5321910664494807,0.38830015517160144,15.219907148140724,0.46120930751941586,0.8608422967837032,0.2854256099646739,0.5717592592592593,0.09589856446196146,0.24677783738082823,0.6573235981572104,0.09589856446196146,0.0,0.0,0.0,0.0,0.0
2016,86762,GRAMADO DOS LOUREIROS,22,9,13,0,21422.25,31714.382570178797,1441.5628440990363,1102.9287313322925,1554.4633126159829,999.2978438245603,0.22318182348641336,0.24040425258784676,18.812015264290878,0.8550916029223127,0.9742179583668924,0.4572698946189126,0.7136752136752137,0.003267630617698888,0.17318442273804105,0.8129398172460875,0.003267630617698888,0.0,0.010608129398172461,0.0,0.0,0.0
2016,86770,GETÚLIO VARGAS,41,9,32,1,128340.32,190000.30378037642,4634.153750740888,3983.423271672214,7298.575363044567,3800.2926890335502,0.38495699482780643,0.2633389101725787,28.071390951408972,0.6846680719855847,0.9314980816515939,0.307553386184482,0.71875,0.15417991789330118,0.20766661638368986,0.638153465723009,0.15417991789330118,0.0,0.0,0.0,0.0,0.0
2016,86789,GRAMADO XAVIER,50,9,41,0,110108.32,163008.89890836255,3260.177978167251,3469.332645365106,4908.995141241274,3316.18840024743,0.26716272848409606,0.17591086668110092,40.824748876016166,0.8164949775203233,0.9679052255315358,0.27162733933275884,0.8848238482384824,0.0019072128246076226,0.37336915139564386,0.6247236357797484,0.0019072128246076226,0.0,0.0,0.0,0.0,0.0
2016,86797,GIRUÁ,49,11,38,0,222134.61,328857.23972119944,6711.372239208152,5980.982650446257,11754.70352587705,5377.0662512886975,0.3050962473536536,0.23934518803710955,36.47853351512312,0.7444598676555738,0.9597686579630037,0.3859391384350237,0.9162679425837321,0.014156416237883867,0.3164765724710796,0.6325064788418158,0.014156416237883867,0.0,0.03686053244922077,0.0,0.0,0.0
2016,86800,HULHA NEGRA,50,9,41,2,97477.38,144309.53430469232,2886.1906860938466,2250.3077111991515,5582.7439541665435,1895.2608883914106,0.37173711480550664,0.2461684957063885,33.75952868954359,0.6751905737908719,0.9408809741239926,0.32470127941477295,0.8590785907859079,0.07547515126073352,0.31570503844071307,0.5893552945308952,0.07547515126073352,0.0,0.019464515767658095,0.0,0.0,0.0
2016,86819,GRAMADO,83,9,74,8,322970.14,478138.3178099502,5760.702624216267,2161.4442251612713,13116.709475978674,1998.5956876491207,0.6438260810057312,0.495567639782427,24.373885703016178,0.2936612735303154,0.8252556947046368,0.3598044698497514,0.8918918918918919,0.09148000493172526,0.36593791611818977,0.5412352052112309,0.09148000493172526,0.0,0.0013468737388540005,0.0,0.0,0.0
2016,86827,INHACORÁ,22,9,13,0,60587.47,89696.18982782998,4077.0995376286355,3333.1246481486933,1721.1758017909215,3434.1499590562316,0.45237582652290675,0.31432258188037887,13.178183583656976,0.5990083447116807,0.8867989848361044,0.4450595147808615,0.5940170940170939,0.022872716091297422,0.21342350159199583,0.7339946691948023,0.022872716091297422,0.0,0.02970911312190458,0.0,0.0,0.0
2016,86835,GRAVATAÍ,352,21,331,46,1190491.3,1762452.4284176263,5006.967126186439,1347.2015376005183,19837.912751480162,1182.650492650741,0.7244759067881548,0.5894186122989726,73.42127726409257,0.20858317404571752,0.821418688695999,0.30323657132143683,0.909941015681197,0.04468230889213554,0.4484401103981189,0.31950714801527735,0.04468230889213554,0.0,0.18736832432122769,0.0,0.0,2.1083732405268315e-06
2016,86843,ITAPUCA,24,9,15,0,42210.56,62490.254214262575,2603.7605922609405,2627.783218946066,3197.753100238593,2368.706000176736,0.19923594553906265,0.20314821693907872,21.183904979360783,0.882662707473366,0.9780085919312315,0.4681174568638748,0.825925925925926,0.0,0.22683897110107046,0.7731610288989297,0.0,0.0,0.0,0.0,0.0,0.0
2016,86851,GUAÍBA,269,16,253,19,848617.4299999999,1256328.2489347258,4670.365237675561,1776.5295001325517,21329.45731096645,1632.926698871837,0.6675312111986584,0.5413378912097057,63.84807745142012,0.23735344777479597,0.8431760577782696,0.3332033140068782,0.9634387351778657,0.17223020036248843,0.2903809906426268,0.5055095674855513,0.17223020036248843,0.0,0.031643564049821604,0.0,0.0,0.00023567745951199708
2016,86860,LAJEADO DO BUGRE,24,9,15,1,87704.26999999999,129841.0191188253,5410.042463284387,5654.841443046924,6484.332675483814,5438.371323455772,0.15802046563221306,0.16809329808001366,21.551494905660405,0.8979789544025168,0.9729671035975498,0.4422750454453358,0.8222222222222223,0.0013682344086553598,0.524462149904446,0.47416961568689875,0.0013682344086553598,0.0,0.0,0.0,0.0,0.0
2016,86878,GUAPORÉ,40,11,29,0,128078.51000000001,189612.70945668503,4740.317736417126,3387.9823986715364,7260.883328816754,3172.496772511709,0.3648652592070287,0.28263195753916875,25.19428314097486,0.6298570785243716,0.9374741160716173,0.3729060402092435,0.7460815047021944,0.050750121936927586,0.0779990335615241,0.8329373132151521,0.050750121936927586,0.0,0.038313531286396134,0.0,0.0,0.0
2016,86886,LAGOA DOS TRÊS CANTOS,19,9,10,0,28036.339999999997,41506.15423812189,2184.5344335853624,2269.768111431854,2368.706000176736,2220.6618751656897,0.12385173933845195,0.13692942802091856,18.097786187918445,0.9525150625220234,0.9910156222254423,0.5060574953792114,0.7055555555555555,0.005933014081010575,0.26037635440289286,0.7336906315160967,0.005933014081010575,0.0,0.0,0.0,0.0,0.0
2016,86894,GUARANI DAS MISSÕES,39,9,30,0,130129.93999999996,192649.7310503991,4939.736693599977,4796.451997407877,8056.413238976111,4359.188869775251,0.3504396747293814,0.21531432351386626,28.267406461790415,0.7248052938920619,0.9439747103372386,0.31426080731305955,0.725925925925926,0.023833869438501246,0.3999870437195316,0.5761790868419675,0.023833869438501246,0.0,0.0,0.0,0.0,0.0
2016,86908,LINDOLFO COLLOR,40,9,31,0,26405.36,39091.58416801673,977.2896042004182,724.4095125040502,1212.9551250405018,724.4095125040502,0.33982437656596987,0.2681394989502132,25.68333482566006,0.6420833706415016,0.942809857479155,0.352386788136954,0.7688172043010753,0.0026699124723162265,0.1831446342712237,0.19893688251173247,0.0026699124723162265,0.0,0.6152485707447276,0.0,0.0,0.0
2016,86916,HORIZONTINA,52,9,43,1,307219.96,454821.10164128547,8746.559646947797,5629.274222657516,11820.746010044479,4826.016409172582,0.4675588648902591,0.36573056646449664,26.552838575309064,0.5106315110636358,0.9052778749316773,0.36733361985985546,0.8708010335917312,0.03441423532507458,0.16953651058349203,0.6568263989097582,0.03441423532507458,0.0,0.13922285518167501,0.0,0.0,0.0
2016,86924,LINHA NOVA,22,9,13,0,63522.35,94041.10724395416,4274.595783816098,3182.97089435624,3108.9710384694686,3182.9931009749916,0.1943768610575647,0.2480298666532331,19.131877816801868,0.8696308098546304,0.9783062352956138,0.44401742064013694,0.48717948717948717,0.0032744380521186637,0.30571916813530986,0.6210625079204406,0.0032744380521186637,0.0,0.06994388589213088,0.0,0.0,0.0
2016,86932,CHARQUEADAS,117,13,104,2,362298.63999999996,536361.8515149193,4584.289329187344,2724.011900203246,9153.819924445492,2002.8149452119355,0.5525318442445597,0.38502501693078406,50.95819906673966,0.43554016296358683,0.8900055438642376,0.2809344247055413,0.9053254437869822,0.05551801132899643,0.44148771852966384,0.4765432462015315,0.05551801132899643,0.0,0.026451023939808332,0.0,0.0,0.0
2016,86940,MANOEL VIANA,43,9,34,0,124087.9,183704.84579958173,4272.205716269343,3061.552505228431,5151.9355503844,2752.8805045804,0.4148199371874368,0.31578904953665904,26.33543825915499,0.6124520525384881,0.9255992589696967,0.35266613424838356,0.7826797385620914,0.01611760695442505,0.3058718859776014,0.6780105070679736,0.01611760695442505,0.0,0.0,0.0,0.0,0.0
2016,86959,HUMAITÁ,23,9,14,0,54280.82,80359.56501782085,3493.894131209602,3489.4000265103537,4506.463165336239,2099.265692656632,0.3453359288106621,0.275650773146021,16.73355415338559,0.7275458327558952,0.9352409181765049,0.4985932415906761,0.738095238095238,0.09439890554343136,0.42952556722613994,0.4760742376404778,0.09439890554343136,0.0,1.2895899509255756e-06,0.0,0.0,0.0
2016,86967,MAQUINÉ,41,9,32,1,78592.57999999999,116351.69738460632,2837.846277673325,2596.6939526937463,4122.288660932575,2456.052033933253,0.2675555625126378,0.22525027171776266,33.064031473322395,0.8064397920322536,0.966223191506701,0.31956031981645083,0.826388888888889,0.0010582423938748418,0.3321716884723724,0.4337920958950578,0.0010582423938748418,0.0,0.2329779732386951,0.0,0.0,0.0
2016,86975,IBIAÇÁ,20,9,11,0,41356.04,61225.187557218174,3061.259377860909,3574.155288079178,3627.0810627706264,2247.709536805208,0.18957003620269242,0.15134959730186934,17.961241766034128,0.8980620883017064,0.9800131531385543,0.4892047207614656,0.6060606060606061,0.02013007048063596,0.1535446817441902,0.5107727915922318,0.02013007048063596,0.0,0.3155524561829421,0.0,0.0,0.0
2016,86983,MARATÁ,36,9,27,1,75009.2,111046.7138177855,3084.6309393829306,3068.954711478983,3778.086070281893,2709.2074877021414,0.2599543344905251,0.2027377974968404,29.63836320258929,0.8232878667385913,0.9656722740751246,0.33520154861003715,0.8436213991769548,0.00959882254443455,0.5135370061272484,0.45246716402787923,0.00959882254443455,0.0,0.024397007300437815,0.0,0.0,0.0
2016,86991,IBIRAIARAS,34,9,25,0,74431.62,110191.6405605467,3240.9306047219616,2816.53947833515,3205.199719726649,2685.520427700374,0.2600472281886146,0.24294782244427837,26.57692157475216,0.7816741639632988,0.9666004733101186,0.33354144381111145,0.6644444444444444,0.015987828828661798,0.2865717553910556,0.6714030945450334,0.015987828828661798,0.0,0.026037321235249215,0.0,0.0,0.0
2016,87009,MARIANA PIMENTEL,44,9,35,0,115093.74,170389.52032548824,3872.4890983065507,4039.4653751951455,5285.175262894341,3834.342837786091,0.3585687592170914,0.2593076739012912,29.962768296020023,0.6809720067277278,0.9375651295569185,0.3337904389934674,0.7777777777777778,0.0,0.29369103827888465,0.6112643485214747,0.0,0.0,0.0950446131996406,0.0,0.0,0.0
2016,87017,IBIRUBÁ,44,11,33,1,151095.46,223687.951688415,5083.817083827614,4593.0689784677015,6869.247400512533,4219.257562814811,0.305852854395974,0.20644458807696803,34.216831591807484,0.7776552634501701,0.9569180674395082,0.3012522017537787,0.650137741046832,0.07081946737512829,0.18145363202838788,0.7109951549834788,0.07081946737512829,0.0,0.036731745613005184,0.0,0.0,0.0
2016,87025,MATO CASTELHANO,35,9,26,0,71777.36,106262.16456802851,3036.061844800815,3351.4080975875577,2370.0976149518397,3361.48990250081,0.262267481397636,0.22733366064173993,25.68461014251367,0.7338460040718191,0.9608080603433534,0.23151645588525407,0.5,0.008080542388296254,0.23147967548541767,0.7449975869828591,0.008080542388296254,0.0,0.014745596661677162,0.0,0.0,0.000696598481749677
2016,87033,IGREJINHA,95,9,86,1,145452.12,215333.3183640166,2266.6665090949114,686.9247400512534,5773.720875430793,651.3941500486023,0.6685700660374301,0.5290546469862385,22.98072558136438,0.24190237454067767,0.8084080601235408,0.3202529464678824,0.7758397932816539,0.05394111821814629,0.5120837702468689,0.42393744415688134,0.05394111821814629,0.0,0.009900165085252797,0.0,0.0,0.0001375022928507333
2016,87041,MATO LEITÃO,47,9,38,0,30025.420000000002,44450.870319891605,945.7631982955661,864.8293650770274,930.457325694424,842.3710713128517,0.16148634454235578,0.1691729874219911,43.283857150751295,0.9209331308670489,0.9894148162787179,0.21922157958156788,0.685672514619883,0.0,0.20982221064684523,0.7487628815850037,0.0,0.0,0.04141490776815112,0.0,0.0,0.0
2016,87050,IJUÍ,94,15,79,0,448260.64999999997,663623.5570613274,7059.825075120504,2949.1796121387965,23480.064706176912,2356.862470175852,0.5880400214340533,0.4650720289635058,33.47033784870672,0.3560674239224119,0.8625798152173483,0.5067327011639321,0.9447257383966244,0.06757291767635638,0.2855619827437452,0.5995439929871159,0.06757291767635638,0.0,0.04732072734914386,0.0,0.0,3.7924363871778616e-07
2016,87068,MINAS DO LEÃO,28,9,19,0,77715.31999999999,115052.96549353442,4109.034481911944,3071.9155939792045,7708.657589325164,1554.4633126159829,0.40110444118354005,0.26825405853054457,17.961421177759775,0.6414793277771348,0.9216672138660591,0.5386944298756025,0.8713450292397662,0.06007850189640859,0.1433372467616424,0.7020726415332268,0.06007850189640859,0.0,0.0945116098087224,0.0,0.0,0.0
2016,87076,ILÓPOLIS,24,9,15,0,41011.5,60715.11632890512,2529.79651370438,2419.041002680491,2605.5766001944094,2408.677913929718,0.12165947356229356,0.17975445911512625,22.842410470502845,0.9517671029376186,0.9921683987971074,0.4071662826280433,0.6888888888888889,0.03268595393974861,0.4149811638199042,0.5523328822403473,0.03268595393974861,0.0,0.0,0.0,0.0,0.0
2016,87084,MONTE BELO DO SUL,31,9,22,0,80734.32,119522.4176276179,3855.5618589554165,4478.334781584141,4718.166264102036,4303.642714071107,0.19788009410012575,0.1798615508249775,26.866861051977857,0.866672937160576,0.9704770029707813,0.36137048036076846,0.7702020202020202,0.013265733829181938,0.41153502005095227,0.574121637489484,0.013265733829181938,0.0,0.001077608630381726,0.0,0.0,0.0
2016,87092,INDEPENDÊNCIA,32,9,23,0,134125.97999999998,198565.63350349054,6205.176046984079,5582.55149680403,7449.580370555834,5153.1939254469935,0.24959684357944667,0.23935109365090945,26.417115096812843,0.8255348467754013,0.9704912646102923,0.3582499080342228,0.6908212560386473,0.004653088089272489,0.48374133035225547,0.5116055815584722,0.004653088089272489,0.0,0.0,0.0,0.0,0.0
2016,87106,MORMAÇO,35,9,26,0,52328.65,77469.4920225927,2213.414057788363,1787.188677133347,2160.526351586203,1592.436630681316,0.3227848934433759,0.24527347829535068,25.079112310058335,0.7165460660016667,0.9509074327845054,0.35113441680609,0.7264957264957265,0.0,0.35837920527282857,0.31971300616392745,0.0,0.0,0.32190778856324404,0.0,0.0,0.0
2016,87114,IRAÍ,22,9,13,2,59454.18,88018.4205634923,4000.837298340559,3982.7570731096644,4099.711931868391,3871.72397935138,0.3224788476528557,0.2880562813245427,15.8825291029405,0.72193314104275,0.9258598950865835,0.4698199521042927,0.6153846153846154,0.04377185927044995,0.4346708675487577,0.5215572731807924,0.04377185927044995,0.0,0.0,0.0,0.0,0.0
2016,87122,MORRINHOS DO SUL,23,9,14,3,39127.05,57925.29881513447,2518.4912528319333,2475.297770184689,2734.3897933665203,1988.972819523403,0.3219731395654615,0.25601316736119895,17.172264003658196,0.7466201740720955,0.930775269930124,0.5160636950651787,0.7301587301587301,0.025966690563178157,0.3074609509278108,0.666572358509011,0.025966690563178157,0.0,0.0,0.0,0.0,0.0
2016,87130,ITAQUI,83,11,72,3,278938.83999999997,412952.56499396154,4975.332108360983,2191.0530501634803,10564.917306400777,1861.6548720139033,0.6336335043868224,0.4970427567562839,26.71803354287932,0.32190401858890744,0.8352722687839917,0.39978889279097884,0.8787878787878788,0.03326922848033641,0.4233743138818532,0.5315020310545495,0.03326922848033641,0.0,0.011854426583261048,0.0,0.0,0.0
2016,87149,MORRO REUTER,33,9,24,0,58756.71000000001,86985.85720477777,2635.9350668114475,2592.252628943415,2592.252628943415,2574.4873339420897,0.2992943635069445,0.22378380273504078,25.76765918293203,0.7808381570585463,0.9577618763009385,0.3380544962439183,0.7037037037037037,0.01835654174646606,0.16985294105132842,0.6422013758088224,0.01835654174646606,0.0,0.16958914139338296,0.0,0.0,0.0
2016,87157,ITATIBA DO SUL,27,9,18,0,52792.409999999996,78156.06145674393,2894.668942842368,2783.2147457951633,4472.368603346195,1824.6364385548911,0.3931543835071629,0.253543075604997,17.992745405321674,0.6663979779748769,0.9206181525430188,0.4429990977869736,0.7469135802469136,0.0,0.024182832342755336,0.9758171676572447,0.0,0.0,0.0,0.0,0.0,0.0
2016,87165,MULITERNO,22,9,13,0,18005.86,26656.61788771392,1211.6644494415418,940.0801938201421,1377.550583227783,792.036068809096,0.3035156837324575,0.29668785606463677,16.548434546459333,0.752201570293606,0.9520493710894207,0.5233274056334993,0.7948717948717948,0.0033322485013212366,0.24436489009689066,0.47287716332349583,0.0033322485013212366,0.0,0.2794256980782923,0.0,0.0,0.0
2016,87173,IVOTI,35,9,26,6,44163.86,65382.000108103326,1868.0571459458092,764.6479056820525,2570.7862308168133,586.9949556687973,0.6741876276213181,0.5238000029888693,10.979245039971287,0.31369271542775107,0.7643266813786749,0.37994663509937765,0.7286324786324787,0.013955528343763431,0.16760310353306979,0.6850630809897504,0.013955528343763431,0.0,0.13337828713341632,0.0,0.0,0.0
2016,87181,NICOLAU VERGUEIRO,20,9,11,0,52383.5,77550.69422516126,3877.534711258063,4004.5935815487937,4459.607199770244,3153.3398627352794,0.10635873891588021,0.1307709488674869,19.327502732855603,0.9663751366427802,0.9941165132598341,0.5275056076818083,0.98989898989899,0.0,0.6748308150467227,0.3251691849532773,0.0,0.0,0.0,0.0,0.0,0.0
2016,87190,JACUTINGA,28,9,19,1,36860.0,54569.064479071545,1948.895159966841,1702.5074376270286,1776.5295001325517,1628.4853751215057,0.3132257189365164,0.22989690721649486,21.017786770989684,0.7506352418210601,0.947768806161122,0.33570265870862726,0.5643274853801169,0.0016277807921866521,0.19281063483450894,0.8055615843733044,0.0016277807921866521,0.0,0.0,0.0,0.0,0.0
2016,87203,NOVA BOA VISTA,18,9,9,0,22643.85,33522.889601313735,1862.3827556285407,1625.7761676338037,2131.835400159062,1551.7541051282808,0.12490153691473238,0.1562088602424058,17.101982739800082,0.9501101522111157,0.9911678006370185,0.5385276797011108,0.6604938271604939,0.01298365781437344,0.33938574933149623,0.5738865078155879,0.01298365781437344,0.0,0.07374408503854248,0.0,0.0,0.0
2016,87211,JAGUARÃO,89,9,80,5,209130.13,309604.871092963,3478.706416774865,1561.421386491502,10047.75476449969,1359.045067601402,0.6062981074150908,0.43597959796610847,30.91457905445656,0.3473548208365906,0.8515826687328008,0.25914615937933,0.8666666666666667,0.057282659366204185,0.4045487850076888,0.5074580119086619,0.057282659366204185,0.0,0.030643599752938518,0.0,0.0,6.694396450669256e-05
2016,87220,NOVA PÁDUA,18,9,9,0,17750.5,26278.572410085715,1459.9206894492063,1258.3750625938908,1406.4191876049367,1258.3750625938908,0.19618383206732837,0.2461902481620236,13.505958977782582,0.7503310543212546,0.9585386728726637,0.47040928424551426,0.6666666666666667,0.0,0.22816258696938113,0.7143460747584575,0.0,0.0,0.057491338272161345,0.0,0.0,0.0
2016,87238,JAGUARI,39,9,30,0,124376.24999999999,184131.73103405107,4721.326436770541,4084.833497304781,7550.250375563345,3206.6357477392557,0.39821904328238955,0.2360149144229706,25.66971275656412,0.6581977629888236,0.9260994061371877,0.40721214862162197,0.8666666666666667,0.00602060280801198,0.35281904704475336,0.6393513231022804,0.00602060280801198,0.0,0.0018090270449543223,0.0,0.0,0.0
2016,87246,NOVA SANTA RITA,107,11,96,4,348256.18,515572.81447789335,4818.437518484984,2428.0864987186665,13800.895399717223,1983.9541236855284,0.6327012654718507,0.5027150128391117,33.69504695165002,0.31490698085654223,0.8419887645664582,0.3486021698164839,0.9138257575757576,0.032833645622598856,0.35897413220348307,0.5077430356009762,0.032833645622598856,0.0,0.10044918657294179,0.0,0.0,0.0
2016,87254,JÚLIO DE CASTILHOS,56,11,45,0,91635.75,135661.34428480957,2422.524005085885,2104.4472370320186,3871.72397935138,1939.3780376447023,0.3999263914075959,0.29448113863857717,33.04953472041285,0.5901702628645152,0.9312459470258222,0.3404542441132419,0.7373737373737375,0.03146152020363232,0.2687057180194411,0.6586425057905894,0.03146152020363232,0.0,0.04119025598633721,0.0,0.0,0.0
2016,87262,NOVO BARREIRO,18,9,9,0,83387.23,123449.89502444843,6858.327501358246,6786.246461825091,7446.338204218091,6443.368866093258,0.16764073001478863,0.1604587417042154,16.384964719494405,0.9102758177496892,0.9799546148351317,0.5500518484664859,0.6666666666666667,0.01798836584450641,0.36404926749575445,0.6099575438589339,0.01798836584450641,0.0,0.00800482280080535,0.0,0.0,0.0
2016,87270,LAGOA VERMELHA,68,11,57,0,181837.99,269200.46123317326,3958.830312252548,2464.4387336151285,7822.651565583669,2005.257673274618,0.5140833097379385,0.3588324969936151,31.880256086647567,0.46882729539187595,0.8939222542406288,0.376793870191812,0.8596491228070176,0.07850092271697459,0.24261706808351766,0.5364024316370853,0.07850092271697459,0.0,0.14247957756242247,0.0,0.0,0.0
2016,87289,NOVO MACHADO,34,9,25,0,71853.28,106374.5596677369,3128.663519639321,2819.4041321541135,4138.721558808801,2662.3515221361454,0.2057156652294465,0.19523075355780556,30.020390344970046,0.8829526572050014,0.981413922940371,0.32668793964590065,0.7422222222222222,0.006571725048599035,0.16872716179414496,0.8247011131572559,0.006571725048599035,0.0,0.0,0.0,0.0,0.0
2016,87297,LAJEADO,144,15,129,0,657797.54,973830.6124371851,6762.712586369341,5016.763862043064,10810.907424519131,4114.146234056968,0.49438577825937147,0.36841268819582396,69.92771182201463,0.4856091098751016,0.9151855855104266,0.23447857527712856,0.8351421188630491,0.024679326103895127,0.23899260857679702,0.5955676726915092,0.024679326103895127,0.0,0.1407603926277985,0.0,0.0,0.0
2016,87300,NOVO TIRADENTES,28,9,19,0,81557.53,120741.13166912134,4312.183273897191,4866.7655545818725,5262.968644142685,4804.0318566084425,0.19577359774662817,0.1619715555387712,24.821907260048828,0.8864966878588867,0.9775893361304056,0.3530409761060688,0.6228070175438596,0.0,0.406277630036123,0.5937223699638771,0.0,0.0,0.0,0.0,0.0,0.0
2016,87319,LAVRAS DO SUL,42,9,33,0,77005.6,114002.26672950602,2714.3396840358578,2356.248087057056,3213.297733364753,2235.4662876667944,0.4223087176838596,0.34315686131917683,23.85742243632251,0.5680338675314883,0.9180211040319485,0.37477144519359634,0.7222222222222222,0.0345546297931579,0.5680236242558983,0.37144960885961537,0.0345546297931579,0.0,0.02597213709132842,0.0,0.0,0.0
2016,87327,PARECI NOVO,32,9,23,0,115280.63,170666.19999072136,5333.3187497100425,5228.666820377625,5205.719981000913,5251.613659754337,0.22813939178247034,0.2101739902011292,27.529128925885132,0.8602852789339104,0.9747326602464356,0.30524633670027657,0.5410628019323671,0.02612867400186831,0.25077933734401,0.7230919886541216,0.02612867400186831,0.0,0.0,0.0,0.0,0.0
2016,87335,LIBERATO SALZANO,18,9,9,0,32835.71,48611.33956066453,2700.629975592474,2719.718620577926,2943.05798756959,2397.796670741406,0.1833907352696198,0.1669934958007608,16.290718331936283,0.9050399073297934,0.9804445852473056,0.5291933690485146,0.617283950617284,0.04172286818223209,0.27594408648389207,0.6823330453338758,0.04172286818223209,0.0,0.0,0.0,0.0,0.0
2016,87343,PASSO DO SOBRADO,37,9,28,4,32600.5,48263.12497422605,1304.4087830871904,1139.939762585054,2135.5365032843383,839.7802991251583,0.3992145701628689,0.2480790171929878,24.69259862373701,0.6673675303712705,0.9218244630359976,0.37599116577966596,0.7936507936507936,0.009202312847962454,0.15392401957025198,0.6408644039201853,0.009202312847962454,0.0,0.1960092636616003,0.0,0.0,0.0
2016,87351,MACHADINHO,23,9,14,0,82427.1,122028.47896697988,5305.586042042603,5449.504241656602,6069.809125452885,4903.961640990898,0.26132467092265377,0.24470107525316312,18.81649408129416,0.8181084383171374,0.962888516673845,0.4821363362292256,0.746031746031746,0.0,0.3932092721932471,0.6067907278067528,0.0,0.0,0.0,0.0,0.0,0.0
2016,87360,PICADA CAFÉ,44,9,35,0,70985.15000000001,105089.34420527851,2388.3941864836024,2130.317947877699,2453.357630858052,2112.5896639076263,0.19279769654767098,0.21122896831238647,38.434548654302645,0.8735124694159692,0.9830835145430401,0.22511144936652241,0.6158730158730158,0.016116046806973004,0.10598611117959177,0.8778978420134351,0.016116046806973004,0.0,0.0,0.0,0.0,0.0
2016,87378,MARAU,58,9,49,0,255278.22,377924.4071427729,6515.93805418574,5055.336758814692,12493.17723025715,4276.994771569119,0.4391938265468245,0.27816995120069393,35.018744069026994,0.6037714494659826,0.921614211274826,0.31381697976427453,0.891156462585034,0.03161256765265756,0.2049411030835298,0.7256217549620958,0.03161256765265756,0.0,0.037824574301716776,0.0,0.0,0.0
2016,87386,PINHAL GRANDE,34,9,25,0,45991.54,68087.7729721052,2002.5815580030942,2166.625769536658,2516.7501251877816,1723.9738357536305,0.2640481782723776,0.21101750452365808,27.865996545479838,0.8195881336905835,0.966080647963941,0.3470934002209972,0.7799999999999999,0.01640562590424239,0.33919281676586605,0.6307899235381116,0.01640562590424239,0.0,0.013611633791779966,0.0,0.0,0.0
2016,87394,MARCELINO RAMOS,23,9,14,0,79975.52,118399.05880703407,5147.785165523221,5418.414975404283,7646.479056820524,3667.73397949866,0.24943857820493087,0.21499228764001785,19.329583557971876,0.8404166764335599,0.9680722003402291,0.5329205736955508,0.8809523809523809,0.019505968826460895,0.21482823744065682,0.7531494637359032,0.019505968826460895,0.0,0.012516329996979075,0.0,0.0,0.0
2016,87408,PINHEIRINHO DO VALE,23,9,14,0,84601.93,125248.18701095763,5445.573348302505,5772.566131255708,6161.107937347198,4444.284632831601,0.22600859671003803,0.2322642048473362,19.305106825478518,0.839352470672979,0.9710310252696185,0.49020548349192505,0.7817460317460317,0.020531919307278223,0.3850975976552781,0.5943704830374439,0.020531919307278223,0.0,0.0,0.0,0.0,0.0
2016,87416,MARIANO MORO,27,9,18,0,62299.76,92231.13457598162,3415.9679472585785,2235.4662876667944,3988.5604028100975,2050.411131402987,0.32743417262555075,0.231929143868291,19.88862650096319,0.73661579633197,0.9482218109869972,0.4036781201083279,0.7160493827160493,0.020835393266362506,0.06294823607667188,0.9162163706569654,0.020835393266362506,0.0,0.0,0.0,0.0,0.0
2016,87424,PONTÃO,34,9,25,3,55045.24,81491.24391823028,2396.8012917126553,2374.3168725146543,2724.011900203246,2253.2315826681197,0.24458708338599955,0.207247711155406,28.188124784280205,0.8290624936553002,0.9601495892075076,0.3139900925129948,0.6333333333333333,0.0,0.3101085579788552,0.6898914420211448,0.0,0.0,0.0,0.0,0.0,0.0
2016,87432,MATA,38,9,29,0,88394.95,130863.5302814516,3443.777112669779,3596.732017143362,4530.150225338007,3360.6016377507435,0.298650708820857,0.2193281403519092,29.36821118676557,0.7728476628096203,0.9594519608347304,0.3209334922413554,0.7471264367816092,0.09384020240975305,0.3058998279879111,0.600259969602336,0.09384020240975305,0.0,0.0,0.0,0.0,0.0
2016,87440,PONTE PRETA,25,9,16,0,34241.68,50692.795545082336,2027.7118218032933,658.7963562991546,2198.4552564140326,658.7963562991546,0.4007128622193772,0.24916125610659284,15.533452794281208,0.6213381117712483,0.9034914756868271,0.4183988636071594,0.6041666666666667,0.0,0.3954741706598508,0.6045258293401492,0.0,0.0,0.0,0.0,0.0,0.0
2016,87459,MAXIMILIANO DE ALMEIDA,24,9,15,0,57463.0,85070.59555509736,3544.6081481290566,3574.5253983917055,4470.932575333589,2866.13426021385,0.18482110227450677,0.18873013939404484,21.707695597580486,0.9044873165658536,0.9826266951735387,0.47837739066877805,0.8962962962962963,0.011311626611906793,0.2793797748116179,0.7093085985764753,0.011311626611906793,0.0,0.0,0.0,0.0,0.0
2016,87467,PORTO MAUÁ,16,9,7,0,38226.34,56591.85057674747,3536.990661046717,3349.0171849686294,3493.841350260685,3322.62831968541,0.1650850565343165,0.194499394919838,14.664055949335719,0.9165034968334824,0.9839951696608149,0.6037457418104899,0.6507936507936508,0.06539993104231272,0.03269996552115636,0.7972602137688306,0.06539993104231272,0.0,0.10463988966770034,0.0,0.0,0.0
2016,87475,MIRAGUAÍ,26,9,17,0,56550.57000000001,83719.79654525906,3219.992174817656,3161.9486286046717,3711.02208165189,2852.514200712834,0.17769782800665745,0.1928629543433426,23.360141285892094,0.8984669725343113,0.9839053760977691,0.4016788867026451,0.6862745098039216,0.033220885306726344,0.2815886736420163,0.5426054945157935,0.033220885306726344,0.0,0.14258494653546372,0.0,0.0,0.0
2016,87483,PORTO VERA CRUZ,25,9,16,0,91984.70999999999,136177.95906344813,5447.118362537925,5255.566437892132,5551.654687914224,4686.366386049663,0.16138803938176216,0.18595123037296085,22.951720907674616,0.9180688363069847,0.985924805180211,0.40403084382176113,0.6631944444444444,0.0030352870602081586,0.313639081973515,0.46589819112328557,0.0030352870602081586,0.0,0.21742743984299132,0.0,0.0,0.0
2016,87491,MONTENEGRO,114,10,104,5,522256.14,773169.5327794635,6782.188884030381,4179.803803499366,10489.940359288932,3796.961696220802,0.5515220101392222,0.4097724346524676,48.49174055232851,0.42536614519586413,0.8884301319445611,0.17033366041421744,0.7480769230769231,0.024471478688599044,0.3760190162627863,0.5694256079019004,0.024471478688599044,0.0,0.030083897146714254,0.0,0.0,0.0
2016,87505,PRESIDENTE LUCENA,22,9,13,0,16772.640000000003,24830.90812925271,1128.6776422387595,759.2146862941472,722.2036550413857,796.2257175469086,0.31604825694486016,0.256946431807992,16.603448605275087,0.7547022093306858,0.9466333117452795,0.40737951807228906,0.48717948717948717,0.0,0.1455346325921262,0.6994128533134913,0.0,0.0,0.15505251409438225,0.0,0.0,0.0
2016,87513,MOSTARDAS,52,9,43,0,113815.90999999999,168497.7680828596,3240.3416939011463,2115.6245684703526,3142.236553359451,1998.9213847241451,0.3969975202804379,0.32685588508671587,31.50406359471746,0.6058473768214896,0.9330681667179661,0.20437494195670886,0.6589147286821706,0.014700668825650125,0.17923680441512968,0.7707419815032891,0.014700668825650125,0.0,0.03532054525593127,0.0,0.0,0.0
2016,87521,QUEVEDOS,28,9,19,0,68426.14,101300.88024183334,3617.888580065476,3373.1853883766826,4873.390529176117,2516.7501251877816,0.26984068410948536,0.2327353260026066,22.18939893570516,0.7924785334180414,0.9641735626166678,0.4792105765428241,0.9064327485380117,0.03702532394783631,0.10814580509729177,0.5369678897567508,0.03702532394783631,0.0,0.31786098119812106,0.0,0.0,0.0
2016,87530,MUÇUM,39,9,30,0,67842.95,100437.50170918145,2575.320556645678,2350.7334434003947,3092.2124435182186,2165.6782871365867,0.24363567735369807,0.21304630768561797,30.110445457336482,0.7720627040342688,0.9679012545210463,0.3380133086783519,0.837037037037037,0.06774970722823817,0.45692780163598434,0.43568801179783606,0.06774970722823817,0.0,0.039634479337941536,0.0,0.0,0.0
2016,87548,RIO DOS ÍNDIOS,31,9,22,0,19999.190000000002,29607.625844796607,955.0847046708583,876.4212200653922,1267.2577100945537,753.5445963062241,0.2954171902026548,0.2610115709686242,24.028885406479727,0.7751253356928944,0.9595198305077682,0.40597494198515044,0.7676767676767676,0.008317336852142511,0.10000405016403163,0.8916786129838257,0.008317336852142511,0.0,0.0,0.0,0.0,0.0
2016,87556,NÃO-ME-TOQUE,40,9,31,0,172050.39,254710.49445359217,6367.762361339805,4026.8002003004503,11578.249733276385,3676.1872990367906,0.44363411062305635,0.3034510994133753,22.046078278863,0.551151956971575,0.9105825154580203,0.4587078239113553,0.917562724014337,0.11758183169477267,0.3472529181712404,0.4618843932873386,0.11758183169477267,0.0,0.07328085684664823,0.0,0.0,0.0
2016,87564,SAGRADA FAMÍLIA,30,9,21,1,81179.43000000001,120181.37683245457,4006.0458944151524,4027.607040781761,5214.839499101593,3431.9589060060675,0.28217554208826856,0.19321791246871284,23.960363644333274,0.7986787881444425,0.9583218436696931,0.40412749880111254,0.8095238095238095,0.0,0.33933263635874256,0.6606673636412573,0.0,0.0,0.0,0.0,0.0,0.0
2016,87572,NONOAI,36,9,27,0,57657.95,85359.2075768064,2371.089099355733,2175.5084170373207,2826.902567085923,1917.1714188930455,0.3562377636850891,0.2759983662270337,24.289370008157317,0.6747047224488143,0.935339064092033,0.3551645523297307,0.794238683127572,0.003191233819447275,0.14707425428757007,0.7816549148903144,0.003191233819447275,0.0,0.06807959700266833,0.0,0.0,0.0
2016,87580,SALVADOR DAS MISSÕES,16,9,7,0,28860.0,42725.53447818787,2670.3459048867417,2331.6949689239746,2975.6869127220243,1569.2677251170874,0.2941787941787941,0.22626472626472627,12.572486935415212,0.7857804334634507,0.9501181063750684,0.6815661815661815,0.7777777777777778,0.0,0.19099099099099098,0.7563409563409563,0.0,0.0,0.05266805266805267,0.0,0.0,0.0
2016,87599,NOVA ARAÇÁ,19,9,10,0,26197.73,38784.20015125629,2041.2736921713838,1968.9868626469115,2665.5344708238827,1466.7471685469382,0.2373100345154453,0.19238308051880834,16.038829439300486,0.8441489178579203,0.9700588601003408,0.6212942877111872,0.9055555555555556,0.0,0.13321764901004782,0.8217021093048902,0.0,0.0,0.04508024168506203,0.0,0.0,0.0
2016,87602,SANTA CLARA DO SUL,35,9,26,1,81497.7,120652.55686912722,3447.215910546492,3994.9411045980737,4438.955044331203,3666.6680617985803,0.28249834920845296,0.2023204335827882,27.876791334114255,0.7964797524032644,0.9578940589444166,0.2812095310665209,0.5961538461538461,0.0,0.1993921300846527,0.8006078699153474,0.0,0.0,0.0,0.0,0.0,0.0
2016,87610,NOVA BASSANO,28,9,19,0,48961.89,72485.20163937083,2588.757201406101,1988.2325988983475,2516.009904562726,1510.050075112669,0.36709487580180067,0.32968192200096846,16.258226946644164,0.5806509623801487,0.923236921916137,0.4025792304994762,0.7543859649122807,0.0,0.11151530302445432,0.8884846969755457,0.0,0.0,0.0,0.0,0.0,0.0
2016,87629,SANTA TEREZA,22,9,13,0,16515.51,24450.242270611798,1111.3746486641726,989.6749756988423,1464.1712007717458,873.4603375651712,0.25045495801439777,0.24915972924844587,18.01389587681865,0.8188134489463024,0.9671960243806664,0.5168481021778921,0.7606837606837608,0.0,0.14834540380527153,0.8516545961947286,0.0,0.0,0.0,0.0,0.0,0.0
2016,87637,NOVA BRÉSCIA,25,9,16,0,57623.26,85307.85106984005,3412.314042793602,3196.272658988483,3293.9817814957732,3134.8343471088983,0.1481184368951005,0.20306383220942378,22.57774917476883,0.9031099669907532,0.9845725693065753,0.3938836504564303,0.6805555555555556,0.0630821650840303,0.17354103186803385,0.7499273730781633,0.0630821650840303,0.0,0.013449429969772622,0.0,0.0,0.0
2016,87645,SANTO ANTÔNIO DO PALMA,27,9,18,0,61975.9,91751.67887272085,3398.2103286192905,3399.862939703673,3464.4990046834955,3383.3560197649417,0.15669395505170391,0.1651854995248153,25.08612516425827,0.9291157468243804,0.9884135757588455,0.32260733607741077,0.4691358024691358,0.0,0.5258103553155339,0.47418964468446606,0.0,0.0,0.0,0.0,0.0,0.0
2016,87653,NOVA PALMA,27,9,18,0,63069.3,93370.39333559164,3458.1627161330234,3701.1031252761495,3997.1913752982414,3343.946673687001,0.1861217798575594,0.16568282825399994,24.370492080093705,0.9026108177812483,0.9821612816922242,0.3680126464064132,0.6481481481481481,0.0,0.28357695423922574,0.6697363059364857,0.0,0.0,0.04668673982428852,0.0,0.0,0.0
2016,87661,SANTO ANTÔNIO DO PLANALTO,21,9,12,0,34073.899999999994,50444.4071121388,2402.114624387562,2294.683937671213,2294.683937671213,2402.5710937730128,0.2660001042551905,0.27818506246716695,16.55066157153285,0.7881267415015643,0.9588215522958005,0.49223599294474646,0.6018518518518519,0.0,0.2867297256844682,0.6891168900536776,0.0,0.0,0.024153384261854385,0.0,0.0,0.0
2016,87670,NOVA PETRÓPOLIS,65,11,54,0,146158.38999999998,216378.90960573213,3328.906301626648,2906.4466754543582,4512.222081799169,2686.164419644172,0.302922708608212,0.26454895952261104,45.09161688305119,0.6937171828161721,0.9590960473504571,0.2902018146204265,0.8097643097643098,0.012760129610075756,0.16128058060847553,0.7671186717368741,0.012760129610075756,0.0,0.058840618044574806,0.0,0.0,0.0
2016,87688,SANTO EXPEDITO DO SUL,18,9,9,0,28683.17,42463.74805193084,2359.0971139961575,2428.67127301246,3273.329626056732,1480.4412501104598,0.3265440054994697,0.20712564197053532,13.521305736511719,0.7511836520284288,0.9343312739765937,0.6002683803777615,0.7160493827160495,0.03577010490820924,0.2749347439630975,0.6892951511286932,0.03577010490820924,0.0,0.0,0.0,0.0,0.0
2016,87696,NOVA PRATA,98,11,87,0,449589.59,665590.974656249,6791.74463934948,4643.648253777725,12734.01541282512,3628.561504020737,0.4752205398106777,0.2932896199843062,54.793088902967746,0.5591131520710995,0.9183032832706544,0.23230571241651748,0.8526645768025078,0.005795997189347733,0.4046713581602279,0.5738917131066135,0.005795997189347733,0.0,0.01564093154381088,0.0,0.0,0.0
2016,87700,SÃO JOÃO DO POLÊSINE,29,9,20,0,47188.89,69860.37930292496,2408.978596652585,2531.5545376888863,3064.5133877286517,1762.4653082565023,0.23682380352225052,0.18858358397495684,24.49886979481158,0.8447886136141924,0.9729999822682337,0.3838657785762708,0.7611111111111112,0.03820814602759251,0.3386220782052725,0.5892634897748178,0.03820814602759251,0.0,0.03390628599231726,0.0,0.0,0.0
2016,87718,NOVO HAMBURGO,197,14,183,1,1064012.8900000001,1575208.5730052432,7995.982604087529,3840.2646027865326,38392.61603839583,3351.718990250081,0.6417678167805132,0.5023029937165516,58.54802690065385,0.2971981060946896,0.8550955485428208,0.31791670305798647,0.9500390320062451,0.04046729170734012,0.46890528741620785,0.34551663185208215,0.04046729170734012,0.0,0.1451107890243698,0.0,0.0,0.0
2016,87726,SÃO JOSÉ DOS AUSENTES,25,9,16,0,27825.86,41194.55096379864,1647.7820385519456,891.2256325664968,2590.7721876933047,429.3279625320333,0.4848579558727024,0.3653669643993034,13.147652558299805,0.5259061023319922,0.877106449539563,0.6276693694282943,0.8472222222222222,0.036512797807507116,0.18112647731283057,0.7823607248796624,0.036512797807507116,0.0,0.0,0.0,0.0,0.0
2016,87734,OSÓRIO,64,9,55,0,312806.04000000004,463090.9648997025,7235.796326557852,5516.368370717842,13738.983346637604,5131.69791849539,0.4524880717616582,0.320612766940178,36.685165467108625,0.5732057104235723,0.918029147593818,0.30235055563505103,0.8929292929292929,0.11896352768635797,0.28986013185678894,0.39517779132397823,0.11896352768635797,0.0,0.19599854913287476,0.0,0.0,0.0
2016,87742,SÃO JOSÉ DO INHACORÁ,28,9,19,0,80349.62000000001,118952.89187870038,4248.317567096442,4025.9045333441336,5314.784087896551,3893.8565760405313,0.23221866423974902,0.19612015588872733,23.86054761685276,0.8521624148875986,0.9744155238148626,0.40795326723387126,0.7339181286549707,0.0,0.18792882903491018,0.7841930055176364,0.0,0.0,0.027878165447453265,0.0,0.0,0.0
2016,87750,PAIM FILHO,30,9,21,0,141697.78,209775.23856107693,6992.507952035898,7551.738219019706,9662.840039470972,6117.18324545642,0.37747639612514283,0.20747847990279028,20.71148884871795,0.6903829616239316,0.9275248669085412,0.3469076226882312,0.6402116402116402,0.012456087879429022,0.4220249604475102,0.4667876942038189,0.012456087879429022,0.0,0.09873125746924193,0.0,0.0,0.0
2016,87769,SÃO JOSÉ DAS MISSÕES,15,9,6,0,61299.44,90750.21958467113,6050.014638978075,5923.408290229462,6219.4965402515545,5294.220758932516,0.13696747202475845,0.19742790472474134,13.884464277602756,0.9256309518401837,0.984896144863125,0.6632179674072063,0.7870370370370371,0.032626725464376186,0.5647121735532984,0.40266110098232544,0.032626725464376186,0.0,0.0,0.0,0.0,0.0
2016,87777,PALMEIRA DAS MISSÕES,57,13,44,0,361788.57999999996,535606.737650888,9396.60943247172,6590.569139591741,13842.125688532798,4775.170654437538,0.4393818660708104,0.2949438039199579,33.991838256637934,0.5963480395901392,0.9221654289251693,0.4051625675967993,0.8374125874125874,0.05805912945068637,0.36392699294156833,0.45309495396455024,0.05805912945068637,0.0,0.12491892364319516,0.0,0.0,0.0
2016,87785,SÃO MARTINHO DA SERRA,36,9,27,0,68397.6,101258.62844855519,2812.739679126533,2642.5876314471707,4293.279625320333,1419.743158855931,0.33267931428393194,0.20395452472016562,26.664496875513244,0.7406804687642567,0.9474438828469827,0.34328397487631146,0.728395061728395,0.0,0.3989906078575856,0.6010093921424143,0.0,0.0,0.0,0.0,0.0,0.0
2016,87793,PALMITINHO,22,9,13,5,25207.0,37317.48259153437,1696.2492087061075,888.2647500662758,3013.438164599841,148.044125011046,0.5736970610616818,0.39411671361129835,9.7970720301979,0.4453214559180863,0.7918402567270109,0.6223668028722179,0.8376068376068376,0.0,0.13885031935573452,0.8611496806442654,0.0,0.0,0.0,0.0,0.0,0.0
2016,87807,SÃO PEDRO DA SERRA,20,9,11,0,36089.97,53429.080303249,2671.45401516245,2638.5904400718728,2657.5400880732864,2546.506994315002,0.14470564813437092,0.17070005876979114,18.10957332775217,0.9054786663876084,0.9851315313882272,0.509101559242083,0.6868686868686869,0.025087302649461886,0.16098655665272096,0.813926140697817,0.025087302649461886,0.0,0.0,0.0,0.0,0.0
2016,87815,PANAMBI,74,13,61,0,209514.88,310174.470863943,4191.5469035667975,4014.223851880762,4991.055999734896,3458.310760258034,0.3814955265204052,0.27941433085802786,48.261295072080316,0.6521796631362204,0.9440501102370947,0.2493521223886342,0.6834804539722572,0.0815601259442766,0.2175855003711431,0.4872420040046798,0.0815601259442766,0.0,0.2136123696799005,0.0,0.0,0.0
2016,87823,SÃO PEDRO DO BUTIÁ,21,9,12,0,80331.15,118925.54812881087,5663.121339467184,2146.6398126601666,2649.989837697723,2066.592354266694,0.54854683513479,0.5442243762226732,7.788220488153059,0.37086764229300284,0.8006782505700629,0.19059169450456018,0.5509259259259259,0.008863435914959516,0.2190930915342305,0.7720434725508101,0.008863435914959516,0.0,0.0,0.0,0.0,0.0
2016,87831,PARAÍ,30,9,21,0,53807.100000000006,79658.25038881853,2655.275012960618,2675.1573389496007,2645.5485139473917,2720.3107970779697,0.08948971418270024,0.1248062058724592,29.184402576028297,0.9728134192009432,0.9956090907969583,0.29655900429497223,0.5026455026455026,0.03527415526947187,0.19291134441365543,0.7718145003168726,0.03527415526947187,0.0,0.0,0.0,0.0,0.0
2016,87840,SÃO VALENTIM DO SUL,27,9,18,0,26001.89,38494.270536834665,1425.713723586469,1258.4342802438953,1406.4191876049367,1258.4342802438953,0.13627374067095932,0.17354507691556267,25.26841136695637,0.9358670876650508,0.9901815262187341,0.3764595573629455,0.6111111111111112,0.014422028552539835,0.04038167994711154,0.9451962915003487,0.014422028552539835,0.0,0.0,0.0,0.0,0.0
2016,87858,PASSO FUNDO,266,21,245,42,1381461.08,2045171.9682541457,7688.616422008066,2731.288268947539,30785.02077100945,2237.3316436419336,0.6884306977276335,0.5085660321317197,73.95843983537266,0.27803924750140097,0.841778903148978,0.32457924909473385,0.9438289601554907,0.04411454718651936,0.4325579479951762,0.4530621231833762,0.04411454718651936,0.0,0.07026538163492814,0.0,0.0,0.0
2016,87866,SÃO VALÉRIO DO SUL,16,9,7,0,28697.480000000003,42484.93316621992,2655.308322888745,1789.8534713835459,1856.4733276385166,760.9468025567763,0.4107473025506072,0.31364147653382807,9.695359743372547,0.6059599839607842,0.8971335308826884,0.5200721457075673,0.6031746031746033,0.05076264536119547,0.1620351333984726,0.7872022212403319,0.05076264536119547,0.0,0.0,0.0,0.0,0.0
2016,87874,PEDRO OSÓRIO,37,9,28,2,22556.86,33394.10601696663,902.543405863963,740.2206250552299,1397.536540104274,540.3610562903178,0.4419386194518018,0.30039642042376463,21.426883045049724,0.579104947163506,0.9076306899217613,0.4304136302659146,0.8154761904761905,0.05898560349268472,0.3565802155087188,0.5254720736840145,0.05898560349268472,0.0,0.0589621073145819,0.0,0.0,0.0
2016,87882,SENTINELA DO SUL,45,9,36,2,114256.75,169150.40580355824,3758.8979067457385,3410.9366402544993,4373.134626351291,3366.5234027511856,0.329471829405654,0.2325744430854195,33.05368805750709,0.7345264012779353,0.9502099589552543,0.22184229815743933,0.5694444444444444,0.02061760027306921,0.5802948184680555,0.3990875812588753,0.02061760027306921,0.0,0.0,0.0,0.0,0.0
2016,87890,PEJUÇARA,14,9,5,0,37652.36,55742.106908009075,3981.579064857791,3674.825293086689,3879.49629591446,3304.344870246546,0.1428844224979713,0.2130410949008243,13.089674206873463,0.9349767290623902,0.9874930545097579,0.6657181648109176,0.6,0.06427246525848579,0.16546107601223403,0.6905901781455398,0.06427246525848579,0.0,0.0796762805837403,0.0,0.0,0.0
2016,87904,SÉRIO,29,9,20,0,30835.0,45649.405947156025,1574.117446453656,1354.6037438510707,2072.6177501546435,1332.3971250994139,0.17004859010416973,0.14723528457921195,26.593736692429307,0.9170254031872175,0.9861336622110828,0.3476568834117075,0.6694444444444445,0.0,0.19296254256526674,0.8070374574347332,0.0,0.0,0.0,0.0,0.0,0.0
2016,87912,PELOTAS,337,21,316,62,1393703.62,2063296.3294762732,6122.541037021582,1361.2509250640667,36053.92598456508,1190.6892886388405,0.7660121582967518,0.6394203740390658,59.23912444791255,0.17578375207095712,0.7918862825796048,0.36896958766599175,0.9567510548523206,0.06043714660079594,0.4982034774366159,0.4042894213046529,0.06043714660079594,0.0,0.03702898468470649,0.0,0.0,4.096997322859791e-05
2016,87920,SERTÃO SANTANA,37,9,28,0,89735.58000000002,132848.25423458716,3590.493357691545,1998.5956876491207,6587.9635629915465,1695.1052313764765,0.4619217447045607,0.3067039851973989,20.76905574261685,0.5613258308815364,0.9021742178174774,0.41142654897867714,0.8115079365079364,0.1029023270368342,0.19168205075400413,0.7054156222091614,0.1029023270368342,0.0,0.0,0.0,0.0,0.0
2016,87939,PINHEIRO MACHADO,61,9,52,4,157497.24000000002,233165.41087454715,3822.3837848286416,2019.3218651506672,10415.896090164659,1447.0128866829655,0.5957663516235192,0.43826958491463086,24.32883726707001,0.39883339782081983,0.8497641335719477,0.4343187855228447,0.9081196581196581,0.06154838014939182,0.24436339328866966,0.6825948188044437,0.06154838014939182,0.0,0.01149340775749467,0.0,0.0,0.0
2016,87947,SINIMBU,57,9,48,1,81546.27,120724.4619006451,2117.973015800791,1160.6659400866006,5178.583492886389,932.307877257062,0.4502505163686652,0.277757646057876,32.8329435713143,0.5760165538827071,0.9152858486707923,0.3409826102407872,0.9016203703703703,0.05000228704513401,0.2918588428385504,0.5465457831486346,0.05000228704513401,0.0,0.11159308696768104,0.0,0.0,0.0
2016,87955,PIRATINI,27,9,18,0,100172.75,148299.87123700255,5492.587823592687,2744.7380777047924,10252.055657014935,2020.8023064007775,0.5140178933485,0.37573421913644184,12.704472127401607,0.47053600471857804,0.8637547653458454,0.6906192552365789,0.9382716049382716,0.04556458717565406,0.5435609983753067,0.39372404171793224,0.04556458717565406,0.0,0.017150372731107012,0.0,0.0,0.0
2016,87963,TIRADENTES DO SUL,38,9,29,0,69055.13,102232.06298374034,2690.3174469405353,2287.2817314206604,3209.596630239477,1510.050075112669,0.3688537160930616,0.26210941895265416,25.411307609577616,0.6687186213046741,0.9395385025613543,0.35919127224870906,0.7681992337164751,0.0,0.3320535346179205,0.5376158150741299,0.0,0.0,0.1303306503079496,0.0,0.0,0.0
2016,87971,PLANALTO,31,9,22,0,42508.21000000001,62930.90755235795,2030.0292758825146,1828.344943886418,2122.9675570709005,1609.23963887007,0.2870717247630592,0.26362672057938924,24.31746066455834,0.7844342149857529,0.962164489998477,0.34907938960497276,0.6767676767676767,0.0028229840776640555,0.2837404821327456,0.583483284758403,0.0028229840776640555,0.0,0.12995324903118713,0.0,0.0,0.0
2016,87980,TRAVESSEIRO,24,9,15,0,65518.59,96996.42328507468,4041.5176368781117,3812.136219034434,3715.1821215647,3967.1532223335003,0.09657697278487398,0.1722625593743699,23.15852231040403,0.964938429600168,0.9946846056621038,0.36383429496880193,0.45555555555555555,0.0032868533953493203,0.12210274976918765,0.8643079773236879,0.0032868533953493203,0.0,0.010302419511775207,0.0,0.0,0.0
2016,87998,PORTÃO,85,11,74,1,106503.20999999999,157671.74535317684,1854.9617100373746,1009.2612134378038,4542.378670063919,840.9794565377478,0.47323502654769434,0.33520989649044375,43.60819425371811,0.5130375794555072,0.9146437832556634,0.30095027182748757,0.8992628992628993,0.032404657099067716,0.2980097031817163,0.49994981371922975,0.032404657099067716,0.0,0.1696306618363897,0.0,0.0,5.164163596571409e-06
2016,88005,TRÊS FORQUILHAS,27,9,18,1,29824.83,44153.90860953195,1635.3299485011833,1605.5385357447935,2238.427170167015,1520.9387205072314,0.28938443174634965,0.22010687068459397,20.759107974501493,0.7688558509074627,0.9512973451844969,0.4168362401395079,0.8055555555555556,0.04184432903724849,0.29508969539809615,0.5654020492321331,0.04184432903724849,0.0,0.09766392633252224,0.0,0.0,0.0
2016,88013,PORTO ALEGRE,575,36,539,72,8075116.6899999995,11954735.847331438,20790.84495188076,3782.3941543197147,127828.9144047689,3417.6726479425024,0.7793689775172017,0.6603573997393218,87.02252867798812,0.1513435281356315,0.797875324824748,0.45874813853618757,0.9685631828488971,0.19897560142873927,0.4740929310335453,0.25316626848645574,0.19897560142873927,0.0,0.07280049224898569,0.0,0.0,0.0009647068022740859
2016,88021,TUPANCI DO SUL,18,9,9,0,23640.61,34998.534221773836,1944.3630123207686,1930.4953901440394,1977.8695101475744,1847.5906801378537,0.13792121551291037,0.16696058181239823,16.79859442334215,0.9332552457412304,0.9866196314191484,0.5311305418938006,0.5987654320987654,0.003807008363997376,0.21150046466652087,0.7681954907254931,0.003807008363997376,0.0,0.016497036243988628,0.0,0.0,0.0
2016,88030,PORTO LUCENA,25,9,16,0,72410.53,107199.53555436096,4287.981422174438,4234.061975315915,4465.45494270818,3972.764094671419,0.2146479855899408,0.19088977804747456,21.781585364454546,0.8712634145781819,0.9738269798994408,0.40075013951700106,0.6388888888888888,0.04009458292875359,0.34754613728141476,0.5931355563893815,0.04009458292875359,0.0,0.019223723400450185,0.0,0.0,0.0
2016,88048,UNIÃO DA SERRA,25,9,16,0,20308.0,30064.80090724321,1202.5920362897284,993.3760788241185,1776.5295001325517,974.1303425726826,0.24250147725034443,0.2233602521173922,20.853098853980466,0.8341239541592187,0.9704110855960131,0.4947803821154226,0.8090277777777778,0.0,0.0,0.9436675201890881,0.0,0.0,0.05633247981091195,0.0,0.0,0.0
2016,88056,PORTO XAVIER,34,9,25,0,153893.96,227830.96652684908,6700.910780201443,6106.820156705647,8042.052958850039,5886.945022239242,0.155572248655923,0.18849102329941997,31.3460327403987,0.9219421394234912,0.9885512753441151,0.3283859873382945,0.7911111111111111,0.03018299093739612,0.22171110549107972,0.7481059035715242,0.03018299093739612,0.0,0.0,0.0,0.0,0.0
2016,88064,VALE DO SOL,35,9,26,5,59309.98,87804.94093522638,2508.712598149325,2422.342386668238,3365.191005626086,1809.8838414975403,0.4004326132923044,0.28516684713095497,22.165665454407403,0.633304727268783,0.9139866692335197,0.42430059831414535,0.7905982905982906,0.10129492540715743,0.058168962457920234,0.7259405584018068,0.10129492540715743,0.0,0.11459555373311539,0.0,0.0,0.0
2016,88072,PUTINGA,15,9,6,0,28472.12,42151.30092609503,2810.086728406335,2516.7501251877816,2220.6618751656897,2890.561540840673,0.31680305740024495,0.2617718666541164,11.38797850872312,0.7591985672482079,0.939757809005453,0.6358869659161313,0.5370370370370371,0.006497584303522183,0.12801997181804517,0.8622311931812594,0.006497584303522183,0.0,0.0032487921517610915,0.0,0.0,2.4585454121435287e-06
2016,88080,VALE REAL,33,9,24,0,97666.64,144589.72261568822,4381.506745929946,3579.7069427670917,3579.7069427670917,3546.419221258358,0.2763148380878244,0.23058077968075896,26.450461729164882,0.8015291433080267,0.9656873139097226,0.30536271136183246,0.6134259259259259,0.0,0.33430043257349695,0.665699567426503,0.0,0.0,0.0,0.0,0.0,0.0
2016,88099,QUARAÍ,96,11,85,0,245695.19,363737.29422972695,3788.930148226322,2776.19745426964,9766.470926978704,2590.7721876933047,0.43199880909010346,0.31891202265701657,55.21428479159397,0.5751487999124372,0.93201352107639,0.31121085439238755,0.9700534759358288,0.033885889259777535,0.27352916432755564,0.6259833169709185,0.033885889259777535,0.0,0.06660162944174854,0.0,0.0,0.0
2016,88102,VILA NOVA DO SUL,24,9,15,0,66987.26,99170.7029358744,4132.1126223281,3354.724285987805,5614.05528660638,2666.274691448938,0.36355702810753354,0.30099559229620676,16.079951344986338,0.6699979727077641,0.9316834458671265,0.6003796841369538,0.8962962962962964,0.21330175319904116,0.2122643917664344,0.5744338550345245,0.21330175319904116,0.0,0.0,0.0,0.0,0.0
2016,88110,REDENTORA,32,9,23,0,41743.67,61799.0509989985,1931.2203437187031,1486.488852617161,2325.7732039235325,1317.9628229108368,0.31257510869312655,0.3209780069648884,21.788416560728738,0.6808880175227731,0.9480265068114531,0.43105864913171266,0.7101449275362318,0.02225487121760018,0.36357129116821785,0.6011503061422248,0.02225487121760018,0.0,0.013023531471957304,0.0,0.0,0.0
2016,88129,VITÓRIA DAS MISSÕES,18,9,9,0,128932.82999999999,190877.4800254794,10604.304445859967,3126.5586805207813,2887.467418627942,3365.64994241362,0.5662791367153477,0.40188212730613293,7.153318332873355,0.39740657404851976,0.7978892748806735,0.6015723070687272,0.5185185185185185,0.01745660899555218,0.39759462349504004,0.5703334053863551,0.01745660899555218,0.0,0.014615362123052757,0.0,0.0,0.0
2016,88137,RESTINGA SÊCA,48,9,39,3,74361.98999999999,110088.55743630152,2293.5116132562816,1367.9277151020647,4077.135202804206,986.4624181861027,0.5492678254262244,0.4005854334990228,19.418080700699438,0.4045433479312383,0.8606003796189757,0.38481702816183366,0.868945868945869,0.14218245100756452,0.2256276358392238,0.626272911738914,0.14218245100756452,0.0,0.005917001414297816,0.0,0.0,0.0
2016,88145,XANGRI-LÁ,61,9,52,2,85688.67,126857.04173510266,2079.623635001683,551.6716274411617,4352.497275324752,551.6716274411617,0.6226735903740681,0.4772738332850773,22.1583912822441,0.3632523161023623,0.8326068070729529,0.39067451974689305,0.8333333333333334,0.054040633376617936,0.3906432437333897,0.44566965504307626,0.054040633376617936,0.0,0.10964646784691605,0.0,0.0,0.0
2016,88153,RIO GRANDE,427,21,406,70,2634927.39,3900855.1992018907,9135.492269793654,1628.4853751215057,30882.048890541693,1430.0174211316976,0.840542085635076,0.757472322605444,5.380243478455739,0.012600101823081356,0.5865306746520739,0.18049995297972898,0.9415904292751583,0.021859137454258274,0.27113541827048215,0.26195456566262343,0.021859137454258274,0.0,0.44505087861263615,0.0,0.0,0.0
2016,88161,BOA VISTA DO SUL,18,9,9,0,19730.0,29209.105864679375,1622.7281035932986,1639.5886844973343,1880.160387640284,1628.4853751215057,0.13237033282649113,0.15712113532691332,16.924430396532276,0.9402461331406821,0.9887163888943856,0.5577800304105422,0.7777777777777778,0.0,0.1419158641662443,0.8580841358337558,0.0,0.0,0.0,0.0,0.0,0.0
2016,88170,RIO PARDO,109,13,96,5,196926.25999999998,291537.7585339774,2674.658335174104,819.2761878111285,5587.185277916875,518.1544375386609,0.6709857148531111,0.4680082280545013,34.72213655729536,0.3185517115348198,0.8261813256576339,0.35416297450629497,0.8641826923076924,0.05830131542639362,0.35279921530018393,0.5783620224138722,0.05830131542639362,0.0,0.010537446859550373,0.0,0.0,0.0
2016,88188,DILERMANDO DE AGUIAR,40,9,31,0,98644.15000000001,146036.86874208372,3650.921718552093,2901.6648502165012,8475.526156882383,2361.3037939261835,0.46319858045307294,0.2818413458882255,23.0468479612536,0.5761711990313401,0.9047461216895323,0.39768916859235953,0.7992831541218638,0.0,0.2642366526550231,0.56705582642255,0.0,0.0,0.1687075209224267,0.0,0.0,0.0
2016,88196,ROCA SALES,61,9,52,10,121682.92,180144.41420189105,2953.1871180637877,3180.6984170373207,5538.804457863265,1928.5634143126454,0.49657147889764297,0.3061763310742379,33.91108906726507,0.5559194929059847,0.8864369396606764,0.27854114611976766,0.8333333333333333,0.010928074375598482,0.18778313340935607,0.6329516911658596,0.010928074375598482,0.0,0.16833710104918584,0.0,0.0,0.0
2016,88200,CAPIVARI DO SUL,28,9,19,0,46663.350000000006,69082.34820834194,2467.2267217264975,1710.8571262776518,3419.1826980176147,1398.9725681168811,0.3767706730381397,0.26583539330116673,18.71323353781042,0.6683297692075151,0.9303096605225079,0.4436642461374932,0.7894736842105263,0.027770616554533695,0.25445344151245036,0.6714869378216523,0.027770616554533695,0.0,0.04628900411136362,0.0,0.0,0.0
2016,88218,RODEIO BONITO,30,9,21,0,77975.66,115438.38356858818,3847.9461189529393,3867.6527659135763,4254.492064567439,3430.1823765059353,0.24837270160115743,0.18414720696176218,25.12941171236255,0.8376470570787516,0.9692341530253116,0.3572110835612036,0.6613756613756614,0.08323802581472219,0.4060882588233302,0.506826360943915,0.08323802581472219,0.0,0.0038473544180324987,0.0,0.0,0.0
2016,88226,NOVA CANDELÁRIA,19,9,10,0,62195.85999999999,92077.31673009515,4846.17456474185,5923.186224041945,4868.697530413267,5951.603293837816,0.2522321379082484,0.17158650109508897,15.767818494111165,0.8298851839005876,0.9605984898740888,0.4069878606067992,0.3166666666666667,0.007524616590236071,0.19847896628489423,0.7939964171248698,0.007524616590236071,0.0,0.0,0.0,0.0,0.0
2016,88234,ROLANTE,71,9,62,1,168996.13999999998,250188.85676544224,3523.786715006229,2174.5461302247486,5699.4027246752485,1736.2985091608,0.5203776160254565,0.40667692173324205,26.00296296826548,0.36623891504599265,0.8803401189195156,0.21105393294781766,0.8422939068100358,0.0319350489307034,0.336130340018417,0.5335307658506283,0.0319350489307034,0.0,0.09840384520025135,0.0,0.0,0.0
2016,88242,FLORIANO PEIXOTO,26,9,17,0,34528.5,51117.41570443901,1966.0544501707311,1228.2628875666442,1272.1727750449204,1184.353000088368,0.377730303060682,0.22216429905730048,17.613976076650545,0.6774606183327132,0.9214560456425124,0.37735754521627063,0.65359477124183,0.0017376949476519397,0.076748193521294,0.921514111531054,0.0017376949476519397,0.0,0.0,0.0,0.0,0.0
2016,88250,RONDA ALTA,27,9,18,0,48574.58,71911.81193879055,2663.4004421774275,2501.945712686677,3825.4601902854283,1801.6451859406757,0.3072576765994188,0.23027805901770013,20.78699530867237,0.7698887151360138,0.9536829049031988,0.497701884401265,0.888888888888889,0.020909084545867408,0.34973024985496526,0.6293606655991673,0.020909084545867408,0.0,0.0,0.0,0.0,0.0
2016,88269,CHUVISCA,24,9,15,0,77928.94,115369.21735338302,4807.050723057626,3407.9757577542787,5906.9605879407345,2379.8981360275707,0.4067594357971078,0.3566680106260909,14.49587887337539,0.6039949530573079,0.9134465002148178,0.6058587477258127,0.9407407407407408,0.06460629388773928,0.04247459287910242,0.8929191132331583,0.06460629388773928,0.0,0.0,0.0,0.0,0.0
2016,88277,RONDINHA,24,9,15,0,74050.13,109626.86702804206,4567.786126168419,3257.681362043065,4079.207820554361,3214.037953989808,0.3701353000100518,0.30612370295636215,16.054033145293225,0.6689180477205511,0.9303789042514174,0.5139090235223085,0.7111111111111111,0.056491055451219324,0.4213078356513351,0.5079222683336274,0.056491055451219324,0.0,0.014278840563818049,0.0,0.0,0.0
2016,88285,ESPERANÇA DO SUL,33,9,24,0,79118.63,117130.48350422691,3549.408591037179,3925.538018792895,4671.769235323573,3632.4550645085274,0.26076573720737906,0.20256265812489424,27.13543176226686,0.8222858109777836,0.9661410013352084,0.2852495044466771,0.5555555555555556,0.019262214221858996,0.4919195390516746,0.4792326409089742,0.019262214221858996,0.0,0.009585605817492038,0.0,0.0,0.0
2016,88293,ROQUE GONZALES,22,9,13,0,56377.83000000001,83464.06512371497,3793.821141987044,3716.6403561960587,4009.745517099178,3401.8467309788207,0.20448981936210164,0.22377679311176044,19.408437507273877,0.8822017048760853,0.9771074166174322,0.46249846792613347,0.7264957264957266,0.02557033500579926,0.317759835736849,0.6566698292573515,0.02557033500579926,0.0,0.0,0.0,0.0,0.0
2016,88307,DOUTOR RICARDO,26,9,17,0,66035.94,97762.32956581931,3760.089598685358,3843.965705911809,3877.2756340392943,3819.5384252849863,0.11925008621761934,0.1592295044183516,24.759205515049985,0.9522771351942302,0.9920957257898422,0.33960991544907215,0.545751633986928,0.04348404823191735,0.15143268953239705,0.8050832622356856,0.04348404823191735,0.0,0.0,0.0,0.0,0.0
2016,88315,ROSÁRIO DO SUL,110,13,97,18,311290.72,460847.6226645852,4189.52384240532,1798.7361188842087,11086.728433827211,1580.96321099296,0.6493790008493436,0.5128732716478024,28.478758168410305,0.2588978015310028,0.8239581251297787,0.4682035172779966,0.9349722442505948,0.1446273759783138,0.4026730382454061,0.42671050393021676,0.1446273759783138,0.0,0.025346595619683106,0.0,0.0,0.0006424862263802789
2016,88323,HERVEIRAS,36,9,27,0,53712.45,79518.12662449556,2208.8368506804322,2215.6283749153145,2553.7611564405433,2052.143247665616,0.21068370658116597,0.1928696233368614,31.373196693019242,0.8714776859172012,0.9786966655047719,0.28919905906358767,0.6769547325102881,0.05715620866298224,0.3705753507799402,0.3862035710528937,0.05715620866298224,0.0,0.18606486950418386,0.0,0.0,0.0
2016,88331,SALVADOR DO SUL,29,9,20,0,84185.52,124631.71646999911,4297.645395517211,4293.279625320333,5803.3297004330025,3592.3721176617864,0.22405860704819047,0.1598850966294441,25.13876258891713,0.8668538823764527,0.9757353028200333,0.3752330567061889,0.7166666666666667,0.002138134919164246,0.19314485436450354,0.8047170107163321,0.002138134919164246,0.0,0.0,0.0,0.0,0.0
2016,88340,CARAÁ,39,9,30,0,82983.44,122852.1076520663,3150.0540423606744,3316.928620872485,3479.0369377595807,2762.2590998998494,0.3541683027669629,0.2310701990662234,27.886196602038734,0.7150306821035572,0.9423204070194051,0.30270497342602337,0.6666666666666667,0.030986061797389934,0.28596621205387485,0.6709971290657509,0.030986061797389934,0.0,0.012050597082984267,0.0,0.0,0.0
2016,88358,SANANDUVA,27,9,18,1,114484.1,169486.9841217709,6277.295708213736,6262.266487967245,8317.118943120564,4877.335905107661,0.2926818788065899,0.2024738806524225,21.37596677316594,0.7917024730802199,0.9516277519412191,0.44135788288504696,0.8024691358024691,0.0,0.3617747792051473,0.5903583117655641,0.0,0.0,0.04786690902928878,0.0,0.0,0.0
2016,88366,FAZENDA VILANOVA,33,9,24,0,94195.39000000001,139450.74092624232,4225.780028067949,4293.827388582874,5507.24145041091,3042.8545322395357,0.29113652789036504,0.2420097204332399,25.71948172695129,0.7793782341500392,0.9603481352709649,0.3645055241026126,0.75,0.014168846267317325,0.4091495348126909,0.5577889745984383,0.014168846267317325,0.0,0.018892644321553312,0.0,0.0,0.0
2016,88374,SANTA BÁRBARA DO SUL,39,9,30,0,175448.96999999997,259741.8924773926,6660.048525061348,3850.760931249816,6069.809125452885,3399.381796297387,0.37003539094659965,0.21604150768169228,26.5282520630587,0.6802115913604795,0.9373407155259158,0.28004199739673585,0.6759259259259259,0.02325462497727972,0.5568513739351106,0.23660030606050297,0.02325462497727972,0.0,0.18329369502710677,0.0,0.0,0.0
2016,88382,ITAARA,41,9,32,0,90718.25,134303.03943783324,3275.68388872764,3252.52942649268,4726.308690977643,1711.7601954402191,0.42805262850477876,0.31280034612660623,25.17354165548627,0.6139888208655189,0.9167428133501645,0.35618191488482187,0.8368055555555556,0.02056036133853993,0.34471564431633106,0.6301400214400079,0.02056036133853993,0.0,0.004583972905121076,0.0,0.0,0.0
2016,88390,SANTA CRUZ DO SUL,171,17,154,1,621755.26,920472.1343771538,5382.877978813765,2215.480330790303,15154.09272438069,1905.0762138796429,0.5966851203860224,0.4757121958244472,57.176137808781014,0.3343633789987194,0.8729808016954655,0.3506111713473884,0.9549274255156608,0.1449726376259366,0.2041222779522605,0.5105873812792513,0.1449726376259366,0.0,0.1403177031425516,0.0,0.0,0.0
2016,88404,ESTRELA VELHA,18,9,9,0,50320.9,74497.13610268343,4138.729783482413,4371.891055701199,4485.7369878346935,4145.235500309287,0.12674919036291743,0.14639841497270517,16.84625387191187,0.9359029928839928,0.9853218801948256,0.5576907408253827,0.7283950617283952,0.0,0.10731127622916124,0.8926887237708387,0.0,0.0,0.0,0.0,0.0,0.0
2016,88412,SANTA MARIA,214,21,193,12,773911.79,1145730.9378628237,5353.882887209456,2158.727615467318,18789.760346401956,1771.0962807446463,0.6478210989761652,0.5076428154686724,61.5472112658413,0.2876037909618752,0.8540933307574436,0.3565004740398127,0.9405378731803602,0.023639076489582873,0.3800823347063881,0.5777308289876293,0.023639076489582873,0.0,0.015149439705525096,0.0,0.0,0.0033983201108746513
2016,88420,BENJAMIN CONSTANT DO SUL,24,9,15,0,37318.7,55248.14288049722,2302.0059533540507,2091.715442281069,2367.5216471766475,2049.5228666529206,0.3087521582120134,0.2754088432876815,17.860510732708647,0.7441879471961936,0.9501994989168334,0.3732659497785293,0.5740740740740741,0.0,0.3005115397910431,0.6994884602089569,0.0,0.0,0.0,0.0,0.0,0.0
2016,88439,SANTANA DA BOA VISTA,29,9,20,1,89138.87,131964.86013623376,4550.512418490819,4567.161256590768,5092.717900379982,2274.8238183009807,0.45753510302481404,0.2553812943780867,17.406566288648047,0.6002264237464844,0.8919844132086306,0.40904601999105433,0.7277777777777777,0.007431886897377093,0.3262774141067752,0.6662906989958478,0.007431886897377093,0.0,0.0,0.0,0.0,0.0
2016,88447,MAÇAMBARÁ,24,9,15,0,60338.73,89327.9448712775,3721.997702969896,3431.662817756046,5621.235426669416,1658.094200123715,0.36449766592700894,0.2659432838576483,17.01296631684754,0.7088735965353141,0.930730924594283,0.5655665937947318,0.888888888888889,0.0,0.28460990146792947,0.5701424275916976,0.0,0.0,0.1452476709403728,0.0,0.0,0.0
2016,88455,SANT'ANA DO LIVRAMENTO,179,17,162,27,482465.07999999996,714261.206169843,3990.2860679879495,1934.5666035818433,9024.769860673363,1627.375044183923,0.6643945490806151,0.5045250943342884,40.22894686202019,0.2247427198995541,0.831962133301833,0.2718455603045924,0.8910675381263616,0.10273667889083289,0.3276692273770363,0.45573963612040064,0.10273667889083289,0.0,0.11385445761173017,0.0,0.0,0.0
2016,88463,DOM PEDRO DE ALCÂNTARA,35,9,26,6,15574.6,23057.280293970365,658.7794369705819,245.75324751833634,837.9297475625202,188.0160387640284,0.6185088908497542,0.4182194085241355,13.840632993279923,0.39544665695085496,0.8075311691517809,0.4731164845325081,0.8247863247863247,0.18799840766376022,0.0,0.7587096939889307,0.18799840766376022,0.0,0.05329189834730908,0.0,0.0,0.0
2016,88471,SANTA ROSA,114,15,99,0,617844.64,914682.691215647,8023.532379084623,3515.5298145748034,22018.86919231789,3118.5494933576833,0.5409519057065808,0.3979955381663584,46.47990494208997,0.407718464404298,0.890407406550996,0.33470349439302405,0.9259259259259259,0.0911460848798494,0.22854559359776913,0.581314616567686,0.0911460848798494,0.0,0.09899370495469541,0.0,0.0,0.0
2016,88480,UNISTALDA,27,9,18,1,108103.26000000001,160040.52537541607,5927.426865756151,7402.206250552299,8142.426875607529,4852.1461972370325,0.2924511386750175,0.18408325521358004,20.90281352904881,0.7741782788536596,0.9423015344680056,0.46889945779618486,0.8179012345679012,0.0036960957514139718,0.3049861771051123,0.6913177271434736,0.0036960957514139718,0.0,0.0,0.0,0.0,0.0
2016,88498,SANTA VITÓRIA DO PALMAR,104,13,91,0,313333.98,463872.5490532858,4460.31297166621,2915.603204586291,7264.717671654541,1850.5515626380748,0.540691483327397,0.3727815923443733,48.607593489336395,0.46738070662823455,0.8934274749878311,0.25409210325672305,0.7996618765849535,0.011166966314984414,0.3233351837550463,0.6384730759172689,0.011166966314984414,0.0,0.02702477401270044,0.0,0.0,0.0
2016,88501,TURUÇU,58,9,49,0,50952.44,75432.0939697782,1300.5533443065208,1296.16332550296,1385.9446851159091,1221.3640313411292,0.26599268272327214,0.2239154788269217,45.693055908209,0.787811308762224,0.9703522391729094,0.17991954850444844,0.6587301587301587,0.04412997689610154,0.27331684213749136,0.6476578943030009,0.04412997689610154,0.0,0.034895286663406105,0.0,0.0,0.0
2016,88510,SANTIAGO,80,13,67,3,401336.59,594155.2430146692,7426.940537683365,6007.260482635718,10274.26227576659,4974.282600371145,0.5095467700191505,0.3551555067530723,38.66858072420092,0.48335725905251153,0.897088736390975,0.326158997862617,0.8323765786452354,0.04843268838258679,0.4221463584967421,0.5052367889008077,0.04843268838258679,0.0,0.02418416421986343,0.0,0.0,0.0
2016,88528,CRISTAL DO SUL,31,9,22,0,88485.0,130996.84401602403,4225.7046456781945,4767.02082535568,5773.720875430793,4500.541400335798,0.2227532641763592,0.19212295869356388,26.474457885895102,0.8540147705127452,0.9698963350031476,0.3785952421314347,0.8207070707070707,0.0,0.41362942871673164,0.5863705712832683,0.0,0.0,0.0,0.0,0.0,0.0
2016,88536,SANTO ÂNGELO,117,15,102,3,618600.5,915801.6975389556,7827.3649362303895,2846.8293063124097,17073.425587498896,2432.091092300215,0.6477600573950646,0.5252998178953945,34.215318229147556,0.2924386173431415,0.835338515427606,0.3943094129409852,0.9137254901960784,0.07853485407787417,0.3410340761121273,0.5040969737334515,0.07853485407787417,0.0,0.076334096076547,0.0,0.0,0.0
2016,88544,MUITOS CAPÕES,34,9,25,0,109262.61000000002,161756.87493873163,4757.5551452568125,5029.577081062771,5507.24145041091,4541.105490588824,0.24262720851006137,0.22645441107438308,28.08484100561627,0.826024735459302,0.9696960879224547,0.313995061988726,0.7422222222222221,0.0,0.28104765207420906,0.7086285967358824,0.0,0.0,0.010323751189908421,0.0,0.0,0.0
2016,88552,SANTO ANTÔNIO DA PATRULHA,80,13,67,0,211419.43,312994.04524684086,3912.425565585511,2282.485101770302,7504.623176234941,1537.5714779522227,0.5370625839592891,0.3586687846050857,35.66826758125665,0.44585334476570815,0.8876971942540004,0.3365510918272743,0.8415614236509759,0.07893134514647021,0.3638178383131579,0.46915224395411526,0.07893134514647021,0.0,0.08809857258625663,0.0,0.0,0.0
2016,88560,NOVA RAMADA,19,9,10,1,31362.4,46430.19066246429,2443.6942453928573,2111.1092226575156,2220.6618751656897,2002.0007025243747,0.3815421953475635,0.25986531642986505,12.87159948726811,0.6774526045930584,0.9165156585075378,0.452022166670918,0.4888888888888889,0.00884817488457516,0.5954582557457337,0.3796233706604087,0.00884817488457516,0.0,0.016070198709282453,0.0,0.0,0.0
2016,88579,SANTO ANTÔNIO DAS MISSÕES,29,9,20,1,76403.15999999999,113110.3897027895,3900.358265613431,2960.8825002209196,5921.765000441839,1739.5184688797901,0.47248045761458024,0.2707371004026535,16.76506595472895,0.5781057225768603,0.8875724752032823,0.4991217640736325,0.8138888888888889,0.011860373314402182,0.2971081300825778,0.6888543615211729,0.011860373314402182,0.0,0.0021771350818474006,0.0,0.0,0.0
2016,88587,JARI,31,9,22,0,95896.88,141969.69690889274,4579.667642222346,5774.194616630829,5997.400743909982,5137.131137883295,0.27122145801722897,0.2056375556743869,24.656049984948,0.7953564511273549,0.9513317983446801,0.3834851561385522,0.8131313131313131,0.09040961499477355,0.4069426450578997,0.3041983221977608,0.09040961499477355,0.0,0.19844941774956598,0.0,0.0,0.0
2016,88595,SANTO AUGUSTO,30,9,21,0,138947.61000000002,205703.7734482606,6856.792448275353,6089.299134510589,9873.965766149224,5590.634706029633,0.3565635253939714,0.20384654331225993,21.617349880190325,0.7205783293396775,0.9355886208721236,0.4148259908896599,0.7566137566137566,0.05717601044019396,0.4415880201177983,0.5012359694420075,0.05717601044019396,0.0,0.0,0.0,0.0,0.0
2016,88609,UBIRETAMA,31,9,22,0,39060.25,57826.40533962708,1865.3679141815187,1857.953768888627,1734.7810568794366,1906.0681095172172,0.1498025197219104,0.18831779110476762,28.87613160183683,0.9314881161882848,0.9888923560726174,0.283979237204063,0.3964646464646464,0.014444351994674892,0.18817058262555922,0.797385065379766,0.014444351994674892,0.0,0.0,0.0,0.0,0.0
2016,88617,SANTO CRISTO,31,9,22,0,131445.01,194596.61492518187,6277.310158876835,5748.805049191435,7191.243372411558,5380.7599522077235,0.20241196851676935,0.22354907196553145,27.229128909737415,0.8783589970883037,0.9799402518110486,0.37788669193299923,0.803030303030303,0.032856401319456705,0.22024647417197502,0.7293993130663537,0.032856401319456705,0.0,0.017497811442214503,0.0,0.0,0.0
2016,88625,BARRA DO QUARAÍ,35,9,26,1,101702.0,150563.83601873394,4301.823886249541,3536.7741465138884,4251.827270317241,2167.365990161713,0.38900204238152347,0.30592318735128127,22.411838174365965,0.6403382335533133,0.9282615385602911,0.3677803779670017,0.7264957264957265,0.0005899588995299994,0.38102495526145014,0.6183850858390199,0.0005899588995299994,0.0,0.0,0.0,0.0,0.0
2016,88633,SÃO BORJA,122,15,107,9,547073.73,809910.5167437921,6638.610792981903,2783.2295502076645,18809.302170903415,2434.3635696191345,0.6204015973927441,0.49478732967126754,39.468718872712344,0.323514089120593,0.852591609864247,0.38578215042422165,0.9370716510903426,0.212569775558406,0.3516813720885483,0.41704875867463054,0.212569775558406,0.0,0.01870009367841516,0.0,0.0,0.0
2016,88641,CERRITO,43,9,34,2,29611.809999999998,43838.54501443342,1019.5010468472888,740.2206250552299,1480.4412501104598,588.4753969189078,0.4112570485017748,0.31692388948868705,26.80985918901835,0.6234850974190315,0.9245820054188888,0.31233821910919995,0.7745098039215685,0.08699231826761013,0.15229531730752022,0.757521070140596,0.08699231826761013,0.0,0.003191294284273741,0.0,0.0,0.0
2016,88650,SÃO FRANCISCO DE ASSIS,52,11,41,7,177689.06,263058.2141173525,5058.811809949087,2342.7982782998024,10193.282139385548,1746.9206751303425,0.5524407398476348,0.3557176226831298,24.85433002939568,0.47796788518068617,0.8616903188850603,0.3898550647968986,0.8669623059866962,0.023512871304513624,0.3087407294517738,0.6677463992437126,0.023512871304513624,0.0,0.0,0.0,0.0,0.0
2016,88668,VALE VERDE,42,9,33,4,38979.42,57706.741273380656,1373.970030318587,1092.5656425815193,1490.804338861233,948.1485986332441,0.4086322377051177,0.3436813580089186,21.503611832812037,0.5119907579240961,0.9070685733012362,0.3498769350595776,0.7592592592592593,0.042355684102021014,0.2641650388846217,0.46730864646010634,0.042355684102021014,0.0,0.22617063055325093,0.0,0.0,0.0
2016,88676,SÃO FRANCISCO DE PAULA,79,9,70,0,162601.04999999996,240721.3017312734,3047.105085205992,1724.8472960911954,7019.7490579987625,1113.2918200830657,0.5596825505108785,0.3985249787747373,33.13913349218818,0.41948270243276176,0.8768182053630256,0.2749470559999459,0.8452380952380952,0.06264799643052738,0.29187154695495515,0.5215247380013845,0.06264799643052738,0.0,0.12395571861313323,0.0,0.0,0.0
2016,88684,NOVO CABRAIS,29,9,20,0,39996.76,59212.85337476803,2041.8225301644147,1665.5704284367728,2146.6398126601666,1616.641845120622,0.24142340012299623,0.22064462221439937,23.616857751562808,0.8143744052263038,0.9704137552794467,0.3958333124983124,0.6972222222222223,0.06939312084278826,0.16388827495027097,0.7667186042069407,0.06939312084278826,0.0,0.0,0.0,0.0,0.0
2016,88692,SÃO GABRIEL,123,15,108,23,241649.78,357748.30239211756,2908.5227836757526,1036.3088750773218,9312.715683819848,869.0190138148398,0.6557042172246064,0.4511082939947225,42.686522226820586,0.34704489615301287,0.8393997781609444,0.3562647149937402,0.8753086419753086,0.08789799022370308,0.19640704824974392,0.715074228497125,0.08789799022370308,0.0,0.0006207330294279598,0.0,0.0,0.0
2016,88706,SETE DE SETEMBRO,20,9,11,0,71687.44,106129.04329081858,5306.452164540929,5313.488701802704,5387.651406226987,5298.82493122036,0.10239439433183839,0.14320556013717325,19.026383564476944,0.9513191782238473,0.9900063312622812,0.44166900087379324,0.5353535353535354,0.0,0.31263049705778306,0.6873695029422169,0.0,0.0,0.0,0.0,0.0,0.0
2016,88714,SÃO JERÔNIMO,101,11,90,10,220897.08,327025.1492609503,3237.8727649599036,1569.2677251170874,8053.600400600902,1228.7662375916816,0.5674015399675569,0.37996690585498005,41.6554280057706,0.4124299802551545,0.8769596579678388,0.2972629153812264,0.8681818181818182,0.01006984791288323,0.3828181884522874,0.5669303550775773,0.01006984791288323,0.0,0.039366568358440955,0.0,0.0,0.0008150401988111386
2016,88722,TABAÍ,39,9,30,2,31752.65,47007.93286031989,1205.331611803074,992.6358581990633,1998.5956876491207,843.126096350408,0.3964322460951877,0.262507538740861,25.47135594488795,0.6531116908945628,0.9282341666061427,0.344960499359896,0.774074074074074,0.08256633698289749,0.15683730334318552,0.7587067536095412,0.08256633698289749,0.0,0.0018896060643757292,0.0,0.0,0.0
2016,88730,SÃO JOSÉ DO NORTE,73,9,64,2,302913.95999999996,448446.3216183099,6143.100296141231,4987.606571622139,11771.358489940794,4398.909108515714,0.43359436916430094,0.3097985975951718,43.37539451326885,0.5941834864831349,0.9272503551604376,0.26835049134084143,0.8871527777777777,0.02168206443836395,0.5232186063659794,0.4538481488274757,0.02168206443836395,0.0,0.0007394839115371244,0.0,0.0,0.0005116964566439923
2016,88749,VILA LÂNGARO,25,9,16,0,65357.24,96757.55408936934,3870.3021635747737,3858.3555948628823,3853.322094612507,3918.5947493298772,0.03399110488753809,0.13020041849992442,24.877711795520884,0.9951084718208354,0.9992064405718918,0.35387816254174753,0.3472222222222222,0.030295036938524332,0.20196691292349556,0.7677380501379801,0.030295036938524332,0.0,0.0,0.0,0.0,0.0
2016,88757,SÃO JOSÉ DO OURO,10,9,1,0,22134.14,32768.293891719935,3276.8293891719936,2946.078087719815,2857.2516127131876,3701.1031252761495,0.11715503742182887,0.16111491117341806,9.465479716066731,0.9465479716066731,0.9888707806096423,0.8870523092381271,0.2222222222222222,0.0027107445782849483,0.045179076304749134,0.7596473140587346,0.0027107445782849483,0.0,0.19246286505823132,0.0,0.0,0.0
2016,88765,SENADOR SALGADO FILHO,33,9,24,0,101565.44,150361.66696161887,4556.414150352087,3733.6728327785795,5325.739353147368,3201.9131401514032,0.3203109306281806,0.2709300525848163,24.3352003916715,0.7374303148991364,0.9527400876552053,0.34273351250189044,0.763888888888889,0.0,0.3596088393847356,0.624440853109089,0.0,0.0,0.015950307506175328,0.0,0.0,0.0
2016,88773,SÃO LEOPOLDO,160,13,147,1,746551.94,1105226.287325989,6907.664295787431,2356.9809054758607,23165.915072903474,1968.2466420218564,0.6370904446045642,0.4640704168553898,50.95964225609094,0.31849776410056835,0.855302551262029,0.2687849153536457,0.9037153322867608,0.05066916040697717,0.4127177139208827,0.35250273410313554,0.05066916040697717,0.0,0.18411039156900458,0.0,0.0,0.0
2016,88781,VESPASIANO CORRÊA,26,9,17,0,51392.28,76083.25124922679,2926.27889420103,3090.421109605585,2516.7501251877816,3442.025906506819,0.21503837361744416,0.16724301782291034,22.43742370095276,0.8629778346520293,0.9688247269700867,0.33594539880308866,0.4836601307189542,0.0,0.11908403363306708,0.8792976299163999,0.0,0.0,0.0016183364505330373,0.0,0.0,0.0
2016,88790,SÃO LOURENÇO DO SUL,89,11,78,0,452012.05,669177.2843669917,7518.845891763952,3227.3619252408025,16632.757444991017,2773.3920181006806,0.5552242087550292,0.38857784875425333,31.94761051173719,0.3589619158622156,0.8746352488805108,0.2886803349600967,0.9254079254079254,0.022688554431236956,0.35488666729128127,0.6063909136935619,0.022688554431236956,0.0,0.01603386458391983,0.0,0.0,0.0
2016,88803,MONTE ALEGRE DOS CAMPOS,27,9,18,0,28696.16,42482.978983769775,1573.4436660655472,1564.826401366756,1564.826401366756,1560.910634260214,0.1269230086172839,0.1564738975528433,25.703242681811695,0.9519719511782109,0.9923358261634719,0.34403209349264846,0.5401234567901234,0.06791849501814877,0.3899476445628962,0.5421338604189551,0.06791849501814877,0.0,0.0,0.0,0.0,0.0
2016,88811,SÃO LUIZ GONZAGA,65,13,52,5,266089.18,393929.39828006714,6060.452281231802,3553.0590002651034,9695.92790141094,2659.361030810922,0.5185977006771827,0.3438274340955915,32.36333334918026,0.4978974361412348,0.8900620577138002,0.4068915541774378,0.8380177514792899,0.03145584499151751,0.34704567844509876,0.598557596366752,0.03145584499151751,0.0,0.02294088019663182,0.0,0.0,0.0
2016,88820,MARQUES DE SOUZA,40,9,31,0,69364.67000000001,102690.3187682995,2567.257969207488,2097.0450307814663,3328.0319302483135,2040.0480426522136,0.29326163088500223,0.20684982715264127,31.09351957517272,0.777337989379318,0.9573357700637604,0.3118965317646577,0.7437275985663083,0.009358798938998771,0.2762501429041614,0.6851542723406597,0.009358798938998771,0.0,0.029236785816179903,0.0,0.0,0.0
2016,88838,SÃO MARCOS,84,9,75,1,142650.08,211185.0627635571,2514.1078900423463,1613.9770508704232,8969.993534419276,1427.1453651064833,0.5030493715477626,0.36577021197604653,41.32506609451666,0.49196507255376976,0.9037003708529642,0.3001961162587501,0.8844444444444445,0.10970901663707446,0.18422001585978784,0.601255113211293,0.10970901663707446,0.0,0.10481585429184478,0.0,0.0,0.0
2016,88846,CHUÍ,46,9,37,4,122583.93000000001,181478.3065726531,3945.1805776663714,1895.2608883914106,3097.823315856137,1319.561699460956,0.6668615659633292,0.5711580628880147,6.523629570730992,0.1418180341463259,0.7231496884646217,0.16981369417671632,0.7132132132132132,0.011307844347950013,0.6568887129006225,0.29516960338928605,0.011307844347950013,0.0,0.03663383936214151,0.0,0.0,0.0
2016,88854,SÃO MARTINHO,25,9,16,0,36223.75,53627.13373368877,2145.0853493475506,1977.8695101475744,2395.353942678724,1881.6408288903945,0.19407819455467745,0.20185651678801894,22.23592453889796,0.8894369815559184,0.9806414348945528,0.436233134338659,0.8125,0.06266606853238552,0.3189067945753822,0.55217226267297,0.06266606853238552,0.0,0.06625487421926222,0.0,0.0,0.0
2016,88862,ARARICÁ,58,9,49,0,67166.3,99435.76113729418,1714.409674780934,1226.0274212789773,1269.330327844708,1225.0651344664054,0.5114628502891971,0.4255169631198979,23.065744688423365,0.3976852532486787,0.877931536075117,0.2546738468547471,0.546485260770975,0.0350771145648934,0.34139144183913656,0.20606911501750133,0.0350771145648934,0.0,0.4174623285784687,0.0,0.0,0.0
2016,88870,SÃO NICOLAU,26,9,17,0,87570.45,129642.90647073551,4986.265633489827,4942.45311349377,6602.76797549265,1739.5184688797904,0.41393663396376623,0.2513861696496935,16.947655360085957,0.6518328984648445,0.9105476704666859,0.44358285243481105,0.7058823529411764,0.12617555351148704,0.3007863954107807,0.4474249018932756,0.12617555351148704,0.0,0.12561314918445662,0.0,0.0,0.0
2016,88889,PASSA SETE,28,9,19,0,29569.41,43775.77430542873,1563.4205109081688,1480.4412501104598,1717.3562633656366,1310.1905063477568,0.3286352952498641,0.2840506455827154,16.431478581255192,0.586838520759114,0.9299817570276827,0.4744152825504466,0.7076023391812866,0.02333526438302286,0.13527493446774894,0.8413898011492282,0.02333526438302286,0.0,0.0,0.0,0.0,0.0
2016,88897,SÃO PAULO DAS MISSÕES,21,9,12,0,32945.75,48774.24731582668,2322.583205515556,2442.7280626822585,2812.8383752098734,1806.138325134761,0.25969364500009573,0.25815165840814064,17.030403210282923,0.810971581442044,0.9602827533134066,0.5776860444822169,0.8796296296296295,0.0,0.17604698633359386,0.8239530136664062,0.0,0.0,0.0,0.0,0.0,0.0
2016,88900,TOROPI,31,9,22,0,99962.13,147988.06070090432,4773.808409706591,4737.412000353472,5779.642640431235,3630.0419452708475,0.16400698686528092,0.1851486157807962,28.632865199136845,0.9236408128753821,0.987719318914786,0.36342793015715047,0.8535353535353536,0.03701401720831679,0.44927013860148834,0.3202225682866101,0.03701401720831679,0.0,0.19349327590358467,0.0,0.0,0.0
2016,88919,SÃO PEDRO DO SUL,70,11,59,1,184704.60000000003,273444.30892515247,3906.347270359321,2522.597868125718,5255.566437892132,2113.3298845326813,0.46848873591360807,0.3315852989043045,34.87883269611211,0.49826903851588733,0.9094650791135719,0.3293593121124217,0.8243451463790447,0.013711623857770732,0.2303797523180256,0.476121601735961,0.013711623857770732,0.0,0.27978702208824247,0.0,0.0,0.0
2016,88927,BALNEÁRIO PINHAL,84,9,75,3,183422.09999999998,271545.6430218858,3232.686226451021,2331.857817461487,6798.186220507231,1708.4292026274707,0.48479405205391335,0.30043353554451724,46.73932035261958,0.5564204803883284,0.910342080669908,0.2437814200142731,0.8888888888888888,0.025155910874425712,0.3176382780482832,0.6229847439321653,0.025155910874425712,0.0,0.03422106714512592,0.0,0.0,0.0
2016,88935,SÃO SEBASTIÃO DO CAÍ,62,9,53,1,242396.43,358853.6738515126,5787.96248147601,5329.5885003976555,8098.013638104215,4589.367875342426,0.3665419128863914,0.2735372381515684,41.863353112520635,0.6752153727825909,0.9424289461636381,0.22913538784378962,0.8029350104821803,0.028601081294802898,0.4879609819336036,0.4247366596942042,0.028601081294802898,0.0,0.0587012770773893,0.0,0.0,0.0
2016,88943,MAMPITUBA,21,9,12,3,36580.2,54154.83701729063,2578.801762728125,2531.5545376888863,2561.1633626910952,2460.4933576835842,0.3449714274258697,0.2788393721193433,15.307505650605693,0.728928840505033,0.9198382972465768,0.5050546470494968,0.6296296296296295,0.0,0.33980131327876834,0.6601986867212318,0.0,0.0,0.0,0.0,0.0,0.0
2016,88951,SÃO SEPÉ,64,11,53,25,124929.87,184951.33291893723,2889.8645768583942,1087.7542085186603,7343.876865297947,592.176500044184,0.6640407846918437,0.4499901424695312,21.891096967792667,0.3420483901217604,0.7999022955513111,0.4829395083817825,0.8902229845626073,0.08933011776927327,0.22548970874619498,0.6851801734845318,0.08933011776927327,0.0,0.0,0.0,0.0,0.0
2016,88978,SÃO VALENTIM,25,9,16,0,21786.23,32253.233576394,1290.12934305576,914.2612984182155,995.5967406992842,821.6893070488085,0.3445271623406163,0.26172495195359635,17.80378216479706,0.7121512865918824,0.940665454521986,0.4575367101145999,0.6875,0.0667931073893923,0.0688508291705357,0.7193103166541435,0.0667931073893923,0.0,0.14504574678592855,0.0,0.0,0.0
2016,88986,ACEGUÁ,33,9,24,6,30953.440000000002,45824.749408819116,1388.6287699642157,1221.3640313411292,1421.2236001060414,666.1985625497068,0.48423195769145044,0.3341492900304457,17.764435706702848,0.53831623353645,0.87742550000641,0.4395101158384981,0.7546296296296297,0.02261461084777653,0.11489837640016747,0.8490368114174063,0.02261461084777653,0.0,0.01345020133464972,0.0,0.0,0.0
2016,88994,SAPIRANGA,185,15,170,6,1064005.29,1575197.3216517423,8514.580117036445,4301.0667462959145,27037.431790479837,3127.4765540958497,0.5927367166135555,0.3803344906302111,78.70260335943046,0.425419477618543,0.8836400620804634,0.24012117458551357,0.9003921568627451,0.5271022571701688,0.16590956046844468,0.1856037952593262,0.5271022571701688,0.0,0.12117292198801004,0.0,0.0,0.0002114651140503258
2016,89001,ALMIRANTE TAMANDARÉ DO SUL,19,9,10,0,472551.89,699585.3107736604,36820.27951440318,33394.31327874164,41444.95279684232,20091.068205249052,0.5231814213539261,0.3393479179609249,9.732055204920183,0.5122134318379044,0.8320830120197944,0.4871218269807364,0.6333333333333333,0.005144408585478306,0.4243956362125649,0.5704599552019567,0.005144408585478306,0.0,0.0,0.0,0.0,0.0
2016,89010,SAPUCAIA DO SUL,166,11,155,18,763482.95,1130291.6529360218,6808.985861060372,3001.594634598957,18459.62194762732,2750.6598427052345,0.5789689267541946,0.4253398062130922,62.1716521874773,0.37452802522576684,0.8814749014637293,0.19515756049300118,0.9343108504398827,0.046588335731662385,0.4732168151233764,0.3653658539460508,0.046588335731662385,0.0,0.11482899519891047,0.0,0.0,0.0
2016,89028,ARROIO DO PADRE,31,9,22,0,49845.4,73793.18628825592,2380.425364137288,2283.580628295384,2442.7280626822585,2196.6047048513947,0.13325917284631195,0.19520356943669825,28.536704930947675,0.9205388687402476,0.9889122432006024,0.30038880217632913,0.5782828282828283,0.028299702680688685,0.21867614664542764,0.7530241506738836,0.028299702680688685,0.0,0.0,0.0,0.0,0.0
2016,89036,SARANDI,45,11,34,0,234987.99,347885.91367654427,7730.798081700984,7287.368422781231,10512.879796459396,6976.475760258034,0.3324444491349914,0.2587385848953387,32.081233465476046,0.712916299232801,0.9499164003083639,0.35561485504003837,0.7887700534759358,0.07463623992017636,0.4280225129803442,0.381163650108246,0.07463623992017636,0.0,0.11617759699123345,0.0,0.0,0.0
2016,89044,BOA VISTA DO CADEADO,20,9,11,1,29872.0,44223.74102329965,2211.187051164982,2015.6207620253908,2407.1974726796075,1666.9768476243778,0.23739287627209404,0.20591189073379756,16.385335951795323,0.8192667975897662,0.9600283711869808,0.5433181574718801,0.7575757575757575,0.07160551687198714,0.06929566148901982,0.859098821638993,0.07160551687198714,0.0,0.0,0.0,0.0,0.0
2016,89052,SEBERI,29,9,20,0,101507.15,150275.37204114997,5181.909380729309,6413.597192553537,8236.52372146455,4042.07095179534,0.3689076905012314,0.20423103200119397,20.168795204398883,0.6954756967034098,0.9274151668516721,0.41419791610738743,0.7222222222222222,0.06470677188749759,0.24047567092564417,0.49824381829260306,0.06470677188749759,0.0,0.19657373889425525,0.0,0.0,0.0
2016,89060,BOA VISTA DO INCRA,30,9,21,0,108228.12,160225.3732699048,5340.845775663493,4966.880394120592,6761.234406904474,4781.825237856785,0.2721114685043651,0.2002267063310349,24.082411839560955,0.8027470613186984,0.9621859909471698,0.38492158969406487,0.7354497354497355,0.013212832302732415,0.5077238706539484,0.4790632970433193,0.013212832302732415,0.0,0.0,0.0,0.0,0.0
2016,89079,SELBACH,21,9,12,0,29754.519999999997,44049.81878523668,2097.610418344604,1894.9648001413884,2581.889540192642,1460.2258248402013,0.2824671440075084,0.25422692081740855,16.836670460484036,0.8017462124040018,0.9546690475020928,0.49086390908003213,0.6759259259259259,0.1061519392683868,0.07057751225696131,0.6031359269112726,0.1061519392683868,0.0,0.2201346215633793,0.0,0.0,0.0
2016,89087,BOZANO,24,9,15,0,37472.149999999994,55475.31659032666,2311.471524596944,1575.2042945300304,1917.5859424430764,1458.663959321335,0.3087597833768989,0.32520151632612493,16.603508274499717,0.6918128447708215,0.9438883431356305,0.3940467787410117,0.5962962962962963,0.09860549768294588,0.31467956869301605,0.5072425788218718,0.09860549768294588,0.0,0.07947235480216643,0.0,0.0,0.0
2016,89095,SERAFINA CORRÊA,34,9,25,0,85941.98999999999,127232.06711258064,3742.119620958254,2868.0958448702468,6232.109899702495,2675.3794051371174,0.2796870478631952,0.2694135893292673,24.939471354374717,0.7335138633639623,0.9596058218256969,0.4008842476186553,0.8133333333333332,0.03671080923306524,0.20071678582262292,0.7334092450035193,0.03671080923306524,0.0,0.029163159940792625,0.0,0.0,0.0
2016,89109,CANUDOS DO VALE,15,9,6,0,16008.85,23700.161906830836,1580.0107937887224,1628.4853751215057,1674.37905387493,1347.2015376005183,0.12675572157483717,0.191634627096887,14.227151522010347,0.9484767681340232,0.9903586818714101,0.6401990149198725,0.6944444444444443,0.0,0.018739634639589976,0.9812603653604101,0.0,0.0,0.0,0.0,0.0,0.0
2016,89117,SERTÃO,32,9,23,0,54970.7,81380.89182744705,2543.1528696077203,2240.647832042181,2220.6618751656897,2260.633788918672,0.3564977001384375,0.30028724393176726,22.323241328732056,0.6976012915228768,0.9380485322944456,0.3434011209608028,0.5869565217391304,0.05068154489573537,0.4018504403254825,0.5292765054838305,0.05068154489573537,0.0,0.0,0.0,0.0,0.018191509294951676
2016,89125,CAPÃO BONITO DO SUL,39,9,30,0,78634.93000000001,116414.39407154851,2984.9844633730386,2322.5606464107927,2065.2451527290937,2740.133905416949,0.28411548835182465,0.22747054012765064,29.99834237255741,0.7691882659630105,0.9641455512675742,0.17102399658777595,0.34444444444444444,0.02923700701456719,0.31248187033421404,0.6582811226512187,0.02923700701456719,0.0,0.0,0.0,0.0,0.0
2016,89133,SEVERIANO DE ALMEIDA,25,9,16,0,53360.05,78996.41912795663,3159.8567651182652,3849.1472502871957,4222.781012990074,2558.5503838846507,0.27961918326538293,0.20770745154848996,19.956773814357447,0.7982709525742979,0.9524633916659659,0.47862211523414994,0.7951388888888888,0.029122911241649885,0.24666393678416718,0.7242131519741829,0.029122911241649885,0.0,0.0,0.0,0.0,0.0
2016,89141,CAPÃO DO CIPÓ,32,9,23,1,134802.78,199567.5961415653,6236.487379423916,6989.163141771481,7196.632178561959,6895.895343014522,0.18007499084959533,0.18507481818995125,28.11072151110272,0.87846004722196,0.9715440426385885,0.3437743642972348,0.7270531400966184,0.0,0.24660648689886067,0.6732764710045298,0.0,0.0,0.08011704209660958,0.0,0.0,0.0
2016,89150,CAPÃO DA CANOA,109,11,98,2,305254.73999999993,451911.7088877433,4145.9789806214985,2885.8685420778224,9251.765917552799,2182.414675469086,0.5505968297497754,0.3601849720662814,47.61795888876231,0.4368620081537827,0.8874651996352667,0.25484917940995777,0.855287569573284,0.043638896483638556,0.23487903906094962,0.32648472551155155,0.043638896483638556,0.0,0.3949973389438605,0.0,0.0,0.0
2016,89168,COQUEIRO BAIXO,20,9,11,0,39769.75,58876.77840658046,2943.838920329023,2844.297751774721,2712.9085908274174,2875.757128339568,0.0658531295771283,0.12832617755957731,19.686803992630768,0.9843401996315384,0.9974707215108868,0.45022913143783905,0.5101010101010102,0.018607107160593165,0.10183619459513826,0.8795566982442685,0.018607107160593165,0.0,0.0,0.0,0.0,0.0
2016,89176,SOBRADINHO,35,9,26,1,81370.35,120464.02267592566,3441.829219312162,2898.70396771628,5300.542243070488,2287.2003071519043,0.3961970493113105,0.3304181437095945,21.60451804373371,0.6172719441066774,0.9239040389106399,0.46153555932842855,0.782051282051282,0.2172845514367334,0.10862691385744315,0.6740885347058234,0.2172845514367334,0.0,0.0,0.0,0.0,0.0
2016,89184,CORONEL PILAR,17,9,8,0,39211.2,58049.87794633127,3414.6987027253685,4114.146234056968,1701.0269963769183,4248.126167191965,0.2779145934294882,0.20606357367282815,13.604685693954014,0.8002756290561185,0.9542032718945688,0.46445913412494383,0.3472222222222222,0.0007650875260129759,0.39376504672134494,0.3504406904149835,0.0007650875260129759,0.0,0.2550291753376586,0.0,0.0,0.0
2016,89192,SOLEDADE,93,13,80,0,257781.52999999997,381630.41052858706,4103.552801382657,3459.7912015081447,6043.797772688444,2660.8414720610326,0.4057619769182319,0.3067312464162968,55.53638583803456,0.5971654391186512,0.9388213542112247,0.27695223160480115,0.83125,0.06452223322594136,0.26786868710105033,0.4926363033069127,0.06452223322594136,0.0,0.17497277636609576,0.0,0.0,0.0
2016,89206,CRUZALTENSE,26,9,17,1,67284.5,99610.74929305725,3831.1826651175866,3871.3538690388523,4352.497275324752,2072.6177501546435,0.41662555726344563,0.2867079342196196,16.338865517542633,0.6284179045208705,0.9057803651986723,0.5112581649562676,0.7973856209150326,0.011183853636424436,0.4152962420765555,0.57351990428702,0.011183853636424436,0.0,0.0,0.0,0.0,0.0
2016,89214,TAPEJARA,53,11,42,0,240417.92,355924.6060337566,6715.558604410501,5724.377768564612,10308.712143656661,5219.576911101947,0.26524376370224023,0.2581477287549946,39.98696535094123,0.7544710443573818,0.9667316619573666,0.3344167522953363,0.8766233766233766,0.04638589336435487,0.21195383438971602,0.7416602722459291,0.04638589336435487,0.0,0.0,0.0,0.0,0.0
2016,89222,FORQUETINHA,32,9,23,0,79535.3,117747.33895991046,3679.6043424972017,2260.633788918672,2260.633788918672,2260.633788918672,0.31701902331417653,0.2652910091493966,23.279374917712783,0.7274804661785245,0.9505685603979982,0.3157667098759922,0.5966183574879227,0.020929071745501685,0.19136157152861685,0.7776509298387004,0.020929071745501685,0.0,0.010058426887180913,0.0,0.0,0.0
2016,89230,TAPERA,41,9,32,0,65958.06,97647.03280126072,2381.6349463722127,1717.3118501281333,2901.6648502165012,1412.3409526053786,0.42271515728808695,0.3407265162134847,22.540673069701942,0.5497725138951693,0.9170111799617063,0.3367796141972641,0.7152777777777778,0.06568810544154877,0.11674085017054778,0.6390560910978886,0.06568810544154877,0.0,0.1785149532900149,0.0,0.0,0.0
2016,89247,SANTA CECÍLIA DO SUL,24,9,15,1,42439.95,62829.85263262541,2617.910526359392,3945.1612675631095,4007.228766973991,1372.3690388523962,0.3223622534113886,0.19958411826592634,17.54385563661154,0.7309939848588142,0.9295393985938627,0.4913134911798907,0.7777777777777777,0.026932171220748376,0.21206434032085336,0.7610034884583984,0.026932171220748376,0.0,0.0,0.0,0.0,0.0
2016,89249,ITATI,25,9,16,0,63481.0,93979.8909982621,3759.195639930484,3627.0810627706264,3923.1693127927183,3265.8533977436746,0.24191301334257487,0.23309336651911597,20.707334685455248,0.8282933874182099,0.969503141895288,0.4563097619760244,0.6979166666666666,0.0,0.3007199004426521,0.6992800995573478,0.0,0.0,0.0,0.0,0.0,0.0
2016,89257,TAPES,85,9,76,1,153587.38,227377.09284839025,2675.0246217457675,1165.8918976994903,4162.008899673039,1081.7066060119591,0.5377233360770999,0.3640155200251479,39.32129955436489,0.46260352416899875,0.8895307534559476,0.1895492976050506,0.7609649122807018,0.06872407094905844,0.40621501584309855,0.4110468581468087,0.06872407094905844,0.0,0.1140140550610343,0.0,0.0,0.0
2016,89265,JACUIZINHO,37,9,28,1,92296.41,136639.41260110753,3692.9570973272303,3893.5604877905093,5792.226391057174,3366.153292438658,0.2643767319145267,0.1848880146042517,30.346501979332654,0.8201757291711528,0.9621630377992625,0.3356777365446825,0.8174603174603176,0.014442598579944767,0.42884874937172524,0.5567086520483299,0.014442598579944767,0.0,0.0,0.0,0.0,0.0
2016,89273,TAQUARA,139,15,124,18,360820.78,534173.9666090312,3842.9781770433897,1924.5736251435978,9427.953230728446,1454.1190046834959,0.6214907689872433,0.42466071383139303,51.27977234638313,0.3689192255135477,0.8610881255852053,0.32185480004782435,0.906989247311828,0.05501055122157875,0.2861372618284346,0.5912598769948892,0.05501055122157875,0.0,0.06759230995509737,0.0,0.0,0.0
2016,89281,LAGOA BONITA DO SUL,26,9,17,0,32113.02,47541.439473622195,1828.516902831623,1665.4964063742673,2472.36649650947,1406.4191876049367,0.2581330419394232,0.19773911018023219,21.596108523032527,0.8306195585781742,0.9666170692198838,0.4208579573020538,0.7124183006535948,0.0,0.08719204858340947,0.9128079514165905,0.0,0.0,0.0,0.0,0.0,0.0
2016,89290,TAQUARI,75,9,66,5,191002.15999999997,282767.47652419814,3770.233020322642,2087.4221626557483,9975.938559456832,1882.2700164216913,0.5591437430166586,0.39982772969687874,30.61011024255075,0.40813480323401,0.8725735574497353,0.2954751401764252,0.8240740740740741,0.00707756393959105,0.29741784071970706,0.5636095947815459,0.00707756393959105,0.0,0.131895000559156,0.0,0.0,0.0
2016,89303,MATO QUEIMADO,10,9,1,0,11114.05,16453.698075790155,1645.3698075790155,1704.6170664084361,1854.7708202008894,1260.37365828154,0.14616049055024938,0.1394631120068742,9.371430041515143,0.9371430041515143,0.9849000487198111,0.9233987610277081,0.8333333333333333,0.0,0.21144407304268023,0.7863919993161809,0.0,0.0,0.0,0.0,0.0,0.0021639276411389193
2016,89311,TENENTE PORTELA,34,9,25,0,122715.7,181673.38431618016,5343.334832828828,4779.9746862941465,7016.699349023535,4027.614442988012,0.3659159293534955,0.28129880691712633,23.45203033946033,0.6897655982194214,0.9391208275878911,0.4054396462718299,0.8133333333333332,0.030457390537641068,0.3683041371234487,0.5245418475386605,0.030457390537641068,0.0,0.07669662480024969,0.0,0.0,0.0
2016,89320,NOVO XINGU,22,9,13,0,44571.29,65985.17628663585,2999.326194847084,2832.691092373855,3567.4933024536804,2563.354415741259,0.14964846204810311,0.19924642073406443,20.491175417642637,0.9314170644383016,0.987846566689308,0.48251015395785035,0.829059829059829,0.022716416778603445,0.08750027203610217,0.8897833111852944,0.022716416778603445,0.0,0.0,0.0,0.0,0.0
2016,89338,TORRES,91,13,78,28,168881.94,250019.7903746797,2747.470223897579,817.2035700609738,6305.7618518954905,604.0200300450676,0.7256700765615929,0.5684190979805182,24.024097023736537,0.264001066194907,0.7775602236157086,0.46875284592301575,0.8722879684418146,0.04740240430681931,0.18903158028620468,0.601337656353308,0.04740240430681931,0.0,0.16222835905366792,0.0,0.0,0.0
2016,89346,PAULO BENTO,34,9,25,0,22374.39,33123.969902058976,974.2344088840875,766.4984572446906,770.5696706824943,762.4272438068868,0.30605552098784794,0.302081084668677,20.533965492151452,0.6039401615338662,0.9421863035838668,0.2599400475275527,0.5622222222222222,0.0026816373541356884,0.2368779662819858,0.7509876246905502,0.0026816373541356884,0.0,0.009452771673328302,0.0,0.0,0.0
2016,89354,TRAMANDAÍ,107,13,94,6,365293.31,540795.2845133877,5054.1615375082965,2264.912264131491,11887.943238386992,1953.4422295207519,0.5986668513062403,0.41475336627435083,42.34039974331186,0.3957046704982417,0.8670340835622196,0.3233827085418017,0.9091653027823241,0.05247098557594718,0.434251204874242,0.5132174744727737,0.05247098557594718,0.0,6.022557598988057e-05,0.0,0.0,1.0950104725432831e-07
2016,89362,PINHAL DA SERRA,29,9,20,0,53534.0,79253.94188341334,2732.8945477039083,201.34001001502253,201.34001001502253,201.34001001502253,0.6116576896667665,0.3377666529682072,11.918510681157741,0.4109831269364738,0.7816669434535404,0.41198117084469693,0.5833333333333333,0.0,0.34525721971083795,0.654742780289162,0.0,0.0,0.0,0.0,0.0,0.0
2016,89370,TRÊS COROAS,54,9,45,0,130518.36,193224.764040767,3578.236371125315,2755.8413870806207,7608.727804942708,2579.6688783174764,0.36946940730109623,0.29061704422274387,35.648178572492995,0.6601514550461666,0.9445304439543537,0.3469284321378234,0.8765432098765432,0.027245209026530826,0.14365496164677521,0.6897118535660424,0.027245209026530826,0.0,0.1393879757606516,0.0,0.0,0.0
2016,89389,QUATRO IRMÃOS,28,9,19,0,64602.90000000001,95640.79803676103,3415.7427870271795,5699.69881292527,5765.282360305164,5691.260297799641,0.4021511749914808,0.18598081510272757,17.078595944406715,0.6099498551573826,0.8715684682985829,0.36972024475681436,0.5994152046783625,0.0,0.30107007580155065,0.6989299241984493,0.0,0.0,0.0,0.0,0.0,0.0
2016,89397,TRÊS DE MAIO,53,11,42,0,183360.6,271454.595885004,5121.784828018943,4962.128177707738,5842.857481810951,4771.2918983622485,0.3020748536768221,0.2269150515432432,40.77986956970766,0.7694315013152389,0.9597629810151642,0.24706114617862288,0.6212121212121211,0.09219565162853963,0.29297471757836746,0.5613849431120971,0.09219565162853963,0.0,0.053444687680995806,0.0,0.0,0.0
2016,89400,ROLADOR,22,9,13,0,38690.0,57278.2719667737,2603.557816671532,2405.717031429497,2516.7501251877816,2339.0971751745265,0.1270354096665809,0.18997156888084776,20.90288341904881,0.9501310645022186,0.9917730863856048,0.43964848798139056,0.6623931623931624,0.15688808477642802,0.1558542258981649,0.6872576893254071,0.15688808477642802,0.0,0.0,0.0,0.0,0.0
2016,89419,TRÊS PASSOS,55,11,44,0,192347.11000000004,284758.59598353406,5177.429017882438,4817.355827859436,8779.016613155027,4249.488173142066,0.2850808378286902,0.21949989266800007,43.44988704698529,0.7899979463088235,0.9671435828206655,0.3139563677353926,0.9090909090909091,0.02432123882703514,0.26571212845360653,0.5962306894031315,0.02432123882703514,0.0,0.11373594331622658,0.0,0.0,0.0
2016,89435,TRIUNFO,88,11,77,7,474837.56999999995,702969.125730213,7988.285519661512,6000.332017585201,18177.094539456244,4628.658786120357,0.545484220434675,0.35761999624418933,40.28243006101517,0.4577548870569906,0.8831066970633265,0.32774898161491306,0.8937426210153483,0.0015184139704867922,0.4726893451164785,0.4590577152519756,0.0015184139704867922,0.0,0.06673452566105921,0.0,0.0,0.0
2016,89443,SANTA MARGARIDA DO SUL,31,9,22,5,25055.260000000002,37092.84043624261,1196.5432398787939,858.6559250640667,1776.5295001325517,551.4643656661463,0.4967383707955164,0.3545040043487873,17.014090745400456,0.5488416369484018,0.8720567260714928,0.45419604506199485,0.8232323232323232,0.0,0.3115114351238023,0.6884885648761977,0.0,0.0,0.0,0.0,0.0,0.0
2016,89451,TUCUNDUVA,29,9,20,0,65749.78,97338.68649768771,3356.506430954749,3145.937656484727,4293.279625320333,2879.458231464844,0.2271623177110722,0.17911390730128676,24.97856876843011,0.8613299575320729,0.9756226343964697,0.41050221004541765,0.8166666666666667,0.0,0.19073828079728936,0.7849270370182228,0.0,0.0,0.024334682184487918,0.0,0.0,0.0
2016,89460,SÃO JOSÉ DO SUL,16,9,7,0,40833.55,60451.67180844797,3778.2294880279983,4020.175225706206,3353.8804344752425,4285.744179357271,0.15278690868170908,0.18178287217251501,14.865686349076569,0.9291053968172855,0.9859149309360474,0.5323556242354632,0.3650793650793651,0.013917722069229834,0.38604358425853247,0.5405285604606995,0.013917722069229834,0.0,0.059510133211538065,0.0,0.0,0.0
2016,89478,TUPANCIRETÃ,90,9,81,10,104867.09999999999,155249.5806194586,1724.9953402162066,1467.8574994845208,3353.1994315001916,1317.5927125983092,0.47458565916076423,0.31055354825297926,49.330798342706935,0.5481199815856326,0.9123532342726858,0.16775881091400446,0.7270233196159122,0.053235571499545616,0.3706167139169482,0.4877435344354903,0.053235571499545616,0.0,0.08840418014801593,0.0,0.0,0.0
2016,89486,SÃO PEDRO DAS MISSÕES,18,9,9,0,36808.65,54493.043820878374,3027.3913233821318,2888.7257936905357,2841.351673687001,2936.0999136940704,0.18790337174670757,0.20013013245527886,15.404331740564247,0.8557962078091248,0.973096419513001,0.47824573843376494,0.537037037037037,0.011919752558162279,0.07230691698826226,0.9157733304535753,0.011919752558162279,0.0,0.0,0.0,0.0,0.0
2016,89494,TUPARENDI,35,9,26,0,104618.98,154882.25353648118,4425.207243899462,3701.1031252761495,4885.456125364517,3518.56471913753,0.32159139766034817,0.2825360178430339,24.300138219492986,0.6942896634140853,0.9494445915286395,0.3703307946607776,0.75,0.02063487906305338,0.14404652004827423,0.8333113169331224,0.02063487906305338,0.0,0.0020072839555499394,0.0,0.0,0.0
2016,89508,TIO HUGO,18,9,9,0,54635.70999999999,80884.95881307255,4493.608822948475,4001.2699909422954,4949.115099119267,3846.1863677869746,0.13657830707750973,0.17657096430155295,16.80929559928454,0.9338497555158077,0.988849089578841,0.558848233142756,0.728395061728395,0.0,0.45437315631113795,0.5456268436888622,0.0,0.0,0.0,0.0,0.0,0.0
2016,89516,URUGUAIANA,147,11,136,7,683983.43,1012597.2841640401,6888.416899075103,2624.792727620843,22613.14791893723,2497.8300860113695,0.6506688593776209,0.4918197652829103,40.743475754394105,0.27716650173057217,0.8411536376021409,0.28750500578647054,0.8897058823529411,0.09896374244036876,0.4593497243054557,0.4197537358470803,0.09896374244036876,0.0,0.02147225993471801,0.0,0.0,0.00046053747237707204
2016,89524,WESTFALIA,18,9,9,5,6814.29,10088.156006215204,560.4531114564002,518.1544375386609,666.1985625497069,0.0,0.4825621353557499,0.3357899355618854,9.43752783017431,0.5243071016763506,0.8362107296620285,0.5761598053502273,0.7407407407407407,0.0,0.0,1.0,0.0,0.0,0.0,0.0,0.0,0.0
2016,89532,VACARIA,172,15,157,16,427729.06,633227.7442949719,3681.5566528777435,1659.5746413738254,5478.565303396271,1591.4743438687442,0.5667437699930884,0.3723197343664234,73.53507793664642,0.42752952288747914,0.8916487947611569,0.15228703422676027,0.7239915074309979,0.05982287011315061,0.3617055385481641,0.5362001590446064,0.05982287011315061,0.0,0.04227143229407888,0.0,0.0,0.0
2016,89540,PINTO BANDEIRA,28,9,19,2,23786.41,35214.382556039935,1257.656519858569,1077.7612300804149,1447.8715426080296,857.9157044390115,0.3802707842719557,0.2541165312462032,18.524644964118202,0.6615944630042215,0.922318512621831,0.43237672267483834,0.6842105263157894,0.08809063662822596,0.2621244651883155,0.6497848981834586,0.08809063662822596,0.0,0.0,0.0,0.0,0.0
2016,89559,VENÂNCIO AIRES,130,15,115,0,666037.3300000001,986029.1374454328,7584.839518811022,4115.552653244573,23254.371437597572,3696.1436470882795,0.5445759001803419,0.3953943542473813,53.34381075528672,0.41033700580989785,0.8931321142743326,0.3346062299541079,0.8892753623188405,0.02699117480397082,0.29646586025440946,0.564175464459327,0.02699117480397082,0.0,0.1123675004822928,0.0,0.0,0.0
2016,89567,PEDRAS ALTAS,32,9,23,0,35217.46,52137.38050811511,1629.2931408785971,1443.4302188576983,2146.0476361601222,1110.3309375828449,0.4565089482603235,0.32967624581670574,18.964509491791418,0.5926409216184818,0.8950214933866746,0.40099740299272013,0.71256038647343,0.09645215753776677,0.09370352092399623,0.8097023465065339,0.09645215753776677,0.0,0.0,0.0,0.0,0.0001419750317030246
2016,89575,VERA CRUZ,63,11,52,1,107517.27,159173.00160726387,2526.5555810676806,1850.5515626380748,4707.803175351262,1768.2612357506848,0.4289287177948693,0.3463356165944317,35.29513320420101,0.5602402095904921,0.9238409929840093,0.3865617123649065,0.8828671328671329,0.07270134370041204,0.19489557352042142,0.6813415184369915,0.07270134370041204,0.0,0.05106156434217498,0.0,0.0,0.0
2016,89591,VERANÓPOLIS,65,9,56,0,129642.82,191928.57850864533,2952.7473616714665,1782.4512651329935,4370.262570326077,1609.979859495125,0.42698274441209394,0.36961985245307066,34.2311855995753,0.5266336246088508,0.920917178825184,0.2959715007742041,0.9007936507936508,0.05081631207960456,0.2490843688836759,0.6653885652903877,0.05081631207960456,0.0,0.03471075374633165,0.0,0.0,0.0
2016,89613,VIADUTOS,27,9,18,0,32496.0,48108.4188635895,1781.7932912440554,1846.1102388877434,1881.6408288903945,1709.909643877581,0.16043000164122767,0.1657742491383555,24.953863650799885,0.9242171722518476,0.9872359762369602,0.361152141802068,0.6111111111111112,0.03588133924175283,0.11401403249630723,0.8501046282619399,0.03588133924175283,0.0,0.0,0.0,0.0,0.0
2016,89630,VIAMÃO,330,21,309,28,982135.8400000001,1453994.4107478866,4406.04366893299,1126.9859016465875,15412.873854899997,1011.1561782379451,0.7169683890471843,0.5491381416240751,80.10892457143254,0.2427543168831289,0.8301113131110168,0.2905413776570866,0.9382031129603945,0.0760234958944172,0.366402879666829,0.4670235738469741,0.0760234958944172,0.0,0.09055005059177965,0.0,0.0,0.0
2016,89656,VICENTE DUTRA,33,9,24,0,100264.52,148435.7313305252,4498.05246456137,4300.311721258358,4775.533362543816,4167.072008748417,0.2522072432184206,0.24602920355076754,26.641642821886844,0.8073225097541468,0.9662431731923342,0.3017461211603068,0.6388888888888888,0.04404100273955333,0.4543054711676673,0.49411596445083467,0.04404100273955333,0.0,0.007537561641944727,0.0,0.0,0.0
2016,89672,PALMARES DO SUL,72,9,63,1,117380.05,173774.26796002826,2413.5314994448368,2006.3680042122005,3592.808847830569,1933.4562726442605,0.3589301837634815,0.28410492242932256,48.66859655194384,0.675952729888109,0.9496164951560362,0.21868094280075706,0.8606701940035273,0.0895544004283522,0.19252206827310092,0.6633997855683311,0.0895544004283522,0.0,0.05452374573021565,0.0,0.0,0.0
2016,89699,VICTOR GRAEFF,24,9,15,0,45013.41,66639.70897213467,2776.6545405056113,2458.013618589649,3198.2860590886326,2334.8186999617074,0.2265796551886794,0.23750122463505874,20.278488414651,0.844937017277125,0.9739014047361784,0.4454625854828595,0.7037037037037037,0.054339362425552734,0.26086670616600693,0.32775321842979677,0.054339362425552734,0.0,0.3570333818299924,0.0,0.0,7.331148651035324e-06
2016,89710,TAVARES,23,9,14,0,39605.96,58634.29693422487,2549.317258009777,2204.5250655394857,3000.854413973902,2061.1443304662876,0.25273102287152494,0.24780361339555965,18.680261188983025,0.8121852690862185,0.9662906301675039,0.5069825349518102,0.7857142857142857,0.09505286578080673,0.2216585584593834,0.6832885757598098,0.09505286578080673,0.0,0.0,0.0,0.0,0.0
2016,89737,CAPÃO DO LEÃO,105,11,94,9,112532.6,166597.90302218034,1586.6466954493367,962.2868125717989,2111.7754212200653,809.5052755603995,0.5629649685428719,0.4420578570121013,38.649337740412584,0.36808893086107225,0.8744990295094675,0.2215841453943124,0.7224371373307544,0.042960884223771596,0.4022745408885958,0.5187039133548856,0.042960884223771596,0.0,0.033217041106310526,0.0,0.0,0.002843620426436428
2016,89753,SALTO DO JACUÍ,51,9,42,5,143456.53,212378.96460970867,4164.293423719778,3301.383987746325,5311.778792158827,2846.888523962414,0.47106925550418444,0.33812158986419094,28.95011179557204,0.5676492508935694,0.9026336255561487,0.23108951540930206,0.671957671957672,0.04977479937650799,0.3987964855974141,0.5125135816403756,0.04977479937650799,0.0,0.03891513338570227,0.0,0.0,0.0
2016,89770,COTIPORÃ,22,9,13,0,49304.140000000014,72991.88265722113,3317.8128480555056,3165.997635423724,3696.735823588324,3082.352704792483,0.11700074089297408,0.1799067989016744,21.114262298820233,0.9597391954009197,0.9932042785074051,0.4318570408083378,0.6239316239316239,0.010303394400551351,0.39814100803705316,0.4812029983688995,0.010303394400551351,0.0,0.11035259919349572,0.0,0.0,0.0
2016,98213,TEUTÔNIA,79,11,68,4,363829.50000000006,538628.1998070636,6818.0784785704245,6273.621472355592,8956.669563168281,5794.987413988631,0.2891851502079821,0.2148105087685303,60.9221000386239,0.7711658232737203,0.9642446559706785,0.21860041585412945,0.7927807486631017,0.045134685340248656,0.29937437728386507,0.5441063465167062,0.045134685340248656,0.0,0.1113845908591799,0.0,0.0,0.0
2016,98230,BOM PRINCÍPIO,36,9,27,0,123943.65,183491.29214925328,5096.980337479257,4015.6968909246225,5248.16423164158,3915.767106542166,0.33241234356634397,0.24573263737190248,26.526435686465135,0.7368454357351426,0.9507438431591635,0.3508596850262196,0.6995884773662552,0.009710057756085124,0.5269491418075876,0.46334080043632736,0.009710057756085124,0.0,0.0,0.0,0.0,0.0
2016,98256,PAROBÉ,184,15,169,0,546035.84,808373.981574715,4393.3368563843205,2560.178869259772,12470.748545317976,2417.560561430381,0.5443319488603215,0.39902378935419336,76.43714065792248,0.4154192427061005,0.9006418256804987,0.242712108421308,0.8662721893491124,0.0,0.4684490673725739,0.4452473669127653,0.0,0.0,0.08630356571466077,0.0,0.0,0.0
2016,98272,FORTALEZA DOS VALOS,28,9,19,0,159529.44999999998,236173.97838743406,8434.78494240836,8652.68315907685,9440.773851954402,8586.944165365696,0.19938155843415006,0.18253682940673338,24.287966058263205,0.8674273592236859,0.9730473770355431,0.374990511156404,0.672514619883041,0.0031278864184638012,0.30929712350917027,0.6675755479630877,0.0031278864184638012,0.0,0.01999944210927826,0.0,0.0,0.0
2016,98299,JÓIA,41,9,32,0,101791.30000000002,150696.03942236883,3675.5131566431423,2886.8604377153965,4093.4200565554215,2020.0028681257181,0.42930461281215915,0.3621023604178354,22.72733520161372,0.5543252488198468,0.9143703822461666,0.25184087441657593,0.7118055555555556,0.027507262408476948,0.6148734715049321,0.25753821790270875,0.027507262408476948,0.0,0.10008104818388211,0.0,0.0,0.0
2020,84735,ÁUREA,38,9,29,0,25949.5,33575.802912587445,883.5737608575644,748.515462145006,691.5842947562761,754.9849129846344,0.21938005092887858,0.18886683751132002,32.34540204533672,0.8511947906667557,0.9780214266314582,0.23422416616890493,0.45593869731800774,0.40077843503728394,0.0,0.5992215649627161,0.0,0.40077843503728394,0.0,0.0,0.0,0.0
2020,84743,TRÊS ARROIOS,22,9,13,0,26731.96,34588.22021338257,1572.191827881026,1280.9512662464235,1280.9512662464235,1280.9512662464235,0.2858450062295197,0.3487196599127037,15.5771677540857,0.7080530797311682,0.9476334675576632,0.4001640732666067,0.5384615384615385,0.08042807186603601,0.3737084747994535,0.5009733667116066,0.0,0.08042807186603601,0.04489008662290382,0.0,0.0,0.0
2020,84751,NOVA ROMA DO SUL,25,9,16,0,18058.99,23366.34960366818,934.6539841467271,704.5231964355329,1093.3371918971998,452.86155877398807,0.283123607687916,0.2255325463937906,19.446837877306663,0.7778735150922665,0.956138575396555,0.397065395130071,0.625,0.0,0.4745835730569649,0.5254164269430349,0.0,0.0,0.0,0.0,0.0,0.0
2020,84760,PROGRESSO,32,9,23,0,50593.0,65461.785265863946,2045.6807895582483,1616.0688197391746,1648.4160739373167,1583.7215655410325,0.3489526713181661,0.3558397406755875,19.23715241311383,0.6011610129098072,0.9317615437355347,0.291384183582709,0.5096618357487923,0.5089636906291384,0.25414583045085287,0.19561994742355662,0.0,0.5089636906291384,0.04127053149645208,0.0,0.0,0.0
2020,84778,PIRAPÓ,19,9,10,0,44124.270000000004,57091.95911989806,3004.8399536788456,3884.905229196855,3897.8441308761116,3035.789806495627,0.3544216321193232,0.19641730050151535,13.564954249948638,0.7139449605236126,0.920260527179082,0.5383493030026332,0.6277777777777778,0.13173022465867423,0.3895815160228146,0.47868825931851106,0.06374043128645528,0.06798979337221896,0.0,0.0,0.0,0.0
2020,84786,JABOTICABA,22,9,13,0,11850.0,15332.59848991931,696.9362949963323,634.0061822835833,787.3321671827764,621.0672806043265,0.1421672420406599,0.2072573839662447,20.586455784109063,0.9357479901867756,0.9894648357467525,0.4709704641350211,0.6965811965811965,0.010126582278481013,0.1380590717299578,0.8518143459915611,0.0,0.010126582278481013,0.0,0.0,0.0,0.0
2020,84794,SÃO JORGE,20,9,11,0,50889.600000000006,65845.55308967069,3292.2776544835347,3280.0245145932786,3672.4484636234583,2768.9249593609557,0.40947698547443867,0.2473684210526316,12.716973980099183,0.6358486990049592,0.9018578023554845,0.5476855781927938,0.696969696969697,0.01403862478777589,0.5329493648997045,0.4412217820537005,0.008404664214299187,0.005633960573476701,0.01179022825881909,0.0,0.0,0.0
2020,84808,ALTO ALEGRE,25,9,16,0,296723.9,383928.1367985628,15357.12547194251,1126.9783362632675,1130.8600067670445,945.0573786529168,0.6961925210608246,0.5041723973026776,7.851410059156703,0.31405640236626814,0.7115440209167311,0.4894021007407897,0.6041666666666666,0.0016021628187011562,0.251186372247062,0.6999335072099011,0.0016021628187011562,0.0,0.04727795772433565,0.0,0.0,0.0
2020,84816,NOVA HARTZ,70,9,61,0,257201.39999999994,332790.3626367201,4754.14803766743,3992.3628076430828,5831.782948169588,3842.2715481637038,0.47245866802102476,0.3261940642624806,36.12437909377913,0.516062558482559,0.9062785656583678,0.24965913871386386,0.7759562841530054,0.1717318023929886,0.4258792137212318,0.35708110453520087,0.0,0.1717318023929886,0.03659097501024489,0.008716904340334074,0.0,0.0
2020,84824,DOIS LAJEADOS,36,9,27,0,31158.149999999998,40315.223935753536,1119.8673315487094,651.926561109354,1136.4884289975212,388.1670503777041,0.4942175553497956,0.43550820571824705,15.267040323066682,0.42408445341851897,0.8712281155305531,0.2973449964134584,0.6275720164609053,0.24070748744710455,0.28597429564977384,0.47331821690312165,0.0,0.24070748744710455,0.0,0.0,0.0,0.0
2020,84832,SÃO DOMINGOS DO SUL,31,9,22,0,37833.16,48951.95374555913,1579.0952821148105,1407.7525027031402,1407.7525027031402,1407.7525027031402,0.2987674679924923,0.31360742798116786,20.886794804703282,0.6737675743452671,0.9485910769651145,0.29024221080131823,0.4595959595959596,0.20581495175132078,0.15499524755531918,0.5836829384592774,0.003203538906081331,0.20261141284523945,0.05550686223408248,0.0,0.0,0.0
2020,84840,TUNAS,22,9,13,0,28517.5,36898.512863820586,1677.205130173663,1761.6314636308136,1763.5722988827022,1761.6314636308136,0.16028674577811075,0.21172963969492417,19.920963867873112,0.905498357630596,0.9836221018543605,0.4361357061453494,0.6495726495726495,0.0,0.3758919961427194,0.6241080038572806,0.0,0.0,0.0,0.0,0.0,0.0
2020,84859,SÃO JOÃO DA URTIGA,30,9,21,0,64787.11,83827.40463731952,2794.246821243984,2574.1944890881405,2745.8937143718786,2557.373916905107,0.23064653344366404,0.20243687363118992,24.794913473675965,0.8264971157891988,0.9695898945938771,0.35960934204350214,0.5767195767195767,0.12409258570107541,0.4346358403700983,0.4050297968222382,0.059264875374129194,0.0648277103269462,0.036241777106588026,0.0,0.0,0.0
2020,84867,GUABIJU,16,9,7,0,36474.64,47194.17807462873,2949.636129664296,3138.3629495579357,3182.9698130971733,2867.972251715667,0.07985586012637813,0.14551178572290227,15.625157796576886,0.9765723622860554,0.9953664257263992,0.583787804348446,0.6587301587301587,0.0,0.6538789690590504,0.34612103094094965,0.0,0.0,0.0,0.0,0.0,0.0
2020,84875,QUINZE DE NOVEMBRO,33,9,24,0,55429.869999999995,71720.16380239863,2173.3382970423827,1848.969049965797,1424.573074886174,1966.518971721845,0.2265294976528105,0.21656951387401774,28.276511152588373,0.8568639743208598,0.9771091896950829,0.2497860810425859,0.3472222222222222,0.1663687827519711,0.009110611300369277,0.8245206059476597,0.002581640548678899,0.1637871422032922,0.0,0.0,0.0,0.0
2020,84883,DOUTOR MAURÍCIO CARDOSO,20,9,11,0,47631.81999999999,61630.343578405766,3081.517178920288,2426.0440648606505,2426.0440648606505,2426.0440648606505,0.2502147933881176,0.22648095327871162,15.425119565815976,0.7712559782907988,0.9609533511961892,0.35606281683126956,0.3484848484848485,0.2692422838346299,0.2623743959395211,0.32118970049853235,0.0,0.2692422838346299,0.14719361972731676,0.0,0.0,0.0
2020,84891,CAPELA DE SANTANA,46,9,37,2,49483.6,64026.34351356719,1391.8770329036345,942.5989873338581,1940.8352518885204,898.6067216243849,0.4728059221728973,0.330836883331043,24.43406340598256,0.5311752914344035,0.9011051220176506,0.24058475939503188,0.6036036036036035,0.37675310607959,0.3619380966623285,0.2613087972580815,0.050521789037175954,0.32623131704241404,0.0,0.0,0.0,0.0
2020,84905,JAQUIRANA,41,9,32,0,62097.92,80347.88813663546,1959.7045886984258,1467.2714504277214,2528.908333210742,1060.342992615095,0.5446413758361928,0.43596017386733715,17.26495917646875,0.4210965652797256,0.8575957613642645,0.44044502617801046,0.7430555555555556,0.17230850888403348,0.2846633188358,0.33258634105618995,0.010628375314342253,0.16168013356969121,0.21044183122397658,0.0,0.0,0.0
2020,84913,VANINI,25,9,16,0,22328.12,28890.134936264738,1155.6053974505894,938.0703717461182,938.0703717461182,938.0703717461182,0.24951080520885793,0.30425400795051266,16.401316206342266,0.6560526482536906,0.9479434952611715,0.35594129734164814,0.5381944444444444,0.25542768491032836,0.048638219429132414,0.6959340956605393,0.023271103881562796,0.23215658102876557,0.0,0.0,0.0,0.0
2020,84921,BOQUEIRÃO DO LEÃO,39,9,30,0,55370.2,71642.9573760785,1836.9989070789359,2072.1651039329768,2242.3116610152038,1881.6397767059204,0.3099859602346504,0.2174779935777729,29.258246477732317,0.7502114481469825,0.9498243316019589,0.2989514215227686,0.7111111111111111,0.24784992649475712,0.22300804403812882,0.39059277373027373,0.0021672307486698622,0.24568269574608725,0.1385492557368404,0.0,0.0,0.0
2020,84930,FAGUNDES VARELA,20,9,11,0,26939.050000000003,34856.17192825829,1742.8085964129145,1216.509066432885,1231.7834398652476,1156.737810125558,0.32715557898292635,0.31983310473086474,11.235440179135384,0.5617720089567693,0.9188930063693156,0.5793593315280235,0.6262626262626263,0.11136250164723699,0.05939333421185973,0.729545399707859,0.0,0.11136250164723699,0.0996987644330442,0.0,0.0,0.0
2020,84948,ÁGUA SANTA,23,9,14,0,30303.370000000003,39209.23249801402,1704.7492390440877,1552.60350700242,1229.130965021,1598.6983442347723,0.25569309976730814,0.21856710986269845,19.097913413884843,0.830344061473254,0.9666073780051547,0.38757801525044905,0.46031746031746035,0.24089729954127212,0.13347459374980408,0.5502826913310304,0.0,0.24089729954127212,0.021872154813144543,0.0,0.0,0.05347326056474907
2020,84956,SILVEIRA MARTINS,25,9,16,0,69134.45999999999,89452.39805885122,3578.095922354049,2846.5583694364964,3234.7254198142004,2688.7037689495637,0.24819468612324447,0.2330964905200677,20.335054238392274,0.813402169535691,0.9676277600963832,0.39712077016295494,0.6875,0.023143306536277282,0.1154995641826088,0.8161553587024476,0.0,0.023143306536277282,0.04520177057866656,0.0,0.0,0.0
2020,84964,IBIRAPUITÃ,44,9,35,0,40861.7,52870.55187472877,1201.6034516983811,851.703203037079,1275.7757055747206,758.2196384044486,0.3825666822476794,0.3451398253131906,21.895336171115115,0.4976212766162526,0.9213574277920016,0.22972490131345488,0.6936507936507936,0.4405103067175375,0.03413954877060915,0.5008773496942125,0.0,0.4405103067175375,0.02447279481764097,0.0,0.0,0.0
2020,84972,IBARAMA,20,9,11,0,28834.0,37308.02910196906,1865.4014550984532,1652.2977444410938,2561.902532492847,1403.8708321993631,0.2774432961087603,0.2139834917111743,15.715369442939188,0.7857684721469594,0.9564759546249129,0.6188874245682182,0.8585858585858586,0.0693625580911424,0.42866060900326003,0.5019768329055976,0.0,0.0693625580911424,0.0,0.0,0.0,0.0
2020,84980,PANTANO GRANDE,53,9,44,11,212639.43,275132.06779032096,5191.171090383415,2199.6132854736566,11106.753201474039,1773.9234202261077,0.6242628376226558,0.4404914460126233,19.48910652614448,0.3677189910593298,0.8230421209668952,0.4000714731035537,0.8535353535353535,0.2798164009374931,0.4469014519085195,0.2685793504995757,0.0,0.2798164009374931,0.004702796654411649,0.0,0.0,0.0
2020,84999,IPÊ,30,9,21,0,41089.560000000005,53165.37768839231,1772.1792562797439,1585.1513141765904,2024.4981901465947,1256.794336811251,0.2815277814283401,0.22160787314344568,22.982478728741953,0.7660826242913984,0.9613494100833303,0.3030903713741398,0.5925925925925926,0.168956299361687,0.1469660419824403,0.5459243175152032,0.0,0.168956299361687,0.1381533411406693,0.0,0.0,0.0
2020,85006,TRINDADE DO SUL,36,9,27,0,40811.12,52805.10691003509,1466.8085252787523,1293.8901679256803,1423.2791847182482,1061.701577291417,0.3065226530851832,0.24728431858767908,26.530247032174348,0.7369513064492874,0.9548025477219585,0.2733017373696189,0.6213991769547326,0.10255170649568059,0.2967144738982904,0.5957474335426227,0.05354545525827274,0.049006251237407844,0.004986386063406248,0.0,0.0,0.0
2020,85014,AGUDO,61,9,52,0,146345.89,189355.5081873331,3104.188658808739,2458.3913190587923,2917.722328672409,2358.438303586534,0.3374775503365104,0.3033907546019913,41.350971499885205,0.6778847786866427,0.9527091521922942,0.1614110925834679,0.6837606837606838,0.2240239886477167,0.39195443069839536,0.38402158065388786,0.0,0.2240239886477167,0.0,0.0,0.0,0.0
2020,85022,ERNESTINA,23,9,14,0,19708.499999999996,25500.63437456326,1108.7232336766633,894.0781060366451,944.5398225857466,859.0136824858591,0.1650543629927943,0.21097496004262128,20.804849485560176,0.904558673285225,0.9844179346045018,0.4317680188751048,0.6547619047619048,0.11243879544359035,0.23340183169698359,0.6541593728594263,0.08098028769312733,0.031458507750463,0.0,0.0,0.0,0.0
2020,85030,AJURICABA,37,9,28,0,251305.37999999998,325161.560328827,8788.150279157486,1843.7934892940943,12942.136404676616,1617.2915459478645,0.6964561903432689,0.5334095911516098,10.258021656858094,0.2772438285637323,0.7389849935742712,0.5084117976304365,0.8055555555555556,0.0748093813192539,0.8003160935114083,0.09116255290674637,0.0,0.0748093813192539,0.033711972262591434,0.0,0.0,0.0
2020,85049,DEZESSEIS DE NOVEMBRO,19,9,10,0,25619.5,33148.819157171965,1744.674692482735,1852.850720469574,1852.850720469574,1817.268740851618,0.18872548767848496,0.1673725092214914,16.999565763835005,0.8947139875702634,0.9794666203789156,0.5221023048849509,0.6555555555555556,0.4893147797576065,0.0,0.48515778996467535,0.004254571712953024,0.4850602080446535,0.025527430277718144,0.0,0.0,0.0
2020,85057,ALECRIM,22,9,13,0,40894.200000000004,52912.60330518635,2405.118332053925,2419.574614021022,2807.7416643987262,1711.0403580649197,0.1961705171793644,0.22229558225860885,19.5710288794291,0.8895922217922319,0.9801477851741611,0.43812569997701395,0.5811965811965811,0.3702236502975972,0.19943855118818804,0.400660973927843,0.0,0.3702236502975972,0.029344014554631218,0.0,0.0,0.00033281003174044237
2020,85065,BROCHIER,31,9,22,0,28082.0,36335.02369568896,1172.0975385706115,1119.2149952557133,1397.4013813597346,1069.4002237905747,0.20998642225188435,0.20657360586852785,27.29988105873306,0.88064132447526,0.9790269974460981,0.3562424328751513,0.7626262626262627,0.08475179830496403,0.08877572822448544,0.8264724734705505,0.038458799230824015,0.04629299907414002,0.0,0.0,0.0,0.0
2020,85073,ALEGRETE,118,15,103,2,540234.39,699003.9655963274,5923.762420307859,3998.631705506682,7446.33791641229,3382.875844041691,0.5419623315284894,0.3941235951306247,50.69708331316961,0.4296362992641492,0.8928531297051668,0.23769155088405233,0.7391585760517799,0.1871728491775579,0.43758608184865827,0.3413266230607792,0.057130739122327995,0.13004211005522992,0.03278530639265671,0.0010365871006471838,0.0,9.255241970064142e-05
2020,85081,EREBANGO,39,9,30,0,58655.0,75893.12779968078,1945.9776358892507,1423.2791847182482,1133.447787102896,1552.6682015108163,0.3950055627320994,0.2775978177478476,24.16496987053239,0.6196146120649331,0.9283803825584594,0.2011763703009121,0.46481481481481485,0.11934191458528684,0.5319665842639161,0.34869150115079706,0.0,0.11934191458528684,0.0,0.0,0.0,0.0
2020,85090,ALPESTRE,25,9,16,0,29687.899999999998,38412.8819163608,1536.515276654432,1484.0920226107553,1888.0445330371526,1484.0920226107553,0.2916795057919219,0.2507587266192624,19.303472137394003,0.7721388854957602,0.9539105991382664,0.45932181124296434,0.7291666666666667,0.0,0.2093580212813975,0.7461794198983425,0.0,0.0,0.04446255882026011,0.0,0.0,0.0
2020,85103,ENTRE-IJUÍS,47,9,38,0,82090.08,106215.5473962325,2259.905263749628,1423.2791847182482,3816.9759953807566,916.7211839753445,0.4642633265434908,0.2746479233544419,27.579131901056638,0.5867900404480135,0.9042746944450574,0.3211472080426771,0.7894736842105263,0.03654521959291549,0.48514997183581743,0.4778069408630129,0.0,0.03654521959291549,0.0,0.0,0.0,0.000497867708254152
2020,85111,ALVORADA,328,17,311,73,1653361.41,2139268.072426739,6522.158757398595,2053.5330855148472,22515.03456768148,1986.1214077659192,0.7181560487416727,0.5710340668952714,69.9397992323812,0.2132310952206744,0.8234263250424877,0.1952039753970065,0.9024021184036315,0.5253051116029133,0.21299556640795192,0.18373090006981596,0.008467598139961426,0.5168375134629519,0.07522975874947994,0.0016874713436065985,0.0,0.0010511918262323542
2020,85120,NOVA ESPERANÇA DO SUL,38,9,29,0,145109.71999999997,187756.03997844842,4940.948420485484,5647.183637911631,6372.66785506756,4414.740314060741,0.3103797232662433,0.20984845122711288,28.22056995415754,0.7426465777409879,0.9514632639609857,0.27752620568766867,0.6628352490421455,0.1478880946086865,0.4485819419953399,0.3943300283399348,0.010750485908180377,0.1371376087005061,0.009199935056038977,0.0,0.0,0.0
2020,85138,ANTA GORDA,23,9,14,1,55746.869999999995,72130.32698563107,3136.101173288307,2911.0976110126294,3740.0542248975753,2517.9426140375717,0.4010636869368862,0.3255454521482551,14.80105740822617,0.6435242351402682,0.910636543597479,0.5285812459067208,0.6666666666666666,0.04376927350360657,0.6134812591271942,0.2979039002548484,0.0,0.04376927350360657,0.044845567114351,0.0,0.0,0.0
2020,85146,PAVERAMA,66,9,57,0,66059.7,85473.99632612008,1295.0605503957588,952.6266361352821,1090.4906335277633,950.3623283414121,0.450546064829054,0.30965929303342277,37.11318709749539,0.562321016628718,0.9194321971161548,0.15496134557074884,0.6335282651072125,0.5582949967983506,0.08475212572869693,0.30894781538517435,0.10557420030669229,0.4527207964916583,0.04800506208777818,0.0,0.0,0.0
2020,85154,ANTÔNIO PRADO,41,9,32,0,70816.15,91628.32021535016,2234.8370784231747,1865.1426770648682,1973.6353676454362,1858.2462424698242,0.3319107294028265,0.29130756190501744,29.008828820181897,0.7075324102483389,0.9511534367669594,0.23291989186082557,0.6076388888888888,0.36675264046407496,0.3052899656363696,0.28388566732306125,0.008472643598953064,0.3582799968651219,0.044071726576494205,0.0,0.0,0.0
2020,85162,TERRA DE AREIA,30,9,21,4,60947.07,78858.8146368782,2628.627154562607,2207.9653465076167,2669.178966315565,1815.2114554846162,0.46472938458458013,0.2821777978826545,17.250785024848444,0.5750261674949482,0.8856221803325677,0.35180214569789814,0.6507936507936508,0.2249378025883771,0.4400621719797195,0.25590286784910254,0.0,0.2249378025883771,0.07909715758280095,0.0,0.0,0.0
2020,85170,ARATIBA,26,9,17,0,62317.479999999996,80631.97466190522,3101.229794688662,2642.27898972439,3206.2598361198357,2547.669740645664,0.29059830157050404,0.2993720221035896,17.569856143327403,0.6757636978202848,0.9476527724685357,0.5072722773770698,0.7549019607843137,0.13800301295880385,0.4515615843259388,0.3921949347117374,0.0,0.13800301295880385,0.018240468003520038,0.0,0.0,0.0
2020,85189,HARMONIA,23,9,14,0,39349.85999999999,50914.396963252,2213.66943318487,1709.358300846616,2093.773069737336,1560.5609315351628,0.21334234237041327,0.277312295393173,18.8146624949568,0.8180288041285565,0.9709131428680424,0.42446046822021727,0.6388888888888888,0.21890802152790387,0.2978434993161349,0.4684834965105341,0.005946653939810714,0.21296136758809311,0.014764982645427457,0.0,0.0,0.0
2020,85197,ARROIO DO MEIO,49,11,38,0,120604.11,156048.4721404272,3184.6626967434127,2410.452688337146,4881.847603583591,2024.808723786897,0.3800542290044371,0.25706619782692314,32.86830195282591,0.6707816725066512,0.9391474728774388,0.3938588825870031,0.9019138755980862,0.0,0.5403892951906862,0.23679226188891903,0.0,0.0,0.22281844292039465,0.0,0.0,0.0
2020,85200,CAMPOS BORGES,33,9,24,0,54464.24999999999,70470.75757844622,2135.477502377158,1824.385136775209,2630.478711392908,1659.025973314307,0.1971709271066191,0.2131673528966249,28.888611486307326,0.8754124692820402,0.9816439663761146,0.3458250136557467,0.7638888888888888,0.18955920626833203,0.4687313237582451,0.34170946997342294,0.005254823117916799,0.1843043831504152,0.0,0.0,0.0,0.0
2020,85219,ARROIO DOS RATOS,76,9,67,0,100606.53,130173.79999611998,1712.813157843684,993.7076489669224,4123.627965179143,873.3758633498342,0.47449815397825446,0.3567196880759131,38.43538258483494,0.5057287182215123,0.9115901362481961,0.28294535155918804,0.8009950248756219,0.265095416768673,0.307244470115409,0.4099624547233664,0.07530773598890649,0.18978768077976646,0.017697658392551656,0.0,0.0,0.0
2020,85227,CERRO GRANDE,36,9,27,1,37668.0,48738.25484542452,1353.8404123729033,1262.8368038954638,1262.8368038954638,1262.8368038954638,0.09012365343999629,0.1539768503769778,33.898742098215486,0.9416317249504301,0.9883090917174869,0.2702559201444197,0.5123456790123457,0.0,0.20792184347456727,0.7920781565254327,0.0,0.0,0.0,0.0,0.0,0.0
2020,85235,ARROIO DO TIGRE,39,9,30,1,126348.55,163481.1465766662,4191.824271196569,2384.4454959618397,4023.9984222488656,2072.4885764749583,0.5036275872150129,0.44769409700388335,14.257450589248613,0.3655756561345798,0.8580396862546154,0.3910468303751804,0.8407407407407407,0.07452717106765372,0.09901182087170766,0.8150639639315211,0.00239337926711466,0.07213379180053907,0.011397044129117429,0.0,0.0,0.0
2020,85243,IPIRANGA DO SUL,27,9,18,0,72069.89000000001,93250.52207448531,3453.7230397957524,3072.678615183189,5077.871964024332,2043.2207808764795,0.24552031676782393,0.17710600085555842,22.283527129668123,0.8253158196173379,0.9672360417384396,0.38065896867610033,0.6882716049382717,0.027750840191375338,0.6479805921724038,0.3242685676362208,0.0,0.027750840191375338,0.0,0.0,0.0,0.0
2020,85251,ARROIO GRANDE,51,9,42,8,108303.09999999999,140132.31624587174,2747.6924754092497,1780.3152376556604,7140.255258287792,1392.1481872779564,0.5286301637736692,0.3777727507338201,24.948249239890792,0.4891813576449175,0.8763729183962892,0.43651991494241615,0.8783068783068783,0.30394282342795365,0.4706014878613817,0.2254556887106648,0.031024042709765467,0.27291878071818815,0.0,0.0,0.0,0.0
2020,85260,LAGOÃO,27,9,18,0,44008.96,56942.760644634545,2108.9911349864647,1709.8758569137865,1784.921486653476,1425.6405342747128,0.2664512458877064,0.23875138153685066,21.192037041547895,0.7848902607980702,0.9641173482450203,0.37908075991798035,0.7160493827160495,0.00685087763946251,0.41789921870455476,0.5752499036559828,0.00685087763946251,0.0,0.0,0.0,0.0,0.0
2020,85278,ARVOREZINHA,39,9,30,0,83729.25,108336.45334279125,2777.8577780202886,2484.916067501269,3428.8089450030525,2174.3824271991057,0.3007239987435084,0.2298157453936349,28.701900574444416,0.7359461685754979,0.9555827747807544,0.3609706285437884,0.8666666666666666,0.2097833194492964,0.3338815288564032,0.4219385698546207,0.006867373110352714,0.2029159463389437,0.03439658183967968,0.0,0.0,0.0
2020,85286,ESTAÇÃO,42,9,33,5,90529.4,117135.10056821106,2788.930965909787,3133.8019867159974,3676.58891216082,2999.496187285312,0.31547194297416903,0.22514232945319426,31.697847468498715,0.7547106540118742,0.9430116193304334,0.26894356971326444,0.6632996632996633,0.2090569472458671,0.5129013337103748,0.2780417190437582,0.007310332334026295,0.20174661491184082,0.0,0.0,0.0,0.0
2020,85294,AUGUSTO PESTANA,35,9,26,0,56965.76,73707.43677241399,2105.926764926114,1876.8523830845957,2344.102000525917,1850.2629401337226,0.28608096211779577,0.2420264383376962,26.707547001168404,0.7630727714619544,0.961264366871888,0.34875230313788497,0.7307692307692307,0.19162704052399196,0.34378405554494484,0.44633232313586263,0.0,0.19162704052399196,0.018256580795200483,0.0,0.0,0.0
2020,85308,ARROIO DO SAL,70,9,61,0,92603.35,119818.56408198056,1711.6937725997223,1407.7525027031402,2556.9857498547294,1246.469093271204,0.3808183968043737,0.28673152753113146,36.653863797625704,0.5236266256803672,0.9313523515575699,0.2762837413549294,0.8816029143897997,0.34015184115909414,0.34955538865494606,0.20725708087234423,0.04823691583511827,0.2919149253239759,0.10303568931361555,0.0,0.0,0.0
2020,85316,BAGÉ,256,17,239,26,1377700.6800000002,1782593.3641965238,6963.255328892671,2542.4941799739618,18767.87688576199,2005.5297602848043,0.6780394399035028,0.5063779093148159,70.11415546121097,0.27388341977035535,0.8446614313265852,0.23637902973235086,0.918040856509968,0.5293275169175354,0.30736912316832127,0.10771350566510571,0.00014516941372199945,0.5291823475038134,0.04744585013923343,0.008144004109804169,0.0,0.0
2020,85324,SÃO JOSÉ DO HORTÊNCIO,33,9,24,0,36244.57,46896.49276369408,1421.105841324063,1267.3654194832038,1190.3789544916258,1280.627793704442,0.26708502316848626,0.2519825728378071,23.69947942665626,0.718166043232008,0.9576568386299356,0.25615230088258734,0.4583333333333333,0.16090962039279263,0.08558523387089431,0.731733056841342,0.0,0.16090962039279263,0.021772088894971023,0.0,0.0,0.0
2020,85332,BARÃO DE COTEGIPE,40,9,31,7,29184.2,37761.149438776636,944.028735969416,760.9368077570925,969.5119028267121,552.3617126874728,0.5840098409413315,0.3257173402046313,18.09970307799584,0.45249257694989603,0.8264631729759105,0.2366503107846026,0.6093189964157706,0.3755833636008525,0.13669211422619088,0.4535553484419652,0.009851220866085073,0.3657321427347674,0.034169173730991424,0.0,0.0,0.0
2020,85340,PINHAL,23,9,14,0,27675.75,35809.38081496914,1556.929600650832,1248.8627900818667,1397.4013813597346,1176.1461626444434,0.21065420245081934,0.2618537889668754,19.265392368282917,0.8376257551427355,0.9738189941494163,0.43023224302864427,0.7063492063492063,0.4245594067008121,0.05058580164945846,0.4537094749013125,0.1083981463916967,0.3161612603091154,0.07114531674841694,0.0,0.0,0.0
2020,85359,BARRACÃO,23,9,14,0,31238.0,40418.5410656624,1757.3278724201043,1376.6991386729237,1682.0572183033844,1230.6512859683125,0.298729668714526,0.3045649529419297,16.98214276558247,0.7383540332861943,0.9516800062278078,0.44830014725654654,0.6507936507936508,0.2757058710544849,0.1864395928036366,0.46102503361290736,0.0,0.2757058710544849,0.07682950252897112,0.0,0.0,0.0
2020,85367,TRÊS CACHOEIRAS,29,9,20,0,67932.06,87896.6245209374,3030.918086928876,2768.9249593609557,2788.333311879841,2387.311462683795,0.3964381674765989,0.27404365479274434,18.74667927299444,0.6464372163101532,0.9211159637827661,0.44811095085295505,0.6888888888888889,0.14429122273047512,0.34293940151380664,0.36807480886049976,0.0,0.14429122273047512,0.14469456689521853,0.0,0.0,0.0
2020,85375,BARRA DO RIBEIRO,120,9,111,27,92612.18000000001,119829.98913216333,998.5832427680277,433.4532062551029,1966.9071387722229,313.76836572197743,0.647681431679217,0.4493094752763621,39.71937797160988,0.33099481643008233,0.8381039628915329,0.2135594907710843,0.8618618618618619,0.2399003025304015,0.3701413788121605,0.28714840747728865,0.008357432035397502,0.23154287049500402,0.1028099111801493,0.0,0.0,0.0
2020,85383,SÃO VENDELINO,37,9,28,0,66731.95,86343.81399150811,2333.616594365084,1559.1376523504448,2919.0162188403347,1360.8813313700323,0.4421745789219691,0.3114508117925521,19.65695312351085,0.5312690033381311,0.905421380893031,0.3852662779972711,0.636904761904762,0.2500751139446697,0.40434034971254396,0.24786372944294296,0.2500751139446697,0.0,0.0932252092138773,0.0,0.0,0.004495597685966018
2020,85391,BARROS CASSAL,44,9,35,0,138437.06,179122.35081053746,4070.962518421306,3778.8968077387044,4981.477146513869,3713.4647819467023,0.25845540138667267,0.22475448409551604,35.475350013219746,0.8062579548459033,0.9710729924604548,0.2739798865997299,0.7333333333333334,0.23740030306913482,0.21433855934241888,0.3686813343190039,0.02013189242822695,0.21726841064090788,0.17957980326944245,0.0,0.0,0.0
2020,85405,PROTÁSIO ALVES,16,9,7,0,30797.059999999998,39848.013135017245,2490.500820938578,1416.80973387862,1416.80973387862,1416.80973387862,0.3670819552255964,0.4612307148799269,7.827223995951642,0.48920149974697763,0.8746713675841229,0.7443421547381472,0.6428571428571429,0.0,0.518005939527994,0.4819940604720061,0.0,0.0,0.0,0.0,0.0,0.0
2020,85413,BENTO GONÇALVES,231,17,214,55,529436.34,685032.4748685576,2965.5085492145354,1297.1248933454945,7080.166998889322,1132.1538969349704,0.6636338597727949,0.4847509334172263,68.66170542735821,0.29723682003185375,0.8484161296776835,0.222998349527726,0.8774051676745465,0.3173733786388747,0.3748751549619734,0.30569733841843955,0.0,0.3173733786388747,0.0005430303480867974,0.0015110409685893493,0.0,5.66640363221006e-08
2020,85421,POUSO NOVO,19,9,10,0,32207.190000000002,41672.566477514294,2193.2929725007525,2396.0258129647746,2587.7803358513606,2175.4175393334463,0.25449665448190806,0.19704575282724135,15.713590889419315,0.8270310994431218,0.9642852926973542,0.5039120146774679,0.6,0.006601010519700724,0.23783509210210513,0.7555638973781941,0.0018815674388234424,0.004719443080877282,0.0,0.0,0.0,0.0
2020,85430,BOA VISTA DO BURICÁ,24,9,15,0,61137.479999999996,79105.18426375292,3296.0493443230384,2401.654235195251,2426.0440648606505,2377.2644055298524,0.36415945941289474,0.3726764662200666,14.140630021187265,0.5891929175494693,0.9203087652193586,0.3989840601869753,0.5407407407407407,0.3025967049999444,0.23922232319683445,0.4581809718032212,0.0,0.3025967049999444,0.0,0.0,0.0,0.0
2020,85448,EUGÊNIO DE CASTRO,21,9,12,0,37737.0,48827.53326701139,2325.1206317624474,1895.5490960111215,2206.082736313285,1520.3209473126744,0.2841420003356563,0.338368179770517,14.71988856893906,0.7009470747113838,0.9475760192257003,0.598325251079842,0.8518518518518519,0.052998383549301746,0.46013196597503775,0.4868696504756605,0.0,0.052998383549301746,0.0,0.0,0.0,0.0
2020,85456,BOM JESUS,35,9,26,0,61821.16,79989.79109376034,2285.422602678867,1513.851496473046,2689.997659117489,1293.8901679256803,0.45947690772174843,0.3322027603493691,19.844806168617232,0.5669944619604923,0.9003620570105522,0.3962423222081242,0.7435897435897435,0.30737533879985424,0.3316042597712498,0.36102040142889585,0.02454661154853775,0.2828287272513165,0.0,0.0,0.0,0.0
2020,85464,CRISTAL,52,9,43,0,89365.42000000001,115629.03829054894,2223.635351741326,1687.6856405338608,2881.3251982486595,1611.3331817245669,0.3774254972104767,0.31440852625098165,32.98205955572311,0.6342703760715983,0.9393102949782197,0.277250193643134,0.7286821705426356,0.053712051037190886,0.4369619703012641,0.46590929690701377,0.020142019138946584,0.033570031898244306,0.043416681754531,0.0,0.0,0.0
2020,85472,BOM RETIRO DO SUL,64,9,55,4,102046.51000000001,132036.9759601296,2063.077749377025,1591.4849065485867,4809.881432443565,1536.3393075915944,0.47872737912594987,0.34723529496501154,32.537810439266316,0.5084032881135362,0.9017867725538344,0.30594529886421395,0.7919191919191919,0.2686912075680001,0.3084280883295274,0.27305196424649897,0.025782361395798835,0.24290884617220126,0.1498287398559735,0.0,0.0,0.0
2020,85480,SÃO MIGUEL DAS MISSÕES,35,9,26,0,77063.44000000002,99711.62732253058,2848.9036377865878,1099.8066427368283,6984.690843398086,964.5951201885946,0.5168381716229051,0.3819804825738379,16.34600505830763,0.4670287159516465,0.8670835338895502,0.5638258556846153,0.8504273504273504,0.16587632215743287,0.18453627297198252,0.5653069730601176,0.0,0.16587632215743287,0.0842804318104668,0.0,0.0,0.0
2020,85499,BOSSOROCA,38,9,29,2,325152.45999999996,420711.5710708479,11071.357133443365,4586.193700212574,4945.248221811949,4298.30313784911,0.6103076206482532,0.38700922022856615,15.417483475089796,0.4057232493444683,0.8205163734277818,0.25157278527125404,0.5804597701149425,0.025969356036857297,0.47469823848172643,0.49049347496863477,0.0013655132733733585,0.02460384276348394,0.008838930512781605,0.0,0.0,0.0
2020,85502,GLORINHA,55,9,46,10,132709.48,171711.4913625297,3122.027115682358,1782.5277898428135,3312.358829889741,1174.9169669849139,0.5829838312297595,0.39106889726340577,22.68297056586887,0.4124176466521613,0.8482465679099053,0.21751279561942372,0.6956521739130435,0.3649895998386853,0.2834080881034271,0.3147414939761651,0.0,0.3649895998386853,0.03686081808172257,0.0,0.0,0.0
2020,85510,BRAGA,27,9,18,0,39065.2,50546.078188050284,1872.0769699277882,1513.204551389083,1900.7246566828242,1508.0289907173803,0.14958468292893845,0.20479864431770475,24.23413698677436,0.8975606291397911,0.9851067945551897,0.4168339084402486,0.7098765432098766,0.025598230650297454,0.31468928867636675,0.6213151346978897,0.0,0.025598230650297454,0.03839734597544618,0.0,0.0,0.0
2020,85529,SEGREDO,18,9,9,0,15874.0,20539.212525652245,1141.0673625362358,866.9064125102057,989.8259784631454,815.1508057931785,0.3278806713983733,0.27447398261307804,12.478629029901791,0.6932571683278773,0.9370589445597215,0.6141489227667886,0.5987654320987654,0.25198437696862797,0.07597328965604133,0.6720423333753307,0.0,0.25198437696862797,0.0,0.0,0.0,0.0
2020,85537,BUTIÁ,98,9,89,0,211041.44000000003,273064.44424087735,2786.3718800089523,1534.6637198241306,4311.242039528366,1429.3734074091783,0.5138721792927377,0.37654031359907325,44.283761082196996,0.4518751130836428,0.9007807911372366,0.1857961166299851,0.8476903870162297,0.39571450990857526,0.3046447181179203,0.15949379420458842,0.01976862932701748,0.37594588058155776,0.14014697776891585,0.0,0.0,0.0
2020,85545,ALEGRIA,32,9,23,0,68850.25,89084.66153422507,2783.8956729445335,2588.1038083933418,2933.1196216707244,2559.9616972409585,0.16852791474976492,0.22099120918224696,27.831891755453146,0.8697466173579108,0.9828387418206044,0.333868068743396,0.5942028985507246,0.1200576613737786,0.16289047606944054,0.5152225300561726,0.00697165224527144,0.11308600912850716,0.2018293325006082,0.0,0.0,0.0
2020,85553,CAÇAPAVA DO SUL,77,11,66,0,242206.5,313388.60895769135,4069.981934515472,2155.297547222202,9534.353174902357,2042.7291026126677,0.5414412414693583,0.40809441530264456,30.520826255086554,0.39637436694917605,0.8790878257078856,0.3566074816324087,0.8512396694214877,0.3919493902929938,0.2603531284255377,0.2624740046200247,0.022295025112868565,0.36965436518012523,0.08210630185399649,0.003117174807447364,0.0,0.0
2020,85561,SALDANHA MARINHO,30,9,21,0,104224.15000000001,134854.6029454113,4495.15343151371,4057.9630391569144,4914.194857781734,3836.384347899642,0.1793378821830962,0.16895796223811851,26.96021776033971,0.898673925344657,0.9843456437688453,0.3557774277842516,0.7513227513227513,0.11513646309420608,0.7128611746893594,0.144561505178982,0.0017270469464130912,0.113409416147793,0.02744085703745245,0.0,0.0,0.0
2020,85570,CACEQUI,46,9,37,3,46490.08,60153.057418078315,1307.6751612625721,778.9218810912595,1630.793289850169,646.9450839628402,0.5285863228194618,0.3960952530088139,19.571993378986708,0.42547811693449367,0.8692923581676096,0.28444949976425077,0.6906906906906907,0.2443392224749882,0.3514943402979732,0.3962970164817957,0.014720344641265405,0.2296188778337228,0.003674977543596397,0.0,0.0,0.004194443201646459
2020,85588,SÃO JOSÉ DO HERVAL,30,9,21,0,41406.81,53575.86434416672,1785.8621448055574,1342.935074740903,1353.1632765183556,1125.6844460953419,0.32083008406910185,0.24782879917578785,21.501339734359828,0.7167113244786609,0.9499441480507077,0.257599172696472,0.5211640211640212,0.2869527983440405,0.21978268792017547,0.2903993328633624,0.0,0.2869527983440405,0.20286518087242172,0.0,0.0,0.0
2020,85596,CACHOEIRA DO SUL,231,15,216,52,603283.8300000001,780583.0161055475,3379.147255868171,1035.1121343405441,9031.353372121248,1035.1121343405441,0.7131495800961383,0.5720632525489703,53.48444424334959,0.23153439066385106,0.8175641800353107,0.16639035394003515,0.7433641975308642,0.6530431786974963,0.1836405759458197,0.13875722477096722,0.04661427772728468,0.6064289009702116,0.023234503069641362,0.0013245175160753104,0.0,0.0
2020,85600,VISTA ALEGRE,30,9,21,0,17592.2,22762.374612182153,758.7458204060717,802.2119041139217,841.0286091516922,280.7741664398726,0.41017382703698213,0.27223428564932184,18.50130628928665,0.6167102096428884,0.915659757856242,0.4153659007969441,0.7328042328042328,0.1705301213037596,0.29558554359318334,0.49699298552767707,0.0,0.1705301213037596,0.03689134957538,0.0,0.0,0.0
2020,85618,CACHOEIRINHA,333,17,316,68,1115400.83,1443206.167233143,4333.952454153583,1887.1388099196047,19154.879434988565,1843.7934892940943,0.6840076741806864,0.5559720983890608,64.22935412422734,0.19288094331599803,0.8318815610984559,0.2471081180744684,0.8636448250186151,0.4555547712834318,0.2683020506628097,0.2673126933211982,0.008427463694822604,0.4471273075886092,0.0016738646321430475,0.004854757011432383,0.0,0.0023018630889847912
2020,85626,IVORÁ,26,9,17,1,22165.6,28679.85190617346,1103.0712271605175,935.7413694438519,1185.0093102947342,906.370062631939,0.40783015122532196,0.2860288013859314,16.81889405840331,0.6468805407078195,0.9114626484755767,0.3984214277980294,0.6339869281045751,0.19850579275995237,0.19416844118814744,0.5983027754719025,0.0,0.19850579275995237,0.009022990579997834,0.0,0.0,0.0
2020,85634,CACIQUE DOBLE,22,9,13,0,40730.26,52700.48295105662,2395.4764977753007,2449.851643950483,2450.6926725596345,2449.657560425294,0.09625997075303827,0.1804800656808967,21.199391185826265,0.9636086902648302,0.9940708090390254,0.434326959857364,0.6153846153846154,0.2124710227727493,0.3720869937977316,0.415441983429519,0.0,0.2124710227727493,0.0,0.0,0.0,0.0
2020,85642,VILA MARIA,30,9,21,0,57542.25,74453.35151532147,2481.778383844049,2614.318023195516,2917.722328672409,2442.2176919597214,0.1454561416466451,0.13963652794251183,28.14939420995392,0.9383131403317972,0.9901171977788723,0.3175235587763774,0.6137566137566137,0.291264244967828,0.17405263089295256,0.5346831241392195,0.0,0.291264244967828,0.0,0.0,0.0,0.0
2020,85650,CAIBATÉ,20,9,11,0,57075.2,73849.04011239178,3692.4520056195893,3343.088721377976,4583.6059198767225,2783.157751208138,0.22307998920722127,0.189048833819242,17.14450610040832,0.857225305020416,0.9737408198704718,0.5633681528930254,0.8333333333333334,0.31153635904911414,0.1814509629401211,0.5070126780107648,0.07008297824624356,0.2414533808028706,0.0,0.0,0.0,0.0
2020,85669,TAQUARUÇU DO SUL,30,9,21,1,54874.02000000002,71000.95495255713,2366.698498418571,1668.2125935065794,2587.7803358513606,1596.4016891867043,0.32563571370689903,0.256675563408695,20.65816430125434,0.688605476708478,0.9415534273811317,0.33303191564970097,0.6693121693121693,0.6220442752326145,0.26907086450017687,0.07480680292787005,0.007132701413164188,0.6149115738194502,0.03407805733933835,0.0,0.0,0.0
2020,85677,CAIÇARA,38,9,29,0,41090.270000000004,53166.296350411554,1399.1130618529357,1399.56864739101,1480.2103521069782,1377.1520002316977,0.1844379844412647,0.17248462957288913,33.81772334639345,0.8899400880629855,0.9837373048720665,0.26450690151220707,0.5306513409961686,0.16042727390206973,0.10003584790267865,0.670615452271304,0.07300998508892736,0.08741728881314237,0.06892142592394744,0.0,0.0,0.0
2020,85685,IMBÉ,74,9,65,10,120764.58,156256.10269567426,2111.568955346949,915.1038212654373,2600.0722924466545,646.9450839628402,0.614440813330835,0.40998238059536984,28.907919308087692,0.39064755821740127,0.8437990833451409,0.15734489367660615,0.7145299145299145,0.26911019770863276,0.4715699752361164,0.1449046566468413,0.06626529070030301,0.20284490700832974,0.10957103481832173,0.0,0.0,0.004844135590087756
2020,85693,CAMAQUÃ,163,15,148,9,535039.2,692281.9603348216,4247.128591011176,2341.9412039454814,12300.703292829141,2001.0011446970643,0.530851602896601,0.3976669746814812,72.04958553176512,0.4420219971273934,0.9037798698525354,0.27202728323457426,0.9144144144144144,0.3186746690709765,0.2655815499126046,0.20409747547469423,0.048795677027029055,0.26987899204394744,0.20073121745098307,0.010896397871408302,0.0,1.8690219333461924e-05
2020,85707,SEDE NOVA,28,9,19,0,48768.100000000006,63100.56509841637,2253.5916106577274,2191.849944466102,2341.9412039454814,1939.5413617205948,0.1811326754286393,0.18597197758370737,24.77619347217429,0.8848640525776531,0.9821756331412697,0.36427603289855454,0.6052631578947368,0.06151562189217951,0.4746442859164084,0.4626097797535683,0.0,0.06151562189217951,0.0012303124378435903,0.0,0.0,0.0
2020,85715,CAMBARÁ DO SUL,64,9,55,0,183578.47,237530.37737583945,3711.4121464974914,3518.7343116738875,6167.9744305017175,3466.9787049568604,0.42456835777773927,0.2888207424323778,37.39956318999972,0.5843681748437456,0.9199049505115842,0.28106656515875744,0.808080808080808,0.23317151515643422,0.24189383428241884,0.2670204191155967,0.0,0.23317151515643422,0.25791423144555026,0.0,0.0,0.0
2020,85723,TUPANDI,31,9,22,0,69221.40999999999,89564.90180895237,2889.1903809339474,2461.0179160996813,3203.6720557839844,2312.233485689908,0.28354146498893895,0.2530802247454942,24.373213206421813,0.786232684078123,0.9628825654060662,0.3590779211229589,0.6843434343434344,0.260144946484043,0.4118456991846888,0.21243817483636931,0.0020672794732150075,0.25807766701082807,0.11557117949489906,0.0,0.0,0.0
2020,85731,CAMPINA DAS MISSÕES,33,9,24,0,58174.81,75271.81467994455,2280.964081210441,2853.674765360088,2025.5850578876525,2871.1422826270846,0.270604991050146,0.1948697382939454,26.666669749129106,0.8080809014887608,0.9596377703629883,0.26254490560433286,0.5208333333333334,0.0,0.37946939577456296,0.4548231442440465,0.0,0.0,0.16570745998139058,0.0,0.0,0.0
2020,85740,RIOZINHO,56,9,47,0,21265.800000000003,27515.609533073934,491.3501702334631,284.65583694364966,327.3542124851971,284.65583694364966,0.4792975777337989,0.44127190136275146,19.278488961741342,0.34425873145966684,0.8721781910892175,0.14559997742854722,0.549645390070922,0.8452444770476538,0.08962747698182057,0.06512804597052543,0.031190926275992438,0.8140535507716614,0.0,0.0,0.0,0.0
2020,85758,CAMPINAS DO SUL,28,9,19,0,31980.600000000002,41379.383904364004,1477.8351394415715,1362.4663468257413,1366.3480173295184,1358.5846763219643,0.16885169669826672,0.15991569889245355,25.68100800683393,0.9171788573869261,0.9863282852187643,0.3295028861247131,0.5350877192982456,0.29682995315910266,0.11674265023170297,0.5812680187363588,0.0,0.29682995315910266,0.005159377872835406,0.0,0.0,0.0
2020,85766,RELVADO,18,9,9,0,18609.2,24078.260912962567,1337.6811618312538,849.9241040561812,816.7681685030857,883.0800396092768,0.37282813518761304,0.3058702147324979,10.938924308874519,0.6077180171596955,0.9109545943032905,0.3400979085613568,0.40740740740740744,0.0,0.37911355673537817,0.4930598843582744,0.0,0.0,0.1278265589063474,0.0,0.0,0.0
2020,85774,CAMPO BOM,148,11,137,9,545173.39,705394.4891357124,4766.178980646705,2721.6397431741116,10995.879752984487,2232.6204236574404,0.5184105795048806,0.3345561125057846,73.53165371494686,0.49683549807396526,0.9092100179215414,0.17402052583674343,0.8480424684804246,0.4553423819897005,0.21652698419488156,0.16805954157080188,0.01745224578917911,0.4378901362005214,0.16007109224461596,0.0,0.0,0.0
2020,85782,IMIGRANTE,35,9,26,0,18248.05,23610.972478816206,674.599213680463,552.06411794885,724.5784940383809,527.2602434297147,0.3167886666559674,0.21898230221859327,26.69876566318406,0.7628218760909731,0.9545866286481682,0.30100038086261277,0.6367521367521367,0.0,0.0,0.8998238167913831,0.0,0.0,0.10017618320861682,0.0,0.0,0.0
2020,85790,CAMPO NOVO,41,9,32,0,89730.55,116101.47640756365,2831.7433270137476,2532.790003714519,3466.3317598728972,2422.1623943568734,0.3065362449428708,0.28648436903596375,29.887615515994167,0.7289662320974187,0.9565316706019189,0.3648545562241622,0.8645833333333334,0.19279498453982508,0.14574746282063356,0.6614575526395413,0.013373371722339827,0.17942161281748523,0.0,0.0,0.0,0.0
2020,85804,CIDREIRA,91,9,82,2,194226.59000000003,251307.87515073223,2761.625001656398,1509.322880885306,5582.230351481762,1335.941598383265,0.5874616983059961,0.4840452071984583,26.641826204847824,0.29276732093239366,0.8509165591685044,0.26141472184627246,0.8861788617886178,0.34248915145964304,0.30262102629717175,0.2844823667037556,0.00703714151599943,0.33545200994364366,0.06761432613320348,0.0,0.0,0.0027931294062259956
2020,85812,CANDELÁRIA,84,13,71,1,144802.5,187358.5310410583,2230.4587028697415,1440.4555766974618,3401.6372514766135,1044.1693655160238,0.5483251818363437,0.4282039329431467,31.266679840444755,0.3722223790529138,0.8753834542321965,0.4028891075775626,0.8266522210184182,0.49576664767528184,0.28321679529013655,0.20181799347386958,0.12412941765508193,0.37163723002019994,0.019198563560712003,0.0,0.0,0.0
2020,85820,MONTAURI,17,9,8,0,26800.550000000003,34676.968140000594,2039.8216552941526,2215.1399674887643,1745.975392598913,2231.184205571043,0.06300507221811835,0.13244131183874955,16.748447317272827,0.9852027833689898,0.9973057889444316,0.5121797873551102,0.4027777777777778,0.0,0.6300262494612984,0.26922954939357585,0.0,0.0,0.10074420114512574,0.0,0.0,0.0
2020,85839,CÂNDIDO GODÓI,30,9,21,0,69669.72,90144.96571013512,3004.8321903378373,3115.364051823057,3125.3917006244806,3105.3364030216326,0.2252410755586025,0.16957926628670245,25.771160281216837,0.8590386760405612,0.9748695190330837,0.33035413376141026,0.5767195767195767,0.06144304871614238,0.31649904721879174,0.6220579040650659,0.032736172902661294,0.02870687581348109,0.0,0.0,0.0,0.0
2020,85847,VISTA GAÚCHA,22,9,13,0,48050.94999999998,62172.65176448845,2826.029625658566,3068.395838727354,3068.395838727354,3068.395838727354,0.09130351126347036,0.16675840956318244,21.3141670069111,0.9688257730414136,0.9946221134845113,0.42810391886112553,0.6367521367521367,0.0,0.7071660393811156,0.21553059825039889,0.0,0.0,0.07730336236848596,0.0,0.0,0.0
2020,85855,CANELA,82,11,71,1,160690.02,207915.2369617809,2535.551670265621,1980.2989020102536,5618.213437051776,1526.3116587901702,0.4440643074101578,0.2960554737624651,48.901884291712825,0.5963644425818637,0.9274086914446276,0.2898595071430074,0.8866837387964148,0.25524796126106647,0.145053812302718,0.43201986034975914,0.04291181244485501,0.21233614881621146,0.16767836608645642,0.0,0.0,0.0
2020,85863,VISTA ALEGRE DO PRATA,23,9,14,0,81086.52,104917.05097930903,4561.610912143871,1514.3690525402162,1473.0680783800285,1523.0704639195164,0.3924383271210745,0.25136187864518045,14.29374962296738,0.6214673749116253,0.8988200590077238,0.40164012464710525,0.5476190476190477,0.0,0.7031990027442292,0.2968009972557707,0.0,0.0,0.0,0.0,0.0,0.0
2020,85871,CANGUÇU,142,15,127,6,278281.72,360065.9814214472,2535.6759255031493,1245.3692866284673,6398.2868803924885,1195.4639428515736,0.5672126094498062,0.4026863137111557,59.040984711012946,0.41578158247192215,0.8879963949733043,0.3032714833011668,0.9267716535433072,0.36561222921864944,0.2839022627860716,0.259422393968242,0.019943818084781136,0.3456684111338683,0.09106311402703705,0.0,0.0,0.0
2020,85880,CASEIROS,26,9,17,0,36787.35,47598.79046904077,1830.7227103477219,1607.6585336476578,2352.9392703728495,1274.481815406795,0.23952185277736016,0.1957167341491029,21.957312967044334,0.8445120371940129,0.9715287977260098,0.4092080565737951,0.7189542483660131,0.010992909247336381,0.3263513136988666,0.33645668959574426,0.0,0.010992909247336381,0.32619908745805287,0.0,0.0,0.0
2020,85898,CANOAS,474,21,453,23,4278743.28,5536223.861070076,11679.797175253325,4383.2858440784685,51425.14716813899,4254.9578172236,0.6745830890198086,0.5302890011199737,121.79347353140851,0.2569482563953766,0.8587894743092779,0.2419144109061855,0.9616314516976768,0.4145558482770203,0.33433798112795393,0.1632686175086438,0.030098010460679,0.38445783781634124,0.07973504547344566,0.008074151155897345,0.0,2.8356457038946257e-05
2020,85901,ITACURUBI,32,9,23,0,105599.9,136634.67234393503,4269.83351074797,4203.849155590535,4645.065702853192,3836.384347899642,0.19504016457401918,0.20507784571765694,28.50064117139558,0.8906450366061118,0.9818987693653479,0.29445293035315373,0.6183574879227053,0.18939317177383694,0.3454132058837177,0.43299662215589224,0.006955499010889215,0.18243767276294773,0.03219700018655321,0.0,0.0,0.0
2020,85910,CARAZINHO,134,13,121,40,532030.78,688389.3952758305,5137.234293103213,2327.3849395563175,12913.023875898289,1552.6682015108163,0.6453360049200569,0.41496621680422324,48.22517672147116,0.3598893785184415,0.8426999087717244,0.22572115094543965,0.7924348378893833,0.4141194612838001,0.26724149305797684,0.26814384686540127,0.059995588977013695,0.35412387230678644,0.04682999731707252,0.003665201475749204,0.0,0.0
2020,85928,ENTRE RIOS DO SUL,32,9,23,0,26594.0,34409.71512581554,1075.3035976817357,1046.1102007679124,1136.0355674387472,1033.1712990886556,0.2268251297285102,0.20309092276453333,27.513653221902217,0.8598016631844443,0.9760945812844283,0.2633112732195232,0.4830917874396135,0.2745732120027074,0.09024592013236069,0.6351808678649319,0.015116191622170415,0.259457020380537,0.0,0.0,0.0,0.0
2020,85936,CARLOS BARBOSA,69,11,58,4,123763.48000000004,160136.34992026654,2320.8166655111095,1293.8901679256803,3119.0516388016445,1225.055210992034,0.5323329909458014,0.3863716501830751,29.757778009786485,0.43127214506936934,0.8819919326377056,0.3004991456284197,0.7938871473354232,0.06035463773319882,0.47545180533061926,0.42848552739467227,0.032966105995080285,0.027388531738118532,0.02568891889594572,0.007999128660570952,0.0,0.0020199819849926644
2020,85944,CERRO GRANDE DO SUL,66,9,57,0,94574.59,122369.13213660235,1854.07775964549,949.0684381734865,3005.059915007392,738.1643408016006,0.5082257343599952,0.2831263661835595,34.57705307428659,0.5238947435497968,0.8937825458419291,0.19810870974962724,0.6364522417153996,0.4521299008539186,0.1424594069083461,0.38352320639190723,0.010150718073427547,0.44197918278049103,0.017129336748908982,0.0,0.0,0.004758149096919162
2020,85952,CASCA,41,9,32,0,63953.81,82749.20596038704,2018.2733161070012,1403.8708321993631,3836.4619813097174,1232.4303849492103,0.3956431574142836,0.3091069945637328,26.006229781434943,0.6342982873520717,0.9316756279988664,0.3594491086613917,0.7986111111111112,0.056278116972233554,0.43737347313631514,0.37183726817839313,0.0,0.056278116972233554,0.13451114171305822,0.0,0.0,0.0
2020,85960,CAMARGO,24,9,15,0,44574.72,57674.791946040175,2403.1163310850075,2431.989490182269,2276.1986445131774,2923.1437284760177,0.23936013133303624,0.20987052750976337,20.211932924713288,0.8421638718630536,0.9699864976856869,0.36461586298242593,0.47037037037037027,0.04486848150700666,0.31716071351654035,0.49418930730243504,0.0,0.04486848150700666,0.1437814976740179,0.0,0.0,0.0
2020,85979,CATUÍPE,28,9,19,0,60898.369999999995,78795.8021857002,2814.1357923464357,2225.49108883217,2724.091665042331,1999.060309445176,0.26050763521491405,0.236484162055569,22.098754911251685,0.7892412468304173,0.9647618958593659,0.3983497423658466,0.8070175438596492,0.3506990416984888,0.3781028950364353,0.27119806326507595,0.0,0.3506990416984888,0.0,0.0,0.0,0.0
2020,85987,PARAÍSO DO SUL,41,9,32,0,60492.0,78270.00403816024,1909.0244887356157,1591.4849065485867,2096.102072039602,1517.4096944348416,0.261733863619136,0.27813595186140316,28.22712610570703,0.6884664903830983,0.958616899878147,0.3187528929445216,0.7708333333333334,0.2054982477021755,0.15671493751239834,0.47016134364874695,0.03433511869338094,0.17116312900879455,0.16762547113667922,0.0,0.0,0.0
2020,85995,CAXIAS DO SUL,488,23,465,123,1734369.73,2244083.9411949166,4598.532666383026,1940.8352518885204,14993.068770953932,1917.545228865858,0.6742722228519653,0.47505595591777305,134.71163441133697,0.2760484311707725,0.8602300324005773,0.19652196651287265,0.9170172978027116,0.394911672034313,0.26637045839124507,0.23675842174667105,0.03267118828232778,0.3622404837519852,0.09167262738147536,0.009963850095561805,0.0,0.00032297035073369275
2020,86010,CERRO LARGO,44,9,35,0,82227.46,106393.30202750214,2418.0295915341394,1702.6106636208838,3713.865887898759,1508.55948568623,0.3865615353048506,0.30936052262832875,23.998932454168617,0.5454302830492868,0.9265374068814544,0.26817318691347153,0.7063492063492064,0.358335281182223,0.3859597511585546,0.2246931864367451,0.0,0.358335281182223,0.03101178122247725,0.0,0.0,0.0
2020,86029,FAXINALZINHO,24,9,15,0,10992.5,14223.087670923042,592.6286529551268,531.6271227464638,469.09988038145536,531.9829425426434,0.19074217269350302,0.2304298385262679,20.781213681853547,0.8658839034105644,0.9792707108634661,0.4230520809642938,0.5555555555555556,0.0,0.21602001364566745,0.7839799863543324,0.0,0.0,0.0,0.0,0.0,0.0
2020,86037,CHAPADA,42,9,33,0,62660.11,81075.3002501416,1930.3642916700383,1677.3345191904555,2331.0725265349056,1493.6021153450088,0.28580634321838727,0.27213756886159307,31.240497601426583,0.7438213714625377,0.962080080045766,0.30413272495053073,0.6919191919191919,0.2535376972686451,0.3593386605928397,0.2961857232615774,0.0,0.2535376972686451,0.09093791887693782,0.0,0.0,0.0
2020,86045,AMARAL FERRADOR,55,9,46,1,116276.56,150449.09774422043,2735.4381408040076,2345.1759293652954,3758.750937824101,2182.960919012453,0.2570764235011611,0.23742532458820592,43.31671780395107,0.787576687344565,0.9696164073431217,0.26256564521688636,0.9094202898550725,0.11114621897999047,0.24670630090879883,0.5640491944378129,0.011749573602796643,0.09939664537719382,0.07809828567339798,0.0,0.0,0.0
2020,86053,CHIAPETTA,35,9,26,0,75323.0,97459.68911866602,2784.5625462476005,2683.528208277861,2749.5166068420704,2671.236251682567,0.16784211235043012,0.19569055932450907,31.614714063070885,0.9032775446591681,0.9862386066193174,0.28250999030840507,0.5854700854700855,0.13475299709252153,0.29870690227420577,0.3806738977470361,0.0,0.13475299709252153,0.18586620288623662,0.0,0.0,0.0
2020,86061,VILA FLORES,27,9,18,1,51671.35999999999,66857.06466734827,2476.1875802721584,1896.1960410950844,3649.26195181423,1747.2563438651591,0.33204963632264173,0.25933108785988995,19.487016616005363,0.7217413561483468,0.9420712412681369,0.4926574411821172,0.7808641975308642,0.011611848420478967,0.4229453221281578,0.3773308850396042,0.0,0.011611848420478967,0.18811194441175924,0.0,0.0,0.0
2020,86070,CIRÍACO,31,9,22,0,20694.66,26776.61710256486,863.7618420182213,864.6421047163358,896.8082142909683,801.3061809963738,0.2159770186000607,0.2218253404501451,26.823174956436027,0.86526370827213,0.975066062459972,0.3159829637210758,0.6161616161616161,0.07738711339060415,0.1546292618482256,0.7679836247611703,0.005006122352336303,0.07238099103826785,0.0,0.0,0.0,0.0
2020,86088,CERRO BRANCO,23,9,14,0,12418.949999999999,16068.757300960628,698.6416217808968,550.4208774355843,600.8825939846859,472.78746736004354,0.31471539724442854,0.35036778471609914,15.441851214743824,0.6713848354236446,0.9400867892447822,0.4256881620426847,0.6349206349206349,0.009662652639715918,0.0,0.9903373473602841,0.009662652639715918,0.0,0.0,0.0,0.0,0.0
2020,86096,COLORADO,35,9,26,0,104683.04000000001,135448.3562045707,3869.953034416306,3171.3636182908804,2484.269122417306,3218.5065065592526,0.2998838125340759,0.18750277026727538,26.951225491901365,0.7700350140543247,0.9541448504541951,0.24464516888313523,0.3782051282051282,0.04159317497848744,0.5054274312247714,0.43053067622033137,0.019650747628269103,0.021942427350218334,0.0224487175764097,0.0,0.0,0.0
2020,86100,ANDRÉ DA ROCHA,21,9,12,0,27823.149999999998,36000.10022572139,1714.2904869391139,1565.607103190073,2035.289234147095,1373.4644132531096,0.13436549882279425,0.20794194762275298,19.77637883563701,0.9417323255065243,0.9903829180745434,0.4918781662033235,0.8055555555555556,0.345539595624507,0.24539277544059537,0.40906762893489773,0.0,0.345539595624507,0.0,0.0,0.0,0.0
2020,86118,CONDOR,55,9,46,1,105421.54000000001,136403.89409358383,2480.070801701524,1462.7428348399815,4573.90174361728,1430.072108099858,0.446297052248094,0.24274612190260167,33.233870096500944,0.6042521835727445,0.907206480074492,0.23937423035178576,0.7258454106280193,0.06638368212037123,0.7614710428248344,0.15620925287185142,0.0045246920126569955,0.06185899010771423,0.015936022182942877,0.0,0.0,0.0
2020,86126,POÇO DAS ANTAS,24,9,15,0,45212.34,58499.802194912954,2437.491758121373,2315.4164555030047,2602.013127698543,2141.3882279170007,0.26759057003759,0.2538466268279854,19.129936283010778,0.7970806784587824,0.9635101160804668,0.43979895754123766,0.6962962962962963,0.18136641456735042,0.38750482722194873,0.41825616634750606,0.0,0.18136641456735042,0.012872591863194872,0.0,0.0,0.0
2020,86134,CONSTANTINA,33,9,24,0,95868.21,124042.93433563437,3758.8767980495263,3208.588838422102,4760.092538781785,2804.5069389789123,0.254781250471271,0.27795115815764165,23.92347209878601,0.7249536999632125,0.9609940642973297,0.4234986759427343,0.8240740740740741,0.09793653182843405,0.5687133409500396,0.22904026266892852,0.011578394965338353,0.0863581368630957,0.10430986455259778,0.0,0.0,0.0
2020,86142,TRÊS PALMEIRAS,29,9,20,0,45058.33999999999,58300.5431090524,2010.3635554845655,2070.2242686810882,2493.326353592786,2070.2242686810882,0.2465072982087757,0.18393265264543698,24.35261835334781,0.8397454604602693,0.9711601722615704,0.3380652727108899,0.6055555555555555,0.05816237349178867,0.2600850364216703,0.6817525900865413,0.006052153718934165,0.052110219772854495,0.0,0.0,0.0,0.0
2020,86150,CORONEL BICACO,26,9,17,3,48564.6,62837.25844924348,2416.817632663211,1785.5684317374387,3881.6705037770407,1170.9706019727407,0.4996632558251517,0.33677411118386646,13.896447328858137,0.5344787434176207,0.8668648074810289,0.5133080474254911,0.7843137254901961,0.20591130164770224,0.2684383275060435,0.4828208201035322,0.0,0.20591130164770224,0.042829550742722065,0.0,0.0,0.0
2020,86169,NOVA ALVORADA,21,9,12,0,36822.6,47644.400097460166,2268.780957021913,2503.677474936191,1940.8352518885204,2503.677474936191,0.06335369091393916,0.16043408124358405,20.674041061677865,0.984478145794184,0.9973737155252246,0.414449278432267,0.4027777777777778,0.13687246419318572,0.2626702079701053,0.600457327836709,0.0,0.13687246419318572,0.0,0.0,0.0,0.0
2020,86177,CRISSIUMAL,74,9,65,0,167599.41999999998,216855.24168804658,2930.4762390276564,2613.4187695288074,3392.8646761380774,2449.9680940655962,0.2701342977297989,0.22149933454423654,59.30937214950539,0.8014780020203431,0.9729965576420196,0.16719055471671682,0.7230769230769231,0.23046422237022063,0.3536145888810356,0.34615752250216625,0.004711233487562188,0.22575298888265843,0.0697617569320944,0.0,0.0,1.909314483307878e-06
2020,86185,MORRO REDONDO,49,9,40,0,89769.18,116151.45938475063,2370.437946627564,2197.672450221768,2885.9702639515126,1591.4849065485867,0.33380606500687526,0.2675625420662191,27.383300295285185,0.5588428631690854,0.9395422043910097,0.22980370323088609,0.7777777777777777,0.4666880102948473,0.17384529968971535,0.35389707246963825,0.0655013223914934,0.40118668790335393,0.005569617545799127,0.0,0.0,0.0
2020,86193,CRUZ ALTA,248,15,233,31,716419.6000000001,926968.2765492487,3737.7753086663256,1332.7068729634507,10703.512330640002,1172.911437224629,0.6848671881898942,0.532968584332422,60.084545754522196,0.24227639417146046,0.8357407644761621,0.2600650652215545,0.9198855507868384,0.42714297598781487,0.369001043522539,0.17563575870900236,0.04434831207856401,0.3827946639092509,0.01699752491417041,0.011222696866473222,0.0,0.0
2020,86207,SANTA MARIA DO HERVAL,34,9,25,0,97443.09,126080.65608329716,3708.2545906852106,3359.2623484770475,3351.1755349275118,3607.3657881767963,0.3084948624582704,0.2650429086351839,24.934782751700183,0.7333759632852995,0.9551216696231927,0.31403622360497807,0.5222222222222221,0.15857461006213985,0.38910250075197744,0.4386841591332951,0.0,0.15857461006213985,0.013638730052587618,0.0,0.0,0.0
2020,86215,CRUZEIRO DO SUL,57,9,48,0,67813.11,87742.71628546262,1539.3458997449584,1015.0568367376961,1323.1320857208007,1005.3526604782536,0.5322592606278296,0.37229792292375324,25.72884752513242,0.45138328991460386,0.8779257037864513,0.24174617562887177,0.6516203703703703,0.38164301858445954,0.3590703921409887,0.2592865892745518,0.0,0.38164301858445954,0.0,0.0,0.0,0.0
2020,86223,BARÃO,28,9,19,0,49614.869999999995,64196.19247591079,2292.721159853957,2622.068425301391,2788.333311879841,2617.5398097136513,0.22274126544262685,0.16950563409719704,24.067895437007362,0.8595676941788344,0.9726941285698638,0.32821047399700937,0.5789473684210527,0.17460491179358126,0.40087014235853086,0.38824549978665673,0.0,0.17460491179358126,0.03627944606123124,0.0,0.0,0.0
2020,86231,DAVID CANABARRO,20,9,11,0,25968.059999999998,33599.817514104136,1679.9908757052067,1371.523578001221,1358.5846763219643,1371.523578001221,0.18577571832474193,0.1774564599742915,17.363361747741145,0.8681680873870572,0.9774053491693347,0.3877594244622048,0.2777777777777778,0.011639683518907458,0.27594668219343305,0.7124136342876596,0.0035004540192836897,0.008139229499623769,0.0,0.0,0.0,0.0
2020,86240,ELDORADO DO SUL,79,9,70,13,242200.85,313381.2984782425,3966.8518794714237,1614.1926789956824,10755.39732637382,1529.5075675049466,0.6804539123185036,0.5359560463970297,18.63567161858222,0.23589457745040784,0.7903067372687699,0.5311533795195186,0.9761904761904763,0.18722353781995396,0.4022830638290493,0.22389628277522558,0.0336642088580614,0.15355932896189256,0.1865971155757711,0.0,0.0,0.0
2020,86258,DOIS IRMÃOS,70,9,61,8,79455.59999999999,102806.81962663568,1468.6688518090812,575.4576521849463,2438.3360214559443,458.0371194456908,0.6408561870672784,0.4543839578330539,20.75201201867975,0.29645731455256785,0.8197368746659547,0.19666203514919023,0.7340619307832422,0.447166719526377,0.25675031086543937,0.2080312778457403,0.022389863017836378,0.4247768565085408,0.08805169176244343,0.0,0.0,0.0
2020,86274,DOM FELICIANO,57,9,48,5,134951.05000000002,174611.83674624687,3063.3655569516995,2371.441899774187,5172.714113333284,2192.8527093462444,0.4127186571749599,0.28754552113525605,35.145777071163195,0.6165925801958455,0.9260975480115982,0.2909473472047827,0.837962962962963,0.22693635951702487,0.18492831289567585,0.5733151390819115,0.018109158839445857,0.208827200677579,0.0,0.0,0.0,0.014820188505387692
2020,86282,ALTO FELIZ,45,9,36,0,42783.55000000001,55357.21469395675,1230.1603265323722,999.9183217729657,1407.7525027031402,793.9957015475936,0.37125520335632634,0.2012689456578521,30.63930442128489,0.6808734315841087,0.9316776192200575,0.214861786831621,0.5617283950617284,0.09264425228855482,0.1927610027685874,0.563370734780073,0.025590443055800643,0.06705380923275417,0.15122401016278447,0.0,0.0,0.0
2020,86290,DOM PEDRITO,88,13,75,4,261593.97,338473.86577164533,3846.2939292232422,2467.4485502342723,7269.074963406471,2445.4524173795357,0.48526602774729666,0.3273355268854248,41.26007646209151,0.4688645052510399,0.9060111856695966,0.35355555022923507,0.9025641025641026,0.38659419404812734,0.32736568813111405,0.2503282854723295,0.059917283261536954,0.3266769107865904,0.03571183234842913,0.0,0.0,0.0
2020,86304,AMETISTA DO SUL,35,9,26,0,76193.55,98586.08520435372,2816.7452915529634,2536.0247291343335,3170.0309114179167,2448.3183841014907,0.19970171078410615,0.2124847838170029,30.576816174391855,0.8736233192683387,0.9812972139317554,0.3075755100005184,0.7051282051282051,0.09843352882232156,0.39662149880140773,0.49182050186662785,0.0,0.09843352882232156,0.0,0.013124470509642876,0.0,0.0
2020,86312,DONA FRANCISCA,30,9,21,0,60030.15,77672.42086410377,2589.0806954701256,2244.8994413510554,3612.541348848499,1836.0301482865402,0.2509085573388261,0.20169031728223238,24.494081025205897,0.8164693675068633,0.970092091632038,0.37849314053021693,0.7804232804232805,0.4218546846876111,0.25228989099644095,0.3258554243159479,0.0,0.4218546846876111,0.0,0.0,0.0,0.0
2020,86320,ARAMBARÉ,57,9,48,5,58775.61,76049.18389283429,1334.1962086462156,990.1494510051268,1126.0079186373232,982.0626374555914,0.5145898311913764,0.4111965830724683,22.049020922939775,0.3868249284726276,0.8719152300798464,0.13544665891174928,0.5902777777777778,0.3795341298882308,0.1772333796280464,0.3897409146412943,0.0025648393951164437,0.3769692904931144,0.053491575842428515,0.0,0.0,0.0
2020,86339,ENCANTADO,58,11,47,0,140049.12,181208.17939464375,3124.278955080065,2206.082736313285,6909.502885739925,1785.5684317374387,0.453186491356353,0.3083143971200961,32.641006767563056,0.5627759787510872,0.9168659977416393,0.3753775818084398,0.8549323017408124,0.28767121135784357,0.3503329403283648,0.328158291890731,0.0,0.28767121135784357,0.0338375564230607,0.0,0.0,0.0
2020,86347,BARÃO DO TRIUNFO,49,9,40,0,103440.8,133841.03408236674,2731.4496751503416,2556.856360837937,3582.7818749862085,2366.8485896780503,0.24453703105978475,0.19426087191901065,40.89045138829014,0.8344990079242885,0.9758709953154638,0.2463230176100726,0.7916666666666666,0.2329709360329773,0.35689592501218087,0.38784261142605236,0.014179124678076733,0.21879181135490058,0.022290527528789413,0.0,0.0,0.0
2020,86355,ENCRUZILHADA DO SUL,99,11,88,4,218695.28,282967.6725637537,2858.2593188257947,1319.767971284194,5354.117514876465,1209.787307010511,0.6380217712014173,0.5159851186545955,23.74469997957809,0.23984545433917262,0.8217291636370025,0.39121607928621055,0.878099173553719,0.167086367844793,0.5248708614104521,0.2689511634636102,0.039324122587373625,0.12776224525741936,0.0390916072811448,0.0,0.0,0.0
2020,86363,BARRA DO GUARITA,25,9,16,0,37076.86,47973.38461155693,1918.9353844622774,1815.9748506836922,1930.484130545115,1718.208509595228,0.1996751396962959,0.1989982431090443,22.161654449921116,0.8864661779968447,0.9798431411674272,0.4165463310539243,0.6597222222222222,0.12256647407574428,0.3022100577017579,0.4945666920014262,0.0,0.12256647407574428,0.08065677622107158,0.0,0.0,0.0
2020,86371,ERECHIM,258,17,241,2,1094442.56,1416088.4677434112,5488.7149912535315,2888.027549318515,12869.704433076138,2888.027549318515,0.5548699361009259,0.4291557704042504,84.82490522040322,0.32877870240466367,0.8954939247550864,0.2447271239159413,0.930680986087381,0.30160282692222784,0.18631868629085477,0.24198113238578733,0.0027411214710071213,0.2988617054512207,0.2692411925208756,0.0008561618802543643,0.0,0.0
2020,86380,BARRA DO RIO AZUL,12,9,3,0,6400.4,8281.414630791523,690.1178858992936,623.0728103646113,623.0728103646113,623.0728103646113,0.07588067412453392,0.22661864883444785,11.642907583635562,0.9702422986362969,0.9942439147714913,0.7372586088369476,0.44444444444444453,0.7812011749265672,0.0,0.21879882507343293,0.0,0.7812011749265672,0.0,0.0,0.0,0.0
2020,86398,HERVAL,53,9,44,0,82122.56,106257.57294888674,2004.8598669601272,1587.9914030951873,2717.1693526439285,1192.707956793892,0.4955284274974856,0.3750528478410805,25.636396027797137,0.48370558543013464,0.8931215199235003,0.30279499323937303,0.8257575757575758,0.621680571087896,0.1874344881601353,0.16768230313326812,0.0,0.621680571087896,0.023202637618700638,0.0,0.0,0.0
2020,86401,BARRA FUNDA,27,9,18,0,34104.16,44127.03730936427,1634.3347151616397,1517.8754948952949,1362.5310413341374,1524.1120455046967,0.216293674263611,0.2175497065460636,22.932224252965536,0.8493416389987236,0.9760858265351927,0.3233391468958625,0.42592592592592593,0.0,0.1785483061303958,0.46372407354410716,0.0,0.0,0.35772762032549693,0.0,0.0,0.0
2020,86410,ERVAL GRANDE,34,9,25,0,30122.85,38975.65944490008,1146.3429248500022,1135.744442150964,1451.7447684126132,1053.8735417754665,0.27715998085877547,0.20372242334307678,27.33181789095176,0.8038769967926989,0.964533429643539,0.29829182829645934,0.5688888888888889,0.33158217100971527,0.04875202711562817,0.5682745822523433,0.009501093024066447,0.3220810779856488,0.05139121962231329,0.0,0.0,0.0
2020,86428,BOA VISTA DAS MISSÕES,21,9,12,0,30112.51,38962.280620563724,1855.3466962173202,1565.115424926261,2214.8811894551795,1466.6245053437585,0.23529777712540945,0.2736782818835095,17.393516870420058,0.8282627081152408,0.9693164304929146,0.5571415335353977,0.8148148148148148,0.24826758048399156,0.29570600391664464,0.43111982362147827,0.005180571131400206,0.24308700935259134,0.024906591977885605,0.0,0.0,0.0
2020,86436,ERVAL SECO,35,9,26,0,58486.19,75674.70620043323,2162.1344628695206,1689.8205593109383,2290.185597228454,1451.7447684126132,0.35438555910133895,0.3299753326383545,22.052158549097125,0.6300616728313464,0.9370248574782749,0.369728306801999,0.7435897435897436,0.2380049033797551,0.3275118451039467,0.4283279522909596,0.08412242274629275,0.15388248063346235,0.006155299225338494,0.0,0.0,0.0
2020,86444,BOM PROGRESSO,37,9,28,0,27377.32,35423.24517215509,957.3850046528403,646.9450839628402,1487.9736931145324,646.9450839628402,0.2742799810504024,0.22388130028797557,28.806280697239586,0.7785481269524213,0.9643975054310756,0.33872928394744256,0.7440476190476191,0.032873926301040426,0.30974543892535866,0.379778590453704,0.019724355780624255,0.01314957052041617,0.27760204431989693,0.0,0.0,0.0
2020,86452,ESMERALDA,35,9,26,0,33257.5,43031.55225978831,1229.4729217082374,1151.5622494538554,1235.6651103690247,1132.1538969349701,0.13297537612353794,0.19108471773284225,32.32012998196156,0.9234322851989016,0.9899816188852405,0.28580019544463653,0.6431623931623931,0.21309479064872586,0.02044651582349846,0.4753965270991506,0.0,0.21309479064872586,0.29106216642862515,0.0,0.0,0.0
2020,86460,CAMPESTRE DA SERRA,23,9,14,0,24688.48,31944.181533029798,1388.8774579578173,1361.4312346914007,1195.5545151633285,1474.9700969268793,0.16207249203923735,0.19689628523100652,21.208974486279818,0.9221293254904268,0.9863790679123726,0.3773638555310007,0.42857142857142855,0.07661143982942652,0.09893116141617467,0.770991166730394,0.0,0.07661143982942652,0.05346623202400472,0.0,0.0,0.0
2020,86479,ESPUMOSO,35,9,26,0,80274.22,103866.02399590299,2967.600685597228,2285.3723258037703,3926.374409078873,1185.1710465657247,0.42812332883102844,0.28782453445203204,21.761185966733905,0.6217481704781116,0.9157466302686372,0.4122556407274964,0.8226495726495726,0.18176445688291956,0.3918052395899954,0.2611767513904215,0.0012457299491667436,0.18051872693375282,0.16525355213666357,0.0,0.0,0.0
2020,86487,CANDIOTA,76,9,67,5,101528.95999999999,131367.32310371968,1728.5174092594696,1391.3847920788803,1239.870253414783,1423.2791847182482,0.48680173565619533,0.3279499760462433,40.59586870466048,0.5341561671665853,0.9073321497542681,0.14772977089492492,0.5887230514096186,0.3506176956801291,0.32789068261902815,0.2843282350178708,0.006825638714313631,0.3437920569658155,0.03716338668297204,0.0,0.0,0.0
2020,86495,ESTÂNCIA VELHA,100,9,91,3,204900.28000000003,265118.4576972189,2651.1845769721895,1475.3841417806154,4540.868727630137,1411.5047841901246,0.5156629742038421,0.3538641821280088,47.95188066314672,0.4795188066314672,0.901357461180687,0.17662826034205514,0.7997557997557998,0.1312443301688021,0.3142762908864741,0.4462192535803268,0.008491935686959528,0.12275239448184257,0.10826012536439675,0.0,0.0,0.0
2020,86509,CAPITÃO,23,9,14,0,28634.57,37049.988585779654,1610.8690689469415,1682.0572183033844,1682.0572183033844,1682.0572183033844,0.19512039802421222,0.229867953316568,19.302057721399926,0.8392199009304315,0.9751008544959857,0.3781722582179512,0.5238095238095238,0.0,0.07333792684856102,0.926662073151439,0.0,0.0,0.0,0.0,0.0,0.0
2020,86517,ESTEIO,168,10,158,5,892746.0800000001,1155115.3753661928,6875.6867581321,3530.9356959574266,25768.456700422204,3127.3066580730106,0.5949116627663629,0.43129806853926483,59.211690789302146,0.3524505404125128,0.8759080556673139,0.25564957955346046,0.9582278481012658,0.3631362122586973,0.2936700209313716,0.1076582156485078,0.005564292144525574,0.3575719201141717,0.23486346756067525,0.0006720836007479304,0.0,0.0
2020,86525,CARLOS GOMES,22,9,13,0,32546.3,42111.33757235956,1914.1517078345255,1790.7439924091414,1795.9195530808443,1782.3337063176245,0.09499013014466362,0.1988398066754132,21.16563054096391,0.9620741154983595,0.9941278115223288,0.383607353216802,0.47008547008547,0.09217637642374095,0.24930637276741135,0.6585172508088477,0.0,0.09217637642374095,0.0,0.0,0.0,0.0
2020,86533,ESTRELA,158,13,145,13,246924.13,319492.70403060253,2022.1057217126743,1423.2791847182482,2937.3118258148033,1423.2791847182482,0.551174936132319,0.38396069270346317,67.0816478492887,0.4245673914511943,0.8942597537545808,0.18842054844943665,0.8111405835543767,0.4716002036738977,0.212691768925135,0.24173072919199917,0.0,0.4716002036738977,0.07397729820896809,0.0,0.0,0.0
2020,86541,CENTENÁRIO,22,9,13,0,32785.85,42421.28896208616,1928.2404073675527,2059.22620225372,2344.5289842813327,1653.0093840334528,0.2988394938115626,0.2844992580640734,15.05436810696089,0.6842894594073132,0.9420995251138136,0.5127715157606102,0.6581196581196581,0.4276845041382182,0.21664834067135672,0.35566715519042513,0.0,0.4276845041382182,0.0,0.0,0.0,0.0
2020,86550,FARROUPILHA,189,15,174,5,735814.0199999999,952062.5258998699,5037.367861904073,3421.71842688282,11726.16430266342,3266.2251759523515,0.46436876469576815,0.34145622830073286,96.46734218557708,0.5104092179131062,0.9286299368958347,0.19613405844047388,0.8302681992337165,0.24982398405510134,0.21198243817099327,0.45488758151142605,0.02022250133260576,0.2296014827224956,0.08330599626247949,0.0,0.0,0.0
2020,86568,CHARRUA,20,9,11,0,41717.5,53977.86308043957,2698.8931540219787,2918.8091964134665,3091.543533831545,2463.566879730495,0.16158576137112712,0.1516912566668664,18.453154492773727,0.9226577246386863,0.9852671413960679,0.5114050458440702,0.6717171717171717,0.0,0.46651141607239166,0.5334885839276083,0.0,0.0,0.0,0.0,0.0,0.0
2020,86576,FAXINAL DO SOTURNO,35,9,26,0,54601.950000000004,70648.9262545696,2018.54075013056,1358.5846763219643,2329.0023022662244,1291.9493326737918,0.3414822050442208,0.2653018802442037,24.707982611065894,0.7059423603161684,0.9467305967016497,0.3274068050683172,0.7628205128205128,0.3042015898699588,0.10613174071621984,0.2347773293810935,0.0,0.3042015898699588,0.35488934003272776,0.0,0.0,0.0
2020,86584,COLINAS,30,9,21,0,31344.0,40555.69342346252,1351.8564474487507,991.7668137150339,517.5560671702721,1313.2985204445654,0.45785264590777586,0.31243619193466055,16.578076170574825,0.5526025390191608,0.8976583792576686,0.24294920877998982,0.3253968253968254,0.3908244002041858,0.23465416028586014,0.21726646248085757,0.0,0.3908244002041858,0.1508741704951506,0.006380806533945891,0.0,0.0
2020,86592,FELIZ,44,9,35,0,130105.15000000001,168341.7743814958,3825.9494177612683,3695.518525317573,6440.597088883658,2285.0617921634685,0.42796156346686454,0.3129482576208551,26.320112833773486,0.598184382585761,0.9189206304396466,0.35930491606212356,0.8095238095238095,0.023058272481911744,0.3672924553716743,0.23122927877951024,0.0,0.023058272481911744,0.3703342258165799,0.0,0.0,0.008085767550323718
2020,86606,COQUEIROS DO SUL,22,9,13,0,27099.0,35063.129660618004,1593.778620937182,1811.4462350959523,1811.4462350959523,1811.4462350959523,0.08337107373972219,0.15498726890291156,21.412555957118602,0.9732979980508456,0.9954327649705258,0.40145392818923215,0.45299145299145294,0.21179748330196685,0.0,0.7882025166980331,0.0,0.21179748330196685,0.0,0.0,0.0,0.0
2020,86614,FLORES DA CUNHA,105,9,96,3,145294.13,187994.6462643156,1790.4252025172916,1307.1525421469184,1847.6751597978714,1300.5213550362994,0.5162607267262425,0.3856274166065759,45.86287712926164,0.436789305992968,0.8972350481330101,0.18851394753525139,0.6886574074074074,0.1836688102953643,0.30448360164309457,0.4193318064535711,0.0,0.1836688102953643,0.09251578160796999,0.0,0.0,0.0
2020,86622,CORONEL BARROS,32,9,23,0,21125.0,27333.429797429995,854.1696811696874,504.61716549101527,1449.1569880767618,323.4725419814201,0.3853032544378696,0.29491124260355034,20.86286854983012,0.6519646421821913,0.9277638465806806,0.39763313609467454,0.6908212560386473,0.14201183431952663,0.10366863905325444,0.7486390532544379,0.0,0.14201183431952663,0.005680473372781065,0.0,0.0,0.0
2020,86630,FONTOURA XAVIER,52,9,43,0,96788.95999999999,125234.28370775194,2408.35160976446,1785.7107596559106,2466.180537869705,1731.5097005215039,0.40338108968053965,0.28006024654051453,33.51913270652946,0.6445987058947973,0.9332091337052407,0.19351566542299867,0.6149870801033592,0.2489248773827098,0.333885393540751,0.27795897383337936,0.10807017659865341,0.14085470078405637,0.13923075524315998,0.0,0.0,0.0
2020,86649,COXILHA,34,9,25,0,77502.3,100279.46396162643,2949.3959988713655,2602.9835453244873,3339.9833849749543,2505.6183101880797,0.15240993606944975,0.19403037071157891,30.74295003130541,0.9042044126854532,0.9866924837167906,0.3110701230802183,0.7622222222222222,0.06451421441686246,0.4528949463435279,0.40674018706541615,0.0,0.06451421441686246,0.07585065217419353,0.0,0.0,0.0
2020,86657,FORMIGUEIRO,39,9,30,0,72967.04000000001,94411.33563863984,2420.803477913842,2015.8808816282099,2517.263321699411,1928.252170005443,0.2626789525931932,0.2332697064318355,29.86597438458031,0.7657942149892387,0.9652004933008996,0.3124767018094745,0.737037037037037,0.4534717318942908,0.19222363960495037,0.3493708940365403,0.011512047083176184,0.44195968481111464,0.004933734464218365,0.0,0.0,0.0
2020,86665,DERRUBADAS,21,9,12,0,14371.55,18595.20724285231,885.4860591834433,1284.8329367502004,646.9450839628402,1284.8329367502004,0.29046474259412336,0.22815910601152972,16.2753469758678,0.7750165226603715,0.9468054681934356,0.3540014820948332,0.3425925925925926,0.22426251865665153,0.006958191705139669,0.7687792896382089,0.0,0.22426251865665153,0.0,0.0,0.0,0.0
2020,86673,FREDERICO WESTPHALEN,58,11,47,0,254841.39,329736.7689015138,5685.116705198513,3395.3165980062968,14767.466081274411,2719.213699109251,0.5151182636005276,0.3355613466085709,28.735056605035762,0.4954320104316511,0.8905888716829854,0.418522791764713,0.8336557059961316,0.5166264396846995,0.23902043541671153,0.13193633891260753,0.008475860220351175,0.5081505794643483,0.11241678598598132,0.0,0.0,0.0
2020,86681,DOIS IRMÃOS DAS MISSÕES,23,9,14,0,30711.050000000003,39736.72564167396,1727.6837235510418,1489.2028887740616,2515.969431531485,1394.1343086857223,0.25232724972310283,0.23825300665395677,19.000684727845695,0.8261167272976389,0.9667760993010142,0.5208337064346545,0.8174603174603174,0.20350981161503756,0.23032426439343492,0.5661659239915275,0.0,0.20350981161503756,0.0,0.0,0.0,0.0
2020,86690,GARIBALDI,64,9,55,9,151966.66999999998,196628.18016540643,3072.3153150844755,3144.153108059403,3545.259060116364,3034.17244378572,0.4265952352825131,0.24665658594743176,41.011585311886535,0.6408060204982271,0.9180536155319026,0.16117244656344712,0.5737373737373738,0.24594537736465505,0.44679000994099566,0.26923008841346596,0.0,0.24594537736465505,0.038034524280883435,0.0,0.0,0.0
2020,86703,ENGENHO VELHO,16,9,7,0,28157.5,36432.71240336734,2277.0445252104587,2154.3271295962577,2180.2049329547713,2050.8159161622034,0.11990033738790729,0.16793039154754508,15.308091034609618,0.9567556896631011,0.9919147377051059,0.5737192577466039,0.5634920634920635,0.21308709935186007,0.20292994761608807,0.5839829530320518,0.03551451655864334,0.17757258279321672,0.0,0.0,0.0,0.0
2020,86711,GAURAMA,23,9,14,0,50395.46,65206.19020209189,2835.051747917039,2639.535942568388,2887.5746877597403,2474.5649461578632,0.17974610859960305,0.21347915070127355,20.7108701964422,0.9004726172366174,0.9826785810104423,0.42927180345213645,0.6666666666666666,0.15603588100991636,0.41288262871298337,0.43108149027710035,0.019843057291271872,0.1361928237186445,0.0,0.0,0.0,0.0
2020,86720,GARRUCHOS,19,9,10,0,31934.0,41319.08862253868,2174.688874870457,2009.4114307885814,2096.102072039602,1580.8103126632,0.22715436113299448,0.19696874804283834,16.227771197130853,0.8540932209016239,0.9724650481736024,0.5052921650904991,0.6722222222222222,0.09519634245631615,0.22870608129266612,0.6092096198409219,0.011273251080353229,0.08392309137596292,0.06688795641009582,0.0,0.0,0.0
2020,86738,GENERAL CÂMARA,66,9,57,3,96499.28,124859.46960390723,1891.810145513746,999.8536272645695,4485.8007620832195,776.3341007554081,0.47631750896656055,0.3526431492545851,33.36776572448031,0.5055722079466713,0.9050976614203845,0.3096227246462357,0.9103313840155945,0.14676793443432945,0.39003399818112633,0.23729192590867,0.0,0.14676793443432945,0.2259061414758742,0.0,0.0,0.0
2020,86746,GENTIL,29,9,20,0,41539.200000000004,53747.162463498425,1853.3504297758077,1310.7107401087142,1293.8901679256803,1437.6090183280253,0.2721382079644252,0.21666281488329092,22.801155060209897,0.7862467262141344,0.9626687943064947,0.235995156382405,0.3388888888888889,0.48628765118249745,0.014444187658886063,0.4992681611586164,0.0,0.48628765118249745,0.0,0.0,0.0,0.0
2020,86754,SÃO VICENTE DO SUL,45,9,36,1,50177.85,64924.62676264959,1442.7694836144353,743.9868465572662,1759.690628378925,663.1187110619111,0.547873436408916,0.44010454812232896,18.030177433531478,0.40067060963403284,0.8589405648717117,0.4156714566287715,0.7962962962962963,0.32738548981273613,0.20788056881671893,0.46473394137054497,0.050590051187924555,0.27679543862481154,0.0,0.0,0.0,0.0
2020,86762,GRAMADO DOS LOUREIROS,26,9,17,0,28852.7,37332.224848109276,1435.8548018503568,1332.7068729634507,1720.8739233411548,1319.767971284194,0.07476649965567805,0.1576975465034468,25.359127310272978,0.9753510503951145,0.9964141381431627,0.39079531551639873,0.7810457516339868,0.008318112343038952,0.09392535187348151,0.8977565357834796,0.008318112343038952,0.0,0.0,0.0,0.0,0.0
2020,86770,GETÚLIO VARGAS,56,9,47,0,98744.1,127764.02013067016,2281.500359476253,1353.6031991754505,1552.6682015108163,1353.6031991754505,0.5179695184681561,0.3922041924530174,26.23636940887385,0.46850659658703303,0.8854182897604027,0.18628961122740495,0.5756501182033097,0.18313772670974768,0.4316815890772208,0.38518068421303153,0.0018228937222578361,0.18131483298748985,0.0,0.0,0.0,0.0
2020,86789,GRAMADO XAVIER,62,9,53,2,37015.80000000001,47894.379677903395,772.4899948048935,760.1604736563371,1335.6828203496796,760.1604736563371,0.3444809182617574,0.27681152372770546,41.17916115757862,0.6641800186706229,0.9472552498226517,0.2567741342886011,0.6771488469601676,0.25844099006370247,0.14912550856661205,0.5417146191626278,0.015463666866581292,0.24297732319712118,0.05071888220705751,0.0,0.0,0.0
2020,86797,GIRUÁ,68,11,57,0,241918.34,313015.7615669018,4603.172964219144,3232.461112020331,8578.49181334726,2823.5271244474193,0.4247259766882254,0.3250472039449344,38.83089617448815,0.5710425908012964,0.9281512421831409,0.3662629712158243,0.9409888357256777,0.1837147196033174,0.5152990467775201,0.2542597225162838,0.01356656134462563,0.17014815825869176,0.02910072878310921,0.017625782319769554,0.0,0.0
2020,86800,HULHA NEGRA,47,9,38,14,52345.1,67728.81022908654,1441.0385155124795,957.4787242650034,1746.7517266996683,910.8986782196789,0.565435599105234,0.37313998827015316,21.284346502922585,0.4528584362323954,0.8445897259153701,0.24348124275242566,0.6418128654970761,0.4940672574892397,0.195548389438553,0.2926558550848122,0.0,0.4940672574892397,0.017728497987395193,0.0,0.0,0.0
2020,86819,GRAMADO,98,9,89,3,319988.57999999996,414030.0775104999,4224.796709290816,2972.7126608092503,7982.590696509088,2709.4060116363744,0.5151891657878438,0.32580262708125396,49.659463890870185,0.5067292233762264,0.9007325736831922,0.23577669553082176,0.8863920099875156,0.3821893581327184,0.32083979372013843,0.2713687782232729,0.016766223344595613,0.36542313478812277,0.02560206992387041,0.0,0.0,0.0
2020,86827,INHACORÁ,12,9,3,0,21000.5,27172.34047152325,2264.3617059602707,1573.4998332144196,2493.326353592786,1399.989161695586,0.2835444394181095,0.35805337968143613,9.034989622643872,0.7529158018869894,0.9436408227340881,0.8470512606842694,0.7777777777777778,0.15240589509773578,0.14021094735839623,0.7073831575438679,0.0028856455798671457,0.14952024951786863,0.0,0.0,0.0,0.0
2020,86835,GRAVATAÍ,419,21,398,56,1576297.64,2039556.0181204537,4867.675460908004,1670.4122067920532,17597.876701415196,1458.8611643362044,0.7000463386796116,0.5191723563070233,100.91698923533849,0.2408520029483019,0.8439526040523584,0.2203560553449791,0.9111031347212252,0.5564185263894704,0.24051313050243484,0.13006321572618734,0.013753652514508618,0.542664873874962,0.06747726907717758,0.00552785830472981,0.0,0.0
2020,86843,ITAPUCA,24,9,15,0,18997.5,24580.67846516811,1024.1949360486713,617.8325551845123,792.5077278544792,491.6782638117585,0.4004485239285873,0.3133570206606133,15.011159637901656,0.625464984912569,0.9171393711984828,0.41152783260955395,0.5555555555555556,0.07895775759968417,0.30003947887879984,0.5183576786419266,0.0,0.07895775759968417,0.10264508487958941,0.0,0.0,0.0
2020,86851,GUAÍBA,345,17,328,116,958200.8900000001,1239806.7104686364,3593.642639039526,646.9450839628402,18761.407434922363,435.07056896500995,0.7852919907074989,0.6332771199993353,56.879888467789094,0.16486924193562055,0.7799325437971244,0.31677176797445883,0.9404591104734576,0.5770426909121322,0.2333028515554812,0.1839645233474997,0.07878827998166438,0.49825441093046774,0.0035483164704637245,0.002141461171049423,0.0,1.5654337369692903e-07
2020,86860,LAJEADO DO BUGRE,29,9,20,0,37923.020000000004,49068.222716048935,1692.0076798637563,1527.7737546799262,2329.0023022662244,1242.36099198804,0.2802237541863162,0.20279582164078702,23.16330754464591,0.7987347429188245,0.9619125222704434,0.40211143521797577,0.7388888888888888,0.0,0.4677778826686271,0.5243113549501067,0.0,0.0,0.007910762381266048,0.0,0.0,0.0
2020,86878,GUAPORÉ,54,11,43,0,198001.66,256192.40110696352,4744.303724203028,3972.2428155318385,4227.78612369716,3972.2428155318385,0.29162887377363966,0.2408073750492798,40.73538025811657,0.7543588936688254,0.9609535733392225,0.24104222156521313,0.5687103594080338,0.2947955082800821,0.26972329423904834,0.3529566368281963,0.0,0.2947955082800821,0.08252456065267331,0.0,0.0,0.0
2020,86886,LAGOA DOS TRÊS CANTOS,26,9,17,0,22024.0,28496.637058395183,1096.0245022459685,824.8549820526212,530.4949688495288,925.1314700668613,0.3627511246472377,0.33100254268071194,15.973023557362943,0.6143470598985747,0.9268353535433003,0.2710225208863058,0.4444444444444445,0.18162005085361424,0.1287232110424991,0.5125771885216128,0.0,0.18162005085361424,0.17707954958227387,0.0,0.0,0.0
2020,86894,GUARANI DAS MISSÕES,47,9,38,0,74947.09,96973.30286564106,2063.261763098746,1384.4624796804778,3032.2316085338316,1319.767971284194,0.3434674906813624,0.29912555644255173,29.522256891020877,0.6281331253408697,0.9432970467608925,0.3507607833739776,0.8596491228070176,0.20848040931275652,0.30510977811146506,0.4864098125757785,0.0,0.20848040931275652,0.0,0.0,0.0,0.0
2020,86908,LINDOLFO COLLOR,65,9,56,8,35811.0,46335.50080358653,712.8538585167158,366.42969555655264,194.08352518885204,366.42969555655264,0.5725908025681838,0.4439976543520148,23.07667558716971,0.3550257782641494,0.8523279393654304,0.09276200050263886,0.37103174603174593,0.42872860294322973,0.029320599815699087,0.23068330959760966,0.14576526765518974,0.28296333528804,0.3112674876434615,0.0,0.0,0.0
2020,86916,HORIZONTINA,71,9,62,1,309321.41000000003,400227.9311279081,5637.013114477579,3683.2783243289964,9242.257469493134,3589.251325825837,0.46996319468532466,0.39439552535338573,32.21818532330653,0.45377725807473984,0.9041174253968778,0.25054440945423084,0.878136200716846,0.23987928931269256,0.4972779931398863,0.24812857280069942,0.09623517492694733,0.1436441143857452,0.011274356986798939,0.0034397877599225994,0.0,0.0
2020,86924,LINHA NOVA,20,9,11,0,20125.209999999995,26039.81134643958,1301.990567321979,925.8431096592204,1215.3510347325914,843.3576114539583,0.2632443835368672,0.24182654491555616,15.36922421527395,0.7684612107636976,0.957879629060284,0.5586679592411706,0.712121212121212,0.17888012100246412,0.41901724255299705,0.3137358566693218,0.0,0.17888012100246412,0.08836677977521727,0.0,0.0,0.0
2020,86932,CHARQUEADAS,197,13,184,14,536232.1799999999,693825.5454273536,3521.957083387582,1992.810819934095,12020.731338293383,1692.5118508602236,0.5479523709603624,0.37636152309993787,86.18977441479754,0.4375115452527794,0.9013288990860255,0.23736085738084575,0.9473244147157192,0.26280776360717484,0.4065488945478804,0.20495524904902204,0.0045260245291507874,0.25828173907802404,0.12254766209666866,0.003140430699254193,0.0,0.0
2020,86940,MANOEL VIANA,42,9,33,0,82987.07999999999,107376.16687686187,2556.5754018300445,2057.2853670018317,3622.8924701919045,1568.1948835259245,0.344443599792023,0.29052293441340504,28.79574134796693,0.6856128892373079,0.948077885513519,0.3804164455479093,0.8821548821548821,0.0987141612887211,0.5134974022462293,0.3877884364650498,0.0,0.0987141612887211,0.0,0.0,0.0,0.0
2020,86959,HUMAITÁ,35,9,26,5,70282.45,90937.77103272824,2598.2220295065213,2361.9965015483294,3483.799277139894,2234.2248474656685,0.3569311298299118,0.24483921661808883,24.97117778218345,0.7134622223480985,0.928693314678939,0.3266754360441333,0.6688034188034189,0.07058661159364821,0.4723946020663765,0.34128719189498946,0.0,0.07058661159364821,0.11573159444498592,0.0,0.0,0.0
2020,86967,MAQUINÉ,45,9,36,0,47535.5,61505.71607743116,1366.7936906095815,1156.737810125558,1178.086997896332,1119.8619403396763,0.3281912114805423,0.24175616118479873,33.36122045609657,0.7413604545799237,0.9544208163918473,0.22903934953876579,0.6003086419753086,0.22191835575517246,0.17797225231668964,0.3664524408073966,0.002293023109044819,0.21962533264612763,0.23365695112074134,0.0,0.0,0.0
2020,86975,IBIAÇÁ,27,9,18,0,47367.15,61287.88966766088,2269.9218395429957,2303.124498907711,2527.653259747854,2237.802453779983,0.12564977736367622,0.14959924757981008,25.718319350277696,0.9525303463065813,0.992085868715995,0.35698939032641824,0.654320987654321,0.07057633824285396,0.36510514143240624,0.5643185203247398,0.0,0.07057633824285396,0.0,0.0,0.0,0.0
2020,86983,MARATÁ,26,9,17,3,22751.2,29437.55398851074,1132.2136149427208,1206.5525815906967,1335.294653299302,1035.1121343405441,0.2976346809770982,0.2061429726783642,20.329350648331754,0.7818981018589136,0.941082250454197,0.440284468511551,0.6895424836601307,0.05076655297302999,0.20218713738176447,0.7470463096452056,0.0,0.05076655297302999,0.0,0.0,0.0,0.0
2020,86991,IBIRAIARAS,36,9,27,0,136727.75,176910.69140760045,4914.185872433346,5487.711674714791,7045.231964355329,5201.438475061234,0.269854337461773,0.1931700038946007,29.377884441307167,0.8160523455918658,0.9665478829447787,0.30095719413213484,0.6460905349794239,0.06015604001382309,0.7441740977965337,0.1956698621896433,0.0,0.06015604001382309,0.0,0.0,0.0,0.0
2020,87009,MARIANA PIMENTEL,49,9,40,15,26048.4,33703.76865019529,687.8320132692917,129.38901679256801,116.70889314689636,905.7231175479761,0.5983035034624713,0.36563474148124253,20.042620928891832,0.40903308018146595,0.8195627958932915,0.15180203006710585,0.42916666666666664,0.427104927749881,0.05336220266887793,0.4389137144699866,0.0,0.427104927749881,0.08061915511125443,0.0,0.0,0.0
2020,87017,IBIRUBÁ,86,11,75,1,155651.65,201396.1395564092,2341.8155762373162,1788.8031571572528,4425.5572358646,1509.0641028517207,0.48937076986140293,0.3168959660883775,45.808224246727,0.5326537703107791,0.9090639580628419,0.2985901530757945,0.8684848484848485,0.3280993808931676,0.34170020041547905,0.27195227291198004,0.06078991131799759,0.26730946957517,0.05696322525331406,0.0,0.0,0.0012849205260593126
2020,87025,MATO CASTELHANO,28,9,19,0,36186.64,46821.53770626614,1672.1977752237908,1429.101690473914,1591.4849065485867,1374.1113583370725,0.1425425634590951,0.1735308942747931,25.95971959387143,0.9271328426382653,0.9892618601034783,0.3091914585051278,0.4970760233918129,0.0,0.12967078457684936,0.834404354756341,0.0,0.0,0.0,0.03592486066680963,0.0,0.0
2020,87033,IGREJINHA,99,9,90,27,181894.46,235351.45339415094,2377.2874080217266,388.1670503777041,4916.782638117585,315.19164490669573,0.7193718652547028,0.5221138125922031,23.114978892968466,0.23348463528250976,0.7784329274600079,0.2114277697077745,0.7617283950617284,0.3800531363077248,0.3873474211364107,0.2316648346519185,0.0,0.3800531363077248,0.0,0.0009346079039460576,0.0,0.0
2020,87041,MATO LEITÃO,43,9,34,0,23906.450000000004,30932.32060500688,719.3562931396949,546.2157343898259,546.2157343898259,533.9884723029282,0.29018217181536143,0.3468791895074341,25.182350784493575,0.5856360647556645,0.9402932565068266,0.2592710335495232,0.5718954248366013,0.35491467783798925,0.004601268695268431,0.13514344455157498,0.02732526159258275,0.3275894162454065,0.5053406089151672,0.0,0.0,0.0
2020,87050,IJUÍ,128,15,113,8,717687.74,928609.1104268018,7254.758675209389,4677.089484509353,20633.731202419218,4016.882026325274,0.5681532574929453,0.40827179240932837,51.9472043324316,0.4058375338471219,0.8826089457847545,0.30544573605228376,0.8654867256637169,0.24358823518428782,0.41675061914809913,0.2779093592987948,0.008621437507069578,0.23496679767721823,0.05306695081624217,0.00868483555257611,0.0,0.0
2020,87068,MINAS DO LEÃO,46,9,37,11,91379.90000000001,118235.55415603187,2570.3381338267795,1098.5127525689027,5718.994542231507,1097.2188624009768,0.6306514842456317,0.41311327764639705,17.93452968156059,0.3898810800339259,0.8124715683138735,0.44633830853393364,0.9009009009009009,0.4057790608219094,0.22907116335211572,0.19870179328276785,0.03447968316883691,0.3712993776530725,0.16644798254320697,0.0,0.0,0.0
2020,87076,ILÓPOLIS,24,9,15,0,36209.05,46850.53378492934,1952.105574372056,1798.830805958677,2079.6696669069456,1723.8498707273836,0.1287541259252405,0.17965950501324945,22.773757336854942,0.9489065557022892,0.9918582094815543,0.4069397015387038,0.6888888888888889,0.0,0.4828516627749139,0.4916298549671974,0.0,0.0,0.025518482257888563,0.0,0.0,0.0
2020,87084,MONTE BELO DO SUL,26,9,17,0,42800.770000000004,55379.495482648425,2129.980595486478,1487.9736931145324,1992.5908586055475,1427.8336781093467,0.3747497731034708,0.2511134729585472,17.733505961902825,0.6820579216116471,0.92536746509926,0.40992253176753585,0.6470588235294117,0.14717959513345202,0.4791385762452404,0.3736818286213075,0.0,0.14717959513345202,0.0,0.0,0.0,0.0
2020,87092,INDEPENDÊNCIA,36,9,27,0,104167.01,134780.67006121602,3743.907501700445,3177.4707798834893,3406.618728623127,2979.8290567328418,0.31675505997532216,0.2559284364598734,26.51710920366486,0.7365863667684683,0.9541439968870847,0.3030926970064706,0.654320987654321,0.2493735780646867,0.36239918953227135,0.363555313721686,0.04152658312838201,0.20784699493630468,0.024671918681356028,0.0,0.0,0.0
2020,87106,MORMAÇO,36,9,27,0,38988.18,50446.422767316646,1401.2895213143513,658.8100568027186,129.38901679256801,666.3534364817253,0.5888662068007962,0.3945280338810378,15.171823995333675,0.4214395554259354,0.8326628289958589,0.1504748362195927,0.2366255144032922,0.35941867509588804,0.32702218980214004,0.19433325689991174,0.0016363933889707084,0.35778228170691734,0.11922587820206021,0.0,0.0,0.0
2020,87114,IRAÍ,38,9,29,0,59204.219999999994,76603.7581577089,2015.888372571287,1310.3872675667326,2383.345689319103,1185.2033938199231,0.43406326174224175,0.3412179064262649,21.031536586757035,0.5534614891251851,0.9108734491057981,0.2657665281292449,0.6819923371647509,0.4273512935395484,0.08529544008856127,0.4562744007099494,0.0369483796932043,0.3904029138463441,0.01216129525902039,0.0,0.0,0.018917570402920605
2020,87122,MORRINHOS DO SUL,22,9,13,0,42087.55,54456.66713708046,2475.3030516854756,2614.305084293837,2866.6136670393444,2336.7656432737786,0.15003448979351575,0.1917312839545186,20.56125577146697,0.9346025350666806,0.988194070917048,0.46765611208065094,0.7948717948717949,0.0,0.49286665534106877,0.43585335805956865,0.0,0.0,0.07127998659936251,0.0,0.0,0.0
2020,87130,ITAQUI,92,11,81,0,369756.18,478423.8858317581,5200.259628606066,3029.64382819798,6758.997581406809,2626.5970408891308,0.5016318250348226,0.3575284394164825,46.562950746752335,0.5061190298560037,0.9078723074478693,0.2200300208640191,0.7760942760942761,0.3931250317438913,0.3641505058820113,0.22011369762636557,0.046769549598873514,0.3463554821450178,0.022610764747731875,0.0,0.0,0.0
2020,87149,MORRO REUTER,25,9,16,0,52490.52,67916.96773730627,2716.678709492251,2331.5900826020757,2668.0015262627526,2224.844143748207,0.21568662684233253,0.21459608325465246,21.326224294150542,0.8530489717660217,0.9759513734524469,0.4133371130634637,0.5972222222222221,0.3134129743808977,0.28464682765573673,0.35037755388973096,0.0,0.3134129743808977,0.05156264407363464,0.0,0.0,0.0
2020,87157,ITATIBA DO SUL,29,9,20,0,33854.590000000004,43804.12114015505,1510.4869358674157,2109.040973718859,2294.2354734540613,865.3602137595344,0.42004203963133935,0.23641196068243628,17.63143093688802,0.6079803771340696,0.9002090297610723,0.42083274380224367,0.6916666666666667,0.2841859848251005,0.392057029785326,0.3237569853895734,0.0,0.2841859848251005,0.0,0.0,0.0,0.0
2020,87165,MULITERNO,20,9,11,0,15809.0,20455.10966473708,1022.7554832368539,912.1925683876045,974.2992964480372,864.3186321743544,0.20820102473274704,0.2385666392561199,14.50977615797166,0.7254888078985829,0.9589595376454909,0.5402618761464988,0.6515151515151516,0.12651021569991777,0.11619963312037447,0.7572901511797078,0.0,0.12651021569991777,0.0,0.0,0.0,0.0
2020,87173,IVOTI,39,9,30,1,47338.66999999999,61251.03967567836,1570.5394788635476,1336.6532379756238,2096.102072039602,1208.2669860631984,0.336541167760972,0.25645481801664477,27.744095629216954,0.7113870674158194,0.9473113214374148,0.37705622063315253,0.7814814814814814,0.16479761683207408,0.17079060311580366,0.3008058739292845,0.0,0.16479761683207408,0.3636059061228379,0.0,0.0,0.0
2020,87181,NICOLAU VERGUEIRO,22,9,13,0,20798.55,26911.03935211066,1223.2290614595754,1186.4972839878487,1186.4972839878487,1186.4972839878487,0.33993246032667,0.36536200840924005,10.086053138194456,0.45845696082702075,0.8978735669027589,0.3297585648999569,0.5811965811965811,0.24040137413425455,0.0,0.7595986258657454,0.0,0.24040137413425455,0.0,0.0,0.0,0.0
2020,87190,JACUTINGA,32,9,23,0,41663.15,53907.540149812805,1684.6106296816502,1557.1968170985563,2018.468661964061,1298.41878351342,0.1769409463158691,0.22545102806676884,28.044276562447372,0.8763836425764804,0.9828281474271728,0.34666125821019295,0.7946859903381642,0.3480773777306805,0.09456798153764177,0.5573546407316777,0.0,0.3480773777306805,0.0,0.0,0.0,0.0
2020,87203,NOVA BOA VISTA,27,9,18,0,32766.27,42395.95459259819,1570.2205404665995,1604.7860974748626,1741.187998977588,1543.9215039756386,0.10480515707384686,0.1457108178623932,26.099788270859797,0.9666588248466591,0.9947632818614262,0.345118928703206,0.6080246913580247,0.0,0.3766061867890364,0.5867707859332173,0.0,0.0,0.036623027277746294,0.0,0.0,0.0
2020,87211,JAGUARÃO,83,9,74,0,218946.32,283292.4907515097,3413.1625391748153,1638.0649525939111,5526.20490721058,1582.427675373107,0.5698794808733161,0.4358334499524816,28.947360969409473,0.3487633851736081,0.8660392220183096,0.21958003221976968,0.7665165165165165,0.2562134408105146,0.2878406451407815,0.3794705478493541,0.02253972571907123,0.2336737150914434,0.07647536619934968,0.0,0.0,0.0
2020,87220,NOVA PÁDUA,30,9,21,0,26840.0,34728.012107125265,1157.6004035708422,1126.0079186373232,1551.3743113428907,921.2497995630844,0.19172503725782408,0.1497391952309985,26.884303007526942,0.8961434335842314,0.9824360601045881,0.3379843517138599,0.6507936507936507,0.07451564828614009,0.12295081967213115,0.8025335320417287,0.0,0.07451564828614009,0.0,0.0,0.0,0.0
2020,87238,JAGUARI,30,9,21,0,128666.3,166480.06051337594,5549.335350445865,4908.922255347436,4714.9357719211785,4952.817479294315,0.33938775473194327,0.22515763645958578,21.6801551597069,0.7226718386568967,0.9434024193504733,0.32672657875449906,0.5714285714285714,0.13846555003136019,0.5155464173602566,0.34054760259679495,0.0018652902896873539,0.13660025974167284,0.0054404300115881155,0.0,0.0,0.0
2020,87246,NOVA SANTA RITA,115,11,104,18,245420.18999999997,317546.7708514523,2761.2762682734983,2189.1327751134586,4946.412722963083,2004.9863264142755,0.49417956306231203,0.3067205676924951,62.64272664181575,0.5447193621027456,0.9094956568615885,0.17616981716133465,0.7788461538461539,0.24606695969064327,0.2836871326682618,0.32225690152061254,0.0,0.24606695969064327,0.14798900612048263,0.0,0.0,0.0
2020,87254,JÚLIO DE CASTILHOS,78,11,67,0,142220.45,184017.6419329658,2359.2005376021257,1863.2018418129796,2822.3108676895695,1817.9156859355808,0.33868780239878826,0.29509342714075226,49.36600448476813,0.6328974933944632,0.950845692116548,0.23192691346427324,0.7367706919945726,0.20291934106522655,0.3377471383334816,0.34763362090332295,0.019275005809642705,0.18364433525558382,0.11169989969796888,0.0,0.0,0.0
2020,87262,NOVO BARREIRO,39,9,30,0,96625.20999999999,125022.40919275412,3205.702799814208,2631.979623987702,3672.707241657043,2318.618833668621,0.2946694123216276,0.23617490714897285,29.435771615160416,0.7547633747477029,0.9611667144718403,0.29683071322691046,0.7185185185185186,0.13512105174208677,0.42262469597737484,0.25798350140713794,0.0,0.13512105174208677,0.18427075087340045,0.0,0.0,0.0
2020,87270,LAGOA VERMELHA,85,11,74,0,249856.88999999998,323287.3733594882,3803.3808630528024,2515.3224864475224,5932.486419939244,2277.0202647698106,0.3933236511320304,0.2891838203861418,49.07460382576786,0.5773482803031513,0.9392865870512485,0.2644330520563191,0.7923832923832924,0.24911232185752416,0.39783333571469653,0.3027695574054412,0.02571151830153653,0.22340080355598763,0.04246030597755379,0.007824479044784397,0.0,0.0
2020,87289,NOVO MACHADO,33,9,24,0,43760.049999999996,56620.69844293617,1715.7787406950354,1581.9101193059366,1824.7086093171906,1463.8038247776803,0.21193395816642324,0.22532583943574103,27.77491642127683,0.8416641339780858,0.9769042786899801,0.28594071533282067,0.6805555555555556,0.17845043595699733,0.39256924980661584,0.40881808864478,0.0,0.17845043595699733,0.02016222559160696,0.0,0.0,0.0
2020,87297,LAJEADO,117,15,102,3,674929.64,873284.8252376189,7463.9728652787935,5342.472503365134,16722.23653027149,4927.994196422661,0.4872061404167478,0.33428303726592895,60.268152433750934,0.5151124139636832,0.915602900288201,0.28959743122260856,0.8555555555555555,0.26540723563422103,0.4400978300493663,0.19029390974739233,0.009249823433447076,0.256157412200774,0.08419597633910403,0.019012352161626802,0.0,0.0009926960682894294
2020,87300,NOVO TIRADENTES,24,9,15,0,23989.4,31039.64879443631,1293.3186997681796,1319.767971284194,1319.767971284194,1319.767971284194,0.08058871835060488,0.14643550901648228,23.484822460133852,0.9785342691722438,0.9964255689316175,0.3739651679491776,0.5111111111111111,0.036532801987544494,0.0025844748097076206,0.9608827232027478,0.010479628502588642,0.026053173484955856,0.0,0.0,0.0,0.0
2020,87319,LAVRAS DO SUL,52,9,43,0,104048.3,134627.07235938153,2588.982160757337,1624.090938780314,2607.1886883702455,1290.655442505866,0.4978950641192599,0.3985700871614434,20.76122899191598,0.39925440369069193,0.8835474841682702,0.23145981241404237,0.640826873385013,0.24947836725828296,0.4386610833622462,0.29584250775841603,0.0034455152078409737,0.24603285205044198,0.016018041621054836,0.0,0.0,0.0
2020,87327,PARECI NOVO,32,9,23,0,39771.0,51459.305868572235,1608.1033083928824,1361.1724566578157,2129.7432164056695,1361.1724566578157,0.3550899210480001,0.29897412687636715,21.485329415151778,0.6714165442234931,0.9352535995963086,0.3436046365442156,0.5893719806763285,0.1644414271705514,0.3649644213120113,0.47059415151743733,0.0,0.1644414271705514,0.0,0.0,0.0,0.0
2020,87335,LIBERATO SALZANO,34,9,25,0,65909.51000000001,85279.66696179932,2508.2254988764507,1688.526669143013,3066.519697983862,1500.9125947937891,0.2552768494079767,0.20896802297574352,27.67948629840007,0.8141025381882374,0.9688799217706855,0.3106258869167742,0.6222222222222222,0.17525392010955626,0.3027726954729294,0.5052838353676122,0.0,0.17525392010955626,0.007586158659046318,0.0,0.0,0.009103390390855582
2020,87343,PASSO DO SOBRADO,46,9,37,0,33806.85,43742.35082353828,950.9206700769192,526.1280895327798,1301.9769814752158,457.0667018197465,0.4746084389509171,0.40114207623602915,20.58346049108266,0.44746653241484047,0.8915985945941686,0.3070561143673545,0.6816816816816816,0.1075817474860864,0.018339478537633645,0.7612318213616471,0.0,0.1075817474860864,0.10249402118209772,0.0,0.0,0.010352931432535123
2020,87351,MACHADINHO,40,9,31,0,102513.63,132641.37793537107,3316.034448384277,3040.6483640761885,2942.9531869469597,3190.0862090207647,0.178209387863838,0.17187470583180012,36.077257896062534,0.9019314474015634,0.9861520749454784,0.21554997125748054,0.4551971326164875,0.04877400205221491,0.2182343947824304,0.7329914080693463,0.0,0.04877400205221491,0.0,0.0,0.0,1.9509600820885963e-07
2020,87360,PICADA CAFÉ,38,9,29,0,40358.84,52219.906264885656,1374.208059602254,1137.3294576066728,1027.34879333299,1265.4245842313153,0.2264329593949519,0.22421432330562527,31.15187198994791,0.8197861049986293,0.9743472859208578,0.1947033165472546,0.36973180076628354,0.049087139273576746,0.23389671259134306,0.6899836566164934,0.018412323049919178,0.030674816223657572,0.02703249151858676,0.0,0.0,0.0
2020,87378,MARAU,54,9,45,0,222065.59000000005,287328.4835356154,5320.897843252136,3744.0523455164653,9419.701567122462,3524.7379620530623,0.42064680329606885,0.31829307728405815,30.687153891997124,0.5682806276295763,0.9242737322191498,0.3816024806004387,0.9259259259259259,0.3511003663377112,0.3952710548266392,0.1817128894215443,0.06927214612583604,0.28182822021187515,0.06898862628829616,0.00292706312580891,0.0,0.0
2020,87386,PINHAL GRANDE,35,9,26,0,53693.9,69474.00928758467,1984.9716939309908,2030.7606185593552,2199.6132854736566,2018.1451894220797,0.24508354633527163,0.23703623689096898,25.97102928420421,0.7420294081201203,0.9643273829663926,0.24324923315311428,0.5876068376068375,0.20773309444834515,0.4260297724694984,0.3438882256643678,0.0,0.20773309444834515,0.022348907417788614,0.0,0.0,0.0
2020,87394,MARCELINO RAMOS,30,9,21,0,57624.53999999999,74559.8257372401,2485.32752457467,2021.9621654174607,3024.7270455598623,1940.4470848381427,0.3045680769570276,0.2575368063675649,21.078225312217906,0.7026075104072635,0.9498247970007101,0.4238201294101436,0.7460317460317459,0.16572800407604124,0.4379720861979983,0.3962999097259606,0.0,0.16572800407604124,0.0,0.0,0.0,0.0
2020,87408,PINHEIRINHO DO VALE,28,9,19,0,55014.02,71182.09957606674,2542.217842002384,2222.9033084963185,2889.256744978044,1951.1863732319257,0.2689517534413437,0.2539898011452353,20.961437614264476,0.748622771938017,0.9597103720129605,0.4556836602742355,0.7719298245614035,0.2804906821933755,0.5453468043236979,0.17416251348292675,0.02617514589917261,0.25431553629420284,0.0,0.0,0.0,0.0
2020,87416,MARIANO MORO,18,9,9,0,11191.0,14479.924869256287,804.4402705142381,843.9398620295249,516.2621770023464,1164.5011511331122,0.232905410101371,0.16084353498346887,14.964506780052893,0.8313614877807163,0.9633045583922238,0.48011795192565454,0.4691358024691358,0.0,0.0,1.0,0.0,0.0,0.0,0.0,0.0,0.0
2020,87424,PONTÃO,43,9,34,0,97831.68000000001,126583.4488636514,2943.801136363986,2512.3594779629725,4347.470964230286,2246.3615372408112,0.31699874723606913,0.25650689020161976,32.217606290248206,0.749246657912749,0.9556430968597728,0.34095049783464826,0.8496732026143791,0.1535422881422459,0.394897951256689,0.426791710006411,0.001226596538053931,0.15231569160419198,0.024768050594654003,0.0,0.0,0.0
2020,87432,MATA,31,9,22,0,89713.96,116080.01076967777,3744.5164764412184,3428.8089450030525,4347.470964230286,3362.8981798489185,0.296598138666347,0.2604611367060377,23.96046190254761,0.7729181258886326,0.9573745714288847,0.34722778929834325,0.6717171717171717,0.21875079419078144,0.23726352063825962,0.5439856851709589,0.0,0.21875079419078144,0.0,0.0,0.0,0.0
2020,87440,PONTE PRETA,29,9,20,0,15573.15,20149.945668631804,694.8257127114415,711.6395923591241,473.56380146079897,711.6395923591241,0.24889678045557417,0.23623993861229106,21.40744359627857,0.7381877102165023,0.9616551993664799,0.2517795051097563,0.35833333333333334,0.2568523388010775,0.0038527850820161626,0.7392948761169064,0.0,0.2568523388010775,0.0,0.0,0.0,0.0
2020,87459,MAXIMILIANO DE ALMEIDA,33,9,24,0,62429.270000000004,80776.61864377762,2447.7763225387157,1779.0989808978104,1811.4462350959523,1775.8642554779963,0.3623305755991273,0.365457901397854,17.5920329989519,0.5330919090591485,0.921345523273821,0.2547282708896004,0.5393518518518519,0.29369669067089843,0.31435575011529043,0.3919475592138111,0.0028832629309937467,0.2908134277399047,0.0,0.0,0.0,0.0
2020,87467,PORTO MAUÁ,27,9,18,0,40443.0,52328.80006141829,1938.103705978455,1759.0436832949622,1876.1407434922364,1694.3491748986783,0.16486669395701892,0.19532428355957768,24.218183540860426,0.8969697607726084,0.9849477670170272,0.36429048290186183,0.5802469135802468,0.3111910590213387,0.33482926588037487,0.3539796750982865,0.037089236703508645,0.27410182231783004,0.0,0.0,0.0,0.0
2020,87475,MIRAGUAÍ,32,9,23,0,59468.07,76945.15107851611,2404.5359712036284,2510.1469257758195,2639.535942568388,2112.275699138673,0.2285185510056067,0.23648606722901885,26.66375579209758,0.8332423685030493,0.9701814264138058,0.3271621224633656,0.748792270531401,0.35768606581649615,0.12588436113699336,0.31967356599936736,0.0017555639522183922,0.35593050186427777,0.19506266135759914,0.0,0.0,0.0016933456895439857
2020,87483,PORTO VERA CRUZ,13,9,4,0,29797.33,38554.472317436914,2965.7286398028396,2997.5165353283855,2997.5165353283855,2760.2947119408914,0.12928752599387505,0.20136032322359082,12.353857025081664,0.9502966942370511,0.9895299096425888,0.7046718615392721,0.5833333333333333,0.10068016161179541,0.15739665265310682,0.2155897860647246,0.0,0.10068016161179541,0.5263333996703731,0.0,0.0,0.0
2020,87491,MONTENEGRO,103,10,93,4,396987.7,513658.48181742954,4986.975551625529,2347.116764617184,10158.655180926497,2212.552187152913,0.5557191426128434,0.4274630926852394,40.61347813579962,0.3943056129689283,0.8813915647653728,0.27284112328921023,0.9118279569892473,0.29223671161600223,0.4199855562275606,0.2682569762236966,0.07242289874472181,0.21981381287128043,0.013475228577610842,0.0,0.0,0.006045527355129642
2020,87505,PRESIDENTE LUCENA,27,9,18,0,23123.699999999997,29919.528076063052,1108.1306694838167,1122.5144151839238,1122.5144151839238,1122.5144151839238,0.31587633595097775,0.25582194890956034,19.40314221844401,0.7186348969794077,0.9444790811855226,0.42592232211972997,0.6111111111111112,0.2502281209322038,0.220725921889663,0.4555283107807142,0.07724542352651176,0.17298269740569203,0.0735176463974191,0.0,0.0,0.0
2020,87513,MOSTARDAS,56,9,47,0,123372.60999999999,159630.60707032945,2850.546554827312,2321.2389612586703,5434.338705287857,2116.804314726413,0.34264068447376017,0.25500919531490823,39.477825043149366,0.7049611614848101,0.952807546015096,0.2993950602163641,0.8498817966903073,0.1908678919899644,0.4751123446281959,0.321699362605687,0.028207233355928844,0.16266065863403556,0.0,0.012320400776152828,0.0,0.0
2020,87521,QUEVEDOS,32,9,23,0,37176.200000000004,48101.91966083867,1503.1849894012084,1585.0154557089581,2146.5637885887036,1552.6682015108163,0.34719877905756924,0.24916478822472443,22.265640149188965,0.6958012546621551,0.9358668802425564,0.34126403451670695,0.5845410628019323,0.053797859921132334,0.051269360504839115,0.14218236398556064,0.0,0.053797859921132334,0.7527504155884679,0.0,0.0,0.0
2020,87530,MUÇUM,42,9,33,0,71638.04,92691.7556054666,2206.946562034919,1427.6784112891955,2186.6743837943995,1282.892101498312,0.4343364556170488,0.2964905237496726,25.49758899936221,0.6070854523657669,0.9150493332014774,0.3093112262702888,0.7643097643097643,0.16722958919590766,0.33024982258029395,0.5025205882237984,0.01423824549080349,0.15299134370510417,0.0,0.0,0.0,0.0
2020,87548,RIO DOS ÍNDIOS,27,9,18,0,31520.9,40784.582594168576,1510.5400960803177,1293.8901679256803,1295.3134471103986,1280.9512662464235,0.2011793938483848,0.22493012572610552,22.847307215681578,0.8461965635437622,0.9770750444470467,0.34156067878772495,0.5092592592592593,0.20551443645327386,0.35445688416257154,0.44002867938415463,0.0,0.20551443645327386,0.0,0.0,0.0,0.0
2020,87556,NÃO-ME-TOQUE,47,9,38,0,276673.61000000004,357985.26370350417,7616.707738372429,5633.5977911484115,14177.490981405339,4265.955883650968,0.4486418383787183,0.26628210041427514,28.40144173401034,0.6042859943406456,0.9118338761916762,0.34298276586624943,0.8304093567251462,0.12137044801634675,0.2139220650643189,0.14796510588776426,0.0039035164936764293,0.11746693152267032,0.51674238103157,0.0,0.0,0.0
2020,87564,SAGRADA FAMÍLIA,20,9,11,0,35303.3,45678.59276533067,2283.9296382665334,2264.3077938699403,2264.3077938699403,2264.3077938699403,0.13585982047004075,0.1514433494885747,18.784702230814933,0.9392351115407467,0.9888808765905083,0.47060189840609795,0.5656565656565655,0.05665192772347061,0.49253185962785345,0.4508162126486759,0.0,0.05665192772347061,0.0,0.0,0.0,0.0
2020,87572,NONOAI,50,9,41,10,64863.950000000004,83926.82715782295,1678.536543156459,1501.139025573176,2432.5135157002787,1164.5011511331122,0.47115458432611623,0.2839938054959649,27.69050478731404,0.5538100957462808,0.8922133250760992,0.2901929345961816,0.7750677506775068,0.061667536435878474,0.4032235162983444,0.4482021215174222,0.0,0.061667536435878474,0.08690682574835483,0.0,0.0,0.0
2020,87580,SALVADOR DAS MISSÕES,19,9,10,0,52935.490000000005,68492.71004532816,3604.8794760699034,3849.323249578899,3849.323249578899,3505.944207363942,0.20899082220543108,0.19436922185853012,16.41921766269683,0.8641693506682543,0.9743723917334082,0.4695740041321994,0.5222222222222223,0.13562243402299665,0.3633182577510853,0.2933536649986615,0.0,0.13562243402299665,0.2077056432272564,0.0,0.0,0.0
2020,87599,NOVA ARAÇÁ,26,9,17,0,42651.170000000006,55185.92951352674,2122.535750520259,1859.3201713092026,1002.7648801424021,2002.941979948953,0.3416774787366732,0.2843884470226725,17.83860749361191,0.6861002882158427,0.9400007114184916,0.31180856234424514,0.4084967320261438,0.3213311616070555,0.13149697886365133,0.547171859529293,0.0,0.3213311616070555,0.0,0.0,0.0,0.0
2020,87602,SANTA CLARA DO SUL,27,9,18,0,17874.309999999998,23127.393967455664,856.5701469428024,207.02242686810882,1155.8967815164065,207.02242686810882,0.5061820050158063,0.3683968779773877,12.880845390002309,0.4770683477778633,0.8580443086539742,0.47302189567037833,0.7037037037037037,0.1281213092980932,0.20872246257338048,0.5288853108175925,0.0,0.1281213092980932,0.134270917310934,0.0,0.0,0.0
2020,87610,NOVA BASSANO,27,9,18,0,109310.37,141435.61299531822,5238.356036863638,3760.0965835987436,3760.0965835987436,4180.106271009099,0.3347127863396535,0.19861930757347177,19.60630774001346,0.7261595459264244,0.9409188395558993,0.31500570348449103,0.5246913580246914,0.07711070779469506,0.5091569994685774,0.41272598382019937,0.0,0.07711070779469506,0.0,0.0,0.0,0.0010063089165282307
2020,87629,SANTA TEREZA,20,9,11,0,12933.7,16734.78726490037,836.7393632450185,929.0131405706384,931.6009209064898,929.0131405706384,0.4487443654947927,0.3491267000162367,10.63595787203901,0.5317978936019505,0.8769855529271364,0.4742417096422524,0.611111111111111,0.0,0.2750952936901273,0.7249047063098727,0.0,0.0,0.0,0.0,0.0,0.0
2020,87637,NOVA BRÉSCIA,27,9,18,0,99538.36,128791.70533544681,4770.063160572104,4981.477146513869,5240.255180099005,4975.0076956742405,0.10177152175674165,0.1348223941001238,25.75455214212813,0.9538723015603011,0.9907542261344022,0.3509637892366321,0.5524691358024691,0.08107427126587177,0.3156005383251241,0.5731860561094235,0.0,0.08107427126587177,0.030139134299580584,0.0,0.0,0.0
2020,87645,SANTO ANTÔNIO DO PALMA,23,9,14,0,77817.88,100687.78982082043,4377.7299922095835,3460.250476083647,3339.9186904665585,3498.9377921046244,0.26778290877198874,0.2738380947926106,18.146495750753274,0.7889780761197076,0.9613710278522518,0.410432024105514,0.4523809523809524,0.23846486180296864,0.1689843002662113,0.11192157894818003,0.0021203353265342104,0.23634452647643442,0.48062925898264,0.0,0.0,0.0
2020,87653,NOVA PALMA,28,9,19,0,68379.2,88475.17457062368,3159.82766323656,3064.2553901899923,3625.480250527756,2523.732772539039,0.2981752596445366,0.23005533846549825,21.513817041601172,0.7683506086286133,0.9567557432144155,0.40378506914383316,0.7046783625730995,0.47167852212368677,0.17576982474202682,0.3009570161686595,0.001886538596532279,0.46979198352715446,0.051594636965626973,0.0,0.0,0.0
2020,87661,SANTO ANTÔNIO DO PLANALTO,33,9,24,0,39617.78,51261.05601704265,1553.3653338497772,1358.5846763219643,1772.629530058182,1099.806642736828,0.3547427289954004,0.2819870270368507,23.025884858987983,0.6977540866359995,0.9421813445161673,0.4018448282564041,0.8402777777777778,0.1282378770339984,0.2905261223622323,0.5787118813825509,0.01692421937826905,0.11131365765572933,0.0,0.0025241192212183522,0.0,0.0
2020,87670,NOVA PETRÓPOLIS,81,9,72,8,103871.15,134397.85971613353,1659.2328360016486,1222.7262086897679,2482.9752322493805,1104.5681585547945,0.47256284752554545,0.34541785664258073,42.244621801422696,0.5215385407583049,0.9105633473312285,0.23490122136897493,0.7415123456790124,0.1593801551248831,0.3142340293719671,0.3844883781492744,0.0,0.1593801551248831,0.14189743735387544,0.0,0.0,0.0
2020,87688,SANTO EXPEDITO DO SUL,26,9,17,0,78663.0,101781.28227953779,3914.6647030591457,2390.4620852426942,2585.192555515509,2190.983038053592,0.4958623788527299,0.45132756187788414,10.793383372814972,0.41513012972365276,0.848040823240212,0.29810571679188436,0.6013071895424836,0.03813737080965638,0.6475533605379913,0.3143092686523525,0.0,0.03813737080965638,0.0,0.0,0.0,0.0
2020,87696,NOVA PRATA,82,11,71,0,270149.34,349543.57489761163,4262.726523141605,2547.4756571204757,8112.691352894015,2199.6132854736566,0.48097122782568147,0.3547988679150577,41.02237093935181,0.5002728163335587,0.9112867882310653,0.27125615039444484,0.8437900128040973,0.18880767948572444,0.4140194086722551,0.3881440169352255,0.003936082168477627,0.1848715973172468,0.009028894906794885,0.0,0.0,0.0
2020,87700,SÃO JOÃO DO POLÊSINE,21,9,12,0,38234.35,49471.049542029235,2355.764263906154,1451.7447684126132,2059.873147337683,1380.5808091767008,0.3774993652865253,0.4206688488231132,11.847087221446989,0.5641470105450948,0.9088985661210591,0.6393857879106091,0.7916666666666667,0.5227498309765957,0.1346956336383383,0.3425545353850661,0.13043245144745497,0.3923173795291407,0.0,0.0,0.0,0.0
2020,87718,NOVO HAMBURGO,235,14,221,13,1135728.9,1469508.4571390483,6253.227477187439,1971.241670834774,31165.803085809064,1766.1600792185536,0.6886547644668195,0.5431845134873295,53.798820495827705,0.22893115104607534,0.831141793139656,0.350138444130461,0.9709114414996768,0.35500715883869827,0.3945443230334282,0.20933250003588005,0.015213577817734497,0.33979358102096374,0.03682362049605324,0.002566633639418703,0.0,0.0017257639565216665
2020,87726,SÃO JOSÉ DOS AUSENTES,24,9,15,0,23511.199999999997,30420.910516134252,1267.5379381722605,1072.2467821600112,1089.714299427008,1035.1121343405441,0.3025270934703459,0.3034723876280241,15.542677271257382,0.6476115529690576,0.9406117581610507,0.30275358127190444,0.474074074074074,0.21803225696689243,0.2987937663751744,0.339412705434006,0.012172921841505329,0.20585933512538707,0.14376127122392734,0.0,0.0,0.0
2020,87734,OSÓRIO,75,9,66,8,359441.32999999996,465077.6028331298,6201.034704441731,5176.2076167866835,13734.644132531095,4733.19256219061,0.4664748233970011,0.28888249996181575,43.596309306653,0.5812841240887067,0.9111983478747426,0.23834003730177608,0.8400673400673401,0.3649561111962278,0.2669665449991519,0.09889015823528141,0.0780767197806663,0.2868793914155615,0.2640681303955781,0.005119055173760903,0.0,0.0
2020,87742,SÃO JOSÉ DO INHACORÁ,36,9,27,0,81866.9,105926.77698855489,2942.4104719043025,2338.059533441704,2745.6349363382933,2177.034902043353,0.2761521716618345,0.2072394337638288,28.967366681991,0.80464907449975,0.966620793069753,0.2800954964704905,0.6666666666666666,0.20376977752913572,0.3426604647299458,0.4535697577409185,0.0,0.20376977752913572,0.0,0.0,0.0,0.0
2020,87750,PAIM FILHO,27,9,18,0,40099.909999999996,51884.879283704664,1921.6621956927654,1701.2067927886844,2134.9187770773724,1655.9853314196819,0.1584995337155879,0.16758167287657255,24.92104513194268,0.9230016715534326,0.9878347700037412,0.342796280590156,0.537037037037037,0.26433974540092486,0.0014962627098165557,0.49371681881580287,0.0,0.26433974540092486,0.2404469236963375,0.0,0.0,2.4937711830275933e-07
2020,87769,SÃO JOSÉ DAS MISSÕES,22,9,13,0,38671.5,50036.673628937955,2274.394255860816,2260.102650824182,2320.5920161747076,2255.8975077784235,0.0709109245356867,0.16742562352119775,21.63862296759773,0.9835737712544422,0.9973754312442535,0.41993716302703527,0.5897435897435896,0.11636476474923393,0.5594223135901116,0.32421292166065446,0.03878825491641131,0.07757650983282262,0.0,0.0,0.0,0.0
2020,87777,PALMEIRA DAS MISSÕES,69,13,56,1,396555.18,513098.8484419983,7436.21519481157,5401.991451089715,17438.50824943179,4367.6750592024455,0.47196379829285573,0.32102987533790384,37.04680344098046,0.5369101947968182,0.9117605096307468,0.42200399450084103,0.9024725274725275,0.26220530015520166,0.4903858020465148,0.21826036921267805,0.0,0.26220530015520166,0.023782314481429798,0.005366214104175868,0.0,0.0
2020,87785,SÃO MARTINHO DA SERRA,38,9,29,1,39017.95,50484.94187761579,1328.5511020425208,1177.440052812369,2070.2242686810882,970.4176259442602,0.42546979558193865,0.28012876124963,23.691492259293767,0.6234603226129939,0.9163788662393745,0.39546029455673615,0.7758620689655172,0.08311302874702542,0.16569296951787577,0.7511940017350989,0.0,0.08311302874702542,0.0,0.0,0.0,0.0
2020,87793,PALMITINHO,57,9,48,1,85293.89,110360.92565513452,1936.1565904409565,1940.8352518885204,2743.047156002442,1554.3502587291196,0.396716962756138,0.2579364125613217,36.97479418740022,0.6486805997789512,0.9304124318360506,0.2402997448000085,0.7060185185185185,0.08686202493519758,0.3760152104681824,0.5200054775318608,0.009517680574775051,0.07734434436042253,0.01711728706475927,0.0,0.0,0.0
2020,87807,SÃO PEDRO DA SERRA,23,9,14,0,25673.0,33218.042281155984,1444.2627078763471,1578.5460048693299,1164.5011511331122,1578.5460048693299,0.13339678464433113,0.17606045261558836,21.769276780674172,0.9464902948119205,0.990822791483851,0.373544190394578,0.42857142857142855,0.3026525922175048,0.13079889377945703,0.5665485140030382,0.0,0.3026525922175048,0.0,0.0,0.0,0.0
2020,87815,PANAMBI,146,13,133,1,248065.82,320969.9254964215,2198.424147235764,1402.4669613671635,3668.1786260693034,1092.2373852544629,0.5421748103148982,0.38072032656494154,62.59748972607681,0.42874992963066305,0.8976676885272006,0.2014612492765025,0.8510699826489301,0.36480055978691456,0.20667538962038381,0.1507697432882934,0.009674851618010091,0.3551257081689045,0.2777543073044082,0.0,0.0,0.0
2020,87823,SÃO PEDRO DO BUTIÁ,20,9,11,0,34542.5,44694.201125572814,2234.710056278641,2169.368602798394,2165.0017234816446,2229.6962318779283,0.157710067308388,0.15546066439892883,18.466126281229382,0.9233063140614691,0.9854052827593565,0.48664688427299696,0.5909090909090909,0.09295795035101687,0.4072374610986466,0.49980458855033655,0.0,0.09295795035101687,0.0,0.0,0.0,0.0
2020,87831,PARAÍ,20,9,11,0,24437.449999999997,31619.37628417541,1580.9688142087705,1597.9543573882152,1597.9543573882152,1597.9543573882152,0.0388050921843317,0.11379256018938147,19.897899085784584,0.9948949542892291,0.9991382757455528,0.45236921200861796,0.5808080808080808,0.0,0.10659868357786922,0.707688404477554,0.0,0.0,0.1857129119445769,0.0,0.0,0.0
2020,87840,SÃO VALENTIM DO SUL,20,9,11,0,25022.0,32375.71978183637,1618.7859890918185,1546.1987506711878,1546.1987506711878,1546.1987506711878,0.034401726480696615,0.12269203101270881,19.83632286753991,0.9918161433769954,0.9987300992804019,0.45995523938933736,0.5252525252525253,0.0,0.043561665734153945,0.9276636559827351,0.0,0.0,0.028774678283110863,0.0,0.0,0.0
2020,87858,PASSO FUNDO,333,21,312,8,1755912.69,2271958.165326933,6822.697193173973,3707.6422761910367,14879.736931145322,3435.925340926644,0.5768122496733874,0.39462390923320906,111.37748812016588,0.33446693129178945,0.8952308659533991,0.1990778197519604,0.8751526251526252,0.46613700935209934,0.27558353143401454,0.20491718184461666,0.0801961115731785,0.38594089777892093,0.05064061584975504,0.00272166151951439,0.0,0.0
2020,87866,SÃO VALÉRIO DO SUL,27,9,18,2,30551.83,39530.71244913683,1464.100461079142,1071.3410590424633,1636.7710624259855,966.8594279824645,0.33601255697346155,0.2552469033769827,19.462444279162952,0.7208312695986279,0.9371550644231321,0.4484431865456178,0.6820987654320988,0.10637660657315781,0.29021469417707546,0.6034086992497666,0.0,0.10637660657315781,0.0,0.0,0.0,0.0
2020,87874,PEDRO OSÓRIO,57,9,48,2,50271.229999999996,65045.4502265305,1141.1482495882544,1043.7294428589291,1811.4462350959523,854.071022044383,0.3919969836885986,0.2424241459777292,38.59662067265573,0.6771336960115041,0.9356224600919983,0.27161499728572386,0.8310185185185185,0.3295554932712011,0.11121331226628034,0.5592311944625187,0.11782723438435862,0.21172825888684246,0.0,0.0,0.0,0.0
2020,87882,SENTINELA DO SUL,51,9,42,6,82630.90000000001,106915.30907685011,2096.378609350002,1552.6682015108163,3989.710332798835,1379.286919008775,0.4414538320529049,0.3084021836867321,30.485414376411132,0.5977532230668849,0.9129745048880197,0.311458546379139,0.7883597883597884,0.07299932591802824,0.3795977049747733,0.5299760743257063,0.0,0.07299932591802824,0.01742689478149215,0.0,0.0,0.0
2020,87890,PEJUÇARA,31,9,22,3,41136.7,53226.371670908324,1716.9797313196234,1293.8901679256803,1302.94739910116,1229.1956595293964,0.505942539183087,0.47805730649274253,12.272703422006016,0.3958936587743876,0.8480313257517722,0.2087430445320116,0.553030303030303,0.33743591488865177,0.2053081554913253,0.2664287606930065,0.0,0.33743591488865177,0.1908271689270165,0.0,0.0,0.0
2020,87904,SÉRIO,25,9,16,0,14456.28,18704.83855678065,748.1935422712261,646.9450839628402,646.9450839628402,582.2505755665561,0.3062046944303791,0.2544402847758898,18.713031627333535,0.7485212650933414,0.9520210621676226,0.4266235850440086,0.6701388888888888,0.07168510847880644,0.08300890685570561,0.7090344127258188,0.03308596679090333,0.03859914168790311,0.1362715719396691,0.0,0.0,0.0
2020,87912,PELOTAS,425,21,404,38,2652487.31,3432027.250956636,8075.358237545026,2697.761000125043,28963.27854745758,2425.914675843858,0.6759513010938447,0.5147178517510042,116.13455754912718,0.27325778246853455,0.8587164069647827,0.2051739731037582,0.9222065063649222,0.49777617220721027,0.3421301269109559,0.13159481995787567,0.046293190371568635,0.4514829818356416,0.015025873959789085,0.013473006964169037,0.0,0.0
2020,87920,SERTÃO SANTANA,44,9,35,3,74529.62,96433.14253723713,2191.662330391753,1963.4783298272196,2786.3924766279524,1876.1407434922364,0.3158962473272675,0.24341999865288463,33.08429720044361,0.7519158454646274,0.9517089886737534,0.2710751778957145,0.7523809523809524,0.2441445428005671,0.23757668427666748,0.5015069176523373,0.0,0.2441445428005671,0.016771855270428054,0.0,0.0,0.0
2020,87939,PINHEIRO MACHADO,64,9,55,0,122935.25,159064.71126648548,2485.3861135388356,1815.3602528539275,4286.011181253816,1341.1171590549675,0.47142416561767275,0.34691433091810525,32.666425776332424,0.5104129027551941,0.90926096483552,0.3117047388767664,0.8818181818181818,0.5445207944832747,0.259231180641842,0.18891001563831367,0.08223841412450864,0.4622823803587661,0.007320927073398395,0.0,0.0,1.7082163171262922e-05
2020,87947,SINIMBU,69,9,60,11,57457.329999999994,74343.47436226121,1077.4416574240756,886.7676265878649,1500.9125947937891,589.6386884254117,0.5139398707462246,0.3445182712110013,33.57375831598727,0.4865762074780764,0.8883380195657786,0.20983937123427074,0.7851851851851851,0.4322116951831908,0.034808439584644815,0.47934005983222683,0.07831898906545084,0.35389270611774,0.053639805399937665,0.0,0.0,0.0
2020,87955,PIRATINI,56,9,47,2,108013.14,139757.13985278,2495.6632116567857,1765.836606676572,4604.437551580326,1377.4366560686412,0.5132395961930456,0.35488015624765656,25.87771730060386,0.4621020946536403,0.8850721042484354,0.2922112068957536,0.8439716312056738,0.35403025965174234,0.3252185798875952,0.26344331810000154,0.005590986429984353,0.34843927322175805,0.057307842360660936,0.0,0.0,0.0
2020,87963,TIRADENTES DO SUL,40,9,31,0,41516.17,53717.36417293109,1342.9341043232773,1146.3866887821528,1138.6233477745986,1164.5011511331122,0.24496534121524216,0.19410027466406463,33.2951269874509,0.8323781746862725,0.9745407721784307,0.2291829906275073,0.53584229390681,0.11684603854353617,0.09434396284628375,0.6980020074106066,0.013850025182958834,0.10299601336057734,0.09080799119957357,0.0,0.0,0.0
2020,87971,PLANALTO,38,9,29,0,41850.23,54149.601122428336,1424.9895032217983,983.356527623517,2364.5842818841807,916.7211839753445,0.35001692187140954,0.2510956331661738,26.326908023993663,0.6928133690524648,0.9451276509445871,0.359625502655541,0.7586206896551723,0.05256840882355963,0.07680626844822597,0.7341386176372268,0.028673677540123434,0.023894731283436194,0.13648670509098754,0.0,0.0,0.0
2020,87980,TRAVESSEIRO,23,9,14,0,21293.2,27551.0621236751,1197.8722662467435,776.3341007554081,776.3341007554081,776.3341007554081,0.3175994540816871,0.4015366408055153,13.638226484108348,0.592966368874276,0.920368453478106,0.3590582909097739,0.5555555555555556,0.0721920613153495,0.4419462551424868,0.44359466872053055,0.013018240565063025,0.059173820750286474,0.0422670148216332,0.0,0.0,0.0
2020,87998,PORTÃO,106,11,95,12,200061.80000000002,258857.99599751385,2442.0565660142815,1566.9009933579987,3445.6295171860866,1424.8965474281554,0.4806864282710228,0.34166342600136557,53.95934410730658,0.5090504161066658,0.9117976207207538,0.18002512223722872,0.7822966507177034,0.6749614369159929,0.07340731713900404,0.168056870427038,0.06031136378858932,0.6146500731274036,0.08357437551796494,0.0,0.0,0.0
2020,88005,TRÊS FORQUILHAS,27,9,18,0,33416.89,43237.78541365398,1601.3994597649623,1357.9894868447184,2069.6290792038426,1266.9772524328262,0.30639014958980115,0.2454531226574346,20.35227927386359,0.753788121254207,0.9536742228758962,0.4538546226174847,0.7222222222222222,0.14661418222940556,0.41446107043474123,0.2874998241907012,0.0,0.14661418222940556,0.15142492314515205,0.0,0.0,0.0
2020,88013,PORTO ALEGRE,852,36,816,24,17446998.200000003,22574499.43079704,26495.891350700753,10267.09611590035,123780.39755111141,9957.940468627025,0.6468260062838445,0.5459260510498591,204.2543420639551,0.23973514326755294,0.8754921572286433,0.24230318829287206,0.9500442538126361,0.6134165761534839,0.23077766638389402,0.0941929597952271,0.03824781732367003,0.575168758829814,0.030996068997129828,0.03053009944140419,0.0,8.662922886069878e-05
2020,88021,TUPANCI DO SUL,19,9,10,0,13847.35,17916.95001682567,942.9973693066142,901.8414470441991,899.9006117923107,909.6047880517532,0.3738876125452846,0.29471342892322355,12.082004159228186,0.6358949557488519,0.9087352432927639,0.4490707608314948,0.4888888888888889,0.14298764745601145,0.11842771360585237,0.7385846389381362,0.14298764745601145,0.0,0.0,0.0,0.0,0.0
2020,88030,PORTO LUCENA,24,9,15,0,48215.18,62385.1473467669,2599.3811394486206,2214.16954986282,2781.8638610402127,1963.4783298272198,0.2004829357337945,0.22140330078618395,21.036619624388702,0.8765258176828626,0.9795144932326455,0.4140397277371981,0.662962962962963,0.2783355781312027,0.2664447172031713,0.3991481520964974,0.0024888427254652996,0.27584673540573734,0.056071552569128644,0.0,0.0,0.0
2020,88048,UNIÃO DA SERRA,23,9,14,0,33357.35,43160.7471930557,1876.5542257850304,1727.343374180783,1744.3580298890058,1672.3530420439415,0.1365220271837615,0.17792180733781307,21.619379533152614,0.9399730231805484,0.9895294574838802,0.3889172850960882,0.4920634920634921,0.21224707598175516,0.06295464118102907,0.7247982828372158,0.0,0.21224707598175516,0.0,0.0,0.0,0.0
2020,88056,PORTO XAVIER,30,9,21,0,70171.77,90794.56326894222,3026.485442298074,2493.0028810508047,3280.593826267166,2290.8972368208133,0.24095025202680032,0.2632832262888623,20.796646281830473,0.6932215427276824,0.9578561348882895,0.42392403668882794,0.8306878306878307,0.20810747683862044,0.47182079061138116,0.3200717325499984,0.0,0.20810747683862044,0.0,0.0,0.0,0.0
2020,88064,VALE DO SOL,41,9,32,0,63838.380000000005,82599.85221830338,2014.6305419098385,1607.4644501224686,1887.5916714783784,1429.205201687348,0.2787503188597171,0.25209724933496125,31.815307916813186,0.7759831199222729,0.9657635101221698,0.2614334824912537,0.5590277777777778,0.2588245503723622,0.304845141747018,0.4207974889087097,0.0,0.2588245503723622,0.015532818971909999,0.0,0.0,0.0
2020,88072,PUTINGA,29,9,20,0,93205.1,120597.16249052982,4158.522844501028,3335.2089302553086,3510.0134919420684,3314.3772985517053,0.25082567074267303,0.22912662504519601,22.776442815131396,0.7853945798321171,0.9666743345580646,0.2964094239478312,0.5555555555555556,0.05625121372113757,0.608919147128215,0.31566287681682653,0.0009752685207139953,0.05527594520042358,0.019166762333820787,0.0,0.0,0.0
2020,88080,VALE REAL,34,9,25,0,41997.92,54340.69576132928,1598.2557576861554,1154.7969748736696,1410.3402830389914,1099.8066427368283,0.35754912176042786,0.2782987824158911,23.249380667788266,0.6838053137584784,0.9411887481240564,0.2641759401417975,0.5866666666666667,0.11843443675305823,0.3064201750943856,0.535601048813846,0.014143557585709007,0.10429087916734925,0.03954433933871011,0.0,0.0,0.0
2020,88099,QUARAÍ,106,11,95,4,359361.61,464974.4539089428,4386.551451971159,1882.4678664133928,3816.9759953807566,1779.3448200297162,0.6359847809322781,0.5819411817528312,21.13656949745838,0.19940159903262625,0.8094044602607126,0.14876633594779362,0.7722488038277512,0.2472994541626191,0.5005317624217012,0.13702587763896093,0.007922354310467387,0.23937709985215172,0.1151429057767189,0.0,0.0,0.0
2020,88102,VILA NOVA DO SUL,30,9,21,5,23211.95,30033.713883382497,1001.1237961127499,1170.9706019727405,1487.9736931145324,388.1670503777041,0.4540572851483826,0.2579317980609126,17.983203430834482,0.5994401143611494,0.8805136713202373,0.5151269066149117,0.8835978835978836,0.04308125771423771,0.2606674579257667,0.6962512843599956,0.0,0.04308125771423771,0.0,0.0,0.0,0.0
2020,88110,REDENTORA,58,9,49,0,66055.9,85469.07954348193,1473.6048197152056,1076.516619714166,3330.473292240701,995.648484218811,0.4619070806852148,0.29746018145237596,32.849683086903035,0.5663738463259144,0.9117962548816236,0.30576678237674454,0.8015873015873016,0.34656101877349343,0.6491093149892743,0.004329666237232405,0.0,0.34656101877349343,0.0,0.0,0.0,0.0
2020,88129,VITÓRIA DAS MISSÕES,17,9,8,0,16237.85,21009.994463252006,1235.882027250118,1229.1956595293962,1235.6651103690247,931.6009209064898,0.300438934522808,0.27405105971541804,12.194540577711185,0.7173259163359521,0.941107401976136,0.637883094128841,0.701388888888889,0.47912747069347233,0.2894471866657224,0.23142534264080528,0.0,0.47912747069347233,0.0,0.0,0.0,0.0
2020,88137,RESTINGA SÊCA,50,9,41,0,152788.02000000002,197690.9168548322,3953.818337096644,1484.7389676947182,5693.116738872993,1190.3789544916258,0.6022022197813679,0.40359276859533877,19.03623285992588,0.3807246571985176,0.8377425384199685,0.24075081279278307,0.7154471544715447,0.27510664775942506,0.48203694242519796,0.2350023908942599,0.0,0.27510664775942506,0.007854018921116982,0.0,0.0,0.0
2020,88145,XANGRI-LÁ,71,9,62,20,135885.18,175820.4983688113,2476.3450474480464,1733.8128250204115,3428.8089450030525,997.5893194706995,0.6054187185776678,0.41135758881137735,28.55898875490502,0.40223927823809885,0.8417731555523317,0.19655918327517394,0.7473118279569892,0.24930776115541076,0.40398003667508114,0.2951505086868193,0.0,0.24930776115541076,0.051561693482688846,0.0,0.0,0.0
2020,88153,RIO GRANDE,405,21,384,15,1542190.8699999999,1995425.603757751,4926.976799401854,1806.95643621325,18580.23693360941,1703.5746117959884,0.6559326375329086,0.5143797343321064,111.2539345617946,0.2747010729920854,0.8650428128662153,0.23741270106209356,0.9325396825396826,0.39207103463140075,0.29562734994015366,0.29114424727465804,0.019057213067277465,0.37301382156412327,0.019151131403079828,0.0020062367507077774,0.0,0.0
2020,88161,BOA VISTA DO SUL,18,9,9,0,22877.77,29601.321667065095,1644.5178703925053,1300.3596187653088,1293.8901679256803,1358.5846763219643,0.22278319861497753,0.2922168550518691,11.744564828304199,0.6524758237946777,0.9433775014864297,0.3916465634543925,0.30864197530864196,0.18031783692204267,0.028848965611595886,0.7908331974663614,0.0,0.18031783692204267,0.0,0.0,0.0,0.0
2020,88170,RIO PARDO,163,13,150,11,298104.56999999995,385714.5721367127,2366.347068323391,1229.4156208579436,4486.098356821843,1145.9726439284163,0.5982347013496239,0.4570686051542248,54.51544358163795,0.33445057412047824,0.8707548184595312,0.19293930985358593,0.8723076923076923,0.4310751760699275,0.3151563560397615,0.22258296811753006,0.051389685169871774,0.37968549090005577,0.027945026136298415,0.0032404736364826615,0.0,0.0
2020,88188,DILERMANDO DE AGUIAR,49,9,40,3,82840.23999999999,107186.17204460365,2187.4728988694624,857.6680367112165,4319.00538053592,553.2997830592191,0.5937011150274658,0.36152840696743516,20.628284177611008,0.4209853913798165,0.8409845225608122,0.3299955432287497,0.7611111111111111,0.03923214128785721,0.6040108044109965,0.28275268154703564,0.0,0.03923214128785721,0.07400437275411081,0.0,0.0,0.0
2020,88196,ROCA SALES,45,9,36,4,60588.85,78395.31730092385,1742.1181622427523,1293.8901679256803,1443.981427405059,1293.8901679256803,0.4823006800022702,0.3769701851083161,17.270281399392047,0.38378403109760106,0.871980270661872,0.33769530202339204,0.5787037037037037,0.49429787823997323,0.31826763505166383,0.1464701838704646,0.0,0.49429787823997323,0.04096430283789839,0.0,0.0,0.0
2020,88200,CAPIVARI DO SUL,30,9,21,0,70021.57,90600.2209657198,3020.007365523993,2660.788088576567,3686.293088420263,2107.1001384669703,0.3731234865675437,0.29622372077632647,17.82327475393572,0.5941091584645241,0.9244077725697911,0.4720009848393858,0.8835978835978836,0.2754151327940804,0.1917030709251449,0.5328817962807746,0.0,0.2754151327940804,0.0,0.0,0.0,0.0
2020,88218,RODEIO BONITO,30,9,21,0,60601.5,78411.6850115481,2613.72283371827,2018.1451894220797,1981.5927921781793,2028.8197833074667,0.2627891498835284,0.22383109328977005,23.532602105160333,0.7844200701720111,0.9652952557562515,0.3030040510548419,0.5793650793650793,0.27113190267567633,0.27650305685502835,0.3543394140409066,0.0,0.27113190267567633,0.09802562642838873,0.0,0.0,0.0
2020,88226,NOVA CANDELÁRIA,27,9,18,0,38675.66,50042.056212036514,1853.4094893346858,1962.1197451508979,2120.103734654623,1628.0049565382892,0.23897859312070713,0.19519382474662358,22.71627942840802,0.8413436825336303,0.9695760431689242,0.3455902239289517,0.5740740740740741,0.0775681656111363,0.32790028664022797,0.5945315477486357,0.0,0.0775681656111363,0.0,0.0,0.0,0.0
2020,88234,ROLANTE,98,9,89,2,138662.65,179414.23949351985,1830.7575458522433,1544.2579154192995,3414.834931189456,1479.8221850566003,0.3746413982541996,0.2757557280204871,60.8324131985071,0.620738910188848,0.9461188425905759,0.14755559626186285,0.7265917602996255,0.35367130225767357,0.12432720707414723,0.4029254453163848,0.04551838580901201,0.3081529164486616,0.11907604535179443,0.0,0.0,0.0
2020,88242,FLORIANO PEIXOTO,29,9,20,0,28508.399999999998,36886.73846329247,1271.9564987342233,883.597595676447,836.5646880723485,1511.2637161371945,0.24022236156409282,0.1681609630845645,24.283849402442577,0.8373741173256061,0.9709820716050529,0.2780215655736554,0.47777777777777775,0.13645101093011183,0.11304738252585204,0.7505016065440362,0.0,0.13645101093011183,0.0,0.0,0.0,0.0
2020,88250,RONDA ALTA,35,9,26,5,76360.76,98802.43657933256,2822.9267594095018,2138.8004475811495,4312.535929696292,1713.7575274175636,0.4464749696048076,0.30586075885048813,20.99818751388374,0.5999482146823926,0.9004560341697424,0.3872651346057845,0.7350427350427351,0.1769953573013155,0.37725528137750336,0.4267736465692589,0.014143389877209185,0.16285196742410632,0.018975714751922324,0.0,0.0,0.0
2020,88269,CHUVISCA,40,9,31,1,101516.79999999999,131351.5893992777,3283.7897349819423,2966.760766036792,4723.151974487507,2733.3429797429994,0.24832560719013985,0.2102816479636868,32.04261332421536,0.801065333105384,0.9681443053532791,0.35189574533476226,0.8817204301075269,0.2840065880721221,0.30240571018787044,0.40127446885638646,0.0,0.2840065880721221,0.012313232883621234,0.0,0.0,0.0
2020,88277,RONDINHA,22,9,13,0,44125.340000000004,57093.34358237773,2595.15198101717,2423.592142992431,2764.836266430311,2251.3688921906837,0.2097874538139024,0.22554387116337232,19.20304664207096,0.8728657564577709,0.9762277309285831,0.4719780062884501,0.6367521367521367,0.07553482874012982,0.6275269493674156,0.19110334333967738,0.0,0.07553482874012982,0.10583487855277715,0.0,0.0,0.0
2020,88285,ESPERANÇA DO SUL,22,9,13,0,36911.3,47759.16815535515,2170.8712797888707,2571.6714032606856,2571.6714032606856,2571.6714032606856,0.22977060732571908,0.21793868002481628,18.41598577478914,0.8370902624904154,0.964666225953311,0.4579911842714834,0.6666666666666667,0.06213273442008275,0.2740597052935008,0.6638075602864163,0.007948785331321302,0.05418394908876143,0.0,0.0,0.0,0.0
2020,88293,ROQUE GONZALES,21,9,12,0,97810.0,126555.39732481078,6026.447491657656,7236.7277092083295,7653.360343280398,4712.671464127308,0.42628955068378427,0.35786729373274717,12.61459644043457,0.6006950685921224,0.8912537712150288,0.5118188324302219,0.625,0.1365811266741642,0.31939474491360803,0.5440241284122278,0.0,0.1365811266741642,0.0,0.0,0.0,0.0
2020,88307,DOUTOR RICARDO,29,9,20,0,24841.550000000003,32142.237301034183,1108.3530103804892,923.0612457981803,923.0612457981803,923.0612457981803,0.1925100597934537,0.2411282709814806,23.057224802089365,0.7950767173134264,0.9709430847611182,0.36879341264937165,0.4861111111111111,0.0,0.21858539422862097,0.781414605771379,0.0,0.0,0.0,0.0,0.0,0.0
2020,88315,ROSÁRIO DO SUL,149,13,136,14,455817.14,589777.3158180031,3958.237018912773,1811.4462350959523,7763.341007554081,1594.2861787621457,0.6247518823921598,0.46382621768018645,44.108545574867016,0.2960305072138726,0.853332624775836,0.2615366109313047,0.8399321266968326,0.3561405786539751,0.33279722653693977,0.27884148893567273,0.0006252507310277977,0.3555153279229473,0.02526616265461189,0.0,0.0,0.006954543218800416
2020,88323,HERVEIRAS,30,9,21,0,44967.39,58182.86379827956,1939.4287932759855,1865.1426770648682,1865.1426770648682,1865.1426770648682,0.35907094007457374,0.22528992676693038,21.279807055206508,0.709326901840217,0.9370387675682362,0.3269567124087033,0.5238095238095238,0.38707383283752955,0.08977972704219658,0.4593773398900848,0.002121537407441259,0.38495229543008835,0.06376910023018904,0.0,0.0,0.0
2020,88331,SALVADOR DO SUL,27,9,18,0,76145.22,98523.55149253788,3649.0204256495513,3680.147110122616,4768.890991923679,3595.313201262569,0.27020281237079113,0.20381476342178798,21.93571846108636,0.8124340170772726,0.9635944305865193,0.3344647241153154,0.5401234567901234,0.06884082809137591,0.23698138898278842,0.5919370907326815,0.0,0.06884082809137591,0.1022406921931541,0.0,0.0,0.0
2020,88340,CARAÁ,49,9,40,0,83368.89,107870.18708187756,2201.432389426073,1824.385136775209,2226.150972817812,1775.2173103940331,0.31993096940499455,0.24817194999237727,34.65526623632743,0.707250331353621,0.9548891137295866,0.24690313137190623,0.6638888888888889,0.23883561362038044,0.22882492498100912,0.4635716032683174,0.0,0.23883561362038044,0.06876785813029296,0.0,0.0,0.0
2020,88358,SANANDUVA,43,9,34,0,120089.9,155383.1408771781,3613.5614157483283,3131.214206380146,3238.6070903179775,2917.722328672409,0.3647319565262901,0.30733908513538616,27.696382965022046,0.6441019294191174,0.9402728497187359,0.24579227728560027,0.5130718954248366,0.2951350613165637,0.3603471232801427,0.3040481339396569,0.0170913623876779,0.27804369892888575,0.0,0.0,0.0,0.04046968146363683
2020,88366,FAZENDA VILANOVA,43,9,34,0,68226.68000000001,88277.83044221165,2052.9728009816663,1477.7002051812024,2299.967406897972,1359.386888226078,0.36172476126470965,0.3534677343232882,23.918083997586606,0.5562345115717815,0.929518865204522,0.3056829087975555,0.838235294117647,0.24568980932385975,0.29673142530165614,0.12728891395565486,0.0,0.24568980932385975,0.3302898514188291,0.0,0.0,0.0
2020,88374,SANTA BÁRBARA DO SUL,32,9,23,1,153474.86,198579.61237777027,6205.612886805321,6307.714568637692,5169.738165947056,6792.923381609821,0.22022523346820444,0.19025917339165518,27.777383516813,0.8680432349004062,0.9733218937935614,0.2840693257514619,0.4806763285024155,0.009773587674228862,0.6975246629969235,0.21508317388268022,0.0,0.009773587674228862,0.07761857544616754,0.0,0.0,0.0
2020,88382,ITAARA,51,9,42,12,46081.39,59624.25744534877,1169.1030871637013,1048.6979811037638,1561.919516211485,714.8743177789383,0.5579888872582137,0.37714791155388316,23.7516476090221,0.4657185805690608,0.8535465899607168,0.2710562767312357,0.708994708994709,0.14275177029165137,0.2698811819695543,0.5873670477387944,0.0011327783298203462,0.141618991961831,0.0,0.0,0.0,0.0
2020,88390,SANTA CRUZ DO SUL,255,17,238,28,1419086.44,1836141.992152656,7200.5568319712,3881.6705037770407,19408.352518885204,3881.6705037770407,0.6011662731632985,0.4065864162580539,99.2338435040561,0.38915232746688666,0.8849826496436413,0.18497625134096832,0.8388531883341571,0.5299601904447766,0.27636224189415837,0.15375190957359863,0.02838586774178464,0.501574322702992,0.03421470224181693,0.005710955845649544,0.0,0.0
2020,88404,ESTRELA VELHA,34,9,25,0,47433.479999999996,61373.7134024994,1805.1092177205705,1654.2127018896235,1862.6066523357338,1647.212756081146,0.17776382965836635,0.18341475261777124,30.87199381126374,0.9079998179783453,0.9860836638627754,0.30842539910628525,0.7333333333333333,0.07378754415657464,0.32758043474777737,0.570626485764907,0.0,0.07378754415657464,0.028005535330741082,0.0,0.0,0.0
2020,88412,SANTA MARIA,343,21,322,62,1791936.4500000002,2318568.9542026473,6759.676251319672,3441.7478466823095,22726.275076497026,2717.1693526439285,0.6625214505848753,0.4859715811908396,101.33720418962726,0.2954437439930824,0.859838718140115,0.26177405454306146,0.940550133096717,0.4894221667291828,0.3121394065062965,0.1776017503299294,0.013668955726638631,0.47575321100254414,0.002719404474416489,0.015260027776096634,0.0,0.002857244184078068
2020,88420,BENJAMIN CONSTANT DO SUL,28,9,19,0,38970.75,50423.8702616897,1800.8525093460607,1682.0572183033844,1682.0572183033844,1682.0572183033844,0.16674616768437134,0.17378675031914964,25.48670521655112,0.9102394720196828,0.9859466953150497,0.3145949205493864,0.48538011695906436,0.12052885818209812,0.4483016108235023,0.43116953099439964,0.0015550124131560206,0.11897384576894209,0.0,0.0,0.0,0.0
2020,88439,SANTANA DA BOA VISTA,62,9,53,3,75478.3,97660.63026174487,1575.1714558345946,1143.7924389954617,1746.7517266996683,1125.6844460953419,0.35164999143312836,0.3256035178322776,39.37753215994909,0.6351214864507918,0.9419343457857466,0.21970155660633586,0.819706498951782,0.03974652317288545,0.3306228412669601,0.6296306355601543,0.0,0.03974652317288545,0.0,0.0,0.0,0.0
2020,88447,MAÇAMBARÁ,27,9,18,0,82458.03,106691.63428352078,3951.5420105007693,3271.2001836480254,4273.072279574559,3134.4489317999605,0.35338093276731875,0.2752774957150929,18.8607754776937,0.6985472399145815,0.9375979831380307,0.4395900556925748,0.6975308641975309,0.08489167155703332,0.4320935147250062,0.22397394165249887,0.0,0.08489167155703332,0.25904087206546167,0.0,0.0,0.0
2020,88455,SANT'ANA DO LIVRAMENTO,196,17,179,61,544814.89,704930.629510511,3596.5848444413823,1293.8901679256803,8125.6302545732715,996.2954293027738,0.7065511071558446,0.518428158231872,49.02663280696757,0.2501358816682019,0.8176115202803825,0.24534903956094156,0.8639500492934604,0.4017334401414763,0.32796047479539336,0.2556253923236202,0.012178173030476462,0.3895552671109998,0.014680692739510112,0.0,0.0,0.0
2020,88463,DOM PEDRO DE ALCÂNTARA,23,9,14,2,15708.0,20324.42675777659,883.6707285989821,667.0003815656881,1430.3955806418394,462.8892075754121,0.447899713244982,0.3208556149732619,13.678293766601636,0.5947084246348537,0.8863549637040832,0.6449261522790932,0.8888888888888888,0.06366182836771073,0.21906035141329258,0.7172778202189967,0.0,0.06366182836771073,0.0,0.0,0.0,0.0
2020,88471,SANTA ROSA,177,15,162,0,1094129.29,1415683.1307705054,7998.209778364438,4739.1962125697855,16064.875630456849,4277.911428802601,0.5243138662269888,0.40128675286629056,73.86796727219112,0.4173331484304583,0.9054925764366146,0.2196192371378706,0.8430041152263374,0.4072465878324124,0.3376204196123842,0.2092787498632817,0.01831629971262354,0.38893028811978886,0.04403544484217217,0.0018187978497495483,0.0,0.0
2020,88480,UNISTALDA,16,9,7,0,75438.82,97609.54747791517,6100.596717369698,7403.943605060205,7973.598159842005,4658.004604532449,0.23853196537273513,0.18883513819542774,13.486210939259864,0.8428881837037415,0.962761402732378,0.6235231410035311,0.6825396825396826,0.1756390145020826,0.3430060279309777,0.4813549575669397,0.0,0.1756390145020826,0.0,0.0,0.0,0.0
2020,88498,SANTA VITÓRIA DO PALMAR,109,13,96,0,278464.17000000004,360302.0516825852,3305.5234099319746,1762.9253537987393,4192.204144079204,1687.8797240590497,0.5355119261364836,0.37346725792406255,48.48280918129256,0.4447964145072712,0.8955348076729345,0.22065811913970834,0.7451923076923077,0.18108757044039092,0.3603464316432523,0.41099075690779163,0.023177129036026426,0.15791044140436447,0.04757524100856494,0.0,0.0,0.0
2020,88501,TURUÇU,48,9,39,6,34576.79,44738.56861943098,932.0535129048121,811.5926078313829,1394.8136010238834,692.2312398402389,0.4120368569494164,0.27586684593914007,29.69511668366067,0.6186482642429306,0.9156370040306082,0.2777027595679067,0.7749287749287749,0.05784226933732137,0.3430645239190798,0.5181429508060176,0.05784226933732137,0.0,0.08016938530152741,0.0,0.0,0.0007808706360538384
2020,88510,SANTIAGO,79,13,66,0,516692.88,668543.8372692033,8462.58021859751,4091.604183522982,15868.915964524505,3783.4965872856797,0.4994819575203757,0.3085085089618421,40.81498203370893,0.5166453421988472,0.904622719057037,0.2971585751288077,0.7855477855477856,0.35583430141324957,0.3620561405839384,0.2711910796990274,0.0,0.35583430141324957,0.010511079618515355,0.0,0.0,0.00040739868526928414
2020,88528,CRISTAL DO SUL,36,9,27,0,41161.43,53258.36957476113,1479.3991548544757,1320.0914438261752,1341.7641041389304,1296.4779482615315,0.11440007874685909,0.1868618267149611,33.679945271122676,0.9355540353089632,0.9917263190356564,0.27704163825212097,0.6296296296296297,0.11221670384143602,0.33419149917774965,0.5535917969808143,0.00378995579113748,0.10842674805029855,0.0,0.0,0.0,0.0
2020,88536,SANTO ÂNGELO,161,15,146,6,652390.29,844121.3818811832,5242.989949572567,3597.014666833391,9453.16156686502,2682.881263193898,0.5460504907459958,0.39698466388885095,62.01890809210478,0.38521060926773154,0.8934521196311834,0.1945360345568601,0.8073059360730594,0.5075837808683511,0.2555640428063391,0.21150938650543064,0.08796341833965676,0.4196203625286943,0.022344584558424373,0.002998205261454765,0.0,0.0
2020,88544,MUITOS CAPÕES,28,9,19,0,26929.540000000005,34843.86703276132,1244.4238225986187,1010.8711020444566,1536.3393075915944,945.8337127536722,0.26001661584798175,0.2276076754374564,21.66647617418441,0.773802720506586,0.9641047705576423,0.4181419363271709,0.6549707602339181,0.07436072060644183,0.1357219618307628,0.6450949403517475,0.0,0.07436072060644183,0.14482237721104776,0.0,0.0,0.0
2020,88552,SANTO ANTÔNIO DA PATRULHA,94,13,81,3,234054.91999999998,302841.35974263167,3221.71659300672,1861.4356817337607,6891.401362290646,1757.2839926665831,0.5473350651787923,0.37712443729018813,42.21344494299208,0.44907920152119235,0.8876536181314296,0.3240849626233023,0.8461538461538461,0.46712523710247156,0.30831541588615186,0.21011786464475943,0.0030762010898980462,0.4640490360125735,0.014441482366617204,0.0,0.0,0.0
2020,88560,NOVA RAMADA,18,9,9,0,37676.45,48749.18821734349,2708.2882342968605,1552.6682015108163,1552.6682015108163,1940.8352518885204,0.37382082618364176,0.3005060190118761,10.756188514615886,0.5975660285897715,0.9058911259742553,0.28374355864206957,0.308641975308642,0.0,0.48746630852959877,0.5125336914704013,0.0,0.0,0.0,0.0,0.0,0.0
2020,88579,SANTO ANTÔNIO DAS MISSÕES,29,9,20,1,56646.56,73294.42703081213,2527.394035545246,2530.732718347517,2955.8920886262167,1837.324038454466,0.3721179794196836,0.25734131075214445,19.147422562324586,0.6602559504249857,0.9256552306366171,0.4628003889380043,0.788888888888889,0.1687993057301273,0.333412302529933,0.4977883917399397,0.024529291805186405,0.1442700139249409,0.0,0.0,0.0,0.0
2020,88587,JARI,33,9,24,0,32443.18,41977.91161824307,1272.0579278255477,864.3186321743544,864.3186321743544,864.3186321743544,0.4023931667424079,0.34090986148706753,19.663494296953537,0.5958634635440466,0.9204730028769054,0.22850750142248694,0.47453703703703703,0.4265673093697967,0.13108301960535312,0.22348456593959037,0.0,0.4265673093697967,0.21886510508525983,0.0,0.0,0.0
2020,88595,SANTO AUGUSTO,50,9,41,2,79314.95999999999,102624.8469134186,2052.496938268372,1374.4348308790538,2749.5166068420704,1234.371220201099,0.4159055693906928,0.2628512956446048,30.40558196587171,0.6081116393174342,0.9249782122554829,0.2533324104305165,0.7425474254742548,0.17615831868288154,0.06666283384622525,0.7405363376593773,0.0,0.17615831868288154,0.016642509811516014,0.0,0.0,0.0
2020,88609,UBIRETAMA,30,9,21,0,83033.3,107435.97048042338,3581.1990160141127,800.0446380826462,743.9868465572662,1177.440052812369,0.6800374066790071,0.5559293680968961,7.189699545101157,0.2396566515033719,0.7219433282493969,0.09415198480609588,0.45502645502645506,0.3146207605864153,0.5500082497022278,0.12573630097804134,0.0,0.3146207605864153,0.009634688733315428,0.0,0.0,0.0
2020,88617,SANTO CRISTO,28,9,19,0,101108.3,130823.03526568005,4672.251259488573,4276.307004994373,5227.316278419748,4172.291174394828,0.235324837681123,0.19948599669858952,23.597953872733925,0.8427840668833545,0.9732304632374712,0.39050008752990606,0.7192982456140351,0.20740137060953454,0.5000053408078269,0.265295826356491,0.0071210771024732885,0.20028029350706122,0.027297462226147606,0.0,0.0,0.0
2020,88625,BARRA DO QUARAÍ,51,9,42,8,75151.1,97237.26939879959,1906.6131254666586,1552.6682015108163,1734.847937154752,1552.6682015108163,0.4774308679708055,0.3556607953842325,26.221330731791625,0.5141437398390515,0.8915496250681241,0.28781880770873614,0.6441798941798942,0.1759601655863986,0.2991306847138631,0.5249091496997382,0.021045600130936204,0.1549145654554624,0.0,0.0,0.0,0.0
2020,88633,SÃO BORJA,129,15,114,4,680551.04,880558.2994275963,6826.033328896096,3639.7130423749386,18832.44200514148,3293.2739499128375,0.5826502546292278,0.454125424597103,41.230967027925644,0.31961989944128405,0.8669322681309498,0.4101833860984182,0.9619883040935673,0.4236888683617323,0.36434486971028657,0.20511152256853502,0.061664588742675344,0.3620242796190569,0.0032400214978732527,0.0036147178615728807,0.0,0.0
2020,88641,CERRITO,51,9,42,2,46249.7,59842.03209951233,1173.3731784218105,957.4787242650034,1334.5183191985468,881.1392043573883,0.4264530470510315,0.32565832859456384,30.779669554591443,0.6035229324429695,0.9215159006060306,0.2845099535780773,0.7275132275132274,0.4869869426180062,0.15249828647537175,0.36051477090662215,0.0,0.4869869426180062,0.0,0.0,0.0,0.0
2020,88650,SÃO FRANCISCO DE ASSIS,43,11,32,0,111818.90000000001,144681.37529826484,3364.6831464712754,2360.1591775098746,2502.383584768266,2302.529309430465,0.38040393262968575,0.36556476588483705,24.0873944965592,0.5601719650362604,0.9267573408078451,0.3083110279210402,0.5909090909090908,0.2030068262163194,0.27903440294976967,0.5179587708339108,0.0,0.2030068262163194,0.0,0.0,0.0,0.0
2020,88668,VALE VERDE,32,9,23,0,23985.78,31034.964912028423,969.8426535008882,435.1999579818025,602.7587347281782,384.0912963487382,0.5042811042626092,0.4013732303056227,13.608256788791678,0.42525802464973994,0.8658126828331123,0.27145375301532826,0.5507246376811594,0.298153739423942,0.03775070062345273,0.5786240847702264,0.009217961642273047,0.288935777781669,0.0854714751823789,0.0,0.0,0.0
2020,88676,SÃO FRANCISCO DE PAULA,98,9,89,2,212978.73999999996,275571.0976631998,2811.9499761551,808.7589883636257,3524.3239171993264,646.9450839628402,0.6591048400762771,0.5030067320334414,24.987872595620072,0.25497829179204157,0.8185538987645863,0.10989143799047736,0.7166042446941323,0.3097178619800268,0.15286056251436178,0.4462619602313359,0.01915637213366931,0.2905614898463575,0.08097080487939784,0.010188810394877913,0.0,0.0
2020,88684,NOVO CABRAIS,42,9,33,0,59774.2,77341.24967562318,1841.458325610076,1646.5399331938243,2215.851607081124,1552.6682015108163,0.29681017021039935,0.26248281030946463,31.45480749061471,0.7489239878717788,0.9592430585664034,0.32118037547972206,0.7962962962962963,0.16252831489170913,0.3629007163625778,0.47457096874571303,0.0,0.16252831489170913,0.0,0.0,0.0,0.0
2020,88692,SÃO GABRIEL,178,15,163,24,302568.27,391490.1096792826,2199.382638647655,934.835646326304,10351.121343405443,815.1508057931785,0.65964122704486,0.5058550918111804,51.49799041987193,0.28931455292062885,0.8432070938683864,0.29035496683112205,0.8349693251533742,0.25803449251304506,0.366972551351799,0.3614588205167713,0.021953723039101224,0.23608076947394385,0.01353413561838457,0.0,0.0,0.0
2020,88706,SETE DE SETEMBRO,34,9,25,0,32788.2,42424.32960398079,1247.774400117082,1125.6844460953419,1242.134561208653,1125.6844460953419,0.24077690072863378,0.24879072349198803,27.712569863439267,0.815075584218802,0.9718336788533679,0.277898756259874,0.5844444444444444,0.3578177515081646,0.02699141764415247,0.6151908308476831,0.0034219627792925504,0.354395788728872,0.0,0.0,0.0,0.0
2020,88714,SÃO JERÔNIMO,98,11,87,6,232287.61,300554.6547099549,3066.8842317342337,1712.7871097916193,4528.6155877398805,1371.523578001221,0.587447669740464,0.4175771579035145,34.24573386636598,0.34944626394251,0.8625597971277301,0.22245870109042834,0.786833855799373,0.23070666575802298,0.4613754474463791,0.28105248489146706,0.0,0.23070666575802298,0.026863249400172488,0.0,0.0,2.1525039583471542e-06
2020,88722,TABAÍ,55,9,46,0,48592.16,62872.91806227152,1143.1439647685731,797.3856937875589,1552.6682015108163,702.9058337256258,0.3756226743348945,0.2778102475790333,36.210113426307586,0.6583656986601379,0.9432112476337468,0.2606033565908574,0.8272946859903382,0.30871399830754587,0.06710959134148389,0.5484440288309883,0.0,0.30871399830754587,0.07573238151998182,0.0,0.0,0.0
2020,88730,SÃO JOSÉ DO NORTE,80,9,71,2,280473.58,362902.00752491667,4536.275094061459,2415.045998433282,9262.079866865755,2132.977941825484,0.566946060480991,0.43431060422874773,27.453836279796093,0.34317295349745114,0.8628114819994599,0.3191299872166213,0.9264475743348983,0.29342763764059343,0.40896051599583816,0.2472095945721519,0.08417085131512209,0.20925678632547134,0.050402251791416504,0.0,0.0,0.0
2020,88749,VILA LÂNGARO,16,9,7,0,20089.300000000003,25993.34775050937,1624.5842344068355,951.009273425375,951.009273425375,1196.8484053312543,0.3644337408471179,0.278262557679959,10.878785642329616,0.679924102645601,0.9194971102827963,0.5018542209036652,0.46031746031746035,0.0,0.153315446531238,0.846684553468762,0.0,0.0,0.0,0.0,0.0,0.0
2020,88757,SÃO JOSÉ DO OURO,47,9,38,0,70706.83,91486.87214219251,1946.5291945147344,2000.418894121498,1643.7580693327843,2000.8717556802721,0.23482781844834344,0.19981563308664807,38.48991778769862,0.8189344210148644,0.9739385890627883,0.18457976407653973,0.45321637426900585,0.16192212265774042,0.3558065041241419,0.48227137321811764,0.03986177855802615,0.12206034409971427,0.0,0.0,0.0,0.0
2020,88765,SENADOR SALGADO FILHO,33,9,24,0,46420.68,60063.26144042427,1820.0988315280083,1423.2791847182482,2986.9454526564327,493.619099063647,0.4604032930882085,0.29303749966609705,19.203755930093205,0.5819319978816123,0.8920645386336017,0.33529625158442306,0.6087962962962963,0.04308424607308639,0.2430851939265,0.7138305600004136,0.0,0.04308424607308639,0.0,0.0,0.0,0.0
2020,88773,SÃO LEOPOLDO,242,13,229,26,1263975.98,1635446.0930162263,6758.041706678621,3387.6891154663745,22996.232321133037,3049.867331522659,0.5933179049261506,0.4340906304247965,82.10603727513981,0.33928114576504054,0.8825387075911203,0.2378428979322851,0.9442391669465906,0.3896957361484037,0.3569383335908013,0.1528411797825462,0.005625336329571706,0.384070399818832,0.08292681321364984,0.017597707829859238,0.0,2.2943473973294965e-07
2020,88781,VESPASIANO CORRÊA,26,9,17,0,163835.0,211984.4956621038,8153.249833157839,587.1026636962774,13663.480173295184,502.02938515516394,0.6674285338673287,0.42350535599841305,9.02553995090596,0.3471361519579216,0.7252573067406033,0.620981475264748,0.696078431372549,0.0,0.34876552629169594,0.6512344737083041,0.0,0.0,0.0,0.0,0.0,0.0
2020,88790,SÃO LOURENÇO DO SUL,95,11,84,3,255189.03,330186.5768794915,3475.648177678858,1973.1825060866624,4694.233529234368,1727.343374180783,0.5383158342619481,0.3968175277753906,40.36525319347381,0.42489740203656645,0.8888494459538664,0.22453312354375105,0.7754329004329004,0.23600191591307823,0.3542483389666084,0.3382725738641665,0.004984540283726146,0.2310173756293521,0.07069269396102176,0.0,0.0,0.0007844772951251078
2020,88803,MONTE ALEGRE DOS CAMPOS,31,9,22,0,25921.600000000002,33539.70337690231,1081.9259153839455,1003.0236581759874,1003.0236581759874,986.7529893143219,0.2948351953583108,0.2385539472872045,24.435409729788027,0.7882390235415493,0.9554857122286944,0.33268779704956486,0.601010101010101,0.21217826060119743,0.08178507499537065,0.5332078266773655,0.21217826060119743,0.0,0.17282883772606628,0.0,0.0,0.0
2020,88811,SÃO LUIZ GONZAGA,72,13,59,8,189852.62,245648.43837293037,3411.7838662906997,2202.848010893471,8151.5080579317855,1682.0572183033844,0.5654877305471067,0.43341329711436166,27.944521571118205,0.3881183551544195,0.8643571689405567,0.4656698969969442,0.8396349413298566,0.21332336630382032,0.37317773123173126,0.3790458619954784,0.031076737313396045,0.18224662899042426,0.017129076227654905,0.017323964241315184,0.0,0.0
2020,88820,MARQUES DE SOUZA,27,9,18,0,26267.55,33987.324680496204,1258.789802981341,1381.8746993446264,1381.8746993446264,1237.6059456209132,0.4370769539123649,0.28285850793088807,16.355159504721044,0.6057466483230016,0.9026589906233558,0.40523573763065074,0.5586419753086419,0.02741024572143196,0.4204998182167732,0.49863995690500257,0.0,0.02741024572143196,0.05344997915679232,0.0,0.0,0.0
2020,88838,SÃO MARCOS,66,9,57,0,132712.59,171715.51536095195,2601.750232741696,1352.7621705662987,5304.949688495289,748.7742401785912,0.5841948230405496,0.4130572690955696,26.231940843498744,0.3974536491439204,0.8576382374549123,0.3705405794582112,0.8440545808966862,0.3679179194679269,0.31012204644638464,0.25772347597164674,0.014060459523847739,0.35385745994407913,0.06423655811404178,0.0,0.0,0.0
2020,88846,CHUÍ,29,9,20,0,42997.460000000014,55633.99073977771,1918.4134737854383,1410.0297493986893,2577.7656259516157,1278.05295227027,0.3801594086143052,0.27686565671553626,18.585454531738574,0.640877742473744,0.9278533454027421,0.47279048576357774,0.7888888888888889,0.12383289617572756,0.3087856817588759,0.4048657757923374,0.0,0.12383289617572756,0.16251564627305887,0.0,0.0,0.0
2020,88854,SÃO MARTINHO,28,9,19,0,62705.74999999999,81134.35339740574,2897.6554784787763,3259.4840081774582,3466.3317598728972,3219.5480881444323,0.2716150603641383,0.1947559833029666,22.67342520503041,0.8097651858939432,0.9626100196851672,0.3638082631975536,0.5847953216374269,0.1653931258297684,0.09900049038565044,0.7356063837845811,0.002282087368383283,0.16311103846138514,0.0,0.0,0.0,0.0
2020,88862,ARARICÁ,87,9,78,0,105593.85,136626.84430841912,1570.423497797921,552.6593074260958,4001.523550031997,552.6593074260958,0.5633675733433596,0.457970232167877,30.12501124819479,0.34626449710568724,0.8654454940003928,0.24832118537206468,0.811965811965812,0.3706004658415238,0.24970961850524437,0.13289362969529,0.0004290022572337309,0.37017146358429004,0.24537574868233333,0.0,0.0,0.0014205372756083804
2020,88870,SÃO NICOLAU,26,9,17,6,23597.42,30532.469726412808,1174.3257587081848,751.7501875648202,1749.9864521194825,465.8004604532449,0.5432184796212727,0.37546138518532957,12.05674289694067,0.4637208806515642,0.834327792276701,0.6408081900478949,0.869281045751634,0.0,0.46381850219218884,0.5361814978078112,0.0,0.0,0.0,0.0,0.0,0.0
2020,88889,PASSA SETE,35,9,26,0,52732.5,68230.06328014094,1949.430379432598,1737.6944955241886,2335.4717531058527,1728.9607368906902,0.27075631048892324,0.23057886502631203,27.966015255839658,0.7990290073097045,0.9666044632686871,0.3148722324941924,0.7286324786324786,0.1981700090077277,0.27326601242118237,0.5285639785710899,0.027307637604892618,0.17086237140283506,0.0,0.0,0.0,0.0
2020,88897,SÃO PAULO DAS MISSÕES,26,9,17,0,44588.450000000004,57692.5570580458,2218.944502232531,2193.1438346340283,2487.5038478371202,1940.8352518885204,0.21924731801448716,0.19881493974336406,22.563807765699547,0.8678387602192134,0.976925608836113,0.36388010796517933,0.5261437908496731,0.3131416319697141,0.2964859733854843,0.39037239464480145,0.0,0.3131416319697141,0.0,0.0,0.0,0.0
2020,88900,TOROPI,32,9,23,0,24702.8,31962.710040234495,998.834688757328,746.5746268931175,1283.5390465822748,702.5823611836444,0.2858056576582413,0.2737746328351442,24.4992930403154,0.7656029075098563,0.9610191836683039,0.3368444063021196,0.71256038647343,0.2003821429149732,0.09043509237819194,0.4184060106546626,0.0,0.2003821429149732,0.29077675405217224,0.0,0.0,0.0
2020,88919,SÃO PEDRO DO SUL,75,11,64,2,148615.93999999997,192292.70356303282,2563.902714173771,1442.6875372371335,4480.06882863931,1394.1666559399205,0.4884808794175557,0.29426480093588886,40.953687139836234,0.5460491618644832,0.9053885765517824,0.25202861819532957,0.7400568181818181,0.1022259119714884,0.11523313044347734,0.20458976338608095,0.012560900264130485,0.08966501170735793,0.5779511941989536,0.0,0.0,0.0
2020,88927,BALNEÁRIO PINHAL,91,9,82,0,179535.96000000002,232299.8134330982,2552.7452025615185,2130.3901614896326,4665.12100045604,1981.3340141445942,0.4200902172442804,0.3077205257375737,53.72864861264421,0.5904247100290573,0.9344018710675435,0.2239427132035276,0.8997289972899729,0.3726224540197963,0.17976448840666795,0.21258855329038254,0.06214571164461982,0.3104767423751765,0.23502450428315305,0.0,0.0,0.0
2020,88935,SÃO SEBASTIÃO DO CAÍ,83,9,74,2,157877.85,204276.59784824535,2461.163829496932,1986.768352849882,4588.587397023236,1892.3143705913074,0.48795802486176343,0.31383028081519987,45.62553254171185,0.5497052113459259,0.9040754574290348,0.19712613263988585,0.7484984984984985,0.3612159653808308,0.3819731520286095,0.17248176359128276,0.07207154138468443,0.28914442399614637,0.08432911899927696,0.0,0.0,0.0
2020,88943,MAMPITUBA,25,9,16,0,62346.04,80668.92816510118,3226.7571266040472,2714.5945112097565,3554.3162912918438,2559.3276910586746,0.2581205670801223,0.2502163730046046,19.951755353230215,0.7980702141292086,0.9648069729950307,0.4132900822570287,0.6840277777777778,0.06916301340069073,0.5372755029830283,0.28689873486752326,0.0,0.06916301340069073,0.10666274874875774,0.0,0.0,0.0
2020,88951,SÃO SEPÉ,57,11,46,16,83380.55,107885.27384123558,1892.7241024778173,957.4787242650034,3977.224292678352,428.79520165057045,0.6576657244952375,0.4761326232556633,17.955654442232944,0.31501148144268326,0.8000042222177363,0.5464925573170242,0.8942687747035574,0.43698200599540304,0.15216438366021812,0.40797524122831996,0.08558110974321949,0.3514008962521835,0.002878369116058841,0.0,0.0,0.0
2020,88978,SÃO VALENTIM,33,9,24,0,47469.98,61420.94039362868,1861.240617988748,1759.690628378925,1811.4462350959523,1623.8321607467287,0.17600022735900178,0.2208416772031503,29.182561139095363,0.8843200345180413,0.983847174813247,0.3114252418054526,0.5625,0.07010746581313074,0.17960508936384637,0.7452316179614991,0.00732041597658141,0.06278704983654933,0.005055826861523851,0.0,0.0,0.0
2020,88986,ACEGUÁ,61,9,52,19,77850.65,100730.19060162336,1651.3146000266124,1063.5777180349091,1319.121026200231,1016.9976719895847,0.6039191456049098,0.4515055429851903,23.162710511587303,0.37971656576372625,0.8334227421204379,0.1854841289057959,0.5758547008547008,0.5499417153228651,0.10340311866374913,0.3448568509061903,0.0,0.5499417153228651,0.001798315107195637,0.0,0.0,0.0
2020,88994,SAPIRANGA,157,11,146,4,798337.92,1032961.5853702382,6579.373155224447,1976.4172315064766,16872.54775107942,1865.0650436547926,0.6013588153997149,0.35618389516058574,66.4475197947599,0.42323261015770636,0.8751110065738099,0.163409173899694,0.8244084682440846,0.36040741995569997,0.3467886756525357,0.18573896627633574,0.06988208702400107,0.29052533293169885,0.10363280752090542,0.0001503122888112342,0.0,0.003281818305711947
2020,89001,ALMIRANTE TAMANDARÉ DO SUL,25,9,16,0,45498.05,58869.479554790996,2354.77918219164,2180.851878038734,1975.123341338551,2229.0492867939656,0.23890766307567057,0.23987511552692917,20.621989634009253,0.8248795853603701,0.9708581043922628,0.3483560284451751,0.4513888888888889,0.07253058098094313,0.36767509816354765,0.442426653449983,0.0065936891800857395,0.06593689180085739,0.11736766740552616,0.0,0.0,0.0
2020,89010,SAPUCAIA DO SUL,232,11,221,20,782396.26,1012334.8282358241,4363.512190671656,2435.696485513376,15277.892813619412,2296.6550480680826,0.6042432881684574,0.4690391669305782,73.48173386998312,0.3167316115085479,0.8738970831333169,0.18206972257254916,0.9201974496092142,0.29844000021165745,0.32267835738376355,0.21893351075067768,0.016037269912307608,0.2824027302993498,0.1559795544012442,0.003968577252657112,0.0,0.0
2020,89028,ARROIO DO PADRE,35,9,26,2,29123.519999999997,37682.63618338691,1076.6467480967688,805.1102180900753,808.6813549535501,805.1102180900753,0.3973244207529072,0.3916078825636461,16.826978955085675,0.4807708272881621,0.9011869650974518,0.20498209007702364,0.5512820512820512,0.4284001384448034,0.054595048950126915,0.5170048126050698,0.007169463031941195,0.4212306754128622,0.0,0.0,0.0,0.0
2020,89036,SARANDI,68,11,57,0,316820.13999999996,409930.46414683753,6028.389178629964,4362.350701161431,11643.432965326254,3745.812036144844,0.4364109545115482,0.29529041304002956,40.11196332896076,0.5898818136611876,0.9265986650637943,0.3349279815355173,0.9059011164274322,0.15426733919125218,0.2949854766177428,0.32015647742596165,0.022094554973683178,0.132172784217569,0.23059070676504342,0.0,0.0,0.0
2020,89044,BOA VISTA DO CADEADO,33,9,24,1,61206.73,79194.78615788178,2399.8420047842965,1487.9736931145324,1552.6682015108163,1429.7486355578767,0.5081988582469656,0.4837948375938397,12.395161783438887,0.3756109631345117,0.8486527091915794,0.3309693231446934,0.5532407407407408,0.5800015782578157,0.061976844703188684,0.3514863479882033,0.0,0.5800015782578157,0.0,0.0,0.0,0.00653522905079229
2020,89052,SEBERI,35,9,26,1,77373.5,100112.81090799763,2860.3660259427893,2176.970207534957,2636.3012171485734,1581.133785205181,0.4066279614005901,0.30534356077985353,22.01997103414148,0.6291420295468995,0.9235144125733079,0.3431019664355367,0.7222222222222222,0.2064660381138245,0.4201309233781592,0.2850006785268858,0.00775459298080092,0.19871144513302358,0.0884023599811305,0.0,0.0,0.0
2020,89060,BOA VISTA DO INCRA,26,9,17,0,65150.39,84297.44905752355,3242.2095791355214,4198.673594918832,4494.974443373813,2437.6890763719816,0.2916385104111838,0.1908410678738838,20.419979346068523,0.7853838210026355,0.9522209269543624,0.42627342675922586,0.6895424836601307,0.08460425179342748,0.25379740627799774,0.6615983419285748,0.0,0.08460425179342748,0.0,0.0,0.0,0.0
2020,89079,SELBACH,31,9,22,0,27239.23,35244.571878866234,1136.921673511814,851.3797304950976,785.6242321611146,1137.3294576066728,0.4187823129337904,0.3472932237805547,19.145838541147647,0.6176076948757305,0.9163406291918225,0.26730491280406965,0.47727272727272724,0.40382932997738924,0.0,0.43515290263344447,0.0,0.40382932997738924,0.1610177673891663,0.0,0.0,0.0
2020,89087,BOZANO,21,9,12,0,17718.770000000004,22926.142290736505,1091.721061463643,997.3176025354351,1045.838483832648,986.7788671176804,0.17747136430543886,0.23215945576357727,18.88605571216591,0.8993359862936148,0.9828858717535749,0.42058449881114773,0.5324074074074074,0.08567186097003346,0.10474767718075237,0.5094879610717898,0.0,0.08567186097003346,0.30009250077742405,0.0,0.0,0.0
2020,89095,SERAFINA CORRÊA,36,9,27,0,81269.74999999999,105154.13047477807,2920.9480687438354,2453.021674861901,2652.4748442476443,2416.598666634793,0.29466377574545133,0.24031204722544364,27.528676116489706,0.7646854476802696,0.9607657469213302,0.27795889614524466,0.6090534979423868,0.5267642634559601,0.09010732775725287,0.275522565284131,0.0,0.5267642634559601,0.1076058435026563,0.0,0.0,0.0
2020,89109,CANUDOS DO VALE,40,9,31,1,14098.42,18241.807021286768,456.0451755321692,491.6782638117585,491.6782638117585,491.6782638117585,0.2556898929099858,0.22986547428718965,28.651646172718618,0.7162911543179654,0.9576425343376299,0.20795805487423413,0.48028673835125446,0.2039249788274147,0.02851383346502658,0.699511009035055,0.0,0.2039249788274147,0.06805017867250372,0.0,0.0,0.0
2020,89117,SERTÃO,36,9,27,0,41628.799999999996,53863.09502254455,1496.1970839595708,1473.8702902841424,1850.2629401337226,1454.3325487484647,0.3516190847575611,0.2588820720270582,24.957467557473283,0.6932629877075912,0.9383837939198796,0.33753915558459535,0.6604938271604939,0.02989516872934123,0.2821592263048659,0.6471084921977093,0.010312572065493122,0.01958259666384811,0.0,0.0,0.0,0.04083711276808364
2020,89125,CAPÃO BONITO DO SUL,28,9,19,0,40878.0,52891.642284465954,1888.9872244452126,1290.0084974219033,1759.690628378925,1242.134561208653,0.3108116136517718,0.34478203434610305,17.30401123007481,0.6180004010741004,0.9349522758016938,0.4490679583149861,0.8304093567251462,0.2323988453446842,0.4228435833455649,0.23320612554430256,0.0,0.2323988453446842,0.11155144576544841,0.0,0.0,0.0
2020,89133,SEVERIANO DE ALMEIDA,20,9,11,0,15179.980000000001,19641.22687130847,982.0613435654235,497.85658936360363,458.68406452965365,584.8383559024074,0.40932096089718173,0.28964465038820864,11.669998399091256,0.5834999199545627,0.8986172193106563,0.3998924899769301,0.29292929292929293,0.11528341934574353,0.2660517339285032,0.6186648467257532,0.0,0.11528341934574353,0.0,0.0,0.0,0.0
2020,89141,CAPÃO DO CIPÓ,33,9,24,2,157325.97999999998,203562.5386812722,6168.56177822037,6534.559392878421,7036.588778033585,6275.781359293285,0.2747839597603381,0.21122766881858926,26.513325516970475,0.8034341065748629,0.9541800403561461,0.3210856210779682,0.6898148148148148,0.08877796280054956,0.25273638848459745,0.4713741493935078,0.0,0.08877796280054956,0.1871114993213454,0.0,0.0,0.0
2020,89150,CAPÃO DA CANOA,149,11,138,8,440245.04,569628.7287340479,3823.011602241932,2559.340629960354,9614.89783785573,2144.5388504758994,0.5332000298206108,0.3776610180548542,63.05965722429643,0.42321917600198944,0.8985634725937893,0.2359321754084952,0.9166666666666667,0.4741466933960232,0.25219043921539697,0.2335596557771554,0.013706003365761941,0.46044069003026133,0.038768500378789046,0.0012833761852263004,0.0,5.133504740905202e-05
2020,89168,COQUEIRO BAIXO,21,9,12,0,74230.0,96045.46716512325,4573.5936745296785,4852.088129721301,4903.843736438328,4800.332523004274,0.09737687881295565,0.1728950559073151,19.83544068677936,0.944544794608541,0.9873595960705581,0.4614441600431093,0.6898148148148148,0.016165970631820018,0.1828371278458844,0.8009969015222955,0.0,0.016165970631820018,0.0,0.0,0.0,0.0
2020,89176,SOBRADINHO,56,9,47,1,105311.79,136261.88964765397,2433.2480294223924,1643.1758187572177,5237.667399763153,1449.1569880767618,0.42598960361960825,0.3623309412934677,28.542266030469843,0.5096833219726757,0.9147232198836804,0.36491422280449326,0.8167848699763594,0.40092443590598925,0.25509033698885947,0.34308219431081743,0.013521752882559494,0.3874026830234298,0.0009030327943338538,0.0,0.0,0.0
2020,89184,CORONEL PILAR,24,9,15,0,38623.64,49974.748045501015,2082.2811685625425,1730.5780996005974,1792.0378825770672,1656.1794149448706,0.31125456240444094,0.3301680007373723,16.626832183120978,0.6927846742967074,0.942952391925851,0.4514667700920991,0.611111111111111,0.0,0.43231192088575804,0.564581173602488,0.0,0.0,0.0031069055117539414,0.0,0.0,0.0
2020,89192,SOLEDADE,107,13,94,0,310514.73,401771.95614309725,3754.8780947953014,2251.3688921906837,4722.699112928733,2138.5028528425264,0.4574988719265871,0.3261616928768565,58.40887701945986,0.5458773553220547,0.9259453602492975,0.21376689601810514,0.7389525368248772,0.35353314800879176,0.36411818531120893,0.2330810844303586,0.016305345643345164,0.3372278023654466,0.04926758224964079,0.0,0.0,0.0
2020,89206,CRUZALTENSE,19,9,10,0,10178.77,13170.210424576877,693.1689697145724,556.3727722080425,530.4949688495288,750.4562973968946,0.29115936508304197,0.24757411750142697,14.419369518223032,0.7589141851696333,0.9525250007399386,0.38619597456274185,0.43333333333333335,0.19648739484240235,0.3733260502005645,0.4301865549570331,0.0,0.19648739484240235,0.0,0.0,0.0,0.0
2020,89214,TAPEJARA,66,11,55,1,247450.01,320173.1349921113,4851.10810594108,4005.605773511802,6609.087466550941,3698.585045015557,0.30645585748814486,0.2573729538341905,48.344851753175874,0.7324977538359981,0.9613572088951118,0.257794533934349,0.806611570247934,0.1080086842590954,0.39455936978947787,0.4641969503254415,0.009914244901424734,0.09809443935767066,0.033234995625985225,0.0,0.0,0.0
2020,89222,FORQUETINHA,25,9,16,0,23885.199999999997,30904.825438938457,1236.1930175575383,354.5259060116364,544.7924552051077,354.5259060116364,0.6211863413327074,0.42769581163230785,9.14791895893261,0.3659167583573044,0.7701955519734324,0.4693617805168054,0.6597222222222222,0.14871133589000723,0.6646751963559026,0.18661346775409043,0.0,0.14871133589000723,0.0,0.0,0.0,0.0
2020,89230,TAPERA,40,9,31,0,71576.5,92612.12960453246,2315.3032401133114,1518.7035846027673,2924.1917795120376,1012.4690564018448,0.45525958240483977,0.3239261489455338,21.379571640935225,0.5344892910233806,0.9045716388459288,0.38507051895524375,0.7670250896057347,0.2933923843719657,0.34424427011658854,0.24821694271164418,0.0,0.2933923843719657,0.11414640279980161,0.0,0.0,0.0
2020,89247,SANTA CECÍLIA DO SUL,33,9,24,7,47494.03,61452.05845216729,1862.183589459615,1645.8282936014652,2874.2476190301063,1508.9023665807301,0.3775275002825076,0.23867420810573456,22.781176291103904,0.6903386754879971,0.911476582523571,0.3750130279531975,0.7013888888888888,0.0,0.25476633589526937,0.7452336641047307,0.0,0.0,0.0,0.0,0.0,0.0
2020,89249,ITATI,34,9,25,0,55312.810000000005,71568.70101934127,2104.961794686508,2231.9605396717984,2587.7803358513606,1643.2405132656138,0.27627579025758475,0.2111216190245984,27.52817866179037,0.8096523135820697,0.9652866254895266,0.33993445641253794,0.7111111111111111,0.03344614023406151,0.47845372527629676,0.48810013448964173,0.0,0.03344614023406151,0.0,0.0,0.0,0.0
2020,89257,TAPES,87,9,78,25,142227.29,184026.4921417144,2115.24703611166,893.4311609526821,4140.4485373621765,646.9450839628402,0.6817658253006613,0.49676690036068333,25.473622598610707,0.29280025975414603,0.8049106402392082,0.3391441262784379,0.8839031339031338,0.48637895020006355,0.26429526991620245,0.15932807269265975,0.22850748263571638,0.25787146756434715,0.08950462319854367,0.0,0.0,0.0004930839925305474
2020,89265,JACUIZINHO,30,9,21,0,65885.90000000001,85249.11821493457,2841.6372738311525,2523.0858274550765,3170.0309114179167,2523.0858274550765,0.22328545763711705,0.18668637751021086,25.69826706256132,0.8566089020853773,0.9767781808911975,0.3275344193522438,0.6058201058201058,0.24284406830596528,0.41553655638004483,0.3416193753139897,0.0,0.24284406830596528,0.0,0.0,0.0,0.0
2020,89273,TAQUARA,165,15,150,18,318658.82000000007,412309.5141207991,2498.845540126055,1466.6245053437585,3400.9903063926504,1172.911437224629,0.6175342746600496,0.43554382081751253,53.187162987927756,0.3223464423510773,0.8609751007590688,0.2156063968353363,0.7713333333333333,0.43216258693231824,0.22767601411440608,0.29181753073710615,0.02359263114072913,0.40856995579158917,0.04834386821616925,0.0,0.0,0.0
2020,89281,LAGOA BONITA DO SUL,38,9,29,0,40628.8,52569.20485461887,1383.4001277531281,1339.176323803079,1533.259848991931,1022.1732326612873,0.3633131903321887,0.26483676603788453,26.008707996596982,0.6844396841209732,0.9412096138296542,0.3384298822510141,0.685823754789272,0.14531046942070647,0.19788918205804748,0.6142194699326585,0.00063501752451463,0.14467545189619183,0.04258087858858741,0.0,0.0,0.0
2020,89290,TAQUARI,73,9,64,1,184889.68000000002,239226.93910292527,3277.0813575743186,2603.3587734731855,4429.607112090208,2034.8104947849624,0.46937488374037195,0.31474893568965023,40.63864462575595,0.5566937619966569,0.9134871501642516,0.22118351873398234,0.7604166666666667,0.4310850665110134,0.23958800729169957,0.2419469815730115,0.03982428873261071,0.39126077777840274,0.0873799446242754,0.0,0.0,0.0
2020,89303,MATO QUEIMADO,12,9,3,0,18305.0,23684.659523879578,1973.7216269899648,1992.5908586055475,1992.5908586055475,1992.5908586055475,0.05661021578803638,0.1914777383228626,11.862031275306421,0.9885026062755351,0.9975741675832693,0.7667304015296366,0.5925925925925926,0.0,0.013930620049166894,0.9795137940453428,0.0,0.0,0.0065555859054903035,0.0,0.0,0.0
2020,89311,TENENTE PORTELA,51,9,42,0,110250.35,142651.84387536504,2797.094977948334,2349.704544953035,3804.0370937015,2164.678250939663,0.35155596189161553,0.3112783768940416,32.03596847552964,0.6281562446182283,0.9432621483462076,0.2534345695954706,0.7222222222222222,0.31287882532799216,0.3592351407501201,0.2741900592605828,0.031020309686091697,0.28185851564190045,0.05369597466130493,0.0,0.0,0.0
2020,89320,NOVO XINGU,18,9,9,0,32499.149999999998,42050.330650941876,2336.129480607882,2233.2544298397243,2372.153539366546,2199.6132854736566,0.05669541442707815,0.13884978530207712,17.775790757149185,0.9875439309527325,0.9979214658560513,0.5334077968193013,0.8765432098765432,0.07862821027626876,0.3038941018457406,0.39870273530230793,0.0,0.07862821027626876,0.21877495257568277,0.0,0.0,0.0
2020,89338,TORRES,155,13,142,22,283426.82,366723.17572444153,2365.955972415752,988.0145322280495,3760.872917699499,811.9160803733644,0.6392561437904853,0.4718623664478895,49.37432708605403,0.3185440457164776,0.8514371705106568,0.23991910857271728,0.8651137594799566,0.40245986600703487,0.2995027781774498,0.18905472671922863,0.05292371413545126,0.3495361518715836,0.10051483483461444,0.008467794261672202,0.0,0.0
2020,89346,PAULO BENTO,41,9,32,0,18999.85,24583.719107062738,599.6029050503107,337.05838874463973,309.3044446426339,348.8327892727634,0.32293785117815754,0.2559757050713558,29.09093002738716,0.70953487871676,0.9497695834033608,0.1947831167088161,0.4461805555555556,0.1736855817282768,0.025163356552814892,0.8011510617189084,0.0,0.1736855817282768,0.0,0.0,0.0,0.0
2020,89354,TRAMANDAÍ,175,13,162,10,386643.29,500273.95142543747,2858.7082938596427,1381.8746993446264,7413.990662214148,1355.9968959861128,0.5589584032351884,0.3955042902723076,74.2198711338573,0.4241135493363274,0.8954751491438607,0.21854322106559768,0.9254510921177589,0.2938867761031105,0.3121691572612058,0.17658278771629532,0.0682779209746534,0.22560885512845702,0.21538871138821522,0.0019725675311732423,0.0,0.0
2020,89362,PINHAL DA SERRA,27,9,18,0,31759.780000000002,41093.667077482656,1521.9876695363946,1597.2556566975352,699.994580847793,1644.993734443153,0.32377663871773765,0.27687282468581337,18.61935221233809,0.6896056374940033,0.942756056094317,0.3151215153253581,0.4135802469135802,0.06297272840051159,0.4365074317265421,0.3682771102318718,0.0,0.06297272840051159,0.13224272964107434,0.0,0.0,0.0
2020,89370,TRÊS COROAS,95,9,86,3,127800.35,165359.61632246067,1740.627540236428,1073.9288393783147,2965.40218136047,750.3269083801019,0.5414084340803533,0.37146963995012544,42.27558387706051,0.4450061460743212,0.8889981010345613,0.1636288163530069,0.7448320413436692,0.32103261063056554,0.33938342109391717,0.24389565443287126,0.012110295472586732,0.3089223151579788,0.09568831384264596,0.0,0.0,0.0
2020,89389,QUATRO IRMÃOS,38,9,29,0,27041.550000000003,34988.79567047068,920.75778080186,1276.066830862504,1400.5714122711527,701.9354160996816,0.2760901863594123,0.16011656136575012,29.43093556627479,0.7744983043756524,0.9566053340608661,0.26606278116454124,0.5632183908045976,0.2975624548149052,0.07026224458287339,0.6321753006022214,0.028844500407705916,0.26871795440719926,0.0,0.0,0.0,0.0
2020,89397,TRÊS DE MAIO,70,11,59,1,236107.53999999998,305497.22457911924,4364.2460654159895,3534.241585336477,7564.043104988489,3339.5305234161806,0.31883332726870384,0.22628248127950512,51.68354223538629,0.7383363176483756,0.9605328299869687,0.26611721082689693,0.8906009244992295,0.3092912661747271,0.292536443351195,0.24727689763740712,0.030122714420725408,0.2791685517540016,0.150895392836671,0.0,0.0,0.0
2020,89400,ROLADOR,25,9,16,2,243772.22,315414.4786714158,12616.579146856633,2574.8414341721036,3268.1077861466833,2367.819007303995,0.6642463329086472,0.4690157065476945,8.266967513704003,0.3306787005481601,0.732005662473852,0.43020980815615495,0.5972222222222222,0.034974452790395884,0.40498872266905556,0.5583675613242559,0.00010583650589882638,0.03486861628449706,0.001669263216292652,0.0,0.0,0.0
2020,89419,TRÊS PASSOS,70,11,59,1,133692.8,172983.79944245436,2471.197134892205,1784.9214866534758,1814.0340154318037,1755.808957875148,0.41756097133556436,0.28844747061921067,42.23724512319003,0.6033892160455718,0.9324207368104871,0.17894591182172864,0.613251155624037,0.1961609002130257,0.36934838674932385,0.3747829352066828,0.04254754182723378,0.15361335838579193,0.05953948155772039,0.0,0.0,0.00016829627324732523
2020,89435,TRIUNFO,108,11,97,7,275045.44,355878.5905487925,3295.1721347110415,2140.9677136124246,7471.374691161652,1725.674255864159,0.5791899499574671,0.4144207953420353,42.327078039572235,0.39191738925529845,0.8720056460339568,0.2620215408770275,0.866447985004686,0.2942456708244282,0.3218806681543238,0.3718952766495602,0.0,0.2942456708244282,0.01197838437168782,0.0,0.0,0.0
2020,89443,SANTA MARGARIDA DO SUL,30,9,21,3,42895.229999999996,55501.71634791067,1850.0572115970222,834.5591583120638,1312.0046302766398,808.6813549535501,0.6210207444199896,0.4553508630213663,10.206651712361722,0.3402217237453907,0.7914120556656091,0.2851797274428882,0.6322751322751322,0.29784733640546984,0.2777581563264727,0.4243945072680576,0.05828153853004169,0.23956579787542817,0.0,0.0,0.0,0.0
2020,89451,TUCUNDUVA,37,9,28,0,87539.77,113266.84770547543,3061.2661542020387,2852.6525921274265,4102.084693883181,2710.5834516891864,0.22895156141062545,0.1957832422909039,31.678825746850137,0.8561844796445983,0.9770729551311774,0.3068128920146808,0.7738095238095238,0.22678138176511087,0.4018026321065271,0.28266592429932125,0.00820312870367377,0.21857825306143705,0.08875006182904067,0.0,0.0,0.0
2020,89460,SÃO JOSÉ DO SUL,26,9,17,0,33739.7,43655.466098762074,1679.056388413926,1817.9156859355808,1686.1976668407465,1817.9156859355808,0.16076005873929367,0.15145362881116312,23.955519577208204,0.9213661375849309,0.9856333272353344,0.3122641872927145,0.36274509803921573,0.0,0.36168074997703004,0.6383192500229701,0.0,0.0,0.0,0.0,0.0,0.0
2020,89478,TUPANCIRETÃ,84,9,75,1,145620.81,188417.3343043736,2243.0635036234953,1278.3052608530156,3247.6643214934575,1099.8066427368283,0.5432724136651308,0.4235303319628561,29.58082641971202,0.3521526954727622,0.8751072987347097,0.22797572682091244,0.8503703703703703,0.355463618146335,0.26118718883654063,0.3623118151863048,0.02582048541001798,0.32964313273631696,0.021037377830819645,0.0,0.0,0.0
2020,89486,SÃO PEDRO DAS MISSÕES,27,9,18,0,47268.8,61160.63556964539,2265.208724801681,1818.5626310195435,1682.0572183033844,1990.197161794885,0.26762951303874694,0.24446357851267644,20.873799729689896,0.7731036936922183,0.9627786959957186,0.28487501269336224,0.43827160493827155,0.48023220390617066,0.13981103814778456,0.3355299901837998,0.0,0.48023220390617066,0.04442676776224486,0.0,0.0,0.0
2020,89494,TUPARENDI,30,9,21,0,76001.35,98337.39951407838,3277.913317135946,2581.3108850117324,3752.281486984473,2121.9798753981154,0.31872957958422243,0.25325142250762656,21.194874258503795,0.7064958086167932,0.9492913182375252,0.399090279317407,0.7777777777777778,0.0063156772873113436,0.7656962672373582,0.22798805547533038,0.0063156772873113436,0.0,0.0,0.0,0.0,0.0
2020,89508,TIO HUGO,31,9,22,0,31106.8,40248.782675630544,1298.3478282461465,1112.745544416085,1592.7787967165123,1070.370641416519,0.22104595323416487,0.23355664999292763,26.562604567026007,0.8568582118395486,0.97593663636681,0.3810517314542159,0.7702020202020202,0.06429462368356759,0.46099245181117954,0.23296513945503877,0.0,0.06429462368356759,0.2417477850502141,0.0,0.0,0.0
2020,89516,URUGUAIANA,138,11,127,16,1022347.0800000001,1322804.8350195289,9585.54228275021,4903.843736438328,28729.537288621803,4595.445014913243,0.6165648863196442,0.41797108668809424,51.04567983323966,0.3698962306756497,0.8621310680633734,0.23569173787829473,0.8786685755189692,0.26158922466917983,0.49386278875076356,0.1477344758494346,0.00891798898667564,0.2526712356825042,0.09036071194138882,0.00640389171943446,0.0,4.890706979864411e-05
2020,89524,WESTFALIA,27,9,18,0,20727.699999999997,26819.36723371312,993.3098975449304,905.7231175479761,1035.1121343405441,887.6086551970166,0.17349487061418456,0.17611408887623808,24.576310082946435,0.9102337067757938,0.9855514820610667,0.3889124215421875,0.7376543209876543,0.1447338585564245,0.0,0.8552661414435755,0.0,0.1447338585564245,0.0,0.0,0.0,0.0
2020,89532,VACARIA,197,15,182,14,490384.18000000005,634503.269008297,3220.828776691863,1940.8352518885204,4554.493391098395,1889.0796451714932,0.5327605005901173,0.4049888395665619,75.63959779544324,0.3839573492154479,0.8996836217890914,0.14073714612897995,0.7604395604395604,0.34233944904176966,0.2430126926198965,0.3037876752059987,0.05278832608343931,0.28955112295833035,0.10417562817789106,0.004339454833147349,0.0,0.002345100121296735
2020,89540,PINTO BANDEIRA,21,9,12,4,14777.949999999999,19121.044207097308,910.5259146236813,582.2505755665561,892.7842158687193,440.56960217869414,0.4709706659165145,0.3624217161378946,12.160284470108866,0.5790611652432793,0.8675000476421819,0.5501811820990056,0.7083333333333333,0.048355827432086315,0.22960559482201523,0.7220385777458985,0.016484018419334213,0.03187180901275211,0.0,0.0,0.0,0.0
2020,89559,VENÂNCIO AIRES,204,15,189,6,728951.73,943183.4763394151,4623.448413428505,2307.2908252484312,11822.10625861511,1678.4343258331924,0.6028601269661573,0.4277344674111687,73.83778564917922,0.36194992965283934,0.8787060688442736,0.2327478803020332,0.8675485008818342,0.33007849504657877,0.36965429796016813,0.2708265744838825,0.03295142738737996,0.2971270676591988,0.02601105014182489,0.0034295823675457907,0.0,0.0
2020,89567,PEDRAS ALTAS,25,9,16,1,33712.94,43620.84159786838,1744.833663914735,853.967510830949,646.9450839628402,931.6009209064898,0.5192217350370512,0.4045924205957713,11.571734754410482,0.46286939017641926,0.8522874995340287,0.37719759831091565,0.40625,0.6669545877636301,0.07562200152226414,0.2574234107141056,0.0017797320554066183,0.6651748557082235,0.0,0.0,0.0,0.0
2020,89575,VERA CRUZ,82,11,71,2,174704.46000000002,226048.38308676527,2756.6875986190885,2095.3257379388465,2459.426431193133,2070.2242686810882,0.4109158250285836,0.32509313156630343,49.16392834263935,0.5995601017395042,0.9351679992517458,0.17963697091648378,0.6587708066581306,0.35770180108739064,0.2955795175463751,0.26114559410790084,0.03673289165027613,0.3209689094371145,0.08557308725833329,0.0,0.0,0.0
2020,89591,VERANÓPOLIS,52,9,43,0,176779.94,228733.82625249168,4398.727427932532,3311.064939721816,8022.119041139217,2833.61946775724,0.3624109487152827,0.3146829894839879,32.58800863249106,0.6266924737017512,0.9421871784503666,0.33820319205900845,0.7906976744186046,0.36902829585755037,0.3913065023101603,0.1666931214028017,0.0,0.36902829585755037,0.07297208042948765,0.0,0.0,0.0
2020,89613,VIADUTOS,35,9,26,0,67140.84,86872.87274227124,2482.082078350607,1943.3583377159753,1943.3583377159753,2070.4312911079564,0.2374822579776228,0.20565485924811186,29.529864372300338,0.8437104106371525,0.974727952651887,0.2847727255125196,0.653846153846154,0.13568641679192572,0.3792077966257199,0.47870148779788874,0.002131340626658827,0.13355507616526693,0.006404298784465611,0.0,0.0,0.0
2020,89630,VIAMÃO,446,21,425,87,1190319.68,1540142.9306404418,3453.235270494264,873.3758633498342,18747.109948566787,776.3341007554081,0.7328053851253338,0.5694649692761529,100.58593782154827,0.2255290085684939,0.8279089626191944,0.24615621746252234,0.8994957983193277,0.4469760510050544,0.2249441007309902,0.22376953391210003,0.0027434142733824248,0.44423263673167196,0.10136571882941564,0.002524531897179084,0.0,0.0004200636252607367
2020,89656,VICENTE DUTRA,37,9,28,0,50540.7,65394.11481008143,1767.4085083805792,1904.1922823328653,1988.7091881017705,1817.0617184247499,0.18391047857121734,0.16297399917294378,33.44725011451812,0.903979732824814,0.9846315568358494,0.26789003713838555,0.626984126984127,0.2142728533637247,0.2999499413344097,0.465991171471705,0.0,0.2142728533637247,0.0,0.0,0.0,0.019786033830160643
2020,89672,PALMARES DO SUL,73,9,64,4,127463.17000000001,164923.34243563953,2259.2238689813635,2147.8576787566294,3601.698549241282,1891.0787054809384,0.3569361197832166,0.25822769039872456,50.92587785479003,0.69761476513411,0.9461770412531856,0.2179155751422156,0.8333333333333333,0.19104326371296115,0.2929923208406004,0.4821246011691063,0.0,0.19104326371296115,0.03383981427733203,0.0,0.0,0.0
2020,89699,VICTOR GRAEFF,21,9,12,0,30967.0,40067.89683015454,1907.9950871502162,2067.636488345237,2067.636488345237,1846.3812696299456,0.23703266303453607,0.2584041075984112,17.396430092618466,0.8284014329818318,0.9691727439998583,0.47498950495688963,0.5648148148148149,0.16863112345399942,0.6316401330448542,0.1583944198663093,0.03487583556689379,0.13375528788710564,0.041334323634837085,0.0,0.0,0.0
2020,89710,TAVARES,25,9,16,0,64163.600000000006,83020.65117871619,3320.8260471486474,2829.0261576611033,3997.473673806389,2502.707057310247,0.24508269486126077,0.25012701905753415,20.021840071857653,0.8008736028743061,0.9672820761657973,0.4964660648716718,0.8402777777777778,0.22370627583240338,0.46582486020111086,0.2233548304646248,0.0,0.22370627583240338,0.08711403350186087,0.0,0.0,0.0
2020,89737,CAPÃO DO LEÃO,99,11,88,0,127780.09,165333.40210765853,1670.0343647238235,1190.3789544916258,2523.0858274550765,1098.5839165281386,0.4674780813907029,0.3366194216955083,50.04719803498952,0.505527252878682,0.9187788150745265,0.18736001829392984,0.8130165289256198,0.14691068068585647,0.37927700630043387,0.42454031766607775,0.011405532739881463,0.135505147945975,0.04922269189198412,0.0,0.0,4.930345564790258e-05
2020,89753,SALTO DO JACUÍ,60,9,51,14,93810.37,121380.3153924702,2023.0052565411702,1927.0229743459136,3476.03593613234,1643.2405132656138,0.454131913490303,0.31755391221674106,32.32854986040343,0.5388091643400571,0.8962086675215533,0.3197658211986585,0.8779956427015251,0.3116564831798446,0.2666373664233496,0.393269848525275,0.0012791762786992526,0.31037730690114534,0.026835199562692272,0.0,0.0,0.0016011023088385644
2020,89770,COTIPORÃ,37,9,28,0,48316.2,62515.856131530745,1689.6177332846148,1591.4849065485867,1682.0572183033844,1580.1633675792368,0.1569305219882049,0.1750965514672098,34.01544690667425,0.9193364028830878,0.9888257621696462,0.2514270575914497,0.5,0.11172236227186741,0.17037763731419275,0.495076185627181,0.0,0.11172236227186741,0.22282381478675892,0.0,0.0,0.0
2020,98213,TEUTÔNIA,144,11,133,15,240803.87000000002,311573.75979145366,2163.706665218428,1561.83541335057,3474.0951008804514,1293.8901679256803,0.5454565273736398,0.3828313473533462,60.901990374658396,0.4229304887129055,0.8929440480923255,0.17071702377540696,0.8004101161995898,0.19775844964617884,0.4803925285752259,0.2488032688178973,0.01855036632093994,0.1792080833252389,0.07304575296069785,0.0,0.0,0.0
2020,98230,BOM PRINCÍPIO,44,9,35,0,143127.1,185190.74745371562,4208.880623948083,3558.1979617956204,4311.242039528366,3472.801210712526,0.3545958611103506,0.2880237215733429,29.655083772904018,0.6739791766569095,0.9435269808947865,0.26839466460230105,0.6444444444444444,0.3246065909251288,0.4627946070310933,0.17131731167612563,0.0,0.3246065909251288,0.041281490367652246,0.0,0.0,0.0
2020,98256,PAROBÉ,164,15,149,15,494087.70999999996,639295.2300619148,3898.1416467189924,2587.7803358513606,7934.134509720271,2147.8576787566294,0.5625756578232028,0.37592343675174594,70.84311229308348,0.4319701969090456,0.8895898808248434,0.18350361315402888,0.8498881431767338,0.25929471105444013,0.3379680300082753,0.39142550216438293,0.04056376953800368,0.2187309415164364,0.0010119660737968974,0.010299790699104822,0.0,0.0
2020,98272,FORTALEZA DOS VALOS,15,9,6,0,70374.99,91057.50762886806,6070.5005085912035,5718.994542231507,6236.550609401779,5576.666623759682,0.21508307615153233,0.26525616557814075,12.571786517958763,0.8381191011972509,0.9669042606119818,0.641700695090685,0.5740740740740741,0.08866786339863067,0.643166272563591,0.26816586403777815,0.0,0.08866786339863067,0.0,0.0,0.0,0.0
2020,98299,JÓIA,44,9,35,0,53751.22,69548.17507201017,1580.6403425456856,1552.6682015108163,1552.6682015108163,1552.6682015108163,0.2227971417545156,0.20014522461071585,37.46849240709928,0.8515566456158928,0.9779520595842446,0.2124788981533815,0.5634920634920635,0.194516515160028,0.3356295912911372,0.46985389354883483,0.0,0.194516515160028,0.0,0.0,0.0,0.0
2024,84735,ÁUREA,39,9,30,0,72155.36999999998,72155.36999999998,1850.1376923076919,1438.26,2450.0,1269.425,0.3303207779090864,0.2730341483939449,25.694550444348966,0.6588346267781786,0.9459169090282892,0.27286035675515213,0.7240740740740741,0.6383218601747868,0.0,0.36167813982521346,0.0,0.6383218601747868,0.0,0.0,0.0,0.0
2024,84743,TRÊS ARROIOS,32,9,23,0,96574.5,96574.5,3017.953125,2791.0,3500.0,2500.0,0.237634384594277,0.2492169257930406,25.926790040150127,0.8102121887546915,0.9715102499794366,0.3402968692563772,0.6690821256038647,0.36682768225566786,0.32141507333716457,0.31175724440716757,0.0,0.36682768225566786,0.0,0.0,0.0,0.0
2024,84751,NOVA ROMA DO SUL,27,9,18,3,24367.0,24367.0,902.4814814814815,300.0,300.0,300.0,0.5858530587056874,0.43887224524972296,8.227889863333212,0.3047366616049338,0.7872072301871993,0.3080395617023023,0.552469135802469,0.2872737719046251,0.2906389789469364,0.4220872491484385,0.0,0.2872737719046251,0.0,0.0,0.0,0.0
2024,84760,PROGRESSO,24,9,15,0,109956.88,109956.88,4581.536666666667,4477.5,4202.5,4805.33,0.3014545489710754,0.22158686204992356,18.760414032758277,0.7816839180315949,0.9535979958148841,0.3461497816234873,0.45925925925925926,0.5261608004883369,0.06366131887336199,0.18026957476421662,0.0,0.5261608004883369,0.22990830587408445,0.0,0.0,0.0
2024,84778,PIRAPÓ,19,9,10,0,59970.0,59970.0,3156.315789473684,3000.0,3000.0,2750.0,0.23301124246333704,0.22678005669501416,14.787048302125422,0.7782657001118644,0.9627325759039155,0.5274303818575955,0.5444444444444444,0.8170752042688011,0.03335000833750208,0.14957478739369684,0.0,0.8170752042688011,0.0,0.0,0.0,0.0
2024,84786,JABOTICABA,17,9,8,0,45862.5,45862.5,2697.794117647059,2742.5,2941.0,2742.5,0.21393872348612386,0.1862087762333061,14.66938172511742,0.8629048073598482,0.9680512418052075,0.5332461161079313,0.5347222222222222,0.5647315344780595,0.12493867538838921,0.05696375034069229,0.0,0.5647315344780595,0.2533660397928591,0.0,0.0,0.0
2024,84794,SÃO JORGE,20,9,11,0,47362.44,47362.44,2368.1220000000003,2000.0,1456.22,2000.0,0.3171331755711908,0.21113777077363413,14.662465540348274,0.7331232770174136,0.9441089954474163,0.3717783543246505,0.35858585858585856,0.868747471625195,0.023309609893409206,0.10414243860747038,0.0,0.868747471625195,0.0,0.0,0.0,0.003800479873925414
2024,84808,ALTO ALEGRE,25,9,16,0,40935.0,40935.0,1637.4,1470.0,1470.0,1470.0,0.16114327592524735,0.2137535116648345,22.55511547778929,0.9022046191115716,0.9848478984261646,0.3451813851227556,0.5902777777777778,0.4844265298644192,0.25772566263588614,0.25784780749969466,0.0,0.4844265298644192,0.0,0.0,0.0,0.0
2024,84816,NOVA HARTZ,46,9,37,7,220992.55,220992.55,4804.185869565217,3590.9700000000003,7341.2,2985.79,0.5066805478480965,0.3523255874462737,22.947041383931474,0.4988487257376407,0.879116376710946,0.30210783123684487,0.8168168168168167,0.7093560393777981,0.16384579480167996,0.07574667109818861,0.0,0.7093560393777981,0.051051494722333404,0.0,0.0,0.0
2024,84824,DOIS LAJEADOS,28,9,19,0,21820.35,21820.35,779.2982142857143,790.0,541.0,790.0,0.4320937794306692,0.3438991583544719,15.703222200620313,0.5608293643078683,0.8986431837023018,0.30650287461016895,0.4385964912280702,0.24903358562076228,0.01924808722133238,0.6056891846372767,0.0,0.24903358562076228,0.1260291425206287,0.0,0.0,0.0
2024,84832,SÃO DOMINGOS DO SUL,13,9,4,0,19960.0,19960.0,1535.3846153846155,1000.0,1000.0,1917.49,0.21088392168953285,0.25676452905811625,11.151004777376883,0.8577695982597603,0.9691097979859905,0.6124759519038077,0.3055555555555556,0.9214839679358717,0.0,0.07851603206412826,0.0,0.9214839679358717,0.0,0.0,0.0,0.0
2024,84840,TUNAS,18,9,9,0,63599.770000000004,63599.770000000004,3533.320555555556,3780.125,3908.2799999999997,3366.9700000000003,0.2083126418713639,0.18723338150436705,15.731366195697369,0.8739647886498538,0.9737342709504054,0.523586484668105,0.5679012345679013,0.4874231463415669,0.2932108087812267,0.21936604487720632,0.0,0.4874231463415669,0.0,0.0,0.0,0.0
2024,84859,SÃO JOÃO DA URTIGA,36,9,27,0,115056.0,115056.0,3196.0,3000.0,3200.0,2980.0,0.15632194564192914,0.20629954109303295,32.461681038112836,0.901713362169801,0.9867283651567664,0.2630892782644973,0.6275720164609053,0.6634160756501182,0.1397927965512446,0.1967911277986372,0.026074259491030455,0.6373418161590878,0.0,0.0,0.0,0.0
2024,84867,GUABIJU,18,9,9,0,47865.17999999999,47865.17999999999,2659.1766666666663,3187.5,2170.5,3187.5,0.16819772628964214,0.16383893260194574,16.42435568099293,0.9124642044996073,0.9830064943491801,0.45570705051145743,0.3580246913580247,0.6986744852939026,0.08356805510811827,0.21775745959797918,0.0,0.6986744852939026,0.0,0.0,0.0,0.0
2024,84875,QUINZE DE NOVEMBRO,32,9,23,0,116668.7,116668.7,3645.896875,3000.0,4568.0,3000.0,0.2984347183520515,0.3219372462365656,21.772581990169655,0.6803931871928017,0.9493983728161308,0.41688987706214264,0.8019323671497586,0.7499869287992409,0.10447532200153083,0.1393235717891774,0.0,0.7499869287992409,0.006214177410050854,0.0,0.0,0.0
2024,84883,DOUTOR MAURÍCIO CARDOSO,24,9,15,0,64377.62,64377.62,2682.4008333333336,1790.2,3580.0,1599.4,0.3773499367223161,0.3111329682582239,15.431912070939338,0.6429963362891391,0.9243643186836601,0.5523782954386944,0.7592592592592593,0.38006996841448937,0.3353339250503513,0.2734400557212273,0.013514013099583364,0.366555955314906,0.011156050813931923,0.0,0.0,0.0
2024,84891,CAPELA DE SANTANA,55,9,46,0,118843.3,118843.3,2160.787272727273,1530.8,2944.54,1015.0,0.5282097380637898,0.38959705763808306,23.889845562476008,0.4343608284086547,0.8758263843168871,0.3472979966056143,0.7765700483091786,0.7179934417842655,0.15550729405864697,0.11637248376643866,0.0012621662306583543,0.7167312755536072,0.010097329845266834,0.0,0.0,2.9450545382028266e-05
2024,84905,JAQUIRANA,38,9,29,10,88644.75999999998,88644.75999999998,2332.7568421052624,1555.2,3000.0,620.2,0.6002021884583864,0.38438143439048184,16.099911550708757,0.4236818829133884,0.8199354180559909,0.3645573635711802,0.7279693486590038,0.7945196083784312,0.0992755804178386,0.035360240131509194,0.0,0.7945196083784312,0.07084457107222131,0.0,0.0,0.0
2024,84913,VANINI,22,9,13,0,59658.0,59658.0,2711.7272727272725,2171.0,2171.0,2171.0,0.21991411652479753,0.20974554963290756,18.85023671497784,0.8568289415899017,0.9733223630718293,0.3806530557511147,0.4786324786324786,0.9251064400415703,0.04190552817727715,0.03298803178115257,0.0,0.9251064400415703,0.0,0.0,0.0,0.0
2024,84921,BOQUEIRÃO DO LEÃO,37,9,28,0,72105.74,72105.74,1948.803783783784,1787.5,1787.5,1787.5,0.21897660672049524,0.20386726493618954,31.204966646348748,0.8433774769283445,0.976828157454765,0.3038038303191951,0.5912698412698412,0.8439647107151247,0.0,0.15603528928487523,0.0,0.8439647107151247,0.0,0.0,0.0,0.0
2024,84930,FAGUNDES VARELA,13,9,4,0,34153.31,34153.31,2627.1776923076923,2379.0,2379.0,2931.305,0.16680261850056533,0.2483671421598668,11.844012789821873,0.9110779069093748,0.9822357192486193,0.6427107650766499,0.41666666666666663,0.746122703773075,0.10729267529267296,0.1067641760051954,0.0,0.746122703773075,0.03982044492905666,0.0,0.0,0.0
2024,84948,ÁGUA SANTA,24,9,15,0,48751.520000000004,48751.520000000004,2031.3133333333335,2000.0,2000.0,2000.0,0.24440460181207335,0.2564022619192181,17.993880246797534,0.7497450102832306,0.961471062641206,0.421928177829122,0.4481481481481481,0.707670242897042,0.15808266080729377,0.1342470962956642,0.0,0.707670242897042,0.0,0.0,0.0,0.0
2024,84956,SILVEIRA MARTINS,22,9,13,0,41909.0,41909.0,1904.9545454545455,1632.5,1750.0,1400.0,0.3067653075169361,0.3213629530649741,15.505092600451917,0.704776936384178,0.9443559929258316,0.5412441241738052,0.7136752136752136,0.46235892051826577,0.025054284282612325,0.5125867951991219,0.0,0.46235892051826577,0.0,0.0,0.0,0.0
2024,84964,IBIRAPUITÃ,36,9,27,0,90096.32,90096.32,2502.6755555555555,2137.5,3227.4,2125.0,0.3686567763132709,0.2566697507733945,24.585094899116303,0.6829193027532307,0.9357132092263771,0.38797145099822056,0.7613168724279835,0.9386665293321637,0.056610525268956595,0.0047229453988797765,0.05549616232938259,0.8831703670027811,0.0,0.0,0.0,0.0
2024,84972,IBARAMA,20,9,11,0,65236.2,65236.2,3261.81,3009.75,3880.0,2214.5,0.24848626989309608,0.2119835306164369,16.10242984251918,0.805121492125959,0.9652193306021151,0.558018400826535,0.7777777777777777,0.4099441721007661,0.3534295375880263,0.2366262903112076,0.0,0.4099441721007661,0.0,0.0,0.0,0.0
2024,84980,PANTANO GRANDE,59,9,50,0,261164.6,261164.6,4426.518644067797,3150.0,7495.0,3000.0,0.433283730656413,0.33303441584349486,27.476138154444207,0.4656972568549866,0.9103016401227272,0.3546601262192502,0.8822222222222222,0.37508337653724894,0.3440494998173565,0.2808671236453945,0.0,0.37508337653724894,0.0,0.0,0.0,0.0
2024,84999,IPÊ,30,9,21,0,89649.62,89649.62,2988.3206666666665,2255.0,2478.44,2100.0,0.29430399519075867,0.278863424072517,19.442019828830418,0.6480673276276806,0.9460316728152282,0.3586123399072969,0.5767195767195767,0.5955117266531638,0.20840512207413706,0.1960831512726992,0.06692722177740408,0.5285845048757596,0.0,0.0,0.0,0.0
2024,85006,TRINDADE DO SUL,35,9,26,0,49485.439999999995,49485.439999999995,1413.869714285714,1244.54,1274.2,1243.47,0.32555658507114127,0.2452660823062299,26.04882394356981,0.7442521126734232,0.953066846468763,0.2632491496488664,0.5128205128205128,0.40820087686398265,0.1313517673077172,0.4604473558283002,0.0,0.40820087686398265,0.0,0.0,0.0,0.0
2024,85014,AGUDO,66,9,57,0,171329.91,171329.91,2595.9077272727272,1932.65,4564.0,1821.0,0.30465465366753164,0.2726809930618653,46.92087134815703,0.7109222931538943,0.9608917889114238,0.21768213150873655,0.7426900584795322,0.6114939300440886,0.197978333146851,0.1403817932315496,0.0457042205882207,0.5657897094558679,0.05014594357751078,0.0,0.0,0.0
2024,85022,ERNESTINA,23,9,14,0,51533.8,51533.8,2240.6,1974.0,1725.0,1987.0,0.2051963531912444,0.2480081034195033,19.733502669762334,0.8579783769461884,0.9765958253463441,0.37488017572932714,0.4801587301587302,0.5200140490318975,0.07761896075973439,0.4023669902083681,0.0,0.5200140490318975,0.0,0.0,0.0,0.0
2024,85030,AJURICABA,34,9,25,1,107366.5,107366.5,3157.8382352941176,3027.9,4190.0,2700.0,0.28174619589142313,0.22796682391621223,26.936219312116705,0.7922417444740207,0.9607901996629143,0.361398574043114,0.7822222222222222,0.2548280888359032,0.24286718855508935,0.5023047226090075,0.006147168809638015,0.24868092002626518,0.0,0.0,0.0,0.0
2024,85049,DEZESSEIS DE NOVEMBRO,23,9,14,0,66817.0,66817.0,2905.086956521739,3000.0,2750.0,3000.0,0.25199002336687304,0.25592289387431344,18.697343609121802,0.8129279830052958,0.9666577031406984,0.42683748147926426,0.5396825396825397,0.8489516141101816,0.03517069009383839,0.11587769579598008,0.0,0.8489516141101816,0.0,0.0,0.0,0.0
2024,85057,ALECRIM,20,9,11,0,68849.7,68849.7,3442.4849999999997,3250.0,3850.0,3000.0,0.08545069913158665,0.1315299848801084,19.4849698552253,0.9742484927612651,0.9957825669097214,0.4807246799913435,0.7272727272727272,0.7697927514571596,0.05591890741717103,0.10166638344103171,0.0,0.7697927514571596,0.0726219576846377,0.0,0.0,0.0
2024,85065,BROCHIER,38,9,29,0,93064.40000000001,93064.40000000001,2449.0631578947373,1917.5,2197.0,1825.0,0.37742285534476516,0.3103732469128904,22.843679201859537,0.6011494526805141,0.9301527425056058,0.252996849493469,0.5938697318007662,0.6122566738731459,0.10154043866397891,0.2779505374772738,0.011812250441629665,0.6004444234315162,0.008252349985601367,0.0,0.0,0.0
2024,85073,ALEGRETE,108,15,93,3,1177291.6,1177291.6,10900.848148148149,9443.25,10440.0,9272.25,0.41987261946230037,0.2706922821839551,67.33851608262418,0.6235047785428165,0.935862068919811,0.1844135726441945,0.6580645161290323,0.6166833773382906,0.22491281684163886,0.12767649917828344,0.027096090722128652,0.5895872866161619,0.030710318497133588,1.6988144653372197e-05,0.0,0.0
2024,85081,EREBANGO,41,9,32,0,117293.1,117293.1,2860.807317073171,1982.43,2198.0,1806.2150000000001,0.33078294523011764,0.37538440027589004,23.914493476738038,0.5832803287009277,0.934073934019296,0.23634808867699802,0.6770833333333333,0.6113927417725339,0.1424124692756863,0.18651523405895146,0.08525650698975472,0.5261362347827792,0.05967955489282831,0.0,0.0,0.0
2024,85090,ALPESTRE,24,9,15,0,85442.94,85442.94,3560.1225,3000.0,2845.0,3000.0,0.21141514637331849,0.21373913397642919,20.78906595805763,0.8662110815857346,0.9771359095328839,0.3717393151499703,0.45185185185185184,0.6963711688759773,0.0804923145200762,0.11999750944899602,0.0,0.6963711688759773,0.10313900715495042,0.0,0.0,0.0
2024,85103,ENTRE-IJUÍS,49,9,40,1,180703.75,180703.75,3687.831632653061,1707.81,4689.5,1650.0,0.5617738199587299,0.43465008335466193,18.137527907607243,0.37015363076749475,0.8529121575263485,0.33533310736495503,0.6902777777777779,0.7005545264002545,0.13977656800149416,0.15966890559825128,0.0,0.7005545264002545,0.0,0.0,0.0,0.0
2024,85111,ALVORADA,277,17,260,43,2872693.14,2872693.14,10370.733357400723,3974.9,31284.08,3680.0,0.6944037268299645,0.5497900447522215,68.01588737188789,0.24554471975410788,0.8343128783006318,0.27062429299357743,0.9355203619909502,0.6926255444046487,0.19895802723990216,0.1002970473901713,0.01988073811461812,0.6727448062900308,0.007782895321704983,0.00016186901187782276,0.0,0.00017461663169495367
2024,85120,NOVA ESPERANÇA DO SUL,31,9,22,0,252214.97,252214.97,8135.966774193548,7893.0,9130.72,7777.09,0.24782069195613898,0.22591121375547218,25.801003175464903,0.8322904250149968,0.9685439500146715,0.3294046741158941,0.606060606060606,0.3874274393784001,0.3352025456696722,0.2773700149519277,0.019824358562063146,0.36760308081633697,0.0,0.0,0.0,0.0
2024,85138,ANTA GORDA,23,9,14,0,93698.59000000001,93698.59000000001,4073.8517391304354,3000.0,2340.0,3002.33,0.3919507266308129,0.3744630522188221,13.373500384958591,0.5814565384764605,0.9128020789202237,0.4307814023668872,0.5238095238095238,0.8941751418030942,0.0760698746907504,0.02975498350615521,0.10672519191590822,0.787449949887186,0.0,0.0,0.0,0.0
2024,85146,PAVERAMA,60,9,51,0,144738.18,144738.18,2412.303,1490.0,3000.0,1230.0,0.46566926800746966,0.28669422263013117,34.45921041587148,0.574320173597858,0.9119504821383527,0.21210512665006567,0.696078431372549,0.7844053310605398,0.05508567262625522,0.15608721900468833,0.0,0.7844053310605398,0.004421777308516661,0.0,0.0,0.0
2024,85154,ANTÔNIO PRADO,34,9,25,0,135048.8,135048.8,3972.0235294117642,3508.0,4202.5,3392.5,0.24599484648163816,0.2229416329504594,28.344796345484273,0.8336704807495374,0.972753067964243,0.337939692911007,0.6844444444444445,0.7655928819804397,0.06917499452049926,0.06786694883627252,0.03702365367185788,0.7285692283085818,0.09736517466278856,0.0,0.0,0.0
2024,85162,TERRA DE AREIA,28,9,19,4,117589.72,117589.72,4199.632857142858,3756.0,5336.72,3571.0,0.39704334455669854,0.2337619308898771,18.824059291032597,0.6722878318225928,0.9033031442545354,0.42364009370887185,0.6812865497076024,0.582321311760926,0.08037879501711544,0.27619761319271785,0.0,0.582321311760926,0.06110228002924065,0.0,0.0,0.0
2024,85170,ARATIBA,25,9,16,0,102082.28,102082.28,4083.2912,3000.0,4926.09,3000.0,0.28897039525371104,0.2548308090297356,19.395268254557188,0.7758107301822875,0.9587283765665895,0.4380542832703188,0.6597222222222223,0.6338241073769121,0.2386598340084097,0.12532880339271418,0.0,0.6338241073769121,0.0021872552219640864,0.0,0.0,0.0
2024,85189,HARMONIA,19,9,10,0,41744.719999999994,41744.719999999994,2197.0905263157892,1870.5,2040.5,1751.75,0.18070768180855845,0.1947072587862609,16.6963606912634,0.8787558258559685,0.9795369781527243,0.5199158121074953,0.6388888888888888,0.5719046624339558,0.322316211487345,0.08226190042716781,0.0,0.5719046624339558,0.0235172256515315,0.0,0.0,0.0
2024,85197,ARROIO DO MEIO,84,11,73,4,291208.49,291208.49,3466.767738095238,3234.75,5743.5,3049.5,0.42010000373991585,0.28834612617235167,51.29571711485358,0.6106632989863522,0.9301758797490054,0.23535007513002112,0.6980074719800747,0.7570329766141091,0.08147028955096743,0.15023126557882982,0.0,0.7570329766141091,0.01126546825609377,0.0,0.0,0.0
2024,85200,CAMPOS BORGES,24,9,15,1,132377.9,132377.9,5515.745833333333,3932.5,4220.0,3500.0,0.38951287060252016,0.3914550691618465,13.391251548090786,0.5579688145037828,0.9051297465636373,0.36153617786654724,0.6407407407407407,0.5440371844545049,0.3633537017885916,0.09260911375690353,0.04154772057873709,0.5024894638757678,0.0,0.0,0.0,0.0
2024,85219,ARROIO DOS RATOS,86,9,77,10,252731.98,252731.98,2938.7439534883724,2062.5,2552.45,1799.45,0.5113256674999855,0.3215580790369308,44.357059274460106,0.5157797590053501,0.8989841256676715,0.18390391275374016,0.7215007215007214,0.6430832378237215,0.23737265066336283,0.11918159308529137,0.01780542375365397,0.6252778140700674,0.0,0.0,0.0,0.0003625184276243948
2024,85227,CERRO GRANDE,17,9,8,0,40093.0,40093.0,2358.4117647058824,2105.0,2025.0,2250.0,0.17043608903417207,0.21953957049859077,14.56452521379254,0.8567367772819141,0.9769589254436114,0.5395954406006036,0.3888888888888889,0.5632404659167436,0.28571072257002467,0.13296585438854663,0.0,0.5632404659167436,0.018082957124685106,0.0,0.0,0.0
2024,85235,ARROIO DO TIGRE,25,9,16,0,84848.0,84848.0,3393.92,2500.0,3335.0,2500.0,0.27009994342824806,0.23394776541580237,19.99148461613994,0.7996593846455976,0.9638098994605284,0.4156373750707147,0.642361111111111,0.4471761267207241,0.14997407128040732,0.40284980199886855,0.05353102017725816,0.39364510654346596,0.0,0.0,0.0,0.0
2024,85243,IPIRANGA DO SUL,27,9,18,0,72508.5,72508.5,2685.5,3542.5,3542.5,3542.5,0.2447146043414068,0.185012791603743,22.22487944698762,0.8231436832217638,0.965540875669044,0.3317473123840653,0.5030864197530864,0.2821738141045533,0.7088617196604536,0.008964466234993139,0.0,0.2821738141045533,0.0,0.0,0.0,0.0
2024,85251,ARROIO GRANDE,48,9,39,12,145968.94,145968.94,3041.0195833333332,1624.9,8790.0,1023.0,0.5825471757895893,0.3651221965440045,21.45783324624766,0.4470381926301596,0.842194390601984,0.4793643085988019,0.933048433048433,0.5023324825130606,0.34883791031160466,0.1488296071753347,0.01538683503490537,0.4869456474781553,0.0,0.0,0.0,0.0
2024,85260,LAGOÃO,40,9,31,0,105683.0,105683.0,2642.075,2499.5,3129.0,1699.0,0.3393963551375341,0.2592943046658403,27.580498369185754,0.6895124592296439,0.9470580794404135,0.33571151462392246,0.8817204301075269,0.2649432737526376,0.2550362877662443,0.4592034669719822,0.0,0.2649432737526376,0.0,0.0,0.0,0.020816971509135813
2024,85278,ARVOREZINHA,35,9,26,0,79918.04000000001,79918.04000000001,2283.3725714285715,1950.0,2400.0,1610.75,0.24218172946755367,0.25298856178154516,28.225448321003295,0.8064413806000942,0.9713023784466157,0.3372204823842026,0.8012820512820513,0.5799691784232947,0.1392363976894328,0.24951237542862661,0.0,0.5799691784232947,0.0,0.03128204845864588,0.0,0.0
2024,85286,ESTAÇÃO,42,9,33,0,135592.75,135592.75,3228.3988095238096,3093.0,3132.0,3092.0,0.2026753168692912,0.22456952897555363,35.50988335288962,0.8454734131640385,0.9795820592266887,0.1866500974425255,0.4242424242424243,0.47618327676074124,0.33073302223017087,0.19308370100908787,0.09563195672334988,0.3805513200373914,0.0,0.0,0.0,0.0
2024,85294,AUGUSTO PESTANA,21,9,12,0,107881.70000000001,107881.70000000001,5137.22380952381,4000.0,6000.0,4000.0,0.3813579398280045,0.3648904309071881,13.303074590703487,0.6334797424144517,0.9169622620523418,0.539359316733051,0.6944444444444444,0.7131051883683701,0.19911115601626594,0.054090267394748134,0.0,0.7131051883683701,0.033693388220615725,0.0,0.0,0.0
2024,85308,ARROIO DO SAL,62,9,53,0,250403.26999999996,250403.26999999996,4038.762419354838,2737.31,4146.7,2390.5,0.48261138342317644,0.3697942123519394,31.2502127669431,0.5040356897894048,0.9036683019331126,0.24619374978609507,0.7044025157232704,0.6592724208433862,0.15421931191234048,0.11030490935681472,0.01605010988874067,0.6432223109546455,0.07620335788745891,0.0,0.0,0.0
2024,85316,BAGÉ,176,17,159,4,2482956.5,2482956.5,14107.707386363636,6389.805,46324.81,5325.01,0.6112453539395839,0.44760176024026194,62.31046400944135,0.3540367273263713,0.8718239632194088,0.3242441138215671,0.901590825009249,0.6123014801105053,0.2881763131975933,0.08888175044548707,0.01288786170841092,0.5994136184020944,0.008511945336134565,0.002128510910279741,0.0,0.0
2024,85324,SÃO JOSÉ DO HORTÊNCIO,29,9,20,0,80252.61,80252.61,2767.331379310345,2339.0,2339.0,2339.0,0.2977974947717781,0.25000632378186827,21.44695833804871,0.739550287518921,0.9503814769969747,0.3732835604972847,0.575,0.7066861750664558,0.12261283464799462,0.1707009902855496,0.0,0.7066861750664558,0.0,0.0,0.0,0.0
2024,85332,BARÃO DE COTEGIPE,32,9,23,0,122463.45,122463.45,3826.9828125,2830.0,2995.99,2500.0,0.3537608899839093,0.3088899585958096,20.99755790195471,0.6561736844360847,0.93884068659629,0.3316899042122364,0.5917874396135266,0.8419246722185273,0.013568211576596935,0.1118443094653956,0.0,0.8419246722185273,0.03266280673948023,0.0,0.0,0.0
2024,85340,PINHAL,22,9,13,0,57058.2,57058.2,2593.5545454545454,2235.0,2300.0,2025.0,0.19614310874287533,0.25095428877882586,18.673014403577426,0.8487733819807921,0.9762486495817765,0.42297163247350955,0.6153846153846154,0.5682653851681266,0.3053023053653989,0.11118472016292137,0.0,0.5682653851681266,0.015247589303553214,0.0,0.0,0.0
2024,85359,BARRACÃO,19,9,10,0,58201.0,58201.0,3063.2105263157896,2700.34,2890.0,2650.17,0.21362336874298604,0.1958729231456504,16.47495692411208,0.867102996005899,0.9754204969919793,0.4628843147024965,0.48333333333333334,0.6654696654696655,0.182900637446092,0.146646964828783,0.0,0.6654696654696655,0.004982732255459528,0.0,0.0,0.0
2024,85367,TRÊS CACHOEIRAS,29,9,20,2,86517.1,86517.1,2983.3482758620694,3423.7,2700.0,3617.85,0.3044088673082326,0.20280961798303454,22.395177751906452,0.7722475086864293,0.9452588331201512,0.3508843916404965,0.55,0.653732036788103,0.14540478125133643,0.20086318196056036,0.02683862496546925,0.6268934118226338,0.0,0.0,0.0,0.0
2024,85375,BARRA DO RIBEIRO,76,9,67,9,191673.13999999998,191673.13999999998,2522.015,2046.1,3600.0,1571.0,0.4986831090074544,0.308651697363543,40.86088830218675,0.5376432671340362,0.8993060543985391,0.22199255461667713,0.7844112769485904,0.5004123686813917,0.35547077696958485,0.12862172550624465,0.0017219418432859192,0.4986904268381058,0.015495128842778911,0.0,0.0,0.0
2024,85383,SÃO VENDELINO,38,9,29,0,73559.69,73559.69,1935.7813157894736,1570.165,2307.11,1235.68,0.33206178332324754,0.23406719087587236,27.568772387579067,0.7254940101994491,0.9500431524595019,0.31446394078060963,0.7241379310344828,0.744088644201736,0.004078320612824768,0.2518330351854392,0.0,0.744088644201736,0.0,0.0,0.0,0.0
2024,85391,BARROS CASSAL,32,9,23,0,192964.0,192964.0,6030.125,5456.0,8206.0,5156.0,0.25061507586907394,0.25450861300553473,25.79571698534331,0.8061161557919785,0.9696225034513973,0.3915186252357953,0.8019323671497584,0.7186107253166394,0.05444538877718123,0.2269438859061794,0.0,0.7186107253166394,0.0,0.0,0.0,0.0
2024,85405,PROTÁSIO ALVES,18,9,9,0,48479.2,48479.2,2693.288888888889,2253.175,2150.5,2650.0,0.15077955540153742,0.15528309048004094,16.616539975507205,0.9231411097504003,0.9861232643270736,0.4636184177956732,0.39506172839506176,0.630868496179805,0.003094110463869041,0.36603739335632607,0.0,0.630868496179805,0.0,0.0,0.0,0.0
2024,85413,BENTO GONÇALVES,156,17,139,16,1093819.65,1093819.65,7011.6644230769225,4625.905000000001,14600.0,3646.98,0.5617763400753382,0.38251708131226203,68.52202156628206,0.4392437279889876,0.8915667344721968,0.2450358246901123,0.8660600931019891,0.6974700993897852,0.12523819626023358,0.1424190450409261,0.06056757162846728,0.636902527761318,0.03243167189399093,0.002440987415064266,0.0,0.0
2024,85421,POUSO NOVO,24,9,15,3,23786.78,23786.78,991.1158333333333,878.0,928.0,878.0,0.5068735659050949,0.41687861913213986,9.666567674291137,0.40277365309546403,0.8386411869845777,0.5676430353330716,0.674074074074074,0.6619054785893678,0.04204015844094913,0.2960543629696832,0.0,0.6619054785893678,0.0,0.0,0.0,0.0
2024,85430,BOA VISTA DO BURICÁ,32,9,23,0,91552.1,91552.1,2861.003125,2002.0,3000.0,1598.5,0.3545116319013981,0.31883484922792593,20.122124285558822,0.6288163839237132,0.9355675683744938,0.31015782270423065,0.6956521739130435,0.43928211368171777,0.14582953312922367,0.4121423757619978,0.0,0.43928211368171777,0.0,0.0,0.0,0.002745977427060657
2024,85448,EUGÊNIO DE CASTRO,32,9,23,0,134193.44,134193.44,4193.545,3150.0,3875.0,2900.0,0.3385965532294275,0.3149185235880383,21.08141329669457,0.6587941655217053,0.9419470456798961,0.35448826708667724,0.6908212560386473,0.7377409804830997,0.145856310114712,0.11640270940218836,0.0,0.7377409804830997,0.0,0.0,0.0,0.0
2024,85456,BOM JESUS,25,9,16,0,101956.35,101956.35,4078.2540000000004,4300.0,5863.0,2875.0,0.3870947910551916,0.2747548338087819,16.843570181825957,0.6737428072730383,0.9193879207545,0.5452956093465487,0.8125,0.5227629274684705,0.3575255489236325,0.10132130073310784,0.03922266734735012,0.48354026012112045,0.018390222874789062,0.0,0.0,0.0
2024,85464,CRISTAL,47,9,38,0,193375.59999999995,193375.59999999995,4114.374468085105,2350.0,3997.5,2080.83,0.5188980497132403,0.4005158355035487,21.4364527656806,0.4560947396953319,0.879450173265783,0.24695318333853916,0.6622807017543859,0.6087890612879807,0.2414458183969436,0.1328033112760866,0.0,0.6087890612879807,0.015513849730782998,0.0,0.0,0.0014479593082064133
2024,85472,BOM RETIRO DO SUL,42,9,33,1,189756.99,189756.99,4518.023571428571,3049.6,6285.0,2768.0,0.377488179562111,0.3182042990880073,24.691612145943385,0.5878955272843663,0.9279665283369147,0.3547710679854271,0.8299663299663299,0.6210047914440464,0.14040441935762157,0.05333068362857147,0.07377857332159411,0.5472262181224523,0.18526010556976058,0.0,0.0,0.0
2024,85480,SÃO MIGUEL DAS MISSÕES,30,9,21,0,96902.55,96902.55,3230.085,2075.0,4798.55,1680.0,0.47133928192120167,0.31447056862796696,16.248763705744132,0.5416254568581377,0.8922463745351774,0.5371122844548467,0.7671957671957672,0.453027293915382,0.06874483695217515,0.40392641886101033,0.0,0.453027293915382,0.07430145027143248,0.0,0.0,0.0
2024,85499,BOSSOROCA,28,9,19,0,83112.83,83112.83,2968.315357142857,2453.5,2590.0,2400.0,0.3106168145158814,0.28094338744090414,19.981745009803323,0.7136337503501187,0.9500716336221104,0.38110842814520934,0.5555555555555556,0.35734555062076456,0.34562654165427886,0.2849960710037187,0.012031836721237863,0.3453137138995267,0.012031836721237863,0.0,0.0,0.0
2024,85502,GLORINHA,48,9,39,7,169137.36,169137.36,3523.6949999999997,2900.0,5522.5,2550.0,0.46070032713844755,0.2662126215047935,28.658578219676762,0.5970537129099326,0.8994034408268208,0.26853860081533737,0.717948717948718,0.5385977409130662,0.2007268530146149,0.23207439207990477,0.02364941725470943,0.5149483236583567,0.028601013992414215,0.0,0.0,0.0
2024,85510,BRAGA,18,10,8,0,42878.75,42878.75,2382.152777777778,2510.0,2240.0,2612.85,0.3266960777644974,0.2479246713115471,13.339584491652078,0.7410880273140044,0.9379053326749531,0.5691164038130776,0.5375,0.6065941754365507,0.057053901991079486,0.3363519225723698,0.0,0.6065941754365507,0.0,0.0,0.0,0.0
2024,85529,SEGREDO,27,9,18,0,72105.0,72105.0,2670.5555555555557,2220.0,2220.0,2010.0,0.30915306125069675,0.2945704181402122,18.50900208501377,0.6855185957412507,0.9463807609880595,0.46751265515567575,0.6574074074074074,0.6319950072810485,0.1358435614728521,0.23216143124609945,0.0,0.6319950072810485,0.0,0.0,0.0,0.0
2024,85537,BUTIÁ,95,9,86,0,302618.88999999996,302618.88999999996,3185.4619999999995,1870.0,7518.02,1789.5,0.49151639438043837,0.3362717046513521,48.95868105753732,0.5153545374477613,0.9121180685491129,0.22903233172258355,0.9108527131782945,0.4891826481816783,0.24490285454420907,0.15766335670585538,0.02319749437981218,0.46598515380186606,0.10825114056825733,0.0,0.0,0.0
2024,85545,ALEGRIA,22,9,13,0,74316.5,74316.5,3378.0227272727275,3342.5,3542.5,2842.5,0.30296930266923483,0.26086871690674346,17.125169702846428,0.7784168046748376,0.952551951340528,0.44856458525361126,0.594017094017094,0.6940921598837405,0.06768348886182746,0.17142559189412848,0.0,0.6940921598837405,0.06679875936030356,0.0,0.0,0.0
2024,85553,CAÇAPAVA DO SUL,82,11,71,2,333854.25,333854.25,4071.393292682927,2200.0,6085.0,1973.47,0.5093466571700442,0.4062967297855277,33.8015958340985,0.41221458334266464,0.8927441319564516,0.3191816788314062,0.8169014084507042,0.6120024531663143,0.24144260556814837,0.12311309501077192,0.011686237332608465,0.6003162158337059,0.02212390586610774,0.0013179403886576253,0.0,0.0
2024,85561,SALDANHA MARINHO,23,9,14,0,100923.26000000002,100923.26000000002,4387.967826086958,3504.44,4341.6,3421.6,0.27756169692048993,0.2945568742032312,16.867065520069144,0.7333506747856149,0.9544740569957412,0.4830886358605538,0.6944444444444444,0.9857158795702794,0.0,0.014284120429720557,0.0,0.9857158795702794,0.0,0.0,0.0,0.0
2024,85570,CACEQUI,39,9,30,6,86335.57,86335.57,2213.732564102564,1683.42,2577.0,1500.0,0.4400992308120273,0.3039650980470737,19.758818587629975,0.5066363740417942,0.8926030549561978,0.3929041066156162,0.7222222222222222,0.6046175406034847,0.1441010929794058,0.2512813664171094,0.0,0.6046175406034847,0.0,0.0,0.0,0.0
2024,85588,SÃO JOSÉ DO HERVAL,30,9,21,0,103941.24,103941.24,3464.708,2065.35,1400.0,2500.0,0.513737300036059,0.2712400775669022,15.932405308272065,0.5310801769424022,0.8661005679530713,0.2098301886719843,0.41269841269841273,0.47574956773654037,0.4104626806453338,0.11378775161812577,0.06734574265229085,0.4084038250842495,0.0,0.0,0.0,0.0
2024,85596,CACHOEIRA DO SUL,150,15,135,20,909237.64,909237.64,6061.584266666667,3345.45,19489.0,2500.0,0.5875457502323957,0.4233017893979841,58.07961907584354,0.3871974605056236,0.8771913123135023,0.2689219069285341,0.8098765432098765,0.799396525203246,0.09576267652095881,0.05261682743358491,0.010998224842517518,0.7883983003607284,0.04269950812859001,0.00952446271362017,0.0,0.0
2024,85600,VISTA ALEGRE,29,9,20,0,101219.0,101219.0,3490.310344827586,2750.0,1750.0,2875.0,0.36579625400846427,0.24204941759946255,19.069089323161716,0.6575548042469557,0.9319067798937183,0.3298036929825428,0.4722222222222222,0.8260405655064761,0.02336428931327122,0.15059514518025272,0.0,0.8260405655064761,0.0,0.0,0.0,0.0
2024,85618,CACHOEIRINHA,196,17,179,27,1745913.45,1745913.45,8907.72168367347,5000.0,30000.0,4683.8,0.6207232956256932,0.4756756126714071,62.87687729550057,0.32080039436479885,0.8641137515870052,0.3073496913607029,0.8797239566217548,0.7008850352805289,0.15310997231850182,0.14266805722815185,0.002646179282254799,0.6982388559982741,0.0,0.0029359989179303246,0.0,0.0004009362548870908
2024,85626,IVORÁ,20,9,11,5,25866.4,25866.4,1293.3200000000002,1500.0,1500.0,1166.4,0.41146197383478156,0.23196115423870348,12.84819022534801,0.6424095112674004,0.8779077317745033,0.4712677450282992,0.5606060606060607,0.8563696532953948,0.0,0.10110413509417622,0.0,0.8563696532953948,0.04252621161042897,0.0,0.0,0.0
2024,85634,CACIQUE DOBLE,14,9,5,0,39538.35,39538.35,2824.167857142857,2882.5,3300.0,2215.0,0.15382741421574608,0.19464646349683282,13.031829692104894,0.9308449780074924,0.985417318056695,0.6704465411429662,0.6777777777777778,0.4870208291443624,0.21721569058901044,0.29576348026662724,0.0,0.4870208291443624,0.0,0.0,0.0,0.0
2024,85642,VILA MARIA,37,9,28,0,76966.17000000001,76966.17000000001,2080.166756756757,1973.33,1677.02,2001.0,0.28148768724218964,0.2310671038977254,28.69792814725072,0.7756196796554249,0.9639685121427704,0.18753174284234225,0.3273809523809524,0.5781421889643201,0.05545995078097298,0.32992235419795474,0.11693449212816485,0.4612076968361553,0.036475506056751934,0.0,0.0,0.0
2024,85650,CAIBATÉ,21,9,12,0,93275.53,93275.53,4441.691904761905,4520.0,5298.18,2838.5,0.3111005181561093,0.2856092053296293,16.102312740331712,0.766776797158653,0.9482594638696216,0.5193058672515718,0.7314814814814815,0.788470459508512,0.07946349916210607,0.06908060452725383,0.0,0.788470459508512,0.06298543680212806,0.0,0.0,0.0
2024,85669,TAQUARUÇU DO SUL,40,9,31,0,90685.0,90685.0,2267.125,1000.0,1500.0,1000.0,0.5086825274301152,0.40668247229420523,15.69578640572962,0.39239466014324054,0.8575638694411511,0.27049677454926396,0.6254480286738351,0.7696973038540001,0.0,0.11109885868666262,0.0,0.7696973038540001,0.11920383745933727,0.0,0.0,0.0
2024,85677,CAIÇARA,38,9,29,0,90315.19,90315.19,2376.7155263157897,2288.0,2206.0,2368.0,0.31295814078859174,0.22939109135462152,28.342836031310092,0.7458641060871077,0.9564150734396375,0.21659357634081267,0.4636015325670497,0.7626236516802988,0.0067873410884702785,0.230589007231231,0.0,0.7626236516802988,0.0,0.0,0.0,0.0
2024,85685,IMBÉ,77,9,68,2,362214.83,362214.83,4704.088701298701,2881.8199999999997,8498.5,2524.25,0.5031140458037806,0.3456292775201943,38.720054044052354,0.5028578447279527,0.9023205060925531,0.21481210473905776,0.7222222222222222,0.7715333466605991,0.10416067172070233,0.06632862050402519,0.027045469121184242,0.7444878775394149,0.055969547133119864,0.0020078139815534334,0.0,0.0
2024,85693,CAMAQUÃ,124,15,109,8,737217.82,737217.82,5945.304999999999,4270.1,9467.0,3500.0,0.4851186672214771,0.3303422589540769,63.626006302372865,0.5131129540513941,0.9147492776192082,0.25355776125975904,0.7825688073394496,0.575722966110613,0.25777951216643136,0.14236455922891283,0.013564512046114132,0.5621584540644989,0.01888858302421393,0.004516982511356006,0.0,0.0007273969584728704
2024,85707,SEDE NOVA,28,9,19,0,88512.5,88512.5,3161.160714285714,2836.5,2540.0,3306.0,0.2337746888050516,0.20615167349244456,23.6224701696391,0.8436596489156821,0.9732666805651332,0.31072447394435815,0.45029239766081874,0.46643694393447255,0.3305194181612766,0.20304363790425084,0.0,0.46643694393447255,0.0,0.0,0.0,0.0
2024,85715,CAMBARÁ DO SUL,38,9,29,1,193811.18999999997,193811.18999999997,5100.29447368421,5095.985,6992.27,4213.900000000001,0.34625308460476956,0.21333912660048168,27.701610005282248,0.7289897369811118,0.9381217512773665,0.34625874801140233,0.8199233716475096,0.5694936396603314,0.21917119439801183,0.11781533357284481,0.0,0.5694936396603314,0.09351983236881217,0.0,0.0,0.0
2024,85723,TUPANDI,23,9,14,0,72058.89,72058.89,3132.9952173913043,2352.0,2336.79,2831.395,0.3595448956673706,0.2624611619746016,16.23621430110817,0.7059223609177465,0.9323296610181162,0.3472178103215301,0.44841269841269843,0.5589872394648322,0.2260574649429099,0.21495529559225796,0.05551015287634878,0.5034770865884834,0.0,0.0,0.0,0.0
2024,85731,CAMPINA DAS MISSÕES,24,9,15,0,57835.85,57835.85,2409.827083333333,1960.95,1960.95,1960.95,0.2954927969993235,0.2685185745519431,18.30584225722987,0.7627434273845779,0.9559949625106156,0.3468947028529883,0.4962962962962963,0.7397807761103191,0.0453006223648481,0.21491860152483278,0.0,0.7397807761103191,0.0,0.0,0.0,0.0
2024,85740,RIOZINHO,87,9,78,22,70336.43999999999,70336.43999999999,808.4648275862068,262.4,720.0,262.4,0.7401947867548675,0.5686241726194844,22.068982921627104,0.2536664703635299,0.7623527378705924,0.17437618395244345,0.683048433048433,0.897421592562831,0.04108823250082035,0.06149017493634879,0.04381228279395432,0.8536093097688766,0.0,0.0,0.0,0.0
2024,85758,CAMPINAS DO SUL,33,9,24,0,96487.8,96487.8,2923.8727272727274,2035.0,2035.0,2033.5,0.3280052928029151,0.33433656897555963,19.855073065913448,0.601668880785256,0.9350529373396949,0.32058353491322217,0.6041666666666666,0.4882150904052119,0.11267745766822333,0.39910745192656477,0.02846784774862729,0.45974724265658456,0.0,0.0,0.0,0.0
2024,85766,RELVADO,18,9,9,0,53019.07,53019.07,2945.503888888889,2500.0,2500.0,2500.0,0.37695636892746553,0.28091779052329663,11.958714060650818,0.6643730033694899,0.9183016442940305,0.5666842138121245,0.6172839506172839,0.33950048539138844,0.20370029123483305,0.45679922337377854,0.0,0.33950048539138844,0.0,0.0,0.0,0.0
2024,85774,CAMPO BOM,122,11,111,10,1022787.84,1022787.84,8383.5068852459,5951.5,14313.04,5020.9400000000005,0.48026601217033926,0.30762204798993315,67.21151031757634,0.5509140189965274,0.9185773959629929,0.15330551837612774,0.7968877968877969,0.6777692038262795,0.16104291971245963,0.047890753179075735,0.0011732638510837203,0.6765959399751957,0.11329712328218529,0.0,0.0,0.0
2024,85782,IMIGRANTE,37,9,28,0,41742.95999999999,41742.95999999999,1128.1881081081078,900.3399999999999,1900.34,600.3399999999999,0.45624610000591015,0.28201210455607373,22.117377405767435,0.5977669569126334,0.9032844692301633,0.35561397658431515,0.7123015873015873,0.44318850412141364,0.00191649082863314,0.2906310429351441,0.11978067678957124,0.32340782733184237,0.26426396211480935,0.0,0.0,0.0
2024,85790,CAMPO NOVO,38,9,29,0,53441.5,53441.5,1406.3552631578948,1015.0,1465.0,1015.0,0.40814205597167974,0.32203437403515994,19.81279654297044,0.5213893827097484,0.9143453229699973,0.38857442249936847,0.6762452107279693,0.5433979210912867,0.2527436542761711,0.2038584246325421,0.07091866807630774,0.472479253014979,0.0,0.0,0.0,0.0
2024,85804,CIDREIRA,84,9,75,5,423403.48,423403.48,5040.517619047619,2918.65,6137.0,2610.0,0.49575857119954314,0.3766984390397547,38.27002727485913,0.45559556279594204,0.9006591111496494,0.1486885039301047,0.7125925925925927,0.6133709387556286,0.18903609389322926,0.19684899613956883,0.03542720055111498,0.5779437382045136,0.0007439712115734146,0.0,0.0,0.0
2024,85812,CANDELÁRIA,49,11,38,3,284002.62,284002.62,5795.971836734694,5228.0,8915.7,3651.5,0.4270972139450757,0.2832586544448076,30.084904372527856,0.6139776402556705,0.9200557225235281,0.3610220919792923,0.8038277511961723,0.6577985090419236,0.13314496887387872,0.18687362813765593,0.008860833748646404,0.6489376752932773,0.02218289394654176,0.0,0.0,0.0
2024,85820,MONTAURI,16,9,7,0,48225.5,48225.5,3014.09375,2821.5,2388.0,2843.0,0.1983319250189215,0.2235331930202901,13.89648534053244,0.8685303337832775,0.9753582866226542,0.5105079263045484,0.40476190476190477,0.5553078765383459,0.07222320141833677,0.3164819441996454,0.0,0.5553078765383459,0.05598697784367192,0.0,0.0,0.0
2024,85839,CÂNDIDO GODÓI,30,9,21,0,126180.63,126180.63,4206.021,3730.7,3691.95,3769.45,0.22919974589866365,0.20605381348943969,24.956769914640383,0.8318923304880127,0.9742068470423139,0.329831528024547,0.5925925925925926,0.6751361124128163,0.15960968018625363,0.16525420740092991,0.0,0.6751361124128163,0.0,0.0,0.0,0.0
2024,85847,VISTA GAÚCHA,18,9,9,0,135174.73,135174.73,7509.707222222223,7495.145,7474.0,7639.74,0.13990122677186467,0.17049703002920735,16.544999725100457,0.9191666513944698,0.9822098686288916,0.5136529586558078,0.4444444444444445,0.30671413214585297,0.272879701701642,0.3562526072735636,0.0,0.30671413214585297,0.06415355887894134,0.0,0.0,0.0
2024,85855,CANELA,114,11,103,7,524330.73,524330.73,4599.392368421052,2740.86,7000.0,2545.11,0.5485011241369766,0.3972482787724458,47.47533071978436,0.41645026947179264,0.8876524435113503,0.19158514703114962,0.7105030891438658,0.6299663191589019,0.11917300746420108,0.23958448897320972,0.004243886296727258,0.6257224328621747,0.0017546177390747248,0.009521566664612619,0.0,0.0
2024,85863,VISTA ALEGRE DO PRATA,17,9,8,0,30570.25,30570.25,1798.25,1558.25,1558.25,1631.625,0.10451241282735002,0.17775451623719138,16.11387198427297,0.9478748226042922,0.9912037647425942,0.4795184861098617,0.3472222222222222,0.4906731217441794,0.1996794268937938,0.3096474513620268,0.1635577072480598,0.3271154144961196,0.0,0.0,0.0,0.0
2024,85871,CANGUÇU,112,13,99,10,540547.25,540547.25,4826.314732142857,3367.65,8038.75,3000.0,0.5455748854847695,0.3866903772056929,48.85701431341415,0.4362233420840549,0.8878380318767233,0.23328617433536106,0.7987567987567988,0.7478036748868854,0.14516029819779863,0.10703602691531591,0.002230147318296412,0.745573527568589,0.0,0.0,0.0,0.0
2024,85880,CASEIROS,25,9,16,0,52019.189999999995,52019.189999999995,2080.7675999999997,1794.9,1841.5,1793.075,0.209253915718411,0.24769897416703338,21.03055014986363,0.8412220059945451,0.9743570682835178,0.40160371585947424,0.5520833333333334,0.45666608803405057,0.31898209103217484,0.2243518209337747,0.0,0.45666608803405057,0.0,0.0,0.0,0.0
2024,85898,CANOAS,330,21,309,23,5330614.7299999995,5330614.7299999995,16153.377969696969,5887.37,64288.0,5442.97,0.6644976365349959,0.5022630307405467,91.50412366201601,0.27728522321823035,0.8575335058205223,0.29233761937996966,0.9448297118200031,0.6404661794044156,0.23650044954571312,0.11427391977360181,0.01990691231215654,0.6205592670922591,0.0053202119148460765,0.0013024313989392366,0.0,0.002136807962484282
2024,85901,ITACURUBI,24,9,15,0,138621.8,138621.8,5775.908333333333,7431.0,7486.0,7411.0,0.2543964345194385,0.18421922093061843,19.538530182268953,0.8141054242612064,0.9568969443426993,0.3815056506263806,0.5851851851851853,0.19192291544331413,0.4118334922789923,0.39624359227769373,0.07213872565498357,0.11978418978833057,0.0,0.0,0.0,0.0
2024,85910,CARAZINHO,107,13,94,9,773543.66,773543.66,7229.38,5740.0,10000.0,4650.0,0.508081479334733,0.34592424944701894,53.0245314102562,0.49555636832015143,0.9027814356772326,0.17841126123378737,0.7459083469721768,0.5322485611219411,0.28693669339879274,0.17736826903862155,0.0232695333576905,0.5089790277642505,0.0015060559089838574,0.0,0.0,0.0019404205316607467
2024,85928,ENTRE RIOS DO SUL,34,9,25,1,84141.75,84141.75,2474.7573529411766,2282.975,2156.0,2300.0,0.41986055044717085,0.376816503103394,18.050291705124923,0.5308909325036743,0.9069066085202342,0.2913280268118978,0.3977777777777778,0.861638247362338,0.0033514872224549644,0.13501026541520708,0.0,0.861638247362338,0.0,0.0,0.0,0.0
2024,85936,CARLOS BARBOSA,64,9,55,0,314697.9,314697.9,4917.1546875,3986.56,6649.51,3749.51,0.3141820764850991,0.26666860503358936,45.78812338965076,0.7154394279632931,0.9598817329113921,0.23343848179476248,0.8121212121212121,0.4653736805997116,0.31551615056852933,0.07894123221031979,0.01588825346467199,0.44948542713503964,0.14016893662143917,0.0,0.0,0.0
2024,85944,CERRO GRANDE DO SUL,93,9,84,0,247679.85,247679.85,2663.224193548387,2045.0,4500.0,1845.0,0.4187455258562942,0.31237502768190467,52.566479371103725,0.5652309609796099,0.9319200903121578,0.16581486140273421,0.8293650793650793,0.5166542211649434,0.18939530204011348,0.27555879091496543,0.012960279166835736,0.5036939419981077,0.01839168587997772,0.0,0.0,0.0
2024,85952,CASCA,42,9,33,0,139777.33999999997,139777.33999999997,3328.031904761904,3067.59,5000.0,2950.0,0.2391227055421552,0.21603623305465686,34.93235102022908,0.8317226433387875,0.9746884584208643,0.29541247529821363,0.7592592592592592,0.813882278772797,0.11159426842720004,0.07452345280000322,0.028616941773251664,0.7852653369995454,0.0,0.0,0.0,0.0
2024,85960,CAMARGO,28,9,19,0,77981.04000000001,77981.04000000001,2785.037142857143,2500.0,2500.0,2500.0,0.3191489422117404,0.26288441395498185,20.131985070948033,0.7189994668195726,0.9488505854146857,0.32681803166513296,0.5233918128654971,0.6326794307949727,0.1400782805666608,0.22724228863836643,0.0,0.6326794307949727,0.0,0.0,0.0,0.0
2024,85979,CATUÍPE,28,9,19,0,103286.21999999997,103286.21999999997,3688.7935714285704,2992.7,3631.0,2961.4,0.32594438610909116,0.2585766039264484,19.993041921940545,0.7140372114978766,0.9478055851139096,0.2903022300554712,0.4619883040935673,0.4263027536490348,0.23432651519244296,0.14056976816462063,0.05493666047610224,0.37136609317293257,0.19880096299390188,0.0,0.0,0.0
2024,85987,PARAÍSO DO SUL,46,9,37,0,134026.66,134026.66,2913.623043478261,2907.5,3150.0,2815.0,0.18148133007074185,0.17235376901879074,41.60308776867936,0.9044149514930295,0.9861555246010628,0.20794370314085273,0.5945945945945946,0.5826184133813377,0.10665788433435557,0.3057532732666769,0.09726721534357417,0.4853511980377635,0.004970429017629775,0.0,0.0,0.0
2024,85995,CAXIAS DO SUL,341,23,318,28,4764686.380000001,4764686.380000001,13972.687331378302,7000.0,58232.0,6540.0,0.6418999545305826,0.5036644993200999,95.32137027369762,0.27953481018679655,0.8648603135380136,0.2867810199923378,0.9006015859994532,0.7339152739786409,0.15953834300422517,0.07767865510594213,0.011473493875582214,0.7224417801030588,0.026543195063344332,0.001431500303698897,0.0,0.0008930325441482677
2024,86010,CERRO LARGO,50,9,41,0,181792.96,181792.96,3635.8592,3463.0,4350.0,3000.0,0.25807934256640075,0.2114383307252382,40.542912659721566,0.8108582531944313,0.9726194286400208,0.2189578738362586,0.6761517615176151,0.7389857120979824,0.09019793725785641,0.12846047503709715,0.03408272795602206,0.7049029841419603,0.04235587560706421,0.0,0.0,0.0
2024,86029,FAXINALZINHO,37,9,28,0,99942.5,99942.5,2701.1486486486488,2100.0,2100.0,2300.0,0.3258633173534242,0.2703554543862721,26.20460160443586,0.7082324757955638,0.9515323492011819,0.20950546564274458,0.4682539682539682,0.735042649523476,0.009215298796808165,0.2557420516797158,0.0,0.735042649523476,0.0,0.0,0.0,0.0
2024,86037,CHAPADA,35,9,26,0,155304.75,155304.75,4437.278571428571,3000.0,3949.33,3000.0,0.3600174311658668,0.28672658112517485,23.227715483508703,0.6636490138145343,0.9394331472489303,0.2722732562912596,0.5961538461538461,0.7823328005099651,0.09976082508744903,0.08708555275997674,0.11268167908579745,0.6696511214241676,0.030820821642609127,0.0,0.0,0.0
2024,86045,AMARAL FERRADOR,42,9,33,0,83851.1,83851.1,1996.454761904762,1500.0,2035.0,1500.0,0.407321032958025,0.3165730682125816,26.260780427920754,0.625256676855256,0.9269642685111931,0.2946914232490689,0.6936026936026937,0.4516601451859308,0.2146662357440749,0.3336736190699943,0.009209181513420813,0.4424509636725099,0.0,0.0,0.0,0.0
2024,86053,CHIAPETTA,33,9,24,0,132033.77000000002,132033.77000000002,4001.023333333334,3831.38,3931.0,3681.38,0.1793542162231172,0.1980705390749654,29.11466878300802,0.8822626903941825,0.9834069990336964,0.3064396328302979,0.5277777777777778,0.22317775217658328,0.11856921149793721,0.43103843812079284,0.0,0.22317775217658328,0.22721459820468654,0.0,0.0,0.0
2024,86061,VILA FLORES,27,9,18,0,119618.48000000001,119618.48000000001,4430.314074074075,4250.0,4660.0,4243.5,0.26434638354034057,0.23240556141492516,21.475609065455075,0.7953929283501879,0.964160792913856,0.3719834928516062,0.5679012345679012,0.7642631807392971,0.12806215226944864,0.10767466699125418,0.0,0.7642631807392971,0.0,0.0,0.0,0.0
2024,86070,CIRÍACO,18,9,9,0,38367.57,38367.57,2131.5316666666668,2263.785,2315.0,2212.5699999999997,0.13138617674596875,0.15116933389318116,17.005611677189908,0.9447562042883282,0.9891796413760613,0.4755969690027281,0.43209876543209885,0.4348815940128603,0.28428227276316953,0.28083613322397016,0.0,0.4348815940128603,0.0,0.0,0.0,0.0
2024,86088,CERRO BRANCO,28,9,19,0,106123.90999999999,106123.90999999999,3790.1396428571425,3209.74,3188.49,3273.49,0.34390596870609613,0.28980274096572584,17.76956643832132,0.63462737279719,0.9355252432856348,0.23236007795038838,0.33333333333333337,0.7742261852206538,0.04871663699537645,0.17705717778396973,0.03769178877785412,0.7365343964427997,0.0,0.0,0.0,0.0
2024,86096,COLORADO,43,9,34,0,139987.02000000002,139987.02000000002,3255.512093023256,3000.0,2920.0,3030.0,0.24739827290233163,0.23166433573627038,35.326506070433076,0.8215466528007692,0.9738238541462592,0.23552183623881698,0.5375816993464052,0.7963025429071923,0.07500695421618375,0.12869050287662384,0.0,0.7963025429071923,0.0,0.0,0.0,0.0
2024,86100,ANDRÉ DA ROCHA,26,9,17,0,56219.05,56219.05,2162.271153846154,2128.0,2400.0,2000.0,0.18070048525161142,0.19132304797039437,23.319312461111842,0.8968966331196863,0.9835925277416007,0.37272686037917746,0.6568627450980392,0.8179433839597076,0.09135693328151222,0.09069968275878017,0.0,0.8179433839597076,0.0,0.0,0.0,0.0
2024,86118,CONDOR,42,9,33,0,126078.18,126078.18,3001.8614285714284,2338.98,2932.96,2085.55,0.3933503950069863,0.31862674413605907,26.128591142022202,0.6221093129052905,0.9313844307429733,0.22449047091257188,0.6212121212121212,0.49089739398205146,0.30945838526539643,0.07227658267275115,0.0,0.49089739398205146,0.12736763807980098,0.0,0.0,0.0
2024,86126,POÇO DAS ANTAS,17,9,8,0,76714.33,76714.33,4512.607647058823,4349.15,4896.5,3812.0,0.13007303697174888,0.1695120064269609,16.121178336141767,0.9483046080083393,0.9906033143468621,0.5731957771123074,0.7638888888888888,0.48812914093103593,0.32114182578404843,0.1907290332849156,0.0,0.48812914093103593,0.0,0.0,0.0,0.0
2024,86134,CONSTANTINA,42,9,33,0,144088.7,144088.7,3430.6833333333334,2800.0,4291.95,2704.0,0.2865717601793367,0.2728666439491785,29.90270923097292,0.7119692674041171,0.9590420777348229,0.25769994454804573,0.771043771043771,0.7688569610247021,0.0745988408528913,0.11698523201333622,0.0,0.7688569610247021,0.03955896610907031,0.0,0.0,0.0
2024,86142,TRÊS PALMEIRAS,30,9,21,0,75405.4,75405.4,2513.5133333333333,1300.0,1600.0,1000.0,0.4390964926472991,0.2852580849647373,17.601340193484745,0.5867113397828249,0.9055593645124363,0.2995236415429134,0.5105820105820107,0.6431900102645169,0.01591397963541073,0.3408960101000725,0.0,0.6431900102645169,0.0,0.0,0.0,0.0
2024,86150,CORONEL BICACO,22,9,13,0,65259.299999999996,65259.299999999996,2966.331818181818,2377.5,3290.0,2090.6,0.35607666089528434,0.3183301077394333,15.18187081797703,0.6900850371807741,0.9329884293676738,0.4902902728040295,0.6495726495726495,0.6569178645802208,0.27961225449859256,0.06346988092118672,0.0,0.6569178645802208,0.0,0.0,0.0,0.0
2024,86169,NOVA ALVORADA,16,9,7,0,56435.08,56435.08,3527.1925,3471.42,3442.84,3623.24,0.12433983880239019,0.17719475191671563,15.200841232816066,0.9500525770510041,0.990875734657544,0.5411690742708258,0.39682539682539686,0.46849955736750964,0.11913015805063092,0.41237028458185937,0.0,0.46849955736750964,0.0,0.0,0.0,0.0
2024,86177,CRISSIUMAL,50,9,41,0,272723.43000000005,272723.43000000005,5454.468600000001,4327.25,5893.0,4085.5,0.3465492194785027,0.24690214551789696,35.03172183239676,0.7006344366479352,0.9496724565899243,0.23731976383547237,0.7127371273712737,0.4876467709430025,0.3505397391049239,0.16181345328489008,0.0290785430500049,0.45856822789299756,0.0,0.0,0.0,3.666718330727946e-08
2024,86185,MORRO REDONDO,43,9,34,2,109548.44,109548.44,2547.638139534884,2500.0,2802.32,2000.0,0.36348259845513975,0.2700965892348627,28.778903662309812,0.6692768293560422,0.9377053272181515,0.24593084118769742,0.6650326797385621,0.7926387632722108,0.029806175240834103,0.17755506148695496,0.0,0.7926387632722108,0.0,0.0,0.0,0.0
2024,86193,CRUZ ALTA,107,15,92,8,1427495.69,1427495.69,13341.08121495327,10000.0,24352.16,10000.0,0.5030380922538065,0.3337359078120929,53.42699073523814,0.49931767042278635,0.9057861583489994,0.3007293913440817,0.8289855072463768,0.7339354838962772,0.1887704123295812,0.07250052712943743,0.007335994128290503,0.7265994897679866,0.003502637545616688,0.0,0.0,0.0012909390990875776
2024,86207,SANTA MARIA DO HERVAL,45,9,36,2,81810.14,81810.14,1818.0031111111111,1680.0,2335.0,1550.0,0.41067241243635055,0.3122106868415089,27.676025959762384,0.6150227991058308,0.92120392615401,0.31725896080852567,0.7561728395061729,0.5280262324450246,0.20606247587401758,0.26591129168095784,0.012406775003685363,0.5156194574413392,0.0,0.0,0.0,0.0
2024,86215,CRUZEIRO DO SUL,62,9,53,0,178169.58000000002,178169.58000000002,2873.7029032258065,2283.25,4800.0,2180.0,0.350553915382007,0.3353434407826521,35.436563777772534,0.5715574802866538,0.9398405314701286,0.3241294052553752,0.8060796645702306,0.7152319716979745,0.12480244944170603,0.040528804075308476,0.08418945591048707,0.6310425157874873,0.11943677478501098,0.0,0.0,0.0
2024,86223,BARÃO,30,9,21,0,80035.0,80035.0,2667.8333333333335,2497.5,2755.0,2495.0,0.21626413444118198,0.20116199162866247,25.437448297679435,0.8479149432559812,0.9745409561356704,0.3168613731492472,0.5529100529100529,0.48503779596426566,0.2796526519647654,0.23530955207096896,0.0,0.48503779596426566,0.0,0.0,0.0,0.0
2024,86231,DAVID CANABARRO,28,9,19,0,57502.97,57502.97,2053.6775000000002,1571.5,1471.5,1671.5,0.26969457279461273,0.21530557465118758,21.998297291048566,0.7856534746803059,0.9636823259674989,0.35309219680305204,0.5233918128654971,0.45215055848419655,0.0532393370290265,0.494610104486777,0.0,0.45215055848419655,0.0,0.0,0.0,0.0
2024,86240,ELDORADO DO SUL,85,9,76,18,547428.6599999999,547428.6599999999,6440.337176470587,3770.6699999999996,16250.67,3426.8,0.5905289594103031,0.41770827270899563,31.094459903488353,0.3658171753351571,0.8548850827780424,0.3048347340820629,0.861842105263158,0.5443238759183708,0.2605930971900522,0.15042423975390698,0.03034916001657641,0.5139747159017944,0.04444871410276547,0.000210073034904676,0.0,0.0
2024,86258,DOIS IRMÃOS,61,9,52,7,234888.82000000004,234888.82000000004,3850.6363934426236,3579.0,6095.0,3406.05,0.4607085494362124,0.31701423677806373,35.367772913135035,0.5797995559530333,0.9083107228832115,0.2211000080804186,0.6613247863247864,0.7726472464717563,0.09501307895369392,0.049219498825018575,0.015804924219041158,0.756842322252715,0.08312017574953119,0.0,0.0,0.0
2024,86274,DOM FELICIANO,54,9,45,2,224663.05,224663.05,4160.426851851852,3367.65,5029.45,3359.35,0.32962931475479484,0.2726087356154027,38.244498242327474,0.7082314489319903,0.9519995127237402,0.2263543560011315,0.737037037037037,0.6741038635414234,0.0397192595756178,0.28617687688295873,0.002203878207831684,0.6718999853335917,0.0,0.0,0.0,0.0
2024,86282,ALTO FELIZ,30,9,21,7,49331.5,49331.5,1644.3833333333334,1425.0,1500.0,1350.0,0.4520056488585724,0.3243363773653751,15.917113020978526,0.5305704340326175,0.8740566980039685,0.3614323505265398,0.5396825396825398,0.7813871461439446,0.01833514083293636,0.2002777130231191,0.0,0.7813871461439446,0.0,0.0,0.0,0.0
2024,86290,DOM PEDRITO,93,13,80,5,402844.88,402844.88,4331.665376344086,3100.0,9523.86,2450.0,0.5093763495482484,0.34491986096484584,44.51669475464129,0.47867413714668056,0.8996221077043592,0.33318598960473317,0.8807692307692307,0.5662180440272693,0.17561734928839112,0.1630558640834656,0.018302330167383536,0.5479157138598857,0.0783901485852321,0.016718594015641953,0.0,0.0
2024,86304,AMETISTA DO SUL,31,9,22,0,127696.06,127696.06,4119.227741935484,3800.0,4658.0,3225.0,0.2886306194821191,0.2576731028349661,24.300323077768947,0.78388138960545,0.9620819836533527,0.3668202448846112,0.6868686868686869,0.542655740513842,0.26211208082692605,0.19523217865923195,0.0,0.542655740513842,0.0,0.0,0.0,0.0
2024,86312,DONA FRANCISCA,26,9,17,1,82934.92,82934.92,3189.8046153846153,2500.0,2500.0,2500.0,0.3061887932962748,0.29939041359176566,17.784105821406083,0.6840040700540801,0.941093293395014,0.36377824925857527,0.48692810457516345,0.8861647180705063,0.01906314011034194,0.04894102508328217,0.03014411782154007,0.8560206002489663,0.04583111673586952,0.0,0.0,0.0
2024,86320,ARAMBARÉ,64,9,55,13,74484.16,74484.16,1163.815,1000.0,1495.0,1000.0,0.5351648088667442,0.3870468566739559,27.00904628386902,0.4220163481854534,0.8682895236395812,0.33604138114734733,0.7777777777777777,0.6874328716333782,0.09244784394426948,0.17945627634117106,0.0,0.6874328716333782,0.040663008081181284,0.0,0.0,0.0
2024,86339,ENCANTADO,65,11,54,2,337076.22,337076.22,5185.788,3300.0,5657.0,3255.5,0.438365962269488,0.32729514410716964,36.49672874242348,0.5614881344988227,0.9217453014668758,0.23334013298238604,0.6675084175084175,0.664467520135357,0.11835809716864631,0.12063517859551173,0.0,0.664467520135357,0.09356340829976081,0.0,0.0,0.00297579580072424
2024,86347,BARÃO DO TRIUNFO,44,9,35,0,118385.0,118385.0,2690.568181818182,1827.5,2665.0,1800.0,0.31443364676882446,0.2871140769523166,31.04170615562331,0.7054933217187116,0.9546867525109832,0.2253030367022849,0.6412698412698413,0.625983021497656,0.12905351184694006,0.2322929425180555,0.1031971955906576,0.5227858259069984,0.012670524137348482,0.0,0.0,0.0
2024,86355,ENCRUZILHADA DO SUL,72,11,61,1,403970.95,403970.95,5610.707638888889,3634.55,7850.0,3435.0,0.41830075109498743,0.32460420730748085,42.731442276534175,0.5934922538407524,0.9317157936583293,0.2528263232789387,0.7540983606557377,0.605280676741731,0.22759698438711992,0.13537748196992877,0.024754255225530448,0.5805264215162006,0.031695348390769186,0.0,0.0,4.95085104510609e-05
2024,86363,BARRA DO GUARITA,19,9,10,0,84101.31999999999,84101.31999999999,4426.385263157895,2800.0,2604.38,2987.8,0.2925020364534239,0.19964014833536503,14.672062917274927,0.7722138377513119,0.951038310064181,0.49519305999002167,0.4666666666666667,0.2960417268123735,0.26301608583551367,0.44094218735211294,0.0,0.2960417268123735,0.0,0.0,0.0,0.0
2024,86371,ERECHIM,196,17,179,0,1873380.85,1873380.85,9558.06556122449,5489.07,28462.760000000002,4999.55,0.5510166867727999,0.43357707003357054,68.29906127102119,0.34846459832153664,0.8926128024388714,0.31908331933680223,0.8918830101873152,0.6471461582411285,0.15194605517612714,0.14106988442846524,0.003736560027289699,0.6434095982138388,0.058049157489786445,0.0,0.0,0.0017887446644925403
2024,86380,BARRA DO RIO AZUL,26,9,17,1,35489.0,35489.0,1364.9615384615386,1478.0,1877.0,469.0,0.3915698688867839,0.25359970695144973,17.290904504516675,0.6650347886352568,0.9152032073029842,0.43210572290005356,0.6699346405228759,0.8283129983938685,0.012933585054523937,0.15875341655160755,0.0,0.8283129983938685,0.0,0.0,0.0,0.0
2024,86398,HERVAL,43,9,34,2,122212.0,122212.0,2842.139534883721,2750.0,3829.0,2500.0,0.38186293128448545,0.2726409845187052,28.873592919914177,0.6714789051142832,0.9294892212506531,0.2803202631492816,0.6895424836601307,0.46859555526462215,0.29837495499623606,0.2330294897391418,0.0,0.46859555526462215,0.0,0.0,0.0,0.0
2024,86401,BARRA FUNDA,15,9,6,0,28035.0,28035.0,1869.0,2000.0,2000.0,1827.5,0.1730693775637595,0.20171214553237024,13.438961917215497,0.8959307944810332,0.9718643335304935,0.6575708935259497,0.6481481481481481,0.8157660067772428,0.03638309256286784,0.14785090065988943,0.0,0.8157660067772428,0.0,0.0,0.0,0.0
2024,86410,ERVAL GRANDE,32,9,23,0,85053.44,85053.44,2657.92,2027.425,2198.3,2000.0,0.3020439046909802,0.2879330924181315,22.346200483659892,0.6983187651143716,0.9517158328934391,0.3440601579430532,0.5917874396135265,0.6442344953948952,0.1042332914459427,0.251532213159162,0.05878656994943414,0.5854479254454611,0.0,0.0,0.0,0.0
2024,86428,BOA VISTA DAS MISSÕES,23,9,14,0,58058.14,58058.14,2524.2669565217393,2143.0,2259.0,1875.0,0.23116159377329426,0.27726516901850456,18.78300288186952,0.8166522992117183,0.9695513963157197,0.40913194945618303,0.6825396825396826,0.5012217063791572,0.19331725060430804,0.2463392730115019,0.0,0.5012217063791572,0.05912177000503289,0.0,0.0,0.0
2024,86436,ERVAL SECO,36,9,27,2,82670.70000000001,82670.70000000001,2296.4083333333338,1842.55,1991.0,1730.1,0.4226860638385521,0.34744474160736505,20.494916030206003,0.5693032230612779,0.9109408507566343,0.30176955075982176,0.6193415637860082,0.42472605167247884,0.1957755286939629,0.3491974786714035,0.06048092008414105,0.36424513158833777,0.030300940962154663,0.0,0.0,0.0
2024,86444,BOM PROGRESSO,32,9,23,8,42061.100000000006,42061.100000000006,1314.4093750000002,891.2,2037.4,546.0,0.5962652397345765,0.47241988440625654,11.946983962905698,0.37334324884080305,0.8081255112165656,0.49214832707656236,0.8429951690821256,0.4156144275827307,0.29266947369422097,0.2527727520202752,0.016861185275706056,0.39875324230702475,0.038943346702772864,0.0,0.0,0.0
2024,86452,ESMERALDA,28,9,19,0,72284.7,72284.7,2581.5964285714285,2172.5,2500.0,2060.0,0.3117762620779858,0.3181862828510044,14.043894508361642,0.5015676610129158,0.9212954510233884,0.45406565981459424,0.6198830409356725,0.8344601278002122,0.0,0.0550738953056456,0.0,0.8344601278002122,0.1104659768941422,0.0,0.0,0.0
2024,86460,CAMPESTRE DA SERRA,24,9,15,3,54876.0,54876.0,2286.5,2387.21,2670.0,2310.0,0.23416329542969594,0.21516819739048035,19.291167276543476,0.8037986365226448,0.9466724631405427,0.47324094321743565,0.7037037037037037,0.8091879874626431,0.005466870763175159,0.14161017566878054,0.0,0.8091879874626431,0.04373496610540127,0.0,0.0,0.0
2024,86479,ESPUMOSO,41,9,32,0,202734.98,202734.98,4944.755609756098,4600.0,7553.0,4418.95,0.2949938784554125,0.25258754064049527,30.677904795092715,0.7482415803681151,0.9575689340952451,0.3549152198599373,0.8506944444444444,0.2661553521745483,0.31390759502874144,0.1799685974270449,0.030349967233084293,0.23580538494146397,0.2340493978888103,0.0,0.0,0.005919057480855055
2024,86487,CANDIOTA,64,9,55,0,322591.08999999997,322591.08999999997,5040.4857812499995,3932.275,9543.8,3900.0,0.37942914966668817,0.28032655830636866,41.378389086049935,0.6465373294695302,0.9403277867078895,0.22060962688089122,0.6909090909090909,0.5220264143067312,0.21336082158995778,0.10469529707097616,0.018672772394302647,0.5033536419124286,0.15991746703233498,0.0,0.0,0.0
2024,86495,ESTÂNCIA VELHA,65,9,56,4,357824.19999999995,357824.19999999995,5504.987692307692,3609.5,12720.0,2801.25,0.5309573721483261,0.37895005424451456,30.21171708269577,0.46479564742608875,0.8839854728587764,0.32561911687359324,0.878968253968254,0.702681372584638,0.15206880920854432,0.1270635133118442,0.0,0.702681372584638,0.018186304894973568,0.0,0.0,0.0
2024,86509,CAPITÃO,20,9,11,0,56267.5,56267.5,2813.375,2317.5,2809.0,1440.0,0.4138965655129514,0.3316301595059315,9.39215162343254,0.469607581171627,0.8825223595606126,0.5977873550450971,0.6262626262626263,0.7215532945305905,0.017772248633758387,0.23410494512818233,0.0,0.7215532945305905,0.02656951170746879,0.0,0.0,0.0
2024,86517,ESTEIO,136,10,126,1,1287270.05,1287270.05,9465.220955882352,4735.325,25974.5,4450.3,0.5558740217558948,0.40075751781842506,55.93173973621467,0.41126279217804906,0.8902241848848115,0.19673020435766372,0.8976190476190476,0.6482756046409998,0.1835560922123528,0.08463649099891665,0.014968110226754674,0.633307494414245,0.08353181214773077,0.0,0.0,0.0
2024,86525,CARLOS GOMES,25,9,16,0,44049.0,44049.0,1761.96,1631.0,1857.5,1591.0,0.07625144725192401,0.15947013553088607,24.426927928155777,0.9770771171262311,0.9965716773276317,0.3743898839928262,0.6701388888888888,0.07132284501350768,0.2666008308928693,0.662076324093623,0.0,0.07132284501350768,0.0,0.0,0.0,0.0
2024,86533,ESTRELA,119,13,106,8,370053.04000000004,370053.04000000004,3109.689411764706,1653.76,3710.78,1583.76,0.5818207019615305,0.4209875427587353,46.44852973713692,0.3903237793036716,0.8748892409786165,0.2414857610681971,0.75,0.8506457074369664,0.04694840501783204,0.05401695929859135,0.03242778386579394,0.8182179235711725,0.04542989296885657,0.002959035277753697,0.0,0.0
2024,86541,CENTENÁRIO,20,9,11,0,41040.0,41040.0,2052.0,2191.0,2236.0,1654.0,0.14848196881091624,0.1577729044834308,18.626734395818605,0.9313367197909302,0.9880475006729215,0.47769249512670564,0.6919191919191919,0.5313511208576999,0.08747563352826511,0.38117324561403504,0.0,0.5313511208576999,0.0,0.0,0.0,0.0
2024,86550,FARROUPILHA,153,15,138,0,1040645.28,1040645.28,6801.603137254902,4909.1900000000005,19665.85,4223.425,0.43149439184716476,0.3254072703813157,85.05466583901323,0.5559128486210014,0.9370178188047966,0.27542214000144216,0.9490338164251209,0.6793851215084549,0.05301550015198262,0.16835062183725083,0.04068437229638902,0.6387007492120659,0.09442966002786271,0.00021621200261437787,0.0,0.004602884471834629
2024,86568,CHARRUA,23,9,14,0,142544.93,142544.93,6197.605652173913,2550.51,2552.3100000000004,2025.255,0.6237200164674856,0.6285737416265875,4.656360467167285,0.20245045509422976,0.7092997356589062,0.6308575829389372,0.6111111111111112,0.17187563247602003,0.7546424134481668,0.07348195407581315,0.0,0.17187563247602003,0.0,0.0,0.0,0.0
2024,86576,FAXINAL DO SOTURNO,37,9,28,0,102342.75999999998,102342.75999999998,2766.02054054054,2000.0,3050.0,1765.5,0.3665601590027314,0.26333128010227597,25.027142139096426,0.6764092470026061,0.9396209032395436,0.34110981568212545,0.742063492063492,0.7846292204744137,0.06803793448603498,0.14733284503955144,0.0,0.7846292204744137,0.0,0.0,0.0,0.0
2024,86584,COLINAS,31,9,22,0,98730.94,98730.94,3184.8690322580646,2806.66,2029.6599999999999,2910.0,0.20423600649630003,0.2243470992983557,27.06980031144831,0.8732193648854294,0.9801917274534699,0.25494844878413997,0.2904040404040404,0.8569755337080757,0.09571467667582219,0.005064268607186359,0.010128537214372717,0.846846996493703,0.042245521008915744,0.0,0.0,0.0
2024,86592,FELIZ,37,9,28,1,130660.15000000001,130660.15000000001,3531.3554054054057,3350.0,3406.0,3259.5,0.394533741449385,0.25682658408091524,24.776100339222406,0.6696243334924975,0.9245243364064367,0.303768976233381,0.626984126984127,0.473120534455226,0.3490149827625331,0.1541005425143014,0.019133607301078406,0.45398692715414757,0.023763940267939383,0.0,0.0,0.0
2024,86606,COQUEIROS DO SUL,20,9,11,0,35811.0,35811.0,1790.55,1698.55,1557.1,2100.0,0.23407612186199755,0.21892714529055318,15.730982745002327,0.7865491372501163,0.9635706745568027,0.4798944458406635,0.4646464646464647,0.614336377090838,0.06646002624891793,0.31920359666024406,0.0,0.614336377090838,0.0,0.0,0.0,0.0
2024,86614,FLORES DA CUNHA,83,9,74,6,198724.84,198724.84,2394.2751807228915,1650.0,1950.0,1625.0,0.46880389626736374,0.3499957529214768,43.156694980377715,0.5199601804864785,0.9114722896508862,0.15115795287594647,0.5923423423423423,0.6187281368549599,0.15152207444222876,0.22833577322291465,0.03019250135010802,0.5885356355048518,0.0014140154798967255,0.0,0.0,0.0
2024,86622,CORONEL BARROS,35,9,26,0,68721.66,68721.66,1963.476,1322.0,1880.0,1278.5,0.2518981060701968,0.22548931443157805,28.5483397536299,0.8156668501037114,0.9704282576987397,0.24287335317569453,0.5021367521367521,0.6317658799278131,0.2401231285740187,0.1281109914981681,0.0,0.6317658799278131,0.0,0.0,0.0,0.0
2024,86630,FONTOURA XAVIER,42,9,33,0,150472.03,150472.03,3582.667380952381,1916.5,2720.04,1707.5,0.5773156724906032,0.5274069871988835,12.800073478830274,0.30476365425786367,0.8253486060924571,0.28769193849514757,0.6447811447811447,0.6920813788449587,0.14606701325156576,0.16185160790347547,0.09968630050382121,0.5923950783411376,0.0,0.0,0.0,0.0
2024,86649,COXILHA,27,9,18,0,90991.01,90991.01,3370.037407407407,2000.0,1420.0,2000.0,0.5359989674519205,0.37915833663127824,11.39281884908253,0.42195625366972334,0.8353497108697916,0.267161558048427,0.4845679012345679,0.8521881447408927,0.05284862757320751,0.09496322768589996,0.14287125728135122,0.7093168874595414,0.0,0.0,0.0,0.0
2024,86657,FORMIGUEIRO,28,9,19,0,117304.3,117304.3,4189.439285714286,3365.0,5050.0,2500.0,0.32671098648070496,0.2862640158971154,19.385092724452146,0.6923247401590052,0.9451744671432657,0.4565902528722306,0.8245614035087719,0.6774568366206525,0.10477024286407233,0.19219841045895164,0.0,0.6774568366206525,0.025574510056323597,0.0,0.0,0.0
2024,86665,DERRUBADAS,13,9,4,0,31875.35,31875.35,2451.95,1970.0,1970.0,1437.5,0.42604298402273977,0.45600597326774456,5.849181604726183,0.4499370465173987,0.8446555483909032,0.8037558803275886,0.5555555555555556,0.7999912157827287,0.03199964863130915,0.11467638786711362,0.0,0.7999912157827287,0.05333274771884858,0.0,0.0,0.0
2024,86673,FREDERICO WESTPHALEN,62,11,51,1,431186.34,431186.34,6954.618387096774,4038.95,20796.0,3880.0,0.4918434343782334,0.37295453283608193,31.495586374206432,0.5079933286162328,0.9005645272728245,0.42449837348743463,0.8573975044563279,0.6171480988938565,0.0765283983718037,0.0581268645940871,0.010042062093154435,0.607106036800702,0.24819663814025275,0.0,0.0,0.0
2024,86681,DOIS IRMÃOS DAS MISSÕES,21,9,12,2,28517.5,28517.5,1357.9761904761904,1045.0,1086.0,1012.5,0.3716013976380417,0.3793810817918822,12.982143410657084,0.618197305269385,0.9085281272747765,0.37028140615411587,0.5046296296296297,0.1925133689839572,0.17322696589813272,0.5366353993162093,0.0,0.1925133689839572,0.0,0.09762426580170071,0.0,0.0
2024,86690,GARIBALDI,84,9,75,1,268564.26,268564.26,3197.1935714285714,2292.0,5000.0,2255.0,0.5175506971776516,0.34624447050400525,41.73739079451845,0.4968736999347434,0.8932344381961574,0.18416914447216468,0.7511111111111111,0.5889018516462318,0.2514684195134527,0.13463623193942487,0.0,0.5889018516462318,0.020897642895596008,0.0,0.0,0.004095854005294673
2024,86703,ENGENHO VELHO,17,9,8,0,52518.08,52518.08,3089.298823529412,3270.0,3270.0,3352.5,0.24031042934054647,0.18584076188619233,14.41085129138609,0.847697134787417,0.9648507929642507,0.5608030605840884,0.5763888888888888,0.46819304894619146,0.33045762525972006,0.20134932579408843,0.0,0.46819304894619146,0.0,0.0,0.0,0.0
2024,86711,GAURAMA,48,9,39,0,105488.34000000001,105488.34000000001,2197.6737500000004,2032.945,1305.0,2111.95,0.40269702635697313,0.30784160600119403,25.00985948747487,0.5210387393223931,0.9206067192875249,0.29031976425072187,0.5726495726495726,0.6781127658279577,0.09886400714998453,0.22302322702205757,0.09102465732231638,0.5870881085056414,0.0,0.0,0.0,0.0
2024,86720,GARRUCHOS,20,9,11,0,62278.85,62278.85,3113.9425,3113.635,3683.52,3000.0,0.3115119257982444,0.23671390849381452,14.191494443976833,0.7095747221988417,0.9416656436833463,0.5359641354970428,0.6060606060606061,0.582424049255887,0.13230815919047959,0.2826184170067367,0.0,0.582424049255887,0.0026493745468967396,0.0,0.0,0.0
2024,86738,GENERAL CÂMARA,43,9,34,0,159657.3,159657.3,3712.960465116279,3106.0,5560.0,2466.5,0.47319771640533737,0.36611229176492405,23.088929556528306,0.5369518501518211,0.8979390282899911,0.3902076510125125,0.8235294117647058,0.6607214327187044,0.18655582926681086,0.06210489592395713,0.0407122004443267,0.6200092322743778,0.09061784209052764,0.0,0.0,0.0
2024,86746,GENTIL,29,9,20,0,49630.9,49630.9,1711.4103448275862,2336.0,1500.0,2336.0,0.31756481518986934,0.2000467450721224,20.945460327523374,0.7222572526732198,0.9401219600562937,0.2681091819813866,0.5,0.33974801988277464,0.14778091874215457,0.4230106647270148,0.0,0.33974801988277464,0.08946039664805594,0.0,0.0,0.0
2024,86754,SÃO VICENTE DO SUL,33,9,24,0,96620.6,96620.6,2927.89696969697,2270.0,2518.0,2163.75,0.3655967649536309,0.32845324910008833,20.041778017166564,0.607326606580805,0.9308610356854617,0.2559454195068132,0.5694444444444444,0.756567440069716,0.036439951728720374,0.20699260820156362,0.0,0.756567440069716,0.0,0.0,0.0,0.0
2024,86762,GRAMADO DOS LOUREIROS,28,9,19,1,59662.439999999995,59662.439999999995,2130.8014285714285,782.6,1024.6,720.0,0.5980115798147041,0.4452858448296785,10.107331534393522,0.3609761262283401,0.8000277071471079,0.4382837845720021,0.6900584795321637,0.6664668759775831,0.14364146018835303,0.1875451288951642,0.015218955175148721,0.6512479208024344,0.0023465349388995826,0.0,0.0,0.0
2024,86770,GETÚLIO VARGAS,44,9,35,0,202646.1,202646.1,4605.593181818182,3950.0,4456.0,3608.0,0.307607534873493,0.25636432183989727,32.69223018117659,0.7430052313903771,0.9593130066144239,0.29651352777082807,0.7222222222222222,0.6013439192760186,0.18099563722173778,0.11037981979421267,0.0,0.6013439192760186,0.10185244127570182,0.0,0.0,0.00542818243232907
2024,86789,GRAMADO XAVIER,50,9,41,0,41938.7,41938.7,838.7739999999999,200.0,588.0,200.0,0.5891083414602745,0.3757865646765398,19.279615293971563,0.3855923058794313,0.8367178092597397,0.22386721572199428,0.6585365853658536,0.751096242849683,0.047688650339662415,0.20121510681065463,0.0,0.751096242849683,0.0,0.0,0.0,0.0
2024,86797,GIRUÁ,58,11,47,0,225989.64,225989.64,3896.373103448276,2978.5,7690.0,2136.0,0.4473857999068851,0.28566530748931673,32.78451885367476,0.5652503250633579,0.918058740257822,0.39701864209350474,0.8897485493230174,0.4765094541501991,0.25485734655801034,0.22646312459279105,0.011549201989967327,0.46496025216023174,0.04217007469899947,0.0,0.0,0.0
2024,86800,HULHA NEGRA,40,9,31,7,137919.27999999997,137919.27999999997,3447.981999999999,2181.0,2022.0,2340.0,0.5526630069414513,0.42604007213494743,16.57208927412085,0.41430223185302123,0.8451983049776975,0.2283057887193147,0.5143369175627239,0.7769187890192003,0.1440712277500289,0.07900998323077095,0.12326050426017308,0.6536582847590272,0.0,0.0,0.0,0.0
2024,86819,GRAMADO,83,9,74,2,565031.49,565031.49,6807.608313253012,4652.0,15000.0,4460.0,0.4852356876861106,0.3680227273704692,39.85723089668214,0.48020760116484507,0.9053423097352815,0.3156304261909367,0.93993993993994,0.671590445339604,0.20493075527525023,0.12347879938514578,0.020805920038191147,0.6507845253014128,0.0,0.0,0.0,0.0
2024,86827,INHACORÁ,34,9,25,0,96289.54000000001,96289.54000000001,2832.0452941176472,1951.25,1902.5,2000.0,0.4045913838127604,0.3501033445585055,19.841457664798813,0.5835722842587886,0.9205843937202479,0.21948230306220173,0.45777777777777773,0.7924919986116872,0.08114432782626232,0.12636367356205044,0.03533924868682517,0.7571527499248619,0.0,0.0,0.0,0.0
2024,86835,GRAVATAÍ,328,21,307,27,3018212.52,3018212.52,9201.86743902439,4416.525,26750.5,3855.5,0.6208953246605708,0.4572465029732234,108.89937776642032,0.33201029806835464,0.8791896778071752,0.19473704257246935,0.8675352877307274,0.6755791305245795,0.19595271574845893,0.0863547607310303,0.007004145619275345,0.6685749849053042,0.041479441613342716,0.000629511668714435,0.0,4.439713874091278e-06
2024,86843,ITAPUCA,18,9,9,0,19055.35,19055.35,1058.6305555555555,715.0,850.0,600.0,0.3223225731589523,0.2682711154610123,12.686868102127107,0.7048260056737282,0.9378092398695982,0.6022455635818813,0.7407407407407407,0.20529667521194836,0.14169249056039382,0.6530108342276579,0.0,0.20529667521194836,0.0,0.0,0.0,0.0
2024,86851,GUAÍBA,279,17,262,47,1964300.9500000002,1964300.9500000002,7040.5051971326175,4100.0,27895.0,4000.0,0.5897176590223929,0.4359259307999621,102.42071143055566,0.3670993241238554,0.8864576019822559,0.2334712967480874,0.9481365065110013,0.5979628885278501,0.24431171812038271,0.15556363193735664,0.029954218573279207,0.5680086699545708,0.0008043573974751679,2.5454348021366073e-05,0.0,0.0013319496689140225
2024,86860,LAJEADO DO BUGRE,19,9,10,0,40245.5,40245.5,2118.184210526316,2132.0,3000.0,1162.5,0.4319789920939183,0.305127281310954,11.471427904439903,0.6037593633915739,0.8894731272828622,0.6588811171435316,0.7222222222222222,0.6695556024897193,0.1711595085164801,0.15928488899380056,0.0,0.6695556024897193,0.0,0.0,0.0,0.0
2024,86878,GUAPORÉ,93,11,82,0,489422.56,489422.56,5262.608172043011,3395.0,8516.33,3223.0,0.5149132673049763,0.3974051993026231,39.83520910003814,0.42833558172084024,0.8967568654377123,0.23498790084380256,0.753880266075388,0.7475413679336727,0.08178603372921756,0.1384754719929543,0.0,0.7475413679336727,0.028110678020236746,0.0,0.0,0.004086448323918701
2024,86886,LAGOA DOS TRÊS CANTOS,20,9,11,0,32290.0,32290.0,1614.5,633.0,166.0,850.0,0.5986528336946422,0.3468566119541654,8.231323241744198,0.41156616208720986,0.7847406280317241,0.30802105915144007,0.3787878787878788,0.7785692164756891,0.10529575720037163,0.1161350263239393,0.12387736141220192,0.6546918550634871,0.0,0.0,0.0,0.0
2024,86894,GUARANI DAS MISSÕES,49,9,40,0,137345.81,137345.81,2802.9757142857143,1850.0,3000.0,1743.15,0.43066101632404363,0.31069750143815816,27.022384633776564,0.5514772374240116,0.9179852509042244,0.2730625710387525,0.6888888888888889,0.5807239405410329,0.18787082037668276,0.22321423565815368,0.0,0.5807239405410329,0.008191003424130667,0.0,0.0,0.0
2024,86908,LINDOLFO COLLOR,50,9,41,13,90769.68,90769.68,1815.3935999999999,2000.0,2000.0,2000.0,0.44660300223598903,0.26363164439931924,29.296715740000778,0.5859343148000156,0.8931733339181933,0.22087970344282365,0.5474254742547425,0.8625164261898909,0.014944968407952964,0.054442739029155994,0.08433763344764464,0.7781787927422462,0.06809586637300032,0.0,0.0,0.0
2024,86916,HORIZONTINA,56,9,47,0,382403.53,382403.53,6828.634464285715,4129.25,8935.0,3858.0,0.4820879702840162,0.3787444901463122,27.50281053870597,0.49112161676260657,0.9010378219105462,0.21346560268415932,0.6855791962174941,0.3541858517885543,0.32129962294019615,0.22373485935132448,0.005230077243272309,0.348955774545282,0.09293455005501648,0.007845115864908464,0.0,0.0
2024,86924,LINHA NOVA,19,9,10,0,28927.52,28927.52,1522.501052631579,1076.0,1076.0,1075.25,0.3038685725747081,0.2765532613926116,13.117576832968442,0.6903987806825496,0.9410090365915375,0.5901646598118332,0.6055555555555555,0.7379270673739056,0.09852209937111789,0.15188374253997577,0.0,0.7379270673739056,0.011667090715000801,0.0,0.0,0.0
2024,86932,CHARQUEADAS,134,13,121,4,774303.56,774303.56,5778.384776119404,4105.58,10228.0,3241.0,0.48459951777962207,0.35267688811865977,65.24301635916648,0.48688818178482446,0.9171570389410755,0.20353952653917798,0.8321678321678322,0.544017813892009,0.3121761444568329,0.1101395168582203,0.0339663813504874,0.5100514325415215,0.030741315460308616,0.0029252093326291822,0.0,0.0
2024,86940,MANOEL VIANA,45,9,36,0,152534.33000000002,152534.33000000002,3389.651777777778,2791.0,3980.0,2532.5,0.31834367748922854,0.2725224544533679,31.385342713385448,0.6974520602974544,0.9537122671575244,0.30757948063232715,0.7299382716049383,0.42260781556519106,0.3605598162721795,0.21683236816262935,0.019667703657268495,0.40294011190792256,0.0,0.0,0.0,0.0
2024,86959,HUMAITÁ,31,9,22,0,133808.91,133808.91,4316.416451612903,4192.0,5224.75,3649.75,0.27643538882811414,0.24852605106789974,24.695850049661985,0.7966403241826446,0.9643616988246654,0.3566465790656243,0.6616161616161615,0.6023888842678712,0.1668050356287933,0.17676782510222974,0.014946687780357825,0.5874421964875134,0.05403825500110568,0.0,0.0,0.0
2024,86967,MAQUINÉ,43,9,34,2,89502.6,89502.6,2081.4558139534884,1882.74,2495.24,1341.8,0.40822244529832763,0.3089655496041456,26.258629468760418,0.6106658015990795,0.9228677606592953,0.3174037402265409,0.6290849673202614,0.700457863793901,0.09105880723018102,0.15507929378587884,0.0,0.700457863793901,0.05340403519003916,0.0,0.0,0.0
2024,86975,IBIAÇÁ,24,9,15,0,45982.26,45982.26,1915.9275,1661.965,1719.6999999999998,1556.0,0.14490970720737373,0.19355290496813335,22.278641885853077,0.9282767452438782,0.9886249759708806,0.3690007842154779,0.5333333333333333,0.5450428056385223,0.1523339653161893,0.14462099079079627,0.0358834037300472,0.5091594019084751,0.15800223825449208,0.0,0.0,0.0
2024,86983,MARATÁ,30,9,21,0,64678.2,64678.2,2155.94,1448.5,1297.0,1800.0,0.4216904613919372,0.2958214668930181,17.785178130216604,0.5928392710072201,0.914040069970934,0.2674811605765158,0.3941798941798942,0.6442046933897356,0.07115225841164412,0.25542145576098285,0.0,0.6442046933897356,0.029221592437637414,0.0,0.0,0.0
2024,86991,IBIRAIARAS,40,9,31,0,186177.72999999998,186177.72999999998,4654.443249999999,5000.0,5360.0,3387.25,0.27210478530380655,0.21561112599235152,31.6560491516447,0.7914012287911175,0.96683790391892,0.33340179837835604,0.7741935483870968,0.4291208191226738,0.42107071560062526,0.05709598027648098,0.0,0.4291208191226738,0.09271248500021996,0.0,0.0,0.0
2024,87009,MARIANA PIMENTEL,54,9,45,1,141609.53,141609.53,2622.3987037037036,1537.0,3367.64,1537.0,0.45906387928259607,0.3500753091970576,27.50783183166345,0.5094042931789527,0.9022034855900665,0.23952787640775308,0.6530864197530863,0.6795498862258775,0.014123343252392688,0.012746317285284402,0.0,0.6795498862258775,0.2935804532364453,0.0,0.0,0.0
2024,87017,IBIRUBÁ,72,11,61,0,272026.54,272026.54,3778.1463888888884,3015.0,5100.0,2625.0,0.3994385325212917,0.3082097798251597,43.60050821338256,0.6055626140747578,0.9359443906377292,0.26781210392191884,0.7868852459016393,0.7703029270599847,0.1140748987212792,0.11562217421873616,0.01838423559701197,0.7519186914629727,0.0,0.0,0.0,0.0
2024,87025,MATO CASTELHANO,28,9,19,0,52169.35,52169.35,1863.1910714285714,991.675,970.0,1013.35,0.4416244883250413,0.40082922252241976,13.779126070886845,0.49211164538881585,0.8894709553900509,0.35210329436728655,0.4912280701754386,0.6113551347678282,0.03019014037936068,0.2626130093627772,0.16099491368015895,0.4503602210876693,0.0958417154900339,0.0,0.0,0.0
2024,87033,IGREJINHA,87,9,78,16,313848.74,313848.74,3607.4567816091953,2500.0,5368.0,1606.15,0.5843923677242167,0.38417627548863187,33.32782826663367,0.3830784858233755,0.8599894550798867,0.17582954132618153,0.7856125356125355,0.5884642710370607,0.07196979666064614,0.11570554656360896,0.0,0.5884642710370607,0.22382119488515392,0.0,0.0,3.919085353027067e-05
2024,87041,MATO LEITÃO,44,9,35,1,90777.5,90777.5,2063.125,1664.72,2000.0,1664.72,0.3553168962072599,0.27670424940100796,29.513411081304643,0.6707593427569237,0.9380811590155885,0.22894704084161827,0.580952380952381,0.8540144859684393,0.08634298146567156,0.041497067004489,0.05507972790614414,0.7989347580622952,0.018145465561400124,0.0,0.0,0.0
2024,87050,IJUÍ,126,17,109,0,1183487.2199999997,1183487.2199999997,9392.755714285713,4451.25,17194.9,4026.0,0.5489787811881082,0.41208481321834645,52.10034099390464,0.41349476979289396,0.8908598190541284,0.3016254117218098,0.8316243928764167,0.576437555447367,0.22455645951124006,0.15224221855137568,0.014181817696349948,0.5622557377510171,0.045851209107268615,0.0009125573827489242,0.0,0.0
2024,87068,MINAS DO LEÃO,51,9,42,0,133521.65,133521.65,2618.0715686274507,2146.0,3129.0,1931.0,0.35962917168981123,0.33123467242952737,29.9380857304585,0.5870212888325196,0.937827194181491,0.31460066588452135,0.7857142857142857,0.6331482572301945,0.11314457243450782,0.15729583928898425,0.05765357153690057,0.575494685693294,0.09641133104631347,0.0,0.0,0.0
2024,87076,ILÓPOLIS,17,9,8,0,100788.5,100788.5,5928.735294117647,5102.0,5102.0,4750.5,0.2709782774587086,0.2569737618875169,12.995035038931242,0.7644138258194848,0.9536425997388598,0.5027964499918145,0.5555555555555556,0.5943138354078095,0.09060557504080327,0.10077042519731914,0.0,0.5943138354078095,0.21431016435406816,0.0,0.0,0.0
2024,87084,MONTE BELO DO SUL,20,9,11,0,27512.0,27512.0,1375.6,1500.0,1500.0,1500.0,0.3677377144518754,0.18173887758069207,13.805529696246666,0.6902764848123333,0.9082355184252675,0.5245710962489095,0.6161616161616161,0.9450421634195987,0.0,0.05495783658040128,0.0,0.9450421634195987,0.0,0.0,0.0,0.0
2024,87092,INDEPENDÊNCIA,47,9,38,0,166107.37,166107.37,3534.1993617021276,2800.0,4680.0,2783.0950000000003,0.26925719343650534,0.2165309702995117,37.70886705948128,0.8023163204144953,0.9699955836898779,0.2617391389677653,0.7514619883040936,0.6810472045882129,0.16238292135984092,0.15656987405194606,0.014217310165105862,0.6668298944231073,0.0,0.0,0.0,0.0
2024,87106,MORMAÇO,36,9,27,0,107112.25000000003,107112.25000000003,2975.3402777777787,2692.0950000000003,4986.22,2232.6,0.3418874099108389,0.24741353113206,25.16588961379578,0.6990524892721051,0.9427583578666211,0.37344860181725237,0.7551440329218106,0.7176863524013359,0.2465492042226729,0.03576444337599107,0.0,0.7176863524013359,0.0,0.0,0.0,0.0
2024,87114,IRAÍ,31,9,22,0,108057.31,108057.31,3485.719677419355,2639.0,2571.0,2764.0,0.2881831454426451,0.2743278543580254,23.889400880194042,0.7706258348449692,0.9611047913509811,0.268303366056401,0.43686868686868685,0.7074874434686557,0.2541647575716997,0.03834779895964466,0.023135871140971397,0.6843515723276843,0.0,0.0,0.0,0.0
2024,87122,MORRINHOS DO SUL,18,9,9,2,95823.0,95823.0,5323.5,7222.0,7622.5,2500.0,0.37046777217717386,0.20540997464074387,12.44382816581898,0.6913237869899433,0.9015692558241871,0.6411247821504231,0.7160493827160495,0.5844108408210972,0.2707596297339887,0.14482952944491406,0.06261544723083184,0.5217953935902654,0.0,0.0,0.0,0.0
2024,87130,ITAQUI,80,11,69,0,467006.81,467006.81,5837.585125,3087.5,10431.55,2850.0,0.5210909742943579,0.3889664906599542,34.61519339058571,0.4326899173823214,0.8912944106833165,0.25513878480701385,0.8254281949934125,0.6369591484115618,0.24448904717256695,0.11465464497187954,0.0,0.6369591484115618,0.003897159443991834,0.0,0.0,0.0
2024,87149,MORRO REUTER,27,9,18,0,131164.71,131164.71,4857.952222222222,4418.0,4497.5,4260.25,0.22535370476809913,0.2236440731657166,22.6924802471297,0.8404622313751742,0.973161178923206,0.3713065046230804,0.617283950617284,0.33231499539777126,0.5239702050955627,0.14371479950666607,0.0,0.33231499539777126,0.0,0.0,0.0,0.0
2024,87157,ITATIBA DO SUL,15,9,6,0,37885.770000000004,37885.770000000004,2525.7180000000003,2084.0,2084.0,2084.0,0.18320852393919917,0.2890267242819665,12.071318772364744,0.8047545848243163,0.9660412125723944,0.6597081173221503,0.462962962962963,0.5196753292859033,0.15405361960440556,0.28097620821749164,0.0,0.5196753292859033,0.045294842892199365,0.0,0.0,0.0
2024,87165,MULITERNO,27,9,18,0,55155.5,55155.5,2042.7962962962963,1925.0,1925.0,1925.0,0.30673076826225665,0.2758745727987236,17.73259613875505,0.6567628199538907,0.9418718582830385,0.4089166084977926,0.5,0.5685924341180844,0.3222616058235353,0.1091459600583804,0.0,0.5685924341180844,0.0,0.0,0.0,0.0
2024,87173,IVOTI,41,9,32,0,146134.95,146134.95,3564.267073170732,3174.16,3515.25,3144.2,0.36529957496102905,0.2902307079860088,27.47025738236089,0.6700062776185584,0.9406189223686571,0.28210944746619476,0.6475694444444444,0.8423351155900761,0.030928672435991525,0.11647172698933417,0.0585075644122094,0.7838275511778667,0.01026448498459814,0.0,0.0,0.0
2024,87181,NICOLAU VERGUEIRO,24,9,15,0,106397.36,106397.36,4433.223333333333,4831.445,5857.33,4702.89,0.1982322838336088,0.18522207693875112,21.3279074338925,0.8886628097455208,0.9793426455997388,0.41191313393490214,0.6592592592592592,0.48155330169846317,0.3175663381121487,0.20088036018938815,0.0,0.48155330169846317,0.0,0.0,0.0,0.0
2024,87190,JACUTINGA,34,9,25,0,59000.1,59000.1,1735.2970588235294,1555.0,1610.0,1500.0,0.24052915363952043,0.23220299626610802,27.451302553782998,0.8073912515818529,0.9710398092437885,0.31349099408306086,0.5711111111111111,0.60338880781558,0.07238970781405456,0.32422148437036546,0.0,0.60338880781558,0.0,0.0,0.0,0.0
2024,87203,NOVA BOA VISTA,28,9,19,0,41045.0,41045.0,1465.892857142857,1130.0,1130.0,1130.0,0.3784652733063014,0.24363503471799244,18.713804731570267,0.6683501689846524,0.9286863448627393,0.2511877207942502,0.3654970760233919,0.6090875867949811,0.04872700694359849,0.3421854062614204,0.07309051041539773,0.5359970763795834,0.0,0.0,0.0,0.0
2024,87211,JAGUARÃO,70,9,61,2,403862.26,403862.26,5769.460857142857,3262.8,7807.900000000001,3176.5,0.4918287593540289,0.4056678135758463,29.847573132635222,0.4263939018947889,0.8929589155861833,0.27559324310223987,0.7759562841530054,0.6111325925824315,0.1620638184909875,0.19100242245957816,0.01799294145484156,0.5931396511275899,0.0337460103353059,0.0,0.0,0.00205515613169698
2024,87220,NOVA PÁDUA,38,9,29,3,41693.0,41693.0,1097.1842105263158,475.0,500.0,450.0,0.5045407092191418,0.29981051975151707,19.196449527660043,0.5051697244121064,0.8764796831613066,0.2657520447077447,0.5363984674329502,0.6955604058235195,0.0,0.3044395941764805,0.0,0.6955604058235195,0.0,0.0,0.0,0.0
2024,87238,JAGUARI,32,9,23,0,159842.81,159842.81,4995.0878125,3973.47,4000.0,3852.76,0.46614588302407856,0.3612298857859168,17.64853147261542,0.5515166085192319,0.8953971140588095,0.4057546285628988,0.6859903381642513,0.7943482725309948,0.12773768178875233,0.077914045680253,0.0,0.7943482725309948,0.0,0.0,0.0,0.0
2024,87246,NOVA SANTA RITA,101,11,90,14,503585.80999999994,503585.80999999994,4985.998118811881,3350.0,5796.6,2890.0,0.5258338796282205,0.3824633978467345,44.78570548516472,0.4434228265857893,0.8918472449054325,0.24802084872089628,0.8464646464646465,0.48192827355480894,0.29993353069261425,0.15672463050537508,0.011477686394698056,0.4704505871601109,0.0380967843394952,0.023316780907706676,0.0,0.0
2024,87254,JÚLIO DE CASTILHOS,72,11,61,2,284540.18,284540.18,3951.9469444444444,2087.5,9104.0,1990.0,0.5012611683016279,0.393233742946251,34.529430620548084,0.47957542528539004,0.8989021693185496,0.3551779576438028,0.8055141579731744,0.6778242355789611,0.17535502367363373,0.13687486948240493,0.0,0.6778242355789611,0.0,0.009945871265000255,0.0,0.0
2024,87262,NOVO BARREIRO,40,9,31,2,95076.6,95076.6,2376.915,2013.125,2165.0,1956.0,0.2734303182907256,0.2198227534430133,31.440270370384262,0.7860067592596065,0.9609838223787782,0.2910179791873079,0.664874551971326,0.6173490638074983,0.1921119392153274,0.1261929854454198,0.007954112789056403,0.6093949510184419,0.0643460115317544,0.0,0.0,0.0
2024,87270,LAGOA VERMELHA,87,11,76,0,487703.29,487703.29,5605.784942528735,3838.0,6721.0,3378.0,0.4310284433083429,0.31601234430877023,49.59363894604595,0.5700418269660454,0.9311173181994536,0.17828702775410848,0.7332535885167464,0.70177412582146,0.11069230228075763,0.08023001034091856,0.04575015272092998,0.6560239731005301,0.10730356155686381,0.0,0.0,0.0
2024,87289,NOVO MACHADO,29,9,20,0,82603.09999999999,82603.09999999999,2848.3827586206894,2943.0,2995.0,2879.0,0.1873270265092748,0.17521376316385223,25.637110326069614,0.8840382871058488,0.980424311827137,0.318208396537176,0.5083333333333333,0.5594765813873814,0.1919831095927393,0.21222205946265943,0.0,0.5594765813873814,0.03631824955722001,0.0,0.0,0.0
2024,87297,LAJEADO,108,15,93,5,924531.79,924531.79,8560.479537037038,6766.25,13440.0,5674.28,0.42944658977259365,0.2885475576778166,64.74439247378106,0.5994851154979728,0.9337497710278247,0.2502256087916674,0.8053763440860215,0.5509523690905209,0.32833433450676697,0.10834731815982229,0.0,0.5509523690905209,0.005408142861155699,0.006957835381734142,0.0,0.0
2024,87300,NOVO TIRADENTES,20,9,11,0,55536.0,55536.0,2776.8,2850.0,2850.0,2817.0,0.11782267358110055,0.14405070584845867,19.0134338990186,0.9506716949509301,0.9912441807914883,0.4624747911264765,0.6565656565656566,0.5581964851627773,0.17286084701815038,0.21607605877268798,0.0,0.5581964851627773,0.05286660904638433,0.0,0.0,0.0
2024,87319,LAVRAS DO SUL,48,9,39,0,128461.76999999999,128461.76999999999,2676.286875,1700.0,4532.5,1497.0,0.43671036494618876,0.3507821042789617,24.244054133102402,0.5050844611063,0.9110136092672854,0.381764084365333,0.757834757834758,0.591929178618666,0.24361411180929549,0.13769388355773085,0.03529454716372039,0.5566346314549456,0.026762826014307604,0.0,0.0,0.0
2024,87327,PARECI NOVO,33,9,24,0,60556.29,60556.29,1835.0390909090909,1561.8,1500.0,1561.8,0.324696105312124,0.28137968822066217,23.979071819267972,0.7266385399778174,0.9504248165997489,0.24659684402726784,0.44212962962962965,0.6243508312678996,0.09667550637596853,0.18928520885278802,0.0,0.6243508312678996,0.08968845350334373,0.0,0.0,0.0
2024,87335,LIBERATO SALZANO,36,9,27,1,84746.2,84746.2,2354.061111111111,2302.0,2442.0,2302.0,0.11509050946630461,0.1665089408138654,33.38768928145379,0.9274358133737164,0.9864814520646004,0.30184480248081924,0.7407407407407406,0.4721816435427193,0.18903502457927318,0.2725573536040554,0.0,0.4721816435427193,0.0662259782739521,0.0,0.0,0.0
2024,87343,PASSO DO SOBRADO,54,9,45,0,124684.64,124684.64,2308.9748148148146,1716.0,1716.0,1716.0,0.42618505671885787,0.3235995227639908,30.24999953356449,0.5601851765474906,0.921344806158253,0.17685570572285408,0.5506172839506174,0.617571659187531,0.13338363089471164,0.1401299310003221,0.0,0.617571659187531,0.10891477891743521,0.0,0.0,0.0
2024,87351,MACHADINHO,36,9,27,0,133292.0,133292.0,3702.5555555555557,3682.5,3665.0,3884.38,0.19245708252891736,0.20752183176784803,30.1547418462571,0.8376317179515861,0.9778186220645471,0.2885376466704679,0.4938271604938272,0.5524300033010233,0.2658636677369985,0.18170632896197822,0.0,0.5524300033010233,0.0,0.0,0.0,0.0
2024,87360,PICADA CAFÉ,31,9,22,0,92703.01,92703.01,2990.4196774193547,2160.0,1731.25,2160.0,0.33666300796002613,0.29082820503886553,21.83504890946981,0.70435641643451,0.9458233251851699,0.3070974718080891,0.4671717171717172,0.7192803124731335,0.1506531449194584,0.13006654260740833,0.0,0.7192803124731335,0.0,0.0,0.0,0.0
2024,87378,MARAU,62,9,53,0,488675.56999999995,488675.56999999995,7881.864032258064,6023.75,10000.0,5059.3,0.3895262364868397,0.28152319953297444,40.738658764599016,0.6570751413645003,0.9414966503347167,0.22671444369523122,0.7683438155136267,0.5088531436101871,0.2980508929472369,0.11721023827730945,0.00613904230980894,0.5027141013003782,0.07588572516526661,0.0,0.0,0.0
2024,87386,PINHAL GRANDE,33,9,24,0,56478.5,56478.5,1711.469696969697,1500.0,1500.0,1357.1,0.223053181138116,0.2382694299600733,27.26288851582475,0.8261481368431742,0.974749759186352,0.2739290172366476,0.6273148148148149,0.7054985525465443,0.0278690121019503,0.26663243535150544,0.0,0.7054985525465443,0.0,0.0,0.0,0.0
2024,87394,MARCELINO RAMOS,27,9,18,0,98763.52,98763.52,3657.9081481481485,3484.67,4660.0,2679.67,0.2828969568850852,0.23822227073316138,21.095190637303503,0.7813033569371668,0.9608211008016111,0.45567756191759873,0.8024691358024691,0.6607905429049106,0.15867862951826747,0.18053082757682187,0.01518779403569253,0.6456027488692181,0.0,0.0,0.0,0.0
2024,87408,PINHEIRINHO DO VALE,23,9,14,0,113136.5,113136.5,4918.978260869565,2122.5,744.0,3500.0,0.5160549616959429,0.31462878911757036,11.648551842303359,0.5064587757523199,0.8401602954988542,0.26728332589394227,0.34920634920634924,0.9012387690975061,0.0,0.09876123090249389,0.013125737494088999,0.8881130316034171,0.0,0.0,0.0,0.0
2024,87416,MARIANO MORO,22,9,13,0,31787.6,31787.6,1444.890909090909,407.0,578.6,407.0,0.554233840754371,0.47188211755527315,9.665526176908136,0.4393420989503698,0.8258972671495737,0.4738199801180335,0.6239316239316239,0.8690495664976281,0.0,0.130950433502372,0.12583523134807284,0.7432143351495553,0.0,0.0,0.0,0.0
2024,87424,PONTÃO,22,9,13,0,73282.03,73282.03,3331.0013636363637,2324.46,2950.0,1800.0,0.3662174689409472,0.38969990323685083,13.605596254487981,0.6184361933858173,0.9213562431205863,0.4387284304214826,0.7435897435897436,0.44699908012919404,0.1362286224876685,0.3327407824264693,0.0,0.44699908012919404,0.0840315149566681,0.0,0.0,0.0
2024,87432,MATA,36,9,27,0,86894.85,86894.85,2413.7458333333334,2120.0,2580.0,2000.0,0.22296953348405202,0.21089857454152922,30.260845117347785,0.8405790310374385,0.9768512169046278,0.25779433418666353,0.5884773662551441,0.5668230050457536,0.18161030256683797,0.2515666923874084,0.0,0.5668230050457536,0.0,0.0,0.0,0.0
2024,87440,PONTE PRETA,22,9,13,0,47159.7,47159.7,2143.622727272727,1863.335,1500.0,2060.0,0.2348038300035451,0.250327080112893,18.47937849276646,0.8399717496712028,0.9707030470947418,0.3727551277891929,0.3205128205128205,0.7103522711128358,0.010602272703176653,0.27904545618398763,0.0,0.7103522711128358,0.0,0.0,0.0,0.0
2024,87459,MAXIMILIANO DE ALMEIDA,30,9,21,0,61271.8,61271.8,2042.3933333333334,2025.0,1986.15,2089.49,0.24830606140725986,0.22263912599270788,23.21575389252217,0.7738584630840724,0.9645424342184703,0.33636077281881716,0.4841269841269841,0.6968948194764965,0.11167127455044572,0.19143390597305773,0.0326414435351989,0.6642533759412976,0.0,0.0,0.0,0.0
2024,87467,PORTO MAUÁ,25,9,16,1,44436.8,44436.8,1777.4720000000002,1480.0,1440.0,1490.0,0.3951510459799086,0.26644582868253336,16.693937510900064,0.6677575004360026,0.9173960343180315,0.3696260756850178,0.48611111111111105,0.6937898318510783,0.08630234400316854,0.21990782414575305,0.0,0.6937898318510783,0.0,0.0,0.0,0.0
2024,87475,MIRAGUAÍ,41,9,32,1,98978.89,98978.89,2414.119268292683,2000.0,2347.2200000000003,1861.0,0.2911610994932796,0.2629056559434037,31.498594043970765,0.7682583913163601,0.9606694086554788,0.24369145784520313,0.6475694444444444,0.5371185714448807,0.25322803680663625,0.15019424849076404,0.06061898653339111,0.47649958491148964,0.059459143257718894,0.0,0.0,0.0
2024,87483,PORTO VERA CRUZ,26,9,17,0,55443.0,55443.0,2132.423076923077,2047.5,2100.0,1870.0,0.22041278707584633,0.22538462925887848,21.806375588077756,0.838706753387606,0.9734206664074988,0.38572948794257167,0.6470588235294119,0.574326786068575,0.14176722038850711,0.2788557617733528,0.0,0.574326786068575,0.005050231769565139,0.0,0.0,0.0
2024,87491,MONTENEGRO,93,10,83,11,626149.3899999999,626149.3899999999,6732.789139784945,4860.4,14315.14,4000.0,0.5409135051466272,0.38313514926525766,42.63974457078933,0.4584918771052616,0.887320451316318,0.25417800055670425,0.8789156626506024,0.6417935502580304,0.219355879273475,0.13783643548706487,0.004791188888645249,0.6370023613693852,0.0,0.001014134981429911,0.0,0.0
2024,87505,PRESIDENTE LUCENA,23,9,14,0,55242.0,55242.0,2401.8260869565215,2075.0,2075.0,2038.5,0.18590612372753568,0.2309836718438869,20.25876059302231,0.8808156779574917,0.9808478563384201,0.38293327540639366,0.48015873015873023,0.8555265920857319,0.007602910828717281,0.0890807718764708,0.0,0.8555265920857319,0.04778972520908005,0.0,0.0,0.0
2024,87513,MOSTARDAS,39,9,30,0,202620.83000000002,202620.83000000002,5195.405897435898,3662.5,10851.0,2961.8,0.4763025193158661,0.30451341059060905,21.608912038632482,0.5540746676572431,0.8980233431765424,0.4771719176157752,0.9296296296296297,0.35398631029198724,0.48217095942208904,0.1638427302859237,0.03911246439963749,0.31487384589234974,0.0,0.0,0.0,0.0
2024,87521,QUEVEDOS,35,9,26,4,72988.5,72988.5,2085.385714285714,2000.0,2467.0,1700.0,0.49175809496407963,0.35587798077779376,17.588994262149495,0.5025426932042713,0.8639734002839067,0.44249436555073746,0.7585470085470085,0.6874507627913986,0.12159449776334628,0.19095473944525507,0.02740157696075409,0.6600491858306445,0.0,0.0,0.0,0.0
2024,87530,MUÇUM,31,9,22,0,356187.45,356187.45,11489.917741935484,2368.5,5000.0,1389.0,0.7537869682508918,0.7334452687763142,5.266165662302829,0.16987631168718803,0.6426114524207357,0.24878052272756943,0.6287878787878789,0.184821222645548,0.02478189503869381,0.7901161312673987,0.09826286692582796,0.08655835571972005,0.00028075104835950844,0.0,0.0,0.0
2024,87548,RIO DOS ÍNDIOS,18,9,9,0,38802.14,38802.14,2155.6744444444444,1790.0,1700.0,1880.0,0.18580143603763433,0.18222165066153567,16.110037403660943,0.8950020779811635,0.9808198863369716,0.48388800205349497,0.46296296296296297,0.2878861835970903,0.04059054474830512,0.6715232716546047,0.0,0.2878861835970903,0.0,0.0,0.0,0.0
2024,87556,NÃO-ME-TOQUE,38,9,29,0,355038.13999999996,355038.13999999996,9343.10894736842,11239.0,15650.560000000001,9390.56,0.3977706258766869,0.2399777105637158,25.05397238322335,0.6593150627164039,0.9199578533829156,0.34943248632386376,0.7758620689655171,0.5748678156098949,0.059377367175256164,0.04488495236032952,0.02816598802596251,0.5467018275839323,0.32086986485451957,0.0,0.0,0.0
2024,87564,SAGRADA FAMÍLIA,31,9,22,2,64637.1,64637.1,2085.067741935484,410.0,2123.04,410.0,0.5725972615048154,0.43381045869941565,13.496154481915575,0.43535982199727663,0.831724031073381,0.32847018198526856,0.6338383838383838,0.6825337151573941,0.16100768753548658,0.1564585973071193,0.0,0.6825337151573941,0.0,0.0,0.0,0.0
2024,87572,NONOAI,53,9,44,0,175781.03999999998,175781.03999999998,3316.6233962264146,2500.0,5130.38,1910.0,0.32601315003050213,0.2506976861668358,38.6473685842388,0.7291956336648829,0.955940129941762,0.27883769489587734,0.8547979797979798,0.6317518658440069,0.18389127746655728,0.1843568566894359,0.017066687055668803,0.6146851787883381,0.0,0.0,0.0,0.0
2024,87580,SALVADOR DAS MISSÕES,21,9,12,0,84694.35,84694.35,4033.064285714286,3376.0,4450.0,2995.0,0.24893604107565848,0.29482899390573275,16.589714114290025,0.7899863863947632,0.9633886248532159,0.576335375382183,0.9027777777777778,0.5810458430816223,0.2642525741091347,0.15470158280924287,0.0,0.5810458430816223,0.0,0.0,0.0,0.0
2024,87599,NOVA ARAÇÁ,36,9,27,0,120284.9,120284.9,3341.2472222222223,2831.5,3390.0,2790.0,0.2730632301588425,0.23069396075484122,28.38707138026208,0.7885297605628355,0.966200327023181,0.27534628203540096,0.6049382716049383,0.7296751296297374,0.06593512568909315,0.13317548586730338,0.02909758415229177,0.7005775454774457,0.07121425881386609,0.0,0.0,0.0
2024,87602,SANTA CLARA DO SUL,51,9,42,0,96292.0,96292.0,1888.078431372549,1939.2,2000.0,1939.2,0.35779039734532936,0.27363851617995266,35.764030908351685,0.7012555080068958,0.9467130521561984,0.23614007394176048,0.6441798941798942,0.48801561915839314,0.1957587338512026,0.28619199933535494,0.0,0.48801561915839314,0.030033647655049227,0.0,0.0,0.0
2024,87610,NOVA BASSANO,20,9,11,0,59514.15,59514.15,2975.7075,2500.0,3000.0,2084.66,0.26831640038545457,0.22683681107770168,15.418494226573676,0.7709247113286838,0.9580666610119686,0.5883810824820652,0.7373737373737372,0.6721090698598569,0.06394546507007157,0.26394546507007155,0.0,0.6721090698598569,0.0,0.0,0.0,0.0
2024,87629,SANTA TEREZA,16,9,7,8,11070.0,11070.0,691.875,435.0,900.0,0.0,0.6282181571815719,0.46070460704607047,6.06751036050087,0.37921939753130435,0.7033202237669135,0.5329719963866305,0.5634920634920635,0.22583559168925021,0.20776874435411022,0.5663956639566395,0.0,0.22583559168925021,0.0,0.0,0.0,0.0
2024,87637,NOVA BRÉSCIA,17,9,8,0,47578.0,47578.0,2798.705882352941,2077.0,1790.0,2750.0,0.2687327064164604,0.2816427760729749,12.316753158371988,0.7245148916689405,0.946759471616516,0.3505611837403842,0.027777777777777776,0.6027996132666359,0.1786539997477826,0.061583084618941526,0.0,0.6027996132666359,0.15696330236664005,0.0,0.0,0.0
2024,87645,SANTO ANTÔNIO DO PALMA,35,9,26,0,69436.0,69436.0,1983.8857142857144,1591.0,2411.0,1527.0,0.1572267987787317,0.17244656950285156,31.939367485324716,0.9125533567235633,0.9873407253912913,0.29520709718301746,0.6517094017094016,0.8515035428308082,0.06784665015265856,0.037444553257676136,0.0,0.8515035428308082,0.04320525375885708,0.0,0.0,0.0
2024,87653,NOVA PALMA,30,9,21,0,70962.0,70962.0,2365.4,2086.25,2277.5,2000.0,0.22074678466409248,0.22822073785969957,23.80012409315326,0.7933374697717753,0.9703083252579936,0.33507370141766013,0.6296296296296297,0.6972175248724669,0.10601448662664524,0.19676798850088778,0.0,0.6972175248724669,0.0,0.0,0.0,0.0
2024,87661,SANTO ANTÔNIO DO PLANALTO,31,9,22,1,78300.53,78300.53,2525.8235483870967,2300.0,2500.0,2213.3,0.27932775950435085,0.2653283445207842,24.048859304136542,0.7757696549721466,0.9574185449311484,0.3051579599780487,0.6161616161616161,0.36103970177468786,0.3075800380916962,0.33138026013361593,0.0,0.36103970177468786,0.0,0.0,0.0,0.0
2024,87670,NOVA PETRÓPOLIS,66,9,57,7,171762.5,171762.5,2602.462121212121,1500.0,2800.0,1500.0,0.5057832675051219,0.3237348082381195,33.24604494231807,0.5037279536714859,0.8926649965068678,0.21090459209664508,0.6569200779727096,0.7802518011789535,0.10562550032748708,0.11412269849355942,0.0,0.7802518011789535,0.0,0.0,0.0,0.0
2024,87688,SANTO EXPEDITO DO SUL,20,9,11,0,47308.0,47308.0,2365.4,2071.0,1901.0,2456.0,0.22673120825230408,0.22725543248499197,16.30300625365271,0.8151503126826356,0.9678548617475461,0.42462162847721313,0.40909090909090917,0.5844466052253319,0.17550942758095883,0.2400439671937093,0.0,0.5844466052253319,0.0,0.0,0.0,0.0
2024,87696,NOVA PRATA,70,11,59,1,382504.78,382504.78,5464.354,4350.889999999999,5093.68,3855.0,0.3751533943482448,0.2559602000267813,46.00196389538663,0.6571709127912376,0.9449427981028793,0.19728953452555548,0.6194144838212634,0.5742866010720179,0.20754561550838657,0.2066646591972001,0.022221944520536448,0.5520646565514815,0.004967258186943441,0.006535866035451896,0.0,0.0
2024,87700,SÃO JOÃO DO POLÊSINE,27,9,18,3,44262.8,44262.8,1639.3629629629631,1697.0,1729.3,1672.45,0.24781967233416302,0.1865968714134668,22.17448519486419,0.8212772294394144,0.9509480099367545,0.40193119278491185,0.6388888888888888,0.5738453057646601,0.1117868729497456,0.303071653849282,0.0,0.5738453057646601,0.0,0.0,0.0,0.011296167436312208
2024,87718,NOVO HAMBURGO,151,14,137,27,1632931.0500000003,1632931.0500000003,10814.112913907287,4335.45,23372.83,3645.0,0.6505074728834854,0.4577233435545241,50.79427080938168,0.3363858993998787,0.8478112813621255,0.26793714896902715,0.8832116788321167,0.6027560992241527,0.2547340501609054,0.10885319377079637,0.018258578646048768,0.5844975205781039,0.02774152650229781,0.005760806618258621,0.0,0.00015432372358894147
2024,87726,SÃO JOSÉ DOS AUSENTES,33,9,24,1,62640.96,62640.96,1898.2109090909091,1500.0,2200.0,1350.0,0.422994987963341,0.3468842112253708,17.397152860283477,0.5271864503116205,0.9053381877381548,0.37688566714175514,0.5879629629629629,0.7103977972240527,0.09172911781684061,0.1601188742956685,0.0,0.7103977972240527,0.037754210663438106,0.0,0.0,0.0
2024,87734,OSÓRIO,87,13,74,0,583877.9,583877.9,6711.2402298850575,5000.0,10460.0,4440.5,0.42731815408115525,0.29973626335232073,51.239144148689874,0.5889556798699985,0.9323986102225902,0.284940635704828,0.8305613305613305,0.6794073212909754,0.16357169880894618,0.11674158244386369,0.011718203412048992,0.6676891178789264,0.03897775545195322,0.0013016420042615074,0.0,0.0
2024,87742,SÃO JOSÉ DO INHACORÁ,31,9,22,0,62253.01,62253.01,2008.161612903226,1700.0,1650.0,1763.35,0.163604660732793,0.20468889777377833,28.300226828450928,0.9129105428532557,0.9869822378222463,0.25382403196247055,0.30808080808080807,0.5817935550425594,0.1084284920520309,0.3097779529054097,0.0,0.5817935550425594,0.0,0.0,0.0,0.0
2024,87750,PAIM FILHO,24,9,15,0,58103.490000000005,58103.490000000005,2420.97875,2315.005,2315.01,2315.0000000000005,0.1083330866470611,0.17840580660473232,23.021952808535506,0.9592480336889794,0.993723156483295,0.40597406455274887,0.6222222222222222,0.58118453814048,0.05254348749102678,0.1433731433344193,0.0,0.58118453814048,0.22289659364695646,0.0,0.0,2.2373871173659273e-06
2024,87769,SÃO JOSÉ DAS MISSÕES,28,9,19,2,45051.05,45051.05,1608.9660714285715,1972.0,1200.0,1972.0,0.19501840531067338,0.15560125679645645,24.440571824232556,0.8728775651511628,0.9678557278516432,0.3148217411136921,0.4239766081871345,0.3837435531469299,0.2369978058225058,0.37925864103056417,0.0,0.3837435531469299,0.0,0.0,0.0,0.0
2024,87777,PALMEIRA DAS MISSÕES,85,13,72,9,702506.94,702506.94,8264.787529411764,6566.76,11889.18,5765.0,0.4558058091714994,0.303316903887099,49.44511950758679,0.5817072883245504,0.9185940593610126,0.2673271241989439,0.780982905982906,0.641951907265144,0.2661351502093346,0.086945020073396,0.0017793418524804895,0.6401725654126635,0.004967922452125527,0.0,0.0,0.0
2024,87785,SÃO MARTINHO DA SERRA,43,9,34,1,59344.46,59344.46,1380.1037209302326,1205.01,1475.0,831.25,0.4400649173270923,0.3022609018600894,26.101643246524805,0.6070149592215071,0.9149590769649694,0.3081133436886948,0.7418300653594772,0.5197649452029727,0.08054871507803761,0.3996838121031011,0.0,0.5197649452029727,0.0,0.0,0.0,2.527615888660879e-06
2024,87793,PALMITINHO,54,9,45,0,133603.08999999997,133603.08999999997,2474.1312962962957,2175.0,2175.0,2175.0,0.2101373179317929,0.2164037523383629,44.83397739063744,0.8302588405673601,0.9792010089519978,0.14676995868882975,0.4444444444444444,0.5569856954655766,0.0643697686932241,0.13027393303553086,0.03772367839695924,0.5192620170686174,0.24837060280566872,0.0,0.0,0.0
2024,87807,SÃO PEDRO DA SERRA,17,9,8,0,38917.0,38917.0,2289.235294117647,1500.0,3100.0,1425.0,0.2847387124030176,0.21070483336331167,13.236346122768627,0.778608595456978,0.9511394883899399,0.5920805817509057,0.6111111111111112,0.35945730657553254,0.09378934655805946,0.546753346866408,0.0,0.35945730657553254,0.0,0.0,0.0,0.0
2024,87815,PANAMBI,104,13,91,5,403120.29999999993,403120.29999999993,3876.1567307692303,2470.45,8672.0,2407.0,0.5001668298520319,0.3704492678736348,49.57695490012569,0.4767014894242855,0.9059159495612553,0.27220053170232317,0.8368554522400676,0.8248326120019261,0.05139805660990032,0.06518880344155331,0.034518231902486686,0.7903143800994394,0.058580527946620414,0.0,0.0,0.0
2024,87823,SÃO PEDRO DO BUTIÁ,18,9,9,0,67390.0,67390.0,3743.8888888888887,2260.0,2300.0,2200.0,0.3732914543865724,0.3131028342484048,11.038016817776473,0.6132231565431374,0.911303120449949,0.4395310876984716,0.4814814814814815,0.7112924766285799,0.05221026858584359,0.23649725478557648,0.0,0.7112924766285799,0.0,0.0,0.0,0.0
2024,87831,PARAÍ,18,9,9,0,65766.5,65766.5,3653.6944444444443,3805.5,4155.5,3780.0,0.2607579677934646,0.21086723483840558,14.504715368215816,0.8058175204564342,0.954629558326168,0.6184303558802734,0.8024691358024691,0.2736955744946135,0.3694738202580341,0.3568306052473524,0.007602654847072597,0.26609291964754095,0.0,0.0,0.0,0.0
2024,87840,SÃO VALENTIM DO SUL,28,9,19,0,64621.85,64621.85,2307.923214285714,2227.5,2800.0,1665.0,0.17574548259274092,0.17742218769657633,25.199740872716863,0.8999907454541737,0.9837680110051893,0.384034192769164,0.7836257309941521,0.8845305419142288,0.0,0.09451679269473097,0.17269700573412863,0.7118335361801001,0.020952665391040338,0.0,0.0,0.0
2024,87858,PASSO FUNDO,217,21,196,4,3478797.93,3478797.93,16031.326866359448,5803.98,43490.0,4967.1849999999995,0.6016752670772554,0.4103564474640239,83.02419037713513,0.3825999556550006,0.882678202663524,0.29086744627331657,0.9084062196307093,0.6908518454821547,0.20275029599089128,0.06479408535235043,0.03428345434251767,0.656568391139637,0.03762414564849416,0.003979627526109284,0.0,0.0
2024,87866,SÃO VALÉRIO DO SUL,23,9,14,0,75123.6,75123.6,3266.24347826087,2500.0,2740.5,2500.0,0.4376810205187647,0.3766792326246346,11.932630196175193,0.5188100085293562,0.889465139830655,0.48130813752269586,0.5476190476190477,0.59722377521844,0.20033651209473452,0.1691612223056403,0.039934188457422165,0.5572895867610178,0.0,0.03327849038118514,0.0,0.0
2024,87874,PEDRO OSÓRIO,53,9,44,0,101745.0,101745.0,1919.7169811320755,1644.44,2368.0,1520.0,0.37354826578098965,0.26461939161629566,36.64476064915843,0.691410578286008,0.9416105388737043,0.20365560961226598,0.6578282828282829,0.6500781365177651,0.140734188412207,0.209187675070028,0.02356105951152391,0.6265170770062412,0.0,0.0,0.0,0.0
2024,87882,SENTINELA DO SUL,45,9,36,12,77938.40000000001,77938.40000000001,1731.9644444444446,690.0,2225.0,600.0,0.5833828881384389,0.3711508062777783,20.25746386827833,0.4501658637395184,0.8375153466690527,0.29845108444617796,0.7083333333333333,0.5388871211110312,0.3680162795233158,0.09149276864806051,0.0,0.5388871211110312,0.0016038307175923548,0.0,0.0,0.0
2024,87890,PEJUÇARA,21,9,12,0,54205.5,54205.5,2581.214285714286,1551.0,1551.0,2000.0,0.3412173514284924,0.3180120098513988,14.782145876028174,0.703911708382294,0.9340391046680009,0.3593270055621662,0.43518518518518523,0.9407347962845098,0.0036896624881238987,0.05557554122736623,0.0,0.9407347962845098,0.0,0.0,0.0,0.0
2024,87904,SÉRIO,37,9,28,1,88999.98999999999,88999.98999999999,2405.405135135135,2806.0,2806.0,2680.705,0.28501364271334584,0.2169213726877947,29.068740609691478,0.7856416380997697,0.958851792813743,0.2955552017477755,0.6249999999999999,0.6017752361545209,0.08988765054917423,0.3083371132963049,0.02247191263729356,0.5793033235172274,0.0,0.0,0.0,0.0
2024,87912,PELOTAS,252,21,231,11,4803766.14,4803766.14,19062.564047619046,8420.335,63212.0,7497.8,0.603510000500473,0.4067829288625612,100.92495054963074,0.4004958355144077,0.885926616722032,0.25757398548131655,0.9204287775716347,0.644493545224914,0.23891162820011888,0.08510877467486376,0.009709673335596641,0.6347838718893173,0.029888232652391364,0.0015029874039621755,0.0,9.483184374999572e-05
2024,87920,SERTÃO SANTANA,33,9,24,0,85561.0,85561.0,2592.757575757576,2300.0,2200.0,2400.0,0.235556910841211,0.23679012634260937,27.192025913864974,0.8240007852686356,0.97334855645118,0.2466193709750938,0.4861111111111111,0.6131298138170428,0.2614510115590047,0.1254191746239525,0.06486600203363682,0.548263811783406,0.0,0.0,0.0,0.0
2024,87939,PINHEIRO MACHADO,52,9,43,0,218834.13999999998,218834.13999999998,4208.348846153845,3137.17,5150.0,2500.0,0.437951827527741,0.32921051532452844,30.470949910337087,0.5859798059680209,0.92089566894884,0.28084114297705104,0.7700258397932817,0.6024302240957466,0.20824026817753394,0.1561536970419698,0.0,0.6024302240957466,0.033175810684749646,0.0,0.0,0.0
2024,87947,SINIMBU,61,9,52,6,133812.15,133812.15,2193.6418032786883,1000.0,2500.0,1000.0,0.5614341313305355,0.41603098074427475,23.19305712195202,0.3802140511795413,0.8595671401216707,0.3133684048870002,0.6570512820512822,0.8838479913819486,0.0052084209094615105,0.11094358770859,0.0,0.8838479913819486,0.0,0.0,0.0,0.0
2024,87955,PIRATINI,47,9,38,1,209771.91000000003,209771.91000000003,4463.232127659575,3114.0,6536.6,2643.3,0.4926438637819488,0.34169675053251886,23.46926060893645,0.49934597040290324,0.8914711831160859,0.3612523716831295,0.8114035087719299,0.6649646752036532,0.14919538083054112,0.1858399439658055,0.0007651167403681454,0.6641995584632852,0.0,0.0,0.0,0.0
2024,87963,TIRADENTES DO SUL,46,9,37,0,93667.07000000002,93667.07000000002,2036.2406521739135,1398.75,2255.0,1397.5,0.44679933476319245,0.3682190549997987,23.97210929523188,0.5211328107659104,0.9087925922783016,0.22241754759703697,0.6381381381381381,0.7069955321544699,0.12376281226689377,0.16924165557863607,0.13148697829450626,0.5755085538599637,0.0,0.0,0.0,0.0
2024,87971,PLANALTO,43,9,34,1,88403.79000000001,88403.79000000001,2055.902093023256,1030.0,2500.0,977.5,0.5230638051909047,0.4267916567830406,16.78125598850589,0.3902617671745556,0.865231762290551,0.398311995447254,0.6486928104575164,0.5938659417203719,0.013425216271836307,0.3763068302840862,0.0,0.5938659417203719,0.01640201172370551,0.0,0.0,0.0
2024,87980,TRAVESSEIRO,13,9,4,2,12858.0,12858.0,989.0769230769231,642.0,642.0,1195.0,0.419074625794178,0.3733084461035931,7.746961276571698,0.5959200981978229,0.8634248384620132,0.678021465235651,0.4861111111111111,0.2333177788147457,0.24965002333177788,0.5170321978534764,0.0,0.2333177788147457,0.0,0.0,0.0,0.0
2024,87998,PORTÃO,70,11,59,4,316581.12,316581.12,4522.587428571428,3000.0,8000.0,2550.0,0.4660948890445522,0.3579588700678044,32.8070108955773,0.46867158422253286,0.9035978148068919,0.36065239771721064,0.9106317411402156,0.6861326727253982,0.22830158033429157,0.08556574694031027,0.026028084049990095,0.6601045886754081,0.0,0.0,0.0,0.0
2024,88005,TRÊS FORQUILHAS,29,9,20,0,115317.84999999999,115317.84999999999,3976.4775862068964,3604.0,4343.0,3466.5299999999997,0.23106522986026312,0.21783514000651244,23.377499383481375,0.8061206683959095,0.9710740054868509,0.2962424290775453,0.5944444444444444,0.4999264207579313,0.22461431599704645,0.19188269639088834,0.023695204168305256,0.476231216589626,0.08357656685413403,0.0,0.0,0.0
2024,88013,PORTO ALEGRE,511,35,476,11,29618056.409999996,29618056.409999996,57960.971448140896,22711.01,226072.5,20691.04,0.6510225454150826,0.5000053799951556,148.66798267953152,0.29093538684839826,0.8740639269981385,0.2947601905117717,0.9489795918367346,0.7325399404896333,0.1941147126743554,0.04147192351167516,0.04654848147073268,0.6859914590189007,0.02115616572964722,0.010565586940213409,0.0,0.00015167065447560207
2024,88021,TUPANCI DO SUL,22,9,13,1,63337.0,63337.0,2878.9545454545455,2000.0,2439.0,1435.0,0.4550384882023577,0.41050254985237694,11.828443990266434,0.5376565450121107,0.8843781904406894,0.44760566493518794,0.6752136752136753,0.8078216524306487,0.033155975180384295,0.15902237238896696,0.0,0.8078216524306487,0.0,0.0,0.0,0.0
2024,88030,PORTO LUCENA,24,9,15,0,72301.0,72301.0,3012.5416666666665,2595.0,3095.0,2595.0,0.1782530670391833,0.2234823861357381,21.257880844376437,0.8857450351823516,0.9822999446921552,0.45833390962780596,0.7481481481481481,0.5766033664817914,0.25142805770321297,0.1614569646339608,0.013831067343466895,0.5627722991383245,0.01051161118103484,0.0,0.0,0.0
2024,88048,UNIÃO DA SERRA,23,9,14,0,27960.0,27960.0,1215.6521739130435,978.0,978.0,978.0,0.40707221496547863,0.3087982832618026,14.88787270072192,0.647298813074866,0.9082227402177914,0.37448140200286123,0.5,0.7118025751072962,0.00715307582260372,0.2810443490701001,0.0,0.7118025751072962,0.0,0.0,0.0,0.0
2024,88056,PORTO XAVIER,26,9,17,0,161425.0,161425.0,6208.653846153846,6218.0,6554.0,5280.0,0.16490320582313767,0.19667957255691498,23.12797205973848,0.8895373869130184,0.9840385691703517,0.4188136905683754,0.7516339869281046,0.9293789685612514,0.033452067523617776,0.03174849001084095,0.01566671829022766,0.9137122502710237,0.0054204739042899176,0.0,0.0,0.0
2024,88064,VALE DO SOL,48,9,39,1,138982.63,138982.63,2895.4714583333334,1628.0,4000.0,1500.0,0.4834332489966551,0.37065588699825297,22.52440202348216,0.4692583754892117,0.8912959855261019,0.3695145932984575,0.8304843304843305,0.5490225649061325,0.09904726943215854,0.28531342369906226,0.005216479210387657,0.5438060856957448,0.06107756055558886,0.0,0.0,0.0055391814070578456
2024,88072,PUTINGA,24,9,15,0,73769.35,73769.35,3073.722916666667,2466.0,2497.0,2435.0,0.3310365630622112,0.30364914425842165,16.397454367729512,0.683227265322063,0.9374441273380769,0.5169403010871045,0.674074074074074,0.6235652069592588,0.1897515702659709,0.18668322277477026,0.0,0.6235652069592588,0.0,0.0,0.0,0.0
2024,88080,VALE REAL,38,9,29,0,113532.16,113532.16,2987.688421052632,2525.0,999.48,2550.0,0.35623004367916056,0.3031178126092201,23.445367040392817,0.616983343168232,0.9359197796697561,0.14945668258227449,0.31800766283524906,0.7338301323607337,0.2193017379392764,0.04686812969998985,0.0,0.7338301323607337,0.0,0.0,0.0,0.0
2024,88099,QUARAÍ,126,11,115,4,575829.95,575829.95,4570.078968253968,3295.21,9850.0,2750.0,0.4803359644024754,0.29731378161208877,70.30804572973867,0.5580003629344339,0.921386325155372,0.18075169587827103,0.8553359683794466,0.6060780791273536,0.21717399381536168,0.1722674376350171,0.012368234754027645,0.593709844373326,0.004480489422267807,0.0,0.0,0.0
2024,88102,VILA NOVA DO SUL,28,9,19,0,52251.0,52251.0,1866.107142857143,1450.0,1500.0,1220.0,0.369479599843612,0.27367897265124114,18.48590134385433,0.6602107622805118,0.9323885307100009,0.40047080438651894,0.6345029239766082,0.5633193623088554,0.020076170790989646,0.416604466900155,0.0,0.5633193623088554,0.0,0.0,0.0,0.0
2024,88110,REDENTORA,47,9,38,12,127363.0,127363.0,2709.851063829787,2414.0,4000.0,2401.5,0.4542543084676218,0.25737459073671315,27.77789083066238,0.5910189538438804,0.8924380657310987,0.21340577718803735,0.5248538011695907,0.7922120239001907,0.18953306690326077,0.018254909196548447,0.0,0.7922120239001907,0.0,0.0,0.0,0.0
2024,88129,VITÓRIA DAS MISSÕES,22,9,13,0,56959.95,56959.95,2589.0886363636364,2622.675,3000.0,2500.0,0.33603383525697383,0.2861659815361495,16.122958694957045,0.7328617588616839,0.9396425871026474,0.4588311611930839,0.5341880341880341,0.7838770925887399,0.12052942462203707,0.09559348278922296,0.05266858555880053,0.7312085070299394,0.0,0.0,0.0,0.0
2024,88137,RESTINGA SÊCA,41,9,32,0,148888.86,148888.86,3631.435609756097,2750.0,2950.0,2123.3599999999997,0.39869372788633295,0.40103564497706545,20.564519805573905,0.5015736537944855,0.9133425032008264,0.25523669131458193,0.6822916666666666,0.7855214956982007,0.1092492749289638,0.10522922937283556,0.014977614846402882,0.7705438808517978,0.0,0.0,0.0,0.0
2024,88145,XANGRI-LÁ,59,9,50,0,360337.61,360337.61,6107.417118644067,4102.99,11634.04,3548.2400000000002,0.45381366620155705,0.3186171435171588,32.838500489956516,0.5565847540670595,0.9157709089436636,0.3129205691296005,0.9022222222222221,0.5216118017766728,0.3116088825698766,0.13957510569046624,0.04440280324887541,0.47720899852779736,0.02720420996298444,0.0,0.0,0.0
2024,88153,RIO GRANDE,267,21,246,12,2547313.6900000004,2547313.6900000004,9540.500711610488,3958.8599999999997,29692.45,3560.42,0.6590815615231045,0.5597570081759344,52.42397988034214,0.1963444939338657,0.8356995515397033,0.3580471001983269,0.9154084397986836,0.5954296151095548,0.27753232072489664,0.11519287206437459,0.03058987210954768,0.564839743000007,0.011774529425938112,4.710845015715359e-05,0.0,2.3554225078576794e-05
2024,88161,BOA VISTA DO SUL,23,9,14,0,64605.7,64605.7,2808.9434782608696,2832.0,2951.0,2832.0,0.13504784979599682,0.20635950078708226,21.354399050127565,0.928452132614242,0.9889958999598618,0.42598408499559637,0.5595238095238094,0.5562047930755336,0.0,0.44379520692446645,0.0,0.5562047930755336,0.0,0.0,0.0,0.0
2024,88170,RIO PARDO,109,13,96,12,595828.5299999999,595828.5299999999,5466.3167889908245,4375.0,12197.0,3814.2,0.48065750876470115,0.28694470202694056,61.323030770733524,0.562596612575537,0.9134715216802208,0.23228132429308146,0.8341346153846154,0.7725134947801174,0.14520301671355015,0.07175562741179918,0.009230843645570313,0.7632826511345471,0.010327635704184894,0.0,0.0,0.0002002253903484615
2024,88188,DILERMANDO DE AGUIAR,46,9,37,0,142067.49,142067.49,3088.4236956521736,2732.75,4468.5,2160.0,0.3855475233147534,0.2790434321039951,28.250146085042953,0.6141336105444121,0.9324575012917568,0.34525140128821874,0.7972972972972973,0.2921404467693489,0.43671849203501806,0.1695672950933391,0.0,0.2921404467693489,0.10157376610229406,0.0,0.0,0.0
2024,88196,ROCA SALES,43,9,34,0,139672.99,139672.99,3248.2090697674416,3198.66,3557.21,2769.785,0.418458276039277,0.27130499604826963,27.771116259157285,0.6458399130036578,0.9200937627207932,0.24606525570906732,0.576797385620915,0.9212972386429188,0.05746995177807821,0.021232809579003073,0.02144401720046231,0.8998532214424565,0.0,0.0,0.0,0.0
2024,88200,CAPIVARI DO SUL,43,9,34,4,134416.78999999998,134416.78999999998,3125.9718604651157,2337.83,5999.8,2079.625,0.5215494838246055,0.35690846359297834,21.356646851796338,0.4966662058557288,0.8719696582859411,0.339657568076131,0.7418300653594772,0.6423905079119954,0.1618919779292453,0.12081452026938005,0.0,0.6423905079119954,0.07490299388937945,0.0,0.0,0.0
2024,88218,RODEIO BONITO,33,9,24,0,93711.5,93711.5,2839.742424242424,2245.0,3000.0,2215.5,0.21203341849153734,0.24323055334724128,25.845316327610103,0.7831914038669728,0.9715666205627722,0.3609322228328434,0.6412037037037037,0.7575324266498775,0.07896576193956985,0.1604072072264343,0.0,0.7575324266498775,0.003094604184118278,0.0,0.0,0.0
2024,88226,NOVA CANDELÁRIA,22,9,13,0,78628.46,78628.46,3574.0209090909093,3298.33,3550.0,3060.0,0.3124081858585881,0.29300014269642316,16.62175378212379,0.7555342628238086,0.9496787773292952,0.5042976805090675,0.6666666666666666,0.6497729956812075,0.04050696147425499,0.30972004284453747,0.010735934545837473,0.6390370611353701,0.0,0.0,0.0,0.0
2024,88234,ROLANTE,74,9,65,6,194124.2,194124.2,2623.3,1498.5349999999999,5500.0,1100.0,0.527282090816364,0.4126613786431573,29.31673282066575,0.3961720651441317,0.8797899598957523,0.2982480803526814,0.882051282051282,0.4624951448608674,0.2294005075101404,0.30406049323062245,0.0,0.4624951448608674,0.004043854398369703,0.0,0.0,0.0
2024,88242,FLORIANO PEIXOTO,23,9,14,0,45538.39,45538.39,1979.93,1627.0,1750.0,1606.565,0.21854819732270436,0.2503382311056671,19.320904560408326,0.8400393287134055,0.9718139325821437,0.43633799965260084,0.6349206349206349,0.5697256754136455,0.09989373800874383,0.33038058657761066,0.0,0.5697256754136455,0.0,0.0,0.0,0.0
2024,88250,RONDA ALTA,26,9,17,0,88817.69,88817.69,3416.065,3100.465,4160.0,2730.0,0.22714765060186326,0.20993396698337907,22.264625699264382,0.8563317576640147,0.9753879905584905,0.4208266393778086,0.718954248366013,0.3989655664316421,0.37546371674381535,0.22557071682454247,0.0,0.3989655664316421,0.0,0.0,0.0,0.0
2024,88269,CHUVISCA,31,9,22,1,130971.34,130971.34,4224.881935483871,4000.0,6500.0,3185.25,0.3050498361431715,0.25285104359472843,23.932246269617206,0.7720079441812002,0.954351276858344,0.43855777912938815,0.8585858585858586,0.4985823616067454,0.27820773613524913,0.20248017619732683,0.007635258217561186,0.49094710338918424,0.02072972606067862,0.0,0.0,0.0
2024,88277,RONDINHA,18,9,9,0,57709.58,57709.58,3206.087777777778,3221.2799999999997,2825.0,3560.0,0.20302290653764365,0.1784798988313552,15.951617519802511,0.8862009733223617,0.9761681314169862,0.48174878417066974,0.40740740740740744,0.8016000116445138,0.1166244841844283,0.0817755041710579,0.0,0.8016000116445138,0.0,0.0,0.0,0.0
2024,88285,ESPERANÇA DO SUL,13,9,4,0,68827.14,68827.14,5294.3953846153845,6239.68,6257.4,5369.5,0.25195467950578787,0.23682518262417995,10.598026278457699,0.8152327906505922,0.9425539760523481,0.7386002091616767,0.7222222222222222,0.36250235009038584,0.5219182432976294,0.1090412880732804,0.0,0.36250235009038584,0.0065381185387043544,0.0,0.0,0.0
2024,88293,ROQUE GONZALES,20,9,11,0,72371.47,72371.47,3618.5735,3390.0,3580.0,3200.0,0.19593263063469624,0.1718909398966195,17.760634347181806,0.8880317173590904,0.9799705670184322,0.4968473073712611,0.6313131313131313,0.6411366246947865,0.10501375749311158,0.2538496178121019,0.02072639950521939,0.6204102251895671,0.0,0.0,0.0,0.0
2024,88307,DOUTOR RICARDO,28,9,19,0,55134.65000000001,55134.65000000001,1969.094642857143,1766.0,1918.22,1766.0,0.12319628271098892,0.1517778747121819,26.676941491498198,0.9527479104106499,0.9928013152365915,0.3307457288656045,0.5321637426900585,0.5259850203093698,0.26426611940041334,0.20974886029021675,0.0,0.5259850203093698,0.0,0.0,0.0,0.0
2024,88315,ROSÁRIO DO SUL,104,13,91,0,621950.71,621950.71,5980.295288461538,3310.175,14328.4,2801.9,0.4947200860177492,0.3411916355879713,53.332783544778934,0.5128152263921051,0.912906815941972,0.3000765928862755,0.9163144547759933,0.33340142018649677,0.3695291062534522,0.21718918851302538,0.013685971996076667,0.31971544819042014,0.07988028504702567,0.0,0.0,0.0
2024,88323,HERVEIRAS,29,9,20,0,108195.64000000001,108195.64000000001,3730.884137931035,3450.0,2620.0,3676.8199999999997,0.2665219131336274,0.20641866899627376,23.39174752522483,0.8066119836284424,0.9638316596074515,0.3071528575458308,0.4138888888888889,0.6058488123920706,0.3084458856197902,0.06906877208730407,0.0,0.6058488123920706,0.0,0.013863774917362657,0.0,0.0027727549834725314
2024,88331,SALVADOR DO SUL,32,9,23,0,91470.0,91470.0,2858.4375,2383.39,3664.44,2240.0,0.3732700407237346,0.3162140592544003,20.874367735527432,0.6523239917352323,0.9283562295414929,0.40962577894391605,0.7318840579710145,0.4298677161911009,0.22383666775992128,0.21420378266098175,0.0,0.4298677161911009,0.13209183338799607,0.0,0.0,0.0
2024,88340,CARAÁ,50,9,41,0,167763.70999999996,167763.70999999996,3355.2741999999994,2749.08,3915.1,2624.5,0.2946725832422279,0.23601761072165137,36.84122356096285,0.7368244712192571,0.9622323744246535,0.22496790277229808,0.6964769647696477,0.6304659094627797,0.18983783799249557,0.1233437195684335,0.0,0.6304659094627797,0.056352532976291496,0.0,0.0,0.0
2024,88358,SANANDUVA,49,9,40,0,203567.90000000002,203567.90000000002,4154.446938775511,3617.5,4674.0,3040.0,0.3126625162254688,0.22596391670788957,36.969719212527565,0.754484065561787,0.9606880355942181,0.24686534566599153,0.7069444444444444,0.7466294047342433,0.09552095394214902,0.14680123929165648,0.04809206166591098,0.6985373430683324,0.011048402031951008,0.0,0.0,0.0
2024,88366,FAZENDA VILANOVA,34,9,25,1,57147.57,57147.57,1680.8108823529412,1322.5,1518.5,1308.5,0.30747883994738134,0.2987001897018543,22.95783883567645,0.6752305539904838,0.9457444189764908,0.35632451213586164,0.6733333333333333,0.5439076412172906,0.12865936381896903,0.11689035946760291,0.0,0.5439076412172906,0.21054263549613747,0.0,0.0,0.0
2024,88374,SANTA BÁRBARA DO SUL,39,9,30,0,187623.41999999998,187623.41999999998,4810.856923076923,4166.36,4365.0,4130.8099999999995,0.18165498332121444,0.1820150171018096,34.21064844047987,0.8771961138584583,0.9837774230410175,0.26823868789941047,0.5777777777777777,0.4487339586923637,0.40754453788338363,0.10527427759285062,0.0,0.4487339586923637,0.038447225831402074,0.0,0.0,0.0
2024,88382,ITAARA,47,9,38,11,74795.04000000001,74795.04000000001,1591.3838297872342,1317.06,1522.55,1075.0,0.5526201066103233,0.41184696204454196,19.33606093015093,0.4114055517053389,0.8466135608797848,0.4053684575875619,0.8011695906432749,0.45151937882511994,0.20274833732290268,0.3457322838519773,0.0,0.45151937882511994,0.0,0.0,0.0,0.0
2024,88390,SANTA CRUZ DO SUL,194,17,177,1,2195760.62,2195760.62,11318.353711340207,7335.0,23600.0,6900.0,0.5007634419516984,0.3681784765772873,92.95966254651209,0.47917351828099014,0.919011896367141,0.19802409517664088,0.8190428713858425,0.7155804397293545,0.18664999101769117,0.07525796231831501,0.0027325383037427823,0.7128479014256117,0.011800056783967642,0.010711550150671706,0.0,0.0
2024,88404,ESTRELA VELHA,18,9,9,0,51936.78,51936.78,2885.3766666666666,2272.0,2282.0,2076.32,0.28187147271484037,0.31284958366691196,10.878364925983156,0.6043536069990643,0.9294120690781287,0.624937086973817,0.6728395061728395,0.4131946570426584,0.2496512105679251,0.3371541323894165,0.0,0.4131946570426584,0.0,0.0,0.0,0.0
2024,88412,SANTA MARIA,258,21,237,40,2851267.01,2851267.01,11051.422519379845,4829.0,40000.0,3984.47,0.635789527096843,0.43911926017760095,90.87410996040336,0.3522252324046642,0.8698649555280503,0.2815350534287563,0.9269640345589713,0.7091896244399783,0.17574921543387834,0.09912909559459324,0.02208316505580444,0.687106459384174,0.00694202609947779,0.008990038432072344,0.0,0.0
2024,88420,BENJAMIN CONSTANT DO SUL,11,9,2,0,33700.0,33700.0,3063.6363636363635,4600.0,4600.0,2858.0,0.2791475586727814,0.27299703264094954,8.43637032463338,0.7669427567848527,0.9296637952595465,0.8303857566765579,0.5555555555555556,0.712166172106825,0.04053412462908012,0.24729970326409495,0.0,0.712166172106825,0.0,0.0,0.0,0.0
2024,88439,SANTANA DA BOA VISTA,47,9,38,2,121592.75,121592.75,2587.0797872340427,2180.0,3680.0,1950.0,0.39369289803594043,0.2754029331518532,29.04108732477449,0.6178954749952019,0.9290594434652533,0.3500702138902196,0.8421052631578947,0.6406631974357023,0.18645026122034414,0.17288654134395348,0.005756922184916453,0.6349062752507859,0.0,0.0,0.0,0.0
2024,88447,MAÇAMBARÁ,37,9,28,0,163665.63999999998,163665.63999999998,4423.395675675675,3985.0,6340.0,3618.0,0.30893320229139265,0.2192215177235735,28.46066822228066,0.7692072492508286,0.957222848221659,0.33996139935052955,0.7797619047619048,0.4786588070654293,0.3501538258121864,0.11839681193926838,0.0,0.4786588070654293,0.05279055518311602,0.0,0.0,0.0
2024,88455,SANT'ANA DO LIVRAMENTO,149,17,132,11,1088324.81,1088324.81,7304.193355704699,4389.0,18500.8,3571.275,0.5519670857188996,0.3679180482892786,65.99481044322442,0.44291819089412365,0.894945619447786,0.3153223438873915,0.9050802139037434,0.6189928446085871,0.24703938339878515,0.13375184380846744,0.06294076857441117,0.5560520760341758,0.0,0.00021592818416038865,0.0,0.0
2024,88463,DOM PEDRO DE ALCÂNTARA,22,9,13,4,33811.5,33811.5,1536.8863636363637,806.5,1692.5,358.0,0.5598115487871933,0.40149061709773304,10.531008176828909,0.4786821898558595,0.8182744435966046,0.49999260606598345,0.670940170940171,0.8300873963000754,0.08251630362450646,0.08739630007541813,0.03176434053502507,0.7983230557650504,0.0,0.0,0.0,0.0
2024,88471,SANTA ROSA,117,15,102,0,1344780.64,1344780.64,11493.851623931623,8998.0,19300.0,7241.635,0.47143686006155017,0.31966316082599167,62.79055239214351,0.5366713879670385,0.9204233501547353,0.27424998474100576,0.8457516339869281,0.6366322986327347,0.23689044184931163,0.09663596138623769,0.019705816109904736,0.6169264825228299,0.02956616032187971,0.00027513780983640573,0.0,0.0
2024,88480,UNISTALDA,17,9,8,0,99267.0,99267.0,5839.235294117647,6000.0,7000.0,4087.0,0.28675366910038824,0.2216245076410086,13.530914311957341,0.7959361359974907,0.9502044121462931,0.594346560286903,0.6666666666666666,0.4107749806078556,0.2643940080792207,0.32483101131292375,0.0,0.4107749806078556,0.0,0.0,0.0,0.0
2024,88498,SANTA VITÓRIA DO PALMAR,97,13,84,0,437822.05,437822.05,4513.629381443299,2900.42,6639.469999999999,1916.42,0.5290799262808814,0.365231879024823,41.87475940416166,0.4316985505583676,0.8935147055997525,0.26646828317577886,0.8278388278388278,0.6012011957826245,0.175659905662586,0.11789664316815474,0.0034260494646169604,0.5977751463180075,0.10524225538663481,0.0,0.0,0.0
2024,88501,TURUÇU,32,9,23,3,61997.3,61997.3,1937.415625,1900.2,1800.4,2000.0,0.32640811575665407,0.2300584057692835,24.154446166367475,0.7548264426989836,0.9407029068030387,0.2456639240741129,0.42995169082125606,0.426623417471406,0.30461003946946075,0.2687665430591332,0.0,0.426623417471406,0.0,0.0,0.0,0.0
2024,88510,SANTIAGO,85,13,72,1,676765.6900000001,676765.6900000001,7961.949294117648,5051.5,16700.0,3894.5,0.47423396106613014,0.32899840120441093,45.27574365746077,0.5326558077348326,0.9155326863467832,0.35135401146000766,0.8723290598290598,0.4250562111090472,0.26497083503154534,0.19000085539206335,0.0013446308130661882,0.423711580295981,0.11997209846734398,0.0,0.0,0.0
2024,88528,CRISTAL DO SUL,20,9,11,0,44040.0,44040.0,2202.0,1960.0,1960.0,1960.0,0.091462306993642,0.15236148955495005,18.993987018226974,0.9496993509113487,0.9921081682077207,0.46389645776566757,0.6363636363636364,0.15589918256130791,0.4251634877384196,0.3826067211625795,0.0,0.15589918256130791,0.03633060853769301,0.0,0.0,0.0
2024,88536,SANTO ÂNGELO,140,15,125,14,922811.3500000001,922811.3500000001,6591.509642857143,5000.0,14480.0,4833.0,0.5022166818974274,0.3157921822266273,72.77747219199046,0.5198390870856461,0.9098476030704334,0.24692483463711187,0.8816,0.7213468386577603,0.18381835030529262,0.07389401961733563,0.0845243179984728,0.6368225206592875,0.01993300147424498,0.0,0.0,0.0010077899453664065
2024,88544,MUITOS CAPÕES,20,9,11,0,85965.76,85965.76,4298.288,3439.5,6373.65,1045.11,0.46570809122143486,0.23738521011156072,11.59251545584879,0.5796257727924395,0.867864832535154,0.5348949395666368,0.6515151515151515,0.2559158437033535,0.0,0.7440841562966466,0.0348976150504573,0.22101822865289625,0.0,0.0,0.0,0.0
2024,88552,SANTO ANTÔNIO DA PATRULHA,69,13,56,0,374517.14,374517.14,5427.784637681159,4034.6000000000004,10651.93,3994.295,0.4310354030173671,0.3027361578164353,40.454109936159554,0.5862914483501385,0.9271495373482824,0.38796969345648635,0.8846153846153847,0.6358291906212892,0.21192242363059804,0.10706612786800625,0.041057132925878904,0.5947720576954102,0.04518225788010663,0.0,0.0,0.0
2024,88560,NOVA RAMADA,23,9,14,0,86172.95,86172.95,3746.65,3209.65,3776.0,3088.825,0.16130678756071903,0.21865330129698474,20.91069176189413,0.9091605113867014,0.9856448145270623,0.40249173319469744,0.5714285714285714,0.5534799493344489,0.20052301795400992,0.24599703271154116,0.0,0.5534799493344489,0.0,0.0,0.0,0.0
2024,88579,SANTO ANTÔNIO DAS MISSÕES,31,9,22,1,144967.18,144967.18,4676.36064516129,3149.99,4436.9,3039.995,0.44582513268220114,0.3571391124529014,18.093537172415257,0.5836624894327502,0.9037682801908908,0.3272306186821045,0.601010101010101,0.3767087143448607,0.35080733446011714,0.2015023676393512,0.0,0.3767087143448607,0.07098158355567102,0.0,0.0,0.0
2024,88587,JARI,30,9,21,3,83155.29000000001,83155.29000000001,2771.8430000000003,2375.0,2580.0,2141.95,0.3746659172254707,0.2899526897206419,18.47662546809702,0.615887515603234,0.9170641356887221,0.32733876581994964,0.6375661375661376,0.6294039741789127,0.1513217018424204,0.21927432397866686,0.01803853970084164,0.6113654344780711,0.0,0.0,0.0,0.0
2024,88595,SANTO AUGUSTO,45,9,36,0,139216.93,139216.93,3093.709555555555,2347.8,3807.8,1705.15,0.45147796639707827,0.40755194070146505,19.37821969191624,0.4306271042648053,0.8905806792295231,0.37964369707046414,0.8580246913580247,0.6026091797886939,0.011100158579850885,0.3684767362705097,0.008099589611694496,0.5945095901769993,0.017813925360945684,0.0,0.0,0.0
2024,88609,UBIRETAMA,29,9,20,0,60951.9,60951.9,2101.789655172414,1530.0,1340.0,1600.0,0.28198877679182965,0.2334627796672458,21.22436333372004,0.731874597714484,0.9570616380082143,0.36851845471593175,0.5166666666666666,0.46567539321989965,0.06747943870494603,0.4176260297053906,0.0,0.46567539321989965,0.049219138369763694,0.0,0.0,0.0
2024,88617,SANTO CRISTO,27,9,18,0,142731.40000000002,142731.40000000002,5286.348148148149,5119.0,5387.8,4625.0,0.12207212936975287,0.17251985197370723,25.41504351281333,0.9412979078819752,0.9916295786899131,0.3826123754128383,0.7654320987654321,0.44154965200369356,0.33208109778226785,0.2004464329502828,0.0,0.44154965200369356,0.025922817263755553,0.0,0.0,0.0
2024,88625,BARRA DO QUARAÍ,33,9,24,0,66187.0,66187.0,2005.6666666666667,1550.0,3311.0,1120.0,0.3921011679030626,0.29919772765044494,21.42358103409251,0.6491994252755307,0.9280777043938397,0.4800489522111593,0.8541666666666666,0.26634988744013177,0.4065299832293351,0.30672337468082855,0.0,0.26634988744013177,0.020396754649704626,0.0,0.0,0.0
2024,88633,SÃO BORJA,102,15,87,6,1046515.12,1046515.12,10259.952156862744,6247.280000000001,20761.95,5000.0,0.4941737729447404,0.37092674781421225,50.517906544606,0.4952735935745686,0.9087738890861714,0.32597639869742157,0.8896551724137932,0.6161626694891901,0.2440900614985859,0.11023957303168253,0.03033845320839703,0.585824216280793,0.0294839982818404,9.555523669834795e-06,0.0,1.4142175031355496e-05
2024,88641,CERRITO,49,9,40,0,114802.54,114802.54,2342.9089795918367,1361.0,3484.0,1008.8,0.5410811663652908,0.38035369252283097,21.466757888501913,0.43809709976534517,0.869590332416869,0.28086051057755346,0.7694444444444445,0.6536137615073673,0.1521790371537076,0.19420720133892508,0.0,0.6536137615073673,0.0,0.0,0.0,0.0
2024,88650,SÃO FRANCISCO DE ASSIS,42,11,31,0,151695.53999999998,151695.53999999998,3611.798571428571,2907.5,4010.91,2500.0,0.3272760343639951,0.32471864367271447,22.064157227954848,0.5253370768560678,0.9336413344630529,0.43313257594784926,0.8167155425219941,0.4628949539320668,0.19685285407863676,0.3402521919892965,0.0,0.4628949539320668,0.0,0.0,0.0,0.0
2024,88668,VALE VERDE,35,9,26,0,107403.75,107403.75,3068.6785714285716,2555.1,2640.0,2492.55,0.3953827629721629,0.3148307205288456,21.48425018494539,0.6138357195698684,0.9265788697136131,0.3247926631984451,0.5876068376068376,0.7977840624745411,0.06789334636825996,0.13432259115719888,0.0,0.7977840624745411,0.0,0.0,0.0,0.0
2024,88676,SÃO FRANCISCO DE PAULA,81,9,72,8,315726.91,315726.91,3897.8630864197526,2760.0,8497.0,2446.95,0.5369540646830546,0.40828642069185683,33.50175110113141,0.4136018654460668,0.8790369812811042,0.2373914215927936,0.9089506172839505,0.6502925265382037,0.13903300165323254,0.13475126336237858,0.0,0.6502925265382037,0.07592320844618534,0.0,0.0,0.0
2024,88684,NOVO CABRAIS,51,9,42,0,116460.88999999997,116460.88999999997,2283.5468627450973,2625.23,2000.0,2625.23,0.33427386787841606,0.2630258965048267,34.83124030079734,0.6829654960940655,0.9436809932544312,0.23929458206956863,0.544973544973545,0.7056038297491976,0.09115042826823667,0.20324574198256604,0.0,0.7056038297491976,0.0,0.0,0.0,0.0
2024,88692,SÃO GABRIEL,138,15,123,6,753477.9099999999,753477.9099999999,5459.984855072463,3581.0,8750.0,2934.0,0.5152986407074456,0.3919331623139423,61.978879194671336,0.44912231300486477,0.904345472610744,0.21358011676812133,0.8379403794037941,0.7684975130856855,0.12588534944574556,0.10163560070394101,0.014951997730099349,0.7535455153555861,0.003981536764627911,0.0,0.0,0.0
2024,88706,SETE DE SETEMBRO,23,9,14,0,49257.0,49257.0,2141.608695652174,1617.0,2000.0,1578.5,0.2258253296154773,0.22331851310473638,19.280614317639788,0.8382875790278169,0.9718715058294303,0.4410540633818544,0.634920634920635,0.6959416935663967,0.05095722435389894,0.2531010820797044,0.0,0.6959416935663967,0.0,0.0,0.0,0.0
2024,88714,SÃO JERÔNIMO,82,11,71,9,359084.25,359084.25,4379.076219512195,3010.29,8700.0,2554.5,0.48967541773818035,0.33770668025679207,43.75452759595524,0.5335917999506736,0.9061170414251979,0.29223893835499604,0.8629961587708066,0.5669045356347431,0.2765213456173586,0.15157738051724629,0.03301314385133851,0.5338913917834046,0.0043746001112552274,0.0,0.0,0.0006221381193967711
2024,88722,TABAÍ,40,9,31,0,75909.75,75909.75,1897.74375,1633.625,2425.0,957.25,0.4695069638616911,0.2987396217218473,21.983809691494127,0.5495952422873531,0.9003243862772622,0.3191059119546567,0.6971326164874553,0.7785001267953062,0.029811717203653023,0.19168815600104072,0.03820326110940953,0.7402968656858967,0.0,0.0,0.0,0.0
2024,88730,SÃO JOSÉ DO NORTE,79,9,70,0,638469.0499999999,638469.0499999999,8081.8867088607585,6200.0,10661.0,5756.094999999999,0.43082967754930146,0.28649983895069,42.445349471109445,0.5372829046975879,0.9238584002087268,0.21527699737363937,0.7111111111111111,0.367301328075339,0.4155664554139312,0.21349852432157834,0.0,0.367301328075339,0.003633692189151534,0.0,0.0,0.0
2024,88749,VILA LÂNGARO,14,9,5,0,24817.550000000003,24817.550000000003,1772.6821428571432,2070.0,2070.0,2070.0,0.14864783187703856,0.18265501630902323,12.9164372843712,0.9226026631693715,0.9822612472186413,0.6677028957330597,0.5555555555555556,0.0,0.06889479420813094,0.931105205791869,0.0,0.0,0.0,0.0,0.0,0.0
2024,88757,SÃO JOSÉ DO OURO,42,9,33,0,127645.55,127645.55,3039.179761904762,2490.375,3000.0,2480.75,0.2608852534746935,0.2624454984917218,31.918537735979925,0.7599651841899983,0.9663910311501996,0.2389292066977658,0.632996632996633,0.772318345606251,0.1365660612532125,0.09111559314053642,0.08001845736102825,0.6922998882452228,0.0,0.0,0.0,0.0
2024,88765,SENADOR SALGADO FILHO,28,9,19,0,93969.0,93969.0,3356.035714285714,3375.0,3570.0,3375.0,0.1533632672173042,0.16429886451914993,25.795998636957947,0.921285665605641,0.9866524802702407,0.3662484436356671,0.6695906432748537,0.5380497823750385,0.1720780257318903,0.2898721918930711,0.0,0.5380497823750385,0.0,0.0,0.0,0.0
2024,88773,SÃO LEOPOLDO,173,13,160,17,2754253.61,2754253.61,15920.541098265896,7746.0,42857.0,6365.0,0.5953622634035489,0.40802789761978386,69.05401274319316,0.3991561430242379,0.8797275250283311,0.24110496854354677,0.9201923076923076,0.6667212719020454,0.2591882415650169,0.06274906906630141,0.010748102459598846,0.6559731694424467,0.010489230147546217,0.0008412950759461835,0.0,1.0892243143869384e-05
2024,88781,VESPASIANO CORRÊA,27,9,18,3,75389.5,75389.5,2792.203703703704,2167.25,2210.0,2167.25,0.41009272093839577,0.4007686746828139,14.004986677594339,0.5187032102812718,0.8873762559672689,0.24733550428110015,0.5401234567901234,0.9757658559879028,0.0,0.024234144012097177,0.0,0.9757658559879028,0.0,0.0,0.0,0.0
2024,88790,SÃO LOURENÇO DO SUL,93,11,82,4,416159.35,416159.35,4474.831720430107,2934.0,7000.0,2456.0,0.513569960822144,0.37309018768892255,43.37369628223697,0.46638383099179537,0.8989775011371034,0.24436586610393352,0.6934589800443459,0.7751082608140367,0.12277580691146313,0.09908824588465934,0.02402925706222869,0.751079003751808,0.0,0.003027686389840815,0.0,0.0
2024,88803,MONTE ALEGRE DOS CAMPOS,26,9,17,0,57051.0,57051.0,2194.269230769231,1829.17,2015.0,1643.34,0.23093438664191135,0.2351755446880861,21.372759985378316,0.8220292302068584,0.9715694335715281,0.41361238190391053,0.5522875816993464,0.6397784438484865,0.12967345007098913,0.23054810608052445,0.0,0.6397784438484865,0.0,0.0,0.0,0.0
2024,88811,SÃO LUIZ GONZAGA,98,13,85,10,519834.32,519834.32,5304.431836734694,3000.0,16153.03,2625.0,0.5388698562767511,0.3608686513810785,45.910479680335534,0.4684742824524034,0.8913940147043545,0.3485251031520966,0.8751131221719457,0.6173488122138608,0.17267924903457701,0.20650929703910276,0.03077903744408411,0.5865697747697767,0.003462641712459462,0.0,0.0,0.0
2024,88820,MARQUES DE SOUZA,32,9,23,0,74120.0,74120.0,2316.25,1750.0,1750.0,1750.0,0.35248583378305454,0.3022126281705343,20.921204477184517,0.6537876399120162,0.9326662117919804,0.3306125202374528,0.4903381642512078,0.9039395574743659,0.04722072315164598,0.04883971937398813,0.13491635186184567,0.7690232056125202,0.0,0.0,0.0,0.0
2024,88838,SÃO MARCOS,52,9,43,0,182191.96,182191.96,3503.691538461538,3307.78,3580.0,3307.78,0.3510333720375094,0.2962194928909047,34.697524595744184,0.6672600883796959,0.9447697272998442,0.24701035106049685,0.7028423772609819,0.551665287535191,0.12865551257036809,0.11547726913964809,0.0,0.551665287535191,0.2042019307547929,0.0,0.0,0.0
2024,88846,CHUÍ,39,9,30,1,93082.74,93082.74,2386.736923076923,2348.25,2944.25,1950.95,0.3333293556204915,0.19720326238784977,29.183985772937415,0.7483073275112158,0.9464080453942486,0.27296274260942466,0.6074074074074074,0.23095055001603945,0.39575543221009607,0.34425533670366815,0.037499540731181745,0.1934510092848577,0.029038681070196255,0.0,0.0,0.0
2024,88854,SÃO MARTINHO,16,9,7,0,52238.39,52238.39,3264.899375,2865.0950000000003,2655.0,3500.0,0.16453755322474528,0.20674450341980294,14.59355705395964,0.9120973158724776,0.9838953057787385,0.5317045567445704,0.30158730158730157,0.611906301093889,0.07637773675643526,0.3117159621496758,0.0,0.611906301093889,0.0,0.0,0.0,0.0
2024,88862,ARARICÁ,69,9,60,0,236732.63999999998,236732.63999999998,3430.9078260869564,2518.0,4998.92,2518.0,0.3773681334891279,0.32828544471096166,36.409125180125585,0.5276684808713853,0.9309337786406933,0.2967129078609524,0.7592592592592592,0.598478097485839,0.11240106138300153,0.042033493987140944,0.0,0.598478097485839,0.24708734714401873,0.0,0.0,0.0
2024,88870,SÃO NICOLAU,18,9,9,0,93552.0,93552.0,5197.333333333333,4299.5,5020.0,3579.0,0.2645254926553029,0.20742474773388062,14.657991984073528,0.8143328880040849,0.9617010626928457,0.47571404138874634,0.46913580246913583,0.7748097314862322,0.10010475457499572,0.125085513938772,0.0534462117325124,0.7213635197537198,0.0,0.0,0.0,0.0
2024,88889,PASSA SETE,30,9,21,0,95755.0,95755.0,3191.8333333333335,2300.0,4580.0,1650.0,0.5137991053556819,0.3822045846169913,13.023630085885642,0.43412100286285477,0.8605926945020745,0.5496945329225628,0.798941798941799,0.6212662524150174,0.24594015978277897,0.11900840687170382,0.0,0.6212662524150174,0.013785180930499713,0.0,0.0,0.0
2024,88897,SÃO PAULO DAS MISSÕES,21,9,12,0,72147.5,72147.5,3435.595238095238,2640.0,3577.5,1770.0,0.3372951245711908,0.3281125472123081,14.100228468761548,0.6714394508934071,0.9356239204264541,0.6164108250459129,0.8796296296296297,0.779199556464188,0.08938424754842511,0.13141619598738696,0.0,0.779199556464188,0.0,0.0,0.0,0.0
2024,88900,TOROPI,42,9,33,0,87449.9,87449.9,2082.140476190476,1178.0,1500.0,1055.0,0.475756731241872,0.4724305002064039,15.23573716068294,0.36275564668292715,0.8683582506317427,0.2589368312599557,0.6835016835016834,0.6743163800072957,0.0499943396161688,0.16534038346527555,0.02715840727090597,0.6471579727363896,0.11034889691126006,0.0,0.0,0.0
2024,88919,SÃO PEDRO DO SUL,68,11,57,0,191413.21,191413.21,2814.900147058823,2000.0,2000.0,2000.0,0.37670750516183094,0.3051393370394865,40.00733786988116,0.5883432039688407,0.9395669824875049,0.20444670459264544,0.5845295055821371,0.7425741410428257,0.030920070772544907,0.11757913677953576,0.0,0.7425741410428257,0.10892665140509372,0.0,0.0,0.0
2024,88927,BALNEÁRIO PINHAL,110,9,101,1,375143.93,375143.93,3410.3993636363634,2000.0,4569.5,2000.0,0.47032752978061243,0.34083598260539627,55.853588812540764,0.5077598982958251,0.9194208236394952,0.13257754163848529,0.797029702970297,0.6390227078977394,0.11588181634712842,0.119979496936016,0.019059351433461817,0.6199633564642776,0.11791874121487185,0.007197237604244323,0.0,0.0
2024,88935,SÃO SEBASTIÃO DO CAÍ,84,9,75,1,263984.43,263984.43,3142.6717857142858,1947.675,3999.54,1806.0,0.5017216910969227,0.38533780193021233,37.535538601973556,0.4468516500234947,0.8969000083408398,0.19471008195445466,0.7807407407407407,0.6551967856589118,0.1581851247817911,0.05057862692886849,0.016000943692020018,0.6391958419668918,0.13603946263042863,0.0,0.0,0.0
2024,88943,MAMPITUBA,37,9,28,3,69643.5,69643.5,1882.2567567567567,1500.0,2037.5,1175.0,0.41375545999811014,0.29479420189967476,23.04596261377828,0.62286385442644,0.9161704061400404,0.35589107382598517,0.6944444444444444,0.5899689131074688,0.2962372655021646,0.09943497957454751,0.0,0.5899689131074688,0.014358841815819137,0.0,0.0,0.0
2024,88951,SÃO SEPÉ,83,11,72,6,249601.26,249601.26,3007.2440963855424,2144.0,6100.0,1838.5,0.5287238746359086,0.3924087162059999,36.00589006642238,0.4338059044147275,0.8850745448142716,0.3510872501204521,0.9330808080808081,0.601972562157739,0.17241679789597214,0.1691565980075581,0.0,0.601972562157739,0.003569693518374066,0.05288434842035653,0.0,0.0
2024,88978,SÃO VALENTIM,40,9,31,0,92118.25,92118.25,2302.95625,1735.0,1357.25,1840.0,0.5160076179258726,0.40137540606774447,11.933582986139651,0.29833957465349126,0.8460094990853817,0.1547277548151425,0.48387096774193544,0.5236313108423141,0.013786627514091942,0.46258206164359394,0.0,0.5236313108423141,0.0,0.0,0.0,0.0
2024,88986,ACEGUÁ,55,9,46,3,210911.4,210911.4,3834.752727272727,3000.0,3500.0,2825.0,0.4495679711092819,0.3096190153780213,31.505837550122713,0.5728334100022312,0.9140439335285987,0.2160878928308285,0.6183574879227053,0.5698762608374891,0.21812666361325184,0.21199707554925906,0.017661444568667223,0.5522148162688219,0.0,0.0,0.0,0.0
2024,88994,SAPIRANGA,113,11,102,0,752180.7400000001,752180.7400000001,6656.466725663718,3416.99,16888.83,2638.135,0.5563986415643967,0.37032454460346853,50.89549107060535,0.4504025758460651,0.8896108890817467,0.23362367667111497,0.859180035650624,0.6029404714616862,0.1365837152384412,0.0767280082178121,0.00565316256302973,0.5972873088986563,0.18241833737992277,0.0013294677021376535,0.0,0.0
2024,89001,ALMIRANTE TAMANDARÉ DO SUL,23,9,14,0,39665.92,39665.92,1724.6052173913042,925.0,840.0,925.0,0.47755124714660346,0.389755235728807,11.083595383742386,0.48189545146706025,0.8717659619831626,0.5075949328794088,0.5833333333333334,0.7211480283326341,0.049393030591500214,0.22945894107586565,0.025588716964084032,0.6955593113685502,0.0,0.0,0.0,0.0
2024,89010,SAPUCAIA DO SUL,129,11,118,9,1558712.43,1558712.43,12083.042093023256,6931.52,15000.0,6140.0,0.5533323170234268,0.3737031082763612,58.16490572972417,0.45089074209088503,0.8923708131926412,0.15581546366445542,0.7889060092449923,0.6767973486937549,0.18238206389359454,0.09889580466103039,0.0,0.6767973486937549,0.0419247827516202,0.0,0.0,0.0
2024,89028,ARROIO DO PADRE,24,9,15,4,35572.16,35572.16,1482.1733333333334,1140.0,2448.33,938.0,0.3827240881633276,0.2553682430305047,16.37435872896649,0.6822649470402705,0.9071575382933659,0.5366320178476651,0.8037037037037037,0.5603820515819112,0.1100439219884314,0.32957402642965733,0.0,0.5603820515819112,0.0,0.0,0.0,0.0
2024,89036,SARANDI,53,11,42,0,317698.11,317698.11,5994.303962264151,3781.0,8876.83,3229.585,0.4183494649673003,0.32514118513327006,31.271707301895635,0.5900322132433139,0.9263907495586006,0.35809010635914706,0.8333333333333334,0.46159072208518964,0.20565608652818237,0.24241585824983347,0.0,0.46159072208518964,0.09033733313679455,0.0,0.0,0.0
2024,89044,BOA VISTA DO CADEADO,18,9,9,0,91979.45,91979.45,5109.969444444444,5198.75,5255.0,4440.0,0.19018490301668223,0.17090774080514723,16.210374171622444,0.9005763428679135,0.9800411198716533,0.5206266182283108,0.5802469135802469,0.675150808142471,0.2460381095994812,0.07881108225804787,0.0,0.675150808142471,0.0,0.0,0.0,0.0
2024,89052,SEBERI,27,9,18,0,78537.06,78537.06,2908.7799999999997,2400.0,3868.0,2046.5,0.31325898881368874,0.2639529669177838,19.06926746871935,0.706269165508124,0.9488256179234206,0.4921028365462114,0.8148148148148148,0.5949761806719019,0.15608834860892426,0.24524294645101308,0.0,0.5949761806719019,0.0036925242681607896,0.0,0.0,0.0
2024,89060,BOA VISTA DO INCRA,19,9,10,0,84444.4,84444.4,4444.442105263158,4400.0,4195.9,4630.45,0.13912299566030262,0.15750008289478049,17.856023406108402,0.9397907055846527,0.9889618491165587,0.48210183268517515,0.5055555555555555,0.6094542681338254,0.19694260365400196,0.19360312821217274,0.06986845782550412,0.5395858103083212,0.0,0.0,0.0,0.0
2024,89079,SELBACH,20,9,11,2,74024.25,74024.25,3701.2125,2500.0,2500.0,2500.0,0.4189905672803169,0.23538232403570453,12.77531049206412,0.638765524603206,0.8944689982955204,0.3810406724823284,0.41414141414141414,0.9759234304974383,0.0,0.02407656950256166,0.0,0.9759234304974383,0.0,0.0,0.0,0.0
2024,89087,BOZANO,27,9,18,1,54466.0,54466.0,2017.2592592592594,1500.0,3000.0,1250.0,0.38563779510425134,0.25704108985422097,18.045523762366,0.6683527319394814,0.9219830664652485,0.35350493886094075,0.5432098765432098,0.9038299122388279,0.0,0.09617008776117211,0.0,0.9038299122388279,0.0,0.0,0.0,0.0
2024,89095,SERAFINA CORRÊA,39,9,30,0,140545.22,140545.22,3603.72358974359,2971.86,4580.0,2239.0,0.4051853715088083,0.3176941912361018,22.947335320694673,0.5883932133511455,0.9232186948062836,0.3759935770138607,0.7925925925925926,0.5062214140046883,0.32532532945624193,0.16845325653906976,0.056921181666655045,0.4493002323380333,0.0,0.0,0.0,0.0
2024,89109,CANUDOS DO VALE,36,9,27,2,30242.0,30242.0,840.0555555555555,350.0,1018.0,350.0,0.4533411958350786,0.319753984524833,19.913035605934386,0.5531398779426219,0.8969443250713406,0.3331128893591694,0.6460905349794238,0.4463990476820316,0.17254149857813636,0.309304940149461,0.0,0.4463990476820316,0.07175451359037101,0.0,0.0,0.0
2024,89117,SERTÃO,40,9,31,1,133272.25,133272.25,3331.80625,3203.75,3207.5,3200.0,0.292039469957174,0.22355269007614115,30.847683540791635,0.7711920885197909,0.9605099040608516,0.24671917822352366,0.5179211469534051,0.6987351080213623,0.12235780516949327,0.13163543048158938,0.0,0.6987351080213623,0.04727165632755506,0.0,0.0,0.0
2024,89125,CAPÃO BONITO DO SUL,27,9,18,0,89595.04000000001,89595.04000000001,3318.334814814815,3593.0,3593.0,3467.0,0.24845132796041725,0.21111704397922026,22.51911986806719,0.8340414765950811,0.969969919913146,0.35994872037559217,0.5524691358024691,0.502936323260752,0.1955688618477094,0.057874855572362036,0.0,0.502936323260752,0.24361995931917657,0.0,0.0,0.0
2024,89133,SEVERIANO DE ALMEIDA,26,9,17,0,67360.72,67360.72,2590.796923076923,2582.4,2726.0,2564.8,0.20149234198757404,0.21038388544540498,22.4778565461033,0.8645329440808962,0.9785405660475504,0.4049634564476151,0.6209150326797386,0.41504084279384185,0.13040374271533914,0.4387585227711342,0.0,0.41504084279384185,0.015796891719684705,0.0,0.0,0.0
2024,89141,CAPÃO DO CIPÓ,29,9,20,0,246551.13,246551.13,8501.763103448277,8651.5,9040.0,8187.5,0.17044504570183716,0.16113035052810343,26.05365984921516,0.8984020637660399,0.9795385604940138,0.3478538102826785,0.75,0.19327670491715043,0.1736272715521523,0.5416442423119293,0.0,0.19327670491715043,0.09145178121876789,0.0,0.0,0.0
2024,89150,CAPÃO DA CANOA,123,13,110,0,1043696.95,1043696.95,8485.341056910569,5050.0,10291.4,4864.5,0.5144553544879518,0.40518102500922326,41.35893757594841,0.33625152500771066,0.8928599643499964,0.18898862356548995,0.7853146853146853,0.605151696572458,0.265666149546571,0.09659458140602979,0.013502003622794913,0.5916496929496631,0.031073723076416006,0.001513849398525118,0.0,0.0
2024,89168,COQUEIRO BAIXO,18,9,9,0,48790.0,48790.0,2710.5555555555557,2000.0,2000.0,3000.0,0.19811664503199644,0.18220946915351507,15.826406862800505,0.8792448257111392,0.9773735719715063,0.48514039762246364,0.49382716049382713,0.6821069891371183,0.1332240213158434,0.18466898954703834,0.0,0.6821069891371183,0.0,0.0,0.0,0.0
2024,89176,SOBRADINHO,46,9,37,0,202841.7,202841.7,4409.602173913044,3237.0,6250.0,2500.0,0.3918918803056337,0.29428860042091937,28.744012893154952,0.6248698455033685,0.9339165231629495,0.3447984314862279,0.8588588588588589,0.6585889390593748,0.15269000407707092,0.16776875760753335,0.012324881915306368,0.6462640571440684,0.020952299256020827,0.0,0.0,0.0
2024,89184,CORONEL PILAR,21,9,12,0,68620.7,68620.7,3267.652380952381,2500.0,2000.0,2500.0,0.27105426399516963,0.2958291011312913,16.084429791882872,0.7659252281848987,0.9572408761579505,0.39346727736674214,0.37962962962962965,0.6820099474356863,0.14127952644027242,0.17671052612404128,0.0,0.6820099474356863,0.0,0.0,0.0,0.0
2024,89192,SOLEDADE,88,11,77,0,509712.64,509712.64,5792.189090909091,3720.935,7495.0,3038.7,0.481089782185008,0.3315962696157584,46.03262122873729,0.5230979685083783,0.9138928616720683,0.1788215218676939,0.7048406139315231,0.7723816697973195,0.13816698757951146,0.08315563843972948,0.03139023587878849,0.7409914339185311,0.006295704183439516,0.0,0.0,0.0
2024,89206,CRUZALTENSE,29,9,20,0,63780.560000000005,63780.560000000005,2199.329655172414,1613.25,65.0,1905.325,0.4710212425336129,0.28660770617253906,16.631745252441643,0.5735084569807463,0.8815612582879693,0.13891144888034848,0.2305555555555555,0.8083452073798035,0.0,0.1916547926201965,0.0,0.8083452073798035,0.0,0.0,0.0,0.0
2024,89214,TAPEJARA,69,11,58,0,348035.66000000003,348035.66000000003,5043.995072463768,3855.2,9521.75,3447.35,0.30645858180914165,0.23213770680854942,50.88001209158235,0.73739147958815,0.9635423102512425,0.2652448027883119,0.8338557993730408,0.6138607463384642,0.18715967208647527,0.19708322417306318,0.009481787009986274,0.604378959328478,0.001896357401997255,0.0,0.0,0.0
2024,89222,FORQUETINHA,33,9,24,0,42249.0,42249.0,1280.2727272727273,1702.0,550.0,1702.0,0.28660387873623683,0.2321475064498568,25.34650557052769,0.768075926379627,0.9559365961623906,0.2498994059030983,0.43287037037037035,0.7100759781296598,0.0943454282941608,0.12457099576321333,0.0,0.7100759781296598,0.07100759781296599,0.0,0.0,0.0
2024,89230,TAPERA,53,9,44,0,138135.1,138135.1,2606.322641509434,1325.0,3777.9,1234.58,0.4594881497130998,0.3176614777851538,29.90464142343288,0.5642385174232619,0.9111512276210896,0.23780414970561425,0.5808080808080808,0.7032463146586204,0.15573956221119756,0.13232697554785133,0.0,0.7032463146586204,0.00868714758233063,0.0,0.0,0.0
2024,89247,SANTA CECÍLIA DO SUL,20,9,11,0,44135.0,44135.0,2206.75,1550.0,1943.0,1550.0,0.22802650957290127,0.22657754616517503,16.176422714933715,0.8088211357466857,0.966848781651673,0.48485329103885805,0.5606060606060606,0.4304973377138326,0.11401382123031607,0.45548884105585136,0.0,0.4304973377138326,0.0,0.0,0.0,0.0
2024,89249,ITATI,24,9,15,1,65665.62,65665.62,2736.0674999999997,2200.0,2100.0,2573.5,0.42588129323482615,0.32140106192555556,14.67390493112425,0.6114127054635105,0.9037354326661308,0.3918336566379789,0.537037037037037,0.7157474489694913,0.080856618729862,0.20339593230064681,0.0,0.7157474489694913,0.0,0.0,0.0,0.0
2024,89257,TAPES,84,9,75,27,307942.17,307942.17,3665.978214285714,1720.0,9016.0,750.0,0.6759478175337119,0.47407768153351654,26.92092212971863,0.3204871682109361,0.8073140763205946,0.29262825549355587,0.8607407407407407,0.6492573914121602,0.2493411019348211,0.10140150665301866,0.004639117792798564,0.6446182736193616,0.0,0.0,0.0,0.0
2024,89265,JACUIZINHO,24,9,15,0,46926.0,46926.0,1955.25,1690.0,2778.0,1400.0,0.3373627271306596,0.2606657290201594,17.59324872252075,0.7330520301050313,0.938103223905354,0.5532114392873887,0.8703703703703703,0.7595789114776457,0.06167156800068192,0.10765886715253804,0.0,0.7595789114776457,0.07109065336913438,0.0,0.0,0.0
2024,89273,TAQUARA,157,15,142,0,792456.02,792456.02,5047.490573248408,4300.0,9600.0,4032.12,0.4229775164502745,0.2857100763774878,88.98362483941347,0.5667746805058183,0.9371806710396822,0.22369420576803745,0.8981220657276996,0.6745721106390232,0.14046836315282202,0.1309912946336126,0.011887095008755186,0.662685015630268,0.05189871609531088,0.0,0.0,0.0020695154792312637
2024,89281,LAGOA BONITA DO SUL,15,9,6,0,42120.06,42120.06,2808.004,2390.0,2590.0,1890.03,0.19252824742731467,0.23741656588333446,12.919621056140011,0.8613080704093341,0.9737255614848888,0.7022782018829034,0.8703703703703703,0.6105169365855605,0.2551166831196347,0.1343663802948049,0.0,0.6105169365855605,0.0,0.0,0.0,0.0
2024,89290,TAQUARI,63,9,54,0,366760.43000000005,366760.43000000005,5821.594126984128,4161.16,7504.0,3829.1,0.44687619749275154,0.37367877990545484,31.39909723766861,0.4983983688518827,0.9126314470745437,0.3171823906957465,0.8106995884773662,0.4547469038576489,0.285094905140121,0.09625790328580429,0.0004907835886221422,0.45425612026902673,0.1639002877164257,0.0,0.0,0.0
2024,89303,MATO QUEIMADO,23,9,14,0,77200.0,77200.0,3356.521739130435,2950.0,2950.0,3950.0,0.2524870466321243,0.23639896373056996,19.057294127333964,0.8285780055362594,0.968029211565243,0.339339378238342,0.4126984126984127,0.7944559585492228,0.056308290155440414,0.14923575129533678,0.0,0.7944559585492228,0.0,0.0,0.0,0.0
2024,89311,TENENTE PORTELA,50,9,41,0,252713.47,252713.47,5054.2694,3975.0,9134.1,3523.0,0.3677332759508227,0.2591711474659424,33.86210902149197,0.6772421804298393,0.9448013535109743,0.33225727936069255,0.8672086720867209,0.5517146355514805,0.27965292075645987,0.02962477623373222,0.0277092471564733,0.5240053883950072,0.1390076674583274,0.0,0.0,0.0
2024,89320,NOVO XINGU,15,9,6,0,56503.0,56503.0,3766.866666666667,2942.0,3162.0,2589.0,0.2733825342607177,0.33572553669716654,9.588153149401181,0.6392102099600787,0.9316549666301618,0.49390297860290605,0.5925925925925927,0.3748650514131993,0.17394651611418863,0.4511884324726121,0.0,0.3748650514131993,0.0,0.0,0.0,0.0
2024,89338,TORRES,128,13,115,7,529602.8,529602.8,4137.521875,2384.75,12761.5,1918.22,0.5764002693386439,0.38739409988013657,53.953627901037976,0.4215127179768592,0.8817952698447541,0.2830932918028379,0.8551839464882944,0.593000188065471,0.13011260514483683,0.07551285604985472,0.0,0.593000188065471,0.20043024696999334,0.000944103769844117,0.0,0.0
2024,89346,PAULO BENTO,54,9,45,0,75095.4,75095.4,1390.6555555555553,780.0,880.0,680.0,0.5801707142095502,0.48608037243293206,15.94024968318436,0.2951898089478585,0.834857244795474,0.17537692055705145,0.46913580246913583,0.9120052626392562,0.0,0.08799473736074381,0.020965332097571888,0.8910399305416844,0.0,0.0,0.0,0.0
2024,89354,TRAMANDAÍ,150,13,137,17,656590.0999999999,656590.0999999999,4377.267333333332,2283.675,9752.6,2252.6,0.5776265797083047,0.3999048416965167,58.83503059809303,0.39223353732062016,0.8807992239665607,0.18385405140893846,0.8368893879842785,0.6874932929996966,0.18796290105501137,0.11335484650164541,0.009923238257780617,0.677570054741916,0.008688601914649645,0.0025003575289971633,0.0,0.0
2024,89362,PINHAL DA SERRA,25,9,16,0,77450.87000000001,77450.87000000001,3098.0348000000004,3388.88,3250.0,3388.88,0.27430436869204944,0.2001268675225985,20.205275651229282,0.8082110260491713,0.9565913138313464,0.3512420196183722,0.4756944444444444,0.44157012051639966,0.18075975131073413,0.3776701281728662,0.0,0.44157012051639966,0.0,0.0,0.0,0.0
2024,89370,TRÊS COROAS,76,9,67,3,328246.3600000001,328246.3600000001,4319.031052631581,3625.0,5625.0,2570.0,0.4427497206991915,0.33574047858443873,42.76980357621572,0.5627605733712595,0.9218766734901359,0.21075146118908972,0.8034825870646766,0.7792846811766622,0.07499866868287586,0.07248385023980157,0.006805254443644096,0.7724794267330182,0.07323279990065996,0.0,0.0,0.0
2024,89389,QUATRO IRMÃOS,35,9,26,0,72071.5,72071.5,2059.1857142857143,1280.0,1280.0,1280.0,0.43229927423263215,0.36144661898253816,18.92037640830143,0.5405821830943266,0.907077295334765,0.2664957715601868,0.6282051282051282,0.6882054626308597,0.0,0.31179453736914037,0.0,0.6882054626308597,0.0,0.0,0.0,0.0
2024,89397,TRÊS DE MAIO,74,11,63,0,409335.07999999996,409335.07999999996,5531.555135135134,4701.025,8460.0,4300.0,0.3311251228422656,0.26039537095134874,53.11554123946031,0.7177775843170313,0.9592047687131937,0.24514388065640505,0.7474747474747475,0.45547403364500305,0.30888134483856117,0.14999664822277145,0.01794129152087332,0.43753274212412974,0.08564797329366446,0.0,0.0,0.0
2024,89400,ROLADOR,15,9,6,0,36326.0,36326.0,2421.733333333333,2500.0,2500.0,1250.0,0.28843252766613436,0.30352915267301656,11.301467409563392,0.7534311606375594,0.9469005204249049,0.6985630127181633,0.75,0.8396190056708693,0.03853988878489236,0.12184110554423828,0.0,0.8396190056708693,0.0,0.0,0.0,0.0
2024,89419,TRÊS PASSOS,70,11,59,0,328122.01,328122.01,4687.457285714286,3636.5,4818.0,3129.94,0.3711247432450073,0.2893323126967313,44.13117327720974,0.6304453325315678,0.9448187607615153,0.22454391279634062,0.7696456086286594,0.7788968499857719,0.07655155470978615,0.1383648722619979,0.05419112238157994,0.7247057276041919,0.006186723042443876,0.0,0.0,0.0
2024,89435,TRIUNFO,83,11,72,14,367276.95999999996,367276.95999999996,4425.023614457831,2785.0,5480.0,2500.0,0.5642045181406528,0.4252400422830771,33.252982941167105,0.4006383486887603,0.868126915845999,0.23383051308200767,0.7190656565656566,0.6116459088530901,0.25162591195483647,0.10006919573718974,0.009695680338891937,0.6019502285141982,0.036658983454883755,0.0,0.0,0.0
2024,89443,SANTA MARGARIDA DO SUL,29,9,20,1,52349.85,52349.85,1805.1672413793103,1350.0,1840.0,1117.5,0.4172809769602803,0.33856830535331045,14.645918047186008,0.5050316567995176,0.8993005526945573,0.488919261468753,0.6805555555555556,0.5164675734505447,0.08659719177800893,0.3969352347714463,0.0,0.5164675734505447,0.0,0.0,0.0,0.0
2024,89451,TUCUNDUVA,42,9,33,0,142278.3,142278.3,3387.578571428571,3221.5,4236.5,2800.0,0.29124317154009693,0.23401319807728937,32.92085303861341,0.7838298342527003,0.9629769912224652,0.28300872304490565,0.7643097643097643,0.4882332723964231,0.2559525943169127,0.2558141332866643,0.028113914771261676,0.46011935762516143,0.0,0.0,0.0,0.0
2024,89460,SÃO JOSÉ DO SUL,25,9,16,0,83121.05,83121.05,3324.842,1700.0,3200.0,1662.5,0.4098720119632753,0.3921990879566608,13.783171601104016,0.5513268640441606,0.9039654251836158,0.5655011576489951,0.6944444444444445,0.6737162247108284,0.10543658916724463,0.22084718612192697,0.0,0.6737162247108284,0.0,0.0,0.0,0.0
2024,89478,TUPANCIRETÃ,79,9,70,1,263805.05000000005,263805.05000000005,3339.3044303797474,1970.0,4724.35,1814.35,0.4662296378003088,0.3463470468059652,40.3614906074066,0.510904944397552,0.914526348561503,0.24476161468478327,0.8261904761904761,0.6571652058973093,0.05525879811626046,0.2556357431368353,0.004397186482972937,0.6527680194143364,0.0319402528495948,0.0,0.0,0.0
2024,89486,SÃO PEDRO DAS MISSÕES,21,9,12,0,67610.0,67610.0,3219.5238095238096,2615.0,1615.0,3300.0,0.3014769581845458,0.2791746783020263,16.168977053420342,0.7699512882581115,0.9524257145138659,0.3534980032539565,0.2685185185185185,0.6093773110486614,0.2535127939653897,0.13710989498594883,0.0,0.6093773110486614,0.0,0.0,0.0,0.0
2024,89494,TUPARENDI,38,9,29,0,142385.3,142385.3,3746.9815789473682,3410.5,4210.0,3390.0,0.28707489282139464,0.2535374087072191,27.638031231867327,0.7273166113649296,0.9568514208713422,0.35832350671031354,0.7318007662835249,0.4751937173289659,0.3011139492630208,0.21540144944737977,0.0,0.4751937173289659,0.008290883960633577,0.0,0.0,0.0
2024,89508,TIO HUGO,28,9,19,0,91624.40000000001,91624.40000000001,3272.3,2559.35,1643.7,2618.7,0.3186487442209718,0.18652236740431585,20.987073193823132,0.7495383283508261,0.9468495211782167,0.2948286700922461,0.40350877192982454,0.8021880634416159,0.06985038919763731,0.1279615473607467,0.0,0.8021880634416159,0.0,0.0,0.0,0.0
2024,89516,URUGUAIANA,134,11,123,0,1532368.24,1532368.24,11435.583880597014,7061.865,28341.41,6737.0,0.50769918918776,0.37168163965601375,63.05935541821452,0.47059220461354123,0.9101810788813506,0.22260780476630082,0.8861788617886178,0.6068893270719314,0.23326641121196823,0.07389517548340731,0.018491312505928732,0.5883980145660027,0.08587012348937748,7.831015866003592e-05,0.0,6.525846555002993e-07
2024,89524,WESTFALIA,26,9,17,12,22260.0,22260.0,856.1538461538462,490.0,0.0,1000.0,0.582970488630866,0.33692722371967654,11.905917065927254,0.4579198871510482,0.7809578113419978,0.2920035938903863,0.4084967320261438,1.0,0.0,0.0,0.0,1.0,0.0,0.0,0.0,0.0
2024,89532,VACARIA,144,15,129,11,700348.0,700348.0,4863.527777777777,3000.0,6247.85,2854.92,0.502770686263591,0.3760159377909268,66.22348833862175,0.4598853356848733,0.909386738303434,0.23553274943313898,0.7956072351421188,0.6251004786192007,0.06529655257100755,0.22714910301735705,0.04738158743938727,0.5777188911798135,0.08245386579243462,0.0,0.0,0.0
2024,89540,PINTO BANDEIRA,29,9,20,1,58379.09,58379.09,2013.072068965517,1080.0,1041.83,1090.0,0.47661478178881,0.36671537702968654,14.6570223986002,0.5054145654689723,0.877242722208603,0.3356652184883321,0.5,0.5597894725662904,0.1454287828056244,0.25697574251328686,0.0,0.5597894725662904,0.037806002114798294,0.0,0.0,0.0
2024,89559,VENÂNCIO AIRES,167,15,152,14,1206408.4,1206408.4,7224.00239520958,5833.1900000000005,14824.369999999999,5187.595,0.5065991152116911,0.33160574810321286,85.02233944221774,0.50911580504322,0.9123617429418003,0.19154498592682212,0.8324561403508771,0.5241283548755131,0.24641753157554275,0.1697090885640385,0.007558800154242959,0.5165695547212702,0.05974502498490561,0.0,0.0,0.0
2024,89567,PEDRAS ALTAS,21,9,12,0,52373.66,52373.66,2493.9838095238097,1669.0,1669.0,1705.5,0.383530849012925,0.35360637389099786,13.633810548183835,0.6492290737230397,0.9201996639031294,0.4378536844665811,0.5648148148148149,0.3465673393839575,0.23064380071967472,0.3750549417397982,0.0,0.3465673393839575,0.04773391815656954,0.0,0.0,0.0
2024,89575,VERA CRUZ,81,11,70,7,343170.42,343170.42,4236.671851851852,3130.0,5000.0,3065.0,0.41954699510091387,0.2964666068829592,50.33639128376638,0.6214369294292146,0.9310461775713667,0.21138060209268622,0.6876623376623376,0.7947083842482694,0.040093781975730894,0.06387791232123095,0.0,0.7947083842482694,0.10131992145476874,0.0,0.0,0.0
2024,89591,VERANÓPOLIS,54,9,45,0,372715.98000000004,372715.98000000004,6902.147777777778,6440.0,7605.4,6000.0,0.35768858000032555,0.3022891586242156,34.952127864238754,0.6472616271155325,0.9432892433653737,0.21990535527883726,0.6876543209876543,0.6703394096491382,0.21143788897916313,0.1022856331515488,0.01609804870722205,0.6542413609419161,0.015937068220149828,0.0,0.0,0.0
2024,89613,VIADUTOS,34,9,25,0,129421.28,129421.28,3806.5082352941176,2804.0,3048.0,2565.0,0.2575138793431264,0.24931054614820686,26.670604769411316,0.7844295520415093,0.966625973085405,0.29504259268645777,0.6399999999999999,0.513140883786654,0.353031897072877,0.13382721914046902,0.0,0.513140883786654,0.0,0.0,0.0,0.0
2024,89630,VIAMÃO,295,21,274,16,2395267.83,2395267.83,8119.551966101695,3700.0,16529.84,3253.19,0.6280916144166999,0.4502028902546568,96.67003698787728,0.32769504063687216,0.8737977487395411,0.1967052511200804,0.8492353145637817,0.6639213661546984,0.2036801830215371,0.1232799924507816,0.012832932340597587,0.6510884338141009,0.0008377393019969713,0.008280719070985895,0.0,0.0
2024,89656,VICENTE DUTRA,26,9,17,0,86305.0,86305.0,3319.423076923077,2875.0,3500.0,2489.0,0.24677017554023517,0.25838595678118303,20.75988204111914,0.7984570015815055,0.9671367934771928,0.4819535368750362,0.7908496732026143,0.67098082382249,0.11355077921325532,0.21546839696425468,0.0,0.67098082382249,0.0,0.0,0.0,0.0
2024,89672,PALMARES DO SUL,90,9,81,7,283546.04000000004,283546.04000000004,3150.511555555556,2666.0,4085.0,2425.5,0.44445560312611754,0.3078635483676654,48.89934048272168,0.5433260053635742,0.9187609024360078,0.1688082824221421,0.7983539094650205,0.7153115592797558,0.14933694718501442,0.11444511797801865,0.013401703652782452,0.7019098556269733,0.020906375557211095,0.0,0.0,0.0
2024,89699,VICTOR GRAEFF,29,9,20,0,60122.020000000004,60122.020000000004,2073.173103448276,2000.0,2000.0,1645.0,0.23485355856020096,0.1960013984892723,24.174148346486017,0.8335913222926213,0.9730073183756403,0.36785191182864446,0.6444444444444444,0.7398287682283462,0.18029999657363474,0.06989153059062221,0.0,0.7398287682283462,0.009979704607396757,0.0,0.0,0.0
2024,89710,TAVARES,18,9,9,0,72320.6,72320.6,4017.8111111111116,3160.8,3849.0,1770.0,0.4105879468182878,0.2721562044562683,11.407692507754044,0.6337606948752247,0.8972188263869824,0.7184757869818558,0.8827160493827162,0.7575642348099988,0.11754050713074836,0.12489525805925282,0.020740978365776833,0.7368232564442219,0.0,0.0,0.0,0.0
2024,89737,CAPÃO DO LEÃO,105,11,94,0,328011.72,328011.72,3123.9211428571425,2783.55,5177.55,2395.0,0.44209476417489024,0.31331535958532214,56.327771788751846,0.5364549694166842,0.9268013460974527,0.22019588202519108,0.8471953578336557,0.5547131059829205,0.22105993651690253,0.2011583610488064,0.0,0.5547131059829205,0.01646282638925219,0.0,0.0,0.006605770062118513
2024,89753,SALTO DO JACUÍ,46,9,37,1,178000.24999999997,178000.24999999997,3869.5706521739125,3695.0,4577.0,3390.0,0.3500119351322357,0.24581426149682378,32.31512461330117,0.702502708984808,0.9449146191333785,0.26409513469784457,0.6126126126126126,0.6051171276444838,0.09170773636553883,0.30317513598997764,0.02499996488768977,0.5801171627567939,0.0,0.0,0.0,0.0
2024,89770,COTIPORÃ,25,9,16,0,76225.9,76225.9,3049.0359999999996,2866.0,2866.0,2839.0,0.20095962133605494,0.20725239059164932,22.100180536126842,0.8840072214450737,0.9802165732998109,0.34531176411167336,0.45833333333333337,0.6065261282582429,0.20515336650665983,0.18832050523509727,0.0,0.6065261282582429,0.0,0.0,0.0,0.0
2024,98213,TEUTÔNIA,103,11,92,0,410143.01999999996,410143.01999999996,3981.971067961165,3365.0,4495.7,3296.0,0.3229095718617647,0.2628047162670231,72.42781082502312,0.7031826293691564,0.9620320577129745,0.16351783824091412,0.7608695652173912,0.4907617103906828,0.22371771681010205,0.282070556753593,0.0,0.4907617103906828,0.0031696260489816456,0.00028038999664068407,0.0,0.0
2024,98230,BOM PRINCÍPIO,52,9,43,12,119674.93000000001,119674.93000000001,2301.4409615384616,1587.005,3901.2,1227.27,0.5493084844342664,0.373009618639426,23.916094100546946,0.45992488654897973,0.8591287757924234,0.3081741514283735,0.7868217054263564,0.6112116380598676,0.15539328078153042,0.13586421149358516,0.0,0.6112116380598676,0.02260289602843302,0.0749279736365837,0.0,0.0
2024,98256,PAROBÉ,146,15,131,0,815411.99,815411.99,5585.013630136987,3650.0,9165.0,3200.0,0.5749357982290211,0.3900463494533604,54.43646292381214,0.37285248577953517,0.8777998113324911,0.1602109260129962,0.7580152671755725,0.6247415616245722,0.20253096842493082,0.14084174798557964,0.0,0.6247415616245722,0.0273481384545253,0.00453758351039209,0.0,0.0
2024,98272,FORTALEZA DOS VALOS,26,9,17,0,92412.1,92412.1,3554.3115384615385,2635.6,4698.0,2109.6,0.3927402780172058,0.2869104803375315,16.822570303081147,0.6470219347338902,0.9213536090243394,0.4406868797484311,0.6764705882352942,0.4405223991230585,0.35109038751418914,0.20838721336275226,0.020014695045345792,0.42050770407771276,0.0,0.0,0.0,0.0
2024,98299,JÓIA,53,9,44,0,160376.33,160376.33,3025.9684905660374,1552.75,1487.75,1734.375,0.4534454043892935,0.3989845633704176,26.74961494756502,0.5047097159917928,0.9074676776972811,0.13575725295621868,0.5505050505050505,0.8229532999040444,0.04626274962146846,0.021181429952911383,0.0,0.8229532999040444,0.10960252052157574,0.0,0.0,0.0
