codigo_municipio,municipio,candidatos_2016,candidatos_2020,candidatos_2024,fracao_publica_2016,fracao_publica_2020,fracao_publica_2024,gini_receita_2016,gini_receita_2020,gini_receita_2024,auc_receita_eleicao_2016,auc_receita_eleicao_2020,auc_receita_eleicao_2024,entropia_normalizada_2016,entropia_normalizada_2020,entropia_normalizada_2024,variacao_fracao_publica_2024_menos_2016,variacao_gini_receita_2024_menos_2016,variacao_auc_receita_eleicao_2024_menos_2016,variacao_entropia_normalizada_2024_menos_2016
84735,ÁUREA,27.0,38.0,39.0,0.019071288100974616,0.40077843503728394,0.6383218601747868,0.14138542368293083,0.21938005092887858,0.3303207779090864,0.5617283950617283,0.45593869731800774,0.7240740740740741,0.9882534610370587,0.9780214266314582,0.9459169090282892,0.6192505720738122,0.1889353542261556,0.16234567901234576,-0.04233655200876951
84743,TRÊS ARROIOS,32.0,22.0,32.0,0.0,0.08042807186603601,0.36682768225566786,0.09270914474100644,0.2858450062295197,0.237634384594277,0.5072463768115942,0.5384615384615385,0.6690821256038647,0.9884149813686905,0.9476334675576632,0.9715102499794366,0.36682768225566786,0.14492523985327055,0.16183574879227047,-0.01690473138925397
84751,NOVA ROMA DO SUL,25.0,25.0,27.0,0.0020034057898427327,0.0,0.2872737719046251,0.214954756419246,0.283123607687916,0.5858530587056874,0.6180555555555556,0.625,0.552469135802469,0.9712226574137102,0.956138575396555,0.7872072301871993,0.2852703661147824,0.3708983022864414,-0.06558641975308654,-0.18401542722651087
84760,PROGRESSO,38.0,32.0,24.0,0.006544880975885387,0.5089636906291384,0.5261608004883369,0.30676721173086063,0.3489526713181661,0.3014545489710754,0.7873563218390804,0.5096618357487923,0.45925925925925926,0.9554024083257064,0.9317615437355347,0.9535979958148841,0.5196159195124516,-0.005312662759785258,-0.3280970625798212,-0.0018044125108223064
84778,PIRAPÓ,21.0,19.0,19.0,0.046830341384673534,0.13173022465867423,0.8170752042688011,0.2938517642383618,0.3544216321193232,0.23301124246333704,0.6574074074074074,0.6277777777777778,0.5444444444444444,0.947409807567143,0.920260527179082,0.9627325759039155,0.7702448628841275,-0.06084052177502475,-0.11296296296296304,0.015322768336772485
84786,JABOTICABA,24.0,22.0,17.0,0.01740899152092836,0.010126582278481013,0.5647315344780595,0.22762408308304805,0.1421672420406599,0.21393872348612386,0.6333333333333333,0.6965811965811965,0.5347222222222222,0.9737787741951393,0.9894648357467525,0.9680512418052075,0.5473225429571311,-0.013685359596924185,-0.0986111111111111,-0.005727532389931733
84794,SÃO JORGE,18.0,20.0,20.0,0.056105152276396425,0.01403862478777589,0.868747471625195,0.21569932812521664,0.40947698547443867,0.3171331755711908,0.654320987654321,0.696969696969697,0.35858585858585856,0.9730455060868304,0.9018578023554845,0.9441089954474163,0.8126423193487985,0.10143384744597417,-0.29573512906846244,-0.028936510639414048
84808,ALTO ALEGRE,25.0,25.0,25.0,0.0,0.0016021628187011562,0.4844265298644192,0.3742543576500963,0.6961925210608246,0.16114327592524735,0.5277777777777778,0.6041666666666666,0.5902777777777778,0.9207127458015387,0.7115440209167311,0.9848478984261646,0.4844265298644192,-0.21311108172484894,0.0625,0.06413515262462588
84816,NOVA HARTZ,103.0,70.0,46.0,0.01765515434119577,0.1717318023929886,0.7093560393777981,0.4503468026763917,0.47245866802102476,0.5066805478480965,0.7430830039525691,0.7759562841530054,0.8168168168168167,0.9286119302299638,0.9062785656583678,0.879116376710946,0.6917008850366023,0.05633374517170475,0.07373381286424763,-0.0494955535190178
84824,DOIS LAJEADOS,33.0,36.0,28.0,0.0,0.24070748744710455,0.24903358562076228,0.49048455054550266,0.4942175553497956,0.4320937794306692,0.6898148148148149,0.6275720164609053,0.4385964912280702,0.8731778344448818,0.8712281155305531,0.8986431837023018,0.24903358562076228,-0.058390771114833484,-0.2512183235867447,0.025465349257419945
84832,SÃO DOMINGOS DO SUL,30.0,31.0,13.0,0.010187638472292296,0.20581495175132078,0.9214839679358717,0.19147641888547007,0.2987674679924923,0.21088392168953285,0.6428571428571429,0.4595959595959596,0.3055555555555556,0.9630959807783297,0.9485910769651145,0.9691097979859905,0.9112963294635794,0.01940750280406278,-0.3373015873015873,0.00601381720766081
84840,TUNAS,19.0,22.0,18.0,0.001300843339191219,0.0,0.4874231463415669,0.30661157394896077,0.16028674577811075,0.2083126418713639,0.7444444444444445,0.6495726495726495,0.5679012345679013,0.9366558085081916,0.9836221018543605,0.9737342709504054,0.4861223030023757,-0.09829893207759688,-0.17654320987654315,0.0370784624422138
84859,SÃO JOÃO DA URTIGA,24.0,30.0,36.0,0.007158261170260068,0.12409258570107541,0.6634160756501182,0.21204675014483976,0.23064653344366404,0.15632194564192914,0.762962962962963,0.5767195767195767,0.6275720164609053,0.9711427999220362,0.9695898945938771,0.9867283651567664,0.6562578144798581,-0.05572480450291062,-0.13539094650205763,0.015585565234730203
84867,GUABIJU,29.0,16.0,18.0,0.0007720413958302559,0.0,0.6986744852939026,0.26871708319424004,0.07985586012637813,0.16819772628964214,0.4805555555555556,0.6587301587301587,0.3580246913580247,0.964377781968442,0.9953664257263992,0.9830064943491801,0.6979024438980724,-0.1005193569045979,-0.1225308641975309,0.018628712380738044
84875,QUINZE DE NOVEMBRO,33.0,33.0,32.0,0.0,0.1663687827519711,0.7499869287992409,0.20354390301592273,0.2265294976528105,0.2984347183520515,0.6851851851851851,0.3472222222222222,0.8019323671497586,0.9795605316732253,0.9771091896950829,0.9493983728161308,0.7499869287992409,0.09489081533612875,0.11674718196457345,-0.0301621588570945
84883,DOUTOR MAURÍCIO CARDOSO,30.0,20.0,24.0,0.049854418865111515,0.2692422838346299,0.38006996841448937,0.1512601057503622,0.2502147933881176,0.3773499367223161,0.7142857142857143,0.3484848484848485,0.7592592592592593,0.9886890253769414,0.9609533511961892,0.9243643186836601,0.3302155495493779,0.2260898309719539,0.044973544973545,-0.06432470669328127
84891,CAPELA DE SANTANA,58.0,46.0,55.0,0.035074456255812715,0.37675310607959,0.7179934417842655,0.30227240114158493,0.4728059221728973,0.5282097380637898,0.7097505668934241,0.6036036036036035,0.7765700483091786,0.9637081068028471,0.9011051220176506,0.8758263843168871,0.6829189855284528,0.22593733692220486,0.06681948141575456,-0.08788172248596005
84905,JAQUIRANA,40.0,41.0,38.0,0.07434441289460497,0.17230850888403348,0.7945196083784312,0.41092102070208725,0.5446413758361928,0.6002021884583864,0.8387096774193548,0.7430555555555556,0.7279693486590038,0.9012648104231323,0.8575957613642645,0.8199354180559909,0.7201751954838262,0.1892811677562991,-0.110740328760351,-0.08132939236714143
84913,VANINI,25.0,25.0,22.0,0.0,0.25542768491032836,0.9251064400415703,0.17697879261203542,0.24951080520885793,0.21991411652479753,0.7673611111111112,0.5381944444444444,0.4786324786324786,0.9838508330962569,0.9479434952611715,0.9733223630718293,0.9251064400415703,0.04293532391276211,-0.28872863247863256,-0.010528470024427583
84921,BOQUEIRÃO DO LEÃO,33.0,39.0,37.0,0.08269189854991323,0.24784992649475712,0.8439647107151247,0.4029127575110443,0.3099859602346504,0.21897660672049524,0.9212962962962963,0.7111111111111111,0.5912698412698412,0.9163313588922026,0.9498243316019589,0.976828157454765,0.7612728121652115,-0.18393615079054904,-0.3300264550264551,0.060496798562562404
84930,FAGUNDES VARELA,16.0,20.0,13.0,0.02977999983250844,0.11136250164723699,0.746122703773075,0.24949804872329562,0.32715557898292635,0.16680261850056533,0.6031746031746033,0.6262626262626263,0.41666666666666663,0.9627899028276116,0.9188930063693156,0.9822357192486193,0.7163427039405665,-0.08269543022273029,-0.18650793650793662,0.019445816421007733
84948,ÁGUA SANTA,26.0,23.0,24.0,0.03931035819196248,0.24089729954127212,0.707670242897042,0.14521614941782657,0.25569309976730814,0.24440460181207335,0.7712418300653595,0.46031746031746035,0.4481481481481481,0.9833340003743084,0.9666073780051547,0.961471062641206,0.6683598847050795,0.09918845239424678,-0.32309368191721144,-0.02186293773310244
84956,SILVEIRA MARTINS,25.0,25.0,22.0,0.0,0.023143306536277282,0.46235892051826577,0.18407777660889324,0.24819468612324447,0.3067653075169361,0.704861111111111,0.6875,0.7136752136752136,0.9694063009819205,0.9676277600963832,0.9443559929258316,0.46235892051826577,0.12268753090804285,0.008814102564102533,-0.025050308056088877
84964,IBIRAPUITÃ,34.0,44.0,36.0,0.046837965536124744,0.4405103067175375,0.9386665293321637,0.15904815905161973,0.3825666822476794,0.3686567763132709,0.7288888888888889,0.6936507936507936,0.7613168724279835,0.9863289593094472,0.9213574277920016,0.9357132092263771,0.8918285637960389,0.20960861726165114,0.032427983539094596,-0.050615750083070066
84972,IBARAMA,28.0,20.0,20.0,0.0256400930162633,0.0693625580911424,0.4099441721007661,0.2825966543658789,0.2774432961087603,0.24848626989309608,0.8801169590643275,0.8585858585858586,0.7777777777777777,0.9596266993605079,0.9564759546249129,0.9652193306021151,0.3843040790845028,-0.034110384472782806,-0.10233918128654984,0.005592631241607138
84980,PANTANO GRANDE,48.0,53.0,59.0,0.030872387237546813,0.2798164009374931,0.37508337653724894,0.5750265361356874,0.6242628376226558,0.433283730656413,0.7521367521367521,0.8535353535353535,0.8822222222222222,0.8475043142558814,0.8230421209668952,0.9103016401227272,0.3442109892997021,-0.14174280547927443,0.1300854700854701,0.06279732586684583
84999,IPÊ,22.0,30.0,30.0,0.04120902516307802,0.168956299361687,0.5955117266531638,0.19727987169899408,0.2815277814283401,0.29430399519075867,0.7094017094017093,0.5925925925925926,0.5767195767195767,0.9756072015365579,0.9613494100833303,0.9460316728152282,0.5543027014900858,0.09702412349176459,-0.13268213268213258,-0.029575528721329736
85006,TRINDADE DO SUL,25.0,36.0,35.0,0.03465585139721859,0.10255170649568059,0.40820087686398265,0.37527323944755175,0.3065226530851832,0.32555658507114127,0.8125,0.6213991769547326,0.5128205128205128,0.929932530130893,0.9548025477219585,0.953066846468763,0.37354502546676405,-0.049716654376410485,-0.2996794871794872,0.023134316337869998
85014,AGUDO,36.0,61.0,66.0,0.12323278295602386,0.2240239886477167,0.6114939300440886,0.33773123885036016,0.3374775503365104,0.30465465366753164,0.691358024691358,0.6837606837606838,0.7426900584795322,0.9464041171574757,0.9527091521922942,0.9608917889114238,0.48826114708806473,-0.03307658518282852,0.05133203378817419,0.01448767175394805
85022,ERNESTINA,30.0,23.0,23.0,0.01025492974318904,0.11243879544359035,0.5200140490318975,0.12642147651448088,0.1650543629927943,0.2051963531912444,0.6164021164021164,0.6547619047619048,0.4801587301587302,0.9920593207476944,0.9844179346045018,0.9765958253463441,0.5097591192887084,0.07877487667676353,-0.13624338624338622,-0.01546349540135028
85030,AJURICABA,34.0,37.0,34.0,0.10134787637533499,0.0748093813192539,0.2548280888359032,0.3775388251303955,0.6964561903432689,0.28174619589142313,0.8088888888888889,0.8055555555555556,0.7822222222222222,0.9355203184482279,0.7389849935742712,0.9607901996629143,0.1534802124605682,-0.09579262923897236,-0.026666666666666727,0.02526988121468643
85049,DEZESSEIS DE NOVEMBRO,22.0,19.0,23.0,0.03504775256286691,0.4893147797576065,0.8489516141101816,0.2677050890929804,0.18872548767848496,0.25199002336687304,0.8076923076923076,0.6555555555555556,0.5396825396825397,0.9555293821837181,0.9794666203789156,0.9666577031406984,0.8139038615473146,-0.01571506572610737,-0.26800976800976795,0.011128320956980353
85057,ALECRIM,24.0,22.0,20.0,0.0,0.3702236502975972,0.7697927514571596,0.3412670782796192,0.1961705171793644,0.08545069913158665,0.7555555555555556,0.5811965811965811,0.7272727272727272,0.9261866118492682,0.9801477851741611,0.9957825669097214,0.7697927514571596,-0.25581637914803257,-0.028282828282828465,0.06959595506045324
85065,BROCHIER,39.0,31.0,38.0,0.0,0.08475179830496403,0.6122566738731459,0.21088559997743195,0.20998642225188435,0.37742285534476516,0.512962962962963,0.7626262626262627,0.5938697318007662,0.9758314181300347,0.9790269974460981,0.9301527425056058,0.6122566738731459,0.16653725536733321,0.08090676883780323,-0.045678675624428955
85073,ALEGRETE,106.0,118.0,108.0,0.017886174772018874,0.1871728491775579,0.6166833773382906,0.6286038000927292,0.5419623315284894,0.41987261946230037,0.9172161172161172,0.7391585760517799,0.6580645161290323,0.8485671494180064,0.8928531297051668,0.935862068919811,0.5987972025662717,-0.20873118063042884,-0.2591516010870849,0.08729491950180468
85081,EREBANGO,30.0,39.0,41.0,0.02107458183592883,0.11934191458528684,0.6113927417725339,0.3442111779424537,0.3950055627320994,0.33078294523011764,0.6798941798941799,0.46481481481481485,0.6770833333333333,0.9410989698749187,0.9283803825584594,0.934073934019296,0.5903181599366051,-0.013428232712336063,-0.002810846560846625,-0.007025035855622752
85090,ALPESTRE,26.0,25.0,24.0,0.04914364636335071,0.0,0.6963711688759773,0.2859943809149863,0.2916795057919219,0.21141514637331849,0.7581699346405228,0.7291666666666667,0.45185185185185184,0.9595531607010409,0.9539105991382664,0.9771359095328839,0.6472275225126266,-0.07457923454166782,-0.306318082788671,0.017582748831842965
85103,ENTRE-IJUÍS,36.0,47.0,49.0,0.0638380785911456,0.03654521959291549,0.7005545264002545,0.36259446797935935,0.4642633265434908,0.5617738199587299,0.9094650205761317,0.7894736842105263,0.6902777777777779,0.9358130929814374,0.9042746944450574,0.8529121575263485,0.636716447809109,0.19917935197937053,-0.21918724279835378,-0.08290093545508892
85111,ALVORADA,281.0,328.0,277.0,0.05946196323527262,0.5253051116029133,0.6926255444046487,0.6656420755528931,0.7181560487416727,0.6944037268299645,0.9688057040998218,0.9024021184036315,0.9355203619909502,0.8498886003763492,0.8234263250424877,0.8343128783006318,0.6331635811693761,0.02876165127707142,-0.033285342108871574,-0.015575722075717335
85120,NOVA ESPERANÇA DO SUL,25.0,38.0,31.0,0.0,0.1478880946086865,0.3874274393784001,0.2753855821215412,0.3103797232662433,0.24782069195613898,0.5833333333333334,0.6628352490421455,0.606060606060606,0.9609295689186146,0.9514632639609857,0.9685439500146715,0.3874274393784001,-0.0275648901654022,0.022727272727272596,0.007614381096056944
85138,ANTA GORDA,18.0,23.0,23.0,0.018239294346056895,0.04376927350360657,0.8941751418030942,0.1924721471001436,0.4010636869368862,0.3919507266308129,0.7407407407407407,0.6666666666666666,0.5238095238095238,0.9798668939802604,0.910636543597479,0.9128020789202237,0.8759358474570373,0.19947857953066928,-0.21693121693121686,-0.0670648150600367
85146,PAVERAMA,50.0,66.0,60.0,0.0,0.5582949967983506,0.7844053310605398,0.17704901176925558,0.450546064829054,0.46566926800746966,0.8075880758807588,0.6335282651072125,0.696078431372549,0.9869193080512636,0.9194321971161548,0.9119504821383527,0.7844053310605398,0.2886202562382141,-0.11150964450820977,-0.07496882591291087
85154,ANTÔNIO PRADO,38.0,41.0,34.0,0.0029175992178240677,0.36675264046407496,0.7655928819804397,0.23671942106914723,0.3319107294028265,0.24599484648163816,0.603448275862069,0.6076388888888888,0.6844444444444445,0.9684940518268241,0.9511534367669594,0.972753067964243,0.7626752827626156,0.009275425412490934,0.08099616858237557,0.004259016137418858
85162,TERRA DE AREIA,30.0,30.0,28.0,0.08002951488508961,0.2249378025883771,0.582321311760926,0.3803890608189635,0.46472938458458013,0.39704334455669854,0.7724867724867726,0.6507936507936508,0.6812865497076024,0.9256914055710617,0.8856221803325677,0.9033031442545354,0.5022917968758365,0.01665428373773503,-0.09120022277917017,-0.02238826131652627
85170,ARATIBA,43.0,26.0,25.0,0.011405299897785302,0.13800301295880385,0.6338241073769121,0.3505466952183023,0.29059830157050404,0.28897039525371104,0.8888888888888888,0.7549019607843137,0.6597222222222223,0.9423547849615793,0.9476527724685357,0.9587283765665895,0.6224188074791268,-0.06157629996459124,-0.22916666666666652,0.016373591605010174
85189,HARMONIA,30.0,23.0,19.0,0.0,0.21890802152790387,0.5719046624339558,0.11443865505237483,0.21334234237041327,0.18070768180855845,0.8042328042328042,0.6388888888888888,0.6388888888888888,0.9902052167747651,0.9709131428680424,0.9795369781527243,0.5719046624339558,0.06626902675618362,-0.16534391534391535,-0.010668238622040804
85197,ARROIO DO MEIO,52.0,49.0,84.0,0.09200629632447392,0.0,0.7570329766141091,0.2466971459491485,0.3800542290044371,0.42010000373991585,0.8403547671840355,0.9019138755980862,0.6980074719800747,0.974645907171489,0.9391474728774388,0.9301758797490054,0.6650266802896352,0.17340285779076736,-0.14234729520396072,-0.04447002742248363
85200,CAMPOS BORGES,35.0,33.0,24.0,0.030302969057690848,0.18955920626833203,0.5440371844545049,0.21086805793154673,0.1971709271066191,0.38951287060252016,0.6901709401709402,0.7638888888888888,0.6407407407407407,0.9802425498415969,0.9816439663761146,0.9051297465636373,0.5137342153968141,0.17864481267097343,-0.04943019943019944,-0.07511280327795955
85219,ARROIO DOS RATOS,53.0,76.0,86.0,0.06507017344912532,0.265095416768673,0.6430832378237215,0.49646785825472706,0.47449815397825446,0.5113256674999855,0.7588383838383838,0.8009950248756219,0.7215007215007214,0.8914984811189747,0.9115901362481961,0.8989841256676715,0.5780130643745961,0.01485780924525848,-0.037337662337662336,0.007485644548696824
85227,CERRO GRANDE,29.0,36.0,17.0,0.006070100730076593,0.0,0.5632404659167436,0.26046656634593224,0.09012365343999629,0.17043608903417207,0.7027777777777778,0.5123456790123457,0.3888888888888889,0.9683336900455871,0.9883090917174869,0.9769589254436114,0.557170365186667,-0.09003047731176017,-0.31388888888888894,0.008625235398024289
85235,ARROIO DO TIGRE,35.0,39.0,25.0,0.028206380563347795,0.07452717106765372,0.4471761267207241,0.344429120315215,0.5036275872150129,0.27009994342824806,0.6965811965811965,0.8407407407407407,0.642361111111111,0.9421173177781748,0.8580396862546154,0.9638098994605284,0.4189697461573763,-0.07432917688696694,-0.0542200854700855,0.021692581682353662
85243,IPIRANGA DO SUL,25.0,27.0,27.0,0.05314856263825808,0.027750840191375338,0.2821738141045533,0.3110464680654472,0.24552031676782393,0.2447146043414068,0.7152777777777778,0.6882716049382717,0.5030864197530864,0.947530253017693,0.9672360417384396,0.965540875669044,0.2290252514662952,-0.06633186372404043,-0.21219135802469136,0.018010622651351005
85251,ARROIO GRANDE,67.0,51.0,48.0,0.06133394296765786,0.30394282342795365,0.5023324825130606,0.6237052229488591,0.5286301637736692,0.5825471757895893,0.8869731800766284,0.8783068783068783,0.933048433048433,0.8329991309592205,0.8763729183962892,0.842194390601984,0.44099853954540275,-0.04115804715926985,0.04607525297180459,0.009195259642763465
85260,LAGOÃO,30.0,27.0,40.0,0.011923805290940191,0.00685087763946251,0.2649432737526376,0.3774061440838934,0.2664512458877064,0.3393963551375341,0.8624338624338624,0.7160493827160495,0.8817204301075269,0.9291790073532725,0.9641173482450203,0.9470580794404135,0.2530194684616974,-0.03800978894635931,0.019286567673664434,0.017879072087141012
85278,ARVOREZINHA,36.0,39.0,35.0,0.08284769835937456,0.2097833194492964,0.5799691784232947,0.30539186812201735,0.3007239987435084,0.24218172946755367,0.8004115226337448,0.8666666666666666,0.8012820512820513,0.9572790983799117,0.9555827747807544,0.9713023784466157,0.4971214800639201,-0.06321013865446368,0.0008705286483065011,0.014023280066704058
85286,ESTAÇÃO,34.0,42.0,42.0,0.004171663091759699,0.2090569472458671,0.47618327676074124,0.23663681892558075,0.31547194297416903,0.2026753168692912,0.7911111111111111,0.6632996632996633,0.4242424242424243,0.9685672680222935,0.9430116193304334,0.9795820592266887,0.47201161366898153,-0.03396150205628956,-0.3668686868686868,0.011014791204395191
85294,AUGUSTO PESTANA,30.0,35.0,21.0,0.06341001063051567,0.19162704052399196,0.7131051883683701,0.3472069591231248,0.28608096211779577,0.3813579398280045,0.8253968253968254,0.7307692307692307,0.6944444444444444,0.9432589660977482,0.961264366871888,0.9169622620523418,0.6496951777378545,0.03415098070487965,-0.13095238095238093,-0.026296704045406405
85308,ARROIO DO SAL,71.0,70.0,62.0,0.0,0.34015184115909414,0.6592724208433862,0.5103909803025666,0.3808183968043737,0.48261138342317644,0.6478494623655914,0.8816029143897997,0.7044025157232704,0.8950160616981923,0.9313523515575699,0.9036683019331126,0.6592724208433862,-0.027779596879390134,0.05655305335767902,0.008652240234920394
85316,BAGÉ,188.0,256.0,176.0,0.0875245038349952,0.5293275169175354,0.6123014801105053,0.6975375888030788,0.6780394399035028,0.6112453539395839,0.8981768145854833,0.918040856509968,0.901590825009249,0.8234116889274805,0.8446614313265852,0.8718239632194088,0.5247769762755101,-0.08629223486349491,0.0034140104237657676,0.04841227429192829
85324,SÃO JOSÉ DO HORTÊNCIO,22.0,33.0,29.0,0.007628219854064262,0.16090962039279263,0.7066861750664558,0.363475987687081,0.26708502316848626,0.2977974947717781,0.7136752136752136,0.4583333333333333,0.575,0.92274273346405,0.9576568386299356,0.9503814769969747,0.6990579552123916,-0.06567849291530292,-0.13867521367521363,0.027638743532924726
85332,BARÃO DE COTEGIPE,40.0,40.0,32.0,0.019221960476377437,0.3755833636008525,0.8419246722185273,0.34618770244405184,0.5840098409413315,0.3537608899839093,0.4659498207885304,0.6093189964157706,0.5917874396135266,0.9477577752651298,0.8264631729759105,0.93884068659629,0.8227027117421498,0.007573187539857473,0.12583761882499622,-0.008917088668839779
85340,PINHAL,13.0,23.0,22.0,0.032457996444067855,0.4245594067008121,0.5682653851681266,0.16691771061830774,0.21065420245081934,0.19614310874287533,0.33333333333333337,0.7063492063492063,0.6153846153846154,0.9829987292084171,0.9738189941494163,0.9762486495817765,0.5358073887240588,0.029225398124567592,0.28205128205128205,-0.006750079626640648
85359,BARRACÃO,25.0,23.0,19.0,0.07248742552265525,0.2757058710544849,0.6654696654696655,0.40393226440401797,0.298729668714526,0.21362336874298604,0.7083333333333333,0.6507936507936508,0.48333333333333334,0.9175103999399316,0.9516800062278078,0.9754204969919793,0.5929822399470102,-0.19030889566103193,-0.22499999999999992,0.05791009705204775
85367,TRÊS CACHOEIRAS,31.0,29.0,29.0,0.038144097701164684,0.14429122273047512,0.653732036788103,0.38408822007597765,0.3964381674765989,0.3044088673082326,0.8333333333333334,0.6888888888888889,0.55,0.9255582497088477,0.9211159637827661,0.9452588331201512,0.6155879390869383,-0.07967935276774507,-0.2833333333333333,0.01970058341130354
85375,BARRA DO RIBEIRO,67.0,120.0,76.0,0.012983679254759134,0.2399003025304015,0.5004123686813917,0.542694711246045,0.647681431679217,0.4986831090074544,0.8984674329501915,0.8618618618618619,0.7844112769485904,0.8783227410245262,0.8381039628915329,0.8993060543985391,0.4874286894266326,-0.044011602238590575,-0.11405615600160113,0.020983313374012824
85383,SÃO VENDELINO,23.0,37.0,38.0,0.0,0.2500751139446697,0.744088644201736,0.12107620236291172,0.4421745789219691,0.33206178332324754,0.8015873015873016,0.636904761904762,0.7241379310344828,0.9909230705793195,0.905421380893031,0.9500431524595019,0.744088644201736,0.21098558096033582,-0.07744937055281886,-0.040879918119817615
85391,BARROS CASSAL,35.0,44.0,32.0,0.06637190673718334,0.23740030306913482,0.7186107253166394,0.3517583085808931,0.25845540138667267,0.25061507586907394,0.7649572649572649,0.7333333333333334,0.8019323671497584,0.9442446260410022,0.9710729924604548,0.9696225034513973,0.6522388185794561,-0.10114323271181913,0.03697510219249345,0.0253778774103951
85405,PROTÁSIO ALVES,16.0,16.0,18.0,0.09299366682000049,0.0,0.630868496179805,0.3440035465305875,0.3670819552255964,0.15077955540153742,0.3253968253968254,0.6428571428571429,0.39506172839506176,0.9208477068115163,0.8746713675841229,0.9861232643270736,0.5378748293598046,-0.1932239911290501,0.06966490299823636,0.06527555751555736
85413,BENTO GONÇALVES,170.0,231.0,156.0,0.06072216417044004,0.3173733786388747,0.6974700993897852,0.5766768331982428,0.6636338597727949,0.5617763400753382,0.8585159554017685,0.8774051676745465,0.8660600931019891,0.8791801323416967,0.8484161296776835,0.8915667344721968,0.6367479352193451,-0.014900493122904646,0.0075441377002205545,0.012386602130500135
85421,POUSO NOVO,28.0,19.0,24.0,0.0029294741649673398,0.006601010519700724,0.6619054785893678,0.17024085100307773,0.25449665448190806,0.5068735659050949,0.6403508771929824,0.6,0.674074074074074,0.982569502590251,0.9642852926973542,0.8386411869845777,0.6589760044244004,0.3366327149020172,0.0337231968810916,-0.14392831560567332
85430,BOA VISTA DO BURICÁ,19.0,24.0,32.0,0.09945060610874909,0.3025967049999444,0.43928211368171777,0.23010823706797767,0.36415945941289474,0.3545116319013981,0.6111111111111112,0.5407407407407407,0.6956521739130435,0.9707809745844309,0.9203087652193586,0.9355675683744938,0.33983150757296865,0.12440339483342044,0.0845410628019323,-0.03521340620993707
85448,EUGÊNIO DE CASTRO,23.0,21.0,32.0,0.0482825012293508,0.052998383549301746,0.7377409804830997,0.15208759874300104,0.2841420003356563,0.3385965532294275,0.6587301587301587,0.8518518518518519,0.6908212560386473,0.9848489438335166,0.9475760192257003,0.9419470456798961,0.6894584792537488,0.18650895448642646,0.03209109730848858,-0.042901898153620555
85456,BOM JESUS,34.0,35.0,25.0,0.06768050923824326,0.30737533879985424,0.5227629274684705,0.5206518469501649,0.45947690772174843,0.3870947910551916,0.7511111111111111,0.7435897435897435,0.8125,0.8631927712040854,0.9003620570105522,0.9193879207545,0.45508241823022727,-0.13355705589497324,0.06138888888888894,0.0561951495504146
85464,CRISTAL,50.0,52.0,47.0,0.010651603913846432,0.053712051037190886,0.6087890612879807,0.3799886331903011,0.3774254972104767,0.5188980497132403,0.7127371273712737,0.7286821705426356,0.6622807017543859,0.9398745730644856,0.9393102949782197,0.879450173265783,0.5981374573741343,0.1389094165229392,-0.05045642561688779,-0.06042439979870262
85472,BOM RETIRO DO SUL,55.0,64.0,42.0,0.02343503416716527,0.2686912075680001,0.6210047914440464,0.36003495651357764,0.47872737912594987,0.377488179562111,0.748792270531401,0.7919191919191919,0.8299663299663299,0.9406451847733722,0.9017867725538344,0.9279665283369147,0.5975697572768811,0.01745322304853336,0.08117405943492895,-0.012678656436457492
85480,SÃO MIGUEL DAS MISSÕES,34.0,35.0,30.0,0.0034902772316548285,0.16587632215743287,0.453027293915382,0.5020877297872872,0.5168381716229051,0.47133928192120167,0.6399999999999999,0.8504273504273504,0.7671957671957672,0.8601369457033757,0.8670835338895502,0.8922463745351774,0.44953701668372714,-0.03074844786608555,0.1271957671957673,0.03210942883180168
85499,BOSSOROCA,31.0,38.0,28.0,0.017882675091034084,0.025969356036857297,0.35734555062076456,0.44615779733634464,0.6103076206482532,0.3106168145158814,0.8383838383838383,0.5804597701149425,0.5555555555555556,0.9009744702536402,0.8205163734277818,0.9500716336221104,0.3394628755297305,-0.13554098282046323,-0.28282828282828276,0.049097163368470254
85502,GLORINHA,42.0,55.0,48.0,0.033387984585676614,0.3649895998386853,0.5385977409130662,0.41284483415599915,0.5829838312297595,0.46070032713844755,0.7104377104377104,0.6956521739130435,0.717948717948718,0.924618822704989,0.8482465679099053,0.8994034408268208,0.5052097563273896,0.0478554929824484,0.007511007511007528,-0.025215381878168186
85510,BRAGA,19.0,27.0,18.0,0.020939976549945453,0.025598230650297454,0.6065941754365507,0.2856350300936352,0.14958468292893845,0.3266960777644974,0.8222222222222223,0.7098765432098766,0.5375,0.9544874695954912,0.9851067945551897,0.9379053326749531,0.5856541988866052,0.04106104767086216,-0.2847222222222223,-0.016582136920538115
85529,SEGREDO,31.0,18.0,27.0,0.09185922350735662,0.25198437696862797,0.6319950072810485,0.44658681566949854,0.3278806713983733,0.30915306125069675,0.7853535353535354,0.5987654320987654,0.6574074074074074,0.8982309815317996,0.9370589445597215,0.9463807609880595,0.5401357837736919,-0.1374337544188018,-0.12794612794612792,0.04814977945625987
85537,BUTIÁ,72.0,98.0,95.0,0.049189085789226074,0.39571450990857526,0.4891826481816783,0.4951229213611388,0.5138721792927377,0.49151639438043837,0.892416225749559,0.8476903870162297,0.9108527131782945,0.9040983284182953,0.9007807911372366,0.9121180685491129,0.4399935623924522,-0.0036065269807004086,0.018436487428735493,0.008019740130817632
85545,ALEGRIA,29.0,32.0,22.0,0.05997564039239194,0.1200576613737786,0.6940921598837405,0.1591021437529525,0.16852791474976492,0.30296930266923483,0.7111111111111111,0.5942028985507246,0.594017094017094,0.9880577946169952,0.9828387418206044,0.952551951340528,0.6341165194913486,0.14386715891628232,-0.11709401709401712,-0.03550584327646722
85553,CAÇAPAVA DO SUL,75.0,77.0,82.0,0.06562699861012802,0.3919493902929938,0.6120024531663143,0.6044807891317157,0.5414412414693583,0.5093466571700442,0.9176136363636364,0.8512396694214877,0.8169014084507042,0.8515018415111318,0.8790878257078856,0.8927441319564516,0.5463754545561863,-0.09513413196167142,-0.1007122279129321,0.041242290445319796
85561,SALDANHA MARINHO,21.0,30.0,23.0,0.0026771853967362223,0.11513646309420608,0.9857158795702794,0.1522395106944534,0.1793378821830962,0.27756169692048993,0.6388888888888888,0.7513227513227513,0.6944444444444444,0.9870171883842059,0.9843456437688453,0.9544740569957412,0.9830386941735432,0.12532218622603652,0.05555555555555558,-0.03254313138846476
85570,CACEQUI,39.0,46.0,39.0,0.07451365457213303,0.2443392224749882,0.6046175406034847,0.5244141476369129,0.5285863228194618,0.4400992308120273,0.9407407407407407,0.6906906906906907,0.7222222222222222,0.8662823631396497,0.8692923581676096,0.8926030549561978,0.5301038860313517,-0.08431491682488557,-0.21851851851851845,0.02632069181654817
85588,SÃO JOSÉ DO HERVAL,15.0,30.0,30.0,0.0,0.2869527983440405,0.47574956773654037,0.3241412591824526,0.32083008406910185,0.513737300036059,0.9166666666666666,0.5211640211640212,0.41269841269841273,0.9376412032066046,0.9499441480507077,0.8661005679530713,0.47574956773654037,0.18959604085360637,-0.503968253968254,-0.07154063525353327
85596,CACHOEIRA DO SUL,161.0,231.0,150.0,0.16118697918840394,0.6530431786974963,0.799396525203246,0.5925545066859617,0.7131495800961383,0.5875457502323957,0.8187214611872146,0.7433641975308642,0.8098765432098765,0.876808335014665,0.8175641800353107,0.8771913123135023,0.638209546014842,-0.00500875645356591,-0.008844917977338107,0.0003829772988372948
85600,VISTA ALEGRE,22.0,30.0,29.0,0.05276642469346672,0.1705301213037596,0.8260405655064761,0.21834430438712737,0.41017382703698213,0.36579625400846427,0.6239316239316239,0.7328042328042328,0.4722222222222222,0.973139094775108,0.915659757856242,0.9319067798937183,0.7732741408130094,0.1474519496213369,-0.15170940170940173,-0.041232314881389676
85618,CACHOEIRINHA,197.0,333.0,196.0,0.01685436538334723,0.4555547712834318,0.7008850352805289,0.7215259316147291,0.6840076741806864,0.6207232956256932,0.9552287581699346,0.8636448250186151,0.8797239566217548,0.8108410908930859,0.8318815610984559,0.8641137515870052,0.6840306698971816,-0.10080263598903594,-0.07550480154817973,0.05327266069391934
85626,IVORÁ,20.0,26.0,20.0,0.28212420604184474,0.19850579275995237,0.8563696532953948,0.3549350662755346,0.40783015122532196,0.41146197383478156,0.7424242424242424,0.6339869281045751,0.5606060606060607,0.9119198729376602,0.9114626484755767,0.8779077317745033,0.5742454472535501,0.05652690755924694,-0.18181818181818177,-0.03401214116315687
85634,CACIQUE DOBLE,19.0,22.0,14.0,0.0,0.2124710227727493,0.4870208291443624,0.11541538557530107,0.09625997075303827,0.15382741421574608,0.4722222222222222,0.6153846153846154,0.6777777777777778,0.9917382203133824,0.9940708090390254,0.985417318056695,0.4870208291443624,0.03841202864044502,0.2055555555555556,-0.006320902256687466
85642,VILA MARIA,28.0,30.0,37.0,0.0017842018925643707,0.291264244967828,0.5781421889643201,0.22453113221708199,0.1454561416466451,0.28148768724218964,0.5087719298245614,0.6137566137566137,0.3273809523809524,0.9761929652486498,0.9901171977788723,0.9639685121427704,0.5763579870717558,0.05695655502510766,-0.18139097744360905,-0.012224453105879496
85650,CAIBATÉ,23.0,20.0,21.0,0.018806806223486374,0.31153635904911414,0.788470459508512,0.2377320402638181,0.22307998920722127,0.3111005181561093,0.6666666666666666,0.8333333333333334,0.7314814814814815,0.9707734929928371,0.9737408198704718,0.9482594638696216,0.7696636532850256,0.07336847789229117,0.06481481481481488,-0.02251402912321554
85669,TAQUARUÇU DO SUL,30.0,30.0,40.0,0.05231951388336477,0.6220442752326145,0.7696973038540001,0.29346100728417746,0.32563571370689903,0.5086825274301152,0.7433862433862434,0.6693121693121693,0.6254480286738351,0.9496761890142511,0.9415534273811317,0.8575638694411511,0.7173777899706354,0.21522152014593776,-0.11793821471240828,-0.09211231957309995
85677,CAIÇARA,42.0,38.0,38.0,0.051193173782837435,0.16042727390206973,0.7626236516802988,0.2843926683662321,0.1844379844412647,0.31295814078859174,0.7239057239057238,0.5306513409961686,0.4636015325670497,0.9557228806269366,0.9837373048720665,0.9564150734396375,0.7114304778974614,0.028565472422359628,-0.2603041913386741,0.0006921928127009425
85685,IMBÉ,97.0,74.0,77.0,0.0,0.26911019770863276,0.7715333466605991,0.627115155217558,0.614440813330835,0.5031140458037806,0.8977272727272727,0.7145299145299145,0.7222222222222222,0.8446716555497039,0.8437990833451409,0.9023205060925531,0.7715333466605991,-0.1240011094137774,-0.1755050505050505,0.057648850542849184
85693,CAMAQUÃ,168.0,163.0,124.0,0.029938851294830073,0.3186746690709765,0.575722966110613,0.567024966724375,0.530851602896601,0.4851186672214771,0.8657952069716776,0.9144144144144144,0.7825688073394496,0.8926974576916112,0.9037798698525354,0.9147492776192082,0.5457841148157829,-0.08190629950289785,-0.083226399632228,0.022051819927596972
85707,SEDE NOVA,22.0,28.0,28.0,0.0,0.06151562189217951,0.46643694393447255,0.18081072116360475,0.1811326754286393,0.2337746888050516,0.7777777777777777,0.6052631578947368,0.45029239766081874,0.983528960908531,0.9821756331412697,0.9732666805651332,0.46643694393447255,0.05296396764144684,-0.32748538011695894,-0.010262280343397823
85715,CAMBARÁ DO SUL,48.0,64.0,38.0,0.013002228697107316,0.23317151515643422,0.5694936396603314,0.20975058501263022,0.42456835777773927,0.34625308460476956,0.8746438746438746,0.808080808080808,0.8199233716475096,0.9779740840592357,0.9199049505115842,0.9381217512773665,0.5564914109632241,0.13650249959213934,-0.054720502996364995,-0.03985233278186917
85723,TUPANDI,32.0,31.0,23.0,0.018452097419467614,0.260144946484043,0.5589872394648322,0.14275905029452618,0.28354146498893895,0.3595448956673706,0.47342995169082125,0.6843434343434344,0.44841269841269843,0.9892283055720139,0.9628825654060662,0.9323296610181162,0.5405351420453646,0.2167858453728444,-0.02501725327812282,-0.056898644553897704
85731,CAMPINA DAS MISSÕES,30.0,33.0,24.0,0.0,0.0,0.7397807761103191,0.37545359390474164,0.270604991050146,0.2954927969993235,0.8783068783068783,0.5208333333333334,0.4962962962962963,0.929084555900267,0.9596377703629883,0.9559949625106156,0.7397807761103191,-0.07996079690541813,-0.38201058201058197,0.026910406610348603
85740,RIOZINHO,36.0,56.0,87.0,0.017343618104720755,0.8452444770476538,0.897421592562831,0.31932453089614565,0.4792975777337989,0.7401947867548675,0.7530864197530864,0.549645390070922,0.683048433048433,0.9523207502820162,0.8721781910892175,0.7623527378705924,0.8800779744581103,0.42087025585872184,-0.07003798670465344,-0.1899680124114238
85758,CAMPINAS DO SUL,30.0,28.0,33.0,0.030944906782201905,0.29682995315910266,0.4882150904052119,0.3632856957820292,0.16885169669826672,0.3280052928029151,0.7248677248677249,0.5350877192982456,0.6041666666666666,0.9381543529639573,0.9863282852187643,0.9350529373396949,0.45727018362301,-0.035280402979114056,-0.12070105820105825,-0.0031014156242624713
85766,RELVADO,16.0,18.0,18.0,0.018975370130039457,0.0,0.33950048539138844,0.25460829701067733,0.37282813518761304,0.37695636892746553,0.7619047619047619,0.40740740740740744,0.6172839506172839,0.9601874268173052,0.9109545943032905,0.9183016442940305,0.32052511526134897,0.1223480719167882,-0.14462081128747795,-0.041885782523274684
85774,CAMPO BOM,99.0,148.0,122.0,0.02453188835981316,0.4553423819897005,0.6777692038262795,0.5071932236456826,0.5184105795048806,0.48026601217033926,0.9338842975206612,0.8480424684804246,0.7968877968877969,0.9057890746541211,0.9092100179215414,0.9185773959629929,0.6532373154664664,-0.026927211475343382,-0.13699650063286428,0.012788321308871864
85782,IMIGRANTE,29.0,35.0,37.0,0.0,0.0,0.44318850412141364,0.36228603221085187,0.3167886666559674,0.45624610000591015,0.7777777777777778,0.6367521367521367,0.7123015873015873,0.9358308393024551,0.9545866286481682,0.9032844692301633,0.44318850412141364,0.09396006779505828,-0.06547619047619047,-0.032546370072291886
85790,CAMPO NOVO,48.0,41.0,38.0,0.04189634533218717,0.19279498453982508,0.5433979210912867,0.347591132959048,0.3065362449428708,0.40814205597167974,0.8262108262108262,0.8645833333333334,0.6762452107279693,0.9499500815342558,0.9565316706019189,0.9143453229699973,0.5015015757590995,0.06055092301263176,-0.14996561548285692,-0.03560475856425849
85804,CIDREIRA,90.0,91.0,84.0,0.024924422587498937,0.34248915145964304,0.6133709387556286,0.6131948592682834,0.5874616983059961,0.49575857119954314,0.9231824417009603,0.8861788617886178,0.7125925925925927,0.8476073129348493,0.8509165591685044,0.9006591111496494,0.5884465161681297,-0.11743628806874029,-0.21058984910836764,0.053051798214800105
85812,CANDELÁRIA,79.0,84.0,49.0,0.09924845986191089,0.49576664767528184,0.6577985090419236,0.44544759473386253,0.5483251818363437,0.4270972139450757,0.9003496503496504,0.8266522210184182,0.8038277511961723,0.9233383024416804,0.8753834542321965,0.9200557225235281,0.5585500491800127,-0.018350380788786813,-0.09652189915347809,-0.003282579918152284
85820,MONTAURI,18.0,17.0,16.0,0.0,0.0,0.5553078765383459,0.1491454561168486,0.06300507221811835,0.1983319250189215,0.5308641975308642,0.4027777777777778,0.40476190476190477,0.9878190379748434,0.9973057889444316,0.9753582866226542,0.5553078765383459,0.0491864689020729,-0.12610229276895946,-0.012460751352189159
85839,CÂNDIDO GODÓI,26.0,30.0,30.0,0.04613165183268736,0.06144304871614238,0.6751361124128163,0.3484750655561526,0.2252410755586025,0.22919974589866365,0.5392156862745098,0.5767195767195767,0.5925925925925926,0.9398284608887049,0.9748695190330837,0.9742068470423139,0.629004460580129,-0.11927531965748894,0.053376906318082784,0.034378386153609
85847,VISTA GAÚCHA,12.0,22.0,18.0,0.0,0.0,0.30671413214585297,0.24248204977826537,0.09130351126347036,0.13990122677186467,0.9259259259259259,0.6367521367521367,0.4444444444444445,0.9604841422906791,0.9946221134845113,0.9822098686288916,0.30671413214585297,-0.1025808230064007,-0.48148148148148145,0.02172572633821246
85855,CANELA,85.0,82.0,114.0,0.07783351420422883,0.25524796126106647,0.6299663191589019,0.4798218636432341,0.4440643074101578,0.5485011241369766,0.703931203931204,0.8866837387964148,0.7105030891438658,0.9128948441315166,0.9274086914446276,0.8876524435113503,0.5521328049546731,0.06867926049374251,0.006571885212661832,-0.02524240062016625
85863,VISTA ALEGRE DO PRATA,18.0,23.0,17.0,0.004175097608937274,0.0,0.4906731217441794,0.11122194039917566,0.3924383271210745,0.10451241282735002,0.6358024691358024,0.5476190476190477,0.3472222222222222,0.9911653743367592,0.8988200590077238,0.9912037647425942,0.4864980241352421,-0.006709527571825635,-0.2885802469135802,3.8390405834975994e-05
85871,CANGUÇU,113.0,142.0,112.0,0.0835368594783803,0.36561222921864944,0.7478036748868854,0.5982221678360771,0.5672126094498062,0.5455748854847695,0.8707482993197279,0.9267716535433072,0.7987567987567988,0.8663421943460166,0.8879963949733043,0.8878380318767233,0.6642668154085051,-0.052647282351307556,-0.07199150056292902,0.02149583753070672
85880,CASEIROS,27.0,26.0,25.0,0.0292876555571449,0.010992909247336381,0.45666608803405057,0.19919261272429645,0.23952185277736016,0.209253915718411,0.6049382716049383,0.7189542483660131,0.5520833333333334,0.9813807786242701,0.9715287977260098,0.9743570682835178,0.42737843247690566,0.010061302994114563,-0.05285493827160492,-0.007023710340752332
85898,CANOAS,295.0,474.0,330.0,0.10009339894017463,0.4145558482770203,0.6404661794044156,0.7389836442763338,0.6745830890198086,0.6644976365349959,0.975842891901286,0.9616314516976768,0.9448297118200031,0.8112783615696068,0.8587894743092779,0.8575335058205223,0.540372780464241,-0.07448600774133785,-0.031013180081282954,0.04625514425091559
85901,ITACURUBI,31.0,32.0,24.0,0.019514179578824325,0.18939317177383694,0.19192291544331413,0.20891893622948654,0.19504016457401918,0.2543964345194385,0.6868686868686869,0.6183574879227053,0.5851851851851853,0.9765682358975893,0.9818987693653479,0.9568969443426993,0.17240873586448982,0.045477498289951956,-0.1016835016835016,-0.019671291554890002
85910,CARAZINHO,102.0,134.0,107.0,0.10469241020025069,0.4141194612838001,0.5322485611219411,0.6941842302043177,0.6453360049200569,0.508081479334733,0.9040622299049266,0.7924348378893833,0.7459083469721768,0.8068280033372516,0.8426999087717244,0.9027814356772326,0.4275561509216904,-0.18610275086958472,-0.1581538829327498,0.09595343233998099
85928,ENTRE RIOS DO SUL,24.0,32.0,34.0,0.0,0.2745732120027074,0.861638247362338,0.3876747634642883,0.2268251297285102,0.41986055044717085,0.8666666666666667,0.4830917874396135,0.3977777777777778,0.9169246988750984,0.9760945812844283,0.9069066085202342,0.861638247362338,0.03218578698288255,-0.4688888888888889,-0.010018090354864229
85936,CARLOS BARBOSA,65.0,69.0,64.0,0.04576240491344314,0.06035463773319882,0.4653736805997116,0.47355243161110483,0.5323329909458014,0.3141820764850991,0.7365319865319866,0.7938871473354232,0.8121212121212121,0.9087416245247965,0.8819919326377056,0.9598817329113921,0.4196112756862685,-0.15937035512600572,0.07558922558922554,0.05114010838659566
85944,CERRO GRANDE DO SUL,53.0,66.0,93.0,0.09421609316560393,0.4521299008539186,0.5166542211649434,0.29839657602516345,0.5082257343599952,0.4187455258562942,0.7095959595959596,0.6364522417153996,0.8293650793650793,0.9596888655210979,0.8937825458419291,0.9319200903121578,0.4224381279993395,0.12034894983113076,0.11976911976911975,-0.027768775208940055
85952,CASCA,33.0,41.0,42.0,0.03126244278013035,0.056278116972233554,0.813882278772797,0.2916278886246375,0.3956431574142836,0.2391227055421552,0.8287037037037037,0.7986111111111112,0.7592592592592592,0.9571204544800375,0.9316756279988664,0.9746884584208643,0.7826198359926666,-0.05250518308248231,-0.06944444444444453,0.017568003940826804
85960,CAMARGO,22.0,24.0,28.0,0.0,0.04486848150700666,0.6326794307949727,0.08601953697829812,0.23936013133303624,0.3191489422117404,0.5512820512820513,0.47037037037037027,0.5233918128654971,0.9957503273174565,0.9699864976856869,0.9488505854146857,0.6326794307949727,0.23312940523344228,-0.027890238416554247,-0.0468997419027708
85979,CATUÍPE,34.0,28.0,28.0,0.061186232793414154,0.3506990416984888,0.4263027536490348,0.40130896765674406,0.26050763521491405,0.32594438610909116,0.7577777777777778,0.8070175438596492,0.4619883040935673,0.9268479520018901,0.9647618958593659,0.9478055851139096,0.36511652085562063,-0.07536458154765291,-0.2957894736842105,0.02095763311201948
85987,PARAÍSO DO SUL,38.0,41.0,46.0,0.1576658205924569,0.2054982477021755,0.5826184133813377,0.4917303965916715,0.261733863619136,0.18148133007074185,0.8045977011494253,0.7708333333333334,0.5945945945945946,0.8868174696526793,0.958616899878147,0.9861555246010628,0.42495259278888076,-0.31024906652092965,-0.21000310655483068,0.09933805494838355
85995,CAXIAS DO SUL,393.0,488.0,341.0,0.016069882407230878,0.394911672034313,0.7339152739786409,0.6452996243107245,0.6742722228519653,0.6418999545305826,0.9417156286721504,0.9170172978027116,0.9006015859994532,0.8687550990142859,0.8602300324005773,0.8648603135380136,0.71784539157141,-0.003399669780141945,-0.04111404267269725,-0.003894785476272311
86010,CERRO LARGO,35.0,44.0,50.0,0.09286814855318842,0.358335281182223,0.7389857120979824,0.3883395397257068,0.3865615353048506,0.25807934256640075,0.7606837606837606,0.7063492063492064,0.6761517615176151,0.9321642095773934,0.9265374068814544,0.9726194286400208,0.646117563544794,-0.13026019715930603,-0.08453199916614551,0.04045521906262739
86029,FAXINALZINHO,25.0,24.0,37.0,0.0012976901116013497,0.0,0.735042649523476,0.20199671251838347,0.19074217269350302,0.3258633173534242,0.6909722222222223,0.5555555555555556,0.4682539682539682,0.9696119767638616,0.9792707108634661,0.9515323492011819,0.7337449594118747,0.12386660483504075,-0.22271825396825412,-0.018079627562679668
86037,CHAPADA,27.0,42.0,35.0,0.07186507913608571,0.2535376972686451,0.7823328005099651,0.26553699821497934,0.28580634321838727,0.3600174311658668,0.6604938271604939,0.6919191919191919,0.5961538461538461,0.9654009593019443,0.962080080045766,0.9394331472489303,0.7104677213738794,0.09448043295088748,-0.06433998100664773,-0.025967812053013906
86045,AMARAL FERRADOR,31.0,55.0,42.0,0.007910900712717913,0.11114621897999047,0.4516601451859308,0.37870953517680883,0.2570764235011611,0.407321032958025,0.904040404040404,0.9094202898550725,0.6936026936026937,0.9301657831741003,0.9696164073431217,0.9269642685111931,0.44374924447321284,0.02861149778121619,-0.2104377104377103,-0.00320151466290719
86053,CHIAPETTA,23.0,35.0,33.0,0.0869608704417335,0.13475299709252153,0.22317775217658328,0.215219903511652,0.16784211235043012,0.1793542162231172,0.6984126984126984,0.5854700854700855,0.5277777777777778,0.9725781925602915,0.9862386066193174,0.9834069990336964,0.13621688173484978,-0.03586568728853479,-0.17063492063492058,0.010828806473404895
86061,VILA FLORES,29.0,27.0,27.0,0.10190617843792683,0.011611848420478967,0.7642631807392971,0.2707875005162015,0.33204963632264173,0.26434638354034057,0.6444444444444444,0.7808641975308642,0.5679012345679012,0.9657283135218334,0.9420712412681369,0.964160792913856,0.6623570023013703,-0.006441116975860917,-0.07654320987654317,-0.0015675206079773796
86070,CIRÍACO,30.0,31.0,18.0,0.010203681174208234,0.07738711339060415,0.4348815940128603,0.15685935926114913,0.2159770186000607,0.13138617674596875,0.6772486772486773,0.6161616161616161,0.43209876543209885,0.9887373079498654,0.975066062459972,0.9891796413760613,0.4246779128386521,-0.02547318251518038,-0.24514991181657847,0.00044233342619592886
86088,CERRO BRANCO,39.0,23.0,28.0,0.13992015928123347,0.009662652639715918,0.7742261852206538,0.5199838173878935,0.31471539724442854,0.34390596870609613,0.6814814814814815,0.6349206349206349,0.33333333333333337,0.8728301056814729,0.9400867892447822,0.9355252432856348,0.6343060259394203,-0.17607784868179732,-0.3481481481481481,0.0626951376041619
86096,COLORADO,38.0,35.0,43.0,0.11386497513891027,0.04159317497848744,0.7963025429071923,0.2886589997241773,0.2998838125340759,0.24739827290233163,0.49616858237547895,0.3782051282051282,0.5375816993464052,0.9519783018827227,0.9541448504541951,0.9738238541462592,0.682437567768282,-0.04126072682184567,0.041413116970926256,0.02184555226353646
86100,ANDRÉ DA ROCHA,24.0,21.0,26.0,0.018927043404959203,0.345539595624507,0.8179433839597076,0.4028272602441958,0.13436549882279425,0.18070048525161142,0.6592592592592592,0.8055555555555556,0.6568627450980392,0.9013215099517323,0.9903829180745434,0.9835925277416007,0.7990163405547483,-0.22212677499258437,-0.002396514161219998,0.08227101778986834
86118,CONDOR,10.0,55.0,42.0,0.0,0.06638368212037123,0.49089739398205146,0.13761045706436437,0.446297052248094,0.3933503950069863,1.0,0.7258454106280193,0.6212121212121212,0.9841588300169458,0.907206480074492,0.9313844307429733,0.49089739398205146,0.25573993794262195,-0.3787878787878788,-0.05277439927397254
86126,POÇO DAS ANTAS,20.0,24.0,17.0,0.02786535691748777,0.18136641456735042,0.48812914093103593,0.11503162427746005,0.26759057003759,0.13007303697174888,0.712121212121212,0.6962962962962963,0.7638888888888888,0.9846023250761501,0.9635101160804668,0.9906033143468621,0.46026378401354817,0.015041412694288825,0.051767676767676796,0.0060009892707120205
86134,CONSTANTINA,31.0,33.0,42.0,0.06867016144780047,0.09793653182843405,0.7688569610247021,0.2840465823052494,0.254781250471271,0.2865717601793367,0.8636363636363636,0.8240740740740741,0.771043771043771,0.9601792235193266,0.9609940642973297,0.9590420777348229,0.7001867995769017,0.0025251778740873476,-0.09259259259259267,-0.0011371457845037458
86142,TRÊS PALMEIRAS,35.0,29.0,30.0,0.0,0.05816237349178867,0.6431900102645169,0.22513798730363366,0.2465072982087757,0.4390964926472991,0.8012820512820513,0.6055555555555555,0.5105820105820107,0.9717752983209054,0.9711601722615704,0.9055593645124363,0.6431900102645169,0.21395850534366545,-0.29070004070004063,-0.06621593380846902
86150,CORONEL BICACO,23.0,26.0,22.0,0.027967644207220595,0.20591130164770224,0.6569178645802208,0.3266020519508903,0.4996632558251517,0.35607666089528434,0.9126984126984127,0.7843137254901961,0.6495726495726495,0.9446796332670864,0.8668648074810289,0.9329884293676738,0.6289502203730002,0.02947460894439402,-0.2631257631257632,-0.011691203899412583
86169,NOVA ALVORADA,23.0,21.0,16.0,0.0,0.13687246419318572,0.46849955736750964,0.14511502685780364,0.06335369091393916,0.12433983880239019,0.5952380952380952,0.4027777777777778,0.39682539682539686,0.9888271000611687,0.9973737155252246,0.990875734657544,0.46849955736750964,-0.02077518805541345,-0.19841269841269837,0.002048634596375276
86177,CRISSIUMAL,34.0,74.0,50.0,0.048518180053864914,0.23046422237022063,0.4876467709430025,0.26854682252248185,0.2701342977297989,0.3465492194785027,0.6844444444444444,0.7230769230769231,0.7127371273712737,0.967552239967148,0.9729965576420196,0.9496724565899243,0.4391285908891376,0.07800239695602085,0.028292682926829293,-0.017879783377223735
86185,MORRO REDONDO,41.0,49.0,43.0,0.012670328981352378,0.4666880102948473,0.7926387632722108,0.26026033468325926,0.33380606500687526,0.36348259845513975,0.7638888888888888,0.7777777777777777,0.6650326797385621,0.9695876303624376,0.9395422043910097,0.9377053272181515,0.7799684342908585,0.10322226377188048,-0.09885620915032678,-0.031882303144286084
86193,CRUZ ALTA,162.0,248.0,107.0,0.04896222960279989,0.42714297598781487,0.7339354838962772,0.6746360470160162,0.6848671881898942,0.5030380922538065,0.9154195011337869,0.9198855507868384,0.8289855072463768,0.828302402321231,0.8357407644761621,0.9057861583489994,0.6849732542934772,-0.17159795476220974,-0.08643399388741013,0.07748375602776847
86207,SANTA MARIA DO HERVAL,34.0,34.0,45.0,0.009970774878650477,0.15857461006213985,0.5280262324450246,0.23210867501395516,0.3084948624582704,0.41067241243635055,0.6533333333333333,0.5222222222222221,0.7561728395061729,0.9738390447424922,0.9551216696231927,0.92120392615401,0.5180554575663741,0.1785637374223954,0.10283950617283955,-0.05263511858848213
86215,CRUZEIRO DO SUL,59.0,57.0,62.0,0.07369331226837056,0.38164301858445954,0.7152319716979745,0.3857412944481553,0.5322592606278296,0.350553915382007,0.7288888888888888,0.6516203703703703,0.8060796645702306,0.9262503358277512,0.8779257037864513,0.9398405314701286,0.641538659429604,-0.03518737906614833,0.0771907756813418,0.0135901956423774
86223,BARÃO,46.0,28.0,30.0,0.0374076086110301,0.17460491179358126,0.48503779596426566,0.23858187579858892,0.22274126544262685,0.21626413444118198,0.7807807807807807,0.5789473684210527,0.5529100529100529,0.9708837166698241,0.9726941285698638,0.9745409561356704,0.44763018735323556,-0.02231774135740694,-0.22787072787072782,0.003657239465846285
86231,DAVID CANABARRO,27.0,20.0,28.0,0.0017421602787456446,0.011639683518907458,0.45215055848419655,0.21360462281871495,0.18577571832474193,0.26969457279461273,0.4629629629629629,0.2777777777777778,0.5233918128654971,0.9776088609726553,0.9774053491693347,0.9636823259674989,0.4504083982054509,0.05608994997589778,0.060428849902534165,-0.013926535005156393
86240,ELDORADO DO SUL,118.0,79.0,85.0,0.04371421044604356,0.18722353781995396,0.5443238759183708,0.7183027421326011,0.6804539123185036,0.5905289594103031,0.9306829765545361,0.9761904761904763,0.861842105263158,0.7842641094656932,0.7903067372687699,0.8548850827780424,0.5006096654723273,-0.127773782722298,-0.06884087129137817,0.07062097331234918
86258,DOIS IRMÃOS,42.0,70.0,61.0,0.08945476912776554,0.447166719526377,0.7726472464717563,0.3579991496778234,0.6408561870672784,0.4607085494362124,0.9023569023569024,0.7340619307832422,0.6613247863247864,0.9453924106378445,0.8197368746659547,0.9083107228832115,0.6831924773439908,0.102709399758389,-0.24103211603211594,-0.03708168775463305
86274,DOM FELICIANO,56.0,57.0,54.0,0.011053424155994706,0.22693635951702487,0.6741038635414234,0.426928544516781,0.4127186571749599,0.32962931475479484,0.7990543735224587,0.837962962962963,0.737037037037037,0.9137361994403042,0.9260975480115982,0.9519995127237402,0.6630504393854286,-0.09729922976198613,-0.062017336485421626,0.03826331328343602
86282,ALTO FELIZ,39.0,45.0,30.0,0.0,0.09264425228855482,0.7813871461439446,0.25179241550146947,0.37125520335632634,0.4520056488585724,0.562962962962963,0.5617283950617284,0.5396825396825398,0.9686845265053482,0.9316776192200575,0.8740566980039685,0.7813871461439446,0.20021323335710295,-0.023280423280423235,-0.09462782850137974
86290,DOM PEDRITO,75.0,88.0,93.0,0.11984854029359274,0.38659419404812734,0.5662180440272693,0.5960776060756039,0.48526602774729666,0.5093763495482484,0.7419354838709679,0.9025641025641026,0.8807692307692307,0.8567892207890998,0.9060111856695966,0.8996221077043592,0.44636950373367656,-0.0867012565273555,0.1388337468982629,0.04283288691525944
86304,AMETISTA DO SUL,30.0,35.0,31.0,0.007954420047908287,0.09843352882232156,0.542655740513842,0.1723972189824139,0.19970171078410615,0.2886306194821191,0.6243386243386244,0.7051282051282051,0.6868686868686869,0.9846816070035453,0.9812972139317554,0.9620819836533527,0.5347013204659338,0.11623340049970521,0.06253006253006244,-0.02259962335019261
86312,DONA FRANCISCA,25.0,30.0,26.0,0.029210496253875243,0.4218546846876111,0.8861647180705063,0.20667014398500183,0.2509085573388261,0.3061887932962748,0.6875,0.7804232804232805,0.48692810457516345,0.9789861076199784,0.970092091632038,0.941093293395014,0.8569542218166311,0.09951864931127297,-0.20057189542483655,-0.03789281422496438
86320,ARAMBARÉ,45.0,57.0,64.0,0.04945003136079111,0.3795341298882308,0.6874328716333782,0.4196743270812382,0.5145898311913764,0.5351648088667442,0.6990740740740741,0.5902777777777778,0.7777777777777777,0.9215262419124343,0.8719152300798464,0.8682895236395812,0.6379828402725871,0.11549048178550603,0.07870370370370361,-0.053236718272853034
86339,ENCANTADO,42.0,58.0,65.0,0.01599636759406633,0.28767121135784357,0.664467520135357,0.4118754454849216,0.453186491356353,0.438365962269488,0.6656891495601173,0.8549323017408124,0.6675084175084175,0.9230580332041798,0.9168659977416393,0.9217453014668758,0.6484711525412907,0.026490516784566376,0.0018192679483002294,-0.0013127317373039515
86347,BARÃO DO TRIUNFO,40.0,49.0,44.0,0.0,0.2329709360329773,0.625983021497656,0.23337253960457138,0.24453703105978475,0.31443364676882446,0.8207885304659498,0.7916666666666666,0.6412698412698413,0.9748112035232721,0.9758709953154638,0.9546867525109832,0.625983021497656,0.08106110716425308,-0.17951868919610847,-0.02012445101228888
86355,ENCRUZILHADA DO SUL,89.0,99.0,72.0,0.07925923164487225,0.167086367844793,0.605280676741731,0.6164031925629052,0.6380217712014173,0.41830075109498743,0.8216783216783217,0.878099173553719,0.7540983606557377,0.8513817021353587,0.8217291636370025,0.9317157936583293,0.5260214450968588,-0.19810244146791778,-0.06757996102258401,0.08033409152297066
86363,BARRA DO GUARITA,29.0,25.0,19.0,0.0,0.12256647407574428,0.2960417268123735,0.27629382863543217,0.1996751396962959,0.2925020364534239,0.7944444444444445,0.6597222222222222,0.4666666666666667,0.9608699639587104,0.9798431411674272,0.951038310064181,0.2960417268123735,0.016208207817991704,-0.32777777777777783,-0.009831653894529335
86371,ERECHIM,208.0,258.0,196.0,0.01318335207225148,0.30160282692222784,0.6471461582411285,0.6501295619243288,0.5548699361009259,0.5510166867727999,0.8789651986449031,0.930680986087381,0.8918830101873152,0.8580346795495686,0.8954939247550864,0.8926128024388714,0.633962806168877,-0.09911287515152889,0.012917811542412116,0.03457812288930284
86380,BARRA DO RIO AZUL,15.0,12.0,26.0,0.05782084788491339,0.7812011749265672,0.8283129983938685,0.057969211897560324,0.07588067412453392,0.3915698688867839,0.7222222222222222,0.44444444444444453,0.6699346405228759,0.9969139306029801,0.9942439147714913,0.9152032073029842,0.7704921505089551,0.3336006569892236,-0.05228758169934633,-0.08171072329999585
86398,HERVAL,35.0,53.0,43.0,0.07254615674070872,0.621680571087896,0.46859555526462215,0.4681442992670719,0.4955284274974856,0.38186293128448545,0.6923076923076923,0.8257575757575758,0.6895424836601307,0.8956368750522573,0.8931215199235003,0.9294892212506531,0.3960493985239134,-0.08628136798258645,-0.002765208647561579,0.03385234619839583
86401,BARRA FUNDA,19.0,27.0,15.0,0.002615258495549536,0.0,0.8157660067772428,0.5198745674675591,0.216293674263611,0.1730693775637595,0.43333333333333335,0.42592592592592593,0.6481481481481481,0.8208670242986327,0.9760858265351927,0.9718643335304935,0.8131507482816932,-0.3468051899037996,0.2148148148148148,0.15099730923186083
86410,ERVAL GRANDE,15.0,34.0,32.0,0.0,0.33158217100971527,0.6442344953948952,0.2637662752506982,0.27715998085877547,0.3020439046909802,0.40740740740740744,0.5688888888888889,0.5917874396135265,0.9476913344507065,0.964533429643539,0.9517158328934391,0.6442344953948952,0.03827762944028201,0.1843800322061191,0.00402449844273256
86428,BOA VISTA DAS MISSÕES,19.0,21.0,23.0,0.004144747677577897,0.24826758048399156,0.5012217063791572,0.2925579333254764,0.23529777712540945,0.23116159377329426,0.7,0.8148148148148148,0.6825396825396826,0.9497064421984122,0.9693164304929146,0.9695513963157197,0.4970769587015793,-0.061396339552182155,-0.0174603174603174,0.01984495411730758
86436,ERVAL SECO,41.0,35.0,36.0,0.06578083100842383,0.2380049033797551,0.42472605167247884,0.23177408321050863,0.35438555910133895,0.4226860638385521,0.6041666666666667,0.7435897435897436,0.6193415637860082,0.9768010910803806,0.9370248574782749,0.9109408507566343,0.358945220664055,0.1909119806280435,0.015174897119341502,-0.06586024032374627
86444,BOM PROGRESSO,31.0,37.0,32.0,0.009313288141538787,0.032873926301040426,0.4156144275827307,0.2634499837382769,0.2742799810504024,0.5962652397345765,0.6691919191919191,0.7440476190476191,0.8429951690821256,0.9653741064646839,0.9643975054310756,0.8081255112165656,0.4063011394411919,0.3328152559962996,0.17380324989020646,-0.1572485952481183
86452,ESMERALDA,22.0,35.0,28.0,0.03767298834320145,0.21309479064872586,0.8344601278002122,0.2853684324127099,0.13297537612353794,0.3117762620779858,0.6452991452991452,0.6431623931623931,0.6198830409356725,0.9497911282087376,0.9899816188852405,0.9212954510233884,0.7967871394570107,0.026407829665275884,-0.025416104363472747,-0.028495677185349177
86460,CAMPESTRE DA SERRA,25.0,23.0,24.0,0.014064872823213679,0.07661143982942652,0.8091879874626431,0.20289034943363426,0.16207249203923735,0.23416329542969594,0.7152777777777778,0.42857142857142855,0.7037037037037037,0.9765720074044941,0.9863790679123726,0.9466724631405427,0.7951231146394294,0.031272945996061674,-0.01157407407407407,-0.029899544263951472
86479,ESPUMOSO,52.0,35.0,41.0,0.10991702621270194,0.18176445688291956,0.2661553521745483,0.2634919485512459,0.42812332883102844,0.2949938784554125,0.6459948320413437,0.8226495726495726,0.8506944444444444,0.9707833955469795,0.9157466302686372,0.9575689340952451,0.15623832596184634,0.03150192990416656,0.20469961240310075,-0.013214461451734327
86487,CANDIOTA,72.0,76.0,64.0,0.06258069629094767,0.3506176956801291,0.5220264143067312,0.4403278048947399,0.48680173565619533,0.37942914966668817,0.888888888888889,0.5887230514096186,0.6909090909090909,0.9224728064357369,0.9073321497542681,0.9403277867078895,0.4594457180157836,-0.06089865522805171,-0.19797979797979803,0.0178549802721526
86495,ESTÂNCIA VELHA,95.0,100.0,65.0,0.07538400808390702,0.1312443301688021,0.702681372584638,0.5528174978619327,0.5156629742038421,0.5309573721483261,0.8436692506459947,0.7997557997557998,0.878968253968254,0.8784371263926364,0.901357461180687,0.8839854728587764,0.627297364500731,-0.021860125713606626,0.035299003322259215,0.005548346466139997
86509,CAPITÃO,20.0,23.0,20.0,0.024732582596399103,0.0,0.7215532945305905,0.21590947437283003,0.19512039802421222,0.4138965655129514,0.6767676767676767,0.5238095238095238,0.6262626262626263,0.9713921169068473,0.9751008544959857,0.8825223595606126,0.6968207119341914,0.19798709114012136,-0.050505050505050386,-0.0888697573462347
86517,ESTEIO,122.0,168.0,136.0,0.05149846439298153,0.3631362122586973,0.6482756046409998,0.5935720118566012,0.5949116627663629,0.5558740217558948,0.9625,0.9582278481012658,0.8976190476190476,0.8631932511596011,0.8759080556673139,0.8902241848848115,0.5967771402480182,-0.0376979901007064,-0.06488095238095237,0.02703093372521037
86525,CARLOS GOMES,19.0,22.0,25.0,0.0,0.09217637642374095,0.07132284501350768,0.2097950229066743,0.09499013014466362,0.07625144725192401,0.7055555555555555,0.47008547008547,0.6701388888888888,0.9754185727208878,0.9941278115223288,0.9965716773276317,0.07132284501350768,-0.13354357565475028,-0.03541666666666665,0.02115310460674391
86533,ESTRELA,133.0,158.0,119.0,0.00893609090703272,0.4716002036738977,0.8506457074369664,0.36437011681871323,0.551174936132319,0.5818207019615305,0.6551282051282051,0.8111405835543767,0.75,0.9529627654773037,0.8942597537545808,0.8748892409786165,0.8417096165299337,0.21745058514281723,0.09487179487179487,-0.07807352449868721
86541,CENTENÁRIO,27.0,22.0,20.0,0.00025622165974925127,0.4276845041382182,0.5313511208576999,0.10364044036165043,0.2988394938115626,0.14848196881091624,0.75,0.6581196581196581,0.6919191919191919,0.9933438250538108,0.9420995251138136,0.9880475006729215,0.5310948991979506,0.04484152844926581,-0.058080808080808066,-0.005296324380889339
86550,FARROUPILHA,159.0,189.0,153.0,0.03334684652824108,0.24982398405510134,0.6793851215084549,0.5164649557649732,0.46436876469576815,0.43149439184716476,0.9194444444444445,0.8302681992337165,0.9490338164251209,0.9041817686791733,0.9286299368958347,0.9370178188047966,0.6460382749802138,-0.08497056391780844,0.02958937198067635,0.032836050125623295
86568,CHARRUA,19.0,20.0,23.0,0.0,0.0,0.17187563247602003,0.17146600331183404,0.16158576137112712,0.6237200164674856,0.8333333333333333,0.6717171717171717,0.6111111111111112,0.9822133727867454,0.9852671413960679,0.7092997356589062,0.17187563247602003,0.4522540131556516,-0.2222222222222221,-0.2729136371278391
86576,FAXINAL DO SOTURNO,36.0,35.0,37.0,0.043329809175520394,0.3042015898699588,0.7846292204744137,0.30757496538429674,0.3414822050442208,0.3665601590027314,0.7078189300411523,0.7628205128205128,0.742063492063492,0.9514898325234157,0.9467305967016497,0.9396209032395436,0.7412994112988933,0.058985193618434684,0.03424456202233972,-0.011868929283872065
86584,COLINAS,31.0,30.0,31.0,0.1413613913928889,0.3908244002041858,0.8569755337080757,0.09347071116744798,0.45785264590777586,0.20423600649630003,0.6363636363636364,0.3253968253968254,0.2904040404040404,0.9912989327111476,0.8976583792576686,0.9801917274534699,0.7156141423151867,0.11076529532885204,-0.34595959595959597,-0.01110720525767761
86592,FELIZ,41.0,44.0,37.0,0.026027808450041177,0.023058272481911744,0.473120534455226,0.38200996061412473,0.42796156346686454,0.394533741449385,0.9097222222222222,0.8095238095238095,0.626984126984127,0.9374851239516011,0.9189206304396466,0.9245243364064367,0.44709272600518485,0.01252378083526029,-0.28273809523809523,-0.012960787545164387
86606,COQUEIROS DO SUL,24.0,22.0,20.0,0.052881070749233254,0.21179748330196685,0.614336377090838,0.2494126187300989,0.08337107373972219,0.23407612186199755,0.8555555555555555,0.45299145299145294,0.4646464646464647,0.9626471966983198,0.9954327649705258,0.9635706745568027,0.5614553063416048,-0.015336496868101346,-0.3909090909090908,0.0009234778584829018
86614,FLORES DA CUNHA,71.0,105.0,83.0,0.009434614698634672,0.1836688102953643,0.6187281368549599,0.42053011981979105,0.5162607267262425,0.46880389626736374,0.6568100358422939,0.6886574074074074,0.5923423423423423,0.9296343495140925,0.8972350481330101,0.9114722896508862,0.6092935221563252,0.04827377644757269,-0.06446769349995163,-0.018162059863206292
86622,CORONEL BARROS,38.0,32.0,35.0,0.02630133758082401,0.14201183431952663,0.6317658799278131,0.43585334938951537,0.3853032544378696,0.2518981060701968,0.6264367816091954,0.6908212560386473,0.5021367521367521,0.9121055349806999,0.9277638465806806,0.9704282576987397,0.6054645423469891,-0.18395524331931856,-0.12430002947244323,0.05832272271803984
86630,FONTOURA XAVIER,24.0,52.0,42.0,0.06047496344260055,0.2489248773827098,0.6920813788449587,0.2630469289503532,0.40338108968053965,0.5773156724906032,0.8444444444444444,0.6149870801033592,0.6447811447811447,0.965668511616997,0.9332091337052407,0.8253486060924571,0.6316064154023582,0.31426874354025003,-0.19966329966329976,-0.14031990552453988
86649,COXILHA,33.0,34.0,27.0,0.0,0.06451421441686246,0.8521881447408927,0.27360128160243846,0.15240993606944975,0.5359989674519205,0.7592592592592592,0.7622222222222222,0.4845679012345679,0.9622610241556866,0.9866924837167906,0.8353497108697916,0.8521881447408927,0.2623976858494821,-0.2746913580246913,-0.126911313285895
86657,FORMIGUEIRO,34.0,39.0,28.0,0.09204291520444761,0.4534717318942908,0.6774568366206525,0.3445962243933298,0.2626789525931932,0.32671098648070496,0.7822222222222222,0.737037037037037,0.8245614035087719,0.9252060619250243,0.9652004933008996,0.9451744671432657,0.5854139214162049,-0.017885237912624863,0.04233918128654979,0.019968405218241392
86665,DERRUBADAS,21.0,21.0,13.0,0.0,0.22426251865665153,0.7999912157827287,0.25630452171016693,0.29046474259412336,0.42604298402273977,0.5694444444444443,0.3425925925925926,0.5555555555555556,0.9507546634529539,0.9468054681934356,0.8446555483909032,0.7999912157827287,0.16973846231257284,-0.013888888888888729,-0.10609911506205072
86673,FREDERICO WESTPHALEN,49.0,58.0,62.0,0.15548696197472797,0.5166264396846995,0.6171480988938565,0.406782450184181,0.5151182636005276,0.4918434343782334,0.8540669856459331,0.8336557059961316,0.8573975044563279,0.9235559658520093,0.8905888716829854,0.9005645272728245,0.46166113691912847,0.08506098419405239,0.0033305188103948113,-0.02299143857918473
86681,DOIS IRMÃOS DAS MISSÕES,28.0,23.0,21.0,0.0,0.20350981161503756,0.1925133689839572,0.27758455504805535,0.25232724972310283,0.3716013976380417,0.7543859649122807,0.8174603174603174,0.5046296296296297,0.9631569019778933,0.9667760993010142,0.9085281272747765,0.1925133689839572,0.09401684258998633,-0.24975633528265107,-0.05462877470311678
86690,GARIBALDI,63.0,64.0,84.0,0.0342219603769524,0.24594537736465505,0.5889018516462318,0.3437238637439277,0.4265952352825131,0.5175506971776516,0.8230452674897119,0.5737373737373738,0.7511111111111111,0.9536454666733774,0.9180536155319026,0.8932344381961574,0.5546798912692794,0.17382683343372385,-0.07193415637860079,-0.06041102847721991
86703,ENGENHO VELHO,12.0,16.0,17.0,0.012479513794045343,0.21308709935186007,0.46819304894619146,0.0510334152781573,0.11990033738790729,0.24031042934054647,0.7777777777777779,0.5634920634920635,0.5763888888888888,0.9983269276765413,0.9919147377051059,0.9648507929642507,0.45571353515214613,0.18927701406238917,-0.20138888888888906,-0.033476134712290606
86711,GAURAMA,28.0,23.0,48.0,0.04455578976170414,0.15603588100991636,0.6781127658279577,0.28102604920525276,0.17974610859960305,0.40269702635697313,0.6783625730994152,0.6666666666666666,0.5726495726495726,0.963186650504415,0.9826785810104423,0.9206067192875249,0.6335569760662535,0.12167097715172037,-0.10571300044984255,-0.04257993121689008
86720,GARRUCHOS,32.0,19.0,20.0,0.03876031380142486,0.09519634245631615,0.582424049255887,0.43165677628815646,0.22715436113299448,0.3115119257982444,0.8188405797101449,0.6722222222222222,0.6060606060606061,0.8952610193718609,0.9724650481736024,0.9416656436833463,0.5436637354544621,-0.12014485048991208,-0.21277997364953882,0.0464046243114854
86738,GENERAL CÂMARA,48.0,66.0,43.0,0.08852575855880433,0.14676793443432945,0.6607214327187044,0.49376678343605995,0.47631750896656055,0.47319771640533737,0.9116809116809117,0.9103313840155945,0.8235294117647058,0.8953800779012291,0.9050976614203845,0.8979390282899911,0.5721956741599001,-0.020569067030722588,-0.08815149991620586,0.0025589503887619713
86746,GENTIL,26.0,29.0,29.0,0.0,0.48628765118249745,0.33974801988277464,0.1736373513127889,0.2721382079644252,0.31756481518986934,0.36601307189542487,0.3388888888888889,0.5,0.9850367804772909,0.9626687943064947,0.9401219600562937,0.33974801988277464,0.14392746387708044,0.13398692810457513,-0.04491482042099726
86754,SÃO VICENTE DO SUL,33.0,45.0,33.0,0.09589856446196146,0.32738548981273613,0.756567440069716,0.5321910664494807,0.547873436408916,0.3655967649536309,0.5717592592592593,0.7962962962962963,0.5694444444444444,0.8608422967837032,0.8589405648717117,0.9308610356854617,0.6606688756077546,-0.16659430149584975,-0.0023148148148148806,0.07001873890175858
86762,GRAMADO DOS LOUREIROS,22.0,26.0,28.0,0.003267630617698888,0.008318112343038952,0.6664668759775831,0.22318182348641336,0.07476649965567805,0.5980115798147041,0.7136752136752137,0.7810457516339868,0.6900584795321637,0.9742179583668924,0.9964141381431627,0.8000277071471079,0.6631992453598843,0.37482975632829074,-0.02361673414304999,-0.1741902512197845
86770,GETÚLIO VARGAS,41.0,56.0,44.0,0.15417991789330118,0.18313772670974768,0.6013439192760186,0.38495699482780643,0.5179695184681561,0.307607534873493,0.71875,0.5756501182033097,0.7222222222222222,0.9314980816515939,0.8854182897604027,0.9593130066144239,0.4471640013827174,-0.07734945995431342,0.00347222222222221,0.02781492496283
86789,GRAMADO XAVIER,50.0,62.0,50.0,0.0019072128246076226,0.25844099006370247,0.751096242849683,0.26716272848409606,0.3444809182617574,0.5891083414602745,0.8848238482384824,0.6771488469601676,0.6585365853658536,0.9679052255315358,0.9472552498226517,0.8367178092597397,0.7491890300250754,0.3219456129761784,-0.2262872628726288,-0.1311874162717961
86797,GIRUÁ,49.0,68.0,58.0,0.014156416237883867,0.1837147196033174,0.4765094541501991,0.3050962473536536,0.4247259766882254,0.4473857999068851,0.9162679425837321,0.9409888357256777,0.8897485493230174,0.9597686579630037,0.9281512421831409,0.918058740257822,0.4623530379123152,0.1422895525532315,-0.02651939326071473,-0.04170991770518173
86800,HULHA NEGRA,50.0,47.0,40.0,0.07547515126073352,0.4940672574892397,0.7769187890192003,0.37173711480550664,0.565435599105234,0.5526630069414513,0.8590785907859079,0.6418128654970761,0.5143369175627239,0.9408809741239926,0.8445897259153701,0.8451983049776975,0.7014436377584667,0.18092589213594468,-0.34474167322318394,-0.09568266914629509
86819,GRAMADO,83.0,98.0,83.0,0.09148000493172526,0.3821893581327184,0.671590445339604,0.6438260810057312,0.5151891657878438,0.4852356876861106,0.8918918918918919,0.8863920099875156,0.93993993993994,0.8252556947046368,0.9007325736831922,0.9053423097352815,0.5801104404078787,-0.15859039331962066,0.048048048048048075,0.08008661503064474
86827,INHACORÁ,22.0,12.0,34.0,0.022872716091297422,0.15240589509773578,0.7924919986116872,0.45237582652290675,0.2835444394181095,0.4045913838127604,0.5940170940170939,0.7777777777777778,0.45777777777777773,0.8867989848361044,0.9436408227340881,0.9205843937202479,0.7696192825203898,-0.04778444271014637,-0.13623931623931618,0.0337854088841435
86835,GRAVATAÍ,352.0,419.0,328.0,0.04468230889213554,0.5564185263894704,0.6755791305245795,0.7244759067881548,0.7000463386796116,0.6208953246605708,0.909941015681197,0.9111031347212252,0.8675352877307274,0.821418688695999,0.8439526040523584,0.8791896778071752,0.630896821632444,-0.10358058212758392,-0.042405727950469596,0.057770989111176174
86843,ITAPUCA,24.0,24.0,18.0,0.0,0.07895775759968417,0.20529667521194836,0.19923594553906265,0.4004485239285873,0.3223225731589523,0.825925925925926,0.5555555555555556,0.7407407407407407,0.9780085919312315,0.9171393711984828,0.9378092398695982,0.20529667521194836,0.12308662761988964,-0.08518518518518525,-0.040199352061633276
86851,GUAÍBA,269.0,345.0,279.0,0.17223020036248843,0.5770426909121322,0.5979628885278501,0.6675312111986584,0.7852919907074989,0.5897176590223929,0.9634387351778657,0.9404591104734576,0.9481365065110013,0.8431760577782696,0.7799325437971244,0.8864576019822559,0.42573268816536164,-0.07781355217626551,-0.01530222866686437,0.04328154420398622
86860,LAJEADO DO BUGRE,24.0,29.0,19.0,0.0013682344086553598,0.0,0.6695556024897193,0.15802046563221306,0.2802237541863162,0.4319789920939183,0.8222222222222223,0.7388888888888888,0.7222222222222222,0.9729671035975498,0.9619125222704434,0.8894731272828622,0.6681873680810639,0.27395852646170527,-0.10000000000000009,-0.08349397631468758
86878,GUAPORÉ,40.0,54.0,93.0,0.050750121936927586,0.2947955082800821,0.7475413679336727,0.3648652592070287,0.29162887377363966,0.5149132673049763,0.7460815047021944,0.5687103594080338,0.753880266075388,0.9374741160716173,0.9609535733392225,0.8967568654377123,0.696791245996745,0.1500480080979476,0.0077987613731936856,-0.04071725063390508
86886,LAGOA DOS TRÊS CANTOS,19.0,26.0,20.0,0.005933014081010575,0.18162005085361424,0.7785692164756891,0.12385173933845195,0.3627511246472377,0.5986528336946422,0.7055555555555555,0.4444444444444445,0.3787878787878788,0.9910156222254423,0.9268353535433003,0.7847406280317241,0.7726362023946786,0.4748010943561902,-0.3267676767676767,-0.2062749941937182
86894,GUARANI DAS MISSÕES,39.0,47.0,49.0,0.023833869438501246,0.20848040931275652,0.5807239405410329,0.3504396747293814,0.3434674906813624,0.43066101632404363,0.725925925925926,0.8596491228070176,0.6888888888888889,0.9439747103372386,0.9432970467608925,0.9179852509042244,0.5568900711025316,0.08022134159466221,-0.03703703703703709,-0.025989459433014117
86908,LINDOLFO COLLOR,40.0,65.0,50.0,0.0026699124723162265,0.42872860294322973,0.8625164261898909,0.33982437656596987,0.5725908025681838,0.44660300223598903,0.7688172043010753,0.37103174603174593,0.5474254742547425,0.942809857479155,0.8523279393654304,0.8931733339181933,0.8598465137175747,0.10677862567001917,-0.22139173004633272,-0.04963652356096171
86916,HORIZONTINA,52.0,71.0,56.0,0.03441423532507458,0.23987928931269256,0.3541858517885543,0.4675588648902591,0.46996319468532466,0.4820879702840162,0.8708010335917312,0.878136200716846,0.6855791962174941,0.9052778749316773,0.9041174253968778,0.9010378219105462,0.3197716164634797,0.014529105393757069,-0.18522183737423714,-0.004240053021131174
86924,LINHA NOVA,22.0,20.0,19.0,0.0032744380521186637,0.17888012100246412,0.7379270673739056,0.1943768610575647,0.2632443835368672,0.3038685725747081,0.48717948717948717,0.712121212121212,0.6055555555555555,0.9783062352956138,0.957879629060284,0.9410090365915375,0.7346526293217869,0.10949171151714343,0.11837606837606834,-0.03729719870407633
86932,CHARQUEADAS,117.0,197.0,134.0,0.05551801132899643,0.26280776360717484,0.544017813892009,0.5525318442445597,0.5479523709603624,0.48459951777962207,0.9053254437869822,0.9473244147157192,0.8321678321678322,0.8900055438642376,0.9013288990860255,0.9171570389410755,0.48849980256301256,-0.06793232646493763,-0.07315761161915002,0.027151495076837895
86940,MANOEL VIANA,43.0,42.0,45.0,0.01611760695442505,0.0987141612887211,0.42260781556519106,0.4148199371874368,0.344443599792023,0.31834367748922854,0.7826797385620914,0.8821548821548821,0.7299382716049383,0.9255992589696967,0.948077885513519,0.9537122671575244,0.406490208610766,-0.09647625969820828,-0.052741466957153094,0.028113008187827693
86959,HUMAITÁ,23.0,35.0,31.0,0.09439890554343136,0.07058661159364821,0.6023888842678712,0.3453359288106621,0.3569311298299118,0.27643538882811414,0.738095238095238,0.6688034188034189,0.6616161616161615,0.9352409181765049,0.928693314678939,0.9643616988246654,0.5079899787244399,-0.06890053998254797,-0.07647907647907648,0.029120780648160483
86967,MAQUINÉ,41.0,45.0,43.0,0.0010582423938748418,0.22191835575517246,0.700457863793901,0.2675555625126378,0.3281912114805423,0.40822244529832763,0.826388888888889,0.6003086419753086,0.6290849673202614,0.966223191506701,0.9544208163918473,0.9228677606592953,0.6993996214000261,0.14066688278568984,-0.19730392156862753,-0.043355430847405674
86975,IBIAÇÁ,20.0,27.0,24.0,0.02013007048063596,0.07057633824285396,0.5450428056385223,0.18957003620269242,0.12564977736367622,0.14490970720737373,0.6060606060606061,0.654320987654321,0.5333333333333333,0.9800131531385543,0.992085868715995,0.9886249759708806,0.5249127351578863,-0.04466032899531869,-0.07272727272727275,0.00861182283232631
86983,MARATÁ,36.0,26.0,30.0,0.00959882254443455,0.05076655297302999,0.6442046933897356,0.2599543344905251,0.2976346809770982,0.4216904613919372,0.8436213991769548,0.6895424836601307,0.3941798941798942,0.9656722740751246,0.941082250454197,0.914040069970934,0.6346058708453011,0.16173612690141215,-0.4494415049970606,-0.05163220410419056
86991,IBIRAIARAS,34.0,36.0,40.0,0.015987828828661798,0.06015604001382309,0.4291208191226738,0.2600472281886146,0.269854337461773,0.27210478530380655,0.6644444444444444,0.6460905349794239,0.7741935483870968,0.9666004733101186,0.9665478829447787,0.96683790391892,0.413132990294012,0.012057557115191964,0.10974910394265236,0.00023743060880143663
87009,MARIANA PIMENTEL,44.0,49.0,54.0,0.0,0.427104927749881,0.6795498862258775,0.3585687592170914,0.5983035034624713,0.45906387928259607,0.7777777777777778,0.42916666666666664,0.6530864197530863,0.9375651295569185,0.8195627958932915,0.9022034855900665,0.6795498862258775,0.10049512006550465,-0.12469135802469145,-0.03536164396685204
87017,IBIRUBÁ,44.0,86.0,72.0,0.07081946737512829,0.3280993808931676,0.7703029270599847,0.305852854395974,0.48937076986140293,0.3994385325212917,0.650137741046832,0.8684848484848485,0.7868852459016393,0.9569180674395082,0.9090639580628419,0.9359443906377292,0.6994834596848565,0.0935856781253177,0.13674750485480736,-0.020973676801779084
87025,MATO CASTELHANO,35.0,28.0,28.0,0.008080542388296254,0.0,0.6113551347678282,0.262267481397636,0.1425425634590951,0.4416244883250413,0.5,0.4970760233918129,0.4912280701754386,0.9608080603433534,0.9892618601034783,0.8894709553900509,0.603274592379532,0.1793570069274053,-0.008771929824561375,-0.07133710495330248
87033,IGREJINHA,95.0,99.0,87.0,0.05394111821814629,0.3800531363077248,0.5884642710370607,0.6685700660374301,0.7193718652547028,0.5843923677242167,0.7758397932816539,0.7617283950617284,0.7856125356125355,0.8084080601235408,0.7784329274600079,0.8599894550798867,0.5345231528189144,-0.08417769831321342,0.009772742330881656,0.05158139495634584
87041,MATO LEITÃO,47.0,43.0,44.0,0.0,0.35491467783798925,0.8540144859684393,0.16148634454235578,0.29018217181536143,0.3553168962072599,0.685672514619883,0.5718954248366013,0.580952380952381,0.9894148162787179,0.9402932565068266,0.9380811590155885,0.8540144859684393,0.19383055166490415,-0.10472013366750199,-0.05133365726312933
87050,IJUÍ,94.0,128.0,126.0,0.06757291767635638,0.24358823518428782,0.576437555447367,0.5880400214340533,0.5681532574929453,0.5489787811881082,0.9447257383966244,0.8654867256637169,0.8316243928764167,0.8625798152173483,0.8826089457847545,0.8908598190541284,0.5088646377710105,-0.03906124024594515,-0.11310134552020779,0.028280003836780088
87068,MINAS DO LEÃO,28.0,46.0,51.0,0.06007850189640859,0.4057790608219094,0.6331482572301945,0.40110444118354005,0.6306514842456317,0.35962917168981123,0.8713450292397662,0.9009009009009009,0.7857142857142857,0.9216672138660591,0.8124715683138735,0.937827194181491,0.5730697553337859,-0.04147526949372882,-0.0856307435254805,0.016159980315431866
87076,ILÓPOLIS,24.0,24.0,17.0,0.03268595393974861,0.0,0.5943138354078095,0.12165947356229356,0.1287541259252405,0.2709782774587086,0.6888888888888889,0.6888888888888889,0.5555555555555556,0.9921683987971074,0.9918582094815543,0.9536425997388598,0.5616278814680609,0.14931880389641505,-0.1333333333333333,-0.0385257990582476
87084,MONTE BELO DO SUL,31.0,26.0,20.0,0.013265733829181938,0.14717959513345202,0.9450421634195987,0.19788009410012575,0.3747497731034708,0.3677377144518754,0.7702020202020202,0.6470588235294117,0.6161616161616161,0.9704770029707813,0.92536746509926,0.9082355184252675,0.9317764295904167,0.16985762035174967,-0.1540404040404041,-0.062241484545513814
87092,INDEPENDÊNCIA,32.0,36.0,47.0,0.004653088089272489,0.2493735780646867,0.6810472045882129,0.24959684357944667,0.31675505997532216,0.26925719343650534,0.6908212560386473,0.654320987654321,0.7514619883040936,0.9704912646102923,0.9541439968870847,0.9699955836898779,0.6763941164989404,0.019660349857058668,0.06064073226544631,-0.0004956809204144097
87106,MORMAÇO,35.0,36.0,36.0,0.0,0.35941867509588804,0.7176863524013359,0.3227848934433759,0.5888662068007962,0.3418874099108389,0.7264957264957265,0.2366255144032922,0.7551440329218106,0.9509074327845054,0.8326628289958589,0.9427583578666211,0.7176863524013359,0.01910251646746297,0.02864830642608418,-0.008149074917884302
87114,IRAÍ,22.0,38.0,31.0,0.04377185927044995,0.4273512935395484,0.7074874434686557,0.3224788476528557,0.43406326174224175,0.2881831454426451,0.6153846153846154,0.6819923371647509,0.43686868686868685,0.9258598950865835,0.9108734491057981,0.9611047913509811,0.6637155841982058,-0.03429570221021061,-0.17851592851592857,0.03524489626439764
87122,MORRINHOS DO SUL,23.0,22.0,18.0,0.025966690563178157,0.0,0.5844108408210972,0.3219731395654615,0.15003448979351575,0.37046777217717386,0.7301587301587301,0.7948717948717949,0.7160493827160495,0.930775269930124,0.988194070917048,0.9015692558241871,0.558444150257919,0.048494632611712385,-0.014109347442680664,-0.029206014105936928
87130,ITAQUI,83.0,92.0,80.0,0.03326922848033641,0.3931250317438913,0.6369591484115618,0.6336335043868224,0.5016318250348226,0.5210909742943579,0.8787878787878788,0.7760942760942761,0.8254281949934125,0.8352722687839917,0.9078723074478693,0.8912944106833165,0.6036899199312253,-0.11254253009246451,-0.05335968379446632,0.05602214189932475
87149,MORRO REUTER,33.0,25.0,27.0,0.01835654174646606,0.3134129743808977,0.33231499539777126,0.2992943635069445,0.21568662684233253,0.22535370476809913,0.7037037037037037,0.5972222222222221,0.617283950617284,0.9577618763009385,0.9759513734524469,0.973161178923206,0.3139584536513052,-0.07394065873884537,-0.08641975308641969,0.015399302622267519
87157,ITATIBA DO SUL,27.0,29.0,15.0,0.0,0.2841859848251005,0.5196753292859033,0.3931543835071629,0.42004203963133935,0.18320852393919917,0.7469135802469136,0.6916666666666667,0.462962962962963,0.9206181525430188,0.9002090297610723,0.9660412125723944,0.5196753292859033,-0.20994585956796374,-0.28395061728395055,0.04542306002937557
87165,MULITERNO,22.0,20.0,27.0,0.0033322485013212366,0.12651021569991777,0.5685924341180844,0.3035156837324575,0.20820102473274704,0.30673076826225665,0.7948717948717948,0.6515151515151516,0.5,0.9520493710894207,0.9589595376454909,0.9418718582830385,0.5652601856167632,0.003215084529799128,-0.2948717948717948,-0.010177512806382127
87173,IVOTI,35.0,39.0,41.0,0.013955528343763431,0.16479761683207408,0.8423351155900761,0.6741876276213181,0.336541167760972,0.36529957496102905,0.7286324786324787,0.7814814814814814,0.6475694444444444,0.7643266813786749,0.9473113214374148,0.9406189223686571,0.8283795872463127,-0.30888805266028907,-0.08106303418803429,0.1762922409899822
87181,NICOLAU VERGUEIRO,20.0,22.0,24.0,0.0,0.24040137413425455,0.48155330169846317,0.10635873891588021,0.33993246032667,0.1982322838336088,0.98989898989899,0.5811965811965811,0.6592592592592592,0.9941165132598341,0.8978735669027589,0.9793426455997388,0.48155330169846317,0.09187354491772859,-0.33063973063973073,-0.014773867660095252
87190,JACUTINGA,28.0,32.0,34.0,0.0016277807921866521,0.3480773777306805,0.60338880781558,0.3132257189365164,0.1769409463158691,0.24052915363952043,0.5643274853801169,0.7946859903381642,0.5711111111111111,0.947768806161122,0.9828281474271728,0.9710398092437885,0.6017610270233934,-0.07269656529699597,0.006783625730994225,0.023271003082666497
87203,NOVA BOA VISTA,18.0,27.0,28.0,0.01298365781437344,0.0,0.6090875867949811,0.12490153691473238,0.10480515707384686,0.3784652733063014,0.6604938271604939,0.6080246913580247,0.3654970760233919,0.9911678006370185,0.9947632818614262,0.9286863448627393,0.5961039289806076,0.25356373639156904,-0.294996751137102,-0.062481455774279215
87211,JAGUARÃO,89.0,83.0,70.0,0.057282659366204185,0.2562134408105146,0.6111325925824315,0.6062981074150908,0.5698794808733161,0.4918287593540289,0.8666666666666667,0.7665165165165165,0.7759562841530054,0.8515826687328008,0.8660392220183096,0.8929589155861833,0.5538499332162273,-0.1144693480610619,-0.09071038251366126,0.04137624685338259
87220,NOVA PÁDUA,18.0,30.0,38.0,0.0,0.07451564828614009,0.6955604058235195,0.19618383206732837,0.19172503725782408,0.5045407092191418,0.6666666666666667,0.6507936507936507,0.5363984674329502,0.9585386728726637,0.9824360601045881,0.8764796831613066,0.6955604058235195,0.3083568771518135,-0.13026819923371658,-0.08205898971135706
87238,JAGUARI,39.0,30.0,32.0,0.00602060280801198,0.13846555003136019,0.7943482725309948,0.39821904328238955,0.33938775473194327,0.46614588302407856,0.8666666666666667,0.5714285714285714,0.6859903381642513,0.9260994061371877,0.9434024193504733,0.8953971140588095,0.7883276697229828,0.067926839741689,-0.18067632850241544,-0.030702292078378157
87246,NOVA SANTA RITA,107.0,115.0,101.0,0.032833645622598856,0.24606695969064327,0.48192827355480894,0.6327012654718507,0.49417956306231203,0.5258338796282205,0.9138257575757576,0.7788461538461539,0.8464646464646465,0.8419887645664582,0.9094956568615885,0.8918472449054325,0.4490946279322101,-0.1068673858436302,-0.0673611111111111,0.04985848033897433
87254,JÚLIO DE CASTILHOS,56.0,78.0,72.0,0.03146152020363232,0.20291934106522655,0.6778242355789611,0.3999263914075959,0.33868780239878826,0.5012611683016279,0.7373737373737375,0.7367706919945726,0.8055141579731744,0.9312459470258222,0.950845692116548,0.8989021693185496,0.6463627153753287,0.10133477689403203,0.06814042059943692,-0.03234377770727259
87262,NOVO BARREIRO,18.0,39.0,40.0,0.01798836584450641,0.13512105174208677,0.6173490638074983,0.16764073001478863,0.2946694123216276,0.2734303182907256,0.6666666666666667,0.7185185185185186,0.664874551971326,0.9799546148351317,0.9611667144718403,0.9609838223787782,0.599360697962992,0.10578958827593699,-0.0017921146953406852,-0.01897079245635347
87270,LAGOA VERMELHA,68.0,85.0,87.0,0.07850092271697459,0.24911232185752416,0.70177412582146,0.5140833097379385,0.3933236511320304,0.4310284433083429,0.8596491228070176,0.7923832923832924,0.7332535885167464,0.8939222542406288,0.9392865870512485,0.9311173181994536,0.6232732031044854,-0.08305486642959559,-0.12639553429027117,0.03719506395882488
87289,NOVO MACHADO,34.0,33.0,29.0,0.006571725048599035,0.17845043595699733,0.5594765813873814,0.2057156652294465,0.21193395816642324,0.1873270265092748,0.7422222222222222,0.6805555555555556,0.5083333333333333,0.981413922940371,0.9769042786899801,0.980424311827137,0.5529048563387824,-0.018388638720171713,-0.23388888888888892,-0.0009896111132340346
87297,LAJEADO,144.0,117.0,108.0,0.024679326103895127,0.26540723563422103,0.5509523690905209,0.49438577825937147,0.4872061404167478,0.42944658977259365,0.8351421188630491,0.8555555555555555,0.8053763440860215,0.9151855855104266,0.915602900288201,0.9337497710278247,0.5262730429866258,-0.06493918848677782,-0.029765774777027576,0.018564185517398135
87300,NOVO TIRADENTES,28.0,24.0,20.0,0.0,0.036532801987544494,0.5581964851627773,0.19577359774662817,0.08058871835060488,0.11782267358110055,0.6228070175438596,0.5111111111111111,0.6565656565656566,0.9775893361304056,0.9964255689316175,0.9912441807914883,0.5581964851627773,-0.07795092416552762,0.03375863902179699,0.013654844661082799
87319,LAVRAS DO SUL,42.0,52.0,48.0,0.0345546297931579,0.24947836725828296,0.591929178618666,0.4223087176838596,0.4978950641192599,0.43671036494618876,0.7222222222222222,0.640826873385013,0.757834757834758,0.9180211040319485,0.8835474841682702,0.9110136092672854,0.5573745488255081,0.014401647262329176,0.035612535612535745,-0.007007494764663114
87327,PARECI NOVO,32.0,32.0,33.0,0.02612867400186831,0.1644414271705514,0.6243508312678996,0.22813939178247034,0.3550899210480001,0.324696105312124,0.5410628019323671,0.5893719806763285,0.44212962962962965,0.9747326602464356,0.9352535995963086,0.9504248165997489,0.5982221572660312,0.09655671352965367,-0.09893317230273746,-0.0243078436466867
87335,LIBERATO SALZANO,18.0,34.0,36.0,0.04172286818223209,0.17525392010955626,0.4721816435427193,0.1833907352696198,0.2552768494079767,0.11509050946630461,0.617283950617284,0.6222222222222222,0.7407407407407406,0.9804445852473056,0.9688799217706855,0.9864814520646004,0.4304587753604872,-0.06830022580331518,0.12345679012345656,0.0060368668172947615
87343,PASSO DO SOBRADO,37.0,46.0,54.0,0.009202312847962454,0.1075817474860864,0.617571659187531,0.3992145701628689,0.4746084389509171,0.42618505671885787,0.7936507936507936,0.6816816816816816,0.5506172839506174,0.9218244630359976,0.8915985945941686,0.921344806158253,0.6083693463395685,0.026970486555988993,-0.24303350970017623,-0.0004796568777446497
87351,MACHADINHO,23.0,40.0,36.0,0.0,0.04877400205221491,0.5524300033010233,0.26132467092265377,0.178209387863838,0.19245708252891736,0.746031746031746,0.4551971326164875,0.4938271604938272,0.962888516673845,0.9861520749454784,0.9778186220645471,0.5524300033010233,-0.06886758839373641,-0.25220458553791886,0.014930105390702053
87360,PICADA CAFÉ,44.0,38.0,31.0,0.016116046806973004,0.049087139273576746,0.7192803124731335,0.19279769654767098,0.2264329593949519,0.33666300796002613,0.6158730158730158,0.36973180076628354,0.4671717171717172,0.9830835145430401,0.9743472859208578,0.9458233251851699,0.7031642656661605,0.14386531141235515,-0.1487012987012986,-0.03726018935787023
87378,MARAU,58.0,54.0,62.0,0.03161256765265756,0.3511003663377112,0.5088531436101871,0.4391938265468245,0.42064680329606885,0.3895262364868397,0.891156462585034,0.9259259259259259,0.7683438155136267,0.921614211274826,0.9242737322191498,0.9414966503347167,0.4772405759575295,-0.04966759005998478,-0.12281264707140727,0.019882439059890733
87386,PINHAL GRANDE,34.0,35.0,33.0,0.01640562590424239,0.20773309444834515,0.7054985525465443,0.2640481782723776,0.24508354633527163,0.223053181138116,0.7799999999999999,0.5876068376068375,0.6273148148148149,0.966080647963941,0.9643273829663926,0.974749759186352,0.6890929266423018,-0.04099499713426158,-0.15268518518518504,0.008669111222410986
87394,MARCELINO RAMOS,23.0,30.0,27.0,0.019505968826460895,0.16572800407604124,0.6607905429049106,0.24943857820493087,0.3045680769570276,0.2828969568850852,0.8809523809523809,0.7460317460317459,0.8024691358024691,0.9680722003402291,0.9498247970007101,0.9608211008016111,0.6412845740784496,0.03345837868015433,-0.07848324514991178,-0.007251099538618022
87408,PINHEIRINHO DO VALE,23.0,28.0,23.0,0.020531919307278223,0.2804906821933755,0.9012387690975061,0.22600859671003803,0.2689517534413437,0.5160549616959429,0.7817460317460317,0.7719298245614035,0.34920634920634924,0.9710310252696185,0.9597103720129605,0.8401602954988542,0.8807068497902278,0.29004636498590486,-0.4325396825396825,-0.1308707297707643
87416,MARIANO MORO,27.0,18.0,22.0,0.020835393266362506,0.0,0.8690495664976281,0.32743417262555075,0.232905410101371,0.554233840754371,0.7160493827160493,0.4691358024691358,0.6239316239316239,0.9482218109869972,0.9633045583922238,0.8258972671495737,0.8482141732312656,0.22679966812882024,-0.09211775878442541,-0.12232454383742353
87424,PONTÃO,34.0,43.0,22.0,0.0,0.1535422881422459,0.44699908012919404,0.24458708338599955,0.31699874723606913,0.3662174689409472,0.6333333333333333,0.8496732026143791,0.7435897435897436,0.9601495892075076,0.9556430968597728,0.9213562431205863,0.44699908012919404,0.12163038555494765,0.11025641025641031,-0.03879334608692131
87432,MATA,38.0,31.0,36.0,0.09384020240975305,0.21875079419078144,0.5668230050457536,0.298650708820857,0.296598138666347,0.22296953348405202,0.7471264367816092,0.6717171717171717,0.5884773662551441,0.9594519608347304,0.9573745714288847,0.9768512169046278,0.4729828026360005,-0.07568117533680496,-0.15864907052646504,0.01739925606989745
87440,PONTE PRETA,25.0,29.0,22.0,0.0,0.2568523388010775,0.7103522711128358,0.4007128622193772,0.24889678045557417,0.2348038300035451,0.6041666666666667,0.35833333333333334,0.3205128205128205,0.9034914756868271,0.9616551993664799,0.9707030470947418,0.7103522711128358,-0.1659090322158321,-0.28365384615384626,0.06721157140791467
87459,MAXIMILIANO DE ALMEIDA,24.0,33.0,30.0,0.011311626611906793,0.29369669067089843,0.6968948194764965,0.18482110227450677,0.3623305755991273,0.24830606140725986,0.8962962962962963,0.5393518518518519,0.4841269841269841,0.9826266951735387,0.921345523273821,0.9645424342184703,0.6855831928645897,0.0634849591327531,-0.4121693121693122,-0.018084260955068432
87467,PORTO MAUÁ,16.0,27.0,25.0,0.06539993104231272,0.3111910590213387,0.6937898318510783,0.1650850565343165,0.16486669395701892,0.3951510459799086,0.6507936507936508,0.5802469135802468,0.48611111111111105,0.9839951696608149,0.9849477670170272,0.9173960343180315,0.6283899008087657,0.2300659894455921,-0.16468253968253976,-0.06659913534278339
87475,MIRAGUAÍ,26.0,32.0,41.0,0.033220885306726344,0.35768606581649615,0.5371185714448807,0.17769782800665745,0.2285185510056067,0.2911610994932796,0.6862745098039216,0.748792270531401,0.6475694444444444,0.9839053760977691,0.9701814264138058,0.9606694086554788,0.5038976861381543,0.11346327148662216,-0.03870506535947715,-0.023235967442290284
87483,PORTO VERA CRUZ,25.0,13.0,26.0,0.0030352870602081586,0.10068016161179541,0.574326786068575,0.16138803938176216,0.12928752599387505,0.22041278707584633,0.6631944444444444,0.5833333333333333,0.6470588235294119,0.985924805180211,0.9895299096425888,0.9734206664074988,0.5712914990083668,0.05902474769408417,-0.01613562091503251,-0.01250413877271217
87491,MONTENEGRO,114.0,103.0,93.0,0.024471478688599044,0.29223671161600223,0.6417935502580304,0.5515220101392222,0.5557191426128434,0.5409135051466272,0.7480769230769231,0.9118279569892473,0.8789156626506024,0.8884301319445611,0.8813915647653728,0.887320451316318,0.6173220715694314,-0.010608504992595025,0.1308387395736793,-0.001109680628243126
87505,PRESIDENTE LUCENA,22.0,27.0,23.0,0.0,0.2502281209322038,0.8555265920857319,0.31604825694486016,0.31587633595097775,0.18590612372753568,0.48717948717948717,0.6111111111111112,0.48015873015873023,0.9466333117452795,0.9444790811855226,0.9808478563384201,0.8555265920857319,-0.13014213321732448,-0.00702075702075694,0.03421454459314055
87513,MOSTARDAS,52.0,56.0,39.0,0.014700668825650125,0.1908678919899644,0.35398631029198724,0.3969975202804379,0.34264068447376017,0.4763025193158661,0.6589147286821706,0.8498817966903073,0.9296296296296297,0.9330681667179661,0.952807546015096,0.8980233431765424,0.3392856414663371,0.0793049990354282,0.2707149009474591,-0.035044823541423686
87521,QUEVEDOS,28.0,32.0,35.0,0.03702532394783631,0.053797859921132334,0.6874507627913986,0.26984068410948536,0.34719877905756924,0.49175809496407963,0.9064327485380117,0.5845410628019323,0.7585470085470085,0.9641735626166678,0.9358668802425564,0.8639734002839067,0.6504254388435623,0.22191741085459427,-0.14788573999100318,-0.10020016233276108
87530,MUÇUM,39.0,42.0,31.0,0.06774970722823817,0.16722958919590766,0.184821222645548,0.24363567735369807,0.4343364556170488,0.7537869682508918,0.837037037037037,0.7643097643097643,0.6287878787878789,0.9679012545210463,0.9150493332014774,0.6426114524207357,0.11707151541730984,0.5101512908971937,-0.20824915824915813,-0.32528980210031055
87548,RIO DOS ÍNDIOS,31.0,27.0,18.0,0.008317336852142511,0.20551443645327386,0.2878861835970903,0.2954171902026548,0.2011793938483848,0.18580143603763433,0.7676767676767676,0.5092592592592593,0.46296296296296297,0.9595198305077682,0.9770750444470467,0.9808198863369716,0.27956884674494775,-0.10961575416502045,-0.30471380471380466,0.021300055829203357
87556,NÃO-ME-TOQUE,40.0,47.0,38.0,0.11758183169477267,0.12137044801634675,0.5748678156098949,0.44363411062305635,0.4486418383787183,0.3977706258766869,0.917562724014337,0.8304093567251462,0.7758620689655171,0.9105825154580203,0.9118338761916762,0.9199578533829156,0.4572859839151222,-0.045863484746369476,-0.1417006550488199,0.00937533792489531
87564,SAGRADA FAMÍLIA,30.0,20.0,31.0,0.0,0.05665192772347061,0.6825337151573941,0.28217554208826856,0.13585982047004075,0.5725972615048154,0.8095238095238095,0.5656565656565655,0.6338383838383838,0.9583218436696931,0.9888808765905083,0.831724031073381,0.6825337151573941,0.2904217194165468,-0.17568542568542578,-0.1265978125963121
87572,NONOAI,36.0,50.0,53.0,0.003191233819447275,0.061667536435878474,0.6317518658440069,0.3562377636850891,0.47115458432611623,0.32601315003050213,0.794238683127572,0.7750677506775068,0.8547979797979798,0.935339064092033,0.8922133250760992,0.955940129941762,0.6285606320245596,-0.03022461365458695,0.060559296670407825,0.020601065849728983
87580,SALVADOR DAS MISSÕES,16.0,19.0,21.0,0.0,0.13562243402299665,0.5810458430816223,0.2941787941787941,0.20899082220543108,0.24893604107565848,0.7777777777777778,0.5222222222222223,0.9027777777777778,0.9501181063750684,0.9743723917334082,0.9633886248532159,0.5810458430816223,-0.045242753103135636,0.125,0.01327051847814742
87599,NOVA ARAÇÁ,19.0,26.0,36.0,0.0,0.3213311616070555,0.7296751296297374,0.2373100345154453,0.3416774787366732,0.2730632301588425,0.9055555555555556,0.4084967320261438,0.6049382716049383,0.9700588601003408,0.9400007114184916,0.966200327023181,0.7296751296297374,0.035753195643397184,-0.30061728395061726,-0.003858533077159776
87602,SANTA CLARA DO SUL,35.0,27.0,51.0,0.0,0.1281213092980932,0.48801561915839314,0.28249834920845296,0.5061820050158063,0.35779039734532936,0.5961538461538461,0.7037037037037037,0.6441798941798942,0.9578940589444166,0.8580443086539742,0.9467130521561984,0.48801561915839314,0.0752920481368764,0.04802604802604804,-0.011181006788218206
87610,NOVA BASSANO,28.0,27.0,20.0,0.0,0.07711070779469506,0.6721090698598569,0.36709487580180067,0.3347127863396535,0.26831640038545457,0.7543859649122807,0.5246913580246914,0.7373737373737372,0.923236921916137,0.9409188395558993,0.9580666610119686,0.6721090698598569,-0.0987784754163461,-0.01701222753854348,0.034829739095831536
87629,SANTA TEREZA,22.0,20.0,16.0,0.0,0.0,0.22583559168925021,0.25045495801439777,0.4487443654947927,0.6282181571815719,0.7606837606837608,0.611111111111111,0.5634920634920635,0.9671960243806664,0.8769855529271364,0.7033202237669135,0.22583559168925021,0.37776319916717416,-0.19719169719169727,-0.26387580061375293
87637,NOVA BRÉSCIA,25.0,27.0,17.0,0.0630821650840303,0.08107427126587177,0.6027996132666359,0.1481184368951005,0.10177152175674165,0.2687327064164604,0.6805555555555556,0.5524691358024691,0.027777777777777776,0.9845725693065753,0.9907542261344022,0.946759471616516,0.5397174481826056,0.1206142695213599,-0.6527777777777778,-0.03781309769005936
87645,SANTO ANTÔNIO DO PALMA,27.0,23.0,35.0,0.0,0.23846486180296864,0.8515035428308082,0.15669395505170391,0.26778290877198874,0.1572267987787317,0.4691358024691358,0.4523809523809524,0.6517094017094016,0.9884135757588455,0.9613710278522518,0.9873407253912913,0.8515035428308082,0.0005328437270277764,0.18257359924026584,-0.0010728503675542234
87653,NOVA PALMA,27.0,28.0,30.0,0.0,0.47167852212368677,0.6972175248724669,0.1861217798575594,0.2981752596445366,0.22074678466409248,0.6481481481481481,0.7046783625730995,0.6296296296296297,0.9821612816922242,0.9567557432144155,0.9703083252579936,0.6972175248724669,0.03462500480653308,-0.01851851851851849,-0.011852956434230566
87661,SANTO ANTÔNIO DO PLANALTO,21.0,33.0,31.0,0.0,0.1282378770339984,0.36103970177468786,0.2660001042551905,0.3547427289954004,0.27932775950435085,0.6018518518518519,0.8402777777777778,0.6161616161616161,0.9588215522958005,0.9421813445161673,0.9574185449311484,0.36103970177468786,0.013327655249160353,0.014309764309764272,-0.0014030073646520425
87670,NOVA PETRÓPOLIS,65.0,81.0,66.0,0.012760129610075756,0.1593801551248831,0.7802518011789535,0.302922708608212,0.47256284752554545,0.5057832675051219,0.8097643097643098,0.7415123456790124,0.6569200779727096,0.9590960473504571,0.9105633473312285,0.8926649965068678,0.7674916715688778,0.2028605588969099,-0.15284423179160023,-0.06643105084358925
87688,SANTO EXPEDITO DO SUL,18.0,26.0,20.0,0.03577010490820924,0.03813737080965638,0.5844466052253319,0.3265440054994697,0.4958623788527299,0.22673120825230408,0.7160493827160495,0.6013071895424836,0.40909090909090917,0.9343312739765937,0.848040823240212,0.9678548617475461,0.5486765003171227,-0.09981279724716563,-0.3069584736251403,0.033523587770952434
87696,NOVA PRATA,98.0,82.0,70.0,0.005795997189347733,0.18880767948572444,0.5742866010720179,0.4752205398106777,0.48097122782568147,0.3751533943482448,0.8526645768025078,0.8437900128040973,0.6194144838212634,0.9183032832706544,0.9112867882310653,0.9449427981028793,0.5684906038826701,-0.1000671454624329,-0.23325009298124444,0.02663951483222493
87700,SÃO JOÃO DO POLÊSINE,29.0,21.0,27.0,0.03820814602759251,0.5227498309765957,0.5738453057646601,0.23682380352225052,0.3774993652865253,0.24781967233416302,0.7611111111111112,0.7916666666666667,0.6388888888888888,0.9729999822682337,0.9088985661210591,0.9509480099367545,0.5356371597370676,0.010995868811912501,-0.12222222222222234,-0.022051972331479153
87718,NOVO HAMBURGO,197.0,235.0,151.0,0.04046729170734012,0.35500715883869827,0.6027560992241527,0.6417678167805132,0.6886547644668195,0.6505074728834854,0.9500390320062451,0.9709114414996768,0.8832116788321167,0.8550955485428208,0.831141793139656,0.8478112813621255,0.5622888075168126,0.008739656102972226,-0.06682735317412836,-0.007284267180695303
87726,SÃO JOSÉ DOS AUSENTES,25.0,24.0,33.0,0.036512797807507116,0.21803225696689243,0.7103977972240527,0.4848579558727024,0.3025270934703459,0.422994987963341,0.8472222222222222,0.474074074074074,0.5879629629629629,0.877106449539563,0.9406117581610507,0.9053381877381548,0.6738849994165456,-0.06186296790936141,-0.2592592592592593,0.028231738198591816
87734,OSÓRIO,64.0,75.0,87.0,0.11896352768635797,0.3649561111962278,0.6794073212909754,0.4524880717616582,0.4664748233970011,0.42731815408115525,0.8929292929292929,0.8400673400673401,0.8305613305613305,0.918029147593818,0.9111983478747426,0.9323986102225902,0.5604437936046174,-0.025169917680502918,-0.06236796236796238,0.014369462628772145
87742,SÃO JOSÉ DO INHACORÁ,28.0,36.0,31.0,0.0,0.20376977752913572,0.5817935550425594,0.23221866423974902,0.2761521716618345,0.163604660732793,0.7339181286549707,0.6666666666666666,0.30808080808080807,0.9744155238148626,0.966620793069753,0.9869822378222463,0.5817935550425594,-0.06861400350695601,-0.4258373205741627,0.012566714007383628
87750,PAIM FILHO,30.0,27.0,24.0,0.012456087879429022,0.26433974540092486,0.58118453814048,0.37747639612514283,0.1584995337155879,0.1083330866470611,0.6402116402116402,0.537037037037037,0.6222222222222222,0.9275248669085412,0.9878347700037412,0.993723156483295,0.568728450261051,-0.26914330947808174,-0.017989417989418,0.06619828957475382
87769,SÃO JOSÉ DAS MISSÕES,15.0,22.0,28.0,0.032626725464376186,0.11636476474923393,0.3837435531469299,0.13696747202475845,0.0709109245356867,0.19501840531067338,0.7870370370370371,0.5897435897435896,0.4239766081871345,0.984896144863125,0.9973754312442535,0.9678557278516432,0.35111682768255376,0.05805093328591493,-0.3630604288499026,-0.017040417011481845
87777,PALMEIRA DAS MISSÕES,57.0,69.0,85.0,0.05805912945068637,0.26220530015520166,0.641951907265144,0.4393818660708104,0.47196379829285573,0.4558058091714994,0.8374125874125874,0.9024725274725275,0.780982905982906,0.9221654289251693,0.9117605096307468,0.9185940593610126,0.5838927778144576,0.016423943100688954,-0.05642968142968141,-0.0035713695641567123
87785,SÃO MARTINHO DA SERRA,36.0,38.0,43.0,0.0,0.08311302874702542,0.5197649452029727,0.33267931428393194,0.42546979558193865,0.4400649173270923,0.728395061728395,0.7758620689655172,0.7418300653594772,0.9474438828469827,0.9163788662393745,0.9149590769649694,0.5197649452029727,0.10738560304316036,0.013435003631082187,-0.0324848058820133
87793,PALMITINHO,22.0,57.0,54.0,0.0,0.08686202493519758,0.5569856954655766,0.5736970610616818,0.396716962756138,0.2101373179317929,0.8376068376068376,0.7060185185185185,0.4444444444444444,0.7918402567270109,0.9304124318360506,0.9792010089519978,0.5569856954655766,-0.3635597431298889,-0.3931623931623932,0.18736075222498694
87807,SÃO PEDRO DA SERRA,20.0,23.0,17.0,0.025087302649461886,0.3026525922175048,0.35945730657553254,0.14470564813437092,0.13339678464433113,0.2847387124030176,0.6868686868686869,0.42857142857142855,0.6111111111111112,0.9851315313882272,0.990822791483851,0.9511394883899399,0.33437000392607064,0.1400330642686467,-0.07575757575757569,-0.033992042998287286
87815,PANAMBI,74.0,146.0,104.0,0.0815601259442766,0.36480055978691456,0.8248326120019261,0.3814955265204052,0.5421748103148982,0.5001668298520319,0.6834804539722572,0.8510699826489301,0.8368554522400676,0.9440501102370947,0.8976676885272006,0.9059159495612553,0.7432724860576495,0.11867130333162668,0.15337499826781043,-0.03813416067583941
87823,SÃO PEDRO DO BUTIÁ,21.0,20.0,18.0,0.008863435914959516,0.09295795035101687,0.7112924766285799,0.54854683513479,0.157710067308388,0.3732914543865724,0.5509259259259259,0.5909090909090909,0.4814814814814815,0.8006782505700629,0.9854052827593565,0.911303120449949,0.7024290407136203,-0.17525538074821756,-0.06944444444444442,0.11062486987988607
87831,PARAÍ,30.0,20.0,18.0,0.03527415526947187,0.0,0.2736955744946135,0.08948971418270024,0.0388050921843317,0.2607579677934646,0.5026455026455026,0.5808080808080808,0.8024691358024691,0.9956090907969583,0.9991382757455528,0.954629558326168,0.23842141922514165,0.17126825361076436,0.2998236331569666,-0.040979532470790225
87840,SÃO VALENTIM DO SUL,27.0,20.0,28.0,0.014422028552539835,0.0,0.8845305419142288,0.13627374067095932,0.034401726480696615,0.17574548259274092,0.6111111111111112,0.5252525252525253,0.7836257309941521,0.9901815262187341,0.9987300992804019,0.9837680110051893,0.8701085133616889,0.0394717419217816,0.17251461988304095,-0.006413515213544829
87858,PASSO FUNDO,266.0,333.0,217.0,0.04411454718651936,0.46613700935209934,0.6908518454821547,0.6884306977276335,0.5768122496733874,0.6016752670772554,0.9438289601554907,0.8751526251526252,0.9084062196307093,0.841778903148978,0.8952308659533991,0.882678202663524,0.6467372982956354,-0.08675543065037816,-0.03542274052478134,0.04089929951454607
87866,SÃO VALÉRIO DO SUL,16.0,27.0,23.0,0.05076264536119547,0.10637660657315781,0.59722377521844,0.4107473025506072,0.33601255697346155,0.4376810205187647,0.6031746031746033,0.6820987654320988,0.5476190476190477,0.8971335308826884,0.9371550644231321,0.889465139830655,0.5464611298572445,0.026933717968157467,-0.05555555555555558,-0.00766839105203343
87874,PEDRO OSÓRIO,37.0,57.0,53.0,0.05898560349268472,0.3295554932712011,0.6500781365177651,0.4419386194518018,0.3919969836885986,0.37354826578098965,0.8154761904761905,0.8310185185185185,0.6578282828282829,0.9076306899217613,0.9356224600919983,0.9416105388737043,0.5910925330250805,-0.06839035367081214,-0.1576479076479076,0.03397984895194295
87882,SENTINELA DO SUL,45.0,51.0,45.0,0.02061760027306921,0.07299932591802824,0.5388871211110312,0.329471829405654,0.4414538320529049,0.5833828881384389,0.5694444444444444,0.7883597883597884,0.7083333333333333,0.9502099589552543,0.9129745048880197,0.8375153466690527,0.518269520837962,0.25391105873278486,0.13888888888888884,-0.11269461228620159
87890,PEJUÇARA,14.0,31.0,21.0,0.06427246525848579,0.33743591488865177,0.9407347962845098,0.1428844224979713,0.505942539183087,0.3412173514284924,0.6,0.553030303030303,0.43518518518518523,0.9874930545097579,0.8480313257517722,0.9340391046680009,0.876462331026024,0.19833292893052112,-0.16481481481481475,-0.053453949841757
87904,SÉRIO,29.0,25.0,37.0,0.0,0.07168510847880644,0.6017752361545209,0.17004859010416973,0.3062046944303791,0.28501364271334584,0.6694444444444445,0.6701388888888888,0.6249999999999999,0.9861336622110828,0.9520210621676226,0.958851792813743,0.6017752361545209,0.11496505260917611,-0.04444444444444462,-0.027281869397339786
87912,PELOTAS,337.0,425.0,252.0,0.06043714660079594,0.49777617220721027,0.644493545224914,0.7660121582967518,0.6759513010938447,0.603510000500473,0.9567510548523206,0.9222065063649222,0.9204287775716347,0.7918862825796048,0.8587164069647827,0.885926616722032,0.5840563986241181,-0.16250215779627886,-0.03632227728068593,0.09404033414242718
87920,SERTÃO SANTANA,37.0,44.0,33.0,0.1029023270368342,0.2441445428005671,0.6131298138170428,0.4619217447045607,0.3158962473272675,0.235556910841211,0.8115079365079364,0.7523809523809524,0.4861111111111111,0.9021742178174774,0.9517089886737534,0.97334855645118,0.5102274867802086,-0.2263648338633497,-0.3253968253968253,0.0711743386337026
87939,PINHEIRO MACHADO,61.0,64.0,52.0,0.06154838014939182,0.5445207944832747,0.6024302240957466,0.5957663516235192,0.47142416561767275,0.437951827527741,0.9081196581196581,0.8818181818181818,0.7700258397932817,0.8497641335719477,0.90926096483552,0.92089566894884,0.5408818439463549,-0.15781452409577823,-0.13809381832637646,0.07113153537689232
87947,SINIMBU,57.0,69.0,61.0,0.05000228704513401,0.4322116951831908,0.8838479913819486,0.4502505163686652,0.5139398707462246,0.5614341313305355,0.9016203703703703,0.7851851851851851,0.6570512820512822,0.9152858486707923,0.8883380195657786,0.8595671401216707,0.8338457043368146,0.11118361496187035,-0.2445690883190882,-0.05571870854912164
87955,PIRATINI,27.0,56.0,47.0,0.04556458717565406,0.35403025965174234,0.6649646752036532,0.5140178933485,0.5132395961930456,0.4926438637819488,0.9382716049382716,0.8439716312056738,0.8114035087719299,0.8637547653458454,0.8850721042484354,0.8914711831160859,0.6194000880279992,-0.02137402956655121,-0.12686809616634165,0.027716417770240476
87963,TIRADENTES DO SUL,38.0,40.0,46.0,0.0,0.11684603854353617,0.7069955321544699,0.3688537160930616,0.24496534121524216,0.44679933476319245,0.7681992337164751,0.53584229390681,0.6381381381381381,0.9395385025613543,0.9745407721784307,0.9087925922783016,0.7069955321544699,0.07794561867013083,-0.130061095578337,-0.030745910283052735
87971,PLANALTO,31.0,38.0,43.0,0.0028229840776640555,0.05256840882355963,0.5938659417203719,0.2870717247630592,0.35001692187140954,0.5230638051909047,0.6767676767676767,0.7586206896551723,0.6486928104575164,0.962164489998477,0.9451276509445871,0.865231762290551,0.5910429576427079,0.23599208042784547,-0.028074866310160318,-0.09693272770792605
87980,TRAVESSEIRO,24.0,23.0,13.0,0.0032868533953493203,0.0721920613153495,0.2333177788147457,0.09657697278487398,0.3175994540816871,0.419074625794178,0.45555555555555555,0.5555555555555556,0.4861111111111111,0.9946846056621038,0.920368453478106,0.8634248384620132,0.23003092541939638,0.322497653009304,0.030555555555555558,-0.13125976720009058
87998,PORTÃO,85.0,106.0,70.0,0.032404657099067716,0.6749614369159929,0.6861326727253982,0.47323502654769434,0.4806864282710228,0.4660948890445522,0.8992628992628993,0.7822966507177034,0.9106317411402156,0.9146437832556634,0.9117976207207538,0.9035978148068919,0.6537280156263305,-0.00714013750314213,0.011368841877316349,-0.011045968448771482
88005,TRÊS FORQUILHAS,27.0,27.0,29.0,0.04184432903724849,0.14661418222940556,0.4999264207579313,0.28938443174634965,0.30639014958980115,0.23106522986026312,0.8055555555555556,0.7222222222222222,0.5944444444444444,0.9512973451844969,0.9536742228758962,0.9710740054868509,0.4580820917206828,-0.058319201886086525,-0.21111111111111114,0.01977666030235392
88013,PORTO ALEGRE,575.0,852.0,511.0,0.19897560142873927,0.6134165761534839,0.7325399404896333,0.7793689775172017,0.6468260062838445,0.6510225454150826,0.9685631828488971,0.9500442538126361,0.9489795918367346,0.797875324824748,0.8754921572286433,0.8740639269981385,0.5335643390608941,-0.12834643210211905,-0.01958359101216245,0.07618860217339052
88021,TUPANCI DO SUL,18.0,19.0,22.0,0.003807008363997376,0.14298764745601145,0.8078216524306487,0.13792121551291037,0.3738876125452846,0.4550384882023577,0.5987654320987654,0.4888888888888889,0.6752136752136753,0.9866196314191484,0.9087352432927639,0.8843781904406894,0.8040146440666514,0.31711727268944734,0.07644824311490983,-0.102241440978459
88030,PORTO LUCENA,25.0,24.0,24.0,0.04009458292875359,0.2783355781312027,0.5766033664817914,0.2146479855899408,0.2004829357337945,0.1782530670391833,0.6388888888888888,0.662962962962963,0.7481481481481481,0.9738269798994408,0.9795144932326455,0.9822999446921552,0.5365087835530379,-0.036394918550757493,0.10925925925925928,0.008472964792714421
88048,UNIÃO DA SERRA,25.0,23.0,23.0,0.0,0.21224707598175516,0.7118025751072962,0.24250147725034443,0.1365220271837615,0.40707221496547863,0.8090277777777778,0.4920634920634921,0.5,0.9704110855960131,0.9895294574838802,0.9082227402177914,0.7118025751072962,0.1645707377151342,-0.3090277777777778,-0.06218834537822171
88056,PORTO XAVIER,34.0,30.0,26.0,0.03018299093739612,0.20810747683862044,0.9293789685612514,0.155572248655923,0.24095025202680032,0.16490320582313767,0.7911111111111111,0.8306878306878307,0.7516339869281046,0.9885512753441151,0.9578561348882895,0.9840385691703517,0.8991959776238553,0.00933095716721466,-0.03947712418300653,-0.0045127061737634255
88064,VALE DO SOL,35.0,41.0,48.0,0.10129492540715743,0.2588245503723622,0.5490225649061325,0.4004326132923044,0.2787503188597171,0.4834332489966551,0.7905982905982906,0.5590277777777778,0.8304843304843305,0.9139866692335197,0.9657635101221698,0.8912959855261019,0.4477276394989751,0.08300063570435068,0.03988603988603989,-0.02269068370741778
88072,PUTINGA,15.0,29.0,24.0,0.006497584303522183,0.05625121372113757,0.6235652069592588,0.31680305740024495,0.25082567074267303,0.3310365630622112,0.5370370370370371,0.5555555555555556,0.674074074074074,0.939757809005453,0.9666743345580646,0.9374441273380769,0.6170676226557366,0.01423350566196624,0.13703703703703696,-0.0023136816673761107
88080,VALE REAL,33.0,34.0,38.0,0.0,0.11843443675305823,0.7338301323607337,0.2763148380878244,0.35754912176042786,0.35623004367916056,0.6134259259259259,0.5866666666666667,0.31800766283524906,0.9656873139097226,0.9411887481240564,0.9359197796697561,0.7338301323607337,0.07991520559133614,-0.29541826309067687,-0.029767534239966476
88099,QUARAÍ,96.0,106.0,126.0,0.033885889259777535,0.2472994541626191,0.6060780791273536,0.43199880909010346,0.6359847809322781,0.4803359644024754,0.9700534759358288,0.7722488038277512,0.8553359683794466,0.93201352107639,0.8094044602607126,0.921386325155372,0.572192189867576,0.04833715531237193,-0.11471750755638221,-0.010627195921018018
88102,VILA NOVA DO SUL,24.0,30.0,28.0,0.21330175319904116,0.04308125771423771,0.5633193623088554,0.36355702810753354,0.4540572851483826,0.369479599843612,0.8962962962962964,0.8835978835978836,0.6345029239766082,0.9316834458671265,0.8805136713202373,0.9323885307100009,0.3500176091098142,0.0059225717360784635,-0.26179337231968813,0.0007050848428744594
88110,REDENTORA,32.0,58.0,47.0,0.02225487121760018,0.34656101877349343,0.7922120239001907,0.31257510869312655,0.4619070806852148,0.4542543084676218,0.7101449275362318,0.8015873015873016,0.5248538011695907,0.9480265068114531,0.9117962548816236,0.8924380657310987,0.7699571526825906,0.14167919977449528,-0.18529112636664113,-0.05558844108035432
88129,VITÓRIA DAS MISSÕES,18.0,17.0,22.0,0.01745660899555218,0.47912747069347233,0.7838770925887399,0.5662791367153477,0.300438934522808,0.33603383525697383,0.5185185185185185,0.701388888888889,0.5341880341880341,0.7978892748806735,0.941107401976136,0.9396425871026474,0.7664204835931878,-0.23024530145837385,0.015669515669515577,0.14175331222197385
88137,RESTINGA SÊCA,48.0,50.0,41.0,0.14218245100756452,0.27510664775942506,0.7855214956982007,0.5492678254262244,0.6022022197813679,0.39869372788633295,0.868945868945869,0.7154471544715447,0.6822916666666666,0.8606003796189757,0.8377425384199685,0.9133425032008264,0.6433390446906362,-0.15057409753989148,-0.18665420227920237,0.05274212358185071
88145,XANGRI-LÁ,61.0,71.0,59.0,0.054040633376617936,0.24930776115541076,0.5216118017766728,0.6226735903740681,0.6054187185776678,0.45381366620155705,0.8333333333333334,0.7473118279569892,0.9022222222222221,0.8326068070729529,0.8417731555523317,0.9157709089436636,0.46757116840005486,-0.16885992417251106,0.06888888888888878,0.08316410187071077
88153,RIO GRANDE,427.0,405.0,267.0,0.021859137454258274,0.39207103463140075,0.5954296151095548,0.840542085635076,0.6559326375329086,0.6590815615231045,0.9415904292751583,0.9325396825396826,0.9154084397986836,0.5865306746520739,0.8650428128662153,0.8356995515397033,0.5735704776552966,-0.18146052411197156,-0.026181989476474765,0.24916887688762945
88161,BOA VISTA DO SUL,18.0,18.0,23.0,0.0,0.18031783692204267,0.5562047930755336,0.13237033282649113,0.22278319861497753,0.13504784979599682,0.7777777777777778,0.30864197530864196,0.5595238095238094,0.9887163888943856,0.9433775014864297,0.9889958999598618,0.5562047930755336,0.002677516969505689,-0.21825396825396837,0.0002795110654761901
88170,RIO PARDO,109.0,163.0,109.0,0.05830131542639362,0.4310751760699275,0.7725134947801174,0.6709857148531111,0.5982347013496239,0.48065750876470115,0.8641826923076924,0.8723076923076923,0.8341346153846154,0.8261813256576339,0.8707548184595312,0.9134715216802208,0.7142121793537238,-0.19032820608840995,-0.030048076923076983,0.08729019602258692
88188,DILERMANDO DE AGUIAR,40.0,49.0,46.0,0.0,0.03923214128785721,0.2921404467693489,0.46319858045307294,0.5937011150274658,0.3855475233147534,0.7992831541218638,0.7611111111111111,0.7972972972972973,0.9047461216895323,0.8409845225608122,0.9324575012917568,0.2921404467693489,-0.07765105713831955,-0.0019858568245665342,0.027711379602224473
88196,ROCA SALES,61.0,45.0,43.0,0.010928074375598482,0.49429787823997323,0.9212972386429188,0.49657147889764297,0.4823006800022702,0.418458276039277,0.8333333333333333,0.5787037037037037,0.576797385620915,0.8864369396606764,0.871980270661872,0.9200937627207932,0.9103691642673203,-0.07811320285836598,-0.2565359477124183,0.03365682306011686
88200,CAPIVARI DO SUL,28.0,30.0,43.0,0.027770616554533695,0.2754151327940804,0.6423905079119954,0.3767706730381397,0.3731234865675437,0.5215494838246055,0.7894736842105263,0.8835978835978836,0.7418300653594772,0.9303096605225079,0.9244077725697911,0.8719696582859411,0.6146198913574616,0.14477881078646582,-0.047643618851049174,-0.05834000223656677
88218,RODEIO BONITO,30.0,30.0,33.0,0.08323802581472219,0.27113190267567633,0.7575324266498775,0.24837270160115743,0.2627891498835284,0.21203341849153734,0.6613756613756614,0.5793650793650793,0.6412037037037037,0.9692341530253116,0.9652952557562515,0.9715666205627722,0.6742944008351553,-0.03633928310962009,-0.020171957671957674,0.0023324675374606363
88226,NOVA CANDELÁRIA,19.0,27.0,22.0,0.007524616590236071,0.0775681656111363,0.6497729956812075,0.2522321379082484,0.23897859312070713,0.3124081858585881,0.3166666666666667,0.5740740740740741,0.6666666666666666,0.9605984898740888,0.9695760431689242,0.9496787773292952,0.6422483790909714,0.060176047950339706,0.3499999999999999,-0.010919712544793625
88234,ROLANTE,71.0,98.0,74.0,0.0319350489307034,0.35367130225767357,0.4624951448608674,0.5203776160254565,0.3746413982541996,0.527282090816364,0.8422939068100358,0.7265917602996255,0.882051282051282,0.8803401189195156,0.9461188425905759,0.8797899598957523,0.430560095930164,0.0069044747909075,0.03975737524124623,-0.0005501590237633192
88242,FLORIANO PEIXOTO,26.0,29.0,23.0,0.0017376949476519397,0.13645101093011183,0.5697256754136455,0.377730303060682,0.24022236156409282,0.21854819732270436,0.65359477124183,0.47777777777777775,0.6349206349206349,0.9214560456425124,0.9709820716050529,0.9718139325821437,0.5679879804659935,-0.15918210573797764,-0.01867413632119508,0.05035788693963128
88250,RONDA ALTA,27.0,35.0,26.0,0.020909084545867408,0.1769953573013155,0.3989655664316421,0.3072576765994188,0.4464749696048076,0.22714765060186326,0.888888888888889,0.7350427350427351,0.718954248366013,0.9536829049031988,0.9004560341697424,0.9753879905584905,0.3780564818857747,-0.08011002599755557,-0.169934640522876,0.02170508565529161
88269,CHUVISCA,24.0,40.0,31.0,0.06460629388773928,0.2840065880721221,0.4985823616067454,0.4067594357971078,0.24832560719013985,0.3050498361431715,0.9407407407407408,0.8817204301075269,0.8585858585858586,0.9134465002148178,0.9681443053532791,0.954351276858344,0.4339760677190061,-0.10170959965393633,-0.0821548821548822,0.04090477664352621
88277,RONDINHA,24.0,22.0,18.0,0.056491055451219324,0.07553482874012982,0.8016000116445138,0.3701353000100518,0.2097874538139024,0.20302290653764365,0.7111111111111111,0.6367521367521367,0.40740740740740744,0.9303789042514174,0.9762277309285831,0.9761681314169862,0.7451089561932944,-0.16711239347240814,-0.3037037037037037,0.04578922716556877
88285,ESPERANÇA DO SUL,33.0,22.0,13.0,0.019262214221858996,0.06213273442008275,0.36250235009038584,0.26076573720737906,0.22977060732571908,0.25195467950578787,0.5555555555555556,0.6666666666666667,0.7222222222222222,0.9661410013352084,0.964666225953311,0.9425539760523481,0.34324013586852686,-0.008811057701591185,0.16666666666666663,-0.023587025282860274
88293,ROQUE GONZALES,22.0,21.0,20.0,0.02557033500579926,0.1365811266741642,0.6411366246947865,0.20448981936210164,0.42628955068378427,0.19593263063469624,0.7264957264957266,0.625,0.6313131313131313,0.9771074166174322,0.8912537712150288,0.9799705670184322,0.6155662896889872,-0.008557188727405407,-0.09518259518259531,0.0028631504010000475
88307,DOUTOR RICARDO,26.0,29.0,28.0,0.04348404823191735,0.0,0.5259850203093698,0.11925008621761934,0.1925100597934537,0.12319628271098892,0.545751633986928,0.4861111111111111,0.5321637426900585,0.9920957257898422,0.9709430847611182,0.9928013152365915,0.4825009720774524,0.00394619649336958,-0.013587891296869548,0.0007055894467493662
88315,ROSÁRIO DO SUL,110.0,149.0,104.0,0.1446273759783138,0.3561405786539751,0.33340142018649677,0.6493790008493436,0.6247518823921598,0.4947200860177492,0.9349722442505948,0.8399321266968326,0.9163144547759933,0.8239581251297787,0.853332624775836,0.912906815941972,0.18877404420818297,-0.15465891483159444,-0.018657789474601505,0.08894869081219325
88323,HERVEIRAS,36.0,30.0,29.0,0.05715620866298224,0.38707383283752955,0.6058488123920706,0.21068370658116597,0.35907094007457374,0.2665219131336274,0.6769547325102881,0.5238095238095238,0.4138888888888889,0.9786966655047719,0.9370387675682362,0.9638316596074515,0.5486926037290883,0.05583820655246141,-0.26306584362139923,-0.014865005897320316
88331,SALVADOR DO SUL,29.0,27.0,32.0,0.002138134919164246,0.06884082809137591,0.4298677161911009,0.22405860704819047,0.27020281237079113,0.3732700407237346,0.7166666666666667,0.5401234567901234,0.7318840579710145,0.9757353028200333,0.9635944305865193,0.9283562295414929,0.42772958127193667,0.14921143367554413,0.01521739130434785,-0.04737907327854041
88340,CARAÁ,39.0,49.0,50.0,0.030986061797389934,0.23883561362038044,0.6304659094627797,0.3541683027669629,0.31993096940499455,0.2946725832422279,0.6666666666666667,0.6638888888888889,0.6964769647696477,0.9423204070194051,0.9548891137295866,0.9622323744246535,0.5994798476653898,-0.05949571952473498,0.02981029810298097,0.019911967405248365
88358,SANANDUVA,27.0,43.0,49.0,0.0,0.2951350613165637,0.7466294047342433,0.2926818788065899,0.3647319565262901,0.3126625162254688,0.8024691358024691,0.5130718954248366,0.7069444444444444,0.9516277519412191,0.9402728497187359,0.9606880355942181,0.7466294047342433,0.0199806374188789,-0.09552469135802477,0.009060283652999046
88366,FAZENDA VILANOVA,33.0,43.0,34.0,0.014168846267317325,0.24568980932385975,0.5439076412172906,0.29113652789036504,0.36172476126470965,0.30747883994738134,0.75,0.838235294117647,0.6733333333333333,0.9603481352709649,0.929518865204522,0.9457444189764908,0.5297387949499733,0.016342312057016306,-0.07666666666666666,-0.0146037162944741
88374,SANTA BÁRBARA DO SUL,39.0,32.0,39.0,0.02325462497727972,0.009773587674228862,0.4487339586923637,0.37003539094659965,0.22022523346820444,0.18165498332121444,0.6759259259259259,0.4806763285024155,0.5777777777777777,0.9373407155259158,0.9733218937935614,0.9837774230410175,0.425479333715084,-0.18838040762538522,-0.0981481481481482,0.04643670751510165
88382,ITAARA,41.0,51.0,47.0,0.02056036133853993,0.14275177029165137,0.45151937882511994,0.42805262850477876,0.5579888872582137,0.5526201066103233,0.8368055555555556,0.708994708994709,0.8011695906432749,0.9167428133501645,0.8535465899607168,0.8466135608797848,0.43095901748658,0.12456747810554458,-0.035635964912280715,-0.07012925247037971
88390,SANTA CRUZ DO SUL,171.0,255.0,194.0,0.1449726376259366,0.5299601904447766,0.7155804397293545,0.5966851203860224,0.6011662731632985,0.5007634419516984,0.9549274255156608,0.8388531883341571,0.8190428713858425,0.8729808016954655,0.8849826496436413,0.919011896367141,0.5706078021034179,-0.09592167843432398,-0.13588455412981826,0.04603109467167543
88404,ESTRELA VELHA,18.0,34.0,18.0,0.0,0.07378754415657464,0.4131946570426584,0.12674919036291743,0.17776382965836635,0.28187147271484037,0.7283950617283952,0.7333333333333333,0.6728395061728395,0.9853218801948256,0.9860836638627754,0.9294120690781287,0.4131946570426584,0.15512228235192294,-0.05555555555555569,-0.055909811116696906
88412,SANTA MARIA,214.0,343.0,258.0,0.023639076489582873,0.4894221667291828,0.7091896244399783,0.6478210989761652,0.6625214505848753,0.635789527096843,0.9405378731803602,0.940550133096717,0.9269640345589713,0.8540933307574436,0.859838718140115,0.8698649555280503,0.6855505479503955,-0.012031571879322245,-0.013573838621388945,0.015771624770606674
88420,BENJAMIN CONSTANT DO SUL,24.0,28.0,11.0,0.0,0.12052885818209812,0.712166172106825,0.3087521582120134,0.16674616768437134,0.2791475586727814,0.5740740740740741,0.48538011695906436,0.5555555555555556,0.9501994989168334,0.9859466953150497,0.9296637952595465,0.712166172106825,-0.029604599539232,-0.01851851851851849,-0.020535703657286963
88439,SANTANA DA BOA VISTA,29.0,62.0,47.0,0.007431886897377093,0.03974652317288545,0.6406631974357023,0.45753510302481404,0.35164999143312836,0.39369289803594043,0.7277777777777777,0.819706498951782,0.8421052631578947,0.8919844132086306,0.9419343457857466,0.9290594434652533,0.6332313105383253,-0.06384220498887361,0.11432748538011694,0.03707503025662262
88447,MAÇAMBARÁ,24.0,27.0,37.0,0.0,0.08489167155703332,0.4786588070654293,0.36449766592700894,0.35338093276731875,0.30893320229139265,0.888888888888889,0.6975308641975309,0.7797619047619048,0.930730924594283,0.9375979831380307,0.957222848221659,0.4786588070654293,-0.05556446363561629,-0.10912698412698418,0.02649192362737607
88455,SANT'ANA DO LIVRAMENTO,179.0,196.0,149.0,0.10273667889083289,0.4017334401414763,0.6189928446085871,0.6643945490806151,0.7065511071558446,0.5519670857188996,0.8910675381263616,0.8639500492934604,0.9050802139037434,0.831962133301833,0.8176115202803825,0.894945619447786,0.5162561657177541,-0.1124274633617155,0.014012675777381745,0.06298348614595295
88463,DOM PEDRO DE ALCÂNTARA,35.0,23.0,22.0,0.18799840766376022,0.06366182836771073,0.8300873963000754,0.6185088908497542,0.447899713244982,0.5598115487871933,0.8247863247863247,0.8888888888888888,0.670940170940171,0.8075311691517809,0.8863549637040832,0.8182744435966046,0.6420889886363152,-0.05869734206256094,-0.15384615384615374,0.010743274444823703
88471,SANTA ROSA,114.0,177.0,117.0,0.0911460848798494,0.4072465878324124,0.6366322986327347,0.5409519057065808,0.5243138662269888,0.47143686006155017,0.9259259259259259,0.8430041152263374,0.8457516339869281,0.890407406550996,0.9054925764366146,0.9204233501547353,0.5454862137528853,-0.06951504564503064,-0.08017429193899783,0.03001594360373927
88480,UNISTALDA,27.0,16.0,17.0,0.0036960957514139718,0.1756390145020826,0.4107749806078556,0.2924511386750175,0.23853196537273513,0.28675366910038824,0.8179012345679012,0.6825396825396826,0.6666666666666666,0.9423015344680056,0.962761402732378,0.9502044121462931,0.4070788848564416,-0.005697469574629244,-0.15123456790123457,0.007902877678287568
88498,SANTA VITÓRIA DO PALMAR,104.0,109.0,97.0,0.011166966314984414,0.18108757044039092,0.6012011957826245,0.540691483327397,0.5355119261364836,0.5290799262808814,0.7996618765849535,0.7451923076923077,0.8278388278388278,0.8934274749878311,0.8955348076729345,0.8935147055997525,0.5900342294676402,-0.01161155704651562,0.028176951253874316,8.723061192139614e-05
88501,TURUÇU,58.0,48.0,32.0,0.04412997689610154,0.05784226933732137,0.426623417471406,0.26599268272327214,0.4120368569494164,0.32640811575665407,0.6587301587301587,0.7749287749287749,0.42995169082125606,0.9703522391729094,0.9156370040306082,0.9407029068030387,0.38249344057530443,0.06041543303338193,-0.22877846790890266,-0.029649332369870662
88510,SANTIAGO,80.0,79.0,85.0,0.04843268838258679,0.35583430141324957,0.4250562111090472,0.5095467700191505,0.4994819575203757,0.47423396106613014,0.8323765786452354,0.7855477855477856,0.8723290598290598,0.897088736390975,0.904622719057037,0.9155326863467832,0.3766235227264604,-0.03531280895302036,0.03995248118382444,0.018443949955808225
88528,CRISTAL DO SUL,31.0,36.0,20.0,0.0,0.11221670384143602,0.15589918256130791,0.2227532641763592,0.11440007874685909,0.091462306993642,0.8207070707070707,0.6296296296296297,0.6363636363636364,0.9698963350031476,0.9917263190356564,0.9921081682077207,0.15589918256130791,-0.13129095718271722,-0.18434343434343436,0.022211833204573095
88536,SANTO ÂNGELO,117.0,161.0,140.0,0.07853485407787417,0.5075837808683511,0.7213468386577603,0.6477600573950646,0.5460504907459958,0.5022166818974274,0.9137254901960784,0.8073059360730594,0.8816,0.835338515427606,0.8934521196311834,0.9098476030704334,0.6428119845798861,-0.14554337549763718,-0.032125490196078355,0.07450908764282749
88544,MUITOS CAPÕES,34.0,28.0,20.0,0.0,0.07436072060644183,0.2559158437033535,0.24262720851006137,0.26001661584798175,0.46570809122143486,0.7422222222222221,0.6549707602339181,0.6515151515151515,0.9696960879224547,0.9641047705576423,0.867864832535154,0.2559158437033535,0.2230808827113735,-0.09070707070707063,-0.10183125538730065
88552,SANTO ANTÔNIO DA PATRULHA,80.0,94.0,69.0,0.07893134514647021,0.46712523710247156,0.6358291906212892,0.5370625839592891,0.5473350651787923,0.4310354030173671,0.8415614236509759,0.8461538461538461,0.8846153846153847,0.8876971942540004,0.8876536181314296,0.9271495373482824,0.556897845474819,-0.10602718094192198,0.04305396096440883,0.03945234309428203
88560,NOVA RAMADA,19.0,18.0,23.0,0.00884817488457516,0.0,0.5534799493344489,0.3815421953475635,0.37382082618364176,0.16130678756071903,0.4888888888888889,0.308641975308642,0.5714285714285714,0.9165156585075378,0.9058911259742553,0.9856448145270623,0.5446317744498738,-0.22023540778684447,0.08253968253968252,0.06912915601952452
88579,SANTO ANTÔNIO DAS MISSÕES,29.0,29.0,31.0,0.011860373314402182,0.1687993057301273,0.3767087143448607,0.47248045761458024,0.3721179794196836,0.44582513268220114,0.8138888888888889,0.788888888888889,0.601010101010101,0.8875724752032823,0.9256552306366171,0.9037682801908908,0.3648483410304585,-0.0266553249323791,-0.2128787878787879,0.01619580498760853
88587,JARI,31.0,33.0,30.0,0.09040961499477355,0.4265673093697967,0.6294039741789127,0.27122145801722897,0.4023931667424079,0.3746659172254707,0.8131313131313131,0.47453703703703703,0.6375661375661376,0.9513317983446801,0.9204730028769054,0.9170641356887221,0.5389943591841392,0.10344445920824175,-0.1755651755651756,-0.03426766265595793
88595,SANTO AUGUSTO,30.0,50.0,45.0,0.05717601044019396,0.17615831868288154,0.6026091797886939,0.3565635253939714,0.4159055693906928,0.45147796639707827,0.7566137566137566,0.7425474254742548,0.8580246913580247,0.9355886208721236,0.9249782122554829,0.8905806792295231,0.5454331693485,0.09491444100310686,0.1014109347442681,-0.04500794164260047
88609,UBIRETAMA,31.0,30.0,29.0,0.014444351994674892,0.3146207605864153,0.46567539321989965,0.1498025197219104,0.6800374066790071,0.28198877679182965,0.3964646464646464,0.45502645502645506,0.5166666666666666,0.9888923560726174,0.7219433282493969,0.9570616380082143,0.4512310412252247,0.13218625706991927,0.1202020202020202,-0.031830718064403074
88617,SANTO CRISTO,31.0,28.0,27.0,0.032856401319456705,0.20740137060953454,0.44154965200369356,0.20241196851676935,0.235324837681123,0.12207212936975287,0.803030303030303,0.7192982456140351,0.7654320987654321,0.9799402518110486,0.9732304632374712,0.9916295786899131,0.40869325068423684,-0.08033983914701648,-0.03759820426487093,0.011689326878864481
88625,BARRA DO QUARAÍ,35.0,51.0,33.0,0.0005899588995299994,0.1759601655863986,0.26634988744013177,0.38900204238152347,0.4774308679708055,0.3921011679030626,0.7264957264957265,0.6441798941798942,0.8541666666666666,0.9282615385602911,0.8915496250681241,0.9280777043938397,0.26575992854060176,0.0030991255215391256,0.12767094017094016,-0.00018383416645140205
88633,SÃO BORJA,122.0,129.0,102.0,0.212569775558406,0.4236888683617323,0.6161626694891901,0.6204015973927441,0.5826502546292278,0.4941737729447404,0.9370716510903426,0.9619883040935673,0.8896551724137932,0.852591609864247,0.8669322681309498,0.9087738890861714,0.40359289393078407,-0.12622782444800373,-0.04741647867654941,0.056182279221924425
88641,CERRITO,43.0,51.0,49.0,0.08699231826761013,0.4869869426180062,0.6536137615073673,0.4112570485017748,0.4264530470510315,0.5410811663652908,0.7745098039215685,0.7275132275132274,0.7694444444444445,0.9245820054188888,0.9215159006060306,0.869590332416869,0.5666214432397572,0.129824117863516,-0.005065359477124054,-0.05499167300201979
88650,SÃO FRANCISCO DE ASSIS,52.0,43.0,42.0,0.023512871304513624,0.2030068262163194,0.4628949539320668,0.5524407398476348,0.38040393262968575,0.3272760343639951,0.8669623059866962,0.5909090909090908,0.8167155425219941,0.8616903188850603,0.9267573408078451,0.9336413344630529,0.4393820826275532,-0.22516470548363965,-0.05024676346470214,0.07195101557799255
88668,VALE VERDE,42.0,32.0,35.0,0.042355684102021014,0.298153739423942,0.7977840624745411,0.4086322377051177,0.5042811042626092,0.3953827629721629,0.7592592592592593,0.5507246376811594,0.5876068376068376,0.9070685733012362,0.8658126828331123,0.9265788697136131,0.7554283783725201,-0.013249474732954791,-0.17165242165242167,0.019510296412376893
88676,SÃO FRANCISCO DE PAULA,79.0,98.0,81.0,0.06264799643052738,0.3097178619800268,0.6502925265382037,0.5596825505108785,0.6591048400762771,0.5369540646830546,0.8452380952380952,0.7166042446941323,0.9089506172839505,0.8768182053630256,0.8185538987645863,0.8790369812811042,0.5876445301076763,-0.02272848582782383,0.06371252204585531,0.0022187759180786193
88684,NOVO CABRAIS,29.0,42.0,51.0,0.06939312084278826,0.16252831489170913,0.7056038297491976,0.24142340012299623,0.29681017021039935,0.33427386787841606,0.6972222222222223,0.7962962962962963,0.544973544973545,0.9704137552794467,0.9592430585664034,0.9436809932544312,0.6362107089064093,0.09285046775541983,-0.1522486772486773,-0.02673276202501551
88692,SÃO GABRIEL,123.0,178.0,138.0,0.08789799022370308,0.25803449251304506,0.7684975130856855,0.6557042172246064,0.65964122704486,0.5152986407074456,0.8753086419753086,0.8349693251533742,0.8379403794037941,0.8393997781609444,0.8432070938683864,0.904345472610744,0.6805995228619824,-0.1404055765171608,-0.03736826257151449,0.0649456944497997
88706,SETE DE SETEMBRO,20.0,34.0,23.0,0.0,0.3578177515081646,0.6959416935663967,0.10239439433183839,0.24077690072863378,0.2258253296154773,0.5353535353535354,0.5844444444444444,0.634920634920635,0.9900063312622812,0.9718336788533679,0.9718715058294303,0.6959416935663967,0.12343093528363891,0.09956709956709964,-0.018134825432850943
88714,SÃO JERÔNIMO,101.0,98.0,82.0,0.01006984791288323,0.23070666575802298,0.5669045356347431,0.5674015399675569,0.587447669740464,0.48967541773818035,0.8681818181818182,0.786833855799373,0.8629961587708066,0.8769596579678388,0.8625597971277301,0.9061170414251979,0.5568346877218598,-0.07772612222937658,-0.005185659411011567,0.029157383457359076
88722,TABAÍ,39.0,55.0,40.0,0.08256633698289749,0.30871399830754587,0.7785001267953062,0.3964322460951877,0.3756226743348945,0.4695069638616911,0.774074074074074,0.8272946859903382,0.6971326164874553,0.9282341666061427,0.9432112476337468,0.9003243862772622,0.6959337898124087,0.07307471776650343,-0.07694145758661874,-0.027909780328880474
88730,SÃO JOSÉ DO NORTE,73.0,80.0,79.0,0.02168206443836395,0.29342763764059343,0.367301328075339,0.43359436916430094,0.566946060480991,0.43082967754930146,0.8871527777777777,0.9264475743348983,0.7111111111111111,0.9272503551604376,0.8628114819994599,0.9238584002087268,0.34561926363697504,-0.0027646916149994816,-0.17604166666666654,-0.0033919549517108516
88749,VILA LÂNGARO,25.0,16.0,14.0,0.030295036938524332,0.0,0.0,0.03399110488753809,0.3644337408471179,0.14864783187703856,0.3472222222222222,0.46031746031746035,0.5555555555555556,0.9992064405718918,0.9194971102827963,0.9822612472186413,-0.030295036938524332,0.11465672698950047,0.20833333333333337,-0.01694519335325051
88757,SÃO JOSÉ DO OURO,10.0,47.0,42.0,0.0027107445782849483,0.16192212265774042,0.772318345606251,0.11715503742182887,0.23482781844834344,0.2608852534746935,0.2222222222222222,0.45321637426900585,0.632996632996633,0.9888707806096423,0.9739385890627883,0.9663910311501996,0.7696076010279661,0.14373021605286462,0.4107744107744108,-0.022479749459442644
88765,SENADOR SALGADO FILHO,33.0,33.0,28.0,0.0,0.04308424607308639,0.5380497823750385,0.3203109306281806,0.4604032930882085,0.1533632672173042,0.763888888888889,0.6087962962962963,0.6695906432748537,0.9527400876552053,0.8920645386336017,0.9866524802702407,0.5380497823750385,-0.1669476634108764,-0.09429824561403521,0.033912392615035314
88773,SÃO LEOPOLDO,160.0,242.0,173.0,0.05066916040697717,0.3896957361484037,0.6667212719020454,0.6370904446045642,0.5933179049261506,0.5953622634035489,0.9037153322867608,0.9442391669465906,0.9201923076923076,0.855302551262029,0.8825387075911203,0.8797275250283311,0.6160521114950682,-0.04172818120101529,0.016476975405546823,0.02442497376630204
88781,VESPASIANO CORRÊA,26.0,26.0,27.0,0.0,0.0,0.9757658559879028,0.21503837361744416,0.6674285338673287,0.41009272093839577,0.4836601307189542,0.696078431372549,0.5401234567901234,0.9688247269700867,0.7252573067406033,0.8873762559672689,0.9757658559879028,0.19505434732095162,0.05646332607116922,-0.08144847100281782
88790,SÃO LOURENÇO DO SUL,89.0,95.0,93.0,0.022688554431236956,0.23600191591307823,0.7751082608140367,0.5552242087550292,0.5383158342619481,0.513569960822144,0.9254079254079254,0.7754329004329004,0.6934589800443459,0.8746352488805108,0.8888494459538664,0.8989775011371034,0.7524197063827998,-0.04165424793288519,-0.23194894536357946,0.02434225225659259
88803,MONTE ALEGRE DOS CAMPOS,27.0,31.0,26.0,0.06791849501814877,0.21217826060119743,0.6397784438484865,0.1269230086172839,0.2948351953583108,0.23093438664191135,0.5401234567901234,0.601010101010101,0.5522875816993464,0.9923358261634719,0.9554857122286944,0.9715694335715281,0.5718599488303377,0.10401137802462745,0.012164124909223029,-0.020766392591943794
88811,SÃO LUIZ GONZAGA,65.0,72.0,98.0,0.03145584499151751,0.21332336630382032,0.6173488122138608,0.5185977006771827,0.5654877305471067,0.5388698562767511,0.8380177514792899,0.8396349413298566,0.8751131221719457,0.8900620577138002,0.8643571689405567,0.8913940147043545,0.5858929672223433,0.02027215559956841,0.03709537069265578,0.0013319569905543283
88820,MARQUES DE SOUZA,40.0,27.0,32.0,0.009358798938998771,0.02741024572143196,0.9039395574743659,0.29326163088500223,0.4370769539123649,0.35248583378305454,0.7437275985663083,0.5586419753086419,0.4903381642512078,0.9573357700637604,0.9026589906233558,0.9326662117919804,0.8945807585353671,0.0592242028980523,-0.2533894343151005,-0.024669558271779968
88838,SÃO MARCOS,84.0,66.0,52.0,0.10970901663707446,0.3679179194679269,0.551665287535191,0.5030493715477626,0.5841948230405496,0.3510333720375094,0.8844444444444445,0.8440545808966862,0.7028423772609819,0.9037003708529642,0.8576382374549123,0.9447697272998442,0.4419562708981165,-0.15201599951025324,-0.1816020671834626,0.041069356446880034
88846,CHUÍ,46.0,29.0,39.0,0.011307844347950013,0.12383289617572756,0.23095055001603945,0.6668615659633292,0.3801594086143052,0.3333293556204915,0.7132132132132132,0.7888888888888889,0.6074074074074074,0.7231496884646217,0.9278533454027421,0.9464080453942486,0.21964270566808944,-0.33353221034283775,-0.10580580580580579,0.22325835692962692
88854,SÃO MARTINHO,25.0,28.0,16.0,0.06266606853238552,0.1653931258297684,0.611906301093889,0.19407819455467745,0.2716150603641383,0.16453755322474528,0.8125,0.5847953216374269,0.30158730158730157,0.9806414348945528,0.9626100196851672,0.9838953057787385,0.5492402325615034,-0.02954064132993217,-0.5109126984126984,0.0032538708841857167
88862,ARARICÁ,58.0,87.0,69.0,0.0350771145648934,0.3706004658415238,0.598478097485839,0.5114628502891971,0.5633675733433596,0.3773681334891279,0.546485260770975,0.811965811965812,0.7592592592592592,0.877931536075117,0.8654454940003928,0.9309337786406933,0.5634009829209456,-0.13409471680006924,0.21277399848828416,0.053002242565576285
88870,SÃO NICOLAU,26.0,26.0,18.0,0.12617555351148704,0.0,0.7748097314862322,0.41393663396376623,0.5432184796212727,0.2645254926553029,0.7058823529411764,0.869281045751634,0.46913580246913583,0.9105476704666859,0.834327792276701,0.9617010626928457,0.6486341779747452,-0.14941114130846334,-0.23674655047204057,0.05115339222615978
88889,PASSA SETE,28.0,35.0,30.0,0.02333526438302286,0.1981700090077277,0.6212662524150174,0.3286352952498641,0.27075631048892324,0.5137991053556819,0.7076023391812866,0.7286324786324786,0.798941798941799,0.9299817570276827,0.9666044632686871,0.8605926945020745,0.5979309880319945,0.18516381010581773,0.09133945976051239,-0.06938906252560817
88897,SÃO PAULO DAS MISSÕES,21.0,26.0,21.0,0.0,0.3131416319697141,0.779199556464188,0.25969364500009573,0.21924731801448716,0.3372951245711908,0.8796296296296295,0.5261437908496731,0.8796296296296297,0.9602827533134066,0.976925608836113,0.9356239204264541,0.779199556464188,0.07760147957109509,1.1102230246251565e-16,-0.024658832886952475
88900,TOROPI,31.0,32.0,42.0,0.03701401720831679,0.2003821429149732,0.6743163800072957,0.16400698686528092,0.2858056576582413,0.475756731241872,0.8535353535353536,0.71256038647343,0.6835016835016834,0.987719318914786,0.9610191836683039,0.8683582506317427,0.6373023627989789,0.3117497443765911,-0.1700336700336702,-0.11936106828304338
88919,SÃO PEDRO DO SUL,70.0,75.0,68.0,0.013711623857770732,0.1022259119714884,0.7425741410428257,0.46848873591360807,0.4884808794175557,0.37670750516183094,0.8243451463790447,0.7400568181818181,0.5845295055821371,0.9094650791135719,0.9053885765517824,0.9395669824875049,0.728862517185055,-0.09178123075177713,-0.23981564079690754,0.030101903373933037
88927,BALNEÁRIO PINHAL,84.0,91.0,110.0,0.025155910874425712,0.3726224540197963,0.6390227078977394,0.48479405205391335,0.4200902172442804,0.47032752978061243,0.8888888888888888,0.8997289972899729,0.797029702970297,0.910342080669908,0.9344018710675435,0.9194208236394952,0.6138667970233137,-0.014466522273300919,-0.09185918591859188,0.009078742969587217
88935,SÃO SEBASTIÃO DO CAÍ,62.0,83.0,84.0,0.028601081294802898,0.3612159653808308,0.6551967856589118,0.3665419128863914,0.48795802486176343,0.5017216910969227,0.8029350104821803,0.7484984984984985,0.7807407407407407,0.9424289461636381,0.9040754574290348,0.8969000083408398,0.6265957043641089,0.1351797782105313,-0.022194269741439565,-0.04552893782279832
88943,MAMPITUBA,21.0,25.0,37.0,0.0,0.06916301340069073,0.5899689131074688,0.3449714274258697,0.2581205670801223,0.41375545999811014,0.6296296296296295,0.6840277777777778,0.6944444444444444,0.9198382972465768,0.9648069729950307,0.9161704061400404,0.5899689131074688,0.06878403257224042,0.06481481481481488,-0.003667891106536425
88951,SÃO SEPÉ,64.0,57.0,83.0,0.08933011776927327,0.43698200599540304,0.601972562157739,0.6640407846918437,0.6576657244952375,0.5287238746359086,0.8902229845626073,0.8942687747035574,0.9330808080808081,0.7999022955513111,0.8000042222177363,0.8850745448142716,0.5126424443884657,-0.13531691005593505,0.04285782351820078,0.08517224926296052
88978,SÃO VALENTIM,25.0,33.0,40.0,0.0667931073893923,0.07010746581313074,0.5236313108423141,0.3445271623406163,0.17600022735900178,0.5160076179258726,0.6875,0.5625,0.48387096774193544,0.940665454521986,0.983847174813247,0.8460094990853817,0.45683820345292175,0.17148045558525626,-0.20362903225806456,-0.09465595543660432
88986,ACEGUÁ,33.0,61.0,55.0,0.02261461084777653,0.5499417153228651,0.5698762608374891,0.48423195769145044,0.6039191456049098,0.4495679711092819,0.7546296296296297,0.5758547008547008,0.6183574879227053,0.87742550000641,0.8334227421204379,0.9140439335285987,0.5472616499897126,-0.034663986582168516,-0.13627214170692437,0.03661843352218874
88994,SAPIRANGA,185.0,157.0,113.0,0.5271022571701688,0.36040741995569997,0.6029404714616862,0.5927367166135555,0.6013588153997149,0.5563986415643967,0.9003921568627451,0.8244084682440846,0.859180035650624,0.8836400620804634,0.8751110065738099,0.8896108890817467,0.07583821429151738,-0.03633807504915887,-0.041212121212121144,0.005970827001283263
89001,ALMIRANTE TAMANDARÉ DO SUL,19.0,25.0,23.0,0.005144408585478306,0.07253058098094313,0.7211480283326341,0.5231814213539261,0.23890766307567057,0.47755124714660346,0.6333333333333333,0.4513888888888889,0.5833333333333334,0.8320830120197944,0.9708581043922628,0.8717659619831626,0.7160036197471559,-0.04563017420732263,-0.04999999999999993,0.039682949963368186
89010,SAPUCAIA DO SUL,166.0,232.0,129.0,0.046588335731662385,0.29844000021165745,0.6767973486937549,0.5789689267541946,0.6042432881684574,0.5533323170234268,0.9343108504398827,0.9201974496092142,0.7889060092449923,0.8814749014637293,0.8738970831333169,0.8923708131926412,0.6302090129620924,-0.025636609730767868,-0.1454048411948904,0.010895911728911911
89028,ARROIO DO PADRE,31.0,35.0,24.0,0.028299702680688685,0.4284001384448034,0.5603820515819112,0.13325917284631195,0.3973244207529072,0.3827240881633276,0.5782828282828283,0.5512820512820512,0.8037037037037037,0.9889122432006024,0.9011869650974518,0.9071575382933659,0.5320823489012225,0.24946491531701565,0.2254208754208754,-0.08175470490723658
89036,SARANDI,45.0,68.0,53.0,0.07463623992017636,0.15426733919125218,0.46159072208518964,0.3324444491349914,0.4364109545115482,0.4183494649673003,0.7887700534759358,0.9059011164274322,0.8333333333333334,0.9499164003083639,0.9265986650637943,0.9263907495586006,0.38695448216501327,0.08590501583230892,0.04456327985739761,-0.023525650749763316
89044,BOA VISTA DO CADEADO,20.0,33.0,18.0,0.07160551687198714,0.5800015782578157,0.675150808142471,0.23739287627209404,0.5081988582469656,0.19018490301668223,0.7575757575757575,0.5532407407407408,0.5802469135802469,0.9600283711869808,0.8486527091915794,0.9800411198716533,0.6035452912704838,-0.04720797325541182,-0.17732884399551052,0.02001274868467251
89052,SEBERI,29.0,35.0,27.0,0.06470677188749759,0.2064660381138245,0.5949761806719019,0.3689076905012314,0.4066279614005901,0.31325898881368874,0.7222222222222222,0.7222222222222222,0.8148148148148148,0.9274151668516721,0.9235144125733079,0.9488256179234206,0.5302694087844043,-0.05564870168754266,0.09259259259259256,0.021410451071748438
89060,BOA VISTA DO INCRA,30.0,26.0,19.0,0.013212832302732415,0.08460425179342748,0.6094542681338254,0.2721114685043651,0.2916385104111838,0.13912299566030262,0.7354497354497355,0.6895424836601307,0.5055555555555555,0.9621859909471698,0.9522209269543624,0.9889618491165587,0.596241435831093,-0.13298847284406246,-0.22989417989417993,0.026775858169388878
89079,SELBACH,21.0,31.0,20.0,0.1061519392683868,0.40382932997738924,0.9759234304974383,0.2824671440075084,0.4187823129337904,0.4189905672803169,0.6759259259259259,0.47727272727272724,0.41414141414141414,0.9546690475020928,0.9163406291918225,0.8944689982955204,0.8697714912290515,0.13652342327280853,-0.2617845117845118,-0.060200049206572404
89087,BOZANO,24.0,21.0,27.0,0.09860549768294588,0.08567186097003346,0.9038299122388279,0.3087597833768989,0.17747136430543886,0.38563779510425134,0.5962962962962963,0.5324074074074074,0.5432098765432098,0.9438883431356305,0.9828858717535749,0.9219830664652485,0.805224414555882,0.07687801172735242,-0.05308641975308648,-0.021905276670382
89095,SERAFINA CORRÊA,34.0,36.0,39.0,0.03671080923306524,0.5267642634559601,0.5062214140046883,0.2796870478631952,0.29466377574545133,0.4051853715088083,0.8133333333333332,0.6090534979423868,0.7925925925925926,0.9596058218256969,0.9607657469213302,0.9232186948062836,0.4695106047716231,0.12549832364561309,-0.020740740740740615,-0.03638712701941327
89109,CANUDOS DO VALE,15.0,40.0,36.0,0.0,0.2039249788274147,0.4463990476820316,0.12675572157483717,0.2556898929099858,0.4533411958350786,0.6944444444444443,0.48028673835125446,0.6460905349794238,0.9903586818714101,0.9576425343376299,0.8969443250713406,0.4463990476820316,0.3265854742602414,-0.048353909465020495,-0.09341435680006949
89117,SERTÃO,32.0,36.0,40.0,0.05068154489573537,0.02989516872934123,0.6987351080213623,0.3564977001384375,0.3516190847575611,0.292039469957174,0.5869565217391304,0.6604938271604939,0.5179211469534051,0.9380485322944456,0.9383837939198796,0.9605099040608516,0.6480535631256269,-0.06445823018126351,-0.0690353747857253,0.022461371766405946
89125,CAPÃO BONITO DO SUL,39.0,28.0,27.0,0.02923700701456719,0.2323988453446842,0.502936323260752,0.28411548835182465,0.3108116136517718,0.24845132796041725,0.34444444444444444,0.8304093567251462,0.5524691358024691,0.9641455512675742,0.9349522758016938,0.969969919913146,0.4736993162461848,-0.03566416039140741,0.2080246913580247,0.005824368645571787
89133,SEVERIANO DE ALMEIDA,25.0,20.0,26.0,0.029122911241649885,0.11528341934574353,0.41504084279384185,0.27961918326538293,0.40932096089718173,0.20149234198757404,0.7951388888888888,0.29292929292929293,0.6209150326797386,0.9524633916659659,0.8986172193106563,0.9785405660475504,0.38591793155219195,-0.07812684127780889,-0.17422385620915026,0.02607717438158441
89141,CAPÃO DO CIPÓ,32.0,33.0,29.0,0.0,0.08877796280054956,0.19327670491715043,0.18007499084959533,0.2747839597603381,0.17044504570183716,0.7270531400966184,0.6898148148148148,0.75,0.9715440426385885,0.9541800403561461,0.9795385604940138,0.19327670491715043,-0.009629945147758168,0.022946859903381633,0.007994517855425265
89150,CAPÃO DA CANOA,109.0,149.0,123.0,0.043638896483638556,0.4741466933960232,0.605151696572458,0.5505968297497754,0.5332000298206108,0.5144553544879518,0.855287569573284,0.9166666666666667,0.7853146853146853,0.8874651996352667,0.8985634725937893,0.8928599643499964,0.5615128000888194,-0.03614147526182365,-0.06997288425859871,0.005394764714729661
89168,COQUEIRO BAIXO,20.0,21.0,18.0,0.018607107160593165,0.016165970631820018,0.6821069891371183,0.0658531295771283,0.09737687881295565,0.19811664503199644,0.5101010101010102,0.6898148148148148,0.49382716049382713,0.9974707215108868,0.9873595960705581,0.9773735719715063,0.6634998819765251,0.13226351545486814,-0.016273849607183033,-0.020097149539380466
89176,SOBRADINHO,35.0,56.0,46.0,0.2172845514367334,0.40092443590598925,0.6585889390593748,0.3961970493113105,0.42598960361960825,0.3918918803056337,0.782051282051282,0.8167848699763594,0.8588588588588589,0.9239040389106399,0.9147232198836804,0.9339165231629495,0.44130438762264135,-0.00430516900567679,0.07680757680757688,0.010012484252309606
89184,CORONEL PILAR,17.0,24.0,21.0,0.0007650875260129759,0.0,0.6820099474356863,0.2779145934294882,0.31125456240444094,0.27105426399516963,0.3472222222222222,0.611111111111111,0.37962962962962965,0.9542032718945688,0.942952391925851,0.9572408761579505,0.6812448599096733,-0.0068603294343185794,0.03240740740740744,0.0030376042633817324
89192,SOLEDADE,93.0,107.0,88.0,0.06452223322594136,0.35353314800879176,0.7723816697973195,0.4057619769182319,0.4574988719265871,0.481089782185008,0.83125,0.7389525368248772,0.7048406139315231,0.9388213542112247,0.9259453602492975,0.9138928616720683,0.7078594365713782,0.07532780526677607,-0.12640938606847696,-0.02492849253915641
89206,CRUZALTENSE,26.0,19.0,29.0,0.011183853636424436,0.19648739484240235,0.8083452073798035,0.41662555726344563,0.29115936508304197,0.4710212425336129,0.7973856209150326,0.43333333333333335,0.2305555555555555,0.9057803651986723,0.9525250007399386,0.8815612582879693,0.797161353743379,0.05439568527016725,-0.5668300653594771,-0.02421910691070306
89214,TAPEJARA,53.0,66.0,69.0,0.04638589336435487,0.1080086842590954,0.6138607463384642,0.26524376370224023,0.30645585748814486,0.30645858180914165,0.8766233766233766,0.806611570247934,0.8338557993730408,0.9667316619573666,0.9613572088951118,0.9635423102512425,0.5674748529741094,0.04121481810690142,-0.042767577250335864,-0.0031893517061241106
89222,FORQUETINHA,32.0,25.0,33.0,0.020929071745501685,0.14871133589000723,0.7100759781296598,0.31701902331417653,0.6211863413327074,0.28660387873623683,0.5966183574879227,0.6597222222222222,0.43287037037037035,0.9505685603979982,0.7701955519734324,0.9559365961623906,0.6891469063841581,-0.0304151445779397,-0.16374798711755234,0.005368035764392376
89230,TAPERA,41.0,40.0,53.0,0.06568810544154877,0.2933923843719657,0.7032463146586204,0.42271515728808695,0.45525958240483977,0.4594881497130998,0.7152777777777778,0.7670250896057347,0.5808080808080808,0.9170111799617063,0.9045716388459288,0.9111512276210896,0.6375582092170716,0.03677299242501286,-0.13446969696969702,-0.005859952340616759
89247,SANTA CECÍLIA DO SUL,24.0,33.0,20.0,0.026932171220748376,0.0,0.4304973377138326,0.3223622534113886,0.3775275002825076,0.22802650957290127,0.7777777777777777,0.7013888888888888,0.5606060606060606,0.9295393985938627,0.911476582523571,0.966848781651673,0.4035651664930842,-0.09433574383848731,-0.21717171717171713,0.037309383057810286
89249,ITATI,25.0,34.0,24.0,0.0,0.03344614023406151,0.7157474489694913,0.24191301334257487,0.27627579025758475,0.42588129323482615,0.6979166666666666,0.7111111111111111,0.537037037037037,0.969503141895288,0.9652866254895266,0.9037354326661308,0.7157474489694913,0.18396827989225129,-0.16087962962962965,-0.0657677092291572
89257,TAPES,85.0,87.0,84.0,0.06872407094905844,0.48637895020006355,0.6492573914121602,0.5377233360770999,0.6817658253006613,0.6759478175337119,0.7609649122807018,0.8839031339031338,0.8607407407407407,0.8895307534559476,0.8049106402392082,0.8073140763205946,0.5805333204631018,0.13822448145661204,0.09977582846003885,-0.08221667713535297
89265,JACUIZINHO,37.0,30.0,24.0,0.014442598579944767,0.24284406830596528,0.7595789114776457,0.2643767319145267,0.22328545763711705,0.3373627271306596,0.8174603174603176,0.6058201058201058,0.8703703703703703,0.9621630377992625,0.9767781808911975,0.938103223905354,0.7451363128977009,0.07298599521613292,0.052910052910052796,-0.024059813893908544
89273,TAQUARA,139.0,165.0,157.0,0.05501055122157875,0.43216258693231824,0.6745721106390232,0.6214907689872433,0.6175342746600496,0.4229775164502745,0.906989247311828,0.7713333333333333,0.8981220657276996,0.8610881255852053,0.8609751007590688,0.9371806710396822,0.6195615594174445,-0.19851325253696883,-0.008867181584128359,0.07609254545447686
89281,LAGOA BONITA DO SUL,26.0,38.0,15.0,0.0,0.14531046942070647,0.6105169365855605,0.2581330419394232,0.3633131903321887,0.19252824742731467,0.7124183006535948,0.685823754789272,0.8703703703703703,0.9666170692198838,0.9412096138296542,0.9737255614848888,0.6105169365855605,-0.06560479451210854,0.15795206971677556,0.007108492265004984
89290,TAQUARI,75.0,73.0,63.0,0.00707756393959105,0.4310850665110134,0.4547469038576489,0.5591437430166586,0.46937488374037195,0.44687619749275154,0.8240740740740741,0.7604166666666667,0.8106995884773662,0.8725735574497353,0.9134871501642516,0.9126314470745437,0.44766933991805785,-0.11226754552390705,-0.013374485596707841,0.040057889624808385
89303,MATO QUEIMADO,10.0,12.0,23.0,0.0,0.0,0.7944559585492228,0.14616049055024938,0.05661021578803638,0.2524870466321243,0.8333333333333333,0.5925925925925926,0.4126984126984127,0.9849000487198111,0.9975741675832693,0.968029211565243,0.7944559585492228,0.10632655608187491,-0.4206349206349206,-0.016870837154568052
89311,TENENTE PORTELA,34.0,51.0,50.0,0.030457390537641068,0.31287882532799216,0.5517146355514805,0.3659159293534955,0.35155596189161553,0.3677332759508227,0.8133333333333332,0.7222222222222222,0.8672086720867209,0.9391208275878911,0.9432621483462076,0.9448013535109743,0.5212572450138394,0.0018173465973272407,0.05387533875338768,0.005680525923083213
89320,NOVO XINGU,22.0,18.0,15.0,0.022716416778603445,0.07862821027626876,0.3748650514131993,0.14964846204810311,0.05669541442707815,0.2733825342607177,0.829059829059829,0.8765432098765432,0.5925925925925927,0.987846566689308,0.9979214658560513,0.9316549666301618,0.3521486346345959,0.12373407221261457,-0.23646723646723633,-0.05619160005914625
89338,TORRES,91.0,155.0,128.0,0.04740240430681931,0.40245986600703487,0.593000188065471,0.7256700765615929,0.6392561437904853,0.5764002693386439,0.8722879684418146,0.8651137594799566,0.8551839464882944,0.7775602236157086,0.8514371705106568,0.8817952698447541,0.5455977837586516,-0.14926980722294902,-0.01710402195352012,0.10423504622904545
89346,PAULO BENTO,34.0,41.0,54.0,0.0026816373541356884,0.1736855817282768,0.9120052626392562,0.30605552098784794,0.32293785117815754,0.5801707142095502,0.5622222222222222,0.4461805555555556,0.46913580246913583,0.9421863035838668,0.9497695834033608,0.834857244795474,0.9093236252851205,0.2741151932217023,-0.09308641975308635,-0.10732905878839283
89354,TRAMANDAÍ,107.0,175.0,150.0,0.05247098557594718,0.2938867761031105,0.6874932929996966,0.5986668513062403,0.5589584032351884,0.5776265797083047,0.9091653027823241,0.9254510921177589,0.8368893879842785,0.8670340835622196,0.8954751491438607,0.8807992239665607,0.6350223074237494,-0.021040271597935645,-0.07227591479804563,0.01376514040434118
89362,PINHAL DA SERRA,29.0,27.0,25.0,0.0,0.06297272840051159,0.44157012051639966,0.6116576896667665,0.32377663871773765,0.27430436869204944,0.5833333333333333,0.4135802469135802,0.4756944444444444,0.7816669434535404,0.942756056094317,0.9565913138313464,0.44157012051639966,-0.33735332097471704,-0.10763888888888884,0.17492437037780606
89370,TRÊS COROAS,54.0,95.0,76.0,0.027245209026530826,0.32103261063056554,0.7792846811766622,0.36946940730109623,0.5414084340803533,0.4427497206991915,0.8765432098765432,0.7448320413436692,0.8034825870646766,0.9445304439543537,0.8889981010345613,0.9218766734901359,0.7520394721501313,0.07328031339809526,-0.07306062281186665,-0.022653770464217793
89389,QUATRO IRMÃOS,28.0,38.0,35.0,0.0,0.2975624548149052,0.6882054626308597,0.4021511749914808,0.2760901863594123,0.43229927423263215,0.5994152046783625,0.5632183908045976,0.6282051282051282,0.8715684682985829,0.9566053340608661,0.907077295334765,0.6882054626308597,0.03014809924115136,0.02878992352676568,0.03550882703618208
89397,TRÊS DE MAIO,53.0,70.0,74.0,0.09219565162853963,0.3092912661747271,0.45547403364500305,0.3020748536768221,0.31883332726870384,0.3311251228422656,0.6212121212121211,0.8906009244992295,0.7474747474747475,0.9597629810151642,0.9605328299869687,0.9592047687131937,0.36327838201646345,0.02905026916544351,0.1262626262626264,-0.0005582123019705065
89400,ROLADOR,22.0,25.0,15.0,0.15688808477642802,0.034974452790395884,0.8396190056708693,0.1270354096665809,0.6642463329086472,0.28843252766613436,0.6623931623931624,0.5972222222222222,0.75,0.9917730863856048,0.732005662473852,0.9469005204249049,0.6827309208944413,0.16139711799955347,0.08760683760683763,-0.044872565960699884
89419,TRÊS PASSOS,55.0,70.0,70.0,0.02432123882703514,0.1961609002130257,0.7788968499857719,0.2850808378286902,0.41756097133556436,0.3711247432450073,0.9090909090909091,0.613251155624037,0.7696456086286594,0.9671435828206655,0.9324207368104871,0.9448187607615153,0.7545756111587367,0.08604390541631712,-0.13944530046224968,-0.022324822059150207
89435,TRIUNFO,88.0,108.0,83.0,0.0015184139704867922,0.2942456708244282,0.6116459088530901,0.545484220434675,0.5791899499574671,0.5642045181406528,0.8937426210153483,0.866447985004686,0.7190656565656566,0.8831066970633265,0.8720056460339568,0.868126915845999,0.6101274948826033,0.018720297705977718,-0.17467696444969172,-0.01497978121732746
89443,SANTA MARGARIDA DO SUL,31.0,30.0,29.0,0.0,0.29784733640546984,0.5164675734505447,0.4967383707955164,0.6210207444199896,0.4172809769602803,0.8232323232323232,0.6322751322751322,0.6805555555555556,0.8720567260714928,0.7914120556656091,0.8993005526945573,0.5164675734505447,-0.07945739383523609,-0.14267676767676762,0.02724382662306457
89451,TUCUNDUVA,29.0,37.0,42.0,0.0,0.22678138176511087,0.4882332723964231,0.2271623177110722,0.22895156141062545,0.29124317154009693,0.8166666666666667,0.7738095238095238,0.7643097643097643,0.9756226343964697,0.9770729551311774,0.9629769912224652,0.4882332723964231,0.06408085382902473,-0.05235690235690238,-0.012645643174004517
89460,SÃO JOSÉ DO SUL,16.0,26.0,25.0,0.013917722069229834,0.0,0.6737162247108284,0.15278690868170908,0.16076005873929367,0.4098720119632753,0.3650793650793651,0.36274509803921573,0.6944444444444445,0.9859149309360474,0.9856333272353344,0.9039654251836158,0.6597985026415986,0.2570851032815662,0.3293650793650794,-0.08194950575243165
89478,TUPANCIRETÃ,90.0,84.0,79.0,0.053235571499545616,0.355463618146335,0.6571652058973093,0.47458565916076423,0.5432724136651308,0.4662296378003088,0.7270233196159122,0.8503703703703703,0.8261904761904761,0.9123532342726858,0.8751072987347097,0.914526348561503,0.6039296343977637,-0.008356021360455435,0.09916715657456399,0.0021731142888172794
89486,SÃO PEDRO DAS MISSÕES,18.0,27.0,21.0,0.011919752558162279,0.48023220390617066,0.6093773110486614,0.18790337174670757,0.26762951303874694,0.3014769581845458,0.537037037037037,0.43827160493827155,0.2685185185185185,0.973096419513001,0.9627786959957186,0.9524257145138659,0.5974575584904992,0.11357358643783821,-0.2685185185185185,-0.020670704999135037
89494,TUPARENDI,35.0,30.0,38.0,0.02063487906305338,0.0063156772873113436,0.4751937173289659,0.32159139766034817,0.31872957958422243,0.28707489282139464,0.75,0.7777777777777778,0.7318007662835249,0.9494445915286395,0.9492913182375252,0.9568514208713422,0.45455883826591253,-0.03451650483895352,-0.01819923371647514,0.007406829342702759
89508,TIO HUGO,18.0,31.0,28.0,0.0,0.06429462368356759,0.8021880634416159,0.13657830707750973,0.22104595323416487,0.3186487442209718,0.728395061728395,0.7702020202020202,0.40350877192982454,0.988849089578841,0.97593663636681,0.9468495211782167,0.8021880634416159,0.18207043714346205,-0.3248862897985704,-0.04199956840062424
89516,URUGUAIANA,147.0,138.0,134.0,0.09896374244036876,0.26158922466917983,0.6068893270719314,0.6506688593776209,0.6165648863196442,0.50769918918776,0.8897058823529411,0.8786685755189692,0.8861788617886178,0.8411536376021409,0.8621310680633734,0.9101810788813506,0.5079255846315627,-0.14296967018986084,-0.003527020564323302,0.06902744127920968
89524,WESTFALIA,18.0,27.0,26.0,0.0,0.1447338585564245,1.0,0.4825621353557499,0.17349487061418456,0.582970488630866,0.7407407407407407,0.7376543209876543,0.4084967320261438,0.8362107296620285,0.9855514820610667,0.7809578113419978,1.0,0.1004083532751161,-0.3322440087145969,-0.05525291832003065
89532,VACARIA,172.0,197.0,144.0,0.05982287011315061,0.34233944904176966,0.6251004786192007,0.5667437699930884,0.5327605005901173,0.502770686263591,0.7239915074309979,0.7604395604395604,0.7956072351421188,0.8916487947611569,0.8996836217890914,0.909386738303434,0.5652776085060501,-0.0639730837294974,0.0716157277111209,0.01773794354227709
89540,PINTO BANDEIRA,28.0,21.0,29.0,0.08809063662822596,0.048355827432086315,0.5597894725662904,0.3802707842719557,0.4709706659165145,0.47661478178881,0.6842105263157894,0.7083333333333333,0.5,0.922318512621831,0.8675000476421819,0.877242722208603,0.47169883593806444,0.0963439975168543,-0.18421052631578938,-0.045075790413227956
89559,VENÂNCIO AIRES,130.0,204.0,167.0,0.02699117480397082,0.33007849504657877,0.5241283548755131,0.5445759001803419,0.6028601269661573,0.5065991152116911,0.8892753623188405,0.8675485008818342,0.8324561403508771,0.8931321142743326,0.8787060688442736,0.9123617429418003,0.4971371800715423,-0.037976784968650756,-0.05681922196796341,0.01922962866746769
89567,PEDRAS ALTAS,32.0,25.0,21.0,0.09645215753776677,0.6669545877636301,0.3465673393839575,0.4565089482603235,0.5192217350370512,0.383530849012925,0.71256038647343,0.40625,0.5648148148148149,0.8950214933866746,0.8522874995340287,0.9201996639031294,0.25011518184619075,-0.07297809924739851,-0.14774557165861513,0.025178170516454768
89575,VERA CRUZ,63.0,82.0,81.0,0.07270134370041204,0.35770180108739064,0.7947083842482694,0.4289287177948693,0.4109158250285836,0.41954699510091387,0.8828671328671329,0.6587708066581306,0.6876623376623376,0.9238409929840093,0.9351679992517458,0.9310461775713667,0.7220070405478574,-0.00938172269395543,-0.19520479520479528,0.007205184587357305
89591,VERANÓPOLIS,65.0,52.0,54.0,0.05081631207960456,0.36902829585755037,0.6703394096491382,0.42698274441209394,0.3624109487152827,0.35768858000032555,0.9007936507936508,0.7906976744186046,0.6876543209876543,0.920917178825184,0.9421871784503666,0.9432892433653737,0.6195230975695336,-0.06929416441176839,-0.21313932980599648,0.022372064540189696
89613,VIADUTOS,27.0,35.0,34.0,0.03588133924175283,0.13568641679192572,0.513140883786654,0.16043000164122767,0.2374822579776228,0.2575138793431264,0.6111111111111112,0.653846153846154,0.6399999999999999,0.9872359762369602,0.974727952651887,0.966625973085405,0.47725954454490116,0.09708387770189875,0.028888888888888742,-0.020610003151555256
89630,VIAMÃO,330.0,446.0,295.0,0.0760234958944172,0.4469760510050544,0.6639213661546984,0.7169683890471843,0.7328053851253338,0.6280916144166999,0.9382031129603945,0.8994957983193277,0.8492353145637817,0.8301113131110168,0.8279089626191944,0.8737977487395411,0.5878978702602813,-0.08887677463048438,-0.08896779839661284,0.043686435628524256
89656,VICENTE DUTRA,33.0,37.0,26.0,0.04404100273955333,0.2142728533637247,0.67098082382249,0.2522072432184206,0.18391047857121734,0.24677017554023517,0.6388888888888888,0.626984126984127,0.7908496732026143,0.9662431731923342,0.9846315568358494,0.9671367934771928,0.6269398210829367,-0.005437067678185414,0.1519607843137255,0.0008936202848586206
89672,PALMARES DO SUL,72.0,73.0,90.0,0.0895544004283522,0.19104326371296115,0.7153115592797558,0.3589301837634815,0.3569361197832166,0.44445560312611754,0.8606701940035273,0.8333333333333333,0.7983539094650205,0.9496164951560362,0.9461770412531856,0.9187609024360078,0.6257571588514036,0.08552541936263602,-0.062316284538506794,-0.030855592720028358
89699,VICTOR GRAEFF,24.0,21.0,29.0,0.054339362425552734,0.16863112345399942,0.7398287682283462,0.2265796551886794,0.23703266303453607,0.23485355856020096,0.7037037037037037,0.5648148148148149,0.6444444444444444,0.9739014047361784,0.9691727439998583,0.9730073183756403,0.6854894058027935,0.008273903371521563,-0.059259259259259345,-0.0008940863605381155
89710,TAVARES,23.0,25.0,18.0,0.09505286578080673,0.22370627583240338,0.7575642348099988,0.25273102287152494,0.24508269486126077,0.4105879468182878,0.7857142857142857,0.8402777777777778,0.8827160493827162,0.9662906301675039,0.9672820761657973,0.8972188263869824,0.662511369029192,0.15785692394676287,0.0970017636684305,-0.06907180378052158
89737,CAPÃO DO LEÃO,105.0,99.0,105.0,0.042960884223771596,0.14691068068585647,0.5547131059829205,0.5629649685428719,0.4674780813907029,0.44209476417489024,0.7224371373307544,0.8130165289256198,0.8471953578336557,0.8744990295094675,0.9187788150745265,0.9268013460974527,0.5117522217591488,-0.12087020436798168,0.1247582205029013,0.05230231658798523
89753,SALTO DO JACUÍ,51.0,60.0,46.0,0.04977479937650799,0.3116564831798446,0.6051171276444838,0.47106925550418444,0.454131913490303,0.3500119351322357,0.671957671957672,0.8779956427015251,0.6126126126126126,0.9026336255561487,0.8962086675215533,0.9449146191333785,0.5553423282679758,-0.12105732037194872,-0.0593450593450594,0.04228099357722981
89770,COTIPORÃ,22.0,37.0,25.0,0.010303394400551351,0.11172236227186741,0.6065261282582429,0.11700074089297408,0.1569305219882049,0.20095962133605494,0.6239316239316239,0.5,0.45833333333333337,0.9932042785074051,0.9888257621696462,0.9802165732998109,0.5962227338576915,0.08395888044308086,-0.16559829059829057,-0.01298770520759418
98213,TEUTÔNIA,79.0,144.0,103.0,0.045134685340248656,0.19775844964617884,0.4907617103906828,0.2891851502079821,0.5454565273736398,0.3229095718617647,0.7927807486631017,0.8004101161995898,0.7608695652173912,0.9642446559706785,0.8929440480923255,0.9620320577129745,0.4456270250504341,0.033724421653782644,-0.03191118344571042,-0.002212598257704035
98230,BOM PRINCÍPIO,36.0,44.0,52.0,0.009710057756085124,0.3246065909251288,0.6112116380598676,0.33241234356634397,0.3545958611103506,0.5493084844342664,0.6995884773662552,0.6444444444444444,0.7868217054263564,0.9507438431591635,0.9435269808947865,0.8591287757924234,0.6015015803037824,0.21689614086792242,0.08723322806010125,-0.09161506736674008
98256,PAROBÉ,184.0,164.0,146.0,0.0,0.25929471105444013,0.6247415616245722,0.5443319488603215,0.5625756578232028,0.5749357982290211,0.8662721893491124,0.8498881431767338,0.7580152671755725,0.9006418256804987,0.8895898808248434,0.8777998113324911,0.6247415616245722,0.03060384936869953,-0.10825692217353988,-0.02284201434800759
98272,FORTALEZA DOS VALOS,28.0,15.0,26.0,0.0031278864184638012,0.08866786339863067,0.4405223991230585,0.19938155843415006,0.21508307615153233,0.3927402780172058,0.672514619883041,0.5740740740740741,0.6764705882352942,0.9730473770355431,0.9669042606119818,0.9213536090243394,0.43739451270459473,0.19335871958305573,0.003955968352253203,-0.05169376801120373
98299,JÓIA,41.0,44.0,53.0,0.027507262408476948,0.194516515160028,0.8229532999040444,0.42930461281215915,0.2227971417545156,0.4534454043892935,0.7118055555555556,0.5634920634920635,0.5505050505050505,0.9143703822461666,0.9779520595842446,0.9074676776972811,0.7954460374955675,0.024140791577134335,-0.16130050505050508,-0.00690270454888553
