ano,codigo_municipio,municipio,candidatos,eleitos,despesa_total_2024,despesa_digital_2024,despesa_nao_digital_2024,fracao_digital_agregada,taxa_adocao_digital,taxa_adocao_eleitos,taxa_adocao_nao_eleitos,diferenca_adocao_eleitos,fracao_digital_media_eleitos,fracao_digital_media_nao_eleitos,diferenca_fracao_digital_eleitos,auc_receita,auc_despesa_total,auc_despesa_nao_digital,auc_despesa_digital,delta_auc_digital,fracao_digital_agregada_residuo_tamanho,fracao_digital_agregada_percentil_ajustado,taxa_adocao_digital_residuo_tamanho,taxa_adocao_digital_percentil_ajustado,delta_auc_digital_residuo_tamanho,delta_auc_digital_percentil_ajustado
2016,84735,ÁUREA,27,9,158358.55165792807,0.0,158358.55165792807,0.0,0.0,0.0,0.0,0.0,0.0,0.0,0.0,0.5617283950617283,0.5617283950617283,0.5617283950617283,0.5,0.0,-0.00010759191108159146,0.6378269617706237,-0.0001260717499592124,0.6921529175050302,5.771036647464188e-05,0.6720321931589537
2016,84743,TRÊS ARROIOS,32,9,163010.74945992517,0.0,163010.74945992517,0.0,0.0,0.0,0.0,0.0,0.0,0.0,0.0,0.5072463768115942,0.5072463768115942,0.5072463768115942,0.5,0.0,-0.00015382663821862086,0.46981891348088534,-0.00028130279026808566,0.48390342052313884,4.941789328308258e-05,0.5100603621730382
2016,84751,NOVA ROMA DO SUL,25,9,44184.34648163422,0.0,44184.34648163422,0.0,0.0,0.0,0.0,0.0,0.0,0.0,0.0,0.6180555555555556,0.6111111111111112,0.6111111111111112,0.5,0.0,-9.275381181979697e-05,0.7012072434607646,-8.862743996724572e-05,0.7977867203219315,6.175386645684119e-05,0.7334004024144869
2016,84760,PROGRESSO,38,9,54287.751032725566,0.0,54287.751032725566,0.0,0.0,0.0,0.0,0.0,0.0,0.0,0.0,0.7873563218390804,0.789272030651341,0.789272030651341,0.5,0.0,-0.00021968313124673424,0.32595573440643866,-0.000541180775437968,0.3319919517102616,4.1936585783334904e-05,0.3722334004024145
2016,84778,PIRAPÓ,21,9,67519.26872765031,0.0,67519.26872765031,0.0,0.0,0.0,0.0,0.0,0.0,0.0,0.0,0.6574074074074074,0.6574074074074074,0.6574074074074074,0.5,0.0,-7.3023112071133e-05,0.8621730382293763,-7.849102885157103e-05,0.8279678068410463,7.156013800602988e-05,0.8661971830985915
2016,84786,JABOTICABA,24,9,79596.3975533889,0.0,79596.3975533889,0.0,0.0,0.0,0.0,0.0,0.0,0.0,0.0,0.6333333333333333,0.6333333333333333,0.6333333333333333,0.5,0.0,-8.641435119731845e-05,0.755533199195171,-7.700469124165385e-05,0.8561368209255533,6.397012158673103e-05,0.7756539235412475
2016,84794,SÃO JORGE,18,9,52773.777788300096,0.0,52773.777788300096,0.0,0.0,0.0,0.0,0.0,0.0,0.0,0.0,0.654320987654321,0.654320987654321,0.654320987654321,0.5,0.0,-7.136463698981445e-05,0.886317907444668,-0.0001543670890462443,0.6287726358148893,8.095511392154583e-05,0.9346076458752515
2016,84808,ALTO ALEGRE,25,9,45864.069928422046,0.0,45864.069928422046,0.0,0.0,0.0,0.0,0.0,0.0,0.0,0.0,0.5277777777777778,0.5277777777777778,0.5277777777777778,0.5,0.0,-9.275381181979697e-05,0.7012072434607646,-8.862743996724572e-05,0.7977867203219315,6.175386645684119e-05,0.7334004024144869
2016,84816,NOVA HARTZ,103,11,608416.5408387581,0.0,608416.5408387581,0.0,0.0,0.0,0.0,0.0,0.0,0.0,0.0,0.7430830039525691,0.7435770750988141,0.7435770750988141,0.5,0.0,-0.0009896972568953074,0.06639839034205232,-0.00414259886071472,0.05835010060362173,1.7334034772634222e-05,0.07042253521126761
2016,84824,DOIS LAJEADOS,33,9,28721.285668355475,0.0,28721.285668355475,0.0,0.0,0.0,0.0,0.0,0.0,0.0,0.0,0.6898148148148149,0.6828703703703703,0.6828703703703703,0.5,0.0,-0.00016420075464760036,0.44668008048289737,-0.0003201927639547311,0.4607645875251509,4.8010671392986836e-05,0.4869215291750503
2016,84832,SÃO DOMINGOS DO SUL,30,9,57705.12759241804,0.0,57705.12759241804,0.0,0.0,0.0,0.0,0.0,0.0,0.0,0.0,0.6428571428571429,0.6428571428571428,0.6428571428571428,0.5,0.0,-0.0001340667680352351,0.5392354124748491,-0.00021050321478756752,0.5633802816901409,5.246412089028307e-05,0.5754527162977867
2016,84840,TUNAS,19,9,72380.78611800054,0.0,72380.78611800054,0.0,0.0,0.0,0.0,0.0,0.0,0.0,0.0,0.7444444444444445,0.7444444444444445,0.7444444444444445,0.5,0.0,-7.028032636912046e-05,0.9336016096579477,-0.00011880714247054497,0.7223340040241448,7.758411821868347e-05,0.9054325955734407
2016,84859,SÃO JOÃO DA URTIGA,24,9,107517.37148634717,0.0,107517.37148634717,0.0,0.0,0.0,0.0,0.0,0.0,0.0,0.0,0.762962962962963,0.762962962962963,0.762962962962963,0.5,0.0,-8.641435119731845e-05,0.755533199195171,-7.700469124165385e-05,0.8561368209255533,6.397012158673103e-05,0.7756539235412475
2016,84867,GUABIJU,29,9,57527.01570561724,0.0,57527.01570561724,0.0,0.0,0.0,0.0,0.0,0.0,0.0,0.0,0.4805555555555556,0.4805555555555556,0.4805555555555556,0.5,0.0,-0.0001247674792298027,0.5724346076458753,-0.00017913262840498086,0.5985915492957746,5.411540044338538e-05,0.6096579476861167
2016,84875,QUINZE DE NOVEMBRO,33,9,68733.7635115909,0.0,68733.7635115909,0.0,0.0,0.0,0.0,0.0,0.0,0.0,0.0,0.6851851851851851,0.6851851851851851,0.6851851851851851,0.5,0.0,-0.00016420075464760036,0.44668008048289737,-0.0003201927639547311,0.4607645875251509,4.8010671392986836e-05,0.4869215291750503
2016,84883,DOUTOR MAURÍCIO CARDOSO,30,9,118781.1458892751,0.0,118781.1458892751,0.0,0.0,0.0,0.0,0.0,0.0,0.0,0.0,0.7142857142857143,0.7142857142857143,0.7142857142857143,0.5,0.0,-0.0001340667680352351,0.5392354124748491,-0.00021050321478756752,0.5633802816901409,5.246412089028307e-05,0.5754527162977867
2016,84891,CAPELA DE SANTANA,58,9,78926.43867006392,0.0,78926.43867006392,0.0,0.0,0.0,0.0,0.0,0.0,0.0,0.0,0.7097505668934241,0.7097505668934241,0.7097505668934241,0.5,0.0,-0.0004647803795998211,0.1720321931589537,-0.0016286115467192594,0.1619718309859155,2.7525288560445177e-05,0.21026156941649898
2016,84905,JAQUIRANA,40,9,46976.02935138001,0.0,46976.02935138001,0.0,0.0,0.0,0.0,0.0,0.0,0.0,0.0,0.8387096774193548,0.8387096774193548,0.8387096774193548,0.5,0.0,-0.00024309454401840475,0.2887323943661972,-0.0006389919942901376,0.29074446680080485,3.9883237070738695e-05,0.3329979879275654
2016,84913,VANINI,25,9,28325.978245750975,0.0,28325.978245750975,0.0,0.0,0.0,0.0,0.0,0.0,0.0,0.0,0.7673611111111112,0.7256944444444445,0.7256944444444445,0.5,0.0,-9.275381181979697e-05,0.7012072434607646,-8.862743996724572e-05,0.7977867203219315,6.175386645684119e-05,0.7334004024144869
2016,84921,BOQUEIRÃO DO LEÃO,33,9,92811.58598132494,0.0,92811.58598132494,0.0,0.0,0.0,0.0,0.0,0.0,0.0,0.0,0.9212962962962963,0.9166666666666666,0.9166666666666666,0.5,0.0,-0.00016420075464760036,0.44668008048289737,-0.0003201927639547311,0.4607645875251509,4.8010671392986836e-05,0.4869215291750503
2016,84930,FAGUNDES VARELA,16,9,44194.502308609975,0.0,44194.502308609975,0.0,0.0,0.0,0.0,0.0,0.0,0.0,0.0,0.6031746031746033,0.6031746031746033,0.6031746031746033,0.5,0.0,-7.987065672331285e-05,0.806841046277666,-0.00026480029987300966,0.5010060362173038,8.85750940291992e-05,0.959758551307847
2016,84948,ÁGUA SANTA,26,9,101563.1996269404,0.0,101563.1996269404,0.0,0.0,0.0,0.0,0.0,0.0,0.0,0.0,0.7712418300653595,0.7712418300653595,0.7712418300653595,0.5,0.0,-9.984295221138152e-05,0.6659959758551308,-0.00010516608617706206,0.7464788732394366,5.967111235970825e-05,0.7002012072434608
2016,84956,SILVEIRA MARTINS,25,9,123224.94197649416,0.0,123224.94197649416,0.0,0.0,0.0,0.0,0.0,0.0,0.0,0.0,0.704861111111111,0.704861111111111,0.704861111111111,0.5,0.0,-9.275381181979697e-05,0.7012072434607646,-8.862743996724572e-05,0.7977867203219315,6.175386645684119e-05,0.7334004024144869
2016,84964,IBIRAPUITÃ,34,9,134274.28926875608,0.0,134274.28926875608,0.0,0.0,0.0,0.0,0.0,0.0,0.0,0.0,0.7288888888888889,0.7288888888888888,0.7288888888888888,0.5,0.0,-0.00017485488160270607,0.4154929577464789,-0.0003610997328373465,0.41750503018108653,4.667351707789617e-05,0.4557344064386318
2016,84972,IBARAMA,28,9,61053.545198680375,0.0,61053.545198680375,0.0,0.0,0.0,0.0,0.0,0.0,0.0,0.0,0.8801169590643275,0.8801169590643275,0.8801169590643275,0.5,0.0,-0.00011592272678545503,0.6016096579476862,-0.0001508665451618254,0.6599597585513078,5.586146908591025e-05,0.6398390342052314
2016,84980,PANTANO GRANDE,48,9,330328.59106203425,0.0,330328.59106203425,0.0,0.0,0.0,0.0,0.0,0.0,0.0,0.0,0.7521367521367521,0.7549857549857548,0.7549857549857548,0.5,0.0,-0.0003403913917577192,0.22535211267605634,-0.001062620036244225,0.22334004024144868,3.326292446241464e-05,0.26961770623742454
2016,84999,IPÊ,22,9,136838.6355801349,0.0,136838.6355801349,0.0,0.0,0.0,0.0,0.0,0.0,0.0,0.0,0.7094017094017093,0.717948717948718,0.717948717948718,0.5,0.0,-7.641766613220523e-05,0.8329979879275654,-7.114121151380437e-05,0.8953722334004024,6.885723450961779e-05,0.8390342052313883
2016,85006,TRINDADE DO SUL,25,9,99180.91798050016,0.0,99180.91798050016,0.0,0.0,0.0,0.0,0.0,0.0,0.0,0.0,0.8125,0.8125,0.8125,0.5,0.0,-9.275381181979697e-05,0.7012072434607646,-8.862743996724572e-05,0.7977867203219315,6.175386645684119e-05,0.7334004024144869
2016,85014,AGUDO,36,9,124055.12901631859,0.0,124055.12901631859,0.0,0.0,0.0,0.0,0.0,0.0,0.0,0.0,0.691358024691358,0.691358024691358,0.691358024691358,0.5,0.0,-0.00019687902054366086,0.35110663983903423,-0.00044818189692614205,0.35714285714285715,4.419080094231887e-05,0.39738430583501005
2016,85022,ERNESTINA,30,9,84047.21093213349,0.0,84047.21093213349,0.0,0.0,0.0,0.0,0.0,0.0,0.0,0.0,0.6164021164021164,0.6164021164021164,0.6164021164021164,0.5,0.0,-0.0001340667680352351,0.5392354124748491,-0.00021050321478756752,0.5633802816901409,5.246412089028307e-05,0.5754527162977867
2016,85030,AJURICABA,34,9,76040.5701279861,0.0,76040.5701279861,0.0,0.0,0.0,0.0,0.0,0.0,0.0,0.0,0.8088888888888889,0.8088888888888889,0.8088888888888889,0.5,0.0,-0.00017485488160270607,0.4154929577464789,-0.0003610997328373465,0.41750503018108653,4.667351707789617e-05,0.4557344064386318
2016,85049,DEZESSEIS DE NOVEMBRO,22,9,50688.82796253203,0.0,50688.82796253203,0.0,0.0,0.0,0.0,0.0,0.0,0.0,0.0,0.8076923076923076,0.8076923076923076,0.8076923076923076,0.5,0.0,-7.641766613220523e-05,0.8329979879275654,-7.114121151380437e-05,0.8953722334004024,6.885723450961779e-05,0.8390342052313883
2016,85057,ALECRIM,24,9,73692.99002444843,0.0,73692.99002444843,0.0,0.0,0.0,0.0,0.0,0.0,0.0,0.0,0.7555555555555556,0.7555555555555556,0.7555555555555556,0.5,0.0,-8.641435119731845e-05,0.755533199195171,-7.700469124165385e-05,0.8561368209255533,6.397012158673103e-05,0.7756539235412475
2016,85065,BROCHIER,39,9,207917.46244513828,0.0,207917.46244513828,0.0,0.0,0.0,0.0,0.0,0.0,0.0,0.0,0.512962962962963,0.512962962962963,0.512962962962963,0.5,0.0,-0.00023132231305547223,0.30784708249496984,-0.0005895452621172849,0.30985915492957744,4.0886347424228636e-05,0.35412474849094566
2016,85073,ALEGRETE,106,15,948736.0081124628,5388.806150402073,943347.2019620608,0.005679984847548114,0.02830188679245283,0.2,0.0,0.2,0.00773735565442903,0.0,0.00773735565442903,0.9172161172161172,0.9179487179487179,0.9179487179487179,0.6,0.0,0.004658189439536701,0.9758551307847082,0.024001957216372282,0.9859154929577465,1.7113297646809022e-05,0.06237424547283702
2016,85081,EREBANGO,30,9,112782.70883649001,0.0,112782.70883649001,0.0,0.0,0.0,0.0,0.0,0.0,0.0,0.0,0.6798941798941799,0.6798941798941799,0.6798941798941799,0.5,0.0,-0.0001340667680352351,0.5392354124748491,-0.00021050321478756752,0.5633802816901409,5.246412089028307e-05,0.5754527162977867
2016,85090,ALPESTRE,26,9,98088.58920851866,0.0,98088.58920851866,0.0,0.0,0.0,0.0,0.0,0.0,0.0,0.0,0.7581699346405228,0.7581699346405228,0.7581699346405228,0.5,0.0,-9.984295221138152e-05,0.6659959758551308,-0.00010516608617706206,0.7464788732394366,5.967111235970825e-05,0.7002012072434608
2016,85103,ENTRE-IJUÍS,36,9,158993.45369245045,0.0,158993.45369245045,0.0,0.0,0.0,0.0,0.0,0.0,0.0,0.0,0.9094650205761317,0.8353909465020577,0.8353909465020577,0.5,0.0,-0.00019687902054366086,0.35110663983903423,-0.00044818189692614205,0.35714285714285715,4.419080094231887e-05,0.39738430583501005
2016,85111,ALVORADA,281,17,1312186.5260676309,139.90169813543844,1312046.6243694955,0.00010661723417835783,0.0035587188612099642,0.0,0.003787878787878788,-0.003787878787878788,0.0,6.437209375323394e-05,-6.437209375323394e-05,0.9688057040998218,0.9685828877005347,0.9685828877005347,0.4981060606060606,0.0,-0.0023381264696167945,0.006036217303822937,-0.007884649989515952,0.01609657947686117,2.6181556451772137e-05,0.19517102615694165
2016,85120,NOVA ESPERANÇA DO SUL,25,9,128096.39312763262,0.0,128096.39312763262,0.0,0.0,0.0,0.0,0.0,0.0,0.0,0.0,0.5833333333333334,0.6041666666666666,0.6041666666666666,0.5,0.0,-9.275381181979697e-05,0.7012072434607646,-8.862743996724572e-05,0.7977867203219315,6.175386645684119e-05,0.7334004024144869
2016,85138,ANTA GORDA,18,9,68239.23691640401,0.0,68239.23691640401,0.0,0.0,0.0,0.0,0.0,0.0,0.0,0.0,0.7407407407407407,0.7407407407407407,0.7407407407407407,0.5,0.0,-7.136463698981445e-05,0.886317907444668,-0.0001543670890462443,0.6287726358148893,8.095511392154583e-05,0.9346076458752515
2016,85146,PAVERAMA,50,9,108533.8572530855,0.0,108533.8572530855,0.0,0.0,0.0,0.0,0.0,0.0,0.0,0.0,0.8075880758807588,0.8048780487804877,0.8048780487804877,0.5,0.0,-0.0003652012302209857,0.21227364185110664,-0.001173793882299482,0.20422535211267606,3.192693680935867e-05,0.2545271629778672
2016,85154,ANTÔNIO PRADO,38,9,91046.39666116823,0.0,91046.39666116823,0.0,0.0,0.0,0.0,0.0,0.0,0.0,0.0,0.603448275862069,0.6034482758620688,0.6034482758620688,0.5,0.0,-0.00021968313124673424,0.32595573440643866,-0.000541180775437968,0.3319919517102616,4.1936585783334904e-05,0.3722334004024145
2016,85162,TERRA DE AREIA,30,9,128494.0100385873,0.0,128494.0100385873,0.0,0.0,0.0,0.0,0.0,0.0,0.0,0.0,0.7724867724867726,0.7724867724867726,0.7724867724867726,0.5,0.0,-0.0001340667680352351,0.5392354124748491,-0.00021050321478756752,0.5633802816901409,5.246412089028307e-05,0.5754527162977867
2016,85170,ARATIBA,43,9,165823.23252923504,0.0,165823.23252923504,0.0,0.0,0.0,0.0,0.0,0.0,0.0,0.0,0.8888888888888888,0.8888888888888888,0.8888888888888888,0.5,0.0,-0.0002790532360387,0.24949698189134809,-0.0007928110452975389,0.24748490945674045,3.712998787224201e-05,0.2937625754527163
2016,85189,HARMONIA,30,9,118558.26545907094,0.0,118558.26545907094,0.0,0.0,0.0,0.0,0.0,0.0,0.0,0.0,0.8042328042328042,0.8068783068783069,0.8068783068783069,0.5,0.0,-0.0001340667680352351,0.5392354124748491,-0.00021050321478756752,0.5633802816901409,5.246412089028307e-05,0.5754527162977867
2016,85197,ARROIO DO MEIO,52,11,264436.7417918053,0.0,264436.7417918053,0.0,0.0,0.0,0.0,0.0,0.0,0.0,0.0,0.8403547671840355,0.8403547671840355,0.8403547671840355,0.5,0.0,-0.00039008437436666946,0.2012072434607646,-0.0012862554521680938,0.19114688128772636,3.069415083814151e-05,0.2414486921529175
2016,85200,CAMPOS BORGES,35,9,109580.78089192612,0.0,109580.78089192612,0.0,0.0,0.0,0.0,0.0,0.0,0.0,0.0,0.6901709401709402,0.688034188034188,0.688034188034188,0.5,0.0,-0.00018575710854876,0.3822937625754527,-0.0004038226953535733,0.3843058350100604,4.540166892762898e-05,0.4225352112676056
2016,85219,ARROIO DOS RATOS,53,9,156979.81672170022,0.0,156979.81672170022,0.0,0.0,0.0,0.0,0.0,0.0,0.0,0.0,0.7588383838383838,0.7588383838383838,0.7588383838383838,0.5,0.0,-0.00040253976141088924,0.193158953722334,-0.0013428741771037641,0.18309859154929578,3.0113432745425053e-05,0.2323943661971831
2016,85227,CERRO GRANDE,29,9,96946.66565465849,0.0,96946.66565465849,0.0,0.0,0.0,0.0,0.0,0.0,0.0,0.0,0.7027777777777778,0.7055555555555556,0.7055555555555556,0.5,0.0,-0.0001247674792298027,0.5724346076458753,-0.00017913262840498086,0.5985915492957746,5.411540044338538e-05,0.6096579476861167
2016,85235,ARROIO DO TIGRE,35,9,207333.82809110728,0.0,207333.82809110728,0.0,0.0,0.0,0.0,0.0,0.0,0.0,0.0,0.6965811965811965,0.6965811965811965,0.6965811965811965,0.5,0.0,-0.00018575710854876,0.3822937625754527,-0.0004038226953535733,0.3843058350100604,4.540166892762898e-05,0.4225352112676056
2016,85243,IPIRANGA DO SUL,25,9,98651.21610121064,0.0,98651.21610121064,0.0,0.0,0.0,0.0,0.0,0.0,0.0,0.0,0.7152777777777778,0.6944444444444444,0.6944444444444444,0.5,0.0,-9.275381181979697e-05,0.7012072434607646,-8.862743996724572e-05,0.7977867203219315,6.175386645684119e-05,0.7334004024144869
2016,85251,ARROIO GRANDE,67,9,208716.81189372294,666.1985625497069,208050.61333117323,0.003191877820024054,0.014925373134328358,0.0,0.017241379310344827,-0.017241379310344827,0.0,0.0015007003268191822,-0.0015007003268191822,0.8869731800766284,0.8869731800766284,0.8869731800766284,0.49137931034482757,0.0,0.002616168899179314,0.971830985915493,0.012778328599967479,0.9738430583501007,2.3937612751132184e-05,0.17404426559356137
2016,85260,LAGOÃO,30,9,85671.81755117972,0.0,85671.81755117972,0.0,0.0,0.0,0.0,0.0,0.0,0.0,0.0,0.8624338624338624,0.8624338624338624,0.8624338624338624,0.5,0.0,-0.0001340667680352351,0.5392354124748491,-0.00021050321478756752,0.5633802816901409,5.246412089028307e-05,0.5754527162977867
2016,85278,ARVOREZINHA,36,9,126068.35146351879,0.0,126068.35146351879,0.0,0.0,0.0,0.0,0.0,0.0,0.0,0.0,0.8004115226337448,0.7983539094650206,0.7983539094650206,0.5,0.0,-0.00019687902054366086,0.35110663983903423,-0.00044818189692614205,0.35714285714285715,4.419080094231887e-05,0.39738430583501005
2016,85286,ESTAÇÃO,34,9,87277.93345901206,0.0,87277.93345901206,0.0,0.0,0.0,0.0,0.0,0.0,0.0,0.0,0.7911111111111111,0.7888888888888889,0.7888888888888889,0.5,0.0,-0.00017485488160270607,0.4154929577464789,-0.0003610997328373465,0.41750503018108653,4.667351707789617e-05,0.4557344064386318
2016,85294,AUGUSTO PESTANA,30,9,125242.28005036968,0.0,125242.28005036968,0.0,0.0,0.0,0.0,0.0,0.0,0.0,0.0,0.8253968253968254,0.8306878306878307,0.8306878306878307,0.5,0.0,-0.0001340667680352351,0.5392354124748491,-0.00021050321478756752,0.5633802816901409,5.246412089028307e-05,0.5754527162977867
2016,85308,ARROIO DO SAL,71,9,186843.4404674659,0.0,186843.4404674659,0.0,0.0,0.0,0.0,0.0,0.0,0.0,0.0,0.6478494623655914,0.6523297491039427,0.6523297491039427,0.5,0.0,-0.0006242450850231166,0.13279678068410464,-0.0023767528268514022,0.1227364185110664,2.2688523785261315e-05,0.16498993963782696
2016,85316,BAGÉ,188,17,879683.2539247106,0.0,879683.2539247106,0.0,0.0,0.0,0.0,0.0,0.0,0.0,0.0,0.8981768145854833,0.8937048503611971,0.8937048503611971,0.5,0.0,-0.0017796525599247989,0.012072434607645875,-0.008073943926476491,0.01006036217303823,1.852987152754043e-05,0.10261569416498995
2016,85324,SÃO JOSÉ DO HORTÊNCIO,22,9,33156.42117426139,0.0,33156.42117426139,0.0,0.0,0.0,0.0,0.0,0.0,0.0,0.0,0.7136752136752136,0.7094017094017093,0.7094017094017093,0.5,0.0,-7.641766613220523e-05,0.8329979879275654,-7.114121151380437e-05,0.8953722334004024,6.885723450961779e-05,0.8390342052313883
2016,85332,BARÃO DE COTEGIPE,40,9,72369.9640924622,0.0,72369.9640924622,0.0,0.0,0.0,0.0,0.0,0.0,0.0,0.0,0.4659498207885304,0.4659498207885305,0.4659498207885305,0.5,0.0,-0.00024309454401840475,0.2887323943661972,-0.0006389919942901376,0.29074446680080485,3.9883237070738695e-05,0.3329979879275654
2016,85340,PINHAL,13,9,62199.70281451589,0.0,62199.70281451589,0.0,0.0,0.0,0.0,0.0,0.0,0.0,0.0,0.33333333333333337,0.33333333333333337,0.33333333333333337,0.5,0.0,-0.00011490698106671195,0.6177062374245473,-0.0005668790661066267,0.32193158953722334,0.00010289415076396378,0.9818913480885312
2016,85359,BARRACÃO,25,9,106296.25913001856,0.0,106296.25913001856,0.0,0.0,0.0,0.0,0.0,0.0,0.0,0.0,0.7083333333333333,0.7048611111111112,0.7048611111111112,0.5,0.0,-9.275381181979697e-05,0.7012072434607646,-8.862743996724572e-05,0.7977867203219315,6.175386645684119e-05,0.7334004024144869
2016,85367,TRÊS CACHOEIRAS,31,9,72599.25483327932,0.0,72599.25483327932,0.0,0.0,0.0,0.0,0.0,0.0,0.0,0.0,0.8333333333333334,0.8308080808080808,0.8308080808080808,0.5,0.0,-0.00014376845794204475,0.49798792756539234,-0.00024465515879092776,0.5261569416498993,5.090043766922005e-05,0.5382293762575453
2016,85375,BARRA DO RIBEIRO,67,9,174820.80668414384,0.0,174820.80668414384,0.0,0.0,0.0,0.0,0.0,0.0,0.0,0.0,0.8984674329501915,0.9022988505747127,0.9022988505747127,0.5,0.0,-0.0005757089208447404,0.14084507042253522,-0.002147044534360879,0.13078470824949698,2.3937612751132184e-05,0.17404426559356137
2016,85383,SÃO VENDELINO,23,9,111365.34918804678,0.0,111365.34918804678,0.0,0.0,0.0,0.0,0.0,0.0,0.0,0.0,0.8015873015873016,0.6746031746031746,0.6746031746031746,0.5,0.0,-8.092861589969681e-05,0.7877263581488934,-7.0931155918883e-05,0.9265593561368209,6.63329386313115e-05,0.8078470824949698
2016,85391,BARROS CASSAL,35,9,168558.55500058908,0.0,168558.55500058908,0.0,0.0,0.0,0.0,0.0,0.0,0.0,0.0,0.7649572649572649,0.7649572649572649,0.7649572649572649,0.5,0.0,-0.00018575710854876,0.3822937625754527,-0.0004038226953535733,0.3843058350100604,4.540166892762898e-05,0.4225352112676056
2016,85405,PROTÁSIO ALVES,16,9,53070.42860599724,0.0,53070.42860599724,0.0,0.0,0.0,0.0,0.0,0.0,0.0,0.0,0.3253968253968254,0.3253968253968254,0.3253968253968254,0.5,0.0,-7.987065672331285e-05,0.806841046277666,-0.00026480029987300966,0.5010060362173038,8.85750940291992e-05,0.959758551307847
2016,85413,BENTO GONÇALVES,170,17,681192.8416411382,532.9588500397655,680659.8827910984,0.0007823905617618565,0.011764705882352941,0.058823529411764705,0.006535947712418301,0.05228758169934641,0.0008958061580581885,0.00012784249804241176,0.0007679636600157767,0.8585159554017685,0.8504421376393695,0.8504421376393695,0.5263360246059209,0.0,-0.0008479639683151287,0.08651911468812877,0.004441185628194124,0.9517102615694165,1.7475369351379483e-05,0.07645875251509054
2016,85421,POUSO NOVO,28,9,105996.7066474712,0.0,105996.7066474712,0.0,0.0,0.0,0.0,0.0,0.0,0.0,0.0,0.6403508771929824,0.6315789473684211,0.6315789473684211,0.5,0.0,-0.00011592272678545503,0.6016096579476862,-0.0001508665451618254,0.6599597585513078,5.586146908591025e-05,0.6398390342052314
2016,85430,BOA VISTA DO BURICÁ,19,9,54602.38921161153,0.0,54602.38921161153,0.0,0.0,0.0,0.0,0.0,0.0,0.0,0.0,0.6111111111111112,0.6111111111111112,0.6111111111111112,0.5,0.0,-7.028032636912046e-05,0.9336016096579477,-0.00011880714247054497,0.7223340040241448,7.758411821868347e-05,0.9054325955734407
2016,85448,EUGÊNIO DE CASTRO,23,9,84588.9339943739,0.0,84588.9339943739,0.0,0.0,0.0,0.0,0.0,0.0,0.0,0.0,0.6587301587301587,0.6587301587301587,0.6587301587301587,0.5,0.0,-8.092861589969681e-05,0.7877263581488934,-7.0931155918883e-05,0.9265593561368209,6.63329386313115e-05,0.8078470824949698
2016,85456,BOM JESUS,34,9,80901.7914300863,0.0,80901.7914300863,0.0,0.0,0.0,0.0,0.0,0.0,0.0,0.0,0.7511111111111111,0.7511111111111111,0.7511111111111111,0.5,0.0,-0.00017485488160270607,0.4154929577464789,-0.0003610997328373465,0.41750503018108653,4.667351707789617e-05,0.4557344064386318
2016,85464,CRISTAL,50,9,161911.77350673068,0.0,161911.77350673068,0.0,0.0,0.0,0.0,0.0,0.0,0.0,0.0,0.7127371273712737,0.7127371273712737,0.7127371273712737,0.5,0.0,-0.0003652012302209857,0.21227364185110664,-0.001173793882299482,0.20422535211267606,3.192693680935867e-05,0.2545271629778672
2016,85472,BOM RETIRO DO SUL,55,9,211309.10893590382,0.0,211309.10893590382,0.0,0.0,0.0,0.0,0.0,0.0,0.0,0.0,0.748792270531401,0.748792270531401,0.748792270531401,0.5,0.0,-0.00042745490936932384,0.18611670020120724,-0.001456723740136216,0.176056338028169,2.90179461796776e-05,0.2243460764587525
2016,85480,SÃO MIGUEL DAS MISSÕES,34,9,244881.9930382338,0.0,244881.9930382338,0.0,0.0,0.0,0.0,0.0,0.0,0.0,0.0,0.6399999999999999,0.6399999999999999,0.6399999999999999,0.5,0.0,-0.00017485488160270607,0.4154929577464789,-0.0003610997328373465,0.41750503018108653,4.667351707789617e-05,0.4557344064386318
2016,85499,BOSSOROCA,31,9,112001.08026966923,0.0,112001.08026966923,0.0,0.0,0.0,0.0,0.0,0.0,0.0,0.0,0.8383838383838383,0.8686868686868687,0.8686868686868687,0.5,0.0,-0.00014376845794204475,0.49798792756539234,-0.00024465515879092776,0.5261569416498993,5.090043766922005e-05,0.5382293762575453
2016,85502,GLORINHA,42,9,144718.9059191729,0.0,144718.9059191729,0.0,0.0,0.0,0.0,0.0,0.0,0.0,0.0,0.7104377104377104,0.7070707070707071,0.7070707070707071,0.5,0.0,-0.00026697408233635877,0.25855130784708247,-0.0007407167544283995,0.25653923541247486,3.800751515128715e-05,0.3028169014084507
2016,85510,BRAGA,19,9,100087.03685204279,0.0,100087.03685204279,0.0,0.0,0.0,0.0,0.0,0.0,0.0,0.0,0.8222222222222223,0.8222222222222223,0.8222222222222223,0.5,0.0,-7.028032636912046e-05,0.9336016096579477,-0.00011880714247054497,0.7223340040241448,7.758411821868347e-05,0.9054325955734407
2016,85529,SEGREDO,31,9,66508.57148619989,0.0,66508.57148619989,0.0,0.0,0.0,0.0,0.0,0.0,0.0,0.0,0.7853535353535354,0.7853535353535354,0.7853535353535354,0.5,0.0,-0.00014376845794204475,0.49798792756539234,-0.00024465515879092776,0.5261569416498993,5.090043766922005e-05,0.5382293762575453
2016,85537,BUTIÁ,72,9,247728.7335180712,444.1323750331379,247284.60114303807,0.0017928173640815853,0.013888888888888888,0.0,0.015873015873015872,-0.015873015873015872,0.0,0.0008385111396204899,-0.0008385111396204899,0.892416225749559,0.888888888888889,0.890652557319224,0.4920634920634921,-0.0017636684303350414,0.0011565264329919125,0.959758551307847,0.011454899255258884,0.9708249496981891,-0.0017412645374363257,0.006036217303822937
2016,85545,ALEGRIA,29,9,151492.7388811158,0.0,151492.7388811158,0.0,0.0,0.0,0.0,0.0,0.0,0.0,0.0,0.7111111111111111,0.7111111111111111,0.7111111111111111,0.5,0.0,-0.0001247674792298027,0.5724346076458753,-0.00017913262840498086,0.5985915492957746,5.411540044338538e-05,0.6096579476861167
2016,85553,CAÇAPAVA DO SUL,75,11,316114.43048734864,0.0,316114.43048734864,0.0,0.0,0.0,0.0,0.0,0.0,0.0,0.0,0.9176136363636364,0.9161931818181818,0.9161931818181818,0.5,0.0,-0.0006722039440596857,0.12072434607645875,-0.0026051245973201607,0.11066398390342053,2.161019527822704e-05,0.15090543259557343
2016,85561,SALDANHA MARINHO,21,9,71839.77366756016,0.0,71839.77366756016,0.0,0.0,0.0,0.0,0.0,0.0,0.0,0.0,0.6388888888888888,0.6388888888888888,0.6388888888888888,0.5,0.0,-7.3023112071133e-05,0.8621730382293763,-7.849102885157103e-05,0.8279678068410463,7.156013800602988e-05,0.8661971830985915
2016,85570,CACEQUI,39,9,73173.20710153467,0.0,73173.20710153467,0.0,0.0,0.0,0.0,0.0,0.0,0.0,0.0,0.9407407407407407,0.9407407407407407,0.9407407407407407,0.5,0.0,-0.00023132231305547223,0.30784708249496984,-0.0005895452621172849,0.30985915492957744,4.0886347424228636e-05,0.35412474849094566
2016,85588,SÃO JOSÉ DO HERVAL,15,9,42166.81595039618,0.0,42166.81595039618,0.0,0.0,0.0,0.0,0.0,0.0,0.0,0.0,0.9166666666666666,0.9166666666666666,0.9166666666666666,0.5,0.0,-8.805428346369872e-05,0.7293762575452716,-0.00034419955879969727,0.4416498993963783,9.290724185647251e-05,0.9728370221327968
2016,85596,CACHOEIRA DO SUL,161,15,478402.1176363074,0.0,478402.1176363074,0.0,0.0,0.0,0.0,0.0,0.0,0.0,0.0,0.8187214611872146,0.7968036529680366,0.7968036529680366,0.5,0.0,-0.0015525383529564462,0.030181086519114688,-0.006933490264173878,0.028169014084507043,1.7048743987216598e-05,0.05835010060362173
2016,85600,VISTA ALEGRE,22,9,48537.74682612154,0.0,48537.74682612154,0.0,0.0,0.0,0.0,0.0,0.0,0.0,0.0,0.6239316239316239,0.6239316239316239,0.6239316239316239,0.5,0.0,-7.641766613220523e-05,0.8329979879275654,-7.114121151380437e-05,0.8953722334004024,6.885723450961779e-05,0.8390342052313883
2016,85618,CACHOEIRINHA,197,17,1046653.5767477686,4441.323750331379,1042212.2529974373,0.004243356014825608,0.01015228426395939,0.0,0.011111111111111112,-0.011111111111111112,0.0,0.003299830189545183,-0.003299830189545183,0.9552287581699346,0.9552287581699347,0.9552287581699347,0.49444444444444446,0.0,0.002391985770046432,0.96579476861167,0.0017169613677297507,0.9436619718309859,1.9137063898165215e-05,0.11971830985915492
2016,85626,IVORÁ,20,9,34423.47162258093,0.0,34423.47162258093,0.0,0.0,0.0,0.0,0.0,0.0,0.0,0.0,0.7424242424242424,0.7424242424242424,0.7424242424242424,0.5,0.0,-7.091156904279616e-05,0.9114688128772636,-9.398465439795835e-05,0.7665995975855131,7.446143331355487e-05,0.8832997987927566
2016,85634,CACIQUE DOBLE,19,9,110443.31557306548,0.0,110443.31557306548,0.0,0.0,0.0,0.0,0.0,0.0,0.0,0.0,0.4722222222222222,0.4722222222222222,0.4722222222222222,0.5,0.0,-7.028032636912046e-05,0.9336016096579477,-0.00011880714247054497,0.7223340040241448,7.758411821868347e-05,0.9054325955734407
2016,85642,VILA MARIA,28,9,126536.86670594125,0.0,126536.86670594125,0.0,0.0,0.0,0.0,0.0,0.0,0.0,0.0,0.5087719298245614,0.5087719298245614,0.5087719298245614,0.5,0.0,-0.00011592272678545503,0.6016096579476862,-0.0001508665451618254,0.6599597585513078,5.586146908591025e-05,0.6398390342052314
2016,85650,CAIBATÉ,23,9,96496.64112344988,0.0,96496.64112344988,0.0,0.0,0.0,0.0,0.0,0.0,0.0,0.0,0.6666666666666666,0.623015873015873,0.623015873015873,0.5,0.0,-8.092861589969681e-05,0.7877263581488934,-7.0931155918883e-05,0.9265593561368209,6.63329386313115e-05,0.8078470824949698
2016,85669,TAQUARUÇU DO SUL,30,9,74815.60862440719,0.0,74815.60862440719,0.0,0.0,0.0,0.0,0.0,0.0,0.0,0.0,0.7433862433862434,0.7433862433862434,0.7433862433862434,0.5,0.0,-0.0001340667680352351,0.5392354124748491,-0.00021050321478756752,0.5633802816901409,5.246412089028307e-05,0.5754527162977867
2016,85677,CAIÇARA,42,9,128550.10395755399,0.0,128550.10395755399,0.0,0.0,0.0,0.0,0.0,0.0,0.0,0.0,0.7239057239057238,0.7239057239057238,0.7239057239057238,0.5,0.0,-0.00026697408233635877,0.25855130784708247,-0.0007407167544283995,0.25653923541247486,3.800751515128715e-05,0.3028169014084507
2016,85685,IMBÉ,97,9,233613.12591740553,0.0,233613.12591740553,0.0,0.0,0.0,0.0,0.0,0.0,0.0,0.0,0.8977272727272727,0.8964646464646464,0.8964646464646464,0.5,0.0,-0.0009244032138548371,0.0744466800804829,-0.0038234684166070015,0.06639839034205232,1.7884888059738648e-05,0.08651911468812877
2016,85693,CAMAQUÃ,168,15,924524.9459302188,29.608825002209194,924495.3371052167,3.20259881926907e-05,0.005952380952380952,0.0,0.006535947712418301,-0.006535947712418301,0.0,0.0001654670306941342,-0.0001654670306941342,0.8657952069716776,0.865359477124183,0.865359477124183,0.49673202614379086,0.0,-0.001581226554203709,0.02414486921529175,-0.0012853526264666182,0.19718309859154928,1.737399578750481e-05,0.07243460764587525
2016,85707,SEDE NOVA,22,9,54003.18061562934,0.0,54003.18061562934,0.0,0.0,0.0,0.0,0.0,0.0,0.0,0.0,0.7777777777777777,0.7777777777777778,0.7777777777777778,0.5,0.0,-7.641766613220523e-05,0.8329979879275654,-7.114121151380437e-05,0.8953722334004024,6.885723450961779e-05,0.8390342052313883
2016,85715,CAMBARÁ DO SUL,48,9,166464.39683024536,0.0,166464.39683024536,0.0,0.0,0.0,0.0,0.0,0.0,0.0,0.0,0.8746438746438746,0.8746438746438746,0.8746438746438746,0.5,0.0,-0.0003403913917577192,0.22535211267605634,-0.001062620036244225,0.22334004024144868,3.326292446241464e-05,0.26961770623742454
2016,85723,TUPANDI,32,9,194203.45414239005,0.0,194203.45414239005,0.0,0.0,0.0,0.0,0.0,0.0,0.0,0.0,0.47342995169082125,0.48309178743961356,0.48309178743961356,0.5,0.0,-0.00015382663821862086,0.46981891348088534,-0.00028130279026808566,0.48390342052313884,4.941789328308258e-05,0.5100603621730382
2016,85731,CAMPINA DAS MISSÕES,30,9,77024.01244602197,0.0,77024.01244602197,0.0,0.0,0.0,0.0,0.0,0.0,0.0,0.0,0.8783068783068783,0.8783068783068783,0.8783068783068783,0.5,0.0,-0.0001340667680352351,0.5392354124748491,-0.00021050321478756752,0.5633802816901409,5.246412089028307e-05,0.5754527162977867
2016,85740,RIOZINHO,36,9,48012.35303086983,0.0,48012.35303086983,0.0,0.0,0.0,0.0,0.0,0.0,0.0,0.0,0.7530864197530864,0.7530864197530864,0.7530864197530864,0.5,0.0,-0.00019687902054366086,0.35110663983903423,-0.00044818189692614205,0.35714285714285715,4.419080094231887e-05,0.39738430583501005
2016,85758,CAMPINAS DO SUL,30,9,78061.10595496187,0.0,78061.10595496187,0.0,0.0,0.0,0.0,0.0,0.0,0.0,0.0,0.7248677248677249,0.7248677248677249,0.7248677248677249,0.5,0.0,-0.0001340667680352351,0.5392354124748491,-0.00021050321478756752,0.5633802816901409,5.246412089028307e-05,0.5754527162977867
2016,85766,RELVADO,16,9,73598.12334914136,0.0,73598.12334914136,0.0,0.0,0.0,0.0,0.0,0.0,0.0,0.0,0.7619047619047619,0.746031746031746,0.746031746031746,0.5,0.0,-7.987065672331285e-05,0.806841046277666,-0.00026480029987300966,0.5010060362173038,8.85750940291992e-05,0.959758551307847
2016,85774,CAMPO BOM,99,11,473459.2796080885,0.0,473459.2796080885,0.0,0.0,0.0,0.0,0.0,0.0,0.0,0.0,0.9338842975206612,0.9235537190082646,0.9235537190082646,0.5,0.0,-0.0009463320172588905,0.07042253521126761,-0.003930505276170589,0.06237424547283702,1.7684010777774424e-05,0.08249496981891348
2016,85782,IMIGRANTE,29,9,20317.96063124098,0.0,20317.96063124098,0.0,0.0,0.0,0.0,0.0,0.0,0.0,0.0,0.7777777777777778,0.7861111111111111,0.7861111111111111,0.5,0.0,-0.0001247674792298027,0.5724346076458753,-0.00017913262840498086,0.5985915492957746,5.411540044338538e-05,0.6096579476861167
2016,85790,CAMPO NOVO,48,9,107970.35690005597,0.0,107970.35690005597,0.0,0.0,0.0,0.0,0.0,0.0,0.0,0.0,0.8262108262108262,0.8262108262108262,0.8262108262108262,0.5,0.0,-0.0003403913917577192,0.22535211267605634,-0.001062620036244225,0.22334004024144868,3.326292446241464e-05,0.26961770623742454
2016,85804,CIDREIRA,90,9,276313.19680609147,0.0,276313.19680609147,0.0,0.0,0.0,0.0,0.0,0.0,0.0,0.0,0.9231824417009603,0.9231824417009603,0.9231824417009603,0.5,0.0,-0.0008463432793447525,0.08953722334004025,-0.0034437184349521877,0.07746478873239436,1.874170042875317e-05,0.10764587525150905
2016,85812,CANDELÁRIA,79,13,294885.4951372647,0.0,294885.4951372647,0.0,0.0,0.0,0.0,0.0,0.0,0.0,0.0,0.9003496503496504,0.9032634032634033,0.9032634032634033,0.5,0.0,-0.0007195423680146769,0.11468812877263582,-0.002831742688088455,0.10462776659959759,2.0679940624131597e-05,0.1448692152917505
2016,85820,MONTAURI,18,9,27407.11277504492,0.0,27407.11277504492,0.0,0.0,0.0,0.0,0.0,0.0,0.0,0.0,0.5308641975308642,0.5308641975308642,0.5308641975308642,0.5,0.0,-7.136463698981445e-05,0.886317907444668,-0.0001543670890462443,0.6287726358148893,8.095511392154583e-05,0.9346076458752515
2016,85839,CÂNDIDO GODÓI,26,9,152884.66454888214,0.0,152884.66454888214,0.0,0.0,0.0,0.0,0.0,0.0,0.0,0.0,0.5392156862745098,0.5392156862745098,0.5392156862745098,0.5,0.0,-9.984295221138152e-05,0.6659959758551308,-0.00010516608617706206,0.7464788732394366,5.967111235970825e-05,0.7002012072434608
2016,85847,VISTA GAÚCHA,12,9,92894.13538543109,0.0,92894.13538543109,0.0,0.0,0.0,0.0,0.0,0.0,0.0,0.0,0.9259259259259259,0.9259259259259259,0.9259259259259259,0.5,0.0,-0.00013504919169131908,0.5181086519114688,-0.0007188306890801385,0.26458752515090544,0.00010870082829048127,0.9849094567404426
2016,85855,CANELA,85,11,288438.9137136587,1924.5736251435978,286514.3400885151,0.006672378564891474,0.011764705882352941,0.0,0.013513513513513514,-0.013513513513513514,0.0,0.0017189081188869846,-0.0017189081188869846,0.703931203931204,0.7039312039312039,0.7039312039312039,0.49324324324324326,0.0,0.005883047760787685,0.9859154929577465,0.008596963554933763,0.9637826961770624,1.9521762186150357e-05,0.12474849094567404
2016,85863,VISTA ALEGRE DO PRATA,18,9,103894.40605025186,0.0,103894.40605025186,0.0,0.0,0.0,0.0,0.0,0.0,0.0,0.0,0.6358024691358024,0.6358024691358024,0.6358024691358024,0.5,0.0,-7.136463698981445e-05,0.886317907444668,-0.0001543670890462443,0.6287726358148893,8.095511392154583e-05,0.9346076458752515
2016,85871,CANGUÇU,113,15,420440.7256634953,222.06618751656896,420218.6594759787,0.0005281747793725916,0.008849557522123894,0.0,0.01020408163265306,-0.01020408163265306,0.0,0.0020273009866198133,-0.0020273009866198133,0.8707482993197279,0.8687074829931972,0.8687074829931972,0.49489795918367346,0.0,-0.0005671273775892109,0.14285714285714285,0.004188315067542158,0.9496981891348089,1.6721265554063966e-05,0.04627766599597585
2016,85880,CASEIROS,27,9,41399.05911808889,0.0,41399.05911808889,0.0,0.0,0.0,0.0,0.0,0.0,0.0,0.0,0.6049382716049383,0.6049382716049383,0.6049382716049383,0.5,0.0,-0.00010759191108159146,0.6378269617706237,-0.0001260717499592124,0.6921529175050302,5.771036647464188e-05,0.6720321931589537
2016,85898,CANOAS,295,21,2786698.8162331735,16985.102462517305,2769713.713770656,0.006095062144346243,0.020338983050847456,0.047619047619047616,0.01824817518248175,0.029370872436565866,0.0005526363045166106,0.006033321461188809,-0.0054806851566721985,0.975842891901286,0.9760166840458812,0.9760166840458812,0.5147723322905805,0.0,0.0035623865480512527,0.9738430583501007,0.008447564174647967,0.9617706237424547,2.7481087423998857e-05,0.2052313883299799
2016,85901,ITACURUBI,31,9,169723.040479101,0.0,169723.040479101,0.0,0.0,0.0,0.0,0.0,0.0,0.0,0.0,0.6868686868686869,0.6868686868686869,0.6868686868686869,0.5,0.0,-0.00014376845794204475,0.49798792756539234,-0.00024465515879092776,0.5261569416498993,5.090043766922005e-05,0.5382293762575453
2016,85910,CARAZINHO,102,13,721910.9570018263,44.413237503313795,721866.543764323,6.152176673944213e-05,0.00980392156862745,0.0,0.011235955056179775,-0.011235955056179775,0.0,8.44005048039206e-06,-8.44005048039206e-06,0.9040622299049266,0.9040622299049266,0.9040622299049266,0.4943820224719101,0.0,-0.0009173953451255332,0.07645875251509054,0.005714097860146665,0.9557344064386318,1.7415348903467605e-05,0.0744466800804829
2016,85928,ENTRE RIOS DO SUL,24,9,54453.02749388789,0.0,54453.02749388789,0.0,0.0,0.0,0.0,0.0,0.0,0.0,0.0,0.8666666666666667,0.8666666666666667,0.8666666666666667,0.5,0.0,-8.641435119731845e-05,0.755533199195171,-7.700469124165385e-05,0.8561368209255533,6.397012158673103e-05,0.7756539235412475
2016,85936,CARLOS BARBOSA,65,11,237626.43929791744,0.0,237626.43929791744,0.0,0.0,0.0,0.0,0.0,0.0,0.0,0.0,0.7365319865319866,0.7382154882154882,0.7382154882154882,0.5,0.0,-0.0005512436631841921,0.14688128772635814,-0.0020318600724673493,0.13480885311871227,2.4634572671737137e-05,0.1790744466800805
2016,85944,CERRO GRANDE DO SUL,53,9,111989.51802350585,0.0,111989.51802350585,0.0,0.0,0.0,0.0,0.0,0.0,0.0,0.0,0.7095959595959596,0.6944444444444444,0.6944444444444444,0.5,0.0,-0.00040253976141088924,0.193158953722334,-0.0013428741771037641,0.18309859154929578,3.0113432745425053e-05,0.2323943661971831
2016,85952,CASCA,33,9,125674.33202480189,0.0,125674.33202480189,0.0,0.0,0.0,0.0,0.0,0.0,0.0,0.0,0.8287037037037037,0.8425925925925926,0.8425925925925926,0.5,0.0,-0.00016420075464760036,0.44668008048289737,-0.0003201927639547311,0.4607645875251509,4.8010671392986836e-05,0.4869215291750503
2016,85960,CAMARGO,22,9,48162.632622168545,0.0,48162.632622168545,0.0,0.0,0.0,0.0,0.0,0.0,0.0,0.0,0.5512820512820513,0.5512820512820513,0.5512820512820513,0.5,0.0,-7.641766613220523e-05,0.8329979879275654,-7.114121151380437e-05,0.8953722334004024,6.885723450961779e-05,0.8390342052313883
2016,85979,CATUÍPE,34,9,131396.9628726914,0.0,131396.9628726914,0.0,0.0,0.0,0.0,0.0,0.0,0.0,0.0,0.7577777777777778,0.7577777777777778,0.7577777777777778,0.5,0.0,-0.00017485488160270607,0.4154929577464789,-0.0003610997328373465,0.41750503018108653,4.667351707789617e-05,0.4557344064386318
2016,85987,PARAÍSO DO SUL,38,9,77323.29844914432,0.0,77323.29844914432,0.0,0.0,0.0,0.0,0.0,0.0,0.0,0.0,0.8045977011494253,0.8352490421455938,0.8352490421455938,0.5,0.0,-0.00021968313124673424,0.32595573440643866,-0.000541180775437968,0.3319919517102616,4.1936585783334904e-05,0.3722334004024145
2016,85995,CAXIAS DO SUL,393,23,2913592.2472142037,9867.274171698726,2903724.973042505,0.0033866352373545755,0.01272264631043257,0.0,0.013513513513513514,-0.013513513513513514,0.0,0.0017293109923839554,-0.0017293109923839554,0.9417156286721504,0.9413631022326675,0.9419506462984722,0.49324324324324326,-0.0005875440658047459,0.0003023722226148241,0.9557344064386318,-0.001989729637869208,0.13883299798792756,-0.0005507509212816726,0.01609657947686117
2016,86010,CERRO LARGO,35,9,143258.8503450764,0.0,143258.8503450764,0.0,0.0,0.0,0.0,0.0,0.0,0.0,0.0,0.7606837606837606,0.7606837606837606,0.7606837606837606,0.5,0.0,-0.00018575710854876,0.3822937625754527,-0.0004038226953535733,0.3843058350100604,4.540166892762898e-05,0.4225352112676056
2016,86029,FAXINALZINHO,25,9,34223.360378803496,0.0,34223.360378803496,0.0,0.0,0.0,0.0,0.0,0.0,0.0,0.0,0.6909722222222223,0.6909722222222223,0.6909722222222223,0.5,0.0,-9.275381181979697e-05,0.7012072434607646,-8.862743996724572e-05,0.7977867203219315,6.175386645684119e-05,0.7334004024144869
2016,86037,CHAPADA,27,9,70247.67753836638,0.0,70247.67753836638,0.0,0.0,0.0,0.0,0.0,0.0,0.0,0.0,0.6604938271604939,0.654320987654321,0.654320987654321,0.5,0.0,-0.00010759191108159146,0.6378269617706237,-0.0001260717499592124,0.6921529175050302,5.771036647464188e-05,0.6720321931589537
2016,86045,AMARAL FERRADOR,31,9,153471.0969368759,0.0,153471.0969368759,0.0,0.0,0.0,0.0,0.0,0.0,0.0,0.0,0.904040404040404,0.904040404040404,0.904040404040404,0.5,0.0,-0.00014376845794204475,0.49798792756539234,-0.00024465515879092776,0.5261569416498993,5.090043766922005e-05,0.5382293762575453
2016,86053,CHIAPETTA,23,9,104480.49793675807,0.0,104480.49793675807,0.0,0.0,0.0,0.0,0.0,0.0,0.0,0.0,0.6984126984126984,0.6984126984126984,0.6984126984126984,0.5,0.0,-8.092861589969681e-05,0.7877263581488934,-7.0931155918883e-05,0.9265593561368209,6.63329386313115e-05,0.8078470824949698
2016,86061,VILA FLORES,29,9,37149.34887875932,0.0,37149.34887875932,0.0,0.0,0.0,0.0,0.0,0.0,0.0,0.0,0.6444444444444444,0.6416666666666666,0.6416666666666666,0.5,0.0,-0.0001247674792298027,0.5724346076458753,-0.00017913262840498086,0.5985915492957746,5.411540044338538e-05,0.6096579476861167
2016,86070,CIRÍACO,30,9,75376.56261848655,0.0,75376.56261848655,0.0,0.0,0.0,0.0,0.0,0.0,0.0,0.0,0.6772486772486773,0.6772486772486773,0.6772486772486773,0.5,0.0,-0.0001340667680352351,0.5392354124748491,-0.00021050321478756752,0.5633802816901409,5.246412089028307e-05,0.5754527162977867
2016,86088,CERRO BRANCO,39,9,36950.80690270701,0.0,36950.80690270701,0.0,0.0,0.0,0.0,0.0,0.0,0.0,0.0,0.6814814814814815,0.6833333333333333,0.6833333333333333,0.5,0.0,-0.00023132231305547223,0.30784708249496984,-0.0005895452621172849,0.30985915492957744,4.0886347424228636e-05,0.35412474849094566
2016,86096,COLORADO,38,9,56258.47001163511,0.0,56258.47001163511,0.0,0.0,0.0,0.0,0.0,0.0,0.0,0.0,0.49616858237547895,0.5038314176245211,0.5038314176245211,0.5,0.0,-0.00021968313124673424,0.32595573440643866,-0.000541180775437968,0.3319919517102616,4.1936585783334904e-05,0.3722334004024145
2016,86100,ANDRÉ DA ROCHA,24,9,93051.58031238033,0.0,93051.58031238033,0.0,0.0,0.0,0.0,0.0,0.0,0.0,0.0,0.6592592592592592,0.6592592592592592,0.6592592592592592,0.5,0.0,-8.641435119731845e-05,0.755533199195171,-7.700469124165385e-05,0.8561368209255533,6.397012158673103e-05,0.7756539235412475
2016,86118,CONDOR,10,9,54239.44423473445,0.0,54239.44423473445,0.0,0.0,0.0,0.0,0.0,0.0,0.0,0.0,1.0,1.0,1.0,0.5,0.0,-0.00019417105637641824,0.3641851106639839,-0.001135630318730025,0.2112676056338028,0.00012248165213417538,0.9899396378269618
2016,86126,POÇO DAS ANTAS,20,9,127506.73337771362,0.0,127506.73337771362,0.0,0.0,0.0,0.0,0.0,0.0,0.0,0.0,0.712121212121212,0.712121212121212,0.712121212121212,0.5,0.0,-7.091156904279616e-05,0.9114688128772636,-9.398465439795835e-05,0.7665995975855131,7.446143331355487e-05,0.8832997987927566
2016,86134,CONSTANTINA,31,9,149674.81624363014,0.0,149674.81624363014,0.0,0.0,0.0,0.0,0.0,0.0,0.0,0.0,0.8636363636363636,0.8636363636363636,0.8636363636363636,0.5,0.0,-0.00014376845794204475,0.49798792756539234,-0.00024465515879092776,0.5261569416498993,5.090043766922005e-05,0.5382293762575453
2016,86142,TRÊS PALMEIRAS,35,9,82688.56558366962,0.0,82688.56558366962,0.0,0.0,0.0,0.0,0.0,0.0,0.0,0.0,0.8012820512820513,0.8012820512820513,0.8012820512820513,0.5,0.0,-0.00018575710854876,0.3822937625754527,-0.0004038226953535733,0.3843058350100604,4.540166892762898e-05,0.4225352112676056
2016,86150,CORONEL BICACO,23,9,57868.53869760523,0.0,57868.53869760523,0.0,0.0,0.0,0.0,0.0,0.0,0.0,0.0,0.9126984126984127,0.9206349206349207,0.9206349206349207,0.5,0.0,-8.092861589969681e-05,0.7877263581488934,-7.0931155918883e-05,0.9265593561368209,6.63329386313115e-05,0.8078470824949698
2016,86169,NOVA ALVORADA,23,9,53528.56595525642,0.0,53528.56595525642,0.0,0.0,0.0,0.0,0.0,0.0,0.0,0.0,0.5952380952380952,0.5952380952380952,0.5952380952380952,0.5,0.0,-8.092861589969681e-05,0.7877263581488934,-7.0931155918883e-05,0.9265593561368209,6.63329386313115e-05,0.8078470824949698
2016,86177,CRISSIUMAL,34,9,166457.63121373235,0.0,166457.63121373235,0.0,0.0,0.0,0.0,0.0,0.0,0.0,0.0,0.6844444444444444,0.6844444444444444,0.6844444444444444,0.5,0.0,-0.00017485488160270607,0.4154929577464789,-0.0003610997328373465,0.41750503018108653,4.667351707789617e-05,0.4557344064386318
2016,86185,MORRO REDONDO,41,9,79879.67998659755,0.0,79879.67998659755,0.0,0.0,0.0,0.0,0.0,0.0,0.0,0.0,0.7638888888888888,0.7743055555555556,0.7743055555555556,0.5,0.0,-0.0002549834000556805,0.272635814889336,-0.000689414604003835,0.2746478873239437,3.892447854667527e-05,0.31690140845070425
2016,86193,CRUZ ALTA,162,15,837455.0144668473,0.0,837455.0144668473,0.0,0.0,0.0,0.0,0.0,0.0,0.0,0.0,0.9154195011337869,0.9145124716553288,0.9145124716553288,0.5,0.0,-0.0015612949018691698,0.028169014084507043,-0.006977339435545533,0.026156941649899398,1.7092241622453438e-05,0.060362173038229376
2016,86207,SANTA MARIA DO HERVAL,34,9,110999.53215514446,0.0,110999.53215514446,0.0,0.0,0.0,0.0,0.0,0.0,0.0,0.0,0.6533333333333333,0.6444444444444444,0.6444444444444444,0.5,0.0,-0.00017485488160270607,0.4154929577464789,-0.0003610997328373465,0.41750503018108653,4.667351707789617e-05,0.4557344064386318
2016,86215,CRUZEIRO DO SUL,59,9,105146.53365077027,0.0,105146.53365077027,0.0,0.0,0.0,0.0,0.0,0.0,0.0,0.0,0.7288888888888888,0.73,0.73,0.5,0.0,-0.0004771963669141584,0.16700201207243462,-0.0016861080138050172,0.15694164989939638,2.706445917137291e-05,0.20321931589537223
2016,86223,BARÃO,46,9,120618.31426301214,0.0,120618.31426301214,0.0,0.0,0.0,0.0,0.0,0.0,0.0,0.0,0.7807807807807807,0.7807807807807807,0.7807807807807807,0.5,0.0,-0.0003157064545841718,0.23440643863179075,-0.0009530875371351557,0.2323943661971831,3.4713010153399075e-05,0.27867203219315895
2016,86231,DAVID CANABARRO,27,9,76479.59498070634,0.0,76479.59498070634,0.0,0.0,0.0,0.0,0.0,0.0,0.0,0.0,0.4629629629629629,0.4629629629629629,0.4629629629629629,0.5,0.0,-0.00010759191108159146,0.6378269617706237,-0.0001260717499592124,0.6921529175050302,5.771036647464188e-05,0.6720321931589537
2016,86240,ELDORADO DO SUL,118,9,506122.01803867565,0.0,506122.01803867565,0.0,0.0,0.0,0.0,0.0,0.0,0.0,0.0,0.9306829765545361,0.9306829765545361,0.9306829765545361,0.5,0.0,-0.001146647402724709,0.0482897384305835,-0.004914398545723561,0.04225352112676056,1.6534018998595355e-05,0.03621730382293763
2016,86258,DOIS IRMÃOS,42,9,186902.18437627028,0.0,186902.18437627028,0.0,0.0,0.0,0.0,0.0,0.0,0.0,0.0,0.9023569023569024,0.9023569023569024,0.9023569023569024,0.5,0.0,-0.00026697408233635877,0.25855130784708247,-0.0007407167544283995,0.25653923541247486,3.800751515128715e-05,0.3028169014084507
2016,86274,DOM FELICIANO,56,9,355819.7463800112,0.0,355819.7463800112,0.0,0.0,0.0,0.0,0.0,0.0,0.0,0.0,0.7990543735224587,0.7990543735224587,0.7990543735224587,0.5,0.0,-0.00043990656829243687,0.18209255533199195,-0.001513896781529266,0.1720321931589537,2.850121335610218e-05,0.22032193158953722
2016,86282,ALTO FELIZ,39,9,163041.73509529003,0.0,163041.73509529003,0.0,0.0,0.0,0.0,0.0,0.0,0.0,0.0,0.562962962962963,0.562962962962963,0.562962962962963,0.5,0.0,-0.00023132231305547223,0.30784708249496984,-0.0005895452621172849,0.30985915492957744,4.0886347424228636e-05,0.35412474849094566
2016,86290,DOM PEDRITO,75,13,464859.574039147,0.0,464859.574039147,0.0,0.0,0.0,0.0,0.0,0.0,0.0,0.0,0.7419354838709679,0.7419354838709679,0.7419354838709679,0.5,0.0,-0.0006722039440596857,0.12072434607645875,-0.0026051245973201607,0.11066398390342053,2.161019527822704e-05,0.15090543259557343
2016,86304,AMETISTA DO SUL,30,9,170955.80390806796,0.0,170955.80390806796,0.0,0.0,0.0,0.0,0.0,0.0,0.0,0.0,0.6243386243386244,0.6243386243386244,0.6243386243386244,0.5,0.0,-0.0001340667680352351,0.5392354124748491,-0.00021050321478756752,0.5633802816901409,5.246412089028307e-05,0.5754527162977867
2016,86312,DONA FRANCISCA,25,9,57758.497499484525,0.0,57758.497499484525,0.0,0.0,0.0,0.0,0.0,0.0,0.0,0.0,0.6875,0.6875,0.6875,0.5,0.0,-9.275381181979697e-05,0.7012072434607646,-8.862743996724572e-05,0.7977867203219315,6.175386645684119e-05,0.7334004024144869
2016,86320,ARAMBARÉ,45,9,77981.14732304339,0.0,77981.14732304339,0.0,0.0,0.0,0.0,0.0,0.0,0.0,0.0,0.6990740740740741,0.6990740740740741,0.6990740740740741,0.5,0.0,-0.0003034298300144405,0.23943661971830985,-0.0008990655109996546,0.23742454728370221,3.5484681113299456e-05,0.2837022132796781
2016,86339,ENCANTADO,42,11,239542.10066673538,0.0,239542.10066673538,0.0,0.0,0.0,0.0,0.0,0.0,0.0,0.0,0.6656891495601173,0.6612903225806451,0.6612903225806451,0.5,0.0,-0.00026697408233635877,0.25855130784708247,-0.0007407167544283995,0.25653923541247486,3.800751515128715e-05,0.3028169014084507
2016,86347,BARÃO DO TRIUNFO,40,9,161373.81076526555,0.0,161373.81076526555,0.0,0.0,0.0,0.0,0.0,0.0,0.0,0.0,0.8207885304659498,0.8207885304659498,0.8207885304659498,0.5,0.0,-0.00024309454401840475,0.2887323943661972,-0.0006389919942901376,0.29074446680080485,3.9883237070738695e-05,0.3329979879275654
2016,86355,ENCRUZILHADA DO SUL,89,11,376236.49685587204,0.0,376236.49685587204,0.0,0.0,0.0,0.0,0.0,0.0,0.0,0.0,0.8216783216783217,0.8193473193473193,0.8193473193473193,0.5,0.0,-0.0008350245809859113,0.09356136820925554,-0.00338883070780826,0.08148893360160966,1.8885604439995806e-05,0.11267605633802817
2016,86363,BARRA DO GUARITA,29,9,73545.64170682494,0.0,73545.64170682494,0.0,0.0,0.0,0.0,0.0,0.0,0.0,0.0,0.7944444444444445,0.8,0.8,0.5,0.0,-0.0001247674792298027,0.5724346076458753,-0.00017913262840498086,0.5985915492957746,5.411540044338538e-05,0.6096579476861167
2016,86371,ERECHIM,208,17,1521740.2610088661,784.6338625585437,1520955.6271463076,0.0005156161551764136,0.009615384615384616,0.058823529411764705,0.005235602094240838,0.05358792731752387,0.00010985469885165222,0.0002027497250216992,-9.289502617004699e-05,0.8789651986449031,0.8786572220511242,0.8786572220511242,0.5266399753618726,0.0,-0.001420958681490356,0.03621730382293763,0.0007500282039729616,0.9416498993963782,1.993610125775322e-05,0.13682092555331993
2016,86380,BARRA DO RIO AZUL,15,9,11521.77089958467,0.0,11521.77089958467,0.0,0.0,0.0,0.0,0.0,0.0,0.0,0.0,0.7222222222222222,0.7222222222222222,0.7222222222222222,0.5,0.0,-8.805428346369872e-05,0.7293762575452716,-0.00034419955879969727,0.4416498993963783,9.290724185647251e-05,0.9728370221327968
2016,86398,HERVAL,35,9,72861.04125953637,0.0,72861.04125953637,0.0,0.0,0.0,0.0,0.0,0.0,0.0,0.0,0.6923076923076923,0.6923076923076923,0.6923076923076923,0.5,0.0,-0.00018575710854876,0.3822937625754527,-0.0004038226953535733,0.3843058350100604,4.540166892762898e-05,0.4225352112676056
2016,86401,BARRA FUNDA,19,9,566078.1269430617,0.0,566078.1269430617,0.0,0.0,0.0,0.0,0.0,0.0,0.0,0.0,0.43333333333333335,0.43333333333333335,0.43333333333333335,0.5,0.0,-7.028032636912046e-05,0.9336016096579477,-0.00011880714247054497,0.7223340040241448,7.758411821868347e-05,0.9054325955734407
2016,86410,ERVAL GRANDE,15,9,27112.57898833544,0.0,27112.57898833544,0.0,0.0,0.0,0.0,0.0,0.0,0.0,0.0,0.40740740740740744,0.40740740740740744,0.40740740740740744,0.5,0.0,-8.805428346369872e-05,0.7293762575452716,-0.00034419955879969727,0.4416498993963783,9.290724185647251e-05,0.9728370221327968
2016,86428,BOA VISTA DAS MISSÕES,19,9,108577.9744023388,0.0,108577.9744023388,0.0,0.0,0.0,0.0,0.0,0.0,0.0,0.0,0.7,0.7,0.7,0.5,0.0,-7.028032636912046e-05,0.9336016096579477,-0.00011880714247054497,0.7223340040241448,7.758411821868347e-05,0.9054325955734407
2016,86436,ERVAL SECO,41,9,69960.0129990574,0.0,69960.0129990574,0.0,0.0,0.0,0.0,0.0,0.0,0.0,0.0,0.6041666666666667,0.6041666666666667,0.6041666666666667,0.5,0.0,-0.0002549834000556805,0.272635814889336,-0.000689414604003835,0.2746478873239437,3.892447854667527e-05,0.31690140845070425
2016,86444,BOM PROGRESSO,31,9,102105.24838625587,0.0,102105.24838625587,0.0,0.0,0.0,0.0,0.0,0.0,0.0,0.0,0.6691919191919191,0.6691919191919191,0.6691919191919191,0.5,0.0,-0.00014376845794204475,0.49798792756539234,-0.00024465515879092776,0.5261569416498993,5.090043766922005e-05,0.5382293762575453
2016,86452,ESMERALDA,22,9,86190.59377404342,0.0,86190.59377404342,0.0,0.0,0.0,0.0,0.0,0.0,0.0,0.0,0.6452991452991452,0.6452991452991452,0.6452991452991452,0.5,0.0,-7.641766613220523e-05,0.8329979879275654,-7.114121151380437e-05,0.8953722334004024,6.885723450961779e-05,0.8390342052313883
2016,86460,CAMPESTRE DA SERRA,25,9,155445.93154246075,0.0,155445.93154246075,0.0,0.0,0.0,0.0,0.0,0.0,0.0,0.0,0.7152777777777778,0.7152777777777778,0.7152777777777778,0.5,0.0,-9.275381181979697e-05,0.7012072434607646,-8.862743996724572e-05,0.7977867203219315,6.175386645684119e-05,0.7334004024144869
2016,86479,ESPUMOSO,52,9,223625.81756914785,0.0,223625.81756914785,0.0,0.0,0.0,0.0,0.0,0.0,0.0,0.0,0.6459948320413437,0.6511627906976745,0.6511627906976745,0.5,0.0,-0.00039008437436666946,0.2012072434607646,-0.0012862554521680938,0.19114688128772636,3.069415083814151e-05,0.2414486921529175
2016,86487,CANDIOTA,72,9,178020.7656418451,509.9824018380512,177510.78324000706,0.00286473547060274,0.013888888888888888,0.0,0.015873015873015872,-0.015873015873015872,0.0,0.008335269066976384,-0.008335269066976384,0.888888888888889,0.8977072310405644,0.8977072310405644,0.4920634920634921,0.0,0.0022284445395130675,0.9637826961770624,0.011454899255258884,0.9708249496981891,2.2403892898715786e-05,0.15995975855130784
2016,86495,ESTÂNCIA VELHA,95,9,236687.1437379599,0.0,236687.1437379599,0.0,0.0,0.0,0.0,0.0,0.0,0.0,0.0,0.8436692506459947,0.8436692506459949,0.8436692506459949,0.5,0.0,-0.0009023088351252491,0.08048289738430583,-0.0037157761937323627,0.07042253521126761,1.8104353296049027e-05,0.0925553319919517
2016,86509,CAPITÃO,20,9,101519.05286886211,0.0,101519.05286886211,0.0,0.0,0.0,0.0,0.0,0.0,0.0,0.0,0.6767676767676767,0.6767676767676767,0.6767676767676767,0.5,0.0,-7.091156904279616e-05,0.9114688128772636,-9.398465439795835e-05,0.7665995975855131,7.446143331355487e-05,0.8832997987927566
2016,86517,ESTEIO,122,10,742845.0772813632,44.413237503313795,742800.6640438599,5.978802156952525e-05,0.00819672131147541,0.1,0.0,0.1,0.0003255413209598694,0.0,0.0003255413209598694,0.9625,0.9633928571428572,0.9625,0.55,0.0008928571428571397,-0.0011272608439195952,0.05432595573440644,0.0030827107445381193,0.9476861167002012,0.0009092900590437346,0.993963782696177
2016,86525,CARLOS GOMES,19,9,18113.198695101477,0.0,18113.198695101477,0.0,0.0,0.0,0.0,0.0,0.0,0.0,0.0,0.7055555555555555,0.7055555555555555,0.7055555555555555,0.5,0.0,-7.028032636912046e-05,0.9336016096579477,-0.00011880714247054497,0.7223340040241448,7.758411821868347e-05,0.9054325955734407
2016,86533,ESTRELA,133,13,393292.1867571946,518.1544375386609,392774.03231965593,0.0013174796118147957,0.007518796992481203,0.0,0.008333333333333333,-0.008333333333333333,0.0,0.0021352660541503476,-0.0021352660541503476,0.6551282051282051,0.657051282051282,0.657051282051282,0.49583333333333335,0.0,2.229464014927144e-05,0.9496981891348089,0.00186887707160138,0.9456740442655935,1.6345493169109175e-05,0.026156941649899398
2016,86541,CENTENÁRIO,27,9,168726.09653686412,0.0,168726.09653686412,0.0,0.0,0.0,0.0,0.0,0.0,0.0,0.0,0.75,0.6327160493827161,0.6327160493827161,0.5,0.0,-0.00010759191108159146,0.6378269617706237,-0.0001260717499592124,0.6921529175050302,5.771036647464188e-05,0.6720321931589537
2016,86550,FARROUPILHA,159,15,892284.8142588882,1332.3971250994139,890952.4171337888,0.0014932419601986313,0.006289308176100629,0.0,0.006944444444444444,-0.006944444444444444,0.0,0.001004193512106557,-0.001004193512106557,0.9194444444444445,0.9166666666666667,0.9171296296296297,0.4965277777777778,-0.0004629629629629983,-4.169853104810193e-05,0.9476861167002012,-0.0005560912442834024,0.323943661971831,-0.00044599806514460615,0.02012072434607646
2016,86568,CHARRUA,19,9,57796.64847049987,0.0,57796.64847049987,0.0,0.0,0.0,0.0,0.0,0.0,0.0,0.0,0.8333333333333333,0.8333333333333334,0.8333333333333334,0.5,0.0,-7.028032636912046e-05,0.9336016096579477,-0.00011880714247054497,0.7223340040241448,7.758411821868347e-05,0.9054325955734407
2016,86576,FAXINAL DO SOTURNO,36,9,102495.9812453975,0.0,102495.9812453975,0.0,0.0,0.0,0.0,0.0,0.0,0.0,0.0,0.7078189300411523,0.7078189300411523,0.7078189300411523,0.5,0.0,-0.00019687902054366086,0.35110663983903423,-0.00044818189692614205,0.35714285714285715,4.419080094231887e-05,0.39738430583501005
2016,86584,COLINAS,31,9,68972.24779257122,0.0,68972.24779257122,0.0,0.0,0.0,0.0,0.0,0.0,0.0,0.0,0.6363636363636364,0.6439393939393939,0.6439393939393939,0.5,0.0,-0.00014376845794204475,0.49798792756539234,-0.00024465515879092776,0.5261569416498993,5.090043766922005e-05,0.5382293762575453
2016,86592,FELIZ,41,9,156668.627970927,0.0,156668.627970927,0.0,0.0,0.0,0.0,0.0,0.0,0.0,0.0,0.9097222222222222,0.9097222222222222,0.9097222222222222,0.5,0.0,-0.0002549834000556805,0.272635814889336,-0.000689414604003835,0.2746478873239437,3.892447854667527e-05,0.31690140845070425
2016,86606,COQUEIROS DO SUL,24,9,31357.38896712716,0.0,31357.38896712716,0.0,0.0,0.0,0.0,0.0,0.0,0.0,0.0,0.8555555555555555,0.8518518518518519,0.8518518518518519,0.5,0.0,-8.641435119731845e-05,0.755533199195171,-7.700469124165385e-05,0.8561368209255533,6.397012158673103e-05,0.7756539235412475
2016,86614,FLORES DA CUNHA,71,9,202751.09259256534,0.0,202751.09259256534,0.0,0.0,0.0,0.0,0.0,0.0,0.0,0.0,0.6568100358422939,0.6550179211469533,0.6550179211469533,0.5,0.0,-0.0006242450850231166,0.13279678068410464,-0.0023767528268514022,0.1227364185110664,2.2688523785261315e-05,0.16498993963782696
2016,86622,CORONEL BARROS,38,9,56153.136616689735,0.0,56153.136616689735,0.0,0.0,0.0,0.0,0.0,0.0,0.0,0.0,0.6264367816091954,0.6283524904214559,0.6283524904214559,0.5,0.0,-0.00021968313124673424,0.32595573440643866,-0.000541180775437968,0.3319919517102616,4.1936585783334904e-05,0.3722334004024145
2016,86630,FONTOURA XAVIER,24,9,114844.11964638134,0.0,114844.11964638134,0.0,0.0,0.0,0.0,0.0,0.0,0.0,0.0,0.8444444444444444,0.8444444444444444,0.8444444444444444,0.5,0.0,-8.641435119731845e-05,0.755533199195171,-7.700469124165385e-05,0.8561368209255533,6.397012158673103e-05,0.7756539235412475
2016,86649,COXILHA,33,9,172229.90125673806,0.0,172229.90125673806,0.0,0.0,0.0,0.0,0.0,0.0,0.0,0.0,0.7592592592592592,0.7499999999999999,0.7499999999999999,0.5,0.0,-0.00016420075464760036,0.44668008048289737,-0.0003201927639547311,0.4607645875251509,4.8010671392986836e-05,0.4869215291750503
2016,86657,FORMIGUEIRO,34,9,171032.34272069868,0.0,171032.34272069868,0.0,0.0,0.0,0.0,0.0,0.0,0.0,0.0,0.7822222222222222,0.7822222222222222,0.7822222222222222,0.5,0.0,-0.00017485488160270607,0.4154929577464789,-0.0003610997328373465,0.41750503018108653,4.667351707789617e-05,0.4557344064386318
2016,86665,DERRUBADAS,21,9,60108.875636984885,0.0,60108.875636984885,0.0,0.0,0.0,0.0,0.0,0.0,0.0,0.0,0.5694444444444443,0.5694444444444443,0.5694444444444443,0.5,0.0,-7.3023112071133e-05,0.8621730382293763,-7.849102885157103e-05,0.8279678068410463,7.156013800602988e-05,0.8661971830985915
2016,86673,FREDERICO WESTPHALEN,49,11,217257.38863913517,0.0,217257.38863913517,0.0,0.0,0.0,0.0,0.0,0.0,0.0,0.0,0.8540669856459331,0.8540669856459331,0.8540669856459331,0.5,0.0,-0.0003527841500916786,0.21830985915492956,-0.00111802533054391,0.21629778672032193,3.258138418507382e-05,0.2605633802816901
2016,86681,DOIS IRMÃOS DAS MISSÕES,28,9,57129.33957701258,0.0,57129.33957701258,0.0,0.0,0.0,0.0,0.0,0.0,0.0,0.0,0.7543859649122807,0.7543859649122807,0.7543859649122807,0.5,0.0,-0.00011592272678545503,0.6016096579476862,-0.0001508665451618254,0.6599597585513078,5.586146908591025e-05,0.6398390342052314
2016,86690,GARIBALDI,63,9,213667.6295002798,0.0,213667.6295002798,0.0,0.0,0.0,0.0,0.0,0.0,0.0,0.0,0.8230452674897119,0.823045267489712,0.823045267489712,0.5,0.0,-0.0005266607006932421,0.15593561368209255,-0.0019165700651065784,0.14587525150905434,2.5384997476325353e-05,0.19014084507042253
2016,86703,ENGENHO VELHO,12,9,86718.32666647028,0.0,86718.32666647028,0.0,0.0,0.0,0.0,0.0,0.0,0.0,0.0,0.7777777777777779,0.7777777777777779,0.7777777777777779,0.5,0.0,-0.00013504919169131908,0.5181086519114688,-0.0007188306890801385,0.26458752515090544,0.00010870082829048127,0.9849094567404426
2016,86711,GAURAMA,28,9,68822.78244396005,1776.5295001325517,67046.2529438275,0.02581310195615989,0.03571428571428571,0.0,0.05263157894736842,-0.05263157894736842,0.0,0.020582191293287137,-0.020582191293287137,0.6783625730994152,0.6783625730994152,0.7017543859649122,0.4736842105263158,-0.023391812865497075,0.025697179229374433,1.0,0.03556341916912389,0.9959758551307847,-0.023335951396411165,0.002012072434607646
2016,86720,GARRUCHOS,32,9,109545.30951957348,0.0,109545.30951957348,0.0,0.0,0.0,0.0,0.0,0.0,0.0,0.0,0.8188405797101449,0.8260869565217392,0.8260869565217392,0.5,0.0,-0.00015382663821862086,0.46981891348088534,-0.00028130279026808566,0.48390342052313884,4.941789328308258e-05,0.5100603621730382
2016,86738,GENERAL CÂMARA,48,9,131111.60782173258,0.0,131111.60782173258,0.0,0.0,0.0,0.0,0.0,0.0,0.0,0.0,0.9116809116809117,0.9116809116809117,0.9116809116809117,0.5,0.0,-0.0003403913917577192,0.22535211267605634,-0.001062620036244225,0.22334004024144868,3.326292446241464e-05,0.26961770623742454
2016,86746,GENTIL,26,9,52104.52951677516,0.0,52104.52951677516,0.0,0.0,0.0,0.0,0.0,0.0,0.0,0.0,0.36601307189542487,0.35947712418300654,0.35947712418300654,0.5,0.0,-9.984295221138152e-05,0.6659959758551308,-0.00010516608617706206,0.7464788732394366,5.967111235970825e-05,0.7002012072434608
2016,86754,SÃO VICENTE DO SUL,33,9,97581.95260390587,0.0,97581.95260390587,0.0,0.0,0.0,0.0,0.0,0.0,0.0,0.0,0.5717592592592593,0.5717592592592593,0.5717592592592593,0.5,0.0,-0.00016420075464760036,0.44668008048289737,-0.0003201927639547311,0.4607645875251509,4.8010671392986836e-05,0.4869215291750503
2016,86762,GRAMADO DOS LOUREIROS,22,9,31714.382570178797,0.0,31714.382570178797,0.0,0.0,0.0,0.0,0.0,0.0,0.0,0.0,0.7136752136752137,0.7136752136752137,0.7136752136752137,0.5,0.0,-7.641766613220523e-05,0.8329979879275654,-7.114121151380437e-05,0.8953722334004024,6.885723450961779e-05,0.8390342052313883
2016,86770,GETÚLIO VARGAS,41,9,188490.81627293883,0.0,188490.81627293883,0.0,0.0,0.0,0.0,0.0,0.0,0.0,0.0,0.71875,0.7083333333333333,0.7083333333333333,0.5,0.0,-0.0002549834000556805,0.272635814889336,-0.000689414604003835,0.2746478873239437,3.892447854667527e-05,0.31690140845070425
2016,86789,GRAMADO XAVIER,50,9,163008.89890836255,0.0,163008.89890836255,0.0,0.0,0.0,0.0,0.0,0.0,0.0,0.0,0.8848238482384824,0.8848238482384824,0.8848238482384824,0.5,0.0,-0.0003652012302209857,0.21227364185110664,-0.001173793882299482,0.20422535211267606,3.192693680935867e-05,0.2545271629778672
2016,86797,GIRUÁ,49,11,328482.3327790214,0.0,328482.3327790214,0.0,0.0,0.0,0.0,0.0,0.0,0.0,0.0,0.9162679425837321,0.9162679425837321,0.9162679425837321,0.5,0.0,-0.0003527841500916786,0.21830985915492956,-0.00111802533054391,0.21629778672032193,3.258138418507382e-05,0.2605633802816901
2016,86800,HULHA NEGRA,50,9,144159.00303838108,0.0,144159.00303838108,0.0,0.0,0.0,0.0,0.0,0.0,0.0,0.0,0.8590785907859079,0.8644986449864499,0.8644986449864499,0.5,0.0,-0.0003652012302209857,0.21227364185110664,-0.001173793882299482,0.20422535211267606,3.192693680935867e-05,0.2545271629778672
2016,86819,GRAMADO,83,9,474869.11861498136,2960.8825002209196,471908.2361147604,0.006235154875635471,0.012048192771084338,0.1111111111111111,0.0,0.1111111111111111,0.006497723896052142,0.0,0.006497723896052142,0.8918918918918919,0.8918918918918919,0.8918918918918919,0.5555555555555556,0.0,0.005468921576294056,0.9839034205231388,0.008991888911150207,0.96579476861167,1.9878887774153428e-05,0.13380281690140844
2016,86827,INHACORÁ,22,9,89696.18982782998,0.0,89696.18982782998,0.0,0.0,0.0,0.0,0.0,0.0,0.0,0.0,0.5940170940170939,0.5940170940170939,0.5940170940170939,0.5,0.0,-7.641766613220523e-05,0.8329979879275654,-7.114121151380437e-05,0.8953722334004024,6.885723450961779e-05,0.8390342052313883
2016,86835,GRAVATAÍ,352,21,1752889.2072698753,1154.7441750861587,1751734.463094789,0.0006587662074117466,0.002840909090909091,0.047619047619047616,0.0,0.047619047619047616,0.0014067420384622751,0.0,0.0014067420384622751,0.909941015681197,0.9100848798733996,0.9100848798733996,0.5238095238095238,0.0,-0.0022069784895750494,0.008048289738430584,-0.01075193173376568,0.008048289738430584,3.288317827339864e-05,0.2635814889336016
2016,86843,ITAPUCA,24,9,62475.34617087396,0.0,62475.34617087396,0.0,0.0,0.0,0.0,0.0,0.0,0.0,0.0,0.825925925925926,0.825925925925926,0.825925925925926,0.5,0.0,-8.641435119731845e-05,0.755533199195171,-7.700469124165385e-05,0.8561368209255533,6.397012158673103e-05,0.7756539235412475
2016,86851,GUAÍBA,269,16,1250599.118949748,0.0,1250599.118949748,0.0,0.0,0.0,0.0,0.0,0.0,0.0,0.0,0.9634387351778657,0.9634387351778657,0.9634387351778657,0.5,0.0,-0.002367187713223946,0.004024144869215292,-0.011048622567358056,0.004024144869215292,2.508386499732702e-05,0.18712273641851107
2016,86860,LAJEADO DO BUGRE,24,9,129760.4979192318,0.0,129760.4979192318,0.0,0.0,0.0,0.0,0.0,0.0,0.0,0.0,0.8222222222222223,0.8222222222222223,0.8222222222222223,0.5,0.0,-8.641435119731845e-05,0.755533199195171,-7.700469124165385e-05,0.8561368209255533,6.397012158673103e-05,0.7756539235412475
2016,86878,GUAPORÉ,40,11,189612.97593611007,0.0,189612.97593611007,0.0,0.0,0.0,0.0,0.0,0.0,0.0,0.0,0.7460815047021944,0.7460815047021944,0.7460815047021944,0.5,0.0,-0.00024309454401840475,0.2887323943661972,-0.0006389919942901376,0.29074446680080485,3.9883237070738695e-05,0.3329979879275654
2016,86886,LAGOA DOS TRÊS CANTOS,19,9,41464.8351228313,0.0,41464.8351228313,0.0,0.0,0.0,0.0,0.0,0.0,0.0,0.0,0.7055555555555555,0.7,0.7,0.5,0.0,-7.028032636912046e-05,0.9336016096579477,-0.00011880714247054497,0.7223340040241448,7.758411821868347e-05,0.9054325955734407
2016,86894,GUARANI DAS MISSÕES,39,9,192587.15279875696,0.0,192587.15279875696,0.0,0.0,0.0,0.0,0.0,0.0,0.0,0.0,0.725925925925926,0.725925925925926,0.725925925925926,0.5,0.0,-0.00023132231305547223,0.30784708249496984,-0.0005895452621172849,0.30985915492957744,4.0886347424228636e-05,0.35412474849094566
2016,86908,LINDOLFO COLLOR,40,9,39080.33281451589,0.0,39080.33281451589,0.0,0.0,0.0,0.0,0.0,0.0,0.0,0.0,0.7688172043010753,0.7759856630824373,0.7759856630824373,0.5,0.0,-0.00024309454401840475,0.2887323943661972,-0.0006389919942901376,0.29074446680080485,3.9883237070738695e-05,0.3329979879275654
2016,86916,HORIZONTINA,52,9,457290.1075361571,0.0,457290.1075361571,0.0,0.0,0.0,0.0,0.0,0.0,0.0,0.0,0.8708010335917312,0.8708010335917312,0.8708010335917312,0.5,0.0,-0.00039008437436666946,0.2012072434607646,-0.0012862554521680938,0.19114688128772636,3.069415083814151e-05,0.2414486921529175
2016,86924,LINHA NOVA,22,9,94030.77376402839,0.0,94030.77376402839,0.0,0.0,0.0,0.0,0.0,0.0,0.0,0.0,0.48717948717948717,0.48717948717948717,0.48717948717948717,0.5,0.0,-7.641766613220523e-05,0.8329979879275654,-7.114121151380437e-05,0.8953722334004024,6.885723450961779e-05,0.8390342052313883
2016,86932,CHARQUEADAS,117,13,526318.4492476949,0.0,526318.4492476949,0.0,0.0,0.0,0.0,0.0,0.0,0.0,0.0,0.9053254437869822,0.8846153846153847,0.8846153846153847,0.5,0.0,-0.001136454070215687,0.05130784708249497,-0.0048640926969895125,0.04527162977867203,1.6565836171666445e-05,0.04124748490945674
2016,86940,MANOEL VIANA,43,9,183290.15940101328,0.0,183290.15940101328,0.0,0.0,0.0,0.0,0.0,0.0,0.0,0.0,0.7826797385620914,0.7810457516339868,0.7810457516339868,0.5,0.0,-0.0002790532360387,0.24949698189134809,-0.0007928110452975389,0.24748490945674045,3.712998787224201e-05,0.2937625754527163
2016,86959,HUMAITÁ,23,9,80359.56501782085,0.0,80359.56501782085,0.0,0.0,0.0,0.0,0.0,0.0,0.0,0.0,0.738095238095238,0.738095238095238,0.738095238095238,0.5,0.0,-8.092861589969681e-05,0.7877263581488934,-7.0931155918883e-05,0.9265593561368209,6.63329386313115e-05,0.8078470824949698
2016,86967,MAQUINÉ,41,9,115883.03409805885,0.0,115883.03409805885,0.0,0.0,0.0,0.0,0.0,0.0,0.0,0.0,0.826388888888889,0.826388888888889,0.826388888888889,0.5,0.0,-0.0002549834000556805,0.272635814889336,-0.000689414604003835,0.2746478873239437,3.892447854667527e-05,0.31690140845070425
2016,86975,IBIAÇÁ,20,9,61158.90820245074,0.0,61158.90820245074,0.0,0.0,0.0,0.0,0.0,0.0,0.0,0.0,0.6060606060606061,0.6060606060606061,0.6060606060606061,0.5,0.0,-7.091156904279616e-05,0.9114688128772636,-9.398465439795835e-05,0.7665995975855131,7.446143331355487e-05,0.8832997987927566
2016,86983,MARATÁ,36,9,110794.43182435416,0.0,110794.43182435416,0.0,0.0,0.0,0.0,0.0,0.0,0.0,0.0,0.8436213991769548,0.8436213991769548,0.8436213991769548,0.5,0.0,-0.00019687902054366086,0.35110663983903423,-0.00044818189692614205,0.35714285714285715,4.419080094231887e-05,0.39738430583501005
2016,86991,IBIRAIARAS,34,9,107590.37204439013,0.0,107590.37204439013,0.0,0.0,0.0,0.0,0.0,0.0,0.0,0.0,0.6644444444444444,0.6022222222222222,0.6022222222222222,0.5,0.0,-0.00017485488160270607,0.4154929577464789,-0.0003610997328373465,0.41750503018108653,4.667351707789617e-05,0.4557344064386318
2016,87009,MARIANA PIMENTEL,44,9,170043.64483622494,0.0,170043.64483622494,0.0,0.0,0.0,0.0,0.0,0.0,0.0,0.0,0.7777777777777778,0.7746031746031746,0.7746031746031746,0.5,0.0,-0.0002912087923035494,0.24446680080482897,-0.000845618056654918,0.24245472837022133,3.628971618956598e-05,0.2887323943661972
2016,87017,IBIRUBÁ,44,11,223119.6547057351,1258.3750625938908,221861.27964314123,0.005639911303437247,0.022727272727272728,0.0,0.030303030303030304,-0.030303030303030304,0.0,0.005151515151515152,-0.005151515151515152,0.650137741046832,0.6473829201101928,0.6501377410468319,0.48484848484848486,-0.0027548209366390353,0.005348702511133697,0.9818913480885312,0.02188165467061781,0.9839034205231388,-0.002718531220449469,0.004024144869215292
2016,87025,MATO CASTELHANO,35,9,106160.72473357095,0.0,106160.72473357095,0.0,0.0,0.0,0.0,0.0,0.0,0.0,0.0,0.5,0.5,0.5,0.5,0.0,-0.00018575710854876,0.3822937625754527,-0.0004038226953535733,0.3843058350100604,4.540166892762898e-05,0.4225352112676056
2016,87033,IGREJINHA,95,9,214684.9443141182,3256.9707502430115,211427.97356387516,0.015170932273096642,0.031578947368421054,0.2222222222222222,0.011627906976744186,0.21059431524547803,0.006843182159174829,0.0029923572460067503,0.003850824913168079,0.7758397932816539,0.7758397932816538,0.7771317829457365,0.6040051679586563,-0.0012919896640827266,0.014268623437971393,0.993963782696177,0.02786317117468869,0.9879275653923542,-0.0012738853107866776,0.008048289738430584
2016,87041,MATO LEITÃO,47,9,44429.67040119002,0.0,44429.67040119002,0.0,0.0,0.0,0.0,0.0,0.0,0.0,0.0,0.685672514619883,0.6769005847953216,0.6769005847953216,0.5,0.0,-0.0003280296913760468,0.23138832997987926,-0.0010076240216634128,0.22937625754527163,3.397296396650138e-05,0.27565392354124746
2016,87050,IJUÍ,94,15,659438.6161266902,0.0,659438.6161266902,0.0,0.0,0.0,0.0,0.0,0.0,0.0,0.0,0.9447257383966244,0.9451476793248945,0.9451476793248945,0.5,0.0,-0.0008911992739583048,0.08249496981891348,-0.0036616859473605563,0.07243460764587525,1.8221393873898493e-05,0.09456740442655935
2016,87068,MINAS DO LEÃO,28,9,115001.37211596807,0.0,115001.37211596807,0.0,0.0,0.0,0.0,0.0,0.0,0.0,0.0,0.8713450292397662,0.8713450292397662,0.8713450292397662,0.5,0.0,-0.00011592272678545503,0.6016096579476862,-0.0001508665451618254,0.6599597585513078,5.586146908591025e-05,0.6398390342052314
2016,87076,ILÓPOLIS,24,9,59934.00591652184,0.0,59934.00591652184,0.0,0.0,0.0,0.0,0.0,0.0,0.0,0.0,0.6888888888888889,0.6962962962962963,0.6962962962962963,0.5,0.0,-8.641435119731845e-05,0.755533199195171,-7.700469124165385e-05,0.8561368209255533,6.397012158673103e-05,0.7756539235412475
2016,87084,MONTE BELO DO SUL,31,9,119518.02071710507,0.0,119518.02071710507,0.0,0.0,0.0,0.0,0.0,0.0,0.0,0.0,0.7702020202020202,0.7702020202020202,0.7702020202020202,0.5,0.0,-0.00014376845794204475,0.49798792756539234,-0.00024465515879092776,0.5261569416498993,5.090043766922005e-05,0.5382293762575453
2016,87092,INDEPENDÊNCIA,32,9,198355.32201949984,0.0,198355.32201949984,0.0,0.0,0.0,0.0,0.0,0.0,0.0,0.0,0.6908212560386473,0.6908212560386473,0.6908212560386473,0.5,0.0,-0.00015382663821862086,0.46981891348088534,-0.00028130279026808566,0.48390342052313884,4.941789328308258e-05,0.5100603621730382
2016,87106,MORMAÇO,35,9,77469.4920225927,0.0,77469.4920225927,0.0,0.0,0.0,0.0,0.0,0.0,0.0,0.0,0.7264957264957265,0.7264957264957265,0.7264957264957265,0.5,0.0,-0.00018575710854876,0.3822937625754527,-0.0004038226953535733,0.3843058350100604,4.540166892762898e-05,0.4225352112676056
2016,87114,IRAÍ,22,9,88029.1389581431,0.0,88029.1389581431,0.0,0.0,0.0,0.0,0.0,0.0,0.0,0.0,0.6153846153846154,0.6068376068376069,0.6068376068376069,0.5,0.0,-7.641766613220523e-05,0.8329979879275654,-7.114121151380437e-05,0.8953722334004024,6.885723450961779e-05,0.8390342052313883
2016,87122,MORRINHOS DO SUL,23,9,57925.29881513447,0.0,57925.29881513447,0.0,0.0,0.0,0.0,0.0,0.0,0.0,0.0,0.7301587301587301,0.7301587301587301,0.7301587301587301,0.5,0.0,-8.092861589969681e-05,0.7877263581488934,-7.0931155918883e-05,0.9265593561368209,6.63329386313115e-05,0.8078470824949698
2016,87130,ITAQUI,83,11,416345.1293583022,0.0,416345.1293583022,0.0,0.0,0.0,0.0,0.0,0.0,0.0,0.0,0.8787878787878788,0.875,0.875,0.5,0.0,-0.0007662332993414153,0.10663983903420524,-0.0030563038599341315,0.096579476861167,1.9878887774153428e-05,0.13380281690140844
2016,87149,MORRO REUTER,33,9,86757.01059633568,0.0,86757.01059633568,0.0,0.0,0.0,0.0,0.0,0.0,0.0,0.0,0.7037037037037037,0.7037037037037037,0.7037037037037037,0.5,0.0,-0.00016420075464760036,0.44668008048289737,-0.0003201927639547311,0.4607645875251509,4.8010671392986836e-05,0.4869215291750503
2016,87157,ITATIBA DO SUL,27,9,78156.06145674393,0.0,78156.06145674393,0.0,0.0,0.0,0.0,0.0,0.0,0.0,0.0,0.7469135802469136,0.7469135802469136,0.7469135802469136,0.5,0.0,-0.00010759191108159146,0.6378269617706237,-0.0001260717499592124,0.6921529175050302,5.771036647464188e-05,0.6720321931589537
2016,87165,MULITERNO,22,9,26656.632692126423,0.0,26656.632692126423,0.0,0.0,0.0,0.0,0.0,0.0,0.0,0.0,0.7948717948717948,0.7948717948717948,0.7948717948717948,0.5,0.0,-7.641766613220523e-05,0.8329979879275654,-7.114121151380437e-05,0.8953722334004024,6.885723450961779e-05,0.8390342052313883
2016,87173,IVOTI,35,9,64267.00578058263,0.0,64267.00578058263,0.0,0.0,0.0,0.0,0.0,0.0,0.0,0.0,0.7286324786324787,0.732905982905983,0.732905982905983,0.5,0.0,-0.00018575710854876,0.3822937625754527,-0.0004038226953535733,0.3843058350100604,4.540166892762898e-05,0.4225352112676056
2016,87181,NICOLAU VERGUEIRO,20,9,77550.69422516126,0.0,77550.69422516126,0.0,0.0,0.0,0.0,0.0,0.0,0.0,0.0,0.98989898989899,0.98989898989899,0.98989898989899,0.5,0.0,-7.091156904279616e-05,0.9114688128772636,-9.398465439795835e-05,0.7665995975855131,7.446143331355487e-05,0.8832997987927566
2016,87190,JACUTINGA,28,9,54541.01011738196,0.0,54541.01011738196,0.0,0.0,0.0,0.0,0.0,0.0,0.0,0.0,0.5643274853801169,0.5643274853801169,0.5643274853801169,0.5,0.0,-0.00011592272678545503,0.6016096579476862,-0.0001508665451618254,0.6599597585513078,5.586146908591025e-05,0.6398390342052314
2016,87203,NOVA BOA VISTA,18,9,33522.889601313735,0.0,33522.889601313735,0.0,0.0,0.0,0.0,0.0,0.0,0.0,0.0,0.6604938271604939,0.6604938271604939,0.6604938271604939,0.5,0.0,-7.136463698981445e-05,0.886317907444668,-0.0001543670890462443,0.6287726358148893,8.095511392154583e-05,0.9346076458752515
2016,87211,JAGUARÃO,89,9,307713.2668944593,222.06618751656896,307491.20070694276,0.0007216659514155238,0.011235955056179775,0.0,0.0125,-0.0125,0.0,0.0006416925625265233,-0.0006416925625265233,0.8666666666666667,0.8680555555555555,0.8680555555555555,0.49375,0.0,-0.0001133586295703875,0.6197183098591549,0.007847124348371514,0.9577464788732394,1.8885604439995806e-05,0.11267605633802817
2016,87220,NOVA PÁDUA,18,9,26278.572410085715,0.0,26278.572410085715,0.0,0.0,0.0,0.0,0.0,0.0,0.0,0.0,0.6666666666666667,0.6666666666666667,0.6666666666666667,0.5,0.0,-7.136463698981445e-05,0.886317907444668,-0.0001543670890462443,0.6287726358148893,8.095511392154583e-05,0.9346076458752515
2016,87238,JAGUARI,39,9,178321.73934799255,0.0,178321.73934799255,0.0,0.0,0.0,0.0,0.0,0.0,0.0,0.0,0.8666666666666667,0.8777777777777777,0.8777777777777777,0.5,0.0,-0.00023132231305547223,0.30784708249496984,-0.0005895452621172849,0.30985915492957744,4.0886347424228636e-05,0.35412474849094566
2016,87246,NOVA SANTA RITA,107,11,518971.78915284696,0.0,518971.78915284696,0.0,0.0,0.0,0.0,0.0,0.0,0.0,0.0,0.9138257575757576,0.9128787878787878,0.9128787878787878,0.5,0.0,-0.0010324146388832483,0.0613682092555332,-0.004352041574354889,0.05331991951710262,1.704711712549959e-05,0.05533199195171026
2016,87254,JÚLIO DE CASTILHOS,56,11,135661.34428480957,0.0,135661.34428480957,0.0,0.0,0.0,0.0,0.0,0.0,0.0,0.0,0.7373737373737375,0.7373737373737375,0.7373737373737375,0.5,0.0,-0.00043990656829243687,0.18209255533199195,-0.001513896781529266,0.1720321931589537,2.850121335610218e-05,0.22032193158953722
2016,87262,NOVO BARREIRO,18,9,123449.89502444843,0.0,123449.89502444843,0.0,0.0,0.0,0.0,0.0,0.0,0.0,0.0,0.6666666666666667,0.6666666666666667,0.6666666666666667,0.5,0.0,-7.136463698981445e-05,0.886317907444668,-0.0001543670890462443,0.6287726358148893,8.095511392154583e-05,0.9346076458752515
2016,87270,LAGOA VERMELHA,68,11,270251.7669781142,0.0,270251.7669781142,0.0,0.0,0.0,0.0,0.0,0.0,0.0,0.0,0.8596491228070176,0.8580542264752791,0.8580542264752791,0.5,0.0,-0.0005878939636986489,0.13883299798792756,-0.0022045687836691036,0.12877263581488935,2.3607920345099196e-05,0.1710261569416499
2016,87289,NOVO MACHADO,34,9,106298.64264043124,0.0,106298.64264043124,0.0,0.0,0.0,0.0,0.0,0.0,0.0,0.0,0.7422222222222222,0.7422222222222222,0.7422222222222222,0.5,0.0,-0.00017485488160270607,0.4154929577464789,-0.0003610997328373465,0.41750503018108653,4.667351707789617e-05,0.4557344064386318
2016,87297,LAJEADO,144,15,973026.9697089752,0.0,973026.9697089752,0.0,0.0,0.0,0.0,0.0,0.0,0.0,0.0,0.8351421188630491,0.8351421188630491,0.8351421188630491,0.5,0.0,-0.0013992052016705845,0.03822937625754527,-0.006167458075104924,0.03420523138832998,1.648777138886743e-05,0.03420523138832998
2016,87300,NOVO TIRADENTES,28,9,120741.13166912134,0.0,120741.13166912134,0.0,0.0,0.0,0.0,0.0,0.0,0.0,0.0,0.6228070175438596,0.6228070175438596,0.6228070175438596,0.5,0.0,-0.00011592272678545503,0.6016096579476862,-0.0001508665451618254,0.6599597585513078,5.586146908591025e-05,0.6398390342052314
2016,87319,LAVRAS DO SUL,42,9,113995.2198291555,0.0,113995.2198291555,0.0,0.0,0.0,0.0,0.0,0.0,0.0,0.0,0.7222222222222222,0.7222222222222222,0.7222222222222222,0.5,0.0,-0.00026697408233635877,0.25855130784708247,-0.0007407167544283995,0.25653923541247486,3.800751515128715e-05,0.3028169014084507
2016,87327,PARECI NOVO,32,9,165272.53799301895,0.0,165272.53799301895,0.0,0.0,0.0,0.0,0.0,0.0,0.0,0.0,0.5410628019323671,0.5700483091787439,0.5700483091787439,0.5,0.0,-0.00015382663821862086,0.46981891348088534,-0.00028130279026808566,0.48390342052313884,4.941789328308258e-05,0.5100603621730382
2016,87335,LIBERATO SALZANO,18,9,48599.99938068869,0.0,48599.99938068869,0.0,0.0,0.0,0.0,0.0,0.0,0.0,0.0,0.617283950617284,0.617283950617284,0.617283950617284,0.5,0.0,-7.136463698981445e-05,0.886317907444668,-0.0001543670890462443,0.6287726358148893,8.095511392154583e-05,0.9346076458752515
2016,87343,PASSO DO SOBRADO,37,9,48264.028043388615,0.0,48264.028043388615,0.0,0.0,0.0,0.0,0.0,0.0,0.0,0.0,0.7936507936507936,0.7936507936507936,0.7936507936507936,0.5,0.0,-0.00020819525638832495,0.33702213279678067,-0.0004940161900209907,0.34305835010060365,4.303697260270759e-05,0.38329979879275655
2016,87351,MACHADINHO,23,9,121169.39371395328,0.0,121169.39371395328,0.0,0.0,0.0,0.0,0.0,0.0,0.0,0.0,0.746031746031746,0.7619047619047619,0.7619047619047619,0.5,0.0,-8.092861589969681e-05,0.7877263581488934,-7.0931155918883e-05,0.9265593561368209,6.63329386313115e-05,0.8078470824949698
2016,87360,PICADA CAFÉ,44,9,104802.46429983209,0.0,104802.46429983209,0.0,0.0,0.0,0.0,0.0,0.0,0.0,0.0,0.6158730158730158,0.6222222222222221,0.6222222222222221,0.5,0.0,-0.0002912087923035494,0.24446680080482897,-0.000845618056654918,0.24245472837022133,3.628971618956598e-05,0.2887323943661972
2016,87378,MARAU,58,9,377797.69617617596,0.0,377797.69617617596,0.0,0.0,0.0,0.0,0.0,0.0,0.0,0.0,0.891156462585034,0.891156462585034,0.891156462585034,0.5,0.0,-0.0004647803795998211,0.1720321931589537,-0.0016286115467192594,0.1619718309859155,2.7525288560445177e-05,0.21026156941649898
2016,87386,PINHAL GRANDE,34,9,67966.39159400867,0.0,67966.39159400867,0.0,0.0,0.0,0.0,0.0,0.0,0.0,0.0,0.7799999999999999,0.78,0.78,0.5,0.0,-0.00017485488160270607,0.4154929577464789,-0.0003610997328373465,0.41750503018108653,4.667351707789617e-05,0.4557344064386318
2016,87394,MARCELINO RAMOS,23,9,117238.49649783497,0.0,117238.49649783497,0.0,0.0,0.0,0.0,0.0,0.0,0.0,0.0,0.8809523809523809,0.873015873015873,0.873015873015873,0.5,0.0,-8.092861589969681e-05,0.7877263581488934,-7.0931155918883e-05,0.9265593561368209,6.63329386313115e-05,0.8078470824949698
2016,87408,PINHEIRINHO DO VALE,23,9,125033.56744292911,0.0,125033.56744292911,0.0,0.0,0.0,0.0,0.0,0.0,0.0,0.0,0.7817460317460317,0.7777777777777778,0.7777777777777778,0.5,0.0,-8.092861589969681e-05,0.7877263581488934,-7.0931155918883e-05,0.9265593561368209,6.63329386313115e-05,0.8078470824949698
2016,87416,MARIANO MORO,27,9,92231.13457598162,0.0,92231.13457598162,0.0,0.0,0.0,0.0,0.0,0.0,0.0,0.0,0.7160493827160493,0.7160493827160493,0.7160493827160493,0.5,0.0,-0.00010759191108159146,0.6378269617706237,-0.0001260717499592124,0.6921529175050302,5.771036647464188e-05,0.6720321931589537
2016,87424,PONTÃO,34,9,81481.19172214203,0.0,81481.19172214203,0.0,0.0,0.0,0.0,0.0,0.0,0.0,0.0,0.6333333333333333,0.6333333333333333,0.6333333333333333,0.5,0.0,-0.00017485488160270607,0.4154929577464789,-0.0003610997328373465,0.41750503018108653,4.667351707789617e-05,0.4557344064386318
2016,87432,MATA,38,9,130678.51953842529,0.0,130678.51953842529,0.0,0.0,0.0,0.0,0.0,0.0,0.0,0.0,0.7471264367816092,0.7471264367816092,0.7471264367816092,0.5,0.0,-0.00021968313124673424,0.32595573440643866,-0.000541180775437968,0.3319919517102616,4.1936585783334904e-05,0.3722334004024145
2016,87440,PONTE PRETA,25,9,50692.795545082336,0.0,50692.795545082336,0.0,0.0,0.0,0.0,0.0,0.0,0.0,0.0,0.6041666666666667,0.6041666666666667,0.6041666666666667,0.5,0.0,-9.275381181979697e-05,0.7012072434607646,-8.862743996724572e-05,0.7977867203219315,6.175386645684119e-05,0.7334004024144869
2016,87459,MAXIMILIANO DE ALMEIDA,24,9,85004.64189740493,0.0,85004.64189740493,0.0,0.0,0.0,0.0,0.0,0.0,0.0,0.0,0.8962962962962963,0.8962962962962963,0.8962962962962963,0.5,0.0,-8.641435119731845e-05,0.755533199195171,-7.700469124165385e-05,0.8561368209255533,6.397012158673103e-05,0.7756539235412475
2016,87467,PORTO MAUÁ,16,9,56591.85057674747,0.0,56591.85057674747,0.0,0.0,0.0,0.0,0.0,0.0,0.0,0.0,0.6507936507936508,0.6507936507936508,0.6507936507936508,0.5,0.0,-7.987065672331285e-05,0.806841046277666,-0.00026480029987300966,0.5010060362173038,8.85750940291992e-05,0.959758551307847
2016,87475,MIRAGUAÍ,26,9,83847.42538543108,0.0,83847.42538543108,0.0,0.0,0.0,0.0,0.0,0.0,0.0,0.0,0.6862745098039216,0.6862745098039216,0.6862745098039216,0.5,0.0,-9.984295221138152e-05,0.6659959758551308,-0.00010516608617706206,0.7464788732394366,5.967111235970825e-05,0.7002012072434608
2016,87483,PORTO VERA CRUZ,25,9,136171.96327638518,0.0,136171.96327638518,0.0,0.0,0.0,0.0,0.0,0.0,0.0,0.0,0.6631944444444444,0.6631944444444444,0.6631944444444444,0.5,0.0,-9.275381181979697e-05,0.7012072434607646,-8.862743996724572e-05,0.7977867203219315,6.175386645684119e-05,0.7334004024144869
2016,87491,MONTENEGRO,114,10,770566.3841029191,1002.2587263247813,769564.1253765944,0.001300677977915679,0.02631578947368421,0.0,0.028846153846153848,-0.028846153846153848,0.0,0.00164905511296846,-0.00164905511296846,0.7480769230769231,0.7519230769230769,0.7519230769230769,0.4855769230769231,0.0,0.00019503061303788771,0.9537223340040242,0.021603589502396468,0.9818913480885312,1.6678042767050127e-05,0.04426559356136821
2016,87505,PRESIDENTE LUCENA,22,9,24798.338421750275,0.0,24798.338421750275,0.0,0.0,0.0,0.0,0.0,0.0,0.0,0.0,0.48717948717948717,0.4957264957264957,0.4957264957264957,0.5,0.0,-7.641766613220523e-05,0.8329979879275654,-7.114121151380437e-05,0.8953722334004024,6.885723450961779e-05,0.8390342052313883
2016,87513,MOSTARDAS,52,9,168251.18578824122,0.0,168251.18578824122,0.0,0.0,0.0,0.0,0.0,0.0,0.0,0.0,0.6589147286821706,0.6589147286821706,0.6589147286821706,0.5,0.0,-0.00039008437436666946,0.2012072434607646,-0.0012862554521680938,0.19114688128772636,3.069415083814151e-05,0.2414486921529175
2016,87521,QUEVEDOS,28,9,97455.83381380893,0.0,97455.83381380893,0.0,0.0,0.0,0.0,0.0,0.0,0.0,0.0,0.9064327485380117,0.888888888888889,0.888888888888889,0.5,0.0,-0.00011592272678545503,0.6016096579476862,-0.0001508665451618254,0.6599597585513078,5.586146908591025e-05,0.6398390342052314
2016,87530,MUÇUM,39,9,100428.61906168079,0.0,100428.61906168079,0.0,0.0,0.0,0.0,0.0,0.0,0.0,0.0,0.837037037037037,0.837037037037037,0.837037037037037,0.5,0.0,-0.00023132231305547223,0.30784708249496984,-0.0005895452621172849,0.30985915492957744,4.0886347424228636e-05,0.35412474849094566
2016,87548,RIO DOS ÍNDIOS,31,9,29607.625844796607,0.0,29607.625844796607,0.0,0.0,0.0,0.0,0.0,0.0,0.0,0.0,0.7676767676767676,0.7676767676767676,0.7676767676767676,0.5,0.0,-0.00014376845794204475,0.49798792756539234,-0.00024465515879092776,0.5261569416498993,5.090043766922005e-05,0.5382293762575453
2016,87556,NÃO-ME-TOQUE,40,9,252902.8164695573,0.0,252902.8164695573,0.0,0.0,0.0,0.0,0.0,0.0,0.0,0.0,0.917562724014337,0.921146953405018,0.921146953405018,0.5,0.0,-0.00024309454401840475,0.2887323943661972,-0.0006389919942901376,0.29074446680080485,3.9883237070738695e-05,0.3329979879275654
2016,87564,SAGRADA FAMÍLIA,30,9,120182.10224866711,0.0,120182.10224866711,0.0,0.0,0.0,0.0,0.0,0.0,0.0,0.0,0.8095238095238095,0.8095238095238095,0.8095238095238095,0.5,0.0,-0.0001340667680352351,0.5392354124748491,-0.00021050321478756752,0.5633802816901409,5.246412089028307e-05,0.5754527162977867
2016,87572,NONOAI,36,9,86563.87223084626,0.0,86563.87223084626,0.0,0.0,0.0,0.0,0.0,0.0,0.0,0.0,0.794238683127572,0.7901234567901235,0.7901234567901235,0.5,0.0,-0.00019687902054366086,0.35110663983903423,-0.00044818189692614205,0.35714285714285715,4.419080094231887e-05,0.39738430583501005
2016,87580,SALVADOR DAS MISSÕES,16,9,42691.97287504787,0.0,42691.97287504787,0.0,0.0,0.0,0.0,0.0,0.0,0.0,0.0,0.7777777777777778,0.7777777777777778,0.7777777777777778,0.5,0.0,-7.987065672331285e-05,0.806841046277666,-0.00026480029987300966,0.5010060362173038,8.85750940291992e-05,0.959758551307847
2016,87599,NOVA ARAÇÁ,19,9,38705.73676500044,0.0,38705.73676500044,0.0,0.0,0.0,0.0,0.0,0.0,0.0,0.0,0.9055555555555556,0.8944444444444444,0.8944444444444444,0.5,0.0,-7.028032636912046e-05,0.9336016096579477,-0.00011880714247054497,0.7223340040241448,7.758411821868347e-05,0.9054325955734407
2016,87602,SANTA CLARA DO SUL,35,9,120652.55686912722,0.0,120652.55686912722,0.0,0.0,0.0,0.0,0.0,0.0,0.0,0.0,0.5961538461538461,0.5961538461538461,0.5961538461538461,0.5,0.0,-0.00018575710854876,0.3822937625754527,-0.0004038226953535733,0.3843058350100604,4.540166892762898e-05,0.4225352112676056
2016,87610,NOVA BASSANO,28,9,71962.65029131935,0.0,71962.65029131935,0.0,0.0,0.0,0.0,0.0,0.0,0.0,0.0,0.7543859649122807,0.760233918128655,0.760233918128655,0.5,0.0,-0.00011592272678545503,0.6016096579476862,-0.0001508665451618254,0.6599597585513078,5.586146908591025e-05,0.6398390342052314
2016,87629,SANTA TEREZA,22,9,24161.156507702734,0.0,24161.156507702734,0.0,0.0,0.0,0.0,0.0,0.0,0.0,0.0,0.7606837606837608,0.7222222222222221,0.7222222222222221,0.5,0.0,-7.641766613220523e-05,0.8329979879275654,-7.114121151380437e-05,0.8953722334004024,6.885723450961779e-05,0.8390342052313883
2016,87637,NOVA BRÉSCIA,25,9,85248.72224631064,0.0,85248.72224631064,0.0,0.0,0.0,0.0,0.0,0.0,0.0,0.0,0.6805555555555556,0.6701388888888888,0.6701388888888888,0.5,0.0,-9.275381181979697e-05,0.7012072434607646,-8.862743996724572e-05,0.7977867203219315,6.175386645684119e-05,0.7334004024144869
2016,87645,SANTO ANTÔNIO DO PALMA,27,9,90294.56937671214,0.0,90294.56937671214,0.0,0.0,0.0,0.0,0.0,0.0,0.0,0.0,0.4691358024691358,0.4506172839506173,0.4506172839506173,0.5,0.0,-0.00010759191108159146,0.6378269617706237,-0.0001260717499592124,0.6921529175050302,5.771036647464188e-05,0.6720321931589537
2016,87653,NOVA PALMA,27,9,93148.32714807506,0.0,93148.32714807506,0.0,0.0,0.0,0.0,0.0,0.0,0.0,0.0,0.6481481481481481,0.6512345679012346,0.6512345679012346,0.5,0.0,-0.00010759191108159146,0.6378269617706237,-0.0001260717499592124,0.6921529175050302,5.771036647464188e-05,0.6720321931589537
2016,87661,SANTO ANTÔNIO DO PLANALTO,21,9,50305.586136115926,0.0,50305.586136115926,0.0,0.0,0.0,0.0,0.0,0.0,0.0,0.0,0.6018518518518519,0.5925925925925926,0.5925925925925926,0.5,0.0,-7.3023112071133e-05,0.8621730382293763,-7.849102885157103e-05,0.8279678068410463,7.156013800602988e-05,0.8661971830985915
2016,87670,NOVA PETRÓPOLIS,65,11,214902.11024109693,0.0,214902.11024109693,0.0,0.0,0.0,0.0,0.0,0.0,0.0,0.0,0.8097643097643098,0.8131313131313131,0.8131313131313131,0.5,0.0,-0.0005512436631841921,0.14688128772635814,-0.0020318600724673493,0.13480885311871227,2.4634572671737137e-05,0.1790744466800805
2016,87688,SANTO EXPEDITO DO SUL,18,9,42712.75827019942,0.0,42712.75827019942,0.0,0.0,0.0,0.0,0.0,0.0,0.0,0.0,0.7160493827160495,0.7160493827160495,0.7160493827160495,0.5,0.0,-7.136463698981445e-05,0.886317907444668,-0.0001543670890462443,0.6287726358148893,8.095511392154583e-05,0.9346076458752515
2016,87696,NOVA PRATA,98,11,664860.5249434445,0.0,664860.5249434445,0.0,0.0,0.0,0.0,0.0,0.0,0.0,0.0,0.8526645768025078,0.8537095088819228,0.8537095088819228,0.5,0.0,-0.0009353882505427491,0.07243460764587525,-0.003877069041952654,0.06438631790744467,1.778219099271068e-05,0.08450704225352113
2016,87700,SÃO JOÃO DO POLÊSINE,29,9,69860.37930292496,0.0,69860.37930292496,0.0,0.0,0.0,0.0,0.0,0.0,0.0,0.0,0.7611111111111112,0.7611111111111112,0.7611111111111112,0.5,0.0,-0.0001247674792298027,0.5724346076458753,-0.00017913262840498086,0.5985915492957746,5.411540044338538e-05,0.6096579476861167
2016,87718,NOVO HAMBURGO,197,14,1585130.4310458333,444.1323750331379,1584686.2986708002,0.0002801866435307216,0.005076142131979695,0.0,0.00546448087431694,-0.00546448087431694,0.0,0.0001151841267795746,-0.0001151841267795746,0.9500390320062451,0.949648711943794,0.949648711943794,0.4972677595628415,0.0,-0.0015711836012484543,0.026156941649899398,-0.0033591807642499444,0.08450704225352113,1.9137063898165215e-05,0.11971830985915492
2016,87726,SÃO JOSÉ DOS AUSENTES,25,9,40683.57666632302,0.0,40683.57666632302,0.0,0.0,0.0,0.0,0.0,0.0,0.0,0.0,0.8472222222222222,0.8472222222222222,0.8472222222222222,0.5,0.0,-9.275381181979697e-05,0.7012072434607646,-8.862743996724572e-05,0.7977867203219315,6.175386645684119e-05,0.7334004024144869
2016,87734,OSÓRIO,64,9,461594.3868399658,0.0,461594.3868399658,0.0,0.0,0.0,0.0,0.0,0.0,0.0,0.0,0.8929292929292929,0.8949494949494949,0.8949494949494949,0.5,0.0,-0.0005389661384299486,0.15191146881287726,-0.0019742221278334303,0.14185110663983905,2.5002836225820165e-05,0.1841046277665996
2016,87742,SÃO JOSÉ DO INHACORÁ,28,9,118952.89187870038,0.0,118952.89187870038,0.0,0.0,0.0,0.0,0.0,0.0,0.0,0.0,0.7339181286549707,0.7339181286549707,0.7339181286549707,0.5,0.0,-0.00011592272678545503,0.6016096579476862,-0.0001508665451618254,0.6599597585513078,5.586146908591025e-05,0.6398390342052314
2016,87750,PAIM FILHO,30,9,209304.6062876668,0.0,209304.6062876668,0.0,0.0,0.0,0.0,0.0,0.0,0.0,0.0,0.6402116402116402,0.6402116402116402,0.6402116402116402,0.5,0.0,-0.0001340667680352351,0.5392354124748491,-0.00021050321478756752,0.5633802816901409,5.246412089028307e-05,0.5754527162977867
2016,87769,SÃO JOSÉ DAS MISSÕES,15,9,90695.087952517,0.0,90695.087952517,0.0,0.0,0.0,0.0,0.0,0.0,0.0,0.0,0.7870370370370371,0.7777777777777778,0.7777777777777778,0.5,0.0,-8.805428346369872e-05,0.7293762575452716,-0.00034419955879969727,0.4416498993963783,9.290724185647251e-05,0.9728370221327968
2016,87777,PALMEIRA DAS MISSÕES,57,13,530610.0115611653,0.0,530610.0115611653,0.0,0.0,0.0,0.0,0.0,0.0,0.0,0.0,0.8374125874125874,0.8409090909090908,0.8409090909090908,0.5,0.0,-0.00045234946586445883,0.17806841046277666,-0.0015712005636212927,0.16800804828973842,2.800394178954793e-05,0.21629778672032193
2016,87785,SÃO MARTINHO DA SERRA,36,9,100796.4346902707,0.0,100796.4346902707,0.0,0.0,0.0,0.0,0.0,0.0,0.0,0.0,0.728395061728395,0.7325102880658436,0.7325102880658436,0.5,0.0,-0.00019687902054366086,0.35110663983903423,-0.00044818189692614205,0.35714285714285715,4.419080094231887e-05,0.39738430583501005
2016,87793,PALMITINHO,22,9,37317.48259153437,0.0,37317.48259153437,0.0,0.0,0.0,0.0,0.0,0.0,0.0,0.0,0.8376068376068376,0.8376068376068376,0.8376068376068376,0.5,0.0,-7.641766613220523e-05,0.8329979879275654,-7.114121151380437e-05,0.8953722334004024,6.885723450961779e-05,0.8390342052313883
2016,87807,SÃO PEDRO DA SERRA,20,9,53429.0951076615,0.0,53429.0951076615,0.0,0.0,0.0,0.0,0.0,0.0,0.0,0.0,0.6868686868686869,0.6868686868686869,0.6868686868686869,0.5,0.0,-7.091156904279616e-05,0.9114688128772636,-9.398465439795835e-05,0.7665995975855131,7.446143331355487e-05,0.8832997987927566
2016,87815,PANAMBI,74,13,307125.783393178,0.0,307125.783393178,0.0,0.0,0.0,0.0,0.0,0.0,0.0,0.0,0.6834804539722572,0.682219419924338,0.682219419924338,0.5,0.0,-0.0006602710243750483,0.12474849094567404,-0.0025481819710468892,0.11468812877263582,2.1865081382081214e-05,0.15492957746478872
2016,87823,SÃO PEDRO DO BUTIÁ,21,9,118925.60734646086,0.0,118925.60734646086,0.0,0.0,0.0,0.0,0.0,0.0,0.0,0.0,0.5509259259259259,0.5509259259259259,0.5509259259259259,0.5,0.0,-7.3023112071133e-05,0.8621730382293763,-7.849102885157103e-05,0.8279678068410463,7.156013800602988e-05,0.8661971830985915
2016,87831,PARAÍ,30,9,79657.46575495598,0.0,79657.46575495598,0.0,0.0,0.0,0.0,0.0,0.0,0.0,0.0,0.5026455026455026,0.5026455026455026,0.5026455026455026,0.5,0.0,-0.0001340667680352351,0.5392354124748491,-0.00021050321478756752,0.5633802816901409,5.246412089028307e-05,0.5754527162977867
2016,87840,SÃO VALENTIM DO SUL,27,9,38494.270536834665,0.0,38494.270536834665,0.0,0.0,0.0,0.0,0.0,0.0,0.0,0.0,0.6111111111111112,0.6111111111111112,0.6111111111111112,0.5,0.0,-0.00010759191108159146,0.6378269617706237,-0.0001260717499592124,0.6921529175050302,5.771036647464188e-05,0.6720321931589537
2016,87858,PASSO FUNDO,266,21,2012986.4944737693,20591.161259536362,1992395.3332142332,0.010229160163798942,0.018796992481203006,0.14285714285714285,0.00816326530612245,0.1346938775510204,0.013031048899538347,0.001274698392939445,0.011756350506598902,0.9438289601554907,0.9444120505344995,0.9449951409135082,0.5675413022351797,-0.0005830903790087216,0.007881692165803549,0.9919517102615694,0.007848672294332197,0.959758551307847,-0.0005582780795334354,0.014084507042253521
2016,87866,SÃO VALÉRIO DO SUL,16,9,42456.5827162803,0.0,42456.5827162803,0.0,0.0,0.0,0.0,0.0,0.0,0.0,0.0,0.6031746031746033,0.6031746031746033,0.6031746031746033,0.5,0.0,-7.987065672331285e-05,0.806841046277666,-0.00026480029987300966,0.5010060362173038,8.85750940291992e-05,0.959758551307847
2016,87874,PEDRO OSÓRIO,37,9,35742.58918966685,0.0,35742.58918966685,0.0,0.0,0.0,0.0,0.0,0.0,0.0,0.0,0.8154761904761905,0.7817460317460317,0.7817460317460317,0.5,0.0,-0.00020819525638832495,0.33702213279678067,-0.0004940161900209907,0.34305835010060365,4.303697260270759e-05,0.38329979879275655
2016,87882,SENTINELA DO SUL,45,9,162488.40537364868,0.0,162488.40537364868,0.0,0.0,0.0,0.0,0.0,0.0,0.0,0.0,0.5694444444444444,0.587962962962963,0.587962962962963,0.5,0.0,-0.0003034298300144405,0.23943661971830985,-0.0008990655109996546,0.23742454728370221,3.5484681113299456e-05,0.2837022132796781
2016,87890,PEJUÇARA,14,9,55742.106908009075,0.0,55742.106908009075,0.0,0.0,0.0,0.0,0.0,0.0,0.0,0.0,0.6,0.6,0.6,0.5,0.0,-9.951665981829687e-05,0.6780684104627767,-0.0004436165493293614,0.3682092555331992,9.765770570975564e-05,0.9798792756539235
2016,87904,SÉRIO,29,9,45649.405947156025,0.0,45649.405947156025,0.0,0.0,0.0,0.0,0.0,0.0,0.0,0.0,0.6694444444444445,0.6694444444444445,0.6694444444444445,0.5,0.0,-0.0001247674792298027,0.5724346076458753,-0.00017913262840498086,0.5985915492957746,5.411540044338538e-05,0.6096579476861167
2016,87912,PELOTAS,337,21,2068871.1678741642,2960.8825002209196,2065910.2853739434,0.001431158472406635,0.005934718100890208,0.047619047619047616,0.0031645569620253164,0.0444544906570223,0.0029501772879539424,0.00012410864427033183,0.0028260686436836105,0.9567510548523206,0.956298975286317,0.9564496684749849,0.5223025919228451,-0.00015069318866789416,-0.0013505014088597814,0.04225352112676056,-0.0072279906050380215,0.022132796780684104,-0.00011924085638298618,0.02414486921529175
2016,87920,SERTÃO SANTANA,37,9,132624.47073522047,0.0,132624.47073522047,0.0,0.0,0.0,0.0,0.0,0.0,0.0,0.0,0.8115079365079364,0.8134920634920633,0.8134920634920633,0.5,0.0,-0.00020819525638832495,0.33702213279678067,-0.0004940161900209907,0.34305835010060365,4.303697260270759e-05,0.38329979879275655
2016,87939,PINHEIRO MACHADO,61,9,233229.63241597693,0.0,233229.63241597693,0.0,0.0,0.0,0.0,0.0,0.0,0.0,0.0,0.9081196581196581,0.905982905982906,0.905982905982906,0.5,0.0,-0.0005019730480990419,0.16297786720321933,-0.001801278748874062,0.1529175050301811,2.619331537969373e-05,0.19919517102615694
2016,87947,SINIMBU,57,9,120355.35828816755,0.0,120355.35828816755,0.0,0.0,0.0,0.0,0.0,0.0,0.0,0.0,0.9016203703703703,0.9039351851851852,0.9039351851851852,0.5,0.0,-0.00045234946586445883,0.17806841046277666,-0.0015712005636212927,0.16800804828973842,2.800394178954793e-05,0.21629778672032193
2016,87955,PIRATINI,27,9,147988.0310920793,0.0,147988.0310920793,0.0,0.0,0.0,0.0,0.0,0.0,0.0,0.0,0.9382716049382716,0.9382716049382716,0.9382716049382716,0.5,0.0,-0.00010759191108159146,0.6378269617706237,-0.0001260717499592124,0.6921529175050302,5.771036647464188e-05,0.6720321931589537
2016,87963,TIRADENTES DO SUL,38,9,99469.7520683967,0.0,99469.7520683967,0.0,0.0,0.0,0.0,0.0,0.0,0.0,0.0,0.7681992337164751,0.7835249042145593,0.7835249042145593,0.5,0.0,-0.00021968313124673424,0.32595573440643866,-0.000541180775437968,0.3319919517102616,4.1936585783334904e-05,0.3722334004024145
2016,87971,PLANALTO,31,9,62843.02855975139,0.0,62843.02855975139,0.0,0.0,0.0,0.0,0.0,0.0,0.0,0.0,0.6767676767676767,0.6767676767676767,0.6767676767676767,0.5,0.0,-0.00014376845794204475,0.49798792756539234,-0.00024465515879092776,0.5261569416498993,5.090043766922005e-05,0.5382293762575453
2016,87980,TRAVESSEIRO,24,9,96996.42328507468,0.0,96996.42328507468,0.0,0.0,0.0,0.0,0.0,0.0,0.0,0.0,0.45555555555555555,0.45555555555555555,0.45555555555555555,0.5,0.0,-8.641435119731845e-05,0.755533199195171,-7.700469124165385e-05,0.8561368209255533,6.397012158673103e-05,0.7756539235412475
2016,87998,PORTÃO,85,11,160009.51013122627,0.0,160009.51013122627,0.0,0.0,0.0,0.0,0.0,0.0,0.0,0.0,0.8992628992628993,0.8943488943488943,0.8943488943488943,0.5,0.0,-0.0007893308041037896,0.09959758551307847,-0.0031677423274191776,0.08953722334004025,1.9521762186150357e-05,0.12474849094567404
2016,88005,TRÊS FORQUILHAS,27,9,44153.87900070695,0.0,44153.87900070695,0.0,0.0,0.0,0.0,0.0,0.0,0.0,0.0,0.8055555555555556,0.8055555555555556,0.8055555555555556,0.5,0.0,-0.00010759191108159146,0.6378269617706237,-0.0001260717499592124,0.6921529175050302,5.771036647464188e-05,0.6720321931589537
2016,88013,PORTO ALEGRE,575,36,12134910.062815694,110501.2896524198,12024408.773163274,0.009106065811812033,0.059130434782608696,0.2222222222222222,0.04823747680890538,0.17398474541331682,0.006545296087433781,0.006566731151159447,-2.143506372566644e-05,0.9685631828488971,0.9676355390641106,0.9678932178932179,0.5885384456813029,-0.00025767882910732176,0.005203288387728742,0.9798792756539235,0.040206135723317285,0.9979879275653923,-0.00020418155678301767,0.022132796780684104
2016,88021,TUPANCI DO SUL,18,9,34991.3984949483,0.0,34991.3984949483,0.0,0.0,0.0,0.0,0.0,0.0,0.0,0.0,0.5987654320987654,0.5987654320987654,0.5987654320987654,0.5,0.0,-7.136463698981445e-05,0.886317907444668,-0.0001543670890462443,0.6287726358148893,8.095511392154583e-05,0.9346076458752515
2016,88030,PORTO LUCENA,25,9,107050.1738366373,0.0,107050.1738366373,0.0,0.0,0.0,0.0,0.0,0.0,0.0,0.0,0.6388888888888888,0.6388888888888888,0.6388888888888888,0.5,0.0,-9.275381181979697e-05,0.7012072434607646,-8.862743996724572e-05,0.7977867203219315,6.175386645684119e-05,0.7334004024144869
2016,88048,UNIÃO DA SERRA,25,9,30075.85980338154,0.0,30075.85980338154,0.0,0.0,0.0,0.0,0.0,0.0,0.0,0.0,0.8090277777777778,0.8020833333333334,0.8020833333333334,0.5,0.0,-9.275381181979697e-05,0.7012072434607646,-8.862743996724572e-05,0.7977867203219315,6.175386645684119e-05,0.7334004024144869
2016,88056,PORTO XAVIER,34,9,227546.27767445287,0.0,227546.27767445287,0.0,0.0,0.0,0.0,0.0,0.0,0.0,0.0,0.7911111111111111,0.7911111111111111,0.7911111111111111,0.5,0.0,-0.00017485488160270607,0.4154929577464789,-0.0003610997328373465,0.41750503018108653,4.667351707789617e-05,0.4557344064386318
2016,88064,VALE DO SOL,35,9,87171.44531989162,0.0,87171.44531989162,0.0,0.0,0.0,0.0,0.0,0.0,0.0,0.0,0.7905982905982906,0.7863247863247863,0.7863247863247863,0.5,0.0,-0.00018575710854876,0.3822937625754527,-0.0004038226953535733,0.3843058350100604,4.540166892762898e-05,0.4225352112676056
2016,88072,PUTINGA,15,9,42151.30092609503,0.0,42151.30092609503,0.0,0.0,0.0,0.0,0.0,0.0,0.0,0.0,0.5370370370370371,0.5370370370370371,0.5370370370370371,0.5,0.0,-8.805428346369872e-05,0.7293762575452716,-0.00034419955879969727,0.4416498993963783,9.290724185647251e-05,0.9728370221327968
2016,88080,VALE REAL,33,9,144589.88546422575,0.0,144589.88546422575,0.0,0.0,0.0,0.0,0.0,0.0,0.0,0.0,0.6134259259259259,0.611111111111111,0.611111111111111,0.5,0.0,-0.00016420075464760036,0.44668008048289737,-0.0003201927639547311,0.4607645875251509,4.8010671392986836e-05,0.4869215291750503
2016,88099,QUARAÍ,96,11,359287.3987245574,0.0,359287.3987245574,0.0,0.0,0.0,0.0,0.0,0.0,0.0,0.0,0.9700534759358288,0.9711229946524064,0.9711229946524064,0.5,0.0,-0.0009133767805698523,0.07847082494969819,-0.0037697039260429837,0.06841046277665996,1.7992230924141344e-05,0.09054325955734406
2016,88102,VILA NOVA DO SUL,24,9,98563.94408951662,0.0,98563.94408951662,0.0,0.0,0.0,0.0,0.0,0.0,0.0,0.0,0.8962962962962964,0.8962962962962964,0.8962962962962964,0.5,0.0,-8.641435119731845e-05,0.755533199195171,-7.700469124165385e-05,0.8561368209255533,6.397012158673103e-05,0.7756539235412475
2016,88110,REDENTORA,32,9,61799.036194586006,0.0,61799.036194586006,0.0,0.0,0.0,0.0,0.0,0.0,0.0,0.0,0.7101449275362318,0.7101449275362318,0.7101449275362318,0.5,0.0,-0.00015382663821862086,0.46981891348088534,-0.00028130279026808566,0.48390342052313884,4.941789328308258e-05,0.5100603621730382
2016,88129,VITÓRIA DAS MISSÕES,18,9,190848.83348728975,0.0,190848.83348728975,0.0,0.0,0.0,0.0,0.0,0.0,0.0,0.0,0.5185185185185185,0.5123456790123457,0.5123456790123457,0.5,0.0,-7.136463698981445e-05,0.886317907444668,-0.0001543670890462443,0.6287726358148893,8.095511392154583e-05,0.9346076458752515
2016,88137,RESTINGA SÊCA,48,9,109790.14489351676,0.0,109790.14489351676,0.0,0.0,0.0,0.0,0.0,0.0,0.0,0.0,0.868945868945869,0.868945868945869,0.868945868945869,0.5,0.0,-0.0003403913917577192,0.22535211267605634,-0.001062620036244225,0.22334004024144868,3.326292446241464e-05,0.26961770623742454
2016,88145,XANGRI-LÁ,61,9,126365.34278270346,0.0,126365.34278270346,0.0,0.0,0.0,0.0,0.0,0.0,0.0,0.0,0.8333333333333334,0.8354700854700855,0.8354700854700855,0.5,0.0,-0.0005019730480990419,0.16297786720321933,-0.001801278748874062,0.1529175050301811,2.619331537969373e-05,0.19919517102615694
2016,88153,RIO GRANDE,427,21,3888784.1253808653,5181.544375386609,3883602.581005479,0.001332433019762734,0.00468384074941452,0.047619047619047616,0.0024630541871921183,0.0451559934318555,0.0032053848413889034,7.187097320412944e-05,0.0031335138681847737,0.9415904292751583,0.9414731409805301,0.9414731409805301,0.5226366408632419,0.0,-0.0019218645511672695,0.01006036217303823,-0.010901253745055864,0.006036217303822937,4.0012113169174114e-05,0.3420523138832998
2016,88161,BOA VISTA DO SUL,18,9,29199.482996553656,0.0,29199.482996553656,0.0,0.0,0.0,0.0,0.0,0.0,0.0,0.0,0.7777777777777778,0.7777777777777778,0.7777777777777778,0.5,0.0,-7.136463698981445e-05,0.886317907444668,-0.0001543670890462443,0.6287726358148893,8.095511392154583e-05,0.9346076458752515
2016,88170,RIO PARDO,109,13,293378.6280108398,0.0,293378.6280108398,0.0,0.0,0.0,0.0,0.0,0.0,0.0,0.0,0.8641826923076924,0.8669871794871795,0.8669871794871795,0.5,0.0,-0.001053534022850802,0.05734406438631791,-0.00445576881213568,0.04929577464788732,1.69252826856705e-05,0.04929577464788732
2016,88188,DILERMANDO DE AGUIAR,40,9,145825.0324036054,0.0,145825.0324036054,0.0,0.0,0.0,0.0,0.0,0.0,0.0,0.0,0.7992831541218638,0.7992831541218638,0.7992831541218638,0.5,0.0,-0.00024309454401840475,0.2887323943661972,-0.0006389919942901376,0.29074446680080485,3.9883237070738695e-05,0.3329979879275654
2016,88196,ROCA SALES,61,9,179425.92645438743,0.0,179425.92645438743,0.0,0.0,0.0,0.0,0.0,0.0,0.0,0.0,0.8333333333333333,0.8333333333333333,0.8333333333333333,0.5,0.0,-0.0005019730480990419,0.16297786720321933,-0.001801278748874062,0.1529175050301811,2.619331537969373e-05,0.19919517102615694
2016,88200,CAPIVARI DO SUL,28,9,69071.98511959116,0.0,69071.98511959116,0.0,0.0,0.0,0.0,0.0,0.0,0.0,0.0,0.7894736842105263,0.7894736842105263,0.7894736842105263,0.5,0.0,-0.00011592272678545503,0.6016096579476862,-0.0001508665451618254,0.6599597585513078,5.586146908591025e-05,0.6398390342052314
2016,88218,RODEIO BONITO,30,9,115432.50621682525,0.0,115432.50621682525,0.0,0.0,0.0,0.0,0.0,0.0,0.0,0.0,0.6613756613756614,0.6613756613756614,0.6613756613756614,0.5,0.0,-0.0001340667680352351,0.5392354124748491,-0.00021050321478756752,0.5633802816901409,5.246412089028307e-05,0.5754527162977867
2016,88226,NOVA CANDELÁRIA,19,9,92303.83904577454,0.0,92303.83904577454,0.0,0.0,0.0,0.0,0.0,0.0,0.0,0.0,0.3166666666666667,0.32222222222222224,0.32222222222222224,0.5,0.0,-7.028032636912046e-05,0.9336016096579477,-0.00011880714247054497,0.7223340040241448,7.758411821868347e-05,0.9054325955734407
2016,88234,ROLANTE,71,9,249829.50926080294,0.0,249829.50926080294,0.0,0.0,0.0,0.0,0.0,0.0,0.0,0.0,0.8422939068100358,0.8422939068100358,0.8422939068100358,0.5,0.0,-0.0006242450850231166,0.13279678068410464,-0.0023767528268514022,0.1227364185110664,2.2688523785261315e-05,0.16498993963782696
2016,88242,FLORIANO PEIXOTO,26,9,50481.19607720404,0.0,50481.19607720404,0.0,0.0,0.0,0.0,0.0,0.0,0.0,0.0,0.65359477124183,0.6339869281045751,0.6339869281045751,0.5,0.0,-9.984295221138152e-05,0.6659959758551308,-0.00010516608617706206,0.7464788732394366,5.967111235970825e-05,0.7002012072434608
2016,88250,RONDA ALTA,27,9,71911.79713437802,0.0,71911.79713437802,0.0,0.0,0.0,0.0,0.0,0.0,0.0,0.0,0.888888888888889,0.888888888888889,0.888888888888889,0.5,0.0,-0.00010759191108159146,0.6378269617706237,-0.0001260717499592124,0.6921529175050302,5.771036647464188e-05,0.6720321931589537
2016,88269,CHUVISCA,24,9,115369.21735338302,0.0,115369.21735338302,0.0,0.0,0.0,0.0,0.0,0.0,0.0,0.0,0.9407407407407408,0.9407407407407408,0.9407407407407408,0.5,0.0,-8.641435119731845e-05,0.755533199195171,-7.700469124165385e-05,0.8561368209255533,6.397012158673103e-05,0.7756539235412475
2016,88277,RONDINHA,24,9,109625.86032799199,0.0,109625.86032799199,0.0,0.0,0.0,0.0,0.0,0.0,0.0,0.0,0.7111111111111111,0.7111111111111111,0.7111111111111111,0.5,0.0,-8.641435119731845e-05,0.755533199195171,-7.700469124165385e-05,0.8561368209255533,6.397012158673103e-05,0.7756539235412475
2016,88285,ESPERANÇA DO SUL,33,9,116944.68812733806,0.0,116944.68812733806,0.0,0.0,0.0,0.0,0.0,0.0,0.0,0.0,0.5555555555555556,0.5555555555555556,0.5555555555555556,0.5,0.0,-0.00016420075464760036,0.44668008048289737,-0.0003201927639547311,0.4607645875251509,4.8010671392986836e-05,0.4869215291750503
2016,88293,ROQUE GONZALES,22,9,83087.17439026185,0.0,83087.17439026185,0.0,0.0,0.0,0.0,0.0,0.0,0.0,0.0,0.7264957264957266,0.7094017094017094,0.7094017094017094,0.5,0.0,-7.641766613220523e-05,0.8329979879275654,-7.114121151380437e-05,0.8953722334004024,6.885723450961779e-05,0.8390342052313883
2016,88307,DOUTOR RICARDO,26,9,97582.5891936434,0.0,97582.5891936434,0.0,0.0,0.0,0.0,0.0,0.0,0.0,0.0,0.545751633986928,0.5620915032679739,0.5620915032679739,0.5,0.0,-9.984295221138152e-05,0.6659959758551308,-0.00010516608617706206,0.7464788732394366,5.967111235970825e-05,0.7002012072434608
2016,88315,ROSÁRIO DO SUL,110,13,460837.30398907186,1604.7983151197384,459232.5056739521,0.003482353319118007,0.01818181818181818,0.0,0.020618556701030927,-0.020618556701030927,0.0,0.005238201387995091,-0.005238201387995091,0.9349722442505948,0.9349722442505948,0.9357652656621729,0.4896907216494845,-0.0007930214115781098,0.0024183187432800877,0.9698189134808853,0.013674433753264058,0.9758551307847082,-0.0007761519624054075,0.01006036217303823
2016,88323,HERVEIRAS,36,9,78973.78318124246,0.0,78973.78318124246,0.0,0.0,0.0,0.0,0.0,0.0,0.0,0.0,0.6769547325102881,0.6851851851851853,0.6851851851851853,0.5,0.0,-0.00019687902054366086,0.35110663983903423,-0.00044818189692614205,0.35714285714285715,4.419080094231887e-05,0.39738430583501005
2016,88331,SALVADOR DO SUL,29,9,124262.25755162153,0.0,124262.25755162153,0.0,0.0,0.0,0.0,0.0,0.0,0.0,0.0,0.7166666666666667,0.7222222222222222,0.7222222222222222,0.5,0.0,-0.0001247674792298027,0.5724346076458753,-0.00017913262840498086,0.5985915492957746,5.411540044338538e-05,0.6096579476861167
2016,88340,CARAÁ,39,9,123659.48109222655,0.0,123659.48109222655,0.0,0.0,0.0,0.0,0.0,0.0,0.0,0.0,0.6666666666666667,0.6777777777777778,0.6777777777777778,0.5,0.0,-0.00023132231305547223,0.30784708249496984,-0.0005895452621172849,0.30985915492957744,4.0886347424228636e-05,0.35412474849094566
2016,88358,SANANDUVA,27,9,171063.90572815106,0.0,171063.90572815106,0.0,0.0,0.0,0.0,0.0,0.0,0.0,0.0,0.8024691358024691,0.8024691358024691,0.8024691358024691,0.5,0.0,-0.00010759191108159146,0.6378269617706237,-0.0001260717499592124,0.6921529175050302,5.771036647464188e-05,0.6720321931589537
2016,88366,FAZENDA VILANOVA,33,9,120623.42178532504,0.0,120623.42178532504,0.0,0.0,0.0,0.0,0.0,0.0,0.0,0.0,0.75,0.6574074074074074,0.6574074074074074,0.5,0.0,-0.00016420075464760036,0.44668008048289737,-0.0003201927639547311,0.4607645875251509,4.8010671392986836e-05,0.4869215291750503
2016,88374,SANTA BÁRBARA DO SUL,39,9,255094.93543742085,0.0,255094.93543742085,0.0,0.0,0.0,0.0,0.0,0.0,0.0,0.0,0.6759259259259259,0.6833333333333333,0.6833333333333333,0.5,0.0,-0.00023132231305547223,0.30784708249496984,-0.0005895452621172849,0.30985915492957744,4.0886347424228636e-05,0.35412474849094566
2016,88382,ITAARA,41,9,134066.16883781555,0.0,134066.16883781555,0.0,0.0,0.0,0.0,0.0,0.0,0.0,0.0,0.8368055555555556,0.8368055555555556,0.8368055555555556,0.5,0.0,-0.0002549834000556805,0.272635814889336,-0.000689414604003835,0.2746478873239437,3.892447854667527e-05,0.31690140845070425
2016,88390,SANTA CRUZ DO SUL,171,17,925027.8074096439,5832.938525435212,919194.8688842086,0.0063056899248998734,0.017543859649122806,0.058823529411764705,0.012987012987012988,0.045836516424751714,0.005811624237688013,0.004755501407259494,0.001056122830428519,0.9549274255156608,0.9549274255156609,0.9556913674560734,0.5229182582123759,-0.0007639419404125158,0.004666824330755801,0.9778672032193159,0.010177632442388434,0.9678068410462777,-0.0007464145671971447,0.012072434607645875
2016,88404,ESTRELA VELHA,18,9,74497.13610268343,0.0,74497.13610268343,0.0,0.0,0.0,0.0,0.0,0.0,0.0,0.0,0.7283950617283952,0.7283950617283952,0.7283950617283952,0.5,0.0,-7.136463698981445e-05,0.886317907444668,-0.0001543670890462443,0.6287726358148893,8.095511392154583e-05,0.9346076458752515
2016,88412,SANTA MARIA,214,21,1142086.5356374267,3254.0098677427904,1138832.525769684,0.002849179782972091,0.009345794392523364,0.0,0.010362694300518135,-0.010362694300518135,0.0,0.0030294489623287203,-0.0030294489623287203,0.9405378731803602,0.9402911423636813,0.9407846039970393,0.4948186528497409,-0.000493461633358061,0.0008672071752644241,0.9577464788732394,0.00025102070479976306,0.9396378269617707,-0.0004730672297851999,0.018108651911468814
2016,88420,BENJAMIN CONSTANT DO SUL,24,9,55091.95632861057,0.0,55091.95632861057,0.0,0.0,0.0,0.0,0.0,0.0,0.0,0.0,0.5740740740740741,0.5666666666666667,0.5666666666666667,0.5,0.0,-8.641435119731845e-05,0.755533199195171,-7.700469124165385e-05,0.8561368209255533,6.397012158673103e-05,0.7756539235412475
2016,88439,SANTANA DA BOA VISTA,29,9,131832.99723408645,0.0,131832.99723408645,0.0,0.0,0.0,0.0,0.0,0.0,0.0,0.0,0.7277777777777777,0.7277777777777777,0.7277777777777777,0.5,0.0,-0.0001247674792298027,0.5724346076458753,-0.00017913262840498086,0.5985915492957746,5.411540044338538e-05,0.6096579476861167
2016,88447,MAÇAMBARÁ,24,9,86600.08382382398,0.0,86600.08382382398,0.0,0.0,0.0,0.0,0.0,0.0,0.0,0.0,0.888888888888889,0.9185185185185185,0.9185185185185185,0.5,0.0,-8.641435119731845e-05,0.755533199195171,-7.700469124165385e-05,0.8561368209255533,6.397012158673103e-05,0.7756539235412475
2016,88455,SANT'ANA DO LIVRAMENTO,179,17,715099.387592418,0.0,715099.387592418,0.0,0.0,0.0,0.0,0.0,0.0,0.0,0.0,0.8910675381263616,0.8899782135076252,0.8899782135076252,0.5,0.0,-0.0017060184379411232,0.018108651911468814,-0.007703502665286012,0.018108651911468814,1.797285668478331e-05,0.08853118712273642
2016,88463,DOM PEDRO DE ALCÂNTARA,35,9,23030.63235146838,0.0,23030.63235146838,0.0,0.0,0.0,0.0,0.0,0.0,0.0,0.0,0.8247863247863247,0.8247863247863247,0.8247863247863247,0.5,0.0,-0.00018575710854876,0.3822937625754527,-0.0004038226953535733,0.3843058350100604,4.540166892762898e-05,0.4225352112676056
2016,88471,SANTA ROSA,114,15,915861.4925610474,3227.3767296533038,912634.1158313941,0.003523869881927786,0.03508771929824561,0.13333333333333333,0.020202020202020204,0.11313131313131312,0.011009667899141417,0.000420934124947793,0.010588733774193624,0.9259259259259259,0.9259259259259259,0.9239057239057239,0.5579124579124579,0.002020202020202033,0.0024182225170499942,0.9678068410462777,0.03037551932695787,0.9919517102615694,0.0020368800629690835,0.9959758551307847
2016,88480,UNISTALDA,27,9,159938.71543064597,0.0,159938.71543064597,0.0,0.0,0.0,0.0,0.0,0.0,0.0,0.0,0.8179012345679012,0.8148148148148148,0.8148148148148148,0.5,0.0,-0.00010759191108159146,0.6378269617706237,-0.0001260717499592124,0.6921529175050302,5.771036647464188e-05,0.6720321931589537
2016,88498,SANTA VITÓRIA DO PALMAR,104,13,449510.1518962267,0.0,449510.1518962267,0.0,0.0,0.0,0.0,0.0,0.0,0.0,0.0,0.7996618765849535,0.8106508875739645,0.8106508875739645,0.5,0.0,-0.0010004369024952222,0.06438631790744467,-0.004195208251283036,0.056338028169014086,1.7256657220068304e-05,0.06639839034205232
2016,88501,TURUÇU,58,9,75924.34068543992,0.0,75924.34068543992,0.0,0.0,0.0,0.0,0.0,0.0,0.0,0.0,0.6587301587301587,0.6587301587301587,0.6587301587301587,0.5,0.0,-0.0004647803795998211,0.1720321931589537,-0.0016286115467192594,0.1619718309859155,2.7525288560445177e-05,0.21026156941649898
2016,88510,SANTIAGO,80,13,593686.4760972341,0.0,593686.4760972341,0.0,0.0,0.0,0.0,0.0,0.0,0.0,0.0,0.8323765786452354,0.8312284730195179,0.8312284730195179,0.5,0.0,-0.0007312765744860816,0.1096579476861167,-0.0028880856011694557,0.09959758551307847,2.0468230084699653e-05,0.1398390342052314
2016,88528,CRISTAL DO SUL,31,9,130996.84401602403,0.0,130996.84401602403,0.0,0.0,0.0,0.0,0.0,0.0,0.0,0.0,0.8207070707070707,0.8207070707070707,0.8207070707070707,0.5,0.0,-0.00014376845794204475,0.49798792756539234,-0.00024465515879092776,0.5261569416498993,5.090043766922005e-05,0.5382293762575453
2016,88536,SANTO ÂNGELO,117,15,915317.1195089695,0.0,915317.1195089695,0.0,0.0,0.0,0.0,0.0,0.0,0.0,0.0,0.9137254901960784,0.9156862745098039,0.9156862745098039,0.5,0.0,-0.001136454070215687,0.05130784708249497,-0.0048640926969895125,0.04527162977867203,1.6565836171666445e-05,0.04124748490945674
2016,88544,MUITOS CAPÕES,34,9,161382.23447597868,0.0,161382.23447597868,0.0,0.0,0.0,0.0,0.0,0.0,0.0,0.0,0.7422222222222221,0.7422222222222222,0.7422222222222222,0.5,0.0,-0.00017485488160270607,0.4154929577464789,-0.0003610997328373465,0.41750503018108653,4.667351707789617e-05,0.4557344064386318
2016,88552,SANTO ANTÔNIO DA PATRULHA,80,13,308685.07294426934,0.0,308685.07294426934,0.0,0.0,0.0,0.0,0.0,0.0,0.0,0.0,0.8415614236509759,0.8381171067738232,0.8381171067738232,0.5,0.0,-0.0007312765744860816,0.1096579476861167,-0.0028880856011694557,0.09959758551307847,2.0468230084699653e-05,0.1398390342052314
2016,88560,NOVA RAMADA,19,9,46430.17585805178,0.0,46430.17585805178,0.0,0.0,0.0,0.0,0.0,0.0,0.0,0.0,0.4888888888888889,0.4888888888888889,0.4888888888888889,0.5,0.0,-7.028032636912046e-05,0.9336016096579477,-0.00011880714247054497,0.7223340040241448,7.758411821868347e-05,0.9054325955734407
2016,88579,SANTO ANTÔNIO DAS MISSÕES,29,9,112937.10405446406,0.0,112937.10405446406,0.0,0.0,0.0,0.0,0.0,0.0,0.0,0.0,0.8138888888888889,0.8111111111111111,0.8111111111111111,0.5,0.0,-0.0001247674792298027,0.5724346076458753,-0.00017913262840498086,0.5985915492957746,5.411540044338538e-05,0.6096579476861167
2016,88587,JARI,31,9,141903.86168650034,0.0,141903.86168650034,0.0,0.0,0.0,0.0,0.0,0.0,0.0,0.0,0.8131313131313131,0.813131313131313,0.813131313131313,0.5,0.0,-0.00014376845794204475,0.49798792756539234,-0.00024465515879092776,0.5261569416498993,5.090043766922005e-05,0.5382293762575453
2016,88595,SANTO AUGUSTO,30,9,205668.9682744705,0.0,205668.9682744705,0.0,0.0,0.0,0.0,0.0,0.0,0.0,0.0,0.7566137566137566,0.7566137566137566,0.7566137566137566,0.5,0.0,-0.0001340667680352351,0.5392354124748491,-0.00021050321478756752,0.5633802816901409,5.246412089028307e-05,0.5754527162977867
2016,88609,UBIRETAMA,31,9,57826.40533962708,0.0,57826.40533962708,0.0,0.0,0.0,0.0,0.0,0.0,0.0,0.0,0.3964646464646464,0.3964646464646464,0.3964646464646464,0.5,0.0,-0.00014376845794204475,0.49798792756539234,-0.00024465515879092776,0.5261569416498993,5.090043766922005e-05,0.5382293762575453
2016,88617,SANTO CRISTO,31,9,194579.17532725557,0.0,194579.17532725557,0.0,0.0,0.0,0.0,0.0,0.0,0.0,0.0,0.803030303030303,0.803030303030303,0.803030303030303,0.5,0.0,-0.00014376845794204475,0.49798792756539234,-0.00024465515879092776,0.5261569416498993,5.090043766922005e-05,0.5382293762575453
2016,88625,BARRA DO QUARAÍ,35,9,149896.5271252467,0.0,149896.5271252467,0.0,0.0,0.0,0.0,0.0,0.0,0.0,0.0,0.7264957264957265,0.7264957264957265,0.7264957264957265,0.5,0.0,-0.00018575710854876,0.3822937625754527,-0.0004038226953535733,0.3843058350100604,4.540166892762898e-05,0.4225352112676056
2016,88633,SÃO BORJA,122,15,813378.0062398008,0.0,813378.0062398008,0.0,0.0,0.0,0.0,0.0,0.0,0.0,0.0,0.9370716510903426,0.9358255451713396,0.9358255451713396,0.5,0.0,-0.0011870488654891205,0.04627766599597585,-0.005114010566937291,0.04024144869215292,1.6432916186594992e-05,0.03219315895372234
2016,88641,CERRITO,43,9,44260.95931632743,0.0,44260.95931632743,0.0,0.0,0.0,0.0,0.0,0.0,0.0,0.0,0.7745098039215685,0.7647058823529412,0.7647058823529412,0.5,0.0,-0.0002790532360387,0.24949698189134809,-0.0007928110452975389,0.24748490945674045,3.712998787224201e-05,0.2937625754527163
2016,88650,SÃO FRANCISCO DE ASSIS,52,11,263056.48200108984,0.0,263056.48200108984,0.0,0.0,0.0,0.0,0.0,0.0,0.0,0.0,0.8669623059866962,0.8669623059866962,0.8669623059866962,0.5,0.0,-0.00039008437436666946,0.2012072434607646,-0.0012862554521680938,0.19114688128772636,3.069415083814151e-05,0.2414486921529175
2016,88668,VALE VERDE,42,9,57705.112788005536,0.0,57705.112788005536,0.0,0.0,0.0,0.0,0.0,0.0,0.0,0.0,0.7592592592592593,0.7592592592592593,0.7592592592592593,0.5,0.0,-0.00026697408233635877,0.25855130784708247,-0.0007407167544283995,0.25653923541247486,3.800751515128715e-05,0.3028169014084507
2016,88676,SÃO FRANCISCO DE PAULA,79,9,240383.4354291732,0.0,240383.4354291732,0.0,0.0,0.0,0.0,0.0,0.0,0.0,0.0,0.8452380952380952,0.8452380952380952,0.8452380952380952,0.5,0.0,-0.0007195423680146769,0.11468812877263582,-0.002831742688088455,0.10462776659959759,2.0679940624131597e-05,0.1448692152917505
2016,88684,NOVO CABRAIS,29,9,58894.20320009426,962.2868125717989,57931.91638752246,0.016339244955949395,0.034482758620689655,0.1111111111111111,0.0,0.1111111111111111,0.02032173368774437,0.0,0.02032173368774437,0.6972222222222223,0.6972222222222222,0.6972222222222222,0.5555555555555556,0.0,0.016214477476719592,0.9959758551307847,0.034303625992284675,0.993963782696177,5.411540044338538e-05,0.6096579476861167
2016,88692,SÃO GABRIEL,123,15,353511.33875195147,0.0,353511.33875195147,0.0,0.0,0.0,0.0,0.0,0.0,0.0,0.0,0.8753086419753086,0.8753086419753087,0.8753086419753087,0.5,0.0,-0.0011970573964356994,0.04426559356136821,-0.0051635135892849696,0.03822937625754527,1.6413873863462098e-05,0.030181086519114688
2016,88706,SETE DE SETEMBRO,20,9,106078.98957215232,0.0,106078.98957215232,0.0,0.0,0.0,0.0,0.0,0.0,0.0,0.0,0.5353535353535354,0.5454545454545454,0.5454545454545454,0.5,0.0,-7.091156904279616e-05,0.9114688128772636,-9.398465439795835e-05,0.7665995975855131,7.446143331355487e-05,0.8832997987927566
2016,88714,SÃO JERÔNIMO,101,11,328834.81103626033,0.0,328834.81103626033,0.0,0.0,0.0,0.0,0.0,0.0,0.0,0.0,0.8681818181818182,0.8646464646464647,0.8646464646464647,0.5,0.0,-0.0009680962974161288,0.06841046277665996,-0.0040368829184589195,0.060362173038229376,1.7500707689946373e-05,0.07847082494969819
2016,88722,TABAÍ,39,9,46702.16252452207,0.0,46702.16252452207,0.0,0.0,0.0,0.0,0.0,0.0,0.0,0.0,0.774074074074074,0.774074074074074,0.774074074074074,0.5,0.0,-0.00023132231305547223,0.30784708249496984,-0.0005895452621172849,0.30985915492957744,4.0886347424228636e-05,0.35412474849094566
2016,88730,SÃO JOSÉ DO NORTE,73,9,447484.56776458805,0.0,447484.56776458805,0.0,0.0,0.0,0.0,0.0,0.0,0.0,0.0,0.8871527777777777,0.8888888888888888,0.8888888888888888,0.5,0.0,-0.0006482998108545849,0.1267605633802817,-0.0024911349170261723,0.11670020120724346,2.2129532441854374e-05,0.15694164989939638
2016,88749,VILA LÂNGARO,25,9,96757.55408936934,0.0,96757.55408936934,0.0,0.0,0.0,0.0,0.0,0.0,0.0,0.0,0.3472222222222222,0.3472222222222222,0.3472222222222222,0.5,0.0,-9.275381181979697e-05,0.7012072434607646,-8.862743996724572e-05,0.7977867203219315,6.175386645684119e-05,0.7334004024144869
2016,88757,SÃO JOSÉ DO OURO,10,9,32768.293891719935,0.0,32768.293891719935,0.0,0.0,0.0,0.0,0.0,0.0,0.0,0.0,0.2222222222222222,0.2222222222222222,0.2222222222222222,0.5,0.0,-0.00019417105637641824,0.3641851106639839,-0.001135630318730025,0.2112676056338028,0.00012248165213417538,0.9899396378269618
2016,88765,SENADOR SALGADO FILHO,33,9,150145.58175675277,0.0,150145.58175675277,0.0,0.0,0.0,0.0,0.0,0.0,0.0,0.0,0.763888888888889,0.763888888888889,0.763888888888889,0.5,0.0,-0.00016420075464760036,0.44668008048289737,-0.0003201927639547311,0.4607645875251509,4.8010671392986836e-05,0.4869215291750503
2016,88773,SÃO LEOPOLDO,160,13,1104061.2688886272,0.0,1104061.2688886272,0.0,0.0,0.0,0.0,0.0,0.0,0.0,0.0,0.9037153322867608,0.9031920460491889,0.9031920460491889,0.5,0.0,-0.001543753612289994,0.03219315895372234,-0.006889510507932314,0.030181086519114688,1.700628898842515e-05,0.052313883299798795
2016,88781,VESPASIANO CORRÊA,26,9,75464.95976553064,0.0,75464.95976553064,0.0,0.0,0.0,0.0,0.0,0.0,0.0,0.0,0.4836601307189542,0.4869281045751634,0.4869281045751634,0.5,0.0,-9.984295221138152e-05,0.6659959758551308,-0.00010516608617706206,0.7464788732394366,5.967111235970825e-05,0.7002012072434608
2016,88790,SÃO LOURENÇO DO SUL,89,11,669471.1963683761,0.0,669471.1963683761,0.0,0.0,0.0,0.0,0.0,0.0,0.0,0.0,0.9254079254079254,0.9254079254079254,0.9254079254079254,0.5,0.0,-0.0008350245809859113,0.09356136820925554,-0.00338883070780826,0.08148893360160966,1.8885604439995806e-05,0.11267605633802817
2016,88803,MONTE ALEGRE DOS CAMPOS,27,9,42002.82747312145,0.0,42002.82747312145,0.0,0.0,0.0,0.0,0.0,0.0,0.0,0.0,0.5401234567901234,0.5308641975308641,0.5308641975308641,0.5,0.0,-0.00010759191108159146,0.6378269617706237,-0.0001260717499592124,0.6921529175050302,5.771036647464188e-05,0.6720321931589537
2016,88811,SÃO LUIZ GONZAGA,65,13,391490.5933866977,0.0,391490.5933866977,0.0,0.0,0.0,0.0,0.0,0.0,0.0,0.0,0.8380177514792899,0.8387573964497042,0.8387573964497042,0.5,0.0,-0.0005512436631841921,0.14688128772635814,-0.0020318600724673493,0.13480885311871227,2.4634572671737137e-05,0.1790744466800805
2016,88820,MARQUES DE SOUZA,40,9,102690.3187682995,0.0,102690.3187682995,0.0,0.0,0.0,0.0,0.0,0.0,0.0,0.0,0.7437275985663083,0.7437275985663083,0.7437275985663083,0.5,0.0,-0.00024309454401840475,0.2887323943661972,-0.0006389919942901376,0.29074446680080485,3.9883237070738695e-05,0.3329979879275654
2016,88838,SÃO MARCOS,84,9,209453.2425891779,0.0,209453.2425891779,0.0,0.0,0.0,0.0,0.0,0.0,0.0,0.0,0.8844444444444445,0.8844444444444444,0.8844444444444444,0.5,0.0,-0.0007778028578845683,0.10362173038229376,-0.0031120956868272154,0.09356136820925554,1.9696899043765367e-05,0.12977867203219315
2016,88846,CHUÍ,46,9,180950.92898612624,0.0,180950.92898612624,0.0,0.0,0.0,0.0,0.0,0.0,0.0,0.0,0.7132132132132132,0.7147147147147147,0.7147147147147147,0.5,0.0,-0.0003157064545841718,0.23440643863179075,-0.0009530875371351557,0.2323943661971831,3.4713010153399075e-05,0.27867203219315895
2016,88854,SÃO MARTINHO,25,9,53447.97073360041,0.0,53447.97073360041,0.0,0.0,0.0,0.0,0.0,0.0,0.0,0.0,0.8125,0.8125,0.8125,0.5,0.0,-9.275381181979697e-05,0.7012072434607646,-8.862743996724572e-05,0.7977867203219315,6.175386645684119e-05,0.7334004024144869
2016,88862,ARARICÁ,58,9,99316.51159459777,0.0,99316.51159459777,0.0,0.0,0.0,0.0,0.0,0.0,0.0,0.0,0.546485260770975,0.546485260770975,0.546485260770975,0.5,0.0,-0.0004647803795998211,0.1720321931589537,-0.0016286115467192594,0.1619718309859155,2.7525288560445177e-05,0.21026156941649898
2016,88870,SÃO NICOLAU,26,9,126297.10924548589,0.0,126297.10924548589,0.0,0.0,0.0,0.0,0.0,0.0,0.0,0.0,0.7058823529411764,0.6862745098039216,0.6862745098039216,0.5,0.0,-9.984295221138152e-05,0.6659959758551308,-0.00010516608617706206,0.7464788732394366,5.967111235970825e-05,0.7002012072434608
2016,88889,PASSA SETE,28,9,43775.77430542873,0.0,43775.77430542873,0.0,0.0,0.0,0.0,0.0,0.0,0.0,0.0,0.7076023391812866,0.7076023391812866,0.7076023391812866,0.5,0.0,-0.00011592272678545503,0.6016096579476862,-0.0001508665451618254,0.6599597585513078,5.586146908591025e-05,0.6398390342052314
2016,88897,SÃO PAULO DAS MISSÕES,21,9,48766.07528012608,0.0,48766.07528012608,0.0,0.0,0.0,0.0,0.0,0.0,0.0,0.0,0.8796296296296295,0.8796296296296295,0.8796296296296295,0.5,0.0,-7.3023112071133e-05,0.8621730382293763,-7.849102885157103e-05,0.8279678068410463,7.156013800602988e-05,0.8661971830985915
2016,88900,TOROPI,31,9,147673.0968249433,0.0,147673.0968249433,0.0,0.0,0.0,0.0,0.0,0.0,0.0,0.0,0.8535353535353536,0.8484848484848484,0.8484848484848484,0.5,0.0,-0.00014376845794204475,0.49798792756539234,-0.00024465515879092776,0.5261569416498993,5.090043766922005e-05,0.5382293762575453
2016,88919,SÃO PEDRO DO SUL,70,11,271220.7305807241,0.0,271220.7305807241,0.0,0.0,0.0,0.0,0.0,0.0,0.0,0.0,0.8243451463790447,0.8243451463790447,0.8243451463790447,0.5,0.0,-0.0006121630509569609,0.13682092555331993,-0.002319431749316466,0.1267605633802817,2.298380375256613e-05,0.16901408450704225
2016,88927,BALNEÁRIO PINHAL,84,9,270836.25998807035,0.0,270836.25998807035,0.0,0.0,0.0,0.0,0.0,0.0,0.0,0.0,0.8888888888888888,0.8903703703703704,0.8903703703703704,0.5,0.0,-0.0007778028578845683,0.10362173038229376,-0.0031120956868272154,0.09356136820925554,1.9696899043765367e-05,0.12977867203219315
2016,88935,SÃO SEBASTIÃO DO CAÍ,62,9,361559.01738755195,0.0,361559.01738755195,0.0,0.0,0.0,0.0,0.0,0.0,0.0,0.0,0.8029350104821803,0.8029350104821803,0.8029350104821803,0.5,0.0,-0.0005143290492428353,0.158953722334004,-0.0018589174003639654,0.1488933601609658,2.578162414018719e-05,0.193158953722334
2016,88943,MAMPITUBA,21,9,54075.55938834722,0.0,54075.55938834722,0.0,0.0,0.0,0.0,0.0,0.0,0.0,0.0,0.6296296296296295,0.6296296296296295,0.6296296296296295,0.5,0.0,-7.3023112071133e-05,0.8621730382293763,-7.849102885157103e-05,0.8279678068410463,7.156013800602988e-05,0.8661971830985915
2016,88951,SÃO SEPÉ,64,11,186422.16610533447,0.0,186422.16610533447,0.0,0.0,0.0,0.0,0.0,0.0,0.0,0.0,0.8902229845626073,0.888507718696398,0.888507718696398,0.5,0.0,-0.0005389661384299486,0.15191146881287726,-0.0019742221278334303,0.14185110663983905,2.5002836225820165e-05,0.1841046277665996
2016,88978,SÃO VALENTIM,25,9,32268.23044625762,0.0,32268.23044625762,0.0,0.0,0.0,0.0,0.0,0.0,0.0,0.0,0.6875,0.6875,0.6875,0.5,0.0,-9.275381181979697e-05,0.7012072434607646,-8.862743996724572e-05,0.7977867203219315,6.175386645684119e-05,0.7334004024144869
2016,88986,ACEGUÁ,33,9,45780.040083065775,0.0,45780.040083065775,0.0,0.0,0.0,0.0,0.0,0.0,0.0,0.0,0.7546296296296297,0.7546296296296297,0.7546296296296297,0.5,0.0,-0.00016420075464760036,0.44668008048289737,-0.0003201927639547311,0.4607645875251509,4.8010671392986836e-05,0.4869215291750503
2016,88994,SAPIRANGA,185,15,1551016.327231288,0.0,1551016.327231288,0.0,0.0,0.0,0.0,0.0,0.0,0.0,0.0,0.9003921568627451,0.9015686274509804,0.9015686274509804,0.5,0.0,-0.001755326205656381,0.014084507042253521,-0.007951493493577929,0.012072434607645875,1.8338198820431367e-05,0.09859154929577464
2016,89001,ALMIRANTE TAMANDARÉ DO SUL,19,9,701276.6556842617,0.0,701276.6556842617,0.0,0.0,0.0,0.0,0.0,0.0,0.0,0.0,0.6333333333333333,0.6333333333333333,0.6333333333333333,0.5,0.0,-7.028032636912046e-05,0.9336016096579477,-0.00011880714247054497,0.7223340040241448,7.758411821868347e-05,0.9054325955734407
2016,89010,SAPUCAIA DO SUL,166,11,1130976.1645568353,0.0,1130976.1645568353,0.0,0.0,0.0,0.0,0.0,0.0,0.0,0.0,0.9343108504398827,0.9319648093841643,0.9319648093841643,0.5,0.0,-0.0015960428999151923,0.022132796780684104,-0.007151445090610567,0.02414486921529175,1.727625146484162e-05,0.06841046277665996
2016,89028,ARROIO DO PADRE,31,9,73793.17148384343,0.0,73793.17148384343,0.0,0.0,0.0,0.0,0.0,0.0,0.0,0.0,0.5782828282828283,0.5782828282828283,0.5782828282828283,0.5,0.0,-0.00014376845794204475,0.49798792756539234,-0.00024465515879092776,0.5261569416498993,5.090043766922005e-05,0.5382293762575453
2016,89036,SARANDI,45,11,346477.89561238926,0.0,346477.89561238926,0.0,0.0,0.0,0.0,0.0,0.0,0.0,0.0,0.7887700534759358,0.7887700534759358,0.7887700534759358,0.5,0.0,-0.0003034298300144405,0.23943661971830985,-0.0008990655109996546,0.23742454728370221,3.5484681113299456e-05,0.2837022132796781
2016,89044,BOA VISTA DO CADEADO,20,9,44106.81577336593,0.0,44106.81577336593,0.0,0.0,0.0,0.0,0.0,0.0,0.0,0.0,0.7575757575757575,0.7575757575757575,0.7575757575757575,0.5,0.0,-7.091156904279616e-05,0.9114688128772636,-9.398465439795835e-05,0.7665995975855131,7.446143331355487e-05,0.8832997987927566
2016,89052,SEBERI,29,9,150275.37204114997,0.0,150275.37204114997,0.0,0.0,0.0,0.0,0.0,0.0,0.0,0.0,0.7222222222222222,0.7222222222222222,0.7222222222222222,0.5,0.0,-0.0001247674792298027,0.5724346076458753,-0.00017913262840498086,0.5985915492957746,5.411540044338538e-05,0.6096579476861167
2016,89060,BOA VISTA DO INCRA,30,9,160210.5688574037,0.0,160210.5688574037,0.0,0.0,0.0,0.0,0.0,0.0,0.0,0.0,0.7354497354497355,0.7354497354497355,0.7354497354497355,0.5,0.0,-0.0001340667680352351,0.5392354124748491,-0.00021050321478756752,0.5633802816901409,5.246412089028307e-05,0.5754527162977867
2016,89079,SELBACH,21,9,44025.65798403487,0.0,44025.65798403487,0.0,0.0,0.0,0.0,0.0,0.0,0.0,0.0,0.6759259259259259,0.6759259259259259,0.6759259259259259,0.5,0.0,-7.3023112071133e-05,0.8621730382293763,-7.849102885157103e-05,0.8279678068410463,7.156013800602988e-05,0.8661971830985915
2016,89087,BOZANO,24,9,55181.0048698047,0.0,55181.0048698047,0.0,0.0,0.0,0.0,0.0,0.0,0.0,0.0,0.5962962962962963,0.6111111111111112,0.6111111111111112,0.5,0.0,-8.641435119731845e-05,0.755533199195171,-7.700469124165385e-05,0.8561368209255533,6.397012158673103e-05,0.7756539235412475
2016,89095,SERAFINA CORRÊA,34,9,127232.06711258064,0.0,127232.06711258064,0.0,0.0,0.0,0.0,0.0,0.0,0.0,0.0,0.8133333333333332,0.8133333333333332,0.8133333333333332,0.5,0.0,-0.00017485488160270607,0.4154929577464789,-0.0003610997328373465,0.41750503018108653,4.667351707789617e-05,0.4557344064386318
2016,89109,CANUDOS DO VALE,15,9,23672.773743703794,0.0,23672.773743703794,0.0,0.0,0.0,0.0,0.0,0.0,0.0,0.0,0.6944444444444443,0.685185185185185,0.685185185185185,0.5,0.0,-8.805428346369872e-05,0.7293762575452716,-0.00034419955879969727,0.4416498993963783,9.290724185647251e-05,0.9728370221327968
2016,89117,SERTÃO,32,9,81279.97014742703,0.0,81279.97014742703,0.0,0.0,0.0,0.0,0.0,0.0,0.0,0.0,0.5869565217391304,0.5869565217391304,0.5869565217391304,0.5,0.0,-0.00015382663821862086,0.46981891348088534,-0.00028130279026808566,0.48390342052313884,4.941789328308258e-05,0.5100603621730382
2016,89125,CAPÃO BONITO DO SUL,39,9,116281.16916345106,0.0,116281.16916345106,0.0,0.0,0.0,0.0,0.0,0.0,0.0,0.0,0.34444444444444444,0.34444444444444444,0.34444444444444444,0.5,0.0,-0.00023132231305547223,0.30784708249496984,-0.0005895452621172849,0.30985915492957744,4.0886347424228636e-05,0.35412474849094566
2016,89133,SEVERIANO DE ALMEIDA,25,9,78840.97279669503,0.0,78840.97279669503,0.0,0.0,0.0,0.0,0.0,0.0,0.0,0.0,0.7951388888888888,0.8159722222222222,0.8159722222222222,0.5,0.0,-9.275381181979697e-05,0.7012072434607646,-8.862743996724572e-05,0.7977867203219315,6.175386645684119e-05,0.7334004024144869
2016,89141,CAPÃO DO CIPÓ,32,9,198001.48175631094,0.0,198001.48175631094,0.0,0.0,0.0,0.0,0.0,0.0,0.0,0.0,0.7270531400966184,0.7294685990338164,0.7294685990338164,0.5,0.0,-0.00015382663821862086,0.46981891348088534,-0.00028130279026808566,0.48390342052313884,4.941789328308258e-05,0.5100603621730382
2016,89150,CAPÃO DA CANOA,109,11,450066.6645665557,0.0,450066.6645665557,0.0,0.0,0.0,0.0,0.0,0.0,0.0,0.0,0.855287569573284,0.8589981447124305,0.8589981447124305,0.5,0.0,-0.001053534022850802,0.05734406438631791,-0.00445576881213568,0.04929577464788732,1.69252826856705e-05,0.04929577464788732
2016,89168,COQUEIRO BAIXO,20,9,58804.23678532505,0.0,58804.23678532505,0.0,0.0,0.0,0.0,0.0,0.0,0.0,0.0,0.5101010101010102,0.5101010101010102,0.5101010101010102,0.5,0.0,-7.091156904279616e-05,0.9114688128772636,-9.398465439795835e-05,0.7665995975855131,7.446143331355487e-05,0.8832997987927566
2016,89176,SOBRADINHO,35,9,120464.02267592566,0.0,120464.02267592566,0.0,0.0,0.0,0.0,0.0,0.0,0.0,0.0,0.782051282051282,0.782051282051282,0.782051282051282,0.5,0.0,-0.00018575710854876,0.3822937625754527,-0.0004038226953535733,0.3843058350100604,4.540166892762898e-05,0.4225352112676056
2016,89184,CORONEL PILAR,17,9,57952.80541356152,0.0,57952.80541356152,0.0,0.0,0.0,0.0,0.0,0.0,0.0,0.0,0.3472222222222222,0.3472222222222222,0.3472222222222222,0.5,0.0,-7.444720034725654e-05,0.8531187122736419,-0.00020235187018016032,0.5835010060362174,8.460617806435454e-05,0.9517102615694165
2016,89192,SOLEDADE,93,13,381772.8141724351,0.0,381772.8141724351,0.0,0.0,0.0,0.0,0.0,0.0,0.0,0.0,0.83125,0.8317307692307693,0.8317307692307693,0.5,0.0,-0.0008800480065129169,0.08450704225352113,-0.0036074340259389355,0.0744466800804829,1.8343496580733094e-05,0.1006036217303823
2016,89206,CRUZALTENSE,26,9,99610.74929305725,0.0,99610.74929305725,0.0,0.0,0.0,0.0,0.0,0.0,0.0,0.0,0.7973856209150326,0.7973856209150326,0.7973856209150326,0.5,0.0,-9.984295221138152e-05,0.6659959758551308,-0.00010516608617706206,0.7464788732394366,5.967111235970825e-05,0.7002012072434608
2016,89214,TAPEJARA,53,11,352980.9114564495,2220.6618751656897,350760.2495812837,0.006291167037908432,0.018867924528301886,0.09090909090909091,0.0,0.09090909090909091,0.010173353951330675,0.0,0.010173353951330675,0.8766233766233766,0.8744588744588745,0.8744588744588745,0.5454545454545454,0.0,0.005888627276497542,0.9879275653923542,0.017525050351198123,0.9778672032193159,3.0113432745425053e-05,0.2323943661971831
2016,89222,FORQUETINHA,32,9,117155.19206869128,0.0,117155.19206869128,0.0,0.0,0.0,0.0,0.0,0.0,0.0,0.0,0.5966183574879227,0.6014492753623188,0.6014492753623188,0.5,0.0,-0.00015382663821862086,0.46981891348088534,-0.00028130279026808566,0.48390342052313884,4.941789328308258e-05,0.5100603621730382
2016,89230,TAPERA,41,9,97532.53547497716,0.0,97532.53547497716,0.0,0.0,0.0,0.0,0.0,0.0,0.0,0.0,0.7152777777777778,0.7152777777777778,0.7152777777777778,0.5,0.0,-0.0002549834000556805,0.272635814889336,-0.000689414604003835,0.2746478873239437,3.892447854667527e-05,0.31690140845070425
2016,89247,SANTA CECÍLIA DO SUL,24,9,62849.43887036436,0.0,62849.43887036436,0.0,0.0,0.0,0.0,0.0,0.0,0.0,0.0,0.7777777777777777,0.7777777777777777,0.7777777777777777,0.5,0.0,-8.641435119731845e-05,0.755533199195171,-7.700469124165385e-05,0.8561368209255533,6.397012158673103e-05,0.7756539235412475
2016,89249,ITATI,25,9,93403.02226074407,0.0,93403.02226074407,0.0,0.0,0.0,0.0,0.0,0.0,0.0,0.0,0.6979166666666666,0.6944444444444444,0.6944444444444444,0.5,0.0,-9.275381181979697e-05,0.7012072434607646,-8.862743996724572e-05,0.7977867203219315,6.175386645684119e-05,0.7334004024144869
2016,89257,TAPES,85,9,208210.29372441015,0.0,208210.29372441015,0.0,0.0,0.0,0.0,0.0,0.0,0.0,0.0,0.7609649122807018,0.7521929824561403,0.7521929824561403,0.5,0.0,-0.0007893308041037896,0.09959758551307847,-0.0031677423274191776,0.08953722334004025,1.9521762186150357e-05,0.12474849094567404
2016,89265,JACUIZINHO,37,9,136556.56710875133,0.0,136556.56710875133,0.0,0.0,0.0,0.0,0.0,0.0,0.0,0.0,0.8174603174603176,0.8174603174603176,0.8174603174603176,0.5,0.0,-0.00020819525638832495,0.33702213279678067,-0.0004940161900209907,0.34305835010060365,4.303697260270759e-05,0.38329979879275655
2016,89273,TAQUARA,139,15,532617.9932463401,0.0,532617.9932463401,0.0,0.0,0.0,0.0,0.0,0.0,0.0,0.0,0.906989247311828,0.9053763440860215,0.9053763440860215,0.5,0.0,-0.0013524145708670345,0.04024144869215292,-0.00593442805882679,0.03621730382293763,1.639810726792064e-05,0.028169014084507043
2016,89281,LAGOA BONITA DO SUL,26,9,47541.439473622195,0.0,47541.439473622195,0.0,0.0,0.0,0.0,0.0,0.0,0.0,0.0,0.7124183006535948,0.7124183006535948,0.7124183006535948,0.5,0.0,-9.984295221138152e-05,0.6659959758551308,-0.00010516608617706206,0.7464788732394366,5.967111235970825e-05,0.7002012072434608
2016,89290,TAQUARI,75,9,280694.2073798934,0.0,280694.2073798934,0.0,0.0,0.0,0.0,0.0,0.0,0.0,0.0,0.8240740740740741,0.8257575757575757,0.8257575757575757,0.5,0.0,-0.0006722039440596857,0.12072434607645875,-0.0026051245973201607,0.11066398390342053,2.161019527822704e-05,0.15090543259557343
2016,89303,MATO QUEIMADO,10,9,16447.628266664702,0.0,16447.628266664702,0.0,0.0,0.0,0.0,0.0,0.0,0.0,0.0,0.8333333333333333,0.8888888888888888,0.8888888888888888,0.5,0.0,-0.00019417105637641824,0.3641851106639839,-0.001135630318730025,0.2112676056338028,0.00012248165213417538,0.9899396378269618
2016,89311,TENENTE PORTELA,34,9,180644.2851899909,0.0,180644.2851899909,0.0,0.0,0.0,0.0,0.0,0.0,0.0,0.0,0.8133333333333332,0.8133333333333332,0.8133333333333332,0.5,0.0,-0.00017485488160270607,0.4154929577464789,-0.0003610997328373465,0.41750503018108653,4.667351707789617e-05,0.4557344064386318
2016,89320,NOVO XINGU,22,9,65976.01235529766,0.0,65976.01235529766,0.0,0.0,0.0,0.0,0.0,0.0,0.0,0.0,0.829059829059829,0.829059829059829,0.829059829059829,0.5,0.0,-7.641766613220523e-05,0.8329979879275654,-7.114121151380437e-05,0.8953722334004024,6.885723450961779e-05,0.8390342052313883
2016,89338,TORRES,91,13,249608.58301304898,4842.375284986303,244766.2077280627,0.019399874902271106,0.03296703296703297,0.07692307692307693,0.02564102564102564,0.05128205128205129,0.016106371267373056,0.005768664856275885,0.01033770641109717,0.8722879684418146,0.8703155818540435,0.8703155818540433,0.5266272189349113,1.1102230246251565e-16,0.018542254840101576,0.9979879275653923,0.02946858385022305,0.9899396378269618,1.8603491711449855e-05,0.10462776659959759
2016,89346,PAULO BENTO,34,9,33123.969902058976,0.0,33123.969902058976,0.0,0.0,0.0,0.0,0.0,0.0,0.0,0.0,0.5622222222222222,0.5622222222222222,0.5622222222222222,0.5,0.0,-0.00017485488160270607,0.4154929577464789,-0.0003610997328373465,0.41750503018108653,4.667351707789617e-05,0.4557344064386318
2016,89354,TRAMANDAÍ,107,13,534014.1085628442,0.0,534014.1085628442,0.0,0.0,0.0,0.0,0.0,0.0,0.0,0.0,0.9091653027823241,0.9108019639934534,0.9108019639934534,0.5,0.0,-0.0010324146388832483,0.0613682092555332,-0.004352041574354889,0.05331991951710262,1.704711712549959e-05,0.05533199195171026
2016,89362,PINHAL DA SERRA,29,9,79060.5074296739,0.0,79060.5074296739,0.0,0.0,0.0,0.0,0.0,0.0,0.0,0.0,0.5833333333333333,0.5833333333333333,0.5833333333333333,0.5,0.0,-0.0001247674792298027,0.5724346076458753,-0.00017913262840498086,0.5985915492957746,5.411540044338538e-05,0.6096579476861167
2016,89370,TRÊS COROAS,54,9,191963.51692214792,0.0,191963.51692214792,0.0,0.0,0.0,0.0,0.0,0.0,0.0,0.0,0.8765432098765432,0.8765432098765432,0.8765432098765432,0.5,0.0,-0.0004149980184023779,0.1891348088531187,-0.0013997069697097863,0.1790744466800805,2.9555035432302994e-05,0.22736418511066397
2016,89389,QUATRO IRMÃOS,28,9,95640.79803676103,0.0,95640.79803676103,0.0,0.0,0.0,0.0,0.0,0.0,0.0,0.0,0.5994152046783625,0.5994152046783625,0.5994152046783625,0.5,0.0,-0.00011592272678545503,0.6016096579476862,-0.0001508665451618254,0.6599597585513078,5.586146908591025e-05,0.6398390342052314
2016,89397,TRÊS DE MAIO,53,11,270741.67459660076,0.0,270741.67459660076,0.0,0.0,0.0,0.0,0.0,0.0,0.0,0.0,0.6212121212121211,0.6190476190476191,0.6190476190476191,0.5,0.0,-0.00040253976141088924,0.193158953722334,-0.0013428741771037641,0.18309859154929578,3.0113432745425053e-05,0.2323943661971831
2016,89400,ROLADOR,22,9,56903.187371645705,0.0,56903.187371645705,0.0,0.0,0.0,0.0,0.0,0.0,0.0,0.0,0.6623931623931624,0.6538461538461539,0.6538461538461539,0.5,0.0,-7.641766613220523e-05,0.8329979879275654,-7.114121151380437e-05,0.8953722334004024,6.885723450961779e-05,0.8390342052313883
2016,89419,TRÊS PASSOS,55,11,280876.83461250697,0.0,280876.83461250697,0.0,0.0,0.0,0.0,0.0,0.0,0.0,0.0,0.9090909090909091,0.9090909090909091,0.9090909090909091,0.5,0.0,-0.00042745490936932384,0.18611670020120724,-0.001456723740136216,0.176056338028169,2.90179461796776e-05,0.2243460764587525
2016,89435,TRIUNFO,88,11,568026.831760582,0.0,568026.831760582,0.0,0.0,0.0,0.0,0.0,0.0,0.0,0.0,0.8937426210153483,0.9090909090909092,0.9090909090909092,0.5,0.0,-0.0008236639595311228,0.096579476861167,-0.0033337874565045307,0.08651911468812877,1.903537785064628e-05,0.11670020120724346
2016,89443,SANTA MARGARIDA DO SUL,31,9,37018.818373737085,0.0,37018.818373737085,0.0,0.0,0.0,0.0,0.0,0.0,0.0,0.0,0.8232323232323232,0.8232323232323232,0.8232323232323232,0.5,0.0,-0.00014376845794204475,0.49798792756539234,-0.00024465515879092776,0.5261569416498993,5.090043766922005e-05,0.5382293762575453
2016,89451,TUCUNDUVA,29,9,97266.1300720198,0.0,97266.1300720198,0.0,0.0,0.0,0.0,0.0,0.0,0.0,0.0,0.8166666666666667,0.8222222222222222,0.8222222222222222,0.5,0.0,-0.0001247674792298027,0.5724346076458753,-0.00017913262840498086,0.5985915492957746,5.411540044338538e-05,0.6096579476861167
2016,89460,SÃO JOSÉ DO SUL,16,9,60147.8852639253,0.0,60147.8852639253,0.0,0.0,0.0,0.0,0.0,0.0,0.0,0.0,0.3650793650793651,0.3650793650793651,0.3650793650793651,0.5,0.0,-7.987065672331285e-05,0.806841046277666,-0.00026480029987300966,0.5010060362173038,8.85750940291992e-05,0.959758551307847
2016,89478,TUPANCIRETÃ,90,9,155950.21424548587,0.0,155950.21424548587,0.0,0.0,0.0,0.0,0.0,0.0,0.0,0.0,0.7270233196159122,0.7242798353909465,0.7242798353909465,0.5,0.0,-0.0008463432793447525,0.08953722334004025,-0.0034437184349521877,0.07746478873239436,1.874170042875317e-05,0.10764587525150905
2016,89486,SÃO PEDRO DAS MISSÕES,18,9,54493.043820878374,0.0,54493.043820878374,0.0,0.0,0.0,0.0,0.0,0.0,0.0,0.0,0.537037037037037,0.537037037037037,0.537037037037037,0.5,0.0,-7.136463698981445e-05,0.886317907444668,-0.0001543670890462443,0.6287726358148893,8.095511392154583e-05,0.9346076458752515
2016,89494,TUPARENDI,35,9,154721.18152846917,0.0,154721.18152846917,0.0,0.0,0.0,0.0,0.0,0.0,0.0,0.0,0.75,0.75,0.75,0.5,0.0,-0.00018575710854876,0.3822937625754527,-0.0004038226953535733,0.3843058350100604,4.540166892762898e-05,0.4225352112676056
2016,89508,TIO HUGO,18,9,80884.92920424753,0.0,80884.92920424753,0.0,0.0,0.0,0.0,0.0,0.0,0.0,0.0,0.728395061728395,0.728395061728395,0.728395061728395,0.5,0.0,-7.136463698981445e-05,0.886317907444668,-0.0001543670890462443,0.6287726358148893,8.095511392154583e-05,0.9346076458752515
2016,89516,URUGUAIANA,147,11,1009370.381175587,0.0,1009370.381175587,0.0,0.0,0.0,0.0,0.0,0.0,0.0,0.0,0.8897058823529411,0.8897058823529411,0.8897058823529411,0.5,0.0,-0.0014268986694383615,0.03420523138832998,-0.006305547243450616,0.03219315895372234,1.6559627935747733e-05,0.03822937625754527
2016,89524,WESTFALIA,18,9,10088.141201802704,0.0,10088.141201802704,0.0,0.0,0.0,0.0,0.0,0.0,0.0,0.0,0.7407407407407407,0.7407407407407407,0.7407407407407407,0.5,0.0,-7.136463698981445e-05,0.886317907444668,-0.0001543670890462443,0.6287726358148893,8.095511392154583e-05,0.9346076458752515
2016,89532,VACARIA,172,15,625024.7081545847,0.0,625024.7081545847,0.0,0.0,0.0,0.0,0.0,0.0,0.0,0.0,0.7239915074309979,0.7239915074309979,0.7239915074309979,0.5,0.0,-0.001647350270500335,0.02012072434607646,-0.007408810852104519,0.02012072434607646,1.7580232501725786e-05,0.08048289738430583
2016,89540,PINTO BANDEIRA,28,9,35144.106009897194,0.0,35144.106009897194,0.0,0.0,0.0,0.0,0.0,0.0,0.0,0.0,0.6842105263157894,0.6842105263157894,0.6842105263157894,0.5,0.0,-0.00011592272678545503,0.6016096579476862,-0.0001508665451618254,0.6599597585513078,5.586146908591025e-05,0.6398390342052314
2016,89559,VENÂNCIO AIRES,130,15,981771.3291924652,2442.7280626822585,979328.6011297829,0.002488082499507774,0.023076923076923078,0.13333333333333333,0.008695652173913044,0.12463768115942028,0.0069063724439848186,0.00034698891835949306,0.006559383525625326,0.8892753623188405,0.8904347826086957,0.8881159420289856,0.5620289855072464,0.002318840579710102,0.001221968425329512,0.9617706237424547,0.01757129770804743,0.9798792756539235,0.0023351846959441857,0.9979879275653923
2016,89567,PEDRAS ALTAS,32,9,52137.38050811511,0.0,52137.38050811511,0.0,0.0,0.0,0.0,0.0,0.0,0.0,0.0,0.71256038647343,0.71256038647343,0.71256038647343,0.5,0.0,-0.00015382663821862086,0.46981891348088534,-0.00028130279026808566,0.48390342052313884,4.941789328308258e-05,0.5100603621730382
2016,89575,VERA CRUZ,63,11,158090.3549210581,0.0,158090.3549210581,0.0,0.0,0.0,0.0,0.0,0.0,0.0,0.0,0.8828671328671329,0.8846153846153846,0.8846153846153846,0.5,0.0,-0.0005266607006932421,0.15593561368209255,-0.0019165700651065784,0.14587525150905434,2.5384997476325353e-05,0.19014084507042253
2016,89591,VERANÓPOLIS,65,9,191735.73623140593,1406.419187604937,190329.317043801,0.0073351959068680295,0.046153846153846156,0.1111111111111111,0.03571428571428571,0.07539682539682539,0.011291779584462511,0.0045059431114708995,0.006785836472991612,0.9007936507936508,0.9007936507936508,0.8968253968253969,0.5376984126984127,0.003968253968253954,0.006783952243683837,0.9899396378269618,0.04412198608137881,1.0,0.003992888540925691,1.0
2016,89613,VIADUTOS,27,9,48108.4188635895,0.0,48108.4188635895,0.0,0.0,0.0,0.0,0.0,0.0,0.0,0.0,0.6111111111111112,0.6111111111111112,0.6111111111111112,0.5,0.0,-0.00010759191108159146,0.6378269617706237,-0.0001260717499592124,0.6921529175050302,5.771036647464188e-05,0.6720321931589537
2016,89630,VIAMÃO,330,21,1448186.8617898906,0.0,1448186.8617898906,0.0,0.0,0.0,0.0,0.0,0.0,0.0,0.0,0.9382031129603945,0.9386654338110649,0.9386654338110649,0.5,0.0,-0.002741593328510157,0.002012072434607646,-0.012957887100979263,0.002012072434607646,3.07858412832184e-05,0.24748490945674045
2016,89656,VICENTE DUTRA,33,9,148435.7313305252,0.0,148435.7313305252,0.0,0.0,0.0,0.0,0.0,0.0,0.0,0.0,0.6388888888888888,0.6388888888888888,0.6388888888888888,0.5,0.0,-0.00016420075464760036,0.44668008048289737,-0.0003201927639547311,0.4607645875251509,4.8010671392986836e-05,0.4869215291750503
2016,89672,PALMARES DO SUL,72,9,173774.26796002826,0.0,173774.26796002826,0.0,0.0,0.0,0.0,0.0,0.0,0.0,0.0,0.8606701940035273,0.8606701940035273,0.8606701940035273,0.5,0.0,-0.0006362909310896729,0.12877263581488935,-0.0024339896336300028,0.11871227364185111,2.2403892898715786e-05,0.15995975855130784
2016,89699,VICTOR GRAEFF,24,9,66401.3727352794,0.0,66401.3727352794,0.0,0.0,0.0,0.0,0.0,0.0,0.0,0.0,0.7037037037037037,0.7037037037037037,0.7037037037037037,0.5,0.0,-8.641435119731845e-05,0.755533199195171,-7.700469124165385e-05,0.8561368209255533,6.397012158673103e-05,0.7756539235412475
2016,89710,TAVARES,23,9,58634.29693422487,0.0,58634.29693422487,0.0,0.0,0.0,0.0,0.0,0.0,0.0,0.0,0.7857142857142857,0.7857142857142857,0.7857142857142857,0.5,0.0,-8.092861589969681e-05,0.7877263581488934,-7.0931155918883e-05,0.9265593561368209,6.63329386313115e-05,0.8078470824949698
2016,89737,CAPÃO DO LEÃO,105,11,166874.03492415094,190.9769212642493,166683.05800288668,0.0011444376073908313,0.009523809523809525,0.0,0.010638297872340425,-0.010638297872340425,0.0,0.00016877174309915894,-0.00016877174309915894,0.7224371373307544,0.7350096711798839,0.7350096711798839,0.4946808510638298,0.0,0.00013330138209268014,0.9517102615694165,0.005276157701825895,0.9537223340040242,1.7183111820386787e-05,0.06438631790744467
2016,89753,SALTO DO JACUÍ,51,9,213522.70910630652,0.0,213522.70910630652,0.0,0.0,0.0,0.0,0.0,0.0,0.0,0.0,0.671957671957672,0.6746031746031745,0.6746031746031745,0.5,0.0,-0.0003776365002211263,0.20724346076458752,-0.0012298834971787675,0.19919517102615694,3.129826861755881e-05,0.24949698189134809
2016,89770,COTIPORÃ,22,9,72991.88265722113,0.0,72991.88265722113,0.0,0.0,0.0,0.0,0.0,0.0,0.0,0.0,0.6239316239316239,0.6239316239316239,0.6239316239316239,0.5,0.0,-7.641766613220523e-05,0.8329979879275654,-7.114121151380437e-05,0.8953722334004024,6.885723450961779e-05,0.8390342052313883
2016,98213,TEUTÔNIA,79,11,539231.7016826711,0.0,539231.7016826711,0.0,0.0,0.0,0.0,0.0,0.0,0.0,0.0,0.7927807486631017,0.7927807486631016,0.7927807486631016,0.5,0.0,-0.0007195423680146769,0.11468812877263582,-0.002831742688088455,0.10462776659959759,2.0679940624131597e-05,0.1448692152917505
2016,98230,BOM PRINCÍPIO,36,9,180878.1949075083,0.0,180878.1949075083,0.0,0.0,0.0,0.0,0.0,0.0,0.0,0.0,0.6995884773662552,0.6954732510288065,0.6954732510288065,0.5,0.0,-0.00019687902054366086,0.35110663983903423,-0.00044818189692614205,0.35714285714285715,4.419080094231887e-05,0.39738430583501005
2016,98256,PAROBÉ,184,15,807600.5102391823,0.0,807600.5102391823,0.0,0.0,0.0,0.0,0.0,0.0,0.0,0.0,0.8662721893491124,0.8666666666666666,0.8666666666666666,0.5,0.0,-0.0017471694137291037,0.01609657947686117,-0.007910449979189198,0.014084507042253521,1.827559938870943e-05,0.096579476861167
2016,98272,FORTALEZA DOS VALOS,28,9,234797.95265869392,0.0,234797.95265869392,0.0,0.0,0.0,0.0,0.0,0.0,0.0,0.0,0.672514619883041,0.6783625730994152,0.6783625730994152,0.5,0.0,-0.00011592272678545503,0.6016096579476862,-0.0001508665451618254,0.6599597585513078,5.586146908591025e-05,0.6398390342052314
2016,98299,JÓIA,41,9,149913.67063492298,0.0,149913.67063492298,0.0,0.0,0.0,0.0,0.0,0.0,0.0,0.0,0.7118055555555556,0.7118055555555556,0.7118055555555556,0.5,0.0,-0.0002549834000556805,0.272635814889336,-0.000689414604003835,0.2746478873239437,3.892447854667527e-05,0.31690140845070425
2020,84735,ÁUREA,38,9,33558.85295138762,0.0,33558.85295138762,0.0,0.0,0.0,0.0,0.0,0.0,0.0,0.0,0.45593869731800774,0.45593869731800774,0.45593869731800774,0.5,0.0,-0.01136472187877174,0.24346076458752516,-0.03188943940026455,0.1851106639839034,-0.000714309870245348,0.3873239436619718
2020,84743,TRÊS ARROIOS,22,9,25072.356728979874,1260.8959686435755,23811.460760336297,0.05029028512450006,0.18181818181818182,0.2222222222222222,0.15384615384615385,0.06837606837606836,0.054537502209216486,0.009511202077216396,0.04502630013200009,0.5384615384615385,0.5256410256410255,0.4914529914529915,0.5512820512820513,0.03418803418803407,0.039555062519027434,0.9356136820925554,0.15458756759614906,0.9637826961770624,0.033790735185070545,0.9758551307847082
2020,84751,NOVA ROMA DO SUL,25,9,13662.173344225579,147.50347914352756,13514.66986508205,0.010796487164018528,0.04,0.1111111111111111,0.0,0.1111111111111111,0.008666894742844109,0.0,0.008666894742844109,0.625,0.5625,0.5625,0.5555555555555556,0.0,0.00035174918320674854,0.772635814889336,0.012712498874750247,0.8048289738430584,-0.00047379187007951196,0.6790744466800804
2020,84760,PROGRESSO,32,9,41216.87129927255,0.0,41216.87129927255,0.0,0.0,0.0,0.0,0.0,0.0,0.0,0.0,0.5096618357487923,0.5797101449275363,0.5797101449275363,0.5,0.0,-0.010635857533012279,0.4134808853118712,-0.0291723930892955,0.2987927565392354,-0.0006175319411754038,0.5
2020,84778,PIRAPÓ,19,9,22787.696042768457,0.0,22787.696042768457,0.0,0.0,0.0,0.0,0.0,0.0,0.0,0.0,0.6277777777777778,0.6222222222222222,0.6222222222222222,0.5,0.0,-0.011388442266985146,0.22635814889336017,-0.027921664419605637,0.4014084507042254,-0.00030796689647941475,0.817907444668008
2020,84786,JABOTICABA,22,9,14933.433373114238,0.0,14933.433373114238,0.0,0.0,0.0,0.0,0.0,0.0,0.0,0.0,0.6965811965811965,0.7264957264957266,0.7264957264957266,0.5,0.0,-0.010735222605472628,0.3702213279678068,-0.02723061422203277,0.5613682092555332,-0.00039729900296352124,0.7525150905432596
2020,84794,SÃO JORGE,20,9,15890.006374261693,0.0,15890.006374261693,0.0,0.0,0.0,0.0,0.0,0.0,0.0,0.0,0.696969696969697,0.6767676767676768,0.6767676767676768,0.5,0.0,-0.011121420857066511,0.2766599597585513,-0.027588924916157276,0.47585513078470826,-0.00033941047738787674,0.7997987927565392
2020,84808,ALTO ALEGRE,25,9,25342.003439975582,0.0,25342.003439975582,0.0,0.0,0.0,0.0,0.0,0.0,0.0,0.0,0.6041666666666666,0.5243055555555556,0.5243055555555556,0.5,0.0,-0.01044473798081178,0.5251509054325956,-0.027287501125249754,0.5392354124748491,-0.00047379187007951196,0.6790744466800804
2020,84816,NOVA HARTZ,70,9,88379.40082039383,4916.782638117585,83462.61818227623,0.055632676760386246,0.07142857142857142,0.2222222222222222,0.04918032786885246,0.17304189435336975,0.05940382556778783,0.01766920579544831,0.04173461977233952,0.7759562841530054,0.7969034608378871,0.7969034608378871,0.5901639344262295,0.0,0.03762210210684138,0.9275653923541247,0.02033221887153968,0.8329979879275654,-0.0010346879003226598,0.21830985915492956
2020,84824,DOIS LAJEADOS,36,9,25385.06410476414,0.0,25385.06410476414,0.0,0.0,0.0,0.0,0.0,0.0,0.0,0.0,0.6275720164609053,0.4691358024691358,0.4691358024691358,0.5,0.0,-0.011082131993741745,0.29577464788732394,-0.030909056780208666,0.21327967806841047,-0.0006841626373900068,0.4164989939637827
2020,84832,SÃO DOMINGOS DO SUL,31,9,44578.475588953545,0.0,44578.475588953545,0.0,0.0,0.0,0.0,0.0,0.0,0.0,0.0,0.4595959595959596,0.43686868686868685,0.43686868686868685,0.5,0.0,-0.010555068373266394,0.45875251509054327,-0.02879739683859034,0.32193158953722334,-0.0005993511421226163,0.5181086519114688
2020,84840,TUNAS,22,9,18266.49444569079,0.0,18266.49444569079,0.0,0.0,0.0,0.0,0.0,0.0,0.0,0.0,0.6495726495726495,0.39743589743589747,0.39743589743589747,0.5,0.0,-0.010735222605472628,0.3702213279678068,-0.02723061422203277,0.5613682092555332,-0.00039729900296352124,0.7525150905432596
2020,84859,SÃO JOÃO DA URTIGA,30,9,79538.10697503916,0.0,79538.10697503916,0.0,0.0,0.0,0.0,0.0,0.0,0.0,0.0,0.5767195767195767,0.4470899470899471,0.4470899470899471,0.5,0.0,-0.01048914878614563,0.49899396378269617,-0.02845141227585683,0.3440643863179074,-0.0005804776065131847,0.5432595573440644
2020,84867,GUABIJU,16,9,10693.536437445295,0.0,10693.536437445295,0.0,0.0,0.0,0.0,0.0,0.0,0.0,0.0,0.6587301587301587,0.5396825396825398,0.5396825396825398,0.5,0.0,-0.012579525296610074,0.14285714285714285,-0.02973794546856098,0.2635814889336016,-0.00020123122983028207,0.8450704225352113
2020,84875,QUINZE DE NOVEMBRO,33,9,68844.1176760351,1487.9736931145321,67356.14398292056,0.02161366494834898,0.09090909090909091,0.1111111111111111,0.08333333333333333,0.027777777777777776,0.010735165611399887,0.011908014571948997,-0.0011728489605491096,0.3472222222222222,0.33796296296296297,0.3425925925925926,0.5115740740740741,-0.00462962962962965,0.010883533630670605,0.8450704225352113,0.061335588769073246,0.9175050301810865,-0.0052646942919712,0.09456740442655935
2020,84883,DOUTOR MAURÍCIO CARDOSO,20,9,45771.77873522468,0.0,45771.77873522468,0.0,0.0,0.0,0.0,0.0,0.0,0.0,0.0,0.3484848484848485,0.4393939393939394,0.4393939393939394,0.5,0.0,-0.011121420857066511,0.2766599597585513,-0.027588924916157276,0.47585513078470826,-0.00033941047738787674,0.7997987927565392
2020,84891,CAPELA DE SANTANA,46,9,47397.33176989474,297.4006550977176,47099.93111479702,0.006274628633981817,0.021739130434782608,0.0,0.02702702702702703,-0.02702702702702703,0.0,0.005176801801801802,-0.005176801801801802,0.6036036036036035,0.596096096096096,0.596096096096096,0.4864864864864865,0.0,-0.00648374919609153,0.6921529175050302,-0.014545255322710476,0.6730382293762576,-0.0008185644205344637,0.3118712273641851
2020,84905,JAQUIRANA,41,9,39802.26117867939,388.1670503777041,39414.094128301695,0.009752386896692966,0.024390243902439025,0.0,0.03125,-0.03125,0.0,0.004352367688022284,-0.004352367688022284,0.7430555555555556,0.7274305555555556,0.7309027777777778,0.484375,-0.00347222222222221,-0.0020926504286127405,0.7484909456740443,-0.009072943240942925,0.7012072434607646,-0.004228424696246378,0.12474849094567404
2020,84913,VANINI,25,9,25122.585545298745,0.0,25122.585545298745,0.0,0.0,0.0,0.0,0.0,0.0,0.0,0.0,0.5381944444444444,0.5972222222222222,0.5972222222222222,0.5,0.0,-0.01044473798081178,0.5251509054325956,-0.027287501125249754,0.5392354124748491,-0.00047379187007951196,0.6790744466800804
2020,84921,BOQUEIRÃO DO LEÃO,39,9,37895.71401624091,0.0,37895.71401624091,0.0,0.0,0.0,0.0,0.0,0.0,0.0,0.0,0.7111111111111111,0.6407407407407407,0.6407407407407407,0.5,0.0,-0.011517964084831104,0.2152917505030181,-0.03240162112820084,0.1710261569416499,-0.000728693671499321,0.37122736418511065
2020,84930,FAGUNDES VARELA,20,9,20998.194184920525,0.0,20998.194184920525,0.0,0.0,0.0,0.0,0.0,0.0,0.0,0.0,0.6262626262626263,0.6616161616161615,0.6616161616161615,0.5,0.0,-0.011121420857066511,0.2766599597585513,-0.027588924916157276,0.47585513078470826,-0.00033941047738787674,0.7997987927565392
2020,84948,ÁGUA SANTA,23,9,38335.08030056342,0.0,38335.08030056342,0.0,0.0,0.0,0.0,0.0,0.0,0.0,0.0,0.46031746031746035,0.46825396825396826,0.46825396825396826,0.5,0.0,-0.010604463313825741,0.4396378269617706,-0.02718013702037181,0.6066398390342053,-0.00042405056659267174,0.7243460764587525
2020,84956,SILVEIRA MARTINS,25,9,58146.66075138099,388.1670503777041,57758.49370100329,0.006675655065342425,0.04,0.1111111111111111,0.0,0.1111111111111111,0.011287191295318074,0.0,0.011287191295318074,0.6875,0.6805555555555556,0.6805555555555556,0.5555555555555556,0.0,-0.003769082915469355,0.7323943661971831,0.012712498874750247,0.8048289738430584,-0.00047379187007951196,0.6790744466800804
2020,84964,IBIRAPUITÃ,44,9,52870.55187472877,0.0,52870.55187472877,0.0,0.0,0.0,0.0,0.0,0.0,0.0,0.0,0.6936507936507936,0.6936507936507936,0.6936507936507936,0.5,0.0,-0.012378919319911702,0.158953722334004,-0.03513183570702038,0.1227364185110664,-0.0007946292019973034,0.32494969818913483
2020,84972,IBARAMA,20,9,25960.612329260846,0.0,25960.612329260846,0.0,0.0,0.0,0.0,0.0,0.0,0.0,0.0,0.8585858585858586,0.7878787878787878,0.7878787878787878,0.5,0.0,-0.011121420857066511,0.2766599597585513,-0.027588924916157276,0.47585513078470826,-0.00033941047738787674,0.7997987927565392
2020,84980,PANTANO GRANDE,53,9,262146.780148544,204.11117399027606,261942.66897455376,0.0007786140797709497,0.018867924528301886,0.0,0.022727272727272728,-0.022727272727272728,0.0,0.0002739983471516504,-0.0002739983471516504,0.8535353535353535,0.8484848484848485,0.8484848484848485,0.48863636363636365,0.0,-0.013413610075604297,0.11267605633802817,-0.021618057452908266,0.6428571428571429,-0.0008935106702378082,0.27062374245472837
2020,84999,IPÊ,30,9,43249.430425165316,1125.6844460953419,42123.74597906998,0.026027728805425976,0.03333333333333333,0.0,0.047619047619047616,-0.047619047619047616,0.0,0.02210573094886182,-0.02210573094886182,0.5925925925925926,0.5396825396825397,0.5608465608465608,0.47619047619047616,-0.021164021164021163,0.015538580019280346,0.8651911468812877,0.004881921057476504,0.7665995975855131,-0.02174449877053435,0.014084507042253521
2020,85006,TRINDADE DO SUL,36,9,43374.264948566786,439.9226570947313,42934.34229147206,0.010142480976136233,0.027777777777777776,0.1111111111111111,0.0,0.1111111111111111,0.0258751902587519,0.0,0.0258751902587519,0.6213991769547326,0.6255144032921811,0.6255144032921811,0.5555555555555556,0.0,-0.0009396510176055122,0.7605633802816901,-0.0031312790024308895,0.7293762575452716,-0.0006841626373900068,0.4164989939637827
2020,85014,AGUDO,61,9,131433.64791372753,737.5173957176378,130696.1305180099,0.005611328662213963,0.01639344262295082,0.0,0.019230769230769232,-0.019230769230769232,0.0,0.006173775534518987,-0.006173775534518987,0.6837606837606838,0.717948717948718,0.7243589743589743,0.49038461538461536,-0.0064102564102563875,-0.010343764034363725,0.6338028169014085,-0.029062197988091436,0.3118712273641851,-0.007376116864215222,0.05432595573440644
2020,85022,ERNESTINA,23,9,16601.25779957044,0.0,16601.25779957044,0.0,0.0,0.0,0.0,0.0,0.0,0.0,0.0,0.6547619047619048,0.7182539682539683,0.7182539682539683,0.5,0.0,-0.010604463313825741,0.4396378269617706,-0.02718013702037181,0.6066398390342053,-0.00042405056659267174,0.7243460764587525
2020,85030,AJURICABA,37,9,76652.75777836826,569.3116738872993,76083.44610448096,0.007427151877997552,0.02702702702702703,0.0,0.03571428571428571,-0.03571428571428571,0.0,0.011727078891257996,-0.011727078891257996,0.8055555555555556,0.8571428571428571,0.8611111111111112,0.48214285714285715,-0.003968253968254065,-0.0037920499005131775,0.7303822937625755,-0.004364391688241022,0.7263581488933601,-0.0046677288806982395,0.11267605633802817
2020,85049,DEZESSEIS DE NOVEMBRO,19,9,21276.729921369883,0.0,21276.729921369883,0.0,0.0,0.0,0.0,0.0,0.0,0.0,0.0,0.6555555555555556,0.5833333333333333,0.5833333333333333,0.5,0.0,-0.011388442266985146,0.22635814889336017,-0.027921664419605637,0.4014084507042254,-0.00030796689647941475,0.817907444668008
2020,85057,ALECRIM,22,9,44679.38608315005,0.0,44679.38608315005,0.0,0.0,0.0,0.0,0.0,0.0,0.0,0.0,0.5811965811965811,0.6752136752136753,0.6752136752136753,0.5,0.0,-0.010735222605472628,0.3702213279678068,-0.02723061422203277,0.5613682092555332,-0.00039729900296352124,0.7525150905432596
2020,85065,BROCHIER,31,9,27836.623683736296,0.0,27836.623683736296,0.0,0.0,0.0,0.0,0.0,0.0,0.0,0.0,0.7626262626262627,0.6969696969696969,0.6969696969696969,0.5,0.0,-0.010555068373266394,0.45875251509054327,-0.02879739683859034,0.32193158953722334,-0.0005993511421226163,0.5181086519114688
2020,85073,ALEGRETE,118,15,600916.4680292822,36275.918792818105,564640.5492364641,0.06036765627639682,0.11016949152542373,0.2,0.0970873786407767,0.10291262135922331,0.03503433209935795,0.026207088381575077,0.00882724371778287,0.7391585760517799,0.7478964401294498,0.7601941747572815,0.5498381877022653,-0.01229773462783168,0.03156791985156254,0.9134808853118712,0.030640207582555895,0.8571428571428571,-0.013575074606511361,0.030181086519114688
2020,85081,EREBANGO,39,9,40621.03487694276,0.0,40621.03487694276,0.0,0.0,0.0,0.0,0.0,0.0,0.0,0.0,0.46481481481481485,0.5055555555555555,0.5055555555555555,0.5,0.0,-0.011517964084831104,0.2152917505030181,-0.03240162112820084,0.1710261569416499,-0.000728693671499321,0.37122736418511065
2020,85090,ALPESTRE,25,9,32435.10934054416,0.0,32435.10934054416,0.0,0.0,0.0,0.0,0.0,0.0,0.0,0.0,0.7291666666666667,0.7361111111111112,0.7361111111111112,0.5,0.0,-0.01044473798081178,0.5251509054325956,-0.027287501125249754,0.5392354124748491,-0.00047379187007951196,0.6790744466800804
2020,85103,ENTRE-IJUÍS,47,9,51837.84637610057,0.0,51837.84637610057,0.0,0.0,0.0,0.0,0.0,0.0,0.0,0.0,0.7894736842105263,0.881578947368421,0.881578947368421,0.5,0.0,-0.012954028113419213,0.12575452716297786,-0.03687040521552274,0.10362173038229376,-0.0008300736624437896,0.30482897384305835
2020,85111,ALVORADA,328,17,1606660.090360676,41468.41648681898,1565191.6738738571,0.025810323375562168,0.0701219512195122,0.11764705882352941,0.06752411575562701,0.050122943067902395,0.011491827518194218,0.01636237099619104,-0.004870543477996822,0.9024021184036315,0.8895403820692265,0.8902969547947795,0.5229808965386797,-0.000756572725553073,-0.037930970518510236,0.002012072434607646,-0.09753981540865733,0.004024144869215292,-0.002421007262344091,0.17303822937625754
2020,85120,NOVA ESPERANÇA DO SUL,38,9,50890.13652260341,0.0,50890.13652260341,0.0,0.0,0.0,0.0,0.0,0.0,0.0,0.0,0.6628352490421455,0.4367816091954023,0.4367816091954023,0.5,0.0,-0.01136472187877174,0.24346076458752516,-0.03188943940026455,0.1851106639839034,-0.000714309870245348,0.3873239436619718
2020,85138,ANTA GORDA,23,9,57358.69457801594,0.0,57358.69457801594,0.0,0.0,0.0,0.0,0.0,0.0,0.0,0.0,0.6666666666666666,0.6904761904761905,0.6904761904761905,0.5,0.0,-0.010604463313825741,0.4396378269617706,-0.02718013702037181,0.6066398390342053,-0.00042405056659267174,0.7243460764587525
2020,85146,PAVERAMA,66,9,74686.31644005651,129.38901679256801,74556.92742326393,0.0017324326993207126,0.015151515151515152,0.0,0.017543859649122806,-0.017543859649122806,0.0,0.000835421888053467,-0.000835421888053467,0.6335282651072125,0.6072124756335283,0.6081871345029239,0.49122807017543857,-0.0009746588693956282,-0.015359290336624311,0.0744466800804829,-0.03343899266277462,0.1529175050301811,-0.0019801635664068312,0.18309859154929578
2020,85154,ANTÔNIO PRADO,41,9,71911.40076921805,0.0,71911.40076921805,0.0,0.0,0.0,0.0,0.0,0.0,0.0,0.0,0.6076388888888888,0.6979166666666667,0.6979166666666667,0.5,0.0,-0.011845037325305707,0.18309859154929578,-0.03346318714338195,0.14688128772635814,-0.0007562024740241682,0.3501006036217304
2020,85162,TERRA DE AREIA,30,9,52862.51681678594,0.0,52862.51681678594,0.0,0.0,0.0,0.0,0.0,0.0,0.0,0.0,0.6507936507936508,0.5925925925925926,0.5925925925925926,0.5,0.0,-0.01048914878614563,0.49899396378269617,-0.02845141227585683,0.3440643863179074,-0.0005804776065131847,0.5432595573440644
2020,85170,ARATIBA,26,9,72488.61811203137,388.1670503777041,72100.45106165366,0.005354868950292179,0.038461538461538464,0.1111111111111111,0.0,0.1111111111111111,0.00703916521131926,0.0,0.00703916521131926,0.7549019607843137,0.8235294117647058,0.8235294117647058,0.5555555555555556,0.0,-0.005053602335379071,0.7062374245472837,0.01103178048670233,0.789738430583501,-0.000496986418068541,0.6539235412474849
2020,85189,HARMONIA,23,9,42874.163459761825,517.5560671702722,42356.607392591555,0.012071514063615675,0.08695652173913043,0.2222222222222222,0.0,0.2222222222222222,0.026968143017931545,0.0,0.026968143017931545,0.6388888888888888,0.6190476190476191,0.5714285714285714,0.6111111111111112,0.04761904761904767,0.0014670507497899343,0.7927565392354124,0.059776384718758624,0.9114688128772636,0.047194997052455,0.9879275653923542
2020,85197,ARROIO DO MEIO,49,11,127830.06028484108,388.1670503777041,127441.89323446338,0.00303658661751985,0.02040816326530612,0.0,0.02631578947368421,-0.02631578947368421,0.0,0.0013191974003016564,-0.0013191974003016564,0.9019138755980862,0.8875598086124401,0.8899521531100478,0.4868421052631579,-0.0023923444976077235,-0.01031898819563122,0.635814889336016,-0.017650587315483215,0.6599597585513078,-0.003244587329131789,0.1448692152917505
2020,85200,CAMPOS BORGES,33,9,25333.023842210176,0.0,25333.023842210176,0.0,0.0,0.0,0.0,0.0,0.0,0.0,0.0,0.7638888888888888,0.9143518518518519,0.9143518518518519,0.5,0.0,-0.010730131317678375,0.39235412474849096,-0.02957350214001767,0.2776659959758551,-0.00063506466234155,0.4778672032193159
2020,85219,ARROIO DOS RATOS,76,9,108732.06026163454,1779.0989808978102,106952.96128073674,0.016362230023204614,0.06578947368421052,0.1111111111111111,0.05970149253731343,0.05140961857379767,0.017606684571769622,0.0025789788465600985,0.015027705725209523,0.8009950248756219,0.8192371475953565,0.8192371475953565,0.5290215588723052,0.0,-0.003032966926250418,0.7404426559356136,0.010954739420700896,0.7867203219315896,-0.001074859357850556,0.20925553319919518
2020,85227,CERRO GRANDE,36,9,48479.476811839384,0.0,48479.476811839384,0.0,0.0,0.0,0.0,0.0,0.0,0.0,0.0,0.5123456790123457,0.5123456790123457,0.5123456790123457,0.5,0.0,-0.011082131993741745,0.29577464788732394,-0.030909056780208666,0.21327967806841047,-0.0006841626373900068,0.4164989939637827
2020,85235,ARROIO DO TIGRE,39,9,84206.04865606128,646.9450839628402,83559.10357209845,0.007682881387835696,0.02564102564102564,0.0,0.03333333333333333,-0.03333333333333333,0.0,0.01149425287356322,-0.01149425287356322,0.8407407407407407,0.8759259259259259,0.8759259259259259,0.48333333333333334,0.0,-0.0038350826969954085,0.7283702213279678,-0.006760595487175197,0.7152917505030181,-0.000728693671499321,0.37122736418511065
2020,85243,IPIRANGA DO SUL,27,9,38855.3794148897,0.0,38855.3794148897,0.0,0.0,0.0,0.0,0.0,0.0,0.0,0.0,0.6882716049382717,0.5493827160493827,0.5493827160493827,0.5,0.0,-0.010397196387105285,0.6156941649899397,-0.02762239916021457,0.44668008048289737,-0.0005191805505696813,0.6207243460764588
2020,85251,ARROIO GRANDE,51,9,110423.00650539158,1067.4593885386862,109355.54711685287,0.009667001672215526,0.0784313725490196,0.2222222222222222,0.047619047619047616,0.1746031746031746,0.0053992404983305865,0.0036091249574395643,0.0017901155408910222,0.8783068783068783,0.8571428571428571,0.8571428571428571,0.582010582010582,0.0,-0.004101943133715679,0.7243460764587525,0.03916617520013972,0.8792756539235412,-0.0008733597649432729,0.2806841046277666
2020,85260,LAGOÃO,27,9,44881.763444315315,0.0,44881.763444315315,0.0,0.0,0.0,0.0,0.0,0.0,0.0,0.0,0.7160493827160495,0.7314814814814815,0.7314814814814815,0.5,0.0,-0.010397196387105285,0.6156941649899397,-0.02762239916021457,0.44668008048289737,-0.0005191805505696813,0.6207243460764588
2020,85278,ARVOREZINHA,39,9,76628.54909332638,0.0,76628.54909332638,0.0,0.0,0.0,0.0,0.0,0.0,0.0,0.0,0.8666666666666666,0.8592592592592593,0.8592592592592593,0.5,0.0,-0.011517964084831104,0.2152917505030181,-0.03240162112820084,0.1710261569416499,-0.000728693671499321,0.37122736418511065
2020,85286,ESTAÇÃO,42,9,61752.91379401338,0.0,61752.91379401338,0.0,0.0,0.0,0.0,0.0,0.0,0.0,0.0,0.6632996632996633,0.6632996632996633,0.6632996632996633,0.5,0.0,-0.01201772530739597,0.17303822937625754,-0.03401023903459231,0.13883299798792756,-0.0007693704084445893,0.341046277665996
2020,85294,AUGUSTO PESTANA,35,9,53745.63567310026,4243.959750796231,49501.67592230403,0.07896380231893577,0.05714285714285714,0.1111111111111111,0.038461538461538464,0.07264957264957264,0.07990012484394507,0.0036521342159324356,0.07624799062801263,0.7307692307692307,0.7991452991452992,0.7735042735042735,0.5384615384615384,0.02564102564102566,0.06800948414370964,0.9698189134808853,0.026698841467229357,0.8470824949698189,0.024972681023754932,0.9678068410462777
2020,85308,ARROIO DO SAL,70,9,51295.48643441115,0.0,51295.48643441115,0.0,0.0,0.0,0.0,0.0,0.0,0.0,0.0,0.8816029143897997,0.8688524590163934,0.8688524590163934,0.5,0.0,-0.018010574653544865,0.03420523138832998,-0.051096352557031745,0.03420523138832998,-0.0010346879003226598,0.21830985915492956
2020,85316,BAGÉ,256,17,1223577.342581131,19582.924180341735,1203994.4184007891,0.016004647600806044,0.0625,0.058823529411764705,0.06276150627615062,-0.00393797686438592,0.00020100326916355505,0.01216355287407735,-0.011962549604913796,0.918040856509968,0.9116416441053409,0.9128722618754616,0.4966773320206744,-0.0012306177701206789,-0.037580121820861304,0.006036217303822937,-0.07983701492161266,0.012072434607645875,-0.002812101794808461,0.158953722334004
2020,85324,SÃO JOSÉ DO HORTÊNCIO,33,9,32862.53301861673,0.0,32862.53301861673,0.0,0.0,0.0,0.0,0.0,0.0,0.0,0.0,0.4583333333333333,0.6643518518518517,0.6643518518518517,0.5,0.0,-0.010730131317678375,0.39235412474849096,-0.02957350214001767,0.2776659959758551,-0.00063506466234155,0.4778672032193159
2020,85332,BARÃO DE COTEGIPE,40,9,28466.450600777476,776.3341007554081,27690.116500022064,0.027271896719508994,0.025,0.0,0.03225806451612903,-0.03225806451612903,0.0,0.00967741935483871,-0.00967741935483871,0.6093189964157706,0.45878136200716846,0.45878136200716846,0.4838709677419355,0.0,0.015593627930462508,0.8672032193158954,-0.007926611537587828,0.7092555331991952,-0.0007426504416486276,0.36016096579476864
2020,85340,PINHAL,23,9,21940.17210497377,0.0,21940.17210497377,0.0,0.0,0.0,0.0,0.0,0.0,0.0,0.0,0.7063492063492063,0.6547619047619048,0.6547619047619048,0.5,0.0,-0.010604463313825741,0.4396378269617706,-0.02718013702037181,0.6066398390342053,-0.00042405056659267174,0.7243460764587525
2020,85359,BARRACÃO,23,9,31981.730225703002,0.0,31981.730225703002,0.0,0.0,0.0,0.0,0.0,0.0,0.0,0.0,0.6507936507936508,0.746031746031746,0.746031746031746,0.5,0.0,-0.010604463313825741,0.4396378269617706,-0.02718013702037181,0.6066398390342053,-0.00042405056659267174,0.7243460764587525
2020,85367,TRÊS CACHOEIRAS,29,9,79712.0575692151,0.0,79712.0575692151,0.0,0.0,0.0,0.0,0.0,0.0,0.0,0.0,0.6888888888888889,0.725,0.725,0.5,0.0,-0.010439655234074058,0.5442655935613682,-0.028137706238149776,0.3853118712273642,-0.0005608620480938485,0.5724346076458753
2020,85375,BARRA DO RIBEIRO,120,9,91355.15412309769,2455.156593638978,88899.99752945872,0.0268748557999338,0.06666666666666667,0.1111111111111111,0.06306306306306306,0.04804804804804805,0.00449842555105713,0.013158501714996836,-0.008660076163939705,0.8618618618618619,0.8293293293293292,0.8323323323323323,0.5230230230230231,-0.0030030030030030463,-0.0023511212978904288,0.7464788732394366,-0.013963392628406388,0.676056338028169,-0.004287657127428205,0.1227364185110664
2020,85383,SÃO VENDELINO,37,9,44214.1549343707,0.0,44214.1549343707,0.0,0.0,0.0,0.0,0.0,0.0,0.0,0.0,0.636904761904762,0.5734126984126984,0.5734126984126984,0.5,0.0,-0.01121920177851073,0.2595573440643863,-0.03139141871526805,0.19919517102615694,-0.000699474912444174,0.4024144869215292
2020,85391,BARROS CASSAL,44,9,64547.70361783117,64.69450839628401,64483.00910943489,0.0010022743609799354,0.022727272727272728,0.0,0.02857142857142857,-0.02857142857142857,0.0,0.0014285714285714286,-0.0014285714285714286,0.7333333333333334,0.7015873015873015,0.7015873015873015,0.4857142857142857,0.0,-0.011376644958931766,0.23340040241448692,-0.012404562979747652,0.682092555331992,-0.0007946292019973034,0.32494969818913483
2020,85405,PROTÁSIO ALVES,16,9,26390.843748997817,0.0,26390.843748997817,0.0,0.0,0.0,0.0,0.0,0.0,0.0,0.0,0.6428571428571429,0.6428571428571429,0.6428571428571429,0.5,0.0,-0.012579525296610074,0.14285714285714285,-0.02973794546856098,0.2635814889336016,-0.00020123122983028207,0.8450704225352113
2020,85413,BENTO GONÇALVES,231,17,653353.3984920341,47828.67593517613,605524.722556858,0.07320490877611815,0.1471861471861472,0.35294117647058826,0.1308411214953271,0.22210005497526117,0.03800362204486274,0.031454949437350395,0.006548672607512344,0.8774051676745465,0.8774051676745465,0.883177570093458,0.6067894447498625,-0.005772402418911526,0.023514570214897404,0.8933601609657947,0.014605690533113391,0.8128772635814889,-0.007317435594701327,0.056338028169014086
2020,85421,POUSO NOVO,19,9,23156.40298502056,0.0,23156.40298502056,0.0,0.0,0.0,0.0,0.0,0.0,0.0,0.0,0.6,0.6944444444444443,0.6944444444444443,0.5,0.0,-0.011388442266985146,0.22635814889336017,-0.027921664419605637,0.4014084507042254,-0.00030796689647941475,0.817907444668008
2020,85430,BOA VISTA DO BURICÁ,24,9,61155.97756504086,0.0,61155.97756504086,0.0,0.0,0.0,0.0,0.0,0.0,0.0,0.0,0.5407407407407407,0.6222222222222222,0.6222222222222222,0.5,0.0,-0.01050893997955144,0.47283702213279677,-0.027201887986746946,0.5835010060362174,-0.0004495119054032347,0.7002012072434608
2020,85448,EUGÊNIO DE CASTRO,21,9,47272.27728516472,776.3341007554081,46495.94318440931,0.01642260845764336,0.047619047619047616,0.1111111111111111,0.0,0.1111111111111111,0.011770244821092278,0.0,0.011770244821092278,0.8518518518518519,0.8333333333333334,0.8333333333333334,0.5555555555555556,0.0,0.005516840238679535,0.8209255533199196,0.020255979567403177,0.8289738430583501,-0.00036913308989526105,0.7756539235412475
2020,85456,BOM JESUS,35,9,70177.57500529595,452.86155877398807,69724.71344652197,0.006453080756065066,0.02857142857142857,0.1111111111111111,0.0,0.1111111111111111,0.01202761540496981,0.0,0.01202761540496981,0.7435897435897435,0.7735042735042735,0.7735042735042735,0.5555555555555556,0.0,-0.0045012374191610565,0.7203219315895373,-0.0018725871041992137,0.7354124748490946,-0.0006683446172707296,0.4386317907444668
2020,85464,CRISTAL,52,9,84198.25943725037,90.57231175479761,84107.68712549558,0.0010757028988502735,0.019230769230769232,0.1111111111111111,0.0,0.1111111111111111,0.0015959326516421007,0.0,0.0015959326516421007,0.7286821705426356,0.7054263565891472,0.7054263565891472,0.5555555555555556,0.0,-0.01290375092141256,0.13279678068410464,-0.020643239416475473,0.6458752515090543,-0.0008835509877774093,0.2746478873239437
2020,85472,BOM RETIRO DO SUL,64,9,83548.31252809794,1572.0765540297016,81976.23597406824,0.018816377093205803,0.0625,0.2222222222222222,0.03636363636363636,0.18585858585858583,0.01940519344587721,0.004533660523288283,0.014871532922588929,0.7919191919191919,0.8404040404040404,0.8383838383838383,0.592929292929293,0.002020202020202033,0.0021813627007978877,0.7947686116700201,0.015163940200494719,0.8158953722334004,0.001030104733212634,0.8752515090543259
2020,85480,SÃO MIGUEL DAS MISSÕES,35,9,37136.4075100954,0.0,37136.4075100954,0.0,0.0,0.0,0.0,0.0,0.0,0.0,0.0,0.8504273504273504,0.6773504273504274,0.6773504273504274,0.5,0.0,-0.010954318175226123,0.3148893360160966,-0.030444015675627784,0.2323943661971831,-0.0006683446172707296,0.4386317907444668
2020,85499,BOSSOROCA,38,9,43299.33576894221,0.0,43299.33576894221,0.0,0.0,0.0,0.0,0.0,0.0,0.0,0.0,0.5804597701149425,0.7816091954022988,0.7816091954022988,0.5,0.0,-0.01136472187877174,0.24346076458752516,-0.03188943940026455,0.1851106639839034,-0.000714309870245348,0.3873239436619718
2020,85502,GLORINHA,55,9,120942.65704316935,1164.5011511331122,119778.15589203624,0.00962853950461378,0.03636363636363636,0.0,0.043478260869565216,-0.043478260869565216,0.0,0.003651128603439347,-0.003651128603439347,0.6956521739130435,0.6884057971014493,0.6884057971014493,0.4782608695652174,0.0,-0.0049952412781213325,0.710261569416499,-0.005354286584582611,0.7243460764587525,-0.0009127718628199604,0.2635814889336016
2020,85510,BRAGA,27,9,48920.17580303488,0.0,48920.17580303488,0.0,0.0,0.0,0.0,0.0,0.0,0.0,0.0,0.7098765432098766,0.7345679012345678,0.7345679012345678,0.5,0.0,-0.010397196387105285,0.6156941649899397,-0.02762239916021457,0.44668008048289737,-0.0005191805505696813,0.6207243460764588
2020,85529,SEGREDO,18,9,17951.43218980089,0.0,17951.43218980089,0.0,0.0,0.0,0.0,0.0,0.0,0.0,0.0,0.5987654320987654,0.6728395061728395,0.6728395061728395,0.5,0.0,-0.011714254038564282,0.19617706237424548,-0.02837730096521554,0.3672032193158954,-0.00027461148919985035,0.829979879275654
2020,85537,BUTIÁ,98,9,163276.09086285334,5828.97520650519,157447.11565634815,0.035700114913954806,0.08163265306122448,0.2222222222222222,0.06741573033707865,0.15480649188514356,0.022383831212995003,0.009953943546789279,0.012429887666205725,0.8476903870162297,0.8551810237203497,0.853932584269663,0.5761548064918852,0.0012484394506866447,0.011281736354738298,0.8490945674044266,0.01349472017796663,0.8108651911468813,5.399541324867707e-05,0.8631790744466801
2020,85545,ALEGRIA,32,9,35685.16735884828,0.0,35685.16735884828,0.0,0.0,0.0,0.0,0.0,0.0,0.0,0.0,0.5942028985507246,0.536231884057971,0.536231884057971,0.5,0.0,-0.010635857533012279,0.4134808853118712,-0.0291723930892955,0.2987927565392354,-0.0006175319411754038,0.5
2020,85553,CAÇAPAVA DO SUL,77,11,229786.19888167232,6764.4577979154565,223021.74108375688,0.02943805080912972,0.07792207792207792,0.2727272727272727,0.045454545454545456,0.22727272727272724,0.027721172828699816,0.003509834899805215,0.0242113379288946,0.8512396694214877,0.8195592286501377,0.8209366391184573,0.6157024793388429,-0.0013774104683195176,0.009811966107737397,0.8430583501006036,0.02246772492618042,0.8370221327967807,-0.0024585887053607623,0.16700201207243462
2020,85561,SALDANHA MARINHO,30,9,76714.87744533038,0.0,76714.87744533038,0.0,0.0,0.0,0.0,0.0,0.0,0.0,0.0,0.7513227513227513,0.6375661375661377,0.6375661375661377,0.5,0.0,-0.01048914878614563,0.49899396378269617,-0.02845141227585683,0.3440643863179074,-0.0005804776065131847,0.5432595573440644
2020,85570,CACEQUI,46,9,52805.313932461955,0.0,52805.313932461955,0.0,0.0,0.0,0.0,0.0,0.0,0.0,0.0,0.6906906906906907,0.7417417417417417,0.7417417417417417,0.5,0.0,-0.012758377830073346,0.1358148893360161,-0.036284385757493084,0.10764587525150905,-0.0008185644205344637,0.3118712273641851
2020,85588,SÃO JOSÉ DO HERVAL,30,9,14828.033080035011,0.0,14828.033080035011,0.0,0.0,0.0,0.0,0.0,0.0,0.0,0.0,0.5211640211640212,0.544973544973545,0.544973544973545,0.5,0.0,-0.01048914878614563,0.49899396378269617,-0.02845141227585683,0.3440643863179074,-0.0005804776065131847,0.5432595573440644
2020,85596,CACHOEIRA DO SUL,231,15,592931.2895524373,13636.010885030122,579295.2786674071,0.022997624050710836,0.06493506493506493,0.13333333333333333,0.06018518518518518,0.07314814814814816,0.07599792638672888,0.01519207015778091,0.06080585622894797,0.7433641975308642,0.785030864197531,0.7680555555555556,0.537037037037037,0.016975308641975384,-0.026692714510509915,0.01609657947686117,-0.06764539171796888,0.01609657947686117,0.015430275466185583,0.9496981891348089
2020,85600,VISTA ALEGRE,30,9,15841.356103947688,0.0,15841.356103947688,0.0,0.0,0.0,0.0,0.0,0.0,0.0,0.0,0.7328042328042328,0.7142857142857142,0.7142857142857142,0.5,0.0,-0.01048914878614563,0.49899396378269617,-0.02845141227585683,0.3440643863179074,-0.0005804776065131847,0.5432595573440644
2020,85618,CACHOEIRINHA,333,17,1204827.4766465067,81347.79351950675,1123479.6831269998,0.0675182091181458,0.17117117117117117,0.4117647058823529,0.15822784810126583,0.2535368577810871,0.09685313637917589,0.05491011530938492,0.04194302106979097,0.8636448250186151,0.85536113179449,0.8492181682799702,0.6423119880863737,0.006142963514519817,0.003121933977164232,0.8028169014084507,0.0018813303150331528,0.7525150905432596,0.004473693117245244,0.9154929577464789
2020,85626,IVORÁ,26,9,23838.761842879525,0.0,23838.761842879525,0.0,0.0,0.0,0.0,0.0,0.0,0.0,0.0,0.6339869281045751,0.49999999999999994,0.49999999999999994,0.5,0.0,-0.01040847128567125,0.5663983903420523,-0.027429757974836134,0.5020120724346077,-0.000496986418068541,0.6539235412474849
2020,85634,CACIQUE DOBLE,22,9,51452.78466212589,0.0,51452.78466212589,0.0,0.0,0.0,0.0,0.0,0.0,0.0,0.0,0.6153846153846154,0.6495726495726496,0.6495726495726496,0.5,0.0,-0.010735222605472628,0.3702213279678068,-0.02723061422203277,0.5613682092555332,-0.00039729900296352124,0.7525150905432596
2020,85642,VILA MARIA,30,9,68330.46915717196,0.0,68330.46915717196,0.0,0.0,0.0,0.0,0.0,0.0,0.0,0.0,0.6137566137566137,0.5555555555555556,0.5555555555555556,0.5,0.0,-0.01048914878614563,0.49899396378269617,-0.02845141227585683,0.3440643863179074,-0.0005804776065131847,0.5432595573440644
2020,85650,CAIBATÉ,20,9,71688.2435319559,0.0,71688.2435319559,0.0,0.0,0.0,0.0,0.0,0.0,0.0,0.0,0.8333333333333334,0.8535353535353535,0.8535353535353535,0.5,0.0,-0.011121420857066511,0.2766599597585513,-0.027588924916157276,0.47585513078470826,-0.00033941047738787674,0.7997987927565392
2020,85669,TAQUARUÇU DO SUL,30,9,49995.4761659912,0.0,49995.4761659912,0.0,0.0,0.0,0.0,0.0,0.0,0.0,0.0,0.6693121693121693,0.5714285714285714,0.5714285714285714,0.5,0.0,-0.01048914878614563,0.49899396378269617,-0.02845141227585683,0.3440643863179074,-0.0005804776065131847,0.5432595573440644
2020,85677,CAIÇARA,38,9,41285.79682851795,64.69450839628401,41221.10232012167,0.001566991880161475,0.02631578947368421,0.0,0.034482758620689655,-0.034482758620689655,0.0,0.0011615205884170378,-0.0011615205884170378,0.5306513409961686,0.7030651340996169,0.7030651340996169,0.4827586206896552,0.0,-0.009797729998610265,0.6438631790744467,-0.00557364992658034,0.7223340040241448,-0.000714309870245348,0.3873239436619718
2020,85685,IMBÉ,74,9,111000.17209259818,6445.125704471398,104555.04638812678,0.05806410551413171,0.10810810810810811,0.1111111111111111,0.1076923076923077,0.0034188034188034067,0.08068912877548795,0.042098839067036764,0.038590289708451186,0.7145299145299145,0.7376068376068377,0.7324786324786324,0.5042735042735043,0.005128205128205221,0.039130752511953304,0.93158953722334,0.054515847523157086,0.8993963782696177,0.004066293569909189,0.9114688128772636
2020,85693,CAMAQUÃ,163,15,532398.7859037131,20850.30253872662,511548.4833649864,0.03916294155955776,0.12883435582822086,0.3333333333333333,0.10810810810810811,0.2252252252252252,0.03374573926048879,0.0172281872907221,0.016517551969766685,0.9144144144144144,0.8963963963963965,0.8959459459459459,0.6173423423423423,0.00045045045045055687,0.0013039169345109708,0.7907444668008048,0.02611108314428573,0.8430583501006036,-0.0009619701356314828,0.2414486921529175
2020,85707,SEDE NOVA,28,9,31644.15428089119,64.69450839628401,31579.45977249491,0.002044437902243157,0.03571428571428571,0.0,0.05263157894736842,-0.05263157894736842,0.0,0.003513456538542618,-0.003513456538542618,0.6052631578947368,0.6023391812865497,0.605263157894737,0.4736842105263158,-0.0029239766081872176,-0.008363904705789125,0.6740442655935613,0.007854313729181456,0.7746478873239436,-0.003464426509308763,0.14285714285714285
2020,85715,CAMBARÁ DO SUL,64,9,107002.12910711791,0.0,107002.12910711791,0.0,0.0,0.0,0.0,0.0,0.0,0.0,0.0,0.808080808080808,0.7545454545454545,0.7545454545454545,0.5,0.0,-0.016635014392407915,0.05130784708249497,-0.04733605979950528,0.039235412474849095,-0.0009900972869893992,0.2323943661971831
2020,85723,TUPANDI,31,9,57211.85098285805,905.7231175479761,56306.12786531007,0.015831040282534313,0.03225806451612903,0.0,0.045454545454545456,-0.045454545454545456,0.0,0.026294279566790476,-0.026294279566790476,0.6843434343434344,0.6792929292929293,0.6994949494949495,0.4772727272727273,-0.02020202020202022,0.005275971909267919,0.8189134808853119,0.0034606676775386924,0.7605633802816901,-0.02080137134414284,0.02012072434607646
2020,85731,CAMPINA DAS MISSÕES,33,9,73450.39255165387,0.0,73450.39255165387,0.0,0.0,0.0,0.0,0.0,0.0,0.0,0.0,0.5208333333333334,0.5185185185185185,0.5185185185185185,0.5,0.0,-0.010730131317678375,0.39235412474849096,-0.02957350214001767,0.2776659959758551,-0.00063506466234155,0.4778672032193159
2020,85740,RIOZINHO,56,9,22474.936911377463,0.0,22474.936911377463,0.0,0.0,0.0,0.0,0.0,0.0,0.0,0.0,0.549645390070922,0.5460992907801419,0.5460992907801419,0.5,0.0,-0.014842218328607078,0.08651911468812877,-0.0423372170829714,0.06438631790744467,-0.0009220903200807031,0.25653923541247486
2020,85758,CAMPINAS DO SUL,28,9,36752.69144189536,0.0,36752.69144189536,0.0,0.0,0.0,0.0,0.0,0.0,0.0,0.0,0.5350877192982456,0.5701754385964912,0.5701754385964912,0.5,0.0,-0.010408342608032282,0.5885311871227364,-0.027859971985104256,0.41750503018108653,-0.0005404499011215458,0.5925553319919518
2020,85766,RELVADO,18,9,8522.919230634852,0.0,8522.919230634852,0.0,0.0,0.0,0.0,0.0,0.0,0.0,0.0,0.40740740740740744,0.6049382716049383,0.6049382716049383,0.5,0.0,-0.011714254038564282,0.19617706237424548,-0.02837730096521554,0.3672032193158954,-0.00027461148919985035,0.829979879275654
2020,85774,CAMPO BOM,148,11,374070.0523036454,16393.588427618368,357676.46387602703,0.043824915484843824,0.11486486486486487,0.18181818181818182,0.10948905109489052,0.07232913072329131,0.009435065540528276,0.04192177917515609,-0.032486713634627816,0.8480424684804246,0.8646317186463172,0.8686131386861313,0.5328467153284673,-0.003981420039814165,0.008864542581602096,0.8410462776659959,0.01952244501368236,0.8229376257545271,-0.005354698484757423,0.0925553319919517
2020,85782,IMIGRANTE,35,9,20315.757693651485,0.0,20315.757693651485,0.0,0.0,0.0,0.0,0.0,0.0,0.0,0.0,0.6367521367521367,0.6132478632478633,0.6132478632478633,0.5,0.0,-0.010954318175226123,0.3148893360160966,-0.030444015675627784,0.2323943661971831,-0.0006683446172707296,0.4386317907444668
2020,85790,CAMPO NOVO,41,9,73687.89903087831,0.0,73687.89903087831,0.0,0.0,0.0,0.0,0.0,0.0,0.0,0.0,0.8645833333333334,0.8298611111111112,0.8298611111111112,0.5,0.0,-0.011845037325305707,0.18309859154929578,-0.03346318714338195,0.14688128772635814,-0.0007562024740241682,0.3501006036217304
2020,85804,CIDREIRA,91,9,187044.29687487587,1344.8047460335556,185699.49212884234,0.007189766106224392,0.04395604395604396,0.1111111111111111,0.036585365853658534,0.07452574525745256,0.005659062841985871,0.0028208058586472007,0.0028382569833386704,0.8861788617886178,0.8902439024390244,0.8902439024390244,0.5392953929539295,0.0,-0.01564825361128455,0.06438631790744467,-0.020031082798191262,0.647887323943662,-0.0011603095891948984,0.20020120724346077
2020,85812,CANDELÁRIA,84,13,115311.56939894668,1441.3936470692079,113870.17575187748,0.01249999158438628,0.023809523809523808,0.07692307692307693,0.014084507042253521,0.06283856988082341,0.005372796307298589,0.00327075919967612,0.0021020371076224693,0.8266522210184182,0.8299024918743229,0.8299024918743229,0.5308775731310943,0.0,-0.008738524830926723,0.6619718309859155,-0.03594688641691817,0.11368209255533199,-0.0011227705948011458,0.2052313883299799
2020,85820,MONTAURI,17,9,31183.464686601255,0.0,31183.464686601255,0.0,0.0,0.0,0.0,0.0,0.0,0.0,0.0,0.4027777777777778,0.5277777777777778,0.5277777777777778,0.5,0.0,-0.012107721303023296,0.16800804828973842,-0.028975009041256602,0.3148893360160966,-0.00023912083703359868,0.8380281690140845
2020,85839,CÂNDIDO GODÓI,30,9,46824.591287062445,0.0,46824.591287062445,0.0,0.0,0.0,0.0,0.0,0.0,0.0,0.0,0.5767195767195767,0.7566137566137566,0.7566137566137566,0.5,0.0,-0.01048914878614563,0.49899396378269617,-0.02845141227585683,0.3440643863179074,-0.0005804776065131847,0.5432595573440644
2020,85847,VISTA GAÚCHA,22,9,21285.722458036966,0.0,21285.722458036966,0.0,0.0,0.0,0.0,0.0,0.0,0.0,0.0,0.6367521367521367,0.3974358974358974,0.3974358974358974,0.5,0.0,-0.010735222605472628,0.3702213279678068,-0.02723061422203277,0.5613682092555332,-0.00039729900296352124,0.7525150905432596
2020,85855,CANELA,82,11,133803.99000685898,13043.92674418733,120760.06326267165,0.09748533465645293,0.18292682926829268,0.2727272727272727,0.16901408450704225,0.10371318822023046,0.09171991515999306,0.06563353734678623,0.02608637781320683,0.8866837387964148,0.8719590268886043,0.8629961587708066,0.5697823303457107,0.008962868117797673,0.07670654234961463,0.9758551307847082,0.12439281580866708,0.9557344064386318,0.00785153476696703,0.9295774647887324
2020,85863,VISTA ALEGRE DO PRATA,23,9,36651.405719550145,0.0,36651.405719550145,0.0,0.0,0.0,0.0,0.0,0.0,0.0,0.0,0.5476190476190477,0.5396825396825398,0.5396825396825398,0.5,0.0,-0.010604463313825741,0.4396378269617706,-0.02718013702037181,0.6066398390342053,-0.00042405056659267174,0.7243460764587525
2020,85871,CANGUÇU,142,15,251525.24869894376,15479.286818257046,236045.9618806867,0.06154168179268775,0.11971830985915492,0.4666666666666667,0.07874015748031496,0.38792650918635174,0.10726494230613427,0.01673806406508766,0.0905268782410466,0.9267716535433072,0.9259842519685039,0.9102362204724409,0.6986876640419948,0.015748031496062964,0.027773911061554683,0.89738430583501,0.0274224814456359,0.8511066398390342,0.014391853047745033,0.9476861167002012
2020,85880,CASEIROS,26,9,31548.859270023462,2587.78033585136,28961.078934172103,0.0820245294355277,0.46153846153846156,0.5555555555555556,0.4117647058823529,0.14379084967320266,0.0875448950828637,0.07284143839016718,0.014703456692696515,0.7189542483660131,0.7941176470588234,0.7941176470588235,0.5849673202614379,-1.1102230246251565e-16,0.07161605814985644,0.9738430583501007,0.4341087035636254,0.9899396378269618,-0.000496986418068652,0.6398390342052314
2020,85898,CANOAS,474,21,3505864.348462778,272673.98700490245,3233190.361457875,0.07777653665478022,0.2109704641350211,0.6666666666666666,0.18984547461368653,0.4768211920529801,0.11016333900327799,0.04726296295110016,0.06290037605217783,0.9616314516976768,0.9578471565226532,0.9477557027225901,0.7721013350152423,0.010091453800063044,-0.00304873057480938,0.738430583501006,0.0010010086787319017,0.7484909456740443,0.00831679662874187,0.93158953722334
2020,85901,ITACURUBI,32,9,74660.30924768117,0.0,74660.30924768117,0.0,0.0,0.0,0.0,0.0,0.0,0.0,0.0,0.6183574879227053,0.5314009661835749,0.5314009661835749,0.5,0.0,-0.010635857533012279,0.4134808853118712,-0.0291723930892955,0.2987927565392354,-0.0006175319411754038,0.5
2020,85910,CARAZINHO,134,13,598321.1054970468,16023.367633869795,582297.737863177,0.02678054891705451,0.11940298507462686,0.38461538461538464,0.09090909090909091,0.29370629370629375,0.07164429636063772,0.010100417552494106,0.06154387880814362,0.7924348378893833,0.8019707565162111,0.7962492053401145,0.6560712015257469,0.005721551176096629,-0.005366675417793065,0.7022132796780685,0.03125732342380548,0.8611670020120724,0.004389654627090535,0.9134808853118712
2020,85928,ENTRE RIOS DO SUL,32,9,32867.39804564813,0.0,32867.39804564813,0.0,0.0,0.0,0.0,0.0,0.0,0.0,0.0,0.4830917874396135,0.47101449275362317,0.47101449275362317,0.5,0.0,-0.010635857533012279,0.4134808853118712,-0.0291723930892955,0.2987927565392354,-0.0006175319411754038,0.5
2020,85936,CARLOS BARBOSA,69,11,134619.08905704544,6411.031698546557,128208.05735849889,0.04762349636632776,0.11594202898550725,0.18181818181818182,0.10344827586206896,0.07836990595611286,0.013411522900319618,0.027740324817122478,-0.01432880191680286,0.7938871473354232,0.8354231974921629,0.8401253918495297,0.5360501567398119,-0.004702194357366851,0.029843145304972396,0.9074446680080482,0.0654714553935638,0.9215291750503019,-0.005729779712378242,0.08651911468812877
2020,85944,CERRO GRANDE DO SUL,66,9,113862.28302185313,0.0,113862.28302185313,0.0,0.0,0.0,0.0,0.0,0.0,0.0,0.0,0.6364522417153996,0.6588693957115009,0.6588693957115009,0.5,0.0,-0.017091723035945024,0.04426559356136821,-0.04859050781428977,0.03621730382293763,-0.0010055046970112028,0.22635814889336017
2020,85952,CASCA,41,9,80063.32287200357,0.0,80063.32287200357,0.0,0.0,0.0,0.0,0.0,0.0,0.0,0.0,0.7986111111111112,0.7916666666666666,0.7916666666666666,0.5,0.0,-0.011845037325305707,0.18309859154929578,-0.03346318714338195,0.14688128772635814,-0.0007562024740241682,0.3501006036217304
2020,85960,CAMARGO,24,9,41350.98301517805,0.0,41350.98301517805,0.0,0.0,0.0,0.0,0.0,0.0,0.0,0.0,0.47037037037037027,0.5851851851851851,0.5851851851851851,0.5,0.0,-0.01050893997955144,0.47283702213279677,-0.027201887986746946,0.5835010060362174,-0.0004495119054032347,0.7002012072434608
2020,85979,CATUÍPE,28,9,74905.00975623929,0.0,74905.00975623929,0.0,0.0,0.0,0.0,0.0,0.0,0.0,0.0,0.8070175438596492,0.8011695906432749,0.8011695906432749,0.5,0.0,-0.010408342608032282,0.5885311871227364,-0.027859971985104256,0.41750503018108653,-0.0005404499011215458,0.5925553319919518
2020,85987,PARAÍSO DO SUL,41,9,53957.044387637645,0.0,53957.044387637645,0.0,0.0,0.0,0.0,0.0,0.0,0.0,0.0,0.7708333333333334,0.7413194444444444,0.7413194444444444,0.5,0.0,-0.011845037325305707,0.18309859154929578,-0.03346318714338195,0.14688128772635814,-0.0007562024740241682,0.3501006036217304
2020,85995,CAXIAS DO SUL,488,23,1838306.5927701856,174018.95039349998,1664287.6423766855,0.09466263738480474,0.17008196721311475,0.5652173913043478,0.15053763440860216,0.41467975689574565,0.09424852921930998,0.05083495742178743,0.04341357179752255,0.9170172978027116,0.9207106124357177,0.9172978027115475,0.7218326320710613,0.0034128097241702404,0.012385023665943337,0.8511066398390342,-0.043471063253603115,0.052313883299798795,0.0016301043362582065,0.8812877263581489
2020,86010,CERRO LARGO,44,9,82193.66127788648,1099.806642736828,81093.85463514965,0.013380674685101561,0.045454545454545456,0.1111111111111111,0.02857142857142857,0.08253968253968254,0.015142154546886166,0.006190992106485064,0.008951162440401103,0.7063492063492064,0.6666666666666667,0.6698412698412699,0.5428571428571428,-0.0031746031746031633,0.0010017553651898593,0.7887323943661971,0.010322709747525076,0.7847082494969819,-0.003969232376600467,0.13078470824949698
2020,86029,FAXINALZINHO,24,9,12377.418040885455,0.0,12377.418040885455,0.0,0.0,0.0,0.0,0.0,0.0,0.0,0.0,0.5555555555555556,0.7333333333333333,0.7333333333333333,0.5,0.0,-0.01050893997955144,0.47283702213279677,-0.027201887986746946,0.5835010060362174,-0.0004495119054032347,0.7002012072434608
2020,86037,CHAPADA,42,9,52463.274066570804,414.04485373621765,52049.22921283458,0.007892089487416185,0.023809523809523808,0.1111111111111111,0.0,0.1111111111111111,0.0547008547008547,0.0,0.0547008547008547,0.6919191919191919,0.6784511784511784,0.6430976430976431,0.5555555555555556,0.03535353535353536,-0.0041256358199797845,0.7223340040241448,-0.010200715225068505,0.6921529175050302,0.03458416494509077,0.9778672032193159
2020,86045,AMARAL FERRADOR,55,9,129688.3065273109,74.52807367251918,129613.77845363838,0.0005746707291364346,0.01818181818181818,0.0,0.021739130434782608,-0.021739130434782608,0.0,0.00020869565217391305,-0.00020869565217391305,0.9094202898550725,0.9106280193236714,0.9118357487922705,0.4891304347826087,-0.0012077294685990392,-0.014049110053598678,0.09859154929577464,-0.023536104766400792,0.6368209255533199,-0.0021205013314189993,0.18108651911468812
2020,86053,CHIAPETTA,35,9,87707.31545046819,0.0,87707.31545046819,0.0,0.0,0.0,0.0,0.0,0.0,0.0,0.0,0.5854700854700855,0.688034188034188,0.688034188034188,0.5,0.0,-0.010954318175226123,0.3148893360160966,-0.030444015675627784,0.2323943661971831,-0.0006683446172707296,0.4386317907444668
2020,86061,VILA FLORES,27,9,51803.94645370091,9005.669652287923,42798.27680141298,0.17384138214907277,0.5185185185185185,0.7777777777777778,0.3888888888888889,0.3888888888888889,0.1822768246144508,0.09463088060912478,0.08764594400532602,0.7808641975308642,0.7808641975308642,0.7746913580246914,0.7222222222222222,0.006172839506172867,0.16344418576196748,0.9919517102615694,0.4908961193583039,0.993963782696177,0.005653658955603186,0.9225352112676056
2020,86070,CIRÍACO,31,9,22502.121543805577,0.0,22502.121543805577,0.0,0.0,0.0,0.0,0.0,0.0,0.0,0.0,0.6161616161616161,0.6161616161616161,0.6161616161616161,0.5,0.0,-0.010555068373266394,0.45875251509054327,-0.02879739683859034,0.32193158953722334,-0.0005993511421226163,0.5181086519114688
2020,86088,CERRO BRANCO,23,9,16301.65753118725,646.9450839628402,15654.712447224409,0.039685846836442724,0.043478260869565216,0.0,0.07142857142857142,-0.07142857142857142,0.0,0.02767691081392259,-0.02767691081392259,0.6349206349206349,0.6666666666666666,0.6666666666666666,0.4642857142857143,0.0,0.029081383522616983,0.903420523138833,0.016298123849193408,0.8189134808853119,-0.00042405056659267174,0.7243460764587525
2020,86096,COLORADO,35,9,61825.87626058269,0.0,61825.87626058269,0.0,0.0,0.0,0.0,0.0,0.0,0.0,0.0,0.3782051282051282,0.5683760683760684,0.5683760683760684,0.5,0.0,-0.010954318175226123,0.3148893360160966,-0.030444015675627784,0.2323943661971831,-0.0006683446172707296,0.4386317907444668
2020,86100,ANDRÉ DA ROCHA,21,9,33727.49859587504,0.0,33727.49859587504,0.0,0.0,0.0,0.0,0.0,0.0,0.0,0.0,0.8055555555555556,0.8518518518518519,0.8518518518518519,0.5,0.0,-0.010905768218963824,0.335010060362173,-0.02736306805164444,0.5221327967806841,-0.00036913308989526105,0.7756539235412475
2020,86118,CONDOR,55,9,59665.57135841063,45.286155877398805,59620.285202533225,0.0007589997857452033,0.01818181818181818,0.0,0.021739130434782608,-0.021739130434782608,0.0,0.0002600818886403662,-0.0002600818886403662,0.7258454106280193,0.751207729468599,0.751207729468599,0.4891304347826087,0.0,-0.01386478099698991,0.10261569416498995,-0.023536104766400792,0.6368209255533199,-0.0009127718628199604,0.2635814889336016
2020,86126,POÇO DAS ANTAS,24,9,50616.12940174178,815.1508057931786,49800.9785959486,0.01610456618133128,0.08333333333333333,0.2222222222222222,0.0,0.2222222222222222,0.030678191402508794,0.0,0.030678191402508794,0.6962962962962963,0.7,0.6851851851851851,0.6111111111111112,0.014814814814814836,0.0055956262017798405,0.8229376257545271,0.05613144534658639,0.9054325955734407,0.014365302909411602,0.9456740442655935
2020,86134,CONSTANTINA,33,9,118661.6321883298,556.3727722080425,118105.25941612176,0.004688733518556481,0.06060606060606061,0.2222222222222222,0.0,0.2222222222222222,0.009048056952172145,0.0,0.009048056952172145,0.8240740740740741,0.8680555555555556,0.8680555555555556,0.6111111111111112,0.0,-0.006041397799121894,0.6961770623742455,0.03103255846604294,0.8591549295774648,-0.00063506466234155,0.4778672032193159
2020,86142,TRÊS PALMEIRAS,29,9,33165.82087397851,0.0,33165.82087397851,0.0,0.0,0.0,0.0,0.0,0.0,0.0,0.0,0.6055555555555555,0.6944444444444444,0.6944444444444444,0.5,0.0,-0.010439655234074058,0.5442655935613682,-0.028137706238149776,0.3853118712273642,-0.0005608620480938485,0.5724346076458753
2020,86150,CORONEL BICACO,26,9,50980.95467349011,0.0,50980.95467349011,0.0,0.0,0.0,0.0,0.0,0.0,0.0,0.0,0.7843137254901961,0.7973856209150326,0.7973856209150326,0.5,0.0,-0.01040847128567125,0.5663983903420523,-0.027429757974836134,0.5020120724346077,-0.000496986418068541,0.6539235412474849
2020,86169,NOVA ALVORADA,21,9,32470.38078652181,0.0,32470.38078652181,0.0,0.0,0.0,0.0,0.0,0.0,0.0,0.0,0.4027777777777778,0.6296296296296295,0.6296296296296295,0.5,0.0,-0.010905768218963824,0.335010060362173,-0.02736306805164444,0.5221327967806841,-0.00036913308989526105,0.7756539235412475
2020,86177,CRISSIUMAL,74,9,125134.8223705435,253.60247291343333,124881.21989763007,0.002026633898615985,0.013513513513513514,0.0,0.015384615384615385,-0.015384615384615385,0.0,0.001224362566238952,-0.001224362566238952,0.7230769230769231,0.5085470085470085,0.5085470085470085,0.49230769230769234,0.0,-0.016906719103562423,0.0482897384305835,-0.040078747071437514,0.0744466800804829,-0.0010619115582960323,0.21327967806841047
2020,86185,MORRO REDONDO,49,9,77217.5537755695,0.0,77217.5537755695,0.0,0.0,0.0,0.0,0.0,0.0,0.0,0.0,0.7777777777777777,0.6555555555555556,0.6555555555555556,0.5,0.0,-0.013355574813151071,0.11770623742454728,-0.038058750580789336,0.09356136820925554,-0.0008522428315240655,0.29275653923541245
2020,86193,CRUZ ALTA,248,15,702376.9690583878,17298.13410511353,685078.8349532743,0.024627991615817853,0.07258064516129033,0.4666666666666667,0.04721030042918455,0.4194563662374821,0.02876197918760435,0.007473167342288099,0.02128881184531625,0.9198855507868384,0.9327610872675252,0.932761087267525,0.711444921316166,1.1102230246251565e-16,-0.027733736533114412,0.014084507042253521,-0.06669544419687438,0.018108651911468814,-0.0015703506177244466,0.1891348088531187
2020,86207,SANTA MARIA DO HERVAL,34,9,91657.13514938987,209.6102072039602,91447.5249421859,0.0022868945975926622,0.029411764705882353,0.1111111111111111,0.0,0.1111111111111111,0.0025038252886354154,0.0,0.0025038252886354154,0.5222222222222221,0.5911111111111111,0.5911111111111111,0.5555555555555556,0.0,-0.008549759052379162,0.6659959758551308,-0.0005863792126093968,0.7404426559356136,-0.000651989891660188,0.4597585513078471
2020,86215,CRUZEIRO DO SUL,57,9,48644.072580101216,0.0,48644.072580101216,0.0,0.0,0.0,0.0,0.0,0.0,0.0,0.0,0.6516203703703703,0.6041666666666666,0.6041666666666666,0.5,0.0,-0.015062217334203296,0.08048289738430583,-0.04295832127496469,0.056338028169014086,-0.0009312112051315074,0.24949698189134809
2020,86223,BARÃO,28,9,61834.842919446426,0.0,61834.842919446426,0.0,0.0,0.0,0.0,0.0,0.0,0.0,0.0,0.5789473684210527,0.5672514619883041,0.5672514619883041,0.5,0.0,-0.010408342608032282,0.5885311871227364,-0.027859971985104256,0.41750503018108653,-0.0005404499011215458,0.5925553319919518
2020,86231,DAVID CANABARRO,20,9,29391.750276566167,0.0,29391.750276566167,0.0,0.0,0.0,0.0,0.0,0.0,0.0,0.0,0.2777777777777778,0.2626262626262626,0.2626262626262626,0.5,0.0,-0.011121420857066511,0.2766599597585513,-0.027588924916157276,0.47585513078470826,-0.00033941047738787674,0.7997987927565392
2020,86240,ELDORADO DO SUL,79,9,203911.72082089033,2587.7803358513606,201323.94048503897,0.012690689507369641,0.05063291139240506,0.2222222222222222,0.02857142857142857,0.19365079365079363,0.012833677880969115,0.014874815905743742,-0.0020411380247746264,0.9761904761904763,0.9603174603174602,0.9603174603174602,0.6,0.0,-0.007396920320199247,0.6841046277665996,-0.006057145377173681,0.7203219315895373,-0.0010935202340653495,0.20724346076458752
2020,86258,DOIS IRMÃOS,70,9,75853.66414955904,2350.2221010202056,73503.44204853884,0.030983633122670554,0.04285714285714286,0.1111111111111111,0.03278688524590164,0.07832422586520946,0.01967922857423989,0.0046497505697357935,0.015029478004504094,0.7340619307832422,0.7349726775956285,0.7349726775956285,0.5391621129326047,0.0,0.012973058469125689,0.8551307847082495,-0.008239209699888887,0.7062374245472837,-0.0010346879003226598,0.21830985915492956
2020,86274,DOM FELICIANO,57,9,132558.2713698852,4392.498342074099,128165.77302781108,0.03313635804602077,0.05263157894736842,0.1111111111111111,0.041666666666666664,0.06944444444444445,0.04583797527575194,0.003068869444675435,0.0427691058310765,0.837962962962963,0.7615740740740741,0.7523148148148148,0.5370370370370371,0.0092592592592593,0.018074140711817472,0.869215291750503,0.009673257672403728,0.7826961770623743,0.008328048054127794,0.9336016096579477
2020,86282,ALTO FELIZ,45,9,32962.49897299067,0.0,32962.49897299067,0.0,0.0,0.0,0.0,0.0,0.0,0.0,0.0,0.5617283950617284,0.5154320987654322,0.5154320987654322,0.5,0.0,-0.012566559199044867,0.15090543259557343,-0.03570463102174268,0.11871227364185111,-0.0008067544023061485,0.317907444668008
2020,86290,DOM PEDRITO,88,13,229584.63667131288,2908.6650974969293,226675.97157381597,0.012669249735822473,0.10227272727272728,0.15384615384615385,0.09333333333333334,0.06051282051282052,0.008918757436073052,0.008782558124785851,0.00013619931128720092,0.9025641025641026,0.923076923076923,0.9241025641025641,0.5302564102564102,-0.0010256410256410664,-0.009485315513018441,0.6498993963782697,0.04008935912167154,0.8812877263581489,-0.0021703134663025436,0.1790744466800805
2020,86304,AMETISTA DO SUL,35,9,64582.71628577524,0.0,64582.71628577524,0.0,0.0,0.0,0.0,0.0,0.0,0.0,0.0,0.7051282051282051,0.8333333333333334,0.8333333333333334,0.5,0.0,-0.010954318175226123,0.3148893360160966,-0.030444015675627784,0.2323943661971831,-0.0006683446172707296,0.4386317907444668
2020,86312,DONA FRANCISCA,30,9,55487.80702860547,0.0,55487.80702860547,0.0,0.0,0.0,0.0,0.0,0.0,0.0,0.0,0.7804232804232805,0.8042328042328042,0.8042328042328042,0.5,0.0,-0.01048914878614563,0.49899396378269617,-0.02845141227585683,0.3440643863179074,-0.0005804776065131847,0.5432595573440644
2020,86320,ARAMBARÉ,57,9,60108.5217184983,0.0,60108.5217184983,0.0,0.0,0.0,0.0,0.0,0.0,0.0,0.0,0.5902777777777778,0.5543981481481481,0.5543981481481481,0.5,0.0,-0.015062217334203296,0.08048289738430583,-0.04295832127496469,0.056338028169014086,-0.0009312112051315074,0.24949698189134809
2020,86339,ENCANTADO,58,11,159029.4527594095,895.3719962045707,158134.08076320493,0.005630227487226218,0.06896551724137931,0.09090909090909091,0.06382978723404255,0.027079303675048363,0.007346189164370983,0.003705112549332717,0.0036410766150382664,0.8549323017408124,0.8897485493230174,0.8878143133462283,0.5164410058027079,0.0019342359767891004,-0.00965340606794821,0.6458752515090543,0.025384556840497022,0.8410462776659959,0.0009940941019485642,0.8732394366197183
2020,86347,BARÃO DO TRIUNFO,49,9,91581.99894733843,0.0,91581.99894733843,0.0,0.0,0.0,0.0,0.0,0.0,0.0,0.0,0.7916666666666666,0.8013888888888889,0.8013888888888889,0.5,0.0,-0.013355574813151071,0.11770623742454728,-0.038058750580789336,0.09356136820925554,-0.0008522428315240655,0.29275653923541245
2020,86355,ENCRUZILHADA DO SUL,99,11,224186.8244854656,6449.913098092724,217736.91138737288,0.028770259415984916,0.08080808080808081,0.2727272727272727,0.056818181818181816,0.21590909090909088,0.037902426729044765,0.015990148643511164,0.0219122780855336,0.878099173553719,0.865702479338843,0.8646694214876033,0.6105371900826446,0.0010330578512397492,0.004127925844342385,0.8108651911468813,0.012083988700466286,0.7987927565392354,-0.0001660156939512704,0.8511066398390342
2020,86363,BARRA DO GUARITA,25,9,25983.100140379396,194.08352518885204,25789.016615190543,0.007469606172484162,0.04,0.1111111111111111,0.0,0.1111111111111111,0.025641025641025644,0.0,0.025641025641025644,0.6597222222222222,0.6944444444444444,0.6875,0.5555555555555556,0.00694444444444442,-0.002975131808327618,0.7424547283702213,0.012712498874750247,0.8048289738430584,0.0064706525743649075,0.9255533199195171
2020,86371,ERECHIM,258,17,934564.4469471066,42270.27904058756,892294.167906519,0.04522992414131491,0.13178294573643412,0.47058823529411764,0.1078838174273859,0.36270441786673174,0.052770841512103706,0.023420421419589128,0.029350420092514578,0.930680986087381,0.951427874054186,0.950207468879668,0.6790334391017818,0.0012204051745180466,-0.008657337564671769,0.6639839034205232,-0.011310703975902392,0.6901408450704225,-0.0003637902903082949,0.7867203219315896
2020,86380,BARRA DO RIO AZUL,12,9,8281.414630791523,0.0,8281.414630791523,0.0,0.0,0.0,0.0,0.0,0.0,0.0,0.0,0.44444444444444453,0.44444444444444453,0.44444444444444453,0.5,0.0,-0.015560655080584187,0.06841046277665996,-0.03511828383440235,0.1267605633802817,-1.832376276187425e-05,0.8571428571428571
2020,86398,HERVAL,53,9,97358.63629655103,1962.8313847432569,95395.80491180776,0.020160834820698807,0.018867924528301886,0.0,0.022727272727272728,-0.022727272727272728,0.0,0.007205281656692314,-0.007205281656692314,0.8257575757575758,0.8257575757575757,0.8257575757575757,0.48863636363636365,0.0,0.005968610665323561,0.8249496981891348,-0.021618057452908266,0.6428571428571429,-0.0008935106702378082,0.27062374245472837
2020,86401,BARRA FUNDA,27,9,23424.79462255338,129.38901679256801,23295.40560576081,0.00552359236772101,0.037037037037037035,0.1111111111111111,0.0,0.1111111111111111,0.0063823581409211926,0.0,0.0063823581409211926,0.42592592592592593,0.6049382716049383,0.6049382716049383,0.5555555555555556,0.0,-0.004873604019384275,0.7142857142857143,0.009414637876822465,0.7806841046277666,-0.0005191805505696813,0.6207243460764588
2020,86410,ERVAL GRANDE,34,9,37621.99155121623,0.0,37621.99155121623,0.0,0.0,0.0,0.0,0.0,0.0,0.0,0.0,0.5688888888888889,0.5622222222222223,0.5622222222222223,0.5,0.0,-0.010836653649971825,0.35110663983903423,-0.02999814391849175,0.25251509054325955,-0.000651989891660188,0.4597585513078471
2020,86428,BOA VISTA DAS MISSÕES,21,9,26123.319017877508,0.0,26123.319017877508,0.0,0.0,0.0,0.0,0.0,0.0,0.0,0.0,0.8148148148148148,0.8009259259259259,0.8009259259259259,0.5,0.0,-0.010905768218963824,0.335010060362173,-0.02736306805164444,0.5221327967806841,-0.00036913308989526105,0.7756539235412475
2020,86436,ERVAL SECO,35,9,68116.04567854332,0.0,68116.04567854332,0.0,0.0,0.0,0.0,0.0,0.0,0.0,0.0,0.7435897435897436,0.8076923076923077,0.8076923076923077,0.5,0.0,-0.010954318175226123,0.3148893360160966,-0.030444015675627784,0.2323943661971831,-0.0006683446172707296,0.4386317907444668
2020,86444,BOM PROGRESSO,37,9,10055.88148488816,0.0,10055.88148488816,0.0,0.0,0.0,0.0,0.0,0.0,0.0,0.0,0.7440476190476191,0.7063492063492063,0.7063492063492063,0.5,0.0,-0.01121920177851073,0.2595573440643863,-0.03139141871526805,0.19919517102615694,-0.000699474912444174,0.4024144869215292
2020,86452,ESMERALDA,35,9,43031.55225978831,0.0,43031.55225978831,0.0,0.0,0.0,0.0,0.0,0.0,0.0,0.0,0.6431623931623931,0.6431623931623931,0.6431623931623931,0.5,0.0,-0.010954318175226123,0.3148893360160966,-0.030444015675627784,0.2323943661971831,-0.0006683446172707296,0.4386317907444668
2020,86460,CAMPESTRE DA SERRA,23,9,23918.827766470764,0.0,23918.827766470764,0.0,0.0,0.0,0.0,0.0,0.0,0.0,0.0,0.42857142857142855,0.626984126984127,0.626984126984127,0.5,0.0,-0.010604463313825741,0.4396378269617706,-0.02718013702037181,0.6066398390342053,-0.00042405056659267174,0.7243460764587525
2020,86479,ESPUMOSO,35,9,66826.54179828693,304.06418946253484,66522.47760882438,0.004550051241321744,0.05714285714285714,0.0,0.07692307692307693,-0.07692307692307693,0.0,0.0077907917414090245,-0.0077907917414090245,0.8226495726495726,0.8333333333333334,0.8376068376068376,0.46153846153846156,-0.004273504273504258,-0.006404266933904379,0.6941649899396378,0.026698841467229357,0.8470824949698189,-0.004941848890774988,0.10261569416498995
2020,86487,CANDIOTA,76,9,95324.9256084088,4852.088129721301,90472.8374786875,0.050900518398026305,0.039473684210526314,0.0,0.04477611940298507,-0.04477611940298507,0.0,0.017735865719006063,-0.017735865719006063,0.5887230514096186,0.6218905472636815,0.6318407960199004,0.47761194029850745,-0.00995024875621886,0.03150532144857127,0.9114688128772636,-0.015361050052983313,0.670020120724346,-0.011025108114069416,0.03822937625754527
2020,86495,ESTÂNCIA VELHA,100,9,211441.42408082203,6204.682094565769,205236.74198625627,0.029344685515332473,0.06,0.2222222222222222,0.04395604395604396,0.17826617826617824,0.022465367521876965,0.007700588146698484,0.01476477937517848,0.7997557997557998,0.7643467643467643,0.7631257631257631,0.5879120879120879,0.0012210012210012167,0.004478877342207276,0.8148893360160966,-0.00930852133929562,0.6981891348088531,1.73558110680796e-05,0.8611670020120724
2020,86509,CAPITÃO,23,9,34720.98628351342,0.0,34720.98628351342,0.0,0.0,0.0,0.0,0.0,0.0,0.0,0.0,0.5238095238095238,0.5317460317460317,0.5317460317460317,0.5,0.0,-0.010604463313825741,0.4396378269617706,-0.02718013702037181,0.6066398390342053,-0.00042405056659267174,0.7243460764587525
2020,86517,ESTEIO,168,10,729580.1558715145,30466.97300611241,699113.1828654021,0.04175959661309362,0.13690476190476192,0.5,0.11392405063291139,0.3860759493670886,0.048910629040379745,0.022111537862222416,0.02679909117815733,0.9582278481012658,0.9677215189873417,0.9658227848101265,0.6971518987341772,0.0018987341772152,0.0029597884605031266,0.7987927565392354,0.0317925907750764,0.8631790744466801,0.000474278363479937,0.8712273641851107
2020,86525,CARLOS GOMES,22,9,42111.33757235956,0.0,42111.33757235956,0.0,0.0,0.0,0.0,0.0,0.0,0.0,0.0,0.47008547008547,0.47008547008547,0.47008547008547,0.5,0.0,-0.010735222605472628,0.3702213279678068,-0.02723061422203277,0.5613682092555332,-0.00039729900296352124,0.7525150905432596
2020,86533,ESTRELA,158,13,212683.28692509542,4502.7377843813665,208180.5491407141,0.021171093645770005,0.04430379746835443,0.07692307692307693,0.041379310344827586,0.03554376657824934,0.01220678290236608,0.012656190126827652,-0.0004494072244615715,0.8111405835543767,0.8127320954907162,0.8190981432360742,0.5183023872679046,-0.006366047745357983,-0.01573460432105837,0.06237424547283702,-0.055995536209263994,0.026156941649899398,-0.00776595057345904,0.052313883299798795
2020,86541,CENTENÁRIO,22,9,36061.171841647476,0.0,36061.171841647476,0.0,0.0,0.0,0.0,0.0,0.0,0.0,0.0,0.6581196581196581,0.641025641025641,0.641025641025641,0.5,0.0,-0.010735222605472628,0.3702213279678068,-0.02723061422203277,0.5613682092555332,-0.00039729900296352124,0.7525150905432596
2020,86550,FARROUPILHA,189,15,425994.2011539466,28092.555158951993,397901.6459949947,0.06594586283769589,0.15873015873015872,0.5333333333333333,0.12643678160919541,0.4068965517241379,0.08564054047816114,0.04447589461963165,0.04116464585852949,0.8302681992337165,0.8865900383141763,0.8831417624521073,0.7172413793103448,0.0034482758620689724,0.023325624987803766,0.8913480885311871,0.04394602123629006,0.8832997987927566,0.001977885574989082,0.8933601609657947
2020,86568,CHARRUA,20,9,30098.05904143344,1746.7517266996683,28351.30731473377,0.05803536116050087,0.45,0.5555555555555556,0.36363636363636365,0.19191919191919193,0.08015597809360372,0.046463407757666726,0.033692570335937,0.6717171717171717,0.6111111111111112,0.4292929292929292,0.595959595959596,0.18181818181818193,0.04691394030343436,0.9456740442655935,0.42241107508384274,0.9879275653923542,0.18147877134079407,1.0
2020,86576,FAXINAL DO SOTURNO,35,9,62734.20009736821,3558.1979617956213,59176.002135572584,0.056718631245365844,0.08571428571428572,0.1111111111111111,0.07692307692307693,0.03418803418803418,0.03844542095813677,0.026200937593785757,0.012244483364351015,0.7628205128205128,0.735042735042735,0.7307692307692307,0.5192307692307693,0.004273504273504258,0.04576431307013972,0.9416498993963782,0.055270270038657934,0.903420523138833,0.0036051596562335286,0.9044265593561368
2020,86584,COLINAS,30,9,23966.313535633642,0.0,23966.313535633642,0.0,0.0,0.0,0.0,0.0,0.0,0.0,0.0,0.3253968253968254,0.2619047619047619,0.2619047619047619,0.5,0.0,-0.01048914878614563,0.49899396378269617,-0.02845141227585683,0.3440643863179074,-0.0005804776065131847,0.5432595573440644
2020,86592,FELIZ,44,9,101550.71105161343,3269.634576544836,98281.07647506859,0.03219706236111961,0.13636363636363635,0.4444444444444444,0.05714285714285714,0.38730158730158726,0.03581963784513022,0.009332725375259684,0.026486912469870533,0.8095238095238095,0.8253968253968255,0.8222222222222222,0.6888888888888889,0.0031746031746032743,0.01981814304120791,0.8832997987927566,0.10123180065661597,0.9476861167002012,0.002379973972605971,0.8953722334004024
2020,86606,COQUEIROS DO SUL,22,9,35028.19462608401,0.0,35028.19462608401,0.0,0.0,0.0,0.0,0.0,0.0,0.0,0.0,0.45299145299145294,0.4444444444444444,0.4444444444444444,0.5,0.0,-0.010735222605472628,0.3702213279678068,-0.02723061422203277,0.5613682092555332,-0.00039729900296352124,0.7525150905432596
2020,86614,FLORES DA CUNHA,105,9,128044.5613968798,5013.229211234764,123031.33218564503,0.03915222291789526,0.10476190476190476,0.3333333333333333,0.08333333333333333,0.25,0.14671784653704864,0.03237986373431607,0.11433798280273258,0.6886574074074074,0.8067129629629629,0.7621527777777778,0.6232638888888888,0.04456018518518512,0.013176497526671303,0.8571428571428571,0.032557369369772535,0.8651911468812877,0.043334502694002214,0.9818913480885312
2020,86622,CORONEL BARROS,32,9,26858.24863325929,0.0,26858.24863325929,0.0,0.0,0.0,0.0,0.0,0.0,0.0,0.0,0.6908212560386473,0.681159420289855,0.681159420289855,0.5,0.0,-0.010635857533012279,0.4134808853118712,-0.0291723930892955,0.2987927565392354,-0.0006175319411754038,0.5
2020,86630,FONTOURA XAVIER,52,9,65695.73354712658,0.0,65695.73354712658,0.0,0.0,0.0,0.0,0.0,0.0,0.0,0.0,0.6149870801033592,0.5193798449612403,0.5193798449612403,0.5,0.0,-0.013979453820262833,0.1006036217303823,-0.039874008647244705,0.07645875251509054,-0.0008835509877774093,0.2746478873239437
2020,86649,COXILHA,34,9,29987.069142828772,0.0,29987.069142828772,0.0,0.0,0.0,0.0,0.0,0.0,0.0,0.0,0.7622222222222222,0.7844444444444444,0.7844444444444444,0.5,0.0,-0.010836653649971825,0.35110663983903423,-0.02999814391849175,0.25251509054325955,-0.000651989891660188,0.4597585513078471
2020,86657,FORMIGUEIRO,39,9,90030.15883553508,0.0,90030.15883553508,0.0,0.0,0.0,0.0,0.0,0.0,0.0,0.0,0.737037037037037,0.7407407407407408,0.7407407407407408,0.5,0.0,-0.011517964084831104,0.2152917505030181,-0.03240162112820084,0.1710261569416499,-0.000728693671499321,0.37122736418511065
2020,86665,DERRUBADAS,21,9,14295.610214835275,0.0,14295.610214835275,0.0,0.0,0.0,0.0,0.0,0.0,0.0,0.0,0.3425925925925926,0.3425925925925926,0.3425925925925926,0.5,0.0,-0.010905768218963824,0.335010060362173,-0.02736306805164444,0.5221327967806841,-0.00036913308989526105,0.7756539235412475
2020,86673,FREDERICO WESTPHALEN,58,11,272186.6432731532,6158.917199326238,266027.726073827,0.02262755117320525,0.10344827586206896,0.09090909090909091,0.10638297872340426,-0.015473887814313345,0.00370053876923002,0.03640402423152133,-0.03270348546229131,0.8336557059961316,0.8336557059961315,0.8375241779497099,0.49323017408123787,-0.003868471953578423,0.007343917618030823,0.8329979879275654,0.059867315461186676,0.9134808853118712,-0.004808613828418959,0.10462776659959759
2020,86681,DOIS IRMÃOS DAS MISSÕES,23,9,35655.1491069524,0.0,35655.1491069524,0.0,0.0,0.0,0.0,0.0,0.0,0.0,0.0,0.8174603174603174,0.8412698412698413,0.8412698412698413,0.5,0.0,-0.010604463313825741,0.4396378269617706,-0.02718013702037181,0.6066398390342053,-0.00042405056659267174,0.7243460764587525
2020,86690,GARIBALDI,64,9,191992.28814384382,1271.7775849558304,190720.51055888803,0.006624107651672933,0.0625,0.0,0.07272727272727272,-0.07272727272727272,0.0,0.021279403257578745,-0.021279403257578745,0.5737373737373738,0.5656565656565656,0.5696969696969697,0.4636363636363636,-0.004040404040404066,-0.010010906740734982,0.641851106639839,0.015163940200494719,0.8158953722334004,-0.005030501327393465,0.09859154929577464
2020,86703,ENGENHO VELHO,16,9,36422.361282023936,0.0,36422.361282023936,0.0,0.0,0.0,0.0,0.0,0.0,0.0,0.0,0.5634920634920635,0.5634920634920635,0.5634920634920635,0.5,0.0,-0.012579525296610074,0.14285714285714285,-0.02973794546856098,0.2635814889336016,-0.00020123122983028207,0.8450704225352113
2020,86711,GAURAMA,23,9,64890.54569562643,0.0,64890.54569562643,0.0,0.0,0.0,0.0,0.0,0.0,0.0,0.0,0.6666666666666666,0.6666666666666666,0.6666666666666666,0.5,0.0,-0.010604463313825741,0.4396378269617706,-0.02718013702037181,0.6066398390342053,-0.00042405056659267174,0.7243460764587525
2020,86720,GARRUCHOS,19,9,29917.97540786154,0.0,29917.97540786154,0.0,0.0,0.0,0.0,0.0,0.0,0.0,0.0,0.6722222222222222,0.6888888888888889,0.6888888888888889,0.5,0.0,-0.011388442266985146,0.22635814889336017,-0.027921664419605637,0.4014084507042254,-0.00030796689647941475,0.817907444668008
2020,86738,GENERAL CÂMARA,66,9,54599.965473178236,711.6395923591242,53888.3258808191,0.013033700409732146,0.030303030303030304,0.2222222222222222,0.0,0.2222222222222222,0.025586522827609415,0.0,0.025586522827609415,0.9103313840155945,0.8908382066276803,0.8908382066276803,0.6111111111111112,0.0,-0.004058022626212878,0.7263581488933601,-0.01828747751125947,0.6579476861167002,-0.0010055046970112028,0.22635814889336017
2020,86746,GENTIL,29,9,53620.943477617264,0.0,53620.943477617264,0.0,0.0,0.0,0.0,0.0,0.0,0.0,0.0,0.3388888888888889,0.3388888888888889,0.3388888888888889,0.5,0.0,-0.010439655234074058,0.5442655935613682,-0.028137706238149776,0.3853118712273642,-0.0005608620480938485,0.5724346076458753
2020,86754,SÃO VICENTE DO SUL,45,9,61836.537915566405,0.0,61836.537915566405,0.0,0.0,0.0,0.0,0.0,0.0,0.0,0.0,0.7962962962962963,0.8117283950617284,0.8117283950617284,0.5,0.0,-0.012566559199044867,0.15090543259557343,-0.03570463102174268,0.11871227364185111,-0.0008067544023061485,0.317907444668008
2020,86762,GRAMADO DOS LOUREIROS,26,9,37021.69120780711,0.0,37021.69120780711,0.0,0.0,0.0,0.0,0.0,0.0,0.0,0.0,0.7810457516339868,0.6797385620915032,0.6797385620915032,0.5,0.0,-0.01040847128567125,0.5663983903420523,-0.027429757974836134,0.5020120724346077,-0.000496986418068541,0.6539235412474849
2020,86770,GETÚLIO VARGAS,56,9,121716.11870775194,378.4628741182614,121337.65583363369,0.0031093899323800704,0.03571428571428571,0.1111111111111111,0.02127659574468085,0.08983451536643025,0.002150537634408602,0.0004738815708143895,0.0016766560635942127,0.5756501182033097,0.5992907801418439,0.5992907801418439,0.5437352245862884,0.0,-0.011732828396227007,0.1891348088531187,-0.006622931368685685,0.7183098591549296,-0.0009220903200807031,0.25653923541247486
2020,86789,GRAMADO XAVIER,62,9,33087.359374195505,0.0,33087.359374195505,0.0,0.0,0.0,0.0,0.0,0.0,0.0,0.0,0.6771488469601676,0.7526205450733753,0.7526205450733753,0.5,0.0,-0.01618092938225489,0.05533199195171026,-0.04608206277687587,0.04527162977867203,-0.0009740963997676756,0.23641851106639838
2020,86797,GIRUÁ,68,11,269220.2577352651,14620.958897560187,254599.2988377049,0.05430853911423542,0.058823529411764705,0.09090909090909091,0.05263157894736842,0.038277511961722493,0.008724983291656998,0.020542118538717645,-0.011817135247060647,0.9409888357256777,0.9186602870813396,0.9393939393939393,0.5167464114832536,-0.020733652312599715,0.03675811312362742,0.9235412474849095,0.008979263820546021,0.7776659959758552,-0.021754009006349686,0.012072434607645875
2020,86800,HULHA NEGRA,47,9,38894.72661489632,139.67544362757715,38755.051171268744,0.0035911151917978196,0.02127659574468085,0.1111111111111111,0.0,0.1111111111111111,0.009406669629397258,0.0,0.009406669629397258,0.6418128654970761,0.6827485380116959,0.6827485380116959,0.5555555555555556,0.0,-0.009362912921621393,0.6519114688128773,-0.01559380947084189,0.6670020120724346,-0.0008300736624437896,0.30482897384305835
2020,86819,GRAMADO,98,9,333792.15709923656,25791.66909003479,308000.4880092017,0.0772686491922784,0.23469387755102042,0.5555555555555556,0.20224719101123595,0.35330836454431963,0.09268282302100955,0.07506301902682665,0.017619803994182906,0.8863920099875156,0.9001248439450686,0.8826466916354556,0.6953807740324593,0.017478152309613026,0.052850270633061885,0.9557344064386318,0.16655594466776258,0.9678068410462777,0.016283708272175058,0.9517102615694165
2020,86827,INHACORÁ,12,9,21722.927945779058,0.0,21722.927945779058,0.0,0.0,0.0,0.0,0.0,0.0,0.0,0.0,0.7777777777777778,0.5925925925925926,0.5925925925925926,0.5,0.0,-0.015560655080584187,0.06841046277665996,-0.03511828383440235,0.1267605633802817,-1.832376276187425e-05,0.8571428571428571
2020,86835,GRAVATAÍ,419,21,1601358.9188314714,80943.67280335852,1520415.2460281127,0.050546864823049154,0.12171837708830549,0.47619047619047616,0.10301507537688442,0.37317540081359174,0.09654050544223877,0.028222864094386867,0.0683176413478519,0.9111031347212252,0.8971045704714046,0.8840631730078966,0.6961593682699212,0.013041397463507964,-0.024289970990889892,0.02012072434607646,-0.07345518356168024,0.014084507042253521,0.011301925376679506,0.9416498993963782
2020,86843,ITAPUCA,24,9,13820.687828698155,0.0,13820.687828698155,0.0,0.0,0.0,0.0,0.0,0.0,0.0,0.0,0.5555555555555556,0.45185185185185184,0.45185185185185184,0.5,0.0,-0.01050893997955144,0.47283702213279677,-0.027201887986746946,0.5835010060362174,-0.0004495119054032347,0.7002012072434608
2020,86851,GUAÍBA,345,17,975143.1716155583,28983.929034537672,946159.2425810206,0.029722742134899893,0.06376811594202898,0.29411764705882354,0.051829268292682924,0.24228837876614062,0.01637993025010554,0.011857136721042378,0.004522793529063164,0.9404591104734576,0.9225251076040171,0.9239598278335723,0.6212338593974175,-0.0014347202295552641,-0.03622193923960701,0.008048289738430584,-0.10936840125697424,0.002012072434607646,-0.0031152040467710197,0.1488933601609658
2020,86860,LAJEADO DO BUGRE,29,9,25770.216391050588,0.0,25770.216391050588,0.0,0.0,0.0,0.0,0.0,0.0,0.0,0.0,0.7388888888888888,0.6833333333333333,0.6833333333333333,0.5,0.0,-0.010439655234074058,0.5442655935613682,-0.028137706238149776,0.3853118712273642,-0.0005608620480938485,0.5724346076458753
2020,86878,GUAPORÉ,54,11,211803.55806102112,15219.512489242607,196584.0455717785,0.0718567366316756,0.16666666666666666,0.18181818181818182,0.16279069767441862,0.019027484143763207,0.0975017709563164,0.05461936859778999,0.04288240235852641,0.5687103594080338,0.5560253699788583,0.5095137420718816,0.5221987315010571,0.046511627906976716,0.057449676471894175,0.959758551307847,0.12556592977058384,0.9577464788732394,0.04560837985086408,0.9839034205231388
2020,86886,LAGOA DOS TRÊS CANTOS,26,9,21106.91977573132,0.0,21106.91977573132,0.0,0.0,0.0,0.0,0.0,0.0,0.0,0.0,0.4444444444444445,0.4313725490196078,0.4313725490196078,0.5,0.0,-0.01040847128567125,0.5663983903420523,-0.027429757974836134,0.5020120724346077,-0.000496986418068541,0.6539235412474849
2020,86894,GUARANI DAS MISSÕES,47,9,93344.36792836494,646.9450839628402,92697.4228444021,0.00693073506544416,0.02127659574468085,0.1111111111111111,0.0,0.1111111111111111,0.007959248646927729,0.0,0.007959248646927729,0.8596491228070176,0.8771929824561404,0.8771929824561404,0.5555555555555556,0.0,-0.006023293047975053,0.6981891348088531,-0.01559380947084189,0.6670020120724346,-0.0008300736624437896,0.30482897384305835
2020,86908,LINDOLFO COLLOR,65,9,29560.66763798886,64.69450839628401,29495.97312959258,0.0021885333981139224,0.015384615384615385,0.0,0.017857142857142856,-0.017857142857142856,0.0,0.00025150905432595576,-0.00025150905432595576,0.37103174603174593,0.4543650793650793,0.4543650793650793,0.49107142857142855,0.0,-0.014674548730804256,0.09054325955734406,-0.032578687438662206,0.16498993963782696,-0.0009978727119366675,0.22937625754527163
2020,86916,HORIZONTINA,71,9,247835.72088510368,4672.522052216575,243163.19883288708,0.018853303452502513,0.11267605633802817,0.0,0.12903225806451613,-0.12903225806451613,0.0,0.010238629065926288,-0.010238629065926288,0.878136200716846,0.793010752688172,0.796594982078853,0.43548387096774194,-0.0035842293906810374,0.0006122644801817359,0.7766599597585513,0.060954555095246526,0.9154929577464789,-0.004625897575735021,0.11468812877263582
2020,86924,LINHA NOVA,20,9,11554.439199576325,0.0,11554.439199576325,0.0,0.0,0.0,0.0,0.0,0.0,0.0,0.0,0.712121212121212,0.6717171717171717,0.6717171717171717,0.5,0.0,-0.011121420857066511,0.2766599597585513,-0.027588924916157276,0.47585513078470826,-0.00033941047738787674,0.7997987927565392
2020,86932,CHARQUEADAS,197,13,384715.6889270741,2402.754041837988,382312.934885236,0.006245531728999618,0.025380710659898477,0.07692307692307693,0.021739130434782608,0.05518394648829432,0.01106097177038514,0.00298905270136778,0.00807191906901736,0.9473244147157192,0.9450250836120401,0.9446070234113711,0.5284280936454849,0.0004180602006689238,-0.0377773513485158,0.004024144869215292,-0.09294382826212708,0.006036217303822937,-0.0010681248670085682,0.2112676056338028
2020,86940,MANOEL VIANA,42,9,100676.5976708679,1145.0927986142271,99531.50487225366,0.011373971956797412,0.07142857142857142,0.2222222222222222,0.030303030303030304,0.1919191919191919,0.01499898199641508,0.000299690890253196,0.014699291106161885,0.8821548821548821,0.872053872053872,0.872053872053872,0.5993265993265994,0.0,-0.0006437533505985575,0.7645875251509054,0.03741833239397911,0.8712273641851107,-0.0007693704084445893,0.341046277665996
2020,86959,HUMAITÁ,35,9,27477.763245662103,207.02242686810882,27270.740818794,0.007534180457748551,0.02857142857142857,0.1111111111111111,0.0,0.1111111111111111,0.044444444444444446,0.0,0.044444444444444446,0.6688034188034189,0.7585470085470085,0.7542735042735043,0.5555555555555556,0.004273504273504258,-0.0034201377174775715,0.7344064386317908,-0.0018725871041992137,0.7354124748490946,0.0036051596562335286,0.9044265593561368
2020,86967,MAQUINÉ,45,9,29547.40526376763,0.0,29547.40526376763,0.0,0.0,0.0,0.0,0.0,0.0,0.0,0.0,0.6003086419753086,0.6882716049382717,0.6882716049382717,0.5,0.0,-0.012566559199044867,0.15090543259557343,-0.03570463102174268,0.11871227364185111,-0.0008067544023061485,0.317907444668008
2020,86975,IBIAÇÁ,27,9,61063.83964618287,517.5560671702721,60546.28357901259,0.008475655480708454,0.07407407407407407,0.2222222222222222,0.0,0.2222222222222222,0.0237021213426937,0.0,0.0237021213426937,0.654320987654321,0.654320987654321,0.6234567901234568,0.6111111111111112,0.030864197530864224,-0.0019215409063968302,0.7505030181086519,0.0464516749138595,0.8883299798792756,0.030345016980294542,0.9738430583501007
2020,86983,MARATÁ,26,9,16756.71870324671,0.0,16756.71870324671,0.0,0.0,0.0,0.0,0.0,0.0,0.0,0.0,0.6895424836601307,0.8529411764705882,0.8529411764705882,0.5,0.0,-0.01040847128567125,0.5663983903420523,-0.027429757974836134,0.5020120724346077,-0.000496986418068541,0.6539235412474849
2020,86991,IBIRAIARAS,36,9,80037.10865720137,3622.892470191905,76414.21618700949,0.04526515926142134,0.1111111111111111,0.1111111111111111,0.1111111111111111,0.0,0.035970899542270306,0.025299763484787467,0.01067113605748284,0.6460905349794239,0.6954732510288066,0.7160493827160495,0.5061728395061729,-0.020576131687242816,0.0341830272676796,0.9175050301810865,0.08020205433090244,0.9416498993963782,-0.021260294324632823,0.018108651911468814
2020,87009,MARIANA PIMENTEL,49,9,26302.199333593227,0.0,26302.199333593227,0.0,0.0,0.0,0.0,0.0,0.0,0.0,0.0,0.42916666666666664,0.44166666666666665,0.44166666666666665,0.5,0.0,-0.013355574813151071,0.11770623742454728,-0.038058750580789336,0.09356136820925554,-0.0008522428315240655,0.29275653923541245
2020,87017,IBIRUBÁ,86,11,180468.9023082977,3739.3425853052163,176729.55972299248,0.020720149219488476,0.05813953488372093,0.18181818181818182,0.04,0.14181818181818182,0.02256144058943967,0.011207299362949575,0.011354141226490094,0.8684848484848485,0.8618181818181818,0.8654545454545455,0.5696969696969697,-0.0036363636363636598,-0.000977013870703737,0.7585513078470825,-0.002833407059766771,0.7323943661971831,-0.004770241788184472,0.10865191146881288
2020,87025,MATO CASTELHANO,28,9,39316.97473229719,0.0,39316.97473229719,0.0,0.0,0.0,0.0,0.0,0.0,0.0,0.0,0.4970760233918129,0.40935672514619886,0.40935672514619886,0.5,0.0,-0.010408342608032282,0.5885311871227364,-0.027859971985104256,0.41750503018108653,-0.0005404499011215458,0.5925553319919518
2020,87033,IGREJINHA,99,9,179315.07575105,16154.71042481593,163160.36532623405,0.09009120040327304,0.16161616161616163,0.2222222222222222,0.15555555555555556,0.06666666666666665,0.016677816121882485,0.0565216753946126,-0.03984385927273011,0.7617283950617284,0.7938271604938272,0.8049382716049382,0.5395061728395062,-0.011111111111111072,0.06544886683163051,0.96579476861167,0.0928920695085471,0.9456740442655935,-0.01231018465630209,0.03219315895372234
2020,87041,MATO LEITÃO,43,9,8804.793203717463,0.0,8804.793203717463,0.0,0.0,0.0,0.0,0.0,0.0,0.0,0.0,0.5718954248366013,0.5849673202614379,0.5849673202614379,0.5,0.0,-0.012195836817368556,0.16398390342052313,-0.03456676041362364,0.13380281690140844,-0.0007821733887243889,0.3329979879275654
2020,87050,IJUÍ,128,15,809503.8162387921,61818.17761408355,747685.6386247085,0.07636551721437229,0.3046875,0.6,0.26548672566371684,0.33451327433628314,0.06500049397144833,0.061939139179233396,0.003061354792214935,0.8654867256637169,0.8725663716814159,0.8731563421828908,0.6961651917404131,-0.0005899705014749124,0.04545688049763809,0.9396378269617707,0.21972262667648057,0.9738430583501007,-0.0019024193669777464,0.1851106639839034
2020,87068,MINAS DO LEÃO,46,9,84761.81329989042,129.38901679256801,84632.42428309785,0.0015265012834822789,0.021739130434782608,0.0,0.02702702702702703,-0.02702702702702703,0.0,0.0005875440658049354,-0.0005875440658049354,0.9009009009009009,0.9099099099099099,0.9114114114114114,0.4864864864864865,-0.0015015015015014122,-0.011231876546591068,0.2535211267605634,-0.014545255322710476,0.6730382293762576,-0.002320065922035876,0.17706237424547283
2020,87076,ILÓPOLIS,24,9,44134.4383611248,0.0,44134.4383611248,0.0,0.0,0.0,0.0,0.0,0.0,0.0,0.0,0.6888888888888889,0.7407407407407407,0.7407407407407407,0.5,0.0,-0.01050893997955144,0.47283702213279677,-0.027201887986746946,0.5835010060362174,-0.0004495119054032347,0.7002012072434608
2020,87084,MONTE BELO DO SUL,26,9,33877.07229928725,0.0,33877.07229928725,0.0,0.0,0.0,0.0,0.0,0.0,0.0,0.0,0.6470588235294117,0.7647058823529411,0.7647058823529411,0.5,0.0,-0.01040847128567125,0.5663983903420523,-0.027429757974836134,0.5020120724346077,-0.000496986418068541,0.6539235412474849
2020,87092,INDEPENDÊNCIA,36,9,81462.52276069672,0.0,81462.52276069672,0.0,0.0,0.0,0.0,0.0,0.0,0.0,0.0,0.654320987654321,0.5781893004115226,0.5781893004115226,0.5,0.0,-0.011082131993741745,0.29577464788732394,-0.030909056780208666,0.21327967806841047,-0.0006841626373900068,0.4164989939637827
2020,87106,MORMAÇO,36,9,20567.574598133175,0.0,20567.574598133175,0.0,0.0,0.0,0.0,0.0,0.0,0.0,0.0,0.2366255144032922,0.5740740740740742,0.5740740740740742,0.5,0.0,-0.011082131993741745,0.29577464788732394,-0.030909056780208666,0.21327967806841047,-0.0006841626373900068,0.4164989939637827
2020,87114,IRAÍ,38,9,67887.6999417078,0.0,67887.6999417078,0.0,0.0,0.0,0.0,0.0,0.0,0.0,0.0,0.6819923371647509,0.6628352490421455,0.6628352490421455,0.5,0.0,-0.01136472187877174,0.24346076458752516,-0.03188943940026455,0.1851106639839034,-0.000714309870245348,0.3873239436619718
2020,87122,MORRINHOS DO SUL,22,9,50295.51635703147,0.0,50295.51635703147,0.0,0.0,0.0,0.0,0.0,0.0,0.0,0.0,0.7948717948717949,0.7094017094017094,0.7094017094017094,0.5,0.0,-0.010735222605472628,0.3702213279678068,-0.02723061422203277,0.5613682092555332,-0.00039729900296352124,0.7525150905432596
2020,87130,ITAQUI,92,11,408268.3069593169,6095.8012369348235,402172.505722382,0.014930870540343602,0.10869565217391304,0.18181818181818182,0.09876543209876543,0.0830527497194164,0.010207077928927792,0.008181133343930279,0.002025944584997514,0.7760942760942761,0.7687991021324355,0.7721661054994389,0.5437710437710438,-0.0033670033670033517,-0.008134197933006931,0.6780684104627767,0.04411052312192257,0.8853118712273642,-0.004532384572249613,0.11670020120724346
2020,87149,MORRO REUTER,25,9,47593.66666397578,0.0,47593.66666397578,0.0,0.0,0.0,0.0,0.0,0.0,0.0,0.0,0.5972222222222221,0.5902777777777777,0.5902777777777777,0.5,0.0,-0.01044473798081178,0.5251509054325956,-0.027287501125249754,0.5392354124748491,-0.00047379187007951196,0.6790744466800804
2020,87157,ITATIBA DO SUL,29,9,40160.69463299817,0.0,40160.69463299817,0.0,0.0,0.0,0.0,0.0,0.0,0.0,0.0,0.6916666666666667,0.672222222222222,0.672222222222222,0.5,0.0,-0.010439655234074058,0.5442655935613682,-0.028137706238149776,0.3853118712273642,-0.0005608620480938485,0.5724346076458753
2020,87165,MULITERNO,20,9,20455.10966473708,5253.841026862224,15201.268637874855,0.256847365424758,0.8,0.7777777777777778,0.8181818181818182,-0.04040404040404044,0.2147518797990391,0.17308936980502734,0.04166250999401175,0.6515151515151516,0.6515151515151516,0.6313131313131313,0.5252525252525252,0.020202020202020332,0.24572594456769148,0.9979879275653923,0.7724110750838428,0.9979879275653923,0.019862609724632455,0.959758551307847
2020,87173,IVOTI,39,9,33548.889997094586,646.9450839628402,32901.944913131745,0.019283650935064234,0.02564102564102564,0.0,0.03333333333333333,-0.03333333333333333,0.0,0.010594454862325058,-0.010594454862325058,0.7814814814814814,0.7722222222222223,0.7759259259259259,0.48333333333333334,-0.0037037037037036535,0.0077656868502331295,0.8350100603621731,-0.006760595487175197,0.7152917505030181,-0.004432397375202975,0.11871227364185111
2020,87181,NICOLAU VERGUEIRO,22,9,26911.03935211066,0.0,26911.03935211066,0.0,0.0,0.0,0.0,0.0,0.0,0.0,0.0,0.5811965811965811,0.5811965811965811,0.5811965811965811,0.5,0.0,-0.010735222605472628,0.3702213279678068,-0.02723061422203277,0.5613682092555332,-0.00039729900296352124,0.7525150905432596
2020,87190,JACUTINGA,32,9,48054.4985861842,0.0,48054.4985861842,0.0,0.0,0.0,0.0,0.0,0.0,0.0,0.0,0.7946859903381642,0.8309178743961351,0.8309178743961351,0.5,0.0,-0.010635857533012279,0.4134808853118712,-0.0291723930892955,0.2987927565392354,-0.0006175319411754038,0.5
2020,87203,NOVA BOA VISTA,27,9,28806.58844812178,0.0,28806.58844812178,0.0,0.0,0.0,0.0,0.0,0.0,0.0,0.0,0.6080246913580247,0.5030864197530864,0.5030864197530864,0.5,0.0,-0.010397196387105285,0.6156941649899397,-0.02762239916021457,0.44668008048289737,-0.0005191805505696813,0.6207243460764588
2020,87211,JAGUARÃO,83,9,183091.43653405953,9869.664811920295,173221.77172213924,0.05390566046536149,0.13253012048192772,0.3333333333333333,0.10810810810810811,0.2252252252252252,0.05619690408422132,0.024667694451983427,0.031529209632237896,0.7665165165165165,0.7972972972972973,0.7942942942942942,0.6276276276276276,0.0030030030030030463,0.032896882746924774,0.9154929577464789,0.07338419217853837,0.9336016096579477,0.001885908744796464,0.8893360160965795
2020,87220,NOVA PÁDUA,30,9,30458.174552970508,0.0,30458.174552970508,0.0,0.0,0.0,0.0,0.0,0.0,0.0,0.0,0.6507936507936507,0.6031746031746031,0.6031746031746031,0.5,0.0,-0.01048914878614563,0.49899396378269617,-0.02845141227585683,0.3440643863179074,-0.0005804776065131847,0.5432595573440644
2020,87238,JAGUARI,30,9,96917.7690996337,129.38901679256801,96788.38008284112,0.0013350391573660049,0.03333333333333333,0.1111111111111111,0.0,0.1111111111111111,0.0013056995089264145,0.0,0.0013056995089264145,0.5714285714285714,0.7777777777777777,0.7777777777777777,0.5555555555555556,0.0,-0.009154109628779624,0.6559356136820925,0.004881921057476504,0.7665995975855131,-0.0005804776065131847,0.5432595573440644
2020,87246,NOVA SANTA RITA,115,11,142653.90116073206,2175.262272513295,140478.63888821873,0.015248529867138842,0.02608695652173913,0.0,0.028846153846153848,-0.028846153846153848,0.0,0.011586687388158214,-0.011586687388158214,0.7788461538461539,0.8037587412587412,0.8090034965034965,0.4855769230769231,-0.005244755244755206,-0.012907686118127254,0.13078470824949698,-0.0517781929758688,0.03219315895372234,-0.006510827541442798,0.06841046277665996
2020,87254,JÚLIO DE CASTILHOS,78,11,137132.49658604444,388.1670503777041,136744.32953566674,0.0028305985819644637,0.02564102564102564,0.09090909090909091,0.014925373134328358,0.07598371777476255,0.004177807486631016,0.003471017007983339,0.0007067904786476772,0.7367706919945726,0.6675712347354139,0.6689280868385346,0.5386702849389415,-0.0013568521031206426,-0.017026301762494304,0.04627766599597585,-0.03043178652389541,0.2454728370221328,-0.002444249718632217,0.16901408450704225
2020,87262,NOVO BARREIRO,39,9,52401.5166888557,0.0,52401.5166888557,0.0,0.0,0.0,0.0,0.0,0.0,0.0,0.0,0.7185185185185186,0.6666666666666667,0.6666666666666667,0.5,0.0,-0.011517964084831104,0.2152917505030181,-0.03240162112820084,0.1710261569416499,-0.000728693671499321,0.37122736418511065
2020,87270,LAGOA VERMELHA,85,11,162832.51943548507,4078.6264651386878,158753.89297034638,0.025047984759301454,0.058823529411764705,0.09090909090909091,0.05405405405405406,0.036855036855036855,0.0446508305054474,0.019529676286540936,0.025121154218906466,0.7923832923832924,0.823095823095823,0.8022113022113022,0.5196560196560196,0.020884520884520752,0.0035799993704220996,0.8088531187122736,-0.0015418957920625836,0.738430583501006,0.019756156354960506,0.9577464788732394
2020,87289,NOVO MACHADO,33,9,32230.609999503504,0.0,32230.609999503504,0.0,0.0,0.0,0.0,0.0,0.0,0.0,0.0,0.6805555555555556,0.5486111111111112,0.5486111111111112,0.5,0.0,-0.010730131317678375,0.39235412474849096,-0.02957350214001767,0.2776659959758551,-0.00063506466234155,0.4778672032193159
2020,87297,LAJEADO,117,15,615048.4658323831,73683.38335419225,541365.082478191,0.11980093837722523,0.3418803418803419,0.6,0.30392156862745096,0.296078431372549,0.11764887811759424,0.06659870382333762,0.05105017429425662,0.8555555555555555,0.8169934640522876,0.8215686274509804,0.7003267973856209,-0.004575163398692794,0.0912151553770083,0.9818913480885312,0.2629040354750776,0.9798792756539235,-0.00584878775101817,0.08450704225352113
2020,87300,NOVO TIRADENTES,24,9,29769.824983634055,0.0,29769.824983634055,0.0,0.0,0.0,0.0,0.0,0.0,0.0,0.0,0.5111111111111111,0.42962962962962964,0.42962962962962964,0.5,0.0,-0.01050893997955144,0.47283702213279677,-0.027201887986746946,0.5835010060362174,-0.0004495119054032347,0.7002012072434608
2020,87319,LAVRAS DO SUL,52,9,83425.5741067685,1449.156988076762,81976.41711869175,0.017370656463473935,0.07692307692307693,0.2222222222222222,0.046511627906976744,0.17571059431524547,0.011379285351888091,0.006421097306417156,0.004958188045470935,0.640826873385013,0.6459948320413438,0.6434108527131783,0.5826873385012921,0.0025839793281654533,0.003391202643211102,0.806841046277666,0.03704906827583222,0.869215291750503,0.001700428340388044,0.8832997987927566
2020,87327,PARECI NOVO,32,9,33958.147457209474,0.0,33958.147457209474,0.0,0.0,0.0,0.0,0.0,0.0,0.0,0.0,0.5893719806763285,0.4830917874396135,0.4830917874396135,0.5,0.0,-0.010635857533012279,0.4134808853118712,-0.0291723930892955,0.2987927565392354,-0.0006175319411754038,0.5
2020,87335,LIBERATO SALZANO,34,9,67593.11996717616,0.0,67593.11996717616,0.0,0.0,0.0,0.0,0.0,0.0,0.0,0.0,0.6222222222222222,0.5599999999999999,0.5599999999999999,0.5,0.0,-0.010836653649971825,0.35110663983903423,-0.02999814391849175,0.25251509054325955,-0.000651989891660188,0.4597585513078471
2020,87343,PASSO DO SOBRADO,46,9,36548.96843495547,0.0,36548.96843495547,0.0,0.0,0.0,0.0,0.0,0.0,0.0,0.0,0.6816816816816816,0.7177177177177178,0.7177177177177178,0.5,0.0,-0.012758377830073346,0.1358148893360161,-0.036284385757493084,0.10764587525150905,-0.0008185644205344637,0.3118712273641851
2020,87351,MACHADINHO,40,9,131971.78977346953,0.0,131971.78977346953,0.0,0.0,0.0,0.0,0.0,0.0,0.0,0.0,0.4551971326164875,0.4551971326164875,0.4551971326164875,0.5,0.0,-0.011678268789046486,0.2062374245472837,-0.03292661153758783,0.15995975855130784,-0.0007426504416486276,0.36016096579476864
2020,87360,PICADA CAFÉ,38,9,48244.94628000117,0.0,48244.94628000117,0.0,0.0,0.0,0.0,0.0,0.0,0.0,0.0,0.36973180076628354,0.41954022988505746,0.41954022988505746,0.5,0.0,-0.01136472187877174,0.24346076458752516,-0.03188943940026455,0.1851106639839034,-0.000714309870245348,0.3873239436619718
2020,87378,MARAU,54,9,208499.01432774562,4810.683644347679,203688.33068339797,0.023072932310296806,0.1111111111111111,0.2222222222222222,0.08888888888888889,0.1333333333333333,0.016758411033697906,0.012193471495931344,0.004564939537766563,0.9259259259259259,0.9407407407407407,0.9407407407407407,0.5703703703703704,0.0,0.008665872150515374,0.8390342052313883,0.07001037421502829,0.9295774647887324,-0.0009032480561126394,0.2676056338028169
2020,87386,PINHAL GRANDE,35,9,39453.16961137304,0.0,39453.16961137304,0.0,0.0,0.0,0.0,0.0,0.0,0.0,0.0,0.5876068376068375,0.7628205128205128,0.7628205128205128,0.5,0.0,-0.010954318175226123,0.3148893360160966,-0.030444015675627784,0.2323943661971831,-0.0006683446172707296,0.4386317907444668
2020,87394,MARCELINO RAMOS,30,9,64944.92789938434,2908.665097496929,62036.26280188742,0.04478663987437427,0.06666666666666667,0.2222222222222222,0.0,0.2222222222222222,0.09919784109057546,0.0,0.09919784109057546,0.7460317460317459,0.634920634920635,0.5502645502645502,0.6111111111111112,0.08465608465608476,0.03429749108822864,0.9215291750503019,0.03821525439080983,0.8742454728370221,0.08407560704957158,0.9979879275653923
2020,87408,PINHEIRINHO DO VALE,28,9,61650.25654809014,0.0,61650.25654809014,0.0,0.0,0.0,0.0,0.0,0.0,0.0,0.0,0.7719298245614035,0.8245614035087719,0.8245614035087719,0.5,0.0,-0.010408342608032282,0.5885311871227364,-0.027859971985104256,0.41750503018108653,-0.0005404499011215458,0.5925553319919518
2020,87416,MARIANO MORO,18,9,14479.924869256287,0.0,14479.924869256287,0.0,0.0,0.0,0.0,0.0,0.0,0.0,0.0,0.4691358024691358,0.4691358024691358,0.4691358024691358,0.5,0.0,-0.011714254038564282,0.19617706237424548,-0.02837730096521554,0.3672032193158954,-0.00027461148919985035,0.829979879275654
2020,87424,PONTÃO,43,9,77894.55592813325,0.0,77894.55592813325,0.0,0.0,0.0,0.0,0.0,0.0,0.0,0.0,0.8496732026143791,0.8137254901960784,0.8137254901960784,0.5,0.0,-0.012195836817368556,0.16398390342052313,-0.03456676041362364,0.13380281690140844,-0.0007821733887243889,0.3329979879275654
2020,87432,MATA,31,9,69187.87841584958,0.0,69187.87841584958,0.0,0.0,0.0,0.0,0.0,0.0,0.0,0.0,0.6717171717171717,0.6464646464646465,0.6464646464646465,0.5,0.0,-0.010555068373266394,0.45875251509054327,-0.02879739683859034,0.32193158953722334,-0.0005993511421226163,0.5181086519114688
2020,87440,PONTE PRETA,29,9,19973.97660579391,0.0,19973.97660579391,0.0,0.0,0.0,0.0,0.0,0.0,0.0,0.0,0.35833333333333334,0.35833333333333334,0.35833333333333334,0.5,0.0,-0.010439655234074058,0.5442655935613682,-0.028137706238149776,0.3853118712273642,-0.0005608620480938485,0.5724346076458753
2020,87459,MAXIMILIANO DE ALMEIDA,33,9,59357.082064573784,0.0,59357.082064573784,0.0,0.0,0.0,0.0,0.0,0.0,0.0,0.0,0.5393518518518519,0.4976851851851851,0.4976851851851851,0.5,0.0,-0.010730131317678375,0.39235412474849096,-0.02957350214001767,0.2776659959758551,-0.00063506466234155,0.4778672032193159
2020,87467,PORTO MAUÁ,27,9,44976.0880375571,0.0,44976.0880375571,0.0,0.0,0.0,0.0,0.0,0.0,0.0,0.0,0.5802469135802468,0.6728395061728396,0.6728395061728396,0.5,0.0,-0.010397196387105285,0.6156941649899397,-0.02762239916021457,0.44668008048289737,-0.0005191805505696813,0.6207243460764588
2020,87475,MIRAGUAÍ,32,9,52400.196920884424,0.0,52400.196920884424,0.0,0.0,0.0,0.0,0.0,0.0,0.0,0.0,0.748792270531401,0.7584541062801933,0.7584541062801933,0.5,0.0,-0.010635857533012279,0.4134808853118712,-0.0291723930892955,0.2987927565392354,-0.0006175319411754038,0.5
2020,87483,PORTO VERA CRUZ,13,9,28636.54540225299,0.0,28636.54540225299,0.0,0.0,0.0,0.0,0.0,0.0,0.0,0.0,0.5833333333333333,0.5972222222222222,0.5972222222222222,0.5,0.0,-0.014610735916367251,0.09456740442655935,-0.03333535430499277,0.15492957746478872,-6.96890258655262e-05,0.8531187122736419
2020,87491,MONTENEGRO,103,10,426205.7263185991,31084.67617228013,395121.0501463191,0.07293350195169265,0.1262135922330097,0.3,0.10752688172043011,0.19247311827956987,0.04335799584879819,0.021102398470948164,0.022255597377850024,0.9118279569892473,0.8946236559139785,0.9021505376344086,0.6010752688172043,-0.007526881720430034,0.047400226395750256,0.9476861167002012,0.05516221972771708,0.9014084507042254,-0.008743909167783191,0.0482897384305835
2020,87505,PRESIDENTE LUCENA,27,9,18684.93852599796,4140.4485373621765,14544.48998863578,0.22159283701154353,0.14814814814814814,0.0,0.2222222222222222,-0.2222222222222222,0.0,0.22158456440954105,-0.22158456440954105,0.6111111111111112,0.6574074074074074,0.8209876543209876,0.3888888888888889,-0.1635802469135802,0.21119564062443824,0.993963782696177,0.12052574898793357,0.9517102615694165,-0.16409942746414988,0.002012072434607646
2020,87513,MOSTARDAS,56,9,103089.88397867279,0.0,103089.88397867279,0.0,0.0,0.0,0.0,0.0,0.0,0.0,0.0,0.8498817966903073,0.7742316784869976,0.7742316784869976,0.5,0.0,-0.014842218328607078,0.08651911468812877,-0.0423372170829714,0.06438631790744467,-0.0009220903200807031,0.25653923541247486
2020,87521,QUEVEDOS,32,9,44811.55696380367,0.0,44811.55696380367,0.0,0.0,0.0,0.0,0.0,0.0,0.0,0.0,0.5845410628019323,0.5942028985507246,0.5942028985507246,0.5,0.0,-0.010635857533012279,0.4134808853118712,-0.0291723930892955,0.2987927565392354,-0.0006175319411754038,0.5
2020,87530,MUÇUM,42,9,48021.32324227859,0.0,48021.32324227859,0.0,0.0,0.0,0.0,0.0,0.0,0.0,0.0,0.7643097643097643,0.7373737373737373,0.7373737373737373,0.5,0.0,-0.01201772530739597,0.17303822937625754,-0.03401023903459231,0.13883299798792756,-0.0007693704084445893,0.341046277665996
2020,87548,RIO DOS ÍNDIOS,27,9,40358.892728921026,0.0,40358.892728921026,0.0,0.0,0.0,0.0,0.0,0.0,0.0,0.0,0.5092592592592593,0.5154320987654322,0.5154320987654322,0.5,0.0,-0.010397196387105285,0.6156941649899397,-0.02762239916021457,0.44668008048289737,-0.0005191805505696813,0.6207243460764588
2020,87556,NÃO-ME-TOQUE,47,9,250819.7162681773,7961.099180819842,242858.61708735744,0.031740324481939086,0.19148936170212766,0.3333333333333333,0.15789473684210525,0.17543859649122806,0.036831165512094394,0.01423678196198857,0.022594383550105825,0.8304093567251462,0.8362573099415205,0.8187134502923977,0.587719298245614,0.01754385964912275,0.018786296368519875,0.8732394366197183,0.15461895648660492,0.96579476861167,0.016713785986678963,0.9557344064386318
2020,87564,SAGRADA FAMÍLIA,20,9,28341.499627260895,0.0,28341.499627260895,0.0,0.0,0.0,0.0,0.0,0.0,0.0,0.0,0.5656565656565655,0.41414141414141403,0.41414141414141403,0.5,0.0,-0.011121420857066511,0.2766599597585513,-0.027588924916157276,0.47585513078470826,-0.00033941047738787674,0.7997987927565392
2020,87572,NONOAI,50,9,80780.30623075622,0.0,80780.30623075622,0.0,0.0,0.0,0.0,0.0,0.0,0.0,0.0,0.7750677506775068,0.7831978319783197,0.7831978319783197,0.5,0.0,-0.01356090874906882,0.11066398390342053,-0.038659961470490764,0.08651911468812877,-0.0008629271890303627,0.28672032193158953
2020,87580,SALVADOR DAS MISSÕES,19,9,60452.088374787614,4444.5127268247115,56007.575647962905,0.0735212437868128,0.15789473684210525,0.0,0.3,-0.3,0.0,0.1257933118028347,-0.1257933118028347,0.5222222222222223,0.5111111111111111,0.6111111111111112,0.35,-0.10000000000000009,0.06213280151982765,0.9637826961770624,0.1299730724224996,0.959758551307847,-0.1003079668964795,0.006036217303822937
2020,87599,NOVA ARAÇÁ,26,9,39864.135006509605,0.0,39864.135006509605,0.0,0.0,0.0,0.0,0.0,0.0,0.0,0.0,0.4084967320261438,0.48039215686274506,0.48039215686274506,0.5,0.0,-0.01040847128567125,0.5663983903420523,-0.027429757974836134,0.5020120724346077,-0.000496986418068541,0.6539235412474849
2020,87602,SANTA CLARA DO SUL,27,9,20022.05756443403,0.0,20022.05756443403,0.0,0.0,0.0,0.0,0.0,0.0,0.0,0.0,0.7037037037037037,0.7037037037037037,0.7037037037037037,0.5,0.0,-0.010397196387105285,0.6156941649899397,-0.02762239916021457,0.44668008048289737,-0.0005191805505696813,0.6207243460764588
2020,87610,NOVA BASSANO,27,9,49974.553961975835,1553.3410243981375,48421.2129375777,0.031082639088285388,0.25925925925925924,0.4444444444444444,0.16666666666666666,0.2777777777777778,0.04989483463234053,0.012270408336860371,0.037624426295480164,0.5246913580246914,0.7160493827160495,0.7098765432098766,0.6697530864197531,0.006172839506172867,0.020685442701180105,0.8853118712273642,0.23163686009904466,0.9758551307847082,0.005653658955603186,0.9225352112676056
2020,87629,SANTA TEREZA,20,9,11818.004626782787,0.0,11818.004626782787,0.0,0.0,0.0,0.0,0.0,0.0,0.0,0.0,0.611111111111111,0.6313131313131313,0.6313131313131313,0.5,0.0,-0.011121420857066511,0.2766599597585513,-0.027588924916157276,0.47585513078470826,-0.00033941047738787674,0.7997987927565392
2020,87637,NOVA BRÉSCIA,27,9,37390.682805896155,0.0,37390.682805896155,0.0,0.0,0.0,0.0,0.0,0.0,0.0,0.0,0.5524691358024691,0.5432098765432098,0.5432098765432098,0.5,0.0,-0.010397196387105285,0.6156941649899397,-0.02762239916021457,0.44668008048289737,-0.0005191805505696813,0.6207243460764588
2020,87645,SANTO ANTÔNIO DO PALMA,23,9,80505.4839590888,4036.9373239281226,76468.54663516067,0.05014487368313455,0.34782608695652173,0.3333333333333333,0.35714285714285715,-0.023809523809523836,0.04002107238947452,0.051528223844824216,-0.011507151455349696,0.4523809523809524,0.3214285714285714,0.369047619047619,0.4761904761904761,-0.047619047619047616,0.039540410369308804,0.9336016096579477,0.3206459499361499,0.9818913480885312,-0.04804309818564029,0.008048289738430584
2020,87653,NOVA PALMA,28,9,80422.13155447102,0.0,80422.13155447102,0.0,0.0,0.0,0.0,0.0,0.0,0.0,0.0,0.7046783625730995,0.7105263157894737,0.7105263157894737,0.5,0.0,-0.010408342608032282,0.5885311871227364,-0.027859971985104256,0.41750503018108653,-0.0005404499011215458,0.5925553319919518
2020,87661,SANTO ANTÔNIO DO PLANALTO,33,9,44757.35590466927,621.0672806043265,44136.28862406494,0.013876317491300558,0.030303030303030304,0.0,0.041666666666666664,-0.041666666666666664,0.0,0.005957789064478172,-0.005957789064478172,0.8402777777777778,0.8125,0.8171296296296295,0.4791666666666667,-0.004629629629629539,0.003146186173622183,0.8048289738430584,0.0007295281630126348,0.7454728370221329,-0.005264694291971089,0.096579476861167
2020,87670,NOVA PETRÓPOLIS,81,9,123104.42404123116,2512.2171500445006,120592.20689118665,0.020407204449476874,0.04938271604938271,0.1111111111111111,0.041666666666666664,0.06944444444444445,0.01080672178094775,0.01541383723476699,-0.004607115453819241,0.7415123456790124,0.7353395061728395,0.7368827160493826,0.5324074074074074,-0.0015432098765431057,-0.00014138029512385242,0.7706237424547284,-0.00853798659498746,0.704225352112676,-0.0026486954966353773,0.16297786720321933
2020,87688,SANTO EXPEDITO DO SUL,26,9,52585.63725975154,0.0,52585.63725975154,0.0,0.0,0.0,0.0,0.0,0.0,0.0,0.0,0.6013071895424836,0.6535947712418301,0.6535947712418301,0.5,0.0,-0.01040847128567125,0.5663983903420523,-0.027429757974836134,0.5020120724346077,-0.000496986418068541,0.6539235412474849
2020,87696,NOVA PRATA,82,11,270968.35510773945,6762.788679598832,264205.5664281406,0.02495785412621295,0.04878048780487805,0.09090909090909091,0.04225352112676056,0.04865556978233035,0.013678451178451179,0.011930031741719268,0.0017484194367319104,0.8437900128040973,0.8297055057618438,0.8335467349551857,0.5236875800256082,-0.003841229193341955,0.004179061819374653,0.8128772635814889,-0.009753525654747547,0.6961770623742455,-0.004952562544172598,0.1006036217303823
2020,87700,SÃO JOÃO DO POLÊSINE,21,9,37099.71278493302,2561.902532492847,34537.81025244018,0.06905451121263909,0.047619047619047616,0.1111111111111111,0.0,0.1111111111111111,0.03466750709108099,0.0,0.03466750709108099,0.7916666666666667,0.8194444444444444,0.8194444444444444,0.5555555555555556,0.0,0.05814874299367526,0.9617706237424547,0.020255979567403177,0.8289738430583501,-0.00036913308989526105,0.7756539235412475
2020,87718,NOVO HAMBURGO,235,14,1257904.145224986,82718.3596187837,1175185.7856062022,0.06575887354595598,0.2170212765957447,0.5714285714285714,0.19457013574660634,0.3768584356819651,0.01933664700424399,0.05122740033120626,-0.03189075332696227,0.9709114414996768,0.9641241111829347,0.9689722042663219,0.675339366515837,-0.004848093083387184,0.015430817175804835,0.8631790744466801,0.0828411452533159,0.9436619718309859,-0.006399299700743523,0.07042253521126761
2020,87726,SÃO JOSÉ DOS AUSENTES,24,9,15841.097325914103,0.0,15841.097325914103,0.0,0.0,0.0,0.0,0.0,0.0,0.0,0.0,0.474074074074074,0.49629629629629624,0.49629629629629624,0.5,0.0,-0.01050893997955144,0.47283702213279677,-0.027201887986746946,0.5835010060362174,-0.0004495119054032347,0.7002012072434608
2020,87734,OSÓRIO,75,9,361103.1120244497,39676.43035984863,321426.681664601,0.10987562565553909,0.24,0.3333333333333333,0.22727272727272727,0.10606060606060605,0.08577835983553873,0.07323627324035491,0.012542086595183827,0.8400673400673401,0.8215488215488216,0.8451178451178452,0.5723905723905723,-0.023569023569023573,0.09071135221219011,0.9798792756539235,0.18578598460189677,0.9698189134808853,-0.024637461692258195,0.01006036217303823
2020,87742,SÃO JOSÉ DO INHACORÁ,36,9,33168.03342616566,0.0,33168.03342616566,0.0,0.0,0.0,0.0,0.0,0.0,0.0,0.0,0.6666666666666666,0.602880658436214,0.602880658436214,0.5,0.0,-0.011082131993741745,0.29577464788732394,-0.030909056780208666,0.21327967806841047,-0.0006841626373900068,0.4164989939637827
2020,87750,PAIM FILHO,27,9,51884.879283704664,0.0,51884.879283704664,0.0,0.0,0.0,0.0,0.0,0.0,0.0,0.0,0.537037037037037,0.5432098765432098,0.5432098765432098,0.5,0.0,-0.010397196387105285,0.6156941649899397,-0.02762239916021457,0.44668008048289737,-0.0005191805505696813,0.6207243460764588
2020,87769,SÃO JOSÉ DAS MISSÕES,22,9,49197.585855038145,0.0,49197.585855038145,0.0,0.0,0.0,0.0,0.0,0.0,0.0,0.0,0.5897435897435896,0.6196581196581197,0.6196581196581197,0.5,0.0,-0.010735222605472628,0.3702213279678068,-0.02723061422203277,0.5613682092555332,-0.00039729900296352124,0.7525150905432596
2020,87777,PALMEIRA DAS MISSÕES,69,13,308037.0404064457,5021.070185652395,303015.9702207932,0.01630021564623281,0.043478260869565216,0.15384615384615385,0.017857142857142856,0.135989010989011,0.021955849200595172,0.000754460749179524,0.02120138845141565,0.9024725274725275,0.885989010989011,0.8846153846153846,0.5679945054945054,0.0013736263736263687,-0.0014801354151225549,0.7545271629778671,-0.00699231272237822,0.7122736418511066,0.00034604101861497767,0.869215291750503
2020,87785,SÃO MARTINHO DA SERRA,38,9,35126.82787358499,0.0,35126.82787358499,0.0,0.0,0.0,0.0,0.0,0.0,0.0,0.0,0.7758620689655172,0.7088122605363985,0.7088122605363985,0.5,0.0,-0.01136472187877174,0.24346076458752516,-0.03188943940026455,0.1851106639839034,-0.000714309870245348,0.3873239436619718
2020,87793,PALMITINHO,57,9,79436.27781882341,0.0,79436.27781882341,0.0,0.0,0.0,0.0,0.0,0.0,0.0,0.0,0.7060185185185185,0.5891203703703703,0.5891203703703703,0.5,0.0,-0.015062217334203296,0.08048289738430583,-0.04295832127496469,0.056338028169014086,-0.0009312112051315074,0.24949698189134809
2020,87807,SÃO PEDRO DA SERRA,23,9,33218.042281155984,0.0,33218.042281155984,0.0,0.0,0.0,0.0,0.0,0.0,0.0,0.0,0.42857142857142855,0.42857142857142855,0.42857142857142855,0.5,0.0,-0.010604463313825741,0.4396378269617706,-0.02718013702037181,0.6066398390342053,-0.00042405056659267174,0.7243460764587525
2020,87815,PANAMBI,146,13,178605.62283307465,4671.836290427575,173933.7865426471,0.026157274425754707,0.07534246575342465,0.07692307692307693,0.07518796992481203,0.0017351069982649014,0.009925878502284192,0.021084493343174523,-0.01115861484089033,0.8510699826489301,0.691150954308849,0.6928860613071139,0.5020242914979757,-0.001735106998264957,-0.008407711102906893,0.6720321931589537,-0.01899058740188138,0.6519114688128773,-0.0031027848656196896,0.1529175050301811
2020,87823,SÃO PEDRO DO BUTIÁ,20,9,43802.51671634683,0.0,43802.51671634683,0.0,0.0,0.0,0.0,0.0,0.0,0.0,0.0,0.5909090909090909,0.595959595959596,0.595959595959596,0.5,0.0,-0.011121420857066511,0.2766599597585513,-0.027588924916157276,0.47585513078470826,-0.00033941047738787674,0.7997987927565392
2020,87831,PARAÍ,20,9,25479.349881300892,7763.341007554081,17716.00887374681,0.30469148717375794,0.5,0.5555555555555556,0.45454545454545453,0.10101010101010105,0.2696251549194979,0.21845906212937727,0.05116609279012063,0.5808080808080808,0.6060606060606061,0.5555555555555556,0.5505050505050505,0.0505050505050505,0.2935700663166914,1.0,0.4724110750838427,0.9919517102615694,0.05016564002766262,0.9899396378269618
2020,87840,SÃO VALENTIM DO SUL,20,9,30797.17377696704,0.0,30797.17377696704,0.0,0.0,0.0,0.0,0.0,0.0,0.0,0.0,0.5252525252525253,0.5656565656565656,0.5656565656565656,0.5,0.0,-0.011121420857066511,0.2766599597585513,-0.027588924916157276,0.47585513078470826,-0.00033941047738787674,0.7997987927565392
2020,87858,PASSO FUNDO,333,21,1533413.8348608161,129124.41625322722,1404289.4186075889,0.08420715485780621,0.17417417417417416,0.47619047619047616,0.15384615384615385,0.3223443223443223,0.09848292634944433,0.04333117024729443,0.0551517561021499,0.8751526251526252,0.8971306471306472,0.8928571428571428,0.675976800976801,0.004273504273504369,0.019810879716824645,0.8812877263581489,0.004884333318036144,0.7706237424547284,0.0026042338762297963,0.8993963782696177
2020,87866,SÃO VALÉRIO DO SUL,27,9,34571.47727460961,0.0,34571.47727460961,0.0,0.0,0.0,0.0,0.0,0.0,0.0,0.0,0.6820987654320988,0.7253086419753086,0.7253086419753086,0.5,0.0,-0.010397196387105285,0.6156941649899397,-0.02762239916021457,0.44668008048289737,-0.0005191805505696813,0.6207243460764588
2020,87874,PEDRO OSÓRIO,57,9,59566.07120449714,1164.5011511331122,58401.57005336403,0.019549739097870774,0.017543859649122806,0.0,0.020833333333333332,-0.020833333333333332,0.0,0.00938579366271212,-0.00938579366271212,0.8310185185185185,0.8310185185185185,0.8495370370370371,0.4895833333333333,-0.0185185185185186,0.004487521763667478,0.8169014084507042,-0.025414461625841885,0.6287726358148893,-0.019449729723650108,0.026156941649899398
2020,87882,SENTINELA DO SUL,51,9,46922.15060572404,0.0,46922.15060572404,0.0,0.0,0.0,0.0,0.0,0.0,0.0,0.0,0.7883597883597884,0.7182539682539683,0.7182539682539683,0.5,0.0,-0.013768944805931205,0.10663983903420524,-0.039265197348879885,0.08249496981891348,-0.0008733597649432729,0.2806841046277666
2020,87890,PEJUÇARA,31,9,42259.8373469324,0.0,42259.8373469324,0.0,0.0,0.0,0.0,0.0,0.0,0.0,0.0,0.553030303030303,0.4797979797979798,0.4797979797979798,0.5,0.0,-0.010555068373266394,0.45875251509054327,-0.02879739683859034,0.32193158953722334,-0.0005993511421226163,0.5181086519114688
2020,87904,SÉRIO,25,9,13038.53122218708,0.0,13038.53122218708,0.0,0.0,0.0,0.0,0.0,0.0,0.0,0.0,0.6701388888888888,0.7222222222222222,0.7222222222222222,0.5,0.0,-0.01044473798081178,0.5251509054325956,-0.027287501125249754,0.5392354124748491,-0.00047379187007951196,0.6790744466800804
2020,87912,PELOTAS,425,21,2503316.1690456998,237531.76183831913,2265784.4072073805,0.09488684041411743,0.26588235294117646,0.47619047619047616,0.25495049504950495,0.2212399811409712,0.10856800012994619,0.061199094132855625,0.047368905997090566,0.9222065063649222,0.8916784535596417,0.8860796793965111,0.6481612446958982,0.005598774163130593,0.019373307418071292,0.8772635814889336,0.06903516583255526,0.9275653923541247,0.003855156592848433,0.9094567404426559
2020,87920,SERTÃO SANTANA,44,9,86551.69038588704,184.57343245459825,86367.11695343244,0.002132522561161838,0.022727272727272728,0.1111111111111111,0.0,0.1111111111111111,0.0041581405110446504,0.0,0.0041581405110446504,0.7523809523809524,0.8063492063492064,0.8063492063492064,0.5555555555555556,0.0,-0.010246396758749863,0.6378269617706237,-0.012404562979747652,0.682092555331992,-0.0007946292019973034,0.32494969818913483
2020,87939,PINHEIRO MACHADO,64,9,139827.0616774547,0.0,139827.0616774547,0.0,0.0,0.0,0.0,0.0,0.0,0.0,0.0,0.8818181818181818,0.8919191919191919,0.8919191919191919,0.5,0.0,-0.016635014392407915,0.05130784708249497,-0.04733605979950528,0.039235412474849095,-0.0009900972869893992,0.2323943661971831
2020,87947,SINIMBU,69,9,47188.39438557811,12.938901679256801,47175.455483898855,0.00027419669280400935,0.014492753623188406,0.0,0.016666666666666666,-0.016666666666666666,0.0,0.00018642803877703208,-0.00018642803877703208,0.7851851851851851,0.7222222222222222,0.7222222222222222,0.49166666666666664,0.0,-0.017506154368551356,0.04024144869215292,-0.03597781996875503,0.11066398390342053,-0.001027585355011391,0.22334004024144868
2020,87955,PIRATINI,56,9,98845.36785510434,0.0,98845.36785510434,0.0,0.0,0.0,0.0,0.0,0.0,0.0,0.0,0.8439716312056738,0.8439716312056738,0.8439716312056738,0.5,0.0,-0.014842218328607078,0.08651911468812877,-0.0423372170829714,0.06438631790744467,-0.0009220903200807031,0.25653923541247486
2020,87963,TIRADENTES DO SUL,40,9,43662.54367798063,0.0,43662.54367798063,0.0,0.0,0.0,0.0,0.0,0.0,0.0,0.0,0.53584229390681,0.5806451612903225,0.5806451612903225,0.5,0.0,-0.011678268789046486,0.2062374245472837,-0.03292661153758783,0.15995975855130784,-0.0007426504416486276,0.36016096579476864
2020,87971,PLANALTO,38,9,51248.324137790274,0.0,51248.324137790274,0.0,0.0,0.0,0.0,0.0,0.0,0.0,0.0,0.7586206896551723,0.7586206896551724,0.7586206896551724,0.5,0.0,-0.01136472187877174,0.24346076458752516,-0.03188943940026455,0.1851106639839034,-0.000714309870245348,0.3873239436619718
2020,87980,TRAVESSEIRO,23,9,9722.161332776768,0.0,9722.161332776768,0.0,0.0,0.0,0.0,0.0,0.0,0.0,0.0,0.5555555555555556,0.5119047619047619,0.5119047619047619,0.5,0.0,-0.010604463313825741,0.4396378269617706,-0.02718013702037181,0.6066398390342053,-0.00042405056659267174,0.7243460764587525
2020,87998,PORTÃO,106,11,203248.1104315646,7945.391354181224,195302.71907738337,0.03909207980979733,0.05660377358490566,0.0,0.06315789473684211,-0.06315789473684211,0.0,0.011703321580605133,-0.011703321580605133,0.7822966507177034,0.7598086124401914,0.7645933014354067,0.46842105263157896,-0.004784688995215336,0.012895904922722898,0.8531187122736419,-0.016174713924749937,0.6639839034205232,-0.006014622425615252,0.08048289738430583
2020,88005,TRÊS FORQUILHAS,27,9,10803.012484553487,0.0,10803.012484553487,0.0,0.0,0.0,0.0,0.0,0.0,0.0,0.0,0.7222222222222222,0.7345679012345678,0.7345679012345678,0.5,0.0,-0.010397196387105285,0.6156941649899397,-0.02762239916021457,0.44668008048289737,-0.0005191805505696813,0.6207243460764588
2020,88013,PORTO ALEGRE,852,36,15833814.94975977,1803579.5769584896,14030235.372801282,0.11390682426700038,0.3274647887323944,0.8888888888888888,0.30269607843137253,0.5861928104575163,0.08900945067033714,0.08107224996171085,0.007937200708626288,0.9500442538126361,0.9379765795206972,0.9401382080610023,0.8555793845315904,-0.002161628540305105,0.0009489444409411518,0.7847082494969819,0.03855485839425704,0.8772635814889336,-0.004079544629537294,0.1267605633802817
2020,88021,TUPANCI DO SUL,19,9,15971.003898773843,0.0,15971.003898773843,0.0,0.0,0.0,0.0,0.0,0.0,0.0,0.0,0.4888888888888889,0.4888888888888888,0.4888888888888888,0.5,0.0,-0.011388442266985146,0.22635814889336017,-0.027921664419605637,0.4014084507042254,-0.00030796689647941475,0.817907444668008
2020,88030,PORTO LUCENA,24,9,45919.748014828656,0.0,45919.748014828656,0.0,0.0,0.0,0.0,0.0,0.0,0.0,0.0,0.662962962962963,0.5851851851851853,0.5851851851851853,0.5,0.0,-0.01050893997955144,0.47283702213279677,-0.027201887986746946,0.5835010060362174,-0.0004495119054032347,0.7002012072434608
2020,88048,UNIÃO DA SERRA,23,9,32269.62078806646,0.0,32269.62078806646,0.0,0.0,0.0,0.0,0.0,0.0,0.0,0.0,0.4920634920634921,0.5833333333333334,0.5833333333333334,0.5,0.0,-0.010604463313825741,0.4396378269617706,-0.02718013702037181,0.6066398390342053,-0.00042405056659267174,0.7243460764587525
2020,88056,PORTO XAVIER,30,9,73358.42283851774,0.0,73358.42283851774,0.0,0.0,0.0,0.0,0.0,0.0,0.0,0.0,0.8306878306878307,0.8121693121693122,0.8121693121693122,0.5,0.0,-0.01048914878614563,0.49899396378269617,-0.02845141227585683,0.3440643863179074,-0.0005804776065131847,0.5432595573440644
2020,88064,VALE DO SOL,41,9,60589.84886096666,646.9450839628402,59942.90377700382,0.010677450037008042,0.024390243902439025,0.1111111111111111,0.0,0.1111111111111111,0.02559067107440385,0.0,0.02559067107440385,0.5590277777777778,0.6527777777777778,0.6354166666666666,0.5555555555555556,0.01736111111111116,-0.0011675872882976647,0.7565392354124748,-0.009072943240942925,0.7012072434607646,0.016604908637086992,0.9537223340040242
2020,88072,PUTINGA,29,9,100329.48575551847,0.0,100329.48575551847,0.0,0.0,0.0,0.0,0.0,0.0,0.0,0.0,0.5555555555555556,0.6694444444444444,0.6694444444444444,0.5,0.0,-0.010439655234074058,0.5442655935613682,-0.028137706238149776,0.3853118712273642,-0.0005608620480938485,0.5724346076458753
2020,88080,VALE REAL,34,9,44192.65047977978,0.0,44192.65047977978,0.0,0.0,0.0,0.0,0.0,0.0,0.0,0.0,0.5866666666666667,0.62,0.62,0.5,0.0,-0.010836653649971825,0.35110663983903423,-0.02999814391849175,0.25251509054325955,-0.000651989891660188,0.4597585513078471
2020,88099,QUARAÍ,106,11,185674.8047044383,155.26682015108162,185519.53788428725,0.0008362298826609196,0.018867924528301886,0.0,0.021052631578947368,-0.021052631578947368,0.0,0.0007827561305836985,-0.0007827561305836985,0.7722488038277512,0.754066985645933,0.754066985645933,0.48947368421052634,0.0,-0.02535994500441351,0.018108651911468814,-0.053910562981353716,0.028169014084507043,-0.0012299334303999157,0.193158953722334
2020,88102,VILA NOVA DO SUL,30,9,28626.9964928137,0.0,28626.9964928137,0.0,0.0,0.0,0.0,0.0,0.0,0.0,0.0,0.8835978835978836,0.8201058201058201,0.8201058201058201,0.5,0.0,-0.01048914878614563,0.49899396378269617,-0.02845141227585683,0.3440643863179074,-0.0005804776065131847,0.5432595573440644
2020,88110,REDENTORA,58,9,74244.0647806595,0.0,74244.0647806595,0.0,0.0,0.0,0.0,0.0,0.0,0.0,0.0,0.8015873015873016,0.8219954648526078,0.8219954648526078,0.5,0.0,-0.015283633555174429,0.07645875251509054,-0.04358096040088229,0.05030181086519115,-0.0009401418748405363,0.24346076458752516
2020,88129,VITÓRIA DAS MISSÕES,17,9,14751.706499029076,0.0,14751.706499029076,0.0,0.0,0.0,0.0,0.0,0.0,0.0,0.0,0.701388888888889,0.4930555555555556,0.4930555555555556,0.5,0.0,-0.012107721303023296,0.16800804828973842,-0.028975009041256602,0.3148893360160966,-0.00023912083703359868,0.8380281690140845
2020,88137,RESTINGA SÊCA,50,9,144683.2126223033,646.9450839628402,144036.26753834044,0.004471459212422214,0.02,0.1111111111111111,0.0,0.1111111111111111,0.005613600181431557,0.0,0.005613600181431557,0.7154471544715447,0.6883468834688347,0.6856368563685636,0.5555555555555556,0.0027100271002710175,-0.009089449536646607,0.6579476861167002,-0.018659961470490764,0.6559356136820925,0.0018470999112406546,0.8853118712273642
2020,88145,XANGRI-LÁ,71,9,141436.95864109285,6547.084249703942,134889.87439138893,0.04628976975047711,0.07042253521126761,0.0,0.08064516129032258,-0.08064516129032258,0.0,0.03943806957763486,-0.03943806957763486,0.7473118279569892,0.7051971326164874,0.7114695340501792,0.4596774193548387,-0.006272401433691788,0.028048730778156335,0.8993963782696177,0.018701033968485964,0.8209255533199196,-0.007314069618745771,0.05835010060362173
2020,88153,RIO GRANDE,405,21,1550455.2352788097,113005.11960230742,1437450.1156765022,0.07288512240212233,0.1382716049382716,0.2857142857142857,0.13020833333333334,0.15550595238095236,0.042498639979929524,0.03465749099091762,0.007841148989011906,0.9325396825396826,0.9244791666666667,0.9296875,0.5907738095238094,-0.005208333333333259,-0.0003487129123595639,0.7665995975855131,-0.05293556162304219,0.030181086519114688,-0.00693780279878607,0.06237424547283702
2020,88161,BOA VISTA DO SUL,18,9,23339.824855225703,0.0,23339.824855225703,0.0,0.0,0.0,0.0,0.0,0.0,0.0,0.0,0.30864197530864196,0.4938271604938272,0.4938271604938272,0.5,0.0,-0.011714254038564282,0.19617706237424548,-0.02837730096521554,0.3672032193158954,-0.00027461148919985035,0.829979879275654
2020,88170,RIO PARDO,163,13,311946.2578318978,764.9219894743036,311181.3358424235,0.0024520954179437734,0.018404907975460124,0.0,0.02,-0.02,0.0,0.0022876405494502657,-0.0022876405494502657,0.8723076923076923,0.8710256410256411,0.872051282051282,0.49,-0.0010256410256409554,-0.03540692920710302,0.01006036217303823,-0.08431836470847501,0.01006036217303823,-0.0024380616117229952,0.1710261569416499
2020,88188,DILERMANDO DE AGUIAR,49,9,89848.53547266335,0.0,89848.53547266335,0.0,0.0,0.0,0.0,0.0,0.0,0.0,0.0,0.7611111111111111,0.7472222222222222,0.7472222222222222,0.5,0.0,-0.013355574813151071,0.11770623742454728,-0.038058750580789336,0.09356136820925554,-0.0008522428315240655,0.29275653923541245
2020,88196,ROCA SALES,45,9,73211.77332688504,51.755606717027206,73160.017720168,0.0007069301065272975,0.022222222222222223,0.0,0.027777777777777776,-0.027777777777777776,0.0,0.0010683760683760685,-0.0010683760683760685,0.5787037037037037,0.5802469135802468,0.5848765432098766,0.4861111111111111,-0.004629629629629761,-0.01185962909251757,0.17706237424547283,-0.013482408799520455,0.6780684104627767,-0.0054363840319359095,0.08853118712273642
2020,88200,CAPIVARI DO SUL,30,9,69261.07378264915,0.0,69261.07378264915,0.0,0.0,0.0,0.0,0.0,0.0,0.0,0.0,0.8835978835978836,0.7354497354497355,0.7354497354497355,0.5,0.0,-0.01048914878614563,0.49899396378269617,-0.02845141227585683,0.3440643863179074,-0.0005804776065131847,0.5432595573440644
2020,88218,RODEIO BONITO,30,9,63411.29282224372,2603.9539629504316,60807.33885929329,0.041064514648043955,0.06666666666666667,0.0,0.09523809523809523,-0.09523809523809523,0.0,0.023689901756216308,-0.023689901756216308,0.5793650793650793,0.5714285714285714,0.582010582010582,0.4523809523809524,-0.010582010582010581,0.030575365861898324,0.9094567404426559,0.03821525439080983,0.8742454728370221,-0.011162488188523766,0.03621730382293763
2020,88226,NOVA CANDELÁRIA,27,9,44563.854630055976,0.0,44563.854630055976,0.0,0.0,0.0,0.0,0.0,0.0,0.0,0.0,0.5740740740740741,0.5679012345679012,0.5679012345679012,0.5,0.0,-0.010397196387105285,0.6156941649899397,-0.02762239916021457,0.44668008048289737,-0.0005191805505696813,0.6207243460764588
2020,88234,ROLANTE,98,9,133933.0296733062,281.93866759100575,133651.09100571522,0.002105071977231604,0.01020408163265306,0.0,0.011235955056179775,-0.011235955056179775,0.0,0.002993415584718881,-0.002993415584718881,0.7265917602996255,0.7172284644194756,0.7172284644194756,0.4943820224719101,0.0,-0.022313306581984903,0.026156941649899398,-0.057933851250604795,0.022132796780684104,-0.0011944440374379677,0.19617706237424548
2020,88242,FLORIANO PEIXOTO,29,9,30379.76480879421,0.0,30379.76480879421,0.0,0.0,0.0,0.0,0.0,0.0,0.0,0.0,0.47777777777777775,0.4361111111111111,0.4361111111111111,0.5,0.0,-0.010439655234074058,0.5442655935613682,-0.028137706238149776,0.3853118712273642,-0.0005608620480938485,0.5724346076458753
2020,88250,RONDA ALTA,35,9,59628.83781654321,0.0,59628.83781654321,0.0,0.0,0.0,0.0,0.0,0.0,0.0,0.0,0.7350427350427351,0.7863247863247863,0.7863247863247863,0.5,0.0,-0.010954318175226123,0.3148893360160966,-0.030444015675627784,0.2323943661971831,-0.0006683446172707296,0.4386317907444668
2020,88269,CHUVISCA,40,9,102247.44502923805,0.0,102247.44502923805,0.0,0.0,0.0,0.0,0.0,0.0,0.0,0.0,0.8817204301075269,0.8745519713261648,0.8745519713261648,0.5,0.0,-0.011678268789046486,0.2062374245472837,-0.03292661153758783,0.15995975855130784,-0.0007426504416486276,0.36016096579476864
2020,88277,RONDINHA,22,9,32339.9566575949,0.0,32339.9566575949,0.0,0.0,0.0,0.0,0.0,0.0,0.0,0.0,0.6367521367521367,0.6965811965811965,0.6965811965811965,0.5,0.0,-0.010735222605472628,0.3702213279678068,-0.02723061422203277,0.5613682092555332,-0.00039729900296352124,0.7525150905432596
2020,88285,ESPERANÇA DO SUL,22,9,33455.14765442837,0.0,33455.14765442837,0.0,0.0,0.0,0.0,0.0,0.0,0.0,0.0,0.6666666666666667,0.6324786324786325,0.6324786324786325,0.5,0.0,-0.010735222605472628,0.3702213279678068,-0.02723061422203277,0.5613682092555332,-0.00039729900296352124,0.7525150905432596
2020,88293,ROQUE GONZALES,21,9,40299.11500316285,336.41144366067687,39962.70355950217,0.008347861823622524,0.047619047619047616,0.0,0.08333333333333333,-0.08333333333333333,0.0,0.01884057971014493,-0.01884057971014493,0.625,0.5740740740740741,0.5833333333333334,0.4583333333333333,-0.0092592592592593,-0.0025579063953413,0.744466800804829,0.020255979567403177,0.8289738430583501,-0.00962839234915456,0.04225352112676056
2020,88307,DOUTOR RICARDO,29,9,27970.58013282164,0.0,27970.58013282164,0.0,0.0,0.0,0.0,0.0,0.0,0.0,0.0,0.4861111111111111,0.6388888888888888,0.6388888888888888,0.5,0.0,-0.010439655234074058,0.5442655935613682,-0.028137706238149776,0.3853118712273642,-0.0005608620480938485,0.5724346076458753
2020,88315,ROSÁRIO DO SUL,149,13,364219.44649389863,9731.153869443853,354488.2926244548,0.0267178316894369,0.10738255033557047,0.3076923076923077,0.08823529411764706,0.21945701357466063,0.01779962888938724,0.01343692642928602,0.004362702460101219,0.8399321266968326,0.8074095022624435,0.8119343891402715,0.6125565610859729,-0.004524886877828038,-0.00843943606873409,0.670020120724346,0.011537730851791467,0.7947686116700201,-0.005900929621723161,0.08249496981891348
2020,88323,HERVEIRAS,30,9,42576.335820908695,0.0,42576.335820908695,0.0,0.0,0.0,0.0,0.0,0.0,0.0,0.0,0.5238095238095238,0.5132275132275133,0.5132275132275133,0.5,0.0,-0.01048914878614563,0.49899396378269617,-0.02845141227585683,0.3440643863179074,-0.0005804776065131847,0.5432595573440644
2020,88331,SALVADOR DO SUL,27,9,45213.814478110085,0.0,45213.814478110085,0.0,0.0,0.0,0.0,0.0,0.0,0.0,0.0,0.5401234567901234,0.45679012345679015,0.45679012345679015,0.5,0.0,-0.010397196387105285,0.6156941649899397,-0.02762239916021457,0.44668008048289737,-0.0005191805505696813,0.6207243460764588
2020,88340,CARAÁ,49,9,77251.55720918259,1268.0123645671665,75983.54484461542,0.016414068665743905,0.04081632653061224,0.1111111111111111,0.025,0.08611111111111111,0.010006559472260956,0.004527222187010494,0.005479337285250462,0.6638888888888889,0.6944444444444444,0.6972222222222222,0.5444444444444444,-0.002777777777777768,0.003058493852592834,0.8008048289738431,0.002757575949822906,0.7565392354124748,-0.0036300206093018332,0.13480885311871227
2020,88358,SANANDUVA,43,9,144357.3463835112,388.1670503777041,143969.1793331335,0.002688931738509993,0.023255813953488372,0.0,0.029411764705882353,-0.029411764705882353,0.0,0.005403263571197003,-0.005403263571197003,0.5130718954248366,0.5196078431372548,0.5196078431372548,0.4852941176470588,0.0,-0.009506905078858563,0.647887323943662,-0.011310946460135266,0.6881287726358148,-0.0007821733887243889,0.3329979879275654
2020,88366,FAZENDA VILANOVA,43,9,27737.77047490677,853.967510830949,26883.80296407582,0.03078717201166181,0.046511627906976744,0.1111111111111111,0.029411764705882353,0.08169934640522875,0.003010869237948996,0.002717391304347826,0.0002934779336011698,0.838235294117647,0.7810457516339868,0.7810457516339868,0.5392156862745098,0.0,0.018591335194293252,0.8712273641851107,0.011944867493353106,0.7967806841046278,-0.0007821733887243889,0.3329979879275654
2020,88374,SANTA BÁRBARA DO SUL,32,9,45755.00991864836,0.0,45755.00991864836,0.0,0.0,0.0,0.0,0.0,0.0,0.0,0.0,0.4806763285024155,0.6980676328502415,0.6980676328502415,0.5,0.0,-0.010635857533012279,0.4134808853118712,-0.0291723930892955,0.2987927565392354,-0.0006175319411754038,0.5
2020,88382,ITAARA,51,9,44468.05500202276,0.0,44468.05500202276,0.0,0.0,0.0,0.0,0.0,0.0,0.0,0.0,0.708994708994709,0.6415343915343915,0.6415343915343915,0.5,0.0,-0.013768944805931205,0.10663983903420524,-0.039265197348879885,0.08249496981891348,-0.0008733597649432729,0.2806841046277666
2020,88390,SANTA CRUZ DO SUL,255,17,1429943.7412562983,110744.74523454797,1319198.9960217504,0.07744692468617788,0.21568627450980393,0.5294117647058824,0.19327731092436976,0.33613445378151263,0.06533651373537518,0.06242864168897393,0.002907872046401243,0.8388531883341571,0.8666584280771132,0.8716015818091942,0.6795600593178448,-0.004943153732080985,0.024013886357283715,0.8953722334004024,0.07372885160507334,0.9356136820925554,-0.006523271471237284,0.06639839034205232
2020,88404,ESTRELA VELHA,34,9,49456.85556688709,679.2923381609821,48777.56322872611,0.013735049072060085,0.058823529411764705,0.1111111111111111,0.04,0.0711111111111111,0.018518518518518517,0.007014514649544057,0.01150400386897446,0.7333333333333333,0.6844444444444444,0.6844444444444444,0.5333333333333333,0.0,0.00289839542208826,0.7967806841046278,0.028825385493272956,0.8531187122736419,-0.000651989891660188,0.4597585513078471
2020,88412,SANTA MARIA,343,21,1850151.7561515928,85994.14017362618,1764157.6159779667,0.046479506282499895,0.1749271137026239,0.6190476190476191,0.14596273291925466,0.4730848861283644,0.04581226745537921,0.030924537311918167,0.014887730143461043,0.940550133096717,0.9352262644188111,0.9344868382135463,0.7443803608399882,0.0007394262052647926,-0.019209371044021796,0.03219315895372234,0.0024258793619783836,0.7545271629778671,-0.0009392259291651395,0.2454728370221328
2020,88420,BENJAMIN CONSTANT DO SUL,28,9,40741.56074608505,0.0,40741.56074608505,0.0,0.0,0.0,0.0,0.0,0.0,0.0,0.0,0.48538011695906436,0.3976608187134503,0.3976608187134503,0.5,0.0,-0.010408342608032282,0.5885311871227364,-0.027859971985104256,0.41750503018108653,-0.0005404499011215458,0.5925553319919518
2020,88439,SANTANA DA BOA VISTA,62,9,79825.31177561362,0.0,79825.31177561362,0.0,0.0,0.0,0.0,0.0,0.0,0.0,0.0,0.819706498951782,0.8742138364779874,0.8742138364779874,0.5,0.0,-0.01618092938225489,0.05533199195171026,-0.04608206277687587,0.04527162977867203,-0.0009740963997676756,0.23641851106639838
2020,88447,MAÇAMBARÁ,27,9,85101.12305752726,0.0,85101.12305752726,0.0,0.0,0.0,0.0,0.0,0.0,0.0,0.0,0.6975308641975309,0.7469135802469136,0.7469135802469136,0.5,0.0,-0.010397196387105285,0.6156941649899397,-0.02762239916021457,0.44668008048289737,-0.0005191805505696813,0.6207243460764588
2020,88455,SANT'ANA DO LIVRAMENTO,196,17,630826.046089954,13134.6413838606,617691.4047060932,0.02082133650833377,0.08673469387755102,0.23529411764705882,0.07262569832402235,0.16266841932303647,0.010760477455258897,0.01342756194748032,-0.0026670844922214217,0.8639500492934604,0.867893526125534,0.8718370029576076,0.5819914558001972,-0.0039434768320735225,-0.02302773804408437,0.022132796780684104,-0.031151421890106515,0.2052313883299799,-0.005427733468224082,0.09054325955734406
2020,88463,DOM PEDRO DE ALCÂNTARA,23,9,20310.193965929404,0.0,20310.193965929404,0.0,0.0,0.0,0.0,0.0,0.0,0.0,0.0,0.8888888888888888,0.8888888888888888,0.8888888888888888,0.5,0.0,-0.010604463313825741,0.4396378269617706,-0.02718013702037181,0.6066398390342053,-0.00042405056659267174,0.7243460764587525
2020,88471,SANTA ROSA,177,15,969542.2963067567,76996.84199072474,892545.454316032,0.07941566065144977,0.23163841807909605,0.3333333333333333,0.2222222222222222,0.1111111111111111,0.042959454059088444,0.050935186017051964,-0.00797573195796352,0.8430041152263374,0.8343621399176955,0.8376543209876542,0.5504115226337448,-0.003292181069958766,0.03895318963816261,0.9295774647887324,0.1223114855944086,0.9537223340040242,-0.004737182109769037,0.11066398390342053
2020,88480,UNISTALDA,16,9,44562.897151331716,0.0,44562.897151331716,0.0,0.0,0.0,0.0,0.0,0.0,0.0,0.0,0.6825396825396826,0.7777777777777777,0.7777777777777777,0.5,0.0,-0.012579525296610074,0.14285714285714285,-0.02973794546856098,0.2635814889336016,-0.00020123122983028207,0.8450704225352113
2020,88498,SANTA VITÓRIA DO PALMAR,109,13,268788.70654755685,20144.64071894331,248644.0658286136,0.07494600862398626,0.12844036697247707,0.15384615384615385,0.125,0.028846153846153855,0.04617313171494402,0.02911602880417354,0.01705710291077048,0.7451923076923077,0.7668269230769231,0.764423076923077,0.5176282051282051,0.0024038461538461453,0.04809164292515462,0.9496981891348089,0.05395055289618517,0.8953722334004024,0.0011614538602573296,0.8772635814889336
2020,88501,TURUÇU,48,9,27051.309985215477,0.0,27051.309985215477,0.0,0.0,0.0,0.0,0.0,0.0,0.0,0.0,0.7749287749287749,0.6723646723646723,0.6723646723646723,0.5,0.0,-0.013153191408243795,0.1227364185110664,-0.03746205406903682,0.1006036217303823,-0.000841295596321085,0.29979879275653926
2020,88510,SANTIAGO,79,13,399649.3552004185,3687.5869785881887,395961.76822183037,0.009227055994470242,0.0379746835443038,0.07692307692307693,0.030303030303030304,0.046620046620046623,0.015676192566349487,0.0069553171223230474,0.00872087544402644,0.7855477855477856,0.7482517482517483,0.7470862470862472,0.5221445221445221,0.0011655011655011815,-0.010860553833098646,0.3440643863179074,-0.018715373225274945,0.6539235412474849,7.198093143583203e-05,0.8651911468812877
2020,88528,CRISTAL DO SUL,36,9,52366.45226530492,0.0,52366.45226530492,0.0,0.0,0.0,0.0,0.0,0.0,0.0,0.0,0.6296296296296297,0.6337448559670782,0.6337448559670782,0.5,0.0,-0.011082131993741745,0.29577464788732394,-0.030909056780208666,0.21327967806841047,-0.0006841626373900068,0.4164989939637827
2020,88536,SANTO ÂNGELO,161,15,697999.2081253264,39638.97223948718,658360.2358858392,0.056789422936379556,0.16149068322981366,0.3333333333333333,0.14383561643835616,0.18949771689497716,0.04849947512606183,0.031113351729289397,0.01738612339677243,0.8073059360730594,0.8417808219178082,0.8436073059360731,0.5981735159817351,-0.0018264840182649067,0.01931020889000947,0.8752515090543259,0.0597327269815351,0.9094567404426559,-0.0032339572554063406,0.14688128772635814
2020,88544,MUITOS CAPÕES,28,9,24077.161106319832,0.0,24077.161106319832,0.0,0.0,0.0,0.0,0.0,0.0,0.0,0.0,0.6549707602339181,0.6374269005847952,0.6374269005847952,0.5,0.0,-0.010408342608032282,0.5885311871227364,-0.027859971985104256,0.41750503018108653,-0.0005404499011215458,0.5925553319919518
2020,88552,SANTO ANTÔNIO DA PATRULHA,94,13,245585.47767735913,4308.654259192515,241276.8234181666,0.01754441793522116,0.09574468085106383,0.15384615384615385,0.08641975308641975,0.0674264007597341,0.013187546748218437,0.007640239953830828,0.005547306794387609,0.8461538461538461,0.8513770180436848,0.8532763532763533,0.5389363722697056,-0.0018993352326684976,-0.005973511309187215,0.7002012072434608,0.029968524858260223,0.8551307847082495,-0.003074658370310893,0.15492957746478872
2020,88560,NOVA RAMADA,18,9,26988.6080676778,0.0,26988.6080676778,0.0,0.0,0.0,0.0,0.0,0.0,0.0,0.0,0.308641975308642,0.6481481481481483,0.6481481481481483,0.5,0.0,-0.011714254038564282,0.19617706237424548,-0.02837730096521554,0.3672032193158954,-0.00027461148919985035,0.829979879275654
2020,88579,SANTO ANTÔNIO DAS MISSÕES,29,9,67243.29088247409,388.1670503777041,66855.12383209639,0.005772576643462192,0.034482758620689655,0.1111111111111111,0.0,0.1111111111111111,0.014591084847158388,0.0,0.014591084847158388,0.788888888888889,0.7777777777777778,0.7722222222222221,0.5555555555555556,0.005555555555555647,-0.004667078590611866,0.7183098591549296,0.006345052382539879,0.772635814889336,0.004994693507461798,0.9195171026156942
2020,88587,JARI,33,9,32907.63802987061,0.0,32907.63802987061,0.0,0.0,0.0,0.0,0.0,0.0,0.0,0.0,0.47453703703703703,0.4837962962962963,0.4837962962962963,0.5,0.0,-0.010730131317678375,0.39235412474849096,-0.02957350214001767,0.2776659959758551,-0.00063506466234155,0.4778672032193159
2020,88595,SANTO AUGUSTO,50,9,103562.91728516473,4438.043275985083,99124.87400917964,0.04285359462948257,0.1,0.3333333333333333,0.04878048780487805,0.2845528455284553,0.07252931955036078,0.01834193044708274,0.05418738910327804,0.7425474254742548,0.7398373983739838,0.7398373983739838,0.6341463414634145,0.0,0.02929268588041375,0.9054325955734407,0.06134003852950924,0.9195171026156942,-0.0008629271890303627,0.28672032193158953
2020,88609,UBIRETAMA,30,9,46792.1793383559,1164.5011511331122,45627.67818722279,0.024886661993504585,0.03333333333333333,0.0,0.047619047619047616,-0.047619047619047616,0.0,0.004682766016230467,-0.004682766016230467,0.45502645502645506,0.5661375661375662,0.5661375661375662,0.47619047619047616,0.0,0.014397513207358955,0.8591549295774648,0.004881921057476504,0.7665995975855131,-0.0005804776065131847,0.5432595573440644
2020,88617,SANTO CRISTO,28,9,99589.21237374312,7582.196384044486,92007.01598969864,0.07613471583237007,0.21428571428571427,0.4444444444444444,0.10526315789473684,0.3391812865497076,0.12651677140522605,0.021007859529890413,0.10550891187533563,0.7192982456140351,0.8011695906432749,0.7426900584795322,0.6695906432748538,0.05847953216374269,0.06572637322433779,0.9678068410462777,0.18642574230061001,0.971830985915493,0.05793908226262114,0.993963782696177
2020,88625,BARRA DO QUARAÍ,51,9,88094.51208321993,0.0,88094.51208321993,0.0,0.0,0.0,0.0,0.0,0.0,0.0,0.0,0.6441798941798942,0.6322751322751323,0.6322751322751323,0.5,0.0,-0.013768944805931205,0.10663983903420524,-0.039265197348879885,0.08249496981891348,-0.0008733597649432729,0.2806841046277666
2020,88633,SÃO BORJA,129,15,780769.1810229088,17216.606085632535,763552.5749372762,0.022050826933353786,0.13953488372093023,0.4666666666666667,0.09649122807017543,0.37017543859649127,0.023969009639887632,0.018962632803262356,0.005006376836625276,0.9619883040935673,0.960233918128655,0.960233918128655,0.6862573099415205,0.0,-0.009065631224819008,0.6599597585513078,0.054035742879564974,0.89738430583501,-0.0013157691205002084,0.19114688128772636
2020,88641,CERRITO,51,9,52514.99085658279,550.0327103852068,51964.95814619758,0.010473822834461369,0.058823529411764705,0.0,0.07142857142857142,-0.07142857142857142,0.0,0.01130677762611199,-0.01130677762611199,0.7275132275132274,0.7711640211640212,0.7764550264550265,0.4642857142857143,-0.005291005291005346,-0.0032951219714698367,0.7364185110663984,0.01955833206288482,0.8249496981891348,-0.006164365055948619,0.07645875251509054
2020,88650,SÃO FRANCISCO DE ASSIS,43,11,124496.18406145874,1423.2791847182482,123072.90487674049,0.011432311724635935,0.06976744186046512,0.09090909090909091,0.0625,0.02840909090909091,0.01993620414673046,0.010610910532676885,0.009325293614053575,0.5909090909090908,0.6392045454545454,0.6420454545454546,0.5142045454545454,-0.0028409090909091717,-0.0007635250927326212,0.7625754527162978,0.03520068144684148,0.8672032193158954,-0.0036230824796335604,0.13682092555331993
2020,88668,VALE VERDE,32,9,27152.453379642233,0.0,27152.453379642233,0.0,0.0,0.0,0.0,0.0,0.0,0.0,0.0,0.5507246376811594,0.5434782608695652,0.5434782608695652,0.5,0.0,-0.010635857533012279,0.4134808853118712,-0.0291723930892955,0.2987927565392354,-0.0006175319411754038,0.5
2020,88676,SÃO FRANCISCO DE PAULA,98,9,135592.521447081,3430.335735401205,132162.18571167978,0.025298856447182414,0.05102040816326531,0.3333333333333333,0.02247191011235955,0.31086142322097376,0.09858053964542947,0.0010579490597246598,0.09752259058570481,0.7166042446941323,0.7571785268414482,0.7284644194756553,0.6591760299625468,0.02871410736579283,0.0008804778879659067,0.7826961770623743,-0.017117524719992547,0.6619718309859155,0.02751966332835486,0.971830985915493
2020,88684,NOVO CABRAIS,42,9,61674.43935532868,0.0,61674.43935532868,0.0,0.0,0.0,0.0,0.0,0.0,0.0,0.0,0.7962962962962963,0.7575757575757576,0.7575757575757576,0.5,0.0,-0.01201772530739597,0.17303822937625754,-0.03401023903459231,0.13883299798792756,-0.0007693704084445893,0.341046277665996
2020,88692,SÃO GABRIEL,178,15,378041.9716466352,4850.7942395533755,373191.1774070819,0.012831364248855224,0.02247191011235955,0.13333333333333333,0.012269938650306749,0.12106339468302658,0.011921518619193038,0.004006810109490122,0.007914708509702915,0.8349693251533742,0.8353783231083844,0.8374233128834356,0.5599182004089979,-0.002044989775051187,-0.027813461273672818,0.012072434607645875,-0.08731674946589696,0.008048289738430584,-0.0034921904463436114,0.14084507042253522
2020,88706,SETE DE SETEMBRO,34,9,40996.780581708386,0.0,40996.780581708386,0.0,0.0,0.0,0.0,0.0,0.0,0.0,0.0,0.5844444444444444,0.6155555555555556,0.6155555555555556,0.5,0.0,-0.010836653649971825,0.35110663983903423,-0.02999814391849175,0.25251509054325955,-0.000651989891660188,0.4597585513078471
2020,88714,SÃO JERÔNIMO,98,11,194710.86783677078,2774.2557868528097,191936.61204991798,0.014248078793313749,0.030612244897959183,0.0,0.034482758620689655,-0.034482758620689655,0.0,0.004308308888216027,-0.004308308888216027,0.786833855799373,0.7931034482758621,0.7931034482758621,0.4827586206896552,0.0,-0.010170299765902759,0.6398390342052314,-0.03752568798529867,0.09859154929577464,-0.0011944440374379677,0.19617706237424548
2020,88722,TABAÍ,55,9,56264.58105201798,0.0,56264.58105201798,0.0,0.0,0.0,0.0,0.0,0.0,0.0,0.0,0.8272946859903382,0.8103864734299517,0.8103864734299517,0.5,0.0,-0.014623780782735112,0.0925553319919517,-0.04171792294821897,0.07042253521126761,-0.0009127718628199604,0.2635814889336016
2020,88730,SÃO JOSÉ DO NORTE,80,9,245193.88181803635,3040.641894625349,242153.23992341105,0.012400969681951014,0.0375,0.2222222222222222,0.014084507042253521,0.20813771517996868,0.12450337355029745,0.00029914198450722726,0.12420423156579022,0.9264475743348983,0.8528951486697965,0.84037558685446,0.6040688575899844,0.012519561815336533,-0.007917211572322117,0.6800804828973843,-0.01980603593711895,0.6498993963782697,0.011420013089842624,0.9436619718309859
2020,88749,VILA LÂNGARO,16,9,14363.086587092599,0.0,14363.086587092599,0.0,0.0,0.0,0.0,0.0,0.0,0.0,0.0,0.46031746031746035,0.4444444444444445,0.4444444444444445,0.5,0.0,-0.012579525296610074,0.14285714285714285,-0.02973794546856098,0.2635814889336016,-0.00020123122983028207,0.8450704225352113
2020,88757,SÃO JOSÉ DO OURO,47,9,88207.50751158487,0.0,88207.50751158487,0.0,0.0,0.0,0.0,0.0,0.0,0.0,0.0,0.45321637426900585,0.4766081871345029,0.4766081871345029,0.5,0.0,-0.012954028113419213,0.12575452716297786,-0.03687040521552274,0.10362173038229376,-0.0008300736624437896,0.30482897384305835
2020,88765,SENADOR SALGADO FILHO,33,9,31820.873800026482,0.0,31820.873800026482,0.0,0.0,0.0,0.0,0.0,0.0,0.0,0.0,0.6087962962962963,0.7291666666666667,0.7291666666666667,0.5,0.0,-0.010730131317678375,0.39235412474849096,-0.02957350214001767,0.2776659959758551,-0.00063506466234155,0.4778672032193159
2020,88773,SÃO LEOPOLDO,242,13,1305379.485633105,68044.48061335535,1237335.0050197495,0.052126206488034385,0.2024793388429752,0.6923076923076923,0.17467248908296942,0.5176352032247229,0.13868081146327815,0.04370741778810192,0.09497339367517624,0.9442391669465906,0.9287873698354048,0.8904937856902922,0.8107154853879744,0.038293584145112525,0.0006958282265164817,0.778672032193159,0.06553602361645844,0.9235412474849095,0.03673190037849383,0.9798792756539235
2020,88781,VESPASIANO CORRÊA,26,9,16225.939078560237,0.0,16225.939078560237,0.0,0.0,0.0,0.0,0.0,0.0,0.0,0.0,0.696078431372549,0.6633986928104575,0.6633986928104575,0.5,0.0,-0.01040847128567125,0.5663983903420523,-0.027429757974836134,0.5020120724346077,-0.000496986418068541,0.6539235412474849
2020,88790,SÃO LOURENÇO DO SUL,95,11,247488.71248096772,13064.874826006047,234423.8376549617,0.05278978057235947,0.16842105263157894,0.2727272727272727,0.15476190476190477,0.11796536796536794,0.011642198876384206,0.03350373299383763,-0.021861534117453424,0.7754329004329004,0.7278138528138528,0.7364718614718615,0.5508658008658007,-0.008658008658008698,0.029046063734454973,0.9014084507042254,0.10205190028812254,0.9496981891348089,-0.009838205203849728,0.04024144869215292
2020,88803,MONTE ALEGRE DOS CAMPOS,31,9,30167.6962102712,3170.0309114179163,26997.665298853288,0.10508031138084106,0.3548387096774194,0.2222222222222222,0.4090909090909091,-0.1868686868686869,0.05341990092787721,0.09409335957537747,-0.04067345864750026,0.601010101010101,0.6666666666666667,0.6868686868686867,0.4292929292929293,-0.02020202020202,0.09452524300757467,0.9839034205231388,0.32604131283882903,0.9839034205231388,-0.020801371344142616,0.022132796780684104
2020,88811,SÃO LUIZ GONZAGA,72,13,215787.174171129,1293.89016792568,214493.28400320333,0.005996140284498867,0.027777777777777776,0.07692307692307693,0.01694915254237288,0.05997392438070405,0.003207453608994726,0.007822685788787484,-0.004615232179792758,0.8396349413298566,0.8259452411994785,0.8285528031290743,0.529335071707953,-0.0026075619295957697,-0.012475549684675083,0.15492957746478872,-0.02456814799673552,0.6338028169014085,-0.003656091825656192,0.13279678068410464
2020,88820,MARQUES DE SOUZA,27,9,18196.559682114406,2140.094337749075,16056.465344365333,0.11760983258019903,0.07407407407407407,0.1111111111111111,0.05555555555555555,0.05555555555555555,0.055097251181015126,0.022222222222222223,0.03287502895879291,0.5586419753086419,0.5617283950617284,0.558641975308642,0.5308641975308642,0.0030864197530864335,0.10721263619309374,0.9859154929577465,0.0464516749138595,0.8883299798792756,0.0025672392025167523,0.89738430583501
2020,88838,SÃO MARCOS,66,9,149918.40869184572,9574.787242650033,140343.6214491957,0.06386665471036859,0.10606060606060606,0.3333333333333333,0.07017543859649122,0.2631578947368421,0.0594999696176887,0.0059996791863669565,0.05350029043132174,0.8440545808966862,0.8440545808966862,0.8499025341130604,0.638401559454191,-0.005847953216374213,0.046774931674423564,0.9436619718309859,0.05747009824631629,0.9074446680080482,-0.006853457913385416,0.06438631790744467
2020,88846,CHUÍ,29,9,38248.94603208462,0.0,38248.94603208462,0.0,0.0,0.0,0.0,0.0,0.0,0.0,0.0,0.7888888888888889,0.8055555555555556,0.8055555555555556,0.5,0.0,-0.010439655234074058,0.5442655935613682,-0.028137706238149776,0.3853118712273642,-0.0005608620480938485,0.5724346076458753
2020,88854,SÃO MARTINHO,28,9,68092.3545495686,0.0,68092.3545495686,0.0,0.0,0.0,0.0,0.0,0.0,0.0,0.0,0.5847953216374269,0.5964912280701755,0.5964912280701755,0.5,0.0,-0.010408342608032282,0.5885311871227364,-0.027859971985104256,0.41750503018108653,-0.0005404499011215458,0.5925553319919518
2020,88862,ARARICÁ,87,9,53110.309722845406,248.42691224173058,52861.88281060367,0.0046775647428557495,0.034482758620689655,0.1111111111111111,0.02564102564102564,0.08547008547008547,0.009340805978115827,0.0011674798491296472,0.00817332612898618,0.811965811965812,0.7735042735042735,0.7720797720797721,0.5413105413105413,0.0014245014245014564,-0.0172484645978093,0.04225352112676056,-0.0270961730876959,0.6227364185110664,0.00028518794940181596,0.8672032193158954
2020,88870,SÃO NICOLAU,26,9,30458.459208807453,5175.560671702721,25282.898537104735,0.16992194635394234,0.038461538461538464,0.1111111111111111,0.0,0.1111111111111111,0.10145048835728834,0.0,0.10145048835728834,0.869281045751634,0.869281045751634,0.8169934640522876,0.5555555555555556,0.05228758169934644,0.1595134750682711,0.9899396378269618,0.01103178048670233,0.789738430583501,0.0517905952812779,0.9919517102615694
2020,88889,PASSA SETE,35,9,41511.23131247563,0.0,41511.23131247563,0.0,0.0,0.0,0.0,0.0,0.0,0.0,0.0,0.7286324786324786,0.6517094017094017,0.6517094017094017,0.5,0.0,-0.010954318175226123,0.3148893360160966,-0.030444015675627784,0.2323943661971831,-0.0006683446172707296,0.4386317907444668
2020,88897,SÃO PAULO DAS MISSÕES,26,9,51918.57218367745,0.0,51918.57218367745,0.0,0.0,0.0,0.0,0.0,0.0,0.0,0.0,0.5261437908496731,0.565359477124183,0.565359477124183,0.5,0.0,-0.01040847128567125,0.5663983903420523,-0.027429757974836134,0.5020120724346077,-0.000496986418068541,0.6539235412474849
2020,88900,TOROPI,32,9,24742.350041650425,0.0,24742.350041650425,0.0,0.0,0.0,0.0,0.0,0.0,0.0,0.0,0.71256038647343,0.7391304347826086,0.7391304347826086,0.5,0.0,-0.010635857533012279,0.4134808853118712,-0.0291723930892955,0.2987927565392354,-0.0006175319411754038,0.5
2020,88919,SÃO PEDRO DO SUL,75,11,77038.0265147698,1940.8352518885204,75097.19126288127,0.025193210933517642,0.02666666666666667,0.18181818181818182,0.0,0.18181818181818182,0.0435703179819292,0.0,0.0435703179819292,0.7400568181818182,0.8330965909090908,0.8274147727272727,0.5909090909090909,0.005681818181818121,0.006028937490168668,0.8269617706237424,-0.027547348731436546,0.48893360160965793,0.0046133800585835,0.9175050301810865
2020,88927,BALNEÁRIO PINHAL,91,9,165965.26043226334,556.3727722080425,165408.88766005533,0.0033523447663622303,0.02197802197802198,0.1111111111111111,0.012195121951219513,0.0989159891598916,0.012447099825740602,0.005662020905923345,0.006785078919817257,0.8997289972899729,0.8001355013550135,0.8001355013550135,0.5501355013550135,0.0,-0.019485674951146715,0.028169014084507043,-0.04200910477621324,0.06841046277665996,-0.0011603095891948984,0.20020120724346077
2020,88935,SÃO SEBASTIÃO DO CAÍ,83,9,141424.04561721697,232.90023022662245,141191.14538699036,0.0016468220040671017,0.024096385542168676,0.1111111111111111,0.013513513513513514,0.09759759759759759,0.00286028602860286,0.0006624271330153683,0.0021978588955874918,0.7484984984984985,0.6261261261261261,0.6231231231231231,0.5495495495495496,0.0030030030030029353,-0.019361955714369605,0.030181086519114688,-0.03504954276122068,0.13078470824949698,0.001885908744796353,0.8873239436619719
2020,88943,MAMPITUBA,25,9,57216.457231855864,646.9450839628402,56569.51214789302,0.011306975567208777,0.04,0.0,0.0625,-0.0625,0.0,0.017857142857142856,-0.017857142857142856,0.6840277777777778,0.7743055555555556,0.7881944444444444,0.46875,-0.01388888888888884,0.000862237586396997,0.7806841046277666,0.012712498874750247,0.8048289738430584,-0.014362680758968351,0.028169014084507043
2020,88951,SÃO SEPÉ,57,11,97946.9164003001,646.9450839628402,97299.97131633727,0.0066050582064149385,0.017543859649122806,0.09090909090909091,0.0,0.09090909090909091,0.045026790940609664,0.0,0.045026790940609664,0.8942687747035574,0.8913043478260869,0.8794466403162056,0.5454545454545454,0.011857707509881354,-0.008457159127788359,0.6680080482897385,-0.025414461625841885,0.6287726358148893,0.010926496304749848,0.9396378269617707
2020,88978,SÃO VALENTIM,33,9,52563.61524909344,0.0,52563.61524909344,0.0,0.0,0.0,0.0,0.0,0.0,0.0,0.0,0.5625,0.5601851851851852,0.5601851851851852,0.5,0.0,-0.010730131317678375,0.39235412474849096,-0.02957350214001767,0.2776659959758551,-0.00063506466234155,0.4778672032193159
2020,88986,ACEGUÁ,61,9,89069.71710278554,0.0,89069.71710278554,0.0,0.0,0.0,0.0,0.0,0.0,0.0,0.0,0.5758547008547008,0.5811965811965811,0.5811965811965811,0.5,0.0,-0.01595509269657769,0.05835010060362173,-0.04545564061104226,0.0482897384305835,-0.0009658604539588344,0.23943661971830985
2020,88994,SAPIRANGA,157,11,573288.0183346635,33719.45059903055,539568.5677356329,0.058817644047370325,0.16560509554140126,0.18181818181818182,0.1643835616438356,0.017434620174346216,0.011190484410771242,0.038048851064023295,-0.02685836665325205,0.8244084682440846,0.7957658779576589,0.8013698630136987,0.5093399750933998,-0.005603985056039873,0.02210413989042457,0.8893360160965795,0.0657948401373157,0.9255533199195171,-0.007001323462200177,0.060362173038229376
2020,89001,ALMIRANTE TAMANDARÉ DO SUL,25,9,36993.135051800986,0.0,36993.135051800986,0.0,0.0,0.0,0.0,0.0,0.0,0.0,0.0,0.4513888888888889,0.45138888888888895,0.45138888888888895,0.5,0.0,-0.01044473798081178,0.5251509054325956,-0.027287501125249754,0.5392354124748491,-0.00047379187007951196,0.6790744466800804
2020,89010,SAPUCAIA DO SUL,232,11,595556.1398415996,16025.619002761985,579530.5208388376,0.026908662224562622,0.09051724137931035,0.36363636363636365,0.07692307692307693,0.2867132867132867,0.07822437432563331,0.022761807226087373,0.05546256709954594,0.9201974496092142,0.8638420403126286,0.8515014397367339,0.6470588235294119,0.0123406005758947,-0.022941647391419403,0.02414486921529175,-0.04246457057451418,0.060362173038229376,0.010794010916913949,0.937625754527163
2020,89028,ARROIO DO PADRE,35,9,23147.09991471317,0.0,23147.09991471317,0.0,0.0,0.0,0.0,0.0,0.0,0.0,0.0,0.5512820512820512,0.7307692307692308,0.7307692307692308,0.5,0.0,-0.010954318175226123,0.3148893360160966,-0.030444015675627784,0.2323943661971831,-0.0006683446172707296,0.4386317907444668
2020,89036,SARANDI,68,11,192250.53568246012,9967.573480927233,182282.96220153288,0.051846791716568516,0.058823529411764705,0.18181818181818182,0.03508771929824561,0.1467304625199362,0.05420368604298464,0.0031203640979524895,0.05108332194503215,0.9059011164274322,0.9234449760765551,0.9186602870813397,0.5749601275917066,0.004784688995215336,0.03429636572596052,0.9195171026156942,0.008979263820546021,0.7776659959758552,0.0037643323014653657,0.9074446680080482
2020,89044,BOA VISTA DO CADEADO,33,9,76894.2494393099,1293.8901679256803,75600.35927138422,0.016826878178281785,0.030303030303030304,0.1111111111111111,0.0,0.1111111111111111,0.08291873963515756,0.0,0.08291873963515756,0.5532407407407408,0.5532407407407408,0.5069444444444444,0.5555555555555556,0.04629629629629639,0.00609674686060341,0.8289738430583501,0.0007295281630126348,0.7454728370221329,0.045661231633954844,0.9859154929577465
2020,89052,SEBERI,35,9,93634.30283719373,2975.9473862290647,90658.35545096466,0.031782661867024116,0.05714285714285714,0.2222222222222222,0.0,0.2222222222222222,0.05881568864344788,0.0,0.05881568864344788,0.7222222222222222,0.6025641025641026,0.5769230769230769,0.6111111111111112,0.025641025641025772,0.020828343691797993,0.8873239436619719,0.026698841467229357,0.8470824949698189,0.024972681023755043,0.9698189134808853
2020,89060,BOA VISTA DO INCRA,26,9,41427.63306872596,0.0,41427.63306872596,0.0,0.0,0.0,0.0,0.0,0.0,0.0,0.0,0.6895424836601307,0.6045751633986929,0.6045751633986929,0.5,0.0,-0.01040847128567125,0.5663983903420523,-0.027429757974836134,0.5020120724346077,-0.000496986418068541,0.6539235412474849
2020,89079,SELBACH,31,9,29703.78482946313,646.9450839628402,29056.83974550029,0.02177988723245586,0.03225806451612903,0.1111111111111111,0.0,0.1111111111111111,0.034940600978336823,0.0,0.034940600978336823,0.47727272727272724,0.4747474747474747,0.4671717171717171,0.5555555555555556,0.007575757575757569,0.011224818859189467,0.8470824949698189,0.0034606676775386924,0.7605633802816901,0.006976406433634953,0.9275653923541247
2020,89087,BOZANO,21,9,5302.232519142645,0.0,5302.232519142645,0.0,0.0,0.0,0.0,0.0,0.0,0.0,0.0,0.5324074074074074,0.45370370370370366,0.45370370370370366,0.5,0.0,-0.010905768218963824,0.335010060362173,-0.02736306805164444,0.5221327967806841,-0.00036913308989526105,0.7756539235412475
2020,89095,SERAFINA CORRÊA,36,9,73739.44761516848,201.83392729472686,73537.61368787375,0.0027371228538089682,0.027777777777777776,0.1111111111111111,0.0,0.1111111111111111,0.006455203807159114,0.0,0.006455203807159114,0.6090534979423868,0.48559670781893005,0.48559670781893005,0.5555555555555556,0.0,-0.008345009139932778,0.676056338028169,-0.0031312790024308895,0.7293762575452716,-0.0006841626373900068,0.4164989939637827
2020,89109,CANUDOS DO VALE,40,9,14602.844435209227,0.0,14602.844435209227,0.0,0.0,0.0,0.0,0.0,0.0,0.0,0.0,0.48028673835125446,0.5698924731182795,0.5698924731182795,0.5,0.0,-0.011678268789046486,0.2062374245472837,-0.03292661153758783,0.15995975855130784,-0.0007426504416486276,0.36016096579476864
2020,89117,SERTÃO,36,9,51587.78916224724,0.0,51587.78916224724,0.0,0.0,0.0,0.0,0.0,0.0,0.0,0.0,0.6604938271604939,0.6563786008230452,0.6563786008230452,0.5,0.0,-0.011082131993741745,0.29577464788732394,-0.030909056780208666,0.21327967806841047,-0.0006841626373900068,0.4164989939637827
2020,89125,CAPÃO BONITO DO SUL,28,9,16955.80958338544,0.0,16955.80958338544,0.0,0.0,0.0,0.0,0.0,0.0,0.0,0.0,0.8304093567251462,0.7076023391812866,0.7076023391812866,0.5,0.0,-0.010408342608032282,0.5885311871227364,-0.027859971985104256,0.41750503018108653,-0.0005404499011215458,0.5925553319919518
2020,89133,SEVERIANO DE ALMEIDA,20,9,16788.19905103234,0.0,16788.19905103234,0.0,0.0,0.0,0.0,0.0,0.0,0.0,0.0,0.29292929292929293,0.29292929292929293,0.29292929292929293,0.5,0.0,-0.011121420857066511,0.2766599597585513,-0.027588924916157276,0.47585513078470826,-0.00033941047738787674,0.7997987927565392
2020,89141,CAPÃO DO CIPÓ,33,9,26109.590843195812,0.0,26109.590843195812,0.0,0.0,0.0,0.0,0.0,0.0,0.0,0.0,0.6898148148148148,0.7361111111111112,0.7361111111111112,0.5,0.0,-0.010730131317678375,0.39235412474849096,-0.02957350214001767,0.2776659959758551,-0.00063506466234155,0.4778672032193159
2020,89150,CAPÃO DA CANOA,149,11,360964.368181743,12631.512192062699,348332.8559896803,0.03499379247788475,0.12080536912751678,0.2727272727272727,0.10869565217391304,0.16403162055335968,0.026383585827244437,0.031310717010905355,-0.004927131183660918,0.9166666666666667,0.9100790513833992,0.9127140974967062,0.5922266139657444,-0.0026350461133070047,-0.00016347528028624186,0.7686116700201208,0.024960549643737784,0.8390342052313883,-0.004011088857202127,0.12877263581488935
2020,89168,COQUEIRO BAIXO,21,9,34500.28743757034,0.0,34500.28743757034,0.0,0.0,0.0,0.0,0.0,0.0,0.0,0.0,0.6898148148148148,0.6898148148148148,0.6898148148148148,0.5,0.0,-0.010905768218963824,0.335010060362173,-0.02736306805164444,0.5221327967806841,-0.00036913308989526105,0.7756539235412475
2020,89176,SOBRADINHO,56,9,115443.40386815665,3986.9931634461914,111456.41070471046,0.03453634447577082,0.05357142857142857,0.2222222222222222,0.02127659574468085,0.20094562647754136,0.04969478124808692,0.014627659574468085,0.035067121673618834,0.8167848699763594,0.7612293144208038,0.7588652482269502,0.6028368794326241,0.0023640661938535423,0.019694126147163746,0.8792756539235412,0.011234211488457171,0.7927565392354124,0.001441975873772839,0.8792756539235412
2020,89184,CORONEL PILAR,24,9,40031.60321094423,0.0,40031.60321094423,0.0,0.0,0.0,0.0,0.0,0.0,0.0,0.0,0.611111111111111,0.6148148148148147,0.6148148148148147,0.5,0.0,-0.01050893997955144,0.47283702213279677,-0.027201887986746946,0.5835010060362174,-0.0004495119054032347,0.7002012072434608
2020,89192,SOLEDADE,107,13,277306.6054843402,3739.7566301589522,273566.84885418124,0.013485999093411931,0.04672897196261682,0.15384615384615385,0.031914893617021274,0.12193126022913259,0.011491287729693954,0.004236289857479502,0.007254997872214452,0.7389525368248772,0.7970540098199673,0.7986906710310967,0.5601472995090016,-0.0016366612111293755,-0.012930101856559165,0.12877263581488935,-0.026621712957750086,0.6257545271629779,-0.0028707959210825746,0.15694164989939638
2020,89206,CRUZALTENSE,19,9,8039.9617865549135,0.0,8039.9617865549135,0.0,0.0,0.0,0.0,0.0,0.0,0.0,0.0,0.43333333333333335,0.41111111111111115,0.41111111111111115,0.5,0.0,-0.011388442266985146,0.22635814889336017,-0.027921664419605637,0.4014084507042254,-0.00030796689647941475,0.817907444668008
2020,89214,TAPEJARA,66,11,222005.59737927816,21683.114945311987,200322.48243396616,0.09766922636760451,0.8787878787878788,1.0,0.8545454545454545,0.1454545454545455,0.1334744386189601,0.0884489231490109,0.04502551546994921,0.806611570247934,0.8115702479338842,0.7900826446280992,0.7677685950413223,0.02148760330578503,0.08057750333165949,0.9778672032193159,0.830197370973589,1.0,0.020482098608773827,0.9617706237424547
2020,89222,FORQUETINHA,25,9,8823.295833118798,0.0,8823.295833118798,0.0,0.0,0.0,0.0,0.0,0.0,0.0,0.0,0.6597222222222222,0.6111111111111112,0.6111111111111112,0.5,0.0,-0.01044473798081178,0.5251509054325956,-0.027287501125249754,0.5392354124748491,-0.00047379187007951196,0.6790744466800804
2020,89230,TAPERA,40,9,83723.88048498378,5175.560671702721,78548.31981328106,0.061817018534287595,0.025,0.1111111111111111,0.0,0.1111111111111111,0.07241457343290338,0.0,0.07241457343290338,0.7670250896057347,0.7849462365591398,0.7741935483870968,0.5555555555555556,0.010752688172043001,0.05013874974524111,0.9517102615694165,-0.007926611537587828,0.7092555331991952,0.010010037730394373,0.9356136820925554
2020,89247,SANTA CECÍLIA DO SUL,33,9,45621.364003203314,2458.3913190587928,43162.97268414452,0.05388684386740774,0.36363636363636365,0.5555555555555556,0.2916666666666667,0.2638888888888889,0.07371833453903105,0.04084285322378194,0.03287548131524911,0.7013888888888888,0.5625,0.5,0.6203703703703703,0.0625,0.043156712549729366,0.937625754527163,0.33406286149634595,0.9859154929577465,0.06186493533765845,0.9959758551307847
2020,89249,ITATI,34,9,52673.14305180834,0.0,52673.14305180834,0.0,0.0,0.0,0.0,0.0,0.0,0.0,0.0,0.7111111111111111,0.8177777777777777,0.8177777777777777,0.5,0.0,-0.010836653649971825,0.35110663983903423,-0.02999814391849175,0.25251509054325955,-0.000651989891660188,0.4597585513078471
2020,89257,TAPES,87,9,130694.31907177481,2219.0216379925414,128475.29743378227,0.01697871532406774,0.034482758620689655,0.2222222222222222,0.01282051282051282,0.20940170940170938,0.016386276510659423,0.0006766381766381767,0.015709638334021246,0.8839031339031338,0.9216524216524218,0.9216524216524218,0.6061253561253561,0.0,-0.004947314016597308,0.7122736418511066,-0.0270961730876959,0.6227364185110664,-0.0011393134750996405,0.20321931589537223
2020,89265,JACUIZINHO,30,9,36189.7198298309,0.0,36189.7198298309,0.0,0.0,0.0,0.0,0.0,0.0,0.0,0.0,0.6058201058201058,0.6111111111111112,0.6111111111111112,0.5,0.0,-0.01048914878614563,0.49899396378269617,-0.02845141227585683,0.3440643863179074,-0.0005804776065131847,0.5432595573440644
2020,89273,TAQUARA,165,15,277521.0030851655,9268.63989001714,268252.36319514835,0.033397976322436344,0.07878787878787878,0.2,0.06666666666666667,0.13333333333333336,0.00758188028097971,0.016212387480959763,-0.008630507199980052,0.7713333333333333,0.7404444444444445,0.7453333333333334,0.5664444444444444,-0.004888888888888943,-0.004838851913566894,0.716297786720322,-0.024895104035258575,0.6317907444668008,-0.006306179654839939,0.07243460764587525
2020,89281,LAGOA BONITA DO SUL,38,9,31202.161399527777,0.0,31202.161399527777,0.0,0.0,0.0,0.0,0.0,0.0,0.0,0.0,0.685823754789272,0.6436781609195402,0.6436781609195402,0.5,0.0,-0.01136472187877174,0.24346076458752516,-0.03188943940026455,0.1851106639839034,-0.000714309870245348,0.3873239436619718
2020,89290,TAQUARI,73,9,197516.1511098505,2180.9812670555266,195335.16984279494,0.011042040130898222,0.0547945205479452,0.1111111111111111,0.046875,0.0642361111111111,0.01106254653183635,0.004046493743000193,0.007016052788836158,0.7604166666666667,0.734375,0.7361111111111112,0.5329861111111112,-0.0017361111111111605,-0.007660436952221631,0.682092555331992,0.0018249814313443455,0.7505030181086519,-0.002791387672328435,0.16096579476861167
2020,89303,MATO QUEIMADO,12,9,23529.392703728503,0.0,23529.392703728503,0.0,0.0,0.0,0.0,0.0,0.0,0.0,0.0,0.5925925925925926,0.6481481481481481,0.6481481481481481,0.5,0.0,-0.015560655080584187,0.06841046277665996,-0.03511828383440235,0.1267605633802817,-1.832376276187425e-05,0.8571428571428571
2020,89311,TENENTE PORTELA,51,9,112645.26286880393,148.1504242274904,112497.11244457644,0.0013151944471916119,0.0392156862745098,0.0,0.047619047619047616,-0.047619047619047616,0.0,0.0023700685775928493,-0.0023700685775928493,0.7222222222222222,0.6931216931216931,0.6957671957671957,0.47619047619047616,-0.002645502645502562,-0.012453750358739593,0.15694164989939638,-4.951107437008162e-05,0.7424547283702213,-0.003518862410445835,0.13883299798792756
2020,89320,NOVO XINGU,18,9,41982.40141712578,0.0,41982.40141712578,0.0,0.0,0.0,0.0,0.0,0.0,0.0,0.0,0.8765432098765432,0.8703703703703705,0.8703703703703705,0.5,0.0,-0.011714254038564282,0.19617706237424548,-0.02837730096521554,0.3672032193158954,-0.00027461148919985035,0.829979879275654
2020,89338,TORRES,155,13,282723.8777783131,12247.977268486167,270475.90050982696,0.04332134011719357,0.05806451612903226,0.07692307692307693,0.056338028169014086,0.02058504875406284,0.029690263980788112,0.01844094267683536,0.011249321303952751,0.8651137594799566,0.8607800650054171,0.8602383531960998,0.5102925243770314,0.0005417118093173912,0.006993768668288845,0.8309859154929577,-0.04076322939528091,0.07243460764587525,-0.0008504345820658744,0.2977867203219316
2020,89346,PAULO BENTO,41,9,24583.719107062738,0.0,24583.719107062738,0.0,0.0,0.0,0.0,0.0,0.0,0.0,0.0,0.4461805555555556,0.4461805555555556,0.4461805555555556,0.5,0.0,-0.011845037325305707,0.18309859154929578,-0.03346318714338195,0.14688128772635814,-0.0007562024740241682,0.3501006036217304
2020,89354,TRAMANDAÍ,175,13,315683.3102316058,8798.479019697985,306884.8312119078,0.027871220094729903,0.06857142857142857,0.07692307692307693,0.06790123456790123,0.009021842355175697,0.007321358844201483,0.010383570028704336,-0.0030622111845028527,0.9254510921177589,0.9264007597340931,0.9311490978157646,0.5061728395061729,-0.0047483380816715215,-0.012225125694123509,0.16096579476861167,-0.03982815336450152,0.07847082494969819,-0.0061888914306925365,0.0744466800804829
2020,89362,PINHAL DA SERRA,27,9,37396.945234308914,0.0,37396.945234308914,0.0,0.0,0.0,0.0,0.0,0.0,0.0,0.0,0.4135802469135802,0.4135802469135802,0.4135802469135802,0.5,0.0,-0.010397196387105285,0.6156941649899397,-0.02762239916021457,0.44668008048289737,-0.0005191805505696813,0.6207243460764588
2020,89370,TRÊS COROAS,95,9,111560.12894057138,2710.0141400152993,108850.11480055607,0.024291959553568974,0.11578947368421053,0.3333333333333333,0.09302325581395349,0.24031007751937983,0.08242873875738836,0.013039626278958657,0.0693891124784297,0.7448320413436692,0.7422480620155039,0.7202842377260982,0.6356589147286822,0.021963824289405687,0.0005482427156644799,0.7746478873239436,0.04942032134075412,0.8933601609657947,0.020783627743564657,0.9637826961770624
2020,89389,QUATRO IRMÃOS,38,9,22119.052420689502,0.0,22119.052420689502,0.0,0.0,0.0,0.0,0.0,0.0,0.0,0.0,0.5632183908045976,0.6168582375478926,0.6168582375478926,0.5,0.0,-0.01136472187877174,0.24346076458752516,-0.03188943940026455,0.1851106639839034,-0.000714309870245348,0.3873239436619718
2020,89397,TRÊS DE MAIO,70,11,178067.57154564443,12188.445381859907,165879.12616378453,0.06844842817848851,0.1,0.2727272727272727,0.06779661016949153,0.2049306625577812,0.04164347673843674,0.018605023176212925,0.023038453562223817,0.8906009244992295,0.9137134052388289,0.9214175654853621,0.6040061633281972,-0.007704160246533198,0.05043785352494364,0.9537223340040242,0.04890364744296826,0.8913480885311871,-0.008738848146855858,0.05030181086519115
2020,89400,ROLADOR,25,9,49162.71551501253,0.0,49162.71551501253,0.0,0.0,0.0,0.0,0.0,0.0,0.0,0.0,0.5972222222222222,0.5659722222222222,0.5659722222222222,0.5,0.0,-0.01044473798081178,0.5251509054325956,-0.027287501125249754,0.5392354124748491,-0.00047379187007951196,0.6790744466800804
2020,89419,TRÊS PASSOS,70,11,147292.7303129758,334.2118303752032,146958.51848260057,0.0022690314020593636,0.02857142857142857,0.0,0.03389830508474576,-0.03389830508474576,0.0,0.002025753770966053,-0.002025753770966053,0.613251155624037,0.6224961479198767,0.6224961479198767,0.4830508474576271,0.0,-0.015741543251485503,0.060362173038229376,-0.022524923985603174,0.6398390342052314,-0.0010346879003226598,0.21830985915492956
2020,89435,TRIUNFO,108,11,167309.8322780667,3582.781874986209,163727.05040308047,0.021414054548997894,0.046296296296296294,0.18181818181818182,0.030927835051546393,0.15089034676663543,0.021965728557770545,0.004551419461242765,0.01741430909652778,0.866447985004686,0.7258669165885661,0.7277413308341143,0.5782567947516402,-0.0018744142455482393,-0.00522144466782205,0.704225352112676,-0.027624830788530327,0.42857142857142855,-0.0031127015835986137,0.15090543259557343
2020,89443,SANTA MARGARIDA DO SUL,30,9,37360.18581463816,0.0,37360.18581463816,0.0,0.0,0.0,0.0,0.0,0.0,0.0,0.0,0.6322751322751322,0.6481481481481483,0.6481481481481483,0.5,0.0,-0.01048914878614563,0.49899396378269617,-0.02845141227585683,0.3440643863179074,-0.0005804776065131847,0.5432595573440644
2020,89451,TUCUNDUVA,37,9,71551.6346080263,0.0,71551.6346080263,0.0,0.0,0.0,0.0,0.0,0.0,0.0,0.0,0.7738095238095238,0.6984126984126984,0.6984126984126984,0.5,0.0,-0.01121920177851073,0.2595573440643863,-0.03139141871526805,0.19919517102615694,-0.000699474912444174,0.4024144869215292
2020,89460,SÃO JOSÉ DO SUL,26,9,34636.40468323612,0.0,34636.40468323612,0.0,0.0,0.0,0.0,0.0,0.0,0.0,0.0,0.36274509803921573,0.5098039215686274,0.5098039215686274,0.5,0.0,-0.01040847128567125,0.5663983903420523,-0.027429757974836134,0.5020120724346077,-0.000496986418068541,0.6539235412474849
2020,89478,TUPANCIRETÃ,84,9,137675.55522842455,1909.2643317911338,135766.2908966334,0.013867852783476164,0.023809523809523808,0.0,0.02666666666666667,-0.02666666666666667,0.0,0.00832575285486171,-0.00832575285486171,0.8503703703703703,0.8903703703703704,0.8918518518518518,0.4866666666666667,-0.001481481481481417,-0.007370663631836838,0.6861167002012073,-0.03594688641691817,0.11368209255533199,-0.0026042520762825628,0.16498993963782696
2020,89486,SÃO PEDRO DAS MISSÕES,27,9,47769.519276698564,0.0,47769.519276698564,0.0,0.0,0.0,0.0,0.0,0.0,0.0,0.0,0.43827160493827155,0.5987654320987654,0.5987654320987654,0.5,0.0,-0.010397196387105285,0.6156941649899397,-0.02762239916021457,0.44668008048289737,-0.0005191805505696813,0.6207243460764588
2020,89494,TUPARENDI,30,9,79728.08886839569,6365.939626194347,73362.14924220134,0.07984563177856145,0.1,0.1111111111111111,0.09523809523809523,0.015873015873015872,0.0040832012297641355,0.03323752789864962,-0.029154326668885486,0.7777777777777778,0.7724867724867726,0.7936507936507936,0.5026455026455027,-0.021164021164021052,0.06935648299241583,0.971830985915493,0.07154858772414317,0.93158953722334,-0.021744498770534238,0.01609657947686117
2020,89508,TIO HUGO,31,9,9855.30263105632,38.816705037770404,9816.48592601855,0.003938661905262052,0.03225806451612903,0.0,0.045454545454545456,-0.045454545454545456,0.0,0.03409090909090909,-0.03409090909090909,0.7702020202020202,0.7095959595959597,0.7095959595959597,0.4772727272727273,0.0,-0.006616406468004342,0.6901408450704225,0.0034606676775386924,0.7605633802816901,-0.0005993511421226163,0.5181086519114688
2020,89516,URUGUAIANA,138,11,805113.4398765934,72404.46349550948,732708.976381084,0.0899307599517995,0.2318840579710145,0.45454545454545453,0.2125984251968504,0.24194702934860413,0.0392543510789256,0.05222165637647345,-0.012967305297547846,0.8786685755189692,0.8869005010737294,0.896921975662133,0.6252684323550465,-0.010021474588403634,0.056968878461621554,0.9577464788732394,0.14165052845899206,0.9617706237424547,-0.01136573499287303,0.03420523138832998
2020,89524,WESTFALIA,27,9,26793.83878069995,0.0,26793.83878069995,0.0,0.0,0.0,0.0,0.0,0.0,0.0,0.0,0.7376543209876543,0.7438271604938271,0.7438271604938271,0.5,0.0,-0.010397196387105285,0.6156941649899397,-0.02762239916021457,0.44668008048289737,-0.0005191805505696813,0.6207243460764588
2020,89532,VACARIA,197,15,492176.1786261796,14689.121031606512,477487.0575945731,0.029845249870907052,0.06091370558375635,0.06666666666666667,0.06043956043956044,0.006227106227106226,0.019332292363744515,0.015836421235148685,0.0034958711285958295,0.7604395604395604,0.8380952380952381,0.8413919413919414,0.5043956043956044,-0.003296703296703285,-0.014177633206608364,0.096579476861167,-0.05741083333826921,0.02414486921529175,-0.004782888364380777,0.10663983903420524
2020,89540,PINTO BANDEIRA,21,9,18854.373443487824,0.0,18854.373443487824,0.0,0.0,0.0,0.0,0.0,0.0,0.0,0.0,0.7083333333333333,0.6527777777777778,0.6527777777777778,0.5,0.0,-0.010905768218963824,0.335010060362173,-0.02736306805164444,0.5221327967806841,-0.00036913308989526105,0.7756539235412475
2020,89559,VENÂNCIO AIRES,204,15,531257.8335536362,23164.4251040617,508093.4084495745,0.04360298077698463,0.09313725490196079,0.26666666666666666,0.07936507936507936,0.1873015873015873,0.028261962785451292,0.021752428926887307,0.006509533858563985,0.8675485008818342,0.8292768959435626,0.8320987654320988,0.5947089947089947,-0.002821869488536244,-0.0016246747966907615,0.7525150905432596,-0.028224129325081573,0.37424547283702214,-0.004321206454348169,0.12072434607645875
2020,89567,PEDRAS ALTAS,25,9,41699.414698498746,129.38901679256801,41570.025681706175,0.0031028976720199925,0.04,0.0,0.0625,-0.0625,0.0,0.001245019920318725,-0.001245019920318725,0.40625,0.44791666666666663,0.44791666666666663,0.46875,0.0,-0.007341840308791788,0.6881287726358148,0.012712498874750247,0.8048289738430584,-0.00047379187007951196,0.6790744466800804
2020,89575,VERA CRUZ,82,11,197460.39738251455,608.1283789250697,196852.2690035895,0.0030797485824310433,0.012195121951219513,0.0,0.014084507042253521,-0.014084507042253521,0.0,0.005381884804763541,-0.005381884804763541,0.6587708066581306,0.6555697823303457,0.6568501920614597,0.49295774647887325,-0.001280409731113985,-0.017699043724407254,0.03822937625754527,-0.04633889150840609,0.04225352112676056,-0.002391743081944628,0.1750503018108652
2020,89591,VERANÓPOLIS,52,9,148245.78393286653,21116.675707597482,127129.10822526902,0.14244368471996627,0.28846153846153844,0.5555555555555556,0.23255813953488372,0.3229974160206719,0.10135778756015777,0.07542276119830564,0.02593502636185213,0.7906976744186046,0.8294573643410852,0.834625322997416,0.6744186046511629,-0.0051679586563307955,0.12846423089970344,0.9879275653923542,0.24858752981429372,0.9778672032193159,-0.006051509644108205,0.07847082494969819
2020,89613,VIADUTOS,35,9,83537.75438432767,0.0,83537.75438432767,0.0,0.0,0.0,0.0,0.0,0.0,0.0,0.0,0.653846153846154,0.576923076923077,0.576923076923077,0.5,0.0,-0.010954318175226123,0.3148893360160966,-0.030444015675627784,0.2323943661971831,-0.0006683446172707296,0.4386317907444668
2020,89630,VIAMÃO,446,21,1210962.0557717741,72501.98399746604,1138460.071774308,0.059871392048910115,0.14349775784753363,0.3333333333333333,0.13411764705882354,0.19921568627450978,0.06406611089962831,0.04269125104933326,0.021374859850295053,0.8994957983193277,0.8791036414565827,0.8790476190476191,0.6131652661064425,5.6022408963629644e-05,-0.017964067812154726,0.03621730382293763,-0.059088758426085436,0.02012072434607646,-0.0017014836846110798,0.18712273641851107
2020,89656,VICENTE DUTRA,37,9,63243.669350988945,0.0,63243.669350988945,0.0,0.0,0.0,0.0,0.0,0.0,0.0,0.0,0.626984126984127,0.46825396825396826,0.46825396825396826,0.5,0.0,-0.01121920177851073,0.2595573440643863,-0.03139141871526805,0.19919517102615694,-0.000699474912444174,0.4024144869215292
2020,89672,PALMARES DO SUL,73,9,136653.09733992632,2689.1048749016204,133963.99246502467,0.019678330950760946,0.0410958904109589,0.2222222222222222,0.015625,0.2065972222222222,0.016081184848324704,0.01000390625,0.006077278598324704,0.8333333333333333,0.8142361111111112,0.8220486111111112,0.6015625,-0.0078125,0.0009758538676410931,0.7867203219315896,-0.011873648705641955,0.6861167002012073,-0.008867776561217275,0.04627766599597585
2020,89699,VICTOR GRAEFF,21,9,8641.69834805043,0.0,8641.69834805043,0.0,0.0,0.0,0.0,0.0,0.0,0.0,0.0,0.5648148148148149,0.6064814814814815,0.6064814814814815,0.5,0.0,-0.010905768218963824,0.335010060362173,-0.02736306805164444,0.5221327967806841,-0.00036913308989526105,0.7756539235412475
2020,89710,TAVARES,25,9,58555.775883577415,0.0,58555.775883577415,0.0,0.0,0.0,0.0,0.0,0.0,0.0,0.0,0.8402777777777778,0.7222222222222222,0.7222222222222222,0.5,0.0,-0.01044473798081178,0.5251509054325956,-0.027287501125249754,0.5392354124748491,-0.00047379187007951196,0.6790744466800804
2020,89737,CAPÃO DO LEÃO,99,11,124689.53006925188,1151.5622494538554,123537.96781979802,0.009235436598520214,0.030303030303030304,0.09090909090909091,0.022727272727272728,0.06818181818181818,0.011492931846914146,0.003235006571663505,0.008257925275250641,0.8130165289256198,0.8259297520661157,0.8228305785123967,0.5340909090909091,0.0030991735537190257,-0.015406896973122317,0.07243460764587525,-0.038421061804584225,0.08853118712273642,0.001900100008528006,0.8913480885311871
2020,89753,SALTO DO JACUÍ,60,9,107624.68436141535,2596.83756702684,105027.8467943885,0.024128642814936194,0.06666666666666667,0.3333333333333333,0.0196078431372549,0.3137254901960784,0.036879659619121034,0.013223525180236648,0.023656134438884386,0.8779956427015251,0.840958605664488,0.8366013071895424,0.6557734204793028,0.004357298474945592,0.008398451468030851,0.8370221327967807,0.021836820535720253,0.8350100603621731,0.0033998384075470674,0.9014084507042254
2020,89770,COTIPORÃ,37,9,34441.82947978346,0.0,34441.82947978346,0.0,0.0,0.0,0.0,0.0,0.0,0.0,0.0,0.5,0.44047619047619047,0.44047619047619047,0.5,0.0,-0.01121920177851073,0.2595573440643863,-0.03139141871526805,0.19919517102615694,-0.000699474912444174,0.4024144869215292
2020,98213,TEUTÔNIA,144,11,217559.94602910563,6346.401884658669,211213.54414444696,0.029170819355735792,0.08333333333333333,0.45454545454545453,0.05263157894736842,0.4019138755980861,0.0767736102398803,0.01571548856121084,0.06105812167866946,0.8004101161995898,0.8277511961722488,0.8031442241968557,0.7033492822966507,0.024606971975393077,-0.004996636685979116,0.7082494969818913,-0.009984210396763074,0.6941649899396378,0.02324499309457445,0.96579476861167
2020,98230,BOM PRINCÍPIO,44,9,112529.35618756116,3014.7640912668353,109514.59209629432,0.026790912108675898,0.11363636363636363,0.0,0.14285714285714285,-0.14285714285714285,0.0,0.03145252943608112,-0.03145252943608112,0.6444444444444444,0.6571428571428573,0.6761904761904762,0.4285714285714286,-0.01904761904761898,0.014411992788764197,0.8611670020120724,0.07850452792934326,0.937625754527163,-0.019842248249616282,0.02414486921529175
2020,98256,PAROBÉ,164,15,357411.4104751274,27031.409954432784,330380.00052069465,0.07563107713460628,0.18292682926829268,0.4,0.1610738255033557,0.23892617449664433,0.02454513600298625,0.05274692860704772,-0.028201792604061474,0.8498881431767338,0.8447427293064877,0.8523489932885907,0.6125279642058166,-0.0076062639821029565,0.03758290090228657,0.9255533199195171,0.07972300459672928,0.9396378269617707,-0.009021129174061584,0.04426559356136821
2020,98272,FORTALEZA DOS VALOS,15,9,35879.69080669423,9186.620192272328,26693.070614421897,0.25603955847240306,0.6,0.5555555555555556,0.6666666666666666,-0.11111111111111105,0.2018051696252897,0.4118054785856628,-0.2100003089603731,0.5740740740740741,0.5925925925925926,0.7037037037037037,0.4537037037037037,-0.11111111111111116,0.24289689890122895,0.9959758551307847,0.5693056539845577,0.9959758551307847,-0.11127173962931479,0.004024144869215292
2020,98299,JÓIA,44,9,33232.8185068737,101.31160014858077,33131.50690672512,0.003048540710672073,0.022727272727272728,0.0,0.02857142857142857,-0.02857142857142857,0.0,0.0008394532296971321,-0.0008394532296971321,0.5634920634920635,0.6063492063492063,0.6063492063492063,0.4857142857142857,0.0,-0.009330378609239628,0.6539235412474849,-0.012404562979747652,0.682092555331992,-0.0007946292019973034,0.32494969818913483
2024,84735,ÁUREA,39,9,71415.36999999998,0.0,71415.36999999998,0.0,0.0,0.0,0.0,0.0,0.0,0.0,0.0,0.7240740740740741,0.6962962962962963,0.6962962962962963,0.5,0.0,-0.012520410633487888,0.18008048289738432,-0.037509183320704145,0.16398390342052313,-0.0006099735381365395,0.3551307847082495
2024,84743,TRÊS ARROIOS,32,9,78509.0,0.0,78509.0,0.0,0.0,0.0,0.0,0.0,0.0,0.0,0.0,0.6690821256038647,0.6932367149758455,0.6932367149758455,0.5,0.0,-0.00999572777929234,0.31086519114688127,-0.02919563621982794,0.2887323943661972,-0.0003268955263893768,0.4607645875251509
2024,84751,NOVA ROMA DO SUL,27,9,19867.0,0.0,19867.0,0.0,0.0,0.0,0.0,0.0,0.0,0.0,0.0,0.552469135802469,0.552469135802469,0.552469135802469,0.5,0.0,-0.008469754285805563,0.43259557344064387,-0.02492278211204411,0.45472837022132795,-6.251572241305413e-05,0.5885311871227364
2024,84760,PROGRESSO,24,9,50521.880000000005,0.0,50521.880000000005,0.0,0.0,0.0,0.0,0.0,0.0,0.0,0.0,0.45925925925925926,0.48148148148148145,0.48148148148148145,0.5,0.0,-0.007755632618416723,0.49798792756539234,-0.023493730319618284,0.5523138832997988,0.00013197811887939332,0.6519114688128773
2024,84778,PIRAPÓ,19,9,55040.990000000005,0.0,55040.990000000005,0.0,0.0,0.0,0.0,0.0,0.0,0.0,0.0,0.5444444444444444,0.5555555555555555,0.5555555555555555,0.5,0.0,-0.007157112950459968,0.6720321931589537,-0.024302732164587268,0.48490945674044267,0.0005438974677727271,0.7696177062374245
2024,84786,JABOTICABA,17,9,25770.0,0.0,25770.0,0.0,0.0,0.0,0.0,0.0,0.0,0.0,0.0,0.5347222222222222,0.5486111111111112,0.5486111111111112,0.5,0.0,-0.007246794739680614,0.6006036217303823,-0.0263547626666076,0.37122736418511065,0.0007517422782394137,0.8189134808853119
2024,84794,SÃO JORGE,20,9,45026.66,0.0,45026.66,0.0,0.0,0.0,0.0,0.0,0.0,0.0,0.0,0.35858585858585856,0.2777777777777778,0.2777777777777778,0.5,0.0,-0.00719647995104733,0.6227364185110664,-0.023715382425540166,0.5160965794768612,0.00045055022724560685,0.7464788732394366
2024,84808,ALTO ALEGRE,25,9,34935.0,0.0,34935.0,0.0,0.0,0.0,0.0,0.0,0.0,0.0,0.0,0.5902777777777778,0.42013888888888884,0.42013888888888884,0.5,0.0,-0.007971512151833364,0.4738430583501006,-0.023848049466754073,0.4959758551307847,6.35466422735291e-05,0.6297786720321932
2024,84816,NOVA HARTZ,46,9,159460.74,196.0,159264.74,0.0012291426717322396,0.043478260869565216,0.2222222222222222,0.0,0.2222222222222222,0.0049042385706255165,0.0,0.0049042385706255165,0.8168168168168167,0.7852852852852853,0.7852852852852853,0.6111111111111112,0.0,-0.014021173434178679,0.13279678068410464,-0.003752112190207338,0.6851106639839034,-0.0008252827933538651,0.29275653923541245
2024,84824,DOIS LAJEADOS,28,9,19070.35,0.0,19070.35,0.0,0.0,0.0,0.0,0.0,0.0,0.0,0.0,0.4385964912280702,0.4385964912280702,0.4385964912280702,0.5,0.0,-0.00874689660613006,0.4014084507042254,-0.025616582379459695,0.3953722334004024,-0.00012073014560878454,0.5573440643863179
2024,84832,SÃO DOMINGOS DO SUL,13,9,19960.0,40.0,19920.0,0.002004008016032064,0.07692307692307693,0.0,0.25,-0.25,0.0,0.0034482758620689655,-0.0034482758620689655,0.3055555555555556,0.3055555555555556,0.3055555555555556,0.375,0.0,-0.006420849506699081,0.6861167002012073,0.04134850241191692,0.8480885311871227,0.0012820874236763272,0.8561368209255533
2024,84840,TUNAS,18,9,60410.64000000001,0.0,60410.64000000001,0.0,0.0,0.0,0.0,0.0,0.0,0.0,0.0,0.5679012345679013,0.5679012345679013,0.5679012345679013,0.5,0.0,-0.007170943660368933,0.6519114688128773,-0.02516791945424791,0.42655935613682094,0.0006440140385009529,0.7937625754527163
2024,84859,SÃO JOÃO DA URTIGA,36,9,103596.0,0.0,103596.0,0.0,0.0,0.0,0.0,0.0,0.0,0.0,0.0,0.6275720164609053,0.594650205761317,0.594650205761317,0.5,0.0,-0.011401305952920136,0.23641851106639838,-0.03370961194374907,0.21026156941649898,-0.0004986926650101079,0.39738430583501005
2024,84867,GUABIJU,18,9,38523.0,0.0,38523.0,0.0,0.0,0.0,0.0,0.0,0.0,0.0,0.0,0.3580246913580247,0.5185185185185186,0.5185185185185186,0.5,0.0,-0.007170943660368933,0.6519114688128773,-0.02516791945424791,0.42655935613682094,0.0006440140385009529,0.7937625754527163
2024,84875,QUINZE DE NOVEMBRO,32,9,112443.7,0.0,112443.7,0.0,0.0,0.0,0.0,0.0,0.0,0.0,0.0,0.8019323671497586,0.7971014492753622,0.7971014492753622,0.5,0.0,-0.00999572777929234,0.31086519114688127,-0.02919563621982794,0.2887323943661972,-0.0003268955263893768,0.4607645875251509
2024,84883,DOUTOR MAURÍCIO CARDOSO,24,9,40139.42,650.0,39489.42,0.016193557355836233,0.08333333333333333,0.0,0.13333333333333333,-0.13333333333333333,0.0,0.01657577478446186,-0.01657577478446186,0.7592592592592593,0.8037037037037037,0.8185185185185184,0.43333333333333335,-0.014814814814814725,0.00843792473741951,0.8169014084507042,0.05983960301371505,0.8913480885311871,-0.014682836695935331,0.0482897384305835
2024,84891,CAPELA DE SANTANA,55,9,101582.88,0.0,101582.88,0.0,0.0,0.0,0.0,0.0,0.0,0.0,0.0,0.7765700483091786,0.7850241545893719,0.7850241545893719,0.5,0.0,-0.018850209140076988,0.056338028169014086,-0.06063610319918064,0.052313883299798795,-0.001036457997996429,0.24748490945674045
2024,84905,JAQUIRANA,38,9,78534.76000000001,0.0,78534.76000000001,0.0,0.0,0.0,0.0,0.0,0.0,0.0,0.0,0.7279693486590038,0.7164750957854406,0.7164750957854406,0.5,0.0,-0.012142648369256187,0.19416498993963782,-0.03621097169692951,0.176056338028169,-0.0005743494886511018,0.36619718309859156
2024,84913,VANINI,22,9,57158.0,100.0,57058.0,0.0017495363728611917,0.045454545454545456,0.1111111111111111,0.0,0.1111111111111111,0.006594131223211342,0.0,0.006594131223211342,0.4786324786324786,0.4786324786324786,0.4572649572649572,0.5555555555555556,0.021367521367521403,-0.005657102086022788,0.6981891348088531,0.022220818991578597,0.7887323943661971,0.021648925311659455,0.9617706237424547
2024,84921,BOQUEIRÃO DO LEÃO,37,9,65008.74,0.0,65008.74,0.0,0.0,0.0,0.0,0.0,0.0,0.0,0.0,0.5912698412698412,0.6031746031746031,0.6031746031746031,0.5,0.0,-0.011769404035102389,0.21730382293762576,-0.03494332525367548,0.19718309859154928,-0.0005372860873442125,0.38329979879275655
2024,84930,FAGUNDES VARELA,13,9,32379.87,0.0,32379.87,0.0,0.0,0.0,0.0,0.0,0.0,0.0,0.0,0.41666666666666663,0.41666666666666663,0.41666666666666663,0.5,0.0,-0.008424857522731146,0.44668008048289737,-0.03557457451116001,0.18712273641851107,0.0012820874236763272,0.8561368209255533
2024,84948,ÁGUA SANTA,24,9,48751.520000000004,0.0,48751.520000000004,0.0,0.0,0.0,0.0,0.0,0.0,0.0,0.0,0.4481481481481481,0.4481481481481481,0.4481481481481481,0.5,0.0,-0.007755632618416723,0.49798792756539234,-0.023493730319618284,0.5523138832997988,0.00013197811887939332,0.6519114688128773
2024,84956,SILVEIRA MARTINS,22,9,40496.0,0.0,40496.0,0.0,0.0,0.0,0.0,0.0,0.0,0.0,0.0,0.7136752136752136,0.7222222222222221,0.7222222222222221,0.5,0.0,-0.0074066384588839795,0.5603621730382293,-0.02323372646296686,0.6146881287726358,0.0002814039441380509,0.7052313883299799
2024,84964,IBIRAPUITÃ,36,9,89695.87,0.0,89695.87,0.0,0.0,0.0,0.0,0.0,0.0,0.0,0.0,0.7613168724279835,0.7613168724279835,0.7613168724279835,0.5,0.0,-0.011401305952920136,0.23641851106639838,-0.03370961194374907,0.21026156941649898,-0.0004986926650101079,0.39738430583501005
2024,84972,IBARAMA,20,9,53660.0,0.0,53660.0,0.0,0.0,0.0,0.0,0.0,0.0,0.0,0.0,0.7777777777777777,0.7525252525252525,0.7525252525252525,0.5,0.0,-0.00719647995104733,0.6227364185110664,-0.023715382425540166,0.5160965794768612,0.00045055022724560685,0.7464788732394366
2024,84980,PANTANO GRANDE,59,9,259264.6,2200.0,257064.6,0.008485539483600923,0.03389830508474576,0.1111111111111111,0.02,0.0911111111111111,0.0026773761713520753,0.0024443901246638967,0.00023298604668817863,0.8822222222222222,0.8844444444444446,0.8844444444444446,0.5444444444444445,0.0,-0.011963472587552232,0.20724346076458752,-0.03282971669436039,0.2193158953722334,-0.0011131168751489237,0.2454728370221328
2024,84999,IPÊ,30,9,82524.62,0.0,82524.62,0.0,0.0,0.0,0.0,0.0,0.0,0.0,0.0,0.5767195767195767,0.5291005291005291,0.5291005291005291,0.5,0.0,-0.009346620522866975,0.34909456740442657,-0.027262688351953942,0.335010060362173,-0.00022874876898421533,0.5020120724346077
2024,85006,TRINDADE DO SUL,35,9,45935.38999999999,0.0,45935.38999999999,0.0,0.0,0.0,0.0,0.0,0.0,0.0,0.0,0.5128205128205128,0.5085470085470085,0.5085470085470085,0.5,0.0,-0.011039055620365574,0.2515090543259557,-0.03251357314488317,0.22736418511066397,-0.00045847032660579953,0.4124748490945674
2024,85014,AGUDO,66,9,126357.15999999999,387.0,125970.15999999999,0.0030627468993446832,0.015151515151515152,0.0,0.017543859649122806,-0.017543859649122806,0.0,0.0033790243787441034,-0.0033790243787441034,0.7426900584795322,0.7378167641325536,0.7378167641325536,0.49122807017543857,0.0,-0.020156271975345287,0.05030181086519115,-0.0622748895807186,0.05030181086519115,-0.0012280922520853034,0.23340040241448692
2024,85022,ERNESTINA,23,9,44232.92,0.0,44232.92,0.0,0.0,0.0,0.0,0.0,0.0,0.0,0.0,0.4801587301587302,0.4365079365079365,0.4365079365079365,0.5,0.0,-0.007566084717726943,0.53420523138833,-0.02328260699937309,0.5905432595573441,0.00020446388751197816,0.6790744466800804
2024,85030,AJURICABA,34,9,105824.5,11.0,105813.5,0.00010394568365548621,0.029411764705882353,0.0,0.04,-0.04,0.0,0.00013439218081857056,-0.00013439218081857056,0.7822222222222222,0.8044444444444444,0.8044444444444444,0.48,0.0,-0.010579492119995678,0.2776659959758551,-0.0019476093199637598,0.6951710261569416,-0.0004165109579370717,0.4255533199195171
2024,85049,DEZESSEIS DE NOVEMBRO,23,9,55307.340000000004,0.0,55307.340000000004,0.0,0.0,0.0,0.0,0.0,0.0,0.0,0.0,0.5396825396825397,0.5714285714285714,0.5714285714285714,0.5,0.0,-0.007566084717726943,0.53420523138833,-0.02328260699937309,0.5905432595573441,0.00020446388751197816,0.6790744466800804
2024,85057,ALECRIM,20,9,53027.350000000006,0.0,53027.350000000006,0.0,0.0,0.0,0.0,0.0,0.0,0.0,0.0,0.7272727272727272,0.6111111111111112,0.6111111111111112,0.5,0.0,-0.00719647995104733,0.6227364185110664,-0.023715382425540166,0.5160965794768612,0.00045055022724560685,0.7464788732394366
2024,85065,BROCHIER,38,9,70977.1,0.0,70977.1,0.0,0.0,0.0,0.0,0.0,0.0,0.0,0.0,0.5938697318007662,0.6704980842911877,0.6704980842911877,0.5,0.0,-0.012142648369256187,0.19416498993963782,-0.03621097169692951,0.176056338028169,-0.0005743494886511018,0.36619718309859156
2024,85073,ALEGRETE,108,15,1062722.89,42133.68,1020589.21,0.03964691115291589,0.21296296296296297,0.4,0.1827956989247312,0.21720430107526884,0.06818221306174263,0.01743481528736918,0.050747397774373454,0.6580645161290323,0.7017921146953405,0.6924731182795699,0.625448028673835,0.009318996415770608,0.0010866435517148804,0.7645875251509054,0.07433599126639004,0.9134808853118712,0.007695912760920371,0.9195171026156942
2024,85081,EREBANGO,41,9,85967.95,0.0,85967.95,0.0,0.0,0.0,0.0,0.0,0.0,0.0,0.0,0.6770833333333333,0.6892361111111112,0.6892361111111112,0.5,0.0,-0.0132872906214971,0.15191146881287726,-0.04018544275756261,0.13782696177062373,-0.0006772302091130983,0.3319919517102616
2024,85090,ALPESTRE,24,9,79142.94,3475.0,75667.94,0.043907896269711484,0.125,0.2222222222222222,0.06666666666666667,0.15555555555555556,0.05814339981006647,0.025666666666666667,0.0324767331433998,0.45185185185185184,0.40740740740740733,0.362962962962963,0.5777777777777778,0.04444444444444434,0.03615226365129476,0.9275653923541247,0.10150626968038172,0.9336016096579477,0.04457642256332373,0.9879275653923542
2024,85103,ENTRE-IJUÍS,49,9,168502.43,648.0,167854.43,0.0038456418699718458,0.04081632653061224,0.2222222222222222,0.0,0.2222222222222222,0.006071386436032635,0.0,0.006071386436032635,0.6902777777777779,0.701388888888889,0.701388888888889,0.6111111111111112,0.0,-0.01260059495736952,0.17706237424547283,-0.010810087598988702,0.6599597585513078,-0.0009025667391385827,0.27062374245472837
2024,85111,ALVORADA,277,17,2469399.17,93138.36,2376260.8099999996,0.03771701275820871,0.1371841155234657,0.5882352941176471,0.1076923076923077,0.4805429864253394,0.06949211467086064,0.012656824363325549,0.05683529030753509,0.9355203619909502,0.9328054298642534,0.9289592760180995,0.7591628959276018,0.0038461538461539435,-0.044687946866746264,0.002012072434607646,-0.18346926470935576,0.002012072434607646,0.0019770519460292416,0.8732394366197183
2024,85120,NOVA ESPERANÇA DO SUL,31,9,122464.65000000001,5155.0,117309.65000000001,0.04209377971520761,0.06451612903225806,0.1111111111111111,0.045454545454545456,0.06565656565656565,0.04496326051982925,0.011909090909090909,0.033054169610738336,0.606060606060606,0.6363636363636364,0.6262626262626263,0.5353535353535355,0.010101010101010055,0.03242804182458495,0.9134808853118712,0.036319002878346246,0.8340040241448692,0.00982204420333645,0.9356136820925554
2024,85138,ANTA GORDA,23,9,86004.54000000001,0.0,86004.54000000001,0.0,0.0,0.0,0.0,0.0,0.0,0.0,0.0,0.5238095238095238,0.5238095238095238,0.5238095238095238,0.5,0.0,-0.007566084717726943,0.53420523138833,-0.02328260699937309,0.5905432595573441,0.00020446388751197816,0.6790744466800804
2024,85146,PAVERAMA,60,9,123879.83,0.0,123879.83,0.0,0.0,0.0,0.0,0.0,0.0,0.0,0.0,0.696078431372549,0.7222222222222222,0.7222222222222222,0.5,0.0,-0.020847258035162648,0.04627766599597585,-0.06825573204121484,0.04426559356136821,-0.0011309375056794077,0.24346076458752516
2024,85154,ANTÔNIO PRADO,34,9,115571.97,0.0,115571.97,0.0,0.0,0.0,0.0,0.0,0.0,0.0,0.0,0.6844444444444445,0.6888888888888889,0.6888888888888889,0.5,0.0,-0.010683437803651163,0.26961770623742454,-0.03135937402584611,0.24346076458752516,-0.0004165109579370717,0.4255533199195171
2024,85162,TERRA DE AREIA,28,9,89165.54,9495.93,79669.61,0.10649775686885316,0.17857142857142858,0.2222222222222222,0.15789473684210525,0.06432748538011696,0.07483188570449331,0.04548909140165551,0.029342794302837802,0.6812865497076024,0.6169590643274854,0.6345029239766082,0.5497076023391813,-0.01754385964912286,0.09775086026272309,0.9839034205231388,0.1529548461919689,0.9678068410462777,-0.017664589794731646,0.03621730382293763
2024,85170,ARATIBA,25,9,97470.88,0.0,97470.88,0.0,0.0,0.0,0.0,0.0,0.0,0.0,0.0,0.6597222222222223,0.6736111111111112,0.6736111111111112,0.5,0.0,-0.007971512151833364,0.4738430583501006,-0.023848049466754073,0.4959758551307847,6.35466422735291e-05,0.6297786720321932
2024,85189,HARMONIA,19,9,17589.0,318.05,17270.95,0.018082324179885156,0.05263157894736842,0.1111111111111111,0.0,0.1111111111111111,0.026771885521885523,0.0,0.026771885521885523,0.6388888888888888,0.6166666666666666,0.6166666666666666,0.5555555555555556,0.0,0.010925211229425188,0.8390342052313883,0.02832884678278115,0.8058350100603622,0.0005438974677727271,0.7696177062374245
2024,85197,ARROIO DO MEIO,84,11,239229.9,10486.36,228743.54,0.04383381843155894,0.11904761904761904,0.18181818181818182,0.1095890410958904,0.07222914072229142,0.027471955854402996,0.02072270118925662,0.006749254665146375,0.6980074719800747,0.7291407222914073,0.740348692403487,0.5361145703611457,-0.011207970112079746,0.01374996464465408,0.8571428571428571,0.014551619772014107,0.7645875251509054,-0.012652028311683047,0.05432595573440644
2024,85200,CAMPOS BORGES,24,9,78462.61,0.0,78462.61,0.0,0.0,0.0,0.0,0.0,0.0,0.0,0.0,0.6407407407407407,0.5629629629629629,0.5629629629629629,0.5,0.0,-0.007755632618416723,0.49798792756539234,-0.023493730319618284,0.5523138832997988,0.00013197811887939332,0.6519114688128773
2024,85219,ARROIO DOS RATOS,86,9,209206.77,3050.0099999999998,206156.75999999998,0.014578925911432025,0.06976744186046512,0.2222222222222222,0.05194805194805195,0.17027417027417024,0.0046279361385325474,0.004281854860015362,0.0003460812785171857,0.7215007215007214,0.7056277056277057,0.7085137085137085,0.5836940836940837,-0.0028860028860028253,-0.016241205390429753,0.08853118712273642,-0.03766733150420036,0.16096579476861167,-0.004348825097503882,0.16498993963782696
2024,85227,CERRO GRANDE,17,9,39368.0,0.0,39368.0,0.0,0.0,0.0,0.0,0.0,0.0,0.0,0.0,0.3888888888888889,0.36805555555555547,0.36805555555555547,0.5,0.0,-0.007246794739680614,0.6006036217303823,-0.0263547626666076,0.37122736418511065,0.0007517422782394137,0.8189134808853119
2024,85235,ARROIO DO TIGRE,25,9,81930.6,0.0,81930.6,0.0,0.0,0.0,0.0,0.0,0.0,0.0,0.0,0.642361111111111,0.65625,0.65625,0.5,0.0,-0.007971512151833364,0.4738430583501006,-0.023848049466754073,0.4959758551307847,6.35466422735291e-05,0.6297786720321932
2024,85243,IPIRANGA DO SUL,27,9,58508.5,0.0,58508.5,0.0,0.0,0.0,0.0,0.0,0.0,0.0,0.0,0.5030864197530864,0.5432098765432098,0.5432098765432098,0.5,0.0,-0.008469754285805563,0.43259557344064387,-0.02492278211204411,0.45472837022132795,-6.251572241305413e-05,0.5885311871227364
2024,85251,ARROIO GRANDE,48,9,142314.7,2000.0,140314.7,0.014053362020929671,0.020833333333333332,0.0,0.02564102564102564,-0.02564102564102564,0.0,0.008547008547008546,-0.008547008547008546,0.933048433048433,0.9401709401709402,0.9458689458689459,0.48717948717948717,-0.005698005698005715,-0.0019933436550071196,0.7323943661971831,-0.029317122858888742,0.2796780684104628,-0.006575663500080386,0.11871227364185111
2024,85260,LAGOÃO,40,9,73942.0,0.0,73942.0,0.0,0.0,0.0,0.0,0.0,0.0,0.0,0.0,0.8817204301075269,0.7849462365591398,0.7849462365591398,0.5,0.0,-0.01290212699712796,0.16700201207243462,-0.03883492217701873,0.1488933601609658,-0.0006442415440082696,0.34305835010060365
2024,85278,ARVOREZINHA,35,9,71734.92,0.0,71734.92,0.0,0.0,0.0,0.0,0.0,0.0,0.0,0.0,0.8012820512820513,0.8376068376068376,0.8376068376068376,0.5,0.0,-0.011039055620365574,0.2515090543259557,-0.03251357314488317,0.22736418511066397,-0.00045847032660579953,0.4124748490945674
2024,85286,ESTAÇÃO,42,9,88609.65,1500.0,87109.65,0.01692817881573847,0.023809523809523808,0.0,0.030303030303030304,-0.030303030303030304,0.0,0.013255918767729791,-0.013255918767729791,0.4242424242424243,0.38383838383838387,0.39057239057239057,0.48484848484848486,-0.006734006734006703,0.0032527336532850743,0.7806841046277666,-0.017748735574733818,0.6408450704225352,-0.007443017027379076,0.10865191146881288
2024,85294,AUGUSTO PESTANA,21,9,100639.29000000001,2400.0,98239.29000000001,0.023847545029381665,0.09523809523809523,0.1111111111111111,0.08333333333333333,0.027777777777777776,0.026143790849673203,0.002332960059723778,0.023810830789949427,0.6944444444444444,0.6944444444444444,0.6944444444444444,0.5185185185185186,0.0,0.01656583924693205,0.8651911468812877,0.0718687950666892,0.9094567404426559,0.00036325663373670635,0.7233400402414487
2024,85308,ARROIO DO SAL,62,9,189633.52,1110.0,188523.52,0.005853395538932147,0.04838709677419355,0.1111111111111111,0.03773584905660377,0.07337526205450734,0.003746849240411472,0.0028862322056743468,0.0008606170347371252,0.7044025157232704,0.7190775681341719,0.7190775681341719,0.5345911949685535,0.0,-0.015788064336659594,0.10261569416498995,-0.022926273426685476,0.6257545271629779,-0.0011651115413159514,0.23843058350100604
2024,85316,BAGÉ,176,17,2106463.4000000004,56408.61,2050054.79,0.02677882274147274,0.26136363636363635,0.5294117647058824,0.23270440251572327,0.2967073621901591,0.023066814410762165,0.028273847183929474,-0.005207032773167308,0.901590825009249,0.9023307436182021,0.9034406215316315,0.6685164631890492,-0.0011098779134294245,-0.03212998378986731,0.01006036217303823,0.03904447033234279,0.8430583501006036,-0.0029447784448945833,0.2012072434607646
2024,85324,SÃO JOSÉ DO HORTÊNCIO,29,9,47600.0,0.0,47600.0,0.0,0.0,0.0,0.0,0.0,0.0,0.0,0.0,0.575,0.5555555555555555,0.5555555555555555,0.5,0.0,-0.009039800480749866,0.37424547283702214,-0.026399717891850718,0.35412474849094566,-0.00017606857897033395,0.528169014084507
2024,85332,BARÃO DE COTEGIPE,32,9,95548.37,2515.0,93033.37,0.026321746776004656,0.0625,0.0,0.08695652173913043,-0.08695652173913043,0.0,0.02594443941680442,-0.02594443941680442,0.5917874396135266,0.4903381642512077,0.5048309178743962,0.4565217391304348,-0.01449275362318847,0.016326018996712315,0.8631790744466801,0.033304363780172055,0.8249496981891348,-0.014819649149577847,0.04527162977867203
2024,85340,PINHAL,22,9,51264.0,0.0,51264.0,0.0,0.0,0.0,0.0,0.0,0.0,0.0,0.0,0.6153846153846154,0.6324786324786325,0.6324786324786325,0.5,0.0,-0.0074066384588839795,0.5603621730382293,-0.02323372646296686,0.6146881287726358,0.0002814039441380509,0.7052313883299799
2024,85359,BARRACÃO,19,9,49760.0,1000.0,48760.0,0.02009646302250804,0.05263157894736842,0.1111111111111111,0.0,0.1111111111111111,0.031746031746031744,0.0,0.031746031746031744,0.48333333333333334,0.5333333333333332,0.5166666666666666,0.5555555555555556,0.016666666666666607,0.012939350072048071,0.8490945674044266,0.02832884678278115,0.8058350100603622,0.017210564134439336,0.9557344064386318
2024,85367,TRÊS CACHOEIRAS,29,9,63079.25,130.0,62949.25,0.0020608995826678347,0.034482758620689655,0.0,0.05,-0.05,0.0,0.008125,-0.008125,0.55,0.7222222222222222,0.7222222222222222,0.475,0.0,-0.006978900898082031,0.682092555331992,0.008083040728838937,0.7394366197183099,-0.00017606857897033395,0.528169014084507
2024,85375,BARRA DO RIBEIRO,76,9,133392.21000000002,430.0,132962.21000000002,0.003223576549185293,0.039473684210526314,0.1111111111111111,0.029850746268656716,0.08126036484245439,0.0021787346780483764,0.0009568148891887375,0.001221919788859639,0.7844112769485904,0.8316749585406302,0.8316749585406301,0.5406301824212272,1.1102230246251565e-16,-0.02386078428624561,0.03420523138832998,-0.05311436155688093,0.06841046277665996,-0.001359652143600051,0.22535211267605634
2024,85383,SÃO VENDELINO,38,9,59113.19,0.0,59113.19,0.0,0.0,0.0,0.0,0.0,0.0,0.0,0.0,0.7241379310344828,0.7394636015325671,0.7394636015325671,0.5,0.0,-0.012142648369256187,0.19416498993963782,-0.03621097169692951,0.176056338028169,-0.0005743494886511018,0.36619718309859156
2024,85391,BARROS CASSAL,32,9,115284.4,0.0,115284.4,0.0,0.0,0.0,0.0,0.0,0.0,0.0,0.0,0.8019323671497584,0.7801932367149759,0.7801932367149759,0.5,0.0,-0.00999572777929234,0.31086519114688127,-0.02919563621982794,0.2887323943661972,-0.0003268955263893768,0.4607645875251509
2024,85405,PROTÁSIO ALVES,18,9,48319.7,0.0,48319.7,0.0,0.0,0.0,0.0,0.0,0.0,0.0,0.0,0.39506172839506176,0.4012345679012346,0.4012345679012346,0.5,0.0,-0.007170943660368933,0.6519114688128773,-0.02516791945424791,0.42655935613682094,0.0006440140385009529,0.7937625754527163
2024,85413,BENTO GONÇALVES,156,17,992302.51,70647.0,921655.51,0.07119502297741845,0.22435897435897437,0.35294117647058826,0.20863309352517986,0.1443080829454084,0.04308943968736522,0.061663150931095465,-0.018573711243730244,0.8660600931019891,0.8590774439272111,0.8650021159542953,0.5742699957680915,-0.0059246720270842435,0.017789538214855266,0.8672032193158954,0.024850164861336843,0.7967806841046278,-0.007724062023058916,0.1006036217303823
2024,85421,POUSO NOVO,24,9,10610.46,0.0,10610.46,0.0,0.0,0.0,0.0,0.0,0.0,0.0,0.0,0.674074074074074,0.7185185185185184,0.7185185185185184,0.5,0.0,-0.007755632618416723,0.49798792756539234,-0.023493730319618284,0.5523138832997988,0.00013197811887939332,0.6519114688128773
2024,85430,BOA VISTA DO BURICÁ,32,9,81634.6,0.0,81634.6,0.0,0.0,0.0,0.0,0.0,0.0,0.0,0.0,0.6956521739130435,0.7053140096618358,0.7053140096618358,0.5,0.0,-0.00999572777929234,0.31086519114688127,-0.02919563621982794,0.2887323943661972,-0.0003268955263893768,0.4607645875251509
2024,85448,EUGÊNIO DE CASTRO,32,9,129095.64,0.0,129095.64,0.0,0.0,0.0,0.0,0.0,0.0,0.0,0.0,0.6908212560386473,0.6811594202898551,0.6811594202898551,0.5,0.0,-0.00999572777929234,0.31086519114688127,-0.02919563621982794,0.2887323943661972,-0.0003268955263893768,0.4607645875251509
2024,85456,BOM JESUS,25,9,83143.54000000001,50.0,83093.54000000001,0.0006013696313628214,0.04,0.0,0.0625,-0.0625,0.0,0.003676470588235294,-0.003676470588235294,0.8125,0.7291666666666666,0.7291666666666666,0.46875,0.0,-0.007370142520470542,0.579476861167002,0.01615195053324593,0.7686116700201208,6.35466422735291e-05,0.6297786720321932
2024,85464,CRISTAL,47,9,172389.07999999993,1500.0,170889.07999999993,0.008701247201968946,0.0425531914893617,0.1111111111111111,0.02631578947368421,0.0847953216374269,0.0038191778180930187,0.0020242914979757085,0.0017948863201173101,0.6622807017543859,0.6988304093567252,0.6988304093567252,0.5409356725146199,0.0,-0.006946742580264622,0.6841046277665996,-0.006131486743401075,0.6770623742454729,-0.0008519105565579001,0.2857142857142857
2024,85472,BOM RETIRO DO SUL,42,9,138935.06,3035.29,135899.77000000002,0.021846825416133264,0.14285714285714285,0.3333333333333333,0.09090909090909091,0.2424242424242424,0.01862653523455435,0.012027140954400028,0.006599394280154323,0.8299663299663299,0.8383838383838383,0.8417508417508417,0.6178451178451178,-0.0033670033670033517,0.00817138025367987,0.8108651911468813,0.10129888347288522,0.9305835010060363,-0.0040760136603757244,0.17806841046277666
2024,85480,SÃO MIGUEL DAS MISSÕES,30,9,68202.55,130.0,68072.55,0.0019060870891191017,0.03333333333333333,0.0,0.047619047619047616,-0.047619047619047616,0.0,0.0027151211361737676,-0.0027151211361737676,0.7671957671957672,0.626984126984127,0.6269841269841269,0.47619047619047616,1.1102230246251565e-16,-0.007440533433747874,0.5492957746478874,0.006070644981379391,0.7293762575452716,-0.0002287487689841043,0.5130784708249497
2024,85499,BOSSOROCA,28,9,71616.03,0.0,71616.03,0.0,0.0,0.0,0.0,0.0,0.0,0.0,0.0,0.5555555555555556,0.5847953216374269,0.5847953216374269,0.5,0.0,-0.00874689660613006,0.4014084507042254,-0.025616582379459695,0.3953722334004024,-0.00012073014560878454,0.5573440643863179
2024,85502,GLORINHA,48,9,135367.09,768.76,134598.33,0.005679076059033256,0.0625,0.2222222222222222,0.02564102564102564,0.19658119658119658,0.01343160499400967,0.025111111111111112,-0.011679506117101442,0.717948717948718,0.7378917378917379,0.7321937321937322,0.6011396011396012,0.005698005698005715,-0.010367629616903535,0.2857142857142857,0.012349543807777925,0.7505030181086519,0.004820347895931044,0.9054325955734407
2024,85510,BRAGA,18,10,41482.75,0.0,41482.75,0.0,0.0,0.0,0.0,0.0,0.0,0.0,0.0,0.5375,0.525,0.525,0.5,0.0,-0.007170943660368933,0.6519114688128773,-0.02516791945424791,0.42655935613682094,0.0006440140385009529,0.7937625754527163
2024,85529,SEGREDO,27,9,67015.0,0.0,67015.0,0.0,0.0,0.0,0.0,0.0,0.0,0.0,0.0,0.6574074074074074,0.654320987654321,0.654320987654321,0.5,0.0,-0.008469754285805563,0.43259557344064387,-0.02492278211204411,0.45472837022132795,-6.251572241305413e-05,0.5885311871227364
2024,85537,BUTIÁ,95,9,244454.19,4921.71,239532.48,0.020133465497155112,0.10526315789473684,0.4444444444444444,0.06976744186046512,0.3746770025839793,0.029686962939922998,0.0052673221637143195,0.02441964077620868,0.9108527131782945,0.9056847545219638,0.9056847545219638,0.6912144702842378,0.0,-0.01393198744078207,0.13682092555331993,-0.015188705057668395,0.647887323943662,-0.0015376241301217736,0.22132796780684105
2024,85545,ALEGRIA,22,9,30405.45,0.0,30405.45,0.0,0.0,0.0,0.0,0.0,0.0,0.0,0.0,0.594017094017094,0.6153846153846154,0.6153846153846154,0.5,0.0,-0.0074066384588839795,0.5603621730382293,-0.02323372646296686,0.6146881287726358,0.0002814039441380509,0.7052313883299799
2024,85553,CAÇAPAVA DO SUL,82,11,284693.49,16375.84,268317.65,0.05752094998730038,0.17073170731707318,0.2727272727272727,0.15492957746478872,0.11779769526248399,0.06472808568420721,0.03752684359489059,0.027201242089316617,0.8169014084507042,0.8335467349551856,0.8297055057618438,0.5761843790012804,0.003841229193341844,0.02817885137309956,0.8933601609657947,0.06919038368765923,0.9074446680080482,0.002416814112582629,0.8792756539235412
2024,85561,SALDANHA MARINHO,23,9,76361.52,0.0,76361.52,0.0,0.0,0.0,0.0,0.0,0.0,0.0,0.0,0.6944444444444444,0.7222222222222223,0.7222222222222223,0.5,0.0,-0.007566084717726943,0.53420523138833,-0.02328260699937309,0.5905432595573441,0.00020446388751197816,0.6790744466800804
2024,85570,CACEQUI,39,9,83405.35,2193.0,81212.35,0.026293277349714376,0.05128205128205128,0.1111111111111111,0.03333333333333333,0.07777777777777778,0.06549206349206349,0.0025555588319130323,0.06293650466015045,0.7222222222222222,0.737037037037037,0.6851851851851851,0.5407407407407407,0.05185185185185193,0.013772866716226488,0.8591549295774648,0.013772867961347135,0.7535211267605634,0.051241878313715385,0.9919517102615694
2024,85588,SÃO JOSÉ DO HERVAL,30,9,51750.58,0.0,51750.58,0.0,0.0,0.0,0.0,0.0,0.0,0.0,0.0,0.41269841269841273,0.28571428571428575,0.28571428571428575,0.5,0.0,-0.009346620522866975,0.34909456740442657,-0.027262688351953942,0.335010060362173,-0.00022874876898421533,0.5020120724346077
2024,85596,CACHOEIRA DO SUL,150,15,816260.94,32199.19,784061.75,0.039447177271523005,0.11333333333333333,0.3333333333333333,0.08888888888888889,0.2444444444444444,0.041514949751673025,0.021187357918707038,0.020327591832965987,0.8098765432098765,0.7987654320987655,0.8012345679012345,0.6281481481481481,-0.0024691358024689913,-0.012236442355347606,0.1851106639839034,-0.07906134600889224,0.03420523138832998,-0.0042545977687200075,0.1710261569416499
2024,85600,VISTA ALEGRE,29,9,73219.0,0.0,73219.0,0.0,0.0,0.0,0.0,0.0,0.0,0.0,0.0,0.4722222222222222,0.44166666666666665,0.44166666666666665,0.5,0.0,-0.009039800480749866,0.37424547283702214,-0.026399717891850718,0.35412474849094566,-0.00017606857897033395,0.528169014084507
2024,85618,CACHOEIRINHA,196,17,1611142.78,140116.96999999997,1471025.81,0.08696744431303598,0.3010204081632653,0.7647058823529411,0.2569832402234637,0.5077226421294774,0.11342892066926635,0.05326192339121648,0.060166997278049875,0.8797239566217548,0.8724942490962866,0.8616496878080842,0.7977325008215577,0.010844561288202437,0.02288376186677271,0.8772635814889336,0.057163084975499545,0.8832997987927566,0.008987328088287052,0.9295774647887324
2024,85626,IVORÁ,20,9,25828.9,0.0,25828.9,0.0,0.0,0.0,0.0,0.0,0.0,0.0,0.0,0.5606060606060607,0.5656565656565656,0.5656565656565656,0.5,0.0,-0.00719647995104733,0.6227364185110664,-0.023715382425540166,0.5160965794768612,0.00045055022724560685,0.7464788732394366
2024,85634,CACIQUE DOBLE,14,9,38777.35,0.0,38777.35,0.0,0.0,0.0,0.0,0.0,0.0,0.0,0.0,0.6777777777777778,0.6777777777777778,0.6777777777777778,0.5,0.0,-0.007966146981543548,0.48390342052313884,-0.03243652749084797,0.23641851106639838,0.0011316405877142635,0.8501006036217303
2024,85642,VILA MARIA,37,9,69939.46,0.0,69939.46,0.0,0.0,0.0,0.0,0.0,0.0,0.0,0.0,0.3273809523809524,0.33730158730158727,0.33730158730158727,0.5,0.0,-0.011769404035102389,0.21730382293762576,-0.03494332525367548,0.19718309859154928,-0.0005372860873442125,0.38329979879275655
2024,85650,CAIBATÉ,21,9,77922.53,1240.0,76682.53,0.01591324101001341,0.14285714285714285,0.1111111111111111,0.16666666666666666,-0.05555555555555555,0.008939614817539267,0.023696789321789324,-0.014757174504250056,0.7314814814814815,0.6435185185185185,0.6527777777777778,0.4814814814814815,-0.0092592592592593,0.008631535227563795,0.8209255533199196,0.11948784268573681,0.9456740442655935,-0.008896002625522594,0.08450704225352113
2024,85669,TAQUARUÇU DO SUL,40,9,79875.0,0.0,79875.0,0.0,0.0,0.0,0.0,0.0,0.0,0.0,0.0,0.6254480286738351,0.6254480286738351,0.6254480286738351,0.5,0.0,-0.01290212699712796,0.16700201207243462,-0.03883492217701873,0.1488933601609658,-0.0006442415440082696,0.34305835010060365
2024,85677,CAIÇARA,38,9,83476.01000000001,0.0,83476.01000000001,0.0,0.0,0.0,0.0,0.0,0.0,0.0,0.0,0.4636015325670497,0.48275862068965514,0.48275862068965514,0.5,0.0,-0.012142648369256187,0.19416498993963782,-0.03621097169692951,0.176056338028169,-0.0005743494886511018,0.36619718309859156
2024,85685,IMBÉ,77,9,273864.02999999997,7533.0,266331.02999999997,0.02750635050539496,0.09090909090909091,0.2222222222222222,0.07352941176470588,0.1486928104575163,0.06806469371786274,0.024702283534021232,0.0433624101838415,0.7222222222222222,0.7450980392156862,0.7254901960784313,0.5808823529411765,0.019607843137254832,4.236167540326921e-05,0.7545271629778671,-0.0031799190431189284,0.6901408450704225,0.01823674480019701,0.9577464788732394
2024,85693,CAMAQUÃ,124,15,625497.62,48838.729999999996,576658.89,0.0780798014866947,0.1935483870967742,0.4666666666666667,0.1559633027522936,0.3107033639143731,0.06504414737390883,0.028884851712134632,0.0361592956617742,0.7825688073394496,0.8308868501529052,0.8382262996941896,0.6623853211009175,-0.007339449541284404,0.03428311618849331,0.9175050301810865,0.033575538566071206,0.8269617706237424,-0.009040752881584815,0.08249496981891348
2024,85707,SEDE NOVA,28,9,39256.0,0.0,39256.0,0.0,0.0,0.0,0.0,0.0,0.0,0.0,0.0,0.45029239766081874,0.6491228070175438,0.6491228070175438,0.5,0.0,-0.00874689660613006,0.4014084507042254,-0.025616582379459695,0.3953722334004024,-0.00012073014560878454,0.5573440643863179
2024,85715,CAMBARÁ DO SUL,38,9,136209.9,0.0,136209.9,0.0,0.0,0.0,0.0,0.0,0.0,0.0,0.0,0.8199233716475096,0.739463601532567,0.739463601532567,0.5,0.0,-0.012142648369256187,0.19416498993963782,-0.03621097169692951,0.176056338028169,-0.0005743494886511018,0.36619718309859156
2024,85723,TUPANDI,23,9,57737.33999999999,0.0,57737.33999999999,0.0,0.0,0.0,0.0,0.0,0.0,0.0,0.0,0.44841269841269843,0.49603174603174605,0.49603174603174605,0.5,0.0,-0.007566084717726943,0.53420523138833,-0.02328260699937309,0.5905432595573441,0.00020446388751197816,0.6790744466800804
2024,85731,CAMPINA DAS MISSÕES,24,9,53473.95,600.0,52873.95,0.011220416670173048,0.041666666666666664,0.0,0.06666666666666667,-0.06666666666666667,0.0,0.026490066225165563,-0.026490066225165563,0.4962962962962963,0.4518518518518517,0.4592592592592592,0.4666666666666667,-0.007407407407407474,0.0034647840517563243,0.7847082494969819,0.01817293634704838,0.7746478873239436,-0.007275429288528081,0.11267605633802817
2024,85740,RIOZINHO,87,9,56856.9,300.0,56556.9,0.005276404446953668,0.011494252873563218,0.0,0.01282051282051282,-0.01282051282051282,0.0,0.01282051282051282,-0.01282051282051282,0.683048433048433,0.6460113960113961,0.6502849002849003,0.4935897435897436,-0.004273504273504147,-0.02590980610767231,0.030181086519114688,-0.09740379606317998,0.018108651911468814,-0.005745394429458375,0.13279678068410464
2024,85758,CAMPINAS DO SUL,33,9,81306.0,0.0,81306.0,0.0,0.0,0.0,0.0,0.0,0.0,0.0,0.0,0.6041666666666666,0.625,0.625,0.5,0.0,-0.010335332310784973,0.2937625754527163,-0.0302516621889704,0.2635814889336016,-0.00037269608054191976,0.4426559356136821
2024,85766,RELVADO,18,9,24674.15,0.0,24674.15,0.0,0.0,0.0,0.0,0.0,0.0,0.0,0.0,0.6172839506172839,0.5555555555555556,0.5555555555555556,0.5,0.0,-0.007170943660368933,0.6519114688128773,-0.02516791945424791,0.42655935613682094,0.0006440140385009529,0.7937625754527163
2024,85774,CAMPO BOM,122,11,855854.0099999999,64032.82,791821.19,0.07481745630893288,0.319672131147541,0.5454545454545454,0.2972972972972973,0.2481572481572481,0.08019975029558196,0.05892840282554608,0.02127134747003588,0.7968877968877969,0.7903357903357904,0.7854217854217854,0.6269451269451268,0.004914004914004955,0.03165838611280588,0.9074446680080482,0.16230706008769938,0.9698189134808853,0.0032211610693423515,0.8893360160965795
2024,85782,IMIGRANTE,37,9,23895.8,2954.0,20941.8,0.12362005038542338,0.08108108108108109,0.1111111111111111,0.07142857142857142,0.03968253968253968,0.031111111111111114,0.054285714285714284,-0.02317460317460317,0.7123015873015873,0.6646825396825398,0.7063492063492063,0.5158730158730159,-0.04166666666666652,0.11185064635032099,0.9919517102615694,0.046137755827405605,0.8601609657947686,-0.04220395275401073,0.01006036217303823
2024,85790,CAMPO NOVO,38,9,45435.5,0.0,45435.5,0.0,0.0,0.0,0.0,0.0,0.0,0.0,0.0,0.6762452107279693,0.6455938697318008,0.6455938697318008,0.5,0.0,-0.012142648369256187,0.19416498993963782,-0.03621097169692951,0.176056338028169,-0.0005743494886511018,0.36619718309859156
2024,85804,CIDREIRA,84,9,358939.61,8593.529999999999,350346.07999999996,0.02394143683390083,0.08333333333333333,0.2222222222222222,0.06666666666666667,0.15555555555555556,0.04560499229421497,0.007350404369210507,0.03825458792500446,0.7125925925925927,0.7585185185185186,0.76,0.5822222222222223,-0.001481481481481417,-0.006142416953004028,0.6941649899396378,-0.021162665942271605,0.6297786720321932,-0.0029255396810847177,0.2052313883299799
2024,85812,CANDELÁRIA,49,11,220158.0,3475.0,216683.0,0.01578411867840369,0.08163265306122448,0.18181818181818182,0.05263157894736842,0.1291866028708134,0.01659921428719864,0.00844881208036165,0.008150402206836991,0.8038277511961723,0.7799043062200957,0.7870813397129187,0.5645933014354068,-0.0071770334928230595,-0.0006621181489376744,0.744466800804829,0.03000623893162354,0.8108651911468813,-0.008079600231961642,0.09456740442655935
2024,85820,MONTAURI,16,9,45525.83,0.0,45525.83,0.0,0.0,0.0,0.0,0.0,0.0,0.0,0.0,0.40476190476190477,0.40476190476190477,0.40476190476190477,0.5,0.0,-0.007395363877089724,0.5744466800804829,-0.027916219126317057,0.31690140845070425,0.0008680820203838558,0.8319919517102615
2024,85839,CÂNDIDO GODÓI,30,9,110377.85,0.0,110377.85,0.0,0.0,0.0,0.0,0.0,0.0,0.0,0.0,0.5925925925925926,0.6402116402116402,0.6402116402116402,0.5,0.0,-0.009346620522866975,0.34909456740442657,-0.027262688351953942,0.335010060362173,-0.00022874876898421533,0.5020120724346077
2024,85847,VISTA GAÚCHA,18,9,60397.5,1000.0,59397.5,0.0165569766960553,0.05555555555555555,0.0,0.1111111111111111,-0.1111111111111111,0.0,0.02723271498730683,-0.02723271498730683,0.4444444444444445,0.4938271604938272,0.5802469135802469,0.4444444444444444,-0.08641975308641975,0.009386033035686369,0.8249496981891348,0.030387636101307642,0.8148893360160966,-0.0857757390479188,0.002012072434607646
2024,85855,CANELA,114,11,489949.8599999999,34071.03,455878.82999999996,0.06953983005526321,0.22807017543859648,0.36363636363636365,0.21359223300970873,0.15004413062665492,0.04610965921275849,0.06716043462509069,-0.021050775412332204,0.7105030891438658,0.7255075022065314,0.7378640776699029,0.589143865842895,-0.012356575463371544,0.028979010786722145,0.8993963782696177,0.08130778208006131,0.9175050301810865,-0.014011983956709684,0.05030181086519115
2024,85863,VISTA ALEGRE DO PRATA,17,9,30566.25,0.0,30566.25,0.0,0.0,0.0,0.0,0.0,0.0,0.0,0.0,0.3472222222222222,0.3472222222222222,0.3472222222222222,0.5,0.0,-0.007246794739680614,0.6006036217303823,-0.0263547626666076,0.37122736418511065,0.0007517422782394137,0.8189134808853119
2024,85871,CANGUÇU,112,13,489687.99,11105.63,478582.36,0.022678991984263284,0.13392857142857142,0.38461538461538464,0.10101010101010101,0.28360528360528364,0.033762425960593326,0.00977878277333614,0.023983643187257188,0.7987567987567988,0.778943278943279,0.7773892773892773,0.644910644910645,0.0015540015540016494,-0.017220014766710902,0.07042253521126761,-0.010139650055529748,0.6619718309859155,-9.106719047254574e-05,0.5734406438631791
2024,85880,CASEIROS,25,9,49019.189999999995,0.0,49019.189999999995,0.0,0.0,0.0,0.0,0.0,0.0,0.0,0.0,0.5520833333333334,0.5381944444444444,0.5381944444444444,0.5,0.0,-0.007971512151833364,0.4738430583501006,-0.023848049466754073,0.4959758551307847,6.35466422735291e-05,0.6297786720321932
2024,85898,CANOAS,330,21,4673857.200000001,649260.06,4024597.14,0.13891311441864332,0.38484848484848483,0.8095238095238095,0.3559870550161812,0.4535367545076283,0.1335279823092423,0.09656410121936211,0.03696388108988018,0.9448297118200031,0.9459084604715673,0.9435968562182154,0.8021266759130837,0.002311604253351862,0.04625182378909745,0.9456740442655935,0.02091765521852834,0.7867203219315896,0.00047141767337873755,0.7625754527162978
2024,85901,ITACURUBI,24,9,63232.399999999994,0.0,63232.399999999994,0.0,0.0,0.0,0.0,0.0,0.0,0.0,0.0,0.5851851851851853,0.7333333333333333,0.7333333333333333,0.5,0.0,-0.007755632618416723,0.49798792756539234,-0.023493730319618284,0.5523138832997988,0.00013197811887939332,0.6519114688128773
2024,85910,CARAZINHO,107,13,597735.73,17528.760000000002,580206.97,0.029325267204622356,0.19626168224299065,0.38461538461538464,0.1702127659574468,0.21440261865793783,0.08651618881205522,0.017759615205426498,0.06875657360662872,0.7459083469721768,0.722176759410802,0.6951718494271686,0.630114566284779,0.027004909983633363,-0.00889712511604232,0.386317907444668,0.059006099459132544,0.8873239436619719,0.025387609572798446,0.9678068410462777
2024,85928,ENTRE RIOS DO SUL,34,9,83027.69,0.0,83027.69,0.0,0.0,0.0,0.0,0.0,0.0,0.0,0.0,0.3977777777777778,0.41333333333333333,0.41333333333333333,0.5,0.0,-0.010683437803651163,0.26961770623742454,-0.03135937402584611,0.24346076458752516,-0.0004165109579370717,0.4255533199195171
2024,85936,CARLOS BARBOSA,64,9,249571.45,4457.2,245114.25,0.017859414608521928,0.125,0.2222222222222222,0.10909090909090909,0.11313131313131312,0.010135936524608511,0.012643052308900931,-0.00250711578429242,0.8121212121212121,0.8181818181818182,0.814141414141414,0.5545454545454546,0.0040404040404041774,-0.004572774484704882,0.7183098591549296,0.05062878164932984,0.8712273641851107,0.002842952257473214,0.8853118712273642
2024,85944,CERRO GRANDE DO SUL,93,9,241912.0,440.0,241472.0,0.0018188432157148053,0.010752688172043012,0.0,0.011904761904761904,-0.011904761904761904,0.0,0.0010073260073260074,-0.0010073260073260074,0.8293650793650793,0.826058201058201,0.826058201058201,0.49404761904761907,0.0,-0.03153500743176877,0.012072434607645875,-0.10683659192247749,0.014084507042253521,-0.0015222546901126526,0.22334004024144868
2024,85952,CASCA,42,9,132292.40999999997,0.0,132292.40999999997,0.0,0.0,0.0,0.0,0.0,0.0,0.0,0.0,0.7592592592592592,0.7861952861952862,0.7861952861952862,0.5,0.0,-0.013675445162453394,0.14386317907444668,-0.041558259384257626,0.12575452716297786,-0.0007090102933723727,0.323943661971831
2024,85960,CAMARGO,28,9,74848.54000000001,0.0,74848.54000000001,0.0,0.0,0.0,0.0,0.0,0.0,0.0,0.0,0.5233918128654971,0.49122807017543857,0.49122807017543857,0.5,0.0,-0.00874689660613006,0.4014084507042254,-0.025616582379459695,0.3953722334004024,-0.00012073014560878454,0.5573440643863179
2024,85979,CATUÍPE,28,9,73420.62,1600.0,71820.62,0.02179224310554719,0.07142857142857142,0.0,0.10526315789473684,-0.10526315789473684,0.0,0.026649958228905597,-0.026649958228905597,0.4619883040935673,0.5146198830409356,0.5146198830409356,0.4473684210526316,0.0,0.013045346499417129,0.8511066398390342,0.045811989049111726,0.8551307847082495,-0.00012073014560878454,0.5573440643863179
2024,85987,PARAÍSO DO SUL,46,9,80285.18000000001,0.0,80285.18000000001,0.0,0.0,0.0,0.0,0.0,0.0,0.0,0.0,0.5945945945945946,0.539039039039039,0.539039039039039,0.5,0.0,-0.015250316105910919,0.11167002012072434,-0.047230373059772554,0.09557344064386318,-0.0008252827933538651,0.29275653923541245
2024,85995,CAXIAS DO SUL,341,23,4281090.57,442161.22,3838929.35,0.10328237928402434,0.36950146627565983,0.6086956521739131,0.3522012578616352,0.2564943943122779,0.07536193162456253,0.07810116327784697,-0.002739231653284435,0.9006015859994532,0.9113344271260596,0.9188542521192234,0.685944763467323,-0.007519824993163837,0.008626691091638494,0.8189134808853119,-0.0028642999309105854,0.6921529175050302,-0.009351981414465806,0.07847082494969819
2024,86010,CERRO LARGO,50,9,144657.56,895.0,143762.56,0.006187025413673506,0.04,0.0,0.04878048780487805,-0.04878048780487805,0.0,0.003176823696169255,-0.003176823696169255,0.6761517615176151,0.7073170731707317,0.7073170731707317,0.47560975609756095,0.0,-0.010659351597016321,0.27565392354124746,-0.013111368567660035,0.6549295774647887,-0.0009266768091855731,0.2635814889336016
2024,86029,FAXINALZINHO,37,9,95708.0,0.0,95708.0,0.0,0.0,0.0,0.0,0.0,0.0,0.0,0.0,0.4682539682539682,0.48412698412698413,0.48412698412698413,0.5,0.0,-0.011769404035102389,0.21730382293762576,-0.03494332525367548,0.19718309859154928,-0.0005372860873442125,0.38329979879275655
2024,86037,CHAPADA,35,9,143695.71999999997,0.0,143695.71999999997,0.0,0.0,0.0,0.0,0.0,0.0,0.0,0.0,0.5961538461538461,0.5769230769230769,0.5769230769230769,0.5,0.0,-0.011039055620365574,0.2515090543259557,-0.03251357314488317,0.22736418511066397,-0.00045847032660579953,0.4124748490945674
2024,86045,AMARAL FERRADOR,42,9,72676.95,0.0,72676.95,0.0,0.0,0.0,0.0,0.0,0.0,0.0,0.0,0.6936026936026937,0.6414141414141414,0.6414141414141414,0.5,0.0,-0.013675445162453394,0.14386317907444668,-0.041558259384257626,0.12575452716297786,-0.0007090102933723727,0.323943661971831
2024,86053,CHIAPETTA,33,9,103983.77,0.0,103983.77,0.0,0.0,0.0,0.0,0.0,0.0,0.0,0.0,0.5277777777777778,0.6967592592592593,0.6967592592592593,0.5,0.0,-0.010335332310784973,0.2937625754527163,-0.0302516621889704,0.2635814889336016,-0.00037269608054191976,0.4426559356136821
2024,86061,VILA FLORES,27,9,115938.80000000002,1094.0,114844.80000000002,0.009436012792956283,0.07407407407407407,0.0,0.1111111111111111,-0.1111111111111111,0.0,0.012068032455308039,-0.012068032455308039,0.5679012345679012,0.5864197530864197,0.5864197530864197,0.4444444444444444,0.0,0.0009662585071507201,0.7605633802816901,0.049151291962029955,0.8661971830985915,-6.251572241305413e-05,0.5885311871227364
2024,86070,CIRÍACO,18,9,32367.57,0.0,32367.57,0.0,0.0,0.0,0.0,0.0,0.0,0.0,0.0,0.43209876543209885,0.43209876543209885,0.43209876543209885,0.5,0.0,-0.007170943660368933,0.6519114688128773,-0.02516791945424791,0.42655935613682094,0.0006440140385009529,0.7937625754527163
2024,86088,CERRO BRANCO,28,9,51402.5,0.0,51402.5,0.0,0.0,0.0,0.0,0.0,0.0,0.0,0.0,0.33333333333333337,0.33333333333333337,0.33333333333333337,0.5,0.0,-0.00874689660613006,0.4014084507042254,-0.025616582379459695,0.3953722334004024,-0.00012073014560878454,0.5573440643863179
2024,86096,COLORADO,43,9,137817.02000000002,0.0,137817.02000000002,0.0,0.0,0.0,0.0,0.0,0.0,0.0,0.0,0.5375816993464052,0.5539215686274509,0.5539215686274509,0.5,0.0,-0.01406617912293929,0.1267605633802817,-0.042951117810948444,0.11670020120724346,-0.0007396471963617629,0.31287726358148893
2024,86100,ANDRÉ DA ROCHA,26,9,53012.05,600.0,52412.05,0.011318181432334724,0.038461538461538464,0.0,0.058823529411764705,-0.058823529411764705,0.0,0.010380622837370243,-0.010380622837370243,0.6568627450980392,0.6699346405228758,0.6764705882352942,0.47058823529411764,-0.0065359477124183885,0.003107696778987744,0.778672032193159,0.014132395582761425,0.7595573440643864,-0.006537129203530237,0.12072434607645875
2024,86118,CONDOR,42,9,89790.44,0.0,89790.44,0.0,0.0,0.0,0.0,0.0,0.0,0.0,0.0,0.6212121212121212,0.611111111111111,0.611111111111111,0.5,0.0,-0.013675445162453394,0.14386317907444668,-0.041558259384257626,0.12575452716297786,-0.0007090102933723727,0.323943661971831
2024,86126,POÇO DAS ANTAS,17,9,52399.66,150.0,52249.66,0.002862613994060267,0.058823529411764705,0.1111111111111111,0.0,0.1111111111111111,0.004601509295048776,0.0,0.004601509295048776,0.7638888888888888,0.75,0.75,0.5555555555555556,0.0,-0.004384180745620346,0.7203219315895373,0.032468766745157106,0.8229376257545271,0.0007517422782394137,0.8189134808853119
2024,86134,CONSTANTINA,42,9,124923.0,408.05,124514.95000000001,0.0032664121098596737,0.023809523809523808,0.1111111111111111,0.0,0.1111111111111111,0.00774097471212035,0.0,0.00774097471212035,0.771043771043771,0.7979797979797979,0.7979797979797979,0.5555555555555556,0.0,-0.010409033052593721,0.28169014084507044,-0.017748735574733818,0.6408450704225352,-0.0007090102933723727,0.323943661971831
2024,86142,TRÊS PALMEIRAS,30,9,74235.4,0.0,74235.4,0.0,0.0,0.0,0.0,0.0,0.0,0.0,0.0,0.5105820105820107,0.5158730158730158,0.5158730158730158,0.5,0.0,-0.009346620522866975,0.34909456740442657,-0.027262688351953942,0.335010060362173,-0.00022874876898421533,0.5020120724346077
2024,86150,CORONEL BICACO,22,9,56576.299999999996,0.0,56576.299999999996,0.0,0.0,0.0,0.0,0.0,0.0,0.0,0.0,0.6495726495726495,0.7094017094017093,0.7094017094017093,0.5,0.0,-0.0074066384588839795,0.5603621730382293,-0.02323372646296686,0.6146881287726358,0.0002814039441380509,0.7052313883299799
2024,86169,NOVA ALVORADA,16,9,56349.08,0.0,56349.08,0.0,0.0,0.0,0.0,0.0,0.0,0.0,0.0,0.39682539682539686,0.4285714285714286,0.4285714285714286,0.5,0.0,-0.007395363877089724,0.5744466800804829,-0.027916219126317057,0.31690140845070425,0.0008680820203838558,0.8319919517102615
2024,86177,CRISSIUMAL,50,9,161104.22,980.0,160124.22,0.0060830188060871405,0.06,0.1111111111111111,0.04878048780487805,0.062330623306233054,0.003741744775588857,0.0030284297880199644,0.0007133149875688926,0.7127371273712737,0.6205962059620596,0.6233062330623306,0.5311653116531165,-0.0027100271002710175,-0.010763358204602686,0.26156941649899396,0.006888631432339962,0.7344064386317908,-0.0036367039094565906,0.18309859154929578
2024,86185,MORRO REDONDO,43,9,75813.65,148.0,75665.65,0.001952155053872225,0.046511627906976744,0.0,0.058823529411764705,-0.058823529411764705,0.0,0.0014942206652859913,-0.0014942206652859913,0.6650326797385621,0.5735294117647058,0.5784313725490197,0.47058823529411764,-0.004901960784313819,-0.012114024069067066,0.20321931589537223,0.0035605100960282993,0.7223340040241448,-0.005641607980675582,0.13480885311871227
2024,86193,CRUZ ALTA,107,15,1272325.72,42583.57,1229742.15,0.033469078971381634,0.308411214953271,0.6,0.2608695652173913,0.3391304347826087,0.023624519556867205,0.021950785911834213,0.0016737336450329925,0.8289855072463768,0.8246376811594203,0.827536231884058,0.6659420289855073,-0.0028985507246377384,-0.004753313349283042,0.716297786720322,0.1711556321694129,0.9738430583501007,-0.004515851135472656,0.16096579476861167
2024,86207,SANTA MARIA DO HERVAL,45,9,80142.23999999999,138.84,80003.4,0.0017324197576708614,0.022222222222222223,0.0,0.027777777777777776,-0.027777777777777776,0.0,0.0031384612046048855,-0.0031384612046048855,0.7561728395061729,0.7577160493827161,0.7577160493827161,0.4861111111111111,0.0,-0.013121514869512343,0.15492957746478872,-0.023566732252663664,0.5372233400402414,-0.0007977292792665821,0.29979879275653926
2024,86215,CRUZEIRO DO SUL,62,9,127167.86,3800.0,123367.86,0.02988176415015555,0.03225806451612903,0.1111111111111111,0.018867924528301886,0.09224318658280922,0.006837606837606838,0.009166603009701322,-0.0023289961720944843,0.8060796645702306,0.8039832285115304,0.8081761006289307,0.5450733752620546,-0.004192872117400381,0.00824030427456381,0.8128772635814889,-0.03905530568474999,0.14084507042253522,-0.0053579836587163325,0.1448692152917505
2024,86223,BARÃO,30,9,77334.62,700.0,76634.62,0.009051573538474748,0.03333333333333333,0.1111111111111111,0.0,0.1111111111111111,0.021164021164021163,0.0,0.021164021164021163,0.5529100529100529,0.5820105820105821,0.5714285714285714,0.5555555555555556,0.010582010582010692,-0.00029504698439222765,0.7484909456740443,0.006070644981379391,0.7293762575452716,0.010353261813026477,0.937625754527163
2024,86231,DAVID CANABARRO,28,9,55452.969999999994,0.0,55452.969999999994,0.0,0.0,0.0,0.0,0.0,0.0,0.0,0.0,0.5233918128654971,0.5263157894736843,0.5263157894736843,0.5,0.0,-0.00874689660613006,0.4014084507042254,-0.025616582379459695,0.3953722334004024,-0.00012073014560878454,0.5573440643863179
2024,86240,ELDORADO DO SUL,85,9,467198.96,11258.96,455940.00000000006,0.024098855014574514,0.058823529411764705,0.2222222222222222,0.039473684210526314,0.18274853801169588,0.021508710991796316,0.011241094931379567,0.010267616060416748,0.861842105263158,0.8618421052631579,0.8633040935672514,0.5942982456140351,-0.0014619883040934978,-0.006353823530660475,0.6881287726358148,-0.04714387568794898,0.09859154929577464,-0.0029155352157165097,0.20724346076458752
2024,86258,DOIS IRMÃOS,61,9,208949.92,6803.539999999999,202146.38,0.03256062505312277,0.19672131147540983,0.3333333333333333,0.17307692307692307,0.16025641025641024,0.05206893135774857,0.03123641256810051,0.020832518789648063,0.6613247863247864,0.6816239316239316,0.6730769230769231,0.5876068376068375,0.008547008547008517,0.011315861976715177,0.8430583501006036,0.1269369844019536,0.9517102615694165,0.007398745859265368,0.9154929577464789
2024,86274,DOM FELICIANO,54,9,202660.25,1000.0,201660.25,0.004934366754210557,0.018518518518518517,0.0,0.022222222222222223,-0.022222222222222223,0.0,0.004043984805131493,-0.004043984805131493,0.737037037037037,0.7395061728395061,0.7444444444444445,0.4888888888888889,-0.004938271604938316,-0.013515154934489137,0.1488933601609658,-0.04060223968754451,0.13279678068410464,-0.005954104236491566,0.1267605633802817
2024,86282,ALTO FELIZ,30,9,42264.4,0.0,42264.4,0.0,0.0,0.0,0.0,0.0,0.0,0.0,0.0,0.5396825396825398,0.5264550264550265,0.5264550264550265,0.5,0.0,-0.009346620522866975,0.34909456740442657,-0.027262688351953942,0.335010060362173,-0.00022874876898421533,0.5020120724346077
2024,86290,DOM PEDRITO,93,13,316427.70000000007,4109.0,312318.70000000007,0.012985588809070758,0.06451612903225806,0.07692307692307693,0.0625,0.014423076923076927,0.001419244961680386,0.006677526322233798,-0.005258281360553412,0.8807692307692307,0.895673076923077,0.9019230769230769,0.5067307692307692,-0.006249999999999978,-0.02036826183841282,0.0482897384305835,-0.053073151062262444,0.0744466800804829,-0.00777225469011263,0.09859154929577464
2024,86304,AMETISTA DO SUL,31,9,67378.79,1128.34,66250.45,0.016746219396341192,0.06451612903225806,0.0,0.09090909090909091,-0.09090909090909091,0.0,0.013287970744942734,-0.013287970744942734,0.6868686868686869,0.5833333333333333,0.5833333333333334,0.45454545454545453,-1.1102230246251565e-16,0.007080481505718529,0.8028169014084507,0.036319002878346246,0.8340040241448692,-0.0002789658976737151,0.47283702213279677
2024,86312,DONA FRANCISCA,26,9,74612.42,3000.0,71612.42,0.04020778310099043,0.038461538461538464,0.1111111111111111,0.0,0.1111111111111111,0.047782874617737,0.0,0.047782874617737,0.48692810457516345,0.3725490196078431,0.3660130718954248,0.5555555555555556,0.006535947712418277,0.03199729844764345,0.9114688128772636,0.014132395582761425,0.7595573440643864,0.006534766221306429,0.9114688128772636
2024,86320,ARAMBARÉ,64,9,72856.16,1700.0,71156.16,0.023333648108821544,0.03125,0.0,0.03636363636363636,-0.03636363636363636,0.0,0.010303030303030303,-0.010303030303030303,0.7777777777777777,0.7494949494949494,0.7494949494949495,0.4818181818181818,-1.1102230246251565e-16,0.0009014590155947341,0.7585513078470825,-0.04312121835067016,0.10865191146881288,-0.0011974517829310743,0.23541247484909456
2024,86339,ENCANTADO,65,11,289109.43,3296.0,285813.43,0.011400527475011798,0.06153846153846154,0.09090909090909091,0.05555555555555555,0.03535353535353536,0.0013942926147351266,0.006328434003767906,-0.0049341413890327795,0.6675084175084175,0.638047138047138,0.6464646464646464,0.5151515151515151,-0.008417508417508435,-0.01142558755214557,0.22736418511066397,-0.014360845052047308,0.6498993963782697,-0.009630485064265604,0.07243460764587525
2024,86347,BARÃO DO TRIUNFO,44,9,107042.0,0.0,107042.0,0.0,0.0,0.0,0.0,0.0,0.0,0.0,0.0,0.6412698412698413,0.6761904761904762,0.6761904761904762,0.5,0.0,-0.014459120929442855,0.11670020120724346,-0.0443619704169119,0.10462776659959759,-0.0007692014712162019,0.30482897384305835
2024,86355,ENCRUZILHADA DO SUL,72,11,360913.32999999996,5090.18,355823.15,0.014103607644527845,0.125,0.18181818181818182,0.11475409836065574,0.06706408345752608,0.008124535106091086,0.015223815921167127,-0.007099280815076041,0.7540983606557377,0.7503725782414308,0.7548435171385992,0.5275707898658719,-0.0044709388971684305,-0.011449287209919147,0.22535211267605634,0.03844679731337666,0.8390342052313883,-0.005781906282990275,0.13078470824949698
2024,86363,BARRA DO GUARITA,19,9,40777.58,0.0,40777.58,0.0,0.0,0.0,0.0,0.0,0.0,0.0,0.0,0.4666666666666667,0.4444444444444444,0.4444444444444444,0.5,0.0,-0.007157112950459968,0.6720321931589537,-0.024302732164587268,0.48490945674044267,0.0005438974677727271,0.7696177062374245
2024,86371,ERECHIM,196,17,1374888.72,46508.72,1328380.0,0.0338272613073733,0.10714285714285714,0.29411764705882354,0.0893854748603352,0.20473217219848833,0.04710542269552206,0.012846052273937071,0.034259370421584986,0.8918830101873152,0.8908971409792968,0.8843246795925073,0.6112389089714098,0.006572461386789574,-0.030256421138889968,0.018108651911468814,-0.1367144660449086,0.006036217303822937,0.00471522818687419,0.903420523138833
2024,86380,BARRA DO RIO AZUL,26,9,35109.0,0.0,35109.0,0.0,0.0,0.0,0.0,0.0,0.0,0.0,0.0,0.6699346405228759,0.6568627450980392,0.6568627450980392,0.5,0.0,-0.00821048465334698,0.45875251509054327,-0.02432914287877704,0.47283702213279677,-1.1814911118480916e-06,0.6106639839034205
2024,86398,HERVAL,43,9,121982.7,0.0,121982.7,0.0,0.0,0.0,0.0,0.0,0.0,0.0,0.0,0.6895424836601307,0.6895424836601307,0.6895424836601307,0.5,0.0,-0.01406617912293929,0.1267605633802817,-0.042951117810948444,0.11670020120724346,-0.0007396471963617629,0.31287726358148893
2024,86401,BARRA FUNDA,15,9,23700.0,0.0,23700.0,0.0,0.0,0.0,0.0,0.0,0.0,0.0,0.0,0.6481481481481481,0.7870370370370371,0.7870370370370371,0.5,0.0,-0.007629746733491449,0.5140845070422535,-0.029916907651660607,0.2746478873239437,0.0009942312561269514,0.8400402414486922
2024,86410,ERVAL GRANDE,32,9,85005.63,542.69,84462.94,0.006384165378222595,0.03125,0.1111111111111111,0.0,0.1111111111111111,0.006085332351947483,0.0,0.006085332351947483,0.5917874396135265,0.5893719806763285,0.5893719806763285,0.5555555555555556,0.0,-0.0036115624010697447,0.7283702213279678,0.002054363780172059,0.7142857142857143,-0.0003268955263893768,0.4607645875251509
2024,86428,BOA VISTA DAS MISSÕES,23,9,54478.64,0.0,54478.64,0.0,0.0,0.0,0.0,0.0,0.0,0.0,0.0,0.6825396825396826,0.6984126984126984,0.6984126984126984,0.5,0.0,-0.007566084717726943,0.53420523138833,-0.02328260699937309,0.5905432595573441,0.00020446388751197816,0.6790744466800804
2024,86436,ERVAL SECO,36,9,71163.70000000001,0.0,71163.70000000001,0.0,0.0,0.0,0.0,0.0,0.0,0.0,0.0,0.6193415637860082,0.631687242798354,0.631687242798354,0.5,0.0,-0.011401305952920136,0.23641851106639838,-0.03370961194374907,0.21026156941649898,-0.0004986926650101079,0.39738430583501005
2024,86444,BOM PROGRESSO,32,9,18877.8,1340.0,17537.8,0.0709828475775779,0.03125,0.0,0.043478260869565216,-0.043478260869565216,0.0,0.02330434782608696,-0.02330434782608696,0.8429951690821256,0.8067632850241546,0.8212560386473431,0.4782608695652174,-0.01449275362318847,0.06098711979828556,0.959758551307847,0.002054363780172059,0.7142857142857143,-0.014819649149577847,0.04527162977867203
2024,86452,ESMERALDA,28,9,72284.7,0.0,72284.7,0.0,0.0,0.0,0.0,0.0,0.0,0.0,0.0,0.6198830409356725,0.6198830409356725,0.6198830409356725,0.5,0.0,-0.00874689660613006,0.4014084507042254,-0.025616582379459695,0.3953722334004024,-0.00012073014560878454,0.5573440643863179
2024,86460,CAMPESTRE DA SERRA,24,9,51519.0,0.0,51519.0,0.0,0.0,0.0,0.0,0.0,0.0,0.0,0.0,0.7037037037037037,0.4185185185185185,0.4185185185185185,0.5,0.0,-0.007755632618416723,0.49798792756539234,-0.023493730319618284,0.5523138832997988,0.00013197811887939332,0.6519114688128773
2024,86479,ESPUMOSO,41,9,125314.44,165.0,125149.44,0.0013166878453911616,0.024390243902439025,0.1111111111111111,0.0,0.1111111111111111,0.0035116955423813764,0.0,0.0035116955423813764,0.8506944444444444,0.8472222222222223,0.84375,0.5555555555555556,0.003472222222222321,-0.011970602776105939,0.2052313883299799,-0.015795198855123586,0.6458752515090543,0.0027949920131092225,0.8832997987927566
2024,86487,CANDIOTA,64,9,229492.1,1000.0,228492.1,0.004357448469903757,0.015625,0.0,0.01818181818181818,-0.01818181818181818,0.0,0.005637773079633545,-0.005637773079633545,0.6909090909090909,0.7515151515151516,0.7555555555555555,0.4909090909090909,-0.004040404040403955,-0.018074740623323052,0.06237424547283702,-0.05874621835067016,0.06237424547283702,-0.005237855823334919,0.1488933601609658
2024,86495,ESTÂNCIA VELHA,65,9,311486.85000000003,31532.72,279954.13,0.10123290919022744,0.24615384615384617,0.5555555555555556,0.19642857142857142,0.3591269841269842,0.1576378060783134,0.049765917883650576,0.10787188819466283,0.878968253968254,0.8690476190476191,0.8373015873015873,0.7103174603174603,0.031746031746031744,0.07840679416307007,0.9738430583501007,0.1702545395633373,0.971830985915493,0.030533055099274575,0.9758551307847082
2024,86509,CAPITÃO,20,9,52073.619999999995,0.0,52073.619999999995,0.0,0.0,0.0,0.0,0.0,0.0,0.0,0.0,0.6262626262626263,0.5959595959595959,0.5959595959595959,0.5,0.0,-0.00719647995104733,0.6227364185110664,-0.023715382425540166,0.5160965794768612,0.00045055022724560685,0.7464788732394366
2024,86517,ESTEIO,136,10,1024587.01,43559.53,981027.48,0.04251423214900997,0.20588235294117646,0.7,0.16666666666666666,0.5333333333333333,0.08993514086713297,0.019886807592158315,0.07004833327497466,0.8976190476190476,0.8761904761904762,0.8722222222222222,0.7900793650793652,0.003968253968253954,-0.005012459355700695,0.7082494969818913,0.030612080380295698,0.8189134808853119,0.002222684927606894,0.8772635814889336
2024,86525,CARLOS GOMES,25,9,41689.0,0.0,41689.0,0.0,0.0,0.0,0.0,0.0,0.0,0.0,0.0,0.6701388888888888,0.53125,0.53125,0.5,0.0,-0.007971512151833364,0.4738430583501006,-0.023848049466754073,0.4959758551307847,6.35466422735291e-05,0.6297786720321932
2024,86533,ESTRELA,119,13,312427.4,12579.93,299847.47000000003,0.040265130395093385,0.10084033613445378,0.3076923076923077,0.07547169811320754,0.23222060957910018,0.0301835082811676,0.030964134764443534,-0.0007806264832759327,0.75,0.7289550072568941,0.7358490566037736,0.612844702467344,-0.006894049346879538,-0.0019286513576600856,0.7344064386317908,-0.052581103018160213,0.07645875251509054,-0.008573553647701043,0.08853118712273642
2024,86541,CENTENÁRIO,20,9,39000.0,0.0,39000.0,0.0,0.0,0.0,0.0,0.0,0.0,0.0,0.0,0.6919191919191919,0.6616161616161615,0.6616161616161615,0.5,0.0,-0.00719647995104733,0.6227364185110664,-0.023715382425540166,0.5160965794768612,0.00045055022724560685,0.7464788732394366
2024,86550,FARROUPILHA,153,15,865362.8400000001,40672.85,824689.99,0.047000920446271986,0.1830065359477124,0.6,0.13768115942028986,0.4623188405797101,0.066092656160883,0.022414265444552658,0.04367839071633034,0.9490338164251209,0.9572463768115942,0.9567632850241546,0.7490338164251209,0.00048309178743954906,-0.00554793551798579,0.7022132796780685,-0.01296154353037507,0.6579476861167002,-0.0013095484375358934,0.22736418511066397
2024,86568,CHARRUA,23,9,51798.1,3846.1,47952.0,0.0742517582691257,0.43478260869565216,0.5555555555555556,0.35714285714285715,0.19841269841269843,0.08667091968038315,0.047524553038916,0.03914636664146715,0.6111111111111112,0.5238095238095237,0.5158730158730158,0.5992063492063492,0.007936507936507908,0.06668567355139875,0.9637826961770624,0.4115000016962791,0.9919517102615694,0.008140971824019886,0.9215291750503019
2024,86576,FAXINAL DO SOTURNO,37,9,99509.96999999999,0.0,99509.96999999999,0.0,0.0,0.0,0.0,0.0,0.0,0.0,0.0,0.742063492063492,0.75,0.75,0.5,0.0,-0.011769404035102389,0.21730382293762576,-0.03494332525367548,0.19718309859154928,-0.0005372860873442125,0.38329979879275655
2024,86584,COLINAS,31,9,72833.60000000002,0.0,72833.60000000002,0.0,0.0,0.0,0.0,0.0,0.0,0.0,0.0,0.2904040404040404,0.43686868686868685,0.43686868686868685,0.5,0.0,-0.009665737890622663,0.3319919517102616,-0.02819712615391182,0.3058350100603622,-0.00027896589767360407,0.482897384305835
2024,86592,FELIZ,37,9,119185.48000000001,1370.0,117815.48000000001,0.011494688782559754,0.08108108108108109,0.2222222222222222,0.03571428571428571,0.1865079365079365,0.016158319111156047,0.004395604395604396,0.011762714715551651,0.626984126984127,0.6349206349206349,0.6349206349206349,0.5972222222222222,0.0,-0.0002747152525426344,0.7505030181086519,0.046137755827405605,0.8601609657947686,-0.0005372860873442125,0.38329979879275655
2024,86606,COQUEIROS DO SUL,20,9,35811.0,0.0,35811.0,0.0,0.0,0.0,0.0,0.0,0.0,0.0,0.0,0.4646464646464647,0.4646464646464647,0.4646464646464647,0.5,0.0,-0.00719647995104733,0.6227364185110664,-0.023715382425540166,0.5160965794768612,0.00045055022724560685,0.7464788732394366
2024,86614,FLORES DA CUNHA,83,9,193025.16,26454.440000000002,166570.72,0.13705177086759054,0.30120481927710846,0.6666666666666666,0.25675675675675674,0.4099099099099099,0.23670488419996985,0.09569633602693588,0.141008548173034,0.5923423423423423,0.5728228228228228,0.5367867867867867,0.7304804804804803,0.03603603603603611,0.10733811148444666,0.9899396378269618,0.19818420270127063,0.9798792756539235,0.03460168626107031,0.9798792756539235
2024,86622,CORONEL BARROS,35,9,55775.93000000001,0.0,55775.93000000001,0.0,0.0,0.0,0.0,0.0,0.0,0.0,0.0,0.5021367521367521,0.45940170940170943,0.45940170940170943,0.5,0.0,-0.011039055620365574,0.2515090543259557,-0.03251357314488317,0.22736418511066397,-0.00045847032660579953,0.4124748490945674
2024,86630,FONTOURA XAVIER,42,9,132369.28,7000.0,125369.28,0.052882360620228504,0.023809523809523808,0.0,0.030303030303030304,-0.030303030303030304,0.0,0.009431801339315789,-0.009431801339315789,0.6447811447811447,0.6077441077441077,0.611111111111111,0.48484848484848486,-0.0033670033670033517,0.03920691545777511,0.93158953722334,-0.017748735574733818,0.6408450704225352,-0.0040760136603757244,0.17806841046277666
2024,86649,COXILHA,27,9,90964.01,0.0,90964.01,0.0,0.0,0.0,0.0,0.0,0.0,0.0,0.0,0.4845679012345679,0.4845679012345679,0.4845679012345679,0.5,0.0,-0.008469754285805563,0.43259557344064387,-0.02492278211204411,0.45472837022132795,-6.251572241305413e-05,0.5885311871227364
2024,86657,FORMIGUEIRO,28,9,115666.81999999999,1952.0,113714.81999999999,0.01687605831992269,0.14285714285714285,0.2222222222222222,0.10526315789473684,0.11695906432748537,0.012243910105296244,0.009547784934341328,0.0026961251709549158,0.8245614035087719,0.8421052631578947,0.8538011695906432,0.5584795321637427,-0.011695906432748537,0.008129161713792629,0.8088531187122736,0.11724056047768315,0.9436619718309859,-0.011816636578357322,0.05835010060362173
2024,86665,DERRUBADAS,13,9,31575.35,0.0,31575.35,0.0,0.0,0.0,0.0,0.0,0.0,0.0,0.0,0.5555555555555556,0.5555555555555556,0.5555555555555556,0.5,0.0,-0.008424857522731146,0.44668008048289737,-0.03557457451116001,0.18712273641851107,0.0012820874236763272,0.8561368209255533
2024,86673,FREDERICO WESTPHALEN,62,11,379698.43000000005,1842.0,377856.43000000005,0.0048512183734865585,0.06451612903225806,0.18181818181818182,0.0392156862745098,0.14260249554367202,0.0047789960550448434,0.0032458130931697572,0.0015331829618750862,0.8573975044563279,0.8761140819964349,0.8761140819964349,0.5748663101604278,0.0,-0.01679024150210518,0.08249496981891348,-0.00679724116862096,0.6740442655935613,-0.0011651115413159514,0.23843058350100604
2024,86681,DOIS IRMÃOS DAS MISSÕES,21,9,27931.04,300.0,27631.04,0.01074073861911336,0.047619047619047616,0.0,0.08333333333333333,-0.08333333333333333,0.0,0.008029445582841396,-0.008029445582841396,0.5046296296296297,0.5046296296296297,0.5046296296296297,0.4583333333333333,0.0,0.003459032836663746,0.7826961770623743,0.02424974744764158,0.7947686116700201,0.00036325663373670635,0.7233400402414487
2024,86690,GARIBALDI,84,9,240836.82,9327.0,231509.82,0.03872746700442233,0.09523809523809523,0.2222222222222222,0.08,0.1422222222222222,0.015109760216143193,0.023616481547947266,-0.008506721331804072,0.7511111111111111,0.7911111111111111,0.8022222222222223,0.5637037037037038,-0.011111111111111183,0.008643613217517474,0.8229376257545271,-0.009257904037509701,0.6680080482897385,-0.012555169310714483,0.056338028169014086
2024,86703,ENGENHO VELHO,17,9,39818.08,0.0,39818.08,0.0,0.0,0.0,0.0,0.0,0.0,0.0,0.0,0.5763888888888888,0.5625,0.5625,0.5,0.0,-0.007246794739680614,0.6006036217303823,-0.0263547626666076,0.37122736418511065,0.0007517422782394137,0.8189134808853119
2024,86711,GAURAMA,48,9,104772.84999999999,0.0,104772.84999999999,0.0,0.0,0.0,0.0,0.0,0.0,0.0,0.0,0.5726495726495726,0.5911680911680911,0.5911680911680911,0.5,0.0,-0.01604670567593679,0.09456740442655935,-0.050150456192222075,0.08450704225352113,-0.0008776578020746711,0.2776659959758551
2024,86720,GARRUCHOS,20,9,42428.51,0.0,42428.51,0.0,0.0,0.0,0.0,0.0,0.0,0.0,0.0,0.6060606060606061,0.6767676767676768,0.6767676767676768,0.5,0.0,-0.00719647995104733,0.6227364185110664,-0.023715382425540166,0.5160965794768612,0.00045055022724560685,0.7464788732394366
2024,86738,GENERAL CÂMARA,43,9,130205.57,1848.07,128357.5,0.014193478819684902,0.09302325581395349,0.2222222222222222,0.058823529411764705,0.1633986928104575,0.0046204607319121314,0.01135562667891273,-0.006735165947000599,0.8235294117647058,0.8447712418300654,0.8513071895424836,0.5751633986928105,-0.006535947712418277,0.00012729969674561172,0.7565392354124748,0.05007213800300504,0.869215291750503,-0.007275594908780041,0.11066398390342053
2024,86746,GENTIL,29,9,49481.38,0.0,49481.38,0.0,0.0,0.0,0.0,0.0,0.0,0.0,0.0,0.5,0.525,0.525,0.5,0.0,-0.009039800480749866,0.37424547283702214,-0.026399717891850718,0.35412474849094566,-0.00017606857897033395,0.528169014084507
2024,86754,SÃO VICENTE DO SUL,33,9,81133.06,130.0,81003.06,0.0016023061375966838,0.030303030303030304,0.0,0.041666666666666664,-0.041666666666666664,0.0,0.005416666666666667,-0.005416666666666667,0.5694444444444444,0.662037037037037,0.6620370370370371,0.4791666666666667,-1.1102230246251565e-16,-0.00873302617318829,0.4164989939637827,5.1368114059903436e-05,0.7032193158953722,-0.0003726960805420308,0.43259557344064387
2024,86762,GRAMADO DOS LOUREIROS,28,9,42626.92,824.54,41802.38,0.01934317562704507,0.07142857142857142,0.1111111111111111,0.05263157894736842,0.05847953216374269,0.009976856429956988,0.005026729745712596,0.004950126684244392,0.6900584795321637,0.7748538011695907,0.7807017543859649,0.5263157894736843,-0.005847953216374213,0.01059627902091501,0.8329979879275654,0.045811989049111726,0.8551307847082495,-0.005968683361982998,0.12474849094567404
2024,86770,GETÚLIO VARGAS,44,9,173873.03999999998,1000.0,172873.03999999998,0.005751322919297898,0.022727272727272728,0.0,0.02857142857142857,-0.02857142857142857,0.0,0.01977261492832427,-0.01977261492832427,0.7222222222222222,0.7079365079365079,0.7079365079365079,0.4857142857142857,0.0,-0.008707798010144957,0.41851106639839036,-0.021634697689639174,0.6277665995975855,-0.0007692014712162019,0.30482897384305835
2024,86789,GRAMADO XAVIER,50,9,39738.7,0.0,39738.7,0.0,0.0,0.0,0.0,0.0,0.0,0.0,0.0,0.6585365853658536,0.6490514905149052,0.6490514905149052,0.5,0.0,-0.016846377010689827,0.07746478873239436,-0.053111368567660036,0.07142857142857142,-0.0009266768091855731,0.2635814889336016
2024,86797,GIRUÁ,58,11,209959.03999999998,2000.0,207959.03999999998,0.00952566748257184,0.034482758620689655,0.18181818181818182,0.0,0.18181818181818182,0.02369179557011998,0.0,0.02369179557011998,0.8897485493230174,0.8936170212765957,0.8878143133462282,0.5909090909090909,0.005802707930367523,-0.010524431603598146,0.2796780684104628,-0.030718910661641896,0.25553319919517103,0.004707927332640416,0.9014084507042254
2024,86800,HULHA NEGRA,40,9,114381.28,770.0,113611.28,0.006731870809628988,0.025,0.0,0.03225806451612903,-0.03225806451612903,0.0,0.006133166171367035,-0.006133166171367035,0.5143369175627239,0.49283154121863804,0.49283154121863804,0.4838709677419355,0.0,-0.006170256187498972,0.6921529175050302,-0.013834922177018726,0.6519114688128773,-0.0006442415440082696,0.34305835010060365
2024,86819,GRAMADO,83,9,492673.69,38706.520000000004,453967.17,0.07856421153725503,0.3373493975903614,0.6666666666666666,0.2972972972972973,0.3693693693693693,0.08791520590472472,0.0615682241391983,0.02634698176552642,0.93993993993994,0.9534534534534534,0.9504504504504505,0.7199699699699699,0.0030030030030029353,0.04885055215411114,0.9476861167002012,0.2343287810145236,0.9859154929577465,0.0015686532280371368,0.8672032193158954
2024,86827,INHACORÁ,34,9,62319.85,0.0,62319.85,0.0,0.0,0.0,0.0,0.0,0.0,0.0,0.0,0.45777777777777773,0.6222222222222222,0.6222222222222222,0.5,0.0,-0.010683437803651163,0.26961770623742454,-0.03135937402584611,0.24346076458752516,-0.0004165109579370717,0.4255533199195171
2024,86835,GRAVATAÍ,328,21,2684348.75,275523.22000000003,2408825.53,0.10264062000140631,0.3170731707317073,0.6190476190476191,0.2964169381107492,0.32263068093686986,0.10694600107417551,0.07073791000961883,0.03620809106455668,0.8675352877307274,0.8627268496975338,0.8608655188459748,0.6940437412750117,0.0018613308515589289,0.010346531537755554,0.8309859154929577,-0.04530529347613671,0.10261569416498995,1.9746210574435883e-05,0.6197183098591549
2024,86843,ITAPUCA,18,9,17286.54,0.0,17286.54,0.0,0.0,0.0,0.0,0.0,0.0,0.0,0.0,0.7407407407407407,0.7407407407407408,0.7407407407407408,0.5,0.0,-0.007170943660368933,0.6519114688128773,-0.02516791945424791,0.42655935613682094,0.0006440140385009529,0.7937625754527163
2024,86851,GUAÍBA,279,17,1584140.59,77151.74,1506988.85,0.04870258390386929,0.1935483870967742,0.29411764705882354,0.18702290076335878,0.10709474629546475,0.02143806559954073,0.05734836747215744,-0.035910301872616714,0.9481365065110013,0.953300404131118,0.9537494387067805,0.5520880107768298,-0.00044903457566247695,-0.0341108123138773,0.006036217303822937,-0.12882498861083663,0.01006036217303823,-0.002317411305157774,0.21730382293762576
2024,86860,LAJEADO DO BUGRE,19,9,32585.5,0.0,32585.5,0.0,0.0,0.0,0.0,0.0,0.0,0.0,0.0,0.7222222222222222,0.8,0.8,0.5,0.0,-0.007157112950459968,0.6720321931589537,-0.024302732164587268,0.48490945674044267,0.0005438974677727271,0.7696177062374245
2024,86878,GUAPORÉ,93,11,469983.61,8821.24,461162.37,0.01876925027236588,0.0967741935483871,0.18181818181818182,0.08536585365853659,0.09645232815964523,0.024016914761755083,0.02089124649773569,0.0031256682640193913,0.753880266075388,0.7300443458980045,0.7339246119733925,0.5526607538802661,-0.0038802660753880502,-0.014584600375117697,0.11468812877263582,-0.020815086546133413,0.6317907444668008,-0.005402520765500703,0.14285714285714285
2024,86886,LAGOA DOS TRÊS CANTOS,20,9,26930.0,0.0,26930.0,0.0,0.0,0.0,0.0,0.0,0.0,0.0,0.0,0.3787878787878788,0.3787878787878788,0.3787878787878788,0.5,0.0,-0.00719647995104733,0.6227364185110664,-0.023715382425540166,0.5160965794768612,0.00045055022724560685,0.7464788732394366
2024,86894,GUARANI DAS MISSÕES,49,9,135800.71,0.0,135800.71,0.0,0.0,0.0,0.0,0.0,0.0,0.0,0.0,0.6888888888888889,0.6944444444444445,0.6944444444444445,0.5,0.0,-0.016446236827341365,0.08651911468812877,-0.051626414129600944,0.07847082494969819,-0.0009025667391385827,0.27062374245472837
2024,86908,LINDOLFO COLLOR,50,9,57101.99,0.0,57101.99,0.0,0.0,0.0,0.0,0.0,0.0,0.0,0.0,0.5474254742547425,0.5962059620596205,0.5962059620596205,0.5,0.0,-0.016846377010689827,0.07746478873239436,-0.053111368567660036,0.07142857142857142,-0.0009266768091855731,0.2635814889336016
2024,86916,HORIZONTINA,56,9,285416.92,2948.37,282468.55,0.010330046305593936,0.08928571428571429,0.0,0.10638297872340426,-0.10638297872340426,0.0,0.01105875469118653,-0.01105875469118653,0.6855791962174941,0.6808510638297872,0.6879432624113475,0.44680851063829785,-0.007092198581560294,-0.008920558022668888,0.3843058350100604,0.027130583445573675,0.8028169014084507,-0.008148673012507178,0.0925553319919517
2024,86924,LINHA NOVA,19,9,14791.02,0.0,14791.02,0.0,0.0,0.0,0.0,0.0,0.0,0.0,0.0,0.6055555555555555,0.6944444444444444,0.6944444444444444,0.5,0.0,-0.007157112950459968,0.6720321931589537,-0.024302732164587268,0.48490945674044267,0.0005438974677727271,0.7696177062374245
2024,86932,CHARQUEADAS,134,13,556338.77,8687.630000000001,547651.14,0.015615719177723315,0.06716417910447761,0.15384615384615385,0.05785123966942149,0.09599491417673237,0.011578082676272888,0.005284990391620095,0.006293092284652794,0.8321678321678322,0.8347107438016529,0.8378893833439288,0.5499046408137317,-0.0031786395422759295,-0.03130039452396972,0.014084507042253521,-0.10559731998482566,0.01609657947686117,-0.004917543627958047,0.15492957746478872
2024,86940,MANOEL VIANA,45,9,147592.27000000002,90.0,147502.27000000002,0.0006097880329369552,0.022222222222222223,0.0,0.027777777777777776,-0.027777777777777776,0.0,0.0003272251308900524,-0.0003272251308900524,0.7299382716049383,0.7283950617283951,0.7283950617283951,0.4861111111111111,0.0,-0.014244146594246249,0.12072434607645875,-0.023566732252663664,0.5372233400402414,-0.0007977292792665821,0.29979879275653926
2024,86959,HUMAITÁ,31,9,66875.61,5750.9400000000005,61124.67,0.0859945800868209,0.0967741935483871,0.1111111111111111,0.09090909090909091,0.020202020202020193,0.0397406022507632,0.03252405594405594,0.007216546306707261,0.6616161616161615,0.601010101010101,0.5656565656565656,0.5050505050505051,0.03535353535353536,0.07632884219619823,0.971830985915493,0.06857706739447528,0.903420523138833,0.03507456945586176,0.9818913480885312
2024,86967,MAQUINÉ,43,9,70728.36,1816.4,68911.95999999999,0.025681353278939313,0.046511627906976744,0.1111111111111111,0.029411764705882353,0.08169934640522875,0.009682539682539683,0.006823529411764707,0.0028590102707749766,0.6290849673202614,0.6633986928104575,0.6633986928104575,0.5392156862745098,0.0,0.011615174156000023,0.8450704225352113,0.0035605100960282993,0.7223340040241448,-0.0007396471963617629,0.31287726358148893
2024,86975,IBIAÇÁ,24,9,35143.009999999995,0.0,35143.009999999995,0.0,0.0,0.0,0.0,0.0,0.0,0.0,0.0,0.5333333333333333,0.5481481481481482,0.5481481481481482,0.5,0.0,-0.007755632618416723,0.49798792756539234,-0.023493730319618284,0.5523138832997988,0.00013197811887939332,0.6519114688128773
2024,86983,MARATÁ,30,9,52609.7,0.0,52609.7,0.0,0.0,0.0,0.0,0.0,0.0,0.0,0.0,0.3941798941798942,0.3941798941798942,0.3941798941798942,0.5,0.0,-0.009346620522866975,0.34909456740442657,-0.027262688351953942,0.335010060362173,-0.00022874876898421533,0.5020120724346077
2024,86991,IBIRAIARAS,40,9,66985.73,0.0,66985.73,0.0,0.0,0.0,0.0,0.0,0.0,0.0,0.0,0.7741935483870968,0.6917562724014337,0.6917562724014337,0.5,0.0,-0.01290212699712796,0.16700201207243462,-0.03883492217701873,0.1488933601609658,-0.0006442415440082696,0.34305835010060365
2024,87009,MARIANA PIMENTEL,54,9,134900.82,200.0,134700.82,0.0014825706767386587,0.018518518518518517,0.0,0.022222222222222223,-0.022222222222222223,0.0,0.0008889991247803617,-0.0008889991247803617,0.6530864197530863,0.6358024691358025,0.6382716049382716,0.4888888888888889,-0.0024691358024691024,-0.016966951011961037,0.07243460764587525,-0.04060223968754451,0.13279678068410464,-0.0034849684340223525,0.1891348088531187
2024,87017,IBIRUBÁ,72,11,261861.65000000002,1432.0,260429.65000000002,0.005468536534463904,0.027777777777777776,0.09090909090909091,0.01639344262295082,0.07451564828614009,0.004712350284704497,0.00455279028285059,0.00015956000185390635,0.7868852459016393,0.7853949329359166,0.7883755588673621,0.5365126676602086,-0.0029806259314455463,-0.02008435831998309,0.052313883299798795,-0.05877542490884556,0.060362173038229376,-0.004291593317267391,0.16901408450704225
2024,87025,MATO CASTELHANO,28,9,46053.15,0.0,46053.15,0.0,0.0,0.0,0.0,0.0,0.0,0.0,0.0,0.4912280701754386,0.4619883040935673,0.4619883040935673,0.5,0.0,-0.00874689660613006,0.4014084507042254,-0.025616582379459695,0.3953722334004024,-0.00012073014560878454,0.5573440643863179
2024,87033,IGREJINHA,87,9,307151.03,16703.440000000002,290447.58999999997,0.054381845960275635,0.13793103448275862,0.2222222222222222,0.1282051282051282,0.09401709401709402,0.045026458787816144,0.031980461037814864,0.01304599775000128,0.7856125356125355,0.7421652421652422,0.7478632478632479,0.5434472934472935,-0.005698005698005715,0.02319563540564966,0.8812877263581489,0.029032985546015425,0.8088531187122736,-0.007169895853959943,0.11468812877263582
2024,87041,MATO LEITÃO,44,9,80127.4,520.0,79607.4,0.006489665208156012,0.045454545454545456,0.1111111111111111,0.02857142857142857,0.08253968253968254,0.032723486538747584,0.00028571428571428574,0.0324377722530333,0.580952380952381,0.5920634920634921,0.5793650793650794,0.5428571428571428,0.012698412698412653,-0.007969455721286843,0.48088531187122735,0.0010925750376335544,0.7082494969818913,0.011929211227196451,0.9436619718309859
2024,87050,IJUÍ,126,17,1043359.5700000001,83498.06,959861.51,0.08002807699362934,0.24603174603174602,0.5294117647058824,0.2018348623853211,0.32757690232056125,0.06510274098397295,0.037480698782075605,0.027622042201897345,0.8316243928764167,0.8186724230976794,0.8202914193200216,0.6832164058283863,-0.0016189962223421839,0.035598433922413526,0.9235412474849095,0.08346800379399458,0.9195171026156942,-0.003328428822104827,0.19517102615694165
2024,87068,MINAS DO LEÃO,51,9,99972.75,2210.04,97762.70999999999,0.022106424000540147,0.11764705882352941,0.0,0.14285714285714285,-0.14285714285714285,0.0,0.027004120357960574,-0.027004120357960574,0.7857142857142857,0.7896825396825397,0.8042328042328042,0.4285714285714286,-0.014550264550264536,0.004859485295346692,0.7927565392354124,0.06304282383263349,0.8953722334004024,-0.015500289466128402,0.04225352112676056
2024,87076,ILÓPOLIS,17,9,56014.6,0.0,56014.6,0.0,0.0,0.0,0.0,0.0,0.0,0.0,0.0,0.5555555555555556,0.5416666666666667,0.5416666666666667,0.5,0.0,-0.007246794739680614,0.6006036217303823,-0.0263547626666076,0.37122736418511065,0.0007517422782394137,0.8189134808853119
2024,87084,MONTE BELO DO SUL,20,9,24758.0,0.0,24758.0,0.0,0.0,0.0,0.0,0.0,0.0,0.0,0.0,0.6161616161616161,0.6565656565656566,0.6565656565656566,0.5,0.0,-0.00719647995104733,0.6227364185110664,-0.023715382425540166,0.5160965794768612,0.00045055022724560685,0.7464788732394366
2024,87092,INDEPENDÊNCIA,47,9,96104.59,0.0,96104.59,0.0,0.0,0.0,0.0,0.0,0.0,0.0,0.0,0.7514619883040936,0.7485380116959064,0.7485380116959064,0.5,0.0,-0.015647989782233567,0.1056338028169014,-0.048684678232762776,0.09154929577464789,-0.0008519105565579001,0.2857142857142857
2024,87106,MORMAÇO,36,9,85363.3,0.0,85363.3,0.0,0.0,0.0,0.0,0.0,0.0,0.0,0.0,0.7551440329218106,0.7304526748971193,0.7304526748971193,0.5,0.0,-0.011401305952920136,0.23641851106639838,-0.03370961194374907,0.21026156941649898,-0.0004986926650101079,0.39738430583501005
2024,87114,IRAÍ,31,9,75120.47,0.0,75120.47,0.0,0.0,0.0,0.0,0.0,0.0,0.0,0.0,0.43686868686868685,0.457070707070707,0.457070707070707,0.5,0.0,-0.009665737890622663,0.3319919517102616,-0.02819712615391182,0.3058350100603622,-0.00027896589767360407,0.482897384305835
2024,87122,MORRINHOS DO SUL,18,9,95823.0,2000.0,93823.0,0.020871815743610616,0.05555555555555555,0.0,0.1111111111111111,-0.1111111111111111,0.0,0.08888888888888889,-0.08888888888888889,0.7160493827160495,0.7160493827160495,0.7407407407407408,0.4444444444444444,-0.024691358024691357,0.013700872083241684,0.8551307847082495,0.030387636101307642,0.8148893360160966,-0.024047343986190402,0.022132796780684104
2024,87130,ITAQUI,80,11,383431.54000000004,1007.0,382424.54000000004,0.0026262836906948235,0.075,0.0,0.08695652173913043,-0.08695652173913043,0.0,0.016512319491051735,-0.016512319491051735,0.8254281949934125,0.7859025032938076,0.7872200263504611,0.4565217391304348,-0.0013175230566534468,-0.02596861249015735,0.028169014084507043,-0.02357130582929673,0.5331991951710262,-0.002721362348003226,0.2152917505030181
2024,87149,MORRO REUTER,27,9,64420.030000000006,0.0,64420.030000000006,0.0,0.0,0.0,0.0,0.0,0.0,0.0,0.0,0.617283950617284,0.5864197530864197,0.5864197530864197,0.5,0.0,-0.008469754285805563,0.43259557344064387,-0.02492278211204411,0.45472837022132795,-6.251572241305413e-05,0.5885311871227364
2024,87157,ITATIBA DO SUL,15,9,33685.770000000004,3600.0,30085.770000000004,0.1068700522505497,0.3333333333333333,0.3333333333333333,0.3333333333333333,0.0,0.0940353216128648,0.0644088156345959,0.029626505978268908,0.46296296296296297,0.462962962962963,0.49074074074074076,0.5370370370370371,-0.027777777777777735,0.09924030551705824,0.9879275653923542,0.3034164256816727,0.9879275653923542,-0.026783546521650783,0.02012072434607646
2024,87165,MULITERNO,27,9,51815.0,0.0,51815.0,0.0,0.0,0.0,0.0,0.0,0.0,0.0,0.0,0.5,0.4320987654320988,0.4320987654320988,0.5,0.0,-0.008469754285805563,0.43259557344064387,-0.02492278211204411,0.45472837022132795,-6.251572241305413e-05,0.5885311871227364
2024,87173,IVOTI,41,9,117682.63,4899.9,112782.73000000001,0.04163656097760561,0.17073170731707318,0.3333333333333333,0.125,0.20833333333333331,0.05504743137742271,0.011833075252980394,0.04321435612444232,0.6475694444444444,0.5815972222222222,0.5815972222222222,0.6076388888888888,0.0,0.02834927035610851,0.8953722334004024,0.13054626455951057,0.9537223340040242,-0.0006772302091130983,0.3319919517102616
2024,87181,NICOLAU VERGUEIRO,24,9,76678.36,0.0,76678.36,0.0,0.0,0.0,0.0,0.0,0.0,0.0,0.0,0.6592592592592592,0.5925925925925926,0.5925925925925926,0.5,0.0,-0.007755632618416723,0.49798792756539234,-0.023493730319618284,0.5523138832997988,0.00013197811887939332,0.6519114688128773
2024,87190,JACUTINGA,34,9,58000.1,0.0,58000.1,0.0,0.0,0.0,0.0,0.0,0.0,0.0,0.0,0.5711111111111111,0.5777777777777777,0.5777777777777777,0.5,0.0,-0.010683437803651163,0.26961770623742454,-0.03135937402584611,0.24346076458752516,-0.0004165109579370717,0.4255533199195171
2024,87203,NOVA BOA VISTA,28,9,37328.0,0.0,37328.0,0.0,0.0,0.0,0.0,0.0,0.0,0.0,0.0,0.3654970760233919,0.41812865497076024,0.41812865497076024,0.5,0.0,-0.00874689660613006,0.4014084507042254,-0.025616582379459695,0.3953722334004024,-0.00012073014560878454,0.5573440643863179
2024,87211,JAGUARÃO,70,9,321616.64999999997,25171.879999999997,296444.76999999996,0.07826671908932575,0.2,0.3333333333333333,0.18032786885245902,0.1530054644808743,0.03739599503385254,0.036182448527980596,0.0012135465058719444,0.7759562841530054,0.7377049180327868,0.7468123861566485,0.5865209471766848,-0.00910746812386165,0.05348708475047185,0.9557344064386318,0.11648066061365704,0.9416498993963782,-0.01039221392795681,0.06841046277665996
2024,87220,NOVA PÁDUA,38,9,41692.9,0.0,41692.9,0.0,0.0,0.0,0.0,0.0,0.0,0.0,0.0,0.5363984674329502,0.5363984674329502,0.5363984674329502,0.5,0.0,-0.012142648369256187,0.19416498993963782,-0.03621097169692951,0.176056338028169,-0.0005743494886511018,0.36619718309859156
2024,87238,JAGUARI,32,9,128160.07999999999,120.0,128040.07999999999,0.0009363290035399479,0.03125,0.0,0.043478260869565216,-0.043478260869565216,0.0,0.00322061191626409,-0.00322061191626409,0.6859903381642513,0.714975845410628,0.717391304347826,0.4782608695652174,-0.0024154589371980784,-0.009059398775752393,0.36217303822937624,0.002054363780172059,0.7142857142857143,-0.002742354463587455,0.2112676056338028
2024,87246,NOVA SANTA RITA,101,11,368956.07,8556.43,360399.6400000001,0.023190918094937427,0.1188118811881188,0.18181818181818182,0.1111111111111111,0.07070707070707072,0.021026153531649792,0.020067827137745475,0.0009583263939043178,0.8464646464646465,0.8696969696969696,0.8686868686868687,0.5353535353535354,0.0010101010101009056,-0.012976899348020033,0.158953722334004,-0.010121896659585516,0.6639839034205232,-0.0005698703197737618,0.3762575452716298
2024,87254,JÚLIO DE CASTILHOS,72,11,255960.36000000002,5310.0,250650.36000000002,0.020745399795499584,0.05555555555555555,0.18181818181818182,0.03278688524590164,0.14903129657228018,0.0317806025467141,0.006572125271923289,0.025208477274790815,0.8055141579731744,0.7995529061102832,0.7950819672131149,0.5774962742175856,0.0044709388971683195,-0.004807495058947408,0.7122736418511066,-0.030997647131067785,0.2535211267605634,0.003159971511346475,0.8873239436619719
2024,87262,NOVO BARREIRO,40,9,89336.35,0.0,89336.35,0.0,0.0,0.0,0.0,0.0,0.0,0.0,0.0,0.664874551971326,0.7186379928315412,0.7186379928315412,0.5,0.0,-0.01290212699712796,0.16700201207243462,-0.03883492217701873,0.1488933601609658,-0.0006442415440082696,0.34305835010060365
2024,87270,LAGOA VERMELHA,87,11,324847.01000000007,900.0,323947.01000000007,0.0027705349665985836,0.022988505747126436,0.09090909090909091,0.013157894736842105,0.07775119617224881,0.09090909090909091,0.0021929824561403508,0.08871610845295055,0.7332535885167464,0.7386363636363636,0.7212918660287081,0.5394736842105263,0.01734449760765555,-0.028415675588027392,0.02012072434607646,-0.08590954318961676,0.026156941649899398,0.015872607451701323,0.9537223340040242
2024,87289,NOVO MACHADO,29,9,59120.09999999999,0.0,59120.09999999999,0.0,0.0,0.0,0.0,0.0,0.0,0.0,0.0,0.5083333333333333,0.5138888888888888,0.5138888888888888,0.5,0.0,-0.009039800480749866,0.37424547283702214,-0.026399717891850718,0.35412474849094566,-0.00017606857897033395,0.528169014084507
2024,87297,LAJEADO,108,15,789900.97,63963.35999999999,725937.6099999999,0.08097642923517362,0.2777777777777778,0.4666666666666667,0.24731182795698925,0.21935483870967742,0.08266714060659089,0.050360821784884255,0.032306318821706634,0.8053763440860215,0.8351254480286738,0.8336917562724014,0.621505376344086,0.0014336917562723928,0.04241616163397261,0.937625754527163,0.13915080608120486,0.9617706237424547,-0.00018939189857784485,0.5150905432595574
2024,87300,NOVO TIRADENTES,20,9,52600.0,0.0,52600.0,0.0,0.0,0.0,0.0,0.0,0.0,0.0,0.0,0.6565656565656566,0.6616161616161615,0.6616161616161615,0.5,0.0,-0.00719647995104733,0.6227364185110664,-0.023715382425540166,0.5160965794768612,0.00045055022724560685,0.7464788732394366
2024,87319,LAVRAS DO SUL,48,9,106929.31,0.0,106929.31,0.0,0.0,0.0,0.0,0.0,0.0,0.0,0.0,0.757834757834758,0.7749287749287749,0.7749287749287749,0.5,0.0,-0.01604670567593679,0.09456740442655935,-0.050150456192222075,0.08450704225352113,-0.0008776578020746711,0.2776659959758551
2024,87327,PARECI NOVO,33,9,42279.29,0.0,42279.29,0.0,0.0,0.0,0.0,0.0,0.0,0.0,0.0,0.44212962962962965,0.5277777777777778,0.5277777777777778,0.5,0.0,-0.010335332310784973,0.2937625754527163,-0.0302516621889704,0.2635814889336016,-0.00037269608054191976,0.4426559356136821
2024,87335,LIBERATO SALZANO,36,9,84152.2,0.0,84152.2,0.0,0.0,0.0,0.0,0.0,0.0,0.0,0.0,0.7407407407407406,0.7777777777777778,0.7777777777777778,0.5,0.0,-0.011401305952920136,0.23641851106639838,-0.03370961194374907,0.21026156941649898,-0.0004986926650101079,0.39738430583501005
2024,87343,PASSO DO SOBRADO,54,9,100433.8,1000.0,99433.8,0.009956807369630543,0.018518518518518517,0.0,0.022222222222222223,-0.022222222222222223,0.0,0.003434655675768504,-0.003434655675768504,0.5506172839506174,0.554320987654321,0.554320987654321,0.4888888888888889,0.0,-0.008492714319069151,0.42052313883299797,-0.04060223968754451,0.13279678068410464,-0.0010158326315532502,0.2515090543259557
2024,87351,MACHADINHO,36,9,132788.0,14000.0,118788.0,0.10543121366388529,0.25,0.2222222222222222,0.25925925925925924,-0.037037037037037035,0.0895181841433819,0.06663247379882092,0.02288571034456098,0.4938271604938272,0.4938271604938272,0.5473251028806585,0.49588477366255146,-0.05349794238683131,0.09402990771096516,0.9818913480885312,0.21629038805625092,0.9839034205231388,-0.053996635051841414,0.006036217303822937
2024,87360,PICADA CAFÉ,31,9,75228.01,1106.6399999999999,74121.37000000001,0.01471047818492075,0.12903225806451613,0.0,0.18181818181818182,-0.18181818181818182,0.0,0.013864592777589101,-0.013864592777589101,0.4671717171717172,0.46969696969696967,0.46969696969696967,0.40909090909090906,0.0,0.005044740294298087,0.7947686116700201,0.10083513191060431,0.9275653923541247,-0.00027896589767360407,0.482897384305835
2024,87378,MARAU,62,9,433917.18999999994,10099.5,423817.68999999994,0.02327517838138655,0.16129032258064516,0.2222222222222222,0.1509433962264151,0.07127882599580712,0.014323390765529421,0.025069611610340818,-0.010746220844811397,0.7683438155136267,0.7851153039832285,0.7955974842767295,0.5356394129979036,-0.010482180293501009,0.0016337185057948116,0.7665995975855131,0.08997695237976613,0.9215291750503019,-0.011647291834816961,0.06237424547283702
2024,87386,PINHAL GRANDE,33,9,56016.5,0.0,56016.5,0.0,0.0,0.0,0.0,0.0,0.0,0.0,0.0,0.6273148148148149,0.6273148148148148,0.6273148148148148,0.5,0.0,-0.010335332310784973,0.2937625754527163,-0.0302516621889704,0.2635814889336016,-0.00037269608054191976,0.4426559356136821
2024,87394,MARCELINO RAMOS,27,9,89638.5,740.0,88898.5,0.008255381337260217,0.07407407407407407,0.2222222222222222,0.0,0.2222222222222222,0.01621627683554572,0.0,0.01621627683554572,0.8024691358024691,0.787037037037037,0.787037037037037,0.6111111111111112,0.0,-0.00021437294854534557,0.7525150905432596,0.049151291962029955,0.8661971830985915,-6.251572241305413e-05,0.5885311871227364
2024,87408,PINHEIRINHO DO VALE,23,9,36673.5,0.0,36673.5,0.0,0.0,0.0,0.0,0.0,0.0,0.0,0.0,0.34920634920634924,0.3650793650793651,0.3650793650793651,0.5,0.0,-0.007566084717726943,0.53420523138833,-0.02328260699937309,0.5905432595573441,0.00020446388751197816,0.6790744466800804
2024,87416,MARIANO MORO,22,9,31062.6,0.0,31062.6,0.0,0.0,0.0,0.0,0.0,0.0,0.0,0.0,0.6239316239316239,0.5299145299145299,0.5299145299145299,0.5,0.0,-0.0074066384588839795,0.5603621730382293,-0.02323372646296686,0.6146881287726358,0.0002814039441380509,0.7052313883299799
2024,87424,PONTÃO,22,9,64324.02999999999,0.0,64324.02999999999,0.0,0.0,0.0,0.0,0.0,0.0,0.0,0.0,0.7435897435897436,0.7692307692307693,0.7692307692307693,0.5,0.0,-0.0074066384588839795,0.5603621730382293,-0.02323372646296686,0.6146881287726358,0.0002814039441380509,0.7052313883299799
2024,87432,MATA,36,9,82479.27,0.0,82479.27,0.0,0.0,0.0,0.0,0.0,0.0,0.0,0.0,0.5884773662551441,0.6234567901234568,0.6234567901234568,0.5,0.0,-0.011401305952920136,0.23641851106639838,-0.03370961194374907,0.21026156941649898,-0.0004986926650101079,0.39738430583501005
2024,87440,PONTE PRETA,22,9,47159.7,0.0,47159.7,0.0,0.0,0.0,0.0,0.0,0.0,0.0,0.0,0.3205128205128205,0.3205128205128205,0.3205128205128205,0.5,0.0,-0.0074066384588839795,0.5603621730382293,-0.02323372646296686,0.6146881287726358,0.0002814039441380509,0.7052313883299799
2024,87459,MAXIMILIANO DE ALMEIDA,30,9,60545.45,0.0,60545.45,0.0,0.0,0.0,0.0,0.0,0.0,0.0,0.0,0.4841269841269841,0.5,0.5,0.5,0.0,-0.009346620522866975,0.34909456740442657,-0.027262688351953942,0.335010060362173,-0.00022874876898421533,0.5020120724346077
2024,87467,PORTO MAUÁ,25,9,39332.93,0.0,39332.93,0.0,0.0,0.0,0.0,0.0,0.0,0.0,0.0,0.48611111111111105,0.4930555555555556,0.4930555555555556,0.5,0.0,-0.007971512151833364,0.4738430583501006,-0.023848049466754073,0.4959758551307847,6.35466422735291e-05,0.6297786720321932
2024,87475,MIRAGUAÍ,41,9,88758.53,0.0,88758.53,0.0,0.0,0.0,0.0,0.0,0.0,0.0,0.0,0.6475694444444444,0.5607638888888888,0.5607638888888888,0.5,0.0,-0.0132872906214971,0.15191146881287726,-0.04018544275756261,0.13782696177062373,-0.0006772302091130983,0.3319919517102616
2024,87483,PORTO VERA CRUZ,26,9,42328.0,0.0,42328.0,0.0,0.0,0.0,0.0,0.0,0.0,0.0,0.0,0.6470588235294119,0.6437908496732027,0.6437908496732027,0.5,0.0,-0.00821048465334698,0.45875251509054327,-0.02432914287877704,0.47283702213279677,-1.1814911118480916e-06,0.6106639839034205
2024,87491,MONTENEGRO,93,10,601792.23,22380.38,579411.85,0.037189546299060725,0.22580645161290322,0.7,0.1686746987951807,0.5313253012048192,0.041139140088003824,0.01847497778307743,0.022664162304926395,0.8789156626506024,0.8771084337349397,0.8759036144578313,0.7698795180722892,0.001204819277108471,0.0038356956515771465,0.7867203219315896,0.10821717151838271,0.9356136820925554,-0.00031743541300418166,0.4708249496981891
2024,87505,PRESIDENTE LUCENA,23,9,18260.0,0.0,18260.0,0.0,0.0,0.0,0.0,0.0,0.0,0.0,0.0,0.48015873015873023,0.42857142857142855,0.42857142857142855,0.5,0.0,-0.007566084717726943,0.53420523138833,-0.02328260699937309,0.5905432595573441,0.00020446388751197816,0.6790744466800804
2024,87513,MOSTARDAS,39,9,190303.87000000002,12918.21,177385.66,0.0678820141702846,0.1282051282051282,0.4444444444444444,0.03333333333333333,0.4111111111111111,0.134524379757616,0.0032089724046037273,0.13131540735301228,0.9296296296296297,0.9296296296296296,0.8999999999999999,0.712962962962963,0.029629629629629672,0.05536160353679671,0.9577464788732394,0.09069594488442405,0.9235412474849095,0.029019656091493134,0.9698189134808853
2024,87521,QUEVEDOS,35,9,69474.5,0.0,69474.5,0.0,0.0,0.0,0.0,0.0,0.0,0.0,0.0,0.7585470085470085,0.7713675213675213,0.7713675213675213,0.5,0.0,-0.011039055620365574,0.2515090543259557,-0.03251357314488317,0.22736418511066397,-0.00045847032660579953,0.4124748490945674
2024,87530,MUÇUM,31,9,69830.22,0.0,69830.22,0.0,0.0,0.0,0.0,0.0,0.0,0.0,0.0,0.6287878787878789,0.5656565656565656,0.5656565656565656,0.5,0.0,-0.009665737890622663,0.3319919517102616,-0.02819712615391182,0.3058350100603622,-0.00027896589767360407,0.482897384305835
2024,87548,RIO DOS ÍNDIOS,18,9,38802.14,0.0,38802.14,0.0,0.0,0.0,0.0,0.0,0.0,0.0,0.0,0.46296296296296297,0.46296296296296297,0.46296296296296297,0.5,0.0,-0.007170943660368933,0.6519114688128773,-0.02516791945424791,0.42655935613682094,0.0006440140385009529,0.7937625754527163
2024,87556,NÃO-ME-TOQUE,38,9,340883.46,600.0,340283.46,0.0017601323337893835,0.02631578947368421,0.0,0.034482758620689655,-0.034482758620689655,0.0,0.0007934500801675514,-0.0007934500801675514,0.7758620689655171,0.7720306513409961,0.7720306513409961,0.4827586206896552,0.0,-0.010382516035466804,0.2837022132796781,-0.0098951822232453,0.6659959758551308,-0.0005743494886511018,0.36619718309859156
2024,87564,SAGRADA FAMÍLIA,31,9,47436.93,0.0,47436.93,0.0,0.0,0.0,0.0,0.0,0.0,0.0,0.0,0.6338383838383838,0.6388888888888888,0.6388888888888888,0.5,0.0,-0.009665737890622663,0.3319919517102616,-0.02819712615391182,0.3058350100603622,-0.00027896589767360407,0.482897384305835
2024,87572,NONOAI,53,9,168243.99,2754.0,165489.99,0.016369083971439338,0.05660377358490566,0.1111111111111111,0.045454545454545456,0.06565656565656565,0.004238207271695783,0.011363695454863638,-0.007125488183167855,0.8547979797979798,0.845959595959596,0.8636363636363635,0.5303030303030304,-0.017676767676767513,-0.0016795754699679803,0.7364185110663984,-0.001006032503285556,0.7002012072434608,-0.0186713390629939,0.03219315895372234
2024,87580,SALVADOR DAS MISSÕES,21,9,80322.35,0.0,80322.35,0.0,0.0,0.0,0.0,0.0,0.0,0.0,0.0,0.9027777777777778,0.875,0.875,0.5,0.0,-0.007281705782449613,0.5865191146881288,-0.023369300171406038,0.5704225352112676,0.00036325663373670635,0.7233400402414487
2024,87599,NOVA ARAÇÁ,36,9,97223.9,0.0,97223.9,0.0,0.0,0.0,0.0,0.0,0.0,0.0,0.0,0.6049382716049383,0.5761316872427984,0.5761316872427984,0.5,0.0,-0.011401305952920136,0.23641851106639838,-0.03370961194374907,0.21026156941649898,-0.0004986926650101079,0.39738430583501005
2024,87602,SANTA CLARA DO SUL,51,9,70287.0,300.0,69987.0,0.004268214605830381,0.0196078431372549,0.0,0.023809523809523808,-0.023809523809523808,0.0,0.0028695392667753266,-0.0028695392667753266,0.6441798941798942,0.6137566137566137,0.6137566137566137,0.4880952380952381,0.0,-0.012978724099363074,0.15694164989939638,-0.03499639185364103,0.19114688128772636,-0.0009500249158638664,0.25855130784708247
2024,87610,NOVA BASSANO,20,9,55167.97,795.0,54372.97,0.014410535678583062,0.5,0.5555555555555556,0.45454545454545453,0.10101010101010105,0.012061004155341927,0.01465105950666627,-0.0025900553513243437,0.7373737373737372,0.7626262626262625,0.7626262626262625,0.5252525252525252,0.0,0.007214055727535732,0.8048289738430584,0.47628461757445983,0.993963782696177,0.00045055022724560685,0.7464788732394366
2024,87629,SANTA TEREZA,16,9,5983.32,0.0,5983.32,0.0,0.0,0.0,0.0,0.0,0.0,0.0,0.0,0.5634920634920635,0.626984126984127,0.626984126984127,0.5,0.0,-0.007395363877089724,0.5744466800804829,-0.027916219126317057,0.31690140845070425,0.0008680820203838558,0.8319919517102615
2024,87637,NOVA BRÉSCIA,17,9,25030.0,0.0,25030.0,0.0,0.0,0.0,0.0,0.0,0.0,0.0,0.0,0.027777777777777776,0.1388888888888889,0.1388888888888889,0.5,0.0,-0.007246794739680614,0.6006036217303823,-0.0263547626666076,0.37122736418511065,0.0007517422782394137,0.8189134808853119
2024,87645,SANTO ANTÔNIO DO PALMA,35,9,67226.0,0.0,67226.0,0.0,0.0,0.0,0.0,0.0,0.0,0.0,0.0,0.6517094017094016,0.6517094017094016,0.6517094017094016,0.5,0.0,-0.011039055620365574,0.2515090543259557,-0.03251357314488317,0.22736418511066397,-0.00045847032660579953,0.4124748490945674
2024,87653,NOVA PALMA,30,9,70962.0,0.0,70962.0,0.0,0.0,0.0,0.0,0.0,0.0,0.0,0.0,0.6296296296296297,0.6296296296296297,0.6296296296296297,0.5,0.0,-0.009346620522866975,0.34909456740442657,-0.027262688351953942,0.335010060362173,-0.00022874876898421533,0.5020120724346077
2024,87661,SANTO ANTÔNIO DO PLANALTO,31,9,72587.73999999999,0.0,72587.73999999999,0.0,0.0,0.0,0.0,0.0,0.0,0.0,0.0,0.6161616161616161,0.6439393939393939,0.6439393939393939,0.5,0.0,-0.009665737890622663,0.3319919517102616,-0.02819712615391182,0.3058350100603622,-0.00027896589767360407,0.482897384305835
2024,87670,NOVA PETRÓPOLIS,66,9,153368.93,15922.89,137446.04,0.10382083255063461,0.22727272727272727,0.4444444444444444,0.19298245614035087,0.25146198830409355,0.13654523603786142,0.06970908438697496,0.06683615165088647,0.6569200779727096,0.6803118908382066,0.6120857699805069,0.6364522417153996,0.06822612085769975,0.08060181367594464,0.9758551307847082,0.14984632254049352,0.9637826961770624,0.06699802860561445,0.9959758551307847
2024,87688,SANTO EXPEDITO DO SUL,20,9,46927.0,0.0,46927.0,0.0,0.0,0.0,0.0,0.0,0.0,0.0,0.0,0.40909090909090917,0.4040404040404041,0.4040404040404041,0.5,0.0,-0.00719647995104733,0.6227364185110664,-0.023715382425540166,0.5160965794768612,0.00045055022724560685,0.7464788732394366
2024,87696,NOVA PRATA,70,11,363279.4,6726.13,356553.27,0.018515032781930382,0.11428571428571428,0.18181818181818182,0.1016949152542373,0.08012326656394453,0.018097399894145286,0.014998793451365018,0.0030986064427802676,0.6194144838212634,0.6386748844375962,0.6371340523882898,0.5446841294298922,0.0015408320493064398,-0.006264601556923523,0.6901408450704225,0.030766374899371313,0.8209255533199196,0.0002560862452112816,0.6941649899396378
2024,87700,SÃO JOÃO DO POLÊSINE,27,9,42173.3,0.0,42173.3,0.0,0.0,0.0,0.0,0.0,0.0,0.0,0.0,0.6388888888888888,0.6666666666666666,0.6666666666666666,0.5,0.0,-0.008469754285805563,0.43259557344064387,-0.02492278211204411,0.45472837022132795,-6.251572241305413e-05,0.5885311871227364
2024,87718,NOVO HAMBURGO,151,14,1407364.0,176439.97,1230924.03,0.12536910848934604,0.39072847682119205,0.6428571428571429,0.36496350364963503,0.27789363920750787,0.06464910432659852,0.0719258103596429,-0.007276706033044381,0.8832116788321167,0.8774765380604796,0.8889468196037539,0.6697080291970803,-0.01147028154327423,0.0733961094311858,0.9678068410462777,0.19713899950990402,0.9778672032193159,-0.01325818527079075,0.052313883299798795
2024,87726,SÃO JOSÉ DOS AUSENTES,33,9,60246.630000000005,0.0,60246.630000000005,0.0,0.0,0.0,0.0,0.0,0.0,0.0,0.0,0.5879629629629629,0.6018518518518517,0.6018518518518517,0.5,0.0,-0.010335332310784973,0.2937625754527163,-0.0302516621889704,0.2635814889336016,-0.00037269608054191976,0.4426559356136821
2024,87734,OSÓRIO,87,13,490409.39999999997,22120.07,468289.33,0.045105314049853046,0.22988505747126436,0.5384615384615384,0.17567567567567569,0.3627858627858628,0.0808507243549077,0.021914719963777734,0.05893600439112996,0.8305613305613305,0.8575883575883576,0.8243243243243243,0.6803534303534303,0.033264033264033266,0.01391910349522707,0.8611670020120724,0.12098700853452117,0.9476861167002012,0.03179214310807904,0.9778672032193159
2024,87742,SÃO JOSÉ DO INHACORÁ,31,9,40364.21,0.0,40364.21,0.0,0.0,0.0,0.0,0.0,0.0,0.0,0.0,0.30808080808080807,0.47727272727272724,0.47727272727272724,0.5,0.0,-0.009665737890622663,0.3319919517102616,-0.02819712615391182,0.3058350100603622,-0.00027896589767360407,0.482897384305835
2024,87750,PAIM FILHO,24,9,57199.44,500.0,56699.44,0.008741344320853491,0.041666666666666664,0.0,0.06666666666666667,-0.06666666666666667,0.0,0.01489784547358761,-0.01489784547358761,0.6222222222222222,0.662962962962963,0.6851851851851852,0.4666666666666667,-0.022222222222222254,0.0009857117024367678,0.7625754527162978,0.01817293634704838,0.7746478873239436,-0.02209024410334286,0.02414486921529175
2024,87769,SÃO JOSÉ DAS MISSÕES,28,9,45050.7,0.0,45050.7,0.0,0.0,0.0,0.0,0.0,0.0,0.0,0.0,0.4239766081871345,0.4239766081871345,0.4239766081871345,0.5,0.0,-0.00874689660613006,0.4014084507042254,-0.025616582379459695,0.3953722334004024,-0.00012073014560878454,0.5573440643863179
2024,87777,PALMEIRA DAS MISSÕES,85,13,514524.13000000006,13219.02,501305.11000000004,0.02569173966632041,0.08235294117647059,0.15384615384615385,0.06944444444444445,0.08440170940170941,0.039127428838943414,0.00677139304641675,0.03235603579252666,0.780982905982906,0.6955128205128206,0.6784188034188035,0.5432692307692307,0.017094017094017144,-0.004760938878914579,0.7142857142857143,-0.023614463923243095,0.5311871227364185,0.01564047018239413,0.9517102615694165
2024,87785,SÃO MARTINHO DA SERRA,43,9,59288.67999999999,0.0,59288.67999999999,0.0,0.0,0.0,0.0,0.0,0.0,0.0,0.0,0.7418300653594772,0.7549019607843137,0.7549019607843137,0.5,0.0,-0.01406617912293929,0.1267605633802817,-0.042951117810948444,0.11670020120724346,-0.0007396471963617629,0.31287726358148893
2024,87793,PALMITINHO,54,9,80384.61,0.0,80384.61,0.0,0.0,0.0,0.0,0.0,0.0,0.0,0.0,0.4444444444444444,0.48395061728395056,0.48395061728395056,0.5,0.0,-0.018449521688699694,0.059356136820925554,-0.05912075820606303,0.05533199195171026,-0.0010158326315532502,0.2515090543259557
2024,87807,SÃO PEDRO DA SERRA,17,9,27111.9,0.0,27111.9,0.0,0.0,0.0,0.0,0.0,0.0,0.0,0.0,0.6111111111111112,0.6319444444444444,0.6319444444444444,0.5,0.0,-0.007246794739680614,0.6006036217303823,-0.0263547626666076,0.37122736418511065,0.0007517422782394137,0.8189134808853119
2024,87815,PANAMBI,104,13,316073.65,6418.52,309655.13,0.020307039197984395,0.0673076923076923,0.07692307692307693,0.06593406593406594,0.010989010989010992,0.00424011045911757,0.02375841464395698,-0.019518304184839408,0.8368554522400676,0.8241758241758241,0.8296703296703297,0.5054945054945055,-0.005494505494505586,-0.0168939597749562,0.0744466800804829,-0.06580703521536414,0.0482897384305835,-0.007093723035232199,0.11670020120724346
2024,87823,SÃO PEDRO DO BUTIÁ,18,9,57786.380000000005,0.0,57786.380000000005,0.0,0.0,0.0,0.0,0.0,0.0,0.0,0.0,0.4814814814814815,0.4444444444444444,0.4444444444444444,0.5,0.0,-0.007170943660368933,0.6519114688128773,-0.02516791945424791,0.42655935613682094,0.0006440140385009529,0.7937625754527163
2024,87831,PARAÍ,18,9,54264.5,0.0,54264.5,0.0,0.0,0.0,0.0,0.0,0.0,0.0,0.0,0.8024691358024691,0.7901234567901235,0.7901234567901235,0.5,0.0,-0.007170943660368933,0.6519114688128773,-0.02516791945424791,0.42655935613682094,0.0006440140385009529,0.7937625754527163
2024,87840,SÃO VALENTIM DO SUL,28,9,24107.85,0.0,24107.85,0.0,0.0,0.0,0.0,0.0,0.0,0.0,0.0,0.7836257309941521,0.8157894736842106,0.8157894736842106,0.5,0.0,-0.00874689660613006,0.4014084507042254,-0.025616582379459695,0.3953722334004024,-0.00012073014560878454,0.5573440643863179
2024,87858,PASSO FUNDO,217,21,2800486.69,138496.38,2661990.31,0.04945439679986482,0.271889400921659,0.6190476190476191,0.23469387755102042,0.3843537414965986,0.07102590611767201,0.04322701055039525,0.027798895567276757,0.9084062196307093,0.922740524781341,0.9164237123420796,0.7291059280855199,0.00631681243926141,-0.019752591854340328,0.05432595573440644,0.006635030353687232,0.7323943661971831,0.0044465892421535185,0.8993963782696177
2024,87866,SÃO VALÉRIO DO SUL,23,9,64223.36,2250.0,61973.36,0.035033981404896906,0.043478260869565216,0.0,0.07142857142857142,-0.07142857142857142,0.0,0.04185267857142857,-0.04185267857142857,0.5476190476190477,0.5476190476190477,0.5793650793650793,0.4642857142857143,-0.03174603174603163,0.027467896687169965,0.8913480885311871,0.020195653870192128,0.7826961770623743,-0.03154156785851966,0.014084507042253521
2024,87874,PEDRO OSÓRIO,53,9,94635.36,200.0,94435.36,0.002113374958366513,0.018867924528301886,0.0,0.022727272727272728,-0.022727272727272728,0.0,0.0024793298272303803,-0.0024793298272303803,0.6578282828282829,0.6502525252525253,0.6527777777777778,0.48863636363636365,-0.002525252525252486,-0.015935284483040806,0.1006036217303823,-0.038741881559889335,0.15694164989939638,-0.003519823911478874,0.1851106639839034
2024,87882,SENTINELA DO SUL,45,9,42100.880000000005,102.0,41998.880000000005,0.002422752208504905,0.022222222222222223,0.0,0.027777777777777776,-0.027777777777777776,0.0,0.0009588268471517203,-0.0009588268471517203,0.7083333333333333,0.6373456790123456,0.6373456790123456,0.4861111111111111,0.0,-0.0124311824186783,0.18309859154929578,-0.023566732252663664,0.5372233400402414,-0.0007977292792665821,0.29979879275653926
2024,87890,PEJUÇARA,21,9,52526.6,0.0,52526.6,0.0,0.0,0.0,0.0,0.0,0.0,0.0,0.0,0.43518518518518523,0.4305555555555556,0.4305555555555556,0.5,0.0,-0.007281705782449613,0.5865191146881288,-0.023369300171406038,0.5704225352112676,0.00036325663373670635,0.7233400402414487
2024,87904,SÉRIO,37,9,48025.52,4082.0,43943.52,0.08499647687312913,0.10810810810810811,0.1111111111111111,0.10714285714285714,0.003968253968253968,0.05838734162433585,0.021244897959183672,0.03714244366515218,0.6249999999999999,0.5674603174603174,0.5218253968253967,0.507936507936508,0.045634920634920695,0.07322707283802674,0.96579476861167,0.07316478285443263,0.9114688128772636,0.04509763454757648,0.9899396378269618
2024,87912,PELOTAS,252,21,3997765.06,447235.42000000004,3550529.64,0.11187136144513705,0.4365079365079365,0.9047619047619048,0.3939393939393939,0.5108225108225108,0.16080433099837638,0.07493516334142977,0.0858691676569466,0.9204287775716347,0.9154813440527726,0.9020820449391878,0.8356009070294784,0.01339929911358484,0.034732629988509844,0.9195171026156942,0.13800328870737405,0.959758551307847,0.011524350453403933,0.9416498993963782
2024,87920,SERTÃO SANTANA,33,9,71477.85,35.0,71442.85,0.0004896621820605964,0.030303030303030304,0.1111111111111111,0.0,0.1111111111111111,0.001610305958132045,0.0,0.001610305958132045,0.4861111111111111,0.525462962962963,0.525462962962963,0.5555555555555556,0.0,-0.009845670128724377,0.32193158953722334,5.1368114059903436e-05,0.7032193158953722,-0.00037269608054191976,0.4426559356136821
2024,87939,PINHEIRO MACHADO,52,9,201275.66,162.0,201113.66,0.0008048663211438482,0.019230769230769232,0.1111111111111111,0.0,0.1111111111111111,0.007142857142857142,0.0,0.007142857142857142,0.7700258397932817,0.7545219638242894,0.751937984496124,0.5555555555555556,0.0025839793281653423,-0.01684288496978056,0.08048289738430583,-0.03687324937460879,0.16700201207243462,0.0016113336961629731,0.869215291750503
2024,87947,SINIMBU,61,9,131497.39,0.0,131497.39,0.0,0.0,0.0,0.0,0.0,0.0,0.0,0.0,0.6570512820512822,0.6634615384615385,0.6634615384615385,0.5,0.0,-0.021244763076407595,0.04024144869215292,-0.0697843270734562,0.04024144869215292,-0.0011482626877431484,0.2414486921529175
2024,87955,PIRATINI,47,9,176974.11,528.5,176445.61,0.0029863125176897345,0.0425531914893617,0.0,0.05263157894736842,-0.05263157894736842,0.0,0.005057142035925505,-0.005057142035925505,0.8114035087719299,0.8801169590643274,0.8801169590643275,0.4736842105263158,-1.1102230246251565e-16,-0.012661677264543833,0.1750503018108652,-0.006131486743401075,0.6770623742454729,-0.0008519105565580112,0.28169014084507044
2024,87963,TIRADENTES DO SUL,46,9,71397.97,7187.1,64210.87,0.10066252583932009,0.43478260869565216,0.3333333333333333,0.4594594594594595,-0.12612612612612617,0.04815730511807457,0.08661201504993452,-0.03845470993185995,0.6381381381381381,0.6621621621621622,0.6831831831831832,0.4159159159159159,-0.02102102102102099,0.08541220973340917,0.9778672032193159,0.3875522356358796,0.9899396378269618,-0.021846303814374857,0.026156941649899398
2024,87971,PLANALTO,43,9,83653.79000000001,6500.0,77153.79000000001,0.07770120158333531,0.046511627906976744,0.2222222222222222,0.0,0.2222222222222222,0.06507936507936507,0.0,0.06507936507936507,0.6486928104575164,0.6454248366013072,0.6388888888888888,0.6111111111111112,0.0065359477124183885,0.06363502246039601,0.9617706237424547,0.0035605100960282993,0.7223340040241448,0.005796300516056625,0.9094567404426559
2024,87980,TRAVESSEIRO,13,9,16140.0,1350.0,14790.0,0.08364312267657993,0.07692307692307693,0.0,0.25,-0.25,0.0,0.1125,-0.1125,0.4861111111111111,0.2638888888888889,0.3055555555555556,0.375,-0.041666666666666685,0.07521826515384879,0.9698189134808853,0.04134850241191692,0.8480885311871227,-0.04038457924299036,0.012072434607645875
2024,87998,PORTÃO,70,11,267430.86,17408.66,250022.2,0.06509592797181298,0.14285714285714285,0.36363636363636365,0.1016949152542373,0.26194144838212635,0.046265345659008965,0.045761027502326676,0.0005043181566822888,0.9106317411402156,0.9514637904468413,0.9530046224961479,0.6294298921417566,-0.0015408320493066618,0.04031629363295907,0.9356136820925554,0.05933780347079988,0.8893360160965795,-0.00282557785340182,0.20925553319919518
2024,88005,TRÊS FORQUILHAS,29,9,62271.06,41.99,62229.06999999999,0.0006743100245924833,0.034482758620689655,0.0,0.05,-0.05,0.0,0.00020842267861113762,-0.00020842267861113762,0.5944444444444444,0.6222222222222222,0.6222222222222222,0.475,0.0,-0.008365490456157382,0.4507042253521127,0.008083040728838937,0.7394366197183099,-0.00017606857897033395,0.528169014084507
2024,88013,PORTO ALEGRE,511,35,26520061.89,2508647.83,24011414.06,0.09459434296968754,0.5205479452054794,0.9714285714285714,0.48739495798319327,0.48403361344537815,0.11494608136365489,0.06973608072693167,0.045210000636723216,0.9489795918367346,0.9493997599039616,0.9457382953181273,0.9026410564225691,0.003661464585834384,-0.026570940461430104,0.026156941649899398,0.03557881018003661,0.8309859154929577,0.0019963187780186386,0.8752515090543259
2024,88021,TUPANCI DO SUL,22,9,59832.0,8500.0,51332.0,0.14206444711859875,0.09090909090909091,0.0,0.15384615384615385,-0.15384615384615385,0.0,0.08076923076923077,-0.08076923076923077,0.6752136752136753,0.6794871794871795,0.7264957264957265,0.4230769230769231,-0.04700854700854695,0.13465780865971477,0.9959758551307847,0.06767536444612406,0.9014084507042254,-0.0467271430644089,0.008048289738430584
2024,88030,PORTO LUCENA,24,9,62801.0,2145.0,60656.0,0.034155507077912775,0.041666666666666664,0.1111111111111111,0.0,0.1111111111111111,0.03972222222222222,0.0,0.03972222222222222,0.7481481481481481,0.6370370370370371,0.6370370370370371,0.5555555555555556,0.0,0.026399874459496053,0.8893360160965795,0.01817293634704838,0.7746478873239436,0.00013197811887939332,0.6519114688128773
2024,88048,UNIÃO DA SERRA,23,9,21558.0,0.0,21558.0,0.0,0.0,0.0,0.0,0.0,0.0,0.0,0.0,0.5,0.47619047619047616,0.47619047619047616,0.5,0.0,-0.007566084717726943,0.53420523138833,-0.02328260699937309,0.5905432595573441,0.00020446388751197816,0.6790744466800804
2024,88056,PORTO XAVIER,26,9,149907.0,0.0,149907.0,0.0,0.0,0.0,0.0,0.0,0.0,0.0,0.0,0.7516339869281046,0.7712418300653594,0.7712418300653594,0.5,0.0,-0.00821048465334698,0.45875251509054327,-0.02432914287877704,0.47283702213279677,-1.1814911118480916e-06,0.6106639839034205
2024,88064,VALE DO SOL,48,9,103517.88,0.0,103517.88,0.0,0.0,0.0,0.0,0.0,0.0,0.0,0.0,0.8304843304843305,0.8618233618233618,0.8618233618233618,0.5,0.0,-0.01604670567593679,0.09456740442655935,-0.050150456192222075,0.08450704225352113,-0.0008776578020746711,0.2776659959758551
2024,88072,PUTINGA,24,9,71768.7,0.0,71768.7,0.0,0.0,0.0,0.0,0.0,0.0,0.0,0.0,0.674074074074074,0.662962962962963,0.662962962962963,0.5,0.0,-0.007755632618416723,0.49798792756539234,-0.023493730319618284,0.5523138832997988,0.00013197811887939332,0.6519114688128773
2024,88080,VALE REAL,38,9,96502.48000000001,0.0,96502.48000000001,0.0,0.0,0.0,0.0,0.0,0.0,0.0,0.0,0.31800766283524906,0.20689655172413793,0.20689655172413793,0.5,0.0,-0.012142648369256187,0.19416498993963782,-0.03621097169692951,0.176056338028169,-0.0005743494886511018,0.36619718309859156
2024,88099,QUARAÍ,126,11,381705.55,4670.0,377035.55,0.012234561430924964,0.023809523809523808,0.09090909090909091,0.017391304347826087,0.07351778656126483,0.0059127864005912795,0.009034782608695651,-0.0031219962081043716,0.8553359683794466,0.8229249011857708,0.824505928853755,0.5367588932806323,-0.0015810276679841806,-0.03219508164029085,0.008048289738430584,-0.13875421842822763,0.004024144869215292,-0.0032904602677468237,0.19718309859154928
2024,88102,VILA NOVA DO SUL,28,9,49481.1,2000.0,47481.1,0.04041947329384351,0.07142857142857142,0.1111111111111111,0.05263157894736842,0.05847953216374269,0.07407407407407407,0.023601604909133822,0.05047246916494025,0.6345029239766082,0.6812865497076024,0.652046783625731,0.5292397660818714,0.0292397660818714,0.03167257668771345,0.9094567404426559,0.045811989049111726,0.8551307847082495,0.029119035936262614,0.971830985915493
2024,88110,REDENTORA,47,9,124021.9,5000.0,119021.9,0.040315460414652574,0.02127659574468085,0.1111111111111111,0.0,0.1111111111111111,0.07140816909454442,0.0,0.07140816909454442,0.5248538011695907,0.5043859649122806,0.46637426900584794,0.5555555555555556,0.03801169590643266,0.024667470632419006,0.8873239436619719,-0.027408082488081926,0.32193158953722334,0.03715978534987476,0.9839034205231388
2024,88129,VITÓRIA DAS MISSÕES,22,9,46445.35,0.0,46445.35,0.0,0.0,0.0,0.0,0.0,0.0,0.0,0.0,0.5341880341880341,0.5213675213675214,0.5213675213675214,0.5,0.0,-0.0074066384588839795,0.5603621730382293,-0.02323372646296686,0.6146881287726358,0.0002814039441380509,0.7052313883299799
2024,88137,RESTINGA SÊCA,41,9,136321.97,1300.0,135021.97,0.009536247165442225,0.04878048780487805,0.0,0.0625,-0.0625,0.0,0.018026315789473685,-0.018026315789473685,0.6822916666666666,0.6909722222222223,0.6996527777777778,0.46875,-0.00868055555555547,-0.003751043456054875,0.7243460764587525,0.008595045047315439,0.744466800804829,-0.009357785764668567,0.07645875251509054
2024,88145,XANGRI-LÁ,59,9,268239.9,4130.0,264109.9,0.01539666544760865,0.11864406779661017,0.1111111111111111,0.12,-0.00888888888888889,0.0015280506439642,0.027168109389630924,-0.025640058745666723,0.9022222222222221,0.8733333333333334,0.8755555555555555,0.48888888888888893,-0.0022222222222221255,-0.005052346623544505,0.7062374245472837,0.05191604601750402,0.8732394366197183,-0.0033353390973710493,0.193158953722334
2024,88153,RIO GRANDE,267,21,1926767.77,154062.40999999997,1772705.3599999999,0.07995899267092264,0.21722846441947566,0.5714285714285714,0.18699186991869918,0.3844367015098722,0.08035704331259047,0.03731039421563054,0.04304664909695993,0.9154084397986836,0.9020518776616337,0.9053426248548199,0.7263840495547812,-0.0032907471931861165,-0.0003759363083677969,0.7464788732394366,-0.09471241038010178,0.02012072434607646,-0.005162936046610261,0.1529175050301811
2024,88161,BOA VISTA DO SUL,23,9,64601.35,0.0,64601.35,0.0,0.0,0.0,0.0,0.0,0.0,0.0,0.0,0.5595238095238094,0.5873015873015873,0.5873015873015873,0.5,0.0,-0.007566084717726943,0.53420523138833,-0.02328260699937309,0.5905432595573441,0.00020446388751197816,0.6790744466800804
2024,88170,RIO PARDO,109,13,535600.98,2500.0,533100.98,0.004667653894135892,0.01834862385321101,0.0,0.020833333333333332,-0.020833333333333332,0.0,0.0029245870351140343,-0.0029245870351140343,0.8341346153846154,0.8453525641025641,0.8469551282051282,0.4895833333333333,-0.0016025641025640969,-0.03422920575214719,0.004024144869215292,-0.12164529813251257,0.012072434607645875,-0.003231313545818519,0.19919517102615694
2024,88188,DILERMANDO DE AGUIAR,46,9,121672.35,1000.0,120672.35,0.00821879416317676,0.021739130434782608,0.0,0.02702702702702703,-0.02702702702702703,0.0,0.00596063892088593,-0.00596063892088593,0.7972972972972973,0.7957957957957957,0.8048048048048048,0.4864864864864865,-0.009009009009009028,-0.007031521942734159,0.6780684104627767,-0.025491242624989946,0.4104627766599598,-0.009834291802362893,0.07042253521126761
2024,88196,ROCA SALES,43,9,94728.00000000001,0.0,94728.00000000001,0.0,0.0,0.0,0.0,0.0,0.0,0.0,0.0,0.576797385620915,0.661764705882353,0.661764705882353,0.5,0.0,-0.01406617912293929,0.1267605633802817,-0.042951117810948444,0.11670020120724346,-0.0007396471963617629,0.31287726358148893
2024,88200,CAPIVARI DO SUL,43,9,83735.62,0.0,83735.62,0.0,0.0,0.0,0.0,0.0,0.0,0.0,0.0,0.7418300653594772,0.7826797385620914,0.7826797385620914,0.5,0.0,-0.01406617912293929,0.1267605633802817,-0.042951117810948444,0.11670020120724346,-0.0007396471963617629,0.31287726358148893
2024,88218,RODEIO BONITO,33,9,68020.0,0.0,68020.0,0.0,0.0,0.0,0.0,0.0,0.0,0.0,0.0,0.6412037037037037,0.4328703703703704,0.4328703703703704,0.5,0.0,-0.010335332310784973,0.2937625754527163,-0.0302516621889704,0.2635814889336016,-0.00037269608054191976,0.4426559356136821
2024,88226,NOVA CANDELÁRIA,22,9,54680.90000000001,0.0,54680.90000000001,0.0,0.0,0.0,0.0,0.0,0.0,0.0,0.0,0.6666666666666666,0.7008547008547008,0.7008547008547008,0.5,0.0,-0.0074066384588839795,0.5603621730382293,-0.02323372646296686,0.6146881287726358,0.0002814039441380509,0.7052313883299799
2024,88234,ROLANTE,74,9,193838.2,1018.82,192819.38,0.00525603312453376,0.04054054054054054,0.1111111111111111,0.03076923076923077,0.08034188034188033,0.017551388270933763,0.0005320148757753896,0.017019373395158372,0.882051282051282,0.882051282051282,0.8769230769230769,0.5418803418803418,0.00512820512820511,-0.02106515468652717,0.04225352112676056,-0.049035998427013394,0.08853118712273642,0.0037922963739260547,0.8933601609657947
2024,88242,FLORIANO PEIXOTO,23,9,39956.5,0.0,39956.5,0.0,0.0,0.0,0.0,0.0,0.0,0.0,0.0,0.6349206349206349,0.5873015873015873,0.5873015873015873,0.5,0.0,-0.007566084717726943,0.53420523138833,-0.02328260699937309,0.5905432595573441,0.00020446388751197816,0.6790744466800804
2024,88250,RONDA ALTA,26,9,84641.59000000001,50.0,84591.59000000001,0.0005907261430225968,0.038461538461538464,0.1111111111111111,0.0,0.1111111111111111,0.0009643638622001189,0.0,0.0009643638622001189,0.718954248366013,0.738562091503268,0.738562091503268,0.5555555555555556,0.0,-0.0076197585103243825,0.5191146881287726,0.014132395582761425,0.7595573440643864,-1.1814911118480916e-06,0.6106639839034205
2024,88269,CHUVISCA,31,9,118040.65,0.0,118040.65,0.0,0.0,0.0,0.0,0.0,0.0,0.0,0.0,0.8585858585858586,0.8636363636363636,0.8636363636363636,0.5,0.0,-0.009665737890622663,0.3319919517102616,-0.02819712615391182,0.3058350100603622,-0.00027896589767360407,0.482897384305835
2024,88277,RONDINHA,18,9,50001.25,0.0,50001.25,0.0,0.0,0.0,0.0,0.0,0.0,0.0,0.0,0.40740740740740744,0.3827160493827161,0.3827160493827161,0.5,0.0,-0.007170943660368933,0.6519114688128773,-0.02516791945424791,0.42655935613682094,0.0006440140385009529,0.7937625754527163
2024,88285,ESPERANÇA DO SUL,13,9,26814.260000000002,0.0,26814.260000000002,0.0,0.0,0.0,0.0,0.0,0.0,0.0,0.0,0.7222222222222222,0.7083333333333334,0.7083333333333334,0.5,0.0,-0.008424857522731146,0.44668008048289737,-0.03557457451116001,0.18712273641851107,0.0012820874236763272,0.8561368209255533
2024,88293,ROQUE GONZALES,20,9,55870.61,0.0,55870.61,0.0,0.0,0.0,0.0,0.0,0.0,0.0,0.0,0.6313131313131313,0.6010101010101009,0.6010101010101009,0.5,0.0,-0.00719647995104733,0.6227364185110664,-0.023715382425540166,0.5160965794768612,0.00045055022724560685,0.7464788732394366
2024,88307,DOUTOR RICARDO,28,9,54921.3,0.0,54921.3,0.0,0.0,0.0,0.0,0.0,0.0,0.0,0.0,0.5321637426900585,0.5292397660818714,0.5292397660818714,0.5,0.0,-0.00874689660613006,0.4014084507042254,-0.025616582379459695,0.3953722334004024,-0.00012073014560878454,0.5573440643863179
2024,88315,ROSÁRIO DO SUL,104,13,427276.66000000003,14448.98,412827.68,0.03381645044688376,0.10576923076923077,0.15384615384615385,0.0989010989010989,0.05494505494505496,0.03176186719873787,0.009771139002556096,0.021990728196181777,0.9163144547759933,0.8436179205409974,0.8377007607776839,0.5316990701606086,0.005917159763313529,-0.003384548526056838,0.7303822937625755,-0.02734549675382568,0.323943661971831,0.004317942222586916,0.89738430583501
2024,88323,HERVEIRAS,29,9,69078.66,0.0,69078.66,0.0,0.0,0.0,0.0,0.0,0.0,0.0,0.0,0.4138888888888889,0.4833333333333333,0.4833333333333333,0.5,0.0,-0.009039800480749866,0.37424547283702214,-0.026399717891850718,0.35412474849094566,-0.00017606857897033395,0.528169014084507
2024,88331,SALVADOR DO SUL,32,9,70209.88,0.0,70209.88,0.0,0.0,0.0,0.0,0.0,0.0,0.0,0.0,0.7318840579710145,0.5555555555555556,0.5555555555555556,0.5,0.0,-0.00999572777929234,0.31086519114688127,-0.02919563621982794,0.2887323943661972,-0.0003268955263893768,0.4607645875251509
2024,88340,CARAÁ,50,9,139947.74,7270.0,132677.74,0.051947962860993686,0.12,0.0,0.14634146341463414,-0.14634146341463414,0.0,0.06040445443653261,-0.06040445443653261,0.6964769647696477,0.7411924119241193,0.7615176151761517,0.4268292682926829,-0.020325203252032353,0.03510158585030386,0.9215291750503019,0.06688863143233996,0.8993963782696177,-0.021251880061217927,0.028169014084507043
2024,88358,SANANDUVA,49,9,194930.8,200.0,194730.8,0.0010260051259216093,0.02040816326530612,0.0,0.025,-0.025,0.0,0.000855431993156544,-0.000855431993156544,0.7069444444444444,0.711111111111111,0.711111111111111,0.4875,0.0,-0.015420231701419755,0.10865191146881288,-0.031218250864294823,0.2505030181086519,-0.0009025667391385827,0.27062374245472837
2024,88366,FAZENDA VILANOVA,34,9,23701.559999999998,1049.58,22651.98,0.04428316110838274,0.029411764705882353,0.1111111111111111,0.0,0.1111111111111111,0.061848343745690974,0.0,0.061848343745690974,0.6733333333333333,0.6000000000000001,0.5911111111111111,0.5555555555555556,0.008888888888888946,0.03359972330473158,0.9154929577464789,-0.0019476093199637598,0.6951710261569416,0.008472377930951874,0.9255533199195171
2024,88374,SANTA BÁRBARA DO SUL,39,9,116063.75,1330.0,114733.75,0.011459219609912656,0.05128205128205128,0.0,0.06666666666666667,-0.06666666666666667,0.0,0.03536036036036037,-0.03536036036036037,0.5777777777777777,0.5833333333333333,0.5944444444444444,0.4666666666666667,-0.011111111111111183,-0.0010611910235752316,0.7424547283702213,0.013772867961347135,0.7535211267605634,-0.011721084649247723,0.060362173038229376
2024,88382,ITAARA,47,9,68551.73,1550.0,67001.73,0.022610662050396104,0.0851063829787234,0.1111111111111111,0.07894736842105263,0.03216374269005848,0.02179653587655314,0.011655493385173873,0.010141042491379268,0.8011695906432749,0.8318713450292398,0.8362573099415205,0.5146198830409356,-0.004385964912280715,0.006962672268162537,0.8008048289738431,0.036421704745960626,0.8370221327967807,-0.005237875468838616,0.14688128772635814
2024,88390,SANTA CRUZ DO SUL,194,17,1788856.96,208795.2,1580061.76,0.11671989693351446,0.3556701030927835,0.5882352941176471,0.3333333333333333,0.25490196078431376,0.1170668117500815,0.10132924737497177,0.01573756437510973,0.8190428713858425,0.8155533399800597,0.8079096045197741,0.6877700232635429,0.007643735460285628,0.0531401030916058,0.9517102615694165,0.11391343900584988,0.9396378269617707,0.005788249748023198,0.9074446680080482
2024,88404,ESTRELA VELHA,18,9,41620.3,0.0,41620.3,0.0,0.0,0.0,0.0,0.0,0.0,0.0,0.0,0.6728395061728395,0.654320987654321,0.654320987654321,0.5,0.0,-0.007170943660368933,0.6519114688128773,-0.02516791945424791,0.42655935613682094,0.0006440140385009529,0.7937625754527163
2024,88412,SANTA MARIA,258,21,2575074.0300000003,176278.2,2398795.8299999996,0.06845558533321079,0.3023255813953488,0.8571428571428571,0.25316455696202533,0.6039783001808318,0.0934094291205872,0.04952256805937711,0.043886861061210085,0.9269640345589713,0.9238497086598353,0.9132007233273055,0.8301185453084188,0.010648985332529781,-0.009975186712741599,0.3199195171026157,-0.0016081376839658934,0.6981891348088531,0.008774850902640475,0.9275653923541247
2024,88420,BENJAMIN CONSTANT DO SUL,11,9,28176.0,0.0,28176.0,0.0,0.0,0.0,0.0,0.0,0.0,0.0,0.0,0.5555555555555556,0.5555555555555556,0.5555555555555556,0.5,0.0,-0.009819737744417384,0.323943661971831,-0.044245649252235945,0.10663983903420524,0.0016314992020878666,0.8712273641851107
2024,88439,SANTANA DA BOA VISTA,47,9,120420.54000000001,0.0,120420.54000000001,0.0,0.0,0.0,0.0,0.0,0.0,0.0,0.0,0.8421052631578947,0.8347953216374269,0.8347953216374269,0.5,0.0,-0.015647989782233567,0.1056338028169014,-0.048684678232762776,0.09154929577464789,-0.0008519105565579001,0.2857142857142857
2024,88447,MAÇAMBARÁ,37,9,95887.75,0.0,95887.75,0.0,0.0,0.0,0.0,0.0,0.0,0.0,0.0,0.7797619047619048,0.7579365079365079,0.7579365079365079,0.5,0.0,-0.011769404035102389,0.21730382293762576,-0.03494332525367548,0.19718309859154928,-0.0005372860873442125,0.38329979879275655
2024,88455,SANT'ANA DO LIVRAMENTO,149,17,1008777.8599999999,35551.72,973226.14,0.035242367432608016,0.19463087248322147,0.29411764705882354,0.18181818181818182,0.11229946524064172,0.025620543824863146,0.02372545351886168,0.0018950903060014658,0.9050802139037434,0.8983957219251337,0.9024064171122994,0.5637254901960784,-0.00401069518716568,-0.016150896585949995,0.09054325955734406,0.0034346834882942046,0.7183098591549296,-0.005793665219226028,0.12877263581488935
2024,88463,DOM PEDRO DE ALCÂNTARA,22,9,29485.0,0.0,29485.0,0.0,0.0,0.0,0.0,0.0,0.0,0.0,0.0,0.670940170940171,0.6837606837606838,0.6837606837606838,0.5,0.0,-0.0074066384588839795,0.5603621730382293,-0.02323372646296686,0.6146881287726358,0.0002814039441380509,0.7052313883299799
2024,88471,SANTA ROSA,117,15,1084558.91,55375.979999999996,1029182.9299999999,0.051058526641028654,0.3333333333333333,0.4,0.3235294117647059,0.07647058823529412,0.02218284992234916,0.05825295031252716,-0.036070100390178,0.8457516339869281,0.8601307189542484,0.8660130718954249,0.5366013071895425,-0.00588235294117645,0.0095142697960598,0.8269617706237424,0.18256248691098398,0.9758551307847082,-0.0075525085811755654,0.10462776659959759
2024,88480,UNISTALDA,17,9,60967.0,0.0,60967.0,0.0,0.0,0.0,0.0,0.0,0.0,0.0,0.0,0.6666666666666666,0.5,0.5,0.5,0.0,-0.007246794739680614,0.6006036217303823,-0.0263547626666076,0.37122736418511065,0.0007517422782394137,0.8189134808853119
2024,88498,SANTA VITÓRIA DO PALMAR,97,13,365180.61,1333.0,363847.61,0.003650248571521911,0.030927835051546393,0.15384615384615385,0.011904761904761904,0.14194139194139194,0.010197139877651059,0.00023026618771299624,0.009966873689938063,0.8278388278388278,0.8195970695970696,0.8186813186813187,0.5718864468864469,0.0009157509157509125,-0.03112137565582652,0.01609657947686117,-0.09236904481269775,0.02414486921529175,-0.000636594283689949,0.352112676056338
2024,88501,TURUÇU,32,9,44258.729999999996,0.0,44258.729999999996,0.0,0.0,0.0,0.0,0.0,0.0,0.0,0.0,0.42995169082125606,0.4444444444444444,0.4444444444444444,0.5,0.0,-0.00999572777929234,0.31086519114688127,-0.02919563621982794,0.2887323943661972,-0.0003268955263893768,0.4607645875251509
2024,88510,SANTIAGO,85,13,522045.84,30954.8,491091.04,0.05929517607112816,0.16470588235294117,0.6153846153846154,0.08333333333333333,0.532051282051282,0.0906962963599405,0.02647916601175622,0.06421713034818428,0.8723290598290598,0.8792735042735043,0.8739316239316238,0.7697649572649573,0.005341880341880434,0.028842497525893167,0.89738430583501,0.05873847725322749,0.8853118712273642,0.003888333430257422,0.8953722334004024
2024,88528,CRISTAL DO SUL,20,9,43040.0,2600.0,40440.0,0.0604089219330855,0.65,0.7777777777777778,0.5454545454545454,0.23232323232323238,0.07936507936507936,0.055658627087198514,0.023706452277880846,0.6363636363636364,0.6414141414141413,0.5,0.6161616161616161,0.14141414141414133,0.05321244198203817,0.9537223340040242,0.6262846175744599,0.9979879275653923,0.14186469164138693,0.9979879275653923
2024,88536,SANTO ÂNGELO,140,15,843975.3,40134.96,803840.3399999999,0.04755466184851618,0.24285714285714285,0.5333333333333333,0.208,0.32533333333333336,0.02971031213757734,0.04583944129472442,-0.01612912915714708,0.8816,0.8957333333333333,0.9016,0.6570666666666666,-0.005866666666666687,-0.0011803510491868521,0.7404426559356136,0.06261698079110059,0.8933601609657947,-0.0076247958483257935,0.10261569416498995
2024,88544,MUITOS CAPÕES,20,9,39878.12,1200.0,38678.12,0.030091689377533343,0.05,0.1111111111111111,0.0,0.1111111111111111,0.022351900498279745,0.0,0.022351900498279745,0.6515151515151515,0.7272727272727273,0.7171717171717171,0.5555555555555556,0.010101010101010166,0.022895209426486013,0.8792756539235412,0.026284617574459837,0.7987927565392354,0.010551560328255773,0.9396378269617707
2024,88552,SANTO ANTÔNIO DA PATRULHA,69,13,322500.5,14418.529999999999,308081.97,0.04470855083945606,0.2318840579710145,0.3076923076923077,0.21428571428571427,0.09340659340659344,0.04299580186355288,0.029340863268052794,0.013654938595500089,0.8846153846153847,0.8853021978021978,0.8880494505494506,0.5535714285714285,-0.0027472527472528485,0.020317351655636744,0.8732394366197183,0.1498851302041661,0.96579476861167,-0.004018379832882004,0.18108651911468812
2024,88560,NOVA RAMADA,23,9,83760.95,0.0,83760.95,0.0,0.0,0.0,0.0,0.0,0.0,0.0,0.0,0.5714285714285714,0.6666666666666666,0.6666666666666666,0.5,0.0,-0.007566084717726943,0.53420523138833,-0.02328260699937309,0.5905432595573441,0.00020446388751197816,0.6790744466800804
2024,88579,SANTO ANTÔNIO DAS MISSÕES,31,9,120371.74999999999,50.0,120321.74999999999,0.000415379854492437,0.03225806451612903,0.0,0.045454545454545456,-0.045454545454545456,0.0,0.0004967709885742673,-0.0004967709885742673,0.601010101010101,0.6792929292929293,0.6792929292929293,0.4772727272727273,0.0,-0.009250358036130226,0.36016096579476864,0.004060938362217211,0.7263581488933601,-0.00027896589767360407,0.482897384305835
2024,88587,JARI,30,9,66348.59,0.0,66348.59,0.0,0.0,0.0,0.0,0.0,0.0,0.0,0.0,0.6375661375661376,0.6640211640211641,0.6640211640211641,0.5,0.0,-0.009346620522866975,0.34909456740442657,-0.027262688351953942,0.335010060362173,-0.00022874876898421533,0.5020120724346077
2024,88595,SANTO AUGUSTO,45,9,138697.83,3472.5299999999997,135225.3,0.025036657026285127,0.06666666666666667,0.1111111111111111,0.05555555555555555,0.05555555555555555,0.02464805100533868,0.006468909878000788,0.018179141127337893,0.8580246913580247,0.8549382716049383,0.8595679012345678,0.5277777777777778,-0.004629629629629539,0.010182722399101923,0.8289738430583501,0.02087771219178078,0.7847082494969819,-0.005427358908896122,0.14084507042253522
2024,88609,UBIRETAMA,29,9,51180.0,0.0,51180.0,0.0,0.0,0.0,0.0,0.0,0.0,0.0,0.0,0.5166666666666666,0.5277777777777778,0.5277777777777778,0.5,0.0,-0.009039800480749866,0.37424547283702214,-0.026399717891850718,0.35412474849094566,-0.00017606857897033395,0.528169014084507
2024,88617,SANTO CRISTO,27,9,112484.42,0.0,112484.42,0.0,0.0,0.0,0.0,0.0,0.0,0.0,0.0,0.7654320987654321,0.7901234567901234,0.7901234567901234,0.5,0.0,-0.008469754285805563,0.43259557344064387,-0.02492278211204411,0.45472837022132795,-6.251572241305413e-05,0.5885311871227364
2024,88625,BARRA DO QUARAÍ,33,9,60020.54,0.0,60020.54,0.0,0.0,0.0,0.0,0.0,0.0,0.0,0.0,0.8541666666666666,0.849537037037037,0.849537037037037,0.5,0.0,-0.010335332310784973,0.2937625754527163,-0.0302516621889704,0.2635814889336016,-0.00037269608054191976,0.4426559356136821
2024,88633,SÃO BORJA,102,15,929577.17,26371.39,903205.7799999999,0.02836923157224268,0.1568627450980392,0.4,0.11494252873563218,0.28505747126436787,0.030510129526764053,0.0161950745678278,0.014315054958936254,0.8896551724137932,0.8785440613026819,0.8754789272030652,0.642911877394636,0.0030651340996167287,-0.008144299963597453,0.46680080482897385,0.02653086130091767,0.8008048289738431,0.0014786128045350879,0.8631790744466801
2024,88641,CERRITO,49,9,103065.84,570.0,102495.84,0.005530445392964342,0.02040816326530612,0.0,0.025,-0.025,0.0,0.0014011799410029498,-0.0014011799410029498,0.7694444444444445,0.7833333333333333,0.7833333333333333,0.4875,0.0,-0.010915791434377023,0.2595573440643863,-0.031218250864294823,0.2505030181086519,-0.0009025667391385827,0.27062374245472837
2024,88650,SÃO FRANCISCO DE ASSIS,42,11,147138.24,2899.0,144239.24,0.019702559987125032,0.11904761904761904,0.2727272727272727,0.06451612903225806,0.20821114369501464,0.03046268046071283,0.01523207974820878,0.015230600712504051,0.8167155425219941,0.8181818181818181,0.8049853372434017,0.5953079178885631,0.01319648093841641,0.006027114824671638,0.7987927565392354,0.07748935966336142,0.9154929577464789,0.012487470645044038,0.9456740442655935
2024,88668,VALE VERDE,35,9,87631.75,0.0,87631.75,0.0,0.0,0.0,0.0,0.0,0.0,0.0,0.0,0.5876068376068376,0.6517094017094016,0.6517094017094016,0.5,0.0,-0.011039055620365574,0.2515090543259557,-0.03251357314488317,0.22736418511066397,-0.00045847032660579953,0.4124748490945674
2024,88676,SÃO FRANCISCO DE PAULA,81,9,272444.8,13162.35,259282.44999999998,0.04831198833671996,0.12345679012345678,0.4444444444444444,0.08333333333333333,0.3611111111111111,0.09321431327240802,0.01611479935589226,0.07709951391651576,0.9089506172839505,0.8989197530864198,0.8757716049382717,0.6882716049382716,0.02314814814814814,0.019342812576909618,0.8712273641851107,0.023398596686579523,0.7927565392354124,0.021733900858128232,0.96579476861167
2024,88684,NOVO CABRAIS,51,9,80453.22,0.0,80453.22,0.0,0.0,0.0,0.0,0.0,0.0,0.0,0.0,0.544973544973545,0.6005291005291005,0.6005291005291005,0.5,0.0,-0.017246938705193456,0.06639839034205232,-0.05460423499089593,0.06639839034205232,-0.0009500249158638664,0.25855130784708247
2024,88692,SÃO GABRIEL,138,15,720286.17,22253.97,698032.2000000001,0.03089601178931424,0.09420289855072464,0.13333333333333333,0.08943089430894309,0.04390243902439024,0.028846720737523982,0.013475093058323345,0.015371627679200637,0.8379403794037941,0.8422764227642275,0.8447154471544716,0.5252032520325203,-0.0024390243902440156,-0.01723696003835542,0.06841046277665996,-0.08356020638608566,0.028169014084507043,-0.0041909985496407995,0.1750503018108652
2024,88706,SETE DE SETEMBRO,23,9,48833.0,0.0,48833.0,0.0,0.0,0.0,0.0,0.0,0.0,0.0,0.0,0.634920634920635,0.6349206349206349,0.6349206349206349,0.5,0.0,-0.007566084717726943,0.53420523138833,-0.02328260699937309,0.5905432595573441,0.00020446388751197816,0.6790744466800804
2024,88714,SÃO JERÔNIMO,82,11,274441.74,4109.73,270332.01,0.014974872262506423,0.07317073170731707,0.09090909090909091,0.07042253521126761,0.020486555697823303,0.016783216783216783,0.0078105554171208,0.008972661366095983,0.8629961587708066,0.8553137003841229,0.854033290653009,0.5134443021766966,0.001280409731113874,-0.0143672263516944,0.11871227364185111,-0.028370591922096886,0.2977867203219316,-0.0001440053496453409,0.5412474849094567
2024,88722,TABAÍ,40,9,71776.0,0.0,71776.0,0.0,0.0,0.0,0.0,0.0,0.0,0.0,0.0,0.6971326164874553,0.7043010752688171,0.7043010752688171,0.5,0.0,-0.01290212699712796,0.16700201207243462,-0.03883492217701873,0.1488933601609658,-0.0006442415440082696,0.34305835010060365
2024,88730,SÃO JOSÉ DO NORTE,79,9,343999.76,2200.0,341799.76,0.0063953532990836965,0.0379746835443038,0.0,0.04285714285714286,-0.04285714285714286,0.0,0.004363125315794106,-0.004363125315794106,0.7111111111111111,0.8253968253968254,0.8285714285714286,0.4785714285714286,-0.0031746031746032743,-0.021823913108629148,0.03822937625754527,-0.05910606441876976,0.05835010060362173,-0.004567786848143068,0.158953722334004
2024,88749,VILA LÂNGARO,14,9,24347.550000000003,0.0,24347.550000000003,0.0,0.0,0.0,0.0,0.0,0.0,0.0,0.0,0.5555555555555556,0.5333333333333333,0.5333333333333333,0.5,0.0,-0.007966146981543548,0.48390342052313884,-0.03243652749084797,0.23641851106639838,0.0011316405877142635,0.8501006036217303
2024,88757,SÃO JOSÉ DO OURO,42,9,125183.4,13081.85,112101.55,0.10450147543524142,0.14285714285714285,0.2222222222222222,0.12121212121212122,0.101010101010101,0.07333333333333332,0.04435075494396026,0.028982578389373057,0.632996632996633,0.6464646464646465,0.6632996632996633,0.5437710437710438,-0.01683501683501676,0.09082603027278803,0.9798792756539235,0.10129888347288522,0.9305835010060363,-0.01754402712838913,0.04024144869215292
2024,88765,SENADOR SALGADO FILHO,28,9,50059.0,0.0,50059.0,0.0,0.0,0.0,0.0,0.0,0.0,0.0,0.0,0.6695906432748537,0.5233918128654971,0.5233918128654971,0.5,0.0,-0.00874689660613006,0.4014084507042254,-0.025616582379459695,0.3953722334004024,-0.00012073014560878454,0.5573440643863179
2024,88773,SÃO LEOPOLDO,173,13,2586436.25,266630.51,2319805.7399999998,0.10308798834690011,0.43352601156069365,0.8461538461538461,0.4,0.4461538461538461,0.08728143695377553,0.08412957843266876,0.0031518585211067762,0.9201923076923076,0.9067307692307692,0.9096153846153846,0.7689903846153847,-0.0028846153846153744,0.0449826814730507,0.9436619718309859,0.21454366726824786,0.9818913480885312,-0.004715131187148707,0.15694164989939638
2024,88781,VESPASIANO CORRÊA,27,9,74107.0,0.0,74107.0,0.0,0.0,0.0,0.0,0.0,0.0,0.0,0.0,0.5401234567901234,0.5401234567901234,0.5401234567901234,0.5,0.0,-0.008469754285805563,0.43259557344064387,-0.02492278211204411,0.45472837022132795,-6.251572241305413e-05,0.5885311871227364
2024,88790,SÃO LOURENÇO DO SUL,93,11,379606.94999999995,10695.99,368910.95999999996,0.028176486231350613,0.11827956989247312,0.36363636363636365,0.08536585365853659,0.27827050997782704,0.0482755783035234,0.016653912548592914,0.031621665754930486,0.6934589800443459,0.7172949002217294,0.7006651884700665,0.6363636363636364,0.016629711751662835,-0.005177364416132965,0.704225352112676,0.0006902897979526174,0.7062374245472837,0.015107457061550183,0.9496981891348089
2024,88803,MONTE ALEGRE DOS CAMPOS,26,9,49013.0,0.0,49013.0,0.0,0.0,0.0,0.0,0.0,0.0,0.0,0.0,0.5522875816993464,0.7091503267973857,0.7091503267973857,0.5,0.0,-0.00821048465334698,0.45875251509054327,-0.02432914287877704,0.47283702213279677,-1.1814911118480916e-06,0.6106639839034205
2024,88811,SÃO LUIZ GONZAGA,98,13,507143.31,6301.6900000000005,500841.62,0.012425856509868976,0.08163265306122448,0.3076923076923077,0.047058823529411764,0.26063348416289595,0.011556678351932406,0.00726597805204085,0.004290700299891556,0.8751131221719457,0.8714932126696833,0.8733031674208145,0.6312217194570136,-0.0018099547511312153,-0.022696827339909634,0.03621730382293763,-0.04308010910664223,0.11066398390342053,-0.0033694276937866023,0.19114688128772636
2024,88820,MARQUES DE SOUZA,32,9,55477.9,0.0,55477.9,0.0,0.0,0.0,0.0,0.0,0.0,0.0,0.0,0.4903381642512078,0.4975845410628019,0.4975845410628019,0.5,0.0,-0.00999572777929234,0.31086519114688127,-0.02919563621982794,0.2887323943661972,-0.0003268955263893768,0.4607645875251509
2024,88838,SÃO MARCOS,52,9,149025.99,6200.0,142825.99,0.04160348137932182,0.15384615384615385,0.3333333333333333,0.11627906976744186,0.21705426356589147,0.033633598276833626,0.02307424468175815,0.010559353595075475,0.7028423772609819,0.661498708010336,0.6692506459948321,0.6033591731266149,-0.007751937984496138,0.023955730088397412,0.8832997987927566,0.09774213524077582,0.9255533199195171,-0.008724583616498506,0.08651911468812877
2024,88846,CHUÍ,39,9,83114.03,0.0,83114.03,0.0,0.0,0.0,0.0,0.0,0.0,0.0,0.0,0.6074074074074074,0.6407407407407406,0.6407407407407406,0.5,0.0,-0.012520410633487888,0.18008048289738432,-0.037509183320704145,0.16398390342052313,-0.0006099735381365395,0.3551307847082495
2024,88854,SÃO MARTINHO,16,9,45776.08,0.0,45776.08,0.0,0.0,0.0,0.0,0.0,0.0,0.0,0.0,0.30158730158730157,0.380952380952381,0.380952380952381,0.5,0.0,-0.007395363877089724,0.5744466800804829,-0.027916219126317057,0.31690140845070425,0.0008680820203838558,0.8319919517102615
2024,88862,ARARICÁ,69,9,149144.14,4877.0,144267.14,0.03269991030153783,0.043478260869565216,0.2222222222222222,0.016666666666666666,0.20555555555555555,0.03936241735899691,0.00026881720430107527,0.03909360015469584,0.7592592592592592,0.6351851851851851,0.6351851851851851,0.6046296296296296,0.0,0.008308711117718512,0.8148893360160966,-0.03852066689728319,0.158953722334004,-0.0012711270856291552,0.22937625754527163
2024,88870,SÃO NICOLAU,18,9,77430.68,1430.0,76000.68,0.018468131753459998,0.05555555555555555,0.0,0.1111111111111111,-0.1111111111111111,0.0,0.01636342830987527,-0.01636342830987527,0.46913580246913583,0.45679012345679015,0.45679012345679015,0.4444444444444444,0.0,0.011297188093091066,0.8410462776659959,0.030387636101307642,0.8148893360160966,0.0006440140385009529,0.7937625754527163
2024,88889,PASSA SETE,30,9,70806.0,0.0,70806.0,0.0,0.0,0.0,0.0,0.0,0.0,0.0,0.0,0.798941798941799,0.7566137566137566,0.7566137566137566,0.5,0.0,-0.009346620522866975,0.34909456740442657,-0.027262688351953942,0.335010060362173,-0.00022874876898421533,0.5020120724346077
2024,88897,SÃO PAULO DAS MISSÕES,21,9,66272.5,0.0,66272.5,0.0,0.0,0.0,0.0,0.0,0.0,0.0,0.0,0.8796296296296297,0.8518518518518519,0.8518518518518519,0.5,0.0,-0.007281705782449613,0.5865191146881288,-0.023369300171406038,0.5704225352112676,0.00036325663373670635,0.7233400402414487
2024,88900,TOROPI,42,9,73071.06,0.0,73071.06,0.0,0.0,0.0,0.0,0.0,0.0,0.0,0.0,0.6835016835016834,0.6734006734006733,0.6734006734006733,0.5,0.0,-0.013675445162453394,0.14386317907444668,-0.041558259384257626,0.12575452716297786,-0.0007090102933723727,0.323943661971831
2024,88919,SÃO PEDRO DO SUL,68,11,144092.4,0.0,144092.4,0.0,0.0,0.0,0.0,0.0,0.0,0.0,0.0,0.5845295055821371,0.6810207336523126,0.6810207336523126,0.5,0.0,-0.02400159703029183,0.03219315895372234,-0.0804764768215419,0.030181086519114688,-0.0012571538161267064,0.23138832997987926
2024,88927,BALNEÁRIO PINHAL,110,9,326650.92000000004,4063.95,322586.97,0.012441262984962662,0.06363636363636363,0.0,0.06930693069306931,-0.06930693069306931,0.0,0.005241002259332713,-0.005241002259332713,0.797029702970297,0.7684268426842683,0.7695269526952695,0.4653465346534653,-0.0011001100110011874,-0.026790912459329345,0.02414486921529175,-0.07772007750997226,0.03621730382293763,-0.002734410495327147,0.21327967806841047
2024,88935,SÃO SEBASTIÃO DO CAÍ,84,9,169350.56999999998,4140.0,165210.56999999998,0.024446330472935523,0.011904761904761904,0.0,0.013333333333333334,-0.013333333333333334,0.0,0.003680429383428067,-0.003680429383428067,0.7807407407407407,0.711111111111111,0.7125925925925926,0.49333333333333335,-0.001481481481481528,-0.005637523313969335,0.7002012072434608,-0.09259123737084303,0.022132796780684104,-0.0029255396810848287,0.20321931589537223
2024,88943,MAMPITUBA,37,9,64121.78,907.82,63213.96000000001,0.014157747960209466,0.05405405405405406,0.0,0.07142857142857142,-0.07142857142857142,0.0,0.013392948120851017,-0.013392948120851017,0.6944444444444444,0.7063492063492063,0.7103174603174602,0.4642857142857143,-0.003968253968253954,0.002388343925107077,0.7706237424547284,0.019110728800378576,0.7806841046277666,-0.004505540055598166,0.16297786720321933
2024,88951,SÃO SEPÉ,83,11,232643.02000000002,7988.389999999999,224654.63,0.03433754427706449,0.08433734939759036,0.36363636363636365,0.041666666666666664,0.32196969696969696,0.05510043265516663,0.010958268553408498,0.04414216410175813,0.9330808080808081,0.8945707070707072,0.8857323232323232,0.6609848484848485,0.008838383838383979,0.004623884893920599,0.7907444668008048,-0.018683267178247476,0.635814889336016,0.00740403406341818,0.9175050301810865
2024,88978,SÃO VALENTIM,40,9,80118.25,0.0,80118.25,0.0,0.0,0.0,0.0,0.0,0.0,0.0,0.0,0.48387096774193544,0.48387096774193544,0.48387096774193544,0.5,0.0,-0.01290212699712796,0.16700201207243462,-0.03883492217701873,0.1488933601609658,-0.0006442415440082696,0.34305835010060365
2024,88986,ACEGUÁ,55,9,152684.59,750.0,151934.59,0.0049120870678566846,0.05454545454545454,0.2222222222222222,0.021739130434782608,0.20048309178743962,0.01209002121887783,0.00029311187103077673,0.011796909347847053,0.6183574879227053,0.640096618357488,0.6376811594202898,0.602657004830918,0.0024154589371981894,-0.013938122072220303,0.13480885311871227,-0.006090648653726098,0.6800804828973843,0.0013790009392017604,0.8611670020120724
2024,88994,SAPIRANGA,113,11,563645.33,39421.45,524223.88000000006,0.06994016964533353,0.2831858407079646,0.6363636363636364,0.24509803921568626,0.39126559714795006,0.055977948602552535,0.06095821261636312,-0.004980264013810583,0.859180035650624,0.8547237076648841,0.857397504456328,0.7054367201426024,-0.002673796791443861,0.029709632943764906,0.903420523138833,0.1377683378510053,0.9577464788732394,-0.004324087767999228,0.16700201207243462
2024,89001,ALMIRANTE TAMANDARÉ DO SUL,23,9,37757.990000000005,0.0,37757.990000000005,0.0,0.0,0.0,0.0,0.0,0.0,0.0,0.0,0.5833333333333334,0.5396825396825398,0.5396825396825398,0.5,0.0,-0.007566084717726943,0.53420523138833,-0.02328260699937309,0.5905432595573441,0.00020446388751197816,0.6790744466800804
2024,89010,SAPUCAIA DO SUL,129,11,1336847.58,92866.63999999998,1243980.94,0.06946688716749592,0.27906976744186046,0.5454545454545454,0.2542372881355932,0.2912172573189522,0.048808247106898156,0.04356863998807985,0.005239607118818303,0.7889060092449923,0.7688751926040062,0.7688751926040062,0.6467642526964561,0.0,0.024096406903815218,0.8853118712273642,0.11265101742693029,0.937625754527163,-0.0017210363226710602,0.2193158953722334
2024,89028,ARROIO DO PADRE,24,9,30716.5,0.0,30716.5,0.0,0.0,0.0,0.0,0.0,0.0,0.0,0.0,0.8037037037037037,0.7555555555555555,0.7555555555555555,0.5,0.0,-0.007755632618416723,0.49798792756539234,-0.023493730319618284,0.5523138832997988,0.00013197811887939332,0.6519114688128773
2024,89036,SARANDI,53,11,223950.44,6688.21,217262.23,0.02986468791934501,0.11320754716981132,0.09090909090909091,0.11904761904761904,-0.02813852813852813,0.0019946808510638296,0.02104934528790907,-0.01905466443684524,0.8333333333333334,0.7770562770562771,0.7835497835497836,0.4826839826839826,-0.00649350649350644,0.011816028477937692,0.8470824949698189,0.055597741081620106,0.8792756539235412,-0.007488077879732828,0.10663983903420524
2024,89044,BOA VISTA DO CADEADO,18,9,72885.61,0.0,72885.61,0.0,0.0,0.0,0.0,0.0,0.0,0.0,0.0,0.5802469135802469,0.5,0.5,0.5,0.0,-0.007170943660368933,0.6519114688128773,-0.02516791945424791,0.42655935613682094,0.0006440140385009529,0.7937625754527163
2024,89052,SEBERI,27,9,71726.70000000001,0.0,71726.70000000001,0.0,0.0,0.0,0.0,0.0,0.0,0.0,0.0,0.8148148148148148,0.861111111111111,0.861111111111111,0.5,0.0,-0.008469754285805563,0.43259557344064387,-0.02492278211204411,0.45472837022132795,-6.251572241305413e-05,0.5885311871227364
2024,89060,BOA VISTA DO INCRA,19,9,62994.4,0.0,62994.4,0.0,0.0,0.0,0.0,0.0,0.0,0.0,0.0,0.5055555555555555,0.5888888888888889,0.5888888888888889,0.5,0.0,-0.007157112950459968,0.6720321931589537,-0.024302732164587268,0.48490945674044267,0.0005438974677727271,0.7696177062374245
2024,89079,SELBACH,20,9,73767.2,0.0,73767.2,0.0,0.0,0.0,0.0,0.0,0.0,0.0,0.0,0.41414141414141414,0.40909090909090906,0.40909090909090906,0.5,0.0,-0.00719647995104733,0.6227364185110664,-0.023715382425540166,0.5160965794768612,0.00045055022724560685,0.7464788732394366
2024,89087,BOZANO,27,9,31948.2,1000.0,30948.2,0.031300667956254184,0.037037037037037035,0.0,0.05555555555555555,-0.05555555555555555,0.0,0.013888888888888888,-0.013888888888888888,0.5432098765432098,0.5277777777777777,0.5277777777777777,0.4722222222222222,0.0,0.02283091367044862,0.8752515090543259,0.012114254924992924,0.7484909456740443,-6.251572241305413e-05,0.5885311871227364
2024,89095,SERAFINA CORRÊA,39,9,134274.28999999998,6730.0,127544.29,0.05012128531828395,0.07692307692307693,0.3333333333333333,0.0,0.3333333333333333,0.10780540647240329,0.0,0.10780540647240329,0.7925925925925926,0.7962962962962963,0.7388888888888888,0.6666666666666666,0.05740740740740746,0.03760087468479606,0.9295774647887324,0.03941389360237278,0.8450704225352113,0.05679743386927092,0.993963782696177
2024,89109,CANUDOS DO VALE,36,9,28072.0,0.0,28072.0,0.0,0.0,0.0,0.0,0.0,0.0,0.0,0.0,0.6460905349794238,0.5473251028806585,0.5473251028806585,0.5,0.0,-0.011401305952920136,0.23641851106639838,-0.03370961194374907,0.21026156941649898,-0.0004986926650101079,0.39738430583501005
2024,89117,SERTÃO,40,9,84480.19,0.0,84480.19,0.0,0.0,0.0,0.0,0.0,0.0,0.0,0.0,0.5179211469534051,0.557347670250896,0.557347670250896,0.5,0.0,-0.01290212699712796,0.16700201207243462,-0.03883492217701873,0.1488933601609658,-0.0006442415440082696,0.34305835010060365
2024,89125,CAPÃO BONITO DO SUL,27,9,51423.630000000005,0.0,51423.630000000005,0.0,0.0,0.0,0.0,0.0,0.0,0.0,0.0,0.5524691358024691,0.5092592592592593,0.5092592592592593,0.5,0.0,-0.008469754285805563,0.43259557344064387,-0.02492278211204411,0.45472837022132795,-6.251572241305413e-05,0.5885311871227364
2024,89133,SEVERIANO DE ALMEIDA,26,9,65029.14,0.0,65029.14,0.0,0.0,0.0,0.0,0.0,0.0,0.0,0.0,0.6209150326797386,0.6209150326797386,0.6209150326797386,0.5,0.0,-0.00821048465334698,0.45875251509054327,-0.02432914287877704,0.47283702213279677,-1.1814911118480916e-06,0.6106639839034205
2024,89141,CAPÃO DO CIPÓ,29,9,50686.05,1000.0,49686.05,0.01972929435219355,0.034482758620689655,0.1111111111111111,0.0,0.1111111111111111,0.02244668911335578,0.0,0.02244668911335578,0.75,0.7333333333333334,0.7333333333333334,0.5555555555555556,0.0,0.010689493871443684,0.8350100603621731,0.008083040728838937,0.7394366197183099,-0.00017606857897033395,0.528169014084507
2024,89150,CAPÃO DA CANOA,123,13,773710.04,35565.32,738144.72,0.045967246334298564,0.17073170731707318,0.38461538461538464,0.14545454545454545,0.2391608391608392,0.09917830505826464,0.03884133438959235,0.06033697066867229,0.7853146853146853,0.772027972027972,0.7486013986013986,0.6363636363636362,0.023426573426573394,0.0024887826131533494,0.7746478873239436,0.01206062803586233,0.7464788732394366,0.021729457690577318,0.9637826961770624
2024,89168,COQUEIRO BAIXO,18,9,41160.0,0.0,41160.0,0.0,0.0,0.0,0.0,0.0,0.0,0.0,0.0,0.49382716049382713,0.5123456790123457,0.5123456790123457,0.5,0.0,-0.007170943660368933,0.6519114688128773,-0.02516791945424791,0.42655935613682094,0.0006440140385009529,0.7937625754527163
2024,89176,SOBRADINHO,46,9,194129.4,0.0,194129.4,0.0,0.0,0.0,0.0,0.0,0.0,0.0,0.0,0.8588588588588589,0.8468468468468469,0.8468468468468469,0.5,0.0,-0.015250316105910919,0.11167002012072434,-0.047230373059772554,0.09557344064386318,-0.0008252827933538651,0.29275653923541245
2024,89184,CORONEL PILAR,21,9,61151.7,0.0,61151.7,0.0,0.0,0.0,0.0,0.0,0.0,0.0,0.0,0.37962962962962965,0.45833333333333337,0.45833333333333337,0.5,0.0,-0.007281705782449613,0.5865191146881288,-0.023369300171406038,0.5704225352112676,0.00036325663373670635,0.7233400402414487
2024,89192,SOLEDADE,88,11,427670.74,30453.9,397216.84,0.07120875278958762,0.1590909090909091,0.36363636363636365,0.12987012987012986,0.2337662337662338,0.09984652844925374,0.016369579605090025,0.0834769488441637,0.7048406139315231,0.7012987012987013,0.6859504132231405,0.6286894923258559,0.015348288075560768,0.03965783719878045,0.9336016096579477,0.04873372722669067,0.8631790744466801,0.013867531505667956,0.9476861167002012
2024,89206,CRUZALTENSE,29,9,43201.46,0.0,43201.46,0.0,0.0,0.0,0.0,0.0,0.0,0.0,0.0,0.2305555555555555,0.14999999999999997,0.14999999999999997,0.5,0.0,-0.009039800480749866,0.37424547283702214,-0.026399717891850718,0.35412474849094566,-0.00017606857897033395,0.528169014084507
2024,89214,TAPEJARA,69,11,339123.61,9594.64,329528.97000000003,0.028292456547038998,0.11594202898550725,0.2727272727272727,0.08620689655172414,0.18652037617554856,0.055576329524010176,0.010198192370206109,0.045378137153804066,0.8338557993730408,0.829153605015674,0.8181818181818181,0.6026645768025078,0.010971786833855912,0.0039012573632196818,0.7887323943661971,0.033943101218658844,0.8289738430583501,0.009700659748226757,0.93158953722334
2024,89222,FORQUETINHA,33,9,35613.0,5400.0,30213.0,0.1516300227445034,0.5454545454545454,0.4444444444444444,0.5833333333333334,-0.13888888888888895,0.08,0.11,-0.03,0.43287037037037035,0.43287037037037035,0.43287037037037035,0.43055555555555547,0.0,0.14129469043371842,0.9979879275653923,0.5152028832655751,0.9959758551307847,-0.00037269608054191976,0.4426559356136821
2024,89230,TAPERA,53,9,133815.52,0.0,133815.52,0.0,0.0,0.0,0.0,0.0,0.0,0.0,0.0,0.5808080808080808,0.6085858585858586,0.6085858585858586,0.5,0.0,-0.01804865944140732,0.06438631790744467,-0.05760980608819122,0.06438631790744467,-0.0009945713862263882,0.25553319919517103
2024,89247,SANTA CECÍLIA DO SUL,20,9,44530.0,6068.0,38462.0,0.13626768470693915,0.8,0.8888888888888888,0.7272727272727273,0.16161616161616155,0.17635305289916933,0.1686213111513484,0.0077317417478209305,0.5606060606060606,0.5606060606060607,0.5808080808080808,0.5,-0.02020202020202011,0.12907120475589182,0.993963782696177,0.7762846175744599,1.0,-0.019751469974774505,0.030181086519114688
2024,89249,ITATI,24,9,65336.78999999999,0.0,65336.78999999999,0.0,0.0,0.0,0.0,0.0,0.0,0.0,0.0,0.537037037037037,0.5407407407407407,0.5407407407407407,0.5,0.0,-0.007755632618416723,0.49798792756539234,-0.023493730319618284,0.5523138832997988,0.00013197811887939332,0.6519114688128773
2024,89257,TAPES,84,9,265958.42,842.0,265116.42,0.0031659084153079268,0.03571428571428571,0.2222222222222222,0.013333333333333334,0.20888888888888887,0.012432629519082888,2.8446756307814222e-05,0.012404182762775074,0.8607407407407407,0.8362962962962963,0.8333333333333333,0.605925925925926,0.002962962962963056,-0.026917945371596932,0.022132796780684104,-0.06878171356131922,0.04225352112676056,0.0015189047633597554,0.8651911468812877
2024,89265,JACUIZINHO,24,9,25446.0,0.0,25446.0,0.0,0.0,0.0,0.0,0.0,0.0,0.0,0.0,0.8703703703703703,0.7222222222222222,0.7222222222222222,0.5,0.0,-0.007755632618416723,0.49798792756539234,-0.023493730319618284,0.5523138832997988,0.00013197811887939332,0.6519114688128773
2024,89273,TAQUARA,157,15,580129.54,35810.6,544318.94,0.06172862702354374,0.19745222929936307,0.3333333333333333,0.18309859154929578,0.15023474178403753,0.05035188136028378,0.04475538966026926,0.005596491700014521,0.8981220657276996,0.9030516431924883,0.9007042253521127,0.5868544600938967,0.0023474178403756207,0.008039481878288242,0.806841046277666,-0.003229659893298986,0.6881287726358148,0.0005458693549858478,0.7766599597585513
2024,89281,LAGOA BONITA DO SUL,15,9,42120.06,0.0,42120.06,0.0,0.0,0.0,0.0,0.0,0.0,0.0,0.0,0.8703703703703703,0.8703703703703703,0.8703703703703703,0.5,0.0,-0.007629746733491449,0.5140845070422535,-0.029916907651660607,0.2746478873239437,0.0009942312561269514,0.8400402414486922
2024,89290,TAQUARI,63,9,281534.64,2851.89,278682.75,0.01012980143402602,0.09523809523809523,0.0,0.1111111111111111,-0.1111111111111111,0.0,0.012160140582873739,-0.012160140582873739,0.8106995884773662,0.757201646090535,0.7654320987654321,0.4444444444444444,-0.008230452674897082,-0.011907485704924819,0.20925553319919518,0.022395637095679766,0.7907444668008048,-0.009411954855865233,0.0744466800804829
2024,89303,MATO QUEIMADO,23,9,69509.0,4050.0,65459.0,0.058265836078781164,0.08695652173913043,0.0,0.14285714285714285,-0.14285714285714285,0.0,0.057961413962015526,-0.057961413962015526,0.4126984126984127,0.3611111111111111,0.3888888888888889,0.4285714285714286,-0.02777777777777779,0.05069975136105422,0.9496981891348089,0.06367391473975734,0.89738430583501,-0.02757331389026581,0.018108651911468814
2024,89311,TENENTE PORTELA,50,9,218197.65,2617.95,215579.69999999998,0.011998066890271275,0.04,0.0,0.04878048780487805,-0.04878048780487805,0.0,0.01198629357534858,-0.01198629357534858,0.8672086720867209,0.8753387533875339,0.8807588075880759,0.47560975609756095,-0.005420054200542035,-0.004848310120418552,0.710261569416499,-0.013111368567660035,0.6549295774647887,-0.006346731009727608,0.1227364185110664
2024,89320,NOVO XINGU,15,9,45003.0,0.0,45003.0,0.0,0.0,0.0,0.0,0.0,0.0,0.0,0.0,0.5925925925925927,0.7407407407407407,0.7407407407407407,0.5,0.0,-0.007629746733491449,0.5140845070422535,-0.029916907651660607,0.2746478873239437,0.0009942312561269514,0.8400402414486922
2024,89338,TORRES,128,13,437957.08999999997,17113.43,420843.66000000003,0.03907558614931888,0.15625,0.15384615384615385,0.1565217391304348,-0.0026755852842809402,0.006288199564148931,0.04015027278338442,-0.03386207321923549,0.8551839464882944,0.8117056856187291,0.8180602006688963,0.4959866220735786,-0.006354515050167153,-0.0059824182035797535,0.6961770623742455,-0.008887899811208577,0.670020120724346,-0.008071760031766597,0.096579476861167
2024,89346,PAULO BENTO,54,9,73521.0,0.0,73521.0,0.0,0.0,0.0,0.0,0.0,0.0,0.0,0.0,0.46913580246913583,0.5061728395061729,0.5061728395061729,0.5,0.0,-0.018449521688699694,0.059356136820925554,-0.05912075820606303,0.05533199195171026,-0.0010158326315532502,0.2515090543259557
2024,89354,TRAMANDAÍ,150,13,602771.75,18571.050000000003,584200.7,0.030809423301606294,0.12,0.15384615384615385,0.11678832116788321,0.03705783267827065,0.028596744352224666,0.024603877829879283,0.003992866522345383,0.8368893879842785,0.8542953396967996,0.851487928130264,0.5230207748455924,0.0028074115665356336,-0.020874196325264317,0.04426559356136821,-0.07239467934222557,0.03822937625754527,0.0010219496002846177,0.8450704225352113
2024,89362,PINHAL DA SERRA,25,9,56450.869999999995,6000.0,50450.869999999995,0.1062871130241217,0.08,0.2222222222222222,0.0,0.2222222222222222,0.13333333333333333,0.0,0.13333333333333333,0.4756944444444444,0.5034722222222222,0.35763888888888884,0.6111111111111112,0.14583333333333337,0.09831560087228833,0.9859154929577465,0.056151950533245926,0.8812877263581489,0.1458968799756069,1.0
2024,89370,TRÊS COROAS,76,9,244431.65,15453.51,228978.13999999998,0.06322221365359192,0.14473684210526316,0.3333333333333333,0.11940298507462686,0.21393034825870644,0.09344713157726772,0.027163924555944553,0.06628320702132318,0.8034825870646766,0.6973466003316751,0.6749585406301823,0.6086235489220564,0.022388059701492713,0.03613785281816101,0.9255533199195171,0.05214879633785592,0.8752515090543259,0.02102840755789255,0.959758551307847
2024,89389,QUATRO IRMÃOS,35,9,71051.5,3000.0,68051.5,0.04222289466091497,0.02857142857142857,0.0,0.038461538461538464,-0.038461538461538464,0.0,0.023169601482854497,-0.023169601482854497,0.6282051282051282,0.6282051282051282,0.6452991452991453,0.4807692307692308,-0.017094017094017144,0.0311838390405494,0.9054325955734407,-0.003942144573454601,0.682092555331992,-0.017552487420622945,0.03822937625754527
2024,89397,TRÊS DE MAIO,74,11,310260.66,9120.54,301140.12,0.029396379160670907,0.10810810810810811,0.2727272727272727,0.07936507936507936,0.19336219336219335,0.029555837763001733,0.022973181070339223,0.00658265669266251,0.7474747474747475,0.7489177489177489,0.7518037518037518,0.5945165945165946,-0.0028860028860029363,0.0030751913496099743,0.7766599597585513,0.018531569140554177,0.778672032193159,-0.0042219116402819916,0.17303822937625754
2024,89400,ROLADOR,15,9,33409.0,0.0,33409.0,0.0,0.0,0.0,0.0,0.0,0.0,0.0,0.0,0.75,0.7407407407407407,0.7407407407407407,0.5,0.0,-0.007629746733491449,0.5140845070422535,-0.029916907651660607,0.2746478873239437,0.0009942312561269514,0.8400402414486922
2024,89419,TRÊS PASSOS,70,11,271181.39,11809.650000000001,259371.74,0.04354889544595963,0.12857142857142856,0.09090909090909091,0.13559322033898305,-0.04468412942989214,0.014720660014198882,0.042738378676613564,-0.028017718662414683,0.7696456086286594,0.7357473035439137,0.7449922958397536,0.47919876733436056,-0.00924499229583986,0.018769261107105722,0.869215291750503,0.04505208918508559,0.8511066398390342,-0.010529738099935019,0.06639839034205232
2024,89435,TRIUNFO,83,11,293950.79,21840.34,272110.45,0.07429930703707244,0.1566265060240964,0.18181818181818182,0.1527777777777778,0.029040404040404033,0.013017466297784391,0.03720381463010734,-0.02418634833232295,0.7190656565656566,0.7525252525252526,0.768939393939394,0.5183080808080809,-0.016414141414141437,0.04458564765392855,0.9396378269617707,0.05360588944825856,0.8772635814889336,-0.017848491189107234,0.03420523138832998
2024,89443,SANTA MARGARIDA DO SUL,29,9,52347.85,2000.0,50347.85,0.038205962613555286,0.034482758620689655,0.0,0.05,-0.05,0.0,0.05,-0.05,0.6805555555555556,0.6805555555555556,0.7083333333333334,0.475,-0.02777777777777779,0.029166162132805422,0.9014084507042254,0.008083040728838937,0.7394366197183099,-0.027953846356748125,0.01609657947686117
2024,89451,TUCUNDUVA,42,9,123773.5,1500.0,122273.5,0.012118910752301584,0.023809523809523808,0.0,0.030303030303030304,-0.030303030303030304,0.0,0.013368983957219251,-0.013368983957219251,0.7643097643097643,0.7710437710437711,0.7811447811447811,0.48484848484848486,-0.010101010101010055,-0.0015565344101518101,0.738430583501006,-0.017748735574733818,0.6408450704225352,-0.010810020394382428,0.06438631790744467
2024,89460,SÃO JOSÉ DO SUL,25,9,45546.97,2400.0,43146.97,0.05269285750512054,0.04,0.1111111111111111,0.0,0.1111111111111111,0.03340645170450156,0.0,0.03340645170450156,0.6944444444444445,0.5694444444444444,0.5694444444444444,0.5555555555555556,0.0,0.04472134535328717,0.9416498993963782,0.01615195053324593,0.7686116700201208,6.35466422735291e-05,0.6297786720321932
2024,89478,TUPANCIRETÃ,79,9,243071.1,2797.75,240273.35,0.01151000674288305,0.05063291139240506,0.1111111111111111,0.04285714285714286,0.06825396825396825,0.031746031746031744,0.005780134220324182,0.025965897525707562,0.8261904761904761,0.8388888888888889,0.8277777777777777,0.5357142857142857,0.011111111111111183,-0.016709259664829796,0.08450704225352113,-0.0464478365706685,0.1006036217303823,0.009717927437571388,0.9336016096579477
2024,89486,SÃO PEDRO DAS MISSÕES,21,9,48598.5,0.0,48598.5,0.0,0.0,0.0,0.0,0.0,0.0,0.0,0.0,0.2685185185185185,0.32407407407407407,0.32407407407407407,0.5,0.0,-0.007281705782449613,0.5865191146881288,-0.023369300171406038,0.5704225352112676,0.00036325663373670635,0.7233400402414487
2024,89494,TUPARENDI,38,9,123963.1,986.0,122977.1,0.007953979853682265,0.10526315789473684,0.0,0.13793103448275862,-0.13793103448275862,0.0,0.008489667463760632,-0.008489667463760632,0.7318007662835249,0.6896551724137931,0.6973180076628352,0.43103448275862066,-0.007662835249042099,-0.004188668515573922,0.7223340040241448,0.06905218619780733,0.9054325955734407,-0.008237184737693201,0.09054325955734406
2024,89508,TIO HUGO,28,9,78124.8,0.0,78124.8,0.0,0.0,0.0,0.0,0.0,0.0,0.0,0.0,0.40350877192982454,0.5175438596491229,0.5175438596491229,0.5,0.0,-0.00874689660613006,0.4014084507042254,-0.025616582379459695,0.3953722334004024,-0.00012073014560878454,0.5573440643863179
2024,89516,URUGUAIANA,134,11,1094639.21,36124.770000000004,1058514.44,0.033001531162034664,0.16417910447761194,0.45454545454545453,0.13821138211382114,0.31633407243163336,0.06159823320942373,0.023157324904912485,0.038440908304511245,0.8861788617886178,0.8787878787878789,0.8743532889874354,0.6629711751662972,0.004434589800443534,-0.013914582539658368,0.13883299798792756,-0.00858239461169133,0.6720321931589537,0.002695685714761417,0.8812877263581489
2024,89524,WESTFALIA,26,9,22260.0,0.0,22260.0,0.0,0.0,0.0,0.0,0.0,0.0,0.0,0.0,0.4084967320261438,0.4084967320261438,0.4084967320261438,0.5,0.0,-0.00821048465334698,0.45875251509054327,-0.02432914287877704,0.47283702213279677,-1.1814911118480916e-06,0.6106639839034205
2024,89532,VACARIA,144,15,631839.73,27103.29,604736.44,0.04289583056133555,0.11805555555555555,0.3333333333333333,0.09302325581395349,0.24031007751937983,0.03988615059470661,0.019567197668919102,0.02031895292578751,0.7956072351421188,0.8010335917312662,0.7981912144702843,0.6248062015503876,0.00284237726098191,-0.00703077631576729,0.6800804828973843,-0.06709206349746216,0.04627766599597585,0.0010726517178820845,0.8470824949698189
2024,89540,PINTO BANDEIRA,29,9,45510.08,0.0,45510.08,0.0,0.0,0.0,0.0,0.0,0.0,0.0,0.0,0.5,0.47777777777777775,0.47777777777777775,0.5,0.0,-0.009039800480749866,0.37424547283702214,-0.026399717891850718,0.35412474849094566,-0.00017606857897033395,0.528169014084507
2024,89559,VENÂNCIO AIRES,167,15,671652.22,29934.89,641717.33,0.04456903306297417,0.16167664670658682,0.6,0.11842105263157894,0.48157894736842105,0.07085654416512423,0.02025374309507168,0.05060280107005255,0.8324561403508771,0.8456140350877193,0.8364035087719298,0.7578947368421052,0.009210526315789447,-0.01190655317301352,0.2112676056338028,-0.05054425717377875,0.08048289738430583,0.007389717845476958,0.9134808853118712
2024,89567,PEDRAS ALTAS,21,9,48883.66,0.0,48883.66,0.0,0.0,0.0,0.0,0.0,0.0,0.0,0.0,0.5648148148148149,0.6296296296296297,0.6296296296296297,0.5,0.0,-0.007281705782449613,0.5865191146881288,-0.023369300171406038,0.5704225352112676,0.00036325663373670635,0.7233400402414487
2024,89575,VERA CRUZ,81,11,304651.31,5280.719999999999,299370.59,0.017333652692975453,0.07407407407407407,0.0,0.08571428571428572,-0.08571428571428572,0.0,0.036247256039490215,-0.036247256039490215,0.6876623376623376,0.6863636363636364,0.6941558441558441,0.45714285714285713,-0.007792207792207684,-0.011635523066834887,0.22334004024144868,-0.02598411936280319,0.38028169014084506,-0.009206455082227593,0.08048289738430583
2024,89591,VERANÓPOLIS,54,9,292067.9,9310.62,282757.27999999997,0.0318782721415123,0.18518518518518517,0.1111111111111111,0.2,-0.0888888888888889,0.01896984269257947,0.016457591566590005,0.0025122511259894655,0.6876543209876543,0.5851851851851851,0.5876543209876544,0.4666666666666667,-0.0024691358024692134,0.013428750452812607,0.8531187122736419,0.12606442697912215,0.9496981891348089,-0.0034849684340224635,0.18712273641851107
2024,89613,VIADUTOS,34,9,125890.63,0.0,125890.63,0.0,0.0,0.0,0.0,0.0,0.0,0.0,0.0,0.6399999999999999,0.64,0.64,0.5,0.0,-0.010683437803651163,0.26961770623742454,-0.03135937402584611,0.24346076458752516,-0.0004165109579370717,0.4255533199195171
2024,89630,VIAMÃO,295,21,2011819.05,140797.09999999998,1871021.9500000002,0.06998497205799895,0.2033898305084746,0.5714285714285714,0.17518248175182483,0.39624608967674657,0.050960182060789894,0.028968364767433186,0.021991817293356707,0.8492353145637817,0.8576642335766422,0.8609662843239486,0.6923010079944386,-0.0033020507473063843,-0.016032108197061162,0.09859154929577464,-0.13248510506193534,0.008048289738430584,-0.00516346115017879,0.15090543259557343
2024,89656,VICENTE DUTRA,26,9,75165.0,0.0,75165.0,0.0,0.0,0.0,0.0,0.0,0.0,0.0,0.0,0.7908496732026143,0.7712418300653595,0.7712418300653595,0.5,0.0,-0.00821048465334698,0.45875251509054327,-0.02432914287877704,0.47283702213279677,-1.1814911118480916e-06,0.6106639839034205
2024,89672,PALMARES DO SUL,90,9,239180.47,5150.5,234029.97,0.021533948821155842,0.03333333333333333,0.0,0.037037037037037035,-0.037037037037037035,0.0,0.011448839627704405,-0.011448839627704405,0.7983539094650205,0.808641975308642,0.8127572016460906,0.4814814814814815,-0.004115226337448541,-0.010742254933555385,0.2635814889336016,-0.07992951052653513,0.03219315895372234,-0.005613133351084443,0.13682092555331993
2024,89699,VICTOR GRAEFF,29,9,32786.020000000004,0.0,32786.020000000004,0.0,0.0,0.0,0.0,0.0,0.0,0.0,0.0,0.6444444444444444,0.5666666666666667,0.5666666666666667,0.5,0.0,-0.009039800480749866,0.37424547283702214,-0.026399717891850718,0.35412474849094566,-0.00017606857897033395,0.528169014084507
2024,89710,TAVARES,18,9,63232.58,0.0,63232.58,0.0,0.0,0.0,0.0,0.0,0.0,0.0,0.0,0.8827160493827162,0.9135802469135803,0.9135802469135803,0.5,0.0,-0.007170943660368933,0.6519114688128773,-0.02516791945424791,0.42655935613682094,0.0006440140385009529,0.7937625754527163
2024,89737,CAPÃO DO LEÃO,105,11,251358.72999999998,8519.240000000002,242839.49,0.033892755584816976,0.11428571428571428,0.18181818181818182,0.10638297872340426,0.07543520309477757,0.018626655813194753,0.02080570064071686,-0.002179044827522108,0.8471953578336557,0.8380077369439072,0.8418762088974855,0.5377176015473888,-0.003868471953578312,-0.003650009098344155,0.7263581488933601,-0.02021375079295483,0.6338028169014085,-0.0054738422395277046,0.13883299798792756
2024,89753,SALTO DO JACUÍ,46,9,151337.43999999997,938.44,150399.0,0.006200977101238135,0.043478260869565216,0.0,0.05405405405405406,-0.05405405405405406,0.0,0.024779354378978265,-0.024779354378978265,0.6126126126126126,0.6411411411411411,0.6411411411411411,0.47297297297297297,0.0,-0.009049339004672783,0.3641851106639839,-0.003752112190207338,0.6851106639839034,-0.0008252827933538651,0.29275653923541245
2024,89770,COTIPORÃ,25,9,59999.76,800.0,59199.76,0.01333338666688,0.04,0.1111111111111111,0.0,0.1111111111111111,0.017777777777777778,0.0,0.017777777777777778,0.45833333333333337,0.48263888888888884,0.48263888888888884,0.5555555555555556,0.0,0.005361874515046636,0.7967806841046278,0.01615195053324593,0.7686116700201208,6.35466422735291e-05,0.6297786720321932
2024,98213,TEUTÔNIA,103,11,266873.58999999997,10483.73,256389.86000000002,0.03928350497327218,0.10679611650485436,0.2727272727272727,0.08695652173913043,0.18577075098814227,0.04443863676772927,0.026294025688029264,0.01814461107970001,0.7608695652173912,0.7248023715415021,0.7198616600790514,0.5943675889328063,0.004940711462450675,0.0024255816235215708,0.772635814889336,-0.024929417496435832,0.4426559356136821,0.003347775858955421,0.8913480885311871
2024,98230,BOM PRINCÍPIO,52,9,109529.36999999998,2180.0,107349.36999999998,0.019903337342303717,0.057692307692307696,0.2222222222222222,0.023255813953488372,0.19896640826873385,0.08779941345481072,0.0050387596899224806,0.08276065376488824,0.7868217054263564,0.8023255813953488,0.7713178294573643,0.599483204134367,0.03100775193798455,0.0022555860513793075,0.7686116700201208,0.0015882890869296715,0.710261569416499,0.030035106305982183,0.9738430583501007
2024,98256,PAROBÉ,146,15,593350.07,24020.14,569329.9299999999,0.04048224010490131,0.22602739726027396,0.6,0.183206106870229,0.416793893129771,0.08531723911594474,0.026493211238606606,0.058824027877338134,0.7580152671755725,0.744529262086514,0.7346055979643765,0.7111959287531807,0.009923664122137521,-0.010034032716970051,0.30181086519114686,0.0384490427215666,0.8410462776659959,0.008148480027642218,0.9235412474849095
2024,98272,FORTALEZA DOS VALOS,26,9,52811.630000000005,1002.0,51809.630000000005,0.0189730936159327,0.038461538461538464,0.1111111111111111,0.0,0.1111111111111111,0.06332954114524081,0.0,0.06332954114524081,0.6764705882352942,0.5490196078431373,0.5098039215686274,0.5555555555555556,0.03921568627450989,0.010762608962585721,0.8370221327967807,0.014132395582761425,0.7595573440643864,0.03921450478339804,0.9859154929577465
2024,98299,JÓIA,53,9,88838.45999999999,17500.0,71338.45999999999,0.19698675551107034,0.18867924528301888,0.1111111111111111,0.20454545454545456,-0.09343434343434345,0.07224389539083947,0.19805194805194806,-0.1258080526611086,0.5505050505050505,0.36363636363636365,0.4419191919191918,0.4507575757575758,-0.07828282828282818,0.17893809606966302,1.0,0.13106943919482766,0.9557344064386318,-0.07927739966905456,0.004024144869215292
