ano,codigo_municipio,municipio,candidatos,eleitos,candidatos_por_vaga,fracao_receita_zero,gini_receita,auc_receita,auc_receita_dentro_partido,pares_informativos_partido,partidos_informativos,auc_esperada_pelo_numero_candidatos,auc_residuo_numero_candidatos,auc_percentil_ajustado_numero_candidatos,gini_esperado_pelo_numero_candidatos,gini_residuo_numero_candidatos,gini_percentil_ajustado_numero_candidatos
2016,84735,ÁUREA,27,9,3.0,0.0,0.14138542368293083,0.5617283950617283,0.7241379310344828,29,5,0.7063289623256104,-0.14460056726388204,0.1006036217303823,0.2851896489882475,-0.14380422530531667,0.060362173038229376
2016,84743,TRÊS ARROIOS,32,9,3.5555555555555554,0.0,0.09270914474100644,0.5072463768115942,0.66,25,5,0.7257054399630537,-0.21845906315145946,0.0482897384305835,0.31600364676099457,-0.22329450201998813,0.006036217303822937
2016,84751,NOVA ROMA DO SUL,25,9,2.7777777777777777,0.0,0.214954756419246,0.6180555555555556,0.5116279069767442,43,3,0.6974720897273338,-0.07941653417177819,0.19919517102615694,0.2712965362013755,-0.05634177978212951,0.29979879275653926
2016,84760,PROGRESSO,38,9,4.222222222222222,0.02631578947368421,0.30676721173086063,0.7873563218390804,0.6568627450980392,51,4,0.7450390965093762,0.04231722532970428,0.6297786720321932,0.34735040311473175,-0.04058319138387112,0.3641851106639839
2016,84778,PIRAPÓ,21,9,2.3333333333333335,0.0,0.2938517642383618,0.6574074074074074,0.75,40,3,0.6772396522864721,-0.019832244879064653,0.3782696177062374,0.23999094263812074,0.053860821600241054,0.710261569416499
2016,84786,JABOTICABA,24,9,2.6666666666666665,0.0,0.22762408308304805,0.6333333333333333,0.5428571428571428,35,3,0.6927552116044494,-0.05942187827111611,0.2454728370221328,0.2639451313927531,-0.03632104830970506,0.3782696177062374
2016,84794,SÃO JORGE,18,9,2.0,0.0,0.21569932812521664,0.654320987654321,0.5625,16,3,0.6591789719291236,-0.0048579842748025515,0.4225352112676056,0.21253172380418256,0.0031676043210340787,0.5412474849094567
2016,84808,ALTO ALEGRE,25,9,2.7777777777777777,0.0,0.3742543576500963,0.5277777777777778,0.5,37,5,0.6974720897273338,-0.16969431194955598,0.07645875251509054,0.2712965362013755,0.10295782144872079,0.8531187122736419
2016,84816,NOVA HARTZ,103,11,9.363636363636363,0.0,0.4503468026763915,0.7430830039525691,0.736,125,7,0.851083605692124,-0.10800060173955495,0.15492957746478872,0.5317395797563421,-0.08139277707995063,0.22334004024144868
2016,84824,DOIS LAJEADOS,33,9,3.6666666666666665,0.030303030303030304,0.49048455054550266,0.6898148148148149,0.7407407407407407,27,5,0.7291875847744931,-0.0393727699596782,0.31388329979879276,0.3216041423038578,0.16888040824164485,0.9496981891348089
2016,84832,SÃO DOMINGOS DO SUL,30,9,3.3333333333333335,0.0,0.1914764188854703,0.6428571428571429,0.6363636363636364,33,4,0.7183745500753047,-0.0755174072181618,0.20925553319919518,0.3042764157882488,-0.11279999690277853,0.1267605633802817
2016,84840,TUNAS,19,9,2.111111111111111,0.05263157894736842,0.30661157394896077,0.7444444444444445,0.9130434782608695,23,2,0.6655304371641204,0.07891400728032405,0.7686116700201208,0.22213760816599237,0.0844739657829684,0.8108651911468813
2016,84859,SÃO JOÃO DA URTIGA,24,9,2.6666666666666665,0.0,0.21204675014483976,0.762962962962963,0.8421052631578947,19,6,0.6927552116044494,0.07020775135851354,0.744466800804829,0.2639451313927531,-0.05189838124791335,0.31388329979879276
2016,84867,GUABIJU,29,9,3.2222222222222223,0.0,0.26871708319424004,0.4805555555555556,0.5348837209302325,43,4,0.7145090106779108,-0.23395345512235521,0.04024144869215292,0.2981268274817151,-0.02940974428747506,0.4044265593561368
2016,84875,QUINZE DE NOVEMBRO,33,9,3.6666666666666665,0.0,0.20354390301592273,0.6851851851851851,0.7936507936507936,63,3,0.7291875847744931,-0.04400239958930796,0.289738430583501,0.3216041423038578,-0.11806023928793508,0.1227364185110664
2016,84883,DOUTOR MAURÍCIO CARDOSO,30,9,3.3333333333333335,0.0,0.1512601057503622,0.7142857142857143,0.7209302325581395,43,3,0.7183745500753047,-0.004088835789590406,0.42655935613682094,0.3042764157882488,-0.15301631003788663,0.052313883299798795
2016,84891,CAPELA DE SANTANA,58,9,6.444444444444445,0.0,0.3022724011415845,0.7097505668934241,0.6867469879518072,83,4,0.7913538930650287,-0.0816033261716046,0.19517102615694165,0.42510371221421206,-0.12283131107262757,0.11066398390342053
2016,84905,JAQUIRANA,40,9,4.444444444444445,0.0,0.41092102070208747,0.8387096774193548,0.8181818181818182,55,4,0.7507549268047804,0.08795475061457436,0.8088531187122736,0.35673787482024993,0.054183145881837536,0.7122736418511066
2016,84913,VANINI,25,9,2.7777777777777777,0.0,0.17697879261203542,0.7673611111111112,0.875,52,4,0.6974720897273338,0.0698890213837774,0.7404426559356136,0.2712965362013755,-0.09431774358934009,0.18712273641851107
2016,84921,BOQUEIRÃO DO LEÃO,33,9,3.6666666666666665,0.0,0.4029127575110443,0.9212962962962963,0.9523809523809523,63,4,0.7291875847744931,0.1921087115218032,0.9678068410462777,0.3216041423038578,0.08130861520718646,0.806841046277666
2016,84930,FAGUNDES VARELA,16,9,1.7777777777777777,0.0,0.24949804872329562,0.6031746031746033,0.6842105263157895,19,3,0.6452863708261448,-0.042111767651541565,0.2947686116700201,0.191707581558678,0.05779046716461761,0.7263581488933601
2016,84948,ÁGUA SANTA,26,9,2.888888888888889,0.0,0.14521614941782657,0.7712418300653595,0.8823529411764706,34,4,0.7019916590021841,0.06925017106317544,0.7364185110663984,0.27837134490994003,-0.13315519549211347,0.08249496981891348
2016,84956,SILVEIRA MARTINS,25,9,2.7777777777777777,0.0,0.18407777660889324,0.704861111111111,0.7058823529411765,34,3,0.6974720897273338,0.007389021383777283,0.4788732394366197,0.2712965362013755,-0.08721875959248226,0.20925553319919518
2016,84964,IBIRAPUITÃ,34,9,3.7777777777777777,0.0,0.15904815905161973,0.7288888888888889,0.7777777777777778,54,4,0.7325574672976116,-0.0036685784087227002,0.4305835010060362,0.32704279983308293,-0.1679946407814632,0.03420523138832998
2016,84972,IBARAMA,28,9,3.111111111111111,0.0,0.2825966543658789,0.8801169590643275,0.9318181818181818,66,3,0.7104974109686949,0.16961954809563262,0.9577464788732394,0.2917694262708403,-0.009172771904961408,0.5050301810865191
2016,84980,PANTANO GRANDE,48,9,5.333333333333333,0.0,0.5750265361356874,0.7521367521367521,0.7115384615384616,52,6,0.7708574747101877,-0.0187207225734356,0.38028169014084506,0.3902092689473057,0.18481726718838176,0.959758551307847
2016,84999,IPÊ,22,9,2.4444444444444446,0.0,0.19727987169899408,0.7094017094017093,0.7037037037037037,27,3,0.6826595005980215,0.026742208803687828,0.5835010060362174,0.24831945599844993,-0.05103958429945585,0.3158953722334004
2016,85006,TRINDADE DO SUL,25,9,2.7777777777777777,0.0,0.37527323944755175,0.8125,0.9047619047619048,21,6,0.6974720897273338,0.11502791027266623,0.8943661971830986,0.2712965362013755,0.10397670324617625,0.8571428571428571
2016,85014,AGUDO,36,9,4.0,0.0,0.33773123885036016,0.691358024691358,0.5925925925925926,54,4,0.7389864436403218,-0.04762841894896386,0.27565392354124746,0.33747027347218805,0.00026096537817210663,0.5311871227364185
2016,85022,ERNESTINA,30,9,3.3333333333333335,0.0,0.12642147651448088,0.6164021164021164,0.5714285714285714,42,3,0.7183745500753047,-0.10197243367318831,0.16096579476861167,0.3042764157882488,-0.17785493927376794,0.026156941649899398
2016,85030,AJURICABA,34,9,3.7777777777777777,0.0,0.3775388251303955,0.8088888888888889,0.8490566037735849,53,5,0.7325574672976116,0.07633142159127726,0.7585513078470825,0.32704279983308293,0.05049602529731256,0.6981891348088531
2016,85049,DEZESSEIS DE NOVEMBRO,22,9,2.4444444444444446,0.0,0.2677050890929804,0.8076923076923076,0.7647058823529411,34,3,0.6826595005980215,0.1250328070942861,0.9074446680080482,0.24831945599844993,0.01938563309453048,0.6016096579476862
2016,85057,ALECRIM,24,9,2.6666666666666665,0.0,0.3412670782796192,0.7555555555555556,0.5,34,2,0.6927552116044494,0.06280034395110623,0.7122736418511066,0.2639451313927531,0.07732194688686611,0.8028169014084507
2016,85065,BROCHIER,39,9,4.333333333333333,0.0,0.21088559997743217,0.512962962962963,0.5377358490566038,53,4,0.7479368870097542,-0.2349739240467913,0.03822937625754527,0.352102626821164,-0.14121702684373183,0.07243460764587525
2016,85073,ALEGRETE,106,15,7.066666666666666,0.08490566037735849,0.6286038000927292,0.9172161172161172,0.8613861386138614,202,5,0.8539678133852859,0.06324830383083124,0.716297786720322,0.5370944377169921,0.09150936237573715,0.8329979879275654
2016,85081,EREBANGO,30,9,3.3333333333333335,0.0,0.3442111779424537,0.6798941798941799,0.8076923076923077,65,3,0.7183745500753047,-0.03848037018112482,0.317907444668008,0.3042764157882488,0.039934762154204884,0.6579476861167002
2016,85090,ALPESTRE,26,9,2.888888888888889,0.0,0.2859943809149863,0.7581699346405228,0.7777777777777778,27,3,0.7019916590021841,0.05617827563833877,0.6881287726358148,0.27837134490994003,0.007623036005046269,0.5593561368209256
2016,85103,ENTRE-IJUÍS,36,9,4.0,0.0,0.3625944679793598,0.9094650205761317,0.8648648648648649,37,5,0.7389864436403218,0.1704785769358098,0.959758551307847,0.33747027347218805,0.025124194507171738,0.6217303822937625
2016,85111,ALVORADA,281,17,16.529411764705884,0.12099644128113879,0.6656420755528931,0.9688057040998218,0.9248554913294798,346,7,0.9458393738172335,0.02296633028258832,0.5573440643863179,0.71986541681355,-0.054223341260656865,0.30784708249496984
2016,85120,NOVA ESPERANÇA DO SUL,25,9,2.7777777777777777,0.0,0.2753855821215412,0.5833333333333334,0.5625,48,3,0.6974720897273338,-0.1141387563940004,0.1448692152917505,0.2712965362013755,0.004089045920165679,0.5432595573440644
2016,85138,ANTA GORDA,18,9,2.0,0.0,0.1924721471001436,0.7407407407407407,0.8,15,3,0.6591789719291236,0.08156176881161714,0.7857142857142857,0.21253172380418256,-0.02005957670403896,0.4507042253521127
2016,85146,PAVERAMA,50,9,5.555555555555555,0.0,0.17704901176925558,0.8075880758807588,0.796875,64,5,0.7753112832631146,0.03227679261764416,0.5975855130784709,0.3977241105298306,-0.220675098760575,0.008048289738430584
2016,85154,ANTÔNIO PRADO,38,9,4.222222222222222,0.05263157894736842,0.2367194210691479,0.603448275862069,0.4921875,64,3,0.7450390965093762,-0.14159082064730721,0.10462776659959759,0.34735040311473175,-0.11063098204558386,0.13279678068410464
2016,85162,TERRA DE AREIA,30,9,3.3333333333333335,0.0,0.3803890608189635,0.7724867724867726,0.7727272727272727,88,2,0.7183745500753047,0.05411222241146785,0.6740442655935613,0.3042764157882488,0.07611264503071469,0.8008048289738431
2016,85170,ARATIBA,43,9,4.777777777777778,0.0,0.3505466952183025,0.8888888888888888,0.88,25,4,0.7587694889533518,0.130119399935537,0.9134808853118712,0.36999610883629247,-0.019449413617989963,0.45472837022132795
2016,85189,HARMONIA,30,9,3.3333333333333335,0.0,0.11443865505237483,0.8042328042328042,0.71875,16,3,0.7183745500753047,0.08585825415749948,0.8008048289738431,0.3042764157882488,-0.189837760735874,0.018108651911468814
2016,85197,ARROIO DO MEIO,52,11,4.7272727272727275,0.0,0.2466971459491485,0.8403547671840355,0.9292929292929293,99,4,0.7795737218489703,0.06078104533506512,0.7082494969818913,0.40495076421940834,-0.15825361827025985,0.05030181086519115
2016,85200,CAMPOS BORGES,35,9,3.888888888888889,0.0,0.21086805793154673,0.6901709401709402,0.8482142857142857,56,5,0.7358217278007112,-0.04565078762977104,0.2837022132796781,0.33232872444947964,-0.12146066651793291,0.11670020120724346
2016,85219,ARROIO DOS RATOS,53,9,5.888888888888889,0.018867924528301886,0.49646785825472706,0.7588383838383838,0.8043478260869565,69,5,0.7816379037859168,-0.022799519947533042,0.3682092555331992,0.4084627767358211,0.08800508151890596,0.8209255533199196
2016,85227,CERRO GRANDE,29,9,3.2222222222222223,0.0,0.26046656634593224,0.7027777777777778,0.8235294117647058,34,3,0.7145090106779108,-0.011731232900133004,0.3963782696177062,0.2981268274817151,-0.03766026113578286,0.3722334004024145
2016,85235,ARROIO DO TIGRE,35,9,3.888888888888889,0.0,0.344429120315215,0.6965811965811965,0.7666666666666667,60,4,0.7358217278007112,-0.03924053121951465,0.3158953722334004,0.33232872444947964,0.012100395865735358,0.5835010060362174
2016,85243,IPIRANGA DO SUL,25,9,2.7777777777777777,0.0,0.3110464680654472,0.7152777777777778,0.7021276595744681,47,3,0.6974720897273338,0.017805688050444024,0.53420523138833,0.2712965362013755,0.03974993186407172,0.6559356136820925
2016,85251,ARROIO GRANDE,67,9,7.444444444444445,0.1044776119402985,0.6237052229488591,0.8869731800766284,0.8586956521739131,92,4,0.806713593529203,0.08025958654742538,0.7746478873239436,0.4517926776974339,0.1719125452514252,0.9517102615694165
2016,85260,LAGOÃO,30,9,3.3333333333333335,0.0,0.3774061440838934,0.8624338624338624,0.9069767441860465,43,4,0.7183745500753047,0.14405931235855773,0.9275653923541247,0.3042764157882488,0.07312972829564457,0.7826961770623743
2016,85278,ARVOREZINHA,36,9,4.0,0.0,0.30539186812201713,0.8004115226337448,0.7028985507246377,69,3,0.7389864436403218,0.06142507899342298,0.710261569416499,0.33747027347218805,-0.032078405350170924,0.386317907444668
2016,85286,ESTAÇÃO,34,9,3.7777777777777777,0.0,0.23663681892558075,0.7911111111111111,0.9090909090909091,33,7,0.7325574672976116,0.05855364381349948,0.6971830985915493,0.32704279983308293,-0.09040598090750218,0.19517102615694165
2016,85294,AUGUSTO PESTANA,30,9,3.3333333333333335,0.0,0.3472069591231248,0.8253968253968254,0.8620689655172413,29,4,0.7183745500753047,0.10702227532152064,0.8752515090543259,0.3042764157882488,0.042930543334876003,0.6740442655935613
2016,85308,ARROIO DO SAL,71,9,7.888888888888889,0.056338028169014086,0.5103909803025666,0.6478494623655914,0.76,75,6,0.8128220233634869,-0.16497256099789548,0.08048289738430583,0.46254133670328396,0.04784964359928262,0.6941649899396378
2016,85316,BAGÉ,188,17,11.058823529411764,0.1595744680851064,0.6975375888030788,0.8981768145854833,0.900398406374502,251,10,0.9094134017824667,-0.011236587196983394,0.3983903420523139,0.6443248895117719,0.0532126992913069,0.7082494969818913
2016,85324,SÃO JOSÉ DO HORTÊNCIO,22,9,2.4444444444444446,0.0,0.363475987687081,0.7136752136752136,0.8035714285714286,28,3,0.6826595005980215,0.031015713077192086,0.5935613682092555,0.24831945599844993,0.11515653168863108,0.8812877263581489
2016,85332,BARÃO DE COTEGIPE,40,9,4.444444444444445,0.0,0.34618770244405184,0.4659498207885304,0.6,40,6,0.7507549268047804,-0.28480510601625,0.02012072434607646,0.35673787482024993,-0.010550172376198097,0.49899396378269617
2016,85340,PINHAL,13,9,1.4444444444444444,0.0,0.16691771061830774,0.33333333333333337,0.75,4,3,0.6206420029160454,-0.28730866958271206,0.018108651911468814,0.15537487265428712,0.011542837964020614,0.579476861167002
2016,85359,BARRACÃO,25,9,2.7777777777777777,0.0,0.4039322644040182,0.7083333333333333,0.6222222222222222,45,3,0.6974720897273338,0.010861243605999493,0.5050301810865191,0.2712965362013755,0.1326357282026427,0.8993963782696177
2016,85367,TRÊS CACHOEIRAS,31,9,3.4444444444444446,0.06451612903225806,0.38408822007597765,0.8333333333333334,0.7058823529411765,51,3,0.7221037586396115,0.11122957469372186,0.8792756539235412,0.31023136833260495,0.0738568517433727,0.7907444668008048
2016,85375,BARRA DO RIBEIRO,67,9,7.444444444444445,0.1044776119402985,0.542694711246045,0.8984674329501915,0.8589743589743589,78,3,0.806713593529203,0.09175383942098847,0.8269617706237424,0.4517926776974339,0.09090203354861104,0.8309859154929577
2016,85383,SÃO VENDELINO,23,9,2.5555555555555554,0.0,0.12107620236291172,0.8015873015873016,0.8653846153846154,52,2,0.687824076915897,0.11376322467140465,0.8913480885311871,0.256294580377455,-0.13521837801454328,0.08048289738430583
2016,85391,BARROS CASSAL,35,9,3.888888888888889,0.0,0.3517583085808931,0.7649572649572649,0.7857142857142857,42,3,0.7358217278007112,0.029135537156553704,0.5855130784708249,0.33232872444947964,0.019429584131413435,0.6036217303822937
2016,85405,PROTÁSIO ALVES,16,9,1.7777777777777777,0.0,0.3440035465305875,0.3253968253968254,0.5,15,4,0.6452863708261448,-0.3198895454293194,0.014084507042253521,0.191707581558678,0.1522959649719095,0.93158953722334
2016,85413,BENTO GONÇALVES,170,17,10.0,0.0,0.5766768331982428,0.8585159554017685,0.8417508417508418,297,8,0.8999707866669686,-0.04145483126520011,0.30181086519114686,0.6254467691598362,-0.0487699359615934,0.323943661971831
2016,85421,POUSO NOVO,28,9,3.111111111111111,0.0,0.17024085100307773,0.6403508771929824,0.7105263157894737,38,4,0.7104974109686949,-0.07014653377571245,0.2193158953722334,0.2917694262708403,-0.12152857526776256,0.11468812877263582
2016,85430,BOA VISTA DO BURICÁ,19,9,2.111111111111111,0.0,0.23010823706797767,0.6111111111111112,0.7,10,5,0.6655304371641204,-0.054419326053009254,0.2595573440643863,0.22213760816599237,0.0079706289019853,0.5613682092555332
2016,85448,EUGÊNIO DE CASTRO,23,9,2.5555555555555554,0.0,0.15208759874300104,0.6587301587301587,0.5517241379310345,29,3,0.687824076915897,-0.029093918185738255,0.36016096579476864,0.256294580377455,-0.10420698163445397,0.15694164989939638
2016,85456,BOM JESUS,34,9,3.7777777777777777,0.0,0.5206518469501653,0.7511111111111111,0.7894736842105263,76,2,0.7325574672976116,0.018553643813499443,0.5412474849094567,0.32704279983308293,0.19360904711708238,0.96579476861167
2016,85464,CRISTAL,50,9,5.555555555555555,0.0,0.3799886331903013,0.7127371273712737,0.8,85,4,0.7753112832631146,-0.0625741558918409,0.23943661971830985,0.3977241105298306,-0.017735477339529293,0.4647887323943662
2016,85472,BOM RETIRO DO SUL,55,9,6.111111111111111,0.0,0.36003495651357764,0.748792270531401,0.675,40,8,0.7856407165415372,-0.03684844601013626,0.3299798792756539,0.41529639997060447,-0.055261443457026826,0.3058350100603622
2016,85480,SÃO MIGUEL DAS MISSÕES,34,9,3.7777777777777777,0.029411764705882353,0.5020877297872874,0.6399999999999999,0.8125,80,2,0.7325574672976116,-0.09255746729761172,0.18108651911468812,0.32704279983308293,0.1750449299542045,0.9577464788732394
2016,85499,BOSSOROCA,31,9,3.4444444444444446,0.03225806451612903,0.44615779733634464,0.8383838383838383,0.8888888888888888,36,6,0.7221037586396115,0.11628007974422683,0.89738430583501,0.31023136833260495,0.1359264290037397,0.9054325955734407
2016,85502,GLORINHA,42,9,4.666666666666667,0.0,0.41284483415599915,0.7104377104377104,0.7592592592592593,54,5,0.7561676162424582,-0.045729905804747784,0.28169014084507044,0.365679563828429,0.047165270327570175,0.6921529175050302
2016,85510,BRAGA,19,9,2.111111111111111,0.0,0.2856350300936352,0.8222222222222223,0.8260869565217391,23,4,0.6655304371641204,0.15669178505810188,0.9436619718309859,0.22213760816599237,0.06349742192764285,0.7484909456740443
2016,85529,SEGREDO,31,9,3.4444444444444446,0.03225806451612903,0.44658681566949854,0.7853535353535354,0.7771739130434783,92,2,0.7221037586396115,0.06324977671392384,0.7183098591549296,0.31023136833260495,0.1363554473368936,0.9074446680080482
2016,85537,BUTIÁ,72,9,8.0,0.013888888888888888,0.4951229213611388,0.892416225749559,0.9285714285714286,70,6,0.8142896010204359,0.07812662472912313,0.7665995975855131,0.465135472952954,0.02998744840818479,0.635814889336016
2016,85545,ALEGRIA,29,9,3.2222222222222223,0.0,0.1591021437529525,0.7111111111111111,0.6615384615384615,65,3,0.7145090106779108,-0.0033978995667997003,0.43259557344064387,0.2981268274817151,-0.1390246837287626,0.0744466800804829
2016,85553,CAÇAPAVA DO SUL,75,11,6.818181818181818,0.06666666666666667,0.6044807891317157,0.9176136363636364,0.8723404255319149,94,5,0.8185602042090581,0.09905343215457829,0.8551307847082495,0.47271052317542595,0.1317702659562897,0.89738430583501
2016,85561,SALDANHA MARINHO,21,9,2.3333333333333335,0.0,0.1522395106944534,0.6388888888888888,0.66,50,3,0.6772396522864721,-0.038350763397583254,0.3199195171026157,0.23999094263812074,-0.08775143194366733,0.20321931589537223
2016,85570,CACEQUI,39,9,4.333333333333333,0.1282051282051282,0.5244141476369129,0.9407407407407407,0.9894736842105263,95,3,0.7479368870097542,0.1928038537309864,0.9698189134808853,0.352102626821164,0.17231152081574885,0.9537223340040242
2016,85588,SÃO JOSÉ DO HERVAL,15,9,1.6666666666666667,0.0,0.3241412591824526,0.9166666666666666,1.0,5,4,0.6376449511314738,0.27902171553519284,0.993963782696177,0.180360344519747,0.14378091466270562,0.9215291750503019
2016,85596,CACHOEIRA DO SUL,161,15,10.733333333333333,0.09316770186335403,0.5925545066859617,0.8187214611872146,0.727810650887574,169,9,0.8948143884889269,-0.07609292730171235,0.20724346076458752,0.6152509379312296,-0.02269643124526799,0.43259557344064387
2016,85600,VISTA ALEGRE,22,9,2.4444444444444446,0.0,0.21834430438712737,0.6239316239316239,0.8823529411764706,17,2,0.6826595005980215,-0.05872787666639756,0.24849094567404426,0.24831945599844993,-0.029975151611322554,0.3983903420523139
2016,85618,CACHOEIRINHA,197,17,11.588235294117647,0.030456852791878174,0.7215259316147291,0.9552287581699346,0.93993993993994,333,7,0.9137571969894233,0.04147156118051132,0.6257545271629779,0.6531017430248177,0.0684241885899114,0.7645875251509054
2016,85626,IVORÁ,20,9,2.2222222222222223,0.0,0.3549350662755346,0.7424242424242424,0.6875,24,4,0.6715395515079929,0.0708846909162495,0.7464788732394366,0.23127620584607994,0.12365886042945468,0.8893360160965795
2016,85634,CACIQUE DOBLE,19,9,2.111111111111111,0.0,0.11541538557530107,0.4722222222222222,0.4411764705882353,17,5,0.6655304371641204,-0.1933082149418982,0.06237424547283702,0.22213760816599237,-0.1067222225906913,0.14688128772635814
2016,85642,VILA MARIA,28,9,3.111111111111111,0.0,0.22453113221708199,0.5087719298245614,0.38095238095238093,21,7,0.7104974109686949,-0.20172548114413347,0.05432595573440644,0.2917694262708403,-0.06723829405375831,0.2655935613682093
2016,85650,CAIBATÉ,23,9,2.5555555555555554,0.0,0.2377320402638181,0.6666666666666666,0.5483870967741935,31,4,0.687824076915897,-0.021157410249230346,0.37424547283702214,0.256294580377455,-0.018562540113636894,0.4607645875251509
2016,85669,TAQUARUÇU DO SUL,30,9,3.3333333333333335,0.0,0.29346100728417723,0.7433862433862434,0.6666666666666666,12,3,0.7183745500753047,0.025011693310938665,0.5694164989939637,0.3042764157882488,-0.010815408504071589,0.49295774647887325
2016,85677,CAIÇARA,42,9,4.666666666666667,0.047619047619047616,0.2843926683662321,0.7239057239057238,0.6545454545454545,55,4,0.7561676162424582,-0.03226189233673438,0.34808853118712274,0.365679563828429,-0.08128689546219686,0.22535211267605634
2016,85685,IMBÉ,97,9,10.777777777777779,0.1958762886597938,0.627115155217558,0.8977272727272727,0.8703703703703703,108,4,0.8450221756339036,0.052705097093369124,0.670020120724346,0.5205517470991616,0.10656340811839637,0.8672032193158954
2016,85693,CAMAQUÃ,168,15,11.2,0.017857142857142856,0.567024966724375,0.8657952069716776,0.8565022421524664,223,8,0.8988520740418678,-0.03305686707019029,0.3440643863179074,0.6232280400941627,-0.05620307336978769,0.30181086519114686
2016,85707,SEDE NOVA,22,9,2.4444444444444446,0.0,0.18081072116360475,0.7777777777777777,0.5357142857142857,28,3,0.6826595005980215,0.09511827717975618,0.8390342052313883,0.24831945599844993,-0.06750873483484518,0.2635814889336016
2016,85715,CAMBARÁ DO SUL,48,9,5.333333333333333,0.0,0.20975058501263022,0.8746438746438746,0.8240740740740741,54,5,0.7708574747101877,0.10378639993368688,0.8712273641851107,0.3902092689473057,-0.18045868393467546,0.02414486921529175
2016,85723,TUPANDI,32,9,3.5555555555555554,0.0,0.14275905029452618,0.47342995169082125,0.509090909090909,55,3,0.7257054399630537,-0.25227548827223245,0.02414486921529175,0.31600364676099457,-0.1732445964664684,0.030181086519114688
2016,85731,CAMPINA DAS MISSÕES,30,9,3.3333333333333335,0.0,0.37545359390474164,0.8783068783068783,0.85,50,4,0.7183745500753047,0.15993232823157355,0.9456740442655935,0.3042764157882488,0.07117717811649282,0.778672032193159
2016,85740,RIOZINHO,36,9,4.0,0.0,0.31932453089614565,0.7530864197530864,0.7192982456140351,57,5,0.7389864436403218,0.01409997611276459,0.5150905432595574,0.33747027347218805,-0.0181457425760424,0.46277665995975853
2016,85758,CAMPINAS DO SUL,30,9,3.3333333333333335,0.0,0.3632856957820292,0.7248677248677249,0.8269230769230769,52,3,0.7183745500753047,0.0064931747924201755,0.4708249496981891,0.3042764157882488,0.05900927999378036,0.7344064386317908
2016,85766,RELVADO,16,9,1.7777777777777777,0.0,0.25460829701067733,0.7619047619047619,0.7391304347826086,23,2,0.6452863708261448,0.11661839107861705,0.8993963782696177,0.191707581558678,0.06290071545199932,0.7464788732394366
2016,85774,CAMPO BOM,99,11,9.0,0.020202020202020204,0.5071932236456826,0.9338842975206612,0.9043478260869565,115,5,0.8470881907770711,0.08679610674359006,0.8048289738430584,0.5243551330361202,-0.017161909390437602,0.46680080482897385
2016,85782,IMIGRANTE,29,9,3.2222222222222223,0.0,0.36228603221085187,0.7777777777777778,0.8492063492063492,63,2,0.7145090106779108,0.06326876709986695,0.7203219315895373,0.2981268274817151,0.06415920472913678,0.7525150905432596
2016,85790,CAMPO NOVO,48,9,5.333333333333333,0.0,0.347591132959048,0.8262108262108262,0.9107142857142857,56,6,0.7708574747101877,0.05535335150063847,0.6861167002012073,0.3902092689473057,-0.0426181359882577,0.3501006036217304
2016,85804,CIDREIRA,90,9,10.0,0.044444444444444446,0.6131948592682834,0.9231824417009603,0.8533333333333334,75,4,0.8373972076512202,0.08578523404974014,0.7987927565392354,0.5066022149648219,0.10659264430346149,0.869215291750503
2016,85812,CANDELÁRIA,79,13,6.076923076923077,0.0,0.44544759473386253,0.9003496503496504,0.8713235294117647,136,6,0.8239681316617498,0.07638151868790066,0.7605633802816901,0.482359620124732,-0.03691202539086946,0.3762575452716298
2016,85820,MONTAURI,18,9,2.0,0.0,0.14914545611684904,0.5308641975308642,0.36363636363636365,11,5,0.6591789719291236,-0.12831477439825933,0.12877263581488935,0.21253172380418256,-0.06338626768733352,0.2776659959758551
2016,85839,CÂNDIDO GODÓI,26,9,2.888888888888889,0.0,0.34847506555615193,0.5392156862745098,0.6442307692307693,52,2,0.7019916590021841,-0.1627759727276743,0.08249496981891348,0.27837134490994003,0.0701037206462119,0.7706237424547284
2016,85847,VISTA GAÚCHA,12,9,1.3333333333333333,0.0,0.24248204977826537,0.9259259259259259,0.5,2,2,0.6111035239544814,0.3148224019714445,0.9959758551307847,0.1415129763964869,0.10096907338177846,0.8470824949698189
2016,85855,CANELA,85,11,7.7272727272727275,0.011764705882352941,0.4798218636432341,0.703931203931204,0.5864197530864198,162,4,0.831533693278916,-0.127602489347712,0.13078470824949698,0.49596702079156113,-0.01614515714832704,0.47283702213279677
2016,85863,VISTA ALEGRE DO PRATA,18,9,2.0,0.0,0.11122194039917543,0.6358024691358024,0.640625,32,3,0.6591789719291236,-0.023376502793321152,0.36619718309859156,0.21253172380418256,-0.10130978340500713,0.16096579476861167
2016,85871,CANGUÇU,113,15,7.533333333333333,0.07079646017699115,0.5982221678360771,0.8707482993197279,0.8522167487684729,203,8,0.8603562328878178,0.010392066431910041,0.49899396378269617,0.5490286920604727,0.0491934757756044,0.6961770623742455
2016,85880,CASEIROS,27,9,3.0,0.0,0.19919261272429645,0.6049382716049383,0.6810344827586207,58,3,0.7063289623256104,-0.10139069072067208,0.16297786720321933,0.2851896489882475,-0.08599703626395105,0.2152917505030181
2016,85898,CANOAS,295,21,14.047619047619047,0.1423728813559322,0.7389836442763336,0.975842891901286,0.9786223277909739,421,11,0.9501057104497584,0.02573718145152759,0.5754527162977867,0.7290186580194955,0.00996498625683806,0.5774647887323944
2016,85901,ITACURUBI,31,9,3.4444444444444446,0.0,0.20891893622948676,0.6868686868686869,0.6190476190476191,63,3,0.7221037586396115,-0.035235071770924664,0.3319919517102616,0.31023136833260495,-0.10131243210311819,0.158953722334004
2016,85910,CARAZINHO,102,13,7.846153846153846,0.12745098039215685,0.6941842302043177,0.9040622299049266,0.954248366013072,153,6,0.8501012414130189,0.05396098849190767,0.6720321931589537,0.5299203555725717,0.16426387463174608,0.9456740442655935
2016,85928,ENTRE RIOS DO SUL,24,9,2.6666666666666665,0.0,0.3876747634642883,0.8666666666666667,1.0,21,4,0.6927552116044494,0.17391145506221728,0.9617706237424547,0.2639451313927531,0.1237296320715352,0.8913480885311871
2016,85936,CARLOS BARBOSA,65,11,5.909090909090909,0.07692307692307693,0.4735524316111046,0.7365319865319866,0.772,125,4,0.8035060206572522,-0.06697403412526559,0.22937625754527163,0.44617960717963945,0.02737282443146516,0.6277665995975855
2016,85944,CERRO GRANDE DO SUL,53,9,5.888888888888889,0.0,0.29839657602516345,0.7095959595959596,0.7763157894736842,76,4,0.7816379037859168,-0.07204194418995724,0.21327967806841047,0.4084627767358211,-0.11006620071065765,0.13480885311871227
2016,85952,CASCA,33,9,3.6666666666666665,0.0,0.2916278886246375,0.8287037037037037,0.86,50,4,0.7291875847744931,0.09951611892921064,0.8611670020120724,0.3216041423038578,-0.0299762536792203,0.3963782696177062
2016,85960,CAMARGO,22,9,2.4444444444444446,0.0,0.08601953697829812,0.5512820512820513,0.6666666666666666,12,5,0.6826595005980215,-0.13137744931597017,0.12072434607645875,0.24831945599844993,-0.1622999190201518,0.04024144869215292
2016,85979,CATUÍPE,34,9,3.7777777777777777,0.0,0.40130896765674406,0.7577777777777778,0.7905405405405406,74,3,0.7325574672976116,0.025220310480166153,0.5714285714285714,0.32704279983308293,0.07426616782366113,0.7947686116700201
2016,85987,PARAÍSO DO SUL,38,9,4.222222222222222,0.05263157894736842,0.49173039659167195,0.8045977011494253,0.8125,64,4,0.7450390965093762,0.05955860464004914,0.7062374245472837,0.34735040311473175,0.1443799934769402,0.9235412474849095
2016,85995,CAXIAS DO SUL,393,23,17.08695652173913,0.022900763358778626,0.6452996243107245,0.9417156286721504,0.8756388415672913,587,11,0.9746532889810224,-0.03293766030887202,0.3460764587525151,0.7830749656546208,-0.13777534134389624,0.07645875251509054
2016,86010,CERRO LARGO,35,9,3.888888888888889,0.0,0.3883395397257068,0.7606837606837606,0.7272727272727273,66,3,0.7358217278007112,0.024862032883049445,0.5653923541247485,0.33232872444947964,0.056010815276227144,0.716297786720322
2016,86029,FAXINALZINHO,25,9,2.7777777777777777,0.04,0.2019967125183837,0.6909722222222223,0.875,20,4,0.6974720897273338,-0.006499867505111445,0.41851106639839036,0.2712965362013755,-0.06929982368299181,0.25553319919517103
2016,86037,CHAPADA,27,9,3.0,0.0,0.26553699821497934,0.6604938271604939,0.7857142857142857,28,4,0.7063289623256104,-0.0458351351651165,0.2796780684104628,0.2851896489882475,-0.019652650773268165,0.45271629778672035
2016,86045,AMARAL FERRADOR,31,9,3.4444444444444446,0.03225806451612903,0.37870953517680883,0.904040404040404,0.8974358974358975,39,4,0.7221037586396115,0.18193664540079246,0.9637826961770624,0.31023136833260495,0.06847816684420388,0.7665995975855131
2016,86053,CHIAPETTA,23,9,2.5555555555555554,0.0,0.215219903511652,0.6984126984126984,0.7837837837837838,37,5,0.687824076915897,0.010588621496801398,0.5030181086519114,0.256294580377455,-0.04107467686580302,0.36217303822937624
2016,86061,VILA FLORES,29,9,3.2222222222222223,0.0,0.2707875005162017,0.6444444444444444,0.9090909090909091,44,4,0.7145090106779108,-0.07006456623346646,0.22132796780684105,0.2981268274817151,-0.02733932696551339,0.4124748490945674
2016,86070,CIRÍACO,30,9,3.3333333333333335,0.0,0.15685935926114913,0.6772486772486773,0.72,25,3,0.7183745500753047,-0.041125872826627385,0.3058350100603622,0.3042764157882488,-0.1474170565270997,0.056338028169014086
2016,86088,CERRO BRANCO,39,9,4.333333333333333,0.10256410256410256,0.5199838173878935,0.6814814814814815,0.6229508196721312,61,4,0.7479368870097542,-0.06645540552827278,0.23138832997987926,0.352102626821164,0.16788119056672945,0.9476861167002012
2016,86096,COLORADO,38,9,4.222222222222222,0.02631578947368421,0.2886589997241773,0.49616858237547895,0.5606060606060606,66,3,0.7450390965093762,-0.2488705141338972,0.026156941649899398,0.34735040311473175,-0.05869140339055445,0.2917505030181087
2016,86100,ANDRÉ DA ROCHA,24,9,2.6666666666666665,0.0,0.4028272602441958,0.6592592592592592,0.9090909090909091,44,3,0.6927552116044494,-0.033495952345190205,0.3420523138832998,0.2639451313927531,0.1388821288514427,0.9134808853118712
2016,86118,CONDOR,10,9,1.1111111111111112,0.0,0.13761045706436437,1.0,1.0,3,1,0.5893346104259545,0.4106653895740455,1.0,0.11027775108834542,0.027332705976018945,0.6257545271629779
2016,86126,POÇO DAS ANTAS,20,9,2.2222222222222223,0.0,0.11503162427746005,0.712121212121212,0.6875,16,6,0.6715395515079929,0.040581660613219106,0.6217303822937625,0.23127620584607994,-0.11624458156861989,0.12474849094567404
2016,86134,CONSTANTINA,31,9,3.4444444444444446,0.0,0.2840465823052494,0.8636363636363636,0.9393939393939394,33,4,0.7221037586396115,0.14153260499675213,0.9235412474849095,0.31023136833260495,-0.026184786027355578,0.4164989939637827
2016,86142,TRÊS PALMEIRAS,35,9,3.888888888888889,0.0,0.22513798730363366,0.8012820512820513,0.78125,32,3,0.7358217278007112,0.06546032348134012,0.7243460764587525,0.33232872444947964,-0.10719073714584598,0.14285714285714285
2016,86150,CORONEL BICACO,23,9,2.5555555555555554,0.0,0.3266020519508903,0.9126984126984127,0.9642857142857143,28,4,0.687824076915897,0.2248743357825157,0.9839034205231388,0.256294580377455,0.07030747157343531,0.772635814889336
2016,86169,NOVA ALVORADA,23,9,2.5555555555555554,0.0,0.14511502685780364,0.5952380952380952,0.5945945945945946,37,4,0.687824076915897,-0.09258598167780174,0.1790744466800805,0.256294580377455,-0.11117955351965136,0.13078470824949698
2016,86177,CRISSIUMAL,34,9,3.7777777777777777,0.0,0.26854682252248185,0.6844444444444444,0.6086956521739131,23,5,0.7325574672976116,-0.04811302285316721,0.27364185110663986,0.32704279983308293,-0.05849597731060108,0.2937625754527163
2016,86185,MORRO REDONDO,41,9,4.555555555555555,0.0,0.26026033468325926,0.7638888888888888,0.56,75,4,0.7534972549448766,0.010391633944012213,0.4969818913480885,0.36126177640051355,-0.10100144171725428,0.16297786720321933
2016,86193,CRUZ ALTA,162,15,10.8,0.10493827160493827,0.6746360470160162,0.9154195011337869,0.9242424242424242,198,9,0.8954032396986522,0.020016261435134686,0.5472837022132797,0.616411325488422,0.05822472152759417,0.7303822937625755
2016,86207,SANTA MARIA DO HERVAL,34,9,3.7777777777777777,0.0,0.23210867501395516,0.6533333333333333,0.8604651162790697,43,5,0.7325574672976116,-0.0792241339642783,0.2012072434607646,0.32704279983308293,-0.09493412481912777,0.1851106639839034
2016,86215,CRUZEIRO DO SUL,59,9,6.555555555555555,0.0,0.3857412944481553,0.7288888888888888,0.7419354838709677,93,5,0.7931862045508636,-0.06429731566197483,0.23742454728370221,0.4282626403573598,-0.04252134590920448,0.352112676056338
2016,86223,BARÃO,46,9,5.111111111111111,0.0,0.2385818757985887,0.7807807807807807,0.8260869565217391,69,5,0.7661954557580916,0.014585325022689166,0.5191146881287726,0.3823822543829656,-0.1438003785843769,0.06237424547283702
2016,86231,DAVID CANABARRO,27,9,3.0,0.0,0.21360462281871495,0.4629629629629629,0.43548387096774194,31,6,0.7063289623256104,-0.24336599936264747,0.030181086519114688,0.2851896489882475,-0.07158502616953255,0.2454728370221328
2016,86240,ELDORADO DO SUL,118,9,13.11111111111111,0.2796610169491525,0.7183027421326011,0.9306829765545361,0.84375,96,4,0.8646533222339141,0.06602965432062202,0.7263581488933601,0.5571140538729366,0.1611886882596646,0.9396378269617707
2016,86258,DOIS IRMÃOS,42,9,4.666666666666667,0.0,0.3579991496778234,0.9023569023569024,0.9107142857142857,56,5,0.7561676162424582,0.14618928611444415,0.9295774647887324,0.365679563828429,-0.007680414150605552,0.5110663983903421
2016,86274,DOM FELICIANO,56,9,6.222222222222222,0.03571428571428571,0.426928544516781,0.7990543735224587,0.8125,80,4,0.7875824753173505,0.011471898205108189,0.5090543259557344,0.4186225108301797,0.008306033686601266,0.5674044265593562
2016,86282,ALTO FELIZ,39,9,4.333333333333333,0.0,0.25179241550146947,0.562962962962963,0.7428571428571429,35,6,0.7479368870097542,-0.18497392404679125,0.06438631790744467,0.352102626821164,-0.10031021131969453,0.16700201207243462
2016,86290,DOM PEDRITO,75,13,5.769230769230769,0.02666666666666667,0.5960776060756039,0.7419354838709679,0.7006802721088435,147,4,0.8185602042090581,-0.0766247203380902,0.2052313883299799,0.47271052317542595,0.12336708290017795,0.8873239436619719
2016,86304,AMETISTA DO SUL,30,9,3.3333333333333335,0.0,0.1723972189824139,0.6243386243386244,0.6363636363636364,44,3,0.7183745500753047,-0.09403592573668029,0.1750503018108652,0.3042764157882488,-0.13187919680583493,0.08450704225352113
2016,86312,DONA FRANCISCA,25,9,2.7777777777777777,0.0,0.20667014398500183,0.6875,0.6229508196721312,61,3,0.6974720897273338,-0.009972089727333766,0.403420523138833,0.2712965362013755,-0.06462639221637367,0.27364185110663986
2016,86320,ARAMBARÉ,45,9,5.0,0.022222222222222223,0.4196743270812382,0.6990740740740741,0.6076923076923076,65,5,0.7637804932047132,-0.06470641913063913,0.23541247484909456,0.37834334662934144,0.04133098045189676,0.6639839034205232
2016,86339,ENCANTADO,42,11,3.8181818181818183,0.023809523809523808,0.4118754454849216,0.6656891495601173,0.6707317073170732,82,5,0.7561676162424582,-0.09047846668234094,0.18309859154929578,0.365679563828429,0.04619588165649263,0.6901408450704225
2016,86347,BARÃO DO TRIUNFO,40,9,4.444444444444445,0.0,0.23337253960457138,0.8207885304659498,0.84,50,5,0.7507549268047804,0.0700336036611694,0.7424547283702213,0.35673787482024993,-0.12336533521567855,0.10663983903420524
2016,86355,ENCRUZILHADA DO SUL,89,11,8.090909090909092,0.0449438202247191,0.6164031925629052,0.8216783216783217,0.8666666666666667,135,5,0.8362540471923643,-0.014575725514042626,0.3903420523138833,0.5045225621078724,0.11188063045503283,0.8772635814889336
2016,86363,BARRA DO GUARITA,29,9,3.2222222222222223,0.0,0.27629382863543217,0.7944444444444445,0.5769230769230769,52,2,0.7145090106779108,0.07993543376653367,0.772635814889336,0.2981268274817151,-0.021832998846282925,0.44064386317907445
2016,86371,ERECHIM,208,17,12.235294117647058,0.03365384615384615,0.6501295619243288,0.8789651986449031,0.8945147679324894,237,11,0.9187696287321707,-0.03980443008726764,0.30985915492957744,0.6633041676959957,-0.013174605771666847,0.48490945674044267
2016,86380,BARRA DO RIO AZUL,15,9,1.6666666666666667,0.0,0.057969211897560324,0.7222222222222222,0.6428571428571429,7,2,0.6376449511314738,0.08457727109074842,0.7947686116700201,0.180360344519747,-0.12239113262218668,0.11267605633802817
2016,86398,HERVAL,35,9,3.888888888888889,0.0,0.4681442992670719,0.6923076923076923,0.82,50,4,0.7358217278007112,-0.04351403549301891,0.2917505030181087,0.33232872444947964,0.13581557481759227,0.903420523138833
2016,86401,BARRA FUNDA,19,9,2.111111111111111,0.0,0.5198745674675591,0.43333333333333335,0.3333333333333333,42,2,0.6655304371641204,-0.23219710383078707,0.04225352112676056,0.22213760816599237,0.29773695930156674,0.9879275653923542
2016,86410,ERVAL GRANDE,15,9,1.6666666666666667,0.0,0.2637662752506982,0.40740740740740744,0.8,5,3,0.6376449511314738,-0.23023754372406635,0.04426559356136821,0.180360344519747,0.08340593073095118,0.8088531187122736
2016,86428,BOA VISTA DAS MISSÕES,19,9,2.111111111111111,0.0,0.2925579333254764,0.7,0.7333333333333333,15,5,0.6655304371641204,0.03446956283587954,0.6016096579476862,0.22213760816599237,0.07042032515948404,0.7746478873239436
2016,86436,ERVAL SECO,41,9,4.555555555555555,0.0,0.23177408321050863,0.6041666666666667,0.7333333333333333,60,5,0.7534972549448766,-0.14933058827820989,0.09456740442655935,0.36126177640051355,-0.12948769319000492,0.0925553319919517
2016,86444,BOM PROGRESSO,31,9,3.4444444444444446,0.0,0.2634499837382769,0.6691919191919191,0.7291666666666666,24,5,0.7221037586396115,-0.0529118394476924,0.2635814889336016,0.31023136833260495,-0.04678138459432807,0.33601609657947684
2016,86452,ESMERALDA,22,9,2.4444444444444446,0.0,0.2853684324127099,0.6452991452991452,0.5285714285714286,35,4,0.6826595005980215,-0.03736035529887627,0.32595573440643866,0.24831945599844993,0.03704897641426,0.6498993963782697
2016,86460,CAMPESTRE DA SERRA,25,9,2.7777777777777777,0.0,0.20289034943363426,0.7152777777777778,0.7954545454545454,44,3,0.6974720897273338,0.017805688050444024,0.53420523138833,0.2712965362013755,-0.06840618676774124,0.2575452716297787
2016,86479,ESPUMOSO,52,9,5.777777777777778,0.0,0.2634919485512459,0.6459948320413437,0.7604166666666666,96,4,0.7795737218489703,-0.13357888980762667,0.11670020120724346,0.40495076421940834,-0.14145881566816243,0.07042253521126761
2016,86487,CANDIOTA,72,9,8.0,0.027777777777777776,0.4403278048947399,0.888888888888889,0.8444444444444444,90,4,0.8142896010204359,0.07459928786845305,0.7545271629778671,0.465135472952954,-0.024807668058214105,0.4245472837022133
2016,86495,ESTÂNCIA VELHA,95,9,10.555555555555555,0.08421052631578947,0.5528174978619327,0.8436692506459947,0.8875,80,5,0.8429079747931721,0.000761275852822596,0.4426559356136821,0.5166701910925137,0.03614730676941902,0.6458752515090543
2016,86509,CAPITÃO,20,9,2.2222222222222223,0.0,0.21590947437283003,0.6767676767676767,0.6923076923076923,26,4,0.6715395515079929,0.005228125259683747,0.46277665995975853,0.23127620584607994,-0.015366731473249906,0.4768611670020121
2016,86517,ESTEIO,122,10,12.2,0.06557377049180328,0.5935720118566017,0.9625,0.952054794520548,146,5,0.8679462726127378,0.0945537273872622,0.8350100603621731,0.5633421615168978,0.030229850339703934,0.6398390342052314
2016,86525,CARLOS GOMES,19,9,2.111111111111111,0.0,0.20979502290667473,0.7055555555555555,0.6447368421052632,38,3,0.6655304371641204,0.04002511839143508,0.6187122736418511,0.22213760816599237,-0.01234258525931764,0.4869215291750503
2016,86533,ESTRELA,133,13,10.23076923076923,0.0,0.36437011681871345,0.6551282051282051,0.785234899328859,149,7,0.8764103191642281,-0.22128211403602294,0.04627766599597585,0.5794812892922656,-0.21511117247355216,0.012072434607645875
2016,86541,CENTENÁRIO,27,9,3.0,0.0,0.10364044036165043,0.75,0.7346938775510204,49,3,0.7063289623256104,0.04367103767438962,0.6338028169014085,0.2851896489882475,-0.18154920862659707,0.02012072434607646
2016,86550,FARROUPILHA,159,15,10.6,0.006289308176100629,0.5164649557649732,0.9194444444444445,0.9169811320754717,265,7,0.8936241711201075,0.025820273324337006,0.5774647887323944,0.6129085880766966,-0.09644363231172337,0.1790744466800805
2016,86568,CHARRUA,19,9,2.111111111111111,0.0,0.17146600331183404,0.8333333333333333,0.3333333333333333,6,1,0.6655304371641204,0.16780289616921285,0.9557344064386318,0.22213760816599237,-0.050671604854158336,0.317907444668008
2016,86576,FAXINAL DO SOTURNO,36,9,4.0,0.0,0.30757496538429674,0.7078189300411523,0.7037037037037037,54,4,0.7389864436403218,-0.031167513599169583,0.3561368209255533,0.33747027347218805,-0.029895308087891315,0.40040241448692154
2016,86584,COLINAS,31,9,3.4444444444444446,0.0,0.09347071116744798,0.6363636363636364,0.6694915254237288,59,4,0.7221037586396115,-0.08574012227597516,0.19114688128772636,0.31023136833260495,-0.21676065716515697,0.01006036217303823
2016,86592,FELIZ,41,9,4.555555555555555,0.0,0.38200996061412473,0.9097222222222222,0.9558823529411765,68,3,0.7534972549448766,0.15622496727734558,0.9416498993963782,0.36126177640051355,0.020748184213611187,0.607645875251509
2016,86606,COQUEIROS DO SUL,24,9,2.6666666666666665,0.0,0.2494126187300989,0.8555555555555555,0.90625,32,2,0.6927552116044494,0.1628003439511061,0.9496981891348089,0.2639451313927531,-0.014532512662654207,0.48088531187122735
2016,86614,FLORES DA CUNHA,71,9,7.888888888888889,0.0,0.42053011981979105,0.6568100358422939,0.685,100,5,0.8128220233634869,-0.15601198752119294,0.0925553319919517,0.46254133670328396,-0.04201121688349291,0.358148893360161
2016,86622,CORONEL BARROS,38,9,4.222222222222222,0.0,0.43585334938951537,0.6264367816091954,0.8145161290322581,62,3,0.7450390965093762,-0.1186023149001808,0.14084507042253522,0.34735040311473175,0.08850294627478361,0.8249496981891348
2016,86630,FONTOURA XAVIER,24,9,2.6666666666666665,0.0,0.2630469289503532,0.8444444444444444,0.8235294117647058,17,5,0.6927552116044494,0.15168923283999503,0.937625754527163,0.2639451313927531,-0.0008982024423999091,0.5291750503018109
2016,86649,COXILHA,33,9,3.6666666666666665,0.030303030303030304,0.27360128160243846,0.7592592592592592,0.8333333333333334,18,7,0.7291875847744931,0.03007167448476611,0.5895372233400402,0.3216041423038578,-0.04800286070141935,0.3299798792756539
2016,86657,FORMIGUEIRO,34,9,3.7777777777777777,0.17647058823529413,0.3445962243933298,0.7822222222222222,0.75,68,3,0.7325574672976116,0.04966475492461053,0.6579476861167002,0.32704279983308293,0.01755342456024689,0.5955734406438632
2016,86665,DERRUBADAS,21,9,2.3333333333333335,0.0,0.25630452171016693,0.5694444444444443,0.53125,48,2,0.6772396522864721,-0.10779520784202778,0.15694164989939638,0.23999094263812074,0.016313579072046197,0.5915492957746479
2016,86673,FREDERICO WESTPHALEN,49,11,4.454545454545454,0.0,0.406782450184181,0.8540669856459331,0.8631578947368421,95,3,0.7731093037875792,0.08095768185835384,0.7826961770623743,0.39400414489023833,0.012778305293942693,0.5855130784708249
2016,86681,DOIS IRMÃOS DAS MISSÕES,28,9,3.111111111111111,0.0,0.27758455504805535,0.7543859649122807,0.8604651162790697,43,4,0.7104974109686949,0.04388855394358582,0.6388329979879276,0.2917694262708403,-0.014184871222784945,0.482897384305835
2016,86690,GARIBALDI,63,9,7.0,0.0,0.3437238637439277,0.8230452674897119,0.7974683544303798,79,4,0.800187360954111,0.022857906535600825,0.5553319919517102,0.4403943667938593,-0.09667050304993158,0.17706237424547283
2016,86703,ENGENHO VELHO,12,9,1.3333333333333333,0.0,0.0510334152781573,0.7777777777777779,1.0,5,2,0.6111035239544814,0.16667425382329648,0.9517102615694165,0.1415129763964869,-0.09047956111832961,0.193158953722334
2016,86711,GAURAMA,28,9,3.111111111111111,0.0,0.28102604920525254,0.6783625730994152,0.75,16,3,0.7104974109686949,-0.03213483786927973,0.352112676056338,0.2917694262708403,-0.010743377065587756,0.4949698189134809
2016,86720,GARRUCHOS,32,9,3.5555555555555554,0.1875,0.43165677628815646,0.8188405797101449,0.8066666666666666,75,3,0.7257054399630537,0.0931351397470912,0.8309859154929577,0.31600364676099457,0.11565312952716189,0.8832997987927566
2016,86738,GENERAL CÂMARA,48,9,5.333333333333333,0.0,0.49376678343605995,0.9116809116809117,0.9411764705882353,34,6,0.7708574747101877,0.14082343697072397,0.9215291750503019,0.3902092689473057,0.10355751448875428,0.8551307847082495
2016,86746,GENTIL,26,9,2.888888888888889,0.0,0.1736373513127889,0.36601307189542487,0.34375,32,5,0.7019916590021841,-0.3359785871067592,0.01006036217303823,0.27837134490994003,-0.10473399359715113,0.15492957746478872
2016,86754,SÃO VICENTE DO SUL,33,9,3.6666666666666665,0.0,0.5321910664494807,0.5717592592592593,0.8285714285714286,35,5,0.7291875847744931,-0.15742832551523378,0.08853118712273642,0.3216041423038578,0.21058692414562286,0.9698189134808853
2016,86762,GRAMADO DOS LOUREIROS,22,9,2.4444444444444446,0.0,0.22318182348641336,0.7136752136752137,0.8695652173913043,23,2,0.6826595005980215,0.031015713077192197,0.5955734406438632,0.24831945599844993,-0.025137632512036573,0.4225352112676056
2016,86770,GETÚLIO VARGAS,41,9,4.555555555555555,0.024390243902439025,0.38495699482780665,0.71875,0.6615384615384615,65,3,0.7534972549448766,-0.03474725494487663,0.33601609657947684,0.36126177640051355,0.023695218427293108,0.6177062374245473
2016,86789,GRAMADO XAVIER,50,9,5.555555555555555,0.0,0.2671627284840963,0.8848238482384824,0.9727272727272728,55,5,0.7753112832631146,0.10951256497536777,0.8772635814889336,0.3977241105298306,-0.1305613820457343,0.08853118712273642
2016,86797,GIRUÁ,49,11,4.454545454545454,0.0,0.30509624735365315,0.9162679425837321,0.9382716049382716,81,5,0.7731093037875792,0.14315863879615287,0.9255533199195171,0.39400414489023833,-0.08890789753658518,0.19718309859154928
2016,86800,HULHA NEGRA,50,9,5.555555555555555,0.04,0.37173711480550686,0.8590785907859079,0.8333333333333334,84,4,0.7753112832631146,0.08376730752279327,0.7927565392354124,0.3977241105298306,-0.025986995724323725,0.41851106639839036
2016,86819,GRAMADO,83,9,9.222222222222221,0.0963855421686747,0.6438260810057312,0.8918918918918919,0.8351648351648352,91,4,0.8290797531881224,0.06281213870376945,0.7142857142857143,0.49153932160334346,0.15228675940238778,0.9295774647887324
2016,86827,INHACORÁ,22,9,2.4444444444444446,0.0,0.45237582652290675,0.5940170940170939,0.95,20,4,0.6826595005980215,-0.08864240658092759,0.18712273641851107,0.24831945599844993,0.20405637052445683,0.9678068410462777
2016,86835,GRAVATAÍ,352,21,16.761904761904763,0.13068181818181818,0.7244759067881545,0.909941015681197,0.9140461215932913,477,10,0.9653500734875015,-0.05540905780630445,0.2575452716297787,0.7622997194450373,-0.03782381265688273,0.3702213279678068
2016,86843,ITAPUCA,24,9,2.6666666666666665,0.0,0.19923594553906265,0.825925925925926,0.75,16,4,0.6927552116044494,0.13317071432147654,0.9195171026156942,0.2639451313927531,-0.06470918585369045,0.2716297786720322
2016,86851,GUAÍBA,269,16,16.8125,0.07063197026022305,0.6675312111986584,0.9634387351778657,0.9501557632398754,321,9,0.941983891668209,0.021454843509656762,0.5533199195171026,0.7116517680376894,-0.04412055683903093,0.3440643863179074
2016,86860,LAJEADO DO BUGRE,24,9,2.6666666666666665,0.041666666666666664,0.15802046563221306,0.8222222222222223,0.75,20,7,0.6927552116044494,0.12946701061777288,0.9114688128772636,0.2639451313927531,-0.10592466576054005,0.1529175050301811
2016,86878,GUAPORÉ,40,11,3.6363636363636362,0.0,0.36486525920702895,0.7460815047021944,0.7714285714285715,70,5,0.7507549268047804,-0.004673422102586033,0.4245472837022133,0.35673787482024993,0.008127384386779013,0.5633802816901409
2016,86886,LAGOA DOS TRÊS CANTOS,19,9,2.111111111111111,0.0,0.12385173933845195,0.7055555555555555,0.6388888888888888,18,3,0.6655304371641204,0.04002511839143508,0.6187122736418511,0.22213760816599237,-0.09828586882754042,0.1750503018108652
2016,86894,GUARANI DAS MISSÕES,39,9,4.333333333333333,0.0,0.3504396747293814,0.725925925925926,0.7413793103448276,58,5,0.7479368870097542,-0.022010961083828273,0.3702213279678068,0.352102626821164,-0.0016629520917825769,0.5251509054325956
2016,86908,LINDOLFO COLLOR,40,9,4.444444444444445,0.0,0.33982437656596987,0.7688172043010753,0.7631578947368421,57,5,0.7507549268047804,0.018062277496294854,0.5372233400402414,0.35673787482024993,-0.016913498254280068,0.4688128772635815
2016,86916,HORIZONTINA,52,9,5.777777777777778,0.019230769230769232,0.4675588648902591,0.8708010335917312,0.875,40,7,0.7795737218489703,0.09122731174276089,0.8249496981891348,0.40495076421940834,0.06260810067085076,0.744466800804829
2016,86924,LINHA NOVA,22,9,2.4444444444444446,0.0,0.1943768610575649,0.48717948717948717,0.5263157894736842,19,4,0.6826595005980215,-0.19548001341853433,0.05734406438631791,0.24831945599844993,-0.05394259494088502,0.30985915492957744
2016,86932,CHARQUEADAS,117,13,9.0,0.017094017094017096,0.5525318442445599,0.9053254437869822,0.8531073446327684,177,8,0.8638104648271082,0.041514978959873994,0.6277665995975855,0.5555244200694635,-0.0029925758249035317,0.5231388329979879
2016,86940,MANOEL VIANA,43,9,4.777777777777778,0.0,0.4148199371874368,0.7826797385620914,0.7105263157894737,76,4,0.7587694889533518,0.023910249608739553,0.5633802816901409,0.36999610883629247,0.044823828351144346,0.6861167002012073
2016,86959,HUMAITÁ,23,9,2.5555555555555554,0.0,0.3453359288106621,0.738095238095238,0.6333333333333333,30,4,0.687824076915897,0.05027116117934105,0.6639839034205232,0.256294580377455,0.0890413484332071,0.8269617706237424
2016,86967,MAQUINÉ,41,9,4.555555555555555,0.024390243902439025,0.2675555625126378,0.826388888888889,0.821917808219178,73,3,0.7534972549448766,0.07289163394401232,0.7505030181086519,0.36126177640051355,-0.09370621388787576,0.1891348088531187
2016,86975,IBIAÇÁ,20,9,2.2222222222222223,0.0,0.18957003620269264,0.6060606060606061,0.6666666666666666,30,3,0.6715395515079929,-0.06547894544738686,0.23340040241448692,0.23127620584607994,-0.0417061696433873,0.36016096579476864
2016,86983,MARATÁ,36,9,4.0,0.027777777777777776,0.2599543344905251,0.8436213991769548,0.86,50,4,0.7389864436403218,0.10463495553663293,0.8732394366197183,0.33747027347218805,-0.07751593898166298,0.23340040241448692
2016,86991,IBIRAIARAS,34,9,3.7777777777777777,0.0,0.2600472281886146,0.6644444444444444,0.6147540983606558,61,4,0.7325574672976116,-0.06811302285316723,0.22334004024144868,0.32704279983308293,-0.06699557164446834,0.2676056338028169
2016,87009,MARIANA PIMENTEL,44,9,4.888888888888889,0.0,0.3585687592170914,0.7777777777777778,0.7580645161290323,62,4,0.7613061092920927,0.016471668485685043,0.5291750503018109,0.3742159550117544,-0.015647195794663005,0.47484909456740443
2016,87017,IBIRUBÁ,44,11,4.0,0.022727272727272728,0.305852854395974,0.650137741046832,0.7297297297297297,37,5,0.7613061092920927,-0.11116836824526077,0.1488933601609658,0.3742159550117544,-0.06836310061578044,0.2595573440643863
2016,87025,MATO CASTELHANO,35,9,3.888888888888889,0.0,0.262267481397636,0.5,0.6938775510204082,49,3,0.7358217278007112,-0.2358217278007112,0.03621730382293763,0.33232872444947964,-0.07006124305184364,0.2515090543259557
2016,87033,IGREJINHA,95,9,10.555555555555555,0.010526315789473684,0.6685700660374301,0.7758397932816539,0.84375,96,5,0.8429079747931721,-0.06706818151151828,0.22736418511066397,0.5166701910925137,0.1518998749449164,0.9275653923541247
2016,87041,MATO LEITÃO,47,9,5.222222222222222,0.0,0.16148634454235578,0.685672514619883,0.6153846153846154,78,4,0.7685536284513538,-0.08288111383147079,0.193158953722334,0.38633639841078615,-0.22485005386843038,0.004024144869215292
2016,87050,IJUÍ,94,15,6.266666666666667,0.0,0.5880400214340533,0.9447257383966244,0.8973799126637555,229,6,0.8418321389847353,0.10289359941188914,0.869215291750503,0.5146990804138301,0.07334094102022326,0.7887323943661971
2016,87068,MINAS DO LEÃO,28,9,3.111111111111111,0.0,0.40110444118354005,0.8713450292397662,0.9565217391304348,46,4,0.7104974109686949,0.1608476182710713,0.9476861167002012,0.2917694262708403,0.10933501491269976,0.8732394366197183
2016,87076,ILÓPOLIS,24,9,2.6666666666666665,0.0,0.12165947356229334,0.6888888888888889,0.7419354838709677,31,5,0.6927552116044494,-0.003866322715560533,0.42857142857142855,0.2639451313927531,-0.14228565783045977,0.06841046277665996
2016,87084,MONTE BELO DO SUL,31,9,3.4444444444444446,0.0,0.19788009410012575,0.7702020202020202,0.725,60,2,0.7221037586396115,0.048098261562408706,0.6539235412474849,0.31023136833260495,-0.1123512742324792,0.12877263581488935
2016,87092,INDEPENDÊNCIA,32,9,3.5555555555555554,0.0,0.24959684357944667,0.6908212560386473,0.6857142857142857,35,3,0.7257054399630537,-0.0348841839244064,0.33400402414486924,0.31600364676099457,-0.0664068031815479,0.26961770623742454
2016,87106,MORMAÇO,35,9,3.888888888888889,0.0,0.3227848934433759,0.7264957264957265,0.8018867924528302,53,4,0.7358217278007112,-0.009326001304984732,0.40945674044265595,0.33232872444947964,-0.009543831006103731,0.5030181086519114
2016,87114,IRAÍ,22,9,2.4444444444444446,0.09090909090909091,0.3224788476528557,0.6153846153846154,0.2692307692307692,26,4,0.6826595005980215,-0.06727488521340608,0.22535211267605634,0.24831945599844993,0.0741593916544058,0.7927565392354124
2016,87122,MORRINHOS DO SUL,23,9,2.5555555555555554,0.13043478260869565,0.32197313956546125,0.7301587301587301,0.6363636363636364,33,3,0.687824076915897,0.04233465324283314,0.6317907444668008,0.256294580377455,0.06567855918800625,0.7545271629778671
2016,87130,ITAQUI,83,11,7.545454545454546,0.03614457831325301,0.6336335043868224,0.8787878787878788,0.8559322033898306,118,5,0.8290797531881224,0.04970812559975635,0.6599597585513078,0.49153932160334346,0.14209418278347896,0.9175050301810865
2016,87149,MORRO REUTER,33,9,3.6666666666666665,0.0,0.2992943635069445,0.7037037037037037,0.8780487804878049,41,4,0.7291875847744931,-0.02548388107078936,0.3641851106639839,0.3216041423038578,-0.022309778796913315,0.4346076458752515
2016,87157,ITATIBA DO SUL,27,9,3.0,0.0,0.39315438350716336,0.7469135802469136,0.7631578947368421,38,3,0.7063289623256104,0.04058461792130319,0.6237424547283702,0.2851896489882475,0.10796473451891586,0.8712273641851107
2016,87165,MULITERNO,22,9,2.4444444444444446,0.0,0.3035156837324573,0.7948717948717948,0.9210526315789473,38,3,0.6826595005980215,0.11221229427377333,0.8893360160965795,0.24831945599844993,0.05519622773400737,0.7142857142857143
2016,87173,IVOTI,35,9,3.888888888888889,0.17142857142857143,0.6741876276213175,0.7286324786324787,0.9516129032258065,31,4,0.7358217278007112,-0.007189249168232492,0.41448692152917505,0.33232872444947964,0.3418589031718378,0.9979879275653923
2016,87181,NICOLAU VERGUEIRO,20,9,2.2222222222222223,0.0,0.10635873891588021,0.98989898989899,0.9714285714285714,35,3,0.6715395515079929,0.318359438390997,0.9979879275653923,0.23127620584607994,-0.12491746693019973,0.10261569416498995
2016,87190,JACUTINGA,28,9,3.111111111111111,0.03571428571428571,0.3132257189365164,0.5643274853801169,0.6666666666666666,39,4,0.7104974109686949,-0.146169925588578,0.096579476861167,0.2917694262708403,0.021456292665676113,0.6096579476861167
2016,87203,NOVA BOA VISTA,18,9,2.0,0.0,0.12490153691473238,0.6604938271604939,0.7045454545454546,22,3,0.6591789719291236,0.0013148552313703155,0.44466800804828976,0.21253172380418256,-0.08763018688945018,0.2052313883299799
2016,87211,JAGUARÃO,89,9,9.88888888888889,0.056179775280898875,0.6062981074150908,0.8666666666666667,0.7872340425531915,94,5,0.8362540471923643,0.030412619474302405,0.5915492957746479,0.5045225621078724,0.10177554530721844,0.8490945674044266
2016,87220,NOVA PÁDUA,18,9,2.0,0.0,0.19618383206732837,0.6666666666666667,0.35714285714285715,21,3,0.6591789719291236,0.007487694737543182,0.48390342052313884,0.21253172380418256,-0.016347891736854192,0.4708249496981891
2016,87238,JAGUARI,39,9,4.333333333333333,0.0,0.39821904328238955,0.8666666666666667,0.8717948717948718,78,3,0.7479368870097542,0.11872977965691245,0.903420523138833,0.352102626821164,0.04611641646122555,0.6881287726358148
2016,87246,NOVA SANTA RITA,107,11,9.727272727272727,0.037383177570093455,0.6327012654718507,0.9138257575757576,0.8689655172413793,145,5,0.8549089433760113,0.05891681419974626,0.704225352112676,0.5388461832100985,0.09385508226175221,0.8370221327967807
2016,87254,JÚLIO DE CASTILHOS,56,11,5.090909090909091,0.0,0.39992639140759567,0.7373737373737375,0.797979797979798,99,5,0.7875824753173505,-0.050208737943613024,0.2676056338028169,0.4186225108301797,-0.018696119422584034,0.45875251509054327
2016,87262,NOVO BARREIRO,18,9,2.0,0.0,0.16764073001478863,0.6666666666666667,0.875,8,4,0.6591789719291236,0.007487694737543182,0.48390342052313884,0.21253172380418256,-0.04489099378939393,0.3420523138832998
2016,87270,LAGOA VERMELHA,68,11,6.181818181818182,0.0,0.514083309737938,0.8596491228070176,0.8648648648648649,111,6,0.8082778664647611,0.05137125634225648,0.6659959758551308,0.4545377980636768,0.05954551167426125,0.7364185110663984
2016,87289,NOVO MACHADO,34,9,3.7777777777777777,0.0,0.2057156652294465,0.7422222222222222,0.8245614035087719,57,3,0.7325574672976116,0.009664754924610608,0.49295774647887325,0.32704279983308293,-0.12132713460363642,0.11871227364185111
2016,87297,LAJEADO,144,15,9.6,0.0,0.49438577825937124,0.8351421188630491,0.8081632653061225,245,6,0.8841200978369776,-0.048977978973928527,0.26961770623742454,0.5943503650629369,-0.09996458680356568,0.16901408450704225
2016,87300,NOVO TIRADENTES,28,9,3.111111111111111,0.0,0.19577359774662817,0.6228070175438596,0.7386363636363636,44,3,0.7104974109686949,-0.08769039342483531,0.1891348088531187,0.2917694262708403,-0.09599582852421212,0.18108651911468812
2016,87319,LAVRAS DO SUL,42,9,4.666666666666667,0.0,0.4223087176838596,0.7222222222222222,0.8152173913043478,46,5,0.7561676162424582,-0.033945394020236,0.34004024144869216,0.365679563828429,0.0566291538554306,0.7183098591549296
2016,87327,PARECI NOVO,32,9,3.5555555555555554,0.0,0.22813939178247034,0.5410628019323671,0.5272727272727272,55,4,0.7257054399630537,-0.1846426380306866,0.06639839034205232,0.31600364676099457,-0.08786425497852424,0.2012072434607646
2016,87335,LIBERATO SALZANO,18,9,2.0,0.0,0.18339073526961958,0.617283950617284,0.5833333333333334,12,4,0.6591789719291236,-0.04189502131183953,0.2977867203219316,0.21253172380418256,-0.029140988534562984,0.4084507042253521
2016,87343,PASSO DO SOBRADO,37,9,4.111111111111111,0.10810810810810811,0.3992145701628689,0.7936507936507936,0.84,50,5,0.7420571906659099,0.05159360298488369,0.6680080482897385,0.34247513616560604,0.056739433997262834,0.7223340040241448
2016,87351,MACHADINHO,23,9,2.5555555555555554,0.0,0.26132467092265377,0.746031746031746,0.6923076923076923,26,3,0.687824076915897,0.05820766911584907,0.6941649899396378,0.256294580377455,0.005030090545198762,0.5472837022132797
2016,87360,PICADA CAFÉ,44,9,4.888888888888889,0.0,0.19279769654767098,0.6158730158730158,0.7105263157894737,38,5,0.7613061092920927,-0.14543309341907695,0.09859154929577464,0.3742159550117544,-0.18141825846408344,0.022132796780684104
2016,87378,MARAU,58,9,6.444444444444445,0.0,0.4391938265468245,0.891156462585034,0.8775510204081632,98,3,0.7913538930650287,0.09980256952000532,0.8631790744466801,0.42510371221421206,0.014090114332612425,0.5875251509054326
2016,87386,PINHAL GRANDE,34,9,3.7777777777777777,0.0,0.2640481782723776,0.7799999999999999,0.7241379310344828,29,3,0.7325574672976116,0.047442532702388296,0.6498993963782697,0.32704279983308293,-0.06299462156070534,0.28169014084507044
2016,87394,MARCELINO RAMOS,23,9,2.5555555555555554,0.0,0.24943857820493087,0.8809523809523809,0.88,25,5,0.687824076915897,0.19312830403648396,0.971830985915493,0.256294580377455,-0.006856002172524134,0.5130784708249497
2016,87408,PINHEIRINHO DO VALE,23,9,2.5555555555555554,0.0,0.22600859671003803,0.7817460317460317,0.6463414634146342,41,2,0.687824076915897,0.09392195483013477,0.8329979879275654,0.256294580377455,-0.03028598366741697,0.39436619718309857
2016,87416,MARIANO MORO,27,9,3.0,0.0,0.32743417262555075,0.7160493827160493,0.7254901960784313,51,4,0.7063289623256104,0.009720420390438966,0.4949698189134809,0.2851896489882475,0.042244523637303244,0.670020120724346
2016,87424,PONTÃO,34,9,3.7777777777777777,0.08823529411764706,0.24458708338599955,0.6333333333333333,0.6428571428571429,42,4,0.7325574672976116,-0.09922413396427832,0.16700201207243462,0.32704279983308293,-0.08245571644708338,0.22132796780684105
2016,87432,MATA,38,9,4.222222222222222,0.0,0.298650708820857,0.7471264367816092,0.576271186440678,59,3,0.7450390965093762,0.002087340272233007,0.448692152917505,0.34735040311473175,-0.04869969429387477,0.32595573440643866
2016,87440,PONTE PRETA,25,9,2.7777777777777777,0.0,0.4007128622193772,0.6041666666666667,0.6896551724137931,29,3,0.6974720897273338,-0.09330542306066703,0.17706237424547283,0.2712965362013755,0.12941632601800168,0.8953722334004024
2016,87459,MAXIMILIANO DE ALMEIDA,24,9,2.6666666666666665,0.0,0.18482110227450677,0.8962962962962963,0.8214285714285714,28,3,0.6927552116044494,0.20354108469184684,0.9798792756539235,0.2639451313927531,-0.07912402911824634,0.22937625754527163
2016,87467,PORTO MAUÁ,16,9,1.7777777777777777,0.0,0.1650850565343165,0.6507936507936508,0.6666666666666666,18,3,0.6452863708261448,0.005507279967505996,0.4647887323943662,0.191707581558678,-0.02662252502436152,0.41448692152917505
2016,87475,MIRAGUAÍ,26,9,2.888888888888889,0.0,0.17769782800665768,0.6862745098039216,0.8,15,4,0.7019916590021841,-0.015717149198262503,0.386317907444668,0.27837134490994003,-0.10067351690328236,0.16498993963782696
2016,87483,PORTO VERA CRUZ,25,9,2.7777777777777777,0.0,0.16138803938176216,0.6631944444444444,0.4807692307692308,26,5,0.6974720897273338,-0.034277645282889346,0.3380281690140845,0.2712965362013755,-0.10990849681961334,0.13682092555331993
2016,87491,MONTENEGRO,114,10,11.4,0.043859649122807015,0.5515220101392222,0.7480769230769231,0.8023255813953488,86,5,0.8612325149330963,-0.11315559185617319,0.14688128772635814,0.5506736773630031,0.0008483327762190962,0.5331991951710262
2016,87505,PRESIDENTE LUCENA,22,9,2.4444444444444446,0.0,0.31604825694486016,0.48717948717948717,0.5263157894736842,38,3,0.6826595005980215,-0.19548001341853433,0.05734406438631791,0.24831945599844993,0.06772880094641023,0.7585513078470825
2016,87513,MOSTARDAS,52,9,5.777777777777778,0.0,0.3969975202804379,0.6589147286821706,0.7228915662650602,83,5,0.7795737218489703,-0.12065899316679973,0.13682092555331993,0.40495076421940834,-0.007953243938970456,0.5090543259557344
2016,87521,QUEVEDOS,28,9,3.111111111111111,0.0,0.26984068410948536,0.9064327485380117,0.9384615384615385,65,3,0.7104974109686949,0.1959353375693168,0.9738430583501007,0.2917694262708403,-0.02192874216135493,0.4386317907444668
2016,87530,MUÇUM,39,9,4.333333333333333,0.0,0.24363567735369807,0.837037037037037,0.8771929824561403,57,5,0.7479368870097542,0.08910015002728278,0.8148893360160966,0.352102626821164,-0.10846694946746593,0.13883299798792756
2016,87548,RIO DOS ÍNDIOS,31,9,3.4444444444444446,0.0,0.2954171902026548,0.7676767676767676,0.8059701492537313,67,3,0.7221037586396115,0.04557300903715611,0.641851106639839,0.31023136833260495,-0.014814178129950173,0.4788732394366197
2016,87556,NÃO-ME-TOQUE,40,9,4.444444444444445,0.0,0.4436341106230566,0.917562724014337,0.9032258064516129,62,3,0.7507549268047804,0.16680779720955663,0.9537223340040242,0.35673787482024993,0.08689623580280664,0.8189134808853119
2016,87564,SAGRADA FAMÍLIA,30,9,3.3333333333333335,0.03333333333333333,0.28217554208826856,0.8095238095238095,0.7878787878787878,33,4,0.7183745500753047,0.09114925944850483,0.8229376257545271,0.3042764157882488,-0.02210087369998026,0.43661971830985913
2016,87572,NONOAI,36,9,4.0,0.0,0.3562377636850891,0.794238683127572,0.84,50,4,0.7389864436403218,0.05525223948725011,0.6841046277665996,0.33747027347218805,0.018767490212901028,0.5995975855130785
2016,87580,SALVADOR DAS MISSÕES,16,9,1.7777777777777777,0.0,0.29417879417879433,0.7777777777777778,0.875,8,3,0.6452863708261448,0.13249140695163297,0.9175050301810865,0.191707581558678,0.10247121262011633,0.8511066398390342
2016,87599,NOVA ARAÇÁ,19,9,2.111111111111111,0.0,0.2373100345154453,0.9055555555555556,0.9444444444444444,18,5,0.6655304371641204,0.24002511839143514,0.9879275653923542,0.22213760816599237,0.015172426349452928,0.5895372233400402
2016,87602,SANTA CLARA DO SUL,35,9,3.888888888888889,0.02857142857142857,0.28249834920845296,0.5961538461538461,0.6818181818181818,55,3,0.7358217278007112,-0.13966788164686506,0.10865191146881288,0.33232872444947964,-0.04983037524102668,0.3199195171026157
2016,87610,NOVA BASSANO,28,9,3.111111111111111,0.0,0.36709487580180067,0.7543859649122807,0.7352941176470589,34,3,0.7104974109686949,0.04388855394358582,0.6388329979879276,0.2917694262708403,0.07532544953096038,0.7967806841046278
2016,87629,SANTA TEREZA,22,9,2.4444444444444446,0.0,0.250454958014398,0.7606837606837608,0.8333333333333334,30,3,0.6826595005980215,0.07802426008573926,0.7645875251509054,0.24831945599844993,0.0021355020159480598,0.5392354124748491
2016,87637,NOVA BRÉSCIA,25,9,2.7777777777777777,0.0,0.1481184368951005,0.6805555555555556,0.7435897435897436,39,4,0.6974720897273338,-0.016916534171778186,0.3843058350100604,0.2712965362013755,-0.12317809930627499,0.10865191146881288
2016,87645,SANTO ANTÔNIO DO PALMA,27,9,3.0,0.0,0.15669395505170391,0.4691358024691358,0.6071428571428571,28,5,0.7063289623256104,-0.2371931598564746,0.03420523138832998,0.2851896489882475,-0.1284956939365436,0.096579476861167
2016,87653,NOVA PALMA,27,9,3.0,0.0,0.1861217798575594,0.6481481481481481,0.6521739130434783,46,3,0.7063289623256104,-0.05818081417746224,0.2535211267605634,0.2851896489882475,-0.0990678691306881,0.1710261569416499
2016,87661,SANTO ANTÔNIO DO PLANALTO,21,9,2.3333333333333335,0.0,0.2660001042551905,0.6018518518518519,0.3695652173913043,23,4,0.6772396522864721,-0.07538780043462023,0.2112676056338028,0.23999094263812074,0.02600916161706976,0.6237424547283702
2016,87670,NOVA PETRÓPOLIS,65,11,5.909090909090909,0.0,0.302922708608212,0.8097643097643098,0.8770491803278688,122,5,0.8035060206572522,0.006258289107057613,0.4688128772635815,0.44617960717963945,-0.14325689857142743,0.06438631790744467
2016,87688,SANTO EXPEDITO DO SUL,18,9,2.0,0.0,0.3265440054994697,0.7160493827160495,0.7272727272727273,11,2,0.6591789719291236,0.056870410786925896,0.6921529175050302,0.21253172380418256,0.11401228169528715,0.8792756539235412
2016,87696,NOVA PRATA,98,11,8.909090909090908,0.0,0.4752205398106777,0.8526645768025078,0.8484848484848485,66,6,0.8460610774615437,0.0066034993409641585,0.47484909456740443,0.5224630137373032,-0.047242473926625506,0.33400402414486924
2016,87700,SÃO JOÃO DO POLÊSINE,29,9,3.2222222222222223,0.0,0.23682380352225052,0.7611111111111112,0.7866666666666666,75,2,0.7145090106779108,0.046602100433200344,0.647887323943662,0.2981268274817151,-0.061303023959464575,0.2837022132796781
2016,87718,NOVO HAMBURGO,197,14,14.071428571428571,0.005076142131979695,0.6417678167805132,0.9500390320062451,0.9375,192,8,0.9137571969894233,0.036281835016821806,0.607645875251509,0.6531017430248177,-0.011333926244304515,0.4909456740442656
2016,87726,SÃO JOSÉ DOS AUSENTES,25,9,2.7777777777777777,0.0,0.4848579558727024,0.8472222222222222,0.7837837837837838,37,4,0.6974720897273338,0.14975013249488844,0.9356136820925554,0.2712965362013755,0.2135614196713269,0.971830985915493
2016,87734,OSÓRIO,64,9,7.111111111111111,0.0,0.4524880717616582,0.8929292929292929,0.8181818181818182,110,3,0.8018610258540415,0.0910682670752514,0.8209255533199196,0.4433091668640766,0.009178904897581552,0.5734406438631791
2016,87742,SÃO JOSÉ DO INHACORÁ,28,9,3.111111111111111,0.0,0.23221866423974902,0.7339181286549707,0.853448275862069,58,3,0.7104974109686949,0.02342071768627585,0.5613682092555332,0.2917694262708403,-0.059550762031091276,0.289738430583501
2016,87750,PAIM FILHO,30,9,3.3333333333333335,0.0,0.37747639612514283,0.6402116402116402,0.7192982456140351,57,3,0.7183745500753047,-0.07816290986366448,0.20321931589537223,0.3042764157882488,0.07319998033689401,0.7847082494969819
2016,87769,SÃO JOSÉ DAS MISSÕES,15,9,1.6666666666666667,0.0,0.13696747202475845,0.7870370370370371,0.8333333333333334,18,2,0.6376449511314738,0.1493920859055633,0.9336016096579477,0.180360344519747,-0.04339287249498855,0.34808853118712274
2016,87777,PALMEIRA DAS MISSÕES,57,13,4.384615384615385,0.0,0.4393818660708104,0.8374125874125874,0.7674418604651163,86,6,0.7894864135806524,0.04792617383193498,0.6519114688128773,0.42189095878308136,0.017490907287729063,0.5935613682092555
2016,87785,SÃO MARTINHO DA SERRA,36,9,4.0,0.0,0.33267931428393194,0.728395061728395,0.7708333333333334,48,5,0.7389864436403218,-0.010591381911926878,0.40040241448692154,0.33747027347218805,-0.0047909591882561164,0.5171026156941649
2016,87793,PALMITINHO,22,9,2.4444444444444446,0.22727272727272727,0.5736970610616818,0.8376068376068376,0.84375,16,4,0.6826595005980215,0.15494733700881613,0.9396378269617707,0.24831945599844993,0.3253776050632319,0.9959758551307847
2016,87807,SÃO PEDRO DA SERRA,20,9,2.2222222222222223,0.0,0.14470564813437092,0.6868686868686869,0.6111111111111112,18,3,0.6715395515079929,0.015329135360693913,0.5231388329979879,0.23127620584607994,-0.08657055771170902,0.21327967806841047
2016,87815,PANAMBI,74,13,5.6923076923076925,0.0,0.3814955265204052,0.6834804539722572,0.6336633663366337,101,5,0.8171580690580562,-0.133677615085799,0.11468812877263582,0.47021914188444885,-0.08872361536404366,0.19919517102615694
2016,87823,SÃO PEDRO DO BUTIÁ,21,9,2.3333333333333335,0.0,0.54854683513479,0.5509259259259259,0.6551724137931034,29,4,0.6772396522864721,-0.12631372636054616,0.13279678068410464,0.23999094263812074,0.30855589249666926,0.9919517102615694
2016,87831,PARAÍ,30,9,3.3333333333333335,0.0,0.08948971418270024,0.5026455026455026,0.49122807017543857,57,3,0.7183745500753047,-0.21572904742980215,0.052313883299798795,0.3042764157882488,-0.21478670160554858,0.014084507042253521
2016,87840,SÃO VALENTIM DO SUL,27,9,3.0,0.0,0.13627374067095932,0.6111111111111112,0.5241935483870968,62,2,0.7063289623256104,-0.09521785121449922,0.1720321931589537,0.2851896489882475,-0.14891590831728818,0.05432595573440644
2016,87858,PASSO FUNDO,266,21,12.666666666666666,0.15789473684210525,0.6884306977276335,0.9438289601554907,0.9518072289156626,332,12,0.9409891913312675,0.00283976882422321,0.45271629778672035,0.7095414941244294,-0.021110796396795806,0.4426559356136821
2016,87866,SÃO VALÉRIO DO SUL,16,9,1.7777777777777777,0.0,0.4107473025506072,0.6031746031746033,0.8095238095238095,21,3,0.6452863708261448,-0.042111767651541565,0.2947686116700201,0.191707581558678,0.2190397209919292,0.9758551307847082
2016,87874,PEDRO OSÓRIO,37,9,4.111111111111111,0.05405405405405406,0.4419386194518018,0.8154761904761905,0.8536585365853658,41,5,0.7420571906659099,0.07341899981028055,0.7525150905432596,0.34247513616560604,0.09946348328619575,0.8410462776659959
2016,87882,SENTINELA DO SUL,45,9,5.0,0.044444444444444446,0.329471829405654,0.5694444444444444,0.608433734939759,83,3,0.7637804932047132,-0.19433604876026878,0.060362173038229376,0.37834334662934144,-0.04887151722368743,0.32193158953722334
2016,87890,PEJUÇARA,14,9,1.5555555555555556,0.0,0.1428844224979713,0.6,0.6666666666666666,6,3,0.6294566116113202,-0.029456611611320183,0.358148893360161,0.16828298925446675,-0.02539856675649546,0.42052313883299797
2016,87904,SÉRIO,29,9,3.2222222222222223,0.0,0.17004859010416973,0.6694444444444445,0.7361111111111112,36,5,0.7145090106779108,-0.04506456623346633,0.28772635814889336,0.2981268274817151,-0.12807823737754537,0.09859154929577464
2016,87912,PELOTAS,337,21,16.047619047619047,0.18397626112759644,0.7660121582967518,0.9567510548523206,0.953810623556582,433,11,0.9616295773048823,-0.004878522452561707,0.42052313883299797,0.754092034484668,0.01192012381208385,0.5814889336016097
2016,87920,SERTÃO SANTANA,37,9,4.111111111111111,0.0,0.4619217447045607,0.8115079365079364,0.8985507246376812,69,3,0.7420571906659099,0.06945074584202648,0.738430583501006,0.34247513616560604,0.11944660853895467,0.8853118712273642
2016,87939,PINHEIRO MACHADO,61,9,6.777777777777778,0.06557377049180328,0.5957663516235192,0.9081196581196581,0.8571428571428571,70,6,0.7967501603097138,0.11136949780994432,0.8812877263581489,0.4344260407333332,0.16134031089018602,0.9416498993963782
2016,87947,SINIMBU,57,9,6.333333333333333,0.017543859649122806,0.4502505163686652,0.9016203703703703,0.9140625,64,5,0.7894864135806524,0.11213395678971794,0.8873239436619719,0.42189095878308136,0.02835955758558384,0.6317907444668008
2016,87955,PIRATINI,27,9,3.0,0.0,0.5140178933484998,0.9382716049382716,0.9024390243902439,41,4,0.7063289623256104,0.23194264261266118,0.9859154929577465,0.2851896489882475,0.2288282443602523,0.9798792756539235
2016,87963,TIRADENTES DO SUL,38,9,4.222222222222222,0.0,0.3688537160930616,0.7681992337164751,0.7586206896551724,29,6,0.7450390965093762,0.023160137207098974,0.5593561368209256,0.34735040311473175,0.021503312978329858,0.6116700201207244
2016,87971,PLANALTO,31,9,3.4444444444444446,0.0,0.2870717247630594,0.6767676767676767,0.6923076923076923,39,5,0.7221037586396115,-0.04533608187193483,0.2857142857142857,0.31023136833260495,-0.02315964356954553,0.42857142857142855
2016,87980,TRAVESSEIRO,24,9,2.6666666666666665,0.0,0.09657697278487398,0.45555555555555555,0.5,37,4,0.6927552116044494,-0.23719965604889387,0.03219315895372234,0.2639451313927531,-0.16736815860787913,0.03621730382293763
2016,87998,PORTÃO,85,11,7.7272727272727275,0.011764705882352941,0.47323502654769434,0.8992628992628993,0.8909090909090909,110,6,0.831533693278916,0.06772920598398324,0.7283702213279678,0.49596702079156113,-0.022731994243866793,0.4305835010060362
2016,88005,TRÊS FORQUILHAS,27,9,3.0,0.037037037037037035,0.28938443174634965,0.8055555555555556,0.84375,48,3,0.7063289623256104,0.0992265932299452,0.8571428571428571,0.2851896489882475,0.004194782758102145,0.545271629778672
2016,88013,PORTO ALEGRE,575,36,15.972222222222221,0.12521739130434784,0.7793689775172017,0.9685631828488971,0.9416058394160584,959,16,1.0055716788899853,-0.037008496041088246,0.32796780684104626,0.8549310213550756,-0.0755620438378739,0.23943661971830985
2016,88021,TUPANCI DO SUL,18,9,2.0,0.0,0.13792121551291037,0.5987654320987654,0.6363636363636364,11,6,0.6591789719291236,-0.06041353983035813,0.24346076458752516,0.21253172380418256,-0.07461050829127219,0.2414486921529175
2016,88030,PORTO LUCENA,25,9,2.7777777777777777,0.0,0.2146479855899408,0.6388888888888888,0.6153846153846154,26,4,0.6974720897273338,-0.05858320083844493,0.2515090543259557,0.2712965362013755,-0.0566485506114347,0.2977867203219316
2016,88048,UNIÃO DA SERRA,25,9,2.7777777777777777,0.0,0.24250147725034443,0.8090277777777778,0.8478260869565217,46,3,0.6974720897273338,0.11155568805044402,0.8832997987927566,0.2712965362013755,-0.02879505895103107,0.4104627766599598
2016,88056,PORTO XAVIER,34,9,3.7777777777777777,0.0,0.155572248655923,0.7911111111111111,0.782051282051282,78,2,0.7325574672976116,0.05855364381349948,0.6971830985915493,0.32704279983308293,-0.17147055117715992,0.03219315895372234
2016,88064,VALE DO SOL,35,9,3.888888888888889,0.14285714285714285,0.4004326132923042,0.7905982905982906,0.7258064516129032,62,3,0.7358217278007112,0.054776562797579365,0.682092555331992,0.33232872444947964,0.06810388884282453,0.7625754527162978
2016,88072,PUTINGA,15,9,1.6666666666666667,0.0,0.31680305740024495,0.5370370370370371,0.5454545454545454,11,2,0.6376449511314738,-0.1006079140944367,0.16498993963782696,0.180360344519747,0.13644271288049795,0.9094567404426559
2016,88080,VALE REAL,33,9,3.6666666666666665,0.0,0.2763148380878244,0.6134259259259259,0.796875,32,4,0.7291875847744931,-0.11576165884856715,0.14285714285714285,0.3216041423038578,-0.04528930421603339,0.34004024144869216
2016,88099,QUARAÍ,96,11,8.727272727272727,0.0,0.43199880909010346,0.9700534759358288,0.963302752293578,109,7,0.8439712294434866,0.12608224649234223,0.9094567404426559,0.5186209409880296,-0.08662213189792611,0.2112676056338028
2016,88102,VILA NOVA DO SUL,24,9,2.6666666666666665,0.0,0.36355702810753354,0.8962962962962964,0.9393939393939394,33,4,0.6927552116044494,0.20354108469184695,0.9818913480885312,0.2639451313927531,0.09961189671478043,0.8430583501006036
2016,88110,REDENTORA,32,9,3.5555555555555554,0.0,0.31257510869312655,0.7101449275362318,0.7307692307692307,26,5,0.7257054399630537,-0.015560512426821882,0.38832997987927564,0.31600364676099457,-0.0034285380678680255,0.5211267605633803
2016,88129,VITÓRIA DAS MISSÕES,18,9,2.0,0.0,0.5662791367153477,0.5185185185185185,0.6923076923076923,13,4,0.6591789719291236,-0.14066045341060507,0.10663983903420524,0.21253172380418256,0.3537474129111651,1.0
2016,88137,RESTINGA SÊCA,48,9,5.333333333333333,0.0625,0.5492678254262244,0.868945868945869,0.8024691358024691,81,3,0.7708574747101877,0.09808839423568128,0.8511066398390342,0.3902092689473057,0.15905855647891876,0.9336016096579477
2016,88145,XANGRI-LÁ,61,9,6.777777777777778,0.03278688524590164,0.6226735903740681,0.8333333333333334,0.8545454545454545,55,6,0.7967501603097138,0.036583173023619575,0.6116700201207244,0.4344260407333332,0.18824754964073492,0.9637826961770624
2016,88153,RIO GRANDE,427,21,20.333333333333332,0.16393442622950818,0.840542085635076,0.9415904292751583,0.9284332688588007,517,9,0.9815553940681395,-0.03996496479298117,0.30784708249496984,0.7987293377099944,0.041812747925081606,0.6680080482897385
2016,88161,BOA VISTA DO SUL,18,9,2.0,0.0,0.1323703328264909,0.7777777777777778,0.84,25,3,0.6591789719291236,0.11859880584865423,0.9014084507042254,0.21253172380418256,-0.08016139097769165,0.22736418511066397
2016,88170,RIO PARDO,109,13,8.384615384615385,0.045871559633027525,0.6709857148531111,0.8641826923076924,0.8451612903225807,155,5,0.8567619731313252,0.007420719176367219,0.48088531187122735,0.5423016872162814,0.12868402763682973,0.8933601609657947
2016,88188,DILERMANDO DE AGUIAR,40,9,4.444444444444445,0.0,0.46319858045307294,0.7992831541218638,1.0,37,4,0.7507549268047804,0.048528227317083394,0.6559356136820925,0.35673787482024993,0.106460705632823,0.8651911468812877
2016,88196,ROCA SALES,61,9,6.777777777777778,0.16393442622950818,0.49657147889764297,0.8333333333333333,0.8133333333333334,75,4,0.7967501603097138,0.036583173023619464,0.6096579476861167,0.4344260407333332,0.062145438164309785,0.7424547283702213
2016,88200,CAPIVARI DO SUL,28,9,3.111111111111111,0.0,0.3767706730381397,0.7894736842105263,0.7073170731707317,41,4,0.7104974109686949,0.07897627324183143,0.7706237424547284,0.2917694262708403,0.08500124676729942,0.8128772635814889
2016,88218,RODEIO BONITO,30,9,3.3333333333333335,0.0,0.24837270160115743,0.6613756613756614,0.7058823529411765,51,4,0.7183745500753047,-0.05699888869964331,0.25553319919517103,0.3042764157882488,-0.05590371418709139,0.3038229376257545
2016,88226,NOVA CANDELÁRIA,19,9,2.111111111111111,0.0,0.2522321379082484,0.3166666666666667,0.3333333333333333,15,4,0.6655304371641204,-0.3488637704974537,0.008048289738430584,0.22213760816599237,0.030094529742256015,0.6378269617706237
2016,88234,ROLANTE,71,9,7.888888888888889,0.014084507042253521,0.5203776160254563,0.8422939068100358,0.8059701492537313,67,4,0.8128220233634869,0.02947188344654894,0.5875251509054326,0.46254133670328396,0.057836279322172335,0.7283702213279678
2016,88242,FLORIANO PEIXOTO,26,9,2.888888888888889,0.0,0.377730303060682,0.65359477124183,0.7419354838709677,31,4,0.7019916590021841,-0.04839688776035411,0.2716297786720322,0.27837134490994003,0.09935895815074197,0.8390342052313883
2016,88250,RONDA ALTA,27,9,3.0,0.0,0.3072576765994186,0.888888888888889,0.8529411764705882,34,3,0.7063289623256104,0.18255992656327857,0.96579476861167,0.2851896489882475,0.022068027611171104,0.613682092555332
2016,88269,CHUVISCA,24,9,2.6666666666666665,0.0,0.4067594357971078,0.9407407407407408,0.9655172413793104,29,5,0.6927552116044494,0.24798552913629135,0.9919517102615694,0.2639451313927531,0.14281430440435472,0.9195171026156942
2016,88277,RONDINHA,24,9,2.6666666666666665,0.0,0.3701353000100518,0.7111111111111111,0.7317073170731707,41,3,0.6927552116044494,0.01835589950666172,0.5392354124748491,0.2639451313927531,0.10619016861729869,0.8631790744466801
2016,88285,ESPERANÇA DO SUL,33,9,3.6666666666666665,0.0,0.26076573720737906,0.5555555555555556,0.5942028985507246,69,3,0.7291875847744931,-0.1736320292189375,0.07243460764587525,0.3216041423038578,-0.060838405096478754,0.28772635814889336
2016,88293,ROQUE GONZALES,22,9,2.4444444444444446,0.0,0.20448981936210164,0.7264957264957266,0.65,40,2,0.6826595005980215,0.04383622589770508,0.635814889336016,0.24831945599844993,-0.043829636636348285,0.3460764587525151
2016,88307,DOUTOR RICARDO,26,9,2.888888888888889,0.0,0.11925008621761912,0.545751633986928,0.5462962962962963,54,3,0.7019916590021841,-0.15624002501525602,0.09054325955734406,0.27837134490994003,-0.1591212586923209,0.04426559356136821
2016,88315,ROSÁRIO DO SUL,110,13,8.461538461538462,0.16363636363636364,0.6493790008493436,0.9349722442505948,0.8613138686131386,137,6,0.8576742463947299,0.07729799785586489,0.7625754527162978,0.5440060247291897,0.10537297612015395,0.8611670020120724
2016,88323,HERVEIRAS,36,9,4.0,0.0,0.21068370658116597,0.6769547325102881,0.7394366197183099,71,3,0.7389864436403218,-0.062031711130033695,0.2414486921529175,0.33747027347218805,-0.12678656689102208,0.1006036217303823
2016,88331,SALVADOR DO SUL,29,9,3.2222222222222223,0.0,0.22405860704819047,0.7166666666666667,0.7407407407407407,27,4,0.7145090106779108,0.0021576559887558355,0.4507042253521127,0.2981268274817151,-0.07406822043352462,0.24346076458752516
2016,88340,CARAÁ,39,9,4.333333333333333,0.0,0.3541683027669629,0.6666666666666667,0.647887323943662,71,3,0.7479368870097542,-0.08127022034308751,0.19718309859154928,0.352102626821164,0.0020656759457988727,0.5372233400402414
2016,88358,SANANDUVA,27,9,3.0,0.037037037037037035,0.2926818788065899,0.8024691358024691,0.7931034482758621,29,4,0.7063289623256104,0.09614017347685877,0.8430583501006036,0.2851896489882475,0.007492229818342411,0.5573440643863179
2016,88366,FAZENDA VILANOVA,33,9,3.6666666666666665,0.0,0.29113652789036504,0.75,0.8913043478260869,46,4,0.7291875847744931,0.02081241522550692,0.5492957746478874,0.3216041423038578,-0.030467614413492772,0.39235412474849096
2016,88374,SANTA BÁRBARA DO SUL,39,9,4.333333333333333,0.0,0.37003539094659943,0.6759259259259259,0.8301886792452831,53,5,0.7479368870097542,-0.07201096108382832,0.2152917505030181,0.352102626821164,0.01793276412543543,0.5975855130784709
2016,88382,ITAARA,41,9,4.555555555555555,0.0,0.428052628504779,0.8368055555555556,0.7380952380952381,42,4,0.7534972549448766,0.08330830061067895,0.7907444668008048,0.36126177640051355,0.06679085210426544,0.7565392354124748
2016,88390,SANTA CRUZ DO SUL,171,17,10.058823529411764,0.005847953216374269,0.5966851203860224,0.9549274255156608,0.9596541786743515,347,7,0.9005245651217358,0.054402860393924946,0.6800804828973843,0.6265464524030899,-0.029861332017067532,0.4024144869215292
2016,88404,ESTRELA VELHA,18,9,2.0,0.0,0.12674919036291743,0.7283950617283952,0.8333333333333334,12,2,0.6591789719291236,0.06921608979927163,0.7344064386317908,0.21253172380418256,-0.08578253344126513,0.21730382293762576
2016,88412,SANTA MARIA,214,21,10.19047619047619,0.056074766355140186,0.6478210989761652,0.9405378731803602,0.934640522875817,306,11,0.9213781304313025,0.01915974274905774,0.545271629778672,0.6686457672646786,-0.02082466828851337,0.44668008048289737
2016,88420,BENJAMIN CONSTANT DO SUL,24,9,2.6666666666666665,0.0,0.3087521582120134,0.5740740740740741,0.4375,24,4,0.6927552116044494,-0.11868113753037535,0.13883299798792756,0.2639451313927531,0.0448070268192603,0.682092555331992
2016,88439,SANTANA DA BOA VISTA,29,9,3.2222222222222223,0.034482758620689655,0.45753510302481404,0.7277777777777777,0.8717948717948718,39,4,0.7145090106779108,0.013268767099866907,0.5130784708249497,0.2981268274817151,0.15940827554309894,0.937625754527163
2016,88447,MAÇAMBARÁ,24,9,2.6666666666666665,0.0,0.36449766592700894,0.888888888888889,0.8888888888888888,18,2,0.6927552116044494,0.19613367728443953,0.9758551307847082,0.2639451313927531,0.10055253453425583,0.8450704225352113
2016,88455,SANT'ANA DO LIVRAMENTO,179,17,10.529411764705882,0.15083798882681565,0.6643945490806151,0.8910675381263616,0.9018867924528302,265,10,0.904826779898998,-0.013759241772636321,0.39235412474849096,0.6351211438523869,0.02927340522822819,0.6338028169014085
2016,88463,DOM PEDRO DE ALCÂNTARA,35,9,3.888888888888889,0.17142857142857143,0.6185088908497542,0.8247863247863247,0.8918918918918919,37,5,0.7358217278007112,0.08896459698561354,0.8128772635814889,0.33232872444947964,0.2861801664002746,0.9859154929577465
2016,88471,SANTA ROSA,114,15,7.6,0.0,0.5409519057065808,0.9259259259259259,0.9222222222222223,180,6,0.8612325149330963,0.06469341099282966,0.7223340040241448,0.5506736773630031,-0.009721771656422296,0.5010060362173038
2016,88480,UNISTALDA,27,9,3.0,0.037037037037037035,0.2924511386750175,0.8179012345679012,0.7653061224489796,49,3,0.7063289623256104,0.11157227224229083,0.8853118712273642,0.2851896489882475,0.007261489686769984,0.5553319919517102
2016,88498,SANTA VITÓRIA DO PALMAR,104,13,8.0,0.0,0.540691483327397,0.7996618765849535,0.7696629213483146,178,5,0.8520553482269873,-0.052393471642033784,0.2655935613682093,0.5335414507485072,0.007150032578889798,0.5533199195171026
2016,88501,TURUÇU,58,9,6.444444444444445,0.0,0.26599268272327214,0.6587301587301587,0.6764705882352942,85,4,0.7913538930650287,-0.13262373433486996,0.11871227364185111,0.42510371221421206,-0.15911102949093991,0.04627766599597585
2016,88510,SANTIAGO,80,13,6.153846153846154,0.0375,0.5095467700191505,0.8323765786452354,0.7784090909090909,176,5,0.8252726048715134,0.007103973773721961,0.4768611670020121,0.4846967372364791,0.024850032782671394,0.6197183098591549
2016,88528,CRISTAL DO SUL,31,9,3.4444444444444446,0.0,0.2227532641763592,0.8207070707070707,0.896551724137931,58,4,0.7221037586396115,0.0986033120674592,0.8531187122736419,0.31023136833260495,-0.08747810415624574,0.20724346076458752
2016,88536,SANTO ÂNGELO,117,15,7.8,0.02564102564102564,0.6477600573950646,0.9137254901960784,0.9107981220657277,213,5,0.8638104648271082,0.04991502536897019,0.6619718309859155,0.5555244200694635,0.09223563732560114,0.8350100603621731
2016,88544,MUITOS CAPÕES,34,9,3.7777777777777777,0.0,0.24262720851006114,0.7422222222222221,0.826530612244898,98,2,0.7325574672976116,0.009664754924610497,0.4909456740442656,0.32704279983308293,-0.08441559132302179,0.2193158953722334
2016,88552,SANTO ANTÔNIO DA PATRULHA,80,13,6.153846153846154,0.0,0.5370625839592891,0.8415614236509759,0.8333333333333334,126,4,0.8252726048715134,0.016288818779462422,0.5271629778672032,0.4846967372364791,0.05236584672280997,0.704225352112676
2016,88560,NOVA RAMADA,19,9,2.111111111111111,0.05263157894736842,0.38154219534756373,0.4888888888888889,0.625,16,5,0.6655304371641204,-0.17664154827523154,0.07042253521126761,0.22213760816599237,0.15940458718157136,0.9356136820925554
2016,88579,SANTO ANTÔNIO DAS MISSÕES,29,9,3.2222222222222223,0.034482758620689655,0.47248045761458024,0.8138888888888889,0.8723404255319149,47,4,0.7145090106779108,0.09937987821097805,0.8591549295774648,0.2981268274817151,0.17435363013286514,0.9557344064386318
2016,88587,JARI,31,9,3.4444444444444446,0.0,0.27122145801722897,0.8131313131313131,0.8208955223880597,67,3,0.7221037586396115,0.09102755449170163,0.8189134808853119,0.31023136833260495,-0.039009910315375984,0.36619718309859156
2016,88595,SANTO AUGUSTO,30,9,3.3333333333333335,0.0,0.3565635253939714,0.7566137566137566,0.875,32,3,0.7183745500753047,0.03823920653845192,0.6156941649899397,0.3042764157882488,0.05228710960572258,0.7022132796780685
2016,88609,UBIRETAMA,31,9,3.4444444444444446,0.0,0.1498025197219104,0.3964646464646464,0.5,36,3,0.7221037586396115,-0.3256391121749651,0.012072434607645875,0.31023136833260495,-0.16042884861069456,0.04225352112676056
2016,88617,SANTO CRISTO,31,9,3.4444444444444446,0.0,0.20241196851676935,0.803030303030303,0.8153846153846154,65,3,0.7221037586396115,0.08092654439069147,0.7806841046277666,0.31023136833260495,-0.1078193998158356,0.14084507042253522
2016,88625,BARRA DO QUARAÍ,35,9,3.888888888888889,0.02857142857142857,0.38900204238152347,0.7264957264957265,0.7027027027027027,37,4,0.7358217278007112,-0.009326001304984732,0.40945674044265595,0.33232872444947964,0.05667331793204383,0.7203219315895373
2016,88633,SÃO BORJA,122,15,8.133333333333333,0.07377049180327869,0.6204015973927439,0.9370716510903426,0.8841201716738197,233,5,0.8679462726127378,0.0691253784776048,0.7303822937625755,0.5633421615168978,0.057059435875846165,0.7243460764587525
2016,88641,CERRITO,43,9,4.777777777777778,0.046511627906976744,0.4112570485017746,0.7745098039215685,0.7543859649122807,57,5,0.7587694889533518,0.015740314968216707,0.5251509054325956,0.36999610883629247,0.04126093966548211,0.6619718309859155
2016,88650,SÃO FRANCISCO DE ASSIS,52,11,4.7272727272727275,0.1346153846153846,0.5524407398476348,0.8669623059866962,0.75,76,3,0.7795737218489703,0.08738858413772588,0.806841046277666,0.40495076421940834,0.1474899756282264,0.9255533199195171
2016,88668,VALE VERDE,42,9,4.666666666666667,0.09523809523809523,0.4086322377051177,0.7592592592592593,0.92,50,5,0.7561676162424582,0.0030916430168010933,0.45472837022132795,0.365679563828429,0.04295267387668872,0.676056338028169
2016,88676,SÃO FRANCISCO DE PAULA,79,9,8.777777777777779,0.0,0.5596825505108785,0.8452380952380952,0.8442622950819673,61,8,0.8239681316617498,0.021269963576345474,0.5513078470824949,0.482359620124732,0.07732293038614646,0.8048289738430584
2016,88684,NOVO CABRAIS,29,9,3.2222222222222223,0.0,0.24142340012299623,0.6972222222222223,0.8717948717948718,39,4,0.7145090106779108,-0.01728678845568854,0.3822937625754527,0.2981268274817151,-0.05670342735871886,0.29577464788732394
2016,88692,SÃO GABRIEL,123,15,8.2,0.18699186991869918,0.6557042172246064,0.8753086419753086,0.8823529411764706,102,10,0.8687505653504848,0.006558076624823772,0.47283702213279677,0.564867640326814,0.09083657689779234,0.8289738430583501
2016,88706,SETE DE SETEMBRO,20,9,2.2222222222222223,0.0,0.10239439433183839,0.5353535353535354,0.5833333333333334,24,4,0.6715395515079929,-0.13618601615445758,0.11267605633802817,0.23127620584607994,-0.12888181151424155,0.09456740442655935
2016,88714,SÃO JERÔNIMO,101,11,9.181818181818182,0.09900990099009901,0.5674015399675569,0.8681818181818182,0.86,150,6,0.8491080360451435,0.019073782136674655,0.5432595573440644,0.52808344014388,0.039318099823676955,0.6539235412474849
2016,88722,TABAÍ,39,9,4.333333333333333,0.05128205128205128,0.3964322460951877,0.774074074074074,0.8478260869565217,46,6,0.7479368870097542,0.026137187064319778,0.579476861167002,0.352102626821164,0.04432961927402368,0.6800804828973843
2016,88730,SÃO JOSÉ DO NORTE,73,9,8.11111111111111,0.0273972602739726,0.43359436916430094,0.8871527777777777,0.9315068493150684,73,6,0.8157347377704389,0.07141804000733876,0.7484909456740443,0.46769442700622743,-0.03410005784192649,0.38028169014084506
2016,88749,VILA LÂNGARO,25,9,2.7777777777777777,0.0,0.03399110488753809,0.3472222222222222,0.3111111111111111,45,4,0.6974720897273338,-0.35024986750511156,0.006036217303822937,0.2712965362013755,-0.2373054313138374,0.002012072434607646
2016,88757,SÃO JOSÉ DO OURO,10,9,1.1111111111111112,0.0,0.11715503742182931,0.2222222222222222,1.0,1,1,0.5893346104259545,-0.36711238820373226,0.004024144869215292,0.11027775108834542,0.00687728633348389,0.5513078470824949
2016,88765,SENADOR SALGADO FILHO,33,9,3.6666666666666665,0.0,0.3203109306281806,0.763888888888889,0.8918918918918919,37,3,0.7291875847744931,0.03470130411439587,0.6056338028169014,0.3216041423038578,-0.0012932116756771972,0.5271629778672032
2016,88773,SÃO LEOPOLDO,160,13,12.307692307692308,0.00625,0.6370904446045642,0.9037153322867608,0.8707482993197279,147,7,0.8942213839378819,0.009493948348878956,0.48893360160965793,0.6140833884940864,0.02300705611047782,0.6156941649899397
2016,88781,VESPASIANO CORRÊA,26,9,2.888888888888889,0.0,0.21503837361744438,0.4836601307189542,0.5352112676056338,71,2,0.7019916590021841,-0.21833152828322988,0.05030181086519115,0.27837134490994003,-0.06333297129249565,0.2796780684104628
2016,88790,SÃO LOURENÇO DO SUL,89,11,8.090909090909092,0.0,0.5552242087550292,0.9254079254079254,0.9178082191780822,146,5,0.8362540471923643,0.08915387821556109,0.8169014084507042,0.5045225621078724,0.05070164664715682,0.7002012072434608
2016,88803,MONTE ALEGRE DOS CAMPOS,27,9,3.0,0.0,0.1269230086172839,0.5401234567901234,0.5795454545454546,44,3,0.7063289623256104,-0.16620550553548696,0.07847082494969819,0.2851896489882475,-0.1582666403709636,0.0482897384305835
2016,88811,SÃO LUIZ GONZAGA,65,13,5.0,0.07692307692307693,0.5185977006771829,0.8380177514792899,0.872093023255814,129,6,0.8035060206572522,0.034511730822037734,0.6036217303822937,0.44617960717963945,0.07241809349754347,0.7806841046277666
2016,88820,MARQUES DE SOUZA,40,9,4.444444444444445,0.0,0.29326163088500223,0.7437275985663083,0.7340425531914894,47,5,0.7507549268047804,-0.007027328238472075,0.4164989939637827,0.35673787482024993,-0.0634762439352477,0.27565392354124746
2016,88838,SÃO MARCOS,84,9,9.333333333333334,0.011904761904761904,0.5030493715477626,0.8844444444444445,0.8690476190476191,84,3,0.8303148592044173,0.0541295852400272,0.676056338028169,0.49376615208427843,0.009283219463484205,0.5754527162977867
2016,88846,CHUÍ,46,9,5.111111111111111,0.08695652173913043,0.6668615659633292,0.7132132132132132,0.7105263157894737,38,6,0.7661954557580916,-0.05298224254487838,0.26156941649899396,0.3823822543829656,0.28447931158036366,0.9839034205231388
2016,88854,SÃO MARTINHO,25,9,2.7777777777777777,0.0,0.19407819455467745,0.8125,0.6875,16,3,0.6974720897273338,0.11502791027266623,0.8943661971830986,0.2712965362013755,-0.07721834164669805,0.23541247484909456
2016,88862,ARARICÁ,58,9,6.444444444444445,0.0,0.5114628502891971,0.546485260770975,0.46634615384615385,104,4,0.7913538930650287,-0.24486863229405365,0.028169014084507043,0.42510371221421206,0.08635913807498508,0.8148893360160966
2016,88870,SÃO NICOLAU,26,9,2.888888888888889,0.0,0.41393663396376623,0.7058823529411764,0.7209302325581395,43,4,0.7019916590021841,0.003890693938992329,0.45875251509054327,0.27837134490994003,0.1355652890538262,0.9014084507042254
2016,88889,PASSA SETE,28,9,3.111111111111111,0.0,0.3286352952498641,0.7076023391812866,0.6875,56,3,0.7104974109686949,-0.002895071787408332,0.4346076458752515,0.2917694262708403,0.03686586897902383,0.647887323943662
2016,88897,SÃO PAULO DAS MISSÕES,21,9,2.3333333333333335,0.0,0.25969364500009573,0.8796296296296295,0.84,25,4,0.6772396522864721,0.20238997734315745,0.9778672032193159,0.23999094263812074,0.019702702361974994,0.6056338028169014
2016,88900,TOROPI,31,9,3.4444444444444446,0.0,0.1640069868652807,0.8535353535353536,0.8529411764705882,68,3,0.7221037586396115,0.13143159489574208,0.9154929577464789,0.31023136833260495,-0.14622438146732425,0.05835010060362173
2016,88919,SÃO PEDRO DO SUL,70,11,6.363636363636363,0.014285714285714285,0.46848873591360807,0.8243451463790447,0.9292929292929293,99,6,0.8113313417367435,0.013013804642301174,0.5110663983903421,0.45991103570973346,0.008577700203874605,0.5714285714285714
2016,88927,BALNEÁRIO PINHAL,84,9,9.333333333333334,0.03571428571428571,0.48479405205391335,0.8888888888888888,0.8846153846153846,104,5,0.8303148592044173,0.05857402968447156,0.7002012072434608,0.49376615208427843,-0.008972100030365082,0.5070422535211268
2016,88935,SÃO SEBASTIÃO DO CAÍ,62,9,6.888888888888889,0.016129032258064516,0.3665419128863914,0.8029350104821803,0.7209302325581395,86,4,0.7984840726645344,0.004450937817645939,0.4607645875251509,0.43743381202709614,-0.07089189914070476,0.24949698189134809
2016,88943,MAMPITUBA,21,9,2.3333333333333335,0.14285714285714285,0.34497142742586995,0.6296296296296295,0.6818181818181818,22,4,0.6772396522864721,-0.047610022656842554,0.2776659959758551,0.23999094263812074,0.10498048478774921,0.8591549295774648
2016,88951,SÃO SEPÉ,64,11,5.818181818181818,0.390625,0.6640407846918437,0.8902229845626073,0.7605633802816901,71,4,0.8018610258540415,0.08836195870856578,0.8108651911468813,0.4433091668640766,0.22073161782776707,0.9778672032193159
2016,88978,SÃO VALENTIM,25,9,2.7777777777777777,0.0,0.3445271623406163,0.6875,0.85,20,5,0.6974720897273338,-0.009972089727333766,0.403420523138833,0.2712965362013755,0.0732306261392408,0.7867203219315896
2016,88986,ACEGUÁ,33,9,3.6666666666666665,0.18181818181818182,0.48423195769145044,0.7546296296296297,0.7457627118644068,59,3,0.7291875847744931,0.02544204485513657,0.5734406438631791,0.3216041423038578,0.16262781538759263,0.9436619718309859
2016,88994,SAPIRANGA,185,15,12.333333333333334,0.032432432432432434,0.5927367166135555,0.9003921568627451,0.8307086614173228,254,6,0.9079127368999252,-0.007520580037180147,0.4124748490945674,0.6413064358404793,-0.04856971922692377,0.32796780684104626
2016,89001,ALMIRANTE TAMANDARÉ DO SUL,19,9,2.111111111111111,0.0,0.5231814213539259,0.6333333333333333,0.631578947368421,19,5,0.6655304371641204,-0.03219710383078711,0.3501006036217304,0.22213760816599237,0.3010438131879335,0.9899396378269618
2016,89010,SAPUCAIA DO SUL,166,11,15.090909090909092,0.10843373493975904,0.5789689267541946,0.9343108504398827,0.8839285714285714,112,8,0.8977181735656541,0.036592676874228625,0.613682092555332,0.6209829825886398,-0.042014055834445174,0.3561368209255533
2016,89028,ARROIO DO PADRE,31,9,3.4444444444444446,0.0,0.13325917284631172,0.5782828282828283,0.6351351351351351,37,6,0.7221037586396115,-0.14382093035678323,0.10261569416498995,0.31023136833260495,-0.17697219548629323,0.028169014084507043
2016,89036,SARANDI,45,11,4.090909090909091,0.0,0.3324444491349916,0.7887700534759358,0.7524752475247525,101,3,0.7637804932047132,0.024989560271222566,0.5674044265593562,0.37834334662934144,-0.04589889749434983,0.3380281690140845
2016,89044,BOA VISTA DO CADEADO,20,9,2.2222222222222223,0.05,0.23739287627209404,0.7575757575757575,0.6956521739130435,23,3,0.6715395515079929,0.08603620606776452,0.8028169014084507,0.23127620584607994,0.006116670426014104,0.5492957746478874
2016,89052,SEBERI,29,9,3.2222222222222223,0.0,0.3689076905012312,0.7222222222222222,0.9803921568627451,51,2,0.7145090106779108,0.007713211544311371,0.4869215291750503,0.2981268274817151,0.07078086301951608,0.7766599597585513
2016,89060,BOA VISTA DO INCRA,30,9,3.3333333333333335,0.0,0.2721114685043651,0.7354497354497355,0.7111111111111111,45,4,0.7183745500753047,0.017075185374430757,0.5311871227364185,0.3042764157882488,-0.03216494728388375,0.3843058350100604
2016,89079,SELBACH,21,9,2.3333333333333335,0.0,0.28246714400750816,0.6759259259259259,0.6888888888888889,45,2,0.6772396522864721,-0.0013137263605461635,0.4386317907444668,0.23999094263812074,0.04247620136938743,0.6720321931589537
2016,89087,BOZANO,24,9,2.6666666666666665,0.0,0.3087597833768989,0.5962962962962963,0.7452830188679245,53,3,0.6927552116044494,-0.09645891530815309,0.16901408450704225,0.2639451313927531,0.044814651984145804,0.6841046277665996
2016,89095,SERAFINA CORRÊA,34,9,3.7777777777777777,0.0,0.2796870478631952,0.8133333333333332,0.8392857142857143,56,3,0.7325574672976116,0.08077586603572162,0.7776659959758552,0.32704279983308293,-0.04735575196988773,0.3319919517102616
2016,89109,CANUDOS DO VALE,15,9,1.6666666666666667,0.0,0.12675572157483717,0.6944444444444443,0.6,10,3,0.6376449511314738,0.05679949331297052,0.6901408450704225,0.180360344519747,-0.053604622944909835,0.3118712273641851
2016,89117,SERTÃO,32,9,3.5555555555555554,0.0,0.3564977001384375,0.5869565217391304,0.7291666666666666,24,4,0.7257054399630537,-0.13874891822392332,0.11066398390342053,0.31600364676099457,0.04049405337744294,0.6599597585513078
2016,89125,CAPÃO BONITO DO SUL,39,9,4.333333333333333,0.0,0.28411548835182465,0.34444444444444444,0.2,30,3,0.7479368870097542,-0.4034924425653098,0.002012072434607646,0.352102626821164,-0.06798713846933935,0.26156941649899396
2016,89133,SEVERIANO DE ALMEIDA,25,9,2.7777777777777777,0.0,0.27961918326538293,0.7951388888888888,0.9489795918367347,49,3,0.6974720897273338,0.09766679916155507,0.8470824949698189,0.2712965362013755,0.008322647064007427,0.5694164989939637
2016,89141,CAPÃO DO CIPÓ,32,9,3.5555555555555554,0.03125,0.18007499084959533,0.7270531400966184,0.7962962962962963,54,3,0.7257054399630537,0.0013477001335646666,0.44668008048289737,0.31600364676099457,-0.13592865591139924,0.07847082494969819
2016,89150,CAPÃO DA CANOA,109,11,9.909090909090908,0.01834862385321101,0.550596829749775,0.855287569573284,0.8240740740740741,108,6,0.8567619731313252,-0.0014744035580411818,0.43661971830985913,0.5423016872162814,0.008295142533493616,0.5653923541247485
2016,89168,COQUEIRO BAIXO,20,9,2.2222222222222223,0.0,0.06585312957712852,0.5101010101010102,0.5535714285714286,28,3,0.6715395515079929,-0.16143854140698277,0.08450704225352113,0.23127620584607994,-0.16542307626895142,0.03822937625754527
2016,89176,SOBRADINHO,35,9,3.888888888888889,0.02857142857142857,0.3961970493113103,0.782051282051282,0.6923076923076923,39,6,0.7358217278007112,0.04622955425057085,0.6438631790744467,0.33232872444947964,0.06386832486183064,0.7505030181086519
2016,89184,CORONEL PILAR,17,9,1.8888888888888888,0.0,0.2779145934294882,0.3472222222222222,0.3333333333333333,18,3,0.6524462270442976,-0.30522400482207535,0.01609657947686117,0.2024080868440718,0.07550650658541641,0.7987927565392354
2016,89192,SOLEDADE,93,13,7.153846153846154,0.0,0.4057619769182319,0.83125,0.8072916666666666,192,6,0.840743440345042,-0.009493440345041959,0.40643863179074446,0.5127071787291931,-0.10694520181096123,0.1448692152917505
2016,89206,CRUZALTENSE,26,9,2.888888888888889,0.038461538461538464,0.41662555726344563,0.7973856209150326,0.7692307692307693,26,6,0.7019916590021841,0.09539396191284855,0.8410462776659959,0.27837134490994003,0.1382542123535056,0.9114688128772636
2016,89214,TAPEJARA,53,11,4.818181818181818,0.0,0.26524376370224023,0.8766233766233766,0.8317757009345794,107,5,0.7816379037859168,0.09498547283745984,0.8370221327967807,0.4084627767358211,-0.14321901303358087,0.06639839034205232
2016,89222,FORQUETINHA,32,9,3.5555555555555554,0.0,0.31701902331417653,0.5966183574879227,0.5357142857142857,70,3,0.7257054399630537,-0.129087082475131,0.1267605633802817,0.31600364676099457,0.001015376553181957,0.5352112676056338
2016,89230,TAPERA,41,9,4.555555555555555,0.0,0.42271515728808695,0.7152777777777778,0.6507936507936508,63,5,0.7534972549448766,-0.038219477167098836,0.32193158953722334,0.36126177640051355,0.061453380887573406,0.7404426559356136
2016,89247,SANTA CECÍLIA DO SUL,24,9,2.6666666666666665,0.041666666666666664,0.3223622534113886,0.7777777777777777,0.5357142857142857,28,3,0.6927552116044494,0.08502256617332826,0.7967806841046278,0.2639451313927531,0.05841712201863547,0.7323943661971831
2016,89249,ITATI,25,9,2.7777777777777777,0.0,0.24191301334257487,0.6979166666666666,0.6976744186046512,43,3,0.6974720897273338,0.0004445769393328636,0.44064386317907445,0.2712965362013755,-0.029383522858800637,0.40643863179074446
2016,89257,TAPES,85,9,9.444444444444445,0.011764705882352941,0.5377233360770999,0.7609649122807018,0.6264367816091954,87,3,0.831533693278916,-0.07056878099821418,0.21730382293762576,0.49596702079156113,0.04175631528553875,0.6659959758551308
2016,89265,JACUIZINHO,37,9,4.111111111111111,0.02702702702702703,0.2643767319145267,0.8174603174603176,0.6363636363636364,33,5,0.7420571906659099,0.07540312679440764,0.7565392354124748,0.34247513616560604,-0.07809840425107933,0.23138832997987926
2016,89273,TAQUARA,139,15,9.266666666666667,0.12949640287769784,0.6214907689872433,0.906989247311828,0.8,215,6,0.8807010552108194,0.026288192101008523,0.5814889336016097,0.5877362661308203,0.03375450285642301,0.641851106639839
2016,89281,LAGOA BONITA DO SUL,26,9,2.888888888888889,0.0,0.2581330419394232,0.7124183006535948,0.6071428571428571,28,5,0.7019916590021841,0.010426641651410717,0.5010060362173038,0.27837134490994003,-0.02023830297051682,0.448692152917505
2016,89290,TAQUARI,75,9,8.333333333333334,0.06666666666666667,0.5591437430166586,0.8240740740740741,0.8431372549019608,102,4,0.8185602042090581,0.005513869865016008,0.46680080482897385,0.47271052317542595,0.08643321984123264,0.8169014084507042
2016,89303,MATO QUEIMADO,10,9,1.1111111111111112,0.0,0.14616049055024938,0.8333333333333333,1.0,4,1,0.5893346104259545,0.24399872290737878,0.9899396378269618,0.11027775108834542,0.035882739461903956,0.6438631790744467
2016,89311,TENENTE PORTELA,34,9,3.7777777777777777,0.0,0.3659159293534955,0.8133333333333332,0.6333333333333333,30,5,0.7325574672976116,0.08077586603572162,0.7776659959758552,0.32704279983308293,0.03887312952041255,0.6519114688128773
2016,89320,NOVO XINGU,22,9,2.4444444444444446,0.0,0.14964846204810311,0.829059829059829,0.9473684210526315,19,5,0.6826595005980215,0.1464003284618075,0.93158953722334,0.24831945599844993,-0.09867099395034681,0.17303822937625754
2016,89338,TORRES,91,13,7.0,0.3076923076923077,0.7256700765615929,0.8722879684418146,0.8118811881188119,101,7,0.8385262806177669,0.03376168782404765,0.5995975855130785,0.5086592119086294,0.2170108646529635,0.9738430583501007
2016,89346,PAULO BENTO,34,9,3.7777777777777777,0.0,0.30605552098784794,0.5622222222222222,0.8428571428571429,35,5,0.7325574672976116,-0.17033524507538944,0.0744466800804829,0.32704279983308293,-0.02098727884523499,0.44466800804828976
2016,89354,TRAMANDAÍ,107,13,8.23076923076923,0.056074766355140186,0.5986668513062403,0.9091653027823241,0.8730964467005076,197,6,0.8549089433760113,0.05425635940631279,0.6780684104627767,0.5388461832100985,0.05982066809614184,0.738430583501006
2016,89362,PINHAL DA SERRA,29,9,3.2222222222222223,0.0,0.6116576896667665,0.5833333333333333,0.5447761194029851,67,3,0.7145090106779108,-0.13117567734457758,0.1227364185110664,0.2981268274817151,0.3135308621850514,0.993963782696177
2016,89370,TRÊS COROAS,54,9,6.0,0.0,0.36946940730109623,0.8765432098765432,0.9577464788732394,71,6,0.7836596993205877,0.09288351055595556,0.8289738430583501,0.41191055152739936,-0.04244114422630313,0.35412474849094566
2016,89389,QUATRO IRMÃOS,28,9,3.111111111111111,0.0,0.4021511749914808,0.5994152046783625,0.6428571428571429,28,5,0.7104974109686949,-0.11108220629033239,0.15090543259557343,0.2917694262708403,0.1103817487206405,0.8752515090543259
2016,89397,TRÊS DE MAIO,53,11,4.818181818181818,0.0,0.3020748536768221,0.6212121212121211,0.5,82,4,0.7816379037859168,-0.1604257825737957,0.08651911468812877,0.4084627767358211,-0.10638792305899902,0.1488933601609658
2016,89400,ROLADOR,22,9,2.4444444444444446,0.0,0.1270354096665809,0.6623931623931624,0.734375,32,4,0.6826595005980215,-0.020266338204859125,0.3762575452716298,0.24831945599844993,-0.12128404633186904,0.12072434607645875
2016,89419,TRÊS PASSOS,55,11,5.0,0.0,0.2850808378286902,0.9090909090909091,0.863013698630137,73,5,0.7856407165415372,0.12345019254937184,0.9054325955734407,0.41529639997060447,-0.13021556214191427,0.09054325955734406
2016,89435,TRIUNFO,88,11,8.0,0.07954545454545454,0.545484220434675,0.8937426210153483,0.8493150684931506,73,5,0.8350964663227457,0.05864615469260259,0.7022132796780685,0.5024197478739191,0.04306447256075596,0.6780684104627767
2016,89443,SANTA MARGARIDA DO SUL,31,9,3.4444444444444446,0.16129032258064516,0.49673837079551664,0.8232323232323232,0.8953488372093024,43,2,0.7221037586396115,0.10112856459271169,0.8651911468812877,0.31023136833260495,0.1865070024629117,0.9617706237424547
2016,89451,TUCUNDUVA,29,9,3.2222222222222223,0.0,0.2271623177110722,0.8166666666666667,0.8823529411764706,51,4,0.7145090106779108,0.10215765598875581,0.8672032193158954,0.2981268274817151,-0.07096450977064289,0.24748490945674045
2016,89460,SÃO JOSÉ DO SUL,16,9,1.7777777777777777,0.0,0.15278690868170908,0.3650793650793651,0.3333333333333333,18,2,0.6452863708261448,-0.2802070057467797,0.022132796780684104,0.191707581558678,-0.03892067287696893,0.3682092555331992
2016,89478,TUPANCIRETÃ,90,9,10.0,0.1111111111111111,0.47458565916076423,0.7270233196159122,0.7631578947368421,76,6,0.8373972076512202,-0.11037388803530801,0.1529175050301811,0.5066022149648219,-0.03201655580405771,0.38832997987927564
2016,89486,SÃO PEDRO DAS MISSÕES,18,9,2.0,0.0,0.18790337174670757,0.537037037037037,0.5,18,3,0.6591789719291236,-0.12214193489208658,0.13480885311871227,0.21253172380418256,-0.02462835205747499,0.42655935613682094
2016,89494,TUPARENDI,35,9,3.888888888888889,0.0,0.32159139766034817,0.75,0.8472222222222222,36,5,0.7358217278007112,0.0141782721992888,0.5171026156941649,0.33232872444947964,-0.010737326789131474,0.4969818913480885
2016,89508,TIO HUGO,18,9,2.0,0.0,0.13657830707750973,0.728395061728395,0.7368421052631579,19,5,0.6591789719291236,0.06921608979927141,0.7323943661971831,0.21253172380418256,-0.07595341672667283,0.23742454728370221
2016,89516,URUGUAIANA,147,11,13.363636363636363,0.047619047619047616,0.6506688593776209,0.8897058823529411,0.8543046357615894,151,6,0.8861078267069177,0.003598055646023446,0.4567404426559356,0.5982105551886631,0.052458304188957805,0.7062374245472837
2016,89524,WESTFALIA,18,9,2.0,0.2777777777777778,0.4825621353557499,0.7407407407407407,0.6666666666666666,27,3,0.6591789719291236,0.08156176881161714,0.7857142857142857,0.21253172380418256,0.2700304115515673,0.9818913480885312
2016,89532,VACARIA,172,15,11.466666666666667,0.09302325581395349,0.5667437699930884,0.7239915074309979,0.7956989247311828,279,7,0.9010746860176799,-0.177083178586682,0.06841046277665996,0.6276397811177014,-0.06089601112461296,0.2857142857142857
2016,89540,PINTO BANDEIRA,28,9,3.111111111111111,0.07142857142857142,0.3802707842719557,0.6842105263157894,0.6744186046511628,43,3,0.7104974109686949,-0.026286884652905518,0.36217303822937624,0.2917694262708403,0.08850135800111542,0.8229376257545271
2016,89559,VENÂNCIO AIRES,130,15,8.666666666666666,0.0,0.5445759001803419,0.8892753623188405,0.9247311827956989,186,6,0.8741823678342977,0.015092994484542821,0.5211267605633803,0.5752145790868897,-0.03063867890654781,0.3903420523138833
2016,89567,PEDRAS ALTAS,32,9,3.5555555555555554,0.0,0.4565089482603235,0.71256038647343,0.6470588235294118,34,3,0.7257054399630537,-0.013145053489623693,0.39436619718309857,0.31600364676099457,0.14050530149932894,0.9154929577464789
2016,89575,VERA CRUZ,63,11,5.7272727272727275,0.015873015873015872,0.4289287177948693,0.8828671328671329,0.9090909090909091,99,7,0.800187360954111,0.0826797719130219,0.7887323943661971,0.4403943667938593,-0.011465648998989997,0.48893360160965793
2016,89591,VERANÓPOLIS,65,9,7.222222222222222,0.0,0.42698274441209394,0.9007936507936508,0.9047619047619048,63,5,0.8035060206572522,0.09728763013639863,0.8450704225352113,0.44617960717963945,-0.01919686276754551,0.4567404426559356
2016,89613,VIADUTOS,27,9,3.0,0.0,0.16043000164122767,0.6111111111111112,0.7407407407407407,27,4,0.7063289623256104,-0.09521785121449922,0.1720321931589537,0.2851896489882475,-0.12475964734701983,0.10462776659959759
2016,89630,VIAMÃO,330,21,15.714285714285714,0.08484848484848485,0.7169683890471843,0.9382031129603945,0.8940936863543788,491,12,0.9598275315808581,-0.021624418620463604,0.3722334004024145,0.75013671033123,-0.033168321284045676,0.3822937625754527
2016,89656,VICENTE DUTRA,33,9,3.6666666666666665,0.0,0.25220724321842036,0.6388888888888888,0.5581395348837209,43,4,0.7291875847744931,-0.09029869588560424,0.1851106639839034,0.3216041423038578,-0.06939689908543745,0.2535211267605634
2016,89672,PALMARES DO SUL,72,9,8.0,0.013888888888888888,0.3589301837634815,0.8606701940035273,0.825,80,5,0.8142896010204359,0.046380592983091384,0.6458752515090543,0.465135472952954,-0.10620528918947247,0.15090543259557343
2016,89699,VICTOR GRAEFF,24,9,2.6666666666666665,0.0,0.2265796551886794,0.7037037037037037,0.6938775510204082,49,3,0.6927552116044494,0.010948492099254303,0.5070422535211268,0.2639451313927531,-0.03736547620407371,0.37424547283702214
2016,89710,TAVARES,23,9,2.5555555555555554,0.0,0.2527310228715247,0.7857142857142857,0.6571428571428571,35,3,0.687824076915897,0.09789020879838872,0.8490945674044266,0.256294580377455,-0.0035635575059302926,0.5191146881287726
2016,89737,CAPÃO DO LEÃO,105,11,9.545454545454545,0.08571428571428572,0.5629649685428719,0.7224371373307544,0.7576687116564417,163,6,0.853016681900983,-0.13057954457022858,0.12474849094567404,0.5353262969994443,0.027638671543427584,0.6297786720321932
2016,89753,SALTO DO JACUÍ,51,9,5.666666666666667,0.09803921568627451,0.47106925550418444,0.671957671957672,0.7590361445783133,83,4,0.777465450306548,-0.10550777834887604,0.158953722334004,0.40137207065466063,0.06969718484952381,0.7686116700201208
2016,89770,COTIPORÃ,22,9,2.4444444444444446,0.0,0.11700074089297385,0.6239316239316239,0.4722222222222222,36,3,0.6826595005980215,-0.05872787666639756,0.24849094567404426,0.24831945599844993,-0.13131871510547607,0.08651911468812877
2016,98213,TEUTÔNIA,79,11,7.181818181818182,0.05063291139240506,0.28918515020798163,0.7927807486631017,0.8383838383838383,99,7,0.8239681316617498,-0.031187382998648094,0.35412474849094566,0.482359620124732,-0.19317446991675036,0.01609657947686117
2016,98230,BOM PRINCÍPIO,36,9,4.0,0.0,0.33241234356634397,0.6995884773662552,0.7941176470588235,68,5,0.7389864436403218,-0.039397966274066665,0.3118712273641851,0.33747027347218805,-0.005057929905844083,0.5150905432595574
2016,98256,PAROBÉ,184,15,12.266666666666667,0.0,0.5443319488603213,0.8662721893491124,0.9278846153846154,208,10,0.9074063665321667,-0.04113417718305423,0.3038229376257545,0.640289490897924,-0.09595754203760265,0.18309859154929578
2016,98272,FORTALEZA DOS VALOS,28,9,3.111111111111111,0.0,0.19938155843415006,0.672514619883041,0.8297872340425532,47,5,0.7104974109686949,-0.037982791085653944,0.323943661971831,0.2917694262708403,-0.09238786783669023,0.19114688128772636
2016,98299,JÓIA,41,9,4.555555555555555,0.0,0.42930461281215915,0.7118055555555556,0.75,44,4,0.7534972549448766,-0.041691699389321046,0.29979879275653926,0.36126177640051355,0.0680428364116456,0.7605633802816901
2020,84735,ÁUREA,38,9,4.222222222222222,0.0,0.2193800509288788,0.45593869731800774,0.7317073170731707,41,5,0.6780176010910932,-0.22207890377308548,0.04024144869215292,0.35796605635269796,-0.13858600542381916,0.08651911468812877
2020,84743,TRÊS ARROIOS,22,9,2.4444444444444446,0.0,0.2858450062295197,0.5384615384615385,0.4791666666666667,24,5,0.5950267240654713,-0.056565185603932755,0.28169014084507044,0.2485522281658991,0.03729277806362061,0.6881287726358148
2020,84751,NOVA ROMA DO SUL,25,9,2.7777777777777777,0.0,0.283123607687916,0.625,0.5816326530612245,49,3,0.6151045690260702,0.009895430973929753,0.5150905432595574,0.27512009153286454,0.00800351615505146,0.5754527162977867
2020,84760,PROGRESSO,32,9,3.5555555555555554,0.0,0.3489526713181661,0.5096618357487923,0.5568181818181818,44,4,0.6527457757558539,-0.1430839400070616,0.12072434607645875,0.3247664470232278,0.024186224294938274,0.6458752515090543
2020,84778,PIRAPÓ,19,9,2.111111111111111,0.0,0.3544216321193232,0.6277777777777778,0.7,45,2,0.5715414805883487,0.05623629718942902,0.6579476861167002,0.2174064894483833,0.1370151426709399,0.8853118712273642
2020,84786,JABOTICABA,22,9,2.4444444444444446,0.0,0.14216724204065967,0.6965811965811965,0.7444444444444445,45,2,0.5950267240654713,0.10155447251572525,0.8249496981891348,0.2485522281658991,-0.10638498612523942,0.14285714285714285
2020,84794,SÃO JORGE,20,9,2.2222222222222223,0.0,0.40947698547443845,0.696969696969697,0.6756756756756757,37,3,0.5798123528155054,0.11715734415419166,0.8651911468812877,0.22838332916292242,0.18109365631151603,0.9396378269617707
2020,84808,ALTO ALEGRE,25,9,2.7777777777777777,0.0,0.6961925210608246,0.6041666666666666,0.7317073170731707,41,4,0.6151045690260702,-0.010937902359403617,0.45271629778672035,0.27512009153286454,0.4210724295279601,1.0
2020,84816,NOVA HARTZ,70,9,7.777777777777778,0.0,0.47245866802102476,0.7759562841530054,0.8484848484848485,99,5,0.7611749746549671,0.014781309498038353,0.5271629778672032,0.46627408064608156,0.006184587374943207,0.5653923541247485
2020,84824,DOIS LAJEADOS,36,9,4.0,0.0,0.4942175553497956,0.6275720164609053,0.5760869565217391,46,4,0.6701517984833477,-0.04257978202244239,0.34004024144869216,0.347645027177696,0.1465725281720996,0.9054325955734407
2020,84832,SÃO DOMINGOS DO SUL,31,9,3.4444444444444446,0.0,0.2987674679924923,0.4595959595959596,0.5508474576271186,59,4,0.6479915064637857,-0.18839554686782606,0.05835010060362173,0.318508350182385,-0.019740882189892672,0.46680080482897385
2020,84840,TUNAS,22,9,2.4444444444444446,0.0,0.16028674577811075,0.6495726495726495,0.6395348837209303,43,3,0.5950267240654713,0.05454592550717818,0.647887323943662,0.2485522281658991,-0.08826548238778834,0.19919517102615694
2020,84859,SÃO JOÃO DA URTIGA,30,9,3.3333333333333335,0.0,0.23064653344366404,0.5767195767195767,0.5,22,6,0.6430539515866205,-0.06633437486704374,0.26458752515090544,0.3120050300532582,-0.08135849660959416,0.2152917505030181
2020,84867,GUABIJU,16,9,1.7777777777777777,0.0,0.07985586012637835,0.6587301587301587,0.7,20,3,0.5434320221812052,0.11529813654895349,0.8631790744466801,0.1800380245486417,-0.10018216442226335,0.16297786720321933
2020,84875,QUINZE DE NOVEMBRO,33,9,3.6666666666666665,0.0,0.2265294976528105,0.3472222222222222,0.38095238095238093,63,2,0.6573286260655639,-0.31010640384334165,0.008048289738430584,0.3307952902914104,-0.10426579263859992,0.1529175050301811
2020,84883,DOUTOR MAURÍCIO CARDOSO,20,9,2.2222222222222223,0.0,0.2502147933881176,0.3484848484848485,0.36486486486486486,37,3,0.5798123528155054,-0.23132750433065685,0.03621730382293763,0.22838332916292242,0.021831464225195163,0.6338028169014085
2020,84891,CAPELA DE SANTANA,46,9,5.111111111111111,0.043478260869565216,0.4728059221728973,0.6036036036036035,0.5666666666666667,75,3,0.7051694181672189,-0.10156581456361535,0.18712273641851107,0.39350088415103734,0.07930503802185995,0.7987927565392354
2020,84905,JAQUIRANA,41,9,4.555555555555555,0.0,0.5446413758361928,0.7430555555555556,0.7578125,64,3,0.6889374971590041,0.05411805839655148,0.6438631790744467,0.3722750919749616,0.17236628386123115,0.9255533199195171
2020,84913,VANINI,25,9,2.7777777777777777,0.0,0.24951080520885793,0.5381944444444444,0.6232876712328768,73,2,0.6151045690260702,-0.07691012458162583,0.23541247484909456,0.27512009153286454,-0.025609286324006608,0.44064386317907445
2020,84921,BOQUEIRÃO DO LEÃO,39,9,4.333333333333333,0.0,0.3099859602346504,0.7111111111111111,0.9375,64,4,0.6817683299758006,0.029342781135310525,0.5633802816901409,0.36288346096716917,-0.052897500732518754,0.32796780684104626
2020,84930,FAGUNDES VARELA,20,9,2.2222222222222223,0.0,0.3271555789829266,0.6262626262626263,0.7037037037037037,27,4,0.5798123528155054,0.04645027344712094,0.6197183098591549,0.22838332916292242,0.09877224982000415,0.8430583501006036
2020,84948,ÁGUA SANTA,23,9,2.5555555555555554,0.0,0.25569309976730814,0.46031746031746035,0.34146341463414637,41,4,0.6020519439086989,-0.14173448359123852,0.12474849094567404,0.25785471540746585,-0.0021616156401577102,0.5392354124748491
2020,84956,SILVEIRA MARTINS,25,9,2.7777777777777777,0.0,0.24819468612324447,0.6875,0.76,50,3,0.6151045690260702,0.07239543097392975,0.7263581488933601,0.27512009153286454,-0.026925405409620073,0.4305835010060362
2020,84964,IBIRAPUITÃ,44,9,4.888888888888889,0.0,0.38256668224767965,0.6936507936507936,0.6587301587301587,63,5,0.6989428631221675,-0.005292069471373839,0.46680080482897385,0.38536509514918377,-0.0027984129015041215,0.5352112676056338
2020,84972,IBARAMA,20,9,2.2222222222222223,0.0,0.2774432961087605,0.8585858585858586,0.8571428571428571,49,2,0.5798123528155054,0.2787735057703532,0.993963782696177,0.22838332916292242,0.049059966945838085,0.7203219315895373
2020,84980,PANTANO GRANDE,53,9,5.888888888888889,0.20754716981132076,0.6242628376226558,0.8535353535353535,0.7936507936507936,63,5,0.7246368537666403,0.12889849976871315,0.8812877263581489,0.41888305019454597,0.2053797874281098,0.9617706237424547
2020,84999,IPÊ,30,9,3.3333333333333335,0.0,0.28152778142834034,0.5925925925925926,0.5,46,3,0.6430539515866205,-0.05046135899402793,0.3058350100603622,0.3120050300532582,-0.030477248624917852,0.4104627766599598
2020,85006,TRINDADE DO SUL,36,9,4.0,0.0,0.3065226530851832,0.6213991769547326,0.7254901960784313,51,4,0.6701517984833477,-0.04875262152861515,0.31388329979879276,0.347645027177696,-0.04112237409251279,0.3682092555331992
2020,85014,AGUDO,61,9,6.777777777777778,0.0,0.3374775503365106,0.6837606837606838,0.7578947368421053,95,4,0.7433847968067664,-0.059624113046082616,0.27565392354124746,0.44324295269583636,-0.10576540235932574,0.1448692152917505
2020,85022,ERNESTINA,23,9,2.5555555555555554,0.0,0.16505436299279408,0.6547619047619048,0.6612903225806451,31,3,0.6020519439086989,0.052709960853205895,0.6338028169014085,0.25785471540746585,-0.09280035241467177,0.18309859154929578
2020,85030,AJURICABA,37,9,4.111111111111111,0.0,0.6964561903432689,0.8055555555555556,0.7727272727272727,44,6,0.6741477377536232,0.13140781780193234,0.8853118712273642,0.35288968628383066,0.3435665040594382,0.9899396378269618
2020,85049,DEZESSEIS DE NOVEMBRO,19,9,2.111111111111111,0.0,0.18872548767848496,0.6555555555555556,0.8571428571428571,28,3,0.5715414805883487,0.08401407496720681,0.7665995975855131,0.2174064894483833,-0.02868100176989835,0.41851106639839036
2020,85057,ALECRIM,22,9,2.4444444444444446,0.0,0.1961705171793644,0.5811965811965811,0.576271186440678,59,2,0.5950267240654713,-0.013830142868890172,0.4416498993963783,0.2485522281658991,-0.052381710986534685,0.3299798792756539
2020,85065,BROCHIER,31,9,3.4444444444444446,0.0,0.20998642225188435,0.7626262626262627,0.8709677419354839,62,3,0.6479915064637857,0.11463475616247698,0.8591549295774648,0.318508350182385,-0.10852192793050064,0.14084507042253522
2020,85073,ALEGRETE,118,15,7.866666666666666,0.01694915254237288,0.5419623315284894,0.7391585760517799,0.6773584905660377,265,5,0.8234730110806203,-0.0843144350288404,0.21327967806841047,0.5461337326745505,-0.004171401146061071,0.5271629778672032
2020,85081,EREBANGO,39,9,4.333333333333333,0.0,0.3950055627320994,0.46481481481481485,0.5432098765432098,81,3,0.6817683299758006,-0.21695351516098577,0.04225352112676056,0.36288346096716917,0.032122101764930244,0.6720321931589537
2020,85090,ALPESTRE,25,9,2.7777777777777777,0.0,0.2916795057919219,0.7291666666666667,0.75,72,2,0.6151045690260702,0.1140620976405965,0.8571428571428571,0.27512009153286454,0.01655941425905738,0.6177062374245473
2020,85103,ENTRE-IJUÍS,47,9,5.222222222222222,0.0,0.4642633265434908,0.7894736842105263,0.7666666666666667,90,4,0.7081618860842018,0.0813117981263245,0.7545271629778671,0.397407998736687,0.06685532780680381,0.7746478873239436
2020,85111,ALVORADA,328,17,19.294117647058822,0.2225609756097561,0.7181560487416727,0.9024021184036315,0.875968992248062,387,11,0.9207455152453513,-0.018343396841719817,0.4164989939637827,0.6668400887504773,0.051315959991195426,0.7323943661971831
2020,85120,NOVA ESPERANÇA DO SUL,38,9,4.222222222222222,0.0,0.3103797232662433,0.6628352490421455,0.5230769230769231,65,3,0.6780176010910932,-0.01518235204894769,0.4346076458752515,0.35796605635269796,-0.04758633308645466,0.34808853118712274
2020,85138,ANTA GORDA,23,9,2.5555555555555554,0.043478260869565216,0.4010636869368862,0.6666666666666666,0.7419354838709677,31,3,0.6020519439086989,0.06461472275796776,0.6830985915492958,0.25785471540746585,0.14320897152942036,0.89738430583501
2020,85146,PAVERAMA,66,9,7.333333333333333,0.0,0.45054606482905446,0.6335282651072125,0.7540983606557377,61,6,0.753637474086862,-0.1201092089796495,0.15694164989939638,0.45652661634684655,-0.005980551517792088,0.5110663983903421
2020,85154,ANTÔNIO PRADO,41,9,4.555555555555555,0.0,0.33191072940282695,0.6076388888888888,0.7166666666666667,60,4,0.6889374971590041,-0.08129860827011526,0.22334004024144868,0.3722750919749616,-0.04036436257213466,0.3722334004024145
2020,85162,TERRA DE AREIA,30,9,3.3333333333333335,0.13333333333333333,0.46472938458458035,0.6507936507936508,0.6923076923076923,65,2,0.6430539515866205,0.007739699207030326,0.5050301810865191,0.3120050300532582,0.15272435453132216,0.9074446680080482
2020,85170,ARATIBA,26,9,2.888888888888889,0.0,0.29059830157050404,0.7549019607843137,0.7545454545454545,55,3,0.621186508390692,0.1337154523936217,0.8913480885311871,0.28315657697773133,0.007441724592772703,0.5734406438631791
2020,85189,HARMONIA,23,9,2.5555555555555554,0.0,0.21334234237041327,0.6388888888888888,0.7375,40,3,0.6020519439086989,0.03683694498018997,0.5915492957746479,0.25785471540746585,-0.04451237303705258,0.3561368209255533
2020,85197,ARROIO DO MEIO,49,11,4.454545454545454,0.0,0.3800542290044371,0.9019138755980862,0.8362068965517241,116,3,0.7139230585146612,0.18799081708342502,0.9577464788732394,0.40492459035763406,-0.02487036135319698,0.448692152917505
2020,85200,CAMPOS BORGES,33,9,3.6666666666666665,0.0,0.1971709271066191,0.7638888888888888,0.8461538461538461,52,3,0.6573286260655639,0.10656026282332498,0.8430583501006036,0.3307952902914104,-0.13362436318479132,0.09054325955734406
2020,85219,ARROIO DOS RATOS,76,9,8.444444444444445,0.0,0.47449815397825446,0.8009950248756219,0.8387096774193549,93,5,0.7715362921576157,0.029458732718006253,0.5653923541247485,0.47964651508432266,-0.0051483611060682,0.5211267605633803
2020,85227,CERRO GRANDE,36,9,4.0,0.027777777777777776,0.09012365343999629,0.5123456790123457,0.5652173913043478,69,3,0.6701517984833477,-0.15780611947100198,0.096579476861167,0.347645027177696,-0.25752137373769973,0.002012072434607646
2020,85235,ARROIO DO TIGRE,39,9,4.333333333333333,0.02564102564102564,0.5036275872150129,0.8407407407407407,0.8918918918918919,74,4,0.6817683299758006,0.15897241076494006,0.93158953722334,0.36288346096716917,0.14074412624784371,0.8933601609657947
2020,85243,IPIRANGA DO SUL,27,9,3.0,0.0,0.24552031676782393,0.6882716049382717,0.8222222222222222,45,4,0.6270033373382171,0.06126826760005455,0.670020120724346,0.2908375956130629,-0.04531727884523895,0.352112676056338
2020,85251,ARROIO GRANDE,51,9,5.666666666666667,0.1568627450980392,0.5286301637736692,0.8783068783068783,0.9361702127659575,94,4,0.7194071089048852,0.15889976940199302,0.9295774647887324,0.41207276059329484,0.11655740318037439,0.8611670020120724
2020,85260,LAGOÃO,27,9,3.0,0.0,0.2664512458877064,0.7160493827160495,0.7142857142857143,35,4,0.6270033373382171,0.08904604537783234,0.7766599597585513,0.2908375956130629,-0.02438634972535647,0.45271629778672035
2020,85278,ARVOREZINHA,39,9,4.333333333333333,0.0,0.3007239987435084,0.8666666666666666,0.9315068493150684,73,4,0.6817683299758006,0.18489833669086597,0.9537223340040242,0.36288346096716917,-0.062159462223660755,0.2796780684104628
2020,85286,ESTAÇÃO,42,9,4.666666666666667,0.11904761904761904,0.31547194297416903,0.6632996632996633,0.7321428571428571,56,5,0.6923673211458298,-0.029067657846166495,0.386317907444668,0.3767645999533898,-0.06129265697922076,0.2837022132796781
2020,85294,AUGUSTO PESTANA,35,9,3.888888888888889,0.0,0.28608096211779555,0.7307692307692307,0.6857142857142857,35,5,0.6660222385410016,0.0647469922282291,0.6861167002012073,0.34222194205338247,-0.05614097993558692,0.31388329979879276
2020,85308,ARROIO DO SAL,70,9,7.777777777777778,0.0,0.3808183968043737,0.8816029143897997,0.9102564102564102,78,4,0.7611749746549671,0.12042793973483257,0.8712273641851107,0.46627408064608156,-0.08545568384170787,0.20925553319919518
2020,85316,BAGÉ,256,17,15.058823529411764,0.1015625,0.6780394399035028,0.918040856509968,0.8238805970149253,335,7,0.9002185171053849,0.01782233940458311,0.5331991951710262,0.6419811172175125,0.036058322685990296,0.6841046277665996
2020,85324,SÃO JOSÉ DO HORTÊNCIO,33,9,3.6666666666666665,0.0,0.26708502316848626,0.4583333333333333,0.30434782608695654,69,2,0.6573286260655639,-0.19899529273223054,0.05432595573440644,0.3307952902914104,-0.06371026712292416,0.27364185110663986
2020,85332,BARÃO DE COTEGIPE,40,9,4.444444444444445,0.175,0.5840098409413315,0.6093189964157706,0.6666666666666666,48,5,0.6854063244295987,-0.07608732801382811,0.23742454728370221,0.3676504938403468,0.21635934710098464,0.9678068410462777
2020,85340,PINHAL,23,9,2.5555555555555554,0.0,0.21065420245081934,0.7063492063492063,0.95,20,4,0.6020519439086989,0.10429726244050741,0.8370221327967807,0.25785471540746585,-0.04720051295664651,0.3501006036217304
2020,85359,BARRACÃO,23,9,2.5555555555555554,0.0,0.298729668714526,0.6507936507936508,0.6829268292682927,41,3,0.6020519439086989,0.04874170688495194,0.6237424547283702,0.25785471540746585,0.04087495330706015,0.6921529175050302
2020,85367,TRÊS CACHOEIRAS,29,9,3.2222222222222223,0.0,0.3964381674765989,0.6888888888888889,0.5238095238095238,63,2,0.6379200115585903,0.050968877330298534,0.6317907444668008,0.30523885155116004,0.09119931592543884,0.8269617706237424
2020,85375,BARRA DO RIBEIRO,120,9,13.333333333333334,0.225,0.647681431679217,0.8618618618618619,0.875,96,6,0.8253388112408088,0.0365230506210531,0.5875251509054326,0.548502777613663,0.09917865406555404,0.8450704225352113
2020,85383,SÃO VENDELINO,37,9,4.111111111111111,0.0,0.4421745789219693,0.636904761904762,0.7168674698795181,83,3,0.6741477377536232,-0.03724297584886127,0.358148893360161,0.35288968628383066,0.08928489263813866,0.8229376257545271
2020,85391,BARROS CASSAL,44,9,4.888888888888889,0.0,0.25845540138667267,0.7333333333333334,0.6707317073170732,82,4,0.6989428631221675,0.034390470211165924,0.579476861167002,0.38536509514918377,-0.1269096937625111,0.10865191146881288
2020,85405,PROTÁSIO ALVES,16,9,1.7777777777777777,0.0,0.3670819552255964,0.6428571428571429,0.5909090909090909,22,2,0.5434320221812052,0.09942512067593767,0.8108651911468813,0.1800380245486417,0.18704393067695468,0.9436619718309859
2020,85413,BENTO GONÇALVES,231,17,13.588235294117647,0.23809523809523808,0.6636338597727949,0.8774051676745465,0.8263888888888888,288,9,0.8911307079653628,-0.013725540290816296,0.44466800804828976,0.6308427722659324,0.03279108750686244,0.6740442655935613
2020,85421,POUSO NOVO,19,9,2.111111111111111,0.0,0.25449665448190806,0.6,0.7638888888888888,36,2,0.5715414805883487,0.02845851941165123,0.5593561368209256,0.2174064894483833,0.03709016503352475,0.6861167002012073
2020,85430,BOA VISTA DO BURICÁ,24,9,2.6666666666666665,0.0,0.36415945941289474,0.5407407407407407,0.6470588235294118,17,7,0.608734896333811,-0.0679941555930702,0.2595573440643863,0.2666976272456509,0.09746183216724386,0.8390342052313883
2020,85448,EUGÊNIO DE CASTRO,21,9,2.3333333333333335,0.0,0.2841420003356565,0.8518518518518519,0.8974358974358975,39,3,0.5876261712801885,0.2642256805716634,0.9919517102615694,0.23874551462326432,0.04539648571239219,0.704225352112676
2020,85456,BOM JESUS,35,9,3.888888888888889,0.0,0.4594769077217482,0.7435897435897435,0.734375,64,2,0.6660222385410016,0.07756750504874188,0.7404426559356136,0.34222194205338247,0.11725496566836574,0.8631790744466801
2020,85464,CRISTAL,52,9,5.777777777777778,0.0,0.3774254972104767,0.7286821705426356,0.7368421052631579,95,4,0.7220524509040286,0.0066297196386070345,0.4969818913480885,0.415518376020784,-0.03809287881030732,0.386317907444668
2020,85472,BOM RETIRO DO SUL,64,9,7.111111111111111,0.0625,0.47872737912594965,0.7919191919191919,0.868421052631579,76,6,0.749654635770107,0.042264556149084864,0.607645875251509,0.45136967753309726,0.02735770159285239,0.6579476861167002
2020,85480,SÃO MIGUEL DAS MISSÕES,35,9,3.888888888888889,0.0,0.5168381716229054,0.8504273504273504,0.7727272727272727,66,3,0.6660222385410016,0.18440511188634878,0.9517102615694165,0.34222194205338247,0.17461622956952288,0.9295774647887324
2020,85499,BOSSOROCA,38,9,4.222222222222222,0.05263157894736842,0.6103076206482532,0.5804597701149425,0.6846153846153846,65,5,0.6780176010910932,-0.09755783097615067,0.19114688128772636,0.35796605635269796,0.2523415642955552,0.9839034205231388
2020,85502,GLORINHA,55,9,6.111111111111111,0.18181818181818182,0.5829838312297595,0.6956521739130435,0.6933333333333334,75,5,0.7296324840627199,-0.033980310149676396,0.3641851106639839,0.42538247194114115,0.15760135928861835,0.9114688128772636
2020,85510,BRAGA,27,9,3.0,0.0,0.14958468292893845,0.7098765432098766,0.7142857142857143,42,4,0.6270033373382171,0.08287320587165947,0.7625754527162978,0.2908375956130629,-0.14125291268412443,0.08450704225352113
2020,85529,SEGREDO,18,9,2.0,0.0,0.3278806713983733,0.5987654320987654,0.6125,40,2,0.5627626614548721,0.036002770643893345,0.5835010060362174,0.20574617852264762,0.12213449287572567,0.869215291750503
2020,85537,BUTIÁ,98,9,10.88888888888889,0.0,0.5138721792927377,0.8476903870162297,0.7708333333333334,96,6,0.8022732123177465,0.045417174698483165,0.6177062374245473,0.5191141797140413,-0.0052420004213036275,0.5191146881287726
2020,85545,ALEGRIA,32,9,3.5555555555555554,0.0,0.1685279147497647,0.5942028985507246,0.5396825396825397,63,3,0.6527457757558539,-0.058542877205129296,0.2776659959758551,0.3247664470232278,-0.15623853227346313,0.056338028169014086
2020,85553,CAÇAPAVA DO SUL,77,11,7.0,0.0,0.5414412414693583,0.8512396694214877,0.8409090909090909,132,5,0.7731645465513574,0.0780751228701303,0.7464788732394366,0.48174502881676085,0.0596962126525975,0.7565392354124748
2020,85561,SALDANHA MARINHO,30,9,3.3333333333333335,0.0,0.1793378821830962,0.7513227513227513,0.7384615384615385,65,3,0.6430539515866205,0.1082687997361308,0.8450704225352113,0.3120050300532582,-0.13266714787016198,0.0925553319919517
2020,85570,CACEQUI,46,9,5.111111111111111,0.06521739130434782,0.5285863228194618,0.6906906906906907,0.7804878048780488,82,3,0.7051694181672189,-0.01447872747652823,0.43661971830985913,0.39350088415103734,0.13508543866842448,0.8812877263581489
2020,85588,SÃO JOSÉ DO HERVAL,30,9,3.3333333333333335,0.0,0.32083008406910185,0.5211640211640212,0.5263157894736842,38,4,0.6430539515866205,-0.12188993042259932,0.1529175050301811,0.3120050300532582,0.008825054015843659,0.5835010060362174
2020,85596,CACHOEIRA DO SUL,231,15,15.4,0.22510822510822512,0.7131495800961383,0.7433641975308642,0.6741379310344827,290,9,0.8911307079653628,-0.1477665104344985,0.11267605633802817,0.6308427722659324,0.08230680783020583,0.8108651911468813
2020,85600,VISTA ALEGRE,30,9,3.3333333333333335,0.0,0.41017382703698213,0.7328042328042328,0.71875,48,3,0.6430539515866205,0.0897502812176123,0.778672032193159,0.3120050300532582,0.09816879698372394,0.8410462776659959
2020,85618,CACHOEIRINHA,333,17,19.58823529411765,0.2042042042042042,0.6840076741806864,0.8636448250186151,0.8928571428571429,378,10,0.9219347205177911,-0.05828989549917607,0.2796780684104628,0.6682655925782238,0.0157420816024626,0.6156941649899397
2020,85626,IVORÁ,26,9,2.888888888888889,0.038461538461538464,0.40783015122532196,0.6339869281045751,0.6739130434782609,46,3,0.621186508390692,0.012800419713883127,0.5211267605633803,0.28315657697773133,0.12467357424759062,0.8712273641851107
2020,85634,CACIQUE DOBLE,22,9,2.4444444444444446,0.0,0.09625997075303827,0.6153846153846154,0.7428571428571429,35,3,0.5950267240654713,0.020357891319144117,0.5372233400402414,0.2485522281658991,-0.15229225741286082,0.06438631790744467
2020,85642,VILA MARIA,30,9,3.3333333333333335,0.0,0.1454561416466451,0.6137566137566137,0.7555555555555555,45,4,0.6430539515866205,-0.029297337830006764,0.3822937625754527,0.3120050300532582,-0.16654888840661308,0.04024144869215292
2020,85650,CAIBATÉ,20,9,2.2222222222222223,0.0,0.22307998920722127,0.8333333333333334,0.8333333333333334,27,4,0.5798123528155054,0.253520980517828,0.9899396378269618,0.22838332916292242,-0.005303339955701147,0.5171026156941649
2020,85669,TAQUARUÇU DO SUL,30,9,3.3333333333333335,0.03333333333333333,0.32563571370689903,0.6693121693121693,0.6515151515151515,33,5,0.6430539515866205,0.026258217725548816,0.5553319919517102,0.3120050300532582,0.01363068365364084,0.6016096579476862
2020,85677,CAIÇARA,38,9,4.222222222222222,0.0,0.1844379844412649,0.5306513409961686,0.6956521739130435,69,3,0.6780176010910932,-0.1473662600949246,0.11468812877263582,0.35796605635269796,-0.17352807191143305,0.03420523138832998
2020,85685,IMBÉ,74,9,8.222222222222221,0.13513513513513514,0.6144408133308354,0.7145299145299145,0.6421052631578947,95,4,0.7681985519976263,-0.05366863746771178,0.2937625754527163,0.4753422728161506,0.13909854051468484,0.8893360160965795
2020,85693,CAMAQUÃ,163,15,10.866666666666667,0.05521472392638037,0.530851602896601,0.9144144144144144,0.8791666666666667,240,8,0.8577901052880861,0.05662430912632832,0.6599597585513078,0.5894381451994599,-0.05858654230285887,0.3058350100603622
2020,85707,SEDE NOVA,28,9,3.111111111111111,0.0,0.1811326754286393,0.6052631578947368,0.6181818181818182,55,4,0.6325751798309591,-0.027312021936222286,0.39436619718309857,0.2981902785764915,-0.11705760314785219,0.13078470824949698
2020,85715,CAMBARÁ DO SUL,64,9,7.111111111111111,0.0,0.42456835777773927,0.808080808080808,0.8010752688172043,93,4,0.749654635770107,0.05842617231070091,0.6639839034205232,0.45136967753309726,-0.02680131975535799,0.43259557344064387
2020,85723,TUPANDI,31,9,3.4444444444444446,0.0,0.28354146498893895,0.6843434343434344,0.7340425531914894,47,4,0.6479915064637857,0.03635192787964869,0.5855130784708249,0.318508350182385,-0.03496688519344604,0.39436619718309857
2020,85731,CAMPINA DAS MISSÕES,33,9,3.6666666666666665,0.0,0.270604991050146,0.5208333333333334,0.8142857142857143,35,5,0.6573286260655639,-0.1364952927322305,0.13480885311871227,0.3307952902914104,-0.0601902992412644,0.2937625754527163
2020,85740,RIOZINHO,56,9,6.222222222222222,0.0,0.4792975777337989,0.549645390070922,0.48863636363636365,88,5,0.7320481936157502,-0.1824028035448283,0.07042253521126761,0.4285232129981351,0.05077436473566377,0.7283702213279678
2020,85758,CAMPINAS DO SUL,28,9,3.111111111111111,0.0,0.16885169669826627,0.5350877192982456,0.5,28,5,0.6325751798309591,-0.09748746053271351,0.193158953722334,0.2981902785764915,-0.12933858187822522,0.10663983903420524
2020,85766,RELVADO,18,9,2.0,0.0,0.37282813518761304,0.40740740740740744,0.7037037037037037,27,2,0.5627626614548721,-0.15535525404746464,0.1006036217303823,0.20574617852264762,0.16708195666496542,0.9175050301810865
2020,85774,CAMPO BOM,148,11,13.454545454545455,0.060810810810810814,0.5184105795048806,0.8480424684804246,0.8590604026845637,149,7,0.8478786291180174,0.00016383936240726982,0.482897384305835,0.5769931135268143,-0.058582534021933697,0.30784708249496984
2020,85782,IMIGRANTE,35,9,3.888888888888889,0.0,0.3167886666559676,0.6367521367521367,0.6103896103896104,77,3,0.6660222385410016,-0.02927010178886491,0.3843058350100604,0.34222194205338247,-0.025433275397414856,0.4426559356136821
2020,85790,CAMPO NOVO,41,9,4.555555555555555,0.0,0.3065362449428708,0.8645833333333334,0.8656716417910447,67,4,0.6889374971590041,0.17564583617432927,0.9436619718309859,0.3722750919749616,-0.06573884703209082,0.2635814889336016
2020,85804,CIDREIRA,91,9,10.11111111111111,0.02197802197802198,0.5874616983059961,0.8861788617886178,0.8367346938775511,98,4,0.7935170489308628,0.09266181285775499,0.7847082494969819,0.5079037638785855,0.07955793442741066,0.8008048289738431
2020,85812,CANDELÁRIA,84,13,6.461538461538462,0.011904761904761904,0.5483251818363437,0.8266522210184182,0.8433734939759037,166,5,0.7838710763185277,0.04278114469989047,0.6096579476861167,0.49552296899748455,0.052802212838859164,0.738430583501006
2020,85820,MONTAURI,17,9,1.8888888888888888,0.0,0.06300507221811835,0.4027777777777778,0.4166666666666667,6,3,0.5534162987465026,-0.15063852096872477,0.10462776659959759,0.19332177224020045,-0.1303167000220821,0.10261569416498995
2020,85839,CÂNDIDO GODÓI,30,9,3.3333333333333335,0.0,0.2252410755586025,0.5767195767195767,0.6842105263157895,76,2,0.6430539515866205,-0.06633437486704374,0.26458752515090544,0.3120050300532582,-0.08676395449465568,0.2052313883299799
2020,85847,VISTA GAÚCHA,22,9,2.4444444444444446,0.0,0.09130351126347036,0.6367521367521367,0.524390243902439,41,4,0.5950267240654713,0.04172541268666541,0.6046277665995976,0.2485522281658991,-0.15724871690242873,0.05432595573440644
2020,85855,CANELA,82,11,7.454545454545454,0.012195121951219513,0.4440643074101578,0.8866837387964148,0.8547297297297297,148,4,0.7809288920387047,0.10575484675771007,0.8390342052313883,0.49174041520051,-0.047676107790352196,0.3460764587525151
2020,85863,VISTA ALEGRE DO PRATA,23,9,2.5555555555555554,0.0,0.3924383271210745,0.5476190476190477,0.5714285714285714,49,3,0.6020519439086989,-0.0544328962896512,0.289738430583501,0.25785471540746585,0.13458361171360866,0.8792756539235412
2020,85871,CANGUÇU,142,15,9.466666666666667,0.04225352112676056,0.567212609449806,0.9267716535433072,0.8449781659388647,229,6,0.8435398383024901,0.08323181524081702,0.7645875251509054,0.5715284378916949,-0.004315828441888936,0.5251509054325956
2020,85880,CASEIROS,26,9,2.888888888888889,0.0,0.23952185277736016,0.7189542483660131,0.8,75,2,0.621186508390692,0.09776773997532107,0.806841046277666,0.28315657697773133,-0.04363472420037118,0.358148893360161
2020,85898,CANOAS,474,21,22.571428571428573,0.04852320675105485,0.6745830890198086,0.9616314516976768,0.9520426287744227,563,12,0.9475943848555543,0.01403706684212258,0.5231388329979879,0.6985179477063557,-0.0239348586865471,0.45472837022132795
2020,85901,ITACURUBI,32,9,3.5555555555555554,0.0,0.19504016457401918,0.6183574879227053,0.6521739130434783,69,3,0.6527457757558539,-0.03438828783314862,0.36217303822937624,0.3247664470232278,-0.12972628244920864,0.10462776659959759
2020,85910,CARAZINHO,134,13,10.307692307692308,0.29850746268656714,0.6453360049200563,0.7924348378893833,0.6928934010152284,197,6,0.8373701014108802,-0.044935263521496904,0.3319919517102616,0.5637411019721383,0.08159490294791794,0.8088531187122736
2020,85928,ENTRE RIOS DO SUL,32,9,3.5555555555555554,0.0,0.2268251297285102,0.4830917874396135,0.7931034482758621,58,4,0.6527457757558539,-0.1696539883162404,0.08651911468812877,0.3247664470232278,-0.09794131729471761,0.16700201207243462
2020,85936,CARLOS BARBOSA,69,11,6.2727272727272725,0.057971014492753624,0.5323329909458014,0.7938871473354232,0.8237410071942446,139,3,0.7593412986577762,0.034545848677646984,0.5814889336016097,0.4639042527537342,0.06842873819206724,0.7826961770623743
2020,85944,CERRO GRANDE DO SUL,66,9,7.333333333333333,0.0,0.5082257343599952,0.6364522417153996,0.5755813953488372,86,6,0.753637474086862,-0.11718523237146239,0.16498993963782696,0.45652661634684655,0.05169911801314864,0.7344064386317908
2020,85952,CASCA,41,9,4.555555555555555,0.0,0.3956431574142836,0.7986111111111112,0.8441558441558441,77,4,0.6889374971590041,0.10967361395210706,0.8470824949698189,0.3722750919749616,0.02336806543932196,0.6378269617706237
2020,85960,CAMARGO,24,9,2.6666666666666665,0.0,0.23936013133303646,0.47037037037037027,0.375,20,6,0.608734896333811,-0.13836452596344068,0.13078470824949698,0.2666976272456509,-0.027337495912614418,0.42655935613682094
2020,85979,CATUÍPE,28,9,3.111111111111111,0.0,0.26050763521491405,0.8070175438596492,0.8852459016393442,61,3,0.6325751798309591,0.17444236402869007,0.9416498993963782,0.2981902785764915,-0.03768264336157745,0.38832997987927564
2020,85987,PARAÍSO DO SUL,41,9,4.555555555555555,0.0,0.2617338636191362,0.7708333333333334,0.85,70,4,0.6889374971590041,0.08189583617432927,0.7605633802816901,0.3722750919749616,-0.11054122835582542,0.13883299798792756
2020,85995,CAXIAS DO SUL,488,23,21.217391304347824,0.2520491803278688,0.6742722228519653,0.9170172978027116,0.9076271186440678,590,12,0.9495304514313929,-0.032513153628681346,0.3682092555331992,0.7007536653800123,-0.02648144252804696,0.43661971830985913
2020,86010,CERRO LARGO,44,9,4.888888888888889,0.0,0.3865615353048506,0.7063492063492064,0.7202380952380952,84,4,0.6989428631221675,0.007406343227038925,0.5010060362173038,0.38536509514918377,0.0011964401556668336,0.5553319919517102
2020,86029,FAXINALZINHO,24,9,2.6666666666666665,0.0,0.19074217269350302,0.5555555555555556,0.4482758620689655,29,5,0.608734896333811,-0.05317934077825537,0.2987927565392354,0.2666976272456509,-0.07595545455214786,0.23340040241448692
2020,86037,CHAPADA,42,9,4.666666666666667,0.0,0.2858063432183877,0.6919191919191919,0.725,60,5,0.6923673211458298,-0.00044812922663783894,0.48088531187122735,0.3767645999533898,-0.09095825673500207,0.1891348088531187
2020,86045,AMARAL FERRADOR,55,9,6.111111111111111,0.01818181818181818,0.2570764235011611,0.9094202898550725,0.8732394366197183,71,4,0.7296324840627199,0.17978780579235265,0.9456740442655935,0.42538247194114115,-0.16830604843998004,0.03822937625754527
2020,86053,CHIAPETTA,35,9,3.888888888888889,0.0,0.16784211235043012,0.5854700854700855,0.6338028169014085,71,3,0.6660222385410016,-0.08055215307091612,0.22736418511066397,0.34222194205338247,-0.17437982970295235,0.03219315895372234
2020,86061,VILA FLORES,27,9,3.0,0.037037037037037035,0.33204963632264195,0.7808641975308642,0.788135593220339,59,3,0.6270033373382171,0.1538608601926471,0.9215291750503019,0.2908375956130629,0.04121204070957907,0.6941649899396378
2020,86070,CIRÍACO,31,9,3.4444444444444446,0.0,0.2159770186000607,0.6161616161616161,0.6590909090909091,44,4,0.6479915064637857,-0.03182989030216954,0.3722334004024145,0.318508350182385,-0.1025313315823243,0.15694164989939638
2020,86088,CERRO BRANCO,23,9,2.5555555555555554,0.0,0.31471539724442854,0.6349206349206349,0.6222222222222222,45,2,0.6020519439086989,0.03286869101193601,0.5734406438631791,0.25785471540746585,0.05686068183696269,0.7464788732394366
2020,86096,COLORADO,35,9,3.888888888888889,0.0,0.2998838125340759,0.3782051282051282,0.2846153846153846,65,4,0.6660222385410016,-0.2878171103358734,0.01609657947686117,0.34222194205338247,-0.042338129519306544,0.3641851106639839
2020,86100,ANDRÉ DA ROCHA,21,9,2.3333333333333335,0.0,0.13436549882279425,0.8055555555555556,0.8333333333333334,36,3,0.5876261712801885,0.21792938427536712,0.9778672032193159,0.23874551462326432,-0.10438001580047007,0.15090543259557343
2020,86118,CONDOR,55,9,6.111111111111111,0.01818181818181818,0.44629705224809446,0.7258454106280193,0.8370786516853933,89,4,0.7296324840627199,-0.0037870734347005275,0.47484909456740443,0.42538247194114115,0.020914580306953312,0.6297786720321932
2020,86126,POÇO DAS ANTAS,24,9,2.6666666666666665,0.0,0.26759057003759,0.6962962962962963,0.7142857142857143,21,6,0.608734896333811,0.08756139996248535,0.7746478873239436,0.2666976272456509,0.0008929427919391331,0.5533199195171026
2020,86134,CONSTANTINA,33,9,3.6666666666666665,0.0,0.2547812504712712,0.8240740740740741,0.7142857142857143,35,5,0.6573286260655639,0.1667454480085102,0.9396378269617707,0.3307952902914104,-0.07601403982013921,0.23138832997987926
2020,86142,TRÊS PALMEIRAS,29,9,3.2222222222222223,0.0,0.24650729820877593,0.6055555555555555,0.7090909090909091,55,3,0.6379200115585903,-0.032364456003034836,0.3702213279678068,0.30523885155116004,-0.05873155334238411,0.3038229376257545
2020,86150,CORONEL BICACO,26,9,2.888888888888889,0.11538461538461539,0.4996632558251517,0.7843137254901961,0.8888888888888888,72,2,0.621186508390692,0.16312721709950406,0.937625754527163,0.28315657697773133,0.21650667884742036,0.9698189134808853
2020,86169,NOVA ALVORADA,21,9,2.3333333333333335,0.0,0.06335369091393916,0.4027777777777778,0.5384615384615384,39,3,0.5876261712801885,-0.18484839350241067,0.06237424547283702,0.23874551462326432,-0.17539182370932516,0.030181086519114688
2020,86177,CRISSIUMAL,74,9,8.222222222222221,0.0,0.2701342977297989,0.7230769230769231,0.7627118644067796,59,5,0.7681985519976263,-0.04512162892070326,0.3299798792756539,0.4753422728161506,-0.2052079750863517,0.01006036217303823
2020,86185,MORRO REDONDO,49,9,5.444444444444445,0.0,0.33380606500687526,0.7777777777777777,0.5694444444444444,72,5,0.7139230585146612,0.06385471926311648,0.6800804828973843,0.40492459035763406,-0.0711185253507588,0.24949698189134809
2020,86193,CRUZ ALTA,248,15,16.533333333333335,0.125,0.6848671881898942,0.9198855507868384,0.8044444444444444,225,7,0.8974467622391664,0.022438788547672006,0.5412474849094567,0.6385917219747227,0.046275466215171535,0.7082494969818913
2020,86207,SANTA MARIA DO HERVAL,34,9,3.7777777777777777,0.0,0.30849486245826996,0.5222222222222221,0.6463414634146342,41,5,0.6617508391398754,-0.13952861691765328,0.12877263581488935,0.33660938483245845,-0.02811452237418849,0.42052313883299797
2020,86215,CRUZEIRO DO SUL,57,9,6.333333333333333,0.0,0.5322592606278296,0.6516203703703703,0.6488095238095238,84,5,0.7344119479133073,-0.08279157754293698,0.21730382293762576,0.4315950262199668,0.10066423440786276,0.8490945674044266
2020,86223,BARÃO,28,9,3.111111111111111,0.0,0.22274126544262685,0.5789473684210527,0.7111111111111111,45,4,0.6325751798309591,-0.05362781140990647,0.29577464788732394,0.2981902785764915,-0.07544901313386465,0.23541247484909456
2020,86231,DAVID CANABARRO,20,9,2.2222222222222223,0.0,0.18577571832474193,0.2777777777777778,0.41379310344827586,29,3,0.5798123528155054,-0.30203457503772757,0.012072434607645875,0.22838332916292242,-0.04260761083818049,0.36217303822937624
2020,86240,ELDORADO DO SUL,79,9,8.777777777777779,0.16455696202531644,0.6804539123185038,0.9761904761904763,0.9318181818181818,88,3,0.7763435873257056,0.19984688886477064,0.971830985915493,0.4858398494056266,0.19461406291287725,0.9577464788732394
2020,86258,DOIS IRMÃOS,70,9,7.777777777777778,0.11428571428571428,0.6408561870672784,0.7340619307832422,0.7368421052631579,76,5,0.7611749746549671,-0.027113043871724862,0.3963782696177062,0.46627408064608156,0.17458210642119687,0.9275653923541247
2020,86274,DOM FELICIANO,57,9,6.333333333333333,0.08771929824561403,0.4127186571749599,0.837962962962963,0.8,95,4,0.7344119479133073,0.10355101504965569,0.8309859154929577,0.4315950262199668,-0.01887636904500689,0.4708249496981891
2020,86282,ALTO FELIZ,45,9,5.0,0.0,0.37125520335632656,0.5617283950617284,0.6774193548387096,62,5,0.7020976825169405,-0.14036928745521204,0.1267605633802817,0.38948828756240644,-0.018233084206079886,0.47484909456740443
2020,86290,DOM PEDRITO,88,13,6.769230769230769,0.045454545454545456,0.48526602774729666,0.9025641025641026,0.8522727272727273,176,5,0.7895009897127258,0.11306311285137682,0.8551307847082495,0.5027529307544516,-0.01748690300715494,0.4768611670020121
2020,86304,AMETISTA DO SUL,35,9,3.888888888888889,0.0,0.19970171078410615,0.7051282051282051,0.7333333333333333,45,5,0.6660222385410016,0.039105966587203445,0.5995975855130785,0.34222194205338247,-0.14252023126927632,0.08048289738430583
2020,86312,DONA FRANCISCA,30,9,3.3333333333333335,0.0,0.2509085573388261,0.7804232804232805,0.8018867924528302,53,3,0.6430539515866205,0.13736932883665998,0.89738430583501,0.3120050300532582,-0.06109647271443208,0.28772635814889336
2020,86320,ARAMBARÉ,57,9,6.333333333333333,0.08771929824561403,0.5145898311913766,0.5902777777777778,0.6027397260273972,73,5,0.7344119479133073,-0.14413417013552954,0.11871227364185111,0.4315950262199668,0.08299480497140976,0.8148893360160966
2020,86339,ENCANTADO,58,11,5.2727272727272725,0.0,0.453186491356353,0.8549323017408124,0.8636363636363636,110,4,0.7367256918234121,0.11820660991740028,0.869215291750503,0.4346005107209738,0.01858598063537925,0.6237424547283702
2020,86347,BARÃO DO TRIUNFO,49,9,5.444444444444445,0.0,0.24453703105978475,0.7916666666666666,0.7758620689655172,58,6,0.7139230585146612,0.07774360815200543,0.744466800804829,0.40492459035763406,-0.1603875592978493,0.05030181086519115
2020,86355,ENCRUZILHADA DO SUL,99,11,9.0,0.04040404040404041,0.6380217712014173,0.878099173553719,0.8832116788321168,137,5,0.8034596286579645,0.07463954489575453,0.7323943661971831,0.5206309703892888,0.11739080081212849,0.8651911468812877
2020,86363,BARRA DO GUARITA,25,9,2.7777777777777777,0.0,0.1996751396962959,0.6597222222222222,0.6,70,2,0.6151045690260702,0.04461765319615196,0.6146881287726358,0.27512009153286454,-0.07544495183656863,0.23742454728370221
2020,86371,ERECHIM,258,17,15.176470588235293,0.007751937984496124,0.5548699361009259,0.930680986087381,0.8827160493827161,324,9,0.9008930017716374,0.029787984315743588,0.5674044265593562,0.6428048257147086,-0.08793488961378271,0.2012072434607646
2020,86380,BARRA DO RIO AZUL,12,9,1.3333333333333333,0.0,0.07588067412453392,0.44444444444444453,0.4444444444444444,27,1,0.4951504371097083,-0.050705992665263766,0.3038229376257545,0.11564683939210578,-0.03976616526757186,0.37424547283702214
2020,86398,HERVAL,53,9,5.888888888888889,0.0,0.4955284274974858,0.8257575757575758,0.75,72,4,0.7246368537666403,0.10112072199093547,0.8229376257545271,0.41888305019454597,0.07664537730293985,0.7947686116700201
2020,86401,BARRA FUNDA,27,9,3.0,0.0,0.2162936742636108,0.42592592592592593,0.631578947368421,57,2,0.6270033373382171,-0.20107741141229118,0.052313883299798795,0.2908375956130629,-0.07454392134945209,0.24346076458752516
2020,86410,ERVAL GRANDE,34,9,3.7777777777777777,0.0,0.27715998085877547,0.5688888888888889,0.6756756756756757,37,5,0.6617508391398754,-0.09286195025098654,0.20321931589537223,0.33660938483245845,-0.05944940397368298,0.2977867203219316
2020,86428,BOA VISTA DAS MISSÕES,21,9,2.3333333333333335,0.0,0.23529777712540967,0.8148148148148148,0.9230769230769231,26,4,0.5876261712801885,0.2271886435346263,0.9818913480885312,0.23874551462326432,-0.0034477374978546527,0.5331991951710262
2020,86436,ERVAL SECO,35,9,3.888888888888889,0.0,0.35438555910133895,0.7435897435897436,0.8484848484848485,66,3,0.6660222385410016,0.07756750504874199,0.7424547283702213,0.34222194205338247,0.012163617047956488,0.5975855130784709
2020,86444,BOM PROGRESSO,37,9,4.111111111111111,0.0,0.2742799810504024,0.7440476190476191,0.7741935483870968,62,4,0.6741477377536232,0.06989988129399582,0.7082494969818913,0.35288968628383066,-0.07860970523342825,0.22535211267605634
2020,86452,ESMERALDA,35,9,3.888888888888889,0.0,0.13297537612353816,0.6431623931623931,0.5454545454545454,66,3,0.6660222385410016,-0.022859845378608523,0.40643863179074446,0.34222194205338247,-0.2092465659298443,0.006036217303822937
2020,86460,CAMPESTRE DA SERRA,23,9,2.5555555555555554,0.0,0.16207249203923735,0.42857142857142855,0.5098039215686274,51,2,0.6020519439086989,-0.17348051533727032,0.079476861167002,0.25785471540746585,-0.0957822233682285,0.17706237424547283
2020,86479,ESPUMOSO,35,9,3.888888888888889,0.0,0.42812332883102844,0.8226495726495726,0.6739130434782609,69,3,0.6660222385410016,0.156627334108571,0.9255533199195171,0.34222194205338247,0.08590138677764597,0.8189134808853119
2020,86487,CANDIOTA,76,9,8.444444444444445,0.06578947368421052,0.48680173565619533,0.5887230514096186,0.5445544554455446,101,5,0.7715362921576157,-0.1828132407479971,0.06438631790744467,0.47964651508432266,0.007155220571872678,0.5694164989939637
2020,86495,ESTÂNCIA VELHA,100,9,11.11111111111111,0.03,0.5156629742038421,0.7997557997557998,0.7115384615384616,104,5,0.8046309980634009,-0.004875198307601081,0.4708249496981891,0.5221280041316597,-0.0064650299278176115,0.5090543259557344
2020,86509,CAPITÃO,23,9,2.5555555555555554,0.0,0.19512039802421222,0.5238095238095238,0.5645161290322581,31,4,0.6020519439086989,-0.07824242009917504,0.23138832997987926,0.25785471540746585,-0.06273431738325363,0.2776659959758551
2020,86517,ESTEIO,168,10,16.8,0.02976190476190476,0.5949116627663629,0.9582278481012658,0.9224806201550387,129,6,0.8608317441428099,0.09739610395845588,0.8008048289738431,0.5932459922628868,0.0016656705034761021,0.5593561368209256
2020,86525,CARLOS GOMES,22,9,2.4444444444444446,0.0,0.09499013014466406,0.47008547008547,0.6885245901639344,61,2,0.5950267240654713,-0.12494125398000128,0.1448692152917505,0.2485522281658991,-0.15356209802123502,0.06237424547283702
2020,86533,ESTRELA,158,13,12.153846153846153,0.08227848101265822,0.551174936132319,0.8111405835543767,0.7891566265060241,166,8,0.8546235222208437,-0.04348293866646702,0.3380281690140845,0.5854681285364124,-0.03429319240409334,0.3983903420523139
2020,86541,CENTENÁRIO,22,9,2.4444444444444446,0.0,0.2988394938115626,0.6581196581196581,0.631578947368421,57,2,0.5950267240654713,0.06309293405418681,0.676056338028169,0.2485522281658991,0.05028726564566352,0.7263581488933601
2020,86550,FARROUPILHA,189,15,12.6,0.026455026455026454,0.4643687646957684,0.8302681992337165,0.8278388278388278,273,7,0.8724133341471435,-0.042145134913426974,0.3420523138832998,0.6076925699796468,-0.14332380528387845,0.07847082494969819
2020,86568,CHARRUA,20,9,2.2222222222222223,0.0,0.16158576137112712,0.6717171717171717,0.7432432432432432,37,3,0.5798123528155054,0.09190481890166635,0.7826961770623743,0.22838332916292242,-0.0667975677917953,0.2595573440643863
2020,86576,FAXINAL DO SOTURNO,35,9,3.888888888888889,0.0,0.3414822050442208,0.7628205128205128,0.7844827586206896,58,4,0.6660222385410016,0.09679827427951115,0.7967806841046278,0.34222194205338247,-0.0007397370091616895,0.545271629778672
2020,86584,COLINAS,30,9,3.3333333333333335,0.0,0.45785264590777586,0.3253968253968254,0.3790322580645161,62,3,0.6430539515866205,-0.3176571261897951,0.006036217303822937,0.3120050300532582,0.14584761585451766,0.8993963782696177
2020,86592,FELIZ,44,9,4.888888888888889,0.0,0.4279615634668643,0.8095238095238095,0.8125,80,4,0.6989428631221675,0.11058094640164207,0.8490945674044266,0.38536509514918377,0.04259646831768055,0.6961770623742455
2020,86606,COQUEIROS DO SUL,22,9,2.4444444444444446,0.0,0.08337107373972219,0.45299145299145294,0.5409836065573771,61,2,0.5950267240654713,-0.14203527107401837,0.1227364185110664,0.2485522281658991,-0.1651811544261769,0.04426559356136821
2020,86614,FLORES DA CUNHA,105,9,11.666666666666666,0.02857142857142857,0.5162607267262425,0.6886574074074074,0.7087378640776699,103,5,0.8102732814699263,-0.12161587406251884,0.15492957746478872,0.5293315797931832,-0.01307085306694078,0.48893360160965793
2020,86622,CORONEL BARROS,32,9,3.5555555555555554,0.0,0.3853032544378696,0.6908212560386473,0.6290322580645161,62,3,0.6527457757558539,0.038075480282793395,0.5955734406438632,0.3247664470232278,0.06053680741464179,0.7605633802816901
2020,86630,FONTOURA XAVIER,52,9,5.777777777777778,0.0,0.40338108968053965,0.6149870801033592,0.5789473684210527,76,4,0.7220524509040286,-0.10706537080066936,0.1750503018108652,0.415518376020784,-0.012137286340244358,0.4909456740442656
2020,86649,COXILHA,34,9,3.7777777777777777,0.0,0.15240993606944953,0.7622222222222222,0.6754385964912281,57,4,0.6617508391398754,0.10047138308234682,0.8169014084507042,0.33660938483245845,-0.18419944876300892,0.026156941649899398
2020,86657,FORMIGUEIRO,39,9,4.333333333333333,0.0,0.2626789525931932,0.737037037037037,0.7402597402597403,77,3,0.6817683299758006,0.05526870706123643,0.6539235412474849,0.36288346096716917,-0.10020450837397599,0.16096579476861167
2020,86665,DERRUBADAS,21,9,2.3333333333333335,0.0,0.29046474259412336,0.3425925925925926,0.5303030303030303,33,2,0.5876261712801885,-0.24503357868759584,0.03219315895372234,0.23874551462326432,0.05171922797085904,0.7364185110663984
2020,86673,FREDERICO WESTPHALEN,58,11,5.2727272727272725,0.0,0.5151182636005276,0.8336557059961316,0.7796610169491526,118,4,0.7367256918234121,0.09693001417271951,0.7987927565392354,0.4346005107209738,0.08051775287955382,0.8048289738430584
2020,86681,DOIS IRMÃOS DAS MISSÕES,23,9,2.5555555555555554,0.0,0.25232724972310283,0.8174603174603174,0.8095238095238095,21,5,0.6020519439086989,0.21540837355161857,0.9758551307847082,0.25785471540746585,-0.00552746568436302,0.5150905432595574
2020,86690,GARIBALDI,64,9,7.111111111111111,0.140625,0.4265952352825131,0.5737373737373738,0.5280898876404494,89,3,0.749654635770107,-0.17591726203273328,0.0744466800804829,0.45136967753309726,-0.024774442250584172,0.4507042253521127
2020,86703,ENGENHO VELHO,16,9,1.7777777777777777,0.0,0.11990033738790729,0.5634920634920635,0.5666666666666667,15,5,0.5434320221812052,0.020060041310858256,0.5352112676056338,0.1800380245486417,-0.06013768716073442,0.29577464788732394
2020,86711,GAURAMA,23,9,2.5555555555555554,0.0,0.17974610859960327,0.6666666666666666,0.5625,32,5,0.6020519439086989,0.06461472275796776,0.6830985915492958,0.25785471540746585,-0.07810860680786258,0.22736418511066397
2020,86720,GARRUCHOS,19,9,2.111111111111111,0.0,0.22715436113299448,0.6722222222222222,0.6555555555555556,45,2,0.5715414805883487,0.10068074163387342,0.8189134808853119,0.2174064894483833,0.009747871684611165,0.5855130784708249
2020,86738,GENERAL CÂMARA,66,9,7.333333333333333,0.045454545454545456,0.476317508966561,0.9103313840155945,0.8918918918918919,74,3,0.753637474086862,0.15669390992873256,0.9275653923541247,0.45652661634684655,0.01979089261971445,0.6257545271629779
2020,86746,GENTIL,29,9,3.2222222222222223,0.0,0.2721382079644252,0.3388888888888889,0.3953488372093023,43,4,0.6379200115585903,-0.29903112266970144,0.014084507042253521,0.30523885155116004,-0.03310064358673481,0.40040241448692154
2020,86754,SÃO VICENTE DO SUL,45,9,5.0,0.022222222222222223,0.547873436408916,0.7962962962962963,0.8356164383561644,73,5,0.7020976825169405,0.09419861377935579,0.7867203219315896,0.38948828756240644,0.1583851488465095,0.9134808853118712
2020,86762,GRAMADO DOS LOUREIROS,26,9,2.888888888888889,0.0,0.07476649965567805,0.7810457516339868,0.7777777777777778,36,4,0.621186508390692,0.1598592432432948,0.9356136820925554,0.28315657697773133,-0.20839007732205328,0.008048289738430584
2020,86770,GETÚLIO VARGAS,56,9,6.222222222222222,0.0,0.5179695184681556,0.5756501182033097,0.608433734939759,83,3,0.7320481936157502,-0.15639807541244055,0.09859154929577464,0.4285232129981351,0.08944630547002053,0.8249496981891348
2020,86789,GRAMADO XAVIER,62,9,6.888888888888889,0.03225806451612903,0.3444809182617574,0.6771488469601676,0.8809523809523809,63,7,0.7455159775731266,-0.06836713061295896,0.2535211267605634,0.44600646983210723,-0.10152555157034981,0.158953722334004
2020,86797,GIRUÁ,68,11,6.181818181818182,0.0,0.4247259766882254,0.9409888357256777,0.9158878504672897,107,5,0.7574745412147156,0.18351429451096213,0.9496981891348089,0.4614906897582128,-0.036764713069987354,0.3903420523138833
2020,86800,HULHA NEGRA,47,9,5.222222222222222,0.2978723404255319,0.565435599105234,0.6418128654970761,0.7134831460674157,89,4,0.7081618860842018,-0.06634902058712577,0.26156941649899396,0.397407998736687,0.16802760036854703,0.9215291750503019
2020,86819,GRAMADO,98,9,10.88888888888889,0.030612244897959183,0.5151891657878438,0.8863920099875156,0.8409090909090909,88,4,0.8022732123177465,0.08411879766976904,0.7686116700201208,0.5191141797140413,-0.003925013926197485,0.5291750503018109
2020,86827,INHACORÁ,12,9,1.3333333333333333,0.0,0.28354443941810925,0.7777777777777778,0.5,4,3,0.4951504371097083,0.2826273406680695,0.9959758551307847,0.11564683939210578,0.16789760002600346,0.9195171026156942
2020,86835,GRAVATAÍ,419,21,19.952380952380953,0.13365155131264916,0.7000463386796116,0.9111031347212252,0.8581314878892734,578,9,0.9390873750773452,-0.027984240356120016,0.39235412474849096,0.6886076628802038,0.011438675799407827,0.5955734406438632
2020,86843,ITAPUCA,24,9,2.6666666666666665,0.0,0.4004485239285873,0.5555555555555556,0.58,25,3,0.608734896333811,-0.05317934077825537,0.2987927565392354,0.2666976272456509,0.13375089668293644,0.8772635814889336
2020,86851,GUAÍBA,345,17,20.294117647058822,0.336231884057971,0.7852919907074989,0.9404591104734576,0.9584487534626038,361,10,0.924688730781211,0.015770379692246594,0.5291750503018109,0.6715598760188246,0.11373211468867428,0.8571428571428571
2020,86860,LAJEADO DO BUGRE,29,9,3.2222222222222223,0.0,0.2802237541863162,0.7388888888888888,0.75,52,4,0.6379200115585903,0.10096887733029847,0.8209255533199196,0.30523885155116004,-0.025015097364843863,0.44668008048289737
2020,86878,GUAPORÉ,54,11,4.909090909090909,0.0,0.29162887377363966,0.5687103594080338,0.6666666666666666,108,5,0.7271627629030604,-0.15845240349502654,0.09456740442655935,0.42217005429891474,-0.13054118052527508,0.1006036217303823
2020,86886,LAGOA DOS TRÊS CANTOS,26,9,2.888888888888889,0.0,0.3627511246472377,0.4444444444444445,0.3728813559322034,59,2,0.621186508390692,-0.17674206394624753,0.07243460764587525,0.28315657697773133,0.07959454766950635,0.8028169014084507
2020,86894,GUARANI DAS MISSÕES,47,9,5.222222222222222,0.0,0.3434674906813624,0.8596491228070176,0.8333333333333334,72,5,0.7081618860842018,0.15148723672281572,0.9195171026156942,0.397407998736687,-0.053940508055324576,0.3199195171026157
2020,86908,LINDOLFO COLLOR,65,9,7.222222222222222,0.12307692307692308,0.5725908025681838,0.37103174603174593,0.5342465753424658,73,5,0.751664881667296,-0.38063313563555,0.004024144869215292,0.453973062415198,0.11861774015298582,0.8672032193158954
2020,86916,HORIZONTINA,71,9,7.888888888888889,0.014084507042253521,0.46996319468532466,0.878136200716846,0.9213483146067416,89,5,0.7629765862979537,0.11515961441889222,0.8611670020120724,0.4686015287862362,0.0013616658990884822,0.5573440643863179
2020,86924,LINHA NOVA,20,9,2.2222222222222223,0.0,0.2632443835368672,0.712121212121212,0.7631578947368421,19,5,0.5798123528155054,0.13230885930570668,0.8893360160965795,0.22838332916292242,0.034861054373944766,0.6800804828973843
2020,86932,CHARQUEADAS,197,13,15.153846153846153,0.07106598984771574,0.5479523709603624,0.9473244147157192,0.943127962085308,211,9,0.8763851317730904,0.07093928294262875,0.7142857142857143,0.6126265154293157,-0.06467414446895325,0.2676056338028169
2020,86940,MANOEL VIANA,42,9,4.666666666666667,0.0,0.344443599792023,0.8821548821548821,0.8732394366197183,71,4,0.6923673211458298,0.18978756100905236,0.959758551307847,0.3767645999533898,-0.0323210001613668,0.4044265593561368
2020,86959,HUMAITÁ,35,9,3.888888888888889,0.14285714285714285,0.35693112982991226,0.6688034188034189,0.6953125,64,3,0.6660222385410016,0.002781180262417249,0.48893360160965793,0.34222194205338247,0.014709187776529797,0.6116700201207244
2020,86967,MAQUINÉ,45,9,5.0,0.0,0.3281912114805423,0.6003086419753086,0.7670454545454546,88,3,0.7020976825169405,-0.10178904054163185,0.1851106639839034,0.38948828756240644,-0.06129707608186413,0.28169014084507044
2020,86975,IBIAÇÁ,27,9,3.0,0.0,0.12564977736367622,0.654320987654321,0.7037037037037037,54,3,0.6270033373382171,0.027317650316103892,0.5573440643863179,0.2908375956130629,-0.16518781824938666,0.04225352112676056
2020,86983,MARATÁ,26,9,2.888888888888889,0.11538461538461539,0.2976346809770982,0.6895424836601307,0.6515151515151515,33,4,0.621186508390692,0.0683559752694387,0.6971830985915493,0.28315657697773133,0.014478103999366887,0.6096579476861167
2020,86991,IBIRAIARAS,36,9,4.0,0.0,0.269854337461773,0.6460905349794239,0.6533333333333333,75,3,0.6701517984833477,-0.02406126350392379,0.3983903420523139,0.347645027177696,-0.07779068971592301,0.22937625754527163
2020,87009,MARIANA PIMENTEL,49,9,5.444444444444445,0.30612244897959184,0.5983035034624713,0.42916666666666664,0.60625,80,4,0.7139230585146612,-0.28475639184799456,0.02012072434607646,0.40492459035763406,0.19337891310483724,0.9537223340040242
2020,87017,IBIRUBÁ,86,11,7.818181818181818,0.011627906976744186,0.48937076986140293,0.8684848484848485,0.8777777777777778,90,5,0.7867270015235107,0.08175784696133781,0.7585513078470825,0.49919189345900883,-0.009821123597605896,0.4969818913480885
2020,87025,MATO CASTELHANO,28,9,3.111111111111111,0.0,0.1425425634590951,0.4970760233918129,0.4186046511627907,43,4,0.6325751798309591,-0.13549915643914623,0.13682092555331993,0.2981902785764915,-0.1556477151173964,0.05835010060362173
2020,87033,IGREJINHA,99,9,11.0,0.2727272727272727,0.7193718652547028,0.7617283950617284,0.7916666666666666,96,5,0.8034596286579645,-0.041731233596236095,0.3460764587525151,0.5206309703892888,0.1987408948654139,0.959758551307847
2020,87041,MATO LEITÃO,43,9,4.777777777777778,0.0,0.29018217181536143,0.5718954248366013,0.5769230769230769,78,4,0.6957008716101813,-0.12380544677358007,0.14688128772635814,0.3811258266116017,-0.09094365479624028,0.19114688128772636
2020,87050,IJUÍ,128,15,8.533333333333333,0.0625,0.5681532574929453,0.8654867256637169,0.7982832618025751,233,7,0.832421621654644,0.03306510400907292,0.5774647887323944,0.5574817353859299,0.010671522107015385,0.5895372233400402
2020,87068,MINAS DO LEÃO,46,9,5.111111111111111,0.2391304347826087,0.6306514842456317,0.9009009009009009,0.8032786885245902,61,3,0.7051694181672189,0.19573148273368202,0.9617706237424547,0.39350088415103734,0.23715060009459432,0.9778672032193159
2020,87076,ILÓPOLIS,24,9,2.6666666666666665,0.0,0.1287541259252405,0.6888888888888889,0.6268656716417911,67,2,0.608734896333811,0.08015399255507794,0.7505030181086519,0.2666976272456509,-0.1379435013204104,0.08853118712273642
2020,87084,MONTE BELO DO SUL,26,9,2.888888888888889,0.0,0.3747497731034708,0.6470588235294117,0.7555555555555555,45,2,0.621186508390692,0.02587231513871968,0.5533199195171026,0.28315657697773133,0.09159319612573946,0.8309859154929577
2020,87092,INDEPENDÊNCIA,36,9,4.0,0.0,0.31675505997532216,0.654320987654321,0.7169811320754716,53,3,0.6701517984833477,-0.01583081082902671,0.42857142857142855,0.347645027177696,-0.030889967202373858,0.40643863179074446
2020,87106,MORMAÇO,36,9,4.0,0.0,0.5888662068007962,0.2366255144032922,0.1,55,5,0.6701517984833477,-0.43352628408005556,0.002012072434607646,0.347645027177696,0.24122117962310013,0.9798792756539235
2020,87114,IRAÍ,38,9,4.222222222222222,0.0,0.43406326174224175,0.6819923371647509,0.6440677966101694,59,4,0.6780176010910932,0.003974736073657725,0.49295774647887325,0.35796605635269796,0.07609720538954379,0.7907444668008048
2020,87122,MORRINHOS DO SUL,22,9,2.4444444444444446,0.0,0.15003448979351597,0.7948717948717949,0.8444444444444444,45,2,0.5950267240654713,0.19984507080632363,0.9698189134808853,0.2485522281658991,-0.09851773837238312,0.16498993963782696
2020,87130,ITAQUI,92,11,8.363636363636363,0.0,0.5016318250348226,0.7760942760942761,0.7364341085271318,129,6,0.7948189420136026,-0.018724665919326533,0.41448692152917505,0.5095723085637285,-0.007940483528905862,0.5050301810865191
2020,87149,MORRO REUTER,25,9,2.7777777777777777,0.0,0.21568662684233253,0.5972222222222221,0.5853658536585366,41,4,0.6151045690260702,-0.017882346803848148,0.42052313883299797,0.27512009153286454,-0.05943346469053201,0.29979879275653926
2020,87157,ITATIBA DO SUL,29,9,3.2222222222222223,0.0,0.4200420396313398,0.6916666666666667,0.6111111111111112,63,3,0.6379200115585903,0.0537466551080763,0.641851106639839,0.30523885155116004,0.11480318808017975,0.8591549295774648
2020,87165,MULITERNO,20,9,2.2222222222222223,0.0,0.20820102473274726,0.6515151515151516,0.66,25,4,0.5798123528155054,0.07170279869964624,0.7203219315895373,0.22838332916292242,-0.020182304430175158,0.4647887323943662
2020,87173,IVOTI,39,9,4.333333333333333,0.02564102564102564,0.336541167760972,0.7814814814814814,0.7941176470588235,68,4,0.6817683299758006,0.09971315150568083,0.8148893360160966,0.36288346096716917,-0.026342293206197187,0.4386317907444668
2020,87181,NICOLAU VERGUEIRO,22,9,2.4444444444444446,0.0,0.33993246032667,0.5811965811965811,0.6341463414634146,41,3,0.5950267240654713,-0.013830142868890172,0.4416498993963783,0.2485522281658991,0.09138023216077093,0.8289738430583501
2020,87190,JACUTINGA,32,9,3.5555555555555554,0.0,0.1769409463158691,0.7946859903381642,0.9375,56,4,0.6527457757558539,0.14194021458231032,0.903420523138833,0.3247664470232278,-0.14782550070735873,0.07042253521126761
2020,87203,NOVA BOA VISTA,27,9,3.0,0.0,0.10480515707384686,0.6080246913580247,0.631578947368421,38,4,0.6270033373382171,-0.018978645980192388,0.4124748490945674,0.2908375956130629,-0.18603243853921603,0.02414486921529175
2020,87211,JAGUARÃO,83,9,9.222222222222221,0.0,0.5698794808733161,0.7665165165165165,0.7291666666666666,96,5,0.7824110494649558,-0.015894532948439233,0.4245472837022133,0.49364627170667236,0.07623320916664372,0.7927565392354124
2020,87220,NOVA PÁDUA,30,9,3.3333333333333335,0.0,0.19172503725782408,0.6507936507936507,0.5128205128205128,39,4,0.6430539515866205,0.007739699207030215,0.5030181086519114,0.3120050300532582,-0.12027999279543411,0.1227364185110664
2020,87238,JAGUARI,30,9,3.3333333333333335,0.0,0.33938775473194327,0.5714285714285714,0.5555555555555556,54,3,0.6430539515866205,-0.07162538015804909,0.24949698189134809,0.3120050300532582,0.027382724678685078,0.6599597585513078
2020,87246,NOVA SANTA RITA,115,11,10.454545454545455,0.1565217391304348,0.49417956306231203,0.7788461538461539,0.6923076923076923,130,7,0.8205971239581087,-0.04175097011195483,0.3440643863179074,0.5424791907831138,-0.04829962772080176,0.3440643863179074
2020,87254,JÚLIO DE CASTILHOS,78,11,7.090909090909091,0.0,0.33868780239878826,0.7367706919945726,0.6545454545454545,110,6,0.7747667375343944,-0.03799604553982183,0.35412474849094566,0.48380915330009,-0.14512135090130174,0.0744466800804829
2020,87262,NOVO BARREIRO,39,9,4.333333333333333,0.0,0.2946694123216276,0.7185185185185186,0.6923076923076923,39,5,0.6817683299758006,0.03675018854271794,0.5895372233400402,0.36288346096716917,-0.06821404864554159,0.2575452716297787
2020,87270,LAGOA VERMELHA,85,11,7.7272727272727275,0.0,0.3933236511320304,0.7923832923832924,0.8045112781954887,133,5,0.7853095436617542,0.007073748721538209,0.49899396378269617,0.4973712659761657,-0.10404761484413533,0.15492957746478872
2020,87289,NOVO MACHADO,33,9,3.6666666666666665,0.0,0.21193395816642324,0.6805555555555556,0.6491228070175439,57,3,0.6573286260655639,0.02322692948999172,0.5432595573440644,0.3307952902914104,-0.11886133212498717,0.1267605633802817
2020,87297,LAJEADO,117,15,7.8,0.02564102564102564,0.4872061404167478,0.8555555555555555,0.7622950819672131,244,4,0.8225248674565305,0.033030688099024985,0.5754527162977867,0.5449292714428062,-0.057723131026058416,0.30985915492957744
2020,87300,NOVO TIRADENTES,24,9,2.6666666666666665,0.0,0.08058871835060488,0.5111111111111111,0.4358974358974359,39,3,0.608734896333811,-0.09762378522269988,0.1891348088531187,0.2666976272456509,-0.186108908895046,0.022132796780684104
2020,87319,LAVRAS DO SUL,52,9,5.777777777777778,0.0,0.4978950641192599,0.640826873385013,0.6470588235294118,68,5,0.7220524509040286,-0.0812255775190156,0.22535211267605634,0.415518376020784,0.08237668809847587,0.8128772635814889
2020,87327,PARECI NOVO,32,9,3.5555555555555554,0.0,0.35508992104799963,0.5893719806763285,0.5818181818181818,55,4,0.6527457757558539,-0.06337379507952545,0.26961770623742454,0.3247664470232278,0.030323474024771813,0.6659959758551308
2020,87335,LIBERATO SALZANO,34,9,3.7777777777777777,0.0,0.2552768494079767,0.6222222222222222,0.5106382978723404,47,5,0.6617508391398754,-0.03952861691765319,0.3501006036217304,0.33660938483245845,-0.08133253542448177,0.21730382293762576
2020,87343,PASSO DO SOBRADO,46,9,5.111111111111111,0.0,0.4746084389509171,0.6816816816816816,0.6209677419354839,62,5,0.7051694181672189,-0.02348773648553726,0.40040241448692154,0.39350088415103734,0.08110755479987974,0.806841046277666
2020,87351,MACHADINHO,40,9,4.444444444444445,0.0,0.178209387863838,0.4551971326164875,0.525,80,3,0.6854063244295987,-0.23020919181311122,0.03822937625754527,0.3676504938403468,-0.18944110597650882,0.018108651911468814
2020,87360,PICADA CAFÉ,38,9,4.222222222222222,0.0,0.2264329593949519,0.36973180076628354,0.49137931034482757,58,4,0.6780176010910932,-0.3082858003248097,0.01006036217303823,0.35796605635269796,-0.13153309695774607,0.096579476861167
2020,87378,MARAU,54,9,6.0,0.0,0.42064680329606885,0.9259259259259259,0.9042553191489362,94,3,0.7271627629030604,0.19876316302286556,0.9678068410462777,0.42217005429891474,-0.0015232510028458934,0.5432595573440644
2020,87386,PINHAL GRANDE,35,9,3.888888888888889,0.0,0.24508354633527163,0.5876068376068375,0.6940298507462687,67,4,0.6660222385410016,-0.0784154009341641,0.22937625754527163,0.34222194205338247,-0.09713839571811084,0.1710261569416499
2020,87394,MARCELINO RAMOS,30,9,3.3333333333333335,0.0,0.3045680769570276,0.7460317460317459,0.7441860465116279,43,5,0.6430539515866205,0.10297779444512545,0.8289738430583501,0.3120050300532582,-0.007436953096230603,0.5070422535211268
2020,87408,PINHEIRINHO DO VALE,28,9,3.111111111111111,0.0,0.2689517534413437,0.7719298245614035,0.8727272727272727,55,3,0.6325751798309591,0.13935464473044434,0.9014084507042254,0.2981902785764915,-0.029238525135147797,0.4164989939637827
2020,87416,MARIANO MORO,18,9,2.0,0.0,0.232905410101371,0.4691358024691358,0.6,20,4,0.5627626614548721,-0.0936268589857363,0.2012072434607646,0.20574617852264762,0.02715923157872338,0.6539235412474849
2020,87424,PONTÃO,43,9,4.777777777777778,0.0,0.31699874723606913,0.8496732026143791,0.7727272727272727,66,5,0.6957008716101813,0.15397233100419772,0.9235412474849095,0.3811258266116017,-0.06412707937553258,0.26961770623742454
2020,87432,MATA,31,9,3.4444444444444446,0.0,0.2965981386663472,0.6717171717171717,0.5,50,3,0.6479915064637857,0.02372566525338604,0.545271629778672,0.318508350182385,-0.02191021151603778,0.4607645875251509
2020,87440,PONTE PRETA,29,9,3.2222222222222223,0.0,0.24889678045557417,0.35833333333333334,0.5434782608695652,46,4,0.6379200115585903,-0.279586678225257,0.022132796780684104,0.30523885155116004,-0.056342071095585866,0.3118712273641851
2020,87459,MAXIMILIANO DE ALMEIDA,33,9,3.6666666666666665,0.0,0.3623305755991273,0.5393518518518519,0.58,50,3,0.6573286260655639,-0.117976774213712,0.16096579476861167,0.3307952902914104,0.031535285307716876,0.670020120724346
2020,87467,PORTO MAUÁ,27,9,3.0,0.0,0.1648666939570187,0.5802469135802468,0.6515151515151515,33,5,0.6270033373382171,-0.04675642375797029,0.32595573440643866,0.2908375956130629,-0.1259709016560442,0.11066398390342053
2020,87475,MIRAGUAÍ,32,9,3.5555555555555554,0.0,0.22851855100560692,0.748792270531401,0.6666666666666666,21,4,0.6527457757558539,0.09604649477554705,0.7927565392354124,0.3247664470232278,-0.0962478960176209,0.17303822937625754
2020,87483,PORTO VERA CRUZ,13,9,1.4444444444444444,0.0,0.12928752599387505,0.5833333333333333,0.4,5,3,0.5087225985761676,0.07461073475716562,0.7303822937625755,0.13377213620465622,-0.00448461021078117,0.5231388329979879
2020,87491,MONTENEGRO,103,10,10.3,0.038834951456310676,0.5557191426128434,0.9118279569892473,0.9304347826086956,115,6,0.8080580567461529,0.1037699002430944,0.8329979879275654,0.5265048465733967,0.029214296039446697,0.6619718309859155
2020,87505,PRESIDENTE LUCENA,27,9,3.0,0.0,0.31587633595097775,0.6111111111111112,0.6756756756756757,37,3,0.6270033373382171,-0.015892226227105954,0.42655935613682094,0.2908375956130629,0.025038740337914867,0.647887323943662
2020,87513,MOSTARDAS,56,9,6.222222222222222,0.0,0.34264068447376017,0.8498817966903073,0.8956043956043956,91,4,0.7320481936157502,0.11783360307455704,0.8672032193158954,0.4285232129981351,-0.08588252852437495,0.20724346076458752
2020,87521,QUEVEDOS,32,9,3.5555555555555554,0.0,0.347198779057569,0.5845410628019323,0.6,65,4,0.6527457757558539,-0.06820471295392161,0.2575452716297787,0.3247664470232278,0.022432332034341196,0.635814889336016
2020,87530,MUÇUM,42,9,4.666666666666667,0.0,0.4343364556170488,0.7643097643097643,0.8309859154929577,71,4,0.6923673211458298,0.0719424431639345,0.7223340040241448,0.3767645999533898,0.05757185566365902,0.7484909456740443
2020,87548,RIO DOS ÍNDIOS,27,9,3.0,0.0,0.2011793938483848,0.5092592592592593,0.5666666666666667,45,3,0.6270033373382171,-0.11774407807895781,0.16297786720321933,0.2908375956130629,-0.08965820176467809,0.193158953722334
2020,87556,NÃO-ME-TOQUE,47,9,5.222222222222222,0.0,0.4486418383787183,0.8304093567251462,0.8255813953488372,86,3,0.7081618860842018,0.12224747064094432,0.8772635814889336,0.397407998736687,0.05123383964203132,0.7303822937625755
2020,87564,SAGRADA FAMÍLIA,20,9,2.2222222222222223,0.0,0.13585982047004075,0.5656565656565655,0.5652173913043478,23,5,0.5798123528155054,-0.014155787158939837,0.4386317907444668,0.22838332916292242,-0.09252350869288167,0.1851106639839034
2020,87572,NONOAI,50,9,5.555555555555555,0.2,0.47115458432611623,0.7750677506775068,0.8148148148148148,81,3,0.7166982313847976,0.05836951929270917,0.6619718309859155,0.40854272991162427,0.06261185441449196,0.7686116700201208
2020,87580,SALVADOR DAS MISSÕES,19,9,2.111111111111111,0.0,0.20899082220543108,0.5222222222222223,0.6666666666666666,18,5,0.5715414805883487,-0.049319258366126495,0.30985915492957744,0.2174064894483833,-0.00841566724295223,0.5010060362173038
2020,87599,NOVA ARAÇÁ,26,9,2.888888888888889,0.0,0.3416774787366732,0.4084967320261438,0.578125,32,4,0.621186508390692,-0.21268977636454822,0.04627766599597585,0.28315657697773133,0.05852090175894187,0.7525150905432596
2020,87602,SANTA CLARA DO SUL,27,9,3.0,0.0,0.5061820050158063,0.7037037037037037,0.6176470588235294,51,3,0.6270033373382171,0.0767003663654866,0.738430583501006,0.2908375956130629,0.21534440940274346,0.96579476861167
2020,87610,NOVA BASSANO,27,9,3.0,0.0,0.3347127863396535,0.5246913580246914,0.7,60,3,0.6270033373382171,-0.10231197931352576,0.18108651911468812,0.2908375956130629,0.04387519072659063,0.6981891348088531
2020,87629,SANTA TEREZA,20,9,2.2222222222222223,0.0,0.4487443654947927,0.611111111111111,0.7244897959183674,49,2,0.5798123528155054,0.03129875829560569,0.5694164989939637,0.22838332916292242,0.22036103633187026,0.971830985915493
2020,87637,NOVA BRÉSCIA,27,9,3.0,0.0,0.10177152175674165,0.5524691358024691,0.4596774193548387,62,3,0.6270033373382171,-0.07453420153574797,0.2454728370221328,0.2908375956130629,-0.18906607385632124,0.02012072434607646
2020,87645,SANTO ANTÔNIO DO PALMA,23,9,2.5555555555555554,0.0,0.26778290877198874,0.4523809523809524,0.30434782608695654,23,5,0.6020519439086989,-0.1496709915277465,0.10663983903420524,0.25785471540746585,0.009928193364522886,0.5875251509054326
2020,87653,NOVA PALMA,28,9,3.111111111111111,0.0,0.2981752596445366,0.7046783625730995,0.71875,48,3,0.6325751798309591,0.07210318274214034,0.7243460764587525,0.2981902785764915,-1.501893195487991e-05,0.5492957746478874
2020,87661,SANTO ANTÔNIO DO PLANALTO,33,9,3.6666666666666665,0.0,0.3547427289954004,0.8402777777777778,0.775,40,4,0.6573286260655639,0.18294915171221393,0.9476861167002012,0.3307952902914104,0.023947438703989965,0.641851106639839
2020,87670,NOVA PETRÓPOLIS,81,9,9.0,0.09876543209876543,0.47256284752554545,0.7415123456790124,0.7365591397849462,93,7,0.779424010877616,-0.03791166519860367,0.3561368209255533,0.4898046110600675,-0.01724176353452206,0.4788732394366197
2020,87688,SANTO EXPEDITO DO SUL,26,9,2.888888888888889,0.0,0.4958623788527299,0.6013071895424836,0.6666666666666666,30,4,0.621186508390692,-0.01987931884820837,0.4104627766599598,0.28315657697773133,0.21270580187499855,0.9637826961770624
2020,87696,NOVA PRATA,82,11,7.454545454545454,0.0,0.48097122782568147,0.8437900128040973,0.8152173913043478,92,6,0.7809288920387047,0.06286112076539252,0.6740442655935613,0.49174041520051,-0.010769187374828515,0.4949698189134809
2020,87700,SÃO JOÃO DO POLÊSINE,21,9,2.3333333333333335,0.0,0.3774993652865253,0.7916666666666667,0.7105263157894737,57,2,0.5876261712801885,0.20404049538647828,0.9738430583501007,0.23874551462326432,0.13875385066326096,0.8873239436619719
2020,87718,NOVO HAMBURGO,235,14,16.785714285714285,0.05531914893617021,0.6886547644668195,0.9709114414996768,0.9558232931726908,249,7,0.8926724510521022,0.07823899044757454,0.7484909456740443,0.6327374490843105,0.05591731538250899,0.7424547283702213
2020,87726,SÃO JOSÉ DOS AUSENTES,24,9,2.6666666666666665,0.0,0.3025270934703461,0.474074074074074,0.3870967741935484,31,5,0.608734896333811,-0.13466082225973697,0.14084507042253522,0.2666976272456509,0.03582946622469524,0.682092555331992
2020,87734,OSÓRIO,75,9,8.333333333333334,0.10666666666666667,0.4664748233970011,0.8400673400673401,0.6847826086956522,92,3,0.7698812220148276,0.07018611805251251,0.710261569416499,0.4775126109646854,-0.01103778756768431,0.49295774647887325
2020,87742,SÃO JOSÉ DO INHACORÁ,36,9,4.0,0.0,0.2761521716618345,0.6666666666666666,0.7352941176470589,68,4,0.6701517984833477,-0.0034851318166810863,0.4768611670020121,0.347645027177696,-0.07149285551586154,0.2454728370221328
2020,87750,PAIM FILHO,27,9,3.0,0.0,0.1584995337155879,0.537037037037037,0.5614035087719298,57,3,0.6270033373382171,-0.08996630030118014,0.2052313883299799,0.2908375956130629,-0.132338061897475,0.09456740442655935
2020,87769,SÃO JOSÉ DAS MISSÕES,22,9,2.4444444444444446,0.0,0.0709109245356867,0.5897435897435896,0.578125,32,4,0.5950267240654713,-0.005283134321881655,0.4688128772635815,0.2485522281658991,-0.17764130363021238,0.028169014084507043
2020,87777,PALMEIRA DAS MISSÕES,69,13,5.3076923076923075,0.014492753623188406,0.47196379829285573,0.9024725274725275,0.8155339805825242,103,5,0.7593412986577762,0.14313122881475127,0.9074446680080482,0.4639042527537342,0.008059545539121526,0.5774647887323944
2020,87785,SÃO MARTINHO DA SERRA,38,9,4.222222222222222,0.02631578947368421,0.42546979558193887,0.7758620689655172,0.7426470588235294,68,4,0.6780176010910932,0.09784446787442402,0.8088531187122736,0.35796605635269796,0.06750373922924091,0.778672032193159
2020,87793,PALMITINHO,57,9,6.333333333333333,0.017543859649122806,0.396716962756138,0.7060185185185185,0.6102941176470589,68,5,0.7344119479133073,-0.02839342939478884,0.3903420523138833,0.4315950262199668,-0.03487806346382882,0.3963782696177062
2020,87807,SÃO PEDRO DA SERRA,23,9,2.5555555555555554,0.0,0.13339678464433113,0.42857142857142855,0.7083333333333334,36,3,0.6020519439086989,-0.17348051533727032,0.079476861167002,0.25785471540746585,-0.12445793076313472,0.11267605633802817
2020,87815,PANAMBI,146,13,11.23076923076923,0.00684931506849315,0.5421748103148982,0.8510699826489301,0.8269230769230769,156,7,0.8464581612874884,0.00461182136144167,0.4949698189134809,0.5752051338438464,-0.03303032352894819,0.4024144869215292
2020,87823,SÃO PEDRO DO BUTIÁ,20,9,2.2222222222222223,0.0,0.157710067308388,0.5909090909090909,0.7258064516129032,31,3,0.5798123528155054,0.011096738093585579,0.5171026156941649,0.22838332916292242,-0.07067326185453443,0.2535211267605634
2020,87831,PARAÍ,20,9,2.2222222222222223,0.0,0.038805092184331924,0.5808080808080808,0.5612244897959183,49,2,0.5798123528155054,0.0009957279925754126,0.48490945674044267,0.22838332916292242,-0.1895782369785905,0.01609657947686117
2020,87840,SÃO VALENTIM DO SUL,20,9,2.2222222222222223,0.0,0.034401726480696615,0.5252525252525253,0.5285714285714286,35,3,0.5798123528155054,-0.05455982756298006,0.2857142857142857,0.22838332916292242,-0.1939816026822258,0.014084507042253521
2020,87858,PASSO FUNDO,333,21,15.857142857142858,0.024024024024024024,0.5768122496733874,0.8751526251526252,0.9075425790754258,411,15,0.9219347205177911,-0.04678209536516598,0.323943661971831,0.6682655925782238,-0.09145334290483642,0.18712273641851107
2020,87866,SÃO VALÉRIO DO SUL,27,9,3.0,0.07407407407407407,0.33601255697346155,0.6820987654320988,0.6777777777777778,45,4,0.6270033373382171,0.05509542809388168,0.6519114688128773,0.2908375956130629,0.04517496136039867,0.7022132796780685
2020,87874,PEDRO OSÓRIO,57,9,6.333333333333333,0.03508771929824561,0.39199698368859837,0.8310185185185185,0.8541666666666666,96,4,0.7344119479133073,0.09660657060521116,0.7947686116700201,0.4315950262199668,-0.03959804253136845,0.3762575452716298
2020,87882,SENTINELA DO SUL,51,9,5.666666666666667,0.11764705882352941,0.4414538320529049,0.7883597883597884,0.7311827956989247,93,3,0.7194071089048852,0.06895267945490313,0.704225352112676,0.41207276059329484,0.029381071459610053,0.6639839034205232
2020,87890,PEJUÇARA,31,9,3.4444444444444446,0.0967741935483871,0.505942539183087,0.553030303030303,0.6363636363636364,44,4,0.6479915064637857,-0.09496120343348269,0.19718309859154928,0.318508350182385,0.18743418900070197,0.9456740442655935
2020,87904,SÉRIO,25,9,2.7777777777777777,0.0,0.3062046944303791,0.6701388888888888,0.6805555555555556,36,3,0.6151045690260702,0.05503431986281859,0.6498993963782697,0.27512009153286454,0.03108460289751458,0.6680080482897385
2020,87912,PELOTAS,425,21,20.238095238095237,0.08941176470588236,0.6759513010938447,0.9222065063649222,0.8475836431226765,538,10,0.9400930984820014,-0.017886592117079214,0.41851106639839036,0.6897861758505922,-0.013834874756747495,0.4869215291750503
2020,87920,SERTÃO SANTANA,44,9,4.888888888888889,0.06818181818181818,0.3158962473272675,0.7523809523809524,0.825,80,3,0.6989428631221675,0.053438089258784904,0.6398390342052314,0.38536509514918377,-0.06946884782191626,0.25553319919517103
2020,87939,PINHEIRO MACHADO,64,9,7.111111111111111,0.0,0.47142416561767275,0.8818181818181818,0.9166666666666666,90,5,0.749654635770107,0.1321635460480748,0.8873239436619719,0.45136967753309726,0.020054488084575495,0.6277665995975855
2020,87947,SINIMBU,69,9,7.666666666666667,0.15942028985507245,0.5139398707462246,0.7851851851851851,0.8351648351648352,91,5,0.7593412986577762,0.025843886527408877,0.5492957746478874,0.4639042527537342,0.0500356179924904,0.7243460764587525
2020,87955,PIRATINI,56,9,6.222222222222222,0.03571428571428571,0.5132395961930456,0.8439716312056738,0.9367088607594937,79,4,0.7320481936157502,0.11192343758992351,0.8531187122736419,0.4285232129981351,0.08471638319491048,0.8169014084507042
2020,87963,TIRADENTES DO SUL,40,9,4.444444444444445,0.0,0.24496534121524216,0.53584229390681,0.6145833333333334,48,5,0.6854063244295987,-0.14956403052278866,0.10865191146881288,0.3676504938403468,-0.12268515262510465,0.11670020120724346
2020,87971,PLANALTO,38,9,4.222222222222222,0.0,0.35001692187140954,0.7586206896551723,0.796875,64,4,0.6780176010910932,0.08060308856407905,0.7525150905432596,0.35796605635269796,-0.007949134481288422,0.5030181086519114
2020,87980,TRAVESSEIRO,23,9,2.5555555555555554,0.0,0.3175994540816871,0.5555555555555556,0.42857142857142855,63,2,0.6020519439086989,-0.04649638835314329,0.32796780684104626,0.25785471540746585,0.059744738674221254,0.7585513078470825
2020,87998,PORTÃO,106,11,9.636363636363637,0.11320754716981132,0.4806864282710228,0.7822966507177034,0.8552631578947368,152,5,0.8113609192647487,-0.029064268547045358,0.38832997987927564,0.5307187497243219,-0.050032321453299056,0.33400402414486924
2020,88005,TRÊS FORQUILHAS,27,9,3.0,0.0,0.30639014958980115,0.7222222222222222,0.7530864197530864,81,2,0.6270033373382171,0.0952188848840051,0.7887323943661971,0.2908375956130629,0.01555255397673827,0.613682092555332
2020,88013,PORTO ALEGRE,852,36,23.666666666666668,0.028169014084507043,0.6468260062838445,0.9500442538126361,0.9232093663911846,1452,18,0.9813092807647908,-0.03126502695215472,0.3762575452716298,0.7359436593498395,-0.08911765306599506,0.19517102615694165
2020,88021,TUPANCI DO SUL,19,9,2.111111111111111,0.0,0.3738876125452848,0.4888888888888889,0.36,25,5,0.5715414805883487,-0.08265259169945988,0.2193158953722334,0.2174064894483833,0.1564811230969015,0.9094567404426559
2020,88030,PORTO LUCENA,24,9,2.6666666666666665,0.0,0.2004829357337945,0.662962962962963,0.5689655172413793,29,5,0.608734896333811,0.05422806662915203,0.6458752515090543,0.2666976272456509,-0.06621469151185638,0.26156941649899396
2020,88048,UNIÃO DA SERRA,23,9,2.5555555555555554,0.0,0.1365220271837615,0.4920634920634921,0.7241379310344828,29,4,0.6020519439086989,-0.10998845184520678,0.17303822937625754,0.25785471540746585,-0.12133268822370435,0.12072434607645875
2020,88056,PORTO XAVIER,30,9,3.3333333333333335,0.0,0.24095025202680032,0.8306878306878307,0.8596491228070176,57,3,0.6430539515866205,0.1876338791012102,0.9557344064386318,0.3120050300532582,-0.07105477802645788,0.2515090543259557
2020,88064,VALE DO SOL,41,9,4.555555555555555,0.0,0.27875031885971735,0.5590277777777778,0.4605263157894737,76,4,0.6889374971590041,-0.1299097193812263,0.14285714285714285,0.3722750919749616,-0.09352477311524426,0.18108651911468812
2020,88072,PUTINGA,29,9,3.2222222222222223,0.0,0.25082567074267303,0.5555555555555556,0.5625,40,3,0.6379200115585903,-0.08236445600303477,0.22132796780684105,0.30523885155116004,-0.054413180808487005,0.317907444668008
2020,88080,VALE REAL,34,9,3.7777777777777777,0.0,0.3575491217604281,0.5866666666666667,0.7222222222222222,36,6,0.6617508391398754,-0.07508417247320875,0.24346076458752516,0.33660938483245845,0.020939736927969632,0.6317907444668008
2020,88099,QUARAÍ,106,11,9.636363636363637,0.03773584905660377,0.6359847809322781,0.7722488038277512,0.7633587786259542,131,6,0.8113609192647487,-0.03911211543699755,0.352112676056338,0.5307187497243219,0.10526603120795619,0.8531187122736419
2020,88102,VILA NOVA DO SUL,30,9,3.3333333333333335,0.16666666666666666,0.45405728514838284,0.8835978835978836,0.9361702127659575,47,4,0.6430539515866205,0.24054393201126312,0.9849094567404426,0.3120050300532582,0.14205225509512465,0.8953722334004024
2020,88110,REDENTORA,58,9,6.444444444444445,0.0,0.4619070806852148,0.8015873015873016,0.9662162162162162,74,4,0.7367256918234121,0.06486160976388955,0.6881287726358148,0.4346005107209738,0.027306569964241023,0.6559356136820925
2020,88129,VITÓRIA DAS MISSÕES,17,9,1.8888888888888888,0.0,0.300438934522808,0.701388888888889,0.8888888888888888,9,4,0.5534162987465026,0.1479725901423864,0.9094567404426559,0.19332177224020045,0.10711716228260756,0.8551307847082495
2020,88137,RESTINGA SÊCA,50,9,5.555555555555555,0.0,0.6022022197813679,0.7154471544715447,0.5230769230769231,65,5,0.7166982313847976,-0.0012510769132528798,0.4788732394366197,0.40854272991162427,0.19365948986974363,0.9557344064386318
2020,88145,XANGRI-LÁ,71,9,7.888888888888889,0.28169014084507044,0.6054187185776676,0.7473118279569892,0.7373737373737373,99,5,0.7629765862979537,-0.01566475834096448,0.4305835010060362,0.4686015287862362,0.13681718979143143,0.8832997987927566
2020,88153,RIO GRANDE,405,21,19.285714285714285,0.037037037037037035,0.6559326375329086,0.9325396825396826,0.9060283687943262,564,10,0.9366571234700968,-0.004117440930414218,0.47283702213279677,0.6857527874915634,-0.029820149958654785,0.41448692152917505
2020,88161,BOA VISTA DO SUL,18,9,2.0,0.0,0.22278319861497753,0.30864197530864196,0.2857142857142857,21,5,0.5627626614548721,-0.2541206861462301,0.028169014084507043,0.20574617852264762,0.017037020092329908,0.6217303822937625
2020,88170,RIO PARDO,163,13,12.538461538461538,0.06748466257668712,0.5982347013496236,0.8723076923076923,0.8656716417910447,201,7,0.8577901052880861,0.01451758701960626,0.5251509054325956,0.5894381451994599,0.008796556150163726,0.5814889336016097
2020,88188,DILERMANDO DE AGUIAR,49,9,5.444444444444445,0.061224489795918366,0.5937011150274658,0.7611111111111111,0.7816091954022989,87,4,0.7139230585146612,0.04718805259644987,0.6217303822937625,0.40492459035763406,0.18877652466983175,0.9496981891348089
2020,88196,ROCA SALES,45,9,5.0,0.08888888888888889,0.4823006800022702,0.5787037037037037,0.563953488372093,86,3,0.7020976825169405,-0.12339397881323677,0.1488933601609658,0.38948828756240644,0.09281239243986378,0.8329979879275654
2020,88200,CAPIVARI DO SUL,30,9,3.3333333333333335,0.0,0.3731234865675441,0.8835978835978836,0.8125,48,4,0.6430539515866205,0.24054393201126312,0.9849094567404426,0.3120050300532582,0.061118456514285935,0.7625754527162978
2020,88218,RODEIO BONITO,30,9,3.3333333333333335,0.0,0.2627891498835284,0.5793650793650793,0.6311475409836066,61,3,0.6430539515866205,-0.06368887222154118,0.2676056338028169,0.3120050300532582,-0.049215880169729775,0.34004024144869216
2020,88226,NOVA CANDELÁRIA,27,9,3.0,0.0,0.23897859312070713,0.5740740740740741,0.5813953488372093,43,4,0.6270033373382171,-0.052929263264143045,0.30181086519114686,0.2908375956130629,-0.051859002492355755,0.3319919517102616
2020,88234,ROLANTE,98,9,10.88888888888889,0.02040816326530612,0.3746413982541996,0.7265917602996255,0.75,88,5,0.8022732123177465,-0.07568145201812104,0.23943661971830985,0.5191141797140413,-0.14447278145984166,0.07645875251509054
2020,88242,FLORIANO PEIXOTO,29,9,3.2222222222222223,0.0,0.24022236156409327,0.47777777777777775,0.62,50,3,0.6379200115585903,-0.1601422337808126,0.0925553319919517,0.30523885155116004,-0.06501648998706677,0.2655935613682093
2020,88250,RONDA ALTA,35,9,3.888888888888889,0.14285714285714285,0.4464749696048076,0.7350427350427351,0.7674418604651163,43,5,0.6660222385410016,0.06902049650173347,0.7062374245472837,0.34222194205338247,0.10425302755142513,0.8511066398390342
2020,88269,CHUVISCA,40,9,4.444444444444445,0.025,0.24832560719013985,0.8817204301075269,0.8571428571428571,42,5,0.6854063244295987,0.19631410567792817,0.9637826961770624,0.3676504938403468,-0.11932488665020696,0.12474849094567404
2020,88277,RONDINHA,22,9,2.4444444444444446,0.0,0.2097874538139024,0.6367521367521367,0.5,41,3,0.5950267240654713,0.04172541268666541,0.6046277665995976,0.2485522281658991,-0.038764774351996684,0.3822937625754527
2020,88285,ESPERANÇA DO SUL,22,9,2.4444444444444446,0.0,0.22977060732571908,0.6666666666666667,0.7090909090909091,55,2,0.5950267240654713,0.07163994260119544,0.7183098591549296,0.2485522281658991,-0.018781620840180008,0.47283702213279677
2020,88293,ROQUE GONZALES,21,9,2.3333333333333335,0.0,0.4262895506837845,0.625,0.65625,48,2,0.5876261712801885,0.03737382871981154,0.5935613682092555,0.23874551462326432,0.18754403606052017,0.9476861167002012
2020,88307,DOUTOR RICARDO,29,9,3.2222222222222223,0.0,0.1925100597934537,0.4861111111111111,0.4485294117647059,68,3,0.6379200115585903,-0.15180890044747924,0.10261569416498995,0.30523885155116004,-0.11272879175770634,0.13480885311871227
2020,88315,ROSÁRIO DO SUL,149,13,11.461538461538462,0.09395973154362416,0.6247518823921598,0.8399321266968326,0.8407960199004975,201,6,0.8485795277223788,-0.008647401025546175,0.4607645875251509,0.577874956251438,0.04687692614072181,0.7122736418511066
2020,88323,HERVEIRAS,30,9,3.3333333333333335,0.0,0.35907094007457396,0.5238095238095238,0.5517241379310345,58,4,0.6430539515866205,-0.11924442777709665,0.158953722334004,0.3120050300532582,0.04706591002131577,0.7142857142857143
2020,88331,SALVADOR DO SUL,27,9,3.0,0.0,0.27020281237079113,0.5401234567901234,0.5377358490566038,53,3,0.6270033373382171,-0.0868798805480937,0.20925553319919518,0.2908375956130629,-0.020634783242271748,0.46277665995975853
2020,88340,CARAÁ,49,9,5.444444444444445,0.0,0.31993096940499455,0.6638888888888889,0.6818181818181818,88,4,0.7139230585146612,-0.05003416962577234,0.30784708249496984,0.40492459035763406,-0.08499362095263951,0.2112676056338028
2020,88358,SANANDUVA,43,9,4.777777777777778,0.0,0.3647319565262901,0.5130718954248366,0.6382978723404256,47,5,0.6957008716101813,-0.1826289761853448,0.06841046277665996,0.3811258266116017,-0.016393870085311624,0.482897384305835
2020,88366,FAZENDA VILANOVA,43,9,4.777777777777778,0.0,0.3617247612647094,0.838235294117647,0.8536585365853658,82,3,0.6957008716101813,0.14253442250746562,0.9054325955734407,0.3811258266116017,-0.019401065346892288,0.4688128772635815
2020,88374,SANTA BÁRBARA DO SUL,32,9,3.5555555555555554,0.03125,0.22022523346820444,0.4806763285024155,0.6916666666666667,60,3,0.6527457757558539,-0.17206944725343842,0.08249496981891348,0.3247664470232278,-0.10454121355502338,0.1488933601609658
2020,88382,ITAARA,51,9,5.666666666666667,0.23529411764705882,0.5579888872582137,0.708994708994709,0.6231884057971014,69,3,0.7194071089048852,-0.010412399910176284,0.4567404426559356,0.41207276059329484,0.14591612666491888,0.9014084507042254
2020,88390,SANTA CRUZ DO SUL,255,17,15.0,0.10980392156862745,0.6011662731632985,0.8388531883341571,0.86875,320,10,0.8998785640206644,-0.06102537568650723,0.27364185110663986,0.6415657914771805,-0.040399518313882,0.3702213279678068
2020,88404,ESTRELA VELHA,34,9,3.7777777777777777,0.0,0.17776382965836657,0.7333333333333333,0.8941176470588236,85,3,0.6617508391398754,0.07158249419345786,0.716297786720322,0.33660938483245845,-0.15884555517409188,0.052313883299798795
2020,88412,SANTA MARIA,343,21,16.333333333333332,0.18075801749271136,0.6625214505848753,0.940550133096717,0.9157303370786517,534,10,0.9242392125809616,0.016310920515755334,0.5311871227364185,0.6710228487807324,-0.008501398195857046,0.49899396378269617
2020,88420,BENJAMIN CONSTANT DO SUL,28,9,3.111111111111111,0.0,0.16674616768437112,0.48538011695906436,0.5394736842105263,38,4,0.6325751798309591,-0.14719506287189477,0.11670020120724346,0.2981902785764915,-0.13144411089212038,0.09859154929577464
2020,88439,SANTANA DA BOA VISTA,62,9,6.888888888888889,0.04838709677419355,0.35164999143312836,0.819706498951782,0.8620689655172413,87,5,0.7455159775731266,0.07419052137865545,0.7283702213279678,0.44600646983210723,-0.09435647839897887,0.1790744466800805
2020,88447,MAÇAMBARÁ,27,9,3.0,0.0,0.35338093276731875,0.6975308641975309,0.7241379310344828,58,3,0.6270033373382171,0.07052752685931374,0.7122736418511066,0.2908375956130629,0.06254333715425586,0.7665995975855131
2020,88455,SANT'ANA DO LIVRAMENTO,196,17,11.529411764705882,0.3112244897959184,0.7065511071558446,0.8639500492934604,0.8194945848375451,277,9,0.8759005072719462,-0.011950457978485818,0.4507042253521127,0.6120250797953439,0.09452602736050064,0.8350100603621731
2020,88463,DOM PEDRO DE ALCÂNTARA,23,9,2.5555555555555554,0.08695652173913043,0.447899713244982,0.8888888888888888,0.9090909090909091,33,3,0.6020519439086989,0.28683694498018997,0.9979879275653923,0.25785471540746585,0.19004499783751616,0.9517102615694165
2020,88471,SANTA ROSA,177,15,11.8,0.0,0.5243138662269888,0.8430041152263374,0.7749003984063745,251,7,0.8660173566515766,-0.023013241425239195,0.4044265593561368,0.599724950263215,-0.0754110840362262,0.23943661971830985
2020,88480,UNISTALDA,16,9,1.7777777777777777,0.0,0.23853196537273513,0.6825396825396826,0.75,12,3,0.5434320221812052,0.13910766035847733,0.8993963782696177,0.1800380245486417,0.05849394082409343,0.7505030181086519
2020,88498,SANTA VITÓRIA DO PALMAR,109,13,8.384615384615385,0.0,0.5355119261364836,0.7451923076923077,0.7358490566037735,212,5,0.8145471839889044,-0.06935487629659665,0.2515090543259557,0.5347797748001213,0.0007321513363622856,0.5513078470824949
2020,88501,TURUÇU,48,9,5.333333333333333,0.125,0.4120368569494164,0.7749287749287749,0.788235294117647,85,4,0.7110786532484813,0.06385012168029358,0.6780684104627767,0.401214410136518,0.0108224468128984,0.5915492957746479
2020,88510,SANTIAGO,79,13,6.076923076923077,0.0,0.4994819575203757,0.7855477855477856,0.6405228758169934,153,4,0.7763435873257056,0.009204198222079962,0.5110663983903421,0.4858398494056266,0.01364210811474914,0.6036217303822937
2020,88528,CRISTAL DO SUL,36,9,4.0,0.0,0.11440007874685931,0.6296296296296297,0.6976744186046512,43,6,0.6701517984833477,-0.040522168853718066,0.34808853118712274,0.347645027177696,-0.2332449484308367,0.004024144869215292
2020,88536,SANTO ÂNGELO,161,15,10.733333333333333,0.037267080745341616,0.5460504907459958,0.8073059360730594,0.8170731707317073,246,7,0.856538948505465,-0.04923301243240552,0.3118712273641851,0.5878702333710756,-0.041819742625079814,0.36619718309859156
2020,88544,MUITOS CAPÕES,28,9,3.111111111111111,0.0,0.26001661584798175,0.6549707602339181,0.6235294117647059,85,2,0.6325751798309591,0.02239558040295897,0.5392354124748491,0.2981902785764915,-0.03817366272850975,0.3843058350100604
2020,88552,SANTO ANTÔNIO DA PATRULHA,94,13,7.230769230769231,0.031914893617021274,0.5473350651787923,0.8461538461538461,0.7752808988764045,178,4,0.7973701291300882,0.048783717023757944,0.6257545271629779,0.512840236785923,0.034494828392869215,0.6780684104627767
2020,88560,NOVA RAMADA,18,9,2.0,0.0,0.37382082618364176,0.308641975308642,0.2,10,5,0.5627626614548721,-0.25412068614623007,0.030181086519114688,0.20574617852264762,0.16807464766099414,0.9235412474849095
2020,88579,SANTO ANTÔNIO DAS MISSÕES,29,9,3.2222222222222223,0.034482758620689655,0.3721179794196836,0.788888888888889,0.7659574468085106,47,4,0.6379200115585903,0.15096887733029862,0.9175050301810865,0.30523885155116004,0.06687912786852357,0.7766599597585513
2020,88587,JARI,33,9,3.6666666666666665,0.0,0.4023931667424079,0.47453703703703703,0.5416666666666666,84,3,0.6573286260655639,-0.18279158902852682,0.06639839034205232,0.3307952902914104,0.07159787645099747,0.7847082494969819
2020,88595,SANTO AUGUSTO,50,9,5.555555555555555,0.04,0.4159055693906928,0.7425474254742548,0.7910447761194029,67,5,0.7166982313847976,0.025849194089457184,0.5513078470824949,0.40854272991162427,0.007362839479068517,0.5714285714285714
2020,88609,UBIRETAMA,30,9,3.3333333333333335,0.0,0.6800374066790071,0.45502645502645506,0.5405405405405406,37,5,0.6430539515866205,-0.18802749656016543,0.060362173038229376,0.3120050300532582,0.36803237662574895,0.993963782696177
2020,88617,SANTO CRISTO,28,9,3.111111111111111,0.0,0.235324837681123,0.7192982456140351,0.8153846153846154,65,3,0.6325751798309591,0.08672306578307598,0.772635814889336,0.2981902785764915,-0.0628654408953685,0.27565392354124746
2020,88625,BARRA DO QUARAÍ,51,9,5.666666666666667,0.1568627450980392,0.47743086797080503,0.6441798941798942,0.6204819277108434,83,4,0.7194071089048852,-0.07522721472499105,0.2414486921529175,0.41207276059329484,0.06535810737751019,0.772635814889336
2020,88633,SÃO BORJA,129,15,8.6,0.031007751937984496,0.5826502546292278,0.9619883040935673,0.9418103448275862,232,5,0.833266896404773,0.12872140768879425,0.8792756539235412,0.5585517551063969,0.02409849952283094,0.6438631790744467
2020,88641,CERRITO,51,9,5.666666666666667,0.0392156862745098,0.4264530470510315,0.7275132275132274,0.7875,80,5,0.7194071089048852,0.008106118608342205,0.5090543259557344,0.41207276059329484,0.014380286457736646,0.607645875251509
2020,88650,SÃO FRANCISCO DE ASSIS,43,11,3.909090909090909,0.0,0.38040393262968575,0.5909090909090908,0.5887096774193549,124,3,0.6957008716101813,-0.10479178070109052,0.17706237424547283,0.3811258266116017,-0.0007218939819159664,0.5472837022132797
2020,88668,VALE VERDE,32,9,3.5555555555555554,0.0,0.5042811042626092,0.5507246376811594,0.49019607843137253,51,4,0.6527457757558539,-0.10202113807469448,0.18309859154929578,0.3247664470232278,0.17951465723938137,0.9336016096579477
2020,88676,SÃO FRANCISCO DE PAULA,98,9,10.88888888888889,0.02040816326530612,0.6591048400762771,0.7166042446941323,0.8095238095238095,105,6,0.8022732123177465,-0.0856689676236142,0.2112676056338028,0.5191141797140413,0.13999066036223584,0.8913480885311871
2020,88684,NOVO CABRAIS,42,9,4.666666666666667,0.0,0.29681017021039935,0.7962962962962963,0.8770491803278688,61,5,0.6923673211458298,0.10392897515046651,0.8350100603621731,0.3767645999533898,-0.07995442974299044,0.22132796780684105
2020,88692,SÃO GABRIEL,178,15,11.866666666666667,0.1348314606741573,0.65964122704486,0.8349693251533742,0.831081081081081,222,8,0.8665720264183339,-0.031602701264959676,0.37424547283702214,0.6004169665595382,0.0592242604853217,0.7545271629778671
2020,88706,SETE DE SETEMBRO,34,9,3.7777777777777777,0.0,0.24077690072863378,0.5844444444444444,0.5957446808510638,47,5,0.6617508391398754,-0.07730639469543099,0.23340040241448692,0.33660938483245845,-0.09583248410382467,0.1750503018108652
2020,88714,SÃO JERÔNIMO,98,11,8.909090909090908,0.061224489795918366,0.5874476697404638,0.786833855799373,0.773972602739726,146,6,0.8022732123177465,-0.01543935651837347,0.43259557344064387,0.5191141797140413,0.06833349002642253,0.7806841046277666
2020,88722,TABAÍ,55,9,6.111111111111111,0.0,0.3756226743348945,0.8272946859903382,0.9453125,64,6,0.7296324840627199,0.09766220192761832,0.8048289738430584,0.42538247194114115,-0.04975979760624666,0.33601609657947684
2020,88730,SÃO JOSÉ DO NORTE,80,9,8.88888888888889,0.025,0.5669460604809908,0.9264475743348983,0.9325842696629213,89,6,0.7778957895856149,0.14855178474928343,0.9134808853118712,0.4878380398309568,0.07910802065003403,0.7967806841046278
2020,88749,VILA LÂNGARO,16,9,1.7777777777777777,0.0,0.3644337408471179,0.46031746031746035,0.5151515151515151,33,2,0.5434320221812052,-0.08311456186374488,0.2152917505030181,0.1800380245486417,0.18439571629847618,0.9416498993963782
2020,88757,SÃO JOSÉ DO OURO,47,9,5.222222222222222,0.0,0.23482781844834344,0.45321637426900585,0.6041666666666666,48,6,0.7081618860842018,-0.254945511815196,0.026156941649899398,0.397407998736687,-0.16258018028834353,0.04627766599597585
2020,88765,SENADOR SALGADO FILHO,33,9,3.6666666666666665,0.0,0.4604032930882087,0.6087962962962963,0.532258064516129,62,4,0.6573286260655639,-0.04853232976926758,0.3158953722334004,0.3307952902914104,0.1296080027967983,0.8752515090543259
2020,88773,SÃO LEOPOLDO,242,13,18.615384615384617,0.10743801652892562,0.5933179049261506,0.9442391669465906,0.9330357142857143,224,9,0.8952866104992243,0.04895255644736629,0.6277665995975855,0.6359454079063659,-0.04262750298021534,0.36016096579476864
2020,88781,VESPASIANO CORRÊA,26,9,2.888888888888889,0.0,0.6674285338673287,0.696078431372549,0.7358490566037735,53,3,0.621186508390692,0.07489192298185698,0.7364185110663984,0.28315657697773133,0.38427195688959737,0.9959758551307847
2020,88790,SÃO LOURENÇO DO SUL,95,11,8.636363636363637,0.031578947368421054,0.5383158342619478,0.7754329004329004,0.7307692307692307,143,6,0.7986202362221575,-0.023187335789257135,0.4024144869215292,0.5144406989855799,0.023875135276367976,0.6398390342052314
2020,88803,MONTE ALEGRE DOS CAMPOS,31,9,3.4444444444444446,0.0,0.29483519535831104,0.601010101010101,0.6666666666666666,48,4,0.6479915064637857,-0.04698140545368468,0.32193158953722334,0.318508350182385,-0.02367315482407395,0.4567404426559356
2020,88811,SÃO LUIZ GONZAGA,72,13,5.538461538461538,0.1111111111111111,0.5654877305471067,0.8396349413298566,0.8708609271523179,151,5,0.7647471060769675,0.07488783525288911,0.7344064386317908,0.4708878928233946,0.09459983772371205,0.8370221327967807
2020,88820,MARQUES DE SOUZA,27,9,3.0,0.0,0.4370769539123649,0.5586419753086419,0.686046511627907,43,4,0.6270033373382171,-0.06836136202957521,0.25553319919517103,0.2908375956130629,0.146239358299302,0.903420523138833
2020,88838,SÃO MARCOS,66,9,7.333333333333333,0.0,0.5841948230405496,0.8440545808966862,0.71875,96,4,0.753637474086862,0.09041710680982418,0.7806841046277666,0.45652661634684655,0.12766820669370305,0.8732394366197183
2020,88846,CHUÍ,29,9,3.2222222222222223,0.0,0.38015940861430475,0.7888888888888889,0.935064935064935,77,2,0.6379200115585903,0.1509688773302985,0.9154929577464789,0.30523885155116004,0.07492055706314471,0.7887323943661971
2020,88854,SÃO MARTINHO,28,9,3.111111111111111,0.0,0.2716150603641383,0.5847953216374269,0.55,40,2,0.6325751798309591,-0.047779858193532254,0.317907444668008,0.2981902785764915,-0.026575218212353202,0.4346076458752515
2020,88862,ARARICÁ,87,9,9.666666666666666,0.0,0.5633675733433599,0.811965811965812,0.7580645161290323,93,5,0.7881239799026271,0.02384183206318491,0.5472837022132797,0.5009855555196111,0.06238201782374875,0.7645875251509054
2020,88870,SÃO NICOLAU,26,9,2.888888888888889,0.23076923076923078,0.5432184796212727,0.869281045751634,0.7959183673469388,49,2,0.621186508390692,0.248094537360942,0.9879275653923542,0.28315657697773133,0.26006190264354134,0.9859154929577465
2020,88889,PASSA SETE,35,9,3.888888888888889,0.0,0.27075631048892346,0.7286324786324786,0.7016129032258065,62,3,0.6660222385410016,0.06261024009147698,0.6720321931589537,0.34222194205338247,-0.07146563156445901,0.24748490945674045
2020,88897,SÃO PAULO DAS MISSÕES,26,9,2.888888888888889,0.0,0.21924731801448716,0.5261437908496731,0.45348837209302323,43,3,0.621186508390692,-0.0950427175410189,0.19517102615694165,0.28315657697773133,-0.06390925896324418,0.2716297786720322
2020,88900,TOROPI,32,9,3.5555555555555554,0.0,0.2858056576582413,0.71256038647343,0.8923076923076924,65,3,0.6527457757558539,0.0598146107175761,0.6659959758551308,0.3247664470232278,-0.03896078936498654,0.38028169014084506
2020,88919,SÃO PEDRO DO SUL,75,11,6.818181818181818,0.02666666666666667,0.4884808794175557,0.7400568181818182,0.8759124087591241,137,5,0.7698812220148276,-0.029824403833009328,0.3782696177062374,0.4775126109646854,0.0109682684528703,0.5935613682092555
2020,88927,BALNEÁRIO PINHAL,91,9,10.11111111111111,0.0,0.4200902172442804,0.8997289972899729,0.8598130841121495,107,5,0.7935170489308628,0.10621194835911008,0.8410462776659959,0.5079037638785855,-0.08781354663430507,0.20321931589537223
2020,88935,SÃO SEBASTIÃO DO CAÍ,83,9,9.222222222222221,0.024096385542168676,0.48795802486176343,0.7484984984984985,0.7397959183673469,98,4,0.7824110494649558,-0.03391255096645729,0.36619718309859156,0.49364627170667236,-0.0056882468449089285,0.5130784708249497
2020,88943,MAMPITUBA,25,9,2.7777777777777777,0.0,0.2581205670801223,0.6840277777777778,0.7115384615384616,52,4,0.6151045690260702,0.06892320875170754,0.7022132796780685,0.27512009153286454,-0.01699952445274222,0.48088531187122735
2020,88951,SÃO SEPÉ,57,11,5.181818181818182,0.2807017543859649,0.6576657244952377,0.8942687747035574,0.8982300884955752,113,4,0.7344119479133073,0.15985682679025004,0.9336016096579477,0.4315950262199668,0.22607069827527093,0.9738430583501007
2020,88978,SÃO VALENTIM,33,9,3.6666666666666665,0.0,0.17600022735900178,0.5625,0.6875,40,5,0.6573286260655639,-0.09482862606556386,0.19919517102615694,0.3307952902914104,-0.15479506293240863,0.060362173038229376
2020,88986,ACEGUÁ,61,9,6.777777777777778,0.3114754098360656,0.6039191456049096,0.5758547008547008,0.6544117647058824,68,5,0.7433847968067664,-0.16753009595206558,0.08853118712273642,0.44324295269583636,0.1606761929090732,0.9154929577464789
2020,88994,SAPIRANGA,157,11,14.272727272727273,0.025477707006369428,0.6013588153997149,0.8244084682440846,0.6363636363636364,143,6,0.853974437714025,-0.02956596946994039,0.38028169014084506,0.5846536474874952,0.016705167912219765,0.6197183098591549
2020,89001,ALMIRANTE TAMANDARÉ DO SUL,25,9,2.7777777777777777,0.0,0.23890766307567057,0.4513888888888889,0.3191489361702128,47,4,0.6151045690260702,-0.16371568013718135,0.09054325955734406,0.27512009153286454,-0.03621242845719397,0.39235412474849096
2020,89010,SAPUCAIA DO SUL,232,11,21.09090909090909,0.08620689655172414,0.6042432881684574,0.9201974496092142,0.8841463414634146,164,8,0.8915195178428044,0.02867793176640987,0.5613682092555332,0.6313207761441061,-0.027077487975648684,0.42857142857142855
2020,89028,ARROIO DO PADRE,35,9,3.888888888888889,0.05714285714285714,0.3973244207529074,0.5512820512820512,0.6851851851851852,54,3,0.6660222385410016,-0.11474018725895041,0.1710261569416499,0.34222194205338247,0.05510247869952495,0.7404426559356136
2020,89036,SARANDI,68,11,6.181818181818182,0.0,0.436410954511548,0.9059011164274322,0.9508196721311475,122,3,0.7574745412147156,0.14842657521271663,0.9114688128772636,0.4614906897582128,-0.02507973524666479,0.44466800804828976
2020,89044,BOA VISTA DO CADEADO,33,9,3.6666666666666665,0.030303030303030304,0.5081988582469656,0.5532407407407408,0.5964912280701754,57,4,0.6573286260655639,-0.10408788532482305,0.1790744466800805,0.3307952902914104,0.17740356795555523,0.93158953722334
2020,89052,SEBERI,35,9,3.888888888888889,0.02857142857142857,0.4066279614005901,0.7222222222222222,0.8780487804878049,82,3,0.6660222385410016,0.05619998368122059,0.6559356136820925,0.34222194205338247,0.06440601934720763,0.7706237424547284
2020,89060,BOA VISTA DO INCRA,26,9,2.888888888888889,0.0,0.2916385104111838,0.6895424836601307,0.6637931034482759,58,3,0.621186508390692,0.0683559752694387,0.6971830985915493,0.28315657697773133,0.008481933433452493,0.579476861167002
2020,89079,SELBACH,31,9,3.4444444444444446,0.0,0.4187823129337904,0.47727272727272724,0.541095890410959,73,3,0.6479915064637857,-0.17071877919105843,0.08450704225352113,0.318508350182385,0.10027396275140543,0.8470824949698189
2020,89087,BOZANO,21,9,2.3333333333333335,0.0,0.17747136430543886,0.5324074074074074,0.59,50,3,0.5876261712801885,-0.05521876387278102,0.2837022132796781,0.23874551462326432,-0.06127415031782546,0.2857142857142857
2020,89095,SERAFINA CORRÊA,36,9,4.0,0.0,0.29466377574545133,0.6090534979423868,0.7125,80,2,0.6701517984833477,-0.06109830054096088,0.2716297786720322,0.347645027177696,-0.05298125143224469,0.32595573440643866
2020,89109,CANUDOS DO VALE,40,9,4.444444444444445,0.025,0.2556898929099858,0.48028673835125446,0.5,70,4,0.6854063244295987,-0.20511958607834424,0.05030181086519115,0.3676504938403468,-0.11196060093036103,0.13682092555331993
2020,89117,SERTÃO,36,9,4.0,0.0,0.3516190847575609,0.6604938271604939,0.6439393939393939,66,3,0.6701517984833477,-0.009657971322853842,0.45875251509054327,0.347645027177696,0.003974057579864854,0.5613682092555332
2020,89125,CAPÃO BONITO DO SUL,28,9,3.111111111111111,0.0,0.3108116136517718,0.8304093567251462,0.7254901960784313,51,3,0.6325751798309591,0.19783417689418703,0.96579476861167,0.2981902785764915,0.012621335075280293,0.5995975855130785
2020,89133,SEVERIANO DE ALMEIDA,20,9,2.2222222222222223,0.0,0.40932096089718173,0.29292929292929293,0.5555555555555556,18,3,0.5798123528155054,-0.28688305988621243,0.018108651911468814,0.22838332916292242,0.1809376317342593,0.937625754527163
2020,89141,CAPÃO DO CIPÓ,33,9,3.6666666666666665,0.06060606060606061,0.2747839597603381,0.6898148148148148,0.6206896551724138,58,3,0.6573286260655639,0.03248618874925091,0.5714285714285714,0.3307952902914104,-0.05601133053107232,0.3158953722334004
2020,89150,CAPÃO DA CANOA,149,11,13.545454545454545,0.053691275167785234,0.5332000298206108,0.9166666666666667,0.9052287581699346,153,6,0.8485795277223788,0.06808713894428797,0.6941649899396378,0.577874956251438,-0.044674926430827266,0.35412474849094566
2020,89168,COQUEIRO BAIXO,21,9,2.3333333333333335,0.0,0.09737687881295565,0.6898148148148148,0.6081081081081081,37,3,0.5876261712801885,0.10218864353462631,0.8269617706237424,0.23874551462326432,-0.14136863581030867,0.08249496981891348
2020,89176,SOBRADINHO,56,9,6.222222222222222,0.017857142857142856,0.42598960361960847,0.8167848699763594,0.7605633802816901,71,5,0.7320481936157502,0.08473667636060911,0.7706237424547284,0.4285232129981351,-0.0025336093785266467,0.5372233400402414
2020,89184,CORONEL PILAR,24,9,2.6666666666666665,0.0,0.3112545624044407,0.611111111111111,0.5571428571428572,35,4,0.608734896333811,0.0023762147773001008,0.4869215291750503,0.2666976272456509,0.044556935158789834,0.7002012072434608
2020,89192,SOLEDADE,107,13,8.23076923076923,0.0,0.4574988719265871,0.7389525368248772,0.7634408602150538,186,7,0.8124356071050415,-0.07348307028016432,0.24748490945674045,0.5320889403310325,-0.07459006840444538,0.2414486921529175
2020,89206,CRUZALTENSE,19,9,2.111111111111111,0.0,0.29115936508304197,0.43333333333333335,0.42857142857142855,14,5,0.5715414805883487,-0.1382081472550154,0.13279678068410464,0.2174064894483833,0.07375287563465865,0.7867203219315896
2020,89214,TAPEJARA,66,11,6.0,0.015151515151515152,0.3064558574881451,0.806611570247934,0.7927927927927928,111,5,0.753637474086862,0.05297409616107196,0.6378269617706237,0.45652661634684655,-0.15007075885870147,0.06639839034205232
2020,89222,FORQUETINHA,25,9,2.7777777777777777,0.0,0.6211863413327074,0.6597222222222222,0.5384615384615384,52,3,0.6151045690260702,0.04461765319615196,0.6146881287726358,0.27512009153286454,0.3460662497998429,0.9919517102615694
2020,89230,TAPERA,40,9,4.444444444444445,0.0,0.45525958240483977,0.7670250896057347,0.7702702702702703,74,4,0.6854063244295987,0.08161876517613598,0.7565392354124748,0.3676504938403468,0.08760908856449295,0.8209255533199196
2020,89247,SANTA CECÍLIA DO SUL,33,9,3.6666666666666665,0.21212121212121213,0.3775275002825076,0.7013888888888888,0.5652173913043478,69,3,0.6573286260655639,0.04406026282332498,0.6116700201207244,0.3307952902914104,0.04673220999109717,0.710261569416499
2020,89249,ITATI,34,9,3.7777777777777777,0.0,0.27627579025758475,0.7111111111111111,0.7901234567901234,81,3,0.6617508391398754,0.049360271971235714,0.6297786720321932,0.33660938483245845,-0.060333594574873695,0.2917505030181087
2020,89257,TAPES,87,9,9.666666666666666,0.28735632183908044,0.6817658253006613,0.8839031339031338,0.8814432989690721,97,5,0.7881239799026271,0.09577915400050674,0.7907444668008048,0.5009855555196111,0.18078026978105022,0.9356136820925554
2020,89265,JACUIZINHO,30,9,3.3333333333333335,0.0,0.22328545763711705,0.6058201058201058,0.7888888888888889,45,5,0.6430539515866205,-0.03723384576651467,0.36016096579476864,0.3120050300532582,-0.08871957241614115,0.19718309859154928
2020,89273,TAQUARA,165,15,11.0,0.10909090909090909,0.6175342746600498,0.7713333333333333,0.7304832713754646,269,7,0.8590212803802285,-0.0876879470468952,0.20724346076458752,0.5909801222933944,0.02655415236665548,0.6498993963782697
2020,89281,LAGOA BONITA DO SUL,38,9,4.222222222222222,0.0,0.3633131903321887,0.685823754789272,0.7181818181818181,55,5,0.6780176010910932,0.00780615369817883,0.5070422535211268,0.35796605635269796,0.005347133979490715,0.5633802816901409
2020,89290,TAQUARI,73,9,8.11111111111111,0.0136986301369863,0.46937488374037195,0.7604166666666667,0.8314606741573034,89,4,0.766487464410139,-0.0060707977434723,0.4647887323943662,0.4731344121008553,-0.003759528360483322,0.5311871227364185
2020,89303,MATO QUEIMADO,12,9,1.3333333333333333,0.0,0.05661021578803638,0.5925925925925926,0.5555555555555556,9,3,0.4951504371097083,0.09744215548288426,0.8028169014084507,0.11564683939210578,-0.0590366236040694,0.30181086519114686
2020,89311,TENENTE PORTELA,51,9,5.666666666666667,0.0,0.35155596189161553,0.7222222222222222,0.6619718309859155,71,5,0.7194071089048852,0.0028151133173369702,0.4909456740442656,0.41207276059329484,-0.06051679870167931,0.289738430583501
2020,89320,NOVO XINGU,18,9,2.0,0.0,0.05669541442707815,0.8765432098765432,0.9090909090909091,22,4,0.5627626614548721,0.31378054842167113,1.0,0.20574617852264762,-0.14905076409556947,0.06841046277665996
2020,89338,TORRES,155,13,11.923076923076923,0.14193548387096774,0.6392561437904853,0.8651137594799566,0.84375,160,8,0.8526598999740742,0.012453859505882403,0.5191146881287726,0.5830034182004955,0.05625272558998984,0.744466800804829
2020,89346,PAULO BENTO,41,9,4.555555555555555,0.0,0.32293785117815754,0.4461805555555556,0.46938775510204084,49,6,0.6889374971590041,-0.24275694160344852,0.03420523138832998,0.3722750919749616,-0.04933724079680407,0.3380281690140845
2020,89354,TRAMANDAÍ,175,13,13.461538461538462,0.05714285714285714,0.5589584032351884,0.9254510921177589,0.8826291079812206,213,5,0.8648954961575258,0.06055559596023308,0.6680080482897385,0.598324701347292,-0.03936629811210357,0.3782696177062374
2020,89362,PINHAL DA SERRA,27,9,3.0,0.0,0.32377663871773765,0.4135802469135802,0.48333333333333334,60,3,0.6270033373382171,-0.21342309042463692,0.04426559356136821,0.2908375956130629,0.03293904310467477,0.676056338028169
2020,89370,TRÊS COROAS,95,9,10.555555555555555,0.031578947368421054,0.5414084340803533,0.7448320413436692,0.785,100,6,0.7986202362221575,-0.053788194878488294,0.2917505030181087,0.5144406989855799,0.02696773509477346,0.6519114688128773
2020,89389,QUATRO IRMÃOS,38,9,4.222222222222222,0.0,0.27609018635941207,0.5632183908045976,0.5592105263157895,76,4,0.6780176010910932,-0.11479921028649565,0.16901408450704225,0.35796605635269796,-0.08187586999328589,0.21327967806841047
2020,89397,TRÊS DE MAIO,70,11,6.363636363636363,0.014285714285714285,0.31883332726870384,0.8906009244992295,0.8645833333333334,96,5,0.7611749746549671,0.12942594984426237,0.8832997987927566,0.46627408064608156,-0.14744075337737772,0.07243460764587525
2020,89400,ROLADOR,25,9,2.7777777777777777,0.08,0.6642463329086472,0.5972222222222222,0.46808510638297873,47,3,0.6151045690260702,-0.017882346803848037,0.4225352112676056,0.27512009153286454,0.38912624137578267,0.9979879275653923
2020,89419,TRÊS PASSOS,70,11,6.363636363636363,0.014285714285714285,0.41756097133556436,0.613251155624037,0.6262626262626263,99,6,0.7611749746549671,-0.1479238190309301,0.11066398390342053,0.46627408064608156,-0.0487131093105172,0.3420523138832998
2020,89435,TRIUNFO,108,11,9.818181818181818,0.06481481481481481,0.5791899499574671,0.866447985004686,0.7969924812030075,133,4,0.8134976096886818,0.05295037531600422,0.635814889336016,0.5334425019904088,0.04574744796705832,0.7062374245472837
2020,89443,SANTA MARGARIDA DO SUL,30,9,3.3333333333333335,0.1,0.6210207444199896,0.6322751322751322,0.6914893617021277,47,3,0.6430539515866205,-0.010778819311488275,0.45472837022132795,0.3120050300532582,0.30901571436673136,0.9879275653923542
2020,89451,TUCUNDUVA,37,9,4.111111111111111,0.0,0.22895156141062523,0.7738095238095238,0.8064516129032258,62,5,0.6741477377536232,0.09966178605590059,0.8128772635814889,0.35288968628383066,-0.12393812487320544,0.11468812877263582
2020,89460,SÃO JOSÉ DO SUL,26,9,2.888888888888889,0.0,0.1607600587392939,0.36274509803921573,0.4375,40,4,0.621186508390692,-0.2584414103514763,0.02414486921529175,0.28315657697773133,-0.12239651823843745,0.11871227364185111
2020,89478,TUPANCIRETÃ,84,9,9.333333333333334,0.011904761904761904,0.5432724136651308,0.8503703703703703,0.7386363636363636,88,5,0.7838710763185277,0.06649929405184263,0.6901408450704225,0.49552296899748455,0.047749444667646246,0.716297786720322
2020,89486,SÃO PEDRO DAS MISSÕES,27,9,3.0,0.0,0.26762951303874694,0.43827160493827155,0.5256410256410257,39,3,0.6270033373382171,-0.18873173239994556,0.056338028169014086,0.2908375956130629,-0.023208082574315947,0.45875251509054327
2020,89494,TUPARENDI,30,9,3.3333333333333335,0.0,0.31872957958422243,0.7777777777777778,0.8125,48,4,0.6430539515866205,0.1347238261911573,0.8933601609657947,0.3120050300532582,0.006724549530964241,0.5674044265593562
2020,89508,TIO HUGO,31,9,3.4444444444444446,0.0,0.22104595323416487,0.7702020202020202,0.6530612244897959,49,4,0.6479915064637857,0.12221051373823455,0.8752515090543259,0.318508350182385,-0.09746239694822012,0.16901408450704225
2020,89516,URUGUAIANA,138,11,12.545454545454545,0.11594202898550725,0.616564886319644,0.8786685755189692,0.7072368421052632,152,5,0.8405128558726388,0.038155719646330355,0.5975855130784709,0.5677102167384331,0.048854669581210874,0.7183098591549296
2020,89524,WESTFALIA,27,9,3.0,0.0,0.17349487061418456,0.7376543209876543,0.7317073170731707,41,4,0.6270033373382171,0.11065098364943715,0.8511066398390342,0.2908375956130629,-0.11734272499887832,0.12877263581488935
2020,89532,VACARIA,197,15,13.133333333333333,0.07106598984771574,0.5327605005901173,0.7604395604395604,0.6797520661157025,242,9,0.8763851317730904,-0.11594557133353,0.16700201207243462,0.6126265154293157,-0.07986601483919842,0.22334004024144868
2020,89540,PINTO BANDEIRA,21,9,2.3333333333333335,0.19047619047619047,0.47097066591651426,0.7083333333333333,0.9047619047619048,21,4,0.5876261712801885,0.1207071620531448,0.8732394366197183,0.23874551462326432,0.23222515129324994,0.9758551307847082
2020,89559,VENÂNCIO AIRES,204,15,13.6,0.029411764705882353,0.6028601269661573,0.8675485008818342,0.8033088235294118,272,7,0.8796879616755339,-0.012139460793699652,0.448692152917505,0.6167209841312886,-0.013860857165131302,0.48490945674044267
2020,89567,PEDRAS ALTAS,25,9,2.7777777777777777,0.04,0.5192217350370512,0.40625,0.625,24,2,0.6151045690260702,-0.20885456902607025,0.0482897384305835,0.27512009153286454,0.24410164350418662,0.9818913480885312
2020,89575,VERA CRUZ,82,11,7.454545454545454,0.024390243902439025,0.4109158250285836,0.6587708066581306,0.5973451327433629,113,6,0.7809288920387047,-0.12215808538057416,0.15090543259557343,0.49174041520051,-0.08082459017192639,0.2193158953722334
2020,89591,VERANÓPOLIS,52,9,5.777777777777778,0.0,0.3624109487152827,0.7906976744186046,0.782051282051282,78,5,0.7220524509040286,0.06864522351457603,0.7002012072434608,0.415518376020784,-0.05310742730550133,0.323943661971831
2020,89613,VIADUTOS,35,9,3.888888888888889,0.0,0.2374822579776228,0.653846153846154,0.8333333333333334,42,4,0.6660222385410016,-0.012176084694847655,0.44668008048289737,0.34222194205338247,-0.10473968407575968,0.14688128772635814
2020,89630,VIAMÃO,446,21,21.238095238095237,0.19506726457399104,0.7328053851253338,0.8994957983193277,0.8946360153256705,522,12,0.9434560316117816,-0.04396023329245391,0.33601609657947684,0.6937138405109136,0.039091544614420215,0.6901408450704225
2020,89656,VICENTE DUTRA,37,9,4.111111111111111,0.0,0.18391047857121734,0.626984126984127,0.75,60,3,0.6741477377536232,-0.04716361076949627,0.3199195171026157,0.35288968628383066,-0.16897920771261332,0.03621730382293763
2020,89672,PALMARES DO SUL,73,9,8.11111111111111,0.0547945205479452,0.3569361197832166,0.8333333333333333,0.8095238095238095,84,5,0.766487464410139,0.06684586892319422,0.6921529175050302,0.4731344121008553,-0.11619829231763867,0.13279678068410464
2020,89699,VICTOR GRAEFF,21,9,2.3333333333333335,0.0,0.23703266303453607,0.5648148148148149,0.6052631578947368,38,3,0.5876261712801885,-0.022811356465373578,0.4084507042253521,0.23874551462326432,-0.001712851588728248,0.5412474849094567
2020,89710,TAVARES,25,9,2.7777777777777777,0.0,0.24508269486126122,0.8402777777777778,0.8653846153846154,52,3,0.6151045690260702,0.22517320875170754,0.9798792756539235,0.27512009153286454,-0.030037396671603322,0.4124748490945674
2020,89737,CAPÃO DO LEÃO,99,11,9.0,0.0,0.4674780813907029,0.8130165289256198,0.7638888888888888,144,6,0.8034596286579645,0.009556900267655322,0.5130784708249497,0.5206309703892888,-0.053152888998585945,0.32193158953722334
2020,89753,SALTO DO JACUÍ,60,9,6.666666666666667,0.23333333333333334,0.454131913490303,0.8779956427015251,0.8414634146341463,82,4,0.7412104166527502,0.13678522604877486,0.8953722334004024,0.4404222039063259,0.013709709583977103,0.6056338028169014
2020,89770,COTIPORÃ,37,9,4.111111111111111,0.0,0.1569305219882049,0.5,0.65,70,4,0.6741477377536232,-0.17414773775362324,0.07645875251509054,0.35288968628383066,-0.19595916429562577,0.012072434607645875
2020,98213,TEUTÔNIA,144,11,13.090909090909092,0.10416666666666667,0.5454565273736398,0.8004101161995898,0.8478260869565217,138,7,0.8450121623998651,-0.0446020462002753,0.33400402414486924,0.5733839237335433,-0.02792739635990349,0.4225352112676056
2020,98230,BOM PRINCÍPIO,44,9,4.888888888888889,0.0,0.3545958611103506,0.6444444444444444,0.6710526315789473,76,4,0.6989428631221675,-0.05449841867772309,0.28772635814889336,0.38536509514918377,-0.030769234038833193,0.4084507042253521
2020,98256,PAROBÉ,164,15,10.933333333333334,0.09146341463414634,0.5625756578232026,0.8498881431767338,0.8740157480314961,254,6,0.8584081565587427,-0.008520013382008917,0.46277665995975853,0.5902123309594571,-0.027636673136254508,0.4245472837022133
2020,98272,FORTALEZA DOS VALOS,15,9,1.6666666666666667,0.0,0.21508307615153233,0.5740740740740741,0.6341463414634146,41,2,0.532725969869732,0.041348104204342095,0.6016096579476862,0.16578137025679643,0.0493017058947359,0.7223340040241448
2020,98299,JÓIA,44,9,4.888888888888889,0.0,0.2227971417545156,0.5634920634920635,0.5822784810126582,79,4,0.6989428631221675,-0.13545079963010398,0.13883299798792756,0.38536509514918377,-0.16256795339466817,0.0482897384305835
2024,84735,ÁUREA,39,9,4.333333333333333,0.0,0.3303207779090864,0.7240740740740741,0.5943396226415094,53,5,0.6616455361437813,0.06242853793029279,0.7062374245472837,0.3694331673523091,-0.03911238944322265,0.37424547283702214
2024,84743,TRÊS ARROIOS,32,9,3.5555555555555554,0.0,0.237634384594277,0.6690821256038647,0.6607142857142857,28,5,0.6319726411968907,0.037109484406974036,0.613682092555332,0.34255357464929087,-0.10491919005501388,0.13078470824949698
2024,84751,NOVA ROMA DO SUL,27,9,3.0,0.1111111111111111,0.5858530587056874,0.552469135802469,0.4642857142857143,42,4,0.6062381458289655,-0.05376901002649648,0.3038229376257545,0.3193922802713965,0.2664607784342909,0.9859154929577465
2024,84760,PROGRESSO,24,9,2.6666666666666665,0.0,0.3014545489710754,0.45925925925925926,0.4864864864864865,37,4,0.5882776674351856,-0.12901840817592636,0.14285714285714285,0.3033073281683611,-0.0018527791972857144,0.5110663983903421
2024,84778,PIRAPÓ,19,9,2.111111111111111,0.0,0.23301124246333704,0.5444444444444444,0.5227272727272727,44,2,0.5524124448860327,-0.007968000441588297,0.4507042253521127,0.27137518884309897,-0.038363946379761926,0.3782696177062374
2024,84786,JABOTICABA,17,9,1.8888888888888888,0.0,0.21393872348612386,0.5347222222222222,0.45652173913043476,23,3,0.5352471342975691,-0.0005249120753468839,0.4869215291750503,0.2561776614857923,-0.042238937999668436,0.36217303822937624
2024,84794,SÃO JORGE,20,9,2.2222222222222223,0.0,0.3171331755711908,0.35858585858585856,0.4107142857142857,28,3,0.5603111270437425,-0.20172526845788397,0.04627766599597585,0.278386692795951,0.03874648277523979,0.6961770623742455
2024,84808,ALTO ALEGRE,25,9,2.7777777777777777,0.0,0.16114327592524735,0.5902777777777778,0.7619047619047619,42,3,0.5945128175991683,-0.004235039821390507,0.4647887323943662,0.30888409952193896,-0.1477408235966916,0.052313883299798795
2024,84816,NOVA HARTZ,46,9,5.111111111111111,0.15217391304347827,0.5066805478480965,0.8168168168168167,0.7083333333333334,48,4,0.6861400954986199,0.13067672131819685,0.8651911468812877,0.39176849989186385,0.11491204795623261,0.8873239436619719
2024,84824,DOIS LAJEADOS,28,9,3.111111111111111,0.0,0.4320937794306692,0.4385964912280702,0.5232558139534884,43,4,0.6117647010649437,-0.17316820983687353,0.07645875251509054,0.32435475476009706,0.10773902467057211,0.8772635814889336
2024,84832,SÃO DOMINGOS DO SUL,13,9,1.4444444444444444,0.0,0.21088392168953285,0.3055555555555556,0.3888888888888889,18,2,0.4937047506454702,-0.18814919508991462,0.05835010060362173,0.21961573979363805,-0.008731818104105199,0.48088531187122735
2024,84840,TUNAS,18,9,2.0,0.0,0.2083126418713639,0.5679012345679013,0.7407407407407407,27,3,0.5440742639525898,0.02382697061531147,0.5694164989939637,0.2639861240658932,-0.05567348219452933,0.2937625754527163
2024,84859,SÃO JOÃO DA URTIGA,36,9,4.0,0.0,0.15632194564192914,0.6275720164609053,0.7391304347826086,46,4,0.6496796935394076,-0.022107677078502252,0.4164989939637827,0.3585708182173816,-0.2022488725754525,0.01006036217303823
2024,84867,GUABIJU,18,9,2.0,0.0,0.16819772628964214,0.3580246913580247,0.5483870967741935,31,2,0.5440742639525898,-0.18604957259456512,0.06438631790744467,0.2639861240658932,-0.09578839777625109,0.14688128772635814
2024,84875,QUINZE DE NOVEMBRO,32,9,3.5555555555555554,0.0,0.2984347183520515,0.8019323671497586,0.813953488372093,43,4,0.6319726411968907,0.1699597259528679,0.9336016096579477,0.34255357464929087,-0.044118856297239384,0.3561368209255533
2024,84883,DOUTOR MAURÍCIO CARDOSO,24,9,2.6666666666666665,0.0,0.3773499367223161,0.7592592592592593,0.7833333333333333,30,3,0.5882776674351856,0.1709815918240737,0.9356136820925554,0.3033073281683611,0.074042608553955,0.8048289738430584
2024,84891,CAPELA DE SANTANA,55,9,6.111111111111111,0.0,0.5282097380637898,0.7765700483091786,0.7803030303030303,66,5,0.7123578682832792,0.06421218002589946,0.7122736418511066,0.41582903923839815,0.11238069882539165,0.8832997987927566
2024,84905,JAQUIRANA,38,9,4.222222222222222,0.2631578947368421,0.6002021884583864,0.7279693486590038,0.6296296296296297,54,4,0.6577685559346997,0.07020079272430402,0.7323943661971831,0.365910280141298,0.23429190831708835,0.9758551307847082
2024,84913,VANINI,22,9,2.4444444444444446,0.0,0.21991411652479753,0.4786324786324786,0.625,40,3,0.5749537638167549,-0.0963212851842763,0.19517102615694165,0.29141581275328254,-0.07150169622848501,0.23742454728370221
2024,84921,BOQUEIRÃO DO LEÃO,37,9,4.111111111111111,0.0,0.21897660672049524,0.5912698412698412,0.5517241379310345,58,3,0.6537819707214879,-0.06251212945164675,0.27565392354124746,0.36229124834879456,-0.14331464162829932,0.056338028169014086
2024,84930,FAGUNDES VARELA,13,9,1.4444444444444444,0.0,0.16680261850056533,0.41666666666666663,0.42857142857142855,14,3,0.4937047506454702,-0.07703808397880357,0.23541247484909456,0.21961573979363805,-0.05281312129307272,0.3058350100603622
2024,84948,ÁGUA SANTA,24,9,2.6666666666666665,0.0,0.24440460181207335,0.4481481481481481,0.3409090909090909,44,3,0.5882776674351856,-0.14012951928703754,0.1227364185110664,0.3033073281683611,-0.05890272635628774,0.27565392354124746
2024,84956,SILVEIRA MARTINS,22,9,2.4444444444444446,0.0,0.3067653075169361,0.7136752136752136,0.7051282051282052,39,3,0.5749537638167549,0.1387214498584587,0.8792756539235412,0.29141581275328254,0.015349494763653548,0.5835010060362174
2024,84964,IBIRAPUITÃ,36,9,4.0,0.0,0.3686567763132709,0.7613168724279835,0.6190476190476191,42,3,0.6496796935394076,0.11163717888857594,0.8329979879275654,0.3585708182173816,0.010085958095889247,0.5613682092555332
2024,84972,IBARAMA,20,9,2.2222222222222223,0.0,0.24848626989309608,0.7777777777777777,0.7419354838709677,31,2,0.5603111270437425,0.21746665073403515,0.971830985915493,0.278386692795951,-0.02990042290285494,0.42052313883299797
2024,84980,PANTANO GRANDE,59,9,6.555555555555555,0.0,0.433283730656413,0.8822222222222222,0.8732394366197183,71,5,0.7225696004660397,0.15965262175618256,0.9074446680080482,0.425245179103461,0.008038551552952022,0.5553319919517102
2024,84999,IPÊ,30,9,3.3333333333333335,0.0,0.29430399519075867,0.5767195767195767,0.5652173913043478,46,4,0.6222226624401682,-0.045503085720591474,0.33601609657947684,0.3337623900796846,-0.03945839488892594,0.3722334004024145
2024,85006,TRINDADE DO SUL,35,9,3.888888888888889,0.0,0.32555658507114127,0.5128205128205128,0.6065573770491803,61,3,0.6454551236504974,-0.13263461082998462,0.13682092555331993,0.3547432971160681,-0.029186712044926844,0.4225352112676056
2024,85014,AGUDO,66,9,7.333333333333333,0.0,0.30465465366753164,0.7426900584795322,0.7971014492753623,69,5,0.7387702819757535,0.003919776503778727,0.5070422535211268,0.44023668735276983,-0.1355820336852382,0.06841046277665996
2024,85022,ERNESTINA,23,9,2.5555555555555554,0.0,0.2051963531912444,0.4801587301587302,0.6538461538461539,39,3,0.5817661427362507,-0.10160741257752054,0.18309859154929578,0.2974915147837493,-0.09229516159250489,0.16096579476861167
2024,85030,AJURICABA,34,9,3.7777777777777777,0.029411764705882353,0.28174619589142313,0.7822222222222222,0.7906976744186046,43,4,0.6411010874905468,0.1411211347316753,0.8853118712273642,0.35080250347804126,-0.06905630758661813,0.24949698189134809
2024,85049,DEZESSEIS DE NOVEMBRO,23,9,2.5555555555555554,0.0,0.25199002336687304,0.5396825396825397,0.47,50,3,0.5817661427362507,-0.04208360305371106,0.35412474849094566,0.2974915147837493,-0.04550149141687626,0.3440643863179074
2024,85057,ALECRIM,20,9,2.2222222222222223,0.0,0.08545069913158665,0.7272727272727272,0.673469387755102,49,2,0.5603111270437425,0.16696160022898465,0.9195171026156942,0.278386692795951,-0.19293599366436437,0.02012072434607646
2024,85065,BROCHIER,38,9,4.222222222222222,0.0,0.37742285534476516,0.5938697318007662,0.5555555555555556,45,5,0.6577685559346997,-0.06389882413393355,0.2676056338028169,0.365910280141298,0.011512575203467157,0.5653923541247485
2024,85073,ALEGRETE,108,15,7.2,0.027777777777777776,0.41987261946230037,0.6580645161290323,0.6769662921348315,178,7,0.8082790658204726,-0.15021454969144032,0.10462776659959759,0.5053422009279509,-0.08546958146565053,0.18309859154929578
2024,85081,EREBANGO,41,9,4.555555555555555,0.0,0.33078294523011764,0.6770833333333333,0.4489795918367347,49,6,0.6690927641887686,0.007990569144564641,0.5271629778672032,0.37620958632931484,-0.045426641099197196,0.3460764587525151
2024,85090,ALPESTRE,24,9,2.6666666666666665,0.0,0.21141514637331849,0.45185185185185184,0.5,44,2,0.5882776674351856,-0.13642581558333378,0.13078470824949698,0.3033073281683611,-0.0918921817950426,0.16498993963782696
2024,85103,ENTRE-IJUÍS,49,9,5.444444444444445,0.02040816326530612,0.5617738199587299,0.6902777777777779,0.6764705882352942,51,4,0.6954460172499977,-0.005168239472219782,0.46277665995975853,0.40029013717847317,0.1614836827802567,0.9396378269617707
2024,85111,ALVORADA,277,17,16.294117647058822,0.1552346570397112,0.6944037268299645,0.9355203619909502,0.9336099585062241,241,8,0.9331143631518164,0.0024059988391338383,0.49899396378269617,0.625967874091056,0.06843585273890851,0.7927565392354124
2024,85120,NOVA ESPERANÇA DO SUL,31,9,3.4444444444444446,0.0,0.24782069195613898,0.606060606060606,0.6226415094339622,53,4,0.6271803567584054,-0.021119750697799478,0.42655935613682094,0.33823007025761936,-0.09040937830148038,0.1710261569416499
2024,85138,ANTA GORDA,23,9,2.5555555555555554,0.0,0.3919507266308129,0.5238095238095238,0.8333333333333334,30,4,0.5817661427362507,-0.05795661892672688,0.28772635814889336,0.2974915147837493,0.09445921184706357,0.8470824949698189
2024,85146,PAVERAMA,60,9,6.666666666666667,0.0,0.46566926800746966,0.696078431372549,0.73,50,6,0.7250066903787048,-0.02892825900615581,0.39235412474849096,0.4274961832331125,0.03817308477435716,0.6921529175050302
2024,85154,ANTÔNIO PRADO,34,9,3.7777777777777777,0.0,0.24599484648163816,0.6844444444444445,0.6792452830188679,53,3,0.6411010874905468,0.04334335695389768,0.635814889336016,0.35080250347804126,-0.1048076569964031,0.13279678068410464
2024,85162,TERRA DE AREIA,28,9,3.111111111111111,0.14285714285714285,0.39704334455669854,0.6812865497076024,0.5888888888888889,45,2,0.6117647010649437,0.06952184864265865,0.7303822937625755,0.32435475476009706,0.07268858979660148,0.8028169014084507
2024,85170,ARATIBA,25,9,2.7777777777777777,0.0,0.28897039525371104,0.6597222222222223,0.675,40,4,0.5945128175991683,0.06520940462305402,0.7142857142857143,0.30888409952193896,-0.019913704268227916,0.4386317907444668
2024,85189,HARMONIA,19,9,2.111111111111111,0.0,0.18070768180855845,0.6388888888888888,0.640625,32,3,0.5524124448860327,0.08647644400285615,0.7766599597585513,0.27137518884309897,-0.09066750703454052,0.16700201207243462
2024,85197,ARROIO DO MEIO,84,11,7.636363636363637,0.047619047619047616,0.42010000373991585,0.6980074719800747,0.7,95,5,0.7731528226407034,-0.07514535066062866,0.23742454728370221,0.472276859343846,-0.05217685560393015,0.3118712273641851
2024,85200,CAMPOS BORGES,24,9,2.6666666666666665,0.041666666666666664,0.38951287060252016,0.6407407407407407,0.8928571428571429,42,3,0.5882776674351856,0.05246307330555511,0.6680080482897385,0.3033073281683611,0.08620554243415907,0.8249496981891348
2024,85219,ARROIO DOS RATOS,86,9,9.555555555555555,0.11627906976744186,0.5113256674999855,0.7215007215007214,0.7272727272727273,66,5,0.7764726479997603,-0.054971926499038926,0.2977867203219316,0.475387187344861,0.03593848015512452,0.682092555331992
2024,85227,CERRO GRANDE,17,9,1.8888888888888888,0.0,0.17043608903417207,0.3888888888888889,0.3409090909090909,22,3,0.5352471342975691,-0.1463582454086802,0.11267605633802817,0.2561776614857923,-0.08574157245162023,0.1790744466800805
2024,85235,ARROIO DO TIGRE,25,9,2.7777777777777777,0.0,0.27009994342824806,0.642361111111111,0.51,50,3,0.5945128175991683,0.04784829351194275,0.6539235412474849,0.30888409952193896,-0.0387841560936909,0.3762575452716298
2024,85243,IPIRANGA DO SUL,27,9,3.0,0.0,0.2447146043414068,0.5030864197530864,0.532608695652174,46,4,0.6062381458289655,-0.10315172607587908,0.18108651911468812,0.3193922802713965,-0.0746776759299897,0.22736418511066397
2024,85251,ARROIO GRANDE,48,9,5.333333333333333,0.25,0.5825471757895893,0.933048433048433,0.9117647058823529,51,3,0.6924131948058457,0.24063523824258726,0.9859154929577465,0.3975106953292008,0.18503648046038845,0.9537223340040242
2024,85260,LAGOÃO,40,9,4.444444444444445,0.0,0.3393963551375341,0.8817204301075269,0.8604651162790697,43,5,0.6654185361999823,0.21630189390754462,0.9698189134808853,0.3728647686930895,-0.03346841355555541,0.4084507042253521
2024,85278,ARVOREZINHA,35,9,3.888888888888889,0.0,0.24218172946755367,0.8012820512820513,0.7674418604651163,43,5,0.6454551236504974,0.15582692763155392,0.9014084507042254,0.3547432971160681,-0.11256156764851444,0.11670020120724346
2024,85286,ESTAÇÃO,42,9,4.666666666666667,0.0,0.2026753168692912,0.4242424242424243,0.3706896551724138,58,5,0.6726730513669267,-0.24843062712450237,0.022132796780684104,0.3794717998122948,-0.1767964829430036,0.026156941649899398
2024,85294,AUGUSTO PESTANA,21,9,2.3333333333333335,0.0,0.3813579398280045,0.6944444444444444,0.7,30,3,0.5678126987867097,0.12663174565773472,0.8571428571428571,0.28505654929276186,0.09630139053524261,0.8531187122736419
2024,85308,ARROIO DO SAL,62,9,6.888888888888889,0.0,0.48261138342317644,0.7044025157232704,0.8852459016393442,61,5,0.7297527447842881,-0.025350229061017693,0.4084507042253521,0.4318840821851137,0.05072730123806274,0.744466800804829
2024,85316,BAGÉ,176,17,10.352941176470589,0.022727272727272728,0.6112453539395839,0.901590825009249,0.9004149377593361,241,8,0.8743796251973665,0.02721119981188258,0.5835010060362174,0.5685628511412079,0.04268250279837604,0.716297786720322
2024,85324,SÃO JOSÉ DO HORTÊNCIO,29,9,3.2222222222222223,0.0,0.2977974947717781,0.575,0.4019607843137255,51,3,0.6170882672467605,-0.04208826724676051,0.352112676056338,0.32914084753864564,-0.03134335276686756,0.41448692152917505
2024,85332,BARÃO DE COTEGIPE,32,9,3.5555555555555554,0.0,0.3537608899839093,0.5917874396135266,0.696969696969697,33,4,0.6319726411968907,-0.04018520158336403,0.3641851106639839,0.34255357464929087,0.01120731533461844,0.5633802816901409
2024,85340,PINHAL,22,9,2.4444444444444446,0.0,0.19614310874287533,0.6153846153846154,0.7,20,4,0.5749537638167549,0.040430851567860526,0.6237424547283702,0.29141581275328254,-0.09527270401040722,0.1488933601609658
2024,85359,BARRACÃO,19,9,2.111111111111111,0.0,0.21362336874298604,0.48333333333333334,0.44642857142857145,28,4,0.5524124448860327,-0.06907911155269936,0.2535211267605634,0.27137518884309897,-0.05775182010011293,0.2796780684104628
2024,85367,TRÊS CACHOEIRAS,29,9,3.2222222222222223,0.06896551724137931,0.3044088673082326,0.55,0.32432432432432434,37,2,0.6170882672467605,-0.06708826724676042,0.26156941649899396,0.32914084753864564,-0.024731980230413064,0.4305835010060362
2024,85375,BARRA DO RIBEIRO,76,9,8.444444444444445,0.11842105263157894,0.4986831090074544,0.7844112769485904,0.7671232876712328,73,6,0.7589624113969178,0.025448865551672584,0.5754527162977867,0.4590154586747434,0.03966765033271097,0.7022132796780685
2024,85383,SÃO VENDELINO,38,9,4.222222222222222,0.0,0.33206178332324754,0.7241379310344828,0.6557377049180327,61,4,0.6577685559346997,0.06636937509978302,0.7263581488933601,0.365910280141298,-0.033848496818050466,0.4044265593561368
2024,85391,BARROS CASSAL,32,9,3.5555555555555554,0.0,0.25061507586907394,0.8019323671497584,0.7755102040816326,49,4,0.6319726411968907,0.16995972595286768,0.93158953722334,0.34255357464929087,-0.09193849878021693,0.16297786720321933
2024,85405,PROTÁSIO ALVES,18,9,2.0,0.0,0.15077955540153742,0.39506172839506176,0.56,25,3,0.5440742639525898,-0.14901253555752808,0.10865191146881288,0.2639861240658932,-0.1132065686643558,0.11066398390342053
2024,85413,BENTO GONÇALVES,156,17,9.176470588235293,0.10256410256410256,0.5617763400753382,0.8660600931019891,0.8103448275862069,232,7,0.8583232942958906,0.007736798806098455,0.5251509054325956,0.5530788328920763,0.008697507183261899,0.5573440643863179
2024,85421,POUSO NOVO,24,9,2.6666666666666665,0.125,0.5068735659050949,0.674074074074074,0.6888888888888889,45,3,0.5882776674351856,0.08579640663888843,0.7736418511066399,0.3033073281683611,0.20356623773673382,0.96579476861167
2024,85430,BOA VISTA DO BURICÁ,32,9,3.5555555555555554,0.0,0.3545116319013981,0.6956521739130435,0.47619047619047616,21,3,0.6319726411968907,0.06367953271615279,0.710261569416499,0.34255357464929087,0.011958057252107246,0.5694164989939637
2024,85448,EUGÊNIO DE CASTRO,32,9,3.5555555555555554,0.0,0.3385965532294275,0.6908212560386473,0.46511627906976744,43,3,0.6319726411968907,0.05884861484175663,0.6921529175050302,0.34255357464929087,-0.003957021419863371,0.5010060362173038
2024,85456,BOM JESUS,25,9,2.7777777777777777,0.0,0.3870947910551916,0.8125,0.8076923076923077,52,3,0.5945128175991683,0.2179871824008317,0.9758551307847082,0.30888409952193896,0.07821069153325266,0.8148893360160966
2024,85464,CRISTAL,47,9,5.222222222222222,0.0,0.5188980497132403,0.6622807017543859,0.559322033898305,59,4,0.6893122173984666,-0.027031515644080684,0.4024144869215292,0.3946710158476629,0.12422703386557737,0.8993963782696177
2024,85472,BOM RETIRO DO SUL,42,9,4.666666666666667,0.023809523809523808,0.377488179562111,0.8299663299663299,0.8425925925925926,54,3,0.6726730513669267,0.15729327859940323,0.903420523138833,0.3794717998122948,-0.001983620250183782,0.5070422535211268
2024,85480,SÃO MIGUEL DAS MISSÕES,30,9,3.3333333333333335,0.0,0.47133928192120167,0.7671957671957672,0.5675675675675675,37,2,0.6222226624401682,0.144973104755599,0.8913480885311871,0.3337623900796846,0.13757689184151706,0.9114688128772636
2024,85499,BOSSOROCA,28,9,3.111111111111111,0.0,0.3106168145158814,0.5555555555555556,0.4864864864864865,37,4,0.6117647010649437,-0.05620914550938816,0.29577464788732394,0.32435475476009706,-0.013737940244215652,0.4607645875251509
2024,85502,GLORINHA,48,9,5.333333333333333,0.14583333333333334,0.46070032713844755,0.717948717948718,0.639344262295082,61,4,0.6924131948058457,0.02553552314287222,0.5774647887323944,0.3975106953292008,0.06318963180924675,0.778672032193159
2024,85510,BRAGA,18,10,1.8,0.0,0.3266960777644974,0.5375,0.6521739130434783,23,4,0.5440742639525898,-0.006574263952589865,0.4567404426559356,0.2639861240658932,0.06270995369860416,0.7766599597585513
2024,85529,SEGREDO,27,9,3.0,0.0,0.30915306125069675,0.6574074074074074,0.5222222222222223,45,3,0.6062381458289655,0.05116926157844193,0.6639839034205232,0.3193922802713965,-0.010239219020699741,0.47283702213279677
2024,85537,BUTIÁ,95,9,10.555555555555555,0.0,0.49151639438043837,0.9108527131782945,0.9230769230769231,65,4,0.7904446193315009,0.12040809384679363,0.8490945674044266,0.48851073540081935,0.003005658979619019,0.5392354124748491
2024,85545,ALEGRIA,22,9,2.4444444444444446,0.0,0.30296930266923483,0.594017094017094,0.5512820512820513,39,3,0.5749537638167549,0.019063330200339124,0.5533199195171026,0.29141581275328254,0.011553489915952286,0.5674044265593562
2024,85553,CAÇAPAVA DO SUL,82,11,7.454545454545454,0.024390243902439025,0.5093466571700442,0.8169014084507042,0.8061224489795918,98,5,0.769746466150158,0.04715494230054629,0.6498993963782697,0.4690885737993084,0.04025808337073583,0.704225352112676
2024,85561,SALDANHA MARINHO,23,9,2.5555555555555554,0.0,0.27756169692048993,0.6944444444444444,0.5441176470588235,34,3,0.5817661427362507,0.1126783017081937,0.8370221327967807,0.2974915147837493,-0.01992981786325937,0.43661971830985913
2024,85570,CACEQUI,39,9,4.333333333333333,0.15384615384615385,0.4400992308120273,0.7222222222222222,0.6538461538461539,52,4,0.6616455361437813,0.06057668607844091,0.6981891348088531,0.3694331673523091,0.07066606345971821,0.7987927565392354
2024,85588,SÃO JOSÉ DO HERVAL,30,9,3.3333333333333335,0.0,0.513737300036059,0.41269841269841273,0.46808510638297873,47,4,0.6222226624401682,-0.20952424974175549,0.03621730382293763,0.3337623900796846,0.17997490995637438,0.9476861167002012
2024,85596,CACHOEIRA DO SUL,150,15,10.0,0.13333333333333333,0.5875457502323957,0.8098765432098765,0.8202247191011236,178,7,0.8530640434465248,-0.0431875002366483,0.34808853118712274,0.5480253734203366,0.03952037681205911,0.7002012072434608
2024,85600,VISTA ALEGRE,29,9,3.2222222222222223,0.0,0.36579625400846427,0.4722222222222222,0.5681818181818182,44,4,0.6170882672467605,-0.14486604502453826,0.11670020120724346,0.32914084753864564,0.03665540646981863,0.6861167002012073
2024,85618,CACHOEIRINHA,196,17,11.529411764705882,0.1377551020408163,0.6207232956256932,0.8797239566217548,0.8487394957983193,238,8,0.8885530509165032,-0.008829094294748319,0.448692152917505,0.5823030222492587,0.0384202733764345,0.6941649899396378
2024,85626,IVORÁ,20,9,2.2222222222222223,0.25,0.41146197383478156,0.5606060606060607,0.4189189189189189,37,3,0.5603111270437425,0.0002949335623181337,0.4909456740442656,0.278386692795951,0.13307528103883054,0.903420523138833
2024,85634,CACIQUE DOBLE,14,9,1.5555555555555556,0.0,0.15382741421574608,0.6777777777777778,0.85,10,3,0.5051932612982993,0.17258451647947848,0.9416498993963782,0.2296967344630732,-0.07586932024732712,0.22535211267605634
2024,85642,VILA MARIA,37,9,4.111111111111111,0.0,0.2814876872421894,0.3273809523809524,0.5930232558139535,43,5,0.6537819707214879,-0.32640101834053553,0.01006036217303823,0.36229124834879456,-0.08080356110660514,0.20724346076458752
2024,85650,CAIBATÉ,21,9,2.3333333333333335,0.0,0.3111005181561093,0.7314814814814815,0.6176470588235294,34,4,0.5678126987867097,0.1636687826947718,0.9175050301810865,0.28505654929276186,0.026043968863347422,0.6237424547283702
2024,85669,TAQUARUÇU DO SUL,40,9,4.444444444444445,0.0,0.5086825274301152,0.6254480286738351,0.5641025641025641,39,5,0.6654185361999823,-0.03997050752614717,0.36619718309859156,0.3728647686930895,0.13581775873702573,0.9074446680080482
2024,85677,CAIÇARA,38,9,4.222222222222222,0.0,0.31295814078859174,0.4636015325670497,0.5384615384615384,52,4,0.6577685559346997,-0.19416702336765002,0.05030181086519115,0.365910280141298,-0.05295213935270626,0.3038229376257545
2024,85685,IMBÉ,77,9,8.555555555555555,0.025974025974025976,0.5031140458037806,0.7222222222222222,0.8,70,7,0.7608222394782383,-0.03860001725601614,0.3722334004024145,0.46075046558516414,0.04236358021861647,0.7122736418511066
2024,85693,CAMAQUÃ,124,15,8.266666666666667,0.06451612903225806,0.4851186672214771,0.7825688073394496,0.8159509202453987,163,8,0.8272717357197487,-0.0447029283802991,0.3420523138832998,0.523368837736369,-0.03825017051489188,0.38028169014084506
2024,85707,SEDE NOVA,28,9,3.111111111111111,0.0,0.2337746888050516,0.45029239766081874,0.36538461538461536,52,3,0.6117647010649437,-0.161472303404125,0.08249496981891348,0.32435475476009706,-0.09058006595504547,0.16901408450704225
2024,85715,CAMBARÁ DO SUL,38,9,4.222222222222222,0.02631578947368421,0.34625308460476956,0.8199233716475096,0.7586206896551724,58,4,0.6577685559346997,0.16215481571280987,0.9134808853118712,0.365910280141298,-0.01965719553652845,0.44064386317907445
2024,85723,TUPANDI,23,9,2.5555555555555554,0.0,0.3595448956673706,0.44841269841269843,0.35185185185185186,27,4,0.5817661427362507,-0.13335344432355228,0.13480885311871227,0.2974915147837493,0.06205338088362128,0.772635814889336
2024,85731,CAMPINA DAS MISSÕES,24,9,2.6666666666666665,0.0,0.2954927969993235,0.4962962962962963,0.5555555555555556,45,3,0.5882776674351856,-0.09198137113888932,0.2052313883299799,0.3033073281683611,-0.007814531169037575,0.4869215291750503
2024,85740,RIOZINHO,87,9,9.666666666666666,0.25287356321839083,0.7401947867548675,0.683048433048433,0.6119402985074627,67,4,0.7781014033721425,-0.09505297032370952,0.19919517102615694,0.47691426134785736,0.26328052540701014,0.9839034205231388
2024,85758,CAMPINAS DO SUL,33,9,3.6666666666666665,0.0,0.3280052928029151,0.6041666666666666,0.5,41,5,0.6366097709195512,-0.03244310425288455,0.3843058350100604,0.3467417094100059,-0.0187364166070908,0.44466800804828976
2024,85766,RELVADO,18,9,2.0,0.0,0.37695636892746553,0.6172839506172839,0.575,40,2,0.5440742639525898,0.07320968666469407,0.738430583501006,0.2639861240658932,0.11297024486157231,0.8853118712273642
2024,85774,CAMPO BOM,122,11,11.090909090909092,0.08196721311475409,0.48026601217033926,0.7968877968877969,0.8349514563106796,103,5,0.8250481286242977,-0.028160331736500788,0.3963782696177062,0.5212527578808476,-0.04098674571050831,0.36619718309859156
2024,85782,IMIGRANTE,37,9,4.111111111111111,0.0,0.45624610000591015,0.7123015873015873,0.5948275862068966,58,3,0.6537819707214879,0.05851961658009941,0.6901408450704225,0.36229124834879456,0.09395485165711559,0.8450704225352113
2024,85790,CAMPO NOVO,38,9,4.222222222222222,0.0,0.40814205597167974,0.6762452107279693,0.7131147540983607,61,4,0.6577685559346997,0.018476654793269542,0.5513078470824949,0.365910280141298,0.042231775830381735,0.710261569416499
2024,85804,CIDREIRA,84,9,9.333333333333334,0.05952380952380952,0.49575857119954314,0.7125925925925927,0.5573770491803278,61,5,0.7731528226407034,-0.06056023004811073,0.28169014084507044,0.472276859343846,0.02348171185569714,0.6116700201207244
2024,85812,CANDELÁRIA,49,11,4.454545454545454,0.061224489795918366,0.4270972139450757,0.8038277511961723,0.8390804597701149,87,4,0.6954460172499977,0.10838173394617467,0.8269617706237424,0.40029013717847317,0.026807076766602544,0.6257545271629779
2024,85820,MONTAURI,16,9,1.7777777777777777,0.0,0.1983319250189215,0.40476190476190477,0.2727272727272727,11,6,0.5258728962586101,-0.12111099149670534,0.1529175050301811,0.24790066818178397,-0.04956874316286247,0.32595573440643866
2024,85839,CÂNDIDO GODÓI,30,9,3.3333333333333335,0.0,0.22919974589866365,0.5925925925925926,0.7551020408163265,49,4,0.6222226624401682,-0.029630069847575657,0.38832997987927564,0.3337623900796846,-0.10456264418102096,0.13480885311871227
2024,85847,VISTA GAÚCHA,18,9,2.0,0.0,0.13990122677186467,0.4444444444444445,0.5454545454545454,33,3,0.5440742639525898,-0.09962981950814537,0.1891348088531187,0.2639861240658932,-0.12408489729402855,0.096579476861167
2024,85855,CANELA,114,11,10.363636363636363,0.06140350877192982,0.5485011241369764,0.7105030891438658,0.6551724137931034,87,4,0.8157392642835674,-0.10523617513970152,0.1790744466800805,0.5124101719275432,0.03609095220943315,0.6841046277665996
2024,85863,VISTA ALEGRE DO PRATA,17,9,1.8888888888888888,0.0,0.10451241282735002,0.3472222222222222,0.3333333333333333,33,2,0.5352471342975691,-0.18802491207534688,0.060362173038229376,0.2561776614857923,-0.15166524865844228,0.04627766599597585
2024,85871,CANGUÇU,112,13,8.615384615384615,0.08928571428571429,0.5455748854847695,0.7987567987567988,0.6782945736434108,129,7,0.8133009004315049,-0.0145441016747061,0.43259557344064387,0.5100982067206984,0.03547667876407112,0.676056338028169
2024,85880,CASEIROS,25,9,2.7777777777777777,0.0,0.209253915718411,0.5520833333333334,0.47959183673469385,49,2,0.5945128175991683,-0.04242948426583493,0.3501006036217304,0.30888409952193896,-0.09963018380352795,0.14084507042253522
2024,85898,CANOAS,330,21,15.714285714285714,0.0696969696969697,0.6644976365349959,0.9448297118200031,0.9150141643059491,353,11,0.9550867378096528,-0.010257025989649726,0.44466800804828976,0.6477757241902568,0.016721912344739187,0.5875251509054326
2024,85901,ITACURUBI,24,9,2.6666666666666665,0.0,0.2543964345194385,0.5851851851851853,0.5555555555555556,45,3,0.5882776674351856,-0.0030924822500003613,0.4708249496981891,0.3033073281683611,-0.04891089364892259,0.32796780684104626
2024,85910,CARAZINHO,107,13,8.23076923076923,0.08411214953271028,0.508081479334733,0.7459083469721768,0.6220472440944882,127,5,0.8069920253857381,-0.061083678413561326,0.2796780684104628,0.5041244764213918,0.003957002913341223,0.5412474849094567
2024,85928,ENTRE RIOS DO SUL,34,9,3.7777777777777777,0.029411764705882353,0.41986055044717085,0.3977777777777778,0.3706896551724138,58,4,0.6411010874905468,-0.24332330971276905,0.026156941649899398,0.35080250347804126,0.0690580469691296,0.7947686116700201
2024,85936,CARLOS BARBOSA,64,9,7.111111111111111,0.0,0.3141820764850991,0.8121212121212121,0.7619047619047619,63,6,0.7343372116522273,0.07778400046898482,0.7605633802816901,0.43612793758398727,-0.12194586109888816,0.10261569416498995
2024,85944,CERRO GRANDE DO SUL,93,9,10.333333333333334,0.0,0.4187455258562942,0.8293650793650793,0.8833333333333333,60,5,0.7874673040762102,0.041897775288869066,0.6297786720321932,0.4857096607965102,-0.06696413494021597,0.2575452716297787
2024,85952,CASCA,42,9,4.666666666666667,0.0,0.2391227055421552,0.7592592592592592,0.5982142857142857,56,4,0.6726730513669267,0.08658620789233251,0.778672032193159,0.3794717998122948,-0.14034909427013958,0.060362173038229376
2024,85960,CAMARGO,28,9,3.111111111111111,0.0,0.3191489422117404,0.5233918128654971,0.6458333333333334,24,6,0.6117647010649437,-0.08837288819944666,0.21428571428571427,0.32435475476009706,-0.00520581254835667,0.49899396378269617
2024,85979,CATUÍPE,28,9,3.111111111111111,0.0,0.32594438610909116,0.4619883040935673,0.4339622641509434,53,3,0.6117647010649437,-0.14977639697137646,0.10663983903420524,0.32435475476009706,0.0015896313489940916,0.5311871227364185
2024,85987,PARAÍSO DO SUL,46,9,5.111111111111111,0.0,0.18148133007074185,0.5945945945945946,0.6509433962264151,53,4,0.6861400954986199,-0.09154550090402525,0.20925553319919518,0.39176849989186385,-0.210287169821122,0.006036217303822937
2024,85995,CAXIAS DO SUL,341,23,14.826086956521738,0.08211143695014662,0.6418999545305826,0.9006015859994532,0.9301204819277108,415,11,0.9591580893506617,-0.058556503351208544,0.2857142857142857,0.6518379199245745,-0.009937965393991943,0.4768611670020121
2024,86010,CERRO LARGO,50,9,5.555555555555555,0.0,0.25807934256640075,0.6761517615176151,0.5476190476190477,63,4,0.6984134921418841,-0.02226173062426895,0.4124748490945674,0.4030117834874926,-0.14493244092109187,0.05432595573440644
2024,86029,FAXINALZINHO,37,9,4.111111111111111,0.0,0.3258633173534242,0.4682539682539682,0.5365853658536586,41,6,0.6537819707214879,-0.18552800246751971,0.06639839034205232,0.36229124834879456,-0.03642793099537034,0.39436619718309857
2024,86037,CHAPADA,35,9,3.888888888888889,0.0,0.3600174311658668,0.5961538461538461,0.5,36,5,0.6454551236504974,-0.04930127749665125,0.32193158953722334,0.3547432971160681,0.005274134049798707,0.5492957746478874
2024,86045,AMARAL FERRADOR,42,9,4.666666666666667,0.0,0.407321032958025,0.6936026936026937,0.6170212765957447,47,3,0.6726730513669267,0.020929642235766988,0.5593561368209256,0.3794717998122948,0.027849233145730234,0.6297786720321932
2024,86053,CHIAPETTA,33,9,3.6666666666666665,0.0,0.1793542162231172,0.5277777777777778,0.5660377358490566,53,4,0.6366097709195512,-0.10883199314177339,0.1710261569416499,0.3467417094100059,-0.16738749318688873,0.03420523138832998
2024,86061,VILA FLORES,27,9,3.0,0.0,0.26434638354034057,0.5679012345679012,0.6666666666666666,39,4,0.6062381458289655,-0.03833691126106431,0.37424547283702214,0.3193922802713965,-0.05504589673105592,0.2977867203219316
2024,86070,CIRÍACO,18,9,2.0,0.0,0.13138617674596875,0.43209876543209885,0.4666666666666667,30,3,0.5440742639525898,-0.11197549852049099,0.16700201207243462,0.2639861240658932,-0.13259994731992447,0.07847082494969819
2024,86088,CERRO BRANCO,28,9,3.111111111111111,0.0,0.34390596870609613,0.33333333333333337,0.5,52,3,0.6117647010649437,-0.27843136773161037,0.01609657947686117,0.32435475476009706,0.01955121394599907,0.5975855130784709
2024,86096,COLORADO,43,9,4.777777777777778,0.0,0.24739827290233163,0.5375816993464052,0.6018518518518519,54,5,0.6761638874440168,-0.13858218809761158,0.12474849094567404,0.38265529607568805,-0.13525702317335642,0.07042253521126761
2024,86100,ANDRÉ DA ROCHA,26,9,2.888888888888889,0.0,0.18070048525161142,0.6568627450980392,0.5833333333333334,42,3,0.6004932354860014,0.056369509612037794,0.6841046277665996,0.3142402805603864,-0.13353979530877497,0.07645875251509054
2024,86118,CONDOR,42,9,4.666666666666667,0.0,0.3933503950069863,0.6212121212121212,0.576271186440678,59,5,0.6726730513669267,-0.05146093015480546,0.3158953722334004,0.3794717998122948,0.013878595194691534,0.5774647887323944
2024,86126,POÇO DAS ANTAS,17,9,1.8888888888888888,0.0,0.13007303697174888,0.7638888888888888,0.7777777777777778,18,4,0.5352471342975691,0.22864175459131975,0.9798792756539235,0.2561776614857923,-0.12610462451404342,0.08853118712273642
2024,86134,CONSTANTINA,42,9,4.666666666666667,0.0,0.2865717601793367,0.771043771043771,0.54,25,5,0.6726730513669267,0.0983707196768443,0.8148893360160966,0.3794717998122948,-0.09290003963295806,0.158953722334004
2024,86142,TRÊS PALMEIRAS,30,9,3.3333333333333335,0.0,0.4390964926472991,0.5105820105820107,0.5333333333333333,45,4,0.6222226624401682,-0.11164065185815752,0.16901408450704225,0.3337623900796846,0.1053341025676145,0.8672032193158954
2024,86150,CORONEL BICACO,22,9,2.4444444444444446,0.0,0.35607666089528434,0.6495726495726495,0.6206896551724138,29,4,0.5749537638167549,0.07461888575589459,0.7464788732394366,0.29141581275328254,0.06466084814200179,0.7867203219315896
2024,86169,NOVA ALVORADA,16,9,1.7777777777777777,0.0,0.12433983880239019,0.39682539682539686,0.5625,8,2,0.5258728962586101,-0.12904749943321325,0.14084507042253522,0.24790066818178397,-0.12356082937939378,0.1006036217303823
2024,86177,CRISSIUMAL,50,9,5.555555555555555,0.0,0.3465492194785027,0.7127371273712737,0.6964285714285714,56,6,0.6984134921418841,0.01432363522938962,0.545271629778672,0.4030117834874926,-0.05646256400898991,0.28772635814889336
2024,86185,MORRO REDONDO,43,9,4.777777777777778,0.046511627906976744,0.36348259845513975,0.6650326797385621,0.5545454545454546,55,4,0.6761638874440168,-0.011131207705454726,0.4386317907444668,0.38265529607568805,-0.019172697620548296,0.4426559356136821
2024,86193,CRUZ ALTA,107,15,7.133333333333334,0.07476635514018691,0.5030380922538065,0.8289855072463768,0.7208588957055214,163,5,0.8069920253857381,0.021993481860638653,0.5613682092555332,0.5041244764213918,-0.0010863841675853303,0.5150905432595574
2024,86207,SANTA MARIA DO HERVAL,45,9,5.0,0.044444444444444446,0.41067241243635055,0.7561728395061729,0.7909090909090909,55,5,0.6828936414778402,0.07327919802833271,0.7404426559356136,0.3888003782210159,0.02187203421533468,0.607645875251509
2024,86215,CRUZEIRO DO SUL,62,9,6.888888888888889,0.0,0.350553915382007,0.8060796645702306,0.6838235294117647,68,6,0.7297527447842881,0.07632691978594253,0.7565392354124748,0.4318840821851137,-0.08133016680310673,0.19919517102615694
2024,86223,BARÃO,30,9,3.3333333333333335,0.0,0.21626413444118198,0.5529100529100529,0.44565217391304346,46,4,0.6222226624401682,-0.06931260953011531,0.2515090543259557,0.3337623900796846,-0.11749825563850264,0.10865191146881288
2024,86231,DAVID CANABARRO,28,9,3.111111111111111,0.0,0.26969457279461273,0.5233918128654971,0.524390243902439,41,5,0.6117647010649437,-0.08837288819944666,0.21428571428571427,0.32435475476009706,-0.054660181965484333,0.29979879275653926
2024,86240,ELDORADO DO SUL,85,9,9.444444444444445,0.21176470588235294,0.5905289594103031,0.861842105263158,0.8596491228070176,57,3,0.7748232887057859,0.08701881655737209,0.7806841046277666,0.47384153516340466,0.11668742424689849,0.8893360160965795
2024,86258,DOIS IRMÃOS,61,9,6.777777777777778,0.11475409836065574,0.4607085494362122,0.6613247863247864,0.7653061224489796,49,3,0.7274005922866392,-0.06607580596185281,0.2655935613682093,0.4297087308929302,0.030999818543281987,0.6579476861167002
2024,86274,DOM FELICIANO,54,9,6.0,0.037037037037037035,0.32962931475479484,0.737037037037037,0.6492537313432836,67,4,0.709680459326197,0.02735657771083999,0.5875251509054326,0.4133644263070978,-0.08373511155230295,0.19114688128772636
2024,86282,ALTO FELIZ,30,9,3.3333333333333335,0.23333333333333334,0.4520056488585724,0.5396825396825398,0.5102040816326531,49,4,0.6222226624401682,-0.08254012275762845,0.22334004024144868,0.3337623900796846,0.1182432587788878,0.8933601609657947
2024,86290,DOM PEDRITO,93,13,7.153846153846154,0.053763440860215055,0.5093763495482484,0.8807692307692307,0.8682170542635659,129,5,0.7874673040762102,0.09330192669302051,0.8048289738430584,0.4857096607965102,0.02366668875173822,0.6156941649899397
2024,86304,AMETISTA DO SUL,31,9,3.4444444444444446,0.0,0.2886306194821191,0.6868686868686869,0.7307692307692307,52,4,0.6271803567584054,0.05968833011028141,0.6961770623742455,0.33823007025761936,-0.049599450775500264,0.32193158953722334
2024,86312,DONA FRANCISCA,26,9,2.888888888888889,0.038461538461538464,0.3061887932962748,0.48692810457516345,0.5,38,3,0.6004932354860014,-0.11356513091083797,0.16498993963782696,0.3142402805603864,-0.00805148726411159,0.482897384305835
2024,86320,ARAMBARÉ,64,9,7.111111111111111,0.203125,0.5351648088667442,0.7777777777777777,0.8157894736842105,57,5,0.7343372116522273,0.04344056612555036,0.6378269617706237,0.43612793758398727,0.09903687128275696,0.8611670020120724
2024,86339,ENCANTADO,65,11,5.909090909090909,0.03076923076923077,0.438365962269488,0.6675084175084175,0.6538461538461539,91,4,0.7365720718157286,-0.0690636543073111,0.25553319919517103,0.43819867448782235,0.00016728778166563707,0.5251509054325956
2024,86347,BARÃO DO TRIUNFO,44,9,4.888888888888889,0.0,0.31443364676882446,0.6412698412698413,0.6354166666666666,48,6,0.6795694518432044,-0.03829961057336306,0.3762575452716298,0.38576369603207283,-0.07133004926324837,0.2414486921529175
2024,86355,ENCRUZILHADA DO SUL,72,11,6.545454545454546,0.013888888888888888,0.41830075109498743,0.7540983606557377,0.7764705882352941,85,7,0.751249816732391,0.002848543923346658,0.5010060362173038,0.4518302122381665,-0.03352946114317906,0.40643863179074446
2024,86363,BARRA DO GUARITA,19,9,2.111111111111111,0.0,0.2925020364534239,0.4666666666666667,0.4888888888888889,45,2,0.5524124448860327,-0.08574577821936602,0.2193158953722334,0.27137518884309897,0.021126847610324906,0.6056338028169014
2024,86371,ERECHIM,196,17,11.529411764705882,0.0,0.5510166867727999,0.8918830101873152,0.827906976744186,215,7,0.8885530509165032,0.003329959270812033,0.5050301810865191,0.5823030222492587,-0.03128633547645876,0.4164989939637827
2024,86380,BARRA DO RIO AZUL,26,9,2.888888888888889,0.038461538461538464,0.3915698688867839,0.6699346405228759,0.65625,32,5,0.6004932354860014,0.06944140503687446,0.7283702213279678,0.3142402805603864,0.07732958832639752,0.8108651911468813
2024,86398,HERVAL,43,9,4.777777777777778,0.046511627906976744,0.38186293128448545,0.6895424836601307,0.65,60,5,0.6761638874440168,0.013378596216113925,0.5392354124748491,0.38265529607568805,-0.0007923647912025933,0.5191146881287726
2024,86401,BARRA FUNDA,15,9,1.6666666666666667,0.0,0.1730693775637595,0.6481481481481481,0.5454545454545454,22,2,0.5158825240577203,0.13226562409042786,0.8732394366197183,0.2390969222493112,-0.06602754468555169,0.26156941649899396
2024,86410,ERVAL GRANDE,32,9,3.5555555555555554,0.0,0.3020439046909802,0.5917874396135265,0.5571428571428572,35,5,0.6319726411968907,-0.04018520158336414,0.36217303822937624,0.34255357464929087,-0.04050966995831068,0.3682092555331992
2024,86428,BOA VISTA DAS MISSÕES,23,9,2.5555555555555554,0.0,0.23116159377329426,0.6825396825396826,0.7333333333333333,45,2,0.5817661427362507,0.10077353980343184,0.8229376257545271,0.2974915147837493,-0.06632992101045504,0.2595573440643863
2024,86436,ERVAL SECO,36,9,4.0,0.05555555555555555,0.4226860638385521,0.6193415637860082,0.7053571428571429,56,3,0.6496796935394076,-0.030338129753399334,0.386317907444668,0.3585708182173816,0.06411524562117049,0.7847082494969819
2024,86444,BOM PROGRESSO,32,9,3.5555555555555554,0.25,0.5962652397345765,0.8429951690821256,0.8409090909090909,44,4,0.6319726411968907,0.2110225278852349,0.9637826961770624,0.34255357464929087,0.2537116650852856,0.9798792756539235
2024,86452,ESMERALDA,28,9,3.111111111111111,0.0,0.3117762620779858,0.6198830409356725,0.6538461538461539,52,3,0.6117647010649437,0.008118339870728741,0.5291750503018109,0.32435475476009706,-0.012578492682111253,0.4647887323943662
2024,86460,CAMPESTRE DA SERRA,24,9,2.6666666666666665,0.125,0.23416329542969594,0.7037037037037037,0.6190476190476191,42,2,0.5882776674351856,0.1154260362685181,0.8430583501006036,0.3033073281683611,-0.06914403273866515,0.24748490945674045
2024,86479,ESPUMOSO,41,9,4.555555555555555,0.0,0.2949938784554125,0.8506944444444444,0.7692307692307693,52,4,0.6690927641887686,0.1816016802556758,0.9537223340040242,0.37620958632931484,-0.08121570787390237,0.2012072434607646
2024,86487,CANDIOTA,64,9,7.111111111111111,0.0,0.37942914966668817,0.6909090909090909,0.6862745098039216,51,3,0.7343372116522273,-0.0434281207431364,0.3460764587525151,0.43612793758398727,-0.0566987879172991,0.2837022132796781
2024,86495,ESTÂNCIA VELHA,65,9,7.222222222222222,0.06153846153846154,0.5309573721483261,0.878968253968254,0.9333333333333333,60,6,0.7365720718157286,0.14239618215252536,0.8873239436619719,0.43819867448782235,0.09275869766050371,0.8410462776659959
2024,86509,CAPITÃO,20,9,2.2222222222222223,0.0,0.4138965655129514,0.6262626262626263,0.5166666666666667,30,4,0.5603111270437425,0.06595149921888377,0.7243460764587525,0.278386692795951,0.13550987271700038,0.9054325955734407
2024,86517,ESTEIO,136,10,13.6,0.007352941176470588,0.5558740217558948,0.8976190476190476,0.8571428571428571,84,5,0.8398430794730308,0.05777596814601682,0.6861167002012073,0.535360688253081,0.020513333502813813,0.5995975855130785
2024,86525,CARLOS GOMES,25,9,2.7777777777777777,0.0,0.07625144725192401,0.6701388888888888,0.7395833333333334,48,3,0.5945128175991683,0.07562607128972054,0.7484909456740443,0.30888409952193896,-0.23263265227001495,0.004024144869215292
2024,86533,ESTRELA,119,13,9.153846153846153,0.06722689075630252,0.5818207019615305,0.75,0.7585034013605442,147,7,0.8216372609561374,-0.07163726095613743,0.2454728370221328,0.5180097291575196,0.06381097280401082,0.7806841046277666
2024,86541,CENTENÁRIO,20,9,2.2222222222222223,0.0,0.14848196881091624,0.6919191919191919,0.7244897959183674,49,2,0.5603111270437425,0.1316080648754494,0.8712273641851107,0.278386692795951,-0.12990472398503478,0.08450704225352113
2024,86550,FARROUPILHA,153,15,10.2,0.0,0.43149439184716476,0.9490338164251209,0.9327956989247311,186,6,0.8557218170786718,0.09331199934644907,0.806841046277666,0.5505780349056061,-0.11908364305844132,0.10462776659959759
2024,86568,CHARRUA,23,9,2.5555555555555554,0.0,0.6237200164674856,0.6111111111111112,0.40816326530612246,49,2,0.5817661427362507,0.029344968374860447,0.5935613682092555,0.2974915147837493,0.32622850168373635,0.9959758551307847
2024,86576,FAXINAL DO SOTURNO,37,9,4.111111111111111,0.0,0.3665601590027314,0.742063492063492,0.7346938775510204,49,4,0.6537819707214879,0.08828152134200407,0.7867203219315896,0.36229124834879456,0.004268910653936864,0.5432595573440644
2024,86584,COLINAS,31,9,3.4444444444444446,0.0,0.20423600649630003,0.2904040404040404,0.3804347826086957,46,3,0.6271803567584054,-0.33677631635436506,0.008048289738430584,0.33823007025761936,-0.13399406376131934,0.0744466800804829
2024,86592,FELIZ,37,9,4.111111111111111,0.02702702702702703,0.394533741449385,0.626984126984127,0.6538461538461539,52,5,0.6537819707214879,-0.026797843737360938,0.4044265593561368,0.36229124834879456,0.032242493100590464,0.6619718309859155
2024,86606,COQUEIROS DO SUL,20,9,2.2222222222222223,0.0,0.23407612186199755,0.4646464646464647,0.5306122448979592,49,2,0.5603111270437425,-0.09566466239727783,0.19718309859154928,0.278386692795951,-0.044310570933953464,0.35412474849094566
2024,86614,FLORES DA CUNHA,83,9,9.222222222222221,0.07228915662650602,0.46880389626736374,0.5923423423423423,0.5074626865671642,67,4,0.771460728604613,-0.17911838626227072,0.0744466800804829,0.47069269835192173,-0.0018888020845579945,0.5090543259557344
2024,86622,CORONEL BARROS,35,9,3.888888888888889,0.0,0.2518981060701968,0.5021367521367521,0.4083333333333333,60,4,0.6454551236504974,-0.14331837151374527,0.11871227364185111,0.3547432971160681,-0.10284519104587131,0.13682092555331993
2024,86630,FONTOURA XAVIER,42,9,4.666666666666667,0.0,0.5773156724906032,0.6447811447811447,0.6981132075471698,53,4,0.6726730513669267,-0.027891906585782,0.3983903420523139,0.3794717998122948,0.19784387267830844,0.9617706237424547
2024,86649,COXILHA,27,9,3.0,0.0,0.5359989674519205,0.4845679012345679,0.37142857142857144,35,4,0.6062381458289655,-0.12167024459439763,0.1488933601609658,0.3193922802713965,0.21660668718052406,0.971830985915493
2024,86657,FORMIGUEIRO,28,9,3.111111111111111,0.0,0.32671098648070496,0.8245614035087719,0.7708333333333334,48,3,0.6117647010649437,0.2127967024438282,0.96579476861167,0.32435475476009706,0.002356231720607893,0.5352112676056338
2024,86665,DERRUBADAS,13,9,1.4444444444444444,0.0,0.42604298402273977,0.5555555555555556,0.2222222222222222,18,2,0.4937047506454702,0.06185080491008538,0.7022132796780685,0.21961573979363805,0.20642724422910172,0.9698189134808853
2024,86673,FREDERICO WESTPHALEN,62,11,5.636363636363637,0.016129032258064516,0.4918434343782334,0.8573975044563279,0.8913043478260869,92,5,0.7297527447842881,0.1276447596720398,0.8611670020120724,0.4318840821851137,0.05995935219311971,0.7706237424547284
2024,86681,DOIS IRMÃOS DAS MISSÕES,21,9,2.3333333333333335,0.09523809523809523,0.3716013976380417,0.5046296296296297,0.4,20,4,0.5678126987867097,-0.06318306915708005,0.26961770623742454,0.28505654929276186,0.08654484834527981,0.8289738430583501
2024,86690,GARIBALDI,84,9,9.333333333333334,0.011904761904761904,0.5175506971776516,0.7511111111111111,0.6885245901639344,61,3,0.7731528226407034,-0.022041711529592334,0.41851106639839036,0.472276859343846,0.045273837833805564,0.7283702213279678
2024,86703,ENGENHO VELHO,17,9,1.8888888888888888,0.0,0.24031042934054647,0.5763888888888888,0.5769230769230769,13,4,0.5352471342975691,0.041141754591319746,0.6277665995975855,0.2561776614857923,-0.015867232145245824,0.45472837022132795
2024,86711,GAURAMA,48,9,5.333333333333333,0.0,0.40269702635697313,0.5726495726495726,0.7209302325581395,43,3,0.6924131948058457,-0.11976362215627312,0.15694164989939638,0.3975106953292008,0.0051863310277723285,0.5472837022132797
2024,86720,GARRUCHOS,20,9,2.2222222222222223,0.0,0.3115119257982444,0.6060606060606061,0.6122448979591837,49,2,0.5603111270437425,0.04574947901686355,0.6438631790744467,0.278386692795951,0.033125233002293364,0.6680080482897385
2024,86738,GENERAL CÂMARA,43,9,4.777777777777778,0.0,0.47319771640533737,0.8235294117647058,0.62,50,4,0.6761638874440168,0.14736552432068906,0.8933601609657947,0.38265529607568805,0.09054242032964932,0.8370221327967807
2024,86746,GENTIL,29,9,3.2222222222222223,0.0,0.31756481518986934,0.5,0.5714285714285714,42,5,0.6170882672467605,-0.11708826724676047,0.1619718309859155,0.32914084753864564,-0.0115760323487763,0.46680080482897385
2024,86754,SÃO VICENTE DO SUL,33,9,3.6666666666666665,0.0,0.3655967649536309,0.5694444444444444,0.6442307692307693,52,4,0.6366097709195512,-0.06716532647510676,0.2595573440643863,0.3467417094100059,0.018855055543624988,0.5955734406438632
2024,86762,GRAMADO DOS LOUREIROS,28,9,3.111111111111111,0.03571428571428571,0.5980115798147041,0.6900584795321637,0.6,30,5,0.6117647010649437,0.07829377846721997,0.7625754527162978,0.32435475476009706,0.27365682505460703,0.9919517102615694
2024,86770,GETÚLIO VARGAS,44,9,4.888888888888889,0.0,0.307607534873493,0.7222222222222222,0.7416666666666667,60,4,0.6795694518432044,0.042652770379017824,0.6317907444668008,0.38576369603207283,-0.07815616115857982,0.21730382293762576
2024,86789,GRAMADO XAVIER,50,9,5.555555555555555,0.0,0.5891083414602745,0.6585365853658536,0.813953488372093,43,6,0.6984134921418841,-0.03987690677603051,0.3682092555331992,0.4030117834874926,0.18609655797278185,0.9557344064386318
2024,86797,GIRUÁ,58,11,5.2727272727272725,0.0,0.4473857999068851,0.8897485493230174,0.9069767441860465,86,6,0.7200878094351073,0.16966073988791008,0.9275653923541247,0.42295439383124156,0.024431406075643536,0.6177062374245473
2024,86800,HULHA NEGRA,40,9,4.444444444444445,0.175,0.5526630069414513,0.5143369175627239,0.5272727272727272,55,5,0.6654185361999823,-0.15108161863725833,0.09859154929577464,0.3728647686930895,0.17979823824836183,0.9456740442655935
2024,86819,GRAMADO,83,9,9.222222222222221,0.024096385542168676,0.4852356876861106,0.93993993993994,0.7837837837837838,37,2,0.771460728604613,0.16847921133532695,0.9215291750503019,0.47069269835192173,0.01454298933418885,0.579476861167002
2024,86827,INHACORÁ,34,9,3.7777777777777777,0.0,0.4045913838127604,0.45777777777777773,0.6447368421052632,38,4,0.6411010874905468,-0.1833233097127691,0.06841046277665996,0.35080250347804126,0.053788880334719125,0.7505030181086519
2024,86835,GRAVATAÍ,328,21,15.619047619047619,0.08231707317073171,0.6208953246605708,0.8675352877307274,0.8241758241758241,364,9,0.9543304087413543,-0.08679512101062692,0.21730382293762576,0.6470218437864708,-0.026126519125899916,0.4245472837022133
2024,86843,ITAPUCA,18,9,2.0,0.0,0.3223225731589523,0.7407407407407407,0.74,25,3,0.5440742639525898,0.19666647678815086,0.959758551307847,0.2639861240658932,0.05833644909305907,0.7665995975855131
2024,86851,GUAÍBA,279,17,16.41176470588235,0.16845878136200718,0.5897176590223929,0.9481365065110013,0.9513274336283186,226,9,0.934025012337133,0.014111494173868366,0.5432595573440644,0.6268679273494813,-0.03715026832708834,0.386317907444668
2024,86860,LAJEADO DO BUGRE,19,9,2.111111111111111,0.0,0.4319789920939183,0.7222222222222222,0.7222222222222222,18,4,0.5524124448860327,0.16980977733618952,0.9295774647887324,0.27137518884309897,0.16060380325081935,0.937625754527163
2024,86878,GUAPORÉ,93,11,8.454545454545455,0.0,0.5149132673049763,0.753880266075388,0.7904761904761904,105,6,0.7874673040762102,-0.03358703800082219,0.3822937625754527,0.4857096607965102,0.02920360650846615,0.6398390342052314
2024,86886,LAGOA DOS TRÊS CANTOS,20,9,2.2222222222222223,0.0,0.5986528336946422,0.3787878787878788,0.5645161290322581,31,4,0.5603111270437425,-0.18152324825586375,0.07243460764587525,0.278386692795951,0.32026614089869115,0.993963782696177
2024,86894,GUARANI DAS MISSÕES,49,9,5.444444444444445,0.0,0.43066101632404363,0.6888888888888889,0.75,56,4,0.6954460172499977,-0.006557128361108777,0.45875251509054327,0.40029013717847317,0.030370879145570462,0.6498993963782697
2024,86908,LINDOLFO COLLOR,50,9,5.555555555555555,0.26,0.44660300223598903,0.5474254742547425,0.5677966101694916,59,5,0.6984134921418841,-0.15098801788714156,0.1006036217303823,0.4030117834874926,0.04359121874849642,0.7183098591549296
2024,86916,HORIZONTINA,56,9,6.222222222222222,0.0,0.4820879702840162,0.6855791962174941,0.7678571428571429,56,4,0.7149836673200295,-0.029404471102535412,0.3903420523138833,0.41824783110976754,0.06384013917424863,0.7826961770623743
2024,86924,LINHA NOVA,19,9,2.111111111111111,0.0,0.3038685725747081,0.6055555555555555,0.5666666666666667,15,4,0.5524124448860327,0.05314311066952282,0.6720321931589537,0.27137518884309897,0.03249338373160915,0.6659959758551308
2024,86932,CHARQUEADAS,134,13,10.307692307692308,0.029850746268656716,0.48459951777962207,0.8321678321678322,0.753968253968254,126,6,0.8378338158177059,-0.005665983649873696,0.4607645875251509,0.533440771999407,-0.04884125421978491,0.3299798792756539
2024,86940,MANOEL VIANA,45,9,5.0,0.0,0.31834367748922854,0.7299382716049383,0.8303571428571429,56,6,0.6828936414778402,0.04704463012709814,0.647887323943662,0.3888003782210159,-0.07045670073178734,0.2454728370221328
2024,86959,HUMAITÁ,31,9,3.4444444444444446,0.0,0.27643538882811414,0.6616161616161615,0.7692307692307693,52,4,0.6271803567584054,0.0344358048577561,0.6056338028169014,0.33823007025761936,-0.06179468142950523,0.2676056338028169
2024,86967,MAQUINÉ,43,9,4.777777777777778,0.046511627906976744,0.40822244529832763,0.6290849673202614,0.7363636363636363,55,3,0.6761638874440168,-0.04707892012375536,0.3319919517102616,0.38265529607568805,0.025567149222639585,0.6217303822937625
2024,86975,IBIAÇÁ,24,9,2.6666666666666665,0.0,0.14490970720737373,0.5333333333333333,0.4888888888888889,45,3,0.5882776674351856,-0.05494433410185229,0.29979879275653926,0.3033073281683611,-0.15839762096098736,0.04426559356136821
2024,86983,MARATÁ,30,9,3.3333333333333335,0.0,0.4216904613919372,0.3941798941798942,0.5384615384615384,26,5,0.6222226624401682,-0.22804276826027403,0.03219315895372234,0.3337623900796846,0.08792807131225261,0.8309859154929577
2024,86991,IBIRAIARAS,40,9,4.444444444444445,0.0,0.27210478530380655,0.7741935483870968,0.8333333333333334,57,4,0.6654185361999823,0.1087750121871145,0.8289738430583501,0.3728647686930895,-0.10075998338928294,0.13883299798792756
2024,87009,MARIANA PIMENTEL,54,9,6.0,0.018518518518518517,0.45906387928259607,0.6530864197530863,0.7028985507246377,69,4,0.709680459326197,-0.05659403957311071,0.2937625754527163,0.4133644263070978,0.04569945297549827,0.7323943661971831
2024,87017,IBIRUBÁ,72,11,6.545454545454546,0.0,0.3994385325212917,0.7868852459016393,0.7204301075268817,93,4,0.751249816732391,0.035635429169248334,0.6096579476861167,0.4518302122381665,-0.052391679716874806,0.30784708249496984
2024,87025,MATO CASTELHANO,28,9,3.111111111111111,0.0,0.4416244883250413,0.4912280701754386,0.6111111111111112,45,3,0.6117647010649437,-0.12053663088950511,0.15492957746478872,0.32435475476009706,0.11726973356494425,0.8913480885311871
2024,87033,IGREJINHA,87,9,9.666666666666666,0.1839080459770115,0.5843923677242167,0.7856125356125355,0.65625,64,5,0.7781014033721425,0.007511132240393015,0.5211267605633803,0.47691426134785736,0.1074781063763593,0.8732394366197183
2024,87041,MATO LEITÃO,44,9,4.888888888888889,0.022727272727272728,0.3553168962072599,0.580952380952381,0.6875,64,4,0.6795694518432044,-0.09861707089082339,0.193158953722334,0.38576369603207283,-0.03044679982481291,0.41851106639839036
2024,87050,IJUÍ,126,17,7.411764705882353,0.0,0.5489787811881077,0.8316243928764167,0.771551724137931,232,6,0.829456655331816,0.0021677375446006453,0.4969818913480885,0.5254495619991003,0.02352921918900741,0.613682092555332
2024,87068,MINAS DO LEÃO,51,9,5.666666666666667,0.0,0.35962917168981123,0.7857142857142857,0.75,56,4,0.7013182591811762,0.08439602653310951,0.7706237424547284,0.40567793191019963,-0.046048760220388396,0.34004024144869216
2024,87076,ILÓPOLIS,17,9,1.8888888888888888,0.0,0.2709782774587086,0.5555555555555556,0.6538461538461539,26,3,0.5352471342975691,0.020308421257986486,0.5553319919517102,0.2561776614857923,0.01480061597291632,0.5814889336016097
2024,87084,MONTE BELO DO SUL,20,9,2.2222222222222223,0.0,0.3677377144518754,0.6161616161616161,0.5111111111111111,45,2,0.5603111270437425,0.0558504891178736,0.682092555331992,0.278386692795951,0.0893510216559244,0.8350100603621731
2024,87092,INDEPENDÊNCIA,47,9,5.222222222222222,0.0,0.26925719343650534,0.7514619883040936,0.8,50,4,0.6893122173984666,0.06214977090562701,0.704225352112676,0.3946710158476629,-0.12541382241115756,0.09054325955734406
2024,87106,MORMAÇO,36,9,4.0,0.0,0.3418874099108389,0.7551440329218106,0.71875,48,5,0.6496796935394076,0.10546433938240307,0.8249496981891348,0.3585708182173816,-0.016683408306542746,0.448692152917505
2024,87114,IRAÍ,31,9,3.4444444444444446,0.0,0.2881831454426451,0.43686868686868685,0.3068181818181818,44,4,0.6271803567584054,-0.1903116698897186,0.05432595573440644,0.33823007025761936,-0.05004692481497425,0.3199195171026157
2024,87122,MORRINHOS DO SUL,18,9,2.0,0.1111111111111111,0.37046777217717386,0.7160493827160495,0.48484848484848486,33,2,0.5440742639525898,0.1719751187634596,0.9396378269617707,0.2639861240658932,0.10648164811128064,0.869215291750503
2024,87130,ITAQUI,80,11,7.2727272727272725,0.0,0.5210909742943579,0.8254281949934125,0.6397849462365591,93,5,0.7662491721861401,0.059179022807272386,0.6941649899396378,0.46581843117434757,0.05527254312001034,0.7585513078470825
2024,87149,MORRO REUTER,27,9,3.0,0.0,0.22535370476809913,0.617283950617284,0.5636363636363636,55,3,0.6062381458289655,0.011045804788318514,0.5331991951710262,0.3193922802713965,-0.09403857550329736,0.1529175050301811
2024,87157,ITATIBA DO SUL,15,9,1.6666666666666667,0.0,0.18320852393919917,0.46296296296296297,0.45454545454545453,22,2,0.5158825240577203,-0.05291956109475732,0.30985915492957744,0.2390969222493112,-0.055888398310112025,0.289738430583501
2024,87165,MULITERNO,27,9,3.0,0.0,0.30673076826225665,0.5,0.3717948717948718,39,5,0.6062381458289655,-0.10623814582896551,0.17706237424547283,0.3193922802713965,-0.012661512009139841,0.46277665995975853
2024,87173,IVOTI,41,9,4.555555555555555,0.0,0.36529957496102905,0.6475694444444444,0.6228070175438597,57,3,0.6690927641887686,-0.0215233197443242,0.42354124748490946,0.37620958632931484,-0.010910011368285788,0.4688128772635815
2024,87181,NICOLAU VERGUEIRO,24,9,2.6666666666666665,0.0,0.1982322838336088,0.6592592592592592,0.6363636363636364,44,3,0.5882776674351856,0.0709815918240736,0.7344064386317908,0.3033073281683611,-0.10507504433475229,0.12877263581488935
2024,87190,JACUTINGA,34,9,3.7777777777777777,0.0,0.24052915363952043,0.5711111111111111,0.5526315789473685,57,4,0.6411010874905468,-0.06998997637943571,0.24949698189134809,0.35080250347804126,-0.11027334983852083,0.1227364185110664
2024,87203,NOVA BOA VISTA,28,9,3.111111111111111,0.0,0.3784652733063014,0.3654970760233919,0.3472222222222222,36,5,0.6117647010649437,-0.24626762504155186,0.02414486921529175,0.32435475476009706,0.054110518546204356,0.7525150905432596
2024,87211,JAGUARÃO,70,9,7.777777777777778,0.02857142857142857,0.4918287593540289,0.7759562841530054,0.7605633802816901,71,5,0.7472184923196241,0.02873779183338132,0.5895372233400402,0.44808071016138706,0.04374804919264186,0.7203219315895373
2024,87220,NOVA PÁDUA,38,9,4.222222222222222,0.07894736842105263,0.5045407092191418,0.5363984674329502,0.6078431372549019,51,5,0.6577685559346997,-0.12137008850174957,0.15090543259557343,0.365910280141298,0.13863042907784384,0.9134808853118712
2024,87238,JAGUARI,32,9,3.5555555555555554,0.0,0.46614588302407856,0.6859903381642513,0.6382978723404256,47,4,0.6319726411968907,0.054017696967360584,0.6780684104627767,0.34255357464929087,0.12359230837478768,0.89738430583501
2024,87246,NOVA SANTA RITA,101,11,9.181818181818182,0.13861386138613863,0.5258338796282205,0.8464646464646465,0.8426966292134831,89,4,0.7989849360351742,0.0474797104294723,0.6519114688128773,0.49655939626056295,0.029274483367657533,0.641851106639839
2024,87254,JÚLIO DE CASTILHOS,72,11,6.545454545454546,0.027777777777777776,0.5012611683016279,0.8055141579731744,0.8072916666666666,96,6,0.751249816732391,0.05426434124078339,0.6800804828973843,0.4518302122381665,0.04943095606346143,0.7424547283702213
2024,87262,NOVO BARREIRO,40,9,4.444444444444445,0.05,0.2734303182907256,0.664874551971326,0.65625,48,5,0.6654185361999823,-0.0005439842286562024,0.48490945674044267,0.3728647686930895,-0.09943445040236387,0.14285714285714285
2024,87270,LAGOA VERMELHA,87,11,7.909090909090909,0.0,0.4310284433083429,0.7332535885167464,0.6382978723404256,94,5,0.7781014033721425,-0.04484781485539613,0.3380281690140845,0.47691426134785736,-0.04588581803951447,0.3420523138832998
2024,87289,NOVO MACHADO,29,9,3.2222222222222223,0.0,0.1873270265092748,0.5083333333333333,0.5294117647058824,51,3,0.6170882672467605,-0.10875493391342717,0.17303822937625754,0.32914084753864564,-0.14181382102937085,0.05835010060362173
2024,87297,LAJEADO,108,15,7.2,0.046296296296296294,0.42944658977259365,0.8053763440860215,0.8060109289617486,183,5,0.8082790658204726,-0.0029027217344510525,0.47484909456740443,0.5053422009279509,-0.07589561115535726,0.22334004024144868
2024,87300,NOVO TIRADENTES,20,9,2.2222222222222223,0.0,0.11782267358110055,0.6565656565656566,0.43103448275862066,29,3,0.5603111270437425,0.09625452952191405,0.8108651911468813,0.278386692795951,-0.16056401921485047,0.04024144869215292
2024,87319,LAVRAS DO SUL,48,9,5.333333333333333,0.0,0.43671036494618876,0.757834757834758,0.7627118644067796,59,4,0.6924131948058457,0.06542156302891222,0.716297786720322,0.3975106953292008,0.03919966961698795,0.6981891348088531
2024,87327,PARECI NOVO,33,9,3.6666666666666665,0.0,0.324696105312124,0.44212962962962965,0.4222222222222222,45,5,0.6366097709195512,-0.19448014128992153,0.0482897384305835,0.3467417094100059,-0.02204560409788192,0.43259557344064387
2024,87335,LIBERATO SALZANO,36,9,4.0,0.027777777777777776,0.11509050946630461,0.7407407407407406,0.6914893617021277,47,4,0.6496796935394076,0.09106104720133301,0.7927565392354124,0.3585708182173816,-0.243480308751077,0.002012072434607646
2024,87343,PASSO DO SOBRADO,54,9,6.0,0.0,0.42618505671885787,0.5506172839506174,0.6551724137931034,58,5,0.709680459326197,-0.15906317537557968,0.08651911468812877,0.4133644263070978,0.01282063041176007,0.5734406438631791
2024,87351,MACHADINHO,36,9,4.0,0.0,0.19245708252891736,0.4938271604938272,0.5901639344262295,61,3,0.6496796935394076,-0.1558525330455804,0.09456740442655935,0.3585708182173816,-0.16611373568846427,0.03621730382293763
2024,87360,PICADA CAFÉ,31,9,3.4444444444444446,0.0,0.33666300796002613,0.4671717171717172,0.47674418604651164,43,4,0.6271803567584054,-0.16000863958668826,0.08450704225352113,0.33823007025761936,-0.0015670622975932358,0.5130784708249497
2024,87378,MARAU,62,9,6.888888888888889,0.0,0.3895262364868397,0.7683438155136267,0.7698412698412699,63,4,0.7297527447842881,0.03859107072933865,0.6197183098591549,0.4318840821851137,-0.042357845698274,0.36016096579476864
2024,87386,PINHAL GRANDE,33,9,3.6666666666666665,0.0,0.223053181138116,0.6273148148148149,0.5288461538461539,52,4,0.6366097709195512,-0.009294956104736296,0.44668008048289737,0.3467417094100059,-0.12368852827188992,0.09859154929577464
2024,87394,MARCELINO RAMOS,27,9,3.0,0.0,0.2828969568850852,0.8024691358024691,0.8484848484848485,33,4,0.6062381458289655,0.19623098997350363,0.9577464788732394,0.3193922802713965,-0.036495323386311285,0.39235412474849096
2024,87408,PINHEIRINHO DO VALE,23,9,2.5555555555555554,0.0,0.5160549616959429,0.34920634920634924,0.7142857142857143,35,3,0.5817661427362507,-0.23255979352990147,0.030181086519114688,0.2974915147837493,0.2185634469121936,0.9738430583501007
2024,87416,MARIANO MORO,22,9,2.4444444444444446,0.0,0.554233840754371,0.6239316239316239,0.4444444444444444,18,6,0.5749537638167549,0.04897786011486904,0.6599597585513078,0.29141581275328254,0.26281802800108844,0.9818913480885312
2024,87424,PONTÃO,22,9,2.4444444444444446,0.0,0.3662174689409472,0.7435897435897436,0.7333333333333333,30,4,0.5749537638167549,0.16863597977298872,0.9235412474849095,0.29141581275328254,0.07480165618766466,0.806841046277666
2024,87432,MATA,36,9,4.0,0.0,0.22296953348405202,0.5884773662551441,0.6415094339622641,53,3,0.6496796935394076,-0.06120232728426345,0.2776659959758551,0.3585708182173816,-0.1356012847333296,0.06639839034205232
2024,87440,PONTE PRETA,22,9,2.4444444444444446,0.0,0.2348038300035451,0.3205128205128205,0.4142857142857143,35,3,0.5749537638167549,-0.2544409433039344,0.02012072434607646,0.29141581275328254,-0.056611982749737444,0.2857142857142857
2024,87459,MAXIMILIANO DE ALMEIDA,30,9,3.3333333333333335,0.0,0.24830606140725986,0.4841269841269841,0.37755102040816324,49,3,0.6222226624401682,-0.13809567831318414,0.1267605633802817,0.3337623900796846,-0.08545632867242475,0.1851106639839034
2024,87467,PORTO MAUÁ,25,9,2.7777777777777777,0.04,0.3951510459799086,0.48611111111111105,0.5428571428571428,35,4,0.5945128175991683,-0.10840170648805725,0.1750503018108652,0.30888409952193896,0.08626694645796962,0.8269617706237424
2024,87475,MIRAGUAÍ,41,9,4.555555555555555,0.024390243902439025,0.2911610994932796,0.6475694444444444,0.8428571428571429,35,5,0.6690927641887686,-0.0215233197443242,0.42354124748490946,0.37620958632931484,-0.08504848683603522,0.18712273641851107
2024,87483,PORTO VERA CRUZ,26,9,2.888888888888889,0.0,0.22041278707584633,0.6470588235294119,0.5517241379310345,29,5,0.6004932354860014,0.04656558804341049,0.6458752515090543,0.3142402805603864,-0.09382749348454006,0.15492957746478872
2024,87491,MONTENEGRO,93,10,9.3,0.11827956989247312,0.5409135051466272,0.8789156626506024,0.896551724137931,87,5,0.7874673040762102,0.09144835857439215,0.7967806841046278,0.4857096607965102,0.05520384435011699,0.7565392354124748
2024,87505,PRESIDENTE LUCENA,23,9,2.5555555555555554,0.0,0.18590612372753568,0.48015873015873023,0.5357142857142857,42,3,0.5817661427362507,-0.10160741257752048,0.1851106639839034,0.2974915147837493,-0.11158539105621362,0.11871227364185111
2024,87513,MOSTARDAS,39,9,4.333333333333333,0.0,0.4763025193158661,0.9296296296296297,0.8939393939393939,66,4,0.6616455361437813,0.2679840934858484,0.9899396378269618,0.3694331673523091,0.10686935196355701,0.8712273641851107
2024,87521,QUEVEDOS,35,9,3.888888888888889,0.11428571428571428,0.49175809496407963,0.7585470085470085,0.6351351351351351,37,3,0.6454551236504974,0.11309188489651112,0.8390342052313883,0.3547432971160681,0.13701479784801152,0.9094567404426559
2024,87530,MUÇUM,31,9,3.4444444444444446,0.0,0.7537869682508918,0.6287878787878789,0.5119047619047619,42,4,0.6271803567584054,0.0016075220294734516,0.4949698189134809,0.33823007025761936,0.4155568979932724,1.0
2024,87548,RIO DOS ÍNDIOS,18,9,2.0,0.0,0.18580143603763433,0.46296296296296297,0.2391304347826087,23,2,0.5440742639525898,-0.08111130098962688,0.22937625754527163,0.2639861240658932,-0.0781846880282589,0.2152917505030181
2024,87556,NÃO-ME-TOQUE,38,9,4.222222222222222,0.0,0.3977706258766869,0.7758620689655171,0.7372881355932204,59,4,0.6577685559346997,0.11809351303081739,0.8450704225352113,0.365910280141298,0.03186034573538887,0.6599597585513078
2024,87564,SAGRADA FAMÍLIA,31,9,3.4444444444444446,0.06451612903225806,0.5725972615048154,0.6338383838383838,0.6071428571428571,42,5,0.6271803567584054,0.0066580270799783126,0.5171026156941649,0.33823007025761936,0.23436719124719602,0.9778672032193159
2024,87572,NONOAI,53,9,5.888888888888889,0.0,0.32601315003050213,0.8547979797979798,0.6826923076923077,52,3,0.7069494668004606,0.14784851299751922,0.8953722334004024,0.41085226924626744,-0.08483911921576531,0.1891348088531187
2024,87580,SALVADOR DAS MISSÕES,21,9,2.3333333333333335,0.0,0.24893604107565848,0.9027777777777778,0.7307692307692307,13,3,0.5678126987867097,0.3349650789910681,0.9959758551307847,0.28505654929276186,-0.036120508217103386,0.3963782696177062
2024,87599,NOVA ARAÇÁ,36,9,4.0,0.0,0.2730632301588425,0.6049382716049383,0.6,35,5,0.6496796935394076,-0.04474142193446928,0.34004024144869216,0.3585708182173816,-0.08550758805853914,0.18108651911468812
2024,87602,SANTA CLARA DO SUL,51,9,5.666666666666667,0.0,0.35779039734532936,0.6441798941798942,0.5078125,64,5,0.7013182591811762,-0.057138365001282,0.2917505030181087,0.40567793191019963,-0.04788753456487027,0.33400402414486924
2024,87610,NOVA BASSANO,20,9,2.2222222222222223,0.0,0.26831640038545457,0.7373737373737372,0.7346938775510204,49,2,0.5603111270437425,0.1770626103299947,0.9496981891348089,0.278386692795951,-0.01007029241049645,0.47484909456740443
2024,87629,SANTA TEREZA,16,9,1.7777777777777777,0.5,0.6282181571815719,0.5634920634920635,0.5,33,2,0.5258728962586101,0.03761916723345338,0.6156941649899397,0.24790066818178397,0.38031748899978796,0.9979879275653923
2024,87637,NOVA BRÉSCIA,17,9,1.8888888888888888,0.0,0.2687327064164604,0.027777777777777776,0.06666666666666667,30,3,0.5352471342975691,-0.5074693565197913,0.002012072434607646,0.2561776614857923,0.012555044930668113,0.5714285714285714
2024,87645,SANTO ANTÔNIO DO PALMA,35,9,3.888888888888889,0.0,0.1572267987787317,0.6517094017094016,0.5625,56,4,0.6454551236504974,0.006254278058904217,0.5130784708249497,0.3547432971160681,-0.19751649833733642,0.014084507042253521
2024,87653,NOVA PALMA,30,9,3.3333333333333335,0.0,0.22074678466409248,0.6296296296296297,0.40816326530612246,49,2,0.6222226624401682,0.007406967189461433,0.5191146881287726,0.3337623900796846,-0.11301560541559214,0.11267605633802817
2024,87661,SANTO ANTÔNIO DO PLANALTO,31,9,3.4444444444444446,0.03225806451612903,0.27932775950435085,0.6161616161616161,0.6590909090909091,44,5,0.6271803567584054,-0.011018740596789312,0.44064386317907445,0.33823007025761936,-0.058902310753268516,0.2776659959758551
2024,87670,NOVA PETRÓPOLIS,66,9,7.333333333333333,0.10606060606060606,0.5057832675051219,0.6569200779727096,0.6911764705882353,68,7,0.7387702819757535,-0.08185020400304388,0.22535211267605634,0.44023668735276983,0.0655465801523521,0.7887323943661971
2024,87688,SANTO EXPEDITO DO SUL,20,9,2.2222222222222223,0.0,0.22673120825230408,0.40909090909090917,0.47368421052631576,19,6,0.5603111270437425,-0.15122021795283336,0.096579476861167,0.278386692795951,-0.051655484543646935,0.31388329979879276
2024,87696,NOVA PRATA,70,11,6.363636363636363,0.014285714285714285,0.3751533943482448,0.6194144838212634,0.6702127659574468,94,7,0.7472184923196241,-0.1278040084983607,0.1448692152917505,0.44808071016138706,-0.07292731581314227,0.23138832997987926
2024,87700,SÃO JOÃO DO POLÊSINE,27,9,3.0,0.1111111111111111,0.24781967233416302,0.6388888888888888,0.4777777777777778,45,2,0.6062381458289655,0.032650743059923326,0.5995975855130785,0.3193922802713965,-0.07157260793723347,0.23541247484909456
2024,87718,NOVO HAMBURGO,151,14,10.785714285714286,0.17880794701986755,0.6505074728834854,0.8832116788321167,0.8224852071005917,169,7,0.8539563660717391,0.029255312760377628,0.5915492957746479,0.5488821523823264,0.10162532050115902,0.8651911468812877
2024,87726,SÃO JOSÉ DOS AUSENTES,33,9,3.6666666666666665,0.030303030303030304,0.422994987963341,0.5879629629629629,0.5697674418604651,43,5,0.6366097709195512,-0.04864680795658827,0.32595573440643866,0.3467417094100059,0.07625327855333508,0.8088531187122736
2024,87734,OSÓRIO,87,13,6.6923076923076925,0.0,0.42731815408115525,0.8305613305613305,0.8070175438596491,114,4,0.7781014033721425,0.052459927189188016,0.6659959758551308,0.47691426134785736,-0.049596107266702105,0.323943661971831
2024,87742,SÃO JOSÉ DO INHACORÁ,31,9,3.4444444444444446,0.0,0.163604660732793,0.30808080808080807,0.2391304347826087,46,5,0.6271803567584054,-0.3190995486775974,0.012072434607645875,0.33823007025761936,-0.17462540952482636,0.030181086519114688
2024,87750,PAIM FILHO,24,9,2.6666666666666665,0.0,0.1083330866470611,0.6222222222222222,0.6444444444444445,45,3,0.5882776674351856,0.03394455478703662,0.6036217303822937,0.3033073281683611,-0.1949742415213,0.018108651911468814
2024,87769,SÃO JOSÉ DAS MISSÕES,28,9,3.111111111111111,0.07142857142857142,0.19501840531067338,0.4239766081871345,0.6162790697674418,43,3,0.6117647010649437,-0.18778809287780923,0.06237424547283702,0.32435475476009706,-0.12933634944942368,0.08651911468812877
2024,87777,PALMEIRA DAS MISSÕES,85,13,6.538461538461538,0.10588235294117647,0.4558058091714994,0.780982905982906,0.8558558558558559,111,5,0.7748232887057859,0.006159617277120111,0.5110663983903421,0.47384153516340466,-0.018035725991905283,0.44668008048289737
2024,87785,SÃO MARTINHO DA SERRA,43,9,4.777777777777778,0.023255813953488372,0.4400649173270923,0.7418300653594772,0.7169811320754716,53,4,0.6761638874440168,0.06566617791546037,0.7193158953722334,0.38265529607568805,0.05740962125140425,0.7625754527162978
2024,87793,PALMITINHO,54,9,6.0,0.0,0.2101373179317929,0.4444444444444444,0.4621212121212121,66,5,0.709680459326197,-0.26523601488175264,0.018108651911468814,0.4133644263070978,-0.2032271083753049,0.008048289738430584
2024,87807,SÃO PEDRO DA SERRA,17,9,1.8888888888888888,0.0,0.2847387124030176,0.6111111111111112,0.5555555555555556,36,2,0.5352471342975691,0.07586397681354207,0.7505030181086519,0.2561776614857923,0.028561050917225328,0.6338028169014085
2024,87815,PANAMBI,104,13,8.0,0.04807692307692308,0.5001668298520319,0.8368554522400676,0.85,140,7,0.8030511325054551,0.03380431973461251,0.6016096579476862,0.500398818220577,-0.00023198836854509963,0.5211267605633803
2024,87823,SÃO PEDRO DO BUTIÁ,18,9,2.0,0.0,0.3732914543865724,0.4814814814814815,0.4146341463414634,41,2,0.5440742639525898,-0.06259278247110833,0.27364185110663986,0.2639861240658932,0.10930533032067918,0.8792756539235412
2024,87831,PARAÍ,18,9,2.0,0.0,0.2607579677934646,0.8024691358024691,0.8536585365853658,41,2,0.5440742639525898,0.2583948718498793,0.9879275653923542,0.2639861240658932,-0.0032281562724286172,0.5050301810865191
2024,87840,SÃO VALENTIM DO SUL,28,9,3.111111111111111,0.0,0.17574548259274092,0.7836257309941521,0.45454545454545453,33,3,0.6117647010649437,0.17186102992920838,0.937625754527163,0.32435475476009706,-0.14860927216735614,0.05030181086519115
2024,87858,PASSO FUNDO,217,21,10.333333333333334,0.018433179723502304,0.6016752670772554,0.9084062196307093,0.8931750741839762,337,10,0.9018226702079878,0.006583549422721546,0.5150905432595574,0.595230218110002,0.006445048967253397,0.5513078470824949
2024,87866,SÃO VALÉRIO DO SUL,23,9,2.5555555555555554,0.0,0.4376810205187647,0.5476190476190477,0.6216216216216216,37,4,0.5817661427362507,-0.03414709511720304,0.38028169014084506,0.2974915147837493,0.14018950573501537,0.9175050301810865
2024,87874,PEDRO OSÓRIO,53,9,5.888888888888889,0.0,0.37354826578098965,0.6578282828282829,0.5223880597014925,67,4,0.7069494668004606,-0.049121183972177684,0.323943661971831,0.41085226924626744,-0.03730400346527779,0.3843058350100604
2024,87882,SENTINELA DO SUL,45,9,5.0,0.26666666666666666,0.5833828881384389,0.7083333333333333,0.5476190476190477,63,4,0.6828936414778402,0.025439691855493107,0.5734406438631791,0.3888003782210159,0.19458250991742299,0.959758551307847
2024,87890,PEJUÇARA,21,9,2.3333333333333335,0.0,0.3412173514284924,0.43518518518518523,0.4,35,4,0.5678126987867097,-0.13262751360152447,0.13883299798792756,0.28505654929276186,0.05616080213573055,0.7605633802816901
2024,87904,SÉRIO,37,9,4.111111111111111,0.02702702702702703,0.28501364271334584,0.6249999999999999,0.5169491525423728,59,4,0.6537819707214879,-0.028781970721488026,0.39436619718309857,0.36229124834879456,-0.07727760563544872,0.2193158953722334
2024,87912,PELOTAS,252,21,12.0,0.04365079365079365,0.603510000500473,0.9204287775716347,0.8924418604651163,344,10,0.9210798704921664,-0.0006510929205317817,0.482897384305835,0.6141032338845789,-0.010593233384105893,0.4708249496981891
2024,87920,SERTÃO SANTANA,33,9,3.6666666666666665,0.0,0.235556910841211,0.4861111111111111,0.6964285714285714,56,4,0.6366097709195512,-0.15049865980844007,0.10261569416498995,0.3467417094100059,-0.11118479856879493,0.12072434607645875
2024,87939,PINHEIRO MACHADO,52,9,5.777777777777778,0.0,0.437951827527741,0.7700258397932817,0.8,70,5,0.7041628033712961,0.06586303642198554,0.7223340040241448,0.4082907467913853,0.029661080736355705,0.647887323943662
2024,87947,SINIMBU,61,9,6.777777777777778,0.09836065573770492,0.5614341313305355,0.6570512820512822,0.6935483870967742,62,6,0.7274005922866392,-0.07034931023535707,0.24748490945674045,0.4297087308929302,0.13172540043760533,0.9014084507042254
2024,87955,PIRATINI,47,9,5.222222222222222,0.02127659574468085,0.4926438637819488,0.8114035087719299,0.7941176470588235,51,4,0.6893122173984666,0.1220912913734633,0.8511066398390342,0.3946710158476629,0.0979728479342859,0.8571428571428571
2024,87963,TIRADENTES DO SUL,46,9,5.111111111111111,0.0,0.44679933476319245,0.6381381381381381,0.7592592592592593,54,5,0.6861400954986199,-0.04800195736048174,0.3299798792756539,0.39176849989186385,0.05503083487132859,0.7545271629778671
2024,87971,PLANALTO,43,9,4.777777777777778,0.023255813953488372,0.5230638051909047,0.6486928104575164,0.6904761904761905,63,4,0.6761638874440168,-0.02747107698650042,0.40040241448692154,0.38265529607568805,0.14040850911521663,0.9195171026156942
2024,87980,TRAVESSEIRO,13,9,1.4444444444444444,0.15384615384615385,0.419074625794178,0.4861111111111111,0.75,18,2,0.4937047506454702,-0.007593639534359098,0.45472837022132795,0.21961573979363805,0.19945888600053993,0.9637826961770624
2024,87998,PORTÃO,70,11,6.363636363636363,0.05714285714285714,0.4660948890445522,0.9106317411402156,0.8711340206185567,97,6,0.7472184923196241,0.1634132488205915,0.9154929577464789,0.44808071016138706,0.018014178883165144,0.5915492957746479
2024,88005,TRÊS FORQUILHAS,29,9,3.2222222222222223,0.0,0.23106522986026312,0.5944444444444444,0.6530612244897959,49,2,0.6170882672467605,-0.022643822802316027,0.4104627766599598,0.32914084753864564,-0.09807561767838252,0.1448692152917505
2024,88013,PORTO ALEGRE,511,35,14.6,0.021526418786692758,0.6510225454150826,0.9489795918367346,0.9383938393839384,909,13,1.0082349602693288,-0.05925536843259416,0.2837022132796781,0.7013648471832827,-0.05034230176820009,0.317907444668008
2024,88021,TUPANCI DO SUL,22,9,2.4444444444444446,0.045454545454545456,0.4550384882023577,0.6752136752136753,0.6818181818181818,11,4,0.5749537638167549,0.10025991139692036,0.8209255533199196,0.29141581275328254,0.16362267544907516,0.9416498993963782
2024,88030,PORTO LUCENA,24,9,2.6666666666666665,0.0,0.1782530670391833,0.7481481481481481,0.7,30,4,0.5882776674351856,0.1598704807129625,0.9094567404426559,0.3033073281683611,-0.12505426112917778,0.0925553319919517
2024,88048,UNIÃO DA SERRA,23,9,2.5555555555555554,0.0,0.40707221496547863,0.5,0.3953488372093023,43,3,0.5817661427362507,-0.08176614273625071,0.22736418511066397,0.2974915147837493,0.10958070018172933,0.8812877263581489
2024,88056,PORTO XAVIER,26,9,2.888888888888889,0.0,0.16490320582313767,0.7516339869281046,0.6862745098039216,51,3,0.6004932354860014,0.15114075144210315,0.89738430583501,0.3142402805603864,-0.14933707473724872,0.0482897384305835
2024,88064,VALE DO SOL,48,9,5.333333333333333,0.020833333333333332,0.4834332489966551,0.8304843304843305,0.6759259259259259,54,4,0.6924131948058457,0.13807113567848472,0.8772635814889336,0.3975106953292008,0.08592255366745427,0.8229376257545271
2024,88072,PUTINGA,24,9,2.6666666666666665,0.0,0.3310365630622112,0.674074074074074,0.5777777777777777,45,3,0.5882776674351856,0.08579640663888843,0.7736418511066399,0.3033073281683611,0.027729234893850097,0.6277665995975855
2024,88080,VALE REAL,38,9,4.222222222222222,0.0,0.35623004367916056,0.31800766283524906,0.6341463414634146,41,4,0.6577685559346997,-0.3397608930994507,0.006036217303822937,0.365910280141298,-0.009680236462137448,0.4788732394366197
2024,88099,QUARAÍ,126,11,11.454545454545455,0.031746031746031744,0.4803359644024754,0.8553359683794466,0.8043478260869565,92,6,0.829456655331816,0.02587931304763058,0.579476861167002,0.5254495619991003,-0.04511359759662492,0.34808853118712274
2024,88102,VILA NOVA DO SUL,28,9,3.111111111111111,0.0,0.369479599843612,0.6345029239766082,0.7333333333333333,45,4,0.6117647010649437,0.022738222911664496,0.5653923541247485,0.32435475476009706,0.04512484508351494,0.7243460764587525
2024,88110,REDENTORA,47,9,5.222222222222222,0.2553191489361702,0.4542543084676218,0.5248538011695907,0.5725806451612904,62,4,0.6893122173984666,-0.16445841622887591,0.08048289738430583,0.3946710158476629,0.05958329261995893,0.7686116700201208
2024,88129,VITÓRIA DAS MISSÕES,22,9,2.4444444444444446,0.0,0.33603383525697383,0.5341880341880341,0.4807692307692308,26,4,0.5749537638167549,-0.040765729628720826,0.36016096579476864,0.29141581275328254,0.04461802250369129,0.7223340040241448
2024,88137,RESTINGA SÊCA,41,9,4.555555555555555,0.0,0.39869372788633295,0.6822916666666666,0.7068965517241379,58,5,0.6690927641887686,0.013198902477898011,0.5372233400402414,0.37620958632931484,0.02248414155701811,0.6096579476861167
2024,88145,XANGRI-LÁ,59,9,6.555555555555555,0.0,0.45381366620155705,0.9022222222222221,0.9117647058823529,68,5,0.7225696004660397,0.17965262175618246,0.9517102615694165,0.425245179103461,0.028568487098096063,0.635814889336016
2024,88153,RIO GRANDE,267,21,12.714285714285714,0.0449438202247191,0.6590815615231045,0.9154084397986836,0.8660436137071651,321,11,0.9284498348541497,-0.013041395055466087,0.43661971830985913,0.6213626289028981,0.037718932620206425,0.6881287726358148
2024,88161,BOA VISTA DO SUL,23,9,2.5555555555555554,0.0,0.13504784979599682,0.5595238095238094,0.5967741935483871,31,4,0.5817661427362507,-0.02224233321244129,0.41448692152917505,0.2974915147837493,-0.16244366498775248,0.03822937625754527
2024,88170,RIO PARDO,109,13,8.384615384615385,0.11009174311926606,0.48065750876470115,0.8341346153846154,0.816793893129771,131,8,0.8095532338113861,0.02458138157322931,0.5714285714285714,0.506548222080169,-0.025890713315467884,0.42655935613682094
2024,88188,DILERMANDO DE AGUIAR,46,9,5.111111111111111,0.0,0.3855475233147534,0.7972972972972973,0.8538461538461538,65,4,0.6861400954986199,0.11115720179867739,0.8309859154929577,0.39176849989186385,-0.00622097657711046,0.48893360160965793
2024,88196,ROCA SALES,43,9,4.777777777777778,0.0,0.418458276039277,0.576797385620915,0.5725806451612904,62,4,0.6761638874440168,-0.0993665018231018,0.19114688128772636,0.38265529607568805,0.03580297996358894,0.6800804828973843
2024,88200,CAPIVARI DO SUL,43,9,4.777777777777778,0.09302325581395349,0.5215494838246055,0.7418300653594772,0.8490566037735849,53,5,0.6761638874440168,0.06566617791546037,0.7193158953722334,0.38265529607568805,0.13889418774891749,0.9154929577464789
2024,88218,RODEIO BONITO,33,9,3.6666666666666665,0.0,0.21203341849153734,0.6412037037037037,0.5625,48,4,0.6366097709195512,0.0045939327841525435,0.5090543259557344,0.3467417094100059,-0.1347082909184686,0.07243460764587525
2024,88226,NOVA CANDELÁRIA,22,9,2.4444444444444446,0.0,0.3124081858585881,0.6666666666666666,0.6666666666666666,27,4,0.5749537638167549,0.09171290284991174,0.8008048289738431,0.29141581275328254,0.02099237310530555,0.6036217303822937
2024,88234,ROLANTE,74,9,8.222222222222221,0.08108108108108109,0.527282090816364,0.882051282051282,0.8181818181818182,55,4,0.7551622852544534,0.12688899679682863,0.8591549295774648,0.45547321509073374,0.07180887572563027,0.8008048289738431
2024,88242,FLORIANO PEIXOTO,23,9,2.5555555555555554,0.0,0.21854819732270436,0.6349206349206349,0.6363636363636364,33,4,0.5817661427362507,0.05315449218438417,0.6740442655935613,0.2974915147837493,-0.07894331746104494,0.2112676056338028
2024,88250,RONDA ALTA,26,9,2.888888888888889,0.0,0.22714765060186326,0.718954248366013,0.7560975609756098,41,3,0.6004932354860014,0.11846101288001154,0.8470824949698189,0.3142402805603864,-0.08709262995852313,0.17706237424547283
2024,88269,CHUVISCA,31,9,3.4444444444444446,0.03225806451612903,0.3050498361431715,0.8585858585858586,0.7608695652173914,46,3,0.6271803567584054,0.23140550182745312,0.9818913480885312,0.33823007025761936,-0.03318023411444787,0.4124748490945674
2024,88277,RONDINHA,18,9,2.0,0.0,0.20302290653764365,0.40740740740740744,0.3793103448275862,29,2,0.5440742639525898,-0.1366668565451824,0.12877263581488935,0.2639861240658932,-0.06096321752824957,0.26961770623742454
2024,88285,ESPERANÇA DO SUL,13,9,1.4444444444444444,0.0,0.25195467950578787,0.7222222222222222,0.8260869565217391,23,2,0.4937047506454702,0.228517471576752,0.9778672032193159,0.21961573979363805,0.03233893971214982,0.6639839034205232
2024,88293,ROQUE GONZALES,20,9,2.2222222222222223,0.0,0.19593263063469624,0.6313131313131313,0.6428571428571429,49,2,0.5603111270437425,0.07100200426938874,0.7364185110663984,0.278386692795951,-0.08245406216125478,0.19718309859154928
2024,88307,DOUTOR RICARDO,28,9,3.111111111111111,0.0,0.12319628271098892,0.5321637426900585,0.4418604651162791,43,4,0.6117647010649437,-0.07960095837488523,0.23340040241448692,0.32435475476009706,-0.20115847204910814,0.012072434607645875
2024,88315,ROSÁRIO DO SUL,104,13,8.0,0.0,0.4947200860177492,0.9163144547759933,0.9300699300699301,143,6,0.8030511325054551,0.11326332227053815,0.8410462776659959,0.500398818220577,-0.005678732202827774,0.4969818913480885
2024,88323,HERVEIRAS,29,9,3.2222222222222223,0.0,0.2665219131336274,0.4138888888888889,0.3409090909090909,44,4,0.6170882672467605,-0.20319937835787155,0.04225352112676056,0.32914084753864564,-0.06261893440501826,0.2655935613682093
2024,88331,SALVADOR DO SUL,32,9,3.5555555555555554,0.0,0.3732700407237346,0.7318840579710145,0.5760869565217391,46,3,0.6319726411968907,0.09991141677412385,0.8169014084507042,0.34255357464929087,0.030716466074443727,0.6559356136820925
2024,88340,CARAÁ,50,9,5.555555555555555,0.0,0.2946725832422279,0.6964769647696477,0.765625,64,5,0.6984134921418841,-0.001936527372236374,0.4768611670020121,0.4030117834874926,-0.10833920024526472,0.12474849094567404
2024,88358,SANANDUVA,49,9,5.444444444444445,0.0,0.3126625162254688,0.7069444444444444,0.7416666666666667,60,6,0.6954460172499977,0.011498427194446714,0.5352112676056338,0.40029013717847317,-0.08762762095300436,0.1750503018108652
2024,88366,FAZENDA VILANOVA,34,9,3.7777777777777777,0.029411764705882353,0.30747883994738134,0.6733333333333333,0.71875,48,4,0.6411010874905468,0.0322322458427865,0.5975855130784709,0.35080250347804126,-0.04332366353065992,0.358148893360161
2024,88374,SANTA BÁRBARA DO SUL,39,9,4.333333333333333,0.0,0.18165498332121444,0.5777777777777777,0.6440677966101694,59,4,0.6616455361437813,-0.08386775836600358,0.22132796780684105,0.3694331673523091,-0.18777818403109464,0.022132796780684104
2024,88382,ITAARA,47,9,5.222222222222222,0.23404255319148937,0.5526201066103233,0.8011695906432749,0.8103448275862069,58,5,0.6893122173984666,0.11185737324480827,0.8350100603621731,0.3946710158476629,0.15794909076266045,0.9356136820925554
2024,88390,SANTA CRUZ DO SUL,194,17,11.411764705882353,0.005154639175257732,0.5007634419516984,0.8190428713858425,0.766798418972332,253,10,0.8872086650029073,-0.06816579361706476,0.2575452716297787,0.5809967718540714,-0.08023332990237297,0.20925553319919518
2024,88404,ESTRELA VELHA,18,9,2.0,0.0,0.28187147271484037,0.6728395061728395,0.48484848484848486,33,2,0.5440742639525898,0.12876524222024965,0.8631790744466801,0.2639861240658932,0.01788534864894714,0.5895372233400402
2024,88412,SANTA MARIA,258,21,12.285714285714286,0.15503875968992248,0.635789527096843,0.9269640345589713,0.9205882352941176,340,12,0.9240843284883238,0.0028797060706474698,0.5030181086519114,0.6170601358843593,0.018729391212483737,0.5935613682092555
2024,88420,BENJAMIN CONSTANT DO SUL,11,9,1.2222222222222223,0.0,0.2791475586727814,0.5555555555555556,0.5555555555555556,9,2,0.4678063953448532,0.08774916021070239,0.7847082494969819,0.1969722322090789,0.08217532646370251,0.8209255533199196
2024,88439,SANTANA DA BOA VISTA,47,9,5.222222222222222,0.0425531914893617,0.39369289803594043,0.8421052631578947,0.7213114754098361,61,3,0.6893122173984666,0.1527930457594281,0.8993963782696177,0.3946710158476629,-0.0009781178117224676,0.5171026156941649
2024,88447,MAÇAMBARÁ,37,9,4.111111111111111,0.0,0.30893320229139265,0.7797619047619048,0.7596153846153846,52,4,0.6537819707214879,0.12597993404041685,0.8531187122736419,0.36229124834879456,-0.05335804605740191,0.30181086519114686
2024,88455,SANT'ANA DO LIVRAMENTO,149,17,8.764705882352942,0.0738255033557047,0.5519670857188996,0.9050802139037434,0.8837209302325582,215,7,0.8521652043016147,0.05291500960212869,0.670020120724346,0.5471625956456942,0.004804490073205381,0.545271629778672
2024,88463,DOM PEDRO DE ALCÂNTARA,22,9,2.4444444444444446,0.18181818181818182,0.5598115487871933,0.670940170940171,0.4393939393939394,33,4,0.5749537638167549,0.0959864071234161,0.8088531187122736,0.29141581275328254,0.26839573603391076,0.9879275653923542
2024,88471,SANTA ROSA,117,15,7.8,0.0,0.47143686006155017,0.8457516339869281,0.8466257668711656,163,5,0.8193109857513169,0.026440648235611208,0.5814889336016097,0.515799925391936,-0.04436306533038581,0.352112676056338
2024,88480,UNISTALDA,17,9,1.8888888888888888,0.0,0.28675366910038824,0.6666666666666666,0.6818181818181818,22,3,0.5352471342975691,0.13141953236909754,0.869215291750503,0.2561776614857923,0.030576007614595946,0.6539235412474849
2024,88498,SANTA VITÓRIA DO PALMAR,97,13,7.461538461538462,0.0,0.5290799262808814,0.8278388278388278,0.8333333333333334,126,6,0.7933548070137879,0.034484020825039874,0.607645875251509,0.49125106525489587,0.03782886102598554,0.6901408450704225
2024,88501,TURUÇU,32,9,3.5555555555555554,0.09375,0.32640811575665407,0.42995169082125606,0.5,52,4,0.6319726411968907,-0.2020209503756346,0.04426559356136821,0.34255357464929087,-0.0161454588926368,0.45271629778672035
2024,88510,SANTIAGO,85,13,6.538461538461538,0.011764705882352941,0.47423396106613014,0.8723290598290598,0.7845528455284553,123,6,0.7748232887057859,0.09750577112327397,0.8128772635814889,0.47384153516340466,0.0003924259027254795,0.5271629778672032
2024,88528,CRISTAL DO SUL,20,9,2.2222222222222223,0.0,0.091462306993642,0.6363636363636364,0.5757575757575758,33,3,0.5603111270437425,0.07605250931989382,0.7545271629778671,0.278386692795951,-0.18692438580230902,0.02414486921529175
2024,88536,SANTO ÂNGELO,140,15,9.333333333333334,0.1,0.5022166818974274,0.8816,0.7967032967032966,182,6,0.8437667234954753,0.03783327650452473,0.6177062374245473,0.5391134886266836,-0.036896806729256215,0.3903420523138833
2024,88544,MUITOS CAPÕES,20,9,2.2222222222222223,0.0,0.46570809122143486,0.6515151515151515,0.7653061224489796,49,2,0.5603111270437425,0.09120402447140896,0.7947686116700201,0.278386692795951,0.18732139842548384,0.9577464788732394
2024,88552,SANTO ANTÔNIO DA PATRULHA,69,13,5.3076923076923075,0.0,0.4310354030173671,0.8846153846153847,0.8703703703703703,108,4,0.745156068501924,0.13945931611346074,0.8812877263581489,0.4461640929459449,-0.015128689928577799,0.4567404426559356
2024,88560,NOVA RAMADA,23,9,2.5555555555555554,0.0,0.16130678756071903,0.5714285714285714,0.5,28,6,0.5817661427362507,-0.010337571307679316,0.4426559356136821,0.2974915147837493,-0.13618472722303027,0.06438631790744467
2024,88579,SANTO ANTÔNIO DAS MISSÕES,31,9,3.4444444444444446,0.03225806451612903,0.44582513268220114,0.601010101010101,0.5660377358490566,53,3,0.6271803567584054,-0.02617025574830445,0.40643863179074446,0.33823007025761936,0.10759506242458178,0.8752515090543259
2024,88587,JARI,30,9,3.3333333333333335,0.1,0.3746659172254705,0.6375661375661376,0.5566037735849056,53,3,0.6222226624401682,0.015343475125969341,0.5472837022132797,0.3337623900796846,0.04090352714578588,0.7082494969818913
2024,88595,SANTO AUGUSTO,45,9,5.0,0.0,0.45147796639707827,0.8580246913580247,0.8032786885245902,61,4,0.6828936414778402,0.17513104988018457,0.9456740442655935,0.3888003782210159,0.0626775881760624,0.7746478873239436
2024,88609,UBIRETAMA,29,9,3.2222222222222223,0.0,0.28198877679182965,0.5166666666666666,0.5,38,5,0.6170882672467605,-0.10042160058009386,0.18712273641851107,0.32914084753864564,-0.04715207074681599,0.33601609657947684
2024,88617,SANTO CRISTO,27,9,3.0,0.0,0.12207212936975287,0.7654320987654321,0.7307692307692307,52,3,0.6062381458289655,0.15919395293646654,0.9054325955734407,0.3193922802713965,-0.19732015090164362,0.01609657947686117
2024,88625,BARRA DO QUARAÍ,33,9,3.6666666666666665,0.0,0.3921011679030626,0.8541666666666666,0.8333333333333334,45,3,0.6366097709195512,0.21755689574711545,0.9738430583501007,0.3467417094100059,0.04535945849305667,0.7303822937625755
2024,88633,SÃO BORJA,102,15,6.8,0.058823529411764705,0.4941737729447404,0.8896551724137932,0.893491124260355,169,5,0.8003547256101654,0.08930044680362781,0.7907444668008048,0.4978522613913351,-0.0036784884465946854,0.5030181086519114
2024,88641,CERRITO,49,9,5.444444444444445,0.0,0.5410811663652908,0.7694444444444445,0.6923076923076923,52,5,0.6954460172499977,0.07399842719444683,0.7424547283702213,0.40029013717847317,0.14079102918681763,0.9235412474849095
2024,88650,SÃO FRANCISCO DE ASSIS,42,11,3.8181818181818183,0.0,0.3272760343639951,0.8167155425219941,0.7247191011235955,89,3,0.6726730513669267,0.1440424911550674,0.8893360160965795,0.3794717998122948,-0.05219576544829968,0.30985915492957744
2024,88668,VALE VERDE,35,9,3.888888888888889,0.0,0.3953827629721629,0.5876068376068376,0.6022727272727273,44,5,0.6454551236504974,-0.05784828604365977,0.289738430583501,0.3547432971160681,0.04063946585609479,0.7062374245472837
2024,88676,SÃO FRANCISCO DE PAULA,81,9,9.0,0.09876543209876543,0.5369540646830546,0.9089506172839505,0.9508196721311475,61,5,0.7680094746302024,0.14094114265374813,0.8832997987927566,0.46746398961648317,0.06949007506657146,0.7967806841046278
2024,88684,NOVO CABRAIS,51,9,5.666666666666667,0.0,0.33427386787841606,0.544973544973545,0.7611940298507462,67,4,0.7013182591811762,-0.15634471420763119,0.0925553319919517,0.40567793191019963,-0.07140406403178357,0.23943661971830985
2024,88692,SÃO GABRIEL,138,15,9.2,0.043478260869565216,0.5152986407074456,0.8379403794037941,0.88,175,6,0.8418203977531826,-0.0038800183493885587,0.46680080482897385,0.5372513078105701,-0.02195266710312449,0.4346076458752515
2024,88706,SETE DE SETEMBRO,23,9,2.5555555555555554,0.0,0.2258253296154773,0.634920634920635,0.74,25,4,0.5817661427362507,0.05315449218438428,0.676056338028169,0.2974915147837493,-0.071666185168272,0.23340040241448692
2024,88714,SÃO JERÔNIMO,82,11,7.454545454545454,0.10975609756097561,0.48967541773818035,0.8629961587708066,0.8315789473684211,95,5,0.769746466150158,0.09324969262064864,0.8028169014084507,0.4690885737993084,0.020586843938871946,0.6016096579476862
2024,88722,TABAÍ,40,9,4.444444444444445,0.0,0.4695069638616911,0.6971326164874553,0.7608695652173914,46,6,0.6654185361999823,0.03171408028747302,0.5955734406438632,0.3728647686930895,0.09664219516860162,0.8551307847082495
2024,88730,SÃO JOSÉ DO NORTE,79,9,8.777777777777779,0.0,0.43082967754930146,0.7111111111111111,0.68,75,6,0.7644649546723482,-0.05335384356123707,0.30784708249496984,0.4641513643507623,-0.03332168680146086,0.4104627766599598
2024,88749,VILA LÂNGARO,14,9,1.5555555555555556,0.0,0.14864783187703856,0.5555555555555556,0.5416666666666666,24,2,0.5051932612982993,0.050362294257256246,0.6619718309859155,0.2296967344630732,-0.08104890258603464,0.20321931589537223
2024,88757,SÃO JOSÉ DO OURO,42,9,4.666666666666667,0.0,0.2608852534746935,0.632996632996633,0.23076923076923078,26,6,0.6726730513669267,-0.039676418370293676,0.3702213279678068,0.3794717998122948,-0.1185865463376013,0.10663983903420524
2024,88765,SENADOR SALGADO FILHO,28,9,3.111111111111111,0.0,0.1533632672173042,0.6695906432748537,0.7127659574468085,47,4,0.6117647010649437,0.05782594220991,0.6881287726358148,0.32435475476009706,-0.17099148754279286,0.03219315895372234
2024,88773,SÃO LEOPOLDO,173,13,13.307692307692308,0.09826589595375723,0.5953622634035489,0.9201923076923076,0.8907563025210085,119,5,0.8721022406221887,0.04809006707011898,0.6559356136820925,0.5663614378339098,0.02900082556963912,0.6378269617706237
2024,88781,VESPASIANO CORRÊA,27,9,3.0,0.1111111111111111,0.41009272093839577,0.5401234567901234,0.6018518518518519,54,3,0.6062381458289655,-0.0661146890388421,0.2635814889336016,0.3193922802713965,0.09070044066699928,0.8390342052313883
2024,88790,SÃO LOURENÇO DO SUL,93,11,8.454545454545455,0.043010752688172046,0.513569960822144,0.6934589800443459,0.7990196078431373,102,7,0.7874673040762102,-0.09400832403186432,0.2012072434607646,0.4857096607965102,0.027860300025633833,0.6317907444668008
2024,88803,MONTE ALEGRE DOS CAMPOS,26,9,2.888888888888889,0.0,0.23093438664191135,0.5522875816993464,0.6224489795918368,49,2,0.6004932354860014,-0.04820565378665498,0.32796780684104626,0.3142402805603864,-0.08330589391847504,0.19517102615694165
2024,88811,SÃO LUIZ GONZAGA,98,13,7.538461538461538,0.10204081632653061,0.5388698562767511,0.8751131221719457,0.8571428571428571,119,5,0.7947856184231569,0.08032750374878883,0.7665995975855131,0.4925992426978375,0.0462706135789136,0.7344064386317908
2024,88820,MARQUES DE SOUZA,32,9,3.5555555555555554,0.0,0.35248583378305454,0.4903381642512078,0.4818181818181818,55,4,0.6319726411968907,-0.14163447694568287,0.12072434607645875,0.34255357464929087,0.009932259133763666,0.5593561368209256
2024,88838,SÃO MARCOS,52,9,5.777777777777778,0.0,0.3510333720375094,0.7028423772609819,0.5942028985507246,69,5,0.7041628033712961,-0.0013204261103142434,0.4788732394366197,0.4082907467913853,-0.05725737475387588,0.28169014084507044
2024,88846,CHUÍ,39,9,4.333333333333333,0.02564102564102564,0.3333293556204915,0.6074074074074074,0.7647058823529411,51,3,0.6616455361437813,-0.0542381287363739,0.30181086519114686,0.3694331673523091,-0.03610381173181759,0.3983903420523139
2024,88854,SÃO MARTINHO,16,9,1.7777777777777777,0.0,0.16453755322474528,0.30158730158730157,0.4583333333333333,24,2,0.5258728962586101,-0.22428559467130854,0.03420523138832998,0.24790066818178397,-0.08336311495703869,0.193158953722334
2024,88862,ARARICÁ,69,9,7.666666666666667,0.0,0.3773681334891279,0.7592592592592592,0.6865671641791045,67,4,0.745156068501924,0.014103190757335238,0.5412474849094567,0.4461640929459449,-0.06879595945681699,0.2515090543259557
2024,88870,SÃO NICOLAU,18,9,2.0,0.0,0.2645254926553029,0.46913580246913583,0.4634146341463415,41,2,0.5440742639525898,-0.07493846148345401,0.23943661971830985,0.2639861240658932,0.0005393685894096722,0.5291750503018109
2024,88889,PASSA SETE,30,9,3.3333333333333335,0.0,0.5137991053556819,0.798941798941799,0.9019607843137255,51,3,0.6222226624401682,0.17671913650163074,0.9476861167002012,0.3337623900796846,0.18003671527599724,0.9496981891348089
2024,88897,SÃO PAULO DAS MISSÕES,21,9,2.3333333333333335,0.0,0.3372951245711908,0.8796296296296297,0.8125,24,3,0.5678126987867097,0.31181693084291995,0.993963782696177,0.28505654929276186,0.052238575278428956,0.7484909456740443
2024,88900,TOROPI,42,9,4.666666666666667,0.0,0.475756731241872,0.6835016835016834,0.625,48,3,0.6726730513669267,0.01082863213475671,0.5311871227364185,0.3794717998122948,0.09628493142957723,0.8511066398390342
2024,88919,SÃO PEDRO DO SUL,68,11,6.181818181818182,0.0,0.37670750516183094,0.5845295055821371,0.535,100,6,0.7430612243406278,-0.1585317187584907,0.08853118712273642,0.44421846859540726,-0.06751096343357632,0.2535211267605634
2024,88927,BALNEÁRIO PINHAL,110,9,12.222222222222221,0.00909090909090909,0.47032752978061243,0.797029702970297,0.8333333333333334,69,6,0.8108147724251505,-0.013785069454853582,0.4346076458752515,0.507742756954934,-0.03741522717432155,0.3822937625754527
2024,88935,SÃO SEBASTIÃO DO CAÍ,84,9,9.333333333333334,0.011904761904761904,0.5017216910969227,0.7807407407407407,0.7121212121212122,66,5,0.7731528226407034,0.007587918100037339,0.5231388329979879,0.472276859343846,0.02944483175307666,0.6438631790744467
2024,88943,MAMPITUBA,37,9,4.111111111111111,0.08108108108108109,0.41375545999811014,0.6944444444444444,0.7090909090909091,55,4,0.6537819707214879,0.040662473722956505,0.6257545271629779,0.36229124834879456,0.05146421164931558,0.7464788732394366
2024,88951,SÃO SEPÉ,83,11,7.545454545454546,0.07228915662650602,0.5287238746359086,0.9330808080808081,0.9591836734693877,98,5,0.771460728604613,0.16162007947619506,0.9114688128772636,0.47069269835192173,0.05803117628398691,0.7645875251509054
2024,88978,SÃO VALENTIM,40,9,4.444444444444445,0.0,0.5160076179258726,0.48387096774193544,0.6666666666666666,39,5,0.6654185361999823,-0.18154756845804682,0.07042253521126761,0.3728647686930895,0.1431428492327831,0.9295774647887324
2024,88986,ACEGUÁ,55,9,6.111111111111111,0.05454545454545454,0.4495679711092819,0.6183574879227053,0.6949152542372882,59,5,0.7123578682832792,-0.0940003803605739,0.20321931589537223,0.41582903923839815,0.03373893187088378,0.670020120724346
2024,88994,SAPIRANGA,113,11,10.272727272727273,0.0,0.5563986415643967,0.859180035650624,0.7011494252873564,87,6,0.8145259433212768,0.04465409232934714,0.641851106639839,0.5112595269375174,0.04513911462687925,0.7263581488933601
2024,89001,ALMIRANTE TAMANDARÉ DO SUL,23,9,2.5555555555555554,0.0,0.47755124714660346,0.5833333333333334,0.5454545454545454,33,3,0.5817661427362507,0.0015671905970826572,0.49295774647887325,0.2974915147837493,0.18005973236285416,0.9517102615694165
2024,89010,SAPUCAIA DO SUL,129,11,11.727272727272727,0.06976744186046512,0.5533323170234268,0.7889060092449923,0.8504672897196262,107,7,0.8326642390621172,-0.04375822981712485,0.3440643863179074,0.528506818962393,0.024825498061033735,0.6197183098591549
2024,89028,ARROIO DO PADRE,24,9,2.6666666666666665,0.16666666666666666,0.3827240881633276,0.8037037037037037,0.7571428571428571,35,3,0.5882776674351856,0.21542603626851808,0.9678068410462777,0.3033073281683611,0.0794167599949665,0.8189134808853119
2024,89036,SARANDI,53,11,4.818181818181818,0.0,0.4183494649673003,0.8333333333333334,0.8026315789473685,76,5,0.7069494668004606,0.1263838665328728,0.8551307847082495,0.41085226924626744,0.007497195721032857,0.5533199195171026
2024,89044,BOA VISTA DO CADEADO,18,9,2.0,0.0,0.19018490301668223,0.5802469135802469,0.6097560975609756,41,2,0.5440742639525898,0.036172649627657094,0.6116700201207244,0.2639861240658932,-0.073801221049211,0.22937625754527163
2024,89052,SEBERI,27,9,3.0,0.0,0.31325898881368874,0.8148148148148148,0.8095238095238095,42,2,0.6062381458289655,0.20857666898584926,0.9617706237424547,0.3193922802713965,-0.006133291457707746,0.4909456740442656
2024,89060,BOA VISTA DO INCRA,19,9,2.111111111111111,0.0,0.13912299566030262,0.5055555555555555,0.44047619047619047,42,2,0.5524124448860327,-0.04685688933047716,0.33400402414486924,0.27137518884309897,-0.13225219318279635,0.08048289738430583
2024,89079,SELBACH,20,9,2.2222222222222223,0.1,0.4189905672803169,0.41414141414141414,0.5806451612903226,31,3,0.5603111270437425,-0.14616971290232839,0.11468812877263582,0.278386692795951,0.1406038744843659,0.9215291750503019
2024,89087,BOZANO,27,9,3.0,0.037037037037037035,0.38563779510425134,0.5432098765432098,0.5652173913043478,46,3,0.6062381458289655,-0.06302826928575567,0.2716297786720322,0.3193922802713965,0.06624551483285485,0.7907444668008048
2024,89095,SERAFINA CORRÊA,39,9,4.333333333333333,0.0,0.4051853715088083,0.7925925925925926,0.7090909090909091,55,4,0.6616455361437813,0.13094705644881133,0.8672032193158954,0.3694331673523091,0.03575220415649921,0.6780684104627767
2024,89109,CANUDOS DO VALE,36,9,4.0,0.05555555555555555,0.4533411958350786,0.6460905349794238,0.6,60,4,0.6496796935394076,-0.0035891585599837628,0.4688128772635815,0.3585708182173816,0.09477037761769697,0.8490945674044266
2024,89117,SERTÃO,40,9,4.444444444444445,0.025,0.292039469957174,0.5179211469534051,0.5,55,5,0.6654185361999823,-0.14749738924657718,0.11066398390342053,0.3728647686930895,-0.08082529873591549,0.2052313883299799
2024,89125,CAPÃO BONITO DO SUL,27,9,3.0,0.0,0.24845132796041725,0.5524691358024691,0.5760869565217391,46,3,0.6062381458289655,-0.05376901002649637,0.3058350100603622,0.3193922802713965,-0.07094095231097924,0.24346076458752516
2024,89133,SEVERIANO DE ALMEIDA,26,9,2.888888888888889,0.0,0.20149234198757404,0.6209150326797386,0.6375,40,4,0.6004932354860014,0.020421797193737157,0.5573440643863179,0.3142402805603864,-0.11274793857281235,0.11468812877263582
2024,89141,CAPÃO DO CIPÓ,29,9,3.2222222222222223,0.0,0.17044504570183716,0.75,0.7407407407407407,54,3,0.6170882672467605,0.13291173275323953,0.8752515090543259,0.32914084753864564,-0.15869580183680848,0.04225352112676056
2024,89150,CAPÃO DA CANOA,123,13,9.461538461538462,0.0,0.5144553544879518,0.7853146853146853,0.8091603053435115,131,7,0.8261648494039285,-0.040850164089243246,0.3561368209255533,0.522315290195419,-0.007859935707467236,0.48490945674044267
2024,89168,COQUEIRO BAIXO,18,9,2.0,0.0,0.19811664503199644,0.49382716049382713,0.2727272727272727,33,3,0.5440742639525898,-0.05024710345876271,0.3199195171026157,0.2639861240658932,-0.06586947903389678,0.2635814889336016
2024,89176,SOBRADINHO,46,9,5.111111111111111,0.0,0.3918918803056337,0.8588588588588589,0.9152542372881356,59,5,0.6861400954986199,0.17271876336023906,0.9436619718309859,0.39176849989186385,0.00012338041376985798,0.5231388329979879
2024,89184,CORONEL PILAR,21,9,2.3333333333333335,0.0,0.27105426399516963,0.37962962962962965,0.40476190476190477,21,5,0.5678126987867097,-0.18818306915708005,0.056338028169014086,0.28505654929276186,-0.014002285297592232,0.45875251509054327
2024,89192,SOLEDADE,88,11,8.0,0.0,0.481089782185008,0.7048406139315231,0.7040816326530612,98,6,0.7797100401676814,-0.07486942623615833,0.2414486921529175,0.4784231872924144,0.0026665948925935767,0.5372233400402414
2024,89206,CRUZALTENSE,29,9,3.2222222222222223,0.0,0.4710212425336129,0.2305555555555555,0.22727272727272727,33,4,0.6170882672467605,-0.38653271169120496,0.004024144869215292,0.32914084753864564,0.14188039499496724,0.9275653923541247
2024,89214,TAPEJARA,69,11,6.2727272727272725,0.0,0.30645858180914165,0.8338557993730408,0.8514851485148515,101,5,0.745156068501924,0.08869973087111682,0.7887323943661971,0.4461640929459449,-0.13970551113680324,0.06237424547283702
2024,89222,FORQUETINHA,33,9,3.6666666666666665,0.0,0.28660387873623683,0.43287037037037035,0.5185185185185185,54,4,0.6366097709195512,-0.20373940054918083,0.04024144869215292,0.3467417094100059,-0.0601378306737691,0.2716297786720322
2024,89230,TAPERA,53,9,5.888888888888889,0.0,0.4594881497130998,0.5808080808080808,0.5806451612903226,62,4,0.7069494668004606,-0.12614138599237978,0.14688128772635814,0.41085226924626744,0.04863588046683237,0.7364185110663984
2024,89247,SANTA CECÍLIA DO SUL,20,9,2.2222222222222223,0.0,0.22802650957290127,0.5606060606060606,0.5384615384615384,26,4,0.5603111270437425,0.0002949335623180227,0.48893360160965793,0.278386692795951,-0.05036018322304975,0.3158953722334004
2024,89249,ITATI,24,9,2.6666666666666665,0.041666666666666664,0.42588129323482615,0.537037037037037,0.6578947368421053,38,3,0.5882776674351856,-0.051240630398148634,0.317907444668008,0.3033073281683611,0.12257396506646506,0.8953722334004024
2024,89257,TAPES,84,9,9.333333333333334,0.32142857142857145,0.6759478175337119,0.8607407407407407,0.9298245614035088,57,3,0.7731528226407034,0.0875879181000373,0.7826961770623743,0.472276859343846,0.2036709581898659,0.9678068410462777
2024,89265,JACUIZINHO,24,9,2.6666666666666665,0.0,0.3373627271306596,0.8703703703703703,0.8636363636363636,33,4,0.5882776674351856,0.28209270293518474,0.9919517102615694,0.3033073281683611,0.03405539896229853,0.6720321931589537
2024,89273,TAQUARA,157,15,10.466666666666667,0.0,0.4229775164502745,0.8981220657276996,0.8243243243243243,185,8,0.8591783314539917,0.0389437342737079,0.6217303822937625,0.5539012581985108,-0.1309237417482363,0.08249496981891348
2024,89281,LAGOA BONITA DO SUL,15,9,1.6666666666666667,0.0,0.19252824742731467,0.8703703703703703,0.6666666666666666,6,3,0.5158825240577203,0.35448784631265007,1.0,0.2390969222493112,-0.04656867482199653,0.3380281690140845
2024,89290,TAQUARI,63,9,7.0,0.0,0.44687619749275154,0.8106995884773662,0.8,50,4,0.7320645167299088,0.07863507174745743,0.7645875251509054,0.43402343675517063,0.012852760737580904,0.5754527162977867
2024,89303,MATO QUEIMADO,23,9,2.5555555555555554,0.0,0.2524870466321243,0.4126984126984127,0.038461538461538464,26,4,0.5817661427362507,-0.16906773003783804,0.07847082494969819,0.2974915147837493,-0.04500446815162501,0.3501006036217304
2024,89311,TENENTE PORTELA,50,9,5.555555555555555,0.0,0.3677332759508227,0.8672086720867209,0.8409090909090909,44,5,0.6984134921418841,0.16879517994483684,0.9255533199195171,0.4030117834874926,-0.03527850753666989,0.40040241448692154
2024,89320,NOVO XINGU,15,9,1.6666666666666667,0.0,0.2733825342607177,0.5925925925925927,0.631578947368421,19,3,0.5158825240577203,0.07671006853487239,0.7585513078470825,0.2390969222493112,0.03428561201140648,0.6740442655935613
2024,89338,TORRES,128,13,9.846153846153847,0.0546875,0.5764002693386439,0.8551839464882944,0.7952755905511811,127,6,0.8316041490874082,0.023579797400886227,0.5674044265593562,0.5274960629735266,0.048904206365117275,0.738430583501006
2024,89346,PAULO BENTO,54,9,6.0,0.0,0.5801707142095502,0.46913580246913583,0.5188679245283019,53,5,0.709680459326197,-0.24054465685706122,0.028169014084507043,0.4133644263070978,0.16680628790245244,0.9436619718309859
2024,89354,TRAMANDAÍ,150,13,11.538461538461538,0.11333333333333333,0.5776265797083047,0.8368893879842785,0.9233576642335767,137,5,0.8530640434465248,-0.01617465546224628,0.4305835010060362,0.5480253734203366,0.02960120628796803,0.6458752515090543
2024,89362,PINHAL DA SERRA,25,9,2.7777777777777777,0.0,0.27430436869204944,0.4756944444444444,0.5113636363636364,44,3,0.5945128175991683,-0.11881837315472388,0.158953722334004,0.30888409952193896,-0.03457973082988952,0.4024144869215292
2024,89370,TRÊS COROAS,76,9,8.444444444444445,0.039473684210526314,0.4427497206991915,0.8034825870646766,0.7416666666666667,60,4,0.7589624113969178,0.04452017566775879,0.6398390342052314,0.4590154586747434,-0.01626573797555192,0.4507042253521127
2024,89389,QUATRO IRMÃOS,35,9,3.888888888888889,0.0,0.43229927423263215,0.6282051282051282,0.5188679245283019,53,3,0.6454551236504974,-0.017249995445369204,0.42857142857142855,0.3547432971160681,0.07755597711656403,0.8128772635814889
2024,89397,TRÊS DE MAIO,74,11,6.7272727272727275,0.0,0.3311251228422656,0.7474747474747475,0.7701149425287356,87,6,0.7551622852544534,-0.0076875377797058775,0.45271629778672035,0.45547321509073374,-0.12434809224846816,0.09456740442655935
2024,89400,ROLADOR,15,9,1.6666666666666667,0.0,0.28843252766613436,0.75,0.5,10,2,0.5158825240577203,0.23411747594227972,0.9839034205231388,0.2390969222493112,0.049335605416823164,0.7404426559356136
2024,89419,TRÊS PASSOS,70,11,6.363636363636363,0.0,0.3711247432450073,0.7696456086286594,0.7388888888888889,90,7,0.7472184923196241,0.022427116309035267,0.5633802816901409,0.44808071016138706,-0.07695596691637974,0.22132796780684105
2024,89435,TRIUNFO,83,11,7.545454545454546,0.1686746987951807,0.5642045181406528,0.7190656565656566,0.75,72,4,0.771460728604613,-0.052395072038956436,0.3118712273641851,0.47069269835192173,0.09351181978873102,0.8430583501006036
2024,89443,SANTA MARGARIDA DO SUL,29,9,3.2222222222222223,0.034482758620689655,0.4172809769602803,0.6805555555555556,0.7549019607843137,51,3,0.6170882672467605,0.06346728830879511,0.7082494969818913,0.32914084753864564,0.08814012942163468,0.8329979879275654
2024,89451,TUCUNDUVA,42,9,4.666666666666667,0.0,0.29124317154009693,0.7643097643097643,0.7636363636363637,55,4,0.6726730513669267,0.0916367129428376,0.7987927565392354,0.3794717998122948,-0.08822862827219785,0.17303822937625754
2024,89460,SÃO JOSÉ DO SUL,25,9,2.7777777777777777,0.0,0.4098720119632753,0.6944444444444445,0.7333333333333333,30,4,0.5945128175991683,0.09993162684527623,0.8189134808853119,0.30888409952193896,0.10098791244133631,0.8631790744466801
2024,89478,TUPANCIRETÃ,79,9,8.777777777777779,0.012658227848101266,0.4662296378003088,0.8261904761904761,0.696969696969697,66,6,0.7644649546723482,0.061725521518127935,0.7002012072434608,0.4641513643507623,0.002078273449546475,0.5331991951710262
2024,89486,SÃO PEDRO DAS MISSÕES,21,9,2.3333333333333335,0.0,0.3014769581845458,0.2685185185185185,0.3333333333333333,24,3,0.5678126987867097,-0.2992941802681912,0.014084507042253521,0.28505654929276186,0.016420408891783922,0.5855130784708249
2024,89494,TUPARENDI,38,9,4.222222222222222,0.0,0.28707489282139464,0.7318007662835249,0.75,44,5,0.6577685559346997,0.07403221034882512,0.744466800804829,0.365910280141298,-0.07883538731990336,0.21327967806841047
2024,89508,TIO HUGO,28,9,3.111111111111111,0.0,0.3186487442209718,0.40350877192982454,0.30612244897959184,49,3,0.6117647010649437,-0.2082559291351192,0.03822937625754527,0.32435475476009706,-0.0057060105391252836,0.4949698189134809
2024,89516,URUGUAIANA,134,11,12.181818181818182,0.0,0.50769918918776,0.8861788617886178,0.7904761904761904,105,5,0.8378338158177059,0.04834504597091194,0.6579476861167002,0.533440771999407,-0.025741582811646957,0.42857142857142855
2024,89524,WESTFALIA,26,9,2.888888888888889,0.46153846153846156,0.582970488630866,0.4084967320261438,0.5595238095238095,42,3,0.6004932354860014,-0.19199650345985764,0.052313883299798795,0.3142402805603864,0.2687302080704796,0.9899396378269618
2024,89532,VACARIA,144,15,9.6,0.0763888888888889,0.502770686263591,0.7956072351421188,0.850828729281768,181,5,0.8475700041404679,-0.05196276899834906,0.31388329979879276,0.5427557837365654,-0.03998509747297441,0.3702213279678068
2024,89540,PINTO BANDEIRA,29,9,3.2222222222222223,0.034482758620689655,0.47661478178881,0.5,0.6129032258064516,31,3,0.6170882672467605,-0.11708826724676047,0.1619718309859155,0.32914084753864564,0.14747393425016436,0.9336016096579477
2024,89559,VENÂNCIO AIRES,167,15,11.133333333333333,0.08383233532934131,0.5065991152116911,0.8324561403508771,0.8205128205128205,195,8,0.8674150202912756,-0.03495887994039848,0.3782696177062374,0.5618360288637717,-0.05523691365208061,0.29577464788732394
2024,89567,PEDRAS ALTAS,21,9,2.3333333333333335,0.0,0.383530849012925,0.5648148148148149,0.9642857142857143,28,3,0.5678126987867097,-0.0029978839718948214,0.47283702213279677,0.28505654929276186,0.09847429972016314,0.8591549295774648
2024,89575,VERA CRUZ,81,11,7.363636363636363,0.08641975308641975,0.41954699510091387,0.6876623376623376,0.7319587628865979,97,6,0.7680094746302024,-0.08034713696786477,0.23138832997987926,0.46746398961648317,-0.0479169945155693,0.3319919517102616
2024,89591,VERANÓPOLIS,54,9,6.0,0.0,0.35768858000032555,0.6876543209876543,0.6634615384615384,52,3,0.709680459326197,-0.022026138338542722,0.42052313883299797,0.4133644263070978,-0.05567584630677225,0.2917505030181087
2024,89613,VIADUTOS,34,9,3.7777777777777777,0.0,0.2575138793431264,0.6399999999999999,0.875,40,4,0.6411010874905468,-0.001101087490546937,0.48088531187122735,0.35080250347804126,-0.09328862413491484,0.15694164989939638
2024,89630,VIAMÃO,295,21,14.047619047619047,0.05423728813559322,0.6280916144166999,0.8492353145637817,0.8915989159891599,369,11,0.9410610592488635,-0.09182574468508187,0.20724346076458752,0.6338329877440844,-0.005741373327384447,0.49295774647887325
2024,89656,VICENTE DUTRA,26,9,2.888888888888889,0.0,0.24677017554023517,0.7908496732026143,0.6571428571428571,35,3,0.6004932354860014,0.19035643771661293,0.9557344064386318,0.3142402805603864,-0.06747010502015122,0.25553319919517103
2024,89672,PALMARES DO SUL,90,9,10.0,0.07777777777777778,0.44445560312611754,0.7983539094650205,0.8028169014084507,71,6,0.782868816624578,0.015485092840442527,0.5492957746478874,0.48138824291088683,-0.036932639784769294,0.38832997987927564
2024,89699,VICTOR GRAEFF,29,9,3.2222222222222223,0.0,0.23485355856020096,0.6444444444444444,0.6153846153846154,39,5,0.6170882672467605,0.027356177197683906,0.5855130784708249,0.32914084753864564,-0.09428728897844468,0.15090543259557343
2024,89710,TAVARES,18,9,2.0,0.0,0.4105879468182878,0.8827160493827162,0.8125,24,3,0.5440742639525898,0.33864178543012635,0.9979879275653923,0.2639861240658932,0.14660182275239458,0.93158953722334
2024,89737,CAPÃO DO LEÃO,105,11,9.545454545454545,0.0,0.44209476417489024,0.8471953578336557,0.908256880733945,109,6,0.8043783197743538,0.042817038059301926,0.6338028169014085,0.5016530180134845,-0.059558253838594255,0.27364185110663986
2024,89753,SALTO DO JACUÍ,46,9,5.111111111111111,0.021739130434782608,0.3500119351322357,0.6126126126126126,0.6086956521739131,46,4,0.6861400954986199,-0.0735274828860073,0.24346076458752516,0.39176849989186385,-0.041756564759628134,0.3641851106639839
2024,89770,COTIPORÃ,25,9,2.7777777777777777,0.0,0.20095962133605494,0.45833333333333337,0.47368421052631576,38,4,0.5945128175991683,-0.13617948426583493,0.13279678068410464,0.30888409952193896,-0.10792447818588402,0.1267605633802817
2024,98213,TEUTÔNIA,103,11,9.363636363636363,0.0,0.3229095718617647,0.7608695652173912,0.7475728155339806,103,6,0.8017100280340024,-0.040840462816611134,0.358148893360161,0.49913198278770343,-0.1762224109259387,0.028169014084507043
2024,98230,BOM PRINCÍPIO,52,9,5.777777777777778,0.23076923076923078,0.5493084844342664,0.7868217054263564,0.7767857142857143,56,4,0.7041628033712961,0.08265890205506032,0.7686116700201208,0.4082907467913853,0.1410177376428811,0.9255533199195171
2024,98256,PAROBÉ,146,15,9.733333333333333,0.0,0.5749357982290211,0.7580152671755725,0.7784090909090909,176,7,0.8494286670163943,-0.09141339984082175,0.2112676056338028,0.5445374378918996,0.03039836033712151,0.6519114688128773
2024,98272,FORTALEZA DOS VALOS,26,9,2.888888888888889,0.0,0.3927402780172058,0.6764705882352942,0.581081081081081,37,3,0.6004932354860014,0.07597735274929274,0.7525150905432596,0.3142402805603864,0.0784999974568194,0.8169014084507042
2024,98299,JÓIA,53,9,5.888888888888889,0.0,0.4534454043892935,0.5505050505050505,0.6015625,64,5,0.7069494668004606,-0.15644441629541006,0.09054325955734406,0.41085226924626744,0.04259313514302604,0.7142857142857143
