ano,id_candidato,nome_candidato,partido,eleito,receita_total_2024,despesa_total_2024,Audiovisual,Digital estrito,Infraestrutura e administração,Mobilização e pessoal,Publicidade tradicional,Serviços profissionais,Transferências e outros,Transporte e logística,Digital estrito — R$ 2024,Audiovisual — R$ 2024,Publicidade tradicional — R$ 2024,Mobilização e pessoal — R$ 2024,Serviços profissionais — R$ 2024,Transporte e logística — R$ 2024,Infraestrutura e administração — R$ 2024,Transferências e outros — R$ 2024
2016,210000032402,WILLIAM AVILA CAVALHEIRO,REDE,0,12250.769779964065,12250.769779964065,1000.0,0.0,0.0,0.0,2711.08,2100.0,1380.0,1084.0,0.0,1480.4412501104598,4013.5946643494653,0.0,3108.9266252319658,1604.7983151197384,0.0,2043.0089251524346
2016,210000032408,ADAIL FREITAS MOTA,PP,0,1110.3309375828449,1110.3309375828449,0.0,0.0,40.0,0.0,510.0,200.0,0.0,0.0,0.0,0.0,755.0250375563345,0.0,296.088250022092,0.0,59.21765000441839,0.0
2016,210000031742,JULI KAROLINE DA CUNHA MADRUGA,PR,0,0.0,0.0,0.0,0.0,0.0,0.0,0.0,0.0,0.0,0.0,0.0,0.0,0.0,0.0,0.0,0.0,0.0,0.0
2016,210000032444,DINA CARDOSO PERES,DEM,0,1868.3168576394005,1868.3168576394005,0.0,0.0,0.0,0.0,282.0,980.0,0.0,0.0,0.0,0.0,417.48443253114965,0.0,1450.8324251082506,0.0,0.0,0.0
2016,210000032284,MARCELO ROCHEDO MARTINELI,PSOL,0,0.0,0.0,0.0,0.0,0.0,0.0,0.0,0.0,0.0,0.0,0.0,0.0,0.0,0.0,0.0,0.0,0.0,0.0
2016,210000032437,REGINALDO RIBES VAHL,DEM,0,2222.1423164158,2222.1423164158,0.0,0.0,8.8,0.0,1292.2,200.0,0.0,0.0,0.0,0.0,1913.0261833927361,0.0,296.088250022092,0.0,13.027883000972047,0.0
2016,210000032468,NINA ROSA MONTE VEIGA,PSB,0,0.0,0.0,0.0,0.0,0.0,0.0,0.0,0.0,0.0,0.0,0.0,0.0,0.0,0.0,0.0,0.0,0.0,0.0
2016,210000031735,PAULO RICARDO GARCIA SCHMIDT,PR,0,2664.794250198828,2660.3529264484964,0.0,0.0,0.0,0.0,1557.0,0.0,0.0,240.0,0.0,0.0,2305.0470264219857,0.0,0.0,355.30590002651036,0.0,0.0
2016,210000032360,MARCO AURÉLIO DA SILVA MORAES,PMDB,0,14565.025150961736,14565.025150961736,0.0,0.0,0.0,0.0,9838.3,0.0,0.0,0.0,0.0,0.0,14565.025150961736,0.0,0.0,0.0,0.0,0.0
2016,210000032352,VERA BEATRIS DA SILVA SEUS,PMDB,0,740.2206250552299,688.4051813013638,0.0,0.0,0.0,0.0,465.0,0.0,0.0,0.0,0.0,0.0,688.4051813013638,0.0,0.0,0.0,0.0,0.0
2016,210000032353,LEONEL VIEIRA DA CUNHA,PMDB,0,3784.0078352823352,3687.186977525111,0.0,0.0,11.6,0.0,2479.0,0.0,0.0,0.0,0.0,0.0,3670.01385902383,0.0,0.0,0.0,17.173118501281333,0.0
2016,210000031875,NEY VALDIR REICHOW BANDEIRA,PSDB,1,7394.804044301747,7320.781981796224,300.0,0.0,0.0,0.0,3295.0,550.0,0.0,800.0,0.0,444.1323750331379,4878.053919113965,0.0,814.2426875607529,1184.353000088368,0.0,0.0
2016,210000031740,ANTONIO XAVIER ANDRADE,PR,0,4215.482437627028,4215.482437627028,0.0,0.0,57.45,0.0,2128.0,0.0,0.0,662.0,0.0,0.0,3150.3789802350584,0.0,0.0,980.0521075731244,85.05134981884592,0.0
2016,210000032382,RICARDO DA SILVA MOREIRA,PT,0,8943.005090429762,8769.689833279332,750.0,0.0,17.0,500.0,3346.5,400.0,0.0,910.2,0.0,1110.3309375828449,4954.296643494654,740.2206250552299,592.176500044184,1347.4976258505405,25.167501251877816,0.0
2016,210000032411,CRISTIAN BERMUDEZ PEDERZOLLI,PTN,0,950.4432825709152,950.4432825709152,0.0,0.0,0.0,0.0,642.0,0.0,0.0,0.0,0.0,0.0,950.4432825709152,0.0,0.0,0.0,0.0,0.0
2016,210000032727,PAULO RENATO BARBOSA,PT do B,0,0.0,0.0,0.0,0.0,0.0,0.0,0.0,0.0,0.0,0.0,0.0,0.0,0.0,0.0,0.0,0.0,0.0,0.0
2016,210000031747,DONARIO SOUZA DA COSTA,PRB,0,8192.761878111285,8174.715299272437,0.0,0.0,88.0,0.0,3217.0,914.0,153.95,1148.86,0.0,0.0,4762.579501605349,0.0,1353.1233026009602,1700.8197346019026,130.27883000972045,227.91393045450528
2016,210000032670,MARIANA KIESOW CANTOS,PP,0,444.1323750331379,444.1323750331379,0.0,0.0,0.0,0.0,0.0,300.0,0.0,0.0,0.0,0.0,0.0,0.0,444.1323750331379,0.0,0.0,0.0
2016,210000032375,NILTON ALVES SABINO,PT,0,868.0567270022682,868.0567270022682,0.0,0.0,29.35,0.0,157.0,400.0,0.0,0.0,0.0,0.0,232.42927626734217,0.0,592.176500044184,0.0,43.450950690742,0.0
2016,210000032188,JANE EIRE DE SOUZA LEMOS,PMN,0,559.6067925417537,544.8023800406492,0.0,0.0,0.0,0.0,168.0,200.0,0.0,0.0,0.0,0.0,248.71413001855726,0.0,296.088250022092,0.0,0.0,0.0
2016,210000032332,PEDRO LUÍS BASTOS PORTELLA,PATRIOTA,0,0.0,0.0,0.0,0.0,0.0,0.0,0.0,0.0,0.0,0.0,0.0,0.0,0.0,0.0,0.0,0.0,0.0,0.0
2016,210000032398,JORGE LANGLOIS BOUCHAHINE,REDE,0,14267.870983239563,14267.870983239563,1000.0,0.0,0.0,0.0,2873.58,1200.0,1380.0,3184.0,0.0,1480.4412501104598,4254.166367492415,0.0,1776.5295001325517,4713.724940351704,0.0,2043.0089251524346
2016,210000032343,JORGE LUÍS SILVEIRA,PPS,0,2323.167627323338,2323.167627323338,0.0,0.0,0.0,0.0,1569.24,0.0,0.0,0.0,0.0,0.0,2323.167627323338,0.0,0.0,0.0,0.0,0.0
2016,210000032483,ANTÔNIO JESUS DE MOURA SOARES,PDT,0,1745.425429467731,1745.425429467731,0.0,0.0,30.0,0.0,498.99,650.0,0.0,0.0,0.0,0.0,738.7253793926184,0.0,962.2868125717989,0.0,44.413237503313795,0.0
2016,210000032426,GETULIO ALBUQUERQUE DA CRUZ,DEM,0,1575.1894901175292,1575.1894901175292,0.0,0.0,0.0,0.0,864.0,200.0,0.0,0.0,0.0,0.0,1279.1012400954373,0.0,296.088250022092,0.0,0.0,0.0
2016,210000032412,JOSE FRANCISCO GONCALVES BARCELLOS,PTN,0,950.4432825709152,950.4432825709152,0.0,0.0,0.0,0.0,642.0,0.0,0.0,0.0,0.0,0.0,950.4432825709152,0.0,0.0,0.0,0.0,0.0
2016,210000032729,PAULO FERNANDO ROSALES DA CUNHA,PT do B,0,0.0,0.0,0.0,0.0,0.0,0.0,0.0,0.0,0.0,0.0,0.0,0.0,0.0,0.0,0.0,0.0,0.0,0.0
2016,210000031873,JOSE PAULO BENEMANN,PSDB,0,16684.572888744882,16321.938804530324,0.0,0.0,133.05,0.0,9592.0,550.0,0.0,750.0,0.0,0.0,14200.392471059531,0.0,814.2426875607529,1110.3309375828449,196.9727083271967,0.0
2016,210000032460,DAIANE RODRIGUES DIAS,PSB,1,37308.5999440337,37302.44130843324,1950.0,0.0,3548.0099999999998,2940.92,6894.9,890.0,723.01,8250.0,0.0,2886.8604377153965,10207.494375386608,4353.859281274854,1317.5927125983092,12213.640313411293,5252.620359804412,1070.3738282423635
2016,210000032718,DIOGO SILVA DE OLIVEIRA,PT do B,0,0.0,0.0,0.0,0.0,0.0,0.0,0.0,0.0,0.0,0.0,0.0,0.0,0.0,0.0,0.0,0.0,0.0,0.0
2016,210000032313,LIANE SCHEER ROPKE,PV,0,0.0,0.0,0.0,0.0,0.0,0.0,0.0,0.0,0.0,0.0,0.0,0.0,0.0,0.0,0.0,0.0,0.0,0.0
2016,210000032461,TONY DE SIQUEIRA SECHI,PSB,0,65664.97164864944,65656.2666540988,1800.0,0.0,1744.6,11717.5,16737.68,0.0,1852.0,10497.34,0.0,2664.7942501988277,24779.151903148842,17347.070348169313,0.0,15540.695152434535,2582.777804942708,2741.7771952045714
2016,210000032377,PAULO FRANCISCO VARGAS FERREIRA,PT,0,592.176500044184,592.176500044184,0.0,0.0,0.0,0.0,0.0,400.0,0.0,0.0,0.0,0.0,0.0,0.0,592.176500044184,0.0,0.0,0.0
2016,210000032319,CLAITON CABREIRA BORGES,PSD,0,131.7592712598309,263.5185425196618,0.0,0.0,0.0,0.0,178.0,0.0,0.0,0.0,0.0,0.0,263.5185425196618,0.0,0.0,0.0,0.0,0.0
2016,210000032394,PRISCILA GIOVANA FONSECA AMARAL,PT,0,0.0,0.0,0.0,0.0,0.0,0.0,0.0,0.0,0.0,0.0,0.0,0.0,0.0,0.0,0.0,0.0,0.0,0.0
2016,210000032262,VITOR HUGO ARAUJO ANGELO,PROS,0,500.3891425373354,500.3891425373354,0.0,0.0,0.0,0.0,338.0,0.0,0.0,0.0,0.0,0.0,500.38914253733543,0.0,0.0,0.0,0.0,0.0
2016,210000032406,HELIA MARIA FLORENCA DA SILVA,PP,0,3345.79722524964,3342.022100061857,0.0,0.0,57.45,0.0,400.0,0.0,1800.0,0.0,0.0,0.0,592.176500044184,0.0,0.0,0.0,85.05134981884592,2664.7942501988277
2016,210000032267,LUAN DIEGO BADIA,PSOL,0,11763.837848390232,11244.898776989014,0.0,0.0,0.0,0.0,3667.1400000000003,0.0,3928.5,0.0,0.0,0.0,5428.985325930072,0.0,0.0,0.0,0.0,5815.913451058941
2016,210000031882,CLEBER ADILSON NOGUEIRA DUTRA,SD,0,444.1323750331379,436.7301687825856,0.0,0.0,0.0,0.0,295.0,0.0,0.0,0.0,0.0,0.0,436.7301687825856,0.0,0.0,0.0,0.0,0.0
2016,210000032734,WANDERLÉIA BARBOSA OLIVEIRA,PT do B,0,0.0,0.0,0.0,0.0,0.0,0.0,0.0,0.0,0.0,0.0,0.0,0.0,0.0,0.0,0.0,0.0,0.0,0.0
2016,210000032277,CLAUDIO ROGERIO LOPES,PSOL,0,4044.565495301776,4044.565495301776,0.0,0.0,0.0,0.0,0.0,0.0,2732.0,0.0,0.0,0.0,0.0,0.0,0.0,0.0,0.0,4044.565495301776
2016,210000032342,JOSUÉ ROLDAN MARTINS,PPS,0,20088.462628648856,20088.462628648856,0.0,0.0,0.0,43.95,779.24,500.0,0.0,12246.05,0.0,0.0,1153.6190397360747,65.0653929423547,740.2206250552299,18129.557570915196,0.0,0.0
2016,210000031874,JONE DE SOUZA SOARES,PSDB,0,5672.162605673216,5672.162605673215,0.0,0.0,17.400000000000002,0.0,3264.0,550.0,0.0,0.0,0.0,0.0,4832.160240360541,0.0,814.2426875607529,0.0,25.759677751922002,0.0
2016,210000031754,SANTO ERCI MESQUITA CAVALHEIRO,PRB,0,1353.1233026009602,1353.1233026009602,0.0,0.0,0.0,0.0,0.0,914.0,0.0,0.0,0.0,0.0,0.0,0.0,1353.1233026009602,0.0,0.0,0.0
2016,210000032286,ROBSON MEDEIRO SILVEIRA,PSOL,0,0.0,0.0,0.0,0.0,0.0,0.0,0.0,0.0,0.0,0.0,0.0,0.0,0.0,0.0,0.0,0.0,0.0,0.0
2016,210000032290,RODRIGO LEITE DOS SANTOS,PSOL,0,0.0,0.0,0.0,0.0,0.0,0.0,0.0,0.0,0.0,0.0,0.0,0.0,0.0,0.0,0.0,0.0,0.0,0.0
2016,210000032458,AIRTON PINTO MOLINA,PSB,0,1036.3088750773218,1036.3088750773218,0.0,0.0,0.0,0.0,643.1,0.0,56.9,0.0,0.0,0.0,952.0717679460367,0.0,0.0,0.0,0.0,84.23710713128516
2016,210000032454,VIVIANE BRAGA VIEIRA,DEM,0,1868.3168576394005,1868.3168576394005,0.0,0.0,0.0,0.0,282.0,980.0,0.0,0.0,0.0,0.0,417.48443253114965,0.0,1450.8324251082506,0.0,0.0,0.0
2016,210000032726,MÁRCIO LUIS DA ROSA DIAS,PT do B,0,0.0,0.0,0.0,0.0,0.0,0.0,0.0,0.0,0.0,0.0,0.0,0.0,0.0,0.0,0.0,0.0,0.0,0.0
2016,210000032317,BENITO DE PAULA MENDES CARDOZO,PSC,0,0.0,0.0,0.0,0.0,0.0,0.0,0.0,0.0,0.0,0.0,0.0,0.0,0.0,0.0,0.0,0.0,0.0,0.0
2016,210000032441,MARIA ADRIANE FERNANDES GARCIA,DEM,0,1181.392117588147,1181.392117588147,0.0,0.0,0.0,0.0,598.0,200.0,0.0,0.0,0.0,0.0,885.3038675660549,0.0,296.088250022092,0.0,0.0,0.0
2016,210000032395,ALFEU ROCHA DA SILVA,REDE,0,15366.358390821526,15366.358390821526,1000.0,0.0,11.6,0.0,2873.58,500.0,1380.0,4614.4,0.0,1480.4412501104598,4254.166367492415,0.0,740.2206250552299,6831.348104509705,17.173118501281333,2043.0089251524346
2016,210000032405,VITOR ROGER MACHADO NEY,PP,1,41008.22262805974,41008.22262805974,900.0,0.0,641.35,2112.0,21946.65,0.0,1500.0,600.0,0.0,1332.3971250994139,32490.725961736724,3126.691920233291,0.0,888.2647500662758,949.4809957583434,2220.6618751656897
2016,210000032351,SALVADOR GONÇALVES RIBEIRO,PMDB,1,47930.76591357624,47789.50220949071,650.0,0.0,550.5,2370.0,27472.58,300.0,0.0,937.5,0.0,962.2868125717989,40671.540678959616,3508.6457627617897,444.1323750331379,1387.913671978556,814.9829081858081,0.0
2016,210000032476,GISELE VASCONCELOS MAURENTE,PSB,0,518.1544375386609,518.1544375386609,0.0,0.0,0.0,0.0,0.0,350.0,0.0,0.0,0.0,0.0,0.0,0.0,518.1544375386609,0.0,0.0,0.0
2016,210000032397,FRANCISCA DO CARMO SILVA DA SILVA,REDE,0,15941.361772364427,15941.361772364427,1000.0,0.0,1500.0,600.0,2873.58,0.0,1380.0,3414.4,0.0,1480.4412501104598,4254.166367492415,888.2647500662758,0.0,5054.818604377154,2220.6618751656897,2043.0089251524346
2016,210000032477,ZILDA MARIA TREIBER BÜRKLE,PSB,1,19931.535856137147,19931.535856137147,0.0,0.0,275.0,1550.0,3365.52,5890.0,0.0,2382.7200000000003,0.0,0.0,4982.454636071755,2294.683937671213,8719.798963150608,3527.4769754631952,407.12134378037644,0.0
2016,210000032361,HENRY DIAS MURIAS,PMDB,0,752.0641550561136,0.0,0.0,0.0,0.0,0.0,0.0,0.0,0.0,0.0,0.0,0.0,0.0,0.0,0.0,0.0,0.0,0.0
2016,210000032431,MIRIA RUTI ROSA PORTO,DEM,0,1868.3168576394005,1868.3168576394005,0.0,0.0,0.0,0.0,282.0,980.0,0.0,0.0,0.0,0.0,417.48443253114965,0.0,1450.8324251082506,0.0,0.0,0.0
2016,210000032495,IRAI CASTRO DA ROSA,PDT,0,1367.9129106895637,1453.4824149459482,0.0,0.0,57.8,0.0,573.99,350.0,0.0,0.0,0.0,0.0,849.7584731509029,0.0,518.1544375386609,0.0,85.56950425638458,0.0
2016,210000032311,ADRIANA BROD BENITES,PV,0,0.0,0.0,0.0,0.0,0.0,0.0,0.0,0.0,0.0,0.0,0.0,0.0,0.0,0.0,0.0,0.0,0.0,0.0
2016,210000032712,AMELIA TEREZINHA GONÇALVES DE OLIVEIRA,PT do B,0,0.0,0.0,0.0,0.0,0.0,0.0,0.0,0.0,0.0,0.0,0.0,0.0,0.0,0.0,0.0,0.0,0.0,0.0
2016,210000032472,HUGO ROBERTO DA SILVA MIORI,PSB,0,7846.338625585437,7846.338625585437,800.0,0.0,800.0,0.0,2700.0,0.0,0.0,1000.0,0.0,1184.353000088368,3997.1913752982414,0.0,0.0,1480.4412501104598,1184.353000088368,0.0
2016,210000032507,JOSÉ ANTÔNIO DA SILVA,PDT,0,960.7915669091872,1701.0121919644173,0.0,0.0,0.0,0.0,498.99,650.0,0.0,0.0,0.0,0.0,738.7253793926184,0.0,962.2868125717989,0.0,0.0,0.0
2016,210000032320,JOSÉ RICARDO DE ALMEIDA,PSD,0,1045.1915225779846,1045.1915225779846,0.0,0.0,0.0,0.0,706.0,0.0,0.0,0.0,0.0,0.0,1045.1915225779846,0.0,0.0,0.0,0.0,0.0
2016,210000032258,JOÃO LUIS ORTIZ TAVARES,PROS,0,500.3891425373354,500.3891425373354,0.0,0.0,0.0,0.0,338.0,0.0,0.0,0.0,0.0,0.0,500.38914253733543,0.0,0.0,0.0,0.0,0.0
2016,210000032280,RODRIGO PAIVA DA ROSA,PSOL,0,0.0,0.0,0.0,0.0,0.0,0.0,0.0,0.0,0.0,0.0,0.0,0.0,0.0,0.0,0.0,0.0,0.0,0.0
2016,210000032193,LUCIANO DE AZAMBUJA REINHARDT,PMN,0,296.088250022092,296.088250022092,0.0,0.0,0.0,0.0,0.0,200.0,0.0,0.0,0.0,0.0,0.0,0.0,296.088250022092,0.0,0.0,0.0
2016,210000032306,EDUARDA PERES VIEIRA,PTB,0,888.2647500662758,888.2647500662758,0.0,0.0,0.0,0.0,0.0,600.0,0.0,0.0,0.0,0.0,0.0,0.0,888.2647500662758,0.0,0.0,0.0
2016,210000032479,LEANDRO TORANÇA FAGUNDES,PSB,0,518.1544375386609,518.1544375386609,0.0,0.0,0.0,0.0,0.0,350.0,0.0,0.0,0.0,0.0,0.0,0.0,518.1544375386609,0.0,0.0,0.0
2016,210000032456,DIONIZIO DE ALMEIDA VELLOZO,PSB,0,17675.017693893784,17675.017693893784,350.0,0.0,0.0,1200.0,7719.0,550.0,0.0,2120.02,0.0,518.1544375386609,11427.52600960264,1776.5295001325517,814.2426875607529,3138.5650590591767,0.0,0.0
2016,210000032489,LUCIANA VIEBRANTZ BROD,PDT,0,1923.078379480986,1923.078379480986,0.0,0.0,0.0,0.0,698.99,600.0,0.0,0.0,0.0,0.0,1034.8136294147102,0.0,888.2647500662758,0.0,0.0,0.0
2016,210000032401,SONIA MARIA INSAURRIAGA BATISTA,REDE,0,740.2206250552299,740.2206250552299,0.0,0.0,0.0,0.0,0.0,500.0,0.0,0.0,0.0,0.0,0.0,0.0,740.2206250552299,0.0,0.0,0.0
2016,210000031863,VICENTE CEZAR DA SILVA AMARAL,PSDB,0,30645.13387728652,30640.944228548706,500.0,0.0,0.0,3059.5,14676.24,930.0,0.0,1531.43,0.0,740.2206250552299,21727.311092521133,4529.410004712951,1376.8103626027275,2267.1921436566618,0.0,0.0
2016,210000031738,MARGARETE MOLINA KROLOW,PR,0,2783.2295502076645,2783.2295502076645,0.0,0.0,0.0,0.0,1880.0,0.0,0.0,0.0,0.0,0.0,2783.2295502076645,0.0,0.0,0.0,0.0,0.0
2016,210000032715,CARLOS ANTÔNIO FERREIRA GARCIA,PT do B,0,0.0,0.0,0.0,0.0,0.0,0.0,0.0,0.0,0.0,0.0,0.0,0.0,0.0,0.0,0.0,0.0,0.0,0.0
2016,210000032392,MERCEDES CAROLINA CARDOSO TAVARES,PT,0,592.176500044184,592.176500044184,0.0,0.0,0.0,0.0,0.0,400.0,0.0,0.0,0.0,0.0,0.0,0.0,592.176500044184,0.0,0.0,0.0
2016,210000032451,JESSICA FERNANDES BASTOS,DEM,0,1696.585672626587,1696.585672626587,0.0,0.0,0.0,0.0,166.0,980.0,0.0,0.0,0.0,0.0,245.75324751833634,0.0,1450.8324251082506,0.0,0.0,0.0
2016,210000032355,ANA PAULA DA SILVA LEAL SEDREZ,PMDB,0,0.0,0.0,0.0,0.0,0.0,0.0,0.0,0.0,0.0,0.0,0.0,0.0,0.0,0.0,0.0,0.0,0.0,0.0
2016,210000033324,LEILA CRISTINA VIDAL PINTO,PMDB,0,0.0,0.0,0.0,0.0,0.0,0.0,0.0,0.0,0.0,0.0,0.0,0.0,0.0,0.0,0.0,0.0,0.0,0.0
2016,210000032300,CONCEIÇÃO ADEVAZ MOHNSAM DA SILVA,PTB,0,9108.784901617131,9108.784901617131,0.0,0.0,130.0,0.0,6022.75,0.0,0.0,0.0,0.0,0.0,8916.327539102771,0.0,0.0,0.0,192.45736251435977,0.0
2016,210000032282,PAULO SERGIO DA SILVA OLIVEIRA,PSOL,0,296.088250022092,296.088250022092,0.0,0.0,0.0,0.0,0.0,200.0,0.0,0.0,0.0,0.0,0.0,0.0,296.088250022092,0.0,0.0,0.0
2016,210000032287,REBECA SCALCO,PSOL,0,530.8270146396064,530.8270146396064,0.0,0.0,0.0,0.0,0.0,0.0,358.56,0.0,0.0,0.0,0.0,0.0,0.0,0.0,0.0,530.8270146396064
2016,210000032466,ANTONIO RICARDO PERES DE PERES,PSB,1,17871.013310995906,17871.013310995906,0.0,0.0,500.81,0.0,11570.6,0.0,0.0,0.0,0.0,0.0,17129.593528528087,0.0,0.0,0.0,741.4197824678193,0.0
2016,210000032413,RICARDO CARDOSO CORREA,PTN,0,950.4432825709152,950.4432825709152,0.0,0.0,0.0,0.0,642.0,0.0,0.0,0.0,0.0,0.0,950.4432825709152,0.0,0.0,0.0,0.0,0.0
2016,210000032379,PAULO RENATO VIEIRA,PT,0,592.176500044184,592.176500044184,0.0,0.0,0.0,0.0,0.0,400.0,0.0,0.0,0.0,0.0,0.0,0.0,592.176500044184,0.0,0.0,0.0
2016,210000032364,LEANDRO XAVIER DA CRUZ,PMDB,0,1785.4121476332143,1555.9437538660932,0.0,0.0,0.0,0.0,1051.0,0.0,0.0,0.0,0.0,0.0,1555.9437538660932,0.0,0.0,0.0,0.0,0.0
2016,210000032337,CARLOS ALBERTO PEREIRA,PPS,0,4543.829502489028,4523.103324987481,600.0,0.0,0.0,500.0,1475.24,0.0,480.0,0.0,0.0,888.2647500662758,2184.006149812955,740.2206250552299,0.0,0.0,0.0,710.6118000530207
2016,210000032275,DANIELA RODRIGUES BRIZOLARA,PSOL,0,960.1549771716398,955.7136534213084,0.0,0.0,0.0,0.0,97.0,0.0,548.56,0.0,0.0,0.0,143.6028012607146,0.0,0.0,0.0,0.0,812.1108521605937
2016,210000032315,MARIA LUIZA PALAU SANTOS,PSD,0,740.2206250552299,740.2206250552299,0.0,0.0,0.0,0.0,495.0,5.0,0.0,0.0,0.0,0.0,732.8184188046775,0.0,7.4022062505522985,0.0,0.0,0.0
2016,210000032482,JANAINA DUARTE MEGIATO,PSB,0,518.1544375386609,518.1544375386609,0.0,0.0,0.0,0.0,0.0,350.0,0.0,0.0,0.0,0.0,0.0,0.0,518.1544375386609,0.0,0.0,0.0
2016,210000031860,LUCIULA LOPES MORALES,PSDB,0,5461.347771657486,5461.347771657486,0.0,0.0,0.0,0.0,2789.0,900.0,0.0,0.0,0.0,0.0,4128.950646558073,0.0,1332.3971250994139,0.0,0.0,0.0
2016,210000032496,MARCELO SICCA DE OLIVEIRA,PDT,0,3090.154630180565,3090.154630180565,0.0,0.0,0.0,0.0,1437.3200000000002,650.0,0.0,0.0,0.0,0.0,2127.8678176087665,0.0,962.2868125717989,0.0,0.0,0.0
2016,210000032183,CLAUDIO ROBERTO DOS SANTOS INSAURRIAGA,PMN,0,296.088250022092,296.088250022092,0.0,0.0,0.0,0.0,0.0,200.0,0.0,0.0,0.0,0.0,0.0,0.0,296.088250022092,0.0,0.0,0.0
2016,210000032492,CRISTINA FERNANDES OLIVEIRA,PDT,1,18139.83183319096,18139.43211405343,600.0,0.0,80.65,0.0,10522.07,650.0,0.0,400.0,0.0,888.2647500662758,15577.306464549765,0.0,962.2868125717989,592.176500044184,119.3975868214086,0.0
2016,210000032453,REGINALDO ORTIZ DA SILVA,DEM,0,1773.5686176323309,1773.5686176323309,0.0,0.0,0.0,0.0,948.0,250.0,0.0,0.0,0.0,0.0,1403.458305104716,0.0,370.11031252761495,0.0,0.0,0.0
2016,210000032344,LIA MARIA DUMMER PINZ,PPS,0,51769.90538101269,50851.80973975669,0.0,0.0,0.0,0.0,269.24,0.0,0.0,34079.85,0.0,0.0,398.5940021797402,0.0,0.0,50453.21573757695,0.0,0.0
2016,210000031751,JORGE IGUASSU VILANOVA DA ROCHA,PRB,0,0.0,0.0,0.0,0.0,0.0,0.0,0.0,0.0,0.0,0.0,0.0,0.0,0.0,0.0,0.0,0.0,0.0,0.0
2016,210000032194,ADRIANE BRISOLARI SILVEIRA,PMN,0,0.0,0.0,0.0,0.0,0.0,0.0,0.0,0.0,0.0,0.0,0.0,0.0,0.0,0.0,0.0,0.0,0.0,0.0
2016,210000032378,PAULO RICARDO OPPA RIBEIRO,PT,0,26596.12705823441,26589.49468143392,3800.0,0.0,5.0,0.0,10291.02,980.0,392.55,2491.95,0.0,5625.676750419747,15235.250513711744,0.0,1450.8324251082506,3689.18557321276,7.4022062505522985,581.147212730861
2016,210000032448,CARLOS ALBERTO MARINI,DEM,0,3409.7818960794134,3409.7818960794134,0.0,0.0,140.7,0.0,1962.52,200.0,0.0,0.0,0.0,0.0,2905.3955621667797,0.0,296.088250022092,0.0,208.29808389054168,0.0
2016,210000032499,CELSO RODRIGUES GONZAGA,PDT,0,3995.696129635629,3755.938669180241,100.0,0.0,274.45,0.0,1512.5900000000001,650.0,0.0,0.0,0.0,148.044125011046,2239.3006305045806,0.0,962.2868125717989,0.0,406.3071010928157,0.0
2016,210000032336,MARIA DA GRACA BRUM ARGOUD,PPS,0,7261.031372941766,6833.983289934903,0.0,0.0,0.0,0.0,1551.24,0.0,365.4,2699.54,0.0,0.0,2296.5196848213495,0.0,0.0,3996.5103723231905,0.0,540.953232790362
2016,210000032725,MARA CRISTINA CAIPU MENDES,PT do B,0,325.6970750243012,325.6970750243012,0.0,0.0,0.0,0.0,210.0,0.0,10.0,0.0,0.0,0.0,310.8926625231966,0.0,0.0,0.0,0.0,14.804412501104597
2016,210000032316,MARCOS ANTONIO DE SOUZA NETTO,PV,0,1065.917700079531,1065.917700079531,0.0,0.0,0.0,0.0,170.0,200.0,200.0,150.0,0.0,0.0,251.67501251877817,0.0,296.088250022092,222.06618751656896,0.0,296.088250022092
2016,210000032503,LUIZ EDUARDO BROD NOGUEIRA,PDT,0,9917.461130077469,9862.610781760875,0.0,0.0,12.95,0.0,5798.99,650.0,0.0,200.0,0.0,0.0,8585.064004978054,0.0,962.2868125717989,296.088250022092,19.171714188930455,0.0
2016,210000032721,GILNEI SILVEIRA DOS SANTOS,PT do B,0,0.0,0.0,0.0,0.0,0.0,0.0,0.0,0.0,0.0,0.0,0.0,0.0,0.0,0.0,0.0,0.0,0.0,0.0
2016,210000032348,EDILON SCHUMACH VIEIRA,PPS,0,1805.013189784677,872.3352022150873,0.0,0.0,0.0,0.0,439.24,150.0,0.0,0.0,0.0,0.0,650.2690146985184,0.0,222.06618751656896,0.0,0.0,0.0
2016,210000032260,JOSÉ ADRIANO DO ESPÍRITO SANTO ALDRIGHI,PROS,0,500.3891425373354,500.3891425373354,0.0,0.0,0.0,0.0,338.0,0.0,0.0,0.0,0.0,0.0,500.38914253733543,0.0,0.0,0.0,0.0,0.0
2016,210000032473,RUDINEI BARBOSA SERPA,PSB,0,0.0,0.0,0.0,0.0,0.0,0.0,0.0,0.0,0.0,0.0,0.0,0.0,0.0,0.0,0.0,0.0,0.0,0.0
2016,210000032369,DANIEL E SILVA VOLCAN,PT,0,4943.874337093876,4943.874337093876,0.0,0.0,1000.0,0.0,1000.0,400.0,0.0,939.46,0.0,0.0,1480.4412501104598,0.0,592.176500044184,1390.8153368287726,1480.4412501104598,0.0
2016,210000031756,UBIRATAN SOARES NOGUEZ,PRB,0,8881.167059412648,8786.803734130608,0.0,0.0,0.0,0.0,2589.0,914.0,0.0,2432.26,0.0,0.0,3832.86239653598,0.0,1353.1233026009602,3600.8180349936674,0.0,0.0
2016,210000031862,MARIA ANTONIA RODRIGUES GUTIERRES,PSDB,0,1740.776843942384,1740.7916483548854,0.0,0.0,45.85,0.0,580.01,550.0,0.0,0.0,0.0,0.0,858.6707294765678,0.0,814.2426875607529,0.0,67.87823131756458,0.0
2016,210000032272,CARLOS FERNANDO CANEZ DA CUNHA,PSOL,0,0.0,0.0,0.0,0.0,0.0,0.0,0.0,0.0,0.0,0.0,0.0,0.0,0.0,0.0,0.0,0.0,0.0,0.0
2016,210000032724,LINDOMAR ANTONIO VIEIRA FONSECA,PT do B,0,340.50148752540576,340.50148752540576,0.0,0.0,0.0,0.0,230.0,0.0,0.0,0.0,0.0,0.0,340.50148752540576,0.0,0.0,0.0,0.0,0.0
2016,210000032713,ARACI TEREZINHA DA SILVEIRA,PT do B,0,0.0,0.0,0.0,0.0,0.0,0.0,0.0,0.0,0.0,0.0,0.0,0.0,0.0,0.0,0.0,0.0,0.0,0.0
2016,210000032509,TAMARA ROSANE IGANSI MACEDO,PDT,0,1256.8798169312793,1256.8798169312793,0.0,0.0,0.0,0.0,498.99,350.0,0.0,0.0,0.0,0.0,738.7253793926184,0.0,518.1544375386609,0.0,0.0,0.0
2016,210000032296,RAFAEL PEREIRA DUTRA,PTB,0,14614.545910777932,14592.783424401308,0.0,0.0,63.3,1200.0,5993.75,600.0,0.0,2000.0,0.0,0.0,8873.394742849569,1776.5295001325517,888.2647500662758,2960.8825002209196,93.7119311319921,0.0
2016,210000032914,ELIZABETE PEREIRA SANCHES,PP,0,1302.788300097205,1302.788300097205,0.0,0.0,0.0,0.0,480.0,400.0,0.0,0.0,0.0,0.0,710.6118000530207,0.0,592.176500044184,0.0,0.0,0.0
2016,210000032502,CLEMAR ALVARO BRANCO,PDT,0,1701.0121919644173,1701.0121919644173,0.0,0.0,0.0,0.0,498.99,650.0,0.0,0.0,0.0,0.0,738.7253793926184,0.0,962.2868125717989,0.0,0.0,0.0
2016,210000032508,LUIS ENRIQUE BRAGA DOS SANTOS,PDT,0,2041.513679489823,2041.513679489823,0.0,0.0,0.0,0.0,728.99,650.0,0.0,0.0,0.0,0.0,1079.2268669180241,0.0,962.2868125717989,0.0,0.0,0.0
2016,210000032278,MARCELO ROSS SOUZA,PSOL,0,841.7196771628029,841.7196771628029,0.0,0.0,0.0,0.0,0.0,0.0,568.56,0.0,0.0,0.0,0.0,0.0,0.0,0.0,0.0,841.7196771628029
2016,210000032374,LUIS CARLOS GIRÃO DANDA,PT,0,3582.6678252673128,3582.6678252673128,0.0,0.0,0.0,0.0,2020.0,400.0,0.0,0.0,0.0,0.0,2990.4913252231286,0.0,592.176500044184,0.0,0.0,0.0
2016,210000032263,ALEXANDRE DA SILVEIRA MADAIL,PROS,0,500.3891425373354,500.3891425373354,0.0,0.0,0.0,0.0,338.0,0.0,0.0,0.0,0.0,0.0,500.38914253733543,0.0,0.0,0.0,0.0,0.0
2016,210000032340,EMAR SANTOS DA CUNHA,PPS,0,43170.02215912104,43170.03696353354,300.0,0.0,0.0,103.95,5759.1900000000005,500.0,301.1,22196.01,0.0,444.1323750331379,8526.14244322366,153.8918679489823,740.2206250552299,32859.888791864265,0.0,445.7608604082595
2016,210000031755,SONI IRIBERTO DA SILVA,PRB,0,3248.5322351173822,3248.5322351173822,0.0,0.0,103.3,0.0,1127.0,914.0,0.0,50.0,0.0,0.0,1668.457288874488,0.0,1353.1233026009602,74.022062505523,152.9295811364105,0.0
2016,210000032189,ELDIO FEIJO GONÇALVES,PMN,0,1101.448290082182,1101.448290082182,0.0,0.0,0.0,0.0,544.0,200.0,0.0,0.0,0.0,0.0,805.3600400600901,0.0,296.088250022092,0.0,0.0,0.0
2016,210000032481,CESAR BRIZOLARA,PSB,0,15097.539868626469,15025.916120946124,0.0,0.0,646.77,6410.0,735.0,350.0,250.0,1757.85,0.0,0.0,1088.124318831188,9489.628413208047,518.1544375386609,2602.3936515066716,957.504987333942,370.11031252761495
2016,210000032493,DERLI ALVES DE BORBA,PDT,0,2453.7425455830808,2453.7425455830808,0.0,0.0,57.45,0.0,849.99,650.0,0.0,100.0,0.0,0.0,1258.3602581813898,0.0,962.2868125717989,148.044125011046,85.05134981884592,0.0
2016,210000032298,TIAGO DA SILVA BUNDCHEN,PTB,0,10037.391675748917,10011.335909746973,0.0,0.0,0.0,0.0,4973.2,1589.2,200.0,0.0,0.0,0.0,7362.530425049338,0.0,2352.717234675543,0.0,0.0,296.088250022092
2016,210000032358,MAYKOL GAUTERIO PIRES DA ROSA,PMDB,0,675.0812100503697,675.0812100503697,0.0,0.0,0.0,0.0,456.0,0.0,0.0,0.0,0.0,0.0,675.0812100503697,0.0,0.0,0.0,0.0,0.0
2016,210000032385,DIEGO FERREIRA PEREIRA,PC do B,0,2005.731414474653,2005.731414474653,0.0,0.0,134.82,0.0,820.0,400.0,0.0,0.0,0.0,0.0,1213.9618250905771,0.0,592.176500044184,0.0,199.59308933989217,0.0
2016,210000032465,JOSÉ TABAJARA MARQUES GONÇALVES,PSB,0,888.2647500662758,888.2647500662758,0.0,0.0,0.0,0.0,475.0,0.0,125.0,0.0,0.0,0.0,703.2095938024684,0.0,0.0,0.0,0.0,185.05515626380748
2016,210000032497,NOACIR VASCONCELLOS MEDEIROS,PDT,0,2103.4701458069458,2103.4701458069458,0.0,0.0,45.85,0.0,724.99,650.0,0.0,0.0,0.0,0.0,1073.3051019175823,0.0,962.2868125717989,0.0,67.87823131756458,0.0
2016,210000033316,LILIANE PROENÇA MACHADO,PSDB,0,518.1544375386609,518.1544375386609,0.0,0.0,0.0,0.0,0.0,350.0,0.0,0.0,0.0,0.0,0.0,0.0,518.1544375386609,0.0,0.0,0.0
2016,210000032297,VELOCINO CARDOSO VIEIRA,PTB,0,4950.965650681906,4773.4015271436565,0.0,0.0,0.0,0.0,1544.25,600.0,0.0,1080.06,0.0,0.0,2286.1714004830774,0.0,888.2647500662758,1598.965376594303,0.0,0.0
2016,210000032266,VIVIANE DE OLIVEIRA AZAMBUJA,PROS,0,500.3891425373354,500.3891425373354,0.0,0.0,0.0,0.0,338.0,0.0,0.0,0.0,0.0,0.0,500.38914253733543,0.0,0.0,0.0,0.0,0.0
2016,210000032182,JOSE CARLOS OLIVEIRA MACHADO,PMN,0,370.11031252761495,370.11031252761495,0.0,0.0,14.0,0.0,236.0,0.0,0.0,0.0,0.0,0.0,349.3841350260685,0.0,0.0,0.0,20.726177501546438,0.0
2016,210000032390,IVAN ADMAR DORNELLES DUARTE,PT,1,13625.981266016672,13624.545238004062,0.0,0.0,3500.0,0.0,5603.03,100.0,0.0,0.0,0.0,0.0,8294.95673760641,0.0,148.044125011046,0.0,5181.544375386609,0.0
2016,210000032459,JANETE MARIA SILVEIRA RODRIGUES,PSB,0,0.0,0.0,0.0,0.0,0.0,0.0,0.0,0.0,0.0,0.0,0.0,0.0,0.0,0.0,0.0,0.0,0.0,0.0
2016,210000032732,RODRIGO BRITO CORREA,PT do B,0,148.044125011046,148.044125011046,0.0,0.0,0.0,0.0,100.0,0.0,0.0,0.0,0.0,0.0,148.044125011046,0.0,0.0,0.0,0.0,0.0
2016,210000032484,CRISTIAN MAGALHÃES SEBAGE,PDT,0,2643.061372647206,2643.061372647206,0.0,0.0,0.0,0.0,1135.3200000000002,650.0,0.0,0.0,0.0,0.0,1680.7745600754074,0.0,962.2868125717989,0.0,0.0,0.0
2016,210000032289,SAMUEL KROLOW AVILA,PSOL,0,0.0,0.0,0.0,0.0,0.0,0.0,0.0,0.0,0.0,0.0,0.0,0.0,0.0,0.0,0.0,0.0,0.0,0.0
2016,210000031753,JULIO CESAR PORTELLA PERALTA,PRB,0,2071.1373089045333,2071.1373089045333,0.0,0.0,0.0,0.0,485.0,914.0,0.0,0.0,0.0,0.0,718.014006303573,0.0,1353.1233026009602,0.0,0.0,0.0
2016,210000032384,MARIA IVONE FARIAS,PC do B,0,3227.3619252408025,3228.7091267784026,0.0,0.0,0.0,0.0,550.0,200.0,0.0,1430.9099999999999,0.0,0.0,814.2426875607529,0.0,296.088250022092,2118.3781891955578,0.0,0.0
2016,210000032347,CARLOS RENATO BENTO OLIVEIRA JUNIOR,PPS,0,23987.94488143981,23987.94488143981,600.0,0.0,1605.0,452.8,7132.06,1000.0,44.35,5369.03,0.0,888.2647500662758,10558.595822262807,670.3437980500162,1480.4412501104598,7948.533485080561,2376.1082064272878,65.6575694423989
2016,210000032326,TIARLA DANIELE PINTO RIOS,PATRIOTA,0,592.176500044184,592.176500044184,0.0,0.0,0.0,0.0,0.0,400.0,0.0,0.0,0.0,0.0,0.0,0.0,592.176500044184,0.0,0.0,0.0
2016,210000032305,YASMIN DOS SANTOS DIAS,PTB,0,888.2647500662758,888.2647500662758,0.0,0.0,0.0,0.0,0.0,600.0,0.0,0.0,0.0,0.0,0.0,0.0,888.2647500662758,0.0,0.0,0.0
2016,210000032421,ISABELLE SANTOS DOS SANTOS,PP,0,0.0,0.0,0.0,0.0,0.0,0.0,0.0,0.0,0.0,0.0,0.0,0.0,0.0,0.0,0.0,0.0,0.0,0.0
2016,210000032501,IVANOR CARDOSO NETO,PDT,0,0.0,0.0,0.0,0.0,0.0,0.0,0.0,0.0,0.0,0.0,0.0,0.0,0.0,0.0,0.0,0.0,0.0,0.0
2016,210000031741,GELCI MARIA DA CRUZ ROLIM,PR,0,2783.2295502076645,2783.2295502076645,0.0,0.0,0.0,0.0,1880.0,0.0,0.0,0.0,0.0,0.0,2783.2295502076645,0.0,0.0,0.0,0.0,0.0
2016,210000032513,LUCILA NUNES RODRIGUES,PDT,0,2855.756367050576,2841.7217839995287,350.0,0.0,0.0,0.0,569.49,650.0,0.0,350.02,0.0,518.1544375386609,843.0964875254058,0.0,962.2868125717989,518.1840463636631,0.0,0.0
2016,210000032464,ADELAR IVAN BAYER,PSB,0,9696.890188223511,9696.890188223511,200.0,0.0,0.0,1500.0,1070.0,0.0,0.0,3780.0,0.0,296.088250022092,1584.072137618192,2220.6618751656897,0.0,5596.067925417538,0.0,0.0
2016,210000032257,VANESSA LIMA DE MEDEIROS MADEIRA,PROS,0,500.3891425373354,500.3891425373354,0.0,0.0,0.0,0.0,338.0,0.0,0.0,0.0,0.0,0.0,500.38914253733543,0.0,0.0,0.0,0.0,0.0
2016,210000032261,NARA REGINA PEREIRA GIRÃO,PROS,0,500.3891425373354,500.3891425373354,0.0,0.0,0.0,0.0,338.0,0.0,0.0,0.0,0.0,0.0,500.38914253733543,0.0,0.0,0.0,0.0,0.0
2016,210000032728,OLAVIO VOLLRATH SOARES,PT do B,0,0.0,0.0,0.0,0.0,0.0,0.0,0.0,0.0,0.0,0.0,0.0,0.0,0.0,0.0,0.0,0.0,0.0,0.0
2016,210000032442,ADEMAR FERNANDES DE ORNEL,DEM,1,39951.18757548087,39951.18757548087,300.0,0.0,4054.74,2795.76,8896.5,3189.0,0.0,7750.0,0.0,444.1323750331379,13170.745581607705,4138.958429408819,4721.127146602256,11473.419688356063,6002.804354472885,0.0
2016,210000032281,FRANCISCA JOANNA LEMOS,PSOL,0,1744.788839730183,1742.420133730007,0.0,0.0,628.4,0.0,0.0,0.0,548.56,0.0,0.0,0.0,0.0,0.0,0.0,0.0,930.3092815694129,812.1108521605937
2016,210000032719,FABIANE LESSA CANTO,PT do B,0,681.0029750508115,681.0029750508115,0.0,0.0,0.0,0.0,460.0,0.0,0.0,0.0,0.0,0.0,681.0029750508115,0.0,0.0,0.0,0.0,0.0
2016,210000032416,MARIA REJANE MEDEIROS TERRES,PP,0,0.0,0.0,0.0,0.0,0.0,0.0,0.0,0.0,0.0,0.0,0.0,0.0,0.0,0.0,0.0,0.0,0.0,0.0
2016,210000031881,ANA PAULA SILVA DOS SANTOS,SD,0,5212.2487269139,5178.272600223865,0.0,0.0,177.05,0.0,2770.74,550.0,0.0,0.0,0.0,0.0,4101.917789331055,0.0,814.2426875607529,0.0,262.1121233320569,0.0
2016,210000032185,JAQUELINE DE FATIMA DA SILVA PIRES,PMN,0,296.088250022092,296.088250022092,0.0,0.0,0.0,0.0,0.0,200.0,0.0,0.0,0.0,0.0,0.0,0.0,296.088250022092,0.0,0.0,0.0
2016,210000032407,ANDRE LUIZ NEVES PACHECO,PP,0,0.0,0.0,0.0,0.0,0.0,0.0,0.0,0.0,0.0,0.0,0.0,0.0,0.0,0.0,0.0,0.0,0.0,0.0
2016,210000032187,EDUARDO LUIZ FAGUNDES PIMENTA,PMN,0,148.044125011046,148.044125011046,0.0,0.0,0.0,0.0,0.0,100.0,0.0,0.0,0.0,0.0,0.0,0.0,148.044125011046,0.0,0.0,0.0
2016,210000032435,FRANCISCO ALVES CABRAL,DEM,0,1782.4512651329935,1782.4512651329935,0.0,0.0,0.0,0.0,1004.0,200.0,0.0,0.0,0.0,0.0,1486.3630151109016,0.0,296.088250022092,0.0,0.0,0.0
2016,210000032186,SANDOKAN AREVALO BATISTA FILHO,PMN,0,787.5947450587646,1083.6829950808565,0.0,0.0,0.0,0.0,332.0,400.0,0.0,0.0,0.0,0.0,491.5064950366727,0.0,592.176500044184,0.0,0.0,0.0
2016,210000032720,FRANCISCO CARLOS GODINHO TEIXEIRA,PT do B,0,0.0,0.0,0.0,0.0,0.0,0.0,0.0,0.0,0.0,0.0,0.0,0.0,0.0,0.0,0.0,0.0,0.0,0.0
2016,210000032268,MARIELE AFONSO DOMINGUES,PSOL,0,4044.565495301776,4044.565495301776,0.0,0.0,0.0,0.0,0.0,0.0,2732.0,0.0,0.0,0.0,0.0,0.0,0.0,0.0,0.0,4044.565495301776
2016,210000031879,MICHAEL DA SILVA COSTA,PSDB,0,1829.70694983652,1829.7069498365197,0.0,0.0,22.92,0.0,663.0,550.0,0.0,0.0,0.0,0.0,981.5325488232348,0.0,814.2426875607529,0.0,33.93171345253174,0.0
2016,210000032429,DIEGO FERREIRA LEMOS,DEM,0,1131.0571150843912,1131.0571150843912,0.0,0.0,0.0,0.0,564.0,200.0,0.0,0.0,0.0,0.0,834.9688650622993,0.0,296.088250022092,0.0,0.0,0.0
2016,210000032433,CLOUDOVIR FURTADO DA SILVEIRA,DEM,0,1131.0571150843912,1131.0571150843912,0.0,0.0,0.0,0.0,564.0,200.0,0.0,0.0,0.0,0.0,834.9688650622993,0.0,296.088250022092,0.0,0.0,0.0
2016,210000032714,CARLOS ALBERTO LOPES,PT do B,0,0.0,0.0,0.0,0.0,0.0,0.0,0.0,0.0,0.0,0.0,0.0,0.0,0.0,0.0,0.0,0.0,0.0,0.0
2016,210000032404,LAURO FERREIRA DE MELO,PP,0,3399.093110253616,3399.093110253616,0.0,0.0,0.0,0.0,1696.0,600.0,0.0,0.0,0.0,0.0,2510.82836018734,0.0,888.2647500662758,0.0,0.0,0.0
2016,210000032314,NATASHA BORGES DOS SANTOS,PSD,0,592.176500044184,592.176500044184,0.0,0.0,0.0,200.0,0.0,200.0,0.0,0.0,0.0,0.0,0.0,296.088250022092,296.088250022092,0.0,0.0,0.0
2016,210000032295,EZEQUIEL MARQUES LEAL,PTB,0,4441.323750331379,3967.582550296032,0.0,0.0,0.0,0.0,2680.0,0.0,0.0,0.0,0.0,0.0,3967.5825502960324,0.0,0.0,0.0,0.0,0.0
2016,210000032439,GERSON BITENCOURTE SOARES,DEM,0,0.0,0.0,0.0,0.0,0.0,0.0,0.0,0.0,0.0,0.0,0.0,0.0,0.0,0.0,0.0,0.0,0.0,0.0
2016,210000032500,ÉDER RICARDO BLANK,PDT,1,16891.420140210314,16882.419057409643,0.0,0.0,332.55,0.0,8577.53,650.0,0.0,1843.56,0.0,0.0,12698.529236059972,0.0,962.2868125717989,2729.2822710536393,492.3207377242334,0.0
2016,210000032445,SILVIO COITINHO SOUZA,DEM,0,1902.3670063919408,1902.3670063919408,0.0,0.0,0.0,0.0,1085.0,200.0,0.0,0.0,0.0,0.0,1606.278756369849,0.0,296.088250022092,0.0,0.0,0.0
2016,210000032293,ANDERSON DE FREITAS GARCIA,PTB,1,45509.800337270615,44999.0481059825,700.0,0.0,1500.0,3800.0,15379.7,600.0,416.0,8000.0,0.0,1036.3088750773218,22768.742294323838,5625.676750419747,888.2647500662758,11843.530000883678,2220.6618751656897,615.8635600459513
2016,210000032292,MARCOS ROGÉRIO NOGUEIRA DA SILVA,PTB,0,1811.9860680726968,1811.9860680726972,0.0,0.0,0.0,0.0,623.95,600.0,0.0,0.0,0.0,0.0,923.7213180064215,0.0,888.2647500662758,0.0,0.0,0.0
2016,210000032279,SERGIO BARUM CASSAL,PSOL,0,4217.125727414651,5584.461266016672,0.0,0.0,5.6,0.0,1059.0,0.0,2707.56,0.0,0.0,0.0,1567.7872838669768,0.0,0.0,0.0,8.290471000618574,4008.3835111490766
2016,210000032372,JOSÉ DEVANIR RODRIGUES DOMINGUES,PT,0,14404.560123862264,14404.560123862264,675.0,0.0,0.0,348.69,980.0,400.0,0.0,7326.22,0.0,999.2978438245603,1450.8324251082506,516.2150595010162,592.176500044184,10846.038295384253,0.0,0.0
2016,210000032368,CLARINHA KRUGER,PT,0,592.176500044184,592.176500044184,0.0,0.0,0.0,0.0,0.0,400.0,0.0,0.0,0.0,0.0,0.0,0.0,592.176500044184,0.0,0.0,0.0
2016,210000032370,DIEGO BARROS FONSECA,PT,0,5014.254514124127,5013.810381749094,0.0,0.0,88.7,0.0,2898.0,400.0,0.0,0.0,0.0,0.0,4290.318742820113,0.0,592.176500044184,0.0,131.3151388847978,0.0
2016,210000032294,ALDO BRUNO FERREIRA,PTB,0,52217.99053418364,52217.99053418364,950.0,0.0,1600.0,10750.0,17018.0,2000.0,0.0,2953.91,0.0,1406.4191876049367,25194.149194379806,15914.743438687443,2960.8825002209196,4373.090213113788,2368.706000176736,0.0
2016,210000031745,DAIANE CARNEIRO PEREIRA RIBEIRO,PRB,0,1997.1152463990104,1997.1152463990104,0.0,0.0,0.0,0.0,435.0,914.0,0.0,0.0,0.0,0.0,643.99194379805,0.0,1353.1233026009602,0.0,0.0,0.0
2016,210000032422,GRACE ZIEMANN VELASCO,PP,0,518.1544375386609,518.1544375386609,0.0,0.0,0.0,0.0,0.0,350.0,0.0,0.0,0.0,0.0,0.0,0.0,518.1544375386609,0.0,0.0,0.0
2016,210000031744,CLAUDIO NEI KUHN,PRB,0,2663.313808948717,2663.313808948717,450.0,0.0,0.0,0.0,435.0,914.0,0.0,0.0,0.0,666.1985625497069,643.99194379805,0.0,1353.1233026009602,0.0,0.0,0.0
2016,210000031752,JULIO CESAR DE SOUZA PEREIRA,PRB,0,1353.1233026009602,1353.1233026009602,0.0,0.0,0.0,0.0,0.0,914.0,0.0,0.0,0.0,0.0,0.0,0.0,1353.1233026009602,0.0,0.0,0.0
2016,210000032447,JUAN CARLO DOMINGOS TOMASCHEWSKI DE PINHO LOPES,DEM,0,1770.6077351321098,1770.6077351321098,0.0,0.0,0.0,0.0,996.0,200.0,0.0,0.0,0.0,0.0,1474.519485110018,0.0,296.088250022092,0.0,0.0,0.0
2016,210000031739,VANDER DORO DIAS,PR,0,2783.2295502076645,2783.2295502076645,0.0,0.0,0.0,0.0,1880.0,0.0,0.0,0.0,0.0,0.0,2783.2295502076645,0.0,0.0,0.0,0.0,0.0
2016,210000032514,ERMINDO DA SILVA GONÇALVES,PDT,0,960.8211757341896,1256.9094257562815,0.0,0.0,0.0,0.0,499.01,350.0,0.0,0.0,0.0,0.0,738.7549882176205,0.0,518.1544375386609,0.0,0.0,0.0
2016,210000032440,SIMONE MARANINCHI LEITE LIMA,DEM,0,1131.0571150843912,1131.0571150843912,0.0,0.0,0.0,0.0,564.0,200.0,0.0,0.0,0.0,0.0,834.9688650622993,0.0,296.088250022092,0.0,0.0,0.0
2016,210000032376,OTILANO SOARES,PT,0,1998.5956876491207,1998.5956876491207,0.0,0.0,0.0,0.0,915.0,400.0,0.0,35.0,0.0,0.0,1354.6037438510707,0.0,592.176500044184,51.81544375386609,0.0,0.0
2016,210000032285,PABLO GABRIEL DUARTE ROBIRA,PSOL,0,0.0,0.0,0.0,0.0,0.0,0.0,0.0,0.0,0.0,0.0,0.0,0.0,0.0,0.0,0.0,0.0,0.0,0.0
2016,210000032323,DIRCE IRIA MEYER MULLER,PTB,0,888.2647500662758,888.2647500662758,0.0,0.0,0.0,0.0,0.0,600.0,0.0,0.0,0.0,0.0,0.0,0.0,888.2647500662758,0.0,0.0,0.0
2016,210000032338,EITOR PORTO DE VARGAS,PPS,0,2027.079377301246,2027.079377301246,0.0,0.0,0.0,800.0,269.24,300.0,0.0,0.0,0.0,0.0,398.5940021797402,1184.353000088368,444.1323750331379,0.0,0.0,0.0
2016,210000031748,ESLAIR PEREIRA DOMINGOS,PRB,0,1353.1233026009602,1353.1233026009602,0.0,0.0,0.0,0.0,0.0,914.0,0.0,0.0,0.0,0.0,0.0,0.0,1353.1233026009602,0.0,0.0,0.0
2016,210000032512,MAIQUEL DA FONSECA FOUCHY,PDT,0,21983.05731847772,21928.799146661167,0.0,0.0,44.35,4250.0,8167.99,650.0,0.0,1700.0,0.0,0.0,12092.229326489734,6291.875312969454,962.2868125717989,2516.7501251877816,65.6575694423989,0.0
2016,210000032449,FABIANE ZURCHMINTEN RODRIGUES,PTC,0,1524.8544876137737,1524.8544876137737,0.0,0.0,0.0,0.0,0.0,1030.0,0.0,0.0,0.0,0.0,0.0,0.0,1524.8544876137737,0.0,0.0,0.0
2016,210000032409,WILMAR HAMON VEIGA NETO,PP,0,1413.821393855489,1413.821393855489,0.0,0.0,14.7,0.0,240.3,700.0,0.0,0.0,0.0,0.0,355.7500324015435,0.0,1036.3088750773218,0.0,21.76248637662376,0.0
2016,210000032259,RAFAEL DOS REIS CORREA,PROS,0,500.3891425373354,500.3891425373354,0.0,0.0,0.0,0.0,338.0,0.0,0.0,0.0,0.0,0.0,500.38914253733543,0.0,0.0,0.0,0.0,0.0
2016,210000032391,MARCOS FERREIRA INSSARRIAGA,PT,1,107984.86522430704,107971.18594715602,0.0,0.0,350.0,0.0,7308.6,1600.0,0.0,63673.16,0.0,0.0,10819.952920557307,0.0,2368.706000176736,94264.37258888333,518.1544375386609,0.0
2016,210000032418,PAULO CESAR GOMES PEREIRA,PP,0,0.0,0.0,0.0,0.0,0.0,0.0,0.0,0.0,0.0,0.0,0.0,0.0,0.0,0.0,0.0,0.0,0.0,0.0
2016,210000031870,DANIEL TRZECIAK DUARTE,PSDB,1,49502.96491236855,49488.9007204925,1350.0,0.0,4780.35,4712.3099999999995,13819.32,2900.0,0.0,5866.5,0.0,1998.5956876491207,20458.69137647648,6976.29810730802,4293.279625320333,8685.008593773013,7077.027329965537,0.0
2016,210000032469,MARCELO GUEDES DOS SANTOS,PSB,0,0.0,0.0,0.0,0.0,0.0,0.0,0.0,0.0,0.0,0.0,0.0,0.0,0.0,0.0,0.0,0.0,0.0,0.0
2016,210000032303,CLAUDIO PRIETSCH,PTB,0,6430.66668016731,6408.4600614156525,235.0,0.0,0.0,0.0,3493.75,600.0,0.0,0.0,0.0,347.90369377595806,5172.291617573419,0.0,888.2647500662758,0.0,0.0,0.0
2016,210000032328,OSMAR HENRIQUE DUARTE CITRINI,PATRIOTA,0,592.176500044184,592.176500044184,0.0,0.0,0.0,0.0,0.0,400.0,0.0,0.0,0.0,0.0,0.0,0.0,592.176500044184,0.0,0.0,0.0
2016,210000032742,WELLINGTON SILVA DE BITTENCOURT,PSD,0,1424.1844826062622,2848.3689652125245,0.0,0.0,0.0,0.0,1924.0,0.0,0.0,0.0,0.0,0.0,2848.3689652125245,0.0,0.0,0.0,0.0,0.0
2016,210000031736,VERIDIANE RODRIGUES DE SOUZA,PR,0,4041.604612801555,4041.604612801555,650.0,0.0,0.0,0.0,2080.0,0.0,0.0,0.0,0.0,962.2868125717989,3079.3178002297564,0.0,0.0,0.0,0.0,0.0
2016,210000032486,MARIA ALICE NIEUWLAND DE OLIVEIRA,PDT,0,1812.0452857227017,1812.0452857227017,0.0,0.0,0.0,0.0,573.99,650.0,0.0,0.0,0.0,0.0,849.7584731509029,0.0,962.2868125717989,0.0,0.0,0.0
2016,210000032341,JOSÉ GLEI SANTANNA JARDIM,PPS,0,2027.079377301246,1995.9901110489263,0.0,0.0,0.0,0.0,1048.24,300.0,0.0,0.0,0.0,0.0,1551.8577360157883,0.0,444.1323750331379,0.0,0.0,0.0
2016,210000032318,FABIO DINIZ ANTUNES DE AVILA,PV,0,0.0,0.0,0.0,0.0,0.0,0.0,0.0,0.0,0.0,0.0,0.0,0.0,0.0,0.0,0.0,0.0,0.0,0.0
2016,210000032478,DANIEL MADRUGA RODEGHIERO,PSB,0,0.0,0.0,0.0,0.0,0.0,0.0,0.0,0.0,0.0,0.0,0.0,0.0,0.0,0.0,0.0,0.0,0.0,0.0
2016,210000032420,FERNANDA RIBEIRO GIORGI,PP,0,0.0,0.0,0.0,0.0,0.0,0.0,0.0,0.0,0.0,0.0,0.0,0.0,0.0,0.0,0.0,0.0,0.0,0.0
2016,210000032730,REINALDO LUIZ REICHOW,PT do B,0,1184.353000088368,1184.353000088368,0.0,0.0,0.0,0.0,785.6,0.0,14.4,0.0,0.0,0.0,1163.0346460867772,0.0,0.0,0.0,0.0,21.31835400159062
2016,210000032455,JOSE FRANCISCO ASSUMPÇAO DA LUZ,PSB,0,562.5676750419747,562.5676750419747,0.0,0.0,0.0,0.0,380.0,0.0,0.0,0.0,0.0,0.0,562.5676750419747,0.0,0.0,0.0,0.0,0.0
2016,210000032388,MAXIMILIANO DA ROSA SOARES,PT,0,0.0,0.0,0.0,0.0,0.0,0.0,0.0,0.0,0.0,0.0,0.0,0.0,0.0,0.0,0.0,0.0,0.0,0.0
2016,210000031737,CLEITON LUIS GARCIA NUNES,PR,0,2783.2295502076645,2783.2295502076645,0.0,0.0,0.0,0.0,1880.0,0.0,0.0,0.0,0.0,0.0,2783.2295502076645,0.0,0.0,0.0,0.0,0.0
2016,210000032307,LIZIANE BUENO LEMES,PTB,0,888.2647500662758,888.2647500662758,0.0,0.0,0.0,0.0,0.0,600.0,0.0,0.0,0.0,0.0,0.0,0.0,888.2647500662758,0.0,0.0,0.0
2016,210000031750,INACIO DIAS DOS SANTOS,PRB,0,1997.1152463990104,1997.1152463990104,0.0,0.0,0.0,0.0,435.0,914.0,0.0,0.0,0.0,0.0,643.99194379805,0.0,1353.1233026009602,0.0,0.0,0.0
2016,210000032301,REINALDO ELIAS LOURENÇO MAGALHÃES,PTB,1,9199.017795811364,9199.017795811364,0.0,0.0,0.0,1700.0,1703.7,600.0,0.0,2210.0,0.0,0.0,2522.2277578131902,2516.7501251877816,888.2647500662758,3271.775162744116,0.0,0.0
2016,210000032302,WILSON GOEBEL,PTB,0,2543.39806768977,2507.156865887066,0.0,0.0,0.0,0.0,1093.52,600.0,0.0,0.0,0.0,0.0,1618.89211582079,0.0,888.2647500662758,0.0,0.0,0.0
2016,210000032312,SIMONE AVILA FERNANDES,PV,0,0.0,0.0,0.0,0.0,0.0,0.0,0.0,0.0,0.0,0.0,0.0,0.0,0.0,0.0,0.0,0.0,0.0,0.0
2016,210000032424,PAULO CESAR COITINHO DOS SANTOS,DEM,0,17372.978070046247,17340.408362543814,300.0,0.0,950.0,0.0,6083.0,1780.0,0.0,2600.0,0.0,444.1323750331379,9005.524124421927,0.0,2635.1854251966183,3849.1472502871957,1406.4191876049367,0.0
2016,210000031861,ANA LUIZA TAVARES RUOSO,PSDB,0,15959.156676190756,15859.00482562078,600.0,0.0,0.0,0.0,7337.3,550.0,0.0,2225.05,0.0,888.2647500662758,10862.441584435477,0.0,814.2426875607529,3294.055803558279,0.0,0.0
2016,210000032452,LILIAN REJANE NUNES SAMPAIO RODRIGUES,PHS,0,0.0,0.0,0.0,0.0,0.0,0.0,0.0,0.0,0.0,0.0,0.0,0.0,0.0,0.0,0.0,0.0,0.0,0.0
2016,210000032475,JOSÉ NILTON AMARO CAETANO,PSB,0,0.0,0.0,0.0,0.0,0.0,0.0,0.0,0.0,0.0,0.0,0.0,0.0,0.0,0.0,0.0,0.0,0.0,0.0
2016,210000032310,FABRICIO CKLESS TAVARES DA SILVA,PSD,1,69876.82700521371,69835.95202229815,500.0,0.0,204.2,19719.0,15271.69,0.0,0.0,11477.5,0.0,740.2206250552299,22608.83983489941,29192.821010928157,0.0,16991.764448142803,302.30610327255584,0.0
2016,210000032471,JESUS SAGAS MATHIAS,PSB,0,0.0,0.0,0.0,0.0,0.0,0.0,0.0,0.0,0.0,0.0,0.0,0.0,0.0,0.0,0.0,0.0,0.0,0.0
2016,210000032299,MARCO ANTONIO OLIVEIRA FERREIRA,PTB,0,1811.9860680726968,1811.9860680726972,0.0,0.0,0.0,0.0,623.95,600.0,0.0,0.0,0.0,0.0,923.7213180064215,0.0,888.2647500662758,0.0,0.0,0.0
2016,210000032410,MATEUS DE OLIVEIRA DUARTE,PTN,0,950.7393708209372,950.7393708209372,0.0,0.0,0.0,0.0,642.2,0.0,0.0,0.0,0.0,0.0,950.7393708209373,0.0,0.0,0.0,0.0,0.0
2016,210000031746,DAVI DUMMER CARDOSO VERGARA,PRB,0,5720.424990426816,5720.424990426816,450.0,0.0,0.0,0.0,670.0,914.0,0.0,1830.0,0.0,666.1985625497069,991.8956375740081,0.0,1353.1233026009602,2709.2074877021414,0.0,0.0
2016,210000032504,ANTÔNIO PEIXOTO OLIVEIRA,PDT,0,7176.276111372941,7176.276111372941,200.0,0.0,200.0,0.0,3447.39,700.0,0.0,300.0,0.0,296.088250022092,5103.658361218298,0.0,1036.3088750773218,444.1323750331379,296.088250022092,0.0
2016,210000032283,FERNANDA QUADRADO CRUZ,PSOL,0,841.7196771628029,841.7196771628029,0.0,0.0,0.0,0.0,0.0,0.0,568.56,0.0,0.0,0.0,0.0,0.0,0.0,0.0,0.0,841.7196771628029
2016,210000032716,DANIEL DE AVILA MENESES,PT do B,0,547.7632625408701,547.7632625408701,0.0,0.0,0.0,0.0,370.0,0.0,0.0,0.0,0.0,0.0,547.7632625408701,0.0,0.0,0.0,0.0,0.0
2016,210000032362,CLOVIS VALIM GARCIA,PMDB,0,971.1694600724616,971.1694600724616,0.0,0.0,0.0,0.0,656.0,0.0,0.0,0.0,0.0,0.0,971.1694600724617,0.0,0.0,0.0,0.0,0.0
2016,210000032506,MARCUS SIQUEIRA DA CUNHA,PDT,1,79875.34229373472,79875.34229373472,0.0,0.0,4391.1,19563.98,22893.93,4049.99,0.0,3054.74,0.0,0.0,33893.11834914136,28963.323008336032,5995.772258534861,4522.3631043624255,6500.76557336004,0.0
2016,210000032425,DIONES ALMEIDA DA SILVA,DEM,0,2117.0309876579577,2076.170809154909,0.0,0.0,17.7,0.0,1184.7,200.0,0.0,0.0,0.0,0.0,1753.878749005862,0.0,296.088250022092,0.0,26.203810126955137,0.0
2016,210000032359,DANIELA GANTES DA SILVA,PMDB,0,0.0,0.0,0.0,0.0,0.0,0.0,0.0,0.0,0.0,0.0,0.0,0.0,0.0,0.0,0.0,0.0,0.0,0.0
2016,210000032498,FLORACI DE VASCONCELOS VITACA,PDT,0,960.7915669091872,1256.8798169312793,0.0,0.0,0.0,0.0,498.99,350.0,0.0,0.0,0.0,0.0,738.7253793926184,0.0,518.1544375386609,0.0,0.0,0.0
2016,210000032722,HUMBERTO LUIZ DOS SANTOS,PT do B,0,0.0,0.0,0.0,0.0,0.0,0.0,0.0,0.0,0.0,0.0,0.0,0.0,0.0,0.0,0.0,0.0,0.0,0.0
2016,210000032488,ANA EMILIA DANEMBERG PERCEU,PDT,0,1197.662166926861,1434.5327669445344,0.0,0.0,0.0,0.0,498.99,470.0,0.0,0.0,0.0,0.0,738.7253793926184,0.0,695.8073875519161,0.0,0.0,0.0
2016,210000032276,FERNANDA PINTO MIRANDA,PSOL,1,5317.0935762467225,5316.560617396683,0.0,0.0,0.0,2211.56,911.08,0.0,368.56,100.0,0.0,0.0,1348.8004141506378,3274.0846510942883,0.0,148.044125011046,0.0,545.631427140711
2016,210000032423,MARCIO PEREIRA DOS SANTOS,DEM,0,4047.526377801997,4047.526377801997,0.0,0.0,0.0,0.0,2534.0,200.0,0.0,0.0,0.0,0.0,3751.4381277799052,0.0,296.088250022092,0.0,0.0,0.0
2016,210000032414,FAGNER SILVEIRA FEIJO,PP,0,4145.235500309287,4145.250304721789,0.0,0.0,0.0,0.0,2800.01,0.0,0.0,0.0,0.0,0.0,4145.250304721789,0.0,0.0,0.0,0.0,0.0
2016,210000031872,FRANCISCO EDSON REBOUCAS DE PONTES JUNIOR,PSDB,0,532.9588500397655,532.9588500397655,0.0,0.0,0.0,0.0,360.0,0.0,0.0,0.0,0.0,0.0,532.9588500397655,0.0,0.0,0.0,0.0,0.0
2016,210000032329,ALESSANDRA MOTA VARGAS,PATRIOTA,0,592.176500044184,592.176500044184,0.0,0.0,0.0,0.0,0.0,400.0,0.0,0.0,0.0,0.0,0.0,0.0,592.176500044184,0.0,0.0,0.0
2016,210000032417,MOACIR CARDOSO GOTUZZO JUNIOR,PP,0,0.0,0.0,0.0,0.0,0.0,0.0,0.0,0.0,0.0,0.0,0.0,0.0,0.0,0.0,0.0,0.0,0.0,0.0
2016,210000032487,OTÁVIO BRAUVERES MACHADO,PDT,0,2093.329123243689,2090.072152493446,0.0,0.0,57.8,0.0,703.99,650.0,0.0,0.0,0.0,0.0,1042.2158356652626,0.0,962.2868125717989,0.0,85.56950425638458,0.0
2016,210000032723,JOSÉ RENATO PASTORINI DE SOUZA,PT do B,0,0.0,0.0,0.0,0.0,0.0,0.0,0.0,0.0,0.0,0.0,0.0,0.0,0.0,0.0,0.0,0.0,0.0,0.0
2016,210000033249,EDIENEZ PEREIRA CHAGAS,PSDB,0,962.2868125717988,962.2868125717988,0.0,0.0,0.0,0.0,0.0,650.0,0.0,0.0,0.0,0.0,0.0,0.0,962.2868125717989,0.0,0.0,0.0
2016,210000032450,TEREZA MARIA NUNES SAMPAIO,PHS,0,0.0,0.0,0.0,0.0,0.0,0.0,0.0,0.0,0.0,0.0,0.0,0.0,0.0,0.0,0.0,0.0,0.0,0.0
2016,210000032511,LUIS CARLOS DA SILVEIRA FELZ,PDT,0,1701.0418007894193,960.8211757341896,0.0,0.0,0.0,0.0,499.01,150.0,0.0,0.0,0.0,0.0,738.7549882176205,0.0,222.06618751656896,0.0,0.0,0.0
2016,210000032345,LÉLIA TELMA SHWANZ,PPS,0,4209.767934401602,4209.767934401602,0.0,0.0,44.35,650.0,1199.24,300.0,0.0,650.0,0.0,0.0,1775.4043647824678,962.2868125717989,444.1323750331379,962.2868125717989,65.6575694423989,0.0
2016,210000032304,JULIANA RODRIGUES GOIA,PTB,0,888.2647500662758,888.2647500662758,0.0,0.0,0.0,0.0,0.0,600.0,0.0,0.0,0.0,0.0,0.0,0.0,888.2647500662758,0.0,0.0,0.0
2016,210000032264,CESAR AUGUSTO ARAUJO DE BARROS,PROS,0,500.3891425373354,500.3891425373354,0.0,0.0,0.0,0.0,338.0,0.0,0.0,0.0,0.0,0.0,500.38914253733543,0.0,0.0,0.0,0.0,0.0
2016,210000032366,DANILO RODRIGUES DA SILVA,PMDB,0,18890.430351409468,18874.352759433263,350.0,500.0,3768.24,300.0,6580.9,250.0,1000.0,0.0,740.2206250552299,518.1544375386609,9742.635822851924,444.1323750331379,370.11031252761495,0.0,5578.657936316239,1480.4412501104598
2016,210000032381,SIDNEI MATIAS FAGUNDES,PT,0,73594.00772246605,73594.00772246605,1250.0,0.0,0.0,19648.0,14748.15,500.0,325.0,13239.71,0.0,1850.5515626380748,21833.769622816577,29087.709682170313,740.2206250552299,19600.612823499956,0.0,481.14340628589946
2016,210000032265,RAFAEL MACHADO FRASCA,PROS,0,0.0,0.0,0.0,0.0,0.0,0.0,0.0,0.0,0.0,0.0,0.0,0.0,0.0,0.0,0.0,0.0,0.0,0.0
2016,210000032331,ENDRIGO MARCHAND CAMPOS,PATRIOTA,0,592.176500044184,592.176500044184,0.0,0.0,0.0,0.0,0.0,400.0,0.0,0.0,0.0,0.0,0.0,0.0,592.176500044184,0.0,0.0,0.0
2016,210000031878,ENEIAS CLARINDO,PSDB,1,18300.32646911544,18300.32646911544,700.0,0.0,17.4,0.0,8994.0,550.0,0.0,2100.0,0.0,1036.3088750773218,13315.088603493476,0.0,814.2426875607529,3108.9266252319658,25.759677751922,0.0
2016,210000032322,RUDINER PETRY DE FARIA,PSD,0,0.0,0.0,0.0,0.0,0.0,0.0,0.0,0.0,0.0,0.0,0.0,0.0,0.0,0.0,0.0,0.0,0.0,0.0
2016,210000032510,JANETTE DE AVILA ZANUNCIO,PDT,0,960.7915669091872,1701.0121919644173,0.0,0.0,0.0,0.0,498.99,650.0,0.0,0.0,0.0,0.0,738.7253793926184,0.0,962.2868125717989,0.0,0.0,0.0
2016,210000031758,JANICE DE ALPOIM DA SILVA DE MELLO,PRB,0,0.0,0.0,0.0,0.0,0.0,0.0,0.0,0.0,0.0,0.0,0.0,0.0,0.0,0.0,0.0,0.0,0.0,0.0
2016,210000032415,MARCELO VILLELA DA FONSECA,PP,0,518.1544375386609,4068.252555303544,600.0,0.0,0.0,0.0,1298.0,650.0,0.0,200.0,0.0,888.2647500662758,1921.6127426433768,0.0,962.2868125717989,296.088250022092,0.0,0.0
2016,210000032291,WALTER CORREA MATIAS,PSOL,0,4118.587557807299,4118.587557807299,0.0,0.0,0.0,0.0,0.0,0.0,2782.0,0.0,0.0,0.0,0.0,0.0,0.0,0.0,0.0,4118.587557807299
2016,210000032403,FERNANDO OLIVEIRA DE ANDRADE,PP,0,0.0,0.0,0.0,0.0,0.0,0.0,0.0,0.0,0.0,0.0,0.0,0.0,0.0,0.0,0.0,0.0,0.0,0.0
2016,210000031868,RUDIS WREGE RICKES,PSDB,0,1036.3088750773218,1033.347992577101,0.0,0.0,58.0,0.0,0.0,340.0,0.0,300.0,0.0,0.0,0.0,0.0,503.35002503755635,444.1323750331379,85.86559250640667,0.0
2016,210000032457,SERGIO LUIZ TAVARES ACOSTA,PSB,0,932.6779875695896,932.6779875695896,0.0,0.0,0.0,0.0,630.0,0.0,0.0,0.0,0.0,0.0,932.6779875695896,0.0,0.0,0.0,0.0,0.0
2016,210000032349,LOIVA PINZ MEDRONHA,PPS,0,444.1323750331379,444.1323750331379,0.0,0.0,0.0,0.0,0.0,300.0,0.0,0.0,0.0,0.0,0.0,0.0,444.1323750331379,0.0,0.0,0.0
2016,210000032365,EVERTON GANTES SOARES,PMDB,0,1252.453297593449,5535.369834163009,0.0,0.0,0.0,0.0,3559.0,0.0,180.0,0.0,0.0,0.0,5268.890409143127,0.0,0.0,0.0,0.0,266.47942501988274
2016,210000032309,PEDRO GODINHO DA SILVA,PSD,0,34100.48375504433,34099.52146823176,0.0,0.0,1200.0,0.0,19438.65,240.0,14.7,2140.0,0.0,0.0,28777.77930645969,0.0,355.30590002651036,3168.144275236384,1776.5295001325517,21.76248637662376
2016,210000032270,DANIEL DE SOUZA PEREIRA,PSOL,0,4649.769878346932,4649.695856284427,0.0,0.0,73.75,0.0,335.0,0.0,2732.0,0.0,0.0,0.0,495.94781878700405,0.0,0.0,0.0,109.1825421956464,4044.565495301776
2016,210000032386,MORGANA MORELES PROENÇA,PT,0,592.176500044184,592.176500044184,0.0,0.0,0.0,0.0,0.0,400.0,0.0,0.0,0.0,0.0,0.0,0.0,592.176500044184,0.0,0.0,0.0
2016,210000032428,LUIS HENRIQUE TEIXEIRA REIS,DEM,0,3425.741052755604,3425.874292468114,0.0,0.0,0.0,0.0,1454.0,200.0,0.0,660.09,0.0,0.0,2152.5615776606087,0.0,296.088250022092,977.2244647854135,0.0,0.0
2016,210000031866,CARLOS EDUARDO RODRIGUES DOS SANTOS,PSDB,0,3937.973725293823,3838.7841615364223,0.0,0.0,0.0,0.0,833.0,1760.0,0.0,0.0,0.0,0.0,1233.207561342013,0.0,2605.5766001944094,0.0,0.0,0.0
2016,210000032393,JANE SOARES MARTINS,PT,0,592.176500044184,592.176500044184,0.0,0.0,0.0,0.0,0.0,400.0,0.0,0.0,0.0,0.0,0.0,0.0,592.176500044184,0.0,0.0,0.0
2016,210000032485,TIAGO DA LUZ DE ARAUJO,PDT,0,13766.608380364663,13763.88436846446,600.0,0.0,0.0,300.0,5439.24,650.0,0.0,2307.91,0.0,888.2647500662758,8052.475265250817,444.1323750331379,962.2868125717989,3416.725165542431,0.0,0.0
2016,210000032271,DANIEL BARBIER LEAL,PSOL,0,11564.614869362867,11482.998143244278,950.0,0.0,0.0,0.0,4434.47,0.0,2372.0,0.0,0.0,1406.4191876049367,6564.972310377331,0.0,0.0,0.0,0.0,3511.6066452620107
2016,210000032436,PATRICIA PERES PONTES,DEM,0,1131.0571150843912,1131.0571150843912,0.0,0.0,0.0,0.0,564.0,200.0,0.0,0.0,0.0,0.0,834.9688650622993,0.0,296.088250022092,0.0,0.0,0.0
2016,210000032399,JULIO CESAR XAVIER BOTELHO,REDE,0,5317.004749771716,5317.004749771716,1000.0,0.0,300.0,0.0,1591.5,0.0,0.0,700.0,0.0,1480.4412501104598,2356.122249550797,0.0,0.0,1036.3088750773218,444.1323750331379,0.0
2016,210000031734,HELIO FERNANDO XAVIER VIEIRA,PR,0,5240.762025391027,5236.986900203246,500.0,0.0,57.45,0.0,2980.0,0.0,0.0,0.0,0.0,740.2206250552299,4411.71492532917,0.0,0.0,0.0,85.05134981884592,0.0
2016,210000031877,EDMAR CAMPOS,PSDB,0,2638.14630769684,2623.13463342072,0.0,0.0,45.85,0.0,1176.01,550.0,0.0,0.0,0.0,0.0,1741.0137145424019,0.0,814.2426875607529,0.0,67.87823131756458,0.0
2016,210000032330,MARIANA DOMINGOS SALDANHA,PATRIOTA,0,888.2647500662758,888.2647500662758,0.0,0.0,0.0,0.0,0.0,600.0,0.0,0.0,0.0,0.0,0.0,0.0,888.2647500662758,0.0,0.0,0.0
2016,210000032462,DEISE TATIANE MOURA GUNSCH,PSB,0,0.0,0.0,0.0,0.0,0.0,0.0,0.0,0.0,0.0,0.0,0.0,0.0,0.0,0.0,0.0,0.0,0.0,0.0
2016,210000032191,PAULO LUIZ PIRES MATIAS,PMN,0,0.0,0.0,0.0,0.0,0.0,0.0,0.0,0.0,0.0,0.0,0.0,0.0,0.0,0.0,0.0,0.0,0.0,0.0
2016,210000032327,MONICA MOREIRA SCHMIDT,PATRIOTA,0,843.8515125629621,834.7467988747828,0.0,0.0,45.85,0.0,118.0,400.0,0.0,0.0,0.0,0.0,174.69206751303426,0.0,592.176500044184,0.0,67.87823131756458,0.0
2016,210000032711,ADÃO LUIZ QUINTAS FÉBOLO,PT do B,0,0.0,0.0,0.0,0.0,0.0,0.0,0.0,0.0,0.0,0.0,0.0,0.0,0.0,0.0,0.0,0.0,0.0,0.0
2016,210000032731,ROBERTO GERMANO DO AMARAL,PT do B,0,0.0,0.0,0.0,0.0,0.0,0.0,0.0,0.0,0.0,0.0,0.0,0.0,0.0,0.0,0.0,0.0,0.0,0.0
2016,210000032380,SANTA PETRONILIA GERALD SODRE,PT,0,3389.411024477893,3374.606611976789,0.0,0.0,0.0,0.0,780.0,400.0,0.0,1099.46,0.0,0.0,1154.7441750861587,0.0,592.176500044184,1627.685936846446,0.0,0.0
2016,210000032438,MARCELO OLIVEIRA BRANCO,DEM,0,834.9688650622993,834.9688650622993,0.0,0.0,0.0,0.0,564.0,0.0,0.0,0.0,0.0,0.0,834.9688650622993,0.0,0.0,0.0,0.0,0.0
2016,210000031876,LUIZ HENRIQUE CORDEIRO VIANA,PSDB,1,36053.92598456508,35843.88097999941,0.0,1500.0,114.8,0.0,15126.82,7440.0,0.0,30.0,2220.6618751656897,0.0,22394.368310995906,0.0,11014.48290082182,44.413237503313795,169.95465551268077,0.0
2016,210000032339,CARLOS ARISTIDES RODRIGUES,PPS,0,43302.521651005925,43113.83941367934,0.0,0.0,0.0,575.0,604.24,0.0,137.29999999999998,27805.75,0.0,0.0,894.5418209667442,851.2537188135144,0.0,41164.77929025892,0.0,203.2645836401661
2016,210000032346,VAGNER DOS SANTOS NUNES,PPS,0,2323.167627323338,2293.558802321129,0.0,0.0,0.0,560.0,989.24,0.0,0.0,0.0,0.0,0.0,1464.5117022592713,829.0471000618575,0.0,0.0,0.0,0.0
2016,210000032400,MARIO EUGENIO DA SILVA BACCI,REDE,0,7656.072316121241,7656.07231612124,1000.0,0.0,311.6,0.0,1591.08,600.0,330.0,1338.8,0.0,1480.4412501104598,2355.5004642257504,0.0,888.2647500662758,1982.0147456478835,461.3054935344193,488.54561253645176
2016,210000031871,GIOVANE DUARTE ARAUJO,PSDB,0,2679.5986626999324,2679.5986626999324,0.0,0.0,0.0,0.0,1810.0,0.0,0.0,0.0,0.0,0.0,2679.5986626999324,0.0,0.0,0.0,0.0,0.0
2016,210000032505,ELIANE SOARES SÁ BRITTO BITENCOURT,PDT,0,3067.4594658163714,3045.2528470647144,425.0,0.0,0.0,0.0,1281.99,350.0,0.0,0.0,0.0,629.1875312969454,1897.9108782291084,0.0,518.1544375386609,0.0,0.0,0.0
2016,210000032491,EDUARDO AFRA ESTANISLAU,PDT,0,1316.0974669356976,1310.1757019352558,0.0,0.0,0.0,0.0,684.99,200.0,0.0,0.0,0.0,0.0,1014.0874519131638,0.0,296.088250022092,0.0,0.0,0.0
2016,210000032419,SERGIO RICARDO COSTA GARCIA,PP,0,0.0,0.0,0.0,0.0,0.0,0.0,0.0,0.0,0.0,0.0,0.0,0.0,0.0,0.0,0.0,0.0,0.0,0.0
2016,210000032383,JOSÉ RICARDO DOS SANTOS DE SOUZA,PC do B,0,23390.971751745263,23390.971751745263,0.0,0.0,691.7,341.06,5835.0,1200.0,3850.0,3882.24,0.0,0.0,8638.374694394533,504.9192927626734,1776.5295001325517,5747.428238828831,1024.0212127014051,5699.69881292527
2016,210000032480,PAULO RICARDO BARTOLO KNABAH,PSB,0,4145.235500309287,4145.235500309287,550.0,0.0,0.0,0.0,1608.0,0.0,0.12,641.88,0.0,814.2426875607529,2380.5495301776195,0.0,0.0,950.2656296209019,0.0,0.17765295001325518
2016,210000032494,SANTA GELCI NUNES,PDT,0,1361.250925064067,1361.250925064067,0.0,0.0,0.0,0.0,569.49,350.0,0.0,0.0,0.0,0.0,843.0964875254058,0.0,518.1544375386609,0.0,0.0,0.0
2016,210000032490,LUIS CARLOS BATISTA DA SILVA,PDT,0,3699.533857551032,3717.3731746148633,0.0,0.0,72.2,0.0,1538.99,650.0,0.0,249.8,0.0,0.0,2278.3842795074966,0.0,962.2868125717989,369.81422427759287,106.8878582579752,0.0
2016,210000032467,MARIA ADRIANA BORGES ROSSALES,PSB,0,1950.244476420513,1950.2444764205131,400.0,0.0,36.339999999999996,0.0,531.0,350.0,0.0,0.0,0.0,592.176500044184,786.1143038086542,0.0,518.1544375386609,0.0,53.799235029014106,0.0
2016,210000031749,GEOVANI DA SILVA MOREIRA,PRB,0,3025.2816946007247,2922.391027718048,0.0,0.0,0.0,0.0,1060.0,914.0,0.0,0.0,0.0,0.0,1569.2677251170874,0.0,1353.1233026009602,0.0,0.0,0.0
2016,210000032274,DIRLENE SILVEIRA GONÇALVES,PSOL,0,841.7196771628029,841.7196771628029,0.0,0.0,0.0,0.0,0.0,0.0,568.56,0.0,0.0,0.0,0.0,0.0,0.0,0.0,0.0,841.7196771628029
2016,210000032446,ARNALDO GERMANO ETCHALUS,DEM,0,1367.927715102065,1367.927715102065,0.0,0.0,0.0,0.0,724.0,200.0,0.0,0.0,0.0,0.0,1071.8394650799728,0.0,296.088250022092,0.0,0.0,0.0
2016,210000032717,DELCIO DA SILVA MENDES,PT do B,0,296.088250022092,917.873575068485,0.0,0.0,0.0,0.0,0.0,0.0,620.0,0.0,0.0,0.0,0.0,0.0,0.0,0.0,0.0,917.873575068485
2016,210000032371,ELMIR JOSÉ WALKER,PT,0,17765.679916050547,17765.679916050543,0.0,0.0,0.0,0.0,652.2,4590.0,0.0,6758.0599999999995,0.0,0.0,965.5437833220419,0.0,6795.225338007011,10004.910794721492,0.0,0.0
2016,210000031867,TELMA COLVARA ALVES,PSDB,0,4039.6800391764114,4039.7096480014143,0.0,0.0,88.7,0.0,2090.02,550.0,0.0,0.0,0.0,0.0,3094.151821555863,0.0,814.2426875607529,0.0,131.3151388847978,0.0
2016,210000032427,LUIZA RODRIGUES VITORIA,DEM,0,2188.09216766326,2188.09216766326,0.0,0.0,0.0,0.0,498.0,980.0,0.0,0.0,0.0,0.0,737.259742555009,0.0,1450.8324251082506,0.0,0.0,0.0
2016,210000032255,MARCIA FERRERO BLANCO,PROS,0,500.3891425373354,500.3891425373354,0.0,0.0,0.0,0.0,338.0,0.0,0.0,0.0,0.0,0.0,500.38914253733543,0.0,0.0,0.0,0.0,0.0
2016,210000032432,CLEOMAR DE LIMA FERREIRA,DEM,0,2188.09216766326,2188.09216766326,0.0,0.0,0.0,0.0,498.0,980.0,0.0,0.0,0.0,0.0,737.259742555009,0.0,1450.8324251082506,0.0,0.0,0.0
2016,210000032308,CHAINE DOS SANTOS MEIRELES,PTB,0,1811.6159577601693,1811.6159577601695,0.0,0.0,0.0,0.0,623.7,600.0,0.0,0.0,0.0,0.0,923.3512076938938,0.0,888.2647500662758,0.0,0.0,0.0
2016,210000032350,AMANDA CALDEIRA DOS SANTOS,PPS,0,444.1323750331379,444.1323750331379,0.0,0.0,0.0,0.0,0.0,300.0,0.0,0.0,0.0,0.0,0.0,0.0,444.1323750331379,0.0,0.0,0.0
2016,210000031869,VITALINO BACHINI DE LIMA,PSDB,0,6200.087955462605,6200.087955462605,0.0,0.0,0.0,0.0,3638.0,550.0,0.0,0.0,0.0,0.0,5385.845267901853,0.0,814.2426875607529,0.0,0.0,0.0
2016,210000032354,PAULO CAETANO,PMDB,0,4737.412000353472,4737.412000353472,0.0,0.0,0.0,0.0,3200.0,0.0,0.0,0.0,0.0,0.0,4737.412000353472,0.0,0.0,0.0,0.0,0.0
2016,210000032273,FABIO GIOVANO DA SILVA LAMBERTI,PSOL,0,4044.565495301776,4044.565495301776,0.0,0.0,0.0,0.0,0.0,0.0,2732.0,0.0,0.0,0.0,0.0,0.0,0.0,0.0,0.0,4044.565495301776
2016,210000032396,ANTONIO CARLOS PINTO VASQUES,REDE,0,20290.157944563904,20290.157944563904,1000.0,0.0,0.0,0.0,2711.08,0.0,1380.0,8614.4,0.0,1480.4412501104598,4013.5946643494653,0.0,0.0,12753.113104951544,0.0,2043.0089251524346
2016,210000032363,ALEX VIEGAS BUSS,PMDB,0,675.0812100503697,675.0812100503697,0.0,0.0,0.0,0.0,456.0,0.0,0.0,0.0,0.0,0.0,675.0812100503697,0.0,0.0,0.0,0.0,0.0
2016,210000031743,CANDIDA SUZEL CARVALHO,PRB,0,1353.1233026009602,1353.1233026009602,0.0,0.0,0.0,0.0,0.0,914.0,0.0,0.0,0.0,0.0,0.0,0.0,1353.1233026009602,0.0,0.0,0.0
2016,210000032434,CLEDER IVANIR VERGARA PAULSEN,DEM,0,834.9688650622993,834.9688650622993,0.0,0.0,0.0,0.0,564.0,0.0,0.0,0.0,0.0,0.0,834.9688650622993,0.0,0.0,0.0,0.0,0.0
2016,210000031864,EZIO MOREIRA DA SILVA,PSDB,0,1515.9718401131108,1515.9718401131108,0.0,0.0,0.0,0.0,1024.0,0.0,0.0,0.0,0.0,0.0,1515.9718401131108,0.0,0.0,0.0,0.0,0.0
2016,210000032443,JOSE SIZENANDO DOS SANTOS LOPES,DEM,1,30063.779402780645,30061.36628354296,500.0,0.0,1500.0,2250.0,3259.6800000000003,3346.0,0.0,9450.0,0.0,740.2206250552299,4825.764734160064,3330.9928127485346,4953.5564228695985,13990.169813543846,2220.6618751656897,0.0
2016,210000032325,ARTHUR CALDERIPE BONOW,PATRIOTA,0,592.176500044184,592.176500044184,0.0,0.0,0.0,0.0,0.0,400.0,0.0,0.0,0.0,0.0,0.0,0.0,592.176500044184,0.0,0.0,0.0
2016,210000032463,ROBERTO DUARTE D AMICO JÚNIOR,PSB,0,9223.148988188164,9209.82501693717,0.0,0.0,0.0,600.0,1570.0,0.0,4051.0,0.0,0.0,0.0,2324.2927626734217,888.2647500662758,0.0,0.0,0.0,5997.267504197473
2016,210000032373,KAUANY NOELLE EWALD,PT,0,2575.9677751922,2568.565568941648,0.0,0.0,0.0,0.0,1335.0,400.0,0.0,0.0,0.0,0.0,1976.3890688974639,0.0,592.176500044184,0.0,0.0,0.0
2016,210000032430,LUDIER OLMIRO TERRES DUARTE,DEM,0,1847.5906801378533,1847.5906801378535,0.0,0.0,0.0,0.0,1048.0,200.0,0.0,0.0,0.0,0.0,1551.5024301157619,0.0,296.088250022092,0.0,0.0,0.0
2016,210000032733,VERA BEATRIZ GIRÃO COSTA,PT do B,0,1979.349951397685,1979.349951397685,0.0,0.0,0.0,0.0,300.0,1037.0,0.0,0.0,0.0,0.0,444.1323750331379,0.0,1535.2175763645469,0.0,0.0,0.0
2016,210000032256,MARCO DANIELI FISCHER DE ALMEIDA,PROS,0,500.3891425373354,500.3891425373354,0.0,0.0,0.0,0.0,338.0,0.0,0.0,0.0,0.0,0.0,500.38914253733543,0.0,0.0,0.0,0.0,0.0
2016,210000032356,MONICA ALINE OLIVEIRA DE VASCONCELOS,PMDB,0,0.0,0.0,0.0,0.0,0.0,0.0,0.0,0.0,0.0,0.0,0.0,0.0,0.0,0.0,0.0,0.0,0.0,0.0
2016,210000032269,ALESSANDRA MARTINS ALVARIZA,PSOL,0,1197.0255771893133,1193.2504520015316,0.0,0.0,57.45,0.0,60.0,0.0,688.56,0.0,0.0,0.0,88.82647500662759,0.0,0.0,0.0,85.05134981884592,1019.3726271760581
2016,210000031757,WALDOMIRO CARDOSO LIMA,PRB,1,49556.29040619753,49556.29040619753,450.0,0.0,1072.6,4250.0,4800.0,5614.0,4199.07,13088.33,0.0,666.1985625497069,7106.118000530207,6291.875312969454,8311.197178120121,19376.503627058235,1587.921284868479,6216.476440101328
2016,210000032470,LOIVA OLIVEIRA DOS SANTOS HISÉ,PSB,0,236.87060001767355,236.87060001767355,0.0,0.0,0.0,0.0,160.0,0.0,0.0,0.0,0.0,0.0,236.87060001767355,0.0,0.0,0.0,0.0,0.0
2016,210000032367,CARLOS ALBERTO DOS SANTOS PASSOS,PT,0,25315.545376888866,25273.95978217326,1000.0,0.0,1.35,0.0,9785.0,500.0,0.0,5785.5599999999995,0.0,1480.4412501104598,14486.117632330848,0.0,740.2206250552299,8565.18167898907,1.9985956876491209,0.0
2016,210000032288,RONALDO VIEIRA LEITE,PSOL,0,1838.500770862176,1838.5007708621756,0.0,0.0,103.3,0.0,570.0,368.56,200.0,0.0,0.0,0.0,843.8515125629621,0.0,545.631427140711,0.0,152.9295811364105,296.088250022092
2020,210001258343,HELIA MARIA FLORENÇA DA SILVA,PL,0,1711.2991360985045,1204.8705243723934,0.0,100.0,43.2,788.0,0.0,0.0,0.0,0.0,129.38901679256801,0.0,0.0,1019.585452325436,0.0,0.0,55.89605525438939,0.0
2020,210000863528,LUANA REJANE ALMEIDA FARIAS,PSOL,0,10816.650086923424,10469.331149147132,100.0,0.0,240.35,3187.3,2819.0,1100.0,57.4,587.3100000000001,0.0,129.38901679256801,3647.4763833824927,4124.016132229521,1423.2791847182482,759.9146345244313,310.9865018609372,74.26929563893404
2020,210000863533,FERNANDA PINTO MIRANDA,PSOL,1,41746.9134065633,41405.572241362825,3300.0,2770.34,278.5,7680.0,14512.0,3160.0,0.0,300.0,3584.5156878112293,4269.837554154745,18776.93411693747,9937.076489669224,4088.6929306451493,388.1670503777041,360.34841176730197,0.0
2020,210000863522,FÁBIO GIOVANO DA SILVA LAMBERTI,PSOL,0,1947.265886023111,1075.6755911050143,100.0,0.0,31.35,0.0,0.0,700.0,0.0,0.0,0.0,129.38901679256801,0.0,0.0,905.7231175479761,0.0,40.563456764470075,0.0
2020,210001240303,MARIO EDUARDO DA SILVA CZERMAINSKI,AVANTE,0,0.0,0.0,0.0,0.0,0.0,0.0,0.0,0.0,0.0,0.0,0.0,0.0,0.0,0.0,0.0,0.0,0.0,0.0
2020,210001240297,NADJA LETÍCIA ALVES GARCIA,AVANTE,0,0.0,0.0,0.0,0.0,0.0,0.0,0.0,0.0,0.0,0.0,0.0,0.0,0.0,0.0,0.0,0.0,0.0,0.0
2020,210000838223,GLEINECIR OLIVEIRA ROLDÃO,PATRIOTA,0,323.4725419814201,0.0,0.0,0.0,0.0,0.0,0.0,0.0,0.0,0.0,0.0,0.0,0.0,0.0,0.0,0.0,0.0,0.0
2020,210000838225,PAULO ROBERTO FARIAS DE PAULA,PATRIOTA,0,970.4176259442602,646.9450839628402,0.0,0.0,0.0,0.0,500.0,0.0,0.0,0.0,0.0,0.0,646.9450839628402,0.0,0.0,0.0,0.0,0.0
2020,210001239206,ERMINDO DA SILVA GONÇALVES,PDT,0,698.7006906798673,0.0,0.0,0.0,0.0,0.0,0.0,0.0,0.0,0.0,0.0,0.0,0.0,0.0,0.0,0.0,0.0,0.0
2020,210001239201,BIANCA D CARLA MACEDO DA COSTA,PDT,0,10364.060245084698,9982.56966797349,0.0,396.92,26.0,1500.0,4904.0,600.0,0.0,288.24,513.570885453061,0.0,6345.237383507536,1940.8352518885204,776.3341007554081,372.9509020028981,33.641144366067685,0.0
2020,210001239221,GRAZIELA RODRIGUEZ RAMALHO,PDT,0,5839.973272932558,5629.1338700690685,250.0,1035.57,31.0,1599.98,780.0,600.0,54.0,0.0,1339.9138411987965,323.4725419814201,1009.2343309820305,2070.1983908777297,776.3341007554081,0.0,40.110595205696086,69.87006906798673
2020,210001239220,MAIARA DE SOUZA ALVES,PDT,0,3286.481026531228,2587.7803358513606,0.0,0.0,94.05,1305.95,0.0,600.0,0.0,0.0,0.0,0.0,0.0,1689.7558648025422,776.3341007554081,0.0,121.69037029341023,0.0
2020,210001181725,GILSON SCHMIDT,PT,0,1358.5846763219645,575.7811247269277,0.0,0.0,0.0,0.0,445.0,0.0,0.0,0.0,0.0,0.0,575.7811247269277,0.0,0.0,0.0,0.0,0.0
2020,210001181721,FERNANDA LOREDO CAMARGO,PT,0,5977.7725758166425,5201.438475061234,500.0,0.0,120.0,2601.0,470.0,0.0,329.0,0.0,0.0,646.9450839628402,608.1283789250697,3365.408326774694,0.0,0.0,155.26682015108162,425.6898652475488
2020,210001181738,LUCIANO LUZ DE LIMA,PT,0,14724.470110994242,10842.7996072172,0.0,1202.55,413.45,0.0,5164.0,1200.0,0.0,400.0,1555.9676214390267,0.0,6681.648827168213,0.0,1552.6682015108163,517.5560671702721,534.9588899288725,0.0
2020,210001181737,RAFAEL GODOY PORTO MARTINELLI,PT,0,12421.34561208653,6297.402263999323,0.0,1569.9,831.13,0.0,2268.0,0.0,198.0,0.0,2031.2781746265255,0.0,2934.542900855443,0.0,0.0,0.0,1075.3909352680705,256.1902532492847
2020,210001238695,TANIA MARA LONGO DE LIMA,PP,0,10827.272925202093,9057.23117547976,0.0,0.0,0.0,6600.0,0.0,400.0,0.0,0.0,0.0,0.0,0.0,8539.67510830949,517.5560671702721,0.0,0.0,0.0
2020,210001238689,THIAGO NUNES GONÇALVES,PP,0,2649.887063911793,556.3727722080425,0.0,0.0,0.0,0.0,430.0,0.0,0.0,0.0,0.0,0.0,556.3727722080425,0.0,0.0,0.0,0.0,0.0
2020,210001238692,TATIANA ALVES COSTA,PP,0,5134.156186329099,3881.6705037770407,0.0,1000.0,0.0,1100.0,0.0,400.0,0.0,500.0,1293.8901679256803,0.0,0.0,1423.2791847182482,517.5560671702721,646.9450839628402,0.0,0.0
2020,210001238675,RONALDO KEPPS DE CASTRO,PP,0,6428.04635425478,5175.560671702721,0.0,0.0,40.0,560.0,3000.0,400.0,0.0,0.0,0.0,0.0,3881.6705037770407,724.5784940383809,517.5560671702721,0.0,51.755606717027206,0.0
2020,210001238672,PATRICIA MONTONE MOLINA,PP,0,5810.472577103852,6188.029728104566,0.0,0.0,42.5,1250.0,3240.0,250.0,0.0,0.0,0.0,0.0,4192.204144079204,1617.3627099071002,323.4725419814201,0.0,54.99033213684141,0.0
2020,210001240515,CARLOS ROGÉRIO CASTRO DA SILVA,PSL,0,0.0,0.0,0.0,0.0,0.0,0.0,0.0,0.0,0.0,0.0,0.0,0.0,0.0,0.0,0.0,0.0,0.0,0.0
2020,210001240517,JUSSIE REIS NUNES,PSL,0,0.0,0.0,0.0,0.0,0.0,0.0,0.0,0.0,0.0,0.0,0.0,0.0,0.0,0.0,0.0,0.0,0.0,0.0
2020,210000936175,HUGO ROBERTO DA SILVA MIORI,PSD,0,18961.960410950844,14362.18086397505,0.0,2560.0,2000.0,1600.0,4340.0,0.0,0.0,600.0,3312.358829889741,0.0,5615.4833287974525,2070.2242686810882,0.0,776.3341007554081,2587.7803358513606,0.0
2020,210000936176,CARMEN LAURA DOS SANTOS BARBOZA,PSD,0,1811.83440214633,180.7564564592175,0.0,139.7,0.0,0.0,0.0,0.0,0.0,0.0,180.7564564592175,0.0,0.0,0.0,0.0,0.0,0.0,0.0
2020,210000936188,TIAGO SOARES MALHEIRO,PSD,0,1962.8313847432569,388.1670503777041,0.0,0.0,0.0,0.0,0.0,300.0,0.0,0.0,0.0,0.0,0.0,0.0,388.1670503777041,0.0,0.0,0.0
2020,210000936173,ANTÔNIO PEIXOTO OLIVEIRA,PSD,0,14000.95260689356,12135.162984744728,0.0,5600.0,30.0,0.0,3297.61,451.21,0.0,0.0,7245.784940383809,0.0,4266.745156653403,0.0,583.8161826697461,0.0,38.816705037770404,0.0
2020,210000936182,AIRTON PINTO MOLINA,PSD,0,4589.428425632388,2205.694569262907,0.0,59.7,0.0,0.0,1645.0,0.0,0.0,0.0,77.24524302516312,0.0,2128.449326237744,0.0,0.0,0.0,0.0,0.0
2020,210000936197,JOICE HELENA FERREIRA NOBRE,PSD,0,7917.831493604407,4498.33855781042,0.0,0.0,22.1,1454.5,2000.0,0.0,0.0,0.0,0.0,0.0,2587.7803358513606,1881.963249247902,0.0,0.0,28.594972711157535,0.0
2020,210000724752,MARCELIANO PEREIRA VINHOLES,REPUBLICANOS,0,1139.658459908939,0.0,0.0,0.0,0.0,0.0,0.0,0.0,0.0,0.0,0.0,0.0,0.0,0.0,0.0,0.0,0.0,0.0
2020,210000724748,CATARINA DOS SANTOS MAIA,REPUBLICANOS,0,2909.70020963127,1940.8352518885204,0.0,0.0,0.0,1170.0,0.0,330.0,0.0,0.0,0.0,0.0,0.0,1513.851496473046,426.9837554154745,0.0,0.0,0.0
2020,210000724745,MARIA CLAUDETE DA ROCHA PORTO,REPUBLICANOS,0,3101.7135105514403,0.0,0.0,0.0,0.0,0.0,0.0,0.0,0.0,0.0,0.0,0.0,0.0,0.0,0.0,0.0,0.0,0.0
2020,210000724744,ANDRE LUIS CORREA DOS SANTOS,REPUBLICANOS,0,2433.54862783462,0.0,0.0,0.0,0.0,0.0,0.0,0.0,0.0,0.0,0.0,0.0,0.0,0.0,0.0,0.0,0.0,0.0
2020,210000680571,BRUNA LUDTKE DA ROSA,PSB,0,332.2709951233147,0.0,0.0,0.0,0.0,0.0,0.0,0.0,0.0,0.0,0.0,0.0,0.0,0.0,0.0,0.0,0.0,0.0
2020,210000680570,ANTÔNIO RICARDO PERES DE PERES,PSB,0,22947.34915058881,21247.695026001635,0.0,0.0,155.06,4867.5,11399.0,0.0,0.0,0.0,0.0,0.0,14749.054024184828,6298.010392378249,0.0,0.0,200.63060943855598,0.0
2020,210000680577,JOSÉ RICARDO DOS SANTOS DE SOUZA,PSB,0,10739.288393783148,10351.121343405444,0.0,0.0,0.0,3300.0,2526.0,0.0,0.0,2174.0,0.0,0.0,3268.366564180268,4269.837554154745,0.0,2812.9172250704287,0.0,0.0
2020,210000680574,CÍNTIA SCHAFER ANDERSON,PSB,0,720.4380455010187,0.0,0.0,0.0,0.0,0.0,0.0,0.0,0.0,0.0,0.0,0.0,0.0,0.0,0.0,0.0,0.0,0.0
2020,210000680572,DANIELA SIMÕES LOPES,PSB,0,2816.540117540621,2096.102072039602,0.0,800.0,0.0,0.0,820.0,0.0,0.0,0.0,1035.1121343405441,0.0,1060.9899376990577,0.0,0.0,0.0,0.0,0.0
2020,210000680588,MAURICIO PEREIRA OLIVEIRA,PSB,0,332.2709951233147,0.0,0.0,0.0,0.0,0.0,0.0,0.0,0.0,0.0,0.0,0.0,0.0,0.0,0.0,0.0,0.0,0.0
2020,210001240275,PAULO CESAR COITINHO DOS SANTOS,CIDADANIA,1,23471.16764617184,16003.0923749384,0.0,0.0,0.0,0.0,11768.2,0.0,0.0,600.0,0.0,0.0,15226.758274182992,0.0,0.0,776.3341007554081,0.0,0.0
2020,210001240280,ELAINE DA SILVA PEREIRA,CIDADANIA,0,0.0,0.0,0.0,0.0,0.0,0.0,0.0,0.0,0.0,0.0,0.0,0.0,0.0,0.0,0.0,0.0,0.0,0.0
2020,210001242942,BRUNO DE LIMA GARCIA,PODE,0,426.9837554154745,426.9837554154745,0.0,0.0,1.0,0.0,329.0,0.0,0.0,0.0,0.0,0.0,425.6898652475488,0.0,0.0,0.0,1.2938901679256802,0.0
2020,210001242947,MARCELO PEREIRA PIRES,PODE,0,0.0,0.0,0.0,0.0,0.0,0.0,0.0,0.0,0.0,0.0,0.0,0.0,0.0,0.0,0.0,0.0,0.0,0.0
2020,210001240554,PAULO ROGÉRIO COSTA BARRETO,PV,0,1949.1549656682823,0.0,0.0,0.0,0.0,0.0,0.0,0.0,0.0,0.0,0.0,0.0,0.0,0.0,0.0,0.0,0.0,0.0
2020,210001239725,VOLMAIRA MACHADO ZIMMERMANN,PSDB,0,12991.951176141754,4264.144437415872,0.0,0.0,5.6,0.0,0.0,3290.0,0.0,0.0,0.0,0.0,0.0,0.0,4256.898652475488,0.0,7.245784940383809,0.0
2020,210001239714,PEDRO DELPONTE FERRAZ,PSDB,0,13931.056660022214,5208.943038035204,0.0,0.0,71.0,0.0,3154.8,800.0,0.0,0.0,0.0,0.0,4081.9647017719362,0.0,1035.1121343405441,0.0,91.86620192272329,0.0
2020,210001239709,MAURÍCIO DE FIGUEIREDO MARTINS,PSDB,0,55005.755307643085,44845.61215302348,1560.0,5800.0,58.7,9820.0,7602.0,9818.82,0.0,0.0,7504.562973968946,2018.468661964061,9836.153056571022,12706.00144903018,12704.474658632027,0.0,75.95135285723744,0.0
2020,210001258325,DAIANE RODRIGUES DIAS,PL,0,68834.95693364619,58040.949924661465,0.0,1251.71,2146.2,2400.0,7539.8,7890.0,23180.0,450.0,1619.5752620942533,0.0,9755.673088126045,3105.3364030216326,10208.793424933618,582.2505755665561,2776.9470784020946,29992.374092517268
2020,210001258340,LETÍCIA LEITE LISBÔA,PL,0,2875.0239531308616,2368.983508455128,0.0,0.0,20.0,771.0,965.0,0.0,74.9,0.0,0.0,0.0,1248.6040120482814,997.5893194706995,0.0,0.0,25.877803358513603,96.91237357763346
2020,210001239555,SUELEN CORREA DA SILVA,MDB,0,3887.4930095327054,2587.7803358513606,0.0,0.0,0.0,2000.0,0.0,0.0,0.0,0.0,0.0,0.0,0.0,2587.7803358513606,0.0,0.0,0.0,0.0
2020,210001239464,EZEQUIEL MARQUES LEAL,PTB,0,8727.289182658713,6822.55346645532,0.0,0.0,86.89999999999999,3960.0,1226.0,0.0,0.0,0.0,0.0,0.0,1586.309345876884,5123.805064985694,0.0,0.0,112.4390555927416,0.0
2020,210001239474,PAULA MACHADO FERNANDES,PTB,0,1293.8901679256803,0.0,0.0,0.0,0.0,0.0,0.0,0.0,0.0,0.0,0.0,0.0,0.0,0.0,0.0,0.0,0.0,0.0
2020,210001239675,LUCIANA CAPERA BARNECHE,DEM,0,711.6395923591241,0.0,0.0,0.0,0.0,0.0,0.0,0.0,0.0,0.0,0.0,0.0,0.0,0.0,0.0,0.0,0.0,0.0
2020,210001239671,NAILE SILVA MACHADO,DEM,0,5990.711477495899,5267.232790100255,0.0,1200.0,70.85,0.0,2600.0,200.0,0.0,0.0,1552.6682015108163,0.0,3364.114436606769,0.0,258.77803358513603,0.0,91.67211839753443,0.0
2020,210001239676,DIEGO FERREIRA LEMOS,DEM,0,1378.6399739248122,667.0003815656881,0.0,0.0,15.5,0.0,500.0,0.0,0.0,0.0,0.0,0.0,646.9450839628402,0.0,0.0,0.0,20.055297602848043,0.0
2020,210001258339,CARLOS ARAQUEM PERES,PL,0,1023.467122829213,517.5560671702721,91.7,0.0,13.3,0.0,295.0,0.0,0.0,0.0,0.0,118.64972839878489,381.6975995380757,0.0,0.0,0.0,17.20873923341155,0.0
2020,210001258328,ARI FRANCISCO CORREA DUARTE,PL,0,1282.2451564143491,767.6650366303061,0.0,0.0,3.3,590.0,0.0,0.0,0.0,0.0,0.0,0.0,0.0,763.3951990761514,0.0,0.0,4.269837554154744,0.0
2020,210001258335,JARBAS ALVES COSTA,PL,0,17622.784087147764,13655.069887203666,0.0,114.0,56.5,2780.0,2059.0,4344.0,1200.0,0.0,147.50347914352756,0.0,2664.1198557589755,3597.014666833391,5620.658889469155,0.0,73.10479448780093,1552.6682015108163
2020,210000863521,JÚLIO CÉSAR ARAÚJO DAS NEVES,PSOL,0,14084.408522724763,14001.10787371371,0.0,561.5699999999999,313.37,1850.0,4181.0,3915.0,0.0,0.0,726.6099016020241,0.0,5409.754792097269,2393.6968106625086,5065.580007429038,0.0,405.4663619228704,0.0
2020,210000863525,MAICO BITTENCOURT LOPES,PSOL,0,8810.253420226107,8396.402650015078,0.0,2940.0,78.0,0.0,2797.08,650.0,0.0,24.19,3804.0370937015,0.0,3619.1143109015616,0.0,841.0286091516922,31.299203162122208,100.92343309820306,0.0
2020,210000863515,PAULO RENATO VIEIRA,PSOL,0,1701.297365100439,0.0,0.0,0.0,0.0,0.0,0.0,0.0,0.0,0.0,0.0,0.0,0.0,0.0,0.0,0.0,0.0,0.0
2020,210000863518,CRISTIANE MEDEIROS GOMES,PSOL,0,4692.693799934536,2261.823524747523,0.0,0.0,244.5,0.0,1210.0,150.0,0.0,143.57999999999998,0.0,0.0,1565.607103190073,0.0,194.08352518885204,185.77675031076916,316.3561460578288,0.0
2020,210000838216,ALCI DOS SANTOS PEREIRA,PATRIOTA,0,323.4725419814201,0.0,0.0,0.0,0.0,0.0,0.0,0.0,0.0,0.0,0.0,0.0,0.0,0.0,0.0,0.0,0.0,0.0
2020,210000838235,AIRES ORTIZ CARVALHO,PATRIOTA,0,323.4725419814201,0.0,0.0,0.0,0.0,0.0,0.0,0.0,0.0,0.0,0.0,0.0,0.0,0.0,0.0,0.0,0.0,0.0
2020,210000838230,MARCELO DA SILVA OLMEDO,PATRIOTA,0,905.723117547976,388.1670503777041,0.0,0.0,0.0,0.0,300.0,0.0,0.0,0.0,0.0,0.0,388.1670503777041,0.0,0.0,0.0,0.0,0.0
2020,210000838233,MARILENE TORMA MARTINS,PATRIOTA,0,323.4725419814201,0.0,0.0,0.0,0.0,0.0,0.0,0.0,0.0,0.0,0.0,0.0,0.0,0.0,0.0,0.0,0.0,0.0
2020,210000838224,LUIS FLAVIO LOBO BANDEIRA,PATRIOTA,0,1112.745544416085,789.2730024346649,0.0,400.0,0.0,0.0,210.0,0.0,0.0,0.0,517.5560671702721,0.0,271.7169352643929,0.0,0.0,0.0,0.0,0.0
2020,210001266471,JOSÉ NEI TELESCA BARBOSA,PDT,0,2898.3139761535235,3285.627059020397,250.0,229.55,0.0,0.0,1028.79,1031.0,0.0,0.0,297.0124880473399,323.4725419814201,1331.1412658602605,0.0,1334.0007631313763,0.0,0.0,0.0
2020,210001239216,LUIS CARLOS AMARAL,PDT,0,1345.6457746427077,517.5560671702721,0.0,0.0,0.0,0.0,250.0,150.0,0.0,0.0,0.0,0.0,323.4725419814201,0.0,194.08352518885204,0.0,0.0,0.0
2020,210001181731,CARLA DA SILVA CASSAIS,PT,0,14494.804606187432,8154.742783351599,0.0,560.0,810.27,3607.23,1325.0,0.0,0.0,0.0,724.5784940383809,0.0,1714.4044725015262,4667.359430446551,0.0,0.0,1048.400386365141,0.0
2020,210001238693,RAFAEL ACOSTA AMARAL,PP,0,63012.45117798063,61594.34755393408,500.0,2000.0,110.0,0.0,23565.0,21429.0,0.0,0.0,2587.7803358513606,646.9450839628402,30490.521807168654,0.0,27726.772408479403,0.0,142.32791847182483,0.0
2020,210001238691,JOÃO CARLOS DA SILVA NOGUEIRA,PP,0,64.69450839628401,0.0,0.0,0.0,0.0,0.0,0.0,0.0,0.0,0.0,0.0,0.0,0.0,0.0,0.0,0.0,0.0,0.0
2020,210000936191,GABRIEL GRILLO BRUM,PSD,0,1509.9698259692689,0.0,0.0,0.0,0.0,0.0,0.0,0.0,0.0,0.0,0.0,0.0,0.0,0.0,0.0,0.0,0.0,0.0
2020,210000936184,JACQUELINE DIAS DOS SANTOS,PSD,0,16288.006989915631,4510.5011253889215,0.0,0.0,22.0,2989.0,475.0,0.0,0.0,0.0,0.0,0.0,614.5978297646981,3867.4377119298583,0.0,0.0,28.465583694364966,0.0
2020,210000936189,VICENTE CEZAR DA SILVA AMARAL,PSD,0,35377.54497142395,25204.98047119225,920.0,4350.0,41.1,0.0,13978.9,0.0,0.0,190.0,5628.422230476709,1190.3789544916258,18087.16126841629,0.0,0.0,245.83913190587924,53.17888590174546,0.0
2020,210000936177,GABRIEL GONÇALVES RIBEIRO,PSD,0,10437.811984656462,8914.256311923975,0.0,2450.0,3615.5,0.0,824.0,0.0,0.0,0.0,3170.0309114179167,0.0,1066.1654983707606,0.0,0.0,0.0,4678.059902135297,0.0
2020,210000948564,EMANOELA DUTRA DE FREITAS COSTA,PC do B,0,0.0,0.0,0.0,0.0,0.0,0.0,0.0,0.0,0.0,0.0,0.0,0.0,0.0,0.0,0.0,0.0,0.0,0.0
2020,210000948562,RAFAEL CORDEIRO PEREIRA,PC do B,0,388.1670503777041,0.0,0.0,0.0,0.0,0.0,0.0,0.0,0.0,0.0,0.0,0.0,0.0,0.0,0.0,0.0,0.0,0.0
2020,210000724754,LUCIANO LUZ FERREIRA SILVEIRA,REPUBLICANOS,0,2454.7684265886005,0.0,0.0,0.0,0.0,0.0,0.0,0.0,0.0,0.0,0.0,0.0,0.0,0.0,0.0,0.0,0.0,0.0
2020,210000680579,JANETE MARIA SILVEIRA RODRIGUES,PSB,0,720.4380455010187,0.0,0.0,0.0,0.0,0.0,0.0,0.0,0.0,0.0,0.0,0.0,0.0,0.0,0.0,0.0,0.0,0.0
2020,210000680582,LEONARDO PINTO OLIVEIRA,PSB,0,2014.328213426699,1293.8901679256803,0.0,0.0,0.0,1000.0,0.0,0.0,0.0,0.0,0.0,0.0,0.0,1293.8901679256803,0.0,0.0,0.0,0.0
2020,210001240281,SANDRO GONÇALVES PIRES,CIDADANIA,0,1632.8893919222085,1487.9736931145324,0.0,0.0,0.0,1150.0,0.0,0.0,0.0,0.0,0.0,0.0,0.0,1487.9736931145324,0.0,0.0,0.0,0.0
2020,210001242945,DIEGO RODRIGUES MONTEIRO,PODE,0,0.0,73.75173957176378,0.0,0.0,0.0,0.0,57.0,0.0,0.0,0.0,0.0,0.0,73.75173957176378,0.0,0.0,0.0,0.0,0.0
2020,210001242938,ANDRE LACERDA LAWINSCKY DE ANDRADE,PODE,0,3468.803090093635,3468.803090093635,0.0,0.0,213.7,0.0,2467.21,0.0,0.0,0.0,0.0,0.0,3192.298761207918,0.0,0.0,0.0,276.5043288857178,0.0
2020,210001240548,LUCIANO MARTINS ESTEVES,PV,0,1949.1549656682823,0.0,0.0,0.0,0.0,0.0,0.0,0.0,0.0,0.0,0.0,0.0,0.0,0.0,0.0,0.0,0.0,0.0
2020,210001239728,MARIA ANGÉLICA AMARAL SOARES,PSDB,0,30866.849762509835,29177.22328672409,11800.0,0.0,4700.0,0.0,540.0,5110.0,0.0,400.0,0.0,15267.903981523026,698.7006906798673,0.0,6611.778758100226,517.5560671702721,6081.283789250697,0.0
2020,210001239702,EDSON RAMALHO,PSDB,0,11084.550046192437,2808.8414710414627,0.0,200.0,65.85,0.0,1105.0,800.0,0.0,0.0,258.77803358513603,0.0,1429.7486355578767,0.0,1035.1121343405441,0.0,85.20266755790604,0.0
2020,210000768107,GIOVANNI FELIPE ERNST FRIZZO,PCB,0,17308.161753914956,9064.114671173123,0.0,105.39,18.2,0.0,6281.73,600.0,0.0,0.0,136.36308479768743,0.0,8127.868684563783,0.0,776.3341007554081,0.0,23.54880105624738,0.0
2020,210001239564,JORGE AUGUSTO ALMEIDA QUADROS,MDB,0,0.0,0.0,0.0,0.0,0.0,0.0,0.0,0.0,0.0,0.0,0.0,0.0,0.0,0.0,0.0,0.0,0.0,0.0
2020,210001239558,JOABE LUIS BOHNS DA SILVA,MDB,0,2412.4582180974307,1288.7146072539774,0.0,0.0,3.0,0.0,793.0,200.0,0.0,0.0,0.0,0.0,1026.0549031650644,0.0,258.77803358513603,0.0,3.8816705037770407,0.0
2020,210001239566,DANIELA COLARES CONCEIÇÃO,MDB,0,4540.907544335175,3228.255968974572,0.0,2000.0,15.0,480.0,0.0,0.0,0.0,0.0,2587.7803358513606,0.0,0.0,621.0672806043265,0.0,0.0,19.408352518885202,0.0
2020,210001239548,SEDENEI DANIEL MATTOS FONSECA,MDB,0,5789.252778349872,2384.549007175274,0.0,0.0,0.0,0.0,1566.5,0.0,0.0,276.43,0.0,0.0,2026.8789480555781,0.0,0.0,357.6700591196958,0.0,0.0
2020,210001239554,VERA BEATRIS DA SILVA SEUS,MDB,0,1299.712673681346,0.0,0.0,0.0,0.0,0.0,0.0,0.0,0.0,0.0,0.0,0.0,0.0,0.0,0.0,0.0,0.0,0.0
2020,210001239561,REJANE PERES BRANDI,MDB,0,1299.712673681346,0.0,0.0,0.0,0.0,0.0,0.0,0.0,0.0,0.0,0.0,0.0,0.0,0.0,0.0,0.0,0.0,0.0
2020,210001239460,ALICÉIA DA SILVA CECILIANO,PTB,0,19190.97897067369,16793.012322457027,0.0,0.0,28.700000000000003,4650.0,0.0,3000.0,0.0,5300.0,0.0,0.0,0.0,6016.589280854413,3881.6705037770407,6857.617890006105,37.13464781946703,0.0
2020,210001239478,LEANDRA WEBER GOULARTE,PTB,0,2393.6968106625086,1940.8352518885204,0.0,0.0,15.5,984.5,0.0,0.0,0.0,500.0,0.0,0.0,0.0,1273.834870322832,0.0,646.9450839628402,20.055297602848043,0.0
2020,210001239453,CONCEIÇÃO ADEVAZ MOHNSAM DA SILVA,PTB,0,3034.741755459608,0.0,0.0,0.0,0.0,0.0,0.0,0.0,0.0,0.0,0.0,0.0,0.0,0.0,0.0,0.0,0.0,0.0
2020,210001239466,VLADIMIR SILVA PEREIRA,PTB,0,388.1670503777041,388.1670503777041,0.0,0.0,0.0,0.0,300.0,0.0,0.0,0.0,0.0,0.0,388.1670503777041,0.0,0.0,0.0,0.0,0.0
2020,210001239465,BRUNA DE ALMEIDA JAEKEL,PTB,0,4140.4485373621765,3234.7254198142004,0.0,0.0,0.0,0.0,2500.0,0.0,0.0,0.0,0.0,0.0,3234.7254198142004,0.0,0.0,0.0,0.0,0.0
2020,210001239685,CATIA DIONEIA DE SOUZA VIEIRA,DEM,0,711.6395923591241,0.0,0.0,0.0,0.0,0.0,0.0,0.0,0.0,0.0,0.0,0.0,0.0,0.0,0.0,0.0,0.0,0.0
2020,210001239673,EVERSON CLAITON PACHECO COSTA,DEM,0,711.6395923591241,0.0,0.0,0.0,0.0,0.0,0.0,0.0,0.0,0.0,0.0,0.0,0.0,0.0,0.0,0.0,0.0,0.0
2020,210001239692,FABIANA CORREA DIAS,DEM,0,1035.112134340544,0.0,0.0,0.0,0.0,0.0,0.0,0.0,0.0,0.0,0.0,0.0,0.0,0.0,0.0,0.0,0.0,0.0
2020,210001239667,ALEXANDRE SOARES DA SILVA,DEM,0,711.6395923591241,0.0,0.0,0.0,0.0,0.0,0.0,0.0,0.0,0.0,0.0,0.0,0.0,0.0,0.0,0.0,0.0,0.0
2020,210001239687,CAUE FUHRO SOUTO MARTINS,DEM,0,3942.483341669548,7368.704506336749,0.0,0.0,98.5,0.0,4395.0,1191.5,0.0,10.0,0.0,0.0,5686.647288033365,0.0,1541.670135083448,12.938901679256801,127.4481815406795,0.0
2020,210001238668,MARIA REJANE MEDEIROS TERRES,PP,0,14967.721462564268,14232.791847182483,0.0,0.0,29.33,9395.67,975.0,600.0,0.0,0.0,0.0,0.0,1261.5429137275382,12156.965034074276,776.3341007554081,0.0,37.9497986252602,0.0
2020,210001258298,CARLOS ALBERTO DUARTE MATIAS,PL,0,1670.4122067920532,1106.6642606268342,0.0,290.0,3.3,0.0,562.0,0.0,0.0,0.0,375.2281486984473,0.0,727.1662743742323,0.0,0.0,0.0,4.269837554154744,0.0
2020,210001239475,DIRCE IRIA MEYER MULLER,PTB,0,0.0,0.0,0.0,0.0,0.0,0.0,0.0,0.0,0.0,0.0,0.0,0.0,0.0,0.0,0.0,0.0,0.0,0.0
2020,210000863517,ALICE SILVEIRA DA SILVEIRA,PSOL,0,7466.496725228571,7099.937640655227,100.0,0.0,287.28000000000003,0.0,1890.0,3210.0,0.0,0.0,0.0,129.38901679256801,2445.4524173795357,0.0,4153.387439041434,0.0,371.7087674416895,0.0
2020,210001240306,FERNANDA MADEIRA DE BITENCOURT,AVANTE,0,0.0,0.0,0.0,0.0,0.0,0.0,0.0,0.0,0.0,0.0,0.0,0.0,0.0,0.0,0.0,0.0,0.0,0.0
2020,210000838217,CARLA ELIARA RODRIGUES MESKO,PATRIOTA,0,3706.995331107074,3383.5227891256536,800.0,50.0,76.83,0.0,1038.0,650.0,0.17,0.0,64.69450839628401,1035.1121343405441,1343.057994306856,0.0,841.0286091516922,0.0,99.40958160173001,0.21996132854736566
2020,210000838234,LISIANE D  OLIVEIRA DE SOUZA,PATRIOTA,0,323.4725419814201,0.0,0.0,0.0,0.0,0.0,0.0,0.0,0.0,0.0,0.0,0.0,0.0,0.0,0.0,0.0,0.0,0.0
2020,210001239211,CARLOS ALBERTO SANTOS MACHADO,PDT,0,1035.112134340544,1035.112134340544,0.0,0.0,0.0,200.0,0.0,600.0,0.0,0.0,0.0,0.0,0.0,258.77803358513603,776.3341007554081,0.0,0.0,0.0
2020,210001239202,ANA EMILIA DANEMBERG PERCEU,PDT,0,3597.014666833391,2587.7803358513606,0.0,0.0,0.0,1400.0,0.0,600.0,0.0,0.0,0.0,0.0,0.0,1811.4462350959523,776.3341007554081,0.0,0.0,0.0
2020,210001239219,ARILSON DE JESUS DA ROSA,PDT,0,4217.4350023537545,3906.901362051592,0.0,0.0,19.5,0.0,2500.0,500.0,0.0,0.0,0.0,0.0,3234.7254198142004,0.0,646.9450839628402,0.0,25.230858274550766,0.0
2020,210001239199,JOSÉ EMIR RODRIGUES GONÇALVES,PDT,0,5387.758659242532,3817.62294046472,0.0,0.0,7.5,0.0,2593.0,350.0,0.0,0.0,0.0,0.0,3355.057205431289,0.0,452.86155877398807,0.0,9.704176259442601,0.0
2020,210001239224,JOSÉ ANSELMO RODRIGUES,PDT,1,33434.12193919958,28465.583694364967,1911.0,11000.0,1614.0,1000.0,5375.0,600.0,0.0,500.0,14232.791847182483,2472.6241109059747,6954.659652600531,1293.8901679256803,776.3341007554081,646.9450839628402,2088.3387310320477,0.0
2020,210001239225,CRISTINA FERNANDES OLIVEIRA,PDT,1,7844.273837557833,7456.106787180129,350.0,0.0,167.55,500.0,4145.0,600.0,0.0,0.0,0.0,452.86155877398807,5363.174746051945,646.9450839628402,776.3341007554081,0.0,216.79129763594773,0.0
2020,210001239209,LUIZ EDUARDO BROD NOGUEIRA,PDT,0,8345.591583120637,6845.00246086883,0.0,0.0,44.25,0.0,5246.0,0.0,0.0,0.0,0.0,0.0,6787.747820938119,0.0,0.0,0.0,57.25463993071135,0.0
2020,210001181717,GILCA GUTIERRES GONÇALVES,PT,0,4023.9984222488656,1830.8545876148376,0.0,0.0,0.0,1415.0,0.0,0.0,0.0,0.0,0.0,0.0,0.0,1830.8545876148376,0.0,0.0,0.0,0.0
2020,210001181718,GUENTHER MOZART RIECHEL,PT,0,776.3341007554081,0.0,0.0,0.0,0.0,0.0,0.0,0.0,0.0,0.0,0.0,0.0,0.0,0.0,0.0,0.0,0.0,0.0
2020,210001181736,PABLO SILVEIRA MENDES BORBA,PT,0,10626.719949173612,8103.491793800063,0.0,0.0,599.49,0.0,4415.4,690.0,0.0,558.0,0.0,0.0,5713.042647459048,0.0,892.7842158687193,721.9907137025295,775.6742167697661,0.0
2020,210001181714,VERNO RODRIGUES MARTINS,PT,0,3364.114436606769,2147.8576787566294,0.0,0.0,0.0,0.0,1660.0,0.0,0.0,0.0,0.0,0.0,2147.8576787566294,0.0,0.0,0.0,0.0,0.0
2020,210001181732,HENRIQUE MASCARENHAS DE SOUZA,PT,0,18114.46235095952,14742.5845733452,6900.0,2000.0,31.0,0.0,2463.0,0.0,0.0,0.0,2587.7803358513606,8927.842158687194,3186.8514836009504,0.0,0.0,0.0,40.110595205696086,0.0
2020,210001181716,LORENA DE VARGAS NUNES COLL,PT,0,16050.707533118064,8743.85097680816,952.0,0.0,41.8,1060.0,4404.0,0.0,300.0,0.0,0.0,1231.7834398652476,5698.292299544696,1371.523578001221,0.0,0.0,54.08460901929343,388.1670503777041
2020,210001238671,ADALIM LUIZ GARCIA MEDEIROS,PP,0,37781.59290342986,22578.38343030312,0.0,2986.9,6.0,1600.0,8402.0,3000.0,1255.1,200.0,3864.7205425772145,0.0,10871.265190911565,2070.2242686810882,3881.6705037770407,258.77803358513603,7.763341007554081,1623.9615497635211
2020,210001238680,FRANCISCO DE PAULA DA SILVA AMARAL,PP,0,2979.5702786992565,2948.9050817194184,0.0,200.0,42.849999999999994,0.0,425.0,1100.0,0.0,511.25,258.77803358513603,0.0,549.9033213684141,0.0,1423.2791847182482,661.501348352004,55.44319369561539,0.0
2020,210000936183,CARLOS RENATO BENTO OLIVEIRA JÚNIOR,PSD,1,18084.18532103006,6696.011008032188,0.0,0.0,317.7,2100.0,2757.4,0.0,0.0,0.0,0.0,0.0,3567.772749038271,2717.1693526439285,0.0,0.0,411.0689063499886,0.0
2020,210000936195,CLÁUDIO PRIETSCH,PSD,0,1710.5228019977492,196.02436044074057,0.0,0.0,1.5,0.0,150.0,0.0,0.0,0.0,0.0,0.0,194.08352518885204,0.0,0.0,0.0,1.9408352518885204,0.0
2020,210000936193,RAFAEL MANSUR DUARTE,PSD,0,10051.391686005458,8541.42186003619,0.0,3400.0,45.35,1468.0,1538.0,0.0,0.0,150.0,4399.226570947313,0.0,1990.0030782696963,1899.4307665148986,0.0,194.08352518885204,58.6779191154296,0.0
2020,210001242916,JOCIANE DA SILVA DOS SANTOS,PC do B,0,388.1670503777041,0.0,0.0,0.0,0.0,0.0,0.0,0.0,0.0,0.0,0.0,0.0,0.0,0.0,0.0,0.0,0.0,0.0
2020,210000948561,CLARICE DE MATTOS FERREIRA,PC do B,0,388.1670503777041,0.0,0.0,0.0,0.0,0.0,0.0,0.0,0.0,0.0,0.0,0.0,0.0,0.0,0.0,0.0,0.0,0.0
2020,210000948566,FRANCISCO DE PAULA BERMUDEZ GUEDES,PC do B,0,0.0,0.0,0.0,0.0,0.0,0.0,0.0,0.0,0.0,0.0,0.0,0.0,0.0,0.0,0.0,0.0,0.0,0.0
2020,210000680592,SOLANGE CARVALHO MENDES DA SILVA,PSB,0,3135.742821967886,0.0,0.0,0.0,0.0,0.0,0.0,0.0,0.0,0.0,0.0,0.0,0.0,0.0,0.0,0.0,0.0,0.0
2020,210000680575,JEDERSON LUIS FERREIRA BORGES,PSB,0,2014.328213426699,1293.8901679256803,0.0,0.0,0.0,1000.0,0.0,0.0,0.0,0.0,0.0,0.0,0.0,1293.8901679256803,0.0,0.0,0.0,0.0
2020,210001240290,JOÃO PAULO SOUZA DE PINHO,CIDADANIA,0,1487.9736931145324,0.0,0.0,0.0,0.0,0.0,0.0,0.0,0.0,0.0,0.0,0.0,0.0,0.0,0.0,0.0,0.0,0.0
2020,210001240282,ERICA COITINHO XAVIER,CIDADANIA,0,1632.8893919222085,1632.8376363154914,0.0,0.0,0.0,1149.96,112.0,0.0,0.0,0.0,0.0,0.0,144.9156988076762,1487.9219375078153,0.0,0.0,0.0,0.0
2020,210001240278,MARIA ANGELITA BOEIRA MARTIN,CIDADANIA,0,2150.4454590924806,1729.9311545166345,0.0,0.0,0.0,1150.0,187.0,0.0,0.0,0.0,0.0,0.0,241.9574614021022,1487.9736931145324,0.0,0.0,0.0,0.0
2020,210001242952,ROSELAINE DOS SANTOS,PODE,0,0.0,0.0,0.0,0.0,0.0,0.0,0.0,0.0,0.0,0.0,0.0,0.0,0.0,0.0,0.0,0.0,0.0,0.0
2020,210001242941,MARTA LIZIA FARIAS CARDOSO,PODE,0,0.0,0.0,0.0,0.0,0.0,0.0,0.0,0.0,0.0,0.0,0.0,0.0,0.0,0.0,0.0,0.0,0.0,0.0
2020,210001242948,ELISÂNGELA MORAES RODRIGUES,PODE,0,0.0,0.0,0.0,0.0,0.0,0.0,0.0,0.0,0.0,0.0,0.0,0.0,0.0,0.0,0.0,0.0,0.0,0.0
2020,210001240549,VANUSA DE MEDEIROS VIDART,PV,0,1949.1549656682823,0.0,0.0,0.0,0.0,0.0,0.0,0.0,0.0,0.0,0.0,0.0,0.0,0.0,0.0,0.0,0.0,0.0
2020,210001240552,RAQUEL DUTRA,PV,0,1949.1549656682823,0.0,0.0,0.0,0.0,0.0,0.0,0.0,0.0,0.0,0.0,0.0,0.0,0.0,0.0,0.0,0.0,0.0
2020,210001239703,GELCI MARIA DA CRUZ ROLIM,PSDB,0,12991.951176141754,4269.837554154745,0.0,0.0,0.0,0.0,0.0,3300.0,0.0,0.0,0.0,0.0,0.0,0.0,4269.837554154745,0.0,0.0,0.0
2020,210001239717,FRANCISCO CARLOS RAMALHO OLIVEIRA,PSDB,0,21700.983568531035,9790.866900693622,600.0,1078.8,58.2,0.0,5030.0,800.0,0.0,0.0,1395.8487131582237,776.3341007554081,6508.2675446661715,0.0,1035.1121343405441,0.0,75.30440777327459,0.0
2020,210001239713,JOSÉ PAULO BENEMANN,PSDB,0,16259.34732269608,7537.233700709069,0.0,0.0,197.25,0.0,4828.0,800.0,0.0,0.0,0.0,0.0,6246.901730745184,0.0,1035.1121343405441,0.0,255.21983562334043,0.0
2020,210001239727,ZILDA MARIA TREIBER BÜRKLE,PSDB,0,33435.41582936751,24553.71379406854,0.0,2500.0,50.86,0.0,14025.8,2400.0,0.0,0.0,3234.7254198142004,0.0,18147.844717292006,0.0,3105.3364030216326,0.0,65.8072539407001,0.0
2020,210001239723,AÍSHA DE MORAES SCHAUN,PSDB,0,16200.798792597445,6857.617890006105,1100.0,853.2,41.8,0.0,655.0,2650.0,0.0,0.0,1103.9470912741904,1423.2791847182482,847.4980599913206,0.0,3428.8089450030525,0.0,54.08460901929343,0.0
2020,210001240918,CINTIA DA SILVA TEIXEIRA,SOLIDARIEDADE,0,3262.1688302759044,0.0,0.0,0.0,0.0,0.0,0.0,0.0,0.0,0.0,0.0,0.0,0.0,0.0,0.0,0.0,0.0,0.0
2020,210001239559,IRAI CASTRO DA ROSA,MDB,0,1299.712673681346,0.0,0.0,0.0,0.0,0.0,0.0,0.0,0.0,0.0,0.0,0.0,0.0,0.0,0.0,0.0,0.0,0.0
2020,210001239552,MARCIONIL COELHO,MDB,0,1299.712673681346,0.0,0.0,0.0,0.0,0.0,0.0,0.0,0.0,0.0,0.0,0.0,0.0,0.0,0.0,0.0,0.0,0.0
2020,210001239562,LUIZ ROGERIO LOY,MDB,0,3369.9369423624344,1945.3638674762603,0.0,0.0,15.5,0.0,1238.0,0.0,0.0,250.0,0.0,0.0,1601.8360278919922,0.0,0.0,323.4725419814201,20.055297602848043,0.0
2020,210001239454,ANDRE NOVACK MULLER,PTB,0,6922.31239840239,4399.226570947313,0.0,0.0,0.0,0.0,3400.0,0.0,0.0,0.0,0.0,0.0,4399.226570947313,0.0,0.0,0.0,0.0,0.0
2020,210001239693,MATHEUS SILVA DA SILVA,DEM,0,7957.424532742933,7957.424532742933,0.0,0.0,0.0,2000.0,3000.0,1150.0,0.0,0.0,0.0,0.0,3881.6705037770407,2587.7803358513606,1487.9736931145324,0.0,0.0,0.0
2020,210001239689,FABIO GRIMMLER FERREIRA,DEM,0,711.6395923591241,0.0,0.0,0.0,0.0,0.0,0.0,0.0,0.0,0.0,0.0,0.0,0.0,0.0,0.0,0.0,0.0,0.0
2020,210001240887,PAULO RENATO BARBOSA,PATRIOTA,0,517.5560671702721,0.0,0.0,0.0,0.0,0.0,0.0,0.0,0.0,0.0,0.0,0.0,0.0,0.0,0.0,0.0,0.0,0.0
2020,210001181739,RAFAEL REINA ABIB,PT,0,776.3341007554081,0.0,0.0,0.0,0.0,0.0,0.0,0.0,0.0,0.0,0.0,0.0,0.0,0.0,0.0,0.0,0.0,0.0
2020,210000680590,RUDINEI BARBOSA SERPA,PSB,0,332.2709951233147,0.0,0.0,0.0,0.0,0.0,0.0,0.0,0.0,0.0,0.0,0.0,0.0,0.0,0.0,0.0,0.0,0.0
2020,210001258342,MARCOS RAFAEL BERGMANN DA COSTA,PL,0,2656.3565147514214,1581.1337852051813,0.0,100.0,30.0,0.0,400.0,0.0,0.0,692.0,129.38901679256801,0.0,517.5560671702721,0.0,0.0,895.3719962045707,38.816705037770404,0.0
2020,210001258341,JOÃO CARLOS ROSENTHAL PEREIRA,PL,0,1165.7950413010378,659.883985642097,0.0,0.0,9.0,501.0,0.0,0.0,0.0,0.0,0.0,0.0,0.0,648.2389741307658,0.0,0.0,11.645011511331122,0.0
2020,210000863530,JORGE FRANCISCO MORAES LEITE,PSOL,0,4841.115941097291,4822.470983777483,200.0,1333.88,512.23,420.0,1111.0,150.0,0.0,0.0,1725.8942171927065,258.77803358513603,1437.5119765654308,543.4338705287857,194.08352518885204,0.0,662.7693607165712,0.0
2020,210000863531,CLAUDIO ROGÉRIO LOPES,PSOL,0,4720.590071955014,1487.3138091288902,100.0,50.14,31.35,0.0,668.0,300.0,0.0,0.0,64.8756530197936,129.38901679256801,864.3186321743544,0.0,388.1670503777041,0.0,40.563456764470075,0.0
2020,210000863523,FABRICIO SANCHES MEDEIROS,PSOL,0,9218.29462358315,8860.533992151699,320.0,285.0,279.75,1888.0,3029.25,150.0,0.0,895.98,368.7586978588189,414.04485373621765,3919.516791188867,2442.864637043684,194.08352518885204,1159.299712658051,361.96577447720904,0.0
2020,210001240299,JORGE VINICIUS DE PAULA BARBOZA,AVANTE,0,0.0,0.0,0.0,0.0,0.0,0.0,0.0,0.0,0.0,0.0,0.0,0.0,0.0,0.0,0.0,0.0,0.0,0.0
2020,210001240296,AIRTON DUARTE LEAL,AVANTE,0,0.0,0.0,0.0,0.0,0.0,0.0,0.0,0.0,0.0,0.0,0.0,0.0,0.0,0.0,0.0,0.0,0.0,0.0
2020,210000838231,PAULO ROGÉRIO MELLO NOGUEIRA,PATRIOTA,0,362.2892470191904,38.8167050377704,0.0,0.0,0.0,0.0,30.0,0.0,0.0,0.0,0.0,0.0,38.816705037770404,0.0,0.0,0.0,0.0,0.0
2020,210000838236,HERBERT SELL ZEHETMEIYER,PATRIOTA,0,841.0286091516922,317.0030911417917,0.0,0.0,0.0,0.0,175.0,0.0,0.0,70.0,0.0,0.0,226.43077938699403,0.0,0.0,90.57231175479761,0.0,0.0
2020,210001239213,ORAIDA COLVARA DE OLIVEIRA,PDT,0,6133.039395967724,5253.1940817782615,0.0,0.0,1.0,1400.0,1959.0,600.0,0.0,100.0,0.0,0.0,2534.7308389664076,1811.4462350959523,776.3341007554081,129.38901679256801,1.2938901679256802,0.0
2020,210001239204,ICARO SOARES SCHULTZE,PDT,0,5414.930352768972,5104.396712466809,0.0,0.0,0.0,0.0,3595.0,350.0,0.0,0.0,0.0,0.0,4651.53515369282,0.0,452.86155877398807,0.0,0.0,0.0
2020,210001239215,LAIRA DOS SANTOS CORRÊA,PDT,0,3415.870043323796,2605.5713256603385,0.0,0.0,82.25,1300.0,31.5,600.0,0.0,0.0,0.0,0.0,40.75754028965893,1682.0572183033844,776.3341007554081,0.0,106.4224663118872,0.0
2020,210001238694,PAULO RICARDO GERALDO NOGUEIRA,PP,0,4875.378152743963,3048.2111521077136,0.0,0.0,65.85,0.0,2290.0,0.0,0.0,0.0,0.0,0.0,2963.0084845498077,0.0,0.0,0.0,85.20266755790604,0.0
2020,210001238686,MICHEL FERREIRA ESCALANTE,PP,1,29213.452211426007,27055.243411325973,0.0,14740.99,134.01,0.0,5320.0,400.0,0.0,315.0,19073.222026490774,0.0,6883.495693364619,0.0,517.5560671702721,407.57540289658925,173.3942214037204,0.0
2020,210001238682,BRUNO DOS SANTOS SCHWANTZ,PP,0,15526.682015108165,15526.682015108165,0.0,36.9,123.2,0.0,5658.8,6181.1,0.0,0.0,47.744547196457596,0.0,7321.86568225784,0.0,7997.664516965423,0.0,159.40726868844382,0.0
2020,210001238696,FABRICIO CKLESS TAVARES DA SILVA,PP,0,55788.14481438438,47248.469706074895,7450.0,9200.0,107.6,4995.0,10671.9,2930.0,0.0,1162.1000000000001,11903.789544916259,9639.481751046318,13808.266483086067,6462.981388788773,3791.098192022243,1503.6297641464332,139.22258206880318,0.0
2020,210000936181,SAMIRA MARQUES DA SILVEIRA,PSD,0,2957.832923878105,389.2021625120445,0.0,0.0,55.8,45.0,0.0,200.0,0.0,0.0,0.0,0.0,0.0,58.225057556655614,258.77803358513603,0.0,72.19907137025295,0.0
2020,210000936171,ELTON LUIS MIRITZ HAMMES,PSD,0,4330.650392047251,1201.6357989525793,0.0,359.7,14.0,0.0,555.0,0.0,0.0,0.0,465.4122934028672,0.0,718.1090431987525,0.0,0.0,0.0,18.114462350959524,0.0
2020,210000948558,HULLIFAS LOPES NOGUEIRA,PC do B,0,1164.5011511331122,775.2342941126713,0.0,558.0,41.15,0.0,0.0,0.0,0.0,0.0,721.9907137025295,0.0,0.0,0.0,0.0,0.0,53.24358041014174,0.0
2020,210000948559,SIMONE MORALES GOULART,PC do B,0,1720.8739233411548,941.9520422498952,0.0,0.0,0.0,0.0,728.0,0.0,0.0,0.0,0.0,0.0,941.9520422498952,0.0,0.0,0.0,0.0,0.0
2020,210000948563,EDGAR FERNANDO LIMA DE QUADROS,PC do B,0,388.1670503777041,0.0,0.0,0.0,0.0,0.0,0.0,0.0,0.0,0.0,0.0,0.0,0.0,0.0,0.0,0.0,0.0,0.0
2020,210000724749,CARLOS ALBERTO MARINI,REPUBLICANOS,0,1139.658459908939,0.0,0.0,0.0,0.0,0.0,0.0,0.0,0.0,0.0,0.0,0.0,0.0,0.0,0.0,0.0,0.0,0.0
2020,210000724743,RUBENS GILBERTO MARTINS SANTOS,REPUBLICANOS,0,2902.971980758056,0.0,0.0,0.0,0.0,0.0,0.0,0.0,0.0,0.0,0.0,0.0,0.0,0.0,0.0,0.0,0.0,0.0
2020,210000680573,DONARIO SOUZA DA COSTA,PSB,0,28053.867842931013,22707.77244709569,0.0,1550.0,9.3,3530.0,12460.7,0.0,0.0,0.0,2005.5297602848043,0.0,16122.777215471524,4567.432292777651,0.0,0.0,12.033178561708826,0.0
2020,210000680578,LEONARDO COSTA DE ALVES,PSB,0,2014.328213426699,1293.8901679256803,600.0,0.0,30.0,370.0,0.0,0.0,0.0,0.0,0.0,776.3341007554081,0.0,478.7393621325017,0.0,0.0,38.816705037770404,0.0
2020,210001240287,SERGIO RENATO HAAG DA SILVA TAVARES,CIDADANIA,0,1487.9736931145324,0.0,0.0,0.0,0.0,0.0,0.0,0.0,0.0,0.0,0.0,0.0,0.0,0.0,0.0,0.0,0.0,0.0
2020,210001240292,HELOISA HELENA OLIVEIRA CITRINI,CIDADANIA,0,1876.1407434922364,1487.9736931145324,200.0,0.0,21.0,824.0,105.0,0.0,0.0,0.0,0.0,258.77803358513603,135.85846763219644,1066.1654983707606,0.0,0.0,27.171693526439284,0.0
2020,210001240285,ROGERIO VIEIRA ALVES,CIDADANIA,0,1876.1407434922364,0.0,0.0,0.0,0.0,0.0,0.0,0.0,0.0,0.0,0.0,0.0,0.0,0.0,0.0,0.0,0.0,0.0
2020,210001242940,ELTON DOS REIS DE ALMEIDA,PODE,0,0.0,0.0,0.0,0.0,0.0,0.0,0.0,0.0,0.0,0.0,0.0,0.0,0.0,0.0,0.0,0.0,0.0,0.0
2020,210001242954,CRISTIANO PINTO OLIVEIRA DA ROSA,PODE,0,802.2119041139217,802.2119041139217,0.0,480.0,0.0,0.0,140.0,0.0,0.0,0.0,621.0672806043265,0.0,181.14462350959522,0.0,0.0,0.0,0.0,0.0
2020,210001242944,CARLOS TARCISIO ILHA GONÇALVES,PODE,0,0.0,0.0,0.0,0.0,0.0,0.0,0.0,0.0,0.0,0.0,0.0,0.0,0.0,0.0,0.0,0.0,0.0,0.0
2020,210001239710,MAICON MADEIRA DA SILVA,PSDB,0,14020.399776117483,4308.654259192515,0.0,0.0,4.4,0.0,1030.0,2295.6,0.0,0.0,0.0,0.0,1332.7068729634507,0.0,2970.2542694901913,0.0,5.693116738872994,0.0
2020,210001239726,DALVA ROMILDA TOMASCHEWSKI GOMEZ,PSDB,0,14395.822008341118,5673.708386354108,800.0,0.0,0.0,0.0,285.0,3300.0,0.0,0.0,0.0,1035.1121343405441,368.7586978588189,0.0,4269.837554154745,0.0,0.0,0.0
2020,210001239716,MARCO AURÉLIO DA SILVA MORAES,PSDB,0,24136.22719248564,12940.88133121373,0.0,364.19,74.34,0.0,8763.0,800.0,0.0,0.0,471.22186025685346,0.0,11338.359541532736,0.0,1035.1121343405441,0.0,96.18779508359508,0.0
2020,210001258336,FIDENCIO SOLANO AMARAL DA SILVA,PL,0,6201.861413999692,5640.118997594757,0.0,500.0,26.6,1092.19,2740.25,0.0,0.0,0.0,646.9450839628402,0.0,3545.5825326583454,1413.1739025067488,0.0,0.0,34.4174784668231,0.0
2020,210001239560,PAULO RICARDO MORAES CASTRO,MDB,0,0.0,0.0,0.0,0.0,0.0,0.0,0.0,0.0,0.0,0.0,0.0,0.0,0.0,0.0,0.0,0.0,0.0,0.0
2020,210001239556,YURI CARVALHO SOARES,MDB,0,1396.754436275772,0.0,0.0,0.0,0.0,0.0,0.0,0.0,0.0,0.0,0.0,0.0,0.0,0.0,0.0,0.0,0.0,0.0
2020,210001239565,GABRIEL IBA AFFONSO BANDEIRA,MDB,0,1299.712673681346,194.08352518885204,0.0,0.0,0.0,0.0,0.0,150.0,0.0,0.0,0.0,0.0,0.0,0.0,194.08352518885204,0.0,0.0,0.0
2020,210001239550,EDEGAR IRAZOQUI IRALA,MDB,0,1299.712673681346,0.0,0.0,0.0,0.0,0.0,0.0,0.0,0.0,0.0,0.0,0.0,0.0,0.0,0.0,0.0,0.0,0.0
2020,210001239563,MARCO ANTONIO DOS SANTOS MONCKS,MDB,0,2349.704544953035,1532.2247368575906,0.0,0.0,12.2,0.0,147.0,75.0,0.0,950.0,0.0,0.0,190.201854685075,0.0,97.04176259442602,1229.1956595293962,15.785460048693299,0.0
2020,210001239567,FLAVIO LUIZ SILVA DE SOUZA,MDB,0,4146.271043117842,3234.7254198142004,0.0,0.0,58.0,1852.0,590.0,0.0,0.0,0.0,0.0,0.0,763.3951990761514,2396.28459099836,0.0,0.0,75.04562973968946,0.0
2020,210001239477,SIRLEY TEREZINHA LAGES,PTB,0,0.0,0.0,0.0,0.0,0.0,0.0,0.0,0.0,0.0,0.0,0.0,0.0,0.0,0.0,0.0,0.0,0.0,0.0
2020,210001239459,GERSON ISAQUE DA LUZ,PTB,0,11421.815457363942,9377.986548108538,1900.0,0.0,47.9,4000.0,775.0,350.0,75.0,100.0,0.0,2458.3913190587923,1002.7648801424021,5175.560671702721,452.86155877398807,129.38901679256801,61.97733904364008,97.04176259442602
2020,210001239688,DIEGO FERREIRA VELLOZO,DEM,0,5628.422230476709,3669.472516237229,0.0,0.0,12.0,0.0,1644.0,900.0,0.0,280.0,0.0,0.0,2127.1554360698183,0.0,1164.5011511331122,362.28924701919044,15.526682015108163,0.0
2020,210001239670,CARLOS EDUARDO RODRIGUES DOS SANTOS,DEM,0,1669.1183166241276,763.3951990761514,0.0,0.0,0.0,0.0,590.0,0.0,0.0,0.0,0.0,0.0,763.3951990761514,0.0,0.0,0.0,0.0,0.0
2020,210001239683,IARA TERESINHA OLIVEIRA CANTO,DEM,0,711.6395923591241,0.0,0.0,0.0,0.0,0.0,0.0,0.0,0.0,0.0,0.0,0.0,0.0,0.0,0.0,0.0,0.0,0.0
2020,210001239672,CLAUDIA BEAUVALET RODRIGUES,DEM,0,711.6395923591241,0.0,0.0,0.0,0.0,0.0,0.0,0.0,0.0,0.0,0.0,0.0,0.0,0.0,0.0,0.0,0.0,0.0
2020,210001239695,MARCOS ROGÉRIO NOGUEIRA DA SILVA,DEM,0,905.723117547976,0.0,0.0,0.0,0.0,0.0,0.0,0.0,0.0,0.0,0.0,0.0,0.0,0.0,0.0,0.0,0.0,0.0
2020,210001239674,CRISTIANO FAGUNDES DUARTE,DEM,0,3170.0309114179167,0.0,0.0,0.0,0.0,0.0,0.0,0.0,0.0,0.0,0.0,0.0,0.0,0.0,0.0,0.0,0.0,0.0
2020,210001239691,BEN HUR ALVES FLORES,DEM,0,1779.0989808978104,1067.4593885386862,0.0,0.0,11.0,0.0,775.0,39.0,0.0,0.0,0.0,0.0,1002.7648801424021,0.0,50.46171654910153,0.0,14.232791847182483,0.0
2020,210000863526,FLAUBIANA LOURDES ROCHA DA SILVA,PSOL,0,6460.704142093224,1172.1351031238737,0.0,0.0,20.9,0.0,735.0,150.0,0.0,0.0,0.0,0.0,951.009273425375,0.0,194.08352518885204,0.0,27.042304509646716,0.0
2020,210001240298,ANTONIO MOACIR PACHECO DE ÁVILA,AVANTE,0,0.0,0.0,0.0,0.0,0.0,0.0,0.0,0.0,0.0,0.0,0.0,0.0,0.0,0.0,0.0,0.0,0.0,0.0
2020,210001240293,ANGELA MARINA FERREIRA,AVANTE,0,0.0,0.0,0.0,0.0,0.0,0.0,0.0,0.0,0.0,0.0,0.0,0.0,0.0,0.0,0.0,0.0,0.0,0.0
2020,210001238669,CLAUDIO ROBERTO DOS SANTOS INSAURRIAGA,PP,0,1770.0417497223305,0.0,0.0,0.0,0.0,0.0,0.0,0.0,0.0,0.0,0.0,0.0,0.0,0.0,0.0,0.0,0.0,0.0
2020,210001240283,REINALDO LUIZ REICHOW,CIDADANIA,0,533.0827491853803,144.9156988076762,0.0,0.0,0.0,0.0,112.0,0.0,0.0,0.0,0.0,0.0,144.9156988076762,0.0,0.0,0.0,0.0,0.0
2020,210001240551,DOUGLAS PERAÇA DOS SANTOS,PV,0,1949.1549656682823,0.0,0.0,0.0,0.0,0.0,0.0,0.0,0.0,0.0,0.0,0.0,0.0,0.0,0.0,0.0,0.0,0.0
2020,210000863529,RONALDO VIEIRA LEITE,PSOL,0,7926.992235993321,7598.628789177142,300.0,0.0,662.7,1550.0,3210.0,150.0,0.0,0.0,0.0,388.1670503777041,4153.387439041434,2005.5297602848043,194.08352518885204,0.0,857.4610142843484,0.0
2020,210000863534,WILSON CESAR SANTOS DA SILVA,PSOL,0,2552.7288512022537,0.0,0.0,0.0,0.0,0.0,0.0,0.0,0.0,0.0,0.0,0.0,0.0,0.0,0.0,0.0,0.0,0.0
2020,210001240302,JACKSON INTIOSP BARBOSA,AVANTE,0,0.0,0.0,0.0,0.0,0.0,0.0,0.0,0.0,0.0,0.0,0.0,0.0,0.0,0.0,0.0,0.0,0.0,0.0
2020,210000838218,TASSIA BRAGA COSTA,PATRIOTA,0,750.4562973968946,426.9837554154745,0.0,120.0,0.0,0.0,210.0,0.0,0.0,0.0,155.26682015108162,0.0,271.7169352643929,0.0,0.0,0.0,0.0,0.0
2020,210001240886,ELOISA ELENA CARDOSO SILVEIRA,PATRIOTA,0,323.4725419814201,0.0,0.0,0.0,0.0,0.0,0.0,0.0,0.0,0.0,0.0,0.0,0.0,0.0,0.0,0.0,0.0,0.0
2020,210000838227,CRISTIANE GALEÃO LOPES,PATRIOTA,0,323.4725419814201,0.0,0.0,0.0,0.0,0.0,0.0,0.0,0.0,0.0,0.0,0.0,0.0,0.0,0.0,0.0,0.0,0.0
2020,210000838214,FRANCISCO ALVES CABRAL,PATRIOTA,0,841.0286091516922,511.08661633064366,0.0,40.0,0.0,0.0,355.0,0.0,0.0,0.0,51.755606717027206,0.0,459.33100961361646,0.0,0.0,0.0,0.0,0.0
2020,210001239217,JAIR DE SOUSA RODRIGUES,PDT,0,2134.9187770773724,2134.9187770773724,0.0,650.0,0.0,800.0,200.0,0.0,0.0,0.0,841.0286091516922,0.0,258.77803358513603,1035.1121343405441,0.0,0.0,0.0,0.0
2020,210001239227,ANDRÉ WINTER NOBLE,PDT,0,582.2505755665561,582.2505755665561,0.0,0.0,0.0,0.0,0.0,450.0,0.0,0.0,0.0,0.0,0.0,0.0,582.2505755665561,0.0,0.0,0.0
2020,210001239210,RENATO CHOULLET DA SILVA,PDT,0,3519.38125675785,1533.906794075894,0.0,0.0,15.5,0.0,820.0,350.0,0.0,0.0,0.0,0.0,1060.9899376990577,0.0,452.86155877398807,0.0,20.055297602848043,0.0
2020,210001239222,GIOVANE DE MOURA RODRIGUES,PDT,0,4580.371194456908,2985.328089946526,300.0,0.0,52.25,0.0,1318.0,550.0,87.0,0.0,0.0,388.1670503777041,1705.3472413260465,0.0,711.6395923591241,0.0,67.60576127411679,112.56844460953418
2020,210001181723,SIDNEI MATIAS FAGUNDES,PT,1,33990.49471140762,31644.943553893623,0.0,0.0,592.9,4480.0,12841.85,3000.0,272.0,3270.46,0.0,0.0,16615.943452976397,5796.627952307047,3881.6705037770407,4231.61603859422,767.1474805631358,351.93812567578505
2020,210001181726,LUCIANE BARCELLOS DE ALMEIDA,PT,0,12182.48054818577,9420.141489779557,1050.0,296.15,125.10000000000001,1431.65,1867.5,2090.0,280.0,140.08,383.1855732311902,1358.5846763219643,2416.339888601208,1852.3978589108003,2704.2304509646715,181.2481347230293,161.8656600075026,362.28924701919044
2020,210001238683,JANINE INEZ BENITES TOMBERG,PP,0,1770.0417497223305,0.0,0.0,0.0,0.0,0.0,0.0,0.0,0.0,0.0,0.0,0.0,0.0,0.0,0.0,0.0,0.0,0.0
2020,210001238679,JULIANO PRESTES DA SILVA,PP,0,19366.94803351158,18114.46235095952,400.0,0.0,120.0,5000.0,629.0,4859.0,392.0,2600.0,0.0,517.5560671702721,813.8569156252529,6469.450839628401,6287.01232595088,3364.114436606769,155.26682015108162,507.20494582686666
2020,210001238673,RENATO DOMINGUES DA SILVA,PP,0,2613.658139209874,843.6163894875435,0.0,0.0,0.0,0.0,652.0,0.0,0.0,0.0,0.0,0.0,843.6163894875435,0.0,0.0,0.0,0.0,0.0
2020,210001238684,JANIELE MORAES ANDRADE,PP,0,23934.380326289232,23199.450710907448,830.0,40.0,119.2,12305.8,3035.0,1600.0,0.0,0.0,51.755606717027206,1073.9288393783147,3926.9566596544396,15922.353628459834,2070.2242686810882,0.0,154.2317080167411,0.0
2020,210000936170,AILTON EMIR RIBEIRO DE SOUZA,PSD,0,1509.9698259692689,0.0,0.0,0.0,0.0,0.0,0.0,0.0,0.0,0.0,0.0,0.0,0.0,0.0,0.0,0.0,0.0,0.0
2020,210000936194,REINALDO ELIAS LOURENÇO MAGALHÃES,PSD,1,21377.64041556641,5466.685959485999,0.0,1600.0,60.0,0.0,2065.0,0.0,0.0,500.0,2070.2242686810882,0.0,2671.8831967665296,0.0,0.0,646.9450839628402,77.63341007554081,0.0
2020,210000936192,JOÃO CARLOS OLIVEIRA DOS SANTOS,PSD,0,5229.645280722015,483.9149228042044,0.0,0.0,0.0,0.0,374.0,0.0,0.0,0.0,0.0,0.0,483.9149228042044,0.0,0.0,0.0,0.0,0.0
2020,210000936187,MARCELO SICCA DE OLIVEIRA,PSD,0,2318.004235838856,808.0344098695873,0.0,300.0,24.5,0.0,300.0,0.0,0.0,0.0,388.1670503777041,0.0,388.1670503777041,0.0,0.0,0.0,31.700309114179166,0.0
2020,210000936190,BEATRIZ ELENA VASCONCELLOS DIAS,PSD,0,7917.831493604407,4510.5011253889215,0.0,0.0,0.0,3486.0,0.0,0.0,0.0,0.0,0.0,0.0,0.0,4510.5011253889215,0.0,0.0,0.0,0.0
2020,210000936186,KEROLAINE ROSSALES CARDOSO,PSD,0,1760.4669624796804,0.0,0.0,0.0,0.0,0.0,0.0,0.0,0.0,0.0,0.0,0.0,0.0,0.0,0.0,0.0,0.0,0.0
2020,210000936196,FERNANDO PANATIERI DE BRITO,PSD,0,22362.821328326703,11927.07956793892,0.0,0.0,14.0,1250.0,7954.0,0.0,0.0,0.0,0.0,0.0,10291.60239568086,1617.3627099071002,0.0,0.0,18.114462350959524,0.0
2020,210000724755,ZILMAR MIRANDA GONÇALVES JUNIOR,REPUBLICANOS,0,1182.0980574169014,0.0,0.0,0.0,0.0,0.0,0.0,0.0,0.0,0.0,0.0,0.0,0.0,0.0,0.0,0.0,0.0,0.0
2020,210000724740,CRISTIANO SILVA DE VASCONCELOS,REPUBLICANOS,0,3986.216829345436,2846.299591402912,0.0,458.0,24.799999999999997,0.0,1507.0,210.0,0.0,0.0,592.6016969099616,0.0,1949.892483064,0.0,271.7169352643929,0.0,32.088476164556866,0.0
2020,210000724746,MARY HELEN DOS SANTOS LIMA BERNARDES,REPUBLICANOS,0,7286.671869690262,5738.855756309166,0.0,300.0,45.349999999999994,0.0,4090.0,0.0,0.0,0.0,388.1670503777041,0.0,5292.010786816032,0.0,0.0,0.0,58.67791911542959,0.0
2020,210000724751,VAGNER LEMOS BORGES,REPUBLICANOS,0,2454.7684265886005,1293.8901679256803,0.0,0.0,0.0,370.0,0.0,330.0,0.0,300.0,0.0,0.0,0.0,478.7393621325017,426.9837554154745,388.1670503777041,0.0,0.0
2020,210000724741,EDEMUNDO SOUZA DA SILVA,REPUBLICANOS,0,1139.658459908939,0.0,0.0,0.0,0.0,0.0,0.0,0.0,0.0,0.0,0.0,0.0,0.0,0.0,0.0,0.0,0.0,0.0
2020,210000680576,JORGE AUGUSTO DIAS ALVES,PSB,0,5895.99871720374,5061.698336925261,0.0,0.0,44.0,2750.0,1118.0,0.0,0.0,0.0,0.0,0.0,1446.5692077409105,3558.197961795621,0.0,0.0,56.93116738872993,0.0
2020,210000680568,CESAR BRIZOLARA,PSB,1,58635.09135087126,41292.30509606261,778.05,6800.0,599.6,10000.0,6437.2,6098.45,0.0,1200.0,8798.453141894626,1006.7112451545754,8329.02978897119,12938.901679256802,7890.724494586364,1552.6682015108163,775.8165446882379,0.0
2020,210000680589,MELISSA DIANA CEZAR DA SILVA,PSB,0,6048.677757018971,0.0,0.0,0.0,0.0,0.0,0.0,0.0,0.0,0.0,0.0,0.0,0.0,0.0,0.0,0.0,0.0,0.0
2020,210001240286,DANIEL FERREIRA FILHO,CIDADANIA,0,1632.8893919222085,0.0,0.0,0.0,0.0,0.0,0.0,0.0,0.0,0.0,0.0,0.0,0.0,0.0,0.0,0.0,0.0,0.0
2020,210001240550,DANUBIA GARCIA DUARTE,PV,0,1949.1549656682823,0.0,0.0,0.0,0.0,0.0,0.0,0.0,0.0,0.0,0.0,0.0,0.0,0.0,0.0,0.0,0.0,0.0
2020,210001239719,CRISTIANO WACHHOLZ DA SILVA,PSDB,1,59194.181292431946,35802.83373071944,2600.0,3451.1800000000003,1843.1,1763.95,13137.5,1975.05,0.0,2899.91,4465.44786974175,3364.114436606769,16998.482081123624,2282.357561712504,2555.4977761616146,3752.165036869359,2384.7689685038213,0.0
2020,210001258330,GRACIELE NUNES,PL,0,3663.003065397601,1811.4462350959525,0.0,0.0,30.0,1000.0,195.0,0.0,0.0,175.0,0.0,0.0,252.30858274550764,1293.8901679256803,0.0,226.43077938699403,38.816705037770404,0.0
2020,210001258338,CÉSAR AUGUSTO ARAÚJO DE BARROS,PL,0,1023.467122829213,517.5560671702721,0.0,200.0,10.0,190.0,0.0,0.0,0.0,0.0,258.77803358513603,0.0,0.0,245.83913190587924,0.0,0.0,12.938901679256801,0.0
2020,210001258326,DANIELA RODRIGUES JACONDINO,PL,0,1919.0849581656896,1413.1739025067488,0.0,130.0,40.0,772.19,150.0,0.0,0.0,0.0,168.20572183033843,0.0,194.08352518885204,999.1290487705311,0.0,0.0,51.755606717027206,0.0
2020,210001239557,LUIZ FERNANDO TEIXEIRA DOS SANTOS,MDB,0,1299.712673681346,0.0,0.0,0.0,0.0,0.0,0.0,0.0,0.0,0.0,0.0,0.0,0.0,0.0,0.0,0.0,0.0,0.0
2020,210001239472,VELOCINO CARDOSO VIEIRA,PTB,0,9510.092734253749,8672.945795605834,0.0,0.0,3.0,2650.0,4050.0,0.0,0.0,0.0,0.0,0.0,5240.255180099005,3428.8089450030525,0.0,0.0,3.8816705037770407,0.0
2020,210001239483,RENÉLCIO DA ROSA CAMARGO,PTB,0,388.1670503777041,0.0,0.0,0.0,0.0,0.0,0.0,0.0,0.0,0.0,0.0,0.0,0.0,0.0,0.0,0.0,0.0,0.0
2020,210001239462,ROBERTO GUSTAVO ENGELBRECHT,PTB,0,6469.450839628401,6456.511937949144,0.0,0.0,0.0,0.0,3290.0,0.0,0.0,1700.0,0.0,0.0,4256.898652475488,0.0,0.0,2199.6132854736566,0.0,0.0
2020,210001239452,ALDO BRUNO FERREIRA CHIATTONE,PTB,0,17251.075319706073,10354.356068825256,0.0,0.0,18.0,0.0,7439.4,0.0,0.0,545.1,0.0,0.0,9625.766515266305,0.0,0.0,705.2995305362883,23.290023022662243,0.0
2020,210001239684,JOSE ANTONIO DA SILVA,DEM,0,2406.635712341765,1694.9961199826412,0.0,0.0,15.5,0.0,640.0,0.0,654.5,0.0,0.0,0.0,828.0897074724353,0.0,0.0,0.0,20.055297602848043,846.8511149073577
2020,210001239697,ANDRE FLORINDO,DEM,0,5926.016969099615,5197.556804557457,0.0,0.0,0.0,0.0,4017.0,0.0,0.0,0.0,0.0,0.0,5197.556804557457,0.0,0.0,0.0,0.0,0.0
2020,210001239681,JOAO HENRIQUE DA SILVA PAIS,DEM,0,646.9450839628402,258.77803358513603,0.0,0.0,0.0,0.0,0.0,200.0,0.0,0.0,0.0,0.0,0.0,0.0,258.77803358513603,0.0,0.0,0.0
2020,210001239680,ALCY DOS SANTOS MORAES,DEM,0,6074.814338411069,6074.814338411069,0.0,0.0,0.0,0.0,4695.0,0.0,0.0,0.0,0.0,0.0,6074.814338411069,0.0,0.0,0.0,0.0,0.0
2020,210001239200,ALFREDO CAMARGO DE OLIVEIRA,PDT,0,452.86155877398807,0.0,0.0,0.0,0.0,0.0,0.0,0.0,0.0,0.0,0.0,0.0,0.0,0.0,0.0,0.0,0.0,0.0
2020,210001181734,MARINA DE ANDRADE LIMA,PT,0,5321.12331559436,1278.8810419777424,0.0,0.0,355.0,0.0,485.0,0.0,148.4,0.0,0.0,0.0,627.5367314439549,0.0,0.0,0.0,459.33100961361646,192.01330092017096
2020,210001240917,INÁCIO DIAS DOS SANTOS,SOLIDARIEDADE,0,0.0,0.0,0.0,0.0,0.0,0.0,0.0,0.0,0.0,0.0,0.0,0.0,0.0,0.0,0.0,0.0,0.0,0.0
2020,210001258329,JORGE LUIS EDOM FIGUEIREDO,PL,0,1023.467122829213,517.5560671702721,0.0,0.0,10.0,390.0,0.0,0.0,0.0,0.0,0.0,0.0,0.0,504.61716549101527,0.0,0.0,12.938901679256801,0.0
2020,210001258337,SANTO ADRIANO FERNANDES,PL,0,505.911055658941,0.0,0.0,0.0,0.0,0.0,0.0,0.0,0.0,0.0,0.0,0.0,0.0,0.0,0.0,0.0,0.0,0.0
2020,210001239455,EDER RICARDO BLANK,PTB,0,15216.148374806,6586.030343758505,0.0,510.0,1026.5,0.0,3299.6,254.0,0.0,0.0,659.883985642097,0.0,4269.319998087574,0.0,328.6481026531228,0.0,1328.1782573757107,0.0
2020,210001239690,ROSANE MARGARETE CAMARGO DUARTE,DEM,0,711.6395923591241,0.0,0.0,0.0,0.0,0.0,0.0,0.0,0.0,0.0,0.0,0.0,0.0,0.0,0.0,0.0,0.0,0.0
2020,210000863532,PAULO ABEL SCHEIRAM BAPTISTA,PSOL,0,1689.3288810471263,0.0,0.0,0.0,0.0,0.0,0.0,0.0,0.0,0.0,0.0,0.0,0.0,0.0,0.0,0.0,0.0,0.0
2020,210001240301,JULIANA MENDEZ JEANNES,AVANTE,0,0.0,0.0,0.0,0.0,0.0,0.0,0.0,0.0,0.0,0.0,0.0,0.0,0.0,0.0,0.0,0.0,0.0,0.0
2020,210001240294,SUELEN BOZEMBECKER WITTE,AVANTE,0,1811.4462350959525,1811.4462350959525,550.0,0.0,10.45,0.0,150.0,689.55,0.0,0.0,0.0,711.6395923591241,194.08352518885204,0.0,892.2019652931527,0.0,13.521152254823358,0.0
2020,210001240304,LUCIANO DE AZAMBUJA REINHARDT,AVANTE,0,0.0,0.0,0.0,0.0,0.0,0.0,0.0,0.0,0.0,0.0,0.0,0.0,0.0,0.0,0.0,0.0,0.0,0.0
2020,210000838220,EDER BRUM CONCEIÇÃO,PATRIOTA,0,7789.218810912595,7595.1352857237425,0.0,1130.0,0.0,0.0,4040.0,700.0,0.0,0.0,1462.0958897560188,0.0,5227.316278419748,0.0,905.7231175479761,0.0,0.0,0.0
2020,210000838219,ANDRÉ ROBERTO AMARAL MACARIO,PATRIOTA,0,7064.899094907799,2536.2835071679183,0.0,300.0,183.64,0.0,504.0,0.0,0.0,972.56,388.1670503777041,0.0,652.1206446345428,0.0,0.0,1258.3858217177994,237.60999043787191,0.0
2020,210000838232,SANDRA HELENA GULARTE COSTA TAVARES,PATRIOTA,0,1669.1183166241276,1669.1183166241276,0.0,0.0,0.0,0.0,790.0,500.0,0.0,0.0,0.0,0.0,1022.1732326612873,0.0,646.9450839628402,0.0,0.0,0.0
2020,210000838222,GERSON LUIS DA COSTA ZIEBELL,PATRIOTA,0,2523.0858274550765,2199.613285473657,0.0,930.0,0.0,0.0,520.0,0.0,0.0,250.0,1203.3178561708826,0.0,672.8228873213537,0.0,0.0,323.4725419814201,0.0,0.0
2020,210000838221,EPAMINONDAS DAMASCENO COSTA,PATRIOTA,0,912.1925683876044,394.63650121733247,0.0,0.0,0.0,0.0,305.0,0.0,0.0,0.0,0.0,0.0,394.63650121733247,0.0,0.0,0.0,0.0,0.0
2020,210000838226,MARCELO DANTAS RITTA,PATRIOTA,0,20465.654869605674,19373.999734926776,1000.0,2000.0,14.65,0.0,11745.8,0.0,0.0,213.0,2587.7803358513606,1293.8901679256803,15197.775134421454,0.0,0.0,275.5986057681699,18.955490960111216,0.0
2020,210001239218,ELIANE SOARES SÁ BRITTO BITENCOURT,PDT,0,6552.2598103756445,5543.025479393614,200.0,0.0,41.5,1295.0,1972.5,600.0,175.0,0.0,0.0,258.77803358513603,2552.1983562334044,1675.5877674637559,776.3341007554081,0.0,53.69644196891573,226.43077938699403
2020,210001239212,GERALDO LUIZ RODRIGUES SARAIVA,PDT,0,1345.6457746427077,776.3341007554081,0.0,0.0,0.0,0.0,0.0,600.0,0.0,0.0,0.0,0.0,0.0,0.0,776.3341007554081,0.0,0.0,0.0
2020,210001239207,ITALO ESPOSITO ESCOBAR CASTRO,PDT,0,18763.34827017425,19759.514310460232,0.0,7049.9,1.5,0.0,8220.0,0.0,0.0,0.0,9121.796294859252,0.0,10635.777180349092,0.0,0.0,0.0,1.9408352518885204,0.0
2020,210001181724,CATHARINA BEATRIZ DOS SANTOS MOTTA,PT,0,9160.742388913815,5615.936190356227,500.0,0.0,0.35,2730.0,0.0,480.0,0.0,630.0,0.0,646.9450839628402,0.0,3532.3201584371072,621.0672806043265,815.1508057931785,0.45286155877398804,0.0
2020,210001238690,GERSON OTILIO DE SÁ CORREIA,PP,0,1788.15621207329,18.114462350959524,0.0,0.0,14.0,0.0,0.0,0.0,0.0,0.0,0.0,0.0,0.0,0.0,0.0,0.0,18.114462350959524,0.0
2020,210001238678,PIERRE CARVALHO GRAVATO,PP,0,4933.603210300619,3163.561460578288,0.0,0.0,0.0,120.0,2325.0,0.0,0.0,0.0,0.0,0.0,3008.2946404272066,155.26682015108162,0.0,0.0,0.0,0.0
2020,210001238681,JAIR FERNANDO BONOW,PP,1,23119.229520496054,22384.29990511427,0.0,0.0,0.35,3544.66,10006.0,800.0,0.0,2948.99,0.0,0.0,12946.665020264356,4586.4007226394415,1035.1121343405441,3815.6691663111515,0.45286155877398804,0.0
2020,210001238674,ROSIANE PACHECO MACEDO,PP,0,4616.600119158828,3842.85379873927,0.0,0.0,0.0,1070.0,0.0,1900.0,0.0,0.0,0.0,0.0,0.0,1384.4624796804778,2458.3913190587923,0.0,0.0,0.0
2020,210000936178,GILCEMAR RAUPP SANTANA,PSD,0,2836.207248093091,1326.2374221238222,0.0,100.0,0.0,0.0,925.0,0.0,0.0,0.0,129.38901679256801,0.0,1196.8484053312543,0.0,0.0,0.0,0.0,0.0
2020,210000948565,LUIS CLAUDIO LIMA DE BARROS,PC do B,0,452.86155877398807,0.0,0.0,0.0,0.0,0.0,0.0,0.0,0.0,0.0,0.0,0.0,0.0,0.0,0.0,0.0,0.0,0.0
2020,210000948560,FRANCISCO DE ASSIS FURTADO DE OLIVEIRA,PC do B,0,388.1670503777041,0.0,0.0,0.0,0.0,0.0,0.0,0.0,0.0,0.0,0.0,0.0,0.0,0.0,0.0,0.0,0.0,0.0
2020,210000724750,EDUARDO DA SILVA AMARO,REPUBLICANOS,0,2902.971980758056,0.0,0.0,0.0,0.0,0.0,0.0,0.0,0.0,0.0,0.0,0.0,0.0,0.0,0.0,0.0,0.0,0.0
2020,210000680584,MARCELO DUTRA DA SILVA,PSB,0,3076.6120412936825,2356.173995792664,0.0,1500.0,0.0,0.0,321.0,0.0,0.0,0.0,1940.8352518885204,0.0,415.33874390414337,0.0,0.0,0.0,0.0,0.0
2020,210000680591,THIAGO FERREIRA ABREU,PSB,0,34952.63144027715,33886.401247398,450.0,550.0,1034.55,13035.0,11120.0,0.0,0.0,0.0,711.6395923591241,582.2505755665561,14388.058667333564,16865.858338911243,0.0,0.0,1338.5940732275124,0.0
2020,210001240274,LUIZ EDUARDO ZIMMERMANN LONGARAY,CIDADANIA,0,26443.233361897128,26047.924037792476,800.0,451.18,463.3,7430.0,10987.0,0.0,0.0,0.0,583.7773659647085,1035.1121343405441,14215.971274999449,9613.603947687805,0.0,0.0,599.4593147999676,0.0
2020,210001240288,JOSUE ROLDAN MARTINS,CIDADANIA,0,2202.8480108934705,1426.5139101380626,0.0,0.0,0.0,0.0,1102.5,0.0,0.0,0.0,0.0,0.0,1426.5139101380626,0.0,0.0,0.0,0.0,0.0
2020,210001240291,LÉLIA TELMA SCHWANZ,CIDADANIA,0,1552.6682015108163,1552.6682015108163,0.0,0.0,358.67,0.0,500.0,341.33000000000004,0.0,0.0,0.0,0.0,646.9450839628402,0.0,441.6435310180725,0.0,464.07958652990374,0.0
2020,210001242953,ROBSON LUCAS ARAUJO,PODE,0,0.0,0.0,0.0,0.0,0.0,0.0,0.0,0.0,0.0,0.0,0.0,0.0,0.0,0.0,0.0,0.0,0.0,0.0
2020,210001242950,ZILMA FERREIRA LIMA,PODE,0,1460.1550545041302,1460.1550545041302,0.0,100.6,0.0,0.0,638.5,0.0,389.4,0.0,130.16535089332342,0.0,826.1488722205469,0.0,0.0,0.0,0.0,503.84083139025984
2020,210001242943,LIANE DE SOUZA OLIVEIRA ZITZKE,PODE,0,0.0,0.0,0.0,0.0,0.0,0.0,0.0,0.0,0.0,0.0,0.0,0.0,0.0,0.0,0.0,0.0,0.0,0.0
2020,210001242949,JOSÉ ANTÔNIO FALCHI GUIMARÃES,PODE,0,1552.6682015108163,1552.6682015108163,0.0,40.0,0.0,0.0,1160.0,0.0,0.0,0.0,51.755606717027206,0.0,1500.9125947937891,0.0,0.0,0.0,0.0,0.0
2020,210001239724,ESTHER PERDOMO PASOLIUS,PSDB,0,12991.951176141754,4269.837554154745,0.0,0.0,0.0,0.0,0.0,3300.0,0.0,0.0,0.0,0.0,0.0,0.0,4269.837554154745,0.0,0.0,0.0
2020,210001239712,MAICON DUARTE DA SILVA,PSDB,0,16957.530457308778,6323.241250652799,0.0,0.0,84.0,0.0,4003.0,800.0,0.0,0.0,0.0,0.0,5179.442342206498,0.0,1035.1121343405441,0.0,108.68677410575714,0.0
2020,210001239731,ENÉIAS CLARINDO,PSDB,0,29683.13434238303,16606.01931538841,1200.0,0.0,130.0,0.0,8773.0,1550.0,0.0,1181.18,0.0,1552.6682015108163,11351.298443211992,0.0,2005.5297602848043,1528.317188550455,168.20572183033843,0.0
2020,210001258320,FÁBIO LUIZ TEDESCO SOARES,PL,0,30535.80796304605,30509.93015968754,0.0,2900.0,58.8,1681.41,388.0,6500.0,12051.79,0.0,3752.281486984473,0.0,502.02938515516394,2175.559867251918,8410.286091516922,0.0,76.08074187403,15593.692586905036
2020,210001239572,ANA LÚCIA DE ARAÚJO GAUTÉRIO,MDB,0,911.5456233036416,0.0,0.0,0.0,0.0,0.0,0.0,0.0,0.0,0.0,0.0,0.0,0.0,0.0,0.0,0.0,0.0,0.0
2020,210001239571,ADRIANE FONSECA GONÇALVES,MDB,0,6746.99028064846,5835.444657344818,510.0,0.0,0.0,70.0,2440.0,490.0,1000.0,0.0,0.0,659.883985642097,3157.0920097386597,90.57231175479761,634.0061822835834,0.0,0.0,1293.8901679256803
2020,210001239456,BENITO DE PAULA MENDES CARDOZO,PTB,0,15183.516464770915,9633.038178010049,200.0,0.0,0.0,6945.0,0.0,0.0,0.0,300.02,0.0,258.77803358513603,0.0,8986.06721624385,0.0,388.19292818106254,0.0,0.0
2020,210001239461,GIOVANE DUARTE ARAUJO,PTB,0,8086.813549535502,8086.813549535502,1900.0,0.0,0.0,821.0,179.0,2850.0,0.0,500.0,0.0,2458.3913190587923,231.60634005869676,1062.2838278669835,3687.5869785881887,646.9450839628402,0.0,0.0
2020,210001239476,DILSON CARDOSO RODRIGUES,PTB,0,2418.2807238530963,776.3341007554081,0.0,0.0,15.5,0.0,584.5,0.0,0.0,0.0,0.0,0.0,756.27880315256,0.0,0.0,0.0,20.055297602848043,0.0
2020,210001239686,SANDRO ESTIMA DE SOUZA,DEM,0,569.3116738872993,569.3116738872993,0.0,0.0,0.0,0.0,405.0,0.0,0.0,35.0,0.0,0.0,524.0255180099005,0.0,0.0,45.286155877398805,0.0,0.0
2020,210001239698,FRANCINE MARQUES,DEM,0,0.0,0.0,0.0,0.0,0.0,0.0,0.0,0.0,0.0,0.0,0.0,0.0,0.0,0.0,0.0,0.0,0.0,0.0
2020,210001240295,GETULIO RUI CLASEN,AVANTE,0,0.0,0.0,0.0,0.0,0.0,0.0,0.0,0.0,0.0,0.0,0.0,0.0,0.0,0.0,0.0,0.0,0.0,0.0
2020,210001239208,QUENI CRISTIANE VALADÃO,PDT,0,1086.8677410575715,776.3341007554081,0.0,0.0,44.0,0.0,0.0,556.0,0.0,0.0,0.0,0.0,0.0,0.0,719.4029333666782,0.0,56.93116738872993,0.0
2020,210001239677,JOSÉ SIZENANDO DOS SANTOS LOPES,DEM,0,64694.508396284014,64619.8509335947,600.0,0.0,1586.7,24700.0,18955.6,1600.0,0.0,2500.0,0.0,776.3341007554081,24526.464467132024,31959.0871477643,2070.2242686810882,3234.7254198142004,2053.0155294476767,0.0
2020,210001240555,CRISTIAN BERMUDEZ PEDERZOLLI,PV,0,1949.1549656682823,0.0,0.0,0.0,0.0,0.0,0.0,0.0,0.0,0.0,0.0,0.0,0.0,0.0,0.0,0.0,0.0,0.0
2020,210001239569,EDUARDO AFRA ESTANISLAU,MDB,0,911.5456233036416,0.0,0.0,0.0,0.0,0.0,0.0,0.0,0.0,0.0,0.0,0.0,0.0,0.0,0.0,0.0,0.0,0.0
2020,210000863516,ISABELLA ROCHEDO DA SILVA,PSOL,0,2531.9101584003297,1291.1729985730362,0.0,0.0,20.9,0.0,977.0,0.0,0.0,0.0,0.0,0.0,1264.1306940633897,0.0,0.0,0.0,27.042304509646716,0.0
2020,210000863519,HAROLDO CAMPOS DE CAMPOS,PSOL,0,5032.094129883121,4708.621587901701,0.0,1019.12,10.0,0.0,2460.0,150.0,0.0,0.0,1318.6293479364192,0.0,3182.9698130971733,0.0,194.08352518885204,0.0,12.938901679256801,0.0
2020,210000863524,LUIS ALBERTO VITÓRIA DE DEUS,PSOL,0,7069.712366332483,2304.638350404184,0.0,0.0,0.0,0.0,1642.0,0.0,0.0,139.17000000000002,0.0,0.0,2124.567655733967,0.0,0.0,180.07069467021694,0.0,0.0
2020,210001240300,RAFAEL LEITE CORREA DA SILVA,AVANTE,0,0.0,0.0,0.0,0.0,0.0,0.0,0.0,0.0,0.0,0.0,0.0,0.0,0.0,0.0,0.0,0.0,0.0,0.0
2020,210000838228,EBERSON DE LIMA MEGIATO,PATRIOTA,0,323.4725419814201,0.0,0.0,0.0,0.0,0.0,0.0,0.0,0.0,0.0,0.0,0.0,0.0,0.0,0.0,0.0,0.0,0.0
2020,210001239226,LEONARDO ROCHA DOS SANTOS,PDT,0,2485.563012585232,1954.8092657021175,390.0,0.0,10.799999999999999,0.0,960.0,150.0,0.0,0.0,0.0,504.61716549101527,1242.134561208653,0.0,194.08352518885204,0.0,13.974013813597345,0.0
2020,210001239214,LUIZ GONZAGA CRESPO MAGALHÃES JUNIOR,PDT,0,5434.338705287857,5434.338705287857,1400.0,0.0,40.0,0.0,2160.0,600.0,0.0,0.0,0.0,1811.4462350959523,2794.8027627194692,0.0,776.3341007554081,0.0,51.755606717027206,0.0
2020,210001181729,NILTON ALVES SABINO,PT,0,776.3341007554081,0.0,0.0,0.0,0.0,0.0,0.0,0.0,0.0,0.0,0.0,0.0,0.0,0.0,0.0,0.0,0.0,0.0
2020,210001181730,SANTA PETRONILIA GERALD SODRE,PT,0,5266.831684148198,2584.4679770214707,0.0,0.0,3.1,1374.68,0.0,0.0,0.0,619.66,0.0,0.0,0.0,1778.6849360440742,0.0,801.771981456827,4.011059520569609,0.0
2020,210001181715,LUIS CARLOS GIRÃO DANDA,PT,0,12111.394222359935,9388.932858929187,450.0,1000.0,1653.5,1043.0,1584.88,0.0,1325.0,199.98,1293.8901679256803,582.2505755665561,2050.6606493420522,1349.5274451464845,0.0,258.7521557817775,2139.447392665112,1714.4044725015262
2020,210001181733,LEANDRO XAVIER DA CRUZ,PT,0,1177.440052812369,400.45900697299805,0.0,0.0,160.0,0.0,109.5,0.0,40.0,0.0,0.0,0.0,141.680973387862,0.0,0.0,0.0,207.02242686810882,51.755606717027206
2020,210001238685,MARIANGE HALFEN MADRID,PP,0,5134.156186329099,3881.6705037770407,0.0,0.0,15.3,2100.0,294.0,400.0,20.7,170.0,0.0,0.0,380.40370937015,2717.1693526439285,517.5560671702721,219.96132854736564,19.79651956926291,26.78352647606158
2020,210001238677,JOSE ALBERTO VALENTE SOARES JUNIOR,PP,0,6945.602421425052,5175.560671702721,0.0,0.0,40.95,1559.05,2400.0,0.0,0.0,0.0,0.0,0.0,3105.3364030216326,2017.2394663045318,0.0,0.0,52.98480237655661,0.0
2020,210001238667,RAFAELA GUIDUGLI BUENO MARTINEZ,PP,0,4616.600119158828,3842.85379873927,0.0,0.0,0.0,1120.0,0.0,1850.0,0.0,0.0,0.0,0.0,0.0,1449.1569880767618,2393.6968106625086,0.0,0.0,0.0
2020,210000936179,JEAN FELIPE BALSAMO DE ALMEIDA,PSD,0,388.1670503777041,0.0,0.0,0.0,0.0,0.0,0.0,0.0,0.0,0.0,0.0,0.0,0.0,0.0,0.0,0.0,0.0,0.0
2020,210000936174,CYRO CARLOS POMBO FAGUNDES,PSD,0,1509.9698259692689,0.0,0.0,0.0,0.0,0.0,0.0,0.0,0.0,0.0,0.0,0.0,0.0,0.0,0.0,0.0,0.0,0.0
2020,210000936185,ANA PAULA SILVA DOS SANTOS,PSD,0,2187.450717895155,525.1253246526373,0.0,0.0,75.85,0.0,330.0,0.0,0.0,0.0,0.0,0.0,426.9837554154745,0.0,0.0,0.0,98.14156923716284,0.0
2020,210000724747,ROBER DE CANDIA CUNHA,REPUBLICANOS,0,0.0,0.0,0.0,0.0,0.0,0.0,0.0,0.0,0.0,0.0,0.0,0.0,0.0,0.0,0.0,0.0,0.0,0.0
2020,210000680585,MARCIA NUNES GONÇALVES RODRIGUES,PSB,0,8483.779053055101,5175.560671702721,0.0,0.0,0.0,319.0,881.0,1800.0,0.0,1000.0,0.0,0.0,1139.9172379425243,412.750963568292,2329.0023022662244,1293.8901679256803,0.0,0.0
2020,210000680586,MARCIONILO XAVIER DA SILVA,PSB,0,720.4380455010187,0.0,0.0,0.0,0.0,0.0,0.0,0.0,0.0,0.0,0.0,0.0,0.0,0.0,0.0,0.0,0.0,0.0
2020,210000680593,ROSE MERE DOS SANTOS TAVARES,PSB,0,332.2709951233147,0.0,0.0,0.0,0.0,0.0,0.0,0.0,0.0,0.0,0.0,0.0,0.0,0.0,0.0,0.0,0.0,0.0
2020,210000680569,ALTAIR VOSS,PSB,0,720.4380455010187,0.0,0.0,0.0,0.0,0.0,0.0,0.0,0.0,0.0,0.0,0.0,0.0,0.0,0.0,0.0,0.0,0.0
2020,210000680581,JESUS SAGAS MATHIAS,PSB,0,332.2709951233147,0.0,0.0,0.0,0.0,0.0,0.0,0.0,0.0,0.0,0.0,0.0,0.0,0.0,0.0,0.0,0.0,0.0
2020,210000680587,MARISA ELOIDES SCHWARZER,PSB,1,4021.2294972895047,473.56380146079897,0.0,0.0,56.0,0.0,310.0,0.0,0.0,0.0,0.0,0.0,401.10595205696086,0.0,0.0,0.0,72.4578494038381,0.0
2020,210001240273,LUCIANA CUSTÓDIO DE OLIVEIRA ROSA,CIDADANIA,0,4848.206459217524,4460.03940883982,0.0,0.0,15.5,3134.5,297.0,0.0,0.0,0.0,0.0,0.0,384.285379873927,4055.6987313630448,0.0,0.0,20.055297602848043,0.0
2020,210001240279,MAICON RICARDO PEREIRA BIGLIARDI,CIDADANIA,0,2329.0023022662244,1293.8901679256803,0.0,1000.0,0.0,0.0,0.0,0.0,0.0,0.0,1293.8901679256803,0.0,0.0,0.0,0.0,0.0,0.0,0.0
2020,210001240277,TAUÃ VAZ NEY,CIDADANIA,0,55870.17745103088,34740.95100880451,750.0,8250.0,2338.9,1950.0,11767.18,0.0,1400.0,393.92,10674.593885386861,970.4176259442602,15225.438506211707,2523.0858274550765,0.0,509.68921494928395,3026.279713761374,1811.4462350959523
2020,210001240284,JULIANO SILVA DA SILVA,CIDADANIA,0,2021.0564422999123,1632.8893919222085,0.0,0.0,0.0,850.0,412.0,0.0,0.0,0.0,0.0,0.0,533.0827491853803,1099.8066427368283,0.0,0.0,0.0,0.0
2020,210001242946,CRISTIANO NUNES DA SILVA,PODE,0,9768.870767838886,9686.372330731943,0.0,0.0,36.24,0.0,7450.0,0.0,0.0,0.0,0.0,0.0,9639.481751046318,0.0,0.0,0.0,46.890579685626655,0.0
2020,210001240553,FLAVIO HUMBERTO CARRIL PEREIRA,PV,0,1949.1549656682823,0.0,0.0,0.0,0.0,0.0,0.0,0.0,0.0,0.0,0.0,0.0,0.0,0.0,0.0,0.0,0.0,0.0
2020,210001239715,ROBERTO CARLOS NOLASCO BANDEIRA,PSDB,0,14539.24973345568,4773.93716357859,0.0,0.0,118.5,0.0,1333.8,2237.3,0.0,0.0,0.0,0.0,1725.7907059792722,0.0,2894.820472700125,0.0,153.32598489919312,0.0
2020,210001239707,JONE DE SOUZA SOARES,PSDB,0,85034.20305804213,83826.2918917751,17000.0,2000.0,11894.25,0.0,13492.0,20400.0,0.0,0.0,2587.7803358513606,21996.132854736563,17457.16614565328,0.0,26395.359425683877,0.0,15389.853129850022,0.0
2020,210001239708,MANOEL CARLOS DA SILVA CALDEIRA,PSDB,0,10924.28880999316,3622.892470191905,0.0,1500.0,0.0,0.0,360.0,800.0,0.0,140.0,1940.8352518885204,0.0,465.8004604532449,0.0,1035.1121343405441,181.14462350959522,0.0,0.0
2020,210001239706,PABLO FERNANDES SALOMÃO,PSDB,0,22495.380376030687,10073.167857531647,0.0,1651.1799999999998,21.0,0.0,3383.0,2730.0,0.0,0.0,2136.4455674755245,0.0,4377.230438092576,0.0,3532.3201584371072,0.0,27.171693526439284,0.0
2020,210001239705,JOSÉ APODI DOS SANTOS DOURADO,PSDB,0,35826.4989818908,24513.266787419183,450.0,1000.0,117.1,0.0,10766.7,6530.0,81.6,0.0,1293.8901679256803,582.2505755665561,13930.927271005423,0.0,8449.102796554693,0.0,151.51453866409716,105.5814377027355
2020,210001239704,ALCIDES SILVEIRA DE ÁVILA NETO,PSDB,0,54719.90909174494,41233.109620880015,2450.0,3848.0,73.35,0.0,19416.2,6080.0,0.0,0.0,4978.889366178018,3170.0309114179167,25122.430278478594,0.0,7866.852220988136,0.0,94.90684381734864,0.0
2020,210001239722,PAULO ROGÉRIO COSTA DOS SANTOS,PSDB,1,13685.398672739842,4582.312029708796,0.0,0.0,46.5,0.0,2695.0,800.0,0.0,0.0,0.0,0.0,3487.0340025597084,0.0,1035.1121343405441,0.0,60.16589280854413,0.0
2020,210001239711,EMERSON GOUVÊA PINHO,PSDB,0,14809.672778552149,2613.011194125911,0.0,0.0,18.5,0.0,1201.0,800.0,0.0,0.0,0.0,0.0,1553.962091678742,0.0,1035.1121343405441,0.0,23.936968106625084,0.0
2020,210001258297,CÁTIA MABEL FERREIRA MAGALHÃES,PL,0,10730.477001739571,6486.517250943341,0.0,1000.0,1172.19,0.0,2391.11,85.0,240.0,124.89,1293.8901679256803,0.0,3093.8337194287733,0.0,109.98066427368282,161.5939430722382,1516.6851159408031,310.53364030216323
2020,210001258332,NUBIA MIRAMAR SCHIRMER BONFIM,PL,0,3361.526656270917,2223.8090316138664,0.0,100.0,19.9,508.79999999999995,605.0,0.0,485.0,0.0,129.38901679256801,0.0,782.8035515950365,658.3313174405861,0.0,0.0,25.748414341721034,627.5367314439549
2020,210001258323,EDUARDO PEREIRA KONZGEN,PL,0,1023.467122829213,517.5560671702721,0.0,0.0,10.0,390.0,0.0,0.0,0.0,0.0,0.0,0.0,0.0,504.61716549101527,0.0,0.0,12.938901679256801,0.0
2020,210001258321,DEJALMO DOS SANTOS,PL,0,5076.176967904349,2629.171882323303,400.0,150.0,33.79,0.0,674.0,0.0,0.0,774.2,194.08352518885204,517.5560671702721,872.0819731819084,0.0,0.0,1001.7297680080617,43.72054877420874,0.0
2020,210001258295,JOÃO FRANCISCO DA ROCHA PAZ,PL,0,8037.645723154325,8037.645723154325,0.0,1000.0,60.0,3456.0,0.0,0.0,1696.0,0.0,1293.8901679256803,0.0,0.0,4471.684420351151,0.0,0.0,77.63341007554081,2194.4377248019537
2020,210001258331,JAQUELINE SAMPAIO DA SILVA,PL,0,2855.6156006119763,2349.704544953035,67.7,0.0,13.3,800.0,935.0,0.0,0.0,0.0,0.0,87.59636436856856,1209.787307010511,1035.1121343405441,0.0,0.0,17.20873923341155,0.0
2020,210001258333,VERIDIANE RODRIGUES DE SOUZA,PL,0,37917.45137106206,37890.240860830585,0.0,300.0,70.4,400.0,7929.0,10435.0,10149.57,0.0,388.1670503777041,0.0,10259.25514148272,517.5560671702721,13501.743902304474,0.0,91.0898678219679,13132.428831673446
2020,210001239551,CARLOS HUMBERTO MARQUES VIEIRA,MDB,0,1306.829069604937,395.2834463012953,0.0,140.0,15.5,0.0,0.0,150.0,0.0,0.0,181.14462350959522,0.0,0.0,0.0,194.08352518885204,0.0,20.055297602848043,0.0
2020,210001239468,FAGNER SILVEIRA FEIJÓ,PTB,0,20617.85517005877,19408.352518885204,0.0,2040.0,0.0,0.0,9500.0,220.0,3240.0,0.0,2639.535942568388,0.0,12291.956595293963,0.0,284.65583694364966,0.0,0.0,4192.204144079204
2020,210001239480,PAULO SERGIO DOS SANTOS OLIVEIRA,PTB,0,1099.8066427368285,621.0672806043265,0.0,0.0,0.0,0.0,480.0,0.0,0.0,0.0,0.0,0.0,621.0672806043265,0.0,0.0,0.0,0.0,0.0
2020,210001239467,JOSIANE DOS SANTOS RODRIGUES,PTB,0,10609.899376990576,6598.839856420969,500.0,0.0,800.0,220.0,3580.0,0.0,0.0,0.0,0.0,646.9450839628402,4632.126801173935,284.65583694364966,0.0,0.0,1035.1121343405441,0.0
2020,210001239458,ANDERSON DE FREITAS GARCIA,PTB,1,65493.407941568046,60770.55356181916,600.0,0.0,2128.0,28800.0,14452.0,0.0,0.0,987.3199999999999,0.0,776.3341007554081,18699.30070686193,37264.03683625959,0.0,1277.4836405963824,2753.3982773458474,0.0
2020,210001239696,ADEMAR FERNANDES DE ORNEL,DEM,1,21607.96580435886,17277.574190345193,0.0,0.0,13.200000000000001,0.0,11540.0,800.0,0.0,1000.0,0.0,0.0,14931.49253786235,0.0,1035.1121343405441,1293.8901679256803,17.07935021661898,0.0
2020,210001239682,LUCAS SOARES MOREIRA,DEM,0,905.723117547976,0.0,0.0,0.0,0.0,0.0,0.0,0.0,0.0,0.0,0.0,0.0,0.0,0.0,0.0,0.0,0.0,0.0
2020,210001239669,CLAUDIA NARA VARGAS SEVERO,DEM,0,711.6395923591241,0.0,0.0,0.0,0.0,0.0,0.0,0.0,0.0,0.0,0.0,0.0,0.0,0.0,0.0,0.0,0.0,0.0
2020,210001181720,CARLOS EDUARDO BORGES DIAS,PT,0,8296.423756739461,3622.038502681074,300.0,0.0,41.0,0.0,1660.0,0.0,493.0,305.34000000000003,0.0,388.1670503777041,2147.8576787566294,0.0,0.0,395.07642387442723,53.04949688495289,637.8878527873603
2020,210001240516,SIMONE HUCH OLIVEIRA,PSL,0,0.0,0.0,0.0,0.0,0.0,0.0,0.0,0.0,0.0,0.0,0.0,0.0,0.0,0.0,0.0,0.0,0.0,0.0
2020,210001258334,CRISTIANO BAZAN ANDERSON,PL,0,1308.1229597728627,802.2119041139217,0.0,0.0,30.0,240.0,0.0,0.0,350.0,0.0,0.0,0.0,0.0,310.53364030216323,0.0,0.0,38.816705037770404,452.86155877398807
2020,210000863520,JENIFER DA SILVA DIAS,PSOL,0,11147.10963581164,10783.500620821167,900.0,1000.0,1654.0,1650.0,2835.0,234.0,0.0,61.17,1293.8901679256803,1164.5011511331122,3668.1786260693034,2134.9187770773724,302.7702992946092,79.14726157201386,2140.0943377490753,0.0
2020,210000863527,JURANDIR BUCHWEITZ E SILVA,PSOL,1,62290.90038693519,50652.70767678904,3770.0,3910.5699999999997,9796.54,3584.0,16086.5,1000.0,0.0,1000.0,5059.848073985127,4877.965933079815,20814.164186336457,4637.302361845638,1293.8901679256803,1293.8901679256803,12675.646785690644,0.0
2020,210001240305,MIGUEL LOPES SIEFERT,AVANTE,0,4438.043275985083,4412.16547262657,0.0,0.0,0.0,0.0,3380.0,30.0,0.0,0.0,0.0,0.0,4373.348767588799,0.0,38.816705037770404,0.0,0.0,0.0
2020,210001240885,VICTOR HUGO DE CASTRO MAIA,PATRIOTA,0,672.8228873213537,336.41144366067687,0.0,0.0,10.0,0.0,250.0,0.0,0.0,0.0,0.0,0.0,323.4725419814201,0.0,0.0,0.0,12.938901679256801,0.0
2020,210000838229,EDSON MARTINS DA ROCHA,PATRIOTA,0,737.5173957176378,394.63650121733247,0.0,0.0,0.0,0.0,305.0,0.0,0.0,0.0,0.0,0.0,394.63650121733247,0.0,0.0,0.0,0.0,0.0
2020,210001239205,WILLIAM MACHADO VIEGAS,PDT,0,2717.1693526439285,1887.7857550035676,0.0,0.0,14.0,0.0,1295.0,150.0,0.0,0.0,0.0,0.0,1675.5877674637559,0.0,194.08352518885204,0.0,18.114462350959524,0.0
2020,210001181722,MARIA TEREZA TAVARES FUJII,PT,0,6938.48602550146,5385.817823990644,0.0,0.0,733.0,860.5,2029.0,0.0,0.0,540.0,0.0,0.0,2625.3031507212054,1113.3924895000478,0.0,698.7006906798673,948.4214930895237,0.0
2020,210001181735,NEUZA REGINA DAS NEVES JANKE,PT,0,10480.51036019801,2525.479524265739,250.0,259.14,687.71,400.0,60.0,0.0,0.0,295.0,335.29869811626077,323.4725419814201,77.63341007554081,517.5560671702721,0.0,381.6975995380757,889.8212073841696,0.0
2020,210001181719,RAFAEL DE SOUZA BELTRAME,PT,0,2304.3278167638814,1527.9937160084737,0.0,851.12,241.81,0.0,88.0,0.0,0.0,0.0,1101.255799724905,0.0,113.86233477745986,0.0,0.0,0.0,312.87558150610874,0.0
2020,210001181728,NELSON FAGUNDES ALVES,PT,0,962.9130629702912,186.57896221488303,0.0,0.0,24.2,0.0,120.0,0.0,0.0,0.0,0.0,0.0,155.26682015108162,0.0,0.0,0.0,31.31214206380146,0.0
2020,210001181727,MIRIAM PAZ GARCEZ MARRONI,PT,1,61011.99346715409,54542.54262752569,2950.0,3050.0,338.71999999999997,15950.0,16340.2,3175.0,0.0,350.0,3946.365012173325,3816.9759953807566,21142.424121939202,20637.5481784146,4108.101283164035,452.86155877398807,438.26647767978636,0.0
2020,210001238665,MICHEL HALAL,PP,0,11871.442290718116,11871.442290718116,1000.0,3400.0,34.9,0.0,3564.2,1000.0,175.9,0.0,4399.226570947313,1293.8901679256803,4611.683336520709,0.0,1293.8901679256803,0.0,45.15676686060624,227.59528053812716
2020,210001238670,ASTROGILDO GONÇALVES PINTO,PP,0,6622.129879443632,4516.841187211757,0.0,0.0,20.9,1120.0,2350.0,0.0,0.0,0.0,0.0,0.0,3040.6418946253484,1449.1569880767618,0.0,0.0,27.042304509646716,0.0
2020,210001238666,ROBERT GONÇALVES BOTELHO,PP,0,8239.492589350732,6469.256756103213,0.0,0.0,0.35,2730.0,2269.5,0.0,0.0,0.0,0.0,0.0,2936.4837361073314,3532.3201584371072,0.0,0.0,0.45286155877398804,0.0
2020,210001238688,LUIZ ANTONIO DE LIMA SILVEIRA,PP,0,4357.822085573691,2587.7803358513606,0.0,0.0,0.0,0.0,2000.0,0.0,0.0,0.0,0.0,0.0,2587.7803358513606,0.0,0.0,0.0,0.0,0.0
2020,210001238676,MARGARETE MOLINA KROLOW,PP,0,5134.156186329099,3876.494943105338,0.0,0.0,156.0,1320.0,600.0,220.0,0.0,700.0,0.0,0.0,776.3341007554081,1707.935021661898,284.65583694364966,905.7231175479761,201.84686619640613,0.0
2020,210001238687,CLEBER TUCHTENHAGEN DUARTE,PP,0,1770.0417497223305,0.0,0.0,0.0,0.0,0.0,0.0,0.0,0.0,0.0,0.0,0.0,0.0,0.0,0.0,0.0,0.0,0.0
2020,210000936180,PAMELA AZEVEDO DA SILVEIRA,PSD,0,1242.9108953094085,0.0,0.0,0.0,0.0,0.0,0.0,0.0,0.0,0.0,0.0,0.0,0.0,0.0,0.0,0.0,0.0,0.0
2020,210000936172,DAIANE FONSECA BORBA,PSD,0,4301.667252285716,18.114462350959524,0.0,0.0,14.0,0.0,0.0,0.0,0.0,0.0,0.0,0.0,0.0,0.0,0.0,0.0,18.114462350959524,0.0
2020,210000936169,CELSO RODRIGUES GONZAGA,PSD,0,3593.132996329614,222.35502535802812,0.0,0.0,14.35,0.0,157.5,0.0,0.0,0.0,0.0,0.0,203.78770144829463,0.0,0.0,0.0,18.56732390973351,0.0
2020,210000724738,DOMINGOS SÁVIO BORGES FARIA,REPUBLICANOS,0,18410.11625433054,12066.819706074892,0.0,700.0,45.349999999999994,359.86,3336.75,330.0,0.0,4554.04,905.7231175479761,0.0,4317.388017826013,465.6193158297353,426.9837554154745,5892.427580340265,58.67791911542959,0.0
2020,210001272816,IDELCINA VIANA SOARES,REPUBLICANOS,0,1293.8901679256803,0.0,0.0,0.0,0.0,0.0,0.0,0.0,0.0,0.0,0.0,0.0,0.0,0.0,0.0,0.0,0.0,0.0
2020,210000724742,ISIS FERREIRA BRAGA,REPUBLICANOS,0,0.0,0.0,0.0,0.0,0.0,0.0,0.0,0.0,0.0,0.0,0.0,0.0,0.0,0.0,0.0,0.0,0.0,0.0
2020,210000724739,CLEONICE APARECIDA DE MELLO OLIVEIRA,REPUBLICANOS,0,3209.882728590028,1881.4327542790525,0.0,0.0,0.0,1214.08,0.0,0.0,0.0,240.01,0.0,0.0,0.0,1570.8861750752098,0.0,310.5465792038425,0.0,0.0
2020,210000680580,FRANCIS TAVARES FARIAS,PSB,0,2014.328213426699,1293.8901679256803,0.0,0.0,0.0,1000.0,0.0,0.0,0.0,0.0,0.0,0.0,0.0,1293.8901679256803,0.0,0.0,0.0,0.0
2020,210000680583,LUIZ EDUARDO RODRIGUES DOS SANTOS,PSB,0,2273.106247011835,1552.6682015108163,0.0,200.0,0.0,1000.0,0.0,0.0,0.0,0.0,258.77803358513603,0.0,0.0,1293.8901679256803,0.0,0.0,0.0,0.0
2020,210001240289,DIEGO FERREIRA DE AVILA,CIDADANIA,0,2697.761000125043,2180.2049329547717,0.0,0.0,0.0,0.0,1685.0,0.0,0.0,0.0,0.0,0.0,2180.2049329547713,0.0,0.0,0.0,0.0,0.0
2020,210001240276,SALVADOR GONÇALVES RIBEIRO,CIDADANIA,0,60424.670842129264,59434.65078014093,3000.0,2000.0,1415.85,17140.0,22379.0,0.0,0.0,0.0,2587.7803358513606,3881.6705037770407,28955.9680680088,22177.27747824616,0.0,0.0,1831.9543942575742,0.0
2020,210001242951,JOÃO PEDRO EBLING DOS SANTOS,PODE,0,0.0,0.0,0.0,0.0,0.0,0.0,0.0,0.0,0.0,0.0,0.0,0.0,0.0,0.0,0.0,0.0,0.0,0.0
2020,210001242955,PATRÍCIA DAIANE ORIGE DAMÉ NUNES,PODE,0,469.6821309570219,469.6821309570219,0.0,0.0,0.0,0.0,363.0,0.0,0.0,0.0,0.0,0.0,469.6821309570219,0.0,0.0,0.0,0.0,0.0
2020,210001242939,JEFFERSON DA CONCEIÇÃO RODRIGUES,PODE,0,3377.0533382860253,3377.0533382860253,700.0,740.0,0.0,0.0,1170.0,0.0,0.0,0.0,957.4787242650034,905.7231175479761,1513.851496473046,0.0,0.0,0.0,0.0,0.0
2020,210001239730,ELENA CRISTINA ENGERS,PSDB,0,32265.739117562687,24972.080240965628,2924.4700000000003,3000.0,65.5,0.0,12510.03,800.0,0.0,0.0,3881.6705037770407,3783.942979393614,16186.604817455298,0.0,1035.1121343405441,0.0,84.74980599913205,0.0
2020,210001239720,MARCIO PEREIRA DOS SANTOS,PSDB,1,28963.27854745758,15694.17609734614,450.0,1000.0,52.25,0.0,9869.0,758.2,0.0,0.0,1293.8901679256803,582.2505755665561,12769.402067258537,0.0,981.0275253212508,0.0,67.60576127411679,0.0
2020,210001239718,NEY VALDIR REICHOW BANDEIRA,PSDB,1,12797.867650952903,5628.422230476709,0.0,0.0,0.0,0.0,3350.0,800.0,0.0,200.0,0.0,0.0,4334.5320625510285,0.0,1035.1121343405441,258.77803358513603,0.0,0.0
2020,210001239729,FERNANDA BRAGA PUCCINELLI,PSDB,0,31877.05451111781,20381.357925165317,1200.0,4200.0,860.2,0.0,8691.8,800.0,0.0,0.0,5434.338705287857,1552.6682015108163,11246.234561576426,0.0,1035.1121343405441,0.0,1113.00432244967,0.0
2020,210001239721,EDMAR CAMPOS,PSDB,0,10057.25300846616,2096.102072039602,0.0,0.0,0.0,0.0,820.0,800.0,0.0,0.0,0.0,0.0,1060.9899376990577,0.0,1035.1121343405441,0.0,0.0,0.0
2020,210001258296,CARISE DOS SANTOS MULLER,PL,0,5511.972115363398,4787.393621325017,0.0,300.0,74.0,2042.0,391.0,793.0,0.0,100.0,388.1670503777041,0.0,505.911055658941,2642.123722904239,1026.0549031650644,129.38901679256801,95.74787242650034,0.0
2020,210001258319,ELIANE GORETE GARCIA DOMINGUES,PL,0,2317.3572907548933,1802.7771709708504,0.0,200.0,12.3,990.0,191.0,0.0,0.0,0.0,258.77803358513603,0.0,247.13302207380494,1280.9512662464235,0.0,0.0,15.914849065485868,0.0
2020,210001258324,ÉLDIO FEIJÓ GONÇALVES,PL,0,2123.273765566041,1617.3627099071002,0.0,460.0,10.0,390.0,0.0,0.0,390.0,0.0,595.1894772458129,0.0,0.0,504.61716549101527,0.0,0.0,12.938901679256801,504.61716549101527
2020,210001239549,TERTULIANO CESAR CAMACHO,MDB,0,1662.0019207005362,0.0,0.0,0.0,0.0,0.0,0.0,0.0,0.0,0.0,0.0,0.0,0.0,0.0,0.0,0.0,0.0,0.0
2020,210001239568,ADIR MARTIRENE DIAS,MDB,0,1396.754436275772,194.08352518885204,0.0,0.0,0.0,0.0,0.0,150.0,0.0,0.0,0.0,0.0,0.0,0.0,194.08352518885204,0.0,0.0,0.0
2020,210001239570,PATRICIA ANDREIA PASSOS ALEIXO,MDB,0,1299.712673681346,0.0,0.0,0.0,0.0,0.0,0.0,0.0,0.0,0.0,0.0,0.0,0.0,0.0,0.0,0.0,0.0,0.0
2020,210001239553,PAULO CAETANO,MDB,0,2220.768389719241,1423.7320462770222,0.0,200.0,60.35,0.0,690.0,150.0,0.0,0.0,258.77803358513603,0.0,892.7842158687193,0.0,194.08352518885204,0.0,78.0862716343148,0.0
2020,210001239479,WILSON GOEBEL,PTB,0,2080.575390024494,1627.7138312505058,0.0,750.0,0.0,0.0,508.0,0.0,0.0,0.0,970.4176259442602,0.0,657.2962053062456,0.0,0.0,0.0,0.0,0.0
2020,210001239482,OTAVIO MARTINS SOARES,PTB,0,15979.54357388215,13462.163802067627,4400.0,3500.0,50.85,1000.0,1300.0,0.0,0.0,153.56,4528.6155877398805,5693.116738872993,1682.0572183033844,1293.8901679256803,0.0,198.68977418666745,65.79431503902084,0.0
2020,210001239473,CHAINE DOS SANTOS MEIRELES,PTB,0,0.0,0.0,0.0,0.0,0.0,0.0,0.0,0.0,0.0,0.0,0.0,0.0,0.0,0.0,0.0,0.0,0.0,0.0
2020,210001239463,RAFAEL PEREIRA DUTRA,PTB,1,65186.47131593272,61847.95002684752,1650.0,0.0,0.0,12550.0,12000.0,10350.0,0.0,11250.0,0.0,2134.9187770773724,15526.682015108163,16238.321607467287,13391.76323803079,14556.264389163902,0.0,0.0
2020,210001239457,FRANCISCA CAVALHEIRO LEGORIO,PTB,0,4335.54129688201,2190.5560542981766,0.0,0.0,31.0,500.0,1162.0,0.0,0.0,0.0,0.0,0.0,1503.5003751296404,646.9450839628402,0.0,0.0,40.110595205696086,0.0
2020,210001239470,MARCOS FERREIRA INSSARRIAGA,PTB,1,18993.40194203144,13454.905078225564,0.0,178.8,44.0,6000.0,3426.0,0.0,0.0,750.0,231.34756202511164,0.0,4432.86771531338,7763.341007554081,0.0,970.4176259442602,56.93116738872993,0.0
2020,210001239469,GLACI MARIA MOREIRA RODRIGUES,PTB,0,13391.76323803079,12582.305548976485,0.0,0.0,158.39999999999998,6916.0,2650.0,0.0,0.0,0.0,0.0,0.0,3428.8089450030525,8948.544401374005,0.0,0.0,204.95220259942772,0.0
2020,210001239481,SÉRGIO LUIZ TAVARES ACOSTA,PTB,0,12919.208670900976,9957.778732356035,0.0,420.0,0.0,6700.0,395.0,0.0,181.0,0.0,543.4338705287857,0.0,511.08661633064366,8669.064125102057,0.0,0.0,0.0,234.19412039454812
2020,210001239471,ARNO DUMMER,PTB,0,0.0,0.0,0.0,0.0,0.0,0.0,0.0,0.0,0.0,0.0,0.0,0.0,0.0,0.0,0.0,0.0,0.0,0.0
2020,210001239678,SILVIO COITINHO SOUZA,DEM,0,33188.2828072937,32239.059102300056,0.0,0.0,91.25,16353.33,4736.8,3735.0,0.0,0.0,0.0,0.0,6128.898947430363,21159.412899844065,4832.679777202416,0.0,118.06747782321833,0.0
2020,210001239668,DERLI ALVES DE BORBA,DEM,0,4632.126801173935,3903.666636631777,0.0,0.0,0.0,0.0,2817.0,200.0,0.0,0.0,0.0,0.0,3644.888603046641,0.0,258.77803358513603,0.0,0.0,0.0
2020,210001239694,LUDIER OLMIRO TERRES DUARTE,DEM,0,1707.288076577935,801.5649590299589,0.0,0.0,19.5,0.0,600.0,0.0,0.0,0.0,0.0,0.0,776.3341007554081,0.0,0.0,0.0,25.230858274550766,0.0
2024,210002057419,SANDRO ESTIMA DE SOUZA,PL,0,1350.0,550.0,0.0,0.0,0.0,0.0,550.0,0.0,0.0,0.0,0.0,0.0,550.0,0.0,0.0,0.0,0.0,0.0
2024,210001990546,MARCIO PEREIRA DOS SANTOS,PSDB,0,23047.0,6997.2,0.0,0.0,0.0,0.0,6997.2,0.0,0.0,0.0,0.0,0.0,6997.2,0.0,0.0,0.0,0.0,0.0
2024,210001990530,ROSIMERI NAITISCK AMARAL,PSDB,0,20375.21,6000.0,0.0,0.0,0.0,3265.0,2685.0,0.0,0.0,50.0,0.0,0.0,2685.0,3265.0,0.0,50.0,0.0,0.0
2024,210001990549,PAULO CESAR COITINHO DOS SANTOS,CIDADANIA,1,63212.0,57793.0,0.0,0.0,0.0,11400.0,43043.0,2000.0,350.0,1000.0,0.0,0.0,43043.0,11400.0,2000.0,1000.0,0.0,350.0
2024,210001990547,MARCO AURELIO DA SILVA MORAES,PSDB,0,7995.0,7995.0,0.0,0.0,0.0,0.0,7995.0,0.0,0.0,0.0,0.0,0.0,7995.0,0.0,0.0,0.0,0.0,0.0
2024,210002057407,JOSÉ VALDOIR RIBEIRO,PL,0,19300.0,17100.0,0.0,3500.0,0.0,0.0,9830.0,3770.0,0.0,0.0,3500.0,0.0,9830.0,0.0,3770.0,0.0,0.0,0.0
2024,210002057404,JANICE QUINZEN WILLRICH,PL,0,24590.0,23461.37,0.0,4690.0,3000.0,1410.0,5904.0,8110.0,347.37,0.0,4690.0,0.0,5904.0,1410.0,8110.0,0.0,3000.0,347.37
2024,210002167838,LUAN DIEGO BADIA,PSOL,0,11450.0,11450.0,0.0,1525.88,60.120000000000005,2400.0,7464.0,0.0,0.0,0.0,1525.88,0.0,7464.0,2400.0,0.0,0.0,60.120000000000005,0.0
2024,210002167840,MARCUS SIQUEIRA DA CUNHA,PSOL,0,72842.18,69842.18000000001,8800.0,2000.0,2277.18,11988.0,38003.49,1002.98,5400.0,370.53,2000.0,8800.0,38003.49,11988.0,1002.98,370.53,2277.18,5400.0
2024,210002216018,ELTON CORRÊA DE QUADROS,PDT,0,3500.0,3500.0,1500.0,0.0,0.0,1540.0,444.0,0.0,16.0,0.0,0.0,1500.0,444.0,1540.0,0.0,0.0,0.0,16.0
2024,210002216036,PAULO EZEQUIEL PRESTES NUNES,PDT,0,3500.0,3500.0,200.0,0.0,0.0,1781.0,1519.0,0.0,0.0,0.0,0.0,200.0,1519.0,1781.0,0.0,0.0,0.0,0.0
2024,210002216025,SANDOKAN AREVALO BATISTA FILHO,PDT,0,3500.0,3500.0,0.0,0.0,0.0,0.0,0.0,0.0,0.0,3500.0,0.0,0.0,0.0,0.0,0.0,3500.0,0.0,0.0
2024,210002314830,FRANCINE LEROY PISTOLETTI,SOLIDARIEDADE,0,3070.0,3069.0,0.0,0.0,0.0,2000.0,1069.0,0.0,0.0,0.0,0.0,0.0,1069.0,2000.0,0.0,0.0,0.0,0.0
2024,210002315888,LEONARDO LEAL TAVARES,REPUBLICANOS,0,5050.0,5050.0,0.0,326.0,0.0,0.0,4724.0,0.0,0.0,0.0,326.0,0.0,4724.0,0.0,0.0,0.0,0.0,0.0
2024,210002315895,ROGERIO BENTO RODRIGUES,REPUBLICANOS,0,440.0,440.0,0.0,0.0,0.0,0.0,440.0,0.0,0.0,0.0,0.0,0.0,440.0,0.0,0.0,0.0,0.0,0.0
2024,210002315880,MARCO AURELIO ARAUJO GERI,REPUBLICANOS,0,476.6,476.6,0.0,0.0,0.0,0.0,476.6,0.0,0.0,0.0,0.0,0.0,476.6,0.0,0.0,0.0,0.0,0.0
2024,210002153323,ARTHUR GEORGES HALAL ABREU,PP,1,90484.13,87772.12999999999,3150.0,13600.0,8160.0,17905.04,34747.0,4030.0,981.54,5198.55,13600.0,3150.0,34747.0,17905.04,4030.0,5198.55,8160.0,981.54
2024,210002153327,LELIO GOMES BROD,PP,0,6800.0,6800.0,0.0,3800.0,0.0,0.0,1700.0,1300.0,0.0,0.0,3800.0,0.0,1700.0,0.0,1300.0,0.0,0.0,0.0
2024,210002072123,GLADIMIR MENDES PRESTES,NOVO,0,3565.0,3565.0,0.0,0.0,0.0,3565.0,0.0,0.0,0.0,0.0,0.0,0.0,0.0,3565.0,0.0,0.0,0.0,0.0
2024,210001918896,GIOVANE DUARTE ARAÚJO,UNIÃO,0,201.0,201.0,0.0,0.0,0.0,0.0,201.0,0.0,0.0,0.0,0.0,0.0,201.0,0.0,0.0,0.0,0.0,0.0
2024,210001918911,JOSÉ RICARDO DOS SANTOS DE SOUZA,UNIÃO,0,15400.0,15955.95,0.0,4563.29,1100.0,0.0,8906.0,1386.66,0.0,0.0,4563.29,0.0,8906.0,0.0,1386.66,0.0,1100.0,0.0
2024,210001918899,RAFAEL PEREIRA DUTRA,UNIÃO,1,21280.0,18890.0,0.0,0.0,0.0,0.0,11890.0,0.0,0.0,7000.0,0.0,0.0,11890.0,0.0,0.0,7000.0,0.0,0.0
2024,210002018217,LEANDRO TORANÇA FAGUNDES,PSD,0,16149.1,9999.75,5526.0,0.0,0.0,0.0,4473.75,0.0,0.0,0.0,0.0,5526.0,4473.75,0.0,0.0,0.0,0.0,0.0
2024,210002018216,JULIANO CARVALHO FARIAS,PSD,0,17797.05,14956.97,0.0,2371.97,0.0,0.0,4065.0,8520.0,0.0,0.0,2371.97,0.0,4065.0,0.0,8520.0,0.0,0.0,0.0
2024,210002018223,BRENDA ALVARO PUREZA,PSD,0,6848.8,0.0,0.0,0.0,0.0,0.0,0.0,0.0,0.0,0.0,0.0,0.0,0.0,0.0,0.0,0.0,0.0,0.0
2024,210002069747,RONALDO QUADRADO GOMES,PT,0,79342.69,75723.89,0.0,2177.88,22066.309999999998,21100.0,27879.7,0.0,0.0,2500.0,2177.88,0.0,27879.7,21100.0,0.0,2500.0,22066.309999999998,0.0
2024,210002069744,MARIELDA BARCELLOS MEDEIROS,PT,0,28189.6,27565.22,2200.0,269.99,668.62,14870.1,6933.5,0.0,35.0,2588.01,269.99,2200.0,6933.5,14870.1,0.0,2588.01,668.62,35.0
2024,210002069742,DIEGO RODRIGUES GONÇALVES,PT,0,15251.73,14628.87,0.0,1200.0,2873.8,6590.0,3325.07,0.0,560.0,80.0,1200.0,0.0,3325.07,6590.0,0.0,80.0,2873.8,560.0
2024,210001919022,GILMAR MADEIRA,PSB,0,6978.67,6338.0,0.0,500.0,0.0,0.0,5838.0,0.0,0.0,0.0,500.0,0.0,5838.0,0.0,0.0,0.0,0.0,0.0
2024,210001919028,PABLO FERNANDES SALOMÃO,PSB,0,11980.46,9435.0,0.0,1320.0,0.0,0.0,5995.0,2120.0,0.0,0.0,1320.0,0.0,5995.0,0.0,2120.0,0.0,0.0,0.0
2024,210001919020,EMERSON LUIS NUNES GOULARTE,PSB,0,13844.06,11254.0,500.0,1500.0,0.0,0.0,4909.0,4345.0,0.0,0.0,1500.0,500.0,4909.0,0.0,4345.0,0.0,0.0,0.0
2024,210001919016,SHEILA APARECIDA DE CAMPOS,PSB,0,5310.4,1500.0,0.0,0.0,0.0,0.0,0.0,1500.0,0.0,0.0,0.0,0.0,0.0,0.0,1500.0,0.0,0.0,0.0
2024,210002232397,ALDO CLEO RÖSLER JUNIOR,MDB,0,8200.0,8200.0,0.0,8200.0,0.0,0.0,0.0,0.0,0.0,0.0,8200.0,0.0,0.0,0.0,0.0,0.0,0.0,0.0
2024,210002232404,EZIO ROGERIO BARBOZA PINTO,MDB,0,1500.0,1500.0,0.0,0.0,0.0,0.0,0.0,1500.0,0.0,0.0,0.0,0.0,0.0,0.0,1500.0,0.0,0.0,0.0
2024,210002232396,LUCIANO TAVARES LOURENÇO,MDB,0,4200.0,4200.0,0.0,0.0,0.0,0.0,3365.0,835.0,0.0,0.0,0.0,0.0,3365.0,0.0,835.0,0.0,0.0,0.0
2024,210002232402,ANGELA ALVES LESSER,MDB,0,2500.0,2500.0,0.0,0.0,0.0,0.0,390.0,430.0,0.0,1680.0,0.0,0.0,390.0,0.0,430.0,1680.0,0.0,0.0
2024,210001990541,GILCENETE QUINTANA DA CUNHA,CIDADANIA,0,18110.71,3215.0,0.0,0.0,0.0,1500.0,1715.0,0.0,0.0,0.0,0.0,0.0,1715.0,1500.0,0.0,0.0,0.0,0.0
2024,210001990545,MAICON MADEIRA DA SILVA,PSDB,0,13338.8,6078.0,200.0,0.0,0.0,1846.71,2871.5,0.0,441.71000000000004,718.08,0.0,200.0,2871.5,1846.71,0.0,718.08,0.0,441.71000000000004
2024,210001990536,NEY VALDIR REICHOW BANDEIRA,PSDB,0,8752.0,6000.0,0.0,0.0,0.0,0.0,6000.0,0.0,0.0,0.0,0.0,0.0,6000.0,0.0,0.0,0.0,0.0,0.0
2024,210001990533,IDEMAR BARZ,PSDB,0,51758.5,39596.0,5000.0,0.0,0.0,5214.0,19068.0,0.0,10314.0,0.0,0.0,5000.0,19068.0,5214.0,0.0,0.0,0.0,10314.0
2024,210001990540,EDSON RAMALHO,PSDB,0,19744.8,9634.83,0.0,1000.0,0.0,5192.5,3180.0,0.0,0.0,262.33,1000.0,0.0,3180.0,5192.5,0.0,262.33,0.0,0.0
2024,210002057405,EMANUELLE SILVEIRA GONÇALVES,PL,0,1850.0,1050.0,0.0,174.0,0.0,0.0,820.0,56.0,0.0,0.0,174.0,0.0,820.0,0.0,56.0,0.0,0.0,0.0
2024,210002057412,JOSÉ HEITOR VALÓRIA SALOMÃO,PL,0,2581.0,1773.0,0.0,0.0,0.0,0.0,1585.0,0.0,0.0,188.0,0.0,0.0,1585.0,0.0,0.0,188.0,0.0,0.0
2024,210002057408,MARIA FLORÊNCIA LESSA BORBA,PL,0,6610.0,5791.0,0.0,0.0,0.0,0.0,1471.0,4320.0,0.0,0.0,0.0,0.0,1471.0,0.0,4320.0,0.0,0.0,0.0
2024,210002057413,ENILDA DE QUEVEDO PINTO,PL,0,2800.0,1990.0,0.0,0.0,0.0,0.0,0.0,1990.0,0.0,0.0,0.0,0.0,0.0,0.0,1990.0,0.0,0.0,0.0
2024,210002057400,MAICON SOES ZUGE,PL,0,11123.9,10323.9,0.0,1300.0,3300.0,0.0,4145.0,0.0,1578.9,0.0,1300.0,0.0,4145.0,0.0,0.0,0.0,3300.0,1578.9
2024,210002167823,ANTONIO ERNANI PINTO DA SILVA FILHO,PSOL,0,11502.18,9001.99,1560.0,0.0,0.0,0.0,3380.0,3200.0,0.0,861.99,0.0,1560.0,3380.0,0.0,3200.0,861.99,0.0,0.0
2024,210002167835,CLAUDIO ROBERTO OLIVEIRA DUARTE,PSOL,0,12885.7,9085.7,360.0,0.0,0.0,6768.0,1758.7,199.0,0.0,0.0,0.0,360.0,1758.7,6768.0,199.0,0.0,0.0,0.0
2024,210002167825,OLGA FRANCISCA DA SILVA ROCHA,REDE,0,27612.0,18981.95,2784.0,650.0,0.0,10060.0,2987.95,2500.0,0.0,0.0,650.0,2784.0,2987.95,10060.0,2500.0,0.0,0.0,0.0
2024,210002167827,JORGE SEBASTIAO DE AZEVEDO MOREIRA,PSOL,0,10002.18,9819.0,60.0,0.0,0.0,2400.0,2709.0,650.0,0.0,4000.0,0.0,60.0,2709.0,2400.0,650.0,4000.0,0.0,0.0
2024,210002216035,LUIS CARLOS AMARAL,PDT,0,0.0,0.0,0.0,0.0,0.0,0.0,0.0,0.0,0.0,0.0,0.0,0.0,0.0,0.0,0.0,0.0,0.0,0.0
2024,210002216034,JOSE KURZ NATUSCH,PDT,0,11665.0,11374.8,0.0,3000.0,1200.0,0.0,3575.8,3500.0,99.0,0.0,3000.0,0.0,3575.8,0.0,3500.0,0.0,1200.0,99.0
2024,210002216031,VANIA CRISTINA FURTADO DALMORRA REINHARDT,PDT,0,9500.0,5500.0,0.0,0.0,0.0,3862.0,432.0,0.0,0.0,1206.0,0.0,0.0,432.0,3862.0,0.0,1206.0,0.0,0.0
2024,210002314833,FERNANDA LOPER,SOLIDARIEDADE,0,0.0,0.0,0.0,0.0,0.0,0.0,0.0,0.0,0.0,0.0,0.0,0.0,0.0,0.0,0.0,0.0,0.0,0.0
2024,210002315882,LUIS CARLOS BATISTA DA SILVA,REPUBLICANOS,0,0.0,0.0,0.0,0.0,0.0,0.0,0.0,0.0,0.0,0.0,0.0,0.0,0.0,0.0,0.0,0.0,0.0,0.0
2024,210002315875,ALDO DINIS FERREIRA BASTOS,REPUBLICANOS,0,971.5,971.5,0.0,0.0,0.0,0.0,971.5,0.0,0.0,0.0,0.0,0.0,971.5,0.0,0.0,0.0,0.0,0.0
2024,210002315879,MICHAEL CAVALHEIRO DA CUNHA,REPUBLICANOS,0,3882.0,3882.0,0.0,0.0,0.0,0.0,3882.0,0.0,0.0,0.0,0.0,0.0,3882.0,0.0,0.0,0.0,0.0,0.0
2024,210002153316,ILDO ROBERTO DUTRA SALLABERRY,PP,0,0.0,0.0,0.0,0.0,0.0,0.0,0.0,0.0,0.0,0.0,0.0,0.0,0.0,0.0,0.0,0.0,0.0,0.0
2024,210002153333,THAYSSA BARROS RIBEIRO,PP,0,10000.0,10000.0,0.0,0.0,0.0,4230.0,3415.0,2355.0,0.0,0.0,0.0,0.0,3415.0,4230.0,2355.0,0.0,0.0,0.0
2024,210002153312,RAFAEL ACOSTA AMARAL,PP,1,70000.0,63437.07,0.0,25010.0,0.0,7100.0,28410.0,1000.0,0.0,1917.0700000000002,25010.0,0.0,28410.0,7100.0,1000.0,1917.0700000000002,0.0,0.0
2024,210002153324,ANA PAULA SILVA DOS SANTOS,PP,0,18000.0,18000.0,0.0,1100.0,0.0,5020.0,10880.0,1000.0,0.0,0.0,1100.0,0.0,10880.0,5020.0,1000.0,0.0,0.0,0.0
2024,210002153330,FRANCISCO DE PAULA DA SILVA AMARAL,PP,0,6205.0,6205.0,600.0,2000.0,0.0,0.0,2305.0,1300.0,0.0,0.0,2000.0,600.0,2305.0,0.0,1300.0,0.0,0.0,0.0
2024,210001918912,MARCOS FERREIRA INSSARRIAGA,UNIÃO,1,37806.0,31806.0,0.0,600.0,800.0,14070.0,9042.0,1956.0,0.0,5338.0,600.0,0.0,9042.0,14070.0,1956.0,5338.0,800.0,0.0
2024,210001918893,JOSÉ FRANCISCO ASSUMPÇÃO DA LUZ,UNIÃO,0,1477.0,1477.0,0.0,0.0,0.0,0.0,1477.0,0.0,0.0,0.0,0.0,0.0,1477.0,0.0,0.0,0.0,0.0,0.0
2024,210001918913,PEDRO DELPONTE FERRAZ,UNIÃO,0,540.0,540.0,0.0,0.0,0.0,0.0,540.0,0.0,0.0,0.0,0.0,0.0,540.0,0.0,0.0,0.0,0.0,0.0
2024,210001918901,CRISTIANO WACHHOLZ DA SILVA,UNIÃO,1,44927.54,38527.54,0.0,5900.0,1000.0,7500.0,24007.54,0.0,120.0,0.0,5900.0,0.0,24007.54,7500.0,0.0,0.0,1000.0,120.0
2024,210002018228,DONÁRIO SOUZA DA COSTA,PSD,0,49488.05,33891.0,0.0,0.0,0.0,0.0,33751.0,40.0,0.0,100.0,0.0,0.0,33751.0,0.0,40.0,100.0,0.0,0.0
2024,210002018225,ÉDER RICARDO BLANK,PSD,1,25835.1,15785.3,800.0,250.0,0.0,0.0,9970.9,1019.9,0.0,3744.5,250.0,800.0,9970.9,0.0,1019.9,3744.5,0.0,0.0
2024,210002018230,ELIANE SOARES SA BRITTO BITENCOURT,PSD,0,36752.05,31685.0,0.0,1500.0,0.0,0.0,2570.0,27615.0,0.0,0.0,1500.0,0.0,2570.0,0.0,27615.0,0.0,0.0,0.0
2024,210002018231,ENÉIAS CLARINDO,PSD,0,14852.05,8300.0,1000.0,0.0,0.0,0.0,2250.0,4217.5,0.0,832.5,0.0,1000.0,2250.0,0.0,4217.5,832.5,0.0,0.0
2024,210002069750,ANTONIO LEONEL RODRIGUES SOARES,PT,0,49489.41,43870.61,0.0,0.0,6500.0,20700.0,8100.0,0.0,180.0,8390.61,0.0,0.0,8100.0,20700.0,0.0,8390.61,6500.0,180.0
2024,210002069755,ÉDER RIBEIRO FONSECA,PT,0,47237.69,44618.5,0.0,0.0,1403.5,33410.0,8505.0,0.0,0.0,1300.0,0.0,0.0,8505.0,33410.0,0.0,1300.0,1403.5,0.0
2024,210001919019,MICHELLE DA SILVA,PSB,0,4540.67,3900.0,0.0,0.0,0.0,3900.0,0.0,0.0,0.0,0.0,0.0,0.0,0.0,3900.0,0.0,0.0,0.0,0.0
2024,210002232409,JORGE ROGERIO DOS SANTOS DORO,MDB,0,3050.0,3050.0,0.0,0.0,0.0,0.0,1300.0,1750.0,0.0,0.0,0.0,0.0,1300.0,0.0,1750.0,0.0,0.0,0.0
2024,210002232412,SOPHIA DUTRA SAMPAIO PRESTES,MDB,0,2500.0,2496.54,500.0,0.0,0.0,1118.05,860.0,0.0,0.0,18.49,0.0,500.0,860.0,1118.05,0.0,18.49,0.0,0.0
2024,210001990531,MAURICIO DE FIGUEIREDO MARTINS,PSDB,0,50134.7,43230.7,2000.0,8100.0,1660.0,8397.34,10313.36,2000.0,10760.0,0.0,8100.0,2000.0,10313.36,8397.34,2000.0,0.0,1660.0,10760.0
2024,210002057418,RICHARD BAST BETTIN,PL,0,7156.0,6356.0,0.0,670.0,0.0,0.0,5686.0,0.0,0.0,0.0,670.0,0.0,5686.0,0.0,0.0,0.0,0.0,0.0
2024,210002057420,JOSÉ ANSELMO RODRIGUES,PL,0,51200.0,43000.0,2100.0,15911.8,0.0,4520.0,11654.0,2400.0,614.2,5800.0,15911.8,2100.0,11654.0,4520.0,2400.0,5800.0,0.0,614.2
2024,210002057399,JOÃO PAULO PEDROSO BARTEL,PL,0,5600.0,4800.0,0.0,0.0,2800.0,0.0,2000.0,0.0,0.0,0.0,0.0,0.0,2000.0,0.0,0.0,0.0,2800.0,0.0
2024,210002167833,JULIO ALBERTO BRAGA LOPES DE MOURA,REDE,0,86440.0,85981.97,2284.0,15579.97,12.3,36900.0,31205.7,0.0,0.0,0.0,15579.97,2284.0,31205.7,36900.0,0.0,0.0,12.3,0.0
2024,210002167829,MAICO BITTENCOURT LOPES,PSOL,0,11965.91,11965.91,50.0,1215.0,0.0,1880.0,3079.62,5741.29,0.0,0.0,1215.0,50.0,3079.62,1880.0,5741.29,0.0,0.0,0.0
2024,210002216026,SIMONE BALDES RIBEIRO,PDT,0,5500.0,2525.0,0.0,0.0,0.0,0.0,2525.0,0.0,0.0,0.0,0.0,0.0,2525.0,0.0,0.0,0.0,0.0,0.0
2024,210002216024,JOAO ANTÔNIO MARTINS COSTA,PDT,0,23605.0,22605.0,0.0,2165.0,0.0,7855.0,12585.0,0.0,0.0,0.0,2165.0,0.0,12585.0,7855.0,0.0,0.0,0.0,0.0
2024,210002314832,JOSE SADAN RODRIGUES DUARTE,SOLIDARIEDADE,0,0.0,0.0,0.0,0.0,0.0,0.0,0.0,0.0,0.0,0.0,0.0,0.0,0.0,0.0,0.0,0.0,0.0,0.0
2024,210002315876,DOMINGOS SAVIO BORGES FARIA,REPUBLICANOS,0,54763.0,54763.0,400.0,2000.0,815.9,24640.0,20968.22,0.0,0.0,5938.88,2000.0,400.0,20968.22,24640.0,0.0,5938.88,815.9,0.0
2024,210002315889,SILMAR DE MATOS,REPUBLICANOS,0,256.6,256.6,0.0,0.0,0.0,0.0,256.6,0.0,0.0,0.0,0.0,0.0,256.6,0.0,0.0,0.0,0.0,0.0
2024,210002315892,NAIARA BRAGA KLUG,REPUBLICANOS,0,256.6,256.6,0.0,0.0,0.0,0.0,256.6,0.0,0.0,0.0,0.0,0.0,256.6,0.0,0.0,0.0,0.0,0.0
2024,210002072120,BIBIANA BATISTA ALFONSIN,NOVO,0,3170.0,3170.0,0.0,945.0,0.0,2045.0,0.0,100.0,80.0,0.0,945.0,0.0,0.0,2045.0,100.0,0.0,0.0,80.0
2024,210002072117,CLOVIS NEI LOUZADA LAGES,NOVO,0,3535.39,3170.0,0.0,0.0,0.0,1741.0,1134.0,0.0,295.0,0.0,0.0,0.0,1134.0,1741.0,0.0,0.0,0.0,295.0
2024,210002072122,SANDRA SEZEPANSKI BRANDT,NOVO,0,9170.0,9063.33,4000.0,896.33,0.0,1120.0,2967.0,0.0,80.0,0.0,896.33,4000.0,2967.0,1120.0,0.0,0.0,0.0,80.0
2024,210001918903,ANDRÉ NOVACK MULLER,UNIÃO,0,10655.74,7865.74,0.0,1824.8899999999999,0.0,250.0,4065.25,0.0,1725.6,0.0,1824.8899999999999,0.0,4065.25,250.0,0.0,0.0,0.0,1725.6
2024,210002018212,ANTÔNIO PEIXOTO OLIVEIRA,PSD,1,56727.1,49178.0,7550.0,12890.0,0.0,0.0,9538.0,19200.0,0.0,0.0,12890.0,7550.0,9538.0,0.0,19200.0,0.0,0.0,0.0
2024,210002018222,ANDREIA DOS SANTOS,PSD,0,56897.8,55000.0,17000.0,0.0,0.0,0.0,38000.0,0.0,0.0,0.0,0.0,17000.0,38000.0,0.0,0.0,0.0,0.0,0.0
2024,210002069758,MARIA TEREZA TAVARES FUJII,PT,0,39272.57,34140.4,0.0,4335.9,3756.0,10550.0,6298.5,5000.0,0.0,4200.0,4335.9,0.0,6298.5,10550.0,5000.0,4200.0,3756.0,0.0
2024,210002069757,CAUÊ FUHRO SOUTO MARTINS,PV,1,56384.42,51760.0,3700.0,11500.0,0.0,29200.0,6560.0,800.0,0.0,0.0,11500.0,3700.0,6560.0,29200.0,800.0,0.0,0.0,0.0
2024,210002069752,CARLOS ALBERTO DOS SANTOS PASSOS,PT,0,37181.73,31402.93,0.0,26.9,9028.25,13752.779999999999,5395.0,0.0,0.0,3200.0,26.9,0.0,5395.0,13752.779999999999,0.0,3200.0,9028.25,0.0
2024,210002069748,MIRIAM PAZ GARCEZ MARRONI,PT,1,85742.38,85123.41,700.0,1588.3600000000001,22421.05,27850.0,19760.0,0.0,12804.0,0.0,1588.3600000000001,700.0,19760.0,27850.0,0.0,0.0,22421.05,12804.0
2024,210001919021,FABIANO SILVEIRA DE ORNEL,PSB,0,12688.07,12013.0,0.0,4000.0,0.0,0.0,4040.0,3973.0,0.0,0.0,4000.0,0.0,4040.0,0.0,3973.0,0.0,0.0,0.0
2024,210002232414,JOÃO ANTONIO SOARES ROSINHA,MDB,0,10100.0,10095.0,0.0,0.0,0.0,0.0,2355.0,7740.0,0.0,0.0,0.0,0.0,2355.0,0.0,7740.0,0.0,0.0,0.0
2024,210002232416,JACQUELINE DIAS DOS SANTOS,MDB,0,2500.0,2355.13,0.0,52.97,0.0,1565.0,0.0,656.21,0.0,80.95,52.97,0.0,0.0,1565.0,656.21,80.95,0.0,0.0
2024,210002057409,NEDISLAN DA ROSA CAMPOS,PL,0,2800.0,1802.0,0.0,0.0,0.0,300.0,1502.0,0.0,0.0,0.0,0.0,0.0,1502.0,300.0,0.0,0.0,0.0,0.0
2024,210002057401,GRACIELE NUNES,PL,0,2800.0,2000.0,0.0,0.0,0.0,0.0,200.0,1800.0,0.0,0.0,0.0,0.0,200.0,0.0,1800.0,0.0,0.0,0.0
2024,210002057414,CARLOS EDUARDO LACERDA GONÇALVES,PL,0,8300.0,7500.0,0.0,1300.0,0.0,0.0,5026.0,1174.0,0.0,0.0,1300.0,0.0,5026.0,0.0,1174.0,0.0,0.0,0.0
2024,210002057416,ANDERSON DOS SANTOS MESQUITA,PL,0,7538.0,6738.0,0.0,1100.0,0.0,2000.0,3638.0,0.0,0.0,0.0,1100.0,0.0,3638.0,2000.0,0.0,0.0,0.0,0.0
2024,210002057417,CARLOS ALBERTO MILGAREJO PEREIRA JUNIOR,PL,1,84010.2,80710.2,1000.0,6510.0,5000.0,5562.2,43625.11,17967.0,0.0,1045.89,6510.0,1000.0,43625.11,5562.2,17967.0,1045.89,5000.0,0.0
2024,210002057406,LUCIANE BRASIL,PL,0,2800.0,2000.0,705.0,0.0,0.0,0.0,1295.0,0.0,0.0,0.0,0.0,705.0,1295.0,0.0,0.0,0.0,0.0,0.0
2024,210002167836,LUIS ALBERTO VITORIA DE DEUS,PSOL,0,10885.7,6070.01,750.0,0.0,0.0,350.0,0.0,4375.0,0.0,595.01,0.0,750.0,0.0,350.0,4375.0,595.01,0.0,0.0
2024,210002167824,CRISTIANE MEDEIROS GOMES,PSOL,0,16012.08,9869.66,60.0,0.0,364.06,2800.0,2142.9,4502.7,0.0,0.0,0.0,60.0,2142.9,2800.0,4502.7,0.0,364.06,0.0
2024,210002167821,IVY ESPILMAN LAZARI,PSOL,0,15712.08,10692.58,1800.0,509.34000000000003,0.0,0.0,2993.24,5390.0,0.0,0.0,509.34000000000003,1800.0,2993.24,0.0,5390.0,0.0,0.0,0.0
2024,210002216017,CARLOS ALBERTO TEIXEIRA DE OLIVEIRA,PDT,0,3500.0,0.0,0.0,0.0,0.0,0.0,0.0,0.0,0.0,0.0,0.0,0.0,0.0,0.0,0.0,0.0,0.0,0.0
2024,210002216029,RUI ANTÔNIO GARCIA JORDÃO,PDT,0,6650.0,3650.0,0.0,0.0,20.8,1759.2,331.6,0.0,0.0,1538.4,0.0,0.0,331.6,1759.2,0.0,1538.4,20.8,0.0
2024,210002315885,FERNANDA ESPINOSA DE OLIVEIRA,REPUBLICANOS,0,0.0,0.0,0.0,0.0,0.0,0.0,0.0,0.0,0.0,0.0,0.0,0.0,0.0,0.0,0.0,0.0,0.0,0.0
2024,210002315883,RENATA CASES DE LEON,REPUBLICANOS,0,256.6,256.6,0.0,0.0,0.0,0.0,256.6,0.0,0.0,0.0,0.0,0.0,256.6,0.0,0.0,0.0,0.0,0.0
2024,210002315896,SIDINEI GOMES TEIXEIRA,REPUBLICANOS,0,476.6,476.6,0.0,0.0,0.0,0.0,476.6,0.0,0.0,0.0,0.0,0.0,476.6,0.0,0.0,0.0,0.0,0.0
2024,210002153320,LÍLIAN XAVIER DOS SANTOS LINHARES,PP,0,52000.0,53406.75,1000.0,14502.0,18.0,16606.75,11780.0,2000.0,0.0,7500.0,14502.0,1000.0,11780.0,16606.75,2000.0,7500.0,18.0,0.0
2024,210002153332,MICHEL HALAL,PP,0,8400.0,8085.0,0.0,0.0,221.0,0.0,7864.0,0.0,0.0,0.0,0.0,0.0,7864.0,0.0,0.0,0.0,221.0,0.0
2024,210002153313,ROBERT GONCALVES BOTELHO,PP,0,38500.35,34000.35,0.0,0.0,145.99,19052.0,10040.0,1000.0,0.0,3762.36,0.0,0.0,10040.0,19052.0,1000.0,3762.36,145.99,0.0
2024,210002153319,MICHEL FERREIRA ESCALANTE,PP,1,64020.0,64019.64,0.0,369.64,0.0,11650.0,51150.0,850.0,0.0,0.0,369.64,0.0,51150.0,11650.0,850.0,0.0,0.0,0.0
2024,210002153317,SANTA ANGELA LIMA DA CUNHA,PP,0,19000.0,19000.0,747.6,8240.0,102.4,0.0,6910.0,3000.0,0.0,0.0,8240.0,747.6,6910.0,0.0,3000.0,0.0,102.4,0.0
2024,210002153318,CRISTIANO NUNES DA SILVA,PP,0,4900.0,4900.0,0.0,2100.0,0.0,0.0,2500.0,300.0,0.0,0.0,2100.0,0.0,2500.0,0.0,300.0,0.0,0.0,0.0
2024,210002153321,WILIAM SAMOEL FERREIRA LIMA,PP,0,4500.0,4000.0,0.0,0.0,0.0,0.0,2650.0,750.0,0.0,600.0,0.0,0.0,2650.0,0.0,750.0,600.0,0.0,0.0
2024,210002072118,BERNARDO ÁVILA PEREIRA DA SILVA,NOVO,0,2513.72,2350.0,0.0,0.0,0.0,770.0,1500.0,0.0,80.0,0.0,0.0,0.0,1500.0,770.0,0.0,0.0,0.0,80.0
2024,210002072121,LUIZ ANTÔNIO DOS SANTOS PEREIRA,NOVO,0,15898.33,15985.55,0.0,738.55,0.0,8430.0,6417.0,400.0,0.0,0.0,738.55,0.0,6417.0,8430.0,400.0,0.0,0.0,0.0
2024,210001918910,ROSANE MARGARETE CAMARGO DUARTE,UNIÃO,0,72.0,72.0,0.0,0.0,0.0,0.0,72.0,0.0,0.0,0.0,0.0,0.0,72.0,0.0,0.0,0.0,0.0,0.0
2024,210001918909,ORAIDA COLVARA DE OLIVEIRA,UNIÃO,0,450.0,444.0,0.0,0.0,0.0,0.0,444.0,0.0,0.0,0.0,0.0,0.0,444.0,0.0,0.0,0.0,0.0,0.0
2024,210002018210,CARLOS RENATO BENTO OLIVEIRA JUNIOR,PSD,1,24749.1,20200.0,2000.0,4200.0,0.0,0.0,14000.0,0.0,0.0,0.0,4200.0,2000.0,14000.0,0.0,0.0,0.0,0.0,0.0
2024,210002018213,SALVADOR GONÇALVES RIBEIRO,PSD,0,24107.05,21400.0,0.0,6000.0,0.0,0.0,15400.0,0.0,0.0,0.0,6000.0,0.0,15400.0,0.0,0.0,0.0,0.0,0.0
2024,210002069745,EDINARA LESSA GONÇALVES,PT,0,22413.34,21795.16,0.0,0.0,3090.0,13483.16,4562.0,0.0,660.0,0.0,0.0,0.0,4562.0,13483.16,0.0,0.0,3090.0,660.0
2024,210002069751,LUANDER DA SILVA LESSA,PT,0,20199.41,17977.64,0.0,69.98,2500.86,11418.5,3988.3,0.0,0.0,0.0,69.98,0.0,3988.3,11418.5,0.0,0.0,2500.86,0.0
2024,210002069740,CARLA DA SILVA CASSAIS,PT,0,96165.15,91216.62,1000.0,6609.99,13453.91,43739.2,8395.0,3000.0,0.0,15018.52,6609.99,1000.0,8395.0,43739.2,3000.0,15018.52,13453.91,0.0
2024,210002069739,RAFAEL GODOY PORTO MARTINELLI,PT,0,16441.15,15817.5,300.0,2650.0,1997.5,6210.0,2260.0,0.0,2400.0,0.0,2650.0,300.0,2260.0,6210.0,0.0,0.0,1997.5,2400.0
2024,210002069746,ADRIANE GERBER MARTINS,PT,0,21857.38,19891.77,900.0,1500.0,0.0,0.0,9631.0,7587.0,273.77,0.0,1500.0,900.0,9631.0,0.0,7587.0,0.0,0.0,273.77
2024,210001919017,CRISTIANO FAGUNDES DUARTE,PSB,0,4490.68,2600.0,0.0,0.0,0.0,0.0,1600.0,1000.0,0.0,0.0,0.0,0.0,1600.0,0.0,1000.0,0.0,0.0,0.0
2024,210002232415,PAULO DARCI DOS SANTOS,MDB,0,6500.0,6500.0,0.0,4500.0,0.0,0.0,2000.0,0.0,0.0,0.0,4500.0,0.0,2000.0,0.0,0.0,0.0,0.0,0.0
2024,210002232408,FERNANDO DA COSTA REBELLO,MDB,0,1500.0,1500.0,0.0,0.0,0.0,0.0,1500.0,0.0,0.0,0.0,0.0,0.0,1500.0,0.0,0.0,0.0,0.0,0.0
2024,210002232405,LUCIANO CARDOSO SILVEIRA,MDB,0,1900.0,1900.0,0.0,0.0,0.0,0.0,1740.68,159.32,0.0,0.0,0.0,0.0,1740.68,0.0,159.32,0.0,0.0,0.0
2024,210001990538,JOSE PAULO BENEMANN,PSDB,0,7886.5,6890.0,0.0,1576.6,1000.0,0.0,4313.4,0.0,0.0,0.0,1576.6,0.0,4313.4,0.0,0.0,0.0,1000.0,0.0
2024,210001990535,BRUNO DOS SANTOS SCHWANTZ,CIDADANIA,0,14000.0,17350.0,0.0,5000.0,6900.0,0.0,5450.0,0.0,0.0,0.0,5000.0,0.0,5450.0,0.0,0.0,0.0,6900.0,0.0
2024,210002057411,LUIS ENRIQUE BRAGA DOS SANTOS,PL,0,800.0,0.0,0.0,0.0,0.0,0.0,0.0,0.0,0.0,0.0,0.0,0.0,0.0,0.0,0.0,0.0,0.0,0.0
2024,210002167831,LUCIO FORTES GAERTNER,REDE,0,5206.1,1794.1,1284.0,0.0,0.0,0.0,510.1,0.0,0.0,0.0,0.0,1284.0,510.1,0.0,0.0,0.0,0.0,0.0
2024,210002167832,EDERSON DE OLIVEIRA RODRIGUES,PSOL,0,19885.7,15908.5,200.0,0.0,600.0,2982.0,7471.5,4655.0,0.0,0.0,0.0,200.0,7471.5,2982.0,4655.0,0.0,600.0,0.0
2024,210002167826,RAI CARDOSO DUARTE,PSOL,0,10002.18,9670.24,670.0,1166.24,0.0,1670.0,4314.0,1850.0,0.0,0.0,1166.24,670.0,4314.0,1670.0,1850.0,0.0,0.0,0.0
2024,210002167830,JURANDIR BUCHWEITZ E SILVA,PSOL,1,75506.0,75388.7,2630.0,4350.0,7200.0,29815.0,24393.7,7000.0,0.0,0.0,4350.0,2630.0,24393.7,29815.0,7000.0,0.0,7200.0,0.0
2024,210002216022,JOÃO ANTONIO PEREIRA SOARES,PDT,0,7136.4,3636.4,480.0,0.0,0.01,2019.99,386.4,0.0,0.0,750.0,0.0,480.0,386.4,2019.99,0.0,750.0,0.01,0.0
2024,210002216033,BIANCA D CARLA MACEDO DA COSTA,PDT,0,33251.44,26152.0,3900.0,2300.0,2067.2,8305.6,8265.2,0.0,314.0,1000.0,2300.0,3900.0,8265.2,8305.6,0.0,1000.0,2067.2,314.0
2024,210002216020,JOABE LUIS BOHNS DA SILVA,PDT,0,3500.0,3500.0,0.0,0.0,0.0,3500.0,0.0,0.0,0.0,0.0,0.0,0.0,0.0,3500.0,0.0,0.0,0.0,0.0
2024,210002216027,ROCELE VITÓRIA D AVILA,PDT,0,5500.0,5500.0,0.0,0.0,0.0,4674.0,826.0,0.0,0.0,0.0,0.0,0.0,826.0,4674.0,0.0,0.0,0.0,0.0
2024,210002216028,OSNI VITÓRIA PINTO,PDT,0,3500.0,3500.0,1450.0,2050.0,0.0,0.0,0.0,0.0,0.0,0.0,2050.0,1450.0,0.0,0.0,0.0,0.0,0.0,0.0
2024,210002216019,CARLOS ROBERTO FERNANDES CHAGAS,PDT,0,5700.0,3500.0,0.0,0.0,0.0,2582.0,678.0,0.0,0.52,239.48,0.0,0.0,678.0,2582.0,0.0,239.48,0.0,0.52
2024,210002315890,EVA MAIRA COSTA RICARDO,REPUBLICANOS,0,788.1,788.1,0.0,0.0,0.0,0.0,788.1,0.0,0.0,0.0,0.0,0.0,788.1,0.0,0.0,0.0,0.0,0.0
2024,210002315877,GIZELLY VIANA LEAL,REPUBLICANOS,0,0.0,0.0,0.0,0.0,0.0,0.0,0.0,0.0,0.0,0.0,0.0,0.0,0.0,0.0,0.0,0.0,0.0,0.0
2024,210002315891,DEISE ELERT DRAVANZ,REPUBLICANOS,0,531.5,531.5,0.0,0.0,0.0,0.0,531.5,0.0,0.0,0.0,0.0,0.0,531.5,0.0,0.0,0.0,0.0,0.0
2024,210002384460,MARIA IRANI ALVES GARCIA,PP,0,900.0,0.0,0.0,0.0,0.0,0.0,0.0,0.0,0.0,0.0,0.0,0.0,0.0,0.0,0.0,0.0,0.0,0.0
2024,210002153328,REINALDO ELIAS LOURENÇO MAGALHÃES,PP,0,30500.0,30000.0,0.0,0.0,0.0,676.0,28324.0,1000.0,0.0,0.0,0.0,0.0,28324.0,676.0,1000.0,0.0,0.0,0.0
2024,210001918904,ANTÔNIO PINHEIRO,UNIÃO,0,720.0,720.0,0.0,0.0,0.0,0.0,720.0,0.0,0.0,0.0,0.0,0.0,720.0,0.0,0.0,0.0,0.0,0.0
2024,210001918907,AIRTON PINTO MOLINA,UNIÃO,0,1168.0,918.0,0.0,0.0,0.0,0.0,918.0,0.0,0.0,0.0,0.0,0.0,918.0,0.0,0.0,0.0,0.0,0.0
2024,210001918898,SÉRGIO LUIZ TAVARES ACOSTA,UNIÃO,0,2750.0,2748.55,0.0,717.0,7.5,0.0,2024.05,0.0,0.0,0.0,717.0,0.0,2024.05,0.0,0.0,0.0,7.5,0.0
2024,210001918895,ALINE LOURENÇO DE ORNEL,UNIÃO,0,23428.01,14778.009999999998,1200.0,0.0,606.25,0.0,7871.76,2000.0,500.0,2600.0,0.0,1200.0,7871.76,0.0,2000.0,2600.0,606.25,500.0
2024,210001918894,MARCELO VILLELA DA FONSECA,UNIÃO,0,9121.61,7621.61,500.0,0.0,0.0,0.0,7121.61,0.0,0.0,0.0,0.0,500.0,7121.61,0.0,0.0,0.0,0.0,0.0
2024,210002018218,TIAGO SOARES MALHEIRO,PSD,0,2552.05,0.0,0.0,0.0,0.0,0.0,0.0,0.0,0.0,0.0,0.0,0.0,0.0,0.0,0.0,0.0,0.0,0.0
2024,210002018219,FÁGNER SILVEIRA FEIJÓ,PSD,0,68539.1,63990.0,27000.0,1250.0,0.0,7000.0,28740.0,0.0,0.0,0.0,1250.0,27000.0,28740.0,7000.0,0.0,0.0,0.0,0.0
2024,210002018220,BENITIELE CARDOZO GARCIA,PSD,0,7497.8,4872.6,400.0,330.0,0.0,0.0,0.0,3580.0,0.0,562.5999999999999,330.0,400.0,0.0,0.0,3580.0,562.5999999999999,0.0,0.0
2024,210002069743,JEDERSON LUIS FERREIRA BORGES,PC do B,0,87668.8,30000.0,500.0,500.0,9.5,21156.93,6965.0,0.0,0.0,868.5699999999999,500.0,500.0,6965.0,21156.93,0.0,868.5699999999999,9.5,0.0
2024,210002232400,CAMILA SOARES LOY DA SILVA,MDB,0,19806.95,19806.95,0.0,1729.88,2145.07,0.0,9632.0,6300.0,0.0,0.0,1729.88,0.0,9632.0,0.0,6300.0,0.0,2145.07,0.0
2024,210002232403,BRUNO GARCIA BARCELOS,MDB,0,3370.0,3358.44,600.0,0.0,0.0,0.0,1618.44,1140.0,0.0,0.0,0.0,600.0,1618.44,0.0,1140.0,0.0,0.0,0.0
2024,210002232411,PAULO ROGERIO SCHNEID BEDNARSKI,MDB,0,2500.0,2370.0,0.0,0.0,0.0,0.0,2280.0,90.0,0.0,0.0,0.0,0.0,2280.0,0.0,90.0,0.0,0.0,0.0
2024,210001990544,MAICON DUARTE DA SILVA,PSDB,0,13553.8,6650.0,0.0,4170.0,0.0,0.0,480.0,0.0,2000.0,0.0,4170.0,0.0,480.0,0.0,0.0,0.0,0.0,2000.0
2024,210001990529,DAMARIS ANGELICA NOSCHANG,PSDB,0,17041.21,6500.0,0.0,0.0,0.2,960.0,0.0,5229.9,0.0,309.9,0.0,0.0,0.0,960.0,5229.9,309.9,0.2,0.0
2024,210002057403,MARCOS RAFAEL BERGMANN DA COSTA,PL,0,9900.0,7000.0,213.72,360.0,49.2,0.0,4412.0,1570.0,0.0,395.08,360.0,213.72,4412.0,0.0,1570.0,395.08,49.2,0.0
2024,210002167834,ANDREA MAGELA SILVEIRA DE SILVEIRA,PSOL,0,30175.64,19115.68,100.0,840.0,21.0,13952.68,4152.0,0.0,50.0,0.0,840.0,100.0,4152.0,13952.68,0.0,0.0,21.0,50.0
2024,210002216023,ZORAIA MENDES BARTELL,PDT,0,5500.0,5927.3,0.0,0.0,0.0,3924.0,1656.6,0.0,0.0,346.70000000000005,0.0,0.0,1656.6,3924.0,0.0,346.70000000000005,0.0,0.0
2024,210002216032,ANA LUIZA LUZARDI GUADALUPE,PDT,0,5500.0,5500.0,200.0,0.0,27.0,2986.75,800.0,0.0,1486.25,0.0,0.0,200.0,800.0,2986.75,0.0,0.0,27.0,1486.25
2024,210002314834,JOSE CARLOS FERNANDES CORREA,SOLIDARIEDADE,0,0.0,0.0,0.0,0.0,0.0,0.0,0.0,0.0,0.0,0.0,0.0,0.0,0.0,0.0,0.0,0.0,0.0,0.0
2024,210002315886,GUSTAVO ANTONIO GOTZE SILVA,REPUBLICANOS,0,1063.0,1063.0,0.0,0.0,0.0,0.0,1063.0,0.0,0.0,0.0,0.0,0.0,1063.0,0.0,0.0,0.0,0.0,0.0
2024,210002315887,ANDRÉ LUIS PEREIRA LOPES,REPUBLICANOS,0,531.5,531.5,0.0,0.0,0.0,0.0,531.5,0.0,0.0,0.0,0.0,0.0,531.5,0.0,0.0,0.0,0.0,0.0
2024,210002072119,CARLOS GILBERTO LUZZARDI WIETH,NOVO,0,5005.469999999999,3987.0,400.0,0.0,0.0,821.71,945.0,600.0,80.0,1140.29,0.0,400.0,945.0,821.71,600.0,1140.29,0.0,80.0
2024,210002072126,MICHELE DE MOURA DA SILVA,NOVO,0,3170.0,3170.0,1050.0,0.0,0.0,1200.0,840.0,0.0,80.0,0.0,0.0,1050.0,840.0,1200.0,0.0,0.0,0.0,80.0
2024,210001918905,CLAUDIOMIRO SOUZA SOARES,UNIÃO,0,165.0,165.0,0.0,0.0,0.0,0.0,165.0,0.0,0.0,0.0,0.0,0.0,165.0,0.0,0.0,0.0,0.0,0.0
2024,210001918908,CLÁUDIA BEAUVALET RODRIGUES,UNIÃO,0,6846.0,6846.0,0.0,3000.0,1.75,2921.0,923.25,0.0,0.0,0.0,3000.0,0.0,923.25,2921.0,0.0,0.0,1.75,0.0
2024,210001918900,NARA DIAS DOS SANTOS,UNIÃO,0,7216.0,7216.0,2650.0,0.0,0.0,3827.6,738.4,0.0,0.0,0.0,0.0,2650.0,738.4,3827.6,0.0,0.0,0.0,0.0
2024,210001918892,JOSÉ APODI DOS SANTOS DOURADO,UNIÃO,0,7952.97,7952.969999999999,0.0,3069.9700000000003,0.0,0.0,4883.0,0.0,0.0,0.0,3069.9700000000003,0.0,4883.0,0.0,0.0,0.0,0.0,0.0
2024,210001918902,PAULO ROBERTO DE OLIVEIRA CONCEIÇÃO,UNIÃO,0,15860.0,15837.09,1000.0,5786.1900000000005,1000.0,1300.0,4650.9,0.0,500.0,1600.0,5786.1900000000005,1000.0,4650.9,1300.0,0.0,1600.0,1000.0,500.0
2024,210001918906,GENARA RODRIGUES FURTADO,UNIÃO,0,6846.0,6846.0,0.0,0.0,0.0,1600.0,1156.15,4074.85,15.0,0.0,0.0,0.0,1156.15,1600.0,4074.85,0.0,0.0,15.0
2024,210002018226,LUIZ OTÁVIO COSTA DE SOUZA,PSD,0,8042.05,5000.0,0.0,0.0,0.0,0.0,0.0,5000.0,0.0,0.0,0.0,0.0,0.0,0.0,5000.0,0.0,0.0,0.0
2024,210002018224,ARACI DE SOUZA JARDIM,PSD,0,2119.41,0.0,0.0,0.0,0.0,0.0,0.0,0.0,0.0,0.0,0.0,0.0,0.0,0.0,0.0,0.0,0.0,0.0
2024,210002018229,JULIANA SILVEIRA CAMARGO,PSD,0,24142.8,5000.0,0.0,630.0,0.0,0.0,0.0,3820.0,500.0,50.0,630.0,0.0,0.0,0.0,3820.0,50.0,0.0,500.0
2024,210002069759,IVAN ADMAR DORNELLES DUARTE,PT,1,38970.57,35014.76,0.0,8285.65,8000.0,0.0,17658.7,0.0,1070.41,0.0,8285.65,0.0,17658.7,0.0,0.0,0.0,8000.0,1070.41
2024,210002069760,CLARICE DE MATTOS FERREIRA,PC do B,0,5618.8,5000.0,0.0,0.0,0.0,3820.0,1180.0,0.0,0.0,0.0,0.0,0.0,1180.0,3820.0,0.0,0.0,0.0,0.0
2024,210001919033,ALICEIA DA SILVA CECILIANO,PSB,0,36861.26,34332.880000000005,5000.0,2000.0,0.0,3577.0,8896.0,14668.0,0.0,191.88,2000.0,5000.0,8896.0,3577.0,14668.0,191.88,0.0,0.0
2024,210001919031,CESAR BRIZOLARA,PSB,1,80175.0,73975.0,2753.26,16322.310000000001,2522.23,0.0,42627.2,8750.0,0.0,1000.0,16322.310000000001,2753.26,42627.2,0.0,8750.0,1000.0,2522.23,0.0
2024,210002232399,MIGUEL FERNANDO DE MATTOS MEDINA JUNIOR,MDB,0,67300.0,66000.0,0.0,16860.13,0.0,3900.0,30379.27,14860.6,0.0,0.0,16860.13,0.0,30379.27,3900.0,14860.6,0.0,0.0,0.0
2024,210001990534,TAUÃ VAZ NEY,PSDB,1,74724.84,34588.84,0.0,11000.0,1346.18,1750.0,11628.84,3253.8199999999997,4510.0,1100.0,11000.0,0.0,11628.84,1750.0,3253.8199999999997,1100.0,1346.18,4510.0
2024,210001990550,JOÃO PAULO CORREA MORAES,PSDB,0,11827.8,6481.6,0.0,1000.0,25.6,1050.0,2027.0,0.0,2379.0,0.0,1000.0,0.0,2027.0,1050.0,0.0,0.0,25.6,2379.0
2024,210002057415,ANDRÉIA BONOW,PL,0,8790.0,7990.0,0.0,0.0,0.0,0.0,2470.0,5520.0,0.0,0.0,0.0,0.0,2470.0,0.0,5520.0,0.0,0.0,0.0
2024,210002057402,MARCELO DANTAS RITTA,PL,1,83450.0,82610.0,1000.0,19530.0,0.0,0.0,29200.0,9880.0,21500.0,1500.0,19530.0,1000.0,29200.0,0.0,9880.0,1500.0,0.0,21500.0
2024,210002167822,FERNANDA PINTO MIRANDA,PSOL,1,90485.0,82058.0,3000.0,1000.0,0.0,35700.0,30018.0,12340.0,0.0,0.0,1000.0,3000.0,30018.0,35700.0,12340.0,0.0,0.0,0.0
2024,210002216021,ROSA SIQUEIRA DE SIQUEIRA,PDT,0,5500.0,5500.0,200.0,0.0,21.0,3873.0,1406.0,0.0,0.0,0.0,0.0,200.0,1406.0,3873.0,0.0,0.0,21.0,0.0
2024,210002216030,MARCELO DA SILVA CARVALHAL,PDT,0,3500.0,3500.0,0.0,0.0,5.0,2850.0,645.0,0.0,0.0,0.0,0.0,0.0,645.0,2850.0,0.0,0.0,5.0,0.0
2024,210002315894,RENATO CHOULLET DA SILVA,REPUBLICANOS,0,0.0,0.0,0.0,0.0,0.0,0.0,0.0,0.0,0.0,0.0,0.0,0.0,0.0,0.0,0.0,0.0,0.0,0.0
2024,210002315893,JOÃO CARLOS GOULART DOMINGUES,REPUBLICANOS,0,4260.5,6760.5,0.0,0.0,5000.0,0.0,1760.5,0.0,0.0,0.0,0.0,0.0,1760.5,0.0,0.0,0.0,5000.0,0.0
2024,210002315878,MARCUS NAPOLEAO,REPUBLICANOS,0,1081.56,1081.56,0.0,150.0,0.0,0.0,931.56,0.0,0.0,0.0,150.0,0.0,931.56,0.0,0.0,0.0,0.0,0.0
2024,210002153322,ANA LUIZA TAVARES RUOSO,PP,0,16090.0,15980.5,0.0,2241.0,2600.0,360.0,7829.5,2950.0,0.0,0.0,2241.0,0.0,7829.5,360.0,2950.0,0.0,2600.0,0.0
2024,210002153326,JAINE FABÍOLA LÜBKE BONOW,PP,0,21500.0,21500.0,500.0,0.0,12.3,12037.7,7950.0,1000.0,0.0,0.0,0.0,500.0,7950.0,12037.7,1000.0,0.0,12.3,0.0
2024,210001918897,JANICE RODRIGUES SANTOS,UNIÃO,0,7800.0,7367.030000000001,2750.0,1072.69,0.0,0.0,1154.3400000000001,0.0,2390.0,0.0,1072.69,2750.0,1154.3400000000001,0.0,0.0,0.0,0.0,2390.0
2024,210002018215,ALTAIR VOSS,PSD,0,3607.05,0.0,0.0,0.0,0.0,0.0,0.0,0.0,0.0,0.0,0.0,0.0,0.0,0.0,0.0,0.0,0.0,0.0
2024,210002018221,SEDENEI DANIEL MATTOS FONSECA,PSD,1,18819.1,10591.33,0.0,3100.0,3500.0,0.0,2860.0,700.0,0.0,431.33000000000004,3100.0,0.0,2860.0,0.0,700.0,431.33000000000004,3500.0,0.0
2024,210002018211,ANDERSON DE FREITAS GARCIA,PSD,0,5749.1,0.0,0.0,0.0,0.0,0.0,0.0,0.0,0.0,0.0,0.0,0.0,0.0,0.0,0.0,0.0,0.0,0.0
2024,210002069754,LUÍS CARLOS GIRÃO DANDA,PT,0,26717.33,24132.93,400.0,0.0,0.0,11096.220000000001,8274.0,3853.0,509.71,0.0,0.0,400.0,8274.0,11096.220000000001,3853.0,0.0,0.0,509.71
2024,210001919023,JANETE MARIA SILVEIRA RODRIGUES,PSB,0,4176.91,3275.0,0.0,0.0,0.0,3275.0,0.0,0.0,0.0,0.0,0.0,0.0,0.0,3275.0,0.0,0.0,0.0,0.0
2024,210001919024,LETÍCIA HOFS SILVEIRA,PSB,0,3140.67,2445.0,0.0,0.0,0.0,0.0,1795.0,650.0,0.0,0.0,0.0,0.0,1795.0,0.0,650.0,0.0,0.0,0.0
2024,210001919029,RAFAEL DIAS SCHMIDT,PSB,0,8140.4,6215.0,0.0,0.0,0.0,0.0,995.0,5000.0,0.0,220.0,0.0,0.0,995.0,0.0,5000.0,220.0,0.0,0.0
2024,210001919015,ROBSON GLADISTONE SANCHES LARRE,PSB,0,1623.2,0.0,0.0,0.0,0.0,0.0,0.0,0.0,0.0,0.0,0.0,0.0,0.0,0.0,0.0,0.0,0.0,0.0
2024,210001919013,CRISTINA FERNANDES OLIVEIRA,PSB,0,28528.26,26000.0,0.0,6000.0,0.0,0.0,6737.0,13263.0,0.0,0.0,6000.0,0.0,6737.0,0.0,13263.0,0.0,0.0,0.0
2024,210002232410,GABRIEL RUBEM AIRES DA ROCHA,MDB,0,1500.0,1500.0,0.0,0.0,0.0,0.0,0.0,1500.0,0.0,0.0,0.0,0.0,0.0,0.0,1500.0,0.0,0.0,0.0
2024,210002232406,JOSIANE FERREIRA COSTA,MDB,0,3000.0,2422.0,650.0,0.0,0.0,0.0,92.0,1680.0,0.0,0.0,0.0,650.0,92.0,0.0,1680.0,0.0,0.0,0.0
2024,210002072124,JULIANA GOVEIA DA ROSA,NOVO,0,0.0,0.0,0.0,0.0,0.0,0.0,0.0,0.0,0.0,0.0,0.0,0.0,0.0,0.0,0.0,0.0,0.0,0.0
2024,210001990532,MÁRCIA NUNES GONÇALVES RODRIGUES,PSDB,0,38301.26,11248.55,0.0,0.0,0.0,3100.0,3148.55,0.0,3500.0,1500.0,0.0,0.0,3148.55,3100.0,0.0,1500.0,0.0,3500.0
2024,210001990537,ADRIANE DE SOUZA SILVEIRA,PSDB,0,78750.0,77750.0,6000.0,15000.0,0.0,7000.0,37250.0,2000.0,0.0,10500.0,15000.0,6000.0,37250.0,7000.0,2000.0,10500.0,0.0,0.0
2024,210001990543,JOSIANE DOS SANTOS RODRIGUES,PSDB,0,22294.04,8261.33,120.0,600.0,941.33,4480.0,1620.0,0.0,500.0,0.0,600.0,120.0,1620.0,4480.0,0.0,0.0,941.33,500.0
2024,210001990539,BIANCA PALMA SANTANA MOREIRA,PSDB,0,42973.71,5984.469999999999,0.0,700.0,0.0,1710.0,1830.0,0.0,1500.0,244.47,700.0,0.0,1830.0,1710.0,0.0,244.47,0.0,1500.0
2024,210001990542,JONE DE SOUZA SOARES,PSDB,0,45540.8,25892.0,1000.0,5645.0,720.8,2390.0,13303.0,0.0,0.0,2833.2,5645.0,1000.0,13303.0,2390.0,0.0,2833.2,720.8,0.0
2024,210001990548,MARISA ELOÍDES SCHWARZER,PSDB,1,50016.71,36522.29,1400.0,17102.0,1120.09,7020.0,8098.0,0.0,1782.2,0.0,17102.0,1400.0,8098.0,7020.0,0.0,0.0,1120.09,1782.2
2024,210002057410,PAULO RICARDO LARRÉ ALSINA,PL,0,32300.0,30000.0,0.0,0.0,0.0,27.0,18100.0,11571.3,0.0,301.7,0.0,0.0,18100.0,27.0,11571.3,301.7,0.0,0.0
2024,210002167828,LUANA REJANE ALMEIDA FARIAS,PSOL,0,25775.64,19275.64,190.0,0.0,24.6,7283.29,5332.75,6445.0,0.0,0.0,0.0,190.0,5332.75,7283.29,6445.0,0.0,24.6,0.0
2024,210002167837,BRUNO SILVA DA SILVA,PSOL,0,11502.18,8867.7,60.0,0.0,0.0,2880.0,3337.7,2590.0,0.0,0.0,0.0,60.0,3337.7,2880.0,2590.0,0.0,0.0,0.0
2024,210002167839,TIRZA MEDEIROS MORAES,PSOL,0,15712.0,10711.0,1700.0,0.0,0.0,7180.0,1831.0,0.0,0.0,0.0,0.0,1700.0,1831.0,7180.0,0.0,0.0,0.0,0.0
2024,210002314831,LUCIANO MARTINS ESTEVES,SOLIDARIEDADE,0,0.0,0.0,0.0,0.0,0.0,0.0,0.0,0.0,0.0,0.0,0.0,0.0,0.0,0.0,0.0,0.0,0.0,0.0
2024,210002315881,EMERSON DOMINGUES DA SILVA,REPUBLICANOS,0,662.6,662.6,0.0,0.0,0.0,0.0,662.6,0.0,0.0,0.0,0.0,0.0,662.6,0.0,0.0,0.0,0.0,0.0
2024,210002315884,VIVIANE RIBEIRO LEMKE,REPUBLICANOS,0,256.6,256.6,0.0,0.0,0.0,0.0,256.6,0.0,0.0,0.0,0.0,0.0,256.6,0.0,0.0,0.0,0.0,0.0
2024,210002153314,ALCIDES SILVEIRA DE AVILA NETO,PP,0,42050.0,41000.0,3500.0,7000.0,1210.6,850.0,11555.4,16884.0,0.0,0.0,7000.0,3500.0,11555.4,850.0,16884.0,0.0,1210.6,0.0
2024,210002153315,GERSON OTÍLIO DE SÁ CORREIA,PP,0,42000.0,1000.0,0.0,0.0,0.0,0.0,0.0,1000.0,0.0,0.0,0.0,0.0,0.0,0.0,1000.0,0.0,0.0,0.0
2024,210002153331,HUGO ROBERTO DA SILVA MIORI,PP,0,71200.0,42700.0,0.0,2605.9,0.0,22500.1,15594.0,2000.0,0.0,0.0,2605.9,0.0,15594.0,22500.1,2000.0,0.0,0.0,0.0
2024,210002153325,BRUNO JOSIEL RUTZ,PP,0,9000.0,7907.0,1500.0,2547.0,0.0,0.0,2860.0,1000.0,0.0,0.0,2547.0,1500.0,2860.0,0.0,1000.0,0.0,0.0,0.0
2024,210002072127,MÁRCIO LEOPOLDO MACIEL,NOVO,0,5901.9400000000005,5486.03,0.0,4107.2300000000005,438.8,280.0,580.0,0.0,80.0,0.0,4107.2300000000005,0.0,580.0,280.0,0.0,0.0,438.8,80.0
2024,210002072125,JOHN CASSIEL CARVALHO CARDOSO,NOVO,0,49180.7,49180.7,4000.0,12000.0,486.16,19760.45,5515.0,4533.9,2845.0,40.19,12000.0,4000.0,5515.0,19760.45,4533.9,40.19,486.16,2845.0
2024,210002018214,MARCELO OLIVEIRA BRANCO,PSD,0,52552.05,50000.0,22000.0,0.0,0.0,0.0,28000.0,0.0,0.0,0.0,0.0,22000.0,28000.0,0.0,0.0,0.0,0.0,0.0
2024,210002018227,DAIANE RODRIGUES DIAS,PSD,0,41829.1,36778.23,6750.0,3434.0,5000.0,5330.0,8853.4,6100.0,0.0,1310.8300000000002,3434.0,6750.0,8853.4,5330.0,6100.0,1310.8300000000002,5000.0,0.0
2024,210002069753,CARLA FERNANDA MENDES LESSA,PV,0,42729.81,38745.6,300.0,3500.0,1297.6,4350.0,7998.0,21300.0,0.0,0.0,3500.0,300.0,7998.0,4350.0,21300.0,0.0,1297.6,0.0
2024,210002069749,LEILA REGINA RODRIGUES RODRIGUES,PT,0,24513.61,18367.75,0.0,0.0,523.0,11512.5,5332.25,0.0,0.0,1000.0,0.0,0.0,5332.25,11512.5,0.0,1000.0,523.0,0.0
2024,210002380226,SANDRALI DE CAMPOS BUENO,PT,0,75549.20999999999,68043.41,0.0,436.0,12.0,52432.0,11906.0,0.0,0.0,3257.41,436.0,0.0,11906.0,52432.0,0.0,3257.41,12.0,0.0
2024,210001919032,MELISSA DIANA CEZAR DA SILVA,PSB,0,2411.83,2134.92,0.0,680.0,0.0,0.0,0.0,1454.92,0.0,0.0,680.0,0.0,0.0,0.0,1454.92,0.0,0.0,0.0
2024,210001919025,LUCAS LIMA EDOM,PSB,0,6370.4,4500.0,0.0,605.0,0.0,3215.0,680.0,0.0,0.0,0.0,605.0,0.0,680.0,3215.0,0.0,0.0,0.0,0.0
2024,210001919027,VAGNER DE FARIAS CABRAL,PSB,0,2140.67,1145.0,0.0,0.0,0.0,0.0,1145.0,0.0,0.0,0.0,0.0,0.0,1145.0,0.0,0.0,0.0,0.0,0.0
2024,210001919014,MARCELO GUEDES DOS SANTOS,PSB,0,4853.2,3000.0,0.0,500.0,0.0,2115.0,385.0,0.0,0.0,0.0,500.0,0.0,385.0,2115.0,0.0,0.0,0.0,0.0
2024,210001919034,JORGE AUGUSTO DIAS ALVES,PSB,0,14428.8,12400.0,0.0,1350.0,0.0,1700.0,2666.5,6450.0,0.0,233.5,1350.0,0.0,2666.5,1700.0,6450.0,233.5,0.0,0.0
2024,210001919030,SERGIO AUGUSTO DORNELES,PSB,0,8440.67,7800.0,0.0,0.0,0.0,0.0,5900.0,1900.0,0.0,0.0,0.0,0.0,5900.0,0.0,1900.0,0.0,0.0,0.0
2024,210001919026,TONY DE SIQUEIRA SECHI,PSB,0,83711.06,81194.36,0.0,3405.0,5006.3,11521.0,14689.8,31951.16,0.0,14621.1,3405.0,0.0,14689.8,11521.0,31951.16,14621.1,5006.3,0.0
2024,210001919018,LEANDRO MADEIRA SALVADOR,PSB,0,2762.67,2122.0,0.0,0.0,0.0,375.0,424.0,1323.0,0.0,0.0,0.0,0.0,424.0,375.0,1323.0,0.0,0.0,0.0
2024,210002232417,VANESSA DE BARROS SIMÕES,MDB,0,2500.0,2495.0,0.0,0.0,0.0,0.0,535.0,1960.0,0.0,0.0,0.0,0.0,535.0,0.0,1960.0,0.0,0.0,0.0
2024,210002232401,IEDA BARCELOS BARBOSA,MDB,0,2500.0,2500.0,0.0,0.0,0.0,0.0,755.0,1745.0,0.0,0.0,0.0,0.0,755.0,0.0,1745.0,0.0,0.0,0.0
2024,210002232413,ARNALDO GERMANO ETCHALUS,MDB,0,326.0,326.0,0.0,0.0,0.0,0.0,126.0,200.0,0.0,0.0,0.0,0.0,126.0,0.0,200.0,0.0,0.0,0.0
2024,210002232398,VINICIUS DA SILVA MENDES,MDB,0,5311.0,5310.0,0.0,0.0,0.0,0.0,3810.0,1500.0,0.0,0.0,0.0,0.0,3810.0,0.0,1500.0,0.0,0.0,0.0
