ano,codigo_municipio,municipio,candidatos,rho_receita_votos,p_receita_votos,rho_receita_votos_dentro_lista,p_receita_votos_dentro_lista,auc_receita_eleicao,auc_votos_eleicao,auc_forca_lista_eleicao,percentil_rho_receita_votos,percentil_rho_receita_votos_dentro_lista,percentil_auc_votos_eleicao
2016,84735,ÁUREA,27,0.3442799232203932,0.07866383471992684,0.44546470244439285,0.019879848780314405,0.5617283950617283,0.9938271604938271,0.5,0.2112676056338028,0.29979879275653926,0.5201207243460765
2016,84743,TRÊS ARROIOS,32,-0.02614626896917672,0.8870443567876698,0.06344871722590884,0.7345402907559964,0.5072463768115942,1.0,0.6014492753623188,0.02414486921529175,0.04024144869215292,0.8430583501006036
2016,84751,NOVA ROMA DO SUL,25,0.14697961842100338,0.4832429904928261,0.0860111618770595,0.6826882185328642,0.6180555555555556,0.9930555555555556,0.4965277777777778,0.08651911468812877,0.0482897384305835,0.47585513078470826
2016,84760,PROGRESSO,38,0.5459971558315622,0.0003913927914935941,0.4489751609896273,0.004691650934467607,0.7873563218390804,0.9846743295019158,0.6762452107279693,0.4949698189134809,0.30784708249496984,0.2414486921529175
2016,84778,PIRAPÓ,21,0.35401106121727655,0.1153882278224609,0.37049075729712205,0.09827290600514535,0.6574074074074074,1.0,0.5277777777777778,0.2193158953722334,0.19114688128772636,0.8430583501006036
2016,84786,JABOTICABA,24,0.4896584656263779,0.015154020848062973,0.3928984194515568,0.057533383123318925,0.6333333333333333,1.0,0.6888888888888889,0.39436619718309857,0.23541247484909456,0.8430583501006036
2016,84794,SÃO JORGE,18,0.23219814241486067,0.3538383254251315,0.5083333333333334,0.031238185462720468,0.654320987654321,0.962962962962963,0.5555555555555556,0.14084507042253522,0.40643863179074446,0.04225352112676056
2016,84808,ALTO ALEGRE,25,0.0064413438861288825,0.975621987677803,0.285029466961203,0.16726952369845613,0.5277777777777778,1.0,0.4965277777777778,0.04024144869215292,0.13078470824949698,0.8430583501006036
2016,84816,NOVA HARTZ,103,0.6076587167712664,1.0021566625175925e-11,0.6001482593766795,2.619937228252585e-11,0.7430830039525691,0.9940711462450593,0.5657114624505929,0.6156941649899397,0.5915492957746479,0.5311871227364185
2016,84824,DOIS LAJEADOS,33,0.6133366085779578,0.0001474872369998174,0.5955113159190447,0.0002561113907088218,0.6898148148148149,0.9814814814814815,0.5347222222222222,0.6297786720321932,0.5814889336016097,0.17303822937625754
2016,84832,SÃO DOMINGOS DO SUL,30,0.2839341414308765,0.1283649789513086,0.08351893302907559,0.6608193569221464,0.6428571428571429,0.9947089947089947,0.5687830687830688,0.16498993963782696,0.04627766599597585,0.5613682092555332
2016,84840,TUNAS,19,0.544098341102314,0.0160271233271557,0.5163977794943223,0.02823124872890646,0.7444444444444445,0.9888888888888889,0.7,0.4869215291750503,0.4225352112676056,0.34004024144869216
2016,84859,SÃO JOÃO DA URTIGA,24,0.3208695652173913,0.1263216392307609,0.6198714780029658,0.0016057546580031715,0.762962962962963,0.9555555555555556,0.6444444444444444,0.19718309859154928,0.6317907444668008,0.030181086519114688
2016,84867,GUABIJU,29,-0.01072882056404497,0.9559500584213869,0.3656552483956379,0.051098702229605886,0.4805555555555556,0.9999999999999999,0.5277777777777778,0.03420523138832998,0.1891348088531187,0.6841046277665996
2016,84875,QUINZE DE NOVEMBRO,33,0.36611481683687586,0.03613104771400365,0.7453936452978691,6.467043610816067e-07,0.6851851851851851,0.9814814814814814,0.6412037037037037,0.22736418511066397,0.9275653923541247,0.16800804828973842
2016,84883,DOUTOR MAURÍCIO CARDOSO,30,0.49705195546198566,0.005200596240606782,0.5794705721391501,0.0007917518761579597,0.7142857142857143,0.9947089947089947,0.7486772486772487,0.4104627766599598,0.5372233400402414,0.5613682092555332
2016,84891,CAPELA DE SANTANA,58,0.49917627581456125,6.644273166066754e-05,0.4232273532829057,0.0010375734910817258,0.7097505668934241,0.9841269841269841,0.6825396825396826,0.41448692152917505,0.2655935613682093,0.21730382293762576
2016,84905,JAQUIRANA,40,0.6110852348461431,2.811189991402363e-05,0.5882024017059598,6.565302463319379e-05,0.8387096774193548,0.9910394265232975,0.600358422939068,0.6257545271629779,0.5593561368209256,0.4044265593561368
2016,84913,VANINI,25,0.5268424188353219,0.006813417424122075,0.5317551963048499,0.006223910731471257,0.7673611111111112,0.96875,0.5277777777777778,0.44064386317907445,0.44466800804828976,0.06841046277665996
2016,84921,BOQUEIRÃO DO LEÃO,33,0.7262541806020067,1.7161573063132661e-06,0.8011705797637972,2.1355493770253758e-08,0.9212962962962963,1.0,0.5486111111111112,0.8772635814889336,0.9778672032193159,0.8430583501006036
2016,84930,FAGUNDES VARELA,16,0.2842415316642121,0.2859971568512711,0.2689757546844336,0.31376559582779573,0.6031746031746033,0.9682539682539681,0.4920634920634921,0.16700201207243462,0.12474849094567404,0.06237424547283702
2016,84948,ÁGUA SANTA,26,0.5150582999788618,0.0070901149806163735,0.48668191254505977,0.011693051076276018,0.7712418300653595,1.0,0.542483660130719,0.4305835010060362,0.36619718309859156,0.8430583501006036
2016,84956,SILVEIRA MARTINS,25,0.4374278337381266,0.028765091071647837,0.40258239329194556,0.04602122427965318,0.704861111111111,0.9236111111111112,0.5208333333333333,0.32796780684104626,0.24346076458752516,0.004024144869215292
2016,84964,IBIRAPUITÃ,34,0.5466085509596709,0.0008236820752778654,0.48439090127705364,0.003696504910734532,0.7288888888888889,0.9644444444444444,0.5777777777777777,0.49899396378269617,0.36217303822937624,0.0482897384305835
2016,84972,IBARAMA,28,0.5594685365702583,0.001965886507082672,0.63802104907694,0.0002594933749841168,0.8801169590643275,1.0,0.5146198830409356,0.5251509054325956,0.6800804828973843,0.8430583501006036
2016,84980,PANTANO GRANDE,48,0.7120099566006317,1.3919762015176471e-08,0.6474306636332212,6.583017043318684e-07,0.7521367521367521,0.9886039886039886,0.5712250712250713,0.8450704225352113,0.704225352112676,0.3319919517102616
2016,84999,IPÊ,22,0.39920948616600793,0.06568871314886401,0.3845152895250488,0.08523967341488531,0.7094017094017093,0.9658119658119658,0.5256410256410257,0.2716297786720322,0.2112676056338028,0.05432595573440644
2016,85006,TRINDADE DO SUL,25,0.7375913813005001,2.5858789874135207e-05,0.7494226327944573,1.6219921040841846e-05,0.8125,1.0,0.5277777777777778,0.89738430583501,0.937625754527163,0.8430583501006036
2016,85014,AGUDO,36,0.632547980285941,3.4870965787917064e-05,0.5206696759210176,0.0011317798728677356,0.691358024691358,0.9958847736625513,0.6419753086419753,0.6519114688128773,0.43661971830985913,0.6006036217303823
2016,85022,ERNESTINA,30,0.35942547378832407,0.05108650623596623,0.38640200405471037,0.03492852215941374,0.6164021164021164,1.0,0.6587301587301587,0.22334004024144868,0.22334004024144868,0.8430583501006036
2016,85030,AJURICABA,34,0.5260181875217372,0.0013973652468408453,0.5977346063048097,0.00018927683805601325,0.8088888888888889,1.0,0.5222222222222221,0.4386317907444668,0.5875251509054326,0.8430583501006036
2016,85049,DEZESSEIS DE NOVEMBRO,22,0.5583828326080087,0.006916126438128638,0.6595985561896123,0.0008390859926000234,0.8076923076923076,0.9786324786324786,0.5085470085470085,0.5211267605633803,0.7323943661971831,0.1448692152917505
2016,85057,ALECRIM,24,0.5904347826086956,0.0023858553290152036,0.4554477282752537,0.025319956146616193,0.7555555555555556,0.9333333333333333,0.8444444444444444,0.5714285714285714,0.317907444668008,0.01006036217303823
2016,85065,BROCHIER,39,0.09370260349757344,0.5704530014039644,0.1919514458192074,0.24828874638520004,0.512962962962963,0.9925925925925926,0.5351851851851852,0.06237424547283702,0.07645875251509054,0.4537223340040241
2016,85073,ALEGRETE,106,0.7609510558358004,2.9394533055842237e-21,0.7196025232516944,5.230166347823976e-18,0.9172161172161172,0.9846153846153847,0.6571428571428571,0.9295774647887324,0.89738430583501,0.23541247484909456
2016,85081,EREBANGO,30,0.20254018739622856,0.28309432353483766,0.5706009779818723,0.0009928936888400533,0.6798941798941799,0.9708994708994709,0.5158730158730158,0.11670020120724346,0.5191146881287726,0.07847082494969819
2016,85090,ALPESTRE,26,0.5706958537845381,0.0023303805951070517,0.3112480785213816,0.12168489046494352,0.7581699346405228,0.9934640522875817,0.6699346405228759,0.5392354124748491,0.1448692152917505,0.5040241448692153
2016,85103,ENTRE-IJUÍS,36,0.7987125861414144,5.287373966191673e-09,0.6894596311597521,3.309415002612055e-06,0.9094650205761317,0.9876543209876543,0.654320987654321,0.9758551307847082,0.8189134808853119,0.30985915492957744
2016,85111,ALVORADA,281,0.5740658928281797,4.9506293552012333e-26,0.5104755543564606,1.018602662902716e-19,0.9688057040998218,0.9919786096256684,0.8137254901960784,0.545271629778672,0.4124748490945674,0.43661971830985913
2016,85120,NOVA ESPERANÇA DO SUL,25,0.3898403574286357,0.05405257189368106,0.40319479507203754,0.04566027468305869,0.5833333333333334,1.0,0.4027777777777778,0.26156941649899396,0.2454728370221328,0.8430583501006036
2016,85138,ANTA GORDA,18,0.5402892561983472,0.020625886887923592,0.5519917965758541,0.017543451309487552,0.7407407407407407,1.0,0.5,0.47484909456740443,0.48088531187122735,0.8430583501006036
2016,85146,PAVERAMA,50,0.7595033981490098,1.615633666953057e-10,0.6772017682784753,9.132300068388305e-08,0.8075880758807588,1.0,0.6138211382113821,0.9275653923541247,0.7826961770623743,0.8430583501006036
2016,85154,ANTÔNIO PRADO,38,0.42037868260963074,0.008593224342760025,0.2302393257816076,0.17039907324992049,0.603448275862069,0.9846743295019157,0.6015325670498083,0.29979879275653926,0.10462776659959759,0.23843058350100604
2016,85162,TERRA DE AREIA,30,0.5070641927027151,0.004239270409103178,0.5924482067275563,0.0005618276384252748,0.7724867724867726,1.0,0.46825396825396826,0.4225352112676056,0.5694164989939637,0.8430583501006036
2016,85170,ARATIBA,43,0.6978132207466294,1.983662987875002e-07,0.637016331339496,4.372938249951879e-06,0.8888888888888888,0.9901960784313726,0.6519607843137255,0.8148893360160966,0.670020120724346,0.3762575452716298
2016,85189,HARMONIA,30,0.6601359143482827,7.210814216779011e-05,0.6409827911476922,0.00013547931400798648,0.8042328042328042,1.0,0.5396825396825398,0.7283702213279678,0.6921529175050302,0.8430583501006036
2016,85197,ARROIO DO MEIO,52,0.526969626899553,5.982771733181618e-05,0.6451013478905853,2.438033120625909e-07,0.8403547671840355,0.9955654101995566,0.6463414634146342,0.4426559356136821,0.7002012072434608,0.5915492957746479
2016,85200,CAMPOS BORGES,35,0.532581283256238,0.0009894833998759938,0.6851436647530303,5.608986097201655e-06,0.6901709401709402,0.9893162393162392,0.5470085470085471,0.45472837022132795,0.8108651911468813,0.352112676056338
2016,85219,ARROIO DOS RATOS,53,0.4795337500320478,0.0002800534333023426,0.4676653331587033,0.0004141935458061501,0.7588383838383838,0.9797979797979798,0.6338383838383839,0.3762575452716298,0.3319919517102616,0.15593561368209255
2016,85227,CERRO GRANDE,29,0.4837915377043801,0.007837308476806496,0.5342128989378202,0.0028353264144789117,0.7027777777777778,0.9944444444444445,0.5777777777777778,0.3843058350100604,0.4507042253521127,0.5492957746478874
2016,85235,ARROIO DO TIGRE,35,0.5556411527037317,0.0005299465913531507,0.6968316276461516,3.317180434695863e-06,0.6965811965811965,0.9700854700854701,0.5363247863247863,0.5150905432595574,0.8450704225352113,0.0744466800804829
2016,85243,IPIRANGA DO SUL,25,0.7081009453787658,7.488939375560513e-05,0.5716763005780346,0.0028319426071521446,0.7152777777777778,0.9722222222222222,0.4652777777777778,0.8410462776659959,0.5231388329979879,0.08651911468812877
2016,85251,ARROIO GRANDE,67,0.7350410741827083,1.422381758027744e-12,0.7319971149444368,1.9551022200492547e-12,0.8869731800766284,0.9961685823754789,0.7193486590038314,0.8933601609657947,0.9074446680080482,0.607645875251509
2016,85260,LAGOÃO,30,0.7788537655589689,3.9952876884705826e-07,0.790659030131276,2.0059704465889632e-07,0.8624338624338624,0.9947089947089947,0.46825396825396826,0.9577464788732394,0.96579476861167,0.5613682092555332
2016,85278,ARVOREZINHA,36,0.5664434903267835,0.0003165783585360151,0.4951293969791264,0.002139430667383183,0.8004115226337448,0.9876543209876543,0.5370370370370371,0.5331991951710262,0.3903420523138833,0.30985915492957744
2016,85286,ESTAÇÃO,34,0.5923435625948592,0.0002236257110642627,0.7119197212860565,3.3865384916752658e-06,0.7911111111111111,0.9422222222222223,0.5644444444444445,0.5754527162977867,0.8772635814889336,0.014084507042253521
2016,85294,AUGUSTO PESTANA,30,0.6631813125695216,6.496180180026472e-05,0.8493211662586246,2.9572109024665296e-09,0.8253968253968254,1.0,0.5158730158730158,0.738430583501006,0.9959758551307847,0.8430583501006036
2016,85308,ARROIO DO SAL,71,0.5463389279883111,8.286231987572228e-07,0.6578256311593925,6.122372424150744e-10,0.6478494623655914,0.9982078853046595,0.6397849462365591,0.4969818913480885,0.7283702213279678,0.6659959758551308
2016,85316,BAGÉ,188,0.7137467330026271,1.3985828918992041e-30,0.7041122150107064,7.247577817514243e-29,0.8981768145854833,0.9962160302717579,0.673374613003096,0.8470824949698189,0.8631790744466801,0.6096579476861167
2016,85324,SÃO JOSÉ DO HORTÊNCIO,22,0.4610170227292699,0.030815644494501835,0.3876166397496607,0.07468524291872232,0.7136752136752136,1.0,0.5854700854700855,0.3641851106639839,0.22535211267605634,0.8430583501006036
2016,85332,BARÃO DE COTEGIPE,40,0.02455478934883139,0.8804520659597368,0.21287665493332683,0.1872249224916364,0.4659498207885304,0.9534050179211471,0.564516129032258,0.04225352112676056,0.08853118712273642,0.028169014084507043
2016,85340,PINHAL,13,-0.08803309566091672,0.7748931291635943,-0.08803309566091672,0.7748931291635943,0.33333333333333337,1.0,0.5,0.014084507042253521,0.018108651911468814,0.8430583501006036
2016,85359,BARRACÃO,25,0.24243628680089938,0.24295062505507825,0.4057447784155299,0.044181165117415176,0.7083333333333333,0.9965277777777778,0.5277777777777778,0.1448692152917505,0.24748490945674045,0.6207243460764588
2016,85367,TRÊS CACHOEIRAS,31,0.7671674940687117,4.791161681552392e-07,0.6949682398950526,1.4352691990843324e-05,0.8333333333333334,0.9949494949494949,0.5277777777777778,0.9456740442655935,0.8410462776659959,0.5714285714285714
2016,85375,BARRA DO RIBEIRO,67,0.7275296746176773,3.0943951933937142e-12,0.6672824155787641,6.990726438803489e-10,0.8984674329501915,0.9885057471264368,0.6886973180076628,0.8832997987927566,0.7545271629778671,0.32696177062374243
2016,85383,SÃO VENDELINO,23,0.42797134985795326,0.04162671127434513,0.47787393302094144,0.02109620759643119,0.8015873015873016,0.9841269841269842,0.4920634920634921,0.3118712273641851,0.3501006036217304,0.22334004024144868
2016,85391,BARROS CASSAL,35,0.6693751816878883,1.0982744287000786e-05,0.5103414742522574,0.0017351248851089395,0.7649572649572649,0.9807692307692307,0.6260683760683761,0.7545271629778671,0.4104627766599598,0.16498993963782696
2016,85405,PROTÁSIO ALVES,16,-0.32617837561346785,0.2175955620325401,0.028997252311660313,0.9151049858011167,0.3253968253968254,0.9841269841269842,0.6746031746031745,0.006036217303822937,0.03420523138832998,0.22334004024144868
2016,85413,BENTO GONÇALVES,170,0.7370427696827266,2.1550472437455643e-30,0.6838704477416747,8.900221993289867e-25,0.8585159554017685,0.9932718185313342,0.6603229527104959,0.8953722334004024,0.7987927565392354,0.48893360160965793
2016,85421,POUSO NOVO,28,0.412522360113819,0.0291432155640884,0.35401536967778574,0.06456803936475945,0.6403508771929824,1.0,0.5818713450292398,0.2857142857142857,0.17706237424547283,0.8430583501006036
2016,85430,BOA VISTA DO BURICÁ,19,0.45789473684210524,0.048674125792005335,0.5184372256365233,0.022959771557869234,0.6111111111111112,0.9777777777777779,0.6333333333333333,0.36016096579476864,0.42857142857142855,0.13682092555331993
2016,85448,EUGÊNIO DE CASTRO,23,0.34980237154150196,0.10179594567782946,0.3858345715700842,0.06900947012511005,0.6587301587301587,1.0,0.6984126984126984,0.21730382293762576,0.2193158953722334,0.8430583501006036
2016,85456,BOM JESUS,34,0.527782028159759,0.0013372399872856931,0.5872005221749333,0.00026147441181607537,0.7511111111111111,1.0,0.5177777777777778,0.44466800804828976,0.5533199195171026,0.8430583501006036
2016,85464,CRISTAL,50,0.6598131337665797,1.8691285241349612e-07,0.6996395226641412,1.5758978283342624e-08,0.7127371273712737,1.0,0.6707317073170732,0.7223340040241448,0.8511066398390342,0.8430583501006036
2016,85472,BOM RETIRO DO SUL,55,0.651886862220834,7.00702199513202e-08,0.5397172214173774,2.1155743528658625e-05,0.748792270531401,0.9927536231884058,0.6002415458937198,0.704225352112676,0.4607645875251509,0.4607645875251509
2016,85480,SÃO MIGUEL DAS MISSÕES,34,0.42656275873261784,0.011878594217505737,0.5133914966767917,0.0019014840990157088,0.6399999999999999,0.9933333333333334,0.6333333333333333,0.30985915492957744,0.4164989939637827,0.49295774647887325
2016,85499,BOSSOROCA,31,0.7310483870967742,3.00136122544297e-06,0.7520694528568547,1.07107621632857e-06,0.8383838383838383,0.9848484848484849,0.6237373737373737,0.8873239436619719,0.9396378269617707,0.24748490945674045
2016,85502,GLORINHA,42,0.5367398358930189,0.0002478820390963333,0.5110494385246603,0.0006391535915520481,0.7104377104377104,0.9932659932659932,0.6127946127946128,0.4607645875251509,0.41448692152917505,0.4859154929577465
2016,85510,BRAGA,19,0.5894736842105263,0.007905138622080773,0.6918349429323968,0.0010321320041180829,0.8222222222222223,1.0,0.5277777777777778,0.5674044265593562,0.8269617706237424,0.8430583501006036
2016,85529,SEGREDO,31,0.7738290085072381,3.2957453819965943e-07,0.7928078437648001,1.0557029390217546e-07,0.7853535353535354,1.0,0.595959595959596,0.9517102615694165,0.971830985915493,0.8430583501006036
2016,85537,BUTIÁ,72,0.6482514824514717,7.448709968378297e-10,0.6782316300540434,5.935741918532836e-11,0.892416225749559,0.9929453262786596,0.6111111111111112,0.6901408450704225,0.7847082494969819,0.46680080482897385
2016,85545,ALEGRIA,29,0.36186722777253466,0.053738152867828286,0.34072431633407246,0.07049709121170364,0.7111111111111111,1.0,0.5027777777777778,0.22535211267605634,0.1710261569416499,0.8430583501006036
2016,85553,CAÇAPAVA DO SUL,75,0.781039243887648,1.397790044584442e-16,0.6707482106895197,4.5860729574745244e-11,0.9176136363636364,0.9943181818181818,0.7151988636363636,0.959758551307847,0.7665995975855131,0.545271629778672
2016,85561,SALDANHA MARINHO,21,0.5,0.02099150467016482,0.6393229166666666,0.0018064098658404145,0.6388888888888888,1.0,0.5462962962962962,0.4164989939637827,0.6841046277665996,0.8430583501006036
2016,85570,CACEQUI,39,0.6986574098160391,7.571870624546352e-07,0.717230554733236,2.786812391875848e-07,0.9407407407407407,0.9851851851851852,0.6388888888888888,0.8169014084507042,0.8933601609657947,0.25855130784708247
2016,85588,SÃO JOSÉ DO HERVAL,15,0.7181374840196019,0.002566466851427267,0.7181374840196019,0.002566466851427267,0.9166666666666666,1.0,0.5,0.8651911468812877,0.8953722334004024,0.8430583501006036
2016,85596,CACHOEIRA DO SUL,161,0.6658158231439092,5.6247440336553985e-22,0.5596669551126507,1.433741482260891e-14,0.8187214611872146,0.9844748858447488,0.617351598173516,0.744466800804829,0.4949698189134809,0.23138832997987926
2016,85600,VISTA ALEGRE,22,0.10736586990540536,0.6343781240800794,0.2553427911806437,0.25142618638182357,0.6239316239316239,1.0,0.5854700854700855,0.06438631790744467,0.11670020120724346,0.8430583501006036
2016,85618,CACHOEIRINHA,197,0.695960115854782,7.331942859990546e-30,0.6935654644533253,2.6676046314156714e-29,0.9552287581699346,0.9862745098039215,0.7287581699346406,0.8128772635814889,0.8390342052313883,0.28169014084507044
2016,85626,IVORÁ,20,0.6794738979406734,0.0009835748295570737,0.44364649861960465,0.05006755132335011,0.7424242424242424,0.9494949494949495,0.6868686868686869,0.7766599597585513,0.29577464788732394,0.018108651911468814
2016,85634,CACIQUE DOBLE,19,0.12379284841333496,0.6136171038986711,0.22090472046897064,0.3634393984828175,0.4722222222222222,0.9666666666666668,0.5277777777777778,0.07042253521126761,0.0925553319919517,0.060362173038229376
2016,85642,VILA MARIA,28,0.49185712791249103,0.007850327813019834,-0.007129147512311189,0.9712788933315789,0.5087719298245614,0.9298245614035089,0.564327485380117,0.40040241448692154,0.028169014084507043,0.008048289738430584
2016,85650,CAIBATÉ,23,0.21187293655092718,0.331787090808991,0.435251481243079,0.03791516222289383,0.6666666666666666,1.0,0.5436507936507936,0.1227364185110664,0.28772635814889336,0.8430583501006036
2016,85669,TAQUARUÇU DO SUL,30,0.6503088886225646,0.00010019872990855538,0.54738044596035,0.0017444199518760338,0.7433862433862434,1.0,0.6587301587301587,0.6941649899396378,0.47484909456740443,0.8430583501006036
2016,85677,CAIÇARA,42,0.3921290508458109,0.010217680190573434,0.3271627558973138,0.034442052312626203,0.7239057239057238,0.9932659932659932,0.6683501683501684,0.2635814889336016,0.15090543259557343,0.4859154929577465
2016,85685,IMBÉ,97,0.451867274445129,3.3847541710457276e-06,0.6317485613132061,6.659545477943955e-12,0.8977272727272727,0.9987373737373738,0.7443181818181818,0.34004024144869216,0.6579476861167002,0.670020120724346
2016,85693,CAMAQUÃ,168,0.42388888768172406,1.0313741141188263e-08,0.5655489005369501,2.0408275534998225e-15,0.8657952069716776,0.9991285403050109,0.6941176470588235,0.3058350100603622,0.5070422535211268,0.676056338028169
2016,85707,SEDE NOVA,22,0.5354419868980637,0.010226615142277627,0.42723935020107195,0.04734423929940468,0.7777777777777777,0.9914529914529915,0.4700854700854701,0.45875251509054327,0.2776659959758551,0.4245472837022133
2016,85715,CAMBARÁ DO SUL,48,0.5640065439879933,2.983881959759019e-05,0.4676466974862158,0.00080396701766084,0.8746438746438746,0.9686609686609685,0.7521367521367521,0.5291750503018109,0.3299798792756539,0.06639839034205232
2016,85723,TUPANDI,32,-0.0219941348973607,0.9048936616672866,0.0936927026035937,0.6100209649553836,0.47342995169082125,0.9903381642512078,0.572463768115942,0.028169014084507043,0.052313883299798795,0.386317907444668
2016,85731,CAMPINA DAS MISSÕES,30,0.6082118653430987,0.0003630224503442976,0.5948775203217623,0.0005260298534003212,0.8783068783068783,0.9947089947089948,0.5608465608465609,0.6197183098591549,0.5754527162977867,0.5663983903420523
2016,85740,RIOZINHO,36,0.646490668593497,2.047759510791642e-05,0.5577287737745427,0.0004996944462969832,0.7530864197530864,0.9917695473251029,0.6296296296296295,0.6881287726358148,0.4909456740442656,0.4346076458752515
2016,85758,CAMPINAS DO SUL,30,0.42448531892567987,0.01938724571348327,0.5006160822283424,0.005676644655691739,0.7248677248677249,1.0,0.5264550264550265,0.30784708249496984,0.3963782696177062,0.8430583501006036
2016,85766,RELVADO,16,0.28991913661984064,0.2760591963386806,0.428252906469774,0.09794053543370988,0.7619047619047619,0.9682539682539684,0.5634920634920635,0.17303822937625754,0.28169014084507044,0.06438631790744467
2016,85774,CAMPO BOM,99,0.7211868624096289,3.8087169259631544e-17,0.6928006616575818,2.71418615749457e-15,0.9338842975206612,0.9834710743801653,0.684400826446281,0.8712273641851107,0.8329979879275654,0.20925553319919518
2016,85782,IMIGRANTE,29,0.7198917624153223,1.071824612375823e-05,0.6516912582014113,0.00012832412105728225,0.7777777777777778,0.975,0.5583333333333333,0.869215291750503,0.7183098591549296,0.10865191146881288
2016,85790,CAMPO NOVO,48,0.6526467993494783,4.988118597883073e-07,0.7158183773447183,1.0732725340380163e-08,0.8262108262108262,0.9971509971509971,0.4999999999999999,0.7062374245472837,0.8853118712273642,0.641851106639839
2016,85804,CIDREIRA,90,0.45471826141216154,6.720807185065127e-06,0.5284698548261262,8.619484210624884e-08,0.9231824417009603,0.9972565157750343,0.7839506172839507,0.3501006036217304,0.4386317907444668,0.6438631790744467
2016,85812,CANDELÁRIA,79,0.669346988507957,1.5452015725440976e-11,0.7034651624670921,4.851123750386785e-13,0.9003496503496504,0.9895104895104894,0.5757575757575757,0.7525150905432596,0.8591549295774648,0.36016096579476864
2016,85820,MONTAURI,18,-0.06839436995066701,0.787424717730084,-0.16424151918797178,0.5148929165896898,0.5308641975308642,1.0,0.5555555555555556,0.018108651911468814,0.014084507042253521,0.8430583501006036
2016,85839,CÂNDIDO GODÓI,26,0.13755351482792938,0.5028007846778093,0.26882104360455744,0.18420827376663412,0.5392156862745098,1.0,0.542483660130719,0.08450704225352113,0.1227364185110664,0.8430583501006036
2016,85847,VISTA GAÚCHA,12,0.3706293706293707,0.23562100351264567,0.3706293706293707,0.23562100351264567,0.9259259259259259,1.0,0.5,0.23541247484909456,0.193158953722334,0.8430583501006036
2016,85855,CANELA,85,0.6735866961587258,1.6199941160036913e-12,0.5375462241183511,1.1287377380279332e-07,0.703931203931204,0.9987714987714988,0.6609336609336609,0.7665995975855131,0.4567404426559356,0.6720321931589537
2016,85863,VISTA ALEGRE DO PRATA,18,0.4569914273963137,0.05657183529897649,0.24806741337940458,0.3209381004592872,0.6358024691358024,1.0,0.6111111111111112,0.3561368209255533,0.11066398390342053,0.8430583501006036
2016,85871,CANGUÇU,113,0.7644455306446877,6.762221880181269e-23,0.7414392978555613,8.870687373254812e-21,0.8707482993197279,0.9925170068027211,0.6656462585034014,0.9396378269617707,0.9215291750503019,0.448692152917505
2016,85880,CASEIROS,27,0.38388629630050114,0.04806082934749639,0.35152081179260863,0.07217626268166913,0.6049382716049383,0.9938271604938271,0.5277777777777778,0.2515090543259557,0.1750503018108652,0.5201207243460765
2016,85898,CANOAS,295,0.6841797096770695,4.625701989259675e-42,0.6845308232872607,1.984085559485539e-41,0.975842891901286,0.9966979492526937,0.6991657977059437,0.7847082494969819,0.806841046277666,0.6237424547283702
2016,85901,ITACURUBI,31,0.5538524048845663,0.0012273724905204402,0.4456785228190329,0.011980084561264533,0.6868686868686869,0.9823232323232323,0.6237373737373737,0.5110663983903421,0.30181086519114686,0.18209255533199195
2016,85910,CARAZINHO,102,0.6936760767971241,6.394157209776924e-16,0.7567793075472187,3.5863259901761096e-20,0.9040622299049266,0.9922212618841832,0.5492653414001729,0.8088531187122736,0.9456740442655935,0.4426559356136821
2016,85928,ENTRE RIOS DO SUL,24,0.566013125627195,0.003938595646794687,0.6437013417012997,0.0006891667451062005,0.8666666666666667,1.0,0.6333333333333333,0.5311871227364185,0.6981891348088531,0.8430583501006036
2016,85936,CARLOS BARBOSA,65,0.503121117057358,1.9416279266886206e-05,0.3752639243326684,0.0020687266569457703,0.7365319865319866,0.9915824915824915,0.6540404040404041,0.41851106639839036,0.19919517102615694,0.42655935613682094
2016,85944,CERRO GRANDE DO SUL,53,0.4874173289424475,0.00021423087667919494,0.5439276082344043,2.5591065864492838e-05,0.7095959595959596,0.9924242424242423,0.6704545454545455,0.38832997987927564,0.46680080482897385,0.44466800804828976
2016,85952,CASCA,33,0.6504863482282223,4.166122253993517e-05,0.7315591607128757,1.3202024264920548e-06,0.8287037037037037,1.0,0.5833333333333333,0.7002012072434608,0.9054325955734407,0.8430583501006036
2016,85960,CAMARGO,22,0.12905261149581418,0.5670648994536669,0.10483702922452154,0.6424262938757871,0.5512820512820513,0.9743589743589743,0.5854700854700855,0.07847082494969819,0.05835010060362173,0.10160965794768612
2016,85979,CATUÍPE,34,0.4598105134474328,0.006219978444762016,0.5640045870501774,0.0005129077903525044,0.7577777777777778,1.0,0.5577777777777778,0.36217303822937624,0.5010060362173038,0.8430583501006036
2016,85987,PARAÍSO DO SUL,38,0.5444487119568471,0.0004096915853219654,0.480763960196104,0.0022487103515400854,0.8045977011494253,0.9846743295019157,0.5,0.48893360160965793,0.358148893360161,0.23843058350100604
2016,85995,CAXIAS DO SUL,393,0.6858618813158536,6.293409981967771e-56,0.6767124903847314,6.027852012953815e-54,0.9417156286721504,0.9991774383078731,0.7026439482961222,0.7927565392354124,0.7806841046277666,0.6800804828973843
2016,86010,CERRO LARGO,35,0.5919024936957131,0.00018017892285944478,0.5987278168431931,0.000232393945795665,0.7606837606837606,0.982905982905983,0.5811965811965811,0.5734406438631791,0.5895372233400402,0.1981891348088531
2016,86029,FAXINALZINHO,25,0.31448434053624735,0.12575271579000533,0.5420067986524598,0.005130591629036648,0.6909722222222223,1.0,0.5520833333333333,0.18712273641851107,0.46277665995975853,0.8430583501006036
2016,86037,CHAPADA,27,0.4989312977099236,0.0080684024733692,0.4512517743029239,0.01814910460584427,0.6604938271604939,1.0,0.5462962962962963,0.4124748490945674,0.31388329979879276,0.8430583501006036
2016,86045,AMARAL FERRADOR,31,0.8152932527992749,2.3312842089266322e-08,0.8057939168823671,7.758509392976379e-08,0.904040404040404,1.0,0.4924242424242424,0.9879275653923542,0.9839034205231388,0.8430583501006036
2016,86053,CHIAPETTA,23,0.366963582082587,0.08499103446989555,0.41712044175471935,0.04768048332269556,0.6984126984126984,1.0,0.5476190476190477,0.22937625754527163,0.25553319919517103,0.8430583501006036
2016,86061,VILA FLORES,29,0.17897202157401126,0.35292551779143216,0.5973866059275973,0.0006224780185515598,0.6444444444444444,0.9777777777777779,0.5027777777777778,0.096579476861167,0.5835010060362174,0.13682092555331993
2016,86070,CIRÍACO,30,0.3591314120250251,0.05129058221965336,0.3394373841913857,0.066492310341319,0.6772486772486773,1.0,0.5396825396825398,0.22132796780684105,0.16700201207243462,0.8430583501006036
2016,86088,CERRO BRANCO,39,0.5293313504602485,0.0005303700223024809,0.3980853085459979,0.012077953645393876,0.6814814814814815,0.9962962962962963,0.5981481481481481,0.448692152917505,0.2414486921529175,0.613682092555332
2016,86096,COLORADO,38,0.18429163971986304,0.2680257923283043,0.37830176140452154,0.01918633348080157,0.49616858237547895,0.978927203065134,0.5862068965517242,0.10261569416498995,0.20321931589537223,0.14688128772635814
2016,86100,ANDRÉ DA ROCHA,24,0.2953458304626124,0.16117247669972418,0.62072720826762,0.001209955146906856,0.6592592592592592,1.0,0.4444444444444445,0.1750503018108652,0.6338028169014085,0.8430583501006036
2016,86118,CONDOR,10,0.04242424242424241,0.9073638178128159,0.04242424242424241,0.9073638178128159,1.0,1.0,0.5,0.05030181086519115,0.03621730382293763,0.8430583501006036
2016,86126,POÇO DAS ANTAS,20,0.39947289156626503,0.08099094475824559,0.3953225479294706,0.08449400518926029,0.712121212121212,0.9292929292929293,0.45959595959595956,0.27364185110663986,0.23742454728370221,0.006036217303822937
2016,86134,CONSTANTINA,31,0.6230466812588698,0.00018135332585151549,0.7380520266182696,2.152227774078377e-06,0.8636363636363636,1.0,0.5505050505050505,0.6398390342052314,0.9154929577464789,0.8430583501006036
2016,86142,TRÊS PALMEIRAS,35,0.685569064235292,5.505083857585942e-06,0.618346566433708,7.536270150705647e-05,0.8012820512820513,1.0,0.5470085470085471,0.7907444668008048,0.6277665995975855,0.8430583501006036
2016,86150,CORONEL BICACO,23,0.726890756302521,8.53953305294246e-05,0.7932739861523244,6.318850274920079e-06,0.9126984126984127,0.9920634920634921,0.5634920634920635,0.8812877263581489,0.9738430583501007,0.4386317907444668
2016,86169,NOVA ALVORADA,23,0.07066963398347265,0.748649839864519,0.18491965954457537,0.3982739445988002,0.5952380952380952,1.0,0.5277777777777778,0.05432595573440644,0.07243460764587525,0.8430583501006036
2016,86177,CRISSIUMAL,34,0.5700970297026293,0.0004317970050864246,0.5910689707906407,0.00023251869518521815,0.6844444444444444,1.0,0.43999999999999995,0.5352112676056338,0.5633802816901409,0.8430583501006036
2016,86185,MORRO REDONDO,41,0.6361973030208611,7.803338048344142e-06,0.4446269357109338,0.004046886216831268,0.7638888888888888,0.9965277777777778,0.5555555555555556,0.6639839034205232,0.2977867203219316,0.6207243460764588
2016,86193,CRUZ ALTA,162,0.6551118686245085,3.161097790395738e-21,0.7154392926925204,3.143082606809795e-26,0.9154195011337869,0.9945578231292517,0.617233560090703,0.7122736418511066,0.8832997987927566,0.5533199195171026
2016,86207,SANTA MARIA DO HERVAL,34,0.16252769971800332,0.3584251076419094,0.42740115505002596,0.013105509114872791,0.6533333333333333,1.0,0.5466666666666667,0.09054325955734406,0.2796780684104628,0.8430583501006036
2016,86215,CRUZEIRO DO SUL,59,0.37306166574162575,0.0036133221310073052,0.4710922981937078,0.00016603258131441955,0.7288888888888888,0.9955555555555555,0.5177777777777778,0.23943661971830985,0.3440643863179074,0.5865191146881288
2016,86223,BARÃO,46,0.6055447623689224,8.245001076451716e-06,0.6011721159777915,9.960732102934114e-06,0.7807807807807807,0.984984984984985,0.5735735735735736,0.607645875251509,0.5935613682092555,0.24949698189134809
2016,86231,DAVID CANABARRO,27,-0.052930907386792174,0.7931623910950459,0.07783321233250581,0.7054836576493987,0.4629629629629629,0.9753086419753086,0.5123456790123457,0.022132796780684104,0.04225352112676056,0.11167002012072434
2016,86240,ELDORADO DO SUL,118,0.7076978283781422,3.261594999791467e-19,0.586942360346404,2.848388645782103e-12,0.9306829765545361,0.9969418960244648,0.7951070336391437,0.8390342052313883,0.5513078470824949,0.6338028169014085
2016,86258,DOIS IRMÃOS,42,0.7587856941651707,5.7952334373388434e-09,0.670154203699292,1.206330647397164e-06,0.9023569023569024,1.0,0.6767676767676767,0.9195171026156942,0.7605633802816901,0.8430583501006036
2016,86274,DOM FELICIANO,56,0.6743927710104356,1.2101694748775464e-08,0.6880990686530305,6.444647522195656e-09,0.7990543735224587,0.9881796690307328,0.5732860520094561,0.7686116700201208,0.8169014084507042,0.32193158953722334
2016,86282,ALTO FELIZ,39,0.11644391396565026,0.4802257149688812,0.3861070330501932,0.015192245099349092,0.562962962962963,0.9925925925925926,0.5703703703703704,0.06639839034205232,0.22132796780684105,0.4537223340040241
2016,86290,DOM PEDRITO,75,0.7688663476900252,7.959685480623194e-16,0.6841434684208488,1.3228350365690597e-11,0.7419354838709679,0.9851116625310175,0.56575682382134,0.9476861167002012,0.8028169014084507,0.2535211267605634
2016,86304,AMETISTA DO SUL,30,0.28908423457032023,0.12128732151592266,0.3911703075742405,0.03587952219954797,0.6243386243386244,0.9497354497354498,0.46031746031746035,0.16901408450704225,0.23340040241448692,0.02012072434607646
2016,86312,DONA FRANCISCA,25,0.4623076923076923,0.01997667871234908,0.36013851481338977,0.07699556411287321,0.6875,0.9722222222222222,0.4340277777777778,0.36619718309859156,0.1851106639839034,0.08651911468812877
2016,86320,ARAMBARÉ,45,0.5144514455370822,0.00030001497606628816,0.47987608005525406,0.0008507373850884302,0.6990740740740741,0.9814814814814814,0.5524691358024691,0.42857142857142855,0.35412474849094566,0.16800804828973842
2016,86339,ENCANTADO,42,0.4879640152192286,0.001045034357322507,0.5543487089622207,0.00013944255255928068,0.6656891495601173,1.0,0.5146627565982405,0.3903420523138833,0.4869215291750503,0.8430583501006036
2016,86347,BARÃO DO TRIUNFO,40,0.5185080980280026,0.0006091586222437668,0.4726709241172051,0.0020710412687650016,0.8207885304659498,1.0,0.6003584229390682,0.43661971830985913,0.3460764587525151,0.8430583501006036
2016,86355,ENCRUZILHADA DO SUL,89,0.7064858366798856,1.0360747217853971e-14,0.6794931331087253,2.4683504970365104e-13,0.8216783216783217,0.9772727272727273,0.7127039627039626,0.8309859154929577,0.7887323943661971,0.1267605633802817
2016,86363,BARRA DO GUARITA,29,0.5784351067155712,0.0010130694307627173,0.4332553516002283,0.0188855962883359,0.7944444444444445,0.9722222222222222,0.6833333333333332,0.5513078470824949,0.2857142857142857,0.08651911468812877
2016,86371,ERECHIM,208,0.5876411463733194,1.0527958969888107e-20,0.5874036873547438,1.1004643439145256e-20,0.8789651986449031,0.9762858022790268,0.6201108715737603,0.5633802816901409,0.5553319919517102,0.12072434607645875
2016,86380,BARRA DO RIO AZUL,15,0.375042687438648,0.16838041045912952,0.375042687438648,0.16838041045912952,0.7222222222222222,1.0,0.5,0.2414486921529175,0.19718309859154928,0.8430583501006036
2016,86398,HERVAL,35,0.5838705386268007,0.00023134502260970723,0.6409502180232436,3.352410893295453e-05,0.6923076923076923,0.9700854700854701,0.5470085470085471,0.5593561368209256,0.6901408450704225,0.0744466800804829
2016,86401,BARRA FUNDA,19,0.07719298245614034,0.7534433450404967,-0.05487269534679543,0.8234468250352731,0.43333333333333335,0.9888888888888889,0.5333333333333333,0.056338028169014086,0.02414486921529175,0.34004024144869216
2016,86410,ERVAL GRANDE,15,-0.010714285714285713,0.9697698761545686,-0.0989010989010989,0.7365853699253173,0.40740740740740744,1.0,0.5833333333333333,0.03621730382293763,0.01609657947686117,0.8430583501006036
2016,86428,BOA VISTA DAS MISSÕES,19,0.31241775714907055,0.192836732976102,0.38823016480033806,0.10047793568083478,0.7,0.9944444444444445,0.5277777777777778,0.1851106639839034,0.22736418511066397,0.5492957746478874
2016,86436,ERVAL SECO,41,0.26848503970316384,0.08964000089021143,0.500218216743248,0.0008673128812860418,0.6041666666666667,1.0,0.5850694444444444,0.15492957746478872,0.39436619718309857,0.8430583501006036
2016,86444,BOM PROGRESSO,31,0.3254664666074466,0.07399301032237418,0.3903881730195308,0.03628437326248282,0.6691919191919191,1.0,0.5707070707070707,0.2012072434607646,0.22937625754527163,0.8430583501006036
2016,86452,ESMERALDA,22,0.5293785310734463,0.011290753594695993,0.42408822729722184,0.04918142844423807,0.6452991452991452,0.9658119658119658,0.4487179487179487,0.4507042253521127,0.2676056338028169,0.05432595573440644
2016,86460,CAMPESTRE DA SERRA,25,0.32018477530170286,0.11867325192516419,0.2886280599901325,0.16173953232838656,0.7152777777777778,0.9930555555555556,0.6145833333333333,0.19517102615694165,0.13480885311871227,0.47585513078470826
2016,86479,ESPUMOSO,52,0.19293002604277848,0.17058321863306689,0.4214349829502391,0.001861641433021645,0.6459948320413437,0.9715762273901808,0.5749354005167958,0.10865191146881288,0.2635814889336016,0.08249496981891348
2016,86487,CANDIOTA,72,0.6049049219474609,1.8261322463519276e-08,0.6384226360770567,1.6080818538429127e-09,0.888888888888889,0.9894179894179894,0.6887125220458553,0.6036217303822937,0.682092555331992,0.35714285714285715
2016,86495,ESTÂNCIA VELHA,95,0.6994647264060271,3.1533222239211173e-15,0.6509891002372963,1.6145463909423848e-12,0.8436692506459947,0.9974160206718345,0.6789405684754523,0.8209255533199196,0.7142857142857143,0.6458752515090543
2016,86509,CAPITÃO,20,0.4090225563909774,0.07334086574364806,0.40606060606060607,0.07565337577740618,0.6767676767676767,1.0,0.5505050505050505,0.2796780684104628,0.24949698189134809,0.8430583501006036
2016,86517,ESTEIO,122,0.6951195438477704,6.538096347425737e-19,0.6838721017658816,3.915816485517852e-18,0.9625,0.9982142857142857,0.696875,0.8108651911468813,0.8008048289738431,0.6680080482897385
2016,86525,CARLOS GOMES,19,0.3176018669633656,0.18516207062197831,0.19504798487255656,0.4235915766048186,0.7055555555555555,0.95,0.49999999999999994,0.19114688128772636,0.08249496981891348,0.022132796780684104
2016,86533,ESTRELA,133,0.21691852098195322,0.012143420334109686,0.6490291796781579,3.889703870044941e-17,0.6551282051282051,0.9935897435897436,0.6897435897435897,0.1267605633802817,0.710261569416499,0.5070422535211268
2016,86541,CENTENÁRIO,27,0.2798410547737684,0.15744407669408209,0.19118213323065075,0.3599524893430137,0.75,0.9938271604938271,0.6080246913580247,0.158953722334004,0.0744466800804829,0.5201207243460765
2016,86550,FARROUPILHA,159,0.6931229543931792,4.348456207106146e-24,0.6112948203650163,1.1508460970412957e-17,0.9194444444444445,0.9958333333333333,0.6747685185185186,0.806841046277666,0.6116700201207244,0.5975855130784709
2016,86568,CHARRUA,19,0.5762170449634243,0.009817818957735569,0.6829872385851272,0.0012689961188015126,0.8333333333333333,0.9666666666666667,0.6333333333333333,0.5492957746478874,0.7927565392354124,0.05835010060362173
2016,86576,FAXINAL DO SOTURNO,36,0.6036302980708806,9.719931862701108e-05,0.6646467472136482,9.823887105521291e-06,0.7078189300411523,0.9794238683127572,0.5679012345679012,0.6016096579476862,0.7464788732394366,0.15090543259557343
2016,86584,COLINAS,31,0.21893463109807718,0.2366878733152238,0.16294944802275302,0.38110847611642923,0.6363636363636364,0.9898989898989898,0.4823232323232323,0.13078470824949698,0.06841046277665996,0.3702213279678068
2016,86592,FELIZ,41,0.6346011709742699,8.357309917531738e-06,0.8262935991777727,2.8756009436265475e-11,0.9097222222222222,1.0,0.5642361111111112,0.6599597585513078,0.9899396378269618,0.8430583501006036
2016,86606,COQUEIROS DO SUL,24,0.6628186995601788,0.0004163002861300082,0.6025736388412501,0.0023428260682688273,0.8555555555555555,0.9814814814814815,0.5925925925925926,0.7364185110663984,0.5955734406438632,0.17303822937625754
2016,86614,FLORES DA CUNHA,71,0.6427697017697667,1.5090212601443245e-09,0.5304802372320486,1.951828525672166e-06,0.6568100358422939,0.9767025089605735,0.6514336917562724,0.6800804828973843,0.44064386317907445,0.1227364185110664
2016,86622,CORONEL BARROS,38,0.16038564204271066,0.33609849296039657,0.41960226283057944,0.008729501942680499,0.6264367816091954,0.9885057471264368,0.6685823754789272,0.08853118712273642,0.2595573440643863,0.32696177062374243
2016,86630,FONTOURA XAVIER,24,0.6170906864730723,0.001317476523733753,0.5477540861057547,0.005593123605304033,0.8444444444444444,0.9777777777777777,0.5222222222222223,0.635814889336016,0.4768611670020121,0.1317907444668008
2016,86649,COXILHA,33,0.632789683114771,7.765109235938631e-05,0.5150682283277955,0.0021604584018692615,0.7592592592592592,0.9953703703703703,0.7083333333333333,0.6539235412474849,0.42052313883299797,0.5814889336016097
2016,86657,FORMIGUEIRO,34,0.6073721367064434,0.00013942955724183294,0.4645994689510057,0.0056367435375731245,0.7822222222222222,1.0,0.5577777777777778,0.613682092555332,0.32595573440643866,0.8430583501006036
2016,86665,DERRUBADAS,21,0.12805982491758067,0.5801293839840054,0.19702594308608182,0.391977549606278,0.5694444444444443,1.0,0.5833333333333333,0.07645875251509054,0.08450704225352113,0.8430583501006036
2016,86673,FREDERICO WESTPHALEN,49,0.6018320073155742,4.783156175233447e-06,0.6877171613070949,4.788553474131842e-08,0.8540669856459331,0.9784688995215312,0.5921052631578947,0.5975855130784709,0.8148893360160966,0.14084507042253522
2016,86681,DOIS IRMÃOS DAS MISSÕES,28,0.41638135277883737,0.027523036679684896,0.5829104868703815,0.0011330080421793664,0.7543859649122807,0.9941520467836258,0.5233918128654971,0.2917505030181087,0.545271629778672,0.540241448692153
2016,86690,GARIBALDI,63,0.8272199159736844,6.530184725499286e-17,0.7043814505065413,1.1831614152761206e-10,0.8230452674897119,0.9938271604938271,0.6759259259259259,0.993963782696177,0.8651911468812877,0.5201207243460765
2016,86703,ENGENHO VELHO,12,0.33975533714409795,0.2799203496864415,0.33975533714409795,0.2799203496864415,0.7777777777777779,1.0,0.5,0.20925553319919518,0.16901408450704225,0.8430583501006036
2016,86711,GAURAMA,28,0.3672687465790914,0.05453033212884744,0.3085135505064331,0.11019556617022283,0.6783625730994152,1.0,0.5964912280701755,0.23138832997987926,0.14084507042253522,0.8430583501006036
2016,86720,GARRUCHOS,32,0.6016059410083495,0.0002704305631124147,0.614797866224164,0.00023320987747000682,0.8188405797101449,1.0,0.6135265700483092,0.5955734406438632,0.6217303822937625,0.8430583501006036
2016,86738,GENERAL CÂMARA,48,0.6518705553400402,5.200119548438289e-07,0.7530414991200843,6.641880773522347e-10,0.9116809116809117,0.9914529914529914,0.5997150997150997,0.7022132796780685,0.9416498993963782,0.4215291750503018
2016,86746,GENTIL,26,-0.3568331347400513,0.07354194120936143,-0.30094228222576974,0.14379244599619176,0.36601307189542487,0.9836601307189542,0.5555555555555556,0.004024144869215292,0.002012072434607646,0.21327967806841047
2016,86754,SÃO VICENTE DO SUL,33,0.4526535871493218,0.008168245555879554,0.49598668448731614,0.0033310303115347216,0.5717592592592593,1.0,0.5486111111111112,0.3420523138832998,0.39235412474849096,0.8430583501006036
2016,86762,GRAMADO DOS LOUREIROS,22,0.5289631739477071,0.01136684312014869,0.7005091618256847,0.00028285289737298847,0.7136752136752137,0.9658119658119658,0.5854700854700855,0.44668008048289737,0.8531187122736419,0.05432595573440644
2016,86770,GETÚLIO VARGAS,41,0.5380896385608472,0.00028493225132549953,0.5776003763118984,9.520985213162816e-05,0.71875,1.0,0.6822916666666666,0.46277665995975853,0.5352112676056338,0.8430583501006036
2016,86789,GRAMADO XAVIER,50,0.5953301992649741,5.110930720095761e-06,0.664734606408063,1.4048931491670647e-07,0.8848238482384824,0.9945799457994581,0.52710027100271,0.5875251509054326,0.7484909456740443,0.5553319919517102
2016,86797,GIRUÁ,49,0.7949385172712894,9.07121336547672e-12,0.7835958764327647,4.5657779185571836e-11,0.9162679425837321,1.0,0.6064593301435407,0.9738430583501007,0.9637826961770624,0.8430583501006036
2016,86800,HULHA NEGRA,50,0.702596859309495,1.290680713625654e-08,0.697757003438665,2.5201126052671876e-08,0.8590785907859079,1.0,0.6233062330623306,0.8269617706237424,0.8490945674044266,0.8430583501006036
2016,86819,GRAMADO,83,0.7473786724250372,4.847114917390802e-16,0.6092634909825768,9.835409177680591e-10,0.8918918918918919,0.996996996996997,0.7582582582582582,0.9094567404426559,0.6056338028169014,0.635814889336016
2016,86827,INHACORÁ,22,0.12687200280441885,0.5736881901503744,0.7214367669831738,0.000151089624318425,0.5940170940170939,1.0,0.5854700854700855,0.0744466800804829,0.8993963782696177,0.8430583501006036
2016,86835,GRAVATAÍ,352,0.5459224549834595,9.890280411556579e-29,0.5858597140555779,9.966052407506439e-34,0.909941015681197,0.9929506545820745,0.7593871385412172,0.49295774647887325,0.5492957746478874,0.4688128772635815
2016,86843,ITAPUCA,24,0.6617891209134895,0.0004281375402777556,0.5878512542680608,0.002520441184384235,0.825925925925926,1.0,0.6111111111111112,0.7323943661971831,0.5573440643863179,0.8430583501006036
2016,86851,GUAÍBA,269,0.6914800434282906,1.3794218652760815e-39,0.6511818093329437,1.013023287467631e-33,0.9634387351778657,0.9867835968379447,0.6825592885375494,0.8048289738430584,0.716297786720322,0.28772635814889336
2016,86860,LAJEADO DO BUGRE,24,0.6537544675604609,0.0005309662552925171,0.7402228710647422,3.546427756736556e-05,0.8222222222222223,1.0,0.5444444444444445,0.7082494969818913,0.9175050301810865,0.8430583501006036
2016,86878,GUAPORÉ,40,0.5477742864509166,0.0002536679122042939,0.5148554949146985,0.0007976994147609709,0.7460815047021944,1.0,0.5047021943573667,0.5010060362173038,0.41851106639839036,0.8430583501006036
2016,86886,LAGOA DOS TRÊS CANTOS,19,0.41832120659749444,0.07468259639445601,0.6346458034423264,0.003512593402279896,0.7055555555555555,0.9888888888888889,0.4888888888888888,0.2937625754527163,0.6659959758551308,0.34004024144869216
2016,86894,GUARANI DAS MISSÕES,39,0.49427848354701354,0.001382638227668825,0.7040308697066947,5.714793525255505e-07,0.725925925925926,0.9962962962962962,0.5666666666666667,0.4024144869215292,0.8611670020120724,0.6116700201207244
2016,86908,LINDOLFO COLLOR,40,0.4305027489672387,0.005555815128872525,0.4497670722331058,0.0035941182121493162,0.7688172043010753,0.9964157706093191,0.474910394265233,0.3158953722334004,0.30985915492957744,0.6156941649899397
2016,86916,HORIZONTINA,52,0.7873548504442701,4.423707700217854e-12,0.7171656771878872,2.216675969233458e-09,0.8708010335917312,0.9819121447028424,0.669250645994832,0.96579476861167,0.8913480885311871,0.1790744466800805
2016,86924,LINHA NOVA,22,-0.254625316708374,0.25280679026578956,-0.0511266584252389,0.8212366824530758,0.48717948717948717,0.982905982905983,0.5085470085470085,0.008048289738430584,0.026156941649899398,0.1981891348088531
2016,86932,CHARQUEADAS,117,0.7906669186866009,2.930785031786534e-26,0.7781180559719583,5.64887322744207e-25,0.9053254437869822,0.9848372781065089,0.6283284023668638,0.9698189134808853,0.9617706237424547,0.24346076458752516
2016,86940,MANOEL VIANA,43,0.5871691311321214,3.489319137806864e-05,0.48043553086992347,0.0011114672447341775,0.7826797385620914,0.9738562091503268,0.6274509803921569,0.5613682092555332,0.3561368209255533,0.096579476861167
2016,86959,HUMAITÁ,23,0.4147305981216016,0.049101467113584554,0.4908279623202776,0.017401616559989914,0.738095238095238,0.9523809523809523,0.6904761904761905,0.289738430583501,0.3822937625754527,0.025150905432595575
2016,86967,MAQUINÉ,41,0.6705005938854843,1.6171186305104777e-06,0.6469921341666589,4.8564835305962716e-06,0.826388888888889,1.0,0.6371527777777778,0.7605633802816901,0.7022132796780685,0.8430583501006036
2016,86975,IBIAÇÁ,20,0.2790522950256365,0.23347525594925986,0.35754612995250484,0.12169031591500452,0.6060606060606061,1.0,0.5050505050505051,0.15694164989939638,0.1790744466800805,0.8430583501006036
2016,86983,MARATÁ,36,0.7027062089059085,1.7706716241300528e-06,0.7916316932081833,1.4896331167763548e-08,0.8436213991769548,0.9979423868312758,0.5452674897119342,0.8289738430583501,0.9698189134808853,0.6619718309859155
2016,86991,IBIRAIARAS,34,0.5583065871924194,0.0006007092659656008,0.581352695622046,0.0003113663069163855,0.6644444444444444,0.9933333333333333,0.5577777777777778,0.5191146881287726,0.5412474849094567,0.4909456740442656
2016,87009,MARIANA PIMENTEL,44,0.7547301157370937,3.263692450388086e-09,0.5734784590791627,4.7180392989249736e-05,0.7777777777777778,0.9968253968253968,0.7047619047619048,0.9114688128772636,0.5271629778672032,0.6287726358148893
2016,87017,IBIRUBÁ,44,0.18859015480893285,0.22020263117179298,0.288272955669017,0.06411754354331846,0.650137741046832,1.0,0.6019283746556473,0.10663983903420524,0.13279678068410464,0.8430583501006036
2016,87025,MATO CASTELHANO,35,0.034040764950070315,0.8460740165455689,0.33510787335388065,0.04908640384190461,0.5,0.9871794871794872,0.5470085470085471,0.0482897384305835,0.16297786720321933,0.29577464788732394
2016,87033,IGREJINHA,95,0.38666414680900185,0.00010860414955289522,0.5086856353146545,1.4154399757737924e-07,0.7758397932816539,0.9844961240310077,0.7409560723514211,0.25553319919517103,0.4084507042253521,0.23340040241448692
2016,87041,MATO LEITÃO,47,0.49003732247742726,0.00047169901000384905,0.3581800450659621,0.013433524788715488,0.685672514619883,0.9941520467836258,0.6403508771929824,0.3963782696177062,0.18309859154929578,0.540241448692153
2016,87050,IJUÍ,94,0.7398966089068666,1.6097162432507583e-17,0.691343177732291,2.3754553730311324e-14,0.9447257383966244,0.99915611814346,0.629957805907173,0.8993963782696177,0.8249496981891348,0.6780684104627767
2016,87068,MINAS DO LEÃO,28,0.8020282847267143,2.874686846455421e-07,0.8045509222496129,2.470926041610493e-07,0.8713450292397662,1.0,0.5994152046783625,0.9818913480885312,0.9818913480885312,0.8430583501006036
2016,87076,ILÓPOLIS,24,0.32891016658134364,0.11656994843056628,0.2352041986641018,0.26857070515635045,0.6888888888888889,1.0,0.5444444444444445,0.20321931589537223,0.10663983903420524,0.8430583501006036
2016,87084,MONTE BELO DO SUL,31,0.6452000826818342,8.898801649552853e-05,0.5327439965839528,0.0020325338764339037,0.7702020202020202,0.9873737373737373,0.6666666666666667,0.6841046277665996,0.44668008048289737,0.2977867203219316
2016,87092,INDEPENDÊNCIA,32,0.5506743139980574,0.0010913340328412649,0.4473394796626205,0.01025584957653989,0.6908212560386473,0.9951690821256038,0.6908212560386473,0.5070422535211268,0.3058350100603622,0.5764587525150905
2016,87106,MORMAÇO,35,0.17424826907970864,0.3167717834291316,0.4702872175691697,0.004360256882854248,0.7264957264957265,1.0,0.576923076923077,0.09456740442655935,0.3420523138832998,0.8430583501006036
2016,87114,IRAÍ,22,0.45349211271499995,0.034027749028671686,0.37103323651306935,0.08912822632804362,0.6153846153846154,1.0,0.4487179487179487,0.3460764587525151,0.19517102615694165,0.8430583501006036
2016,87122,MORRINHOS DO SUL,23,0.7592182245619177,2.662035046159471e-05,0.6147337745121831,0.0018004850135464599,0.7301587301587301,0.9761904761904763,0.6547619047619048,0.9255533199195171,0.6197183098591549,0.11770623742454728
2016,87130,ITAQUI,83,0.7996483257297774,1.2539208365684874e-19,0.7224706466766443,1.8362105154982387e-14,0.8787878787878788,0.9734848484848484,0.6906565656565657,0.9778672032193159,0.9014084507042254,0.09456740442655935
2016,87149,MORRO REUTER,33,0.4198548876988089,0.014995549289872812,0.3654253262384443,0.03650966557241818,0.7037037037037037,0.9907407407407408,0.6041666666666666,0.2977867203219316,0.18712273641851107,0.4014084507042254
2016,87157,ITATIBA DO SUL,27,0.46683860905435415,0.014093479479585419,0.5068518621234454,0.006973453930200776,0.7469135802469136,0.9876543209876543,0.5833333333333333,0.3702213279678068,0.4044265593561368,0.30985915492957744
2016,87165,MULITERNO,22,0.7648727676271555,3.3843234770372435e-05,0.7424732876200141,7.591042205000606e-05,0.7948717948717948,0.9743589743589743,0.5085470085470085,0.9416498993963782,0.9255533199195171,0.10160965794768612
2016,87173,IVOTI,35,0.4016525834668758,0.01677514461424902,0.3305700936786931,0.05619600481404575,0.7286324786324787,0.9700854700854701,0.7329059829059829,0.27565392354124746,0.15694164989939638,0.0744466800804829
2016,87181,NICOLAU VERGUEIRO,20,0.7641971206092903,8.76084702762118e-05,0.6374045801526718,0.002502591531834926,0.98989898989899,1.0,0.5202020202020202,0.937625754527163,0.676056338028169,0.8430583501006036
2016,87190,JACUTINGA,28,0.3752055357786548,0.04913311466829714,0.46937947716703543,0.011738604210031804,0.5643274853801169,0.9941520467836257,0.5146198830409356,0.24346076458752516,0.3380281690140845,0.5352112676056338
2016,87203,NOVA BOA VISTA,18,0.30289027515728106,0.22180057628135033,0.1944530977652224,0.43940868720882853,0.6604938271604939,1.0,0.5,0.1790744466800805,0.08048289738430583,0.8430583501006036
2016,87211,JAGUARÃO,89,0.6563025652526993,2.9096584030391902e-12,0.6285845729410761,4.246631867113463e-11,0.8666666666666667,0.9965277777777777,0.7354166666666667,0.7203219315895373,0.647887323943662,0.6177062374245473
2016,87220,NOVA PÁDUA,18,0.28946605235821093,0.24398292411373343,0.28946605235821093,0.24398292411373343,0.6666666666666667,1.0,0.5,0.1710261569416499,0.13682092555331993,0.8430583501006036
2016,87238,JAGUARI,39,0.6726729775281501,2.7212305023232644e-06,0.6906522179461211,1.1387584694357822e-06,0.8666666666666667,0.9888888888888889,0.5296296296296297,0.7645875251509054,0.8209255533199196,0.34004024144869216
2016,87246,NOVA SANTA RITA,107,0.6778669180070118,1.062035048743074e-15,0.6132434831413227,2.192323426060332e-12,0.9138257575757576,0.9895833333333333,0.7608901515151515,0.7746478873239436,0.613682092555332,0.36217303822937624
2016,87254,JÚLIO DE CASTILHOS,56,0.4903435158960262,0.00012492046808753766,0.6089369628918853,6.368857738981096e-07,0.7373737373737375,0.997979797979798,0.6444444444444445,0.3983903420523139,0.6036217303822937,0.6639839034205232
2016,87262,NOVO BARREIRO,18,0.4555785123966943,0.057438118617589885,0.4555785123966943,0.057438118617589885,0.6666666666666667,1.0,0.5,0.352112676056338,0.3199195171026157,0.8430583501006036
2016,87270,LAGOA VERMELHA,68,0.661129274544077,8.448804575122669e-10,0.618663810926181,1.8820726445407437e-08,0.8596491228070176,0.974481658692185,0.6443381180223285,0.7303822937625755,0.6297786720321932,0.10663983903420524
2016,87289,NOVO MACHADO,34,0.5385144492055559,0.001017975212057409,0.640400496628755,4.518522939959323e-05,0.7422222222222222,1.0,0.5177777777777778,0.46680080482897385,0.6861167002012073,0.8430583501006036
2016,87297,LAJEADO,144,0.6848924578968919,2.9057540691155316e-21,0.6140728376440777,2.731394558455682e-16,0.8351421188630491,0.9906976744186046,0.6950904392764858,0.7867203219315896,0.6177062374245473,0.39436619718309857
2016,87300,NOVO TIRADENTES,28,0.45056155760488714,0.016123078317018553,0.3850685509579403,0.043023547995005074,0.6228070175438596,0.9941520467836258,0.43567251461988304,0.3380281690140845,0.2152917505030181,0.540241448692153
2016,87319,LAVRAS DO SUL,42,0.45288372834446494,0.002598526227860119,0.4270369660588937,0.005360280534890175,0.7222222222222222,0.9797979797979798,0.632996632996633,0.3440643863179074,0.27565392354124746,0.15593561368209255
2016,87327,PARECI NOVO,32,0.06617781962709343,0.718952594313248,0.18253328326098336,0.32569225051904155,0.5410628019323671,0.9613526570048309,0.5917874396135266,0.052313883299798795,0.07042253521126761,0.04024144869215292
2016,87335,LIBERATO SALZANO,18,0.17243161822920577,0.49385002508599624,0.21934819282864307,0.38183153249699286,0.617283950617284,1.0,0.6111111111111112,0.0925553319919517,0.09054325955734406,0.8430583501006036
2016,87343,PASSO DO SOBRADO,37,0.6885421975113379,2.469511789529027e-06,0.6377990697173866,2.1754105983959478e-05,0.7936507936507936,1.0,0.5694444444444444,0.7987927565392354,0.6780684104627767,0.8430583501006036
2016,87351,MACHADINHO,23,0.43870489372219473,0.03624825483564992,0.43669634025717113,0.03721055975532226,0.746031746031746,1.0,0.49603174603174605,0.33400402414486924,0.289738430583501,0.8430583501006036
2016,87360,PICADA CAFÉ,44,0.38889085876735235,0.00908244066109865,0.42077986598082007,0.004453133878546127,0.6158730158730158,0.9968253968253968,0.6365079365079365,0.2595573440643863,0.26156941649899396,0.6287726358148893
2016,87378,MARAU,58,0.8338126952398954,4.490483358095304e-16,0.8360820725926887,5.801935004009112e-16,0.891156462585034,0.9773242630385487,0.6666666666666666,0.9959758551307847,0.993963782696177,0.12877263581488935
2016,87386,PINHAL GRANDE,34,0.5932387384911785,0.0002175628001826255,0.8601596120384696,7.078346712726981e-11,0.7799999999999999,1.0,0.5177777777777778,0.5814889336016097,1.0,0.8430583501006036
2016,87394,MARCELINO RAMOS,23,0.7689646886593248,1.8078846615396033e-05,0.7912332838038633,6.937763954140616e-06,0.8809523809523809,1.0,0.48412698412698413,0.9496981891348089,0.9678068410462777,0.8430583501006036
2016,87408,PINHEIRINHO DO VALE,23,0.5897626834008302,0.0030578949568927866,0.5060877218723698,0.013741753852260185,0.7817460317460317,1.0,0.7142857142857143,0.5694164989939637,0.4024144869215292,0.8430583501006036
2016,87416,MARIANO MORO,27,0.4954968764796848,0.008586165287680554,0.4674610449129239,0.013948575928133509,0.7160493827160493,1.0,0.5833333333333334,0.4044265593561368,0.32796780684104626,0.8430583501006036
2016,87424,PONTÃO,34,0.4805443135320115,0.0040201865302049436,0.4137166752352385,0.015006500725258626,0.6333333333333333,0.9977777777777778,0.5177777777777778,0.3782696177062374,0.2535211267605634,0.6559356136820925
2016,87432,MATA,38,0.6402452529219903,1.4987000337099252e-05,0.5312569344492194,0.0005993640227598334,0.7471264367816092,1.0,0.7337164750957854,0.6740442655935613,0.4426559356136821,0.8430583501006036
2016,87440,PONTE PRETA,25,0.39245222408034686,0.05232337766653376,0.2293282430506522,0.2701509125458908,0.6041666666666667,0.9826388888888888,0.5590277777777778,0.2655935613682093,0.10261569416498995,0.1891348088531187
2016,87459,MAXIMILIANO DE ALMEIDA,24,0.8164419312744671,1.1432950531059817e-06,0.7606922358538215,2.513624977370805e-05,0.8962962962962963,1.0,0.4925925925925926,0.9899396378269618,0.9496981891348089,0.8430583501006036
2016,87467,PORTO MAUÁ,16,0.31788088076084053,0.23021140881741164,0.22107596275432898,0.4106067998491752,0.6507936507936508,1.0,0.6349206349206349,0.193158953722334,0.09456740442655935,0.8430583501006036
2016,87475,MIRAGUAÍ,26,0.5184678522571818,0.006657485029840634,0.5481608292371996,0.003741499619267091,0.6862745098039216,0.9934640522875817,0.4542483660130719,0.4346076458752515,0.4788732394366197,0.5040241448692153
2016,87483,PORTO VERA CRUZ,25,0.3783680033945708,0.062180315949689625,0.39102813834601025,0.0532607665998256,0.6631944444444444,0.9861111111111112,0.701388888888889,0.2454728370221328,0.23138832997987926,0.2746478873239437
2016,87491,MONTENEGRO,114,0.5990837456297179,1.9059234078173822e-12,0.5178683640435239,3.619775016978899e-09,0.7480769230769231,0.9874999999999999,0.6932692307692307,0.5935613682092555,0.4245472837022133,0.30181086519114686
2016,87505,PRESIDENTE LUCENA,22,0.22646318578488928,0.31084605825961836,-0.07019532675011589,0.7562494937100045,0.48717948717948717,0.9487179487179487,0.5085470085470085,0.13883299798792756,0.02012072434607646,0.01609657947686117
2016,87513,MOSTARDAS,52,0.4309623434890251,0.0014254160491161938,0.566861528253412,1.4463733650517135e-05,0.6589147286821706,0.9896640826873384,0.5775193798449612,0.317907444668008,0.5090543259557344,0.36619718309859156
2016,87521,QUEVEDOS,28,0.740173156485714,6.722227059236425e-06,0.8225975369528541,7.823603828473754e-08,0.9064327485380117,0.9970760233918128,0.5409356725146199,0.903420523138833,0.9879275653923542,0.6378269617706237
2016,87530,MUÇUM,39,0.6557485014624796,5.861902348101389e-06,0.6428969565459536,1.0176611565643371e-05,0.837037037037037,0.9740740740740741,0.5203703703703703,0.7142857142857143,0.6961770623742455,0.09859154929577464
2016,87548,RIO DOS ÍNDIOS,31,0.6203555257939923,0.0001970135946683801,0.6711761770702347,3.5826495364422095e-05,0.7676767676767676,0.9898989898989898,0.5934343434343434,0.6378269617706237,0.7686116700201208,0.3702213279678068
2016,87556,NÃO-ME-TOQUE,40,0.664320582271471,2.9515181352657954e-06,0.6547546379607154,4.57096377237277e-06,0.917562724014337,0.989247311827957,0.5752688172043011,0.7404426559356136,0.7243460764587525,0.3470824949698189
2016,87564,SAGRADA FAMÍLIA,30,0.6063237736593894,0.000382979739296242,0.6600067341794402,7.242621568701599e-05,0.8095238095238095,1.0,0.5396825396825398,0.6096579476861167,0.7364185110663984,0.8430583501006036
2016,87572,NONOAI,36,0.476215007270324,0.0033255316430398953,0.5456074194893449,0.0006992289156577108,0.794238683127572,0.9835390946502057,0.6172839506172839,0.37424547283702214,0.4688128772635815,0.2112676056338028
2016,87580,SALVADOR DAS MISSÕES,16,0.6033850051478916,0.0133378256280721,0.6037176389816953,0.013273432280311748,0.7777777777777778,1.0,0.5634920634920635,0.5995975855130785,0.5975855130784709,0.8430583501006036
2016,87599,NOVA ARAÇÁ,19,0.714160346574092,0.0005930904436704179,0.7964347573628505,0.00022243952733989227,0.9055555555555556,1.0,0.6944444444444444,0.8511066398390342,0.9758551307847082,0.8430583501006036
2016,87602,SANTA CLARA DO SUL,35,0.3461565624833085,0.041652536141163904,0.424386842180683,0.011056647292160778,0.5961538461538461,1.0,0.5277777777777778,0.2152917505030181,0.2716297786720322,0.8430583501006036
2016,87610,NOVA BASSANO,28,0.6265225185262614,0.00036112571133955503,0.5206358911647814,0.005365785428104267,0.7543859649122807,0.9590643274853801,0.48830409356725146,0.6438631790744467,0.4346076458752515,0.03420523138832998
2016,87629,SANTA TEREZA,22,0.5825564094700733,0.0044417133836683375,0.6702601918081943,0.0006421084727740821,0.7606837606837608,1.0,0.43162393162393164,0.5553319919517102,0.7625754527162978,0.8430583501006036
2016,87637,NOVA BRÉSCIA,25,0.5499999999999999,0.004394702977282549,0.47784200385356457,0.01569898192992775,0.6805555555555556,1.0,0.6215277777777778,0.5050301810865191,0.34808853118712274,0.8430583501006036
2016,87645,SANTO ANTÔNIO DO PALMA,27,-0.015399362095253492,0.9392318054959955,0.2587953559951347,0.21161259425868822,0.4691358024691358,1.0,0.5246913580246914,0.03219315895372234,0.11871227364185111,0.8430583501006036
2016,87653,NOVA PALMA,27,0.24458016407343022,0.2188775788871509,0.3447907762566259,0.07819203060090273,0.6481481481481481,1.0,0.5277777777777778,0.15090543259557343,0.17303822937625754,0.8430583501006036
2016,87661,SANTO ANTÔNIO DO PLANALTO,21,0.24325214828580102,0.28799623175826494,0.2525220858396077,0.26943626521046227,0.6018518518518519,0.9907407407407407,0.6111111111111112,0.14688128772635814,0.11468812877263582,0.39738430583501005
2016,87670,NOVA PETRÓPOLIS,65,0.6129046361106482,5.7359234773205515e-08,0.6830466171778039,3.648718277827848e-10,0.8097643097643098,0.9915824915824916,0.5202020202020202,0.6277665995975855,0.7947686116700201,0.42857142857142855
2016,87688,SANTO EXPEDITO DO SUL,18,0.5703961253946321,0.013443203440897103,0.35796045785639957,0.14469849319473832,0.7160493827160495,0.9876543209876544,0.6666666666666666,0.5372233400402414,0.18108651911468812,0.317907444668008
2016,87696,NOVA PRATA,98,0.6292116203739128,3.9566541872164246e-12,0.609407751132104,2.755899116980006e-11,0.8526645768025078,0.9989550679205852,0.6927899686520376,0.647887323943662,0.607645875251509,0.6740442655935613
2016,87700,SÃO JOÃO DO POLÊSINE,29,0.5437969734504635,0.002295383029892841,0.4677757275196145,0.01050217204291112,0.7611111111111112,0.9833333333333334,0.5777777777777778,0.48490945674044267,0.33400402414486924,0.2062374245472837
2016,87718,NOVO HAMBURGO,197,0.6849551210796876,1.2644984283412948e-28,0.6867305769398121,1.5323254069113028e-28,0.9500390320062451,0.9933645589383294,0.7708821233411397,0.7887323943661971,0.8128772635814889,0.4969818913480885
2016,87726,SÃO JOSÉ DOS AUSENTES,25,0.7908408428839404,2.5352511816277238e-06,0.7594070115719057,1.072409918356144e-05,0.8472222222222222,0.9861111111111112,0.4340277777777778,0.971830985915493,0.9476861167002012,0.2746478873239437
2016,87734,OSÓRIO,64,0.7617259539683314,2.6969945389553463e-13,0.7476771778165936,1.919728386445063e-12,0.8929292929292929,0.9858585858585859,0.706060606060606,0.93158953722334,0.9356136820925554,0.2635814889336016
2016,87742,SÃO JOSÉ DO INHACORÁ,28,0.44248151191454393,0.01838215946498931,0.489306297527666,0.008228003915348395,0.7339181286549707,0.9883040935672515,0.48830409356725146,0.33601609657947684,0.37424547283702214,0.323943661971831
2016,87750,PAIM FILHO,30,0.21898297676458434,0.24497877468822946,0.3300311665182547,0.07489119992587875,0.6402116402116402,1.0,0.5158730158730158,0.13279678068410464,0.15492957746478872,0.8430583501006036
2016,87769,SÃO JOSÉ DAS MISSÕES,15,0.6601073345259391,0.007403878340667883,0.6601073345259391,0.007403878340667883,0.7870370370370371,1.0,0.5,0.7263581488933601,0.738430583501006,0.8430583501006036
2016,87777,PALMEIRA DAS MISSÕES,57,0.785920331896412,4.4344375842699667e-13,0.7740324595389104,2.6371283575307237e-12,0.8374125874125874,0.986013986013986,0.6284965034965035,0.9637826961770624,0.9577464788732394,0.2655935613682093
2016,87785,SÃO MARTINHO DA SERRA,36,0.5400412321623486,0.0006748234168293066,0.5363655477505478,0.0008958312326773594,0.728395061728395,1.0,0.6255144032921811,0.4708249496981891,0.45271629778672035,0.8430583501006036
2016,87793,PALMITINHO,22,0.6722678280442563,0.0006098403683229388,0.49431971516709977,0.019361597119842533,0.8376068376068376,0.982905982905983,0.7521367521367521,0.7625754527162978,0.38832997987927564,0.1981891348088531
2016,87807,SÃO PEDRO DA SERRA,20,0.3927765237020316,0.08669762259795548,0.384557153671461,0.09410097764616553,0.6868686868686869,1.0,0.5505050505050505,0.2676056338028169,0.21327967806841047,0.8430583501006036
2016,87815,PANAMBI,74,0.6667110964657431,8.898054364022338e-11,0.6337778768434879,1.3527904424551766e-09,0.6834804539722572,0.9829760403530895,0.6021437578814628,0.7484909456740443,0.6599597585513078,0.20321931589537223
2016,87823,SÃO PEDRO DO BUTIÁ,21,0.2825097529258777,0.21467381037296684,0.32584635416666663,0.14945189360169717,0.5509259259259259,0.9861111111111112,0.48611111111111116,0.16297786720321933,0.1488933601609658,0.2746478873239437
2016,87831,PARAÍ,30,0.08568885781065494,0.6525489293292431,0.11063200773867607,0.5677802237799521,0.5026455026455026,1.0,0.5978835978835979,0.05835010060362173,0.060362173038229376,0.8430583501006036
2016,87840,SÃO VALENTIM DO SUL,27,0.19738420049149397,0.32371114155069236,0.12165053320004234,0.5455406976844799,0.6111111111111112,1.0,0.5277777777777777,0.11267605633802817,0.06237424547283702,0.8430583501006036
2016,87858,PASSO FUNDO,266,0.7182352837384771,1.7737025947419286e-43,0.6925676921778092,2.5091336857795704e-39,0.9438289601554907,0.9936831875607386,0.6875607385811467,0.8672032193158954,0.8309859154929577,0.5090543259557344
2016,87866,SÃO VALÉRIO DO SUL,16,0.4881217211118928,0.05508006846807368,0.24159111315475132,0.36735840783825074,0.6031746031746033,0.9523809523809523,0.5634920634920635,0.39235412474849096,0.10865191146881288,0.025150905432595575
2016,87874,PEDRO OSÓRIO,37,0.6298316338629356,2.9558632301096085e-05,0.6487978640105596,1.4042584526662689e-05,0.8154761904761905,0.9563492063492063,0.5099206349206349,0.6498993963782697,0.7082494969818913,0.03219315895372234
2016,87882,SENTINELA DO SUL,45,0.034008898581583964,0.8244829394805538,0.19315371685063937,0.20363472492365498,0.5694444444444444,0.9907407407407408,0.6188271604938271,0.04627766599597585,0.07847082494969819,0.4014084507042254
2016,87890,PEJUÇARA,14,0.3112613117634079,0.27869796919434875,0.3314935340496337,0.24694339485160863,0.6,0.9111111111111111,0.4888888888888888,0.18108651911468812,0.158953722334004,0.002012072434607646
2016,87904,SÉRIO,29,0.31157487267879264,0.09990256331335222,0.4891442162811433,0.007085138217390368,0.6694444444444445,1.0,0.5027777777777778,0.18309859154929578,0.3722334004024145,0.8430583501006036
2016,87912,PELOTAS,337,0.662687496487237,5.589443042047839e-44,0.6212763588635767,6.166861701127342e-37,0.9567510548523206,0.9933694996986137,0.7152652200120555,0.7344064386317908,0.635814889336016,0.49899396378269617
2016,87920,SERTÃO SANTANA,37,0.6901825942613231,2.285213106848677e-06,0.7132605859328669,7.25748255891679e-07,0.8115079365079364,1.0,0.5654761904761905,0.8028169014084507,0.8792756539235412,0.8430583501006036
2016,87939,PINHEIRO MACHADO,61,0.776089401947976,2.0257809368413407e-13,0.7099217466705672,1.4917863211503514e-10,0.9081196581196581,0.9829059829059829,0.6485042735042735,0.9557344064386318,0.8732394366197183,0.193158953722334
2016,87947,SINIMBU,57,0.6055383045403088,6.026003904877661e-07,0.5770782606958629,4.92816516027255e-06,0.9016203703703703,0.9976851851851852,0.5277777777777778,0.6056338028169014,0.5331991951710262,0.6509054325955734
2016,87955,PIRATINI,27,0.7754541381752307,2.0259800205095963e-06,0.6935410067109705,6.041875595838098e-05,0.9382716049382716,1.0,0.5277777777777777,0.9537223340040242,0.8370221327967807,0.8430583501006036
2016,87963,TIRADENTES DO SUL,38,0.7618500684505322,2.7652390919468476e-08,0.554179234677138,0.0003062937902083607,0.7681992337164751,0.9731800766283525,0.5747126436781609,0.9336016096579477,0.48490945674044267,0.09054325955734406
2016,87971,PLANALTO,31,0.6329165500829457,0.00013295900541058118,0.5054956161627828,0.0037221722123603573,0.6767676767676767,0.98989898989899,0.606060606060606,0.6559356136820925,0.3983903420523139,0.37424547283702214
2016,87980,TRAVESSEIRO,24,0.11863791031020716,0.5808565203270166,0.15832224666317352,0.4599727069999042,0.45555555555555555,1.0,0.4444444444444445,0.06841046277665996,0.06639839034205232,0.8430583501006036
2016,87998,PORTÃO,85,0.7155894215279595,1.4079575305865966e-14,0.7118067509043845,2.2342765421162948e-14,0.8992628992628993,0.9938574938574939,0.6658476658476659,0.8591549295774648,0.8752515090543259,0.5271629778672032
2016,88005,TRÊS FORQUILHAS,27,0.5396485930062673,0.003670871207936086,0.777879657449687,1.7942439856277358e-06,0.8055555555555556,0.9969135802469136,0.5277777777777778,0.4688128772635815,0.959758551307847,0.6317907444668008
2016,88013,PORTO ALEGRE,575,0.7591069176860701,6.467144233849169e-109,0.702583420465402,7.865712446620227e-86,0.9685631828488971,0.9956709956709957,0.7282003710575139,0.9235412474849095,0.8571428571428571,0.5935613682092555
2016,88021,TUPANCI DO SUL,18,0.20247933884297523,0.4203735695994603,0.2840850563169118,0.25325517185030083,0.5987654320987654,0.9938271604938271,0.4567901234567901,0.11468812877263582,0.12877263581488935,0.5201207243460765
2016,88030,PORTO LUCENA,25,0.5835737749805071,0.0021964698224176994,0.5180838784147749,0.007980431582886468,0.6388888888888888,0.9861111111111112,0.5277777777777778,0.5573440643863179,0.42655935613682094,0.2746478873239437
2016,88048,UNIÃO DA SERRA,25,0.6333297289657183,0.0006779084364310919,0.691319676538556,0.00012979555066558365,0.8090277777777778,1.0,0.5833333333333333,0.6579476861167002,0.8229376257545271,0.8430583501006036
2016,88056,PORTO XAVIER,34,0.4561081837744166,0.006705621760194628,0.48968363136176074,0.0032881187042164933,0.7911111111111111,0.9911111111111112,0.5177777777777778,0.35412474849094566,0.38028169014084506,0.41146881287726356
2016,88064,VALE DO SOL,35,0.7555062830760143,1.5534985121502465e-07,0.5950864188490916,0.00016288219791179542,0.7905982905982906,0.9871794871794871,0.7478632478632479,0.9134808853118712,0.5774647887323944,0.2937625754527163
2016,88072,PUTINGA,15,0.18230570282325484,0.5155000171644717,0.3953281020626855,0.14471069538008996,0.5370370370370371,0.9814814814814815,0.6111111111111112,0.1006036217303823,0.23943661971830985,0.17303822937625754
2016,88080,VALE REAL,33,0.205933974810337,0.25024196612203575,0.5835076198048272,0.0003648023905022471,0.6134259259259259,1.0,0.5694444444444444,0.12072434607645875,0.5472837022132797,0.8430583501006036
2016,88099,QUARAÍ,96,0.6798867049626109,2.59479537747377e-14,0.6845565739367583,2.0300666294314007e-14,0.9700534759358288,0.9893048128342246,0.5561497326203209,0.778672032193159,0.8088531187122736,0.3501006036217304
2016,88102,VILA NOVA DO SUL,24,0.6684061910564567,0.00035687852047958964,0.6599216710182769,0.0004503534066958623,0.8962962962962964,0.9925925925925927,0.47777777777777775,0.7505030181086519,0.7344064386317908,0.45875251509054327
2016,88110,REDENTORA,32,0.4575375377411403,0.008464394851228733,0.4694076702623442,0.008871520579857585,0.7101449275362318,0.9903381642512078,0.6666666666666666,0.358148893360161,0.34004024144869216,0.386317907444668
2016,88129,VITÓRIA DAS MISSÕES,18,-0.01862392310206304,0.9415292905089541,0.09637326397673487,0.7036404753597834,0.5185185185185185,0.9876543209876543,0.5,0.030181086519114688,0.05432595573440644,0.30985915492957744
2016,88137,RESTINGA SÊCA,48,0.8619156536090615,3.648038926009123e-15,0.8315735081274082,4.537010407748063e-13,0.868945868945869,1.0,0.7022792022792023,1.0,0.9919517102615694,0.8430583501006036
2016,88145,XANGRI-LÁ,61,0.63516435987419,3.8348201008364895e-08,0.5635376525337716,2.2604863574418985e-06,0.8333333333333334,0.985042735042735,0.5897435897435898,0.6619718309859155,0.49899396378269617,0.2515090543259557
2016,88153,RIO GRANDE,427,0.7069250057031893,6.541250350140238e-66,0.675370503500526,1.6370172989157628e-57,0.9415904292751583,0.9910860896082572,0.8099343185550082,0.8350100603621731,0.7746478873239436,0.4084507042253521
2016,88161,BOA VISTA DO SUL,18,0.5337558965133326,0.02252300465824282,0.5646814962997001,0.014624671833371345,0.7777777777777778,1.0,0.5,0.4567404426559356,0.5030181086519114,0.8430583501006036
2016,88170,RIO PARDO,109,0.7217023094526539,8.49773000552534e-19,0.6681867285048227,2.0626789267599384e-15,0.8641826923076924,0.9815705128205129,0.7163461538461539,0.8732394366197183,0.7585513078470825,0.17706237424547283
2016,88188,DILERMANDO DE AGUIAR,40,0.684163199730812,1.131154161995906e-06,0.6765988687651829,1.6445270020447773e-06,0.7992831541218638,0.9874551971326164,0.6039426523297491,0.7826961770623743,0.778672032193159,0.29979879275653926
2016,88196,ROCA SALES,61,0.7266505517033828,3.372198032206855e-11,0.6720148051870912,3.0360809419000684e-09,0.8333333333333333,0.9839743589743588,0.7232905982905983,0.8792756539235412,0.772635814889336,0.2152917505030181
2016,88200,CAPIVARI DO SUL,28,0.6540777230432404,0.00015986945364225975,0.6370992366412213,0.0003520247249871629,0.7894736842105263,1.0,0.5526315789473685,0.710261569416499,0.6720321931589537,0.8430583501006036
2016,88218,RODEIO BONITO,30,0.4118825100133512,0.02372452284359064,0.22619634928465712,0.2380430111470815,0.6613756613756614,0.9947089947089948,0.5158730158730159,0.28169014084507044,0.1006036217303823,0.5663983903420523
2016,88226,NOVA CANDELÁRIA,19,-0.48460936889690853,0.03548477731377743,-0.2601236425743964,0.2821379734733964,0.3166666666666667,1.0,0.37777777777777777,0.002012072434607646,0.004024144869215292,0.8430583501006036
2016,88234,ROLANTE,71,0.5963107367836287,4.08487092853919e-08,0.5468563936360307,9.683187246837782e-07,0.8422939068100358,0.978494623655914,0.7553763440860215,0.5895372233400402,0.4708249496981891,0.14285714285714285
2016,88242,FLORIANO PEIXOTO,26,0.38522075387583365,0.051968233223707604,0.6753936056024762,0.00015321203725476786,0.65359477124183,0.9803921568627451,0.5130718954248366,0.2535211267605634,0.7766599597585513,0.1619718309859155
2016,88250,RONDA ALTA,27,0.7893772893772893,9.877829775285527e-07,0.7690076335877862,2.7782120363438793e-06,0.888888888888889,0.9938271604938271,0.5555555555555556,0.9678068410462777,0.9537223340040242,0.5201207243460765
2016,88269,CHUVISCA,24,0.8467058256258434,1.829466061527573e-07,0.8581375108790252,8.248353714879857e-08,0.9407407407407408,0.9777777777777777,0.47777777777777775,0.9979879275653923,0.9979879275653923,0.1317907444668008
2016,88277,RONDINHA,24,0.551109230038483,0.005251695189517074,0.6405570060922542,0.0007463348448509305,0.7111111111111111,1.0,0.6111111111111112,0.5090543259557344,0.6881287726358148,0.8430583501006036
2016,88285,ESPERANÇA DO SUL,33,0.19322804811585276,0.28129950738764925,0.3287714435059216,0.061743104914875446,0.5555555555555556,0.9953703703703703,0.5069444444444444,0.11066398390342053,0.1529175050301811,0.5814889336016097
2016,88293,ROQUE GONZALES,22,0.4970347557703545,0.01860522333157951,0.49096045197740124,0.020331512790224292,0.7264957264957266,0.982905982905983,0.4700854700854701,0.4084507042253521,0.3843058350100604,0.1981891348088531
2016,88307,DOUTOR RICARDO,26,0.08688216306304704,0.6730063829774395,0.12998118883447982,0.526815700119494,0.545751633986928,0.9869281045751633,0.4836601307189542,0.060362173038229376,0.06438631790744467,0.29074446680080485
2016,88315,ROSÁRIO DO SUL,110,0.7151229840933634,1.696647862740504e-18,0.6342841380458744,2.222985460880337e-13,0.9349722442505948,0.9976209357652657,0.6494845360824743,0.8571428571428571,0.6619718309859155,0.647887323943662
2016,88323,HERVEIRAS,36,0.21633369727301802,0.2050610905865877,0.6658963403193401,9.322543591070951e-06,0.6769547325102881,0.9753086419753086,0.5452674897119342,0.12474849094567404,0.7525150905432596,0.11167002012072434
2016,88331,SALVADOR DO SUL,29,0.540214316205016,0.0024857990235350237,0.5671347622567134,0.001335934383398175,0.7166666666666667,1.0,0.5027777777777778,0.47283702213279677,0.5110663983903421,0.8430583501006036
2016,88340,CARAÁ,39,0.4376391982182628,0.005333176050537812,0.5914246669047282,7.342117694560841e-05,0.6666666666666667,0.9925925925925926,0.5962962962962963,0.3299798792756539,0.5653923541247485,0.4537223340040241
2016,88358,SANANDUVA,27,0.6374599372086148,0.00034846671606067004,0.48639559767655144,0.010094587541175561,0.8024691358024691,0.9876543209876543,0.5185185185185185,0.6680080482897385,0.3641851106639839,0.30985915492957744
2016,88366,FAZENDA VILANOVA,33,0.5927102822601114,0.000278496119144846,0.6928929765886288,7.862247933722483e-06,0.75,0.9976851851851852,0.5069444444444444,0.5774647887323944,0.8350100603621731,0.6509054325955734
2016,88374,SANTA BÁRBARA DO SUL,39,0.38327173749801613,0.01602124016914026,0.5394783662460609,0.00039402034797622414,0.6759259259259259,1.0,0.5592592592592592,0.24949698189134809,0.45875251509054327,0.8430583501006036
2016,88382,ITAARA,41,0.34526040826815735,0.02704570246545565,0.492345292717087,0.0010760592094021702,0.8368055555555556,0.9930555555555556,0.7135416666666667,0.21327967806841047,0.386317907444668,0.47585513078470826
2016,88390,SANTA CRUZ DO SUL,171,0.7661828856652816,2.7913499898303456e-34,0.7146577598401086,1.0239738728102763e-27,0.9549274255156608,0.995798319327731,0.6014132925897632,0.9436619718309859,0.8812877263581489,0.5955734406438632
2016,88404,ESTRELA VELHA,18,0.5975232198142414,0.008827374421547778,0.5975232198142414,0.008827374421547778,0.7283950617283952,1.0,0.5,0.5915492957746479,0.5855130784708249,0.8430583501006036
2016,88412,SANTA MARIA,214,0.7141812313319769,1.0918328918283752e-34,0.6921447335291194,1.0414044773847642e-31,0.9405378731803602,0.996792499383173,0.6572908956328646,0.8531187122736419,0.8289738430583501,0.6257545271629779
2016,88420,BENJAMIN CONSTANT DO SUL,24,0.412291443786136,0.04527937963527922,0.4247985749616682,0.038531589647144066,0.5740740740740741,1.0,0.5222222222222223,0.2837022132796781,0.27364185110663986,0.8430583501006036
2016,88439,SANTANA DA BOA VISTA,29,0.6082029852759621,0.00046495228963600607,0.7460142935678945,5.188462727997039e-06,0.7277777777777777,0.9888888888888888,0.5972222222222223,0.6177062374245473,0.93158953722334,0.33400402414486924
2016,88447,MAÇAMBARÁ,24,0.7165217391304347,8.196040459208726e-05,0.7164926022628373,8.204067173551955e-05,0.888888888888889,0.9925925925925926,0.5666666666666667,0.8611670020120724,0.8873239436619719,0.4537223340040241
2016,88455,SANT'ANA DO LIVRAMENTO,179,0.6460455188276594,1.5874572352352116e-22,0.7454428342283568,2.711317591294516e-32,0.8910675381263616,0.9921931735657226,0.6514161220043573,0.6861167002012073,0.9295774647887324,0.44064386317907445
2016,88463,DOM PEDRO DE ALCÂNTARA,35,0.7569042282973424,1.4295366299447043e-07,0.8101587637947105,3.7180007111484032e-09,0.8247863247863247,1.0,0.6517094017094016,0.9175050301810865,0.9859154929577465,0.8430583501006036
2016,88471,SANTA ROSA,114,0.7567230406269624,2.0876860072442557e-22,0.7465383064626937,2.2922727498872244e-21,0.9259259259259259,0.9878787878787879,0.5915824915824915,0.9154929577464789,0.9336016096579477,0.3199195171026157
2016,88480,UNISTALDA,27,0.6379469568664908,0.0003437126978010287,0.46427976602028986,0.016877530211303553,0.8179012345679012,1.0,0.7283950617283951,0.670020120724346,0.323943661971831,0.8430583501006036
2016,88498,SANTA VITÓRIA DO PALMAR,104,0.6382945237832514,3.1316694067163626e-13,0.6832917043766396,1.3337757562744676e-15,0.7996618765849535,0.99323753169907,0.6090448013524936,0.6720321931589537,0.7967806841046278,0.482897384305835
2016,88501,TURUÇU,58,0.5594026722294009,5.000687656152077e-06,0.4403766510979795,0.000541370848585748,0.6587301587301587,0.9795918367346939,0.7154195011337868,0.5231388329979879,0.2937625754527163,0.1529175050301811
2016,88510,SANTIAGO,80,0.8087928448063537,1.149910080072116e-19,0.6681499974019176,1.730404846262732e-11,0.8323765786452354,0.9977037887485649,0.7525832376578645,0.9859154929577465,0.7565392354124748,0.6539235412474849
2016,88528,CRISTAL DO SUL,31,0.6423018972042439,9.798506150777047e-05,0.8039769900652275,5.1072080024761805e-08,0.8207070707070707,0.9949494949494949,0.5505050505050505,0.6780684104627767,0.9798792756539235,0.5714285714285714
2016,88536,SANTO ÂNGELO,117,0.7261254859062277,1.982652843433165e-20,0.708162620773929,6.108761787566871e-19,0.9137254901960784,0.9928104575163398,0.696078431372549,0.8752515090543259,0.8712273641851107,0.46277665995975853
2016,88544,MUITOS CAPÕES,34,0.5413641988688846,0.0009454021080828041,0.5614577499838311,0.0005506369809234377,0.7422222222222221,0.9911111111111112,0.5577777777777778,0.4788732394366197,0.4969818913480885,0.41146881287726356
2016,88552,SANTO ANTÔNIO DA PATRULHA,80,0.7435004806287063,2.810394284065394e-15,0.7370725531847687,6.442274548555755e-15,0.8415614236509759,0.9885189437428243,0.5189437428243399,0.9074446680080482,0.9094567404426559,0.3299798792756539
2016,88560,NOVA RAMADA,19,-0.02280701754385965,0.9261610601906637,-0.05618964003511852,0.8192753583356627,0.4888888888888889,1.0,0.5277777777777778,0.026156941649899398,0.022132796780684104,0.8430583501006036
2016,88579,SANTO ANTÔNIO DAS MISSÕES,29,0.6664203207912512,7.918078681770571e-05,0.6792685940202619,5.083266635531527e-05,0.8138888888888889,0.9777777777777779,0.6055555555555556,0.7464788732394366,0.7867203219315896,0.13682092555331993
2016,88587,JARI,31,0.6108423621846101,0.00026245154965514136,0.5815320499272717,0.0006010976591507988,0.8131313131313131,0.9595959595959596,0.6338383838383839,0.6237424547283702,0.5432595573440644,0.03621730382293763
2016,88595,SANTO AUGUSTO,30,0.5295361029541298,0.002619107870778544,0.5938577982685909,0.0005408041527279642,0.7566137566137566,0.9841269841269842,0.4920634920634921,0.45271629778672035,0.5734406438631791,0.22334004024144868
2016,88609,UBIRETAMA,31,0.02954820492133925,0.87462154731891,0.10146391177149719,0.5870493418508388,0.3964646464646464,0.9823232323232323,0.6060606060606061,0.04426559356136821,0.056338028169014086,0.18209255533199195
2016,88617,SANTO CRISTO,31,0.675,3.110075380714664e-05,0.6255293405928614,0.00016789840620352794,0.803030303030303,0.9646464646464646,0.5606060606060606,0.7706237424547284,0.6398390342052314,0.05030181086519115
2016,88625,BARRA DO QUARAÍ,35,0.5422707130080429,0.0007652901335016946,0.6137451002660896,8.820037660045338e-05,0.7264957264957265,0.9978632478632478,0.6282051282051282,0.482897384305835,0.6156941649899397,0.6599597585513078
2016,88633,SÃO BORJA,122,0.8059080326810628,4.319664046162576e-29,0.7703564846021372,5.205640338864954e-25,0.9370716510903426,0.9928348909657321,0.7062305295950156,0.9839034205231388,0.9557344064386318,0.4647887323943662
2016,88641,CERRITO,43,0.6499263683219664,2.401220555897052e-06,0.6705319493999351,1.1837388724070296e-06,0.7745098039215685,0.9869281045751633,0.6062091503267973,0.6921529175050302,0.7645875251509054,0.29074446680080485
2016,88650,SÃO FRANCISCO DE ASSIS,52,0.7146342416913053,2.6782904422046532e-09,0.6182231311128905,1.041651092266771e-06,0.8669623059866962,0.9933481152993349,0.7394678492239468,0.8551307847082495,0.6257545271629779,0.4949698189134809
2016,88668,VALE VERDE,42,0.49681740193098656,0.0008175542479036478,0.4678150649806922,0.001784084276135774,0.7592592592592593,1.0,0.6279461279461279,0.40643863179074446,0.33601609657947684,0.8430583501006036
2016,88676,SÃO FRANCISCO DE PAULA,79,0.6830392672006257,4.074732338599692e-12,0.5916721795902928,9.348324162365912e-09,0.8452380952380952,0.9841269841269842,0.6087301587301588,0.7806841046277666,0.5674044265593562,0.22334004024144868
2016,88684,NOVO CABRAIS,29,0.3701330704780681,0.04811177627402182,0.45094409821371717,0.01408269873912403,0.6972222222222223,1.0,0.6083333333333334,0.23340040241448692,0.3118712273641851,0.8430583501006036
2016,88692,SÃO GABRIEL,123,0.7399222572594008,1.4236086102700386e-22,0.7012765594913022,1.682130498871244e-19,0.8753086419753086,0.9910493827160495,0.6472222222222223,0.9014084507042254,0.8551307847082495,0.40643863179074446
2016,88706,SETE DE SETEMBRO,20,0.20346652348463576,0.38957276829573384,0.26621425368209867,0.2565802752950357,0.5353535353535354,1.0,0.5050505050505051,0.11871227364185111,0.12072434607645875,0.8430583501006036
2016,88714,SÃO JERÔNIMO,101,0.5412726163189173,5.090594099628266e-09,0.5679004435832875,5.885777615271144e-10,0.8681818181818182,0.9888888888888889,0.5838383838383838,0.4768611670020121,0.5150905432595574,0.34004024144869216
2016,88722,TABAÍ,39,0.560680472593475,0.0002052340985500445,0.5742428875804193,0.0001320634709627116,0.774074074074074,1.0,0.5592592592592592,0.5271629778672032,0.5291750503018109,0.8430583501006036
2016,88730,SÃO JOSÉ DO NORTE,73,0.6250684608581732,3.3982352151459204e-09,0.6300156834562556,3.04004263877417e-09,0.8871527777777777,0.984375,0.5850694444444444,0.641851106639839,0.6519114688128773,0.22937625754527163
2016,88749,VILA LÂNGARO,25,-0.17195614859346517,0.4111270612167003,-0.22377622377622378,0.29318682515754446,0.3472222222222222,0.9930555555555556,0.5729166666666667,0.012072434607645875,0.008048289738430584,0.47585513078470826
2016,88757,SÃO JOSÉ DO OURO,10,0.3161108827136336,0.3735613327078875,0.3161108827136336,0.3735613327078875,0.2222222222222222,1.0,0.5,0.1891348088531187,0.14688128772635814,0.8430583501006036
2016,88765,SENADOR SALGADO FILHO,33,0.5741051803765014,0.0004767442592026165,0.6299583001604865,8.548103924333217e-05,0.763888888888889,0.9953703703703703,0.5694444444444444,0.5472837022132797,0.6498993963782697,0.5814889336016097
2016,88773,SÃO LEOPOLDO,160,0.732002529034697,4.0063525606971623e-28,0.737635486670401,2.118070204521665e-28,0.9037153322867608,0.9937205651491365,0.7061747776033491,0.8913480885311871,0.9134808853118712,0.5130784708249497
2016,88781,VESPASIANO CORRÊA,26,-0.058995339773572984,0.7746689759616815,0.08146767332787674,0.6986609113334207,0.4836601307189542,0.9411764705882353,0.5849673202614379,0.02012072434607646,0.04426559356136821,0.012072434607645875
2016,88790,SÃO LOURENÇO DO SUL,89,0.706897946313134,9.843887175900641e-15,0.6957915593930956,3.793581881698597e-14,0.9254079254079254,0.9848484848484848,0.6468531468531469,0.8329979879275654,0.8430583501006036,0.2454728370221328
2016,88803,MONTE ALEGRE DOS CAMPOS,27,0.18851207723741434,0.34636301002050085,0.20808454193458115,0.2976287308112081,0.5401234567901234,0.9876543209876543,0.5,0.10462776659959759,0.08651911468812877,0.30985915492957744
2016,88811,SÃO LUIZ GONZAGA,65,0.686234885674609,2.804291163142183e-10,0.716661927950774,1.9023439297266592e-11,0.8380177514792899,0.9955621301775148,0.5532544378698225,0.7947686116700201,0.8893360160965795,0.5895372233400402
2016,88820,MARQUES DE SOUZA,40,0.4864171698381814,0.001460332350567885,0.5055420076732634,0.0008762401037684915,0.7437275985663083,0.989247311827957,0.6039426523297491,0.386317907444668,0.40040241448692154,0.3470824949698189
2016,88838,SÃO MARCOS,84,0.46662281344731094,7.678241582861478e-06,0.3857703493140847,0.00029007169329140343,0.8844444444444445,0.9896296296296296,0.7918518518518518,0.3682092555331992,0.21730382293762576,0.3641851106639839
2016,88846,CHUÍ,46,0.6503231579784438,9.993749824173327e-07,0.5366633729906818,0.00012066890479813116,0.7132132132132132,0.963963963963964,0.572072072072072,0.6961770623742455,0.45472837022132795,0.04627766599597585
2016,88854,SÃO MARTINHO,25,0.7138456804513441,6.150113015723252e-05,0.6795071354018736,0.00018716748911908182,0.8125,0.9791666666666667,0.6145833333333333,0.8490945674044266,0.7907444668008048,0.1488933601609658
2016,88862,ARARICÁ,58,0.23363910350573594,0.07754232234152204,0.27039340023765546,0.040088206411409276,0.546485260770975,0.963718820861678,0.6337868480725624,0.14285714285714285,0.1267605633802817,0.04426559356136821
2016,88870,SÃO NICOLAU,26,0.3971267374653449,0.04455368623533903,0.5951691790545128,0.0013397357514836562,0.7058823529411764,0.9803921568627451,0.5392156862745098,0.26961770623742454,0.579476861167002,0.1619718309859155
2016,88889,PASSA SETE,28,0.43774829061880405,0.019822326971658658,0.4533991398419746,0.015386357086549278,0.7076023391812866,1.0,0.48830409356725146,0.3319919517102616,0.3158953722334004,0.8430583501006036
2016,88897,SÃO PAULO DAS MISSÕES,21,0.6558441558441558,0.0012463317417583516,0.6284970722186077,0.002277983682563679,0.8796296296296295,0.9907407407407407,0.6111111111111112,0.716297786720322,0.6438631790744467,0.39738430583501005
2016,88900,TOROPI,31,0.5457850269528406,0.0014941190028005306,0.5202387281228606,0.002699642131399287,0.8535353535353536,0.9924242424242424,0.5833333333333333,0.4909456740442656,0.43259557344064387,0.44668008048289737
2016,88919,SÃO PEDRO DO SUL,70,0.4323801714330612,0.00018551756828470142,0.41011466644654654,0.0005140522601215516,0.8243451463790447,1.0,0.6294298921417566,0.32193158953722334,0.2515090543259557,0.8430583501006036
2016,88927,BALNEÁRIO PINHAL,84,0.7314825355231789,2.7424405818465805e-15,0.5673371940220205,2.2399503764476443e-08,0.8888888888888888,0.994074074074074,0.7392592592592592,0.8893360160965795,0.5130784708249497,0.5331991951710262
2016,88935,SÃO SEBASTIÃO DO CAÍ,62,0.6693836135429065,2.7136023929236566e-09,0.5422997663267247,9.141790643676603e-06,0.8029350104821803,0.9863731656184487,0.7327044025157232,0.7565392354124748,0.4647887323943662,0.2837022132796781
2016,88943,MAMPITUBA,21,0.1261379480029976,0.5858733236568846,0.38214372145091663,0.09636015617029665,0.6296296296296295,1.0,0.5972222222222222,0.07243460764587525,0.20925553319919518,0.8430583501006036
2016,88951,SÃO SEPÉ,64,0.7590674906316599,3.6422336093072403e-13,0.6350333410057829,1.741151007636304e-08,0.8902229845626073,0.9914236706689536,0.7084048027444254,0.9215291750503019,0.6680080482897385,0.41851106639839036
2016,88978,SÃO VALENTIM,25,0.48056197074672824,0.015033736487409103,0.6077752567243411,0.0012701342778937705,0.6875,1.0,0.5208333333333333,0.38028169014084506,0.6016096579476862,0.8430583501006036
2016,88986,ACEGUÁ,33,0.46730550459059444,0.006108178167529424,0.3353454811915353,0.05641826785045024,0.7546296296296297,0.9768518518518519,0.6458333333333334,0.3722334004024145,0.16498993963782696,0.12474849094567404
2016,88994,SAPIRANGA,185,0.6134780139416145,1.641623105520265e-20,0.6592943147017924,2.5631015380402546e-24,0.9003921568627451,0.9978431372549019,0.7437254901960785,0.6317907444668008,0.7303822937625755,0.6579476861167002
2016,89001,ALMIRANTE TAMANDARÉ DO SUL,19,0.40210726647735756,0.08788506766802306,0.29938542581211586,0.21305794864124983,0.6333333333333333,0.9833333333333334,0.5888888888888889,0.2776659959758551,0.13883299798792756,0.2062374245472837
2016,89010,SAPUCAIA DO SUL,166,0.6402553307186721,1.5779451815567413e-20,0.4574330254732354,5.802089692734113e-10,0.9343108504398827,0.9958944281524926,0.7478005865102639,0.676056338028169,0.32193158953722334,0.6036217303822937
2016,89028,ARROIO DO PADRE,31,0.2174702440992536,0.23991664994443768,0.22193079907131313,0.2301727319853372,0.5782828282828283,1.0,0.4823232323232323,0.12877263581488935,0.096579476861167,0.8430583501006036
2016,89036,SARANDI,45,0.7003759185560475,8.529838682467085e-08,0.5931702317795398,2.203306454405954e-05,0.7887700534759358,0.9946524064171123,0.5574866310160428,0.8229376257545271,0.5714285714285714,0.5573440643863179
2016,89044,BOA VISTA DO CADEADO,20,0.6265513793971837,0.0031167519062785054,0.5329319158028916,0.01554404505346398,0.7575757575757575,0.9898989898989898,0.606060606060606,0.6458752515090543,0.448692152917505,0.3702213279678068
2016,89052,SEBERI,29,0.5120177842966271,0.0045200629655007514,0.5652121002722408,0.001398954438456294,0.7222222222222222,1.0,0.5277777777777778,0.4245472837022133,0.5050301810865191,0.8430583501006036
2016,89060,BOA VISTA DO INCRA,30,0.37140956850454643,0.04330158900053508,0.3770327467141902,0.03999117730638955,0.7354497354497355,0.9894179894179893,0.46825396825396826,0.23742454728370221,0.2012072434607646,0.35412474849094566
2016,89079,SELBACH,21,0.5035738554933454,0.019949277095509844,0.5886939571150097,0.004992276863472861,0.6759259259259259,0.986111111111111,0.5694444444444444,0.42052313883299797,0.5613682092555332,0.2676056338028169
2016,89087,BOZANO,24,0.422265719919206,0.03982954662140842,0.6523820036887895,0.0005505133417045805,0.5962962962962963,0.9851851851851852,0.6,0.3038229376257545,0.7203219315895373,0.25855130784708247
2016,89095,SERAFINA CORRÊA,34,0.6504201680672268,3.126161046714085e-05,0.6642977227571452,1.83493273084796e-05,0.8133333333333332,1.0,0.5177777777777778,0.6981891348088531,0.744466800804829,0.8430583501006036
2016,89109,CANUDOS DO VALE,15,0.22560511090891228,0.41882245055053846,0.22560511090891228,0.41882245055053846,0.6944444444444443,1.0,0.5,0.13682092555331993,0.09859154929577464,0.8430583501006036
2016,89117,SERTÃO,32,0.4196772701128339,0.016794222071938546,0.6037926656469921,0.00032271069332329486,0.5869565217391304,0.9710144927536232,0.5265700483091788,0.29577464788732394,0.5995975855130785,0.08048289738430583
2016,89125,CAPÃO BONITO DO SUL,39,-0.003848101759090147,0.981451196805147,-0.22124073510001016,0.1758838630712735,0.34444444444444444,0.9611111111111111,0.6666666666666666,0.03822937625754527,0.01006036217303823,0.03822937625754527
2016,89133,SEVERIANO DE ALMEIDA,25,0.6992685939624057,0.00010048702141244284,0.7410772724422153,2.2596486565164768e-05,0.7951388888888888,0.9861111111111112,0.4652777777777778,0.8189134808853119,0.9195171026156942,0.2746478873239437
2016,89141,CAPÃO DO CIPÓ,32,0.33305818137113435,0.06250686371081927,0.6225523423205404,0.0001419125658795831,0.7270531400966184,0.9903381642512078,0.5652173913043479,0.2052313883299799,0.6378269617706237,0.386317907444668
2016,89150,CAPÃO DA CANOA,109,0.6157413615986125,1.037034090768841e-12,0.637117595171109,1.6115440679728877e-13,0.855287569573284,0.9851576994434138,0.6794990723562152,0.6338028169014085,0.6740442655935613,0.25553319919517103
2016,89168,COQUEIRO BAIXO,20,0.13689357869182167,0.5649480756832093,0.2496229260935143,0.2885148525153112,0.5101010101010102,1.0,0.5606060606060606,0.08249496981891348,0.11267605633802817,0.8430583501006036
2016,89176,SOBRADINHO,35,0.5549019607843138,0.0005410418524455408,0.6346126908530607,4.234590210537321e-05,0.782051282051282,0.9743589743589745,0.5277777777777778,0.5130784708249497,0.6639839034205232,0.10462776659959759
2016,89184,CORONEL PILAR,17,-0.07352941176470588,0.779127287251723,-0.24601226993865033,0.34119206906464744,0.3472222222222222,1.0,0.4027777777777778,0.01609657947686117,0.006036217303822937,0.8430583501006036
2016,89192,SOLEDADE,93,0.729528684111062,1.1000151117464622e-16,0.7370797758106874,3.661508694596721e-17,0.83125,0.9865384615384616,0.6009615384615385,0.8853118712273642,0.9114688128772636,0.2857142857142857
2016,89206,CRUZALTENSE,26,0.6071986657227011,0.0010039571617592774,0.5521709629487496,0.00421098588703482,0.7973856209150326,1.0,0.5849673202614379,0.6116700201207244,0.482897384305835,0.8430583501006036
2016,89214,TAPEJARA,53,0.5931540544271784,2.86346334310564e-06,0.7045866569978244,7.9183852813172e-09,0.8766233766233766,0.9761904761904762,0.6277056277056277,0.579476861167002,0.8672032193158954,0.11468812877263582
2016,89222,FORQUETINHA,32,0.25609844367572693,0.15712864265176718,0.05066357162038955,0.7830314409873617,0.5966183574879227,0.9903381642512077,0.5579710144927537,0.1529175050301811,0.03822937625754527,0.3822937625754527
2016,89230,TAPERA,41,0.38804409430760095,0.012177670707324211,0.6285307679446144,2.383982130913262e-05,0.7152777777777778,0.9826388888888888,0.5416666666666666,0.2575452716297787,0.6458752515090543,0.1891348088531187
2016,89247,SANTA CECÍLIA DO SUL,24,0.6559373640713353,0.0005011127967111513,0.42433234421364985,0.043585672443516854,0.7777777777777777,1.0,0.6962962962962962,0.7183098591549296,0.26961770623742454,0.8430583501006036
2016,89249,ITATI,25,0.4208093735349768,0.036196088170452174,0.4895472240570318,0.015180583562187312,0.6979166666666666,0.9861111111111112,0.6041666666666666,0.30181086519114686,0.3782696177062374,0.2746478873239437
2016,89257,TAPES,85,0.6106450666274449,5.456699686150498e-10,0.48404629951134087,2.6869368040338412e-06,0.7609649122807018,0.9912280701754386,0.6995614035087718,0.6217303822937625,0.36016096579476864,0.41448692152917505
2016,89265,JACUIZINHO,37,0.5120678417353483,0.0011960578130193493,0.48904199171603235,0.0021298144649683744,0.8174603174603176,1.0,0.5257936507936508,0.42655935613682094,0.3702213279678068,0.8430583501006036
2016,89273,TAQUARA,139,0.7639179955212484,7.693355021801093e-28,0.6306873707796534,8.755007457342865e-17,0.906989247311828,0.9903225806451612,0.7620967741935484,0.9356136820925554,0.6539235412474849,0.38028169014084506
2016,89281,LAGOA BONITA DO SUL,26,0.5947332769146989,0.001353530546565966,0.3787204926445433,0.05640522595948947,0.7124183006535948,1.0,0.6241830065359477,0.5835010060362174,0.2052313883299799,0.8430583501006036
2016,89290,TAQUARI,75,0.6656658747810263,7.229127887822134e-11,0.6630526133992396,9.103948889639795e-11,0.8240740740740741,1.0,0.6927609427609428,0.7424547283702213,0.7424547283702213,0.8430583501006036
2016,89303,MATO QUEIMADO,10,0.43161293601284584,0.21294529187580236,0.43161293601284584,0.21294529187580236,0.8333333333333333,1.0,0.5,0.3199195171026157,0.2837022132796781,0.8430583501006036
2016,89311,TENENTE PORTELA,34,0.7831003155255897,4.399242979797931e-08,0.6843163538873994,1.1261070526519379e-05,0.8133333333333332,0.9733333333333334,0.6777777777777778,0.9617706237424547,0.8048289738430584,0.0925553319919517
2016,89320,NOVO XINGU,22,0.5731225296442689,0.005300506147532188,0.5589072282299374,0.006852372698051818,0.829059829059829,1.0,0.4572649572649572,0.5432595573440644,0.49295774647887325,0.8430583501006036
2016,89338,TORRES,91,0.7167192922711388,1.3615760057967194e-15,0.6492052167882157,3.395514179396956e-12,0.8722879684418146,0.9930966469428008,0.730276134122288,0.8631790744466801,0.7122736418511066,0.48088531187122735
2016,89346,PAULO BENTO,34,0.13152660415483555,0.4584089598294953,0.4401781808033521,0.009182739560264204,0.5622222222222222,0.9955555555555555,0.6688888888888889,0.08048289738430583,0.2917505030181087,0.5865191146881288
2016,89354,TRAMANDAÍ,107,0.8004600668622023,4.4047722395595525e-25,0.7567650013782005,6.4398917500882644e-21,0.9091653027823241,0.9934533551554828,0.6845335515548281,0.9798792756539235,0.9436619718309859,0.5010060362173038
2016,89362,PINHAL DA SERRA,29,0.29817917742723843,0.11616099364167634,0.4194867119967253,0.02349577789672454,0.5833333333333333,0.9944444444444445,0.47777777777777775,0.17706237424547283,0.2575452716297787,0.5492957746478874
2016,89370,TRÊS COROAS,54,0.5563497064386588,1.2528971339940877e-05,0.6110485641795642,9.231372859108011e-07,0.8765432098765432,0.9876543209876543,0.6333333333333333,0.5171026156941649,0.6096579476861167,0.30985915492957744
2016,89389,QUATRO IRMÃOS,28,0.24439564191629712,0.21007084015426325,0.0874943710353829,0.6579687814124523,0.5994152046783625,0.9970760233918129,0.5701754385964912,0.1488933601609658,0.05030181086519115,0.6398390342052314
2016,89397,TRÊS DE MAIO,53,0.5497288279711955,2.012471729366054e-05,0.38077954557778404,0.00491074828639659,0.6212121212121211,0.9913419913419913,0.6569264069264069,0.5030181086519114,0.20724346076458752,0.4164989939637827
2016,89400,ROLADOR,22,0.38072363347080507,0.08045717787896708,0.5749593799965309,0.006399571801090371,0.6623931623931624,0.9914529914529914,0.4871794871794871,0.24748490945674045,0.5311871227364185,0.4215291750503018
2016,89419,TRÊS PASSOS,55,0.6768287193098647,1.403758181258306e-08,0.7285642217203324,6.252818443669929e-10,0.9090909090909091,0.96900826446281,0.5816115702479339,0.772635814889336,0.903420523138833,0.07042253521126761
2016,89435,TRIUNFO,88,0.6598991845127323,2.694085208698977e-12,0.6603928143040404,4.594980652399759e-12,0.8937426210153483,0.9917355371900827,0.6959858323494688,0.7243460764587525,0.7404426559356136,0.4305835010060362
2016,89443,SANTA MARGARIDA DO SUL,31,0.7427490705318418,1.711890723845461e-06,0.571660437864405,0.0007809910609254266,0.8232323232323232,0.9949494949494949,0.6742424242424243,0.9054325955734407,0.5211267605633803,0.5714285714285714
2016,89451,TUCUNDUVA,29,0.7004313053797391,2.3318095663782905e-05,0.7422260612043436,4.044271084202913e-06,0.8166666666666667,1.0,0.5222222222222223,0.8249496981891348,0.9235412474849095,0.8430583501006036
2016,89460,SÃO JOSÉ DO SUL,16,-0.18155105153571952,0.5009963628240349,-0.18155105153571952,0.5009963628240349,0.3650793650793651,1.0,0.5,0.01006036217303823,0.012072434607645875,0.8430583501006036
2016,89478,TUPANCIRETÃ,90,0.48328889698620997,1.4011011899849591e-06,0.7055422628568812,8.206538130393125e-15,0.7270233196159122,0.9958847736625513,0.7592592592592593,0.3822937625754527,0.869215291750503,0.6006036217303823
2016,89486,SÃO PEDRO DAS MISSÕES,18,0.22509037589201708,0.36917436746040067,0.01964839710444674,0.9383185454405282,0.537037037037037,1.0,0.5,0.13480885311871227,0.03219315895372234,0.8430583501006036
2016,89494,TUPARENDI,35,0.4303123686790866,0.009872855817939856,0.6310149206485257,4.82400347161417e-05,0.75,1.0,0.5277777777777778,0.31388329979879276,0.6559356136820925,0.8430583501006036
2016,89508,TIO HUGO,18,0.5810113519091847,0.011450854006919304,0.5810113519091847,0.011450854006919304,0.728395061728395,1.0,0.5,0.5533199195171026,0.5392354124748491,0.8430583501006036
2016,89516,URUGUAIANA,147,0.6894956915314805,4.635172786428718e-22,0.6542585253447225,3.4034290232188535e-19,0.8897058823529411,0.9906417112299465,0.7727272727272727,0.8008048289738431,0.7223340040241448,0.39235412474849096
2016,89524,WESTFALIA,18,0.5731066745881592,0.012910055302530647,0.5731066745881592,0.012910055302530647,0.7407407407407407,1.0,0.5,0.5412474849094567,0.5251509054325956,0.8430583501006036
2016,89532,VACARIA,172,0.5421646992097475,1.5757215737171306e-14,0.6970417591124336,9.215709735064136e-26,0.7239915074309979,0.9902335456475584,0.6004246284501062,0.48088531187122735,0.8470824949698189,0.3782696177062374
2016,89540,PINTO BANDEIRA,28,0.32358599058124055,0.09301034602505011,0.5191759776134783,0.004639584820513376,0.6842105263157894,0.9941520467836258,0.6929824561403509,0.19919517102615694,0.4305835010060362,0.540241448692153
2016,89559,VENÂNCIO AIRES,130,0.6867125342162826,1.896821266469436e-19,0.6153189014523364,1.0914766902883734e-14,0.8892753623188405,0.9994202898550725,0.5881159420289855,0.7967806841046278,0.6237424547283702,0.682092555331992
2016,89567,PEDRAS ALTAS,32,0.33600237889117046,0.06008441452721292,0.002945792843235884,0.9872336468696028,0.71256038647343,0.9951690821256038,0.6159420289855073,0.20724346076458752,0.030181086519114688,0.5764587525150905
2016,89575,VERA CRUZ,63,0.6366647863439723,2.0376787240356762e-08,0.6419802035185267,1.4240138248930163e-08,0.8828671328671329,0.993006993006993,0.4676573426573427,0.6659959758551308,0.6941649899396378,0.4708249496981891
2016,89591,VERANÓPOLIS,65,0.8217007069860641,4.999349605165751e-17,0.767907734059491,1.3207126722449297e-13,0.9007936507936508,0.9841269841269842,0.5942460317460317,0.9919517102615694,0.9517102615694165,0.22334004024144868
2016,89613,VIADUTOS,27,0.4324162256573146,0.024281092707054124,0.5550111433462562,0.0026573233905698617,0.6111111111111112,1.0,0.5,0.323943661971831,0.48893360160965793,0.8430583501006036
2016,89630,VIAMÃO,330,0.7081369600911314,1.6419121376271957e-51,0.6713407369654273,1.8831071811520845e-44,0.9382031129603945,0.9905224225612576,0.6502542764678687,0.8430583501006036,0.7706237424547284,0.3903420523138833
2016,89656,VICENTE DUTRA,33,0.4341137366536028,0.011596551082630455,0.4472693960298742,0.009060975171054161,0.6388888888888888,1.0,0.5694444444444444,0.32595573440643866,0.3038229376257545,0.8430583501006036
2016,89672,PALMARES DO SUL,72,0.669671143943911,1.259086691200147e-10,0.5683620049424233,1.9106095762548372e-07,0.8606701940035273,0.9761904761904763,0.7151675485008818,0.7585513078470825,0.5171026156941649,0.11770623742454728
2016,89699,VICTOR GRAEFF,24,0.41374810637415055,0.04444896211810937,0.4780244142771098,0.018145892963825006,0.7037037037037037,0.9851851851851853,0.5777777777777778,0.28772635814889336,0.352112676056338,0.26156941649899396
2016,89710,TAVARES,23,0.7073652990608007,0.0001601746082921019,0.48945161247698793,0.017767258783693382,0.7857142857142857,0.996031746031746,0.6785714285714286,0.8370221327967807,0.3762575452716298,0.6056338028169014
2016,89737,CAPÃO DO LEÃO,105,0.5381139047998839,3.2167969301850805e-09,0.547364250740948,1.5208353963841018e-09,0.7224371373307544,0.9801740812379109,0.5498065764023211,0.4647887323943662,0.47283702213279677,0.158953722334004
2016,89753,SALTO DO JACUÍ,51,0.6432874474474891,3.5616781648824743e-07,0.6256907431252869,9.129759228200517e-07,0.671957671957672,0.9894179894179894,0.5886243386243386,0.682092555331992,0.641851106639839,0.35714285714285715
2016,89770,COTIPORÃ,22,0.17966101694915257,0.42368918147015006,0.3332391181458451,0.12964740308225703,0.6239316239316239,1.0,0.5427350427350428,0.09859154929577464,0.16096579476861167,0.8430583501006036
2016,98213,TEUTÔNIA,79,0.5881243078516162,1.2036905919841218e-08,0.6656600473052028,2.1862284961979373e-11,0.7927807486631017,0.9939839572192514,0.5788770053475936,0.5653923541247485,0.7505030181086519,0.5291750503018109
2016,98230,BOM PRINCÍPIO,36,0.5167685881321143,0.001251401698764925,0.48695486646419417,0.0025966581108906725,0.6995884773662552,0.9917695473251028,0.5905349794238683,0.43259557344064387,0.3682092555331992,0.43259557344064387
2016,98256,PAROBÉ,184,0.5951747749206289,5.121089372010409e-19,0.65503598361167,3.453518461226324e-23,0.8662721893491124,0.993688362919132,0.6783037475345168,0.5855130784708249,0.7263581488933601,0.5110663983903421
2016,98272,FORTALEZA DOS VALOS,28,0.4541472762113332,0.015196830574410038,0.6484599650081679,0.00018999112693936538,0.672514619883041,0.9824561403508771,0.5146198830409356,0.34808853118712274,0.7062374245472837,0.1851106639839034
2016,98299,JÓIA,41,0.2825026141512722,0.07351659994009002,0.30950823977342756,0.04893206387206542,0.7118055555555556,0.9826388888888888,0.5034722222222222,0.16096579476861167,0.14285714285714285,0.1891348088531187
2020,84735,ÁUREA,38,0.02880092904954519,0.8637162086986222,0.38903625348126286,0.015777397176533793,0.45593869731800774,0.9846743295019157,0.6877394636015326,0.11267605633802817,0.4346076458752515,0.4124748490945674
2020,84743,TRÊS ARROIOS,22,0.13489246927567425,0.5494959008625777,0.1158638651991766,0.6076279405860122,0.5384615384615385,0.982905982905983,0.46153846153846156,0.17706237424547283,0.09859154929577464,0.3903420523138833
2020,84751,NOVA ROMA DO SUL,25,0.3806514403215395,0.060491795526034835,0.28072262951845534,0.17406041942625955,0.625,0.9791666666666666,0.5868055555555556,0.4426559356136821,0.27565392354124746,0.2987927565392354
2020,84760,PROGRESSO,32,0.04861940928663037,0.7915898695743774,0.35245765226632203,0.04787409303987011,0.5096618357487923,0.9903381642512078,0.6328502415458938,0.12072434607645875,0.3822937625754527,0.5784708249496981
2020,84778,PIRAPÓ,19,0.2276440051932361,0.34860421172281497,0.5656250642957718,0.011600953778856386,0.6277777777777778,0.9944444444444445,0.5277777777777778,0.2575452716297787,0.7927565392354124,0.7344064386317908
2020,84786,JABOTICABA,22,0.40739432063439435,0.0598509649288368,0.5279287981929264,0.011558155623868874,0.6965811965811965,1.0,0.6367521367521367,0.47283702213279677,0.7263581488933601,0.920523138832998
2020,84794,SÃO JORGE,20,0.39112451054806197,0.08814994902024684,0.37684452186570505,0.1014592936692289,0.696969696969697,1.0,0.5808080808080809,0.4567404426559356,0.40643863179074446,0.920523138832998
2020,84808,ALTO ALEGRE,25,0.2105567679692771,0.3123663415166551,0.4100119667935527,0.0417906114114101,0.6041666666666666,0.9756944444444444,0.5590277777777778,0.24748490945674045,0.4708249496981891,0.22535211267605634
2020,84816,NOVA HARTZ,70,0.5321649578653701,2.1235629572419512e-06,0.5915104165235775,6.965241901696328e-08,0.7759562841530054,0.97632058287796,0.6930783242258652,0.704225352112676,0.8410462776659959,0.23742454728370221
2020,84824,DOIS LAJEADOS,36,0.3269418593747665,0.051620814986374504,0.32238302453256035,0.05516399005526523,0.6275720164609053,1.0,0.6584362139917695,0.3843058350100604,0.3380281690140845,0.920523138832998
2020,84832,SÃO DOMINGOS DO SUL,31,0.15875635326894358,0.39364664147493583,0.32105420780628263,0.07822925197463068,0.4595959595959596,1.0,0.6085858585858586,0.19718309859154928,0.33400402414486924,0.920523138832998
2020,84840,TUNAS,22,0.49375989904834805,0.01952059131215077,0.1696053039033565,0.4505035819889516,0.6495726495726495,1.0,0.4572649572649573,0.6277665995975855,0.14084507042253522,0.920523138832998
2020,84859,SÃO JOÃO DA URTIGA,30,0.12306665868725283,0.5170549190218725,-0.16613088404133178,0.38027405073304016,0.5767195767195767,0.9947089947089948,0.7513227513227513,0.16901408450704225,0.014084507042253521,0.7484909456740443
2020,84867,GUABIJU,16,0.40235825221287874,0.12233723933247395,0.514792899408284,0.04130556245353526,0.6587301587301587,1.0,0.6984126984126984,0.46680080482897385,0.7022132796780685,0.920523138832998
2020,84875,QUINZE DE NOVEMBRO,33,0.0157138089691905,0.9308356176195436,0.27153150134048254,0.1263718435524298,0.3472222222222222,1.0,0.7893518518518517,0.10865191146881288,0.2635814889336016,0.920523138832998
2020,84883,DOUTOR MAURÍCIO CARDOSO,20,-0.19553480032095577,0.408706464613609,-0.22459796428125384,0.34109843687334435,0.3484848484848485,1.0,0.601010101010101,0.02414486921529175,0.008048289738430584,0.920523138832998
2020,84891,CAPELA DE SANTANA,46,0.2627354449776757,0.07772260831737791,0.27529541558442777,0.06406612304886315,0.6036036036036035,0.9909909909909911,0.7822822822822822,0.3038229376257545,0.2676056338028169,0.6096579476861167
2020,84905,JAQUIRANA,41,0.4150599259008393,0.006967025106129943,0.5190359078760521,0.0006000251108526478,0.7430555555555556,0.9635416666666666,0.7777777777777778,0.4909456740442656,0.7082494969818913,0.11066398390342053
2020,84913,VANINI,25,0.17712765149396845,0.3969816795401142,0.3181834513292896,0.12112470007775637,0.5381944444444444,1.0,0.4965277777777778,0.2193158953722334,0.32796780684104626,0.920523138832998
2020,84921,BOQUEIRÃO DO LEÃO,39,0.3208732542281611,0.04640725412510678,0.6023050396608519,4.974358896325742e-05,0.7111111111111111,0.9777777777777777,0.6333333333333333,0.3762575452716298,0.8591549295774648,0.2535211267605634
2020,84930,FAGUNDES VARELA,20,0.23693119388969136,0.31452250081948857,0.42938496583143504,0.05884600753915965,0.6262626262626263,0.9696969696969697,0.5909090909090908,0.2655935613682093,0.5130784708249497,0.15995975855130784
2020,84948,ÁGUA SANTA,23,0.0649225934914377,0.7685248819716533,0.08678175117814423,0.6937837962092068,0.46031746031746035,1.0,0.5833333333333334,0.12877263581488935,0.08048289738430583,0.920523138832998
2020,84956,SILVEIRA MARTINS,25,0.31049086234525985,0.13089183384074754,0.47254872079472715,0.017062836537419676,0.6875,0.9791666666666666,0.5416666666666666,0.352112676056338,0.5955734406438632,0.2987927565392354
2020,84964,IBIRAPUITÃ,44,0.19326965689307116,0.20875715932151265,0.16480214585982342,0.2850544541335785,0.6936507936507936,0.9936507936507937,0.5317460317460316,0.23541247484909456,0.13078470824949698,0.7062374245472837
2020,84972,IBARAMA,20,0.6438511173637327,0.0021881872500227957,0.6830746419239746,0.0009018294443400609,0.8585858585858586,1.0,0.5505050505050505,0.8873239436619719,0.959758551307847,0.920523138832998
2020,84980,PANTANO GRANDE,53,0.7790179681441997,6.4568199885568205e-12,0.47445927306630215,0.0003316388017219003,0.8535353535353535,1.0,0.6578282828282829,0.9979879275653923,0.6056338028169014,0.920523138832998
2020,84999,IPÊ,30,0.364000447240738,0.0479934970341397,0.3335573560396092,0.07165171257436914,0.5925925925925926,1.0,0.7142857142857143,0.4245472837022133,0.3501006036217304,0.920523138832998
2020,85006,TRINDADE DO SUL,36,0.24665038059948993,0.14700605829873453,0.5894443475318275,0.00015512554026670322,0.6213991769547326,0.9218106995884774,0.7057613168724279,0.28772635814889336,0.8329979879275654,0.008048289738430584
2020,85014,AGUDO,61,0.3480088847797636,0.005990790004539883,0.46128895596684943,0.00018286586135468248,0.6837606837606838,0.9871794871794872,0.6741452991452992,0.4084507042253521,0.5694164989939637,0.4778672032193159
2020,85022,ERNESTINA,23,0.44540653296538646,0.03317877433232335,0.48003661497501365,0.020438900924506825,0.6547619047619048,0.9761904761904763,0.6309523809523809,0.5412474849094567,0.6197183098591549,0.23440643863179075
2020,85030,AJURICABA,37,0.3770900141624568,0.021409239960169284,0.18790708900553454,0.265399141166945,0.8055555555555556,0.9682539682539683,0.5357142857142857,0.44064386317907445,0.158953722334004,0.14386317907444668
2020,85049,DEZESSEIS DE NOVEMBRO,19,0.3393414789080756,0.15522286325776097,0.6663729161934205,0.0018371125071822865,0.6555555555555556,1.0,0.6777777777777778,0.3963782696177062,0.9456740442655935,0.920523138832998
2020,85057,ALECRIM,22,0.12159328398292943,0.5898598559654409,0.1157256910839686,0.6080591536610429,0.5811965811965811,0.9743589743589742,0.5085470085470085,0.16498993963782696,0.096579476861167,0.20321931589537223
2020,85065,BROCHIER,31,0.4047644750868107,0.023904092429182892,0.6611624371672444,5.140305783758057e-05,0.7626262626262627,0.9848484848484849,0.6414141414141414,0.4708249496981891,0.9416498993963782,0.41851106639839036
2020,85073,ALEGRETE,118,0.683781812999709,1.424214376546421e-17,0.6414928479983236,5.025779701362399e-15,0.7391585760517799,0.9822006472491909,0.7239482200647249,0.9436619718309859,0.9195171026156942,0.3722334004024145
2020,85081,EREBANGO,39,0.030276996546846874,0.8548217248992966,0.37257973257876964,0.019498495927923683,0.46481481481481485,0.9666666666666667,0.6462962962962963,0.11468812877263582,0.40040241448692154,0.13480885311871227
2020,85090,ALPESTRE,25,0.5428744336693313,0.0050460030168323206,0.5595443751904375,0.00363469231990652,0.7291666666666667,0.9930555555555556,0.5277777777777778,0.716297786720322,0.7826961770623743,0.6901408450704225
2020,85103,ENTRE-IJUÍS,47,0.5443521685865085,7.64230867308874e-05,0.47403817177506186,0.0007628160950603073,0.7894736842105263,0.9970760233918129,0.6345029239766081,0.7263581488933601,0.6036217303822937,0.8158953722334004
2020,85111,ALVORADA,328,0.5667810222277165,2.8740881173896296e-29,0.43844294844516213,8.558521552937309e-17,0.9024021184036315,0.9973519954605636,0.6819557404955552,0.7686116700201208,0.5291750503018109,0.8209255533199196
2020,85120,NOVA ESPERANÇA DO SUL,38,0.5169092730969242,0.0008910872513547408,0.3226089344390805,0.048218628660214924,0.6628352490421455,1.0,0.6647509578544062,0.6780684104627767,0.34004024144869216,0.920523138832998
2020,85138,ANTA GORDA,23,0.2026192303022642,0.35381964336482075,0.29025,0.17911025923726417,0.6666666666666666,0.9761904761904763,0.7182539682539683,0.2454728370221328,0.2917505030181087,0.23440643863179075
2020,85146,PAVERAMA,66,0.19359649321394068,0.11934945729485963,0.3245513066211108,0.007844832638499484,0.6335282651072125,0.97953216374269,0.6851851851851852,0.23742454728370221,0.3440643863179074,0.30985915492957744
2020,85154,ANTÔNIO PRADO,41,0.24567594859780675,0.12155437777203293,0.2489703262406552,0.11648048139301118,0.6076388888888888,0.9930555555555556,0.7118055555555556,0.28169014084507044,0.23541247484909456,0.6901408450704225
2020,85162,TERRA DE AREIA,30,0.4608960079523753,0.010369038970834698,0.39321964404464305,0.031580225825961386,0.6507936507936508,0.9894179894179894,0.753968253968254,0.5694164989939637,0.4386317907444668,0.5503018108651911
2020,85170,ARATIBA,26,0.5738271917329961,0.0021761970920627996,0.606751074017659,0.0010150012514183995,0.7549019607843137,0.9869281045751633,0.6045751633986929,0.7847082494969819,0.869215291750503,0.46981891348088534
2020,85189,HARMONIA,23,0.37621054783608815,0.07684605070444148,0.4146598489932054,0.055009035003202825,0.6388888888888888,1.0,0.5873015873015873,0.4386317907444668,0.48893360160965793,0.920523138832998
2020,85197,ARROIO DO MEIO,49,0.6643536827080823,1.9412477391951694e-07,0.6236575636698375,1.6922697447767716e-06,0.9019138755980862,0.9952153110047848,0.7129186602870814,0.9114688128772636,0.89738430583501,0.7605633802816901
2020,85200,CAMPOS BORGES,33,0.32641105967652817,0.06374862176108345,0.5634324926143781,0.0007857596215207184,0.7638888888888888,1.0,0.7037037037037037,0.3822937625754527,0.7887323943661971,0.920523138832998
2020,85219,ARROIO DOS RATOS,76,0.5673380209444641,9.103693035295385e-08,0.4971874281901073,4.904749560186734e-06,0.8009950248756219,0.9850746268656717,0.6907131011608624,0.7706237424547284,0.6619718309859155,0.4245472837022133
2020,85227,CERRO GRANDE,36,0.0892662702045631,0.6046459600979096,0.17911202222435,0.29591791706813986,0.5123456790123457,0.9917695473251028,0.6152263374485597,0.15090543259557343,0.1488933601609658,0.647887323943662
2020,85235,ARROIO DO TIGRE,39,0.6337821453817057,1.482299075684304e-05,0.5974911150528066,5.9197471137550965e-05,0.8407407407407407,0.9777777777777779,0.6037037037037037,0.8752515090543259,0.8511066398390342,0.2605633802816901
2020,85243,IPIRANGA DO SUL,27,0.31692212692422256,0.10724818719325861,0.6076965242764096,0.000773553033329848,0.6882716049382717,0.9506172839506173,0.6080246913580246,0.36619718309859156,0.8712273641851107,0.05533199195171026
2020,85251,ARROIO GRANDE,51,0.6650420223829784,1.0204493426921788e-07,0.5871346728787808,5.9331717675345786e-06,0.8783068783068783,0.978835978835979,0.6507936507936508,0.9134808853118712,0.8289738430583501,0.289738430583501
2020,85260,LAGOÃO,27,0.6532704457355459,0.00022037968200287742,0.29744116838120116,0.13187294059718319,0.7160493827160495,0.9814814814814815,0.712962962962963,0.8993963782696177,0.2977867203219316,0.35412474849094566
2020,85278,ARVOREZINHA,39,0.3023338261973233,0.061388162731560676,0.605204309819069,4.473365212655724e-05,0.8666666666666666,1.0,0.5388888888888889,0.34808853118712274,0.8651911468812877,0.920523138832998
2020,85286,ESTAÇÃO,42,0.34403036072934917,0.025689563671855202,0.5050570962479608,0.0006466738830382423,0.6632996632996633,1.0,0.6026936026936027,0.4044265593561368,0.682092555331992,0.920523138832998
2020,85294,AUGUSTO PESTANA,35,0.5246234688879582,0.0012150505446541196,0.4396843335655496,0.008220681770521513,0.7307692307692307,0.9786324786324786,0.7243589743589743,0.6941649899396378,0.5311871227364185,0.272635814889336
2020,85308,ARROIO DO SAL,70,0.47438727427429817,3.3428710859793026e-05,0.42676396600846433,0.00022948074333080254,0.8816029143897997,0.9817850637522768,0.8178506375227687,0.5855130784708249,0.5090543259557344,0.3682092555331992
2020,85316,BAGÉ,256,0.5933617062309433,9.684663547168821e-26,0.5407191557059621,7.707979940242789e-21,0.918040856509968,0.991754860940192,0.8285749446222004,0.806841046277666,0.7505030181086519,0.6458752515090543
2020,85324,SÃO JOSÉ DO HORTÊNCIO,33,0.2668510854617638,0.1333015348592512,-0.26440750559589066,0.1370285934839807,0.4583333333333333,0.9953703703703703,0.7291666666666666,0.30784708249496984,0.006036217303822937,0.7665995975855131
2020,85332,BARÃO DE COTEGIPE,40,0.1052491045724,0.5180560195560151,0.1827601971419311,0.2589978490851048,0.6093189964157706,0.960573476702509,0.6415770609318997,0.16096579476861167,0.15090543259557343,0.1006036217303823
2020,85340,PINHAL,23,0.24375779262714842,0.262355785164794,0.6158394914827724,0.0017569631877560074,0.7063492063492063,1.0,0.7380952380952381,0.2776659959758551,0.8812877263581489,0.920523138832998
2020,85359,BARRACÃO,23,0.29087319410142315,0.17813618400313994,0.5031359450693015,0.016992277698719256,0.6507936507936508,1.0,0.6626984126984127,0.33400402414486924,0.6780684104627767,0.920523138832998
2020,85367,TRÊS CACHOEIRAS,29,0.47505236285115243,0.009209955644122919,0.23942094274287856,0.21097211212000055,0.6888888888888889,0.9833333333333333,0.7472222222222222,0.5895372233400402,0.22334004024144868,0.3983903420523139
2020,85375,BARRA DO RIBEIRO,120,0.4913656672112326,1.2088001180367372e-08,0.5480192825994367,9.270432754834018e-11,0.8618618618618619,0.9714714714714714,0.7807807807807807,0.6217303822937625,0.7665995975855131,0.1750503018108652
2020,85383,SÃO VENDELINO,37,0.18477874136444342,0.2735826650649054,0.43479551332013056,0.007161932892237999,0.636904761904762,1.0,0.6011904761904762,0.22535211267605634,0.5211267605633803,0.920523138832998
2020,85391,BARROS CASSAL,44,0.5543221626587412,9.456825360787273e-05,0.40089581716865336,0.007000143530775201,0.7333333333333334,0.9904761904761905,0.5650793650793651,0.7404426559356136,0.4507042253521127,0.5835010060362174
2020,85405,PROTÁSIO ALVES,16,0.332295188603215,0.20858375084486788,0.2128141626171401,0.4463534987327302,0.6428571428571429,1.0,0.5714285714285714,0.39235412474849096,0.19718309859154928,0.920523138832998
2020,85413,BENTO GONÇALVES,231,0.52470048428082,9.643040839998776e-18,0.5685216475585498,4.316455663879196e-21,0.8774051676745465,0.9892798240791645,0.7339197361187465,0.6961770623742455,0.8008048289738431,0.5412474849094567
2020,85421,POUSO NOVO,19,0.1867311793001687,0.44400062795380696,0.681217196084986,0.001321456412055876,0.6,0.9944444444444445,0.6222222222222222,0.22736418511066397,0.9577464788732394,0.7344064386317908
2020,85430,BOA VISTA DO BURICÁ,24,0.31112474976719956,0.13891547945132357,0.46478711991106814,0.02211692636396017,0.5407407407407407,0.9777777777777779,0.6555555555555556,0.358148893360161,0.5754527162977867,0.2605633802816901
2020,85448,EUGÊNIO DE CASTRO,21,0.6532467532467533,0.0013231161913442719,0.7312214239059438,0.00016589881133756445,0.8518518518518519,0.9814814814814815,0.4861111111111111,0.89738430583501,0.9839034205231388,0.35412474849094566
2020,85456,BOM JESUS,35,0.4946019697552709,0.002525265110504828,0.29411351680569103,0.08635064068703137,0.7435897435897435,0.9957264957264957,0.7264957264957265,0.635814889336016,0.29577464788732394,0.7766599597585513
2020,85464,CRISTAL,52,0.5167385460964372,8.785631806083935e-05,0.55907109946778,1.647714542592805e-05,0.7286821705426356,1.0,0.6343669250645995,0.676056338028169,0.7806841046277666,0.920523138832998
2020,85472,BOM RETIRO DO SUL,64,0.36895074851137616,0.0026993719023679632,0.5182780089372084,1.1511551098931316e-05,0.7919191919191919,0.9747474747474748,0.6464646464646464,0.43259557344064387,0.7062374245472837,0.20824949698189135
2020,85480,SÃO MIGUEL DAS MISSÕES,35,0.5576801948615528,0.0005003805948297696,0.39777405116090464,0.019821726053030113,0.8504273504273504,0.9914529914529914,0.7264957264957265,0.7505030181086519,0.44466800804828976,0.6247484909456741
2020,85499,BOSSOROCA,38,0.2795751906526779,0.08914374005904607,0.33450968048153573,0.04009899036357384,0.5804597701149425,0.9770114942528736,0.6226053639846745,0.32796780684104626,0.352112676056338,0.2454728370221328
2020,85502,GLORINHA,55,0.6064451807383916,9.233532031534719e-07,0.6866785970651238,7.1226242711844095e-09,0.6956521739130435,1.0,0.6413043478260869,0.8269617706237424,0.9617706237424547,0.920523138832998
2020,85510,BRAGA,27,0.426685871023154,0.026449305346316645,0.44479131564701463,0.020089730085250054,0.7098765432098766,0.9814814814814815,0.5679012345679011,0.5130784708249497,0.5392354124748491,0.35412474849094566
2020,85529,SEGREDO,18,0.2500001334011723,0.3170588354539272,0.3350678192850569,0.17408448629051787,0.5987654320987654,1.0,0.5555555555555556,0.2937625754527163,0.3561368209255533,0.920523138832998
2020,85537,BUTIÁ,98,0.675042423492596,2.489527039587898e-14,0.6563719460161801,2.181127689321173e-13,0.8476903870162297,0.9918851435705369,0.7265917602996255,0.9336016096579477,0.9336016096579477,0.6559356136820925
2020,85545,ALEGRIA,32,0.24296324381053935,0.1802761489994442,0.38103987415078905,0.031425251693205,0.5942028985507246,0.9637681159420289,0.6642512077294687,0.27565392354124746,0.42052313883299797,0.11267605633802817
2020,85553,CAÇAPAVA DO SUL,77,0.5158930000943918,1.5717658426998215e-06,0.5444548448653357,3.0795862057102364e-07,0.8512396694214877,0.9917355371900827,0.6707988980716254,0.6720321931589537,0.7625754527162978,0.6438631790744467
2020,85561,SALDANHA MARINHO,30,0.5937013278588004,0.000543103184635892,0.49766146993318483,0.00513717496344224,0.7513227513227513,0.9576719576719577,0.5476190476190477,0.8088531187122736,0.6680080482897385,0.08551307847082495
2020,85570,CACEQUI,46,0.4528232449622961,0.001578206330545265,0.5967368473044729,1.203202891387948e-05,0.6906906906906907,0.9819819819819819,0.7387387387387387,0.5553319919517102,0.8490945674044266,0.3702213279678068
2020,85588,SÃO JOSÉ DO HERVAL,30,0.43410517250185615,0.01653634937434305,0.30732595586492856,0.09852930631159067,0.5211640211640212,0.9312169312169312,0.6666666666666666,0.5191146881287726,0.3118712273641851,0.01006036217303823
2020,85596,CACHOEIRA DO SUL,231,0.49301841147899866,1.4965137157887389e-15,0.4436485314352903,1.472222570317621e-12,0.7433641975308642,0.9874999999999999,0.6864197530864197,0.6257545271629779,0.5372233400402414,0.48490945674044267
2020,85600,VISTA ALEGRE,30,0.42353385375458646,0.019690009248645852,0.366302008460897,0.04649472297181847,0.7328042328042328,0.9867724867724869,0.7301587301587301,0.5050301810865191,0.39436619718309857,0.46680080482897385
2020,85618,CACHOEIRINHA,333,0.5145043452975314,6.686597541958352e-24,0.45786920431887873,1.163637980195311e-18,0.8636448250186151,0.9937639612807149,0.7390171258376768,0.6680080482897385,0.5613682092555332,0.7082494969818913
2020,85626,IVORÁ,26,0.36920449687706136,0.06342622981283579,0.19807106683917186,0.3320702992893834,0.6339869281045751,0.9869281045751633,0.6470588235294118,0.4346076458752515,0.17303822937625754,0.46981891348088534
2020,85634,CACIQUE DOBLE,22,-0.0014132278123233466,0.9950198983522339,0.4710908764135148,0.02689646223753582,0.6153846153846154,1.0,0.49145299145299143,0.09859154929577464,0.5895372233400402,0.920523138832998
2020,85642,VILA MARIA,30,0.07846410733070612,0.6802363398412848,0.37319289344465584,0.04222886693586401,0.6137566137566137,0.9788359788359788,0.6481481481481481,0.14285714285714285,0.4024144869215292,0.2857142857142857
2020,85650,CAIBATÉ,20,0.558104590051273,0.01054959748688249,0.44178994454589743,0.051149755026896476,0.8333333333333334,0.9898989898989898,0.5808080808080808,0.7525150905432596,0.5352112676056338,0.56841046277666
2020,85669,TAQUARUÇU DO SUL,30,0.34615665020455555,0.06095567945161787,0.3776293153209145,0.0396522196359085,0.6693121693121693,0.9735449735449735,0.6587301587301587,0.40643863179074446,0.4084507042253521,0.1981891348088531
2020,85677,CAIÇARA,38,-0.05252793780162507,0.754126020043869,0.2860881862095788,0.08163874844011652,0.5306513409961686,0.9923371647509579,0.7260536398467433,0.08048289738430583,0.28772635814889336,0.676056338028169
2020,85685,IMBÉ,74,0.6680862205957682,7.883226502723043e-11,0.45881978041865185,3.932763407444202e-05,0.7145299145299145,1.0,0.7410256410256411,0.9235412474849095,0.5633802816901409,0.920523138832998
2020,85693,CAMAQUÃ,163,0.6251067074711512,4.714082493903282e-19,0.6084836565343938,6.951688301612677e-18,0.9144144144144144,0.990990990990991,0.7058558558558559,0.8611670020120724,0.8732394366197183,0.6066398390342053
2020,85707,SEDE NOVA,28,0.49144191466783693,0.007910790021457476,0.40852280375798594,0.03090299876987711,0.6052631578947368,0.9502923976608187,0.5818713450292398,0.6237424547283702,0.4647887323943662,0.052313883299798795
2020,85715,CAMBARÁ DO SUL,64,0.5253074424222506,8.32016024055999e-06,0.4680957685217897,9.601065639353788e-05,0.808080808080808,0.9717171717171716,0.7343434343434343,0.6981891348088531,0.5855130784708249,0.17706237424547283
2020,85723,TUPANDI,31,0.22466471829457016,0.2243341991134094,0.19655178883330393,0.2892522379591409,0.6843434343434344,0.9823232323232323,0.5934343434343434,0.2535211267605634,0.1710261569416499,0.3762575452716298
2020,85731,CAMPINA DAS MISSÕES,33,0.06907512032312556,0.702488855558482,0.5862274614365753,0.0003371109979674823,0.5208333333333334,0.9861111111111112,0.6828703703703705,0.13480885311871227,0.8269617706237424,0.4507042253521127
2020,85740,RIOZINHO,56,0.0916904187696597,0.501526078290959,0.24653879044483148,0.06699572703550885,0.549645390070922,0.9976359338061466,0.6288416075650117,0.15694164989939638,0.23138832997987926,0.8249496981891348
2020,85758,CAMPINAS DO SUL,28,0.14146686571468892,0.47271604530906297,-0.14730850325198575,0.4544358494143511,0.5350877192982456,0.9824561403508771,0.6608187134502924,0.18309859154929578,0.022132796780684104,0.3782696177062374
2020,85766,RELVADO,18,-0.43293775378228677,0.07271555689943958,0.09756098874635069,0.7001473489130249,0.40740740740740744,0.9814814814814814,0.6851851851851852,0.004024144869215292,0.08853118712273642,0.34305835010060365
2020,85774,CAMPO BOM,148,0.6452640395674142,8.581060585992923e-19,0.6020675425062899,7.266903048101515e-16,0.8480424684804246,0.9860650298606504,0.725613802256138,0.8913480885311871,0.8571428571428571,0.44466800804828976
2020,85782,IMIGRANTE,35,0.3214137013437624,0.059733737979417674,0.5037279133515089,0.0020358744464682383,0.6367521367521367,0.9423076923076923,0.6217948717948718,0.3782696177062374,0.6800804828973843,0.03219315895372234
2020,85790,CAMPO NOVO,41,0.7006927205708902,3.382181403302018e-07,0.5788806900174107,7.340540951107355e-05,0.8645833333333334,0.9791666666666666,0.5815972222222222,0.9537223340040242,0.8148893360160966,0.2987927565392354
2020,85804,CIDREIRA,91,0.621826481187174,4.7591939585827135e-11,0.5401458063006807,3.9168206675071696e-08,0.8861788617886178,0.9796747967479675,0.7886178861788617,0.8551307847082495,0.7484909456740443,0.31388329979879276
2020,85812,CANDELÁRIA,84,0.5127064048364408,6.162059744342982e-07,0.5351762774762305,1.5648002721227924e-07,0.8266522210184182,0.9945828819068254,0.6912242686890575,0.6619718309859155,0.744466800804829,0.744466800804829
2020,85820,MONTAURI,17,0.013779139242553305,0.958140288201074,0.23263740675833006,0.3688950086875047,0.4027777777777778,0.9166666666666666,0.875,0.10663983903420524,0.21327967806841047,0.004024144869215292
2020,85839,CÂNDIDO GODÓI,30,0.163533208265246,0.3878722180688962,0.3717347622237107,0.04310437053796324,0.5767195767195767,0.9947089947089947,0.6296296296296297,0.2052313883299799,0.3983903420523139,0.7464788732394366
2020,85847,VISTA GAÚCHA,22,0.3614692724341965,0.0983485596656067,0.16653092265423755,0.45887478957780614,0.6367521367521367,1.0,0.6282051282051282,0.41851106639839036,0.13480885311871227,0.920523138832998
2020,85855,CANELA,82,0.6005672080357308,2.4560815693002303e-09,0.3870505615248362,0.0003900877956805404,0.8866837387964148,0.9910371318822023,0.7400768245838668,0.8128772635814889,0.4305835010060362,0.6126760563380281
2020,85863,VISTA ALEGRE DO PRATA,23,0.1528569064055382,0.4862385521308761,-0.023626022871043945,0.9147871950503236,0.5476190476190477,0.9444444444444445,0.5357142857142857,0.19114688128772636,0.04627766599597585,0.03822937625754527
2020,85871,CANGUÇU,142,0.6120042985425503,5.887033511193255e-16,0.47542468311614394,2.2482671071882906e-09,0.9267716535433072,0.9921259842519685,0.773490813648294,0.8350100603621731,0.6096579476861167,0.6720321931589537
2020,85880,CASEIROS,26,0.46574237562338505,0.01648964865003033,0.4127534346048847,0.03611774693984924,0.7189542483660131,1.0,0.5718954248366014,0.5734406438631791,0.4788732394366197,0.920523138832998
2020,85898,CANOAS,474,0.6132536306498343,2.666929054674374e-50,0.5902193717839154,7.907251929432603e-46,0.9616314516976768,0.9893829496478503,0.7223273415326394,0.8410462776659959,0.8370221327967807,0.5432595573440644
2020,85901,ITACURUBI,32,0.17107199912024246,0.34919409371260157,0.2987204891579657,0.09676304033024676,0.6183574879227053,0.963768115942029,0.49999999999999994,0.2112676056338028,0.30181086519114686,0.11670020120724346
2020,85910,CARAZINHO,134,0.6928385815804612,1.7847647491268935e-20,0.524827395561018,7.54089334926519e-11,0.7924348378893833,0.9942784488239034,0.7193261284170376,0.9496981891348089,0.7203219315895373,0.7243460764587525
2020,85928,ENTRE RIOS DO SUL,32,-0.06433224184196003,0.7264873170527828,0.30539820303161774,0.08918005996910557,0.4830917874396135,0.9830917874396136,0.6280193236714976,0.07042253521126761,0.30784708249496984,0.3963782696177062
2020,85936,CARLOS BARBOSA,69,0.5158364018792225,5.726998760792715e-06,0.6534202202746199,1.1567876966091135e-09,0.7938871473354232,0.9796238244514106,0.7217868338557993,0.670020120724346,0.9295774647887324,0.3118712273641851
2020,85944,CERRO GRANDE DO SUL,66,0.4396787662943006,0.00022097764458767945,0.2743100350176751,0.0258226335102919,0.6364522417153996,0.96588693957115,0.6257309941520468,0.5331991951710262,0.2655935613682093,0.13078470824949698
2020,85952,CASCA,41,0.6772323912603618,1.158944021462684e-06,0.6454908185217159,5.193329651962545e-06,0.7986111111111112,0.9722222222222222,0.6197916666666666,0.937625754527163,0.9215291750503019,0.18309859154929578
2020,85960,CAMARGO,24,-0.11851207838747047,0.5812606432605079,-0.07292919243198069,0.7348680134310658,0.47037037037037027,0.9851851851851853,0.6296296296296295,0.04627766599597585,0.03621730382293763,0.4305835010060362
2020,85979,CATUÍPE,28,0.5575792077730827,0.0020515957819887292,0.7287439384942015,1.0947616738064004e-05,0.8070175438596492,0.9649122807017544,0.6578947368421052,0.7464788732394366,0.9818913480885312,0.12474849094567404
2020,85987,PARAÍSO DO SUL,41,0.4125773806054038,0.007347645820567238,0.472904495295302,0.001793938004876734,0.7708333333333334,0.9722222222222223,0.5833333333333333,0.4869215291750503,0.5975855130784709,0.1891348088531187
2020,85995,CAXIAS DO SUL,488,0.5201728860943525,3.495274788569134e-35,0.48011408943312883,1.6654041003529385e-29,0.9170172978027116,0.9976624590930342,0.7332398316970548,0.682092555331992,0.6217303822937625,0.8269617706237424
2020,86010,CERRO LARGO,44,0.4859204998213222,0.000826142468565941,0.49741781191024703,0.0005920666925627849,0.7063492063492064,0.9873015873015872,0.6158730158730159,0.607645875251509,0.6639839034205232,0.482897384305835
2020,86029,FAXINALZINHO,24,0.03835269244522196,0.8587827858261585,0.15595570730556246,0.46679209605286937,0.5555555555555556,0.9333333333333333,0.5518518518518518,0.11871227364185111,0.12474849094567404,0.01609657947686117
2020,86037,CHAPADA,42,0.4399546095019408,0.003551312374736919,0.40710132592234505,0.008251067583945417,0.6919191919191919,0.9865319865319865,0.6632996632996633,0.5372233400402414,0.45875251509054327,0.4597585513078471
2020,86045,AMARAL FERRADOR,55,0.772859389610384,4.744151722855146e-12,0.6660998272451056,2.8557691361409497e-08,0.9094202898550725,1.0,0.7210144927536232,0.9919517102615694,0.9436619718309859,0.920523138832998
2020,86053,CHIAPETTA,35,0.3177231354131238,0.06289509667033628,0.41056485036873974,0.014292591982590037,0.5854700854700855,1.0,0.6688034188034189,0.3702213279678068,0.47283702213279677,0.920523138832998
2020,86061,VILA FLORES,27,0.6191421229210109,0.0005746776814984998,0.5841614500311626,0.0013774555303920403,0.7808641975308642,1.0,0.6512345679012346,0.8470824949698189,0.8249496981891348,0.920523138832998
2020,86070,CIRÍACO,31,0.19472047920884142,0.29385855729207494,0.19564118072966205,0.2915369123177045,0.6161616161616161,0.9722222222222222,0.6464646464646464,0.23943661971830985,0.16901408450704225,0.18309859154929578
2020,86088,CERRO BRANCO,23,0.5093968861793324,0.013037772379039726,0.5243905037538314,0.010207583726679785,0.6349206349206349,0.9682539682539684,0.7261904761904762,0.6559356136820925,0.7183098591549296,0.14688128772635814
2020,86096,COLORADO,35,-0.20550228423799,0.23629187470726154,-0.34832821475587417,0.04030428513019225,0.3782051282051282,0.9914529914529914,0.5662393162393162,0.018108651911468814,0.002012072434607646,0.6247484909456741
2020,86100,ANDRÉ DA ROCHA,21,0.4542794224640366,0.03856728410992855,0.35342515679608727,0.11603389531545437,0.8055555555555556,0.9537037037037036,0.4583333333333333,0.5593561368209256,0.3843058350100604,0.06841046277665996
2020,86118,CONDOR,55,0.48920118739871193,0.0001506076499532796,0.6354372606385654,1.870491370273896e-07,0.7258454106280193,0.995169082125604,0.6992753623188406,0.6177062374245473,0.9074446680080482,0.7585513078470825
2020,86126,POÇO DAS ANTAS,24,0.47347080146885745,0.019440507550102775,0.19979214266645592,0.3492672774629796,0.6962962962962963,1.0,0.5592592592592591,0.5814889336016097,0.18108651911468812,0.920523138832998
2020,86134,CONSTANTINA,33,0.5667447623971501,0.0005845999978764541,0.28745918371074536,0.10478185676384269,0.8240740740740741,0.9953703703703705,0.7106481481481481,0.7645875251509054,0.289738430583501,0.7696177062374245
2020,86142,TRÊS PALMEIRAS,29,0.23234515415476525,0.22518230929594626,0.37958083518157104,0.04226358139658802,0.6055555555555555,1.0,0.5694444444444444,0.26156941649899396,0.4124748490945674,0.920523138832998
2020,86150,CORONEL BICACO,26,0.5050471152831719,0.008499046643243656,0.7073548497295921,7.680387194038307e-05,0.7843137254901961,0.9934640522875817,0.5555555555555556,0.6498993963782697,0.971830985915493,0.7012072434607646
2020,86169,NOVA ALVORADA,21,-0.19355799162343512,0.4005308044217694,0.18913822504301142,0.4115793262182257,0.4027777777777778,0.9675925925925926,0.4398148148148148,0.026156941649899398,0.16096579476861167,0.13883299798792756
2020,86177,CRISSIUMAL,74,0.27439074059741814,0.01799040145919601,0.3964333681981498,0.00047117934017188546,0.7230769230769231,0.9863247863247863,0.7769230769230769,0.3158953722334004,0.4426559356136821,0.45472837022132795
2020,86185,MORRO REDONDO,49,0.5232514350818764,0.00011448952007283246,0.33897885846257714,0.017190303186499434,0.7777777777777777,1.0,0.6499999999999999,0.6901408450704225,0.36217303822937624,0.920523138832998
2020,86193,CRUZ ALTA,248,0.5652163932907736,2.4570316558840283e-22,0.41325164010251847,1.1974881202605231e-11,0.9198855507868384,0.9905579399141632,0.8444921316165951,0.7585513078470825,0.48088531187122735,0.5915492957746479
2020,86207,SANTA MARIA DO HERVAL,34,0.02720256751274527,0.8786254175066031,0.2568036579661299,0.14261649660111286,0.5222222222222221,0.9511111111111111,0.6333333333333333,0.11066398390342053,0.2454728370221328,0.060362173038229376
2020,86215,CRUZEIRO DO SUL,57,0.4471722000241477,0.00048789130209522276,0.22891780325095473,0.08674415428181652,0.6516203703703703,0.982638888888889,0.6064814814814815,0.5472837022132797,0.20925553319919518,0.3843058350100604
2020,86223,BARÃO,28,0.3295921284184311,0.08675754477446654,0.5085967831392124,0.005716378390011288,0.5789473684210527,0.9707602339181287,0.7105263157894737,0.386317907444668,0.6881287726358148,0.1710261569416499
2020,86231,DAVID CANABARRO,20,-0.3756866910546932,0.10259904163153791,-0.092651446261902,0.7059849239690588,0.2777777777777778,1.0,0.6616161616161615,0.006036217303822937,0.028169014084507043,0.920523138832998
2020,86240,ELDORADO DO SUL,79,0.6725575418511577,1.1376243651503643e-11,0.4246115388106519,9.614226924903227e-05,0.9761904761904763,1.0,0.834920634920635,0.9275653923541247,0.5050301810865191,0.920523138832998
2020,86258,DOIS IRMÃOS,70,0.5413957932107695,1.302172133409337e-06,0.41727023873222246,0.00032603501660939,0.7340619307832422,0.9963570127504555,0.7395264116575592,0.7142857142857143,0.4969818913480885,0.7947686116700201
2020,86274,DOM FELICIANO,57,0.6131673587845454,3.9665501454878245e-07,0.45643572148494976,0.0003589078111014584,0.837962962962963,0.9791666666666665,0.6423611111111112,0.8390342052313883,0.5513078470824949,0.2937625754527163
2020,86282,ALTO FELIZ,45,0.1765782264629956,0.2459123097478717,0.3021923756515995,0.04363651277909357,0.5617283950617284,0.9799382716049383,0.595679012345679,0.21730382293762576,0.3058350100603622,0.3158953722334004
2020,86290,DOM PEDRITO,88,0.638232756967746,2.249810220120061e-11,0.5115378710391725,3.518221668062599e-07,0.9025641025641026,0.9774358974358974,0.6841025641025642,0.8792756539235412,0.6941649899396378,0.24949698189134809
2020,86304,AMETISTA DO SUL,35,0.41011629938793626,0.014409693142761843,0.41540472103667087,0.014559747377236329,0.7051282051282051,0.9487179487179487,0.626068376068376,0.4768611670020121,0.4909456740442656,0.04527162977867203
2020,86312,DONA FRANCISCA,30,0.6332257340254643,0.000172824034298536,0.5051928849572884,0.0044063760727460315,0.7804232804232805,0.9894179894179894,0.701058201058201,0.8732394366197183,0.6841046277665996,0.5503018108651911
2020,86320,ARAMBARÉ,57,0.23364931790321075,0.08025059285564903,0.28037176534284114,0.03464907902124491,0.5902777777777778,0.9884259259259258,0.65625,0.2635814889336016,0.27364185110663986,0.5150905432595574
2020,86339,ENCANTADO,58,0.5982133484653999,7.081760840265984e-07,0.6516800434511372,3.016925770135245e-08,0.8549323017408124,0.9864603481624757,0.6518375241779497,0.8108651911468813,0.9255533199195171,0.4567404426559356
2020,86347,BARÃO DO TRIUNFO,49,0.3717471175367034,0.008537335381267648,0.4077816369976928,0.0040156596439511905,0.7916666666666666,0.975,0.6583333333333333,0.43661971830985913,0.46277665995975853,0.21327967806841047
2020,86355,ENCRUZILHADA DO SUL,99,0.6494263082224928,3.5606165267058915e-13,0.6742206643048498,2.0194073064548155e-14,0.878099173553719,0.9943181818181819,0.6926652892561984,0.8953722334004024,0.9517102615694165,0.7263581488933601
2020,86363,BARRA DO GUARITA,25,0.46008848706439454,0.020658614532547158,0.20238553289726816,0.33194148462520956,0.6597222222222222,0.9861111111111112,0.5902777777777778,0.5674044265593562,0.1851106639839034,0.4507042253521127
2020,86371,ERECHIM,258,0.5816083694846576,9.480270542177428e-25,0.5334745087108331,2.232527127764229e-20,0.930680986087381,0.991701244813278,0.7515255064681474,0.7967806841046278,0.738430583501006,0.6398390342052314
2020,86380,BARRA DO RIO AZUL,12,0.23907098429462342,0.4542523042338287,0.23907098429462342,0.4542523042338287,0.44444444444444453,1.0,0.5,0.26961770623742454,0.22132796780684105,0.920523138832998
2020,86398,HERVAL,53,0.6816962826044545,1.916331897642476e-08,0.5680471046485656,9.143633551635259e-06,0.8257575757575758,0.9911616161616161,0.7676767676767676,0.9416498993963782,0.7967806841046278,0.6156941649899397
2020,86401,BARRA FUNDA,27,-0.284385321372573,0.15052836887100546,0.2704676533012068,0.18143178656200398,0.42592592592592593,0.9753086419753085,0.7006172839506173,0.012072434607645875,0.26156941649899396,0.2193158953722334
2020,86410,ERVAL GRANDE,34,0.13390976412884315,0.4502336163432755,0.457610472132831,0.006504788781105368,0.5688888888888889,0.9822222222222222,0.6333333333333333,0.1750503018108652,0.5593561368209256,0.37424547283702214
2020,86428,BOA VISTA DAS MISSÕES,21,0.6629696153915329,0.0010547678954113818,0.7159805030449454,0.000262216662516378,0.8148148148148148,0.9537037037037036,0.6203703703703702,0.9094567404426559,0.9758551307847082,0.06841046277665996
2020,86436,ERVAL SECO,35,0.4378984248923256,0.008515920458958099,0.5432098818888816,0.0007461597760001212,0.7435897435897436,0.9914529914529915,0.6239316239316239,0.5291750503018109,0.7585513078470825,0.6317907444668008
2020,86444,BOM PROGRESSO,37,0.50314060651882,0.0015030605084425735,0.5884700016127886,0.0001277244128880856,0.7440476190476191,0.9880952380952381,0.5595238095238095,0.6458752515090543,0.8309859154929577,0.4969818913480885
2020,86452,ESMERALDA,35,0.35086629646640943,0.038773489974387745,0.2666026935411718,0.12159025529402567,0.6431623931623931,1.0,0.6923076923076923,0.4124748490945674,0.25553319919517103,0.920523138832998
2020,86460,CAMPESTRE DA SERRA,23,-0.07414730598121602,0.7366968131247793,0.021128511714134903,0.9237681044830243,0.42857142857142855,0.9404761904761905,0.5753968253968254,0.06639839034205232,0.060362173038229376,0.026156941649899398
2020,86479,ESPUMOSO,35,0.7387797140746454,4.0338817507996225e-07,0.5339899490660888,0.000953658696450337,0.8226495726495726,0.9658119658119657,0.7286324786324786,0.9798792756539235,0.7424547283702213,0.12877263581488935
2020,86487,CANDIOTA,76,0.3309314121201027,0.0035010829363074673,0.3821688655829951,0.0006574143183582185,0.5887230514096186,0.990049751243781,0.6907131011608624,0.38832997987927564,0.42655935613682094,0.5734406438631791
2020,86495,ESTÂNCIA VELHA,100,0.6209355082640166,5.507642154153963e-12,0.5541731788621309,2.2124791057743108e-09,0.7997557997557998,0.9786324786324786,0.7545787545787546,0.8531187122736419,0.7746478873239436,0.272635814889336
2020,86509,CAPITÃO,23,-0.07828109111841611,0.7225652870305302,0.13836502157629932,0.5289497372141881,0.5238095238095238,0.9761904761904762,0.5277777777777778,0.060362173038229376,0.11066398390342053,0.23038229376257546
2020,86517,ESTEIO,168,0.7748025555513446,6.95916418206013e-35,0.548704399575669,1.3606419714491294e-14,0.9582278481012658,0.9886075949367089,0.7882911392405063,0.993963782696177,0.7686116700201208,0.5231388329979879
2020,86525,CARLOS GOMES,22,0.09114076492004919,0.6866715921097001,0.36263184547581084,0.09719174174433515,0.47008547008547,1.0,0.43162393162393164,0.1529175050301811,0.39235412474849096,0.920523138832998
2020,86533,ESTRELA,158,0.5029127228350561,1.6519385117924857e-11,0.3135975430499106,6.014331302318126e-05,0.8111405835543767,0.9915119363395225,0.7241379310344828,0.6438631790744467,0.323943661971831,0.6378269617706237
2020,86541,CENTENÁRIO,22,0.2616725253637463,0.2394566056733351,0.31584419337453906,0.15216521641257524,0.6581196581196581,0.9914529914529914,0.5854700854700855,0.30181086519114686,0.32595573440643866,0.6247484909456741
2020,86550,FARROUPILHA,189,0.39761479299722624,1.4671358696019014e-08,0.45071940943630057,8.554241622020708e-11,0.8302681992337165,0.9919540229885058,0.7224137931034483,0.46277665995975853,0.545271629778672,0.6599597585513078
2020,86568,CHARRUA,20,0.5118558023708891,0.02105041275145198,0.5477510869505852,0.012416393684354066,0.6717171717171717,0.9696969696969697,0.601010101010101,0.6599597585513078,0.7645875251509054,0.15995975855130784
2020,86576,FAXINAL DO SOTURNO,35,0.4345663614653834,0.009090963530933213,0.3203372168102329,0.06064258752014393,0.7628205128205128,0.9786324786324786,0.5341880341880342,0.5211267605633803,0.3319919517102616,0.272635814889336
2020,86584,COLINAS,30,-0.1467853288807849,0.4389185063684604,0.0030414108032740107,0.9872737647500739,0.3253968253968254,0.9338624338624338,0.6137566137566138,0.03420523138832998,0.05432595573440644,0.018108651911468814
2020,86592,FELIZ,44,0.4522300741611984,0.0020569038608784446,0.3813112744763548,0.011640210566284526,0.8095238095238095,0.9968253968253968,0.5587301587301586,0.5533199195171026,0.4225352112676056,0.8088531187122736
2020,86606,COQUEIROS DO SUL,22,-0.01713358705175058,0.9396753854226749,0.3384209522669869,0.1234273189978077,0.45299145299145294,0.9914529914529914,0.43162393162393164,0.09054325955734406,0.36016096579476864,0.6247484909456741
2020,86614,FLORES DA CUNHA,105,0.44240622087223486,2.298359708649831e-06,0.49969746659992004,5.7381799351184786e-08,0.6886574074074074,0.9849537037037036,0.7806712962962963,0.5392354124748491,0.6740442655935613,0.42052313883299797
2020,86622,CORONEL BARROS,32,0.31107574178834335,0.08309750177988927,0.26259544492328274,0.1465053728923102,0.6908212560386473,1.0,0.6231884057971014,0.3561368209255533,0.24949698189134809,0.920523138832998
2020,86630,FONTOURA XAVIER,52,0.18805315739180428,0.18185922210972172,0.20228233358937028,0.1503958508515573,0.6149870801033592,0.979328165374677,0.6950904392764858,0.22937625754527163,0.18309859154929578,0.30482897384305835
2020,86649,COXILHA,34,0.6045569250792676,0.00015260624850025912,0.4371404785713337,0.009734143908507692,0.7622222222222222,0.951111111111111,0.6733333333333332,0.8189134808853119,0.5251509054325956,0.05835010060362173
2020,86657,FORMIGUEIRO,39,0.6196020929050635,2.59930753346549e-05,0.6046795099031355,4.5605037852067666e-05,0.737037037037037,0.9777777777777779,0.6907407407407408,0.8490945674044266,0.8631790744466801,0.2605633802816901
2020,86665,DERRUBADAS,21,-0.26683088494832186,0.2423032036688826,0.15136419301405124,0.5124970629457111,0.3425925925925926,0.9907407407407407,0.7361111111111112,0.014084507042253521,0.11871227364185111,0.596579476861167
2020,86673,FREDERICO WESTPHALEN,58,0.5280705628865668,2.042509791863759e-05,0.49504878673351477,7.796979003538803e-05,0.8336557059961316,1.0,0.6634429400386848,0.7002012072434608,0.6498993963782697,0.920523138832998
2020,86681,DOIS IRMÃOS DAS MISSÕES,23,0.5661965033547353,0.004856579688148687,0.7519050068787132,3.5180425303484574e-05,0.8174603174603174,1.0,0.6825396825396826,0.7625754527162978,0.9919517102615694,0.920523138832998
2020,86690,GARIBALDI,64,0.41232682947186916,0.0007103045649612322,0.30899978838147346,0.012976868733534588,0.5737373737373738,0.9757575757575757,0.7888888888888889,0.48490945674044267,0.31388329979879276,0.22736418511066397
2020,86703,ENGENHO VELHO,16,0.15475317392803029,0.5671421064438593,0.4897345741064717,0.054161765545507314,0.5634920634920635,0.9761904761904762,0.48412698412698413,0.193158953722334,0.6378269617706237,0.23038229376257546
2020,86711,GAURAMA,23,0.366600790513834,0.08532326296408224,0.2688655672163918,0.21478127260846375,0.6666666666666666,0.9920634920634921,0.5079365079365079,0.42655935613682094,0.2575452716297787,0.6680080482897385
2020,86720,GARRUCHOS,19,0.38350157268017937,0.10505308948563172,0.43083008107367826,0.06554884491317371,0.6722222222222222,1.0,0.5277777777777778,0.448692152917505,0.5150905432595574,0.920523138832998
2020,86738,GENERAL CÂMARA,66,0.5831335175593559,2.7789536048489886e-07,0.47623600439471053,6.074044337761433e-05,0.9103313840155945,0.9941520467836258,0.8654970760233919,0.8028169014084507,0.6116700201207244,0.721327967806841
2020,86746,GENTIL,29,-0.36091820740679187,0.05441594172167121,0.06579457693054655,0.7345366330472756,0.3388888888888889,0.9583333333333334,0.6416666666666667,0.01006036217303823,0.0744466800804829,0.0925553319919517
2020,86754,SÃO VICENTE DO SUL,45,0.6662052827894946,5.883881781795269e-07,0.6956596967870756,1.1311706969690539e-07,0.7962962962962963,0.9876543209876543,0.6064814814814814,0.9195171026156942,0.96579476861167,0.4879275653923541
2020,86762,GRAMADO DOS LOUREIROS,26,0.4264239124208407,0.029830150301145178,0.2820112780574594,0.16278085666579672,0.7810457516339868,0.9803921568627451,0.5751633986928104,0.5110663983903421,0.2796780684104628,0.32595573440643866
2020,86770,GETÚLIO VARGAS,56,0.33222702557792166,0.012363811529504852,0.4119706034704421,0.0016063565707546865,0.5756501182033097,1.0,0.7907801418439716,0.3903420523138833,0.47484909456740443,0.920523138832998
2020,86789,GRAMADO XAVIER,62,0.3151656163642274,0.012593711149139736,0.5699007076088418,1.3333541899405312e-06,0.6771488469601676,0.989517819706499,0.60062893081761,0.36217303822937624,0.8048289738430584,0.5573440643863179
2020,86797,GIRUÁ,68,0.6020865049518218,5.596605520931612e-08,0.5643415893884055,5.382574422933404e-07,0.9409888357256777,0.9968102073365231,0.7121212121212122,0.8169014084507042,0.7907444668008048,0.806841046277666
2020,86800,HULHA NEGRA,47,0.24488341828692212,0.09711656491831495,0.39171151905536594,0.006471592546880211,0.6418128654970761,0.9970760233918129,0.5745614035087718,0.2796780684104628,0.43661971830985913,0.8158953722334004
2020,86819,GRAMADO,98,0.6320963916568273,2.947785828098428e-12,0.33918533861055894,0.0006772698099517505,0.8863920099875156,0.9950062421972533,0.8414481897627965,0.869215291750503,0.3641851106639839,0.7525150905432596
2020,86827,INHACORÁ,12,0.49387116017853416,0.10270518334647238,0.25192307692307697,0.42958774399010247,0.7777777777777778,1.0,0.7407407407407408,0.6297786720321932,0.23943661971830985,0.920523138832998
2020,86835,GRAVATAÍ,419,0.43725053206464043,5.40530256487006e-21,0.48396920163942736,6.264517293921743e-26,0.9111031347212252,0.994496290978703,0.7859535774108639,0.5271629778672032,0.6317907444668008,0.738430583501006
2020,86843,ITAPUCA,24,0.15064857097054854,0.48227269862794486,0.3767600117100773,0.06956248666354814,0.5555555555555556,0.9703703703703704,0.7888888888888889,0.18712273641851107,0.4044265593561368,0.16498993963782696
2020,86851,GUAÍBA,345,0.553383764776707,4.531257681059838e-29,0.38864780245409397,6.936594413282484e-14,0.9404591104734576,0.9897776183644189,0.7674856527977045,0.7344064386317908,0.43259557344064387,0.5633802816901409
2020,86860,LAJEADO DO BUGRE,29,0.5797066109755231,0.0009814055782151158,0.5681820986154521,0.0013026549797195025,0.7388888888888888,0.9888888888888889,0.6333333333333333,0.7927565392354124,0.7987927565392354,0.5301810865191147
2020,86878,GUAPORÉ,54,0.1573319459389056,0.25587716616243605,0.2912616275190554,0.03261319558742632,0.5687103594080338,0.9725158562367865,0.5539112050739957,0.19517102615694165,0.2937625754527163,0.19114688128772636
2020,86886,LAGOA DOS TRÊS CANTOS,26,0.22481715083128087,0.2695157885787634,0.09899253510428137,0.6304279163201864,0.4444444444444445,0.9640522875816994,0.6241830065359477,0.25553319919517103,0.09054325955734406,0.1227364185110664
2020,86894,GUARANI DAS MISSÕES,47,0.744026178647742,2.058289338852196e-09,0.6588657448087968,4.77926286897041e-07,0.8596491228070176,0.9590643274853801,0.5730994152046782,0.9818913480885312,0.937625754527163,0.09456740442655935
2020,86908,LINDOLFO COLLOR,65,-0.2011615747481958,0.1080936969352726,0.09047489011646032,0.4735280559540393,0.37103174603174593,0.9751984126984128,0.6418650793650794,0.02012072434607646,0.08249496981891348,0.21730382293762576
2020,86916,HORIZONTINA,71,0.606298781107576,2.101600427736804e-08,0.6405127749554198,1.794287832952373e-09,0.878136200716846,0.9883512544802867,0.674731182795699,0.8229376257545271,0.9154929577464789,0.5100603621730382
2020,86924,LINHA NOVA,20,0.43807551305074344,0.05336851723258363,0.46962276754805526,0.03669150508167289,0.712121212121212,0.9898989898989898,0.6414141414141414,0.5311871227364185,0.5875251509054326,0.56841046277666
2020,86932,CHARQUEADAS,197,0.6091455975123182,2.150272728370439e-21,0.5505899167326667,5.208778814431921e-17,0.9473244147157192,0.989757525083612,0.6975334448160535,0.8309859154929577,0.772635814889336,0.5613682092555332
2020,86940,MANOEL VIANA,42,0.7721395864162227,2.1236473091923582e-09,0.5311321176712547,0.0002957725501281645,0.8821548821548821,0.9865319865319865,0.6582491582491582,0.9899396378269618,0.7344064386317908,0.4597585513078471
2020,86959,HUMAITÁ,35,0.5722507367320339,0.0003283823299123359,0.461149201478124,0.005300852733012654,0.6688034188034189,0.9807692307692306,0.5982905982905983,0.778672032193159,0.5674044265593562,0.33601609657947684
2020,86967,MAQUINÉ,45,-0.003196889051020138,0.9833717408702173,0.29805857387218454,0.04674215095749156,0.6003086419753086,1.0,0.6790123456790123,0.09456740442655935,0.29979879275653926,0.920523138832998
2020,86975,IBIAÇÁ,27,0.16669211001719525,0.4059682157933121,0.3227383863080685,0.10060630968276062,0.654320987654321,0.9814814814814816,0.5864197530864197,0.20724346076458752,0.3420523138832998,0.3641851106639839
2020,86983,MARATÁ,26,0.22869935077436732,0.2611130931323781,0.004141504315683546,0.9839803179049269,0.6895424836601307,0.9934640522875817,0.6241830065359477,0.2595573440643863,0.056338028169014086,0.7012072434607646
2020,86991,IBIRAIARAS,36,0.4191034706869631,0.010952282015204559,0.3671587912987836,0.027610133564302388,0.6460905349794239,0.9897119341563786,0.5823045267489712,0.4969818913480885,0.3963782696177062,0.5593561368209256
2020,87009,MARIANA PIMENTEL,49,-0.19787843579640058,0.1729104650161585,0.2790749118363275,0.05215314933946784,0.42916666666666664,0.9986111111111111,0.6583333333333332,0.022132796780684104,0.2716297786720322,0.8370221327967807
2020,87017,IBIRUBÁ,86,0.5217763468248517,2.5802382819255017e-07,0.5699943591325968,1.0146921092461166e-08,0.8684848484848485,0.9830303030303031,0.8036363636363637,0.6881287726358148,0.806841046277666,0.39436619718309857
2020,87025,MATO CASTELHANO,28,-0.135564749620559,0.4915650034257933,-0.11892668485080324,0.5466716145821887,0.4970760233918129,0.9707602339181286,0.48830409356725146,0.04426559356136821,0.02414486921529175,0.16901408450704225
2020,87033,IGREJINHA,99,0.48832524558741214,2.9358519523482253e-07,0.5799764921873265,3.155589399571103e-10,0.7617283950617284,0.9851851851851852,0.7938271604938272,0.613682092555332,0.8209255533199196,0.4275653923541248
2020,87041,MATO LEITÃO,43,0.0033443391341259304,0.9830190159685158,0.16251063638530305,0.2977859374209801,0.5718954248366013,0.9705882352941176,0.5196078431372549,0.1006036217303823,0.12877263581488935,0.16700201207243462
2020,87050,IJUÍ,128,0.6203947973128481,5.714764220594914e-15,0.5150461869993372,4.966577877309805e-10,0.8654867256637169,0.9941002949852507,0.715339233038348,0.8511066398390342,0.704225352112676,0.7183098591549296
2020,87068,MINAS DO LEÃO,46,0.7353731899795717,5.863195041738057e-09,0.6526543205477101,8.869359433303533e-07,0.9009009009009009,1.0,0.8273273273273273,0.9778672032193159,0.9275653923541247,0.920523138832998
2020,87076,ILÓPOLIS,24,0.3492063574615061,0.09441431219567643,0.28402884663050915,0.17860343954105334,0.6888888888888889,0.9925925925925926,0.5444444444444445,0.4104627766599598,0.2837022132796781,0.6780684104627767
2020,87084,MONTE BELO DO SUL,26,0.30061984950009235,0.13563504233829451,0.44714899161205723,0.022004472585785084,0.6470588235294117,0.9542483660130718,0.7875816993464052,0.3440643863179074,0.5412474849094567,0.07344064386317907
2020,87092,INDEPENDÊNCIA,36,0.27949791316136074,0.09876072944992598,0.09178775375636454,0.5944375125971194,0.654320987654321,0.9979423868312758,0.742798353909465,0.32595573440643866,0.08450704225352113,0.8309859154929577
2020,87106,MORMAÇO,36,-0.08273580052922394,0.6314269624079737,-0.1889667050431935,0.26969398101439224,0.2366255144032922,0.9732510288065843,0.6152263374485597,0.05835010060362173,0.01006036217303823,0.19517102615694165
2020,87114,IRAÍ,38,0.4202287784740783,0.008619392849704324,0.4729901111560438,0.0027092160228372416,0.6819923371647509,0.9693486590038315,0.657088122605364,0.5010060362173038,0.5995975855130785,0.15492957746478872
2020,87122,MORRINHOS DO SUL,22,0.6429378531073447,0.0012494742924957164,0.7848639455782314,1.5233076416666687e-05,0.7948717948717949,0.9914529914529915,0.6367521367521367,0.8853118712273642,0.993963782696177,0.6317907444668008
2020,87130,ITAQUI,92,0.6063103784499504,1.5044997729484143e-10,0.6218348398192582,3.7043143152794e-11,0.7760942760942761,0.9887766554433222,0.6818181818181819,0.8249496981891348,0.8953722334004024,0.5271629778672032
2020,87149,MORRO REUTER,25,0.19010971033538604,0.36270433008074515,0.15249324680053747,0.466795097704699,0.5972222222222221,1.0,0.6006944444444444,0.23340040241448692,0.12072434607645875,0.920523138832998
2020,87157,ITATIBA DO SUL,29,0.6235697024043076,0.0003015314844757977,0.4133976316630704,0.02580925545568681,0.6916666666666667,0.963888888888889,0.6638888888888889,0.8591549295774648,0.482897384305835,0.12072434607645875
2020,87165,MULITERNO,20,0.4807569076904375,0.031892531955770895,0.5285131861661243,0.01658994374357942,0.6515151515151516,0.9494949494949495,0.4191919191919191,0.6016096579476862,0.7283702213279678,0.0482897384305835
2020,87173,IVOTI,39,0.45385979687068273,0.0037070647729804556,0.53367313826616,0.0004675764568765263,0.7814814814814814,0.9962962962962963,0.6555555555555554,0.5573440643863179,0.7404426559356136,0.7927565392354124
2020,87181,NICOLAU VERGUEIRO,22,0.12391594338635978,0.5827203808210413,0.4634354115496718,0.02983595015131077,0.5811965811965811,0.982905982905983,0.5170940170940171,0.1710261569416499,0.5734406438631791,0.3903420523138833
2020,87190,JACUTINGA,32,0.461013801686503,0.007917848883901247,0.6601576509338146,3.938787618495618e-05,0.7946859903381642,0.9806763285024154,0.6618357487922706,0.5714285714285714,0.9396378269617707,0.3319919517102616
2020,87203,NOVA BOA VISTA,27,0.34363583008953646,0.07926178792683418,0.061481813772185326,0.7606401299888869,0.6080246913580247,0.9598765432098765,0.5864197530864197,0.4024144869215292,0.07042253521126761,0.096579476861167
2020,87211,JAGUARÃO,83,0.49907818563620704,1.5673989542131455e-06,0.4408537182905147,3.0298484548162977e-05,0.7665165165165165,0.990990990990991,0.7102102102102101,0.6398390342052314,0.5331991951710262,0.6066398390342053
2020,87220,NOVA PÁDUA,30,0.06572645174017175,0.7300378654561835,-0.0381626416455377,0.8413114529639727,0.6507936507936507,0.9497354497354498,0.7275132275132276,0.13078470824949698,0.04426559356136821,0.05030181086519115
2020,87238,JAGUARI,30,0.14017132137021085,0.4600367778645187,0.2404639750167298,0.2005486507521449,0.5714285714285714,0.9894179894179894,0.6772486772486773,0.18108651911468812,0.22535211267605634,0.5503018108651911
2020,87246,NOVA SANTA RITA,115,0.5650107423977502,4.774554681652705e-11,0.4164479443001816,3.6707548382087927e-06,0.7788461538461539,0.9816433566433567,0.6949300699300699,0.7565392354124748,0.49295774647887325,0.36619718309859156
2020,87254,JÚLIO DE CASTILHOS,78,0.44614849609887364,4.241787918140838e-05,0.514052332319932,1.480842690526188e-06,0.7367706919945726,0.9959294436906377,0.6431478968792402,0.545271629778672,0.7002012072434608,0.7847082494969819
2020,87262,NOVO BARREIRO,39,0.48671088497338677,0.001678372368106127,0.49742017944855654,0.0012740718428324044,0.7185185185185186,0.9666666666666667,0.712962962962963,0.6116700201207244,0.6659959758551308,0.13480885311871227
2020,87270,LAGOA VERMELHA,85,0.6173887974706727,3.1105432438126984e-10,0.6510573356912503,1.521262767218757e-11,0.7923832923832924,0.9975429975429976,0.7045454545454546,0.8450704225352113,0.9235412474849095,0.8229376257545271
2020,87289,NOVO MACHADO,33,-0.03527248609041697,0.8454927233148521,-0.16005713551468986,0.37359415313509825,0.6805555555555556,0.9745370370370371,0.6643518518518519,0.08450704225352113,0.01609657947686117,0.2052313883299799
2020,87297,LAJEADO,117,0.7038376335794135,8.700825915396652e-19,0.49593927058028464,1.3025935307994647e-08,0.8555555555555555,1.0,0.777124183006536,0.9557344064386318,0.6559356136820925,0.920523138832998
2020,87300,NOVO TIRADENTES,24,-0.11399453948420778,0.5958494507357873,-0.06278928403803122,0.7706919068216523,0.5111111111111111,1.0,0.6333333333333333,0.05030181086519115,0.03822937625754527,0.920523138832998
2020,87319,LAVRAS DO SUL,52,0.42260227792161414,0.001802470789942016,0.4073991651359285,0.002721118176544036,0.640826873385013,0.9702842377260982,0.6873385012919897,0.5030181086519114,0.4607645875251509,0.16297786720321933
2020,87327,PARECI NOVO,32,0.31760191572663776,0.07650543321118264,0.2574960888369773,0.15479789417044423,0.5893719806763285,0.9565217391304348,0.47101449275362317,0.3682092555331992,0.24748490945674045,0.08249496981891348
2020,87335,LIBERATO SALZANO,34,0.30094203802615865,0.08372119057078067,0.08465102824181828,0.6340819409864727,0.6222222222222222,0.9866666666666666,0.6333333333333333,0.3460764587525151,0.07847082494969819,0.46277665995975853
2020,87343,PASSO DO SOBRADO,46,0.4810092060809528,0.0007147622773614479,0.4094498382585045,0.004718646195954645,0.6816816816816816,0.9804804804804805,0.6306306306306306,0.6036217303822937,0.4688128772635815,0.3299798792756539
2020,87351,MACHADINHO,40,0.055977853099342,0.7315399504951394,0.09191245578778508,0.5727075500875964,0.4551971326164875,1.0,0.6953405017921147,0.1227364185110664,0.08651911468812877,0.920523138832998
2020,87360,PICADA CAFÉ,38,-0.034145221623019556,0.8387339290650537,0.19907892791735704,0.23750100109876177,0.36973180076628354,0.9885057471264368,0.6666666666666666,0.08651911468812877,0.1790744466800805,0.5191146881287726
2020,87378,MARAU,54,0.7150156520531203,1.2487196094702958e-09,0.5671667496261693,7.760128442065501e-06,0.9259259259259259,0.9901234567901235,0.7111111111111111,0.96579476861167,0.7947686116700201,0.5754527162977867
2020,87386,PINHAL GRANDE,35,-0.16366373964268052,0.347505369303596,0.17900669204631328,0.30352783112733167,0.5876068376068375,0.9786324786324787,0.5961538461538461,0.03219315895372234,0.14688128772635814,0.2776659959758551
2020,87394,MARCELINO RAMOS,30,0.5538119396069291,0.0014983952561531768,0.5198879584454202,0.003233515904524002,0.7460317460317459,0.9735449735449735,0.5740740740740741,0.738430583501006,0.710261569416499,0.1981891348088531
2020,87408,PINHEIRINHO DO VALE,28,0.3873892374558058,0.041677771862570996,0.46016259135748083,0.013742090675808684,0.7719298245614035,1.0,0.6169590643274855,0.4507042253521127,0.5653923541247485,0.920523138832998
2020,87416,MARIANO MORO,18,-0.17648355357934659,0.4835955004850749,0.3991655505461053,0.10080093593143126,0.4691358024691358,0.9753086419753086,0.5925925925925926,0.030181086519114688,0.448692152917505,0.22132796780684105
2020,87424,PONTÃO,43,0.5827447535255313,4.127695067019857e-05,0.49069643948003105,0.0008355979671571589,0.8496732026143791,0.9934640522875816,0.6339869281045751,0.8008048289738431,0.6458752515090543,0.6961770623742455
2020,87432,MATA,31,0.4305303576142348,0.015618915220336977,0.21070797950052228,0.255206914178177,0.6717171717171717,0.9747474747474748,0.7929292929292929,0.5171026156941649,0.193158953722334,0.20824949698189135
2020,87440,PONTE PRETA,29,-0.13670599823082635,0.47948431900458244,0.24832736035850625,0.19397192881956285,0.35833333333333334,0.9944444444444445,0.5833333333333334,0.04225352112676056,0.23340040241448692,0.7344064386317908
2020,87459,MAXIMILIANO DE ALMEIDA,33,0.41639493187979343,0.015935526389200736,0.452461227242077,0.00819880013028774,0.5393518518518519,0.9583333333333333,0.712962962962963,0.49295774647887325,0.5472837022132797,0.08953722334004025
2020,87467,PORTO MAUÁ,27,0.2495802214612865,0.20930689419932752,0.3806879576369703,0.050114033762152975,0.5802469135802468,1.0,0.5709876543209876,0.2917505030181087,0.41851106639839036,0.920523138832998
2020,87475,MIRAGUAÍ,32,0.3895748546236925,0.027524969666448303,-0.005571366105217874,0.975857567322951,0.748792270531401,0.9903381642512078,0.8043478260869565,0.45472837022132795,0.05030181086519115,0.5784708249496981
2020,87483,PORTO VERA CRUZ,13,0.3618798337982822,0.22435623321927642,0.1687845516244154,0.5814807796790096,0.5833333333333333,1.0,0.8194444444444444,0.42052313883299797,0.13883299798792756,0.920523138832998
2020,87491,MONTENEGRO,103,0.6324031336146155,7.77419750189833e-13,0.555773802681682,1.1018795752472689e-09,0.9118279569892473,0.9725806451612904,0.7231182795698925,0.8712273641851107,0.778672032193159,0.193158953722334
2020,87505,PRESIDENTE LUCENA,27,0.16026795426328339,0.4245497770067676,0.22234776383049887,0.264975290036835,0.6111111111111112,0.9907407407407408,0.6944444444444444,0.2012072434607646,0.2052313883299799,0.60261569416499
2020,87513,MOSTARDAS,56,0.41148219143131487,0.0016291333644506112,0.38016330912722124,0.0038513783200449124,0.8498817966903073,0.9952718676122932,0.6796690307328606,0.48088531187122735,0.4164989939637827,0.7625754527162978
2020,87521,QUEVEDOS,32,0.310774901850259,0.08341157956889171,0.16742457750624415,0.3597175502613809,0.5845410628019323,0.963768115942029,0.5917874396135265,0.35412474849094566,0.13682092555331993,0.11670020120724346
2020,87530,MUÇUM,42,0.3681051858819259,0.016462719902894805,0.40276824860117794,0.00818080255196504,0.7643097643097643,0.9966329966329966,0.6380471380471381,0.42857142857142855,0.45271629778672035,0.8018108651911469
2020,87548,RIO DOS ÍNDIOS,27,-0.06168880817068078,0.7598575146091985,0.1469325153374233,0.46457126742622074,0.5092592592592593,0.9691358024691358,0.6512345679012346,0.0744466800804829,0.11267605633802817,0.15191146881287726
2020,87556,NÃO-ME-TOQUE,47,0.7097539470149983,2.324743086304609e-08,0.5086449329903104,0.0002616368042261253,0.8304093567251462,0.9912280701754387,0.736842105263158,0.9617706237424547,0.6901408450704225,0.6187122736418511
2020,87564,SAGRADA FAMÍLIA,20,0.544323865182632,0.013090042994239907,0.344053473929046,0.13744682509424297,0.5656565656565655,0.9191919191919191,0.5606060606060606,0.7243460764587525,0.3722334004024145,0.006036217303822937
2020,87572,NONOAI,50,0.4081758818774171,0.003254914810318203,0.42271432491806926,0.0022267216109671966,0.7750677506775068,0.994579945799458,0.7411924119241192,0.47484909456740443,0.5030181086519114,0.7424547283702213
2020,87580,SALVADOR DAS MISSÕES,19,0.2421052631578947,0.3179747668265345,0.1985559566787004,0.415135421891757,0.5222222222222223,0.9444444444444444,0.5888888888888889,0.2716297786720322,0.1750503018108652,0.035211267605633804
2020,87599,NOVA ARAÇÁ,26,-0.11399545063575997,0.5792431385434093,0.1952687778186704,0.3390943528251226,0.4084967320261438,0.9803921568627451,0.7124183006535947,0.0482897384305835,0.16700201207243462,0.32595573440643866
2020,87602,SANTA CLARA DO SUL,27,0.5205566880657433,0.005374036998827932,0.12950319773055435,0.5197073202021399,0.7037037037037037,0.9814814814814815,0.7129629629629629,0.6841046277665996,0.1006036217303823,0.35412474849094566
2020,87610,NOVA BASSANO,27,0.27594627594627597,0.16354869885770582,0.49954142464078255,0.00797922134215007,0.5246913580246914,0.9938271604938271,0.5679012345679013,0.3199195171026157,0.6720321931589537,0.7142857142857143
2020,87629,SANTA TEREZA,20,0.06657496093405922,0.7803440963361288,0.2860759899107341,0.22142451109579742,0.611111111111111,1.0,0.5505050505050505,0.13279678068410464,0.2857142857142857,0.920523138832998
2020,87637,NOVA BRÉSCIA,27,0.41790133372773536,0.030075367056479587,0.06727829060770661,0.7388140441471965,0.5524691358024691,0.9814814814814815,0.5740740740740741,0.4949698189134809,0.07645875251509054,0.35412474849094566
2020,87645,SANTO ANTÔNIO DO PALMA,23,0.08063319563985931,0.7145631523802488,-0.049024518390325914,0.8242087780631094,0.4523809523809524,1.0,0.6547619047619047,0.14688128772635814,0.04024144869215292,0.920523138832998
2020,87653,NOVA PALMA,28,0.27854111468756926,0.1512049606378686,0.47204655467826767,0.011206571692820102,0.7046783625730995,0.9941520467836258,0.7076023391812866,0.32193158953722334,0.5935613682092555,0.721327967806841
2020,87661,SANTO ANTÔNIO DO PLANALTO,33,0.6596990058793947,2.9649188281047353e-05,0.45506231463309244,0.00779376445343749,0.8402777777777778,0.9675925925925927,0.7129629629629629,0.9054325955734407,0.5492957746478874,0.14084507042253522
2020,87670,NOVA PETRÓPOLIS,81,0.3639561338314889,0.0008376992102727101,0.33668314430433793,0.00211699577698129,0.7415123456790124,0.9737654320987654,0.5733024691358025,0.4225352112676056,0.358148893360161,0.2012072434607646
2020,87688,SANTO EXPEDITO DO SUL,26,0.32026705060646204,0.11069562902184409,0.2515220076318114,0.21516610085039475,0.6013071895424836,0.9607843137254902,0.6993464052287581,0.3722334004024145,0.23742454728370221,0.10261569416498995
2020,87696,NOVA PRATA,82,0.6758821866329238,3.2428940459738717e-12,0.6406404392322399,9.053569218957199e-11,0.8437900128040973,0.9910371318822023,0.7413572343149808,0.9356136820925554,0.9175050301810865,0.6126760563380281
2020,87700,SÃO JOÃO DO POLÊSINE,21,0.45555215484538625,0.037958579738201145,0.41205246702046017,0.06344149379437869,0.7916666666666667,0.9814814814814814,0.5416666666666666,0.5633802816901409,0.4768611670020121,0.34305835010060365
2020,87718,NOVO HAMBURGO,235,0.520586080123374,1.008180488458957e-17,0.4951223390187976,6.146006186050845e-16,0.9709114414996768,0.9945054945054945,0.7800581771170007,0.6861167002012073,0.6519114688128773,0.7404426559356136
2020,87726,SÃO JOSÉ DOS AUSENTES,24,-0.03717536915855482,0.8630773113420926,-0.1530633936872627,0.47519682941982266,0.474074074074074,0.9481481481481482,0.5814814814814815,0.08249496981891348,0.02012072434607646,0.04225352112676056
2020,87734,OSÓRIO,75,0.7062257522524112,1.4656801274476054e-12,0.4091269461798696,0.0002678899183340761,0.8400673400673401,0.9966329966329966,0.8215488215488216,0.959758551307847,0.46680080482897385,0.8018108651911469
2020,87742,SÃO JOSÉ DO INHACORÁ,36,0.42874622475640795,0.009079389985818302,0.5299161831076724,0.0008876389669462224,0.6666666666666666,0.9917695473251029,0.5349794238683128,0.5150905432595574,0.7323943661971831,0.6498993963782697
2020,87750,PAIM FILHO,27,0.007817342902421438,0.9691307761619605,0.184947109362865,0.3557250417106227,0.537037037037037,0.9814814814814815,0.5154320987654322,0.10261569416498995,0.15694164989939638,0.35412474849094566
2020,87769,SÃO JOSÉ DAS MISSÕES,22,0.17194581137381143,0.44418456695340436,0.17868339283577345,0.4262575892557723,0.5897435897435896,0.9487179487179487,0.641025641025641,0.21327967806841047,0.1448692152917505,0.04527162977867203
2020,87777,PALMEIRA DAS MISSÕES,69,0.7765079926293665,4.5067168011816195e-15,0.6713440675734345,3.7131977527398067e-10,0.9024725274725275,0.9793956043956045,0.7520604395604396,0.9959758551307847,0.9496981891348089,0.30784708249496984
2020,87785,SÃO MARTINHO DA SERRA,38,0.6490719728073739,1.0427432706554771e-05,0.6184752191104539,3.4985250430189394e-05,0.7758620689655172,0.9655172413793103,0.6360153256704981,0.8933601609657947,0.8893360160965795,0.1267605633802817
2020,87793,PALMITINHO,57,0.41413589929041655,0.0013623983292755423,0.35423952162935685,0.006861872966972113,0.7060185185185185,0.9803240740740741,0.7106481481481481,0.48893360160965793,0.386317907444668,0.32193158953722334
2020,87807,SÃO PEDRO DA SERRA,23,-0.14286357684680492,0.5155048933109627,0.49876229556309015,0.0154109953385164,0.42857142857142855,0.992063492063492,0.7222222222222222,0.04024144869215292,0.670020120724346,0.6639839034205232
2020,87815,PANAMBI,146,0.4806528579649715,8.248338131706988e-10,0.3347050801017908,3.639741872641352e-05,0.8510699826489301,0.9884326200115674,0.7929438982070561,0.5975855130784709,0.35412474849094566,0.5171026156941649
2020,87823,SÃO PEDRO DO BUTIÁ,20,0.4356398450499343,0.054862776206452885,0.4954413016343018,0.026330643247814086,0.5909090909090909,0.9393939393939393,0.6414141414141414,0.5251509054325956,0.6539235412474849,0.023138832997987926
2020,87831,PARAÍ,20,0.27857041291520385,0.23431729313138563,0.13810082278413638,0.5614884500113889,0.5808080808080808,1.0,0.5505050505050505,0.323943661971831,0.10865191146881288,0.920523138832998
2020,87840,SÃO VALENTIM DO SUL,20,0.03766250862459922,0.8747390160611608,-0.07688372323493506,0.7473220997970079,0.5252525252525253,0.9393939393939393,0.6616161616161615,0.11670020120724346,0.03420523138832998,0.023138832997987926
2020,87858,PASSO FUNDO,333,0.5856676377954351,4.7635648479329467e-32,0.6149096131283863,5.1276800324000553e-36,0.8751526251526252,0.9882478632478632,0.626449938949939,0.8048289738430584,0.8792756539235412,0.5030181086519114
2020,87866,SÃO VALÉRIO DO SUL,27,0.3426111390255139,0.08022021355252601,0.37888405838917366,0.05130211867326454,0.6820987654320988,0.9537037037037036,0.6388888888888888,0.3983903420523139,0.4104627766599598,0.06841046277665996
2020,87874,PEDRO OSÓRIO,57,0.5456742244664631,1.1343384373816096e-05,0.5799117217464064,2.273733526974451e-06,0.8310185185185185,0.9907407407407408,0.6736111111111112,0.7303822937625755,0.8189134808853119,0.60261569416499
2020,87882,SENTINELA DO SUL,51,0.46850425125564843,0.0005256900717532272,0.2789338166100717,0.04746398367129946,0.7883597883597884,0.9867724867724867,0.6865079365079365,0.5774647887323944,0.26961770623742454,0.4647887323943662
2020,87890,PEJUÇARA,31,0.2464833494625786,0.1813216231077864,0.4257501178589475,0.0169424151564915,0.553030303030303,1.0,0.6414141414141413,0.2857142857142857,0.5070422535211268,0.920523138832998
2020,87904,SÉRIO,25,0.27584540079982706,0.1819799144128122,0.3991416964247319,0.048091025010172976,0.6701388888888888,0.9826388888888888,0.6041666666666666,0.317907444668008,0.44668008048289737,0.3822937625754527
2020,87912,PELOTAS,425,0.6355828796179559,1.793626236748389e-49,0.5941222330845815,8.25571938962168e-42,0.9222065063649222,0.991984912776992,0.7391560584629893,0.8772635814889336,0.8450704225352113,0.6619718309859155
2020,87920,SERTÃO SANTANA,44,0.3884032438273269,0.009177224825761204,0.3816801986214367,0.01057337348918913,0.7523809523809524,0.9904761904761905,0.6634920634920635,0.45271629778672035,0.4245472837022133,0.5835010060362174
2020,87939,PINHEIRO MACHADO,64,0.45048161410314835,0.00018755071521089396,0.4771470773674348,6.708402419730177e-05,0.8818181818181818,0.9858585858585859,0.6303030303030303,0.5513078470824949,0.6156941649899397,0.44064386317907445
2020,87947,SINIMBU,69,0.5431443178192092,1.4211324958241883e-06,0.6013455470100023,4.6547831217058886e-08,0.7851851851851851,0.9777777777777777,0.6046296296296296,0.7183098591549296,0.8551307847082495,0.2535211267605634
2020,87955,PIRATINI,56,0.6055591817579357,7.629145566335417e-07,0.7853341417475529,7.726953434499816e-13,0.8439716312056738,0.9905437352245863,0.7293144208037825,0.8209255533199196,0.9959758551307847,0.5895372233400402
2020,87963,TIRADENTES DO SUL,40,0.25106784685616107,0.11812577866471999,0.4363767326606827,0.0048776154582981165,0.53584229390681,0.992831541218638,0.6487455197132617,0.2977867203219316,0.5231388329979879,0.682092555331992
2020,87971,PLANALTO,38,0.486473270437358,0.00195571050376067,0.5268172971471801,0.0006788875978938576,0.7586206896551723,0.9846743295019158,0.5632183908045977,0.6096579476861167,0.7243460764587525,0.41448692152917505
2020,87980,TRAVESSEIRO,23,0.3556165477225259,0.09584926746928925,0.255617309374018,0.23910865461222422,0.5555555555555556,1.0,0.6388888888888888,0.4164989939637827,0.24346076458752516,0.920523138832998
2020,87998,PORTÃO,106,0.2840396803893397,0.0031703273052866095,0.34275056661160674,0.00032243454086664734,0.7822966507177034,1.0,0.7444976076555024,0.3299798792756539,0.3682092555331992,0.920523138832998
2020,88005,TRÊS FORQUILHAS,27,0.5733272494910988,0.0017709421166300478,0.484186452696917,0.010492328165397805,0.7222222222222222,0.962962962962963,0.5277777777777778,0.7806841046277666,0.6338028169014085,0.10764587525150905
2020,88013,PORTO ALEGRE,852,0.555561252684874,3.658684671688656e-70,0.5701583765004441,1.2945682265127727e-74,0.9500442538126361,0.9959320533769063,0.6890659041394335,0.7424547283702213,0.8088531187122736,0.7867203219315896
2020,88021,TUPANCI DO SUL,19,0.10443177837286349,0.6704935897366758,-0.0004504504504504505,0.998539746311414,0.4888888888888889,0.9611111111111111,0.5055555555555555,0.158953722334004,0.052313883299798795,0.10462776659959759
2020,88030,PORTO LUCENA,24,0.5166413000202983,0.009741765957484575,0.3472654513116941,0.09638577224117872,0.662962962962963,0.9555555555555555,0.5222222222222223,0.6740442655935613,0.3762575452716298,0.08048289738430583
2020,88048,UNIÃO DA SERRA,23,-0.2490164667583146,0.2518755569939352,0.3134508241675543,0.14527503290375807,0.4920634920634921,1.0,0.6468253968253967,0.01609657947686117,0.32193158953722334,0.920523138832998
2020,88056,PORTO XAVIER,30,0.6660358083046891,5.8844943242460295e-05,0.7010167394803736,1.598813163620246e-05,0.8306878306878307,0.9788359788359788,0.6216931216931217,0.9175050301810865,0.9698189134808853,0.2857142857142857
2020,88064,VALE DO SOL,41,0.2945919194968689,0.06152489199092551,-0.04317676342072423,0.7886675096629512,0.5590277777777778,0.9722222222222222,0.6631944444444444,0.3380281690140845,0.04225352112676056,0.18309859154929578
2020,88072,PUTINGA,29,0.25302096177558575,0.18540550291268712,0.04815978490082413,0.8040693285566206,0.5555555555555556,0.9888888888888889,0.7666666666666666,0.29979879275653926,0.06438631790744467,0.5301810865191147
2020,88080,VALE REAL,34,0.18001222493887528,0.3083292880734823,0.5073956493182605,0.0021920640840371263,0.5866666666666667,0.9777777777777779,0.6177777777777778,0.22132796780684105,0.6861167002012073,0.2605633802816901
2020,88099,QUARAÍ,106,0.494495665797461,7.141214884511403e-08,0.4649888438283917,5.121693154453646e-07,0.7722488038277512,0.9894736842105263,0.7401913875598086,0.6338028169014085,0.579476861167002,0.5553319919517102
2020,88102,VILA NOVA DO SUL,30,0.7334326678646181,4.012543149604103e-06,0.7329040676815474,6.14524097521127e-06,0.8835978835978836,1.0,0.5899470899470899,0.9738430583501007,0.9879275653923542,0.920523138832998
2020,88110,REDENTORA,58,0.47981538923768263,0.00013829383142709598,0.5942943490385362,8.728385090746515e-07,0.8015873015873016,0.9852607709750567,0.7777777777777778,0.5935613682092555,0.8470824949698189,0.43259557344064387
2020,88129,VITÓRIA DAS MISSÕES,17,0.24800117397283294,0.3371773455763873,0.4316320957718725,0.08362403302232387,0.701388888888889,0.9583333333333333,0.8125,0.289738430583501,0.5191146881287726,0.08953722334004025
2020,88137,RESTINGA SÊCA,50,0.5677221072511541,1.7099461021626717e-05,0.34403549788428994,0.014430824512575144,0.7154471544715447,0.991869918699187,0.6978319783197832,0.772635814889336,0.3702213279678068,0.6539235412474849
2020,88145,XANGRI-LÁ,71,0.5576336524041464,4.379989954788681e-07,0.5596617015469925,3.896436935698712e-07,0.7473118279569892,0.9883512544802867,0.6514336917562724,0.7484909456740443,0.7847082494969819,0.5100603621730382
2020,88153,RIO GRANDE,405,0.5361483742873802,1.6172695314158696e-31,0.48961420106405146,8.35146716281609e-26,0.9325396825396826,0.9957837301587301,0.7759176587301587,0.710261569416499,0.635814889336016,0.778672032193159
2020,88161,BOA VISTA DO SUL,18,-0.37390874358383597,0.12637771358257407,-0.2760996678104768,0.26741772784504003,0.30864197530864196,1.0,0.5864197530864198,0.008048289738430584,0.004024144869215292,0.920523138832998
2020,88170,RIO PARDO,163,0.576926993929751,7.617458962905476e-16,0.5728516830170809,1.3473054831770941e-15,0.8723076923076923,0.9856410256410256,0.7253846153846154,0.7887323943661971,0.8108651911468813,0.4386317907444668
2020,88188,DILERMANDO DE AGUIAR,49,0.6675748244943556,1.6123863338724938e-07,0.6333794817559008,1.0379500744164243e-06,0.7611111111111111,0.9791666666666666,0.6541666666666667,0.9215291750503019,0.9054325955734407,0.2987927565392354
2020,88196,ROCA SALES,45,0.24612360594430574,0.10315084016727864,0.20413975155093964,0.17859620876512664,0.5787037037037037,0.9984567901234568,0.7222222222222222,0.2837022132796781,0.18712273641851107,0.8329979879275654
2020,88200,CAPIVARI DO SUL,30,0.7656354518591466,8.238555976057942e-07,0.734509326895386,3.819625033042541e-06,0.8835978835978836,0.9894179894179893,0.6666666666666667,0.9859154929577465,0.9899396378269618,0.545271629778672
2020,88218,RODEIO BONITO,30,0.32298011408954447,0.0817068116387725,0.19130663638860979,0.3112043088771562,0.5793650793650793,0.9894179894179894,0.5264550264550265,0.38028169014084506,0.16297786720321933,0.5503018108651911
2020,88226,NOVA CANDELÁRIA,27,0.059534368909612584,0.7680142947383894,0.13733894539058303,0.4945348529707557,0.5740740740740741,0.9907407407407407,0.5895061728395061,0.1267605633802817,0.10663983903420524,0.596579476861167
2020,88234,ROLANTE,98,0.48047694930369583,5.528539118361047e-07,0.4898726369061152,3.0637592794675135e-07,0.7265917602996255,0.9825218476903871,0.7915106117353309,0.5955734406438632,0.6398390342052314,0.38028169014084506
2020,88242,FLORIANO PEIXOTO,29,0.07597435557009968,0.6952764285578018,0.48127089476280394,0.008214216505621985,0.47777777777777775,0.9666666666666667,0.6611111111111111,0.13883299798792756,0.6277665995975855,0.13480885311871227
2020,88250,RONDA ALTA,35,0.5440519700384197,0.0007293680133281667,0.47368141625509175,0.004049636065674609,0.7350427350427351,0.9914529914529915,0.6602564102564102,0.7223340040241448,0.6016096579476862,0.6317907444668008
2020,88269,CHUVISCA,40,0.6885615118988082,9.053240166364741e-07,0.6580616401347104,3.936359306722807e-06,0.8817204301075269,0.992831541218638,0.7096774193548387,0.9476861167002012,0.9356136820925554,0.682092555331992
2020,88277,RONDINHA,22,0.4724498634498626,0.026399627397583385,0.33984175701984404,0.12176003810640128,0.6367521367521367,0.9444444444444444,0.6709401709401709,0.579476861167002,0.36619718309859156,0.035211267605633804
2020,88285,ESPERANÇA DO SUL,22,0.4739760677385579,0.025850402361495693,0.40494796001136574,0.061552533602582594,0.6666666666666667,0.982905982905983,0.6452991452991453,0.5835010060362174,0.4567404426559356,0.3903420523138833
2020,88293,ROQUE GONZALES,21,0.18122768088003702,0.43176247428559156,0.42110603451599654,0.057291371396180374,0.625,0.9907407407407407,0.611111111111111,0.22334004024144868,0.5010060362173038,0.596579476861167
2020,88307,DOUTOR RICARDO,29,0.16784229330701103,0.3841377094241666,0.20842381439136534,0.27792335871281465,0.4861111111111111,0.9944444444444444,0.5777777777777777,0.20925553319919518,0.19114688128772636,0.7293762575452716
2020,88315,ROSÁRIO DO SUL,149,0.5685538294561029,3.919055673442002e-14,0.4571639462522182,4.603349294855178e-09,0.8399321266968326,0.987839366515837,0.7497171945701357,0.7746478873239436,0.5553319919517102,0.4909456740442656
2020,88323,HERVEIRAS,30,-0.07730011478030102,0.6847366471941297,0.011386471329399708,0.952380209976121,0.5238095238095238,0.9417989417989419,0.49206349206349204,0.06237424547283702,0.05835010060362173,0.030181086519114688
2020,88331,SALVADOR DO SUL,27,-0.0027485115114641596,0.989144414284524,0.16600184887027286,0.4079426025976506,0.5401234567901234,0.9691358024691358,0.6141975308641975,0.096579476861167,0.13279678068410464,0.15191146881287726
2020,88340,CARAÁ,49,0.05870946344370114,0.6886388117245139,0.23113255749086276,0.11006941966389916,0.6638888888888889,0.9930555555555556,0.6055555555555556,0.12474849094567404,0.2112676056338028,0.6901408450704225
2020,88358,SANANDUVA,43,0.21831225237385055,0.15960090579531455,0.3115388005226874,0.04199005006439852,0.5130718954248366,0.9542483660130718,0.6388888888888888,0.2515090543259557,0.317907444668008,0.07344064386317907
2020,88366,FAZENDA VILANOVA,43,0.505944724125104,0.0005377770726057463,0.6243474760140499,7.671523278185485e-06,0.838235294117647,0.9934640522875817,0.7026143790849673,0.6519114688128773,0.9014084507042254,0.7012072434607646
2020,88374,SANTA BÁRBARA DO SUL,32,0.12396846606785042,0.49904971967405676,0.4647874411292024,0.007358772424719219,0.4806763285024155,0.9806763285024155,0.6618357487922706,0.17303822937625754,0.5774647887323944,0.33400402414486924
2020,88382,ITAARA,51,0.5777217918534322,9.040285471577138e-06,0.3006730797471075,0.03204217948480125,0.708994708994709,0.9325396825396826,0.7552910052910052,0.7907444668008048,0.3038229376257545,0.014084507042253521
2020,88390,SANTA CRUZ DO SUL,255,0.46663700828352994,3.4139827690263964e-15,0.4564392607845365,1.7834106986833732e-14,0.8388531883341571,0.9938210578348986,0.6841324765200197,0.5754527162977867,0.5533199195171026,0.7122736418511066
2020,88404,ESTRELA VELHA,34,0.4398991957355296,0.009232248847016964,0.5441447220743753,0.0008790267095597507,0.7333333333333333,0.96,0.5444444444444444,0.5352112676056338,0.7605633802816901,0.09859154929577464
2020,88412,SANTA MARIA,343,0.5735809960578122,2.142043420103953e-31,0.5837232368768891,1.038961867273799e-32,0.940550133096717,0.9886128364389234,0.7030464359656906,0.7826961770623743,0.8229376257545271,0.5251509054325956
2020,88420,BENJAMIN CONSTANT DO SUL,28,0.07092779719859582,0.7198528756188906,0.18402784141174036,0.34853892872707626,0.48538011695906436,0.9415204678362573,0.6491228070175439,0.13682092555331993,0.15492957746478872,0.028169014084507043
2020,88439,SANTANA DA BOA VISTA,62,0.7003438288840667,2.3634107491292685e-10,0.6908267506462095,5.168278727420464e-10,0.819706498951782,0.9979035639412999,0.6551362683438156,0.9517102615694165,0.9637826961770624,0.8289738430583501
2020,88447,MAÇAMBARÁ,27,0.641319292863513,0.00031232493422835554,0.6961190448522092,5.5229100490914095e-05,0.6975308641975309,0.9876543209876543,0.6049382716049383,0.8832997987927566,0.9678068410462777,0.4879275653923541
2020,88455,SANT'ANA DO LIVRAMENTO,196,0.6726507935630742,3.57647993227777e-27,0.5930124197821314,6.610761459665112e-20,0.8639500492934604,0.9891554387117976,0.6922444955635885,0.9295774647887324,0.8430583501006036,0.5352112676056338
2020,88463,DOM PEDRO DE ALCÂNTARA,23,0.6383189317434408,0.0010469484204989625,0.5490931409660986,0.006656327178801234,0.8888888888888888,0.9841269841269842,0.6865079365079365,0.8812877263581489,0.7706237424547284,0.40543259557344064
2020,88471,SANTA ROSA,177,0.5286986670963504,3.9109231025019086e-14,0.6096264185773786,2.15607592474564e-19,0.8430041152263374,0.9845679012345678,0.7211934156378601,0.7022132796780685,0.8752515090543259,0.4104627766599598
2020,88480,UNISTALDA,16,0.49003810142789933,0.05399022223794156,0.4615468616041927,0.0719200623858268,0.6825396825396826,0.9682539682539683,0.8095238095238095,0.6197183098591549,0.5714285714285714,0.14386317907444668
2020,88498,SANTA VITÓRIA DO PALMAR,109,0.6225748835684303,4.92444878454002e-13,0.6180649516831258,8.066681810566702e-13,0.7451923076923077,0.9891826923076923,0.6778846153846154,0.8571428571428571,0.8853118712273642,0.5372233400402414
2020,88501,TURUÇU,48,0.48066532196398704,0.0005443846057378445,0.5697662142905108,2.369898186989452e-05,0.7749287749287749,1.0,0.6282051282051282,0.5995975855130785,0.8028169014084507,0.920523138832998
2020,88510,SANTIAGO,79,0.6130943062001944,1.8999954892306315e-09,0.3292858520506446,0.0030443909245701306,0.7855477855477856,0.9696969696969696,0.8094405594405594,0.8370221327967807,0.34808853118712274,0.15694164989939638
2020,88528,CRISTAL DO SUL,36,0.3366803365549395,0.0446607197939648,0.618305709005381,5.8510939199345656e-05,0.6296296296296297,0.9958847736625513,0.5576131687242799,0.39436619718309857,0.8873239436619719,0.7806841046277666
2020,88536,SANTO ÂNGELO,161,0.5033004431062493,1.0132236302877978e-11,0.46790385763363534,3.889815407523416e-10,0.8073059360730594,0.9885844748858448,0.734703196347032,0.647887323943662,0.5835010060362174,0.5211267605633803
2020,88544,MUITOS CAPÕES,28,0.20066755357293511,0.3058901537713245,0.2364407490352342,0.22576032050036607,0.6549707602339181,0.9883040935672516,0.5409356725146199,0.24346076458752516,0.2152917505030181,0.5070422535211268
2020,88552,SANTO ANTÔNIO DA PATRULHA,94,0.5667483199855498,2.6074399887171785e-09,0.46521750505244314,2.3092513031751585e-06,0.8461538461538461,0.9990503323836657,0.7739791073124407,0.7665995975855131,0.5814889336016097,0.8390342052313883
2020,88560,NOVA RAMADA,18,-0.0855816496101822,0.735630255772734,-0.16851932852283444,0.5038497462582637,0.308641975308642,0.9382716049382716,0.7407407407407407,0.05432595573440644,0.012072434607645875,0.02012072434607646
2020,88579,SANTO ANTÔNIO DAS MISSÕES,29,0.6573012988908389,0.00010709395328464412,0.49003589928552505,0.0069659759682578985,0.788888888888889,0.9777777777777777,0.5638888888888889,0.903420523138833,0.641851106639839,0.2535211267605634
2020,88587,JARI,33,-0.05421044454229238,0.7644609297510647,0.038578088845247265,0.8312112757089353,0.47453703703703703,0.9814814814814815,0.5277777777777777,0.07847082494969819,0.06237424547283702,0.35412474849094566
2020,88595,SANTO AUGUSTO,50,0.3508995390656007,0.012472549379988221,0.5108884231433345,0.00015003439568103322,0.7425474254742548,0.975609756097561,0.516260162601626,0.41448692152917505,0.6921529175050302,0.22334004024144868
2020,88609,UBIRETAMA,30,-0.02675288382311653,0.8883991973339154,-0.013842157644132087,0.942125724055524,0.45502645502645506,0.955026455026455,0.5740740740740741,0.08853118712273642,0.0482897384305835,0.07847082494969819
2020,88617,SANTO CRISTO,28,0.5535176567205038,0.002246818758400771,0.5991225890153826,0.0007549578744123302,0.7192982456140351,0.9912280701754387,0.5526315789473685,0.7364185110663984,0.8531187122736419,0.6187122736418511
2020,88625,BARRA DO QUARAÍ,51,0.36887340538888935,0.007730301442231194,0.2387129505131891,0.09160834151575066,0.6441798941798942,0.9920634920634921,0.5965608465608466,0.4305835010060362,0.2193158953722334,0.6680080482897385
2020,88633,SÃO BORJA,129,0.6652463748544619,8.053741707819848e-18,0.5606998987006109,5.863197018376922e-12,0.9619883040935673,0.9953216374269006,0.8140350877192982,0.9154929577464789,0.7867203219315896,0.7645875251509054
2020,88641,CERRITO,51,0.3165466389245162,0.02362987405938931,0.4747921428569502,0.0004310816189817809,0.7275132275132274,0.9788359788359788,0.6216931216931217,0.3641851106639839,0.607645875251509,0.2857142857142857
2020,88650,SÃO FRANCISCO DE ASSIS,43,0.2722192856603489,0.0773991409148466,0.20444159096048414,0.18849347781754328,0.5909090909090908,0.9971590909090909,0.5511363636363636,0.3118712273641851,0.1891348088531187,0.8189134808853119
2020,88668,VALE VERDE,32,0.2428365595730377,0.1805104948198068,0.32231192053772123,0.07200478815264093,0.5507246376811594,0.9855072463768115,0.6884057971014493,0.27364185110663986,0.33601609657947684,0.43661971830985913
2020,88676,SÃO FRANCISCO DE PAULA,98,0.47482491754858924,7.819549394741494e-07,0.5124421870648244,8.062809582764463e-08,0.7166042446941323,0.9950062421972534,0.6997503121098626,0.5875251509054326,0.6961770623742455,0.7545271629778671
2020,88684,NOVO CABRAIS,42,0.41025745016487297,0.006965960036663117,0.6205087625871635,1.167547001247415e-05,0.7962962962962963,1.0,0.5841750841750841,0.4788732394366197,0.8913480885311871,0.920523138832998
2020,88692,SÃO GABRIEL,178,0.6618347950422765,8.507781028416297e-24,0.6540156750751788,4.248393669530496e-23,0.8349693251533742,0.9881390593047035,0.7443762781186095,0.9074446680080482,0.93158953722334,0.49899396378269617
2020,88706,SETE DE SETEMBRO,34,-0.08360869014105572,0.6382781673616863,0.21549940759230174,0.22094854788595955,0.5844444444444444,0.98,0.5622222222222222,0.056338028169014086,0.19919517102615694,0.317907444668008
2020,88714,SÃO JERÔNIMO,98,0.60995568433265,2.616524297349033e-11,0.6371857310021258,1.7405874471017398e-12,0.786833855799373,0.974921630094044,0.6718913270637409,0.8329979879275654,0.9114688128772636,0.2112676056338028
2020,88722,TABAÍ,55,0.6318652595152052,2.297509559062054e-07,0.6270282682061801,3.02266842723045e-07,0.8272946859903382,0.963768115942029,0.6400966183574879,0.8672032193158954,0.903420523138833,0.11670020120724346
2020,88730,SÃO JOSÉ DO NORTE,80,0.7055672133938509,2.7163772389371347e-13,0.7082271491708347,2.8776721336751107e-13,0.9264475743348983,0.9812206572769954,0.6752738654147106,0.9577464788732394,0.9738430583501007,0.34004024144869216
2020,88749,VILA LÂNGARO,16,0.07680978864508348,0.7773807823970057,0.24112531566578255,0.3683113264129091,0.46031746031746035,0.9841269841269842,0.5476190476190477,0.14084507042253522,0.22937625754527163,0.40543259557344064
2020,88757,SÃO JOSÉ DO OURO,47,-0.015415317214978476,0.9180880866595578,0.21595802618660637,0.1448589320108458,0.45321637426900585,0.9312865497076023,0.695906432748538,0.0925553319919517,0.2012072434607646,0.012072434607645875
2020,88765,SENADOR SALGADO FILHO,33,0.4026031703041131,0.020185723815339555,0.2690693571434846,0.12998319090617788,0.6087962962962963,0.9953703703703705,0.6064814814814816,0.4688128772635815,0.2595573440643863,0.7696177062374245
2020,88773,SÃO LEOPOLDO,242,0.6299720932752446,3.62353355065519e-28,0.6389091592124105,3.66388048043735e-29,0.9442391669465906,0.9892509237487404,0.7393349009069533,0.8631790744466801,0.9134808853118712,0.5392354124748491
2020,88781,VESPASIANO CORRÊA,26,0.4263022252268559,0.029881947595230732,0.4472957116549256,0.021955724713511808,0.696078431372549,0.9803921568627451,0.630718954248366,0.5070422535211268,0.5432595573440644,0.32595573440643866
2020,88790,SÃO LOURENÇO DO SUL,95,0.6802944645072015,3.388290448113818e-14,0.5202658013236822,6.524288922582999e-08,0.7754329004329004,0.9837662337662337,0.6498917748917749,0.9396378269617707,0.7122736418511066,0.4024144869215292
2020,88803,MONTE ALEGRE DOS CAMPOS,31,-0.06052048102041351,0.7463823906976025,0.14922959817880255,0.4229970639521382,0.601010101010101,0.9545454545454546,0.6818181818181819,0.07645875251509054,0.11468812877263582,0.07645875251509054
2020,88811,SÃO LUIZ GONZAGA,72,0.643896571608711,1.0511170739482542e-09,0.6160469918579576,8.403848826790898e-09,0.8396349413298566,0.9960886571056062,0.5508474576271186,0.8893360160965795,0.8832997987927566,0.7887323943661971
2020,88820,MARQUES DE SOUZA,27,0.2912401472674658,0.14051169822255727,0.5416922133660331,0.003519487095342277,0.5586419753086419,0.9506172839506173,0.5339506172839505,0.33601609657947684,0.7545271629778671,0.05533199195171026
2020,88838,SÃO MARCOS,66,0.6309047839709728,1.3610758945201565e-08,0.5741094883434313,4.659119271640905e-07,0.8440545808966862,0.9951267056530214,0.695906432748538,0.8651911468812877,0.8128772635814889,0.7565392354124748
2020,88846,CHUÍ,29,0.6009625018155823,0.00056588887202547,0.810030039735739,1.01671130110475e-07,0.7888888888888889,0.9944444444444444,0.5861111111111111,0.8148893360160966,1.0,0.7293762575452716
2020,88854,SÃO MARTINHO,28,0.23730669443524186,0.22401528716328098,0.10857461024498885,0.5823473143584981,0.5847953216374269,0.9883040935672515,0.7894736842105263,0.2676056338028169,0.0925553319919517,0.5050301810865191
2020,88862,ARARICÁ,87,0.45691942767100785,8.642110174967392e-06,0.3516308445048439,0.000838733623478326,0.811965811965812,0.9850427350427351,0.7386039886039886,0.5653923541247485,0.38028169014084506,0.4225352112676056
2020,88870,SÃO NICOLAU,26,0.7987752685046012,9.99411715004145e-07,0.542825964257908,0.004165579720504096,0.869281045751634,0.9477124183006536,0.7091503267973855,1.0,0.7565392354124748,0.04024144869215292
2020,88889,PASSA SETE,35,0.49674210168860516,0.002402126909158549,0.26435490924560306,0.12488395080709838,0.7286324786324786,1.0,0.688034188034188,0.6378269617706237,0.2535211267605634,0.920523138832998
2020,88897,SÃO PAULO DAS MISSÕES,26,0.011500253638598126,0.9555348324434997,0.13621870144966192,0.5069943066465502,0.5261437908496731,0.9771241830065359,0.630718954248366,0.10462776659959759,0.10261569416498995,0.24748490945674045
2020,88900,TOROPI,32,0.34309056775769387,0.05455490115564227,0.6359454509220834,9.166081603391159e-05,0.71256038647343,0.9710144927536232,0.644927536231884,0.40040241448692154,0.9094567404426559,0.17303822937625754
2020,88919,SÃO PEDRO DO SUL,75,0.4887992266635925,8.608449019048476e-06,0.6775670522788572,2.4553506462518278e-11,0.7400568181818182,0.9872159090909091,0.6413352272727273,0.6156941649899397,0.9557344064386318,0.48088531187122735
2020,88927,BALNEÁRIO PINHAL,91,0.5816734542809658,1.4811302819596418e-09,0.496391419384413,5.614354223623531e-07,0.8997289972899729,0.9905149051490514,0.7228997289972899,0.7987927565392354,0.6599597585513078,0.5875251509054326
2020,88935,SÃO SEBASTIÃO DO CAÍ,83,0.41179254781314123,0.00010982241314351675,0.47699325763879885,5.139859332586391e-06,0.7484984984984985,0.9827327327327328,0.7987987987987988,0.482897384305835,0.613682092555332,0.386317907444668
2020,88943,MAMPITUBA,25,0.4192803618123325,0.03694998489462061,0.4141003370332533,0.03959715376223099,0.6840277777777778,0.9930555555555556,0.5277777777777778,0.49899396378269617,0.4869215291750503,0.6901408450704225
2020,88951,SÃO SEPÉ,57,0.7319730261849677,9.856060420942576e-11,0.7195411110849789,2.858512499641097e-10,0.8942687747035574,0.9881422924901185,0.6709486166007905,0.971830985915493,0.9798792756539235,0.5010060362173038
2020,88978,SÃO VALENTIM,33,0.15895978424736895,0.3769220511273739,0.21186012359967232,0.23656720245552382,0.5625,0.951388888888889,0.6712962962962962,0.19919517102615694,0.19517102615694165,0.06237424547283702
2020,88986,ACEGUÁ,61,0.26700061785251966,0.037513834250527456,0.18394964314311826,0.15586618079537765,0.5758547008547008,0.9786324786324786,0.7008547008547008,0.30985915492957744,0.1529175050301811,0.272635814889336
2020,88994,SAPIRANGA,157,0.5622619605676483,1.821265884068398e-14,0.3285395955903612,2.658482015630018e-05,0.8244084682440846,0.9919053549190536,0.822851805728518,0.7545271629778671,0.3460764587525151,0.6579476861167002
2020,89001,ALMIRANTE TAMANDARÉ DO SUL,25,0.08006160955861157,0.7036296555597501,-0.0824462953315578,0.6952097417702346,0.4513888888888889,0.96875,0.5729166666666666,0.1448692152917505,0.030181086519114688,0.1488933601609658
2020,89010,SAPUCAIA DO SUL,232,0.5432402544871965,3.2749635095032386e-19,0.5002754877904614,4.2623364145533873e-16,0.9201974496092142,0.995475113122172,0.7758124228712464,0.7203219315895373,0.676056338028169,0.7746478873239436
2020,89028,ARROIO DO PADRE,35,0.09128296072506621,0.6020076743125877,0.21975491834730462,0.20463905333028126,0.5512820512820512,0.9871794871794872,0.7692307692307693,0.15492957746478872,0.20321931589537223,0.4778672032193159
2020,89036,SARANDI,68,0.7685119798800624,2.0001149137201792e-14,0.8090695371254094,6.984482494762809e-17,0.9059011164274322,0.996810207336523,0.7687400318979266,0.9879275653923542,0.9979879275653923,0.8048289738430584
2020,89044,BOA VISTA DO CADEADO,33,0.2724460350309535,0.1250495464026098,0.3105618232302932,0.07857056549554832,0.5532407407407408,0.9814814814814815,0.5856481481481481,0.31388329979879276,0.3158953722334004,0.35412474849094566
2020,89052,SEBERI,35,0.197184085177921,0.2562155225046052,0.5793801405832547,0.00026529174521365377,0.7222222222222222,0.9871794871794871,0.6239316239316239,0.2414486921529175,0.8169014084507042,0.47484909456740443
2020,89060,BOA VISTA DO INCRA,26,0.4350949268354167,0.026320928557814247,0.49623290581212,0.009926408595013743,0.6895424836601307,1.0,0.6339869281045751,0.5231388329979879,0.6579476861167002,0.920523138832998
2020,89079,SELBACH,31,0.16113088082941696,0.38651755496282764,0.15344189105034986,0.40987287718862825,0.47727272727272724,0.9898989898989898,0.5479797979797979,0.20321931589537223,0.1227364185110664,0.56841046277666
2020,89087,BOZANO,21,0.08249432068732866,0.7222188525747494,0.05665907171112253,0.8072763974761978,0.5324074074074074,1.0,0.5462962962962962,0.1488933601609658,0.06841046277665996,0.920523138832998
2020,89095,SERAFINA CORRÊA,36,0.1513675984476879,0.37818432312974526,0.22503049406337083,0.18699158453962564,0.6090534979423868,1.0,0.7037037037037037,0.1891348088531187,0.20724346076458752,0.920523138832998
2020,89109,CANUDOS DO VALE,40,0.13528018337802877,0.4052439927146742,-0.07695017714337982,0.6369667556662513,0.48028673835125446,0.9802867383512545,0.6702508960573477,0.1790744466800805,0.03219315895372234,0.3199195171026157
2020,89117,SERTÃO,36,0.5400360497889162,0.000674919591964086,0.5298671139207843,0.0008888005058666268,0.6604938271604939,0.9958847736625515,0.654320987654321,0.7122736418511066,0.7303822937625755,0.7826961770623743
2020,89125,CAPÃO BONITO DO SUL,28,0.7185364581208236,1.658953613682664e-05,0.623757762861897,0.0003902393928123747,0.8304093567251462,0.9853801169590644,0.6169590643274854,0.9698189134808853,0.8993963782696177,0.4346076458752515
2020,89133,SEVERIANO DE ALMEIDA,20,-0.5071721223987032,0.022462555330246176,0.417213462181419,0.06722078384393443,0.29292929292929293,0.9898989898989898,0.8484848484848485,0.002012072434607646,0.4949698189134809,0.56841046277666
2020,89141,CAPÃO DO CIPÓ,33,0.3061548796792968,0.08313189152717884,0.1988079431114223,0.26736745437006704,0.6898148148148148,0.9861111111111112,0.662037037037037,0.3501006036217304,0.17706237424547283,0.4507042253521127
2020,89150,CAPÃO DA CANOA,149,0.6742353656748155,4.3077829179951945e-21,0.5912851799320517,2.0340361943958108e-15,0.9166666666666667,0.9953886693017128,0.7822793148880106,0.93158953722334,0.8390342052313883,0.772635814889336
2020,89168,COQUEIRO BAIXO,21,0.30009776764150703,0.18626093664619453,0.06186579709503611,0.7899313966712882,0.6898148148148148,0.9722222222222222,0.5416666666666667,0.3420523138832998,0.07243460764587525,0.18309859154929578
2020,89176,SOBRADINHO,56,0.48506187301436005,0.00015136841802454226,0.281252684574088,0.03574437335776968,0.8167848699763594,0.9787234042553192,0.7056737588652482,0.6056338028169014,0.2776659959758551,0.2796780684104628
2020,89184,CORONEL PILAR,24,0.28627518920910977,0.17504403720463396,0.26359773356411415,0.2132871513036376,0.611111111111111,0.9851851851851852,0.45555555555555555,0.3319919517102616,0.2515090543259557,0.4275653923541248
2020,89192,SOLEDADE,107,0.5657276068833308,2.160639473093469e-10,0.5236801717437105,7.123490959529583e-09,0.7389525368248772,0.9922258592471358,0.6342062193126023,0.7605633802816901,0.716297786720322,0.6740442655935613
2020,89206,CRUZALTENSE,19,-0.1434864158354594,0.5578566835297065,0.19199098513139953,0.431034628565116,0.43333333333333335,1.0,0.7333333333333333,0.03822937625754527,0.16498993963782696,0.920523138832998
2020,89214,TAPEJARA,66,0.5754577148702532,4.317186151904089e-07,0.5329269323299188,4.094570941599761e-06,0.806611570247934,0.9834710743801652,0.6603305785123966,0.7867203219315896,0.7364185110663984,0.40040241448692154
2020,89222,FORQUETINHA,25,0.17555416207847924,0.401256281079593,0.1728030294059894,0.408791715483727,0.6597222222222222,0.9965277777777778,0.625,0.2152917505030181,0.14285714285714285,0.7977867203219315
2020,89230,TAPERA,40,0.39231643076575784,0.012285637740362532,0.512954626014065,0.000713055812428442,0.7670250896057347,0.992831541218638,0.5842293906810035,0.45875251509054327,0.6981891348088531,0.682092555331992
2020,89247,SANTA CECÍLIA DO SUL,33,0.5703324489044794,0.0005295964011243186,0.38589155089981664,0.026554197864749177,0.7013888888888888,0.9768518518518519,0.6180555555555556,0.7766599597585513,0.42857142857142855,0.24044265593561368
2020,89249,ITATI,34,0.25026746433208397,0.15342230345357172,0.4719583261047882,0.004832146796424235,0.7111111111111111,1.0,0.5,0.29577464788732394,0.5915492957746479,0.920523138832998
2020,89257,TAPES,87,0.4263909333006642,3.822152343948884e-05,0.4311189060844266,3.064212083190858e-05,0.8839031339031338,0.9750712250712251,0.7571225071225072,0.5090543259557344,0.5171026156941649,0.2152917505030181
2020,89265,JACUIZINHO,30,0.3811369617758626,0.037705565065951255,0.5416212869827719,0.001993757517006258,0.6058201058201058,0.9523809523809523,0.5476190476190476,0.44466800804828976,0.7525150905432596,0.06438631790744467
2020,89273,TAQUARA,165,0.5567109416423324,8.200018752931622e-15,0.5262792918765163,4.574065807174849e-13,0.7713333333333333,0.9871111111111112,0.7042222222222222,0.744466800804829,0.7223340040241448,0.47283702213279677
2020,89281,LAGOA BONITA DO SUL,38,0.4455018592516512,0.005063363588323795,0.4280694448914668,0.007338774066271105,0.685823754789272,0.9808429118773946,0.557471264367816,0.5432595573440644,0.5110663983903421,0.3380281690140845
2020,89290,TAQUARI,73,0.5021136106558831,6.010056126693859e-06,0.6775359503534985,4.6135004720180626e-11,0.7604166666666667,0.9878472222222222,0.7907986111111112,0.641851106639839,0.9537223340040242,0.4939637826961771
2020,89303,MATO QUEIMADO,12,0.1134865944674147,0.7254572649395995,0.39412013276830554,0.20490224937104945,0.5925925925925926,1.0,0.6111111111111112,0.16297786720321933,0.44064386317907445,0.920523138832998
2020,89311,TENENTE PORTELA,51,0.6719026095456955,6.7335311675723e-08,0.671318781869433,6.978970154685844e-08,0.7222222222222222,0.9788359788359787,0.5224867724867724,0.9255533199195171,0.9476861167002012,0.28169014084507044
2020,89320,NOVO XINGU,18,0.6535680847321804,0.0032654070073389395,0.731656184486373,0.0005584139800397053,0.8765432098765432,0.9012345679012346,0.5308641975308642,0.9014084507042254,0.9859154929577465,0.002012072434607646
2020,89338,TORRES,155,0.5135158910268499,8.32883536804372e-12,0.4776618478480389,3.2851049817574714e-10,0.8651137594799566,0.9848320693391116,0.7481040086673889,0.6639839034205232,0.6177062374245473,0.4164989939637827
2020,89346,PAULO BENTO,41,-0.09495020915501524,0.5548469489615763,-0.1567054924103776,0.3342201409321287,0.4461805555555556,0.9878472222222222,0.5399305555555555,0.052313883299798795,0.018108651911468814,0.4939637826961771
2020,89354,TRAMANDAÍ,175,0.5812060033660399,3.3787970299109035e-17,0.4134630773552289,1.424315315234008e-08,0.9254510921177589,0.988366571699905,0.8202754036087371,0.7947686116700201,0.48490945674044267,0.5130784708249497
2020,89362,PINHAL DA SERRA,27,-0.1460431850883375,0.46730837300831596,0.054201250318113535,0.7883079693631576,0.4135802469135802,0.9814814814814815,0.5432098765432098,0.03621730382293763,0.06639839034205232,0.35412474849094566
2020,89370,TRÊS COROAS,95,0.4008291011328137,5.6923546142076276e-05,0.5898232362411446,3.187817807885652e-10,0.7448320413436692,0.9844961240310078,0.6989664082687339,0.4647887323943662,0.8350100603621731,0.4084507042253521
2020,89389,QUATRO IRMÃOS,38,0.32086101542634965,0.049515352252945746,0.15074738584838024,0.36631114592945835,0.5632183908045976,0.9789272030651341,0.5862068965517242,0.37424547283702214,0.11670020120724346,0.2917505030181087
2020,89397,TRÊS DE MAIO,70,0.7589658340550348,2.6843270556027253e-14,0.6053632135075493,2.8322637066776837e-08,0.8906009244992295,0.9938366718027735,0.7519260400616332,0.9839034205231388,0.8672032193158954,0.716297786720322
2020,89400,ROLADOR,25,0.3811972473018037,0.060093489221068504,-0.11479268103689988,0.5847976868624408,0.5972222222222222,0.9722222222222222,0.5173611111111112,0.44668008048289737,0.026156941649899398,0.18309859154929578
2020,89419,TRÊS PASSOS,70,0.5098450843112946,6.53879273096421e-06,0.5367095466076081,1.995548532009818e-06,0.613251155624037,0.9768875192604006,0.6602465331278891,0.6579476861167002,0.7464788732394366,0.24346076458752516
2020,89435,TRIUNFO,108,0.6875421316185503,2.0655178282300933e-16,0.45734375270578687,6.494449314692921e-07,0.866447985004686,0.9962511715089035,0.8355201499531397,0.9456740442655935,0.5573440643863179,0.7907444668008048
2020,89443,SANTA MARGARIDA DO SUL,30,0.14252311228285464,0.4524667168177995,0.3505986084484142,0.057498363928726225,0.6322751322751322,0.962962962962963,0.7275132275132276,0.1851106639839034,0.3782696177062374,0.10764587525150905
2020,89451,TUCUNDUVA,37,0.5200663948909156,0.0009694753812140977,0.3200549815854911,0.05346608420197843,0.7738095238095238,0.9920634920634921,0.623015873015873,0.6800804828973843,0.3299798792756539,0.6680080482897385
2020,89460,SÃO JOSÉ DO SUL,26,-0.17857072402791907,0.38277204195047937,0.344160310828654,0.08513909513268615,0.36274509803921573,0.9934640522875817,0.6470588235294117,0.028169014084507043,0.37424547283702214,0.7012072434607646
2020,89478,TUPANCIRETÃ,84,0.7182978405913624,1.455836924402315e-14,0.49048296760658006,2.5130118816555397e-06,0.8503703703703703,0.9985185185185186,0.7822222222222223,0.9678068410462777,0.6438631790744467,0.8350100603621731
2020,89486,SÃO PEDRO DAS MISSÕES,27,-0.07057578978171389,0.7264840088014273,0.11295534429028284,0.5748243263615703,0.43827160493827155,0.9969135802469136,0.7067901234567902,0.06841046277665996,0.09456740442655935,0.8118712273641852
2020,89494,TUPARENDI,30,0.7108045349856881,1.073959233315818e-05,0.7163912639549114,8.495600822504173e-06,0.7777777777777778,0.9576719576719577,0.6031746031746031,0.9637826961770624,0.9778672032193159,0.08551307847082495
2020,89508,TIO HUGO,31,0.524199854362493,0.00247038040400474,0.2534970454053301,0.16881895260921193,0.7702020202020202,0.994949494949495,0.6641414141414141,0.6921529175050302,0.2414486921529175,0.7505030181086519
2020,89516,URUGUAIANA,138,0.6173720804487498,7.357737185023968e-16,0.31237922728546896,0.0002022062309990434,0.8786685755189692,0.9778095919828204,0.807444523979957,0.8430583501006036,0.3199195171026157,0.2655935613682093
2020,89524,WESTFALIA,27,0.1882232248655312,0.3471160380733528,0.16131031902570825,0.42150350442145007,0.7376543209876543,0.9969135802469136,0.5154320987654321,0.23138832997987926,0.1267605633802817,0.8118712273641852
2020,89532,VACARIA,197,0.5353361542417878,5.288021084264656e-16,0.48123781836504653,8.171483302097103e-13,0.7604395604395604,0.9860805860805861,0.7256410256410256,0.7082494969818913,0.6257545271629779,0.44668008048289737
2020,89540,PINTO BANDEIRA,21,0.44864977181161686,0.04135158229461578,0.6215977230545643,0.0026293666570573245,0.7083333333333333,0.9768518518518519,0.7546296296296297,0.5492957746478874,0.8933601609657947,0.24044265593561368
2020,89559,VENÂNCIO AIRES,204,0.4942646778099385,5.778894925849583e-14,0.42069054439037123,3.730690696376529e-10,0.8675485008818342,0.9890652557319225,0.7837742504409171,0.6317907444668008,0.49899396378269617,0.5331991951710262
2020,89567,PEDRAS ALTAS,25,-0.06194690724026581,0.7686358120884477,0.35711511252862543,0.07969208197861832,0.40625,1.0,0.8541666666666666,0.07243460764587525,0.3903420523138833,0.920523138832998
2020,89575,VERA CRUZ,82,0.4551444414493379,1.7379095966483645e-05,0.40454999482539034,0.00016350613398724483,0.6587708066581306,0.9859154929577465,0.6549295774647887,0.5613682092555332,0.45472837022132795,0.4426559356136821
2020,89591,VERANÓPOLIS,52,0.5446062700137366,2.9944858555714112e-05,0.6142466362361707,1.2766331599804837e-06,0.7906976744186046,0.979328165374677,0.6020671834625322,0.7283702213279678,0.8772635814889336,0.30482897384305835
2020,89613,VIADUTOS,35,0.29728783332786896,0.08285417712004862,0.3069321184528243,0.07289956285010064,0.653846153846154,1.0,0.7008547008547008,0.34004024144869216,0.30985915492957744,0.920523138832998
2020,89630,VIAMÃO,446,0.5137079560150674,2.1141112737264947e-31,0.4830438668176273,2.1476320777716845e-27,0.8994957983193277,0.9917086834733894,0.7243697478991596,0.6659959758551308,0.6297786720321932,0.641851106639839
2020,89656,VICENTE DUTRA,37,0.12208716469468615,0.47162476888147076,0.3547082324043166,0.031228856028528915,0.626984126984127,1.0,0.5952380952380952,0.16700201207243462,0.38832997987927564,0.920523138832998
2020,89672,PALMARES DO SUL,73,0.6080437881859534,1.1607301388384565e-08,0.49200817886563064,9.831112324024132e-06,0.8333333333333333,0.9965277777777778,0.7170138888888888,0.8289738430583501,0.647887323943662,0.7977867203219315
2020,89699,VICTOR GRAEFF,21,0.26642562869589115,0.24304640803829014,0.24059517600021596,0.29345831887172386,0.5648148148148149,0.9907407407407407,0.5185185185185185,0.3058350100603622,0.22736418511066397,0.596579476861167
2020,89710,TAVARES,25,0.4789382662166983,0.01542801388851923,0.5224426989639706,0.007380374919756618,0.8402777777777778,0.9930555555555556,0.4930555555555556,0.5915492957746479,0.7142857142857143,0.6901408450704225
2020,89737,CAPÃO DO LEÃO,99,0.5326725519146789,1.3849883215882964e-08,0.43811914144602915,5.751557060837592e-06,0.8130165289256198,0.993801652892562,0.628099173553719,0.7062374245472837,0.5271629778672032,0.710261569416499
2020,89753,SALTO DO JACUÍ,60,0.7342460113241531,2.4583758738153084e-11,0.6040172968627904,3.229650601134069e-07,0.8779956427015251,0.9782135076252724,0.6971677559912853,0.9758551307847082,0.8611670020120724,0.2676056338028169
2020,89770,COTIPORÃ,37,-0.07630614183619475,0.6535205852598366,0.1366313186694164,0.4200338340044096,0.5,1.0,0.5277777777777778,0.06438631790744467,0.10462776659959759,0.920523138832998
2020,98213,TEUTÔNIA,144,0.506933516363638,8.968587164571866e-11,0.48024147961734126,1.1208720040441072e-09,0.8004101161995898,0.9917976760082023,0.7655502392344498,0.6539235412474849,0.6237424547283702,0.6519114688128773
2020,98230,BOM PRINCÍPIO,44,0.21285593459261348,0.1653698031315671,0.2372941283344114,0.12091047645490685,0.6444444444444444,1.0,0.6412698412698413,0.24949698189134809,0.21730382293762576,0.920523138832998
2020,98256,PAROBÉ,164,0.5514501587824256,1.9750267489685426e-14,0.5553747952540099,1.1812360381024637e-14,0.8498881431767338,0.9914988814317675,0.7445190156599553,0.7323943661971831,0.7766599597585513,0.635814889336016
2020,98272,FORTALEZA DOS VALOS,15,0.39642857142857135,0.14349453144235366,0.3801431127012522,0.16220376926996355,0.5740740740740741,1.0,0.5277777777777777,0.4607645875251509,0.41448692152917505,0.920523138832998
2020,98299,JÓIA,44,0.31417091825001503,0.03781158427419241,0.2824298851983926,0.06323839063938513,0.5634920634920635,0.9904761904761905,0.607936507936508,0.36016096579476864,0.28169014084507044,0.5835010060362174
2024,84735,ÁUREA,39,0.5452704643739439,0.00033113079870904043,0.368898414384593,0.02083324570226461,0.7240740740740741,0.9685185185185184,0.5648148148148149,0.8189134808853119,0.5714285714285714,0.16498993963782696
2024,84743,TRÊS ARROIOS,32,0.21067770573685185,0.24710699952059756,0.05203496020751336,0.7773036262904228,0.6690821256038647,0.9710144927536232,0.748792270531401,0.32193158953722334,0.158953722334004,0.19416498993963782
2024,84751,NOVA ROMA DO SUL,27,0.4302328166548691,0.025089523210756644,0.2628299508935428,0.18533399358187974,0.552469135802469,0.9753086419753086,0.6049382716049383,0.6338028169014085,0.4104627766599598,0.2515090543259557
2024,84760,PROGRESSO,24,0.1803350053544536,0.3990939117791284,0.1425734146100149,0.506315537470359,0.45925925925925926,0.9851851851851852,0.5666666666666667,0.2857142857142857,0.26961770623742454,0.41951710261569414
2024,84778,PIRAPÓ,19,0.03155680226866716,0.897954457550059,-0.05123746884787306,0.8349847593474178,0.5444444444444444,1.0,0.5777777777777778,0.15492957746478872,0.07645875251509054,0.9175050301810865
2024,84786,JABOTICABA,17,0.27182483778491523,0.29122751603230784,0.22987968030847986,0.3747583528557852,0.5347222222222222,0.9583333333333334,0.6180555555555556,0.4124748490945674,0.3682092555331992,0.08551307847082495
2024,84794,SÃO JORGE,20,-0.1800322534995568,0.44753831651261766,-0.09000621304710932,0.7058990826156416,0.35858585858585856,0.9191919191919191,0.6161616161616161,0.04225352112676056,0.05835010060362173,0.012072434607645875
2024,84808,ALTO ALEGRE,25,0.014976604881825015,0.9433555470812881,0.32185317675660324,0.11665749990792679,0.5902777777777778,0.9965277777777778,0.6805555555555556,0.13883299798792756,0.49295774647887325,0.778672032193159
2024,84816,NOVA HARTZ,46,0.40233604741188095,0.005573267049494665,0.3885740873324122,0.0076150328616291655,0.8168168168168167,0.993993993993994,0.8153153153153153,0.5855130784708249,0.5955734406438632,0.7002012072434608
2024,84824,DOIS LAJEADOS,28,-0.1718678773198009,0.3818409597168588,0.24796758560956156,0.20327355143749934,0.4385964912280702,0.9532163742690059,0.6403508771929824,0.04426559356136821,0.3983903420523139,0.06539235412474849
2024,84832,SÃO DOMINGOS DO SUL,13,0.01806180486906878,0.9532987842333868,0.10837082921441268,0.72453373837131,0.3055555555555556,0.9027777777777778,0.6944444444444444,0.14084507042253522,0.22132796780684105,0.007042253521126761
2024,84840,TUNAS,18,0.018585443880992238,0.9416499030366527,0.233281524347829,0.3515331782511246,0.5679012345679013,0.9876543209876543,0.7098765432098766,0.14285714285714285,0.3762575452716298,0.506036217303823
2024,84859,SÃO JOÃO DA URTIGA,36,-0.07081943079219447,0.6814857266748695,0.3151130532896321,0.061212025177579,0.6275720164609053,0.9588477366255145,0.6913580246913581,0.096579476861167,0.482897384305835,0.08853118712273642
2024,84867,GUABIJU,18,-0.3192906175846684,0.1965275594857283,0.49399290917761035,0.03719063948177944,0.3580246913580247,0.9876543209876543,0.6604938271604939,0.018108651911468814,0.7907444668008048,0.506036217303823
2024,84875,QUINZE DE NOVEMBRO,32,0.4934984432924909,0.004102082056480936,0.4554763252939636,0.008803327029998571,0.8019323671497586,0.9758454106280193,0.751207729468599,0.738430583501006,0.7243460764587525,0.2595573440643863
2024,84883,DOUTOR MAURÍCIO CARDOSO,24,0.5860056091349204,0.0026204892024843866,0.30053332559190754,0.15359589430665715,0.7592592592592593,0.9703703703703704,0.7925925925925925,0.8772635814889336,0.46277665995975853,0.19014084507042253
2024,84891,CAPELA DE SANTANA,55,0.1718830163282518,0.20955032788703803,0.23070874493945942,0.09326643581541078,0.7765700483091786,0.9879227053140097,0.7016908212560387,0.27565392354124746,0.3702213279678068,0.5311871227364185
2024,84905,JAQUIRANA,38,0.48938641033207175,0.0018195655823335518,0.23936232129950075,0.14779199204510507,0.7279693486590038,0.9846743295019157,0.7241379310344829,0.7323943661971831,0.38028169014084506,0.4074446680080483
2024,84913,VANINI,22,-0.09317251323240396,0.6800408820279014,0.35515130483549434,0.10481317758844415,0.4786324786324786,0.9658119658119658,0.5811965811965811,0.08249496981891348,0.5432595573440644,0.14788732394366197
2024,84921,BOQUEIRÃO DO LEÃO,37,0.14905416770032198,0.3786018752536961,0.22625752954102124,0.17811805777281592,0.5912698412698412,0.992063492063492,0.7182539682539683,0.25553319919517103,0.3641851106639839,0.6589537223340041
2024,84930,FAGUNDES VARELA,13,-0.45644245029230895,0.11692242421211042,-0.2566642635453733,0.3972812324685394,0.41666666666666663,0.9722222222222222,0.5277777777777778,0.006036217303822937,0.02012072434607646,0.21227364185110664
2024,84948,ÁGUA SANTA,24,0.020109501468228035,0.9256922580973229,-0.14619805514051662,0.49545167141752233,0.4481481481481481,0.9962962962962963,0.6000000000000001,0.1488933601609658,0.0482897384305835,0.7746478873239436
2024,84956,SILVEIRA MARTINS,22,0.6348220347256334,0.0015044585265388908,0.6553000392099296,0.0009319723250074607,0.7136752136752136,0.9658119658119658,0.5,0.9396378269617707,0.9778672032193159,0.14788732394366197
2024,84964,IBIRAPUITÃ,36,0.40001944719463267,0.015635807109069956,0.261620358916063,0.12324163898251565,0.7613168724279835,1.0,0.7983539094650206,0.5714285714285714,0.4084507042253521,0.9175050301810865
2024,84972,IBARAMA,20,0.6812194686463514,0.000943198389971607,0.606176530671922,0.004608779067350263,0.7777777777777777,1.0,0.7222222222222222,0.9698189134808853,0.9496981891348089,0.9175050301810865
2024,84980,PANTANO GRANDE,59,0.6155060290899382,2.126478691387466e-07,0.5854529538039488,1.1134758807743658e-06,0.8822222222222222,0.9944444444444445,0.7011111111111111,0.9114688128772636,0.9255533199195171,0.7173038229376257
2024,84999,IPÊ,30,0.11718228355219232,0.5374379948615032,0.21383930702321002,0.256516229900479,0.5767195767195767,1.0,0.6613756613756614,0.22937625754527163,0.35412474849094566,0.9175050301810865
2024,85006,TRINDADE DO SUL,35,0.2004907711399575,0.24816625674568965,0.2721617663163269,0.11372315828257154,0.5128205128205128,0.9871794871794871,0.6816239316239316,0.3118712273641851,0.4225352112676056,0.4788732394366197
2024,85014,AGUDO,66,0.46345233367385646,8.897587585031295e-05,0.4071867596040193,0.0006910300681274474,0.7426900584795322,0.9961013645224172,0.7573099415204678,0.6861167002012073,0.6197183098591549,0.7645875251509054
2024,85022,ERNESTINA,23,0.05606287296955695,0.7994385541674792,0.29290612552997114,0.17498404380082633,0.4801587301587302,0.9761904761904763,0.638888888888889,0.17706237424547283,0.45472837022132795,0.27062374245472837
2024,85030,AJURICABA,34,0.5834798044342551,0.00029231490435350686,0.7748596177421941,7.490065485189917e-08,0.7822222222222222,0.9755555555555555,0.6555555555555554,0.8672032193158954,1.0,0.25553319919517103
2024,85049,DEZESSEIS DE NOVEMBRO,23,0.21408147840428612,0.32665296734588106,0.19815188804516706,0.3647552243341927,0.5396825396825397,0.9642857142857142,0.5158730158730159,0.3299798792756539,0.34004024144869216,0.13279678068410464
2024,85057,ALECRIM,20,0.29910893304669195,0.2001599136650018,0.32747535447133974,0.15870709107419606,0.7272727272727272,1.0,0.5505050505050505,0.4426559356136821,0.49899396378269617,0.9175050301810865
2024,85065,BROCHIER,38,0.42890761821366025,0.0072120841898268406,0.39715058871089276,0.01355256927574136,0.5938697318007662,0.9770114942528736,0.6455938697318008,0.6277665995975855,0.607645875251509,0.28772635814889336
2024,85073,ALEGRETE,108,0.48477450303389963,1.0576660331002447e-07,0.4782522743412743,1.6521032755221292e-07,0.6580645161290323,0.9795698924731182,0.6745519713261648,0.7283702213279678,0.7645875251509054,0.30985915492957744
2024,85081,EREBANGO,41,0.41858588235444244,0.0064557245632643045,0.011734348137036141,0.9419530985405962,0.6770833333333333,0.9861111111111112,0.6319444444444444,0.613682092555332,0.1267605633802817,0.45472837022132795
2024,85090,ALPESTRE,24,-0.1034640102216879,0.6304424192246937,0.036867961707229426,0.8641992671477229,0.45185185185185184,1.0,0.7185185185185186,0.07645875251509054,0.1448692152917505,0.9175050301810865
2024,85103,ENTRE-IJUÍS,49,0.5088728196883749,0.00018872960281553339,0.588695057823879,1.0772589785242613e-05,0.6902777777777779,0.9805555555555555,0.8041666666666666,0.772635814889336,0.9295774647887324,0.323943661971831
2024,85111,ALVORADA,277,0.6158095691784105,2.622414806101862e-30,0.6030640865709865,8.00967369374736e-29,0.9355203619909502,0.9916289592760181,0.8118778280542986,0.9134808853118712,0.9456740442655935,0.6498993963782697
2024,85120,NOVA ESPERANÇA DO SUL,31,0.1873928477105099,0.312753263926612,0.32797330097087374,0.07166657375171624,0.606060606060606,1.0,0.5782828282828283,0.29577464788732394,0.5050301810865191,0.9175050301810865
2024,85138,ANTA GORDA,23,0.03666102289246822,0.8681014364021489,0.6882663935153771,0.00028295215148683317,0.5238095238095238,0.9841269841269842,0.6825396825396826,0.16096579476861167,0.9899396378269618,0.3993963782696177
2024,85146,PAVERAMA,60,0.3312603923399005,0.009726618476567183,0.47524960415399753,0.00012447882426472914,0.696078431372549,0.9694989106753812,0.7189542483660131,0.4788732394366197,0.7585513078470825,0.17303822937625754
2024,85154,ANTÔNIO PRADO,34,-0.08208281171395611,0.6444409417688715,-0.023057487121592966,0.897013277708062,0.6844444444444445,0.9644444444444444,0.7622222222222222,0.0925553319919517,0.0925553319919517,0.1358148893360161
2024,85162,TERRA DE AREIA,28,0.4701212499119487,0.011588562571344722,0.13214583622993437,0.5026545530797266,0.6812865497076024,1.0,0.7982456140350878,0.6981891348088531,0.24748490945674045,0.9175050301810865
2024,85170,ARATIBA,25,0.2075624853076778,0.31945538382409516,0.09122876348741794,0.6645082600508108,0.6597222222222223,0.9861111111111112,0.47916666666666663,0.317907444668008,0.20925553319919518,0.45472837022132795
2024,85189,HARMONIA,19,0.441807492504406,0.05824590815455161,0.3471373607418643,0.1453517913468268,0.6388888888888888,0.9888888888888889,0.6333333333333333,0.647887323943662,0.5271629778672032,0.5633802816901409
2024,85197,ARROIO DO MEIO,84,0.26034852145789605,0.016766751112848793,0.178861796625118,0.10354846657133747,0.6980074719800747,0.991282689912827,0.8013698630136986,0.39235412474849096,0.3118712273641851,0.6297786720321932
2024,85200,CAMPOS BORGES,24,0.27229232675934517,0.198014306069785,0.7124486464986155,9.387238320977057e-05,0.6407407407407407,0.9777777777777777,0.6296296296296295,0.4164989939637827,0.9979879275653923,0.2947686116700201
2024,85219,ARROIO DOS RATOS,86,0.29573900145283427,0.00569984571525808,0.28937668161431274,0.007228088463404866,0.7215007215007214,0.9935064935064934,0.8167388167388167,0.4346076458752515,0.448692152917505,0.6881287726358148
2024,85227,CERRO GRANDE,17,-0.05188507653034578,0.8432289161093651,-0.06255147728689552,0.8114976347493111,0.3888888888888889,0.9444444444444444,0.6527777777777778,0.09859154929577464,0.06841046277665996,0.03420523138832998
2024,85235,ARROIO DO TIGRE,25,0.5275539657828257,0.0067252470517667785,0.07800383798075249,0.7109226883410011,0.642361111111111,0.9722222222222222,0.6388888888888888,0.7927565392354124,0.19114688128772636,0.21227364185110664
2024,85243,IPIRANGA DO SUL,27,0.05523363059693469,0.7843685524478624,-0.042769173441267905,0.832250684366721,0.5030864197530864,0.9876543209876543,0.5864197530864197,0.1750503018108652,0.08450704225352113,0.506036217303823
2024,85251,ARROIO GRANDE,48,0.78447038281939,4.202526548602716e-11,0.6432345995565034,8.197916396721427e-07,0.933048433048433,0.9943019943019943,0.8504273504273504,1.0,0.9698189134808853,0.7082494969818913
2024,85260,LAGOÃO,40,0.6885207316803083,9.07211343055349e-07,0.6421933954888916,1.0480941031355417e-05,0.8817204301075269,0.985663082437276,0.7222222222222223,0.9778672032193159,0.9678068410462777,0.44064386317907445
2024,85278,ARVOREZINHA,35,0.4643187975736574,0.004956535381257116,0.4162381054923247,0.012879244469271162,0.8012820512820513,0.9871794871794872,0.6858974358974359,0.6901408450704225,0.6317907444668008,0.482897384305835
2024,85286,ESTAÇÃO,42,0.03897949146657627,0.8063902699864502,0.015167534207609547,0.9240481185940704,0.4242424242424243,0.9696969696969697,0.5555555555555556,0.16498993963782696,0.13078470824949698,0.18008048289738432
2024,85294,AUGUSTO PESTANA,21,0.39869937673581834,0.07340959197222463,0.3631892891250453,0.10560968165277189,0.6944444444444444,0.9907407407407407,0.5,0.5694164989939637,0.5613682092555332,0.613682092555332
2024,85308,ARROIO DO SAL,62,0.3677604526844156,0.0032755315822957033,0.6046935434839321,1.9403339428212534e-07,0.7044025157232704,0.9811320754716981,0.7536687631027253,0.5311871227364185,0.9476861167002012,0.33601609657947684
2024,85316,BAGÉ,176,0.6606957807554648,1.924921878774048e-23,0.5500971683830944,2.6160361322458437e-15,0.901590825009249,0.986126526082131,0.76378098409175,0.9557344064386318,0.8873239436619719,0.46277665995975853
2024,85324,SÃO JOSÉ DO HORTÊNCIO,29,0.3147894493785889,0.096269148739481,0.04881371143736887,0.8014610574478985,0.575,0.9944444444444445,0.7083333333333334,0.46277665995975853,0.15694164989939638,0.7173038229376257
2024,85332,BARÃO DE COTEGIPE,32,0.23600680145772607,0.19346391787985645,0.3564562582585643,0.04903309012391231,0.5917874396135266,0.9903381642512078,0.717391304347826,0.36016096579476864,0.5492957746478874,0.6006036217303823
2024,85340,PINHAL,22,0.5062300641171374,0.016218638340859876,0.5508128126746831,0.007892517458788969,0.6153846153846154,0.9914529914529915,0.7606837606837606,0.7665995975855131,0.8893360160965795,0.6388329979879276
2024,85359,BARRACÃO,19,-0.015824214042345495,0.9487337172542816,-0.22613818713830297,0.35188821807649356,0.48333333333333334,0.9777777777777779,0.5333333333333333,0.12474849094567404,0.02414486921529175,0.30181086519114686
2024,85367,TRÊS CACHOEIRAS,29,0.21526886427111688,0.26208498164520355,0.018145757180853678,0.9255643220650406,0.55,1.0,0.8638888888888888,0.3319919517102616,0.13279678068410464,0.9175050301810865
2024,85375,BARRA DO RIBEIRO,76,0.5211445898514783,1.3886028381398048e-06,0.6381084114023835,5.637417657799373e-10,0.7844112769485904,0.9718076285240463,0.7271973466003316,0.7867203219315896,0.96579476861167,0.19919517102615694
2024,85383,SÃO VENDELINO,38,0.48083529105089173,0.0022448245089128406,0.32782725272554014,0.04450907328861449,0.7241379310344828,0.9923371647509578,0.6839080459770115,0.7203219315895373,0.5030181086519114,0.670020120724346
2024,85391,BARROS CASSAL,32,0.5389138075496367,0.0014606520259757662,0.2987288186288492,0.09675328641815363,0.8019323671497584,0.9758454106280193,0.6835748792270531,0.8128772635814889,0.4567404426559356,0.2595573440643863
2024,85405,PROTÁSIO ALVES,18,-0.39228368415662807,0.10736518103851629,-0.020210433698120915,0.9365574803183946,0.39506172839506176,1.0,0.6481481481481481,0.012072434607645875,0.096579476861167,0.9175050301810865
2024,85413,BENTO GONÇALVES,156,0.57109045876194,6.995932495614268e-15,0.4825708322775255,1.7778162936330647e-10,0.8660600931019891,0.9860347016504444,0.7634363097757089,0.8531187122736419,0.772635814889336,0.44466800804828976
2024,85421,POUSO NOVO,24,0.48045755883458796,0.017483439672396767,0.5313972432219871,0.007535721398382294,0.674074074074074,0.9814814814814815,0.625925925925926,0.7183098591549296,0.8490945674044266,0.3501006036217304
2024,85430,BOA VISTA DO BURICÁ,32,0.3564697601465756,0.04522001996097592,0.325131671881708,0.06941053834862129,0.6956521739130435,0.9758454106280193,0.7995169082125604,0.5130784708249497,0.4969818913480885,0.2595573440643863
2024,85448,EUGÊNIO DE CASTRO,32,0.4277722177776314,0.014596007461286661,0.19686202877350076,0.2801756307250021,0.6908212560386473,0.9806763285024155,0.7415458937198068,0.6237424547283702,0.33400402414486924,0.32796780684104626
2024,85456,BOM JESUS,25,0.5886431985312628,0.00196527384818236,0.5957695556515258,0.0016756425612759818,0.8125,1.0,0.5694444444444444,0.8832997987927566,0.9356136820925554,0.9175050301810865
2024,85464,CRISTAL,47,0.08278394633356465,0.5801218722759021,0.04081929673556634,0.7852983200918171,0.6622807017543859,0.9853801169590644,0.6505847953216374,0.19919517102615694,0.1529175050301811,0.4275653923541248
2024,85472,BOM RETIRO DO SUL,42,0.5878034039460706,4.2575092019547186e-05,0.5575173241559229,0.0001252968464635706,0.8299663299663299,1.0,0.8181818181818182,0.8812877263581489,0.8953722334004024,0.9175050301810865
2024,85480,SÃO MIGUEL DAS MISSÕES,30,0.47693203555039626,0.007703850538980686,0.18391977728629974,0.3306038351556335,0.7671957671957672,1.0,0.8703703703703703,0.7062374245472837,0.3158953722334004,0.9175050301810865
2024,85499,BOSSOROCA,28,0.40027381883302643,0.03480352860335977,0.24944598337950136,0.2005048070106901,0.5555555555555556,0.9883040935672515,0.7573099415204678,0.5734406438631791,0.40040241448692154,0.545271629778672
2024,85502,GLORINHA,48,0.6227066939485997,2.2895589372040706e-06,0.4162595933279681,0.003253156182183478,0.717948717948718,0.9700854700854701,0.7535612535612536,0.9295774647887324,0.6338028169014085,0.18309859154929578
2024,85510,BRAGA,18,-0.15789473684210525,0.5314832784708439,-0.12160751565762004,0.6307382922072889,0.5375,0.85,0.6562500000000001,0.05030181086519115,0.05432595573440644,0.002012072434607646
2024,85529,SEGREDO,27,0.4114321080491673,0.03299380748945484,0.10718130220527636,0.5946469488837676,0.6574074074074074,0.9938271604938271,0.6759259259259259,0.6016096579476862,0.2193158953722334,0.6971830985915493
2024,85537,BUTIÁ,95,0.5625394037882584,2.9771518746089892e-09,0.5966681308296651,1.7606450244528441e-10,0.9108527131782945,0.9851421188630491,0.8656330749354004,0.8470824949698189,0.937625754527163,0.4164989939637827
2024,85545,ALEGRIA,22,0.4101695569870711,0.05796445768023826,0.18553210153633606,0.40844165418513095,0.594017094017094,0.9743589743589742,0.5683760683760684,0.5975855130784709,0.3199195171026157,0.23742454728370221
2024,85553,CAÇAPAVA DO SUL,82,0.39380051918295267,0.0002518727188147198,0.39728480542432837,0.0002193078143409051,0.8169014084507042,0.9974391805377721,0.7797695262483995,0.5613682092555332,0.6096579476861167,0.8028169014084507
2024,85561,SALDANHA MARINHO,23,0.17498294261292577,0.4245339426531287,-0.016637833048845658,0.9399382957072743,0.6944444444444444,1.0,0.738095238095238,0.28169014084507044,0.1006036217303823,0.9175050301810865
2024,85570,CACEQUI,39,0.21204593523236476,0.19499707487137746,0.21689470207944667,0.1847437735852836,0.7222222222222222,0.9777777777777777,0.7444444444444445,0.32595573440643866,0.36016096579476864,0.2947686116700201
2024,85588,SÃO JOSÉ DO HERVAL,30,-0.15449689866152733,0.41497559357306796,-0.1525064205105787,0.4210846654272299,0.41269841269841273,0.992063492063492,0.6428571428571428,0.052313883299798795,0.04024144869215292,0.6589537223340041
2024,85596,CACHOEIRA DO SUL,150,0.5286124520979983,3.5789161556288216e-12,0.4386935275847088,1.9631980664657513e-08,0.8098765432098765,0.9876543209876543,0.7817283950617284,0.7947686116700201,0.6780684104627767,0.506036217303823
2024,85600,VISTA ALEGRE,29,-0.1494398422148866,0.4390970217372825,0.1534961593077644,0.42663090361867545,0.4722222222222222,0.9944444444444444,0.6388888888888888,0.056338028169014086,0.28772635814889336,0.7132796780684104
2024,85618,CACHOEIRINHA,196,0.5002905626704047,8.250267291376749e-14,0.41960828618836726,9.24955875627708e-10,0.8797239566217548,0.9937561616825502,0.7696352283930332,0.7505030181086519,0.6398390342052314,0.6941649899396378
2024,85626,IVORÁ,20,0.09817689365418739,0.6804956442342638,-0.12599549700168883,0.5965940030109268,0.5606060606060607,1.0,0.5303030303030303,0.21730382293762576,0.05030181086519115,0.9175050301810865
2024,85634,CACIQUE DOBLE,14,0.11674037129701939,0.6910419434682189,0.2522942415794477,0.38419707401206155,0.6777777777777778,0.9777777777777779,0.5999999999999999,0.22736418511066397,0.4024144869215292,0.30181086519114686
2024,85642,VILA MARIA,37,-0.3941512288288648,0.015784288400175248,-0.007235544185156846,0.9660985274562012,0.3273809523809524,0.9761904761904763,0.7023809523809523,0.01006036217303823,0.10865191146881288,0.27062374245472837
2024,85650,CAIBATÉ,21,0.5516570365340004,0.009528029806717403,0.5065980694890428,0.019100082164607606,0.7314814814814815,1.0,0.5555555555555556,0.8269617706237424,0.8148893360160966,0.9175050301810865
2024,85669,TAQUARUÇU DO SUL,40,0.362941942164497,0.021348255767050968,0.3559773537263908,0.026136918488393186,0.6254480286738351,0.9605734767025089,0.7580645161290323,0.5211267605633803,0.545271629778672,0.09859154929577464
2024,85677,CAIÇARA,38,0.06574265326878684,0.6949460988475683,0.13971114892317224,0.40282758303849603,0.4636015325670497,0.9655172413793103,0.6704980842911877,0.18712273641851107,0.2595573440643863,0.14285714285714285
2024,85685,IMBÉ,77,0.3030450700814497,0.007383661875556461,0.2749998394239225,0.015498722604450914,0.7222222222222222,0.9820261437908497,0.6380718954248367,0.448692152917505,0.4305835010060362,0.358148893360161
2024,85693,CAMAQUÃ,124,0.35140695995383286,6.284283179606798e-05,0.4875579166942077,9.300128574026727e-09,0.7825688073394496,0.9914373088685016,0.7464831804281346,0.5070422535211268,0.778672032193159,0.6338028169014085
2024,85707,SEDE NOVA,28,0.05420945015659318,0.7841056005458517,-0.05024711696869853,0.7995567576418569,0.45029239766081874,0.9883040935672515,0.6432748538011696,0.17303822937625754,0.07847082494969819,0.545271629778672
2024,85715,CAMBARÁ DO SUL,38,0.4999452924223838,0.0013933487113659034,0.4432848446342065,0.005313726372369195,0.8199233716475096,0.9693486590038314,0.6896551724137931,0.7484909456740443,0.6961770623742455,0.1710261569416499
2024,85723,TUPANDI,23,0.1736873517665169,0.4280254239510825,-0.17260701413998766,0.43094861741660817,0.44841269841269843,0.9285714285714286,0.6468253968253969,0.2776659959758551,0.03219315895372234,0.018108651911468814
2024,85731,CAMPINA DAS MISSÕES,24,-0.17186569618308986,0.4219626149137071,0.023643058371483654,0.912680180864782,0.4962962962962963,0.9925925925925926,0.5740740740740742,0.04627766599597585,0.13883299798792756,0.6740442655935613
2024,85740,RIOZINHO,87,0.1359136274999885,0.20940043499442088,0.1666839899225282,0.122817664998316,0.683048433048433,0.9686609686609686,0.8226495726495726,0.2414486921529175,0.3038229376257545,0.16700201207243462
2024,85758,CAMPINAS DO SUL,33,0.3112766298532114,0.07784933144895964,0.11870545960740386,0.5105702048918738,0.6041666666666666,0.9907407407407407,0.6087962962962963,0.4607645875251509,0.23742454728370221,0.613682092555332
2024,85766,RELVADO,18,0.26856865892040555,0.28121532234517044,0.13597951962716812,0.5905737591116906,0.6172839506172839,0.9876543209876543,0.5555555555555556,0.4024144869215292,0.2535211267605634,0.506036217303823
2024,85774,CAMPO BOM,122,0.4944313957009327,7.11728032520186e-09,0.3625384213760174,4.066837601961599e-05,0.7968877968877969,0.990990990990991,0.8382473382473382,0.7424547283702213,0.5573440643863179,0.6257545271629779
2024,85782,IMIGRANTE,37,0.40374866035337015,0.01320733109688032,0.2470920419267068,0.14037732156690805,0.7123015873015873,0.9880952380952381,0.7182539682539683,0.5935613682092555,0.3963782696177062,0.5392354124748491
2024,85790,CAMPO NOVO,38,0.2823964258026217,0.08583002934004556,0.299302460800575,0.06792678028865469,0.6762452107279693,0.9846743295019157,0.6839080459770115,0.42655935613682094,0.45875251509054327,0.4074446680080483
2024,85804,CIDREIRA,84,0.6241954027900184,2.2399709113895935e-10,0.45369848229920245,1.6501405572617936e-05,0.7125925925925927,0.9762962962962963,0.7785185185185185,0.93158953722334,0.7183098591549296,0.27364185110663986
2024,85812,CANDELÁRIA,49,0.5130659149365249,0.00016350626478758574,0.3660019400644671,0.009701320620771944,0.8038277511961723,0.9976076555023924,0.7212918660287082,0.7806841046277666,0.5694164989939637,0.8048289738430584
2024,85820,MONTAURI,16,-0.20408139368683567,0.44836693354173607,-0.28796261627823755,0.27945992453416846,0.40476190476190477,0.9841269841269841,0.5158730158730158,0.03621730382293763,0.01609657947686117,0.39436619718309857
2024,85839,CÂNDIDO GODÓI,30,0.2704507931277929,0.14832493827017235,0.4779009363802578,0.007563411621042339,0.5925925925925926,0.9894179894179894,0.6322751322751323,0.4104627766599598,0.7625754527162978,0.5714285714285714
2024,85847,VISTA GAÚCHA,18,-0.08776459610468557,0.7291239161335255,0.11434517612368064,0.6514241637260626,0.4444444444444445,0.962962962962963,0.5987654320987654,0.08853118712273642,0.23340040241448692,0.11971830985915492
2024,85855,CANELA,114,0.4166825356776734,3.998792091916557e-06,0.3055339654759003,0.0009474733266749747,0.7105030891438658,0.9947043248014122,0.8892321270962047,0.6116700201207244,0.4688128772635815,0.7263581488933601
2024,85863,VISTA ALEGRE DO PRATA,17,-0.3411507062156988,0.18021854137669321,-0.378248893278579,0.13438171768985183,0.3472222222222222,1.0,0.6458333333333333,0.01609657947686117,0.01006036217303823,0.9175050301810865
2024,85871,CANGUÇU,112,0.5855668520355801,1.1903781421399551e-11,0.43388935806313345,1.7596871572794552e-06,0.7987567987567988,0.9774669774669774,0.7536907536907537,0.8752515090543259,0.6639839034205232,0.289738430583501
2024,85880,CASEIROS,25,0.16712406381234907,0.424592488470859,-0.0545815977071197,0.7955356673621856,0.5520833333333334,0.9722222222222222,0.6909722222222222,0.26961770623742454,0.0744466800804829,0.21227364185110664
2024,85898,CANOAS,330,0.6832039295759134,1.0518182116999679e-46,0.5989918052705625,2.0370471373048644e-33,0.9448297118200031,0.9899830482354753,0.7684543072892587,0.971830985915493,0.9416498993963782,0.5915492957746479
2024,85901,ITACURUBI,24,0.34347826086956523,0.10032049069469841,-0.1692844677137871,0.4290715863788207,0.5851851851851853,0.9851851851851852,0.625925925925926,0.4969818913480885,0.03420523138832998,0.41951710261569414
2024,85910,CARAZINHO,107,0.500395742314437,4.0575369328678204e-08,0.42556042709823944,4.888418666076278e-06,0.7459083469721768,0.9852700490998364,0.7761865793780688,0.7525150905432596,0.647887323943662,0.4225352112676056
2024,85928,ENTRE RIOS DO SUL,34,-0.049804724736962826,0.7796923578130939,-0.15248500281997257,0.38927880047132024,0.3977777777777778,0.9511111111111111,0.5733333333333333,0.1006036217303823,0.04225352112676056,0.05030181086519115
2024,85936,CARLOS BARBOSA,64,0.6196798404417989,4.769425895412499e-08,0.539332196871268,4.258166928904333e-06,0.8121212121212121,0.9777777777777777,0.712121212121212,0.9195171026156942,0.8611670020120724,0.2947686116700201
2024,85944,CERRO GRANDE DO SUL,93,0.40255833463200946,6.327534921069926e-05,0.3531188173035926,0.0005168811922074949,0.8293650793650793,0.9907407407407408,0.7936507936507936,0.5875251509054326,0.5412474849094567,0.6217303822937625
2024,85952,CASCA,42,0.35250217180596327,0.022045997721568424,0.19529414900514072,0.2151858751171379,0.7592592592592592,0.9966329966329966,0.7003367003367003,0.5090543259557344,0.3319919517102616,0.7816901408450704
2024,85960,CAMARGO,28,-0.007299410255589906,0.9705932468953445,0.24340032415232463,0.21199214249301013,0.5233918128654971,0.9824561403508772,0.6432748538011696,0.1267605633802817,0.3903420523138833,0.369215291750503
2024,85979,CATUÍPE,28,0.046836490182635686,0.8129161526205898,0.1323529411764706,0.5019792688725644,0.4619883040935673,0.9824561403508771,0.6871345029239766,0.1710261569416499,0.24949698189134809,0.36619718309859156
2024,85987,PARAÍSO DO SUL,46,0.2174223496512946,0.1466473913721372,0.3759805029281788,0.010021258867053674,0.5945945945945946,0.957957957957958,0.7612612612612613,0.33601609657947684,0.5814889336016097,0.08048289738430583
2024,85995,CAXIAS DO SUL,341,0.5519088652386436,1.4132263474392206e-28,0.5231550193704558,2.369390740162681e-25,0.9006015859994532,0.9982225868197976,0.7752255947497949,0.8289738430583501,0.8350100603621731,0.8189134808853119
2024,86010,CERRO LARGO,50,0.5222812456219079,0.00010009538702128974,0.45510709955081496,0.0008979618196692782,0.6761517615176151,0.9864498644986449,0.7710027100271002,0.7887323943661971,0.7203219315895373,0.46981891348088534
2024,86029,FAXINALZINHO,37,0.026765579389180633,0.8750488719281649,0.197122416936382,0.24223766407771355,0.4682539682539682,0.9523809523809524,0.5734126984126984,0.1529175050301811,0.3380281690140845,0.05835010060362173
2024,86037,CHAPADA,35,0.17496366805276825,0.3147578950969318,0.002259571102310486,0.9897216836524035,0.5961538461538461,0.9957264957264957,0.7777777777777778,0.2796780684104628,0.1227364185110664,0.7565392354124748
2024,86045,AMARAL FERRADOR,42,0.33486177424413693,0.030183594326279418,0.17490190327541602,0.26792539779428187,0.6936026936026937,0.9764309764309764,0.8063973063973063,0.48893360160965793,0.30784708249496984,0.27565392354124746
2024,86053,CHIAPETTA,33,0.21943771031674686,0.21982622723240755,0.35823225087659055,0.04065438846876123,0.5277777777777778,0.9814814814814814,0.6597222222222221,0.3380281690140845,0.5533199195171026,0.34305835010060365
2024,86061,VILA FLORES,27,0.01957486975717533,0.9227978223657748,0.02853639443152164,0.8876396581682253,0.5679012345679012,0.9691358024691358,0.6512345679012346,0.14688128772635814,0.14084507042253522,0.16901408450704225
2024,86070,CIRÍACO,18,-0.09189386069447796,0.7168648684745292,0.12435126239141693,0.6229895335109876,0.43209876543209885,0.9753086419753085,0.46913580246913583,0.08450704225352113,0.23943661971830985,0.24748490945674045
2024,86088,CERRO BRANCO,28,-0.2253509520929139,0.24891647662632083,0.1153629484678093,0.5588374208599044,0.33333333333333337,1.0,0.6666666666666666,0.03219315895372234,0.23541247484909456,0.9175050301810865
2024,86096,COLORADO,43,0.22241113022275918,0.15171586345866356,0.5395494472919763,0.00018869730444433166,0.5375816993464052,0.9738562091503268,0.6830065359477124,0.3460764587525151,0.8631790744466801,0.23340040241448692
2024,86100,ANDRÉ DA ROCHA,26,0.5020790209078314,0.008959166606280803,0.13460413901435803,0.512089580733795,0.6568627450980392,0.9803921568627451,0.6470588235294117,0.7565392354124748,0.2515090543259557,0.32193158953722334
2024,86118,CONDOR,42,0.19911612655354644,0.2061652034934625,0.2661465018611956,0.08844577872769996,0.6212121212121212,0.9898989898989898,0.611111111111111,0.30985915492957744,0.4164989939637827,0.5835010060362174
2024,86126,POÇO DAS ANTAS,17,0.5049019607843138,0.038721048878706255,0.5100250626566416,0.036473220738029666,0.7638888888888888,1.0,0.5555555555555556,0.7605633802816901,0.8189134808853119,0.9175050301810865
2024,86134,CONSTANTINA,42,0.4686223342832638,0.0017473364115838741,0.3104882325098565,0.045367305745784625,0.771043771043771,0.9696969696969696,0.8703703703703703,0.6961770623742455,0.4788732394366197,0.176056338028169
2024,86142,TRÊS PALMEIRAS,30,0.13740669842847683,0.46902063915053926,-0.06625559027322396,0.7279458190502451,0.5105820105820107,1.0,0.5899470899470899,0.24346076458752516,0.06639839034205232,0.9175050301810865
2024,86150,CORONEL BICACO,22,0.3314511575381141,0.13184479008712227,0.2573947667804323,0.24750449181659465,0.6495726495726495,0.9658119658119658,0.6709401709401709,0.48088531187122735,0.40643863179074446,0.14788732394366197
2024,86169,NOVA ALVORADA,16,0.19245051149345704,0.4751802940651741,0.5063303771906507,0.045359033386856325,0.39682539682539686,0.9365079365079365,0.8888888888888888,0.30181086519114686,0.8128772635814889,0.026156941649899398
2024,86177,CRISSIUMAL,50,0.5055947773404977,0.0001802079347590192,0.503566609414657,0.00019316183998775526,0.7127371273712737,0.953929539295393,0.6178861788617885,0.7625754527162978,0.806841046277666,0.07042253521126761
2024,86185,MORRO REDONDO,43,0.5013055789923736,0.0006162771099881813,0.2998181714756027,0.05078381287483485,0.6650326797385621,0.9901960784313726,0.7205882352941175,0.7545271629778671,0.4607645875251509,0.5975855130784709
2024,86193,CRUZ ALTA,107,0.753485756692764,7.704984412733523e-21,0.5488791674894345,9.293346975194302e-10,0.8289855072463768,0.9905797101449276,0.8094202898550724,0.9959758551307847,0.8853118712273642,0.607645875251509
2024,86207,SANTA MARIA DO HERVAL,45,0.40327054443575966,0.006017745543114742,0.648806121978495,1.4339927786846673e-06,0.7561728395061729,0.9830246913580247,0.6589506172839507,0.5895372233400402,0.9758551307847082,0.3762575452716298
2024,86215,CRUZEIRO DO SUL,62,0.438726951025927,0.00036122370164322646,0.27433328838325777,0.03094921285768325,0.8060796645702306,0.9832285115303983,0.6415094339622641,0.6438631790744467,0.42655935613682094,0.38028169014084506
2024,86223,BARÃO,30,0.08899766436203863,0.6400154071793727,0.07548855435118737,0.6917616685949767,0.5529100529100529,1.0,0.6719576719576719,0.20321931589537223,0.1891348088531187,0.9175050301810865
2024,86231,DAVID CANABARRO,28,0.07251800994299294,0.7138296674624868,0.08349442121746344,0.6727281579886076,0.5233918128654971,0.9883040935672515,0.5175438596491229,0.193158953722334,0.2012072434607646,0.545271629778672
2024,86240,ELDORADO DO SUL,85,0.5303030143272452,1.7908224598574706e-07,0.49645928814261703,1.5642368773698036e-06,0.861842105263158,1.0,0.8910818713450293,0.7987927565392354,0.7967806841046278,0.9175050301810865
2024,86258,DOIS IRMÃOS,61,0.36682778210276257,0.0036391840475720567,0.5161226110510387,2.0675262082725765e-05,0.6613247863247864,0.9893162393162394,0.8835470085470085,0.5291750503018109,0.8249496981891348,0.5694164989939637
2024,86274,DOM FELICIANO,54,0.26616695398712037,0.05172628116014304,0.15170267291814604,0.27820164709577294,0.737037037037037,1.0,0.7419753086419753,0.40040241448692154,0.2857142857142857,0.9175050301810865
2024,86282,ALTO FELIZ,30,0.30197830536837694,0.10483722374401223,0.31985106724296686,0.0848794922458021,0.5396825396825398,0.9735449735449736,0.47883597883597884,0.44668008048289737,0.48490945674044267,0.22937625754527163
2024,86290,DOM PEDRITO,93,0.6526555859931473,1.3562789754381856e-12,0.5895674573896265,7.818417200208909e-10,0.8807692307692307,0.9918269230769231,0.7663461538461539,0.9476861167002012,0.93158953722334,0.6539235412474849
2024,86304,AMETISTA DO SUL,31,0.2103883273060984,0.25594520543885074,0.3882209814593244,0.030916059272621085,0.6868686868686869,0.9595959595959596,0.6262626262626263,0.3199195171026157,0.5935613682092555,0.0925553319919517
2024,86312,DONA FRANCISCA,26,-0.0047904197926588125,0.9814706528095034,-0.007562736782360276,0.9707510014446471,0.48692810457516345,0.9934640522875817,0.7189542483660131,0.12877263581488935,0.10462776659959759,0.6851106639839034
2024,86320,ARAMBARÉ,64,0.44900142343207305,0.0001980815544550338,0.35026389524605167,0.004548734711996371,0.7777777777777777,0.9868686868686868,0.7989898989898989,0.6619718309859155,0.5331991951710262,0.47283702213279677
2024,86339,ENCANTADO,65,0.3099215301452025,0.011992028844399856,0.42942981730356167,0.00035746745635965995,0.6675084175084175,0.9915824915824916,0.7415824915824916,0.45875251509054327,0.6539235412474849,0.6458752515090543
2024,86347,BARÃO DO TRIUNFO,44,0.2966592002419535,0.05053195029986627,0.20686972158828623,0.177870232837042,0.6412698412698413,1.0,0.6571428571428571,0.43661971830985913,0.3501006036217304,0.9175050301810865
2024,86355,ENCRUZILHADA DO SUL,72,0.4012880195021041,0.0004767170832096879,0.6085592895227038,1.4204271375478545e-08,0.7540983606557377,0.9970193740685543,0.620715350223547,0.5774647887323944,0.9517102615694165,0.7947686116700201
2024,86363,BARRA DO GUARITA,19,-0.16673981420877362,0.49507414349981393,0.08124726299554585,0.7409065915075727,0.4666666666666667,1.0,0.5277777777777778,0.0482897384305835,0.19517102615694165,0.9175050301810865
2024,86371,ERECHIM,196,0.6437350602845496,2.531457846018389e-24,0.5969008640118079,2.6337481423559046e-20,0.8918830101873152,0.9932632270785409,0.8158067696352284,0.9416498993963782,0.9396378269617707,0.6780684104627767
2024,86380,BARRA DO RIO AZUL,26,0.24852325565075725,0.22086894213143338,0.3319563111318844,0.09756630307003973,0.6699346405228759,1.0,0.6274509803921569,0.3782696177062374,0.5090543259557344,0.9175050301810865
2024,86398,HERVAL,43,0.5239623886493188,0.00031090381164989737,0.186760941273297,0.23630337292475898,0.6895424836601307,0.9885620915032679,0.6486928104575163,0.7907444668008048,0.32193158953722334,0.5553319919517102
2024,86401,BARRA FUNDA,15,0.2484646732989441,0.3718912894874684,0.11146548794989564,0.6924826544536838,0.6481481481481481,1.0,0.7222222222222223,0.3762575452716298,0.22937625754527163,0.9175050301810865
2024,86410,ERVAL GRANDE,32,0.15797773883219923,0.3878388547744801,0.035744206922874534,0.846006047590996,0.5917874396135265,0.9855072463768115,0.6739130434782609,0.26156941649899396,0.14285714285714285,0.4336016096579477
2024,86428,BOA VISTA DAS MISSÕES,23,0.20575114080528123,0.34626889048418785,0.43229187939538544,0.0393912280810361,0.6825396825396826,0.9682539682539683,0.6626984126984127,0.3158953722334004,0.6579476861167002,0.1619718309859155
2024,86436,ERVAL SECO,36,0.20132719034416527,0.23902171636375996,0.34739631603283255,0.037896920918428466,0.6193415637860082,0.9876543209876543,0.7119341563786008,0.31388329979879276,0.5291750503018109,0.506036217303823
2024,86444,BOM PROGRESSO,32,0.5029720070538827,0.0033452898211688534,0.5473598031782941,0.0011860474503594847,0.8429951690821256,0.9855072463768115,0.6521739130434783,0.7585513078470825,0.8812877263581489,0.4336016096579477
2024,86452,ESMERALDA,28,-0.11225914773730866,0.569532817732473,-0.0186401741814844,0.9249935690895315,0.6198830409356725,1.0,0.6374269005847953,0.07042253521126761,0.09859154929577464,0.9175050301810865
2024,86460,CAMPESTRE DA SERRA,24,0.58654542319941,0.002590884416844284,0.27431747068557727,0.194566673473814,0.7037037037037037,0.9481481481481482,0.7555555555555555,0.8792756539235412,0.4245472837022133,0.04225352112676056
2024,86479,ESPUMOSO,41,0.6737823498609037,1.3761769468042233e-06,0.4525477582961747,0.002970293951219001,0.8506944444444444,1.0,0.6909722222222222,0.9678068410462777,0.7142857142857143,0.9175050301810865
2024,86487,CANDIOTA,64,0.36230551792199744,0.0032612288501371197,0.33709770609893763,0.006452546303872621,0.6909090909090909,1.0,0.8777777777777778,0.5191146881287726,0.5171026156941649,0.9175050301810865
2024,86495,ESTÂNCIA VELHA,65,0.5381992365940919,3.764574620021433e-06,0.448639209460638,0.00017811981830712358,0.878968253968254,0.994047619047619,0.7351190476190477,0.8088531187122736,0.7062374245472837,0.7022132796780685
2024,86509,CAPITÃO,20,0.09723955318231135,0.6833937619412587,0.3019443604868725,0.19572085883654725,0.6262626262626263,0.9797979797979798,0.5353535353535352,0.2112676056338028,0.4647887323943662,0.31388329979879276
2024,86517,ESTEIO,136,0.6211221177907675,7.187187583661399e-16,0.44217859021463124,7.065651544659265e-08,0.8976190476190476,0.996825396825397,0.8301587301587301,0.9255533199195171,0.6901408450704225,0.7847082494969819
2024,86525,CARLOS GOMES,25,0.39777893603868075,0.04893069389132516,0.4622820510185299,0.0199844520163267,0.6701388888888888,1.0,0.6527777777777777,0.5674044265593562,0.7364185110663984,0.9175050301810865
2024,86533,ESTRELA,119,0.27012301992172466,0.0029680539042750997,0.38491314617914874,1.543908159804401e-05,0.75,0.9862119013062409,0.715166908563135,0.40643863179074446,0.5895372233400402,0.46680080482897385
2024,86541,CENTENÁRIO,20,0.2656132430398796,0.2576962114872172,0.44074217472256444,0.0517683523969264,0.6919191919191919,0.9848484848484848,0.5505050505050505,0.3983903420523139,0.6841046277665996,0.4104627766599598
2024,86550,FARROUPILHA,153,0.6114650302576402,4.6545722009600384e-17,0.5703572962492993,1.4040414098968879e-14,0.9490338164251209,0.9946859903381643,0.8144927536231884,0.903420523138833,0.9134808853118712,0.7243460764587525
2024,86568,CHARRUA,23,0.37634221813499236,0.07673449318279958,0.045592647206385166,0.8363472566079346,0.6111111111111112,1.0,0.6468253968253969,0.5392354124748491,0.15492957746478872,0.9175050301810865
2024,86576,FAXINAL DO SOTURNO,37,0.5074168120593526,0.0013482853669211925,0.32772809519023127,0.0476880212024501,0.742063492063492,0.9761904761904762,0.7281746031746031,0.7686116700201208,0.5010060362173038,0.2655935613682093
2024,86584,COLINAS,31,-0.19346149941072843,0.2970521605958748,-0.04698352999930645,0.8018282570406725,0.2904040404040404,0.98989898989899,0.7676767676767676,0.03822937625754527,0.08249496981891348,0.5895372233400402
2024,86592,FELIZ,37,0.41626652512527174,0.01038820621156935,0.44803102944297873,0.00542227868527855,0.626984126984127,0.9523809523809523,0.611111111111111,0.6096579476861167,0.704225352112676,0.05533199195171026
2024,86606,COQUEIROS DO SUL,20,-0.1874071011500431,0.42883158900037077,0.0885605072051893,0.7104261823391896,0.4646464646464647,0.9696969696969697,0.5505050505050505,0.04024144869215292,0.2052313883299799,0.18008048289738432
2024,86614,FLORES DA CUNHA,83,0.1287502671515879,0.2460417401880057,0.14448353666899144,0.1925082469822943,0.5923423423423423,0.996996996996997,0.828078078078078,0.23742454728370221,0.27565392354124746,0.7927565392354124
2024,86622,CORONEL BARROS,35,0.25607415328630484,0.13759122432216828,0.03883226186127055,0.8247227646367579,0.5021367521367521,1.0,0.5769230769230769,0.386317907444668,0.14688128772635814,0.9175050301810865
2024,86630,FONTOURA XAVIER,42,0.4040604614899293,0.007959026906732235,0.4372657650317745,0.003784021722193997,0.6447811447811447,0.9528619528619529,0.6885521885521885,0.5955734406438632,0.6740442655935613,0.06237424547283702
2024,86649,COXILHA,27,0.10230509375348865,0.6116116405095282,-0.1742896537582367,0.38459311908932114,0.4845679012345679,0.9876543209876543,0.7376543209876543,0.2193158953722334,0.028169014084507043,0.506036217303823
2024,86657,FORMIGUEIRO,28,0.5594635333629001,0.0019661093322171142,0.35048143053645114,0.06747275533827893,0.8245614035087719,0.9502923976608186,0.7076023391812866,0.8410462776659959,0.5352112676056338,0.0482897384305835
2024,86665,DERRUBADAS,13,0.187070328279448,0.5405567214203663,0.33379342096892245,0.2650232141179228,0.5555555555555556,0.9722222222222222,0.6944444444444444,0.2937625754527163,0.5130784708249497,0.21227364185110664
2024,86673,FREDERICO WESTPHALEN,62,0.5836462201717374,6.395332016846968e-07,0.5234788273520644,1.4985527213491384e-05,0.8573975044563279,0.9875222816399287,0.7165775401069518,0.869215291750503,0.8370221327967807,0.49295774647887325
2024,86681,DOIS IRMÃOS DAS MISSÕES,21,0.23716704161944657,0.30059934622280926,0.08446509635651116,0.7158446542257112,0.5046296296296297,0.962962962962963,0.7407407407407407,0.3641851106639839,0.20321931589537223,0.11971830985915492
2024,86690,GARIBALDI,84,0.4327623758289366,3.933976021694775e-05,0.3359275800075166,0.001784038258318466,0.7511111111111111,0.9955555555555554,0.8896296296296295,0.6378269617706237,0.5150905432595574,0.7505030181086519
2024,86703,ENGENHO VELHO,17,0.45141758749057637,0.06892939865158457,-0.06198609715588124,0.8131730652032455,0.5763888888888888,0.9027777777777778,0.7569444444444444,0.6659959758551308,0.07243460764587525,0.007042253521126761
2024,86711,GAURAMA,48,0.42697059319687025,0.002473930508950842,0.5074204223002226,0.00023231274045066257,0.5726495726495726,0.9458689458689459,0.8418803418803419,0.6217303822937625,0.8169014084507042,0.04024144869215292
2024,86720,GARRUCHOS,20,0.064783468852175,0.7861216182265867,0.24145897245599968,0.3050876354408156,0.6060606060606061,1.0,0.5505050505050505,0.1851106639839034,0.3843058350100604,0.9175050301810865
2024,86738,GENERAL CÂMARA,43,0.6543126971550133,1.9461249561621384e-06,0.21576576124159408,0.16464752381568265,0.8235294117647058,1.0,0.7973856209150327,0.9496981891348089,0.358148893360161,0.9175050301810865
2024,86746,GENTIL,29,-0.08546534281805485,0.6593519218588132,0.2634109305755616,0.16738951937852573,0.5,0.9583333333333334,0.49444444444444446,0.09054325955734406,0.4124748490945674,0.08551307847082495
2024,86754,SÃO VICENTE DO SUL,33,0.33635333324718536,0.05563507925526963,0.3758335927032947,0.031124503613822713,0.5694444444444444,0.986111111111111,0.6805555555555555,0.4909456740442656,0.579476861167002,0.44668008048289737
2024,86762,GRAMADO DOS LOUREIROS,28,0.2760096262591161,0.15511084180619386,0.23092915614574425,0.23708099276072778,0.6900584795321637,1.0,0.7222222222222222,0.42052313883299797,0.3722334004024145,0.9175050301810865
2024,86770,GETÚLIO VARGAS,44,0.6196870389680665,7.276567171850214e-06,0.4968520538104086,0.0006020175934282143,0.7222222222222222,0.9904761904761905,0.6984126984126984,0.9215291750503019,0.8008048289738431,0.6056338028169014
2024,86789,GRAMADO XAVIER,50,0.33947094017702273,0.01587361799392521,0.4893306215341025,0.00031068035232997414,0.6585365853658536,0.9701897018970189,0.7276422764227642,0.49295774647887325,0.7806841046277666,0.1851106639839034
2024,86797,GIRUÁ,58,0.6085003650160145,4.0362387040140555e-07,0.528507386872751,2.00473453031659e-05,0.8897485493230174,0.9845261121856868,0.6150870406189556,0.8993963782696177,0.8470824949698189,0.4044265593561368
2024,86800,HULHA NEGRA,40,0.13944721102456922,0.390793420181456,0.06184354227964426,0.704618570926596,0.5143369175627239,0.953405017921147,0.6254480286738351,0.2454728370221328,0.17706237424547283,0.06841046277665996
2024,86819,GRAMADO,83,0.5783625779610517,1.027316214255557e-08,0.413469390048768,0.00010227971174232526,0.93993993993994,0.9894894894894896,0.9632132132132132,0.8611670020120724,0.6257545271629779,0.5754527162977867
2024,86827,INHACORÁ,34,-0.10810933309165896,0.542796645441021,0.05438123025208685,0.7637398577279622,0.45777777777777773,0.9733333333333333,0.7466666666666666,0.0744466800804829,0.16700201207243462,0.22736418511066397
2024,86835,GRAVATAÍ,328,0.5946496794992017,9.531612619407968e-33,0.5401522770265422,3.078154849279293e-26,0.8675352877307274,0.995656894679696,0.8066542577943229,0.8913480885311871,0.8672032193158954,0.7545271629778671
2024,86843,ITAPUCA,18,0.2895559450624587,0.24382987884280796,0.33280548924392167,0.17719140926552088,0.7407407407407407,0.9629629629629629,0.6481481481481481,0.42857142857142855,0.5110663983903421,0.11066398390342053
2024,86851,GUAÍBA,279,0.5586652112435835,2.669621375589674e-24,0.4569206852579659,8.495519021451454e-16,0.9481365065110013,0.9925909295015716,0.8364391558149978,0.8370221327967807,0.7303822937625755,0.6720321931589537
2024,86860,LAJEADO DO BUGRE,19,0.47822377031162705,0.038350564712288794,0.2928590105863805,0.22368795343843761,0.7222222222222222,0.9666666666666668,0.7333333333333334,0.7082494969818913,0.45271629778672035,0.1529175050301811
2024,86878,GUAPORÉ,93,0.3214201655288646,0.0016805777321612684,0.30843644868462156,0.0026303988877631078,0.753880266075388,1.0,0.7289356984478935,0.4688128772635815,0.4768611670020121,0.9175050301810865
2024,86886,LAGOA DOS TRÊS CANTOS,20,-0.025245890296166792,0.9158603974061562,0.06368770679132064,0.7896607593931887,0.3787878787878788,0.9696969696969696,0.6414141414141414,0.11670020120724346,0.1790744466800805,0.176056338028169
2024,86894,GUARANI DAS MISSÕES,49,0.4229807357844607,0.0024621637169576186,0.44907278572013387,0.0012094507965958853,0.6888888888888889,0.9861111111111112,0.75,0.6156941649899397,0.7082494969818913,0.45472837022132795
2024,86908,LINDOLFO COLLOR,50,0.0967432318296816,0.5039127429943181,0.1300801197201715,0.36792091456209164,0.5474254742547425,0.9864498644986449,0.7140921409214093,0.20925553319919518,0.2454728370221328,0.46981891348088534
2024,86916,HORIZONTINA,56,0.47218235560507976,0.00023868177780081402,0.5558128862274411,8.709681365225815e-06,0.6855791962174941,0.9810874704491725,0.8250591016548463,0.7002012072434608,0.8913480885311871,0.33400402414486924
2024,86924,LINHA NOVA,19,0.19735874322906277,0.4180111250308925,0.4082419200974625,0.08270316765720619,0.6055555555555555,0.9444444444444444,0.7166666666666667,0.30784708249496984,0.6217303822937625,0.03420523138832998
2024,86932,CHARQUEADAS,134,0.6691591587895638,9.797243284904215e-19,0.5683487977937531,7.900539009177392e-13,0.8321678321678322,0.9942784488239035,0.7724094087730451,0.9637826961770624,0.9114688128772636,0.7062374245472837
2024,86940,MANOEL VIANA,45,0.3646965835184235,0.013773950870776165,0.665355637755385,6.153800365580769e-07,0.7299382716049383,0.9583333333333333,0.6080246913580247,0.5251509054325956,0.9839034205231388,0.08249496981891348
2024,86959,HUMAITÁ,31,0.15465268754872266,0.4061433172722668,0.11117886178861787,0.5515558088876624,0.6616161616161615,1.0,0.6212121212121212,0.2595573440643863,0.22736418511066397,0.9175050301810865
2024,86967,MAQUINÉ,43,0.0731486471394492,0.6411019065508569,0.1708520522638955,0.27333405706157904,0.6290849673202614,0.9836601307189542,0.8218954248366013,0.19517102615694165,0.3058350100603622,0.38832997987927564
2024,86975,IBIAÇÁ,24,0.14092057082528792,0.5113078435856447,0.11196881895207031,0.6024412255548691,0.5333333333333333,0.9703703703703703,0.662962962962963,0.24949698189134809,0.23138832997987926,0.18712273641851107
2024,86983,MARATÁ,30,-0.12068836283507453,0.5252473628476831,0.39961762869465023,0.028679318815404045,0.3941798941798942,0.9841269841269842,0.7513227513227513,0.06237424547283702,0.6116700201207244,0.3993963782696177
2024,86991,IBIRAIARAS,40,0.48445818045569994,0.0015362428131432244,0.4747793393788969,0.001964801206964273,0.7741935483870968,0.9677419354838709,0.611111111111111,0.7243460764587525,0.7565392354124748,0.158953722334004
2024,87009,MARIANA PIMENTEL,54,0.19496390767323063,0.1577259575816979,0.27588160333904177,0.043461864142020794,0.6530864197530863,0.9950617283950618,0.6925925925925925,0.3058350100603622,0.4346076458752515,0.7424547283702213
2024,87017,IBIRUBÁ,72,0.5541363693596958,4.422921265596639e-07,0.4163224669630979,0.0002754033124771634,0.7868852459016393,1.0,0.7980625931445604,0.8309859154929577,0.635814889336016,0.9175050301810865
2024,87025,MATO CASTELHANO,28,0.181999583995085,0.35396929394449494,0.2039156235589422,0.2979628645609824,0.4912280701754386,0.9766081871345029,0.6929824561403509,0.289738430583501,0.3440643863179074,0.27867203219315895
2024,87033,IGREJINHA,87,0.5204181438117769,2.3831217857946234e-07,0.21526595387617523,0.045245235891156456,0.7856125356125355,0.9985754985754985,0.8333333333333334,0.7847082494969819,0.3561368209255533,0.8249496981891348
2024,87041,MATO LEITÃO,44,0.13344456386290776,0.3878296367548034,0.18804746089372146,0.22155752098928183,0.580952380952381,0.9650793650793651,0.673015873015873,0.23943661971830985,0.323943661971831,0.14084507042253522
2024,87050,IJUÍ,126,0.5463257396243527,3.66386769821574e-11,0.4428401020173543,2.0760612893565422e-07,0.8316243928764167,0.9962223421478683,0.7247706422018348,0.8209255533199196,0.6941649899396378,0.7686116700201208
2024,87068,MINAS DO LEÃO,51,0.38966095149042834,0.0047073439910457525,0.22813351522162323,0.1073713115023634,0.7857142857142857,0.9788359788359788,0.701058201058201,0.5513078470824949,0.36619718309859156,0.30784708249496984
2024,87076,ILÓPOLIS,17,0.05766875506701552,0.8259917295679566,0.32098765432098764,0.20903422867422786,0.5555555555555556,1.0,0.6527777777777777,0.1790744466800805,0.48893360160965793,0.9175050301810865
2024,87084,MONTE BELO DO SUL,20,0.19397092401264107,0.41253830811763953,-0.015690111546047686,0.9476533953402192,0.6161616161616161,0.9898989898989898,0.6515151515151515,0.3038229376257545,0.10261569416498995,0.5835010060362174
2024,87092,INDEPENDÊNCIA,47,0.5474923682578606,6.812258626790649e-05,0.5632641267450684,3.756567334919267e-05,0.7514619883040936,0.9883040935672515,0.804093567251462,0.8229376257545271,0.9014084507042254,0.545271629778672
2024,87106,MORMAÇO,36,0.24351297455666585,0.15238414576404355,0.24362766773945202,0.1584423866324507,0.7551440329218106,0.98559670781893,0.6707818930041152,0.3722334004024145,0.39235412474849096,0.43762575452716296
2024,87114,IRAÍ,31,0.03779696921068755,0.8400195654259258,0.20523651279379695,0.26803807493648124,0.43686868686868685,0.994949494949495,0.6161616161616161,0.16297786720321933,0.34808853118712274,0.738430583501006
2024,87122,MORRINHOS DO SUL,18,0.6877652568672825,0.001607322569749748,0.0921893005898612,0.7159902398935418,0.7160493827160495,0.9629629629629629,0.7222222222222223,0.9758551307847082,0.2112676056338028,0.11066398390342053
2024,87130,ITAQUI,80,0.6958981510176416,7.77471063300181e-13,0.389615760505325,0.00035393233267036787,0.8254281949934125,0.9710144927536232,0.7924901185770751,0.9798792756539235,0.5975855130784709,0.19416498993963782
2024,87149,MORRO REUTER,27,0.3220882345570348,0.10133308838649042,0.07876187557462458,0.6961663240181616,0.617283950617284,0.9876543209876543,0.558641975308642,0.4708249496981891,0.193158953722334,0.506036217303823
2024,87157,ITATIBA DO SUL,15,-0.0018269602381046739,0.9948442180987269,-0.20077789333324123,0.4730617295560964,0.46296296296296297,0.962962962962963,0.7222222222222223,0.13279678068410464,0.026156941649899398,0.11971830985915492
2024,87165,MULITERNO,27,-0.09491931069513466,0.6376816804011174,-0.11790033260045894,0.5580850860379333,0.5,0.9722222222222221,0.558641975308642,0.08048289738430583,0.056338028169014086,0.2022132796780684
2024,87173,IVOTI,41,0.25806059491104044,0.10330905178406243,0.26522198509855727,0.09375901631876146,0.6475694444444444,0.9861111111111112,0.7760416666666667,0.3903420523138833,0.41448692152917505,0.45472837022132795
2024,87181,NICOLAU VERGUEIRO,24,0.35014117958984703,0.09347556586456825,0.13605843486805858,0.5261308200945053,0.6592592592592592,0.9703703703703704,0.6000000000000001,0.5050301810865191,0.2575452716297787,0.19014084507042253
2024,87190,JACUTINGA,34,0.21337724207626618,0.22563926346768798,0.2793886901238618,0.10955026721702986,0.5711111111111111,1.0,0.6066666666666667,0.32796780684104626,0.44064386317907445,0.9175050301810865
2024,87203,NOVA BOA VISTA,28,-0.04569906281951902,0.8173830570856704,-0.3417758398850177,0.07505977556346384,0.3654970760233919,0.9532163742690059,0.46783625730994155,0.10462776659959759,0.014084507042253521,0.06539235412474849
2024,87211,JAGUARÃO,70,0.535650531033394,1.7684907087056962e-06,0.4038772259861841,0.0005259239413675171,0.7759562841530054,0.9963570127504554,0.7550091074681238,0.8048289738430584,0.6177062374245473,0.7766599597585513
2024,87220,NOVA PÁDUA,38,0.23589923630835663,0.1539212206499509,0.2427263225003934,0.1420110034130127,0.5363984674329502,0.9674329501915708,0.6724137931034482,0.358148893360161,0.38832997987927564,0.15593561368209255
2024,87238,JAGUARI,32,0.4263573646201535,0.01496184511660172,0.352838964143514,0.04761662974014745,0.6859903381642513,0.9879227053140096,0.6787439613526569,0.6197183098591549,0.5392354124748491,0.5291750503018109
2024,87246,NOVA SANTA RITA,101,0.6102261358380449,1.249371014306811e-11,0.5635711638627519,8.468667435116341e-10,0.8464646464646465,0.9858585858585859,0.8853535353535353,0.9014084507042254,0.903420523138833,0.4426559356136821
2024,87254,JÚLIO DE CASTILHOS,72,0.36857180938980044,0.001444279348549274,0.3312449809699462,0.004479936896389195,0.8055141579731744,0.9977645305514159,0.7004470938897168,0.5352112676056338,0.5070422535211268,0.8108651911468813
2024,87262,NOVO BARREIRO,40,0.291787894293058,0.06771569181893264,0.39067289493556273,0.012687605977082118,0.664874551971326,0.982078853046595,0.6630824372759857,0.4305835010060362,0.5995975855130785,0.36016096579476864
2024,87270,LAGOA VERMELHA,87,0.4742599363002826,3.4778769982582535e-06,0.239956101684555,0.026059826898468808,0.7332535885167464,0.9880382775119617,0.7990430622009569,0.704225352112676,0.3822937625754527,0.5352112676056338
2024,87289,NOVO MACHADO,29,0.0683750159186695,0.7245180503513394,0.1538556763859327,0.42553549112312555,0.5083333333333333,0.9944444444444444,0.6083333333333333,0.1891348088531187,0.289738430583501,0.7132796780684104
2024,87297,LAJEADO,108,0.43205718928177067,3.0248953361839913e-06,0.43659609062878435,2.5854239637273434e-06,0.8053763440860215,0.9978494623655915,0.7663082437275985,0.635814889336016,0.6720321931589537,0.8148893360160966
2024,87300,NOVO TIRADENTES,20,0.40176323679110587,0.07910452426494015,-0.14974658110531747,0.528606062661361,0.6565656565656566,0.9595959595959596,0.6919191919191918,0.5814889336016097,0.04426559356136821,0.0925553319919517
2024,87319,LAVRAS DO SUL,48,0.2170547271091471,0.13836935745170517,0.14274815886619435,0.3331006039298287,0.757834757834758,0.9999999999999999,0.7478632478632479,0.33400402414486924,0.2716297786720322,0.8329979879275654
2024,87327,PARECI NOVO,33,0.08980274100479799,0.6191945105580013,-0.0074005770503829385,0.9673960835917795,0.44212962962962965,0.9907407407407408,0.5902777777777778,0.2052313883299799,0.10663983903420524,0.6217303822937625
2024,87335,LIBERATO SALZANO,36,0.4509312571511403,0.00577750670441238,0.4385809211753821,0.007457558559060089,0.7407407407407406,0.9547325102880658,0.6728395061728395,0.6639839034205232,0.676056338028169,0.0744466800804829
2024,87343,PASSO DO SOBRADO,54,-0.02360370750805585,0.8654693628271701,0.2878713329175252,0.03478744501444422,0.5506172839506174,0.9802469135802468,0.7209876543209877,0.11871227364185111,0.44668008048289737,0.317907444668008
2024,87351,MACHADINHO,36,0.22795632564589843,0.18117313854674524,0.42842770392228047,0.009136581832911496,0.4938271604938272,0.9958847736625515,0.6934156378600823,0.352112676056338,0.6498993963782697,0.7585513078470825
2024,87360,PICADA CAFÉ,31,-0.14975261930973663,0.42135494177746835,-0.048044823849125624,0.7974431539173844,0.4671717171717172,0.9595959595959596,0.5580808080808081,0.05432595573440644,0.08048289738430583,0.0925553319919517
2024,87378,MARAU,62,0.6130811481761528,1.1772242029069381e-07,0.5806479306039756,7.528550830177813e-07,0.7683438155136267,0.9937106918238994,0.8228511530398324,0.9094567404426559,0.9215291750503019,0.6921529175050302
2024,87386,PINHAL GRANDE,33,0.2981400581207178,0.09194688590886683,0.05386363394715279,0.7659257910365588,0.6273148148148149,0.9907407407407407,0.6574074074074073,0.4386317907444668,0.16498993963782696,0.613682092555332
2024,87394,MARCELINO RAMOS,27,0.4465680588087258,0.019539837510487858,0.49097006941420335,0.009310909762736968,0.8024691358024691,0.9938271604938271,0.6944444444444444,0.6599597585513078,0.7847082494969819,0.6971830985915493
2024,87408,PINHEIRINHO DO VALE,23,-0.24645110328440378,0.25695386266470205,0.4521219578264017,0.030313262365931726,0.34920634920634924,1.0,0.7420634920634921,0.030181086519114688,0.7122736418511066,0.9175050301810865
2024,87416,MARIANO MORO,22,0.36823695029003206,0.09175478373901563,-0.1727405975848143,0.4420494368225846,0.6239316239316239,0.9487179487179487,0.6837606837606838,0.5331991951710262,0.030181086519114688,0.04426559356136821
2024,87424,PONTÃO,22,0.3805486243026978,0.08060794803173267,0.3199547789546324,0.14661240139230858,0.7435897435897436,0.9658119658119658,0.5854700854700855,0.5432595573440644,0.4869215291750503,0.14788732394366197
2024,87432,MATA,36,0.2927614728767536,0.08313652783359654,0.3248980655306336,0.053186091505351564,0.5884773662551441,0.9876543209876544,0.779835390946502,0.43259557344064387,0.4949698189134809,0.5221327967806841
2024,87440,PONTE PRETA,22,-0.2248751685289922,0.3143421436698714,0.0005683484426796764,0.997997175538656,0.3205128205128205,0.982905982905983,0.6282051282051282,0.03420523138832998,0.12072434607645875,0.3732394366197183
2024,87459,MAXIMILIANO DE ALMEIDA,30,0.2373151307023336,0.2066868256515347,0.055524476915219445,0.770728321022055,0.4841269841269841,0.9894179894179895,0.7328042328042328,0.36619718309859156,0.16901408450704225,0.5734406438631791
2024,87467,PORTO MAUÁ,25,-0.2678984627538156,0.19541174540157868,-0.0009725734476930383,0.9963186607427436,0.48611111111111105,0.875,0.6076388888888888,0.022132796780684104,0.11871227364185111,0.004024144869215292
2024,87475,MIRAGUAÍ,41,0.21102197499132105,0.18537542360909456,0.371760248309287,0.016697991648995162,0.6475694444444444,0.9739583333333334,0.7934027777777777,0.323943661971831,0.5754527162977867,0.23541247484909456
2024,87483,PORTO VERA CRUZ,26,0.3160897683289122,0.11569046202500347,0.05369286630230861,0.794475161965435,0.6470588235294119,0.9607843137254901,0.6568627450980392,0.4647887323943662,0.16297786720321933,0.1006036217303823
2024,87491,MONTENEGRO,93,0.6508921233456795,1.6309525541637866e-12,0.5654869019020271,4.275770176829672e-09,0.8789156626506024,0.9903614457831326,0.7825301204819277,0.9456740442655935,0.9094567404426559,0.6036217303822937
2024,87505,PRESIDENTE LUCENA,23,0.10798045730568148,0.6238401460680773,0.08296243805514314,0.7066673454866619,0.48015873015873023,0.9603174603174602,0.5793650793650793,0.22334004024144868,0.19919517102615694,0.096579476861167
2024,87513,MOSTARDAS,39,0.7089786415629112,4.3861668010328425e-07,0.701733869824599,6.450073560333597e-07,0.9296296296296297,0.9962962962962962,0.5666666666666667,0.9839034205231388,0.9919517102615694,0.772635814889336
2024,87521,QUEVEDOS,35,0.40217114869993675,0.016621420123758546,0.14925570591474419,0.39213700836236043,0.7585470085470085,0.9786324786324787,0.8354700854700855,0.5835010060362174,0.2837022132796781,0.3058350100603622
2024,87530,MUÇUM,31,0.180565776412649,0.33102327109664326,0.4015205646521019,0.02516480516275087,0.6287878787878789,0.9873737373737375,0.7525252525252526,0.28772635814889336,0.613682092555332,0.4909456740442656
2024,87548,RIO DOS ÍNDIOS,18,0.03305785123966942,0.8963936027888185,-0.026534859521331947,0.9167618903418732,0.46296296296296297,1.0,0.7839506172839507,0.15694164989939638,0.09054325955734406,0.9175050301810865
2024,87556,NÃO-ME-TOQUE,38,0.631631717240147,2.1122552792056828e-05,0.46290078163902243,0.003428499831688764,0.7758620689655171,0.9770114942528735,0.6724137931034482,0.937625754527163,0.7404426559356136,0.2857142857142857
2024,87564,SAGRADA FAMÍLIA,31,0.26137154631167947,0.15552614899775918,0.3615510823099852,0.04566337885932221,0.6338383838383838,1.0,0.5505050505050505,0.39436619718309857,0.5553319919517102,0.9175050301810865
2024,87572,NONOAI,53,0.6187603128947781,7.885887747516197e-07,0.3842773247693628,0.004499495548532208,0.8547979797979798,0.994949494949495,0.8661616161616161,0.9154929577464789,0.5875251509054326,0.738430583501006
2024,87580,SALVADOR DAS MISSÕES,21,0.5590773947908909,0.008419462952233078,0.5647652278648014,0.007643333950252986,0.9027777777777778,0.962962962962963,0.8472222222222222,0.8390342052313883,0.9074446680080482,0.11971830985915492
2024,87599,NOVA ARAÇÁ,36,0.2211557085686635,0.19489828783359778,0.21360954096073645,0.21096234807093595,0.6049382716049383,0.9876543209876544,0.6893004115226338,0.3440643863179074,0.352112676056338,0.5221327967806841
2024,87602,SANTA CLARA DO SUL,51,0.4524268103093458,0.0008584474362723185,-0.0038346263201683483,0.9786943153736827,0.6441798941798942,0.9761904761904762,0.6666666666666666,0.6680080482897385,0.11267605633802817,0.2655935613682093
2024,87610,NOVA BASSANO,20,0.4787050210201521,0.03273779499492883,0.5009496684719986,0.02445376067905846,0.7373737373737372,1.0,0.5505050505050505,0.710261569416499,0.8048289738430584,0.9175050301810865
2024,87629,SANTA TEREZA,16,0.30839575575348904,0.2451868250539792,0.24188019518583562,0.36676769666316844,0.5634920634920635,1.0,0.42063492063492064,0.4567404426559356,0.386317907444668,0.9175050301810865
2024,87637,NOVA BRÉSCIA,17,-0.7342307054329799,0.000790857496508883,-0.7103776092668797,0.001395196576710731,0.027777777777777776,1.0,0.5972222222222221,0.002012072434607646,0.004024144869215292,0.9175050301810865
2024,87645,SANTO ANTÔNIO DO PALMA,35,0.5788460269437695,0.00026961204182256496,0.2720913045298622,0.11382042117003104,0.6517094017094016,0.9444444444444444,0.670940170940171,0.8631790744466801,0.42052313883299797,0.03420523138832998
2024,87653,NOVA PALMA,30,0.2549344626328721,0.17395955853923056,0.006077751401669196,0.9745717958465914,0.6296296296296297,0.9841269841269841,0.7645502645502645,0.3822937625754527,0.12474849094567404,0.39436619718309857
2024,87661,SANTO ANTÔNIO DO PLANALTO,31,0.3321561917825594,0.06791150461571889,0.306141855063732,0.09394024526188355,0.6161616161616161,0.9646464646464646,0.6111111111111112,0.48490945674044267,0.4708249496981891,0.13883299798792756
2024,87670,NOVA PETRÓPOLIS,66,0.2246471884444633,0.06976596978482073,0.28092278112419977,0.022321992404634623,0.6569200779727096,0.9619883040935673,0.5477582846003899,0.34808853118712274,0.4426559356136821,0.10663983903420524
2024,87688,SANTO EXPEDITO DO SUL,20,-0.019864809235549806,0.9337516495822089,-0.08832856003349628,0.7111533789126426,0.40909090909090917,0.9949494949494949,0.5555555555555556,0.12072434607645875,0.060362173038229376,0.7334004024144869
2024,87696,NOVA PRATA,70,0.26941853787843056,0.024107550890282985,0.35230181318664877,0.002780428500501503,0.6194144838212634,0.9768875192604006,0.5885978428351311,0.4044265593561368,0.5372233400402414,0.2837022132796781
2024,87700,SÃO JOÃO DO POLÊSINE,27,0.3645405180144647,0.061554105094331506,0.15478931747606178,0.44075795048853816,0.6388888888888888,0.9876543209876543,0.7376543209876544,0.5231388329979879,0.2917505030181087,0.506036217303823
2024,87718,NOVO HAMBURGO,151,0.7263892581064357,4.8324216049795635e-26,0.6013070141201251,3.247249064330607e-16,0.8832116788321167,0.9854014598540146,0.7617309697601669,0.9919517102615694,0.9436619718309859,0.4305835010060362
2024,87726,SÃO JOSÉ DOS AUSENTES,33,0.27876000373160553,0.11619868305636852,0.23182338536685979,0.19423802522360756,0.5879629629629629,0.9768518518518517,0.613425925925926,0.4225352112676056,0.37424547283702214,0.28169014084507044
2024,87734,OSÓRIO,87,0.541982820780021,5.909340676348484e-08,0.6447127649013146,1.596934077582588e-11,0.8305613305613305,0.996881496881497,0.8487525987525988,0.8148893360160966,0.971830985915493,0.7887323943661971
2024,87742,SÃO JOSÉ DO INHACORÁ,31,-0.08872066505961639,0.6350621173327378,-0.1565080098218286,0.40046585758018793,0.30808080808080807,0.994949494949495,0.5505050505050505,0.08651911468812877,0.03822937625754527,0.738430583501006
2024,87750,PAIM FILHO,24,0.2721531691044293,0.19825272535009572,0.3459625457197187,0.09772625552682318,0.6222222222222222,1.0,0.6481481481481481,0.41448692152917505,0.5251509054325956,0.9175050301810865
2024,87769,SÃO JOSÉ DAS MISSÕES,28,-0.03925692918574305,0.8427841360210112,0.44528864969681203,0.017569515277585445,0.4239766081871345,0.9766081871345029,0.6988304093567251,0.10663983903420524,0.7002012072434608,0.27867203219315895
2024,87777,PALMEIRA DAS MISSÕES,85,0.39006892514737146,0.00022396711011768387,0.48194586527082883,3.0107874853568087e-06,0.780982905982906,0.985042735042735,0.7900641025641025,0.5533199195171026,0.7706237424547284,0.41448692152917505
2024,87785,SÃO MARTINHO DA SERRA,43,0.36599184271215685,0.015793520663096493,0.1814945335156343,0.2441105525980532,0.7418300653594772,0.9983660130718954,0.7630718954248366,0.5271629778672032,0.31388329979879276,0.8229376257545271
2024,87793,PALMITINHO,54,0.019334523166872557,0.8896338243719067,0.06758438922399117,0.6272672585206581,0.4444444444444444,0.9876543209876543,0.6172839506172839,0.1448692152917505,0.18309859154929578,0.506036217303823
2024,87807,SÃO PEDRO DA SERRA,17,0.23754066547628028,0.3585971969242964,0.455668134560416,0.06603803207245634,0.6111111111111112,1.0,0.5833333333333333,0.3682092555331992,0.7263581488933601,0.9175050301810865
2024,87815,PANAMBI,104,0.4401051309323033,2.9418069279147377e-06,0.429545441313561,5.35911447505481e-06,0.8368554522400676,0.9915469146238377,0.6686390532544378,0.6458752515090543,0.6559356136820925,0.641851106639839
2024,87823,SÃO PEDRO DO BUTIÁ,18,0.07168948213839117,0.7774216006953555,-0.0202810333530873,0.9363362855602466,0.4814814814814815,1.0,0.5,0.19114688128772636,0.09456740442655935,0.9175050301810865
2024,87831,PARAÍ,18,0.5571539320311222,0.016305212303653904,0.6625664671577303,0.002732712639322138,0.8024691358024691,1.0,0.5,0.8350100603621731,0.9798792756539235,0.9175050301810865
2024,87840,SÃO VALENTIM DO SUL,28,0.5544294596936794,0.0022016531174000754,-0.1469945493079787,0.45540866325686336,0.7836257309941521,0.9912280701754386,0.827485380116959,0.8329979879275654,0.04627766599597585,0.6277665995975855
2024,87858,PASSO FUNDO,217,0.6221713621257013,1.2100116415416204e-24,0.620338296302757,1.8080552146958705e-24,0.9084062196307093,0.9968415937803692,0.6893828960155491,0.9275653923541247,0.9577464788732394,0.7867203219315896
2024,87866,SÃO VALÉRIO DO SUL,23,0.22781428450214108,0.2958113854997807,0.44190883539341974,0.034753991256154436,0.5476190476190477,0.9682539682539683,0.6150793650793651,0.3501006036217304,0.6861167002012073,0.1619718309859155
2024,87874,PEDRO OSÓRIO,53,0.34711160744981595,0.010881829834292037,0.3036878413051244,0.02705938788361409,0.6578282828282829,0.9873737373737373,0.6931818181818182,0.5010060362173038,0.46680080482897385,0.48893360160965793
2024,87882,SENTINELA DO SUL,45,0.18744446652993677,0.21757737241708658,0.17861872022287045,0.24040994863995796,0.7083333333333333,0.933641975308642,0.7083333333333333,0.2977867203219316,0.30985915492957744,0.022132796780684104
2024,87890,PEJUÇARA,21,0.010201400501933439,0.9649944550349819,-0.032463261485453004,0.8889031872733156,0.43518518518518523,0.9861111111111112,0.5138888888888888,0.13682092555331993,0.08651911468812877,0.45472837022132795
2024,87904,SÉRIO,37,0.3052332078299706,0.06620223253189515,0.02133248410391778,0.9002695516445572,0.6249999999999999,0.9722222222222222,0.6567460317460316,0.45271629778672035,0.13682092555331993,0.21227364185110664
2024,87912,PELOTAS,252,0.6676546369712337,6.883892665893615e-34,0.5796340048266493,5.117360190800142e-24,0.9204287775716347,0.997732426303855,0.733044733044733,0.9617706237424547,0.9195171026156942,0.8088531187122736
2024,87920,SERTÃO SANTANA,33,0.09765167199070766,0.5887618284156569,0.2913306492730747,0.09998215818638852,0.4861111111111111,0.9907407407407407,0.6342592592592592,0.2152917505030181,0.4507042253521127,0.613682092555332
2024,87939,PINHEIRO MACHADO,52,0.5956919957936024,3.182107306973938e-06,0.5444713890959765,3.0108242430505585e-05,0.7700258397932817,0.9819121447028424,0.6537467700258398,0.8933601609657947,0.8712273641851107,0.3561368209255533
2024,87947,SINIMBU,61,0.2579470607902281,0.044743505419425,0.1909838585888872,0.14037877280046626,0.6570512820512822,0.9615384615384615,0.6666666666666666,0.38832997987927564,0.32595573440643866,0.10462776659959759
2024,87955,PIRATINI,47,0.45630170158868133,0.001265677386413455,0.4714326493291047,0.0008231274028199561,0.8114035087719299,1.0,0.793859649122807,0.6720321931589537,0.7505030181086519,0.9175050301810865
2024,87963,TIRADENTES DO SUL,46,0.317957341476681,0.03128948202760845,0.3629250199286907,0.013178793686928075,0.6381381381381381,0.9879879879879879,0.6456456456456456,0.46680080482897385,0.5593561368209256,0.5331991951710262
2024,87971,PLANALTO,43,0.4110470714164031,0.00617807589913936,0.3636221507437456,0.01792864149284263,0.6486928104575164,0.9950980392156863,0.6062091503267973,0.5995975855130785,0.5633802816901409,0.744466800804829
2024,87980,TRAVESSEIRO,13,-0.11326139712251512,0.712566687711474,0.268702184670875,0.37470834060873537,0.4861111111111111,1.0,0.6944444444444444,0.06841046277665996,0.41851106639839036,0.9175050301810865
2024,87998,PORTÃO,70,0.5792391714628631,1.4932052410019612e-07,0.4985887620186351,1.3003797212100542e-05,0.9106317411402156,0.9861325115562404,0.7041602465331279,0.8651911468812877,0.8028169014084507,0.4647887323943662
2024,88005,TRÊS FORQUILHAS,29,0.0429047002593539,0.8251024179417464,0.30728340929043335,0.10491268614086417,0.5944444444444444,0.9527777777777777,0.7527777777777778,0.16700201207243462,0.47283702213279677,0.060362173038229376
2024,88013,PORTO ALEGRE,511,0.7117565358853211,4.1208322820651514e-80,0.66497363496062,1.6042532519646152e-66,0.9489795918367346,0.9972388955582233,0.7521308523409364,0.9879275653923542,0.9818913480885312,0.7967806841046278
2024,88021,TUPANCI DO SUL,22,0.42914080442203273,0.04626166544290578,0.08283921018837272,0.7139914204326094,0.6752136752136753,0.9401709401709402,0.8589743589743589,0.6297786720321932,0.19718309859154928,0.030181086519114688
2024,88030,PORTO LUCENA,24,0.3904426780495782,0.05925192131163572,0.3216323258290292,0.12537201468945702,0.7481481481481481,0.9629629629629629,0.6814814814814814,0.5553319919517102,0.4909456740442656,0.11066398390342053
2024,88048,UNIÃO DA SERRA,23,-0.25193704621527696,0.2461735483986377,-0.40934426496793147,0.052424735251779174,0.5,0.9761904761904762,0.5515873015873016,0.028169014084507043,0.006036217303822937,0.2655935613682093
2024,88056,PORTO XAVIER,26,0.2791175328913923,0.16732354302463226,0.4708707080721285,0.015187022629571811,0.7516339869281046,1.0,0.5392156862745098,0.4245472837022133,0.7484909456740443,0.9175050301810865
2024,88064,VALE DO SOL,48,0.6664316062106476,2.3340901818732738e-07,0.5384869034797333,7.879086347366683e-05,0.8304843304843305,0.9871794871794872,0.8062678062678063,0.959758551307847,0.8571428571428571,0.482897384305835
2024,88072,PUTINGA,24,0.2704263464888949,0.20122754320234376,0.012702683024150445,0.9530235880095506,0.674074074074074,1.0,0.5962962962962963,0.4084507042253521,0.12877263581488935,0.9175050301810865
2024,88080,VALE REAL,38,-0.04843904750210407,0.7727396695826826,0.5932960435466393,8.645808398003048e-05,0.31800766283524906,0.9674329501915708,0.7988505747126436,0.10261569416498995,0.9336016096579477,0.15593561368209255
2024,88099,QUARAÍ,126,0.6443462709406386,3.9426274529897086e-16,0.4703714062975668,2.7366788382438765e-08,0.8553359683794466,0.9944664031620554,0.7913043478260869,0.9436619718309859,0.7464788732394366,0.7223340040241448
2024,88102,VILA NOVA DO SUL,28,0.26304993281094835,0.17623835401983431,0.1463145143035933,0.45751958802750864,0.6345029239766082,1.0,0.48245614035087714,0.3963782696177062,0.2776659959758551,0.9175050301810865
2024,88110,REDENTORA,47,0.21994998421072207,0.13739630400194178,0.34385145866878464,0.017956633403151012,0.5248538011695907,0.9883040935672515,0.7280701754385964,0.34004024144869216,0.5231388329979879,0.545271629778672
2024,88129,VITÓRIA DAS MISSÕES,22,0.09731277919255034,0.6665997987329726,0.15696472317712093,0.48542877000857665,0.5341880341880341,0.9914529914529915,0.6923076923076924,0.21327967806841047,0.29577464788732394,0.6388329979879276
2024,88137,RESTINGA SÊCA,41,0.4902829716048838,0.001137637974541132,0.3380436899215594,0.03064266760188074,0.6822916666666666,1.0,0.6319444444444444,0.7344064386317908,0.5191146881287726,0.9175050301810865
2024,88145,XANGRI-LÁ,59,0.5749546978900253,1.9106045779566834e-06,0.6473952151420314,3.003994232198237e-08,0.9022222222222221,0.9933333333333333,0.7133333333333334,0.8571428571428571,0.9738430583501007,0.6800804828973843
2024,88153,RIO GRANDE,267,0.59147104814495,1.3815324396885086e-26,0.5213806196124753,5.17285182117578e-20,0.9154084397986836,0.9977739063104917,0.7631629887727448,0.8873239436619719,0.8309859154929577,0.8128772635814889
2024,88161,BOA VISTA DO SUL,23,0.0868711570778665,0.6934831704947765,0.038895870494998784,0.8601355312560814,0.5595238095238094,0.9920634920634921,0.5436507936507936,0.2012072434607646,0.1488933601609658,0.6639839034205232
2024,88170,RIO PARDO,109,0.5751612743646806,6.103785410313981e-11,0.4761234602354028,1.6697316374280446e-07,0.8341346153846154,0.9943910256410257,0.6854967948717949,0.8591549295774648,0.7605633802816901,0.710261569416499
2024,88188,DILERMANDO DE AGUIAR,46,0.5958705051991525,1.2480241016067966e-05,0.5192135583240397,0.000217900126576485,0.7972972972972973,0.972972972972973,0.6381381381381381,0.8953722334004024,0.8289738430583501,0.2243460764587525
2024,88196,ROCA SALES,43,0.034159622814359795,0.8278480225848284,0.1261326308553676,0.42026537011189374,0.576797385620915,0.9901960784313725,0.6797385620915032,0.158953722334004,0.2414486921529175,0.5955734406438632
2024,88200,CAPIVARI DO SUL,43,0.5326432297945556,0.00023613063533025014,0.6320240284143945,5.473555734279906e-06,0.7418300653594772,0.9607843137254903,0.6535947712418301,0.8008048289738431,0.9617706237424547,0.10261569416498995
2024,88218,RODEIO BONITO,33,0.40343466480428614,0.019905290408646994,0.18479316154136505,0.303233187041352,0.6412037037037037,0.9722222222222222,0.6805555555555555,0.5915492957746479,0.317907444668008,0.21227364185110664
2024,88226,NOVA CANDELÁRIA,22,0.3880259968343563,0.07435255512409354,0.5871190339275445,0.004070055853207911,0.6666666666666666,0.9743589743589743,0.6965811965811967,0.5472837022132797,0.9275653923541247,0.23943661971830985
2024,88234,ROLANTE,74,0.44485705960681626,7.154525934219738e-05,0.5752723085961472,8.270101212853203e-08,0.882051282051282,0.9982905982905983,0.8521367521367521,0.6579476861167002,0.9175050301810865,0.8209255533199196
2024,88242,FLORIANO PEIXOTO,23,0.3537219130819645,0.09775805493418567,0.5458242712078214,0.00705668306022074,0.6349206349206349,0.9523809523809523,0.6785714285714286,0.5110663983903421,0.8772635814889336,0.05533199195171026
2024,88250,RONDA ALTA,26,0.4588818668537148,0.018374420177109323,0.5815076850363836,0.0018345323137056203,0.718954248366013,1.0,0.4738562091503268,0.6800804828973843,0.9235412474849095,0.9175050301810865
2024,88269,CHUVISCA,31,0.5904416332995218,0.00047117010519008963,0.44610687253970893,0.011888557584827583,0.8585858585858586,0.9494949494949495,0.6717171717171717,0.8853118712273642,0.7022132796780685,0.04627766599597585
2024,88277,RONDINHA,18,0.04446752013459187,0.8609214177214913,0.14911398433619152,0.5548309666949753,0.40740740740740744,1.0,0.7469135802469136,0.16901408450704225,0.28169014084507044,0.9175050301810865
2024,88285,ESPERANÇA DO SUL,13,0.15448290557239383,0.6143206424715575,0.4433718574398801,0.1291430870999428,0.7222222222222222,1.0,0.5138888888888888,0.2575452716297787,0.6981891348088531,0.9175050301810865
2024,88293,ROQUE GONZALES,20,0.33006819703507007,0.1552406003605957,0.4160982701214274,0.06803064700795601,0.6313131313131313,0.9797979797979798,0.5505050505050505,0.4768611670020121,0.6297786720321932,0.31388329979879276
2024,88307,DOUTOR RICARDO,28,0.14896313400063352,0.449327085737656,0.052893961867331,0.7892267930842325,0.5321637426900585,1.0,0.6169590643274854,0.2535211267605634,0.16096579476861167,0.9175050301810865
2024,88315,ROSÁRIO DO SUL,104,0.7242315763497058,3.690936987845231e-18,0.6798395658529587,2.0981903928052432e-15,0.9163144547759933,0.9919695688926458,0.7383770076077768,0.9899396378269618,0.9879275653923542,0.6559356136820925
2024,88323,HERVEIRAS,29,-0.03413852600443678,0.8604464756931327,-0.16437338436743656,0.3941815577985644,0.4138888888888889,0.9555555555555555,0.6555555555555556,0.11066398390342053,0.03621730382293763,0.07645875251509054
2024,88331,SALVADOR DO SUL,32,0.4422600974567224,0.011261352696670928,0.1400922253996709,0.44442957164310504,0.7318840579710145,0.9951690821256038,0.7681159420289855,0.6519114688128773,0.26156941649899396,0.7464788732394366
2024,88340,CARAÁ,50,0.17574287282352608,0.22216672003051102,0.28760791239878314,0.042839625678117846,0.6964769647696477,1.0,0.6829268292682927,0.2837022132796781,0.44466800804828976,0.9175050301810865
2024,88358,SANANDUVA,49,0.5087124016248482,0.00018976131283707974,0.4200271283291689,0.002659267155174969,0.7069444444444444,0.9638888888888889,0.625,0.7706237424547284,0.6438631790744467,0.12877263581488935
2024,88366,FAZENDA VILANOVA,34,0.39579651729441206,0.020499806077441354,0.6308682354755092,6.338893350964033e-05,0.6733333333333333,1.0,0.7244444444444443,0.5633802816901409,0.959758551307847,0.9175050301810865
2024,88374,SANTA BÁRBARA DO SUL,39,0.23917118671285625,0.14253765522055253,0.5128871401170465,0.0008420551727000757,0.5777777777777777,0.9888888888888889,0.6685185185185185,0.3702213279678068,0.8209255533199196,0.5633802816901409
2024,88382,ITAARA,47,0.3935000916374846,0.006211226470347559,0.35599183914449134,0.014053806765610029,0.8011695906432749,0.9853801169590644,0.672514619883041,0.5593561368209256,0.5472837022132797,0.4275653923541248
2024,88390,SANTA CRUZ DO SUL,194,0.5296321724465828,2.016264626186175e-15,0.3967797804653204,1.01832320194949e-08,0.8190428713858425,0.9976736457294783,0.7110335659687603,0.7967806841046278,0.6056338028169014,0.806841046277666
2024,88404,ESTRELA VELHA,18,0.2330062078180856,0.35211816277764474,0.10861738754193881,0.6679126040137551,0.6728395061728395,0.9814814814814814,0.6481481481481481,0.3561368209255533,0.22334004024144868,0.34305835010060365
2024,88412,SANTA MARIA,258,0.592728505358851,7.25744307356072e-26,0.5257554102785258,9.698092557496933e-20,0.9269640345589713,0.9933694996986137,0.7095639943741209,0.8893360160965795,0.8450704225352113,0.682092555331992
2024,88420,BENJAMIN CONSTANT DO SUL,11,0.14779768551691141,0.6645229166570565,0.14813473882925113,0.6637966913727299,0.5555555555555556,1.0,0.5277777777777778,0.2515090543259557,0.2796780684104628,0.9175050301810865
2024,88439,SANTANA DA BOA VISTA,47,0.6005798554648345,8.084484514050597e-06,0.30838920638681594,0.03494601782667215,0.8421052631578947,0.9824561403508772,0.7821637426900585,0.89738430583501,0.47484909456740443,0.369215291750503
2024,88447,MAÇAMBARÁ,37,0.4010077059869591,0.013904137529261201,0.7058263417843827,1.0626400381739939e-06,0.7797619047619048,0.996031746031746,0.7142857142857143,0.5754527162977867,0.993963782696177,0.7625754527162978
2024,88455,SANT'ANA DO LIVRAMENTO,149,0.620399953631833,3.2213894468191324e-17,0.5240840767529206,6.924415273667378e-12,0.9050802139037434,0.9893048128342246,0.7466577540106951,0.9235412474849095,0.8430583501006036,0.5674044265593562
2024,88463,DOM PEDRO DE ALCÂNTARA,22,0.4419263433708355,0.03947289299532233,0.19492009132420088,0.38469903900385666,0.670940170940171,0.9871794871794872,0.6367521367521367,0.6498993963782697,0.3299798792756539,0.482897384305835
2024,88471,SANTA ROSA,117,0.6253251931857483,4.82099382657364e-14,0.5400577082568223,3.2993631798887024e-10,0.8457516339869281,0.9823529411764707,0.7833333333333333,0.9336016096579477,0.8651911468812877,0.36217303822937624
2024,88480,UNISTALDA,17,0.37484662576687117,0.13820897723447578,0.2789969200375286,0.27817424685506065,0.6666666666666666,0.9861111111111112,0.7083333333333333,0.5372233400402414,0.4386317907444668,0.45472837022132795
2024,88498,SANTA VITÓRIA DO PALMAR,97,0.57245946269431,9.00293069567541e-10,0.5381323862179251,1.3105514395454678e-08,0.8278388278388278,0.9853479853479854,0.782967032967033,0.8551307847082495,0.8551307847082495,0.4245472837022133
2024,88501,TURUÇU,32,-0.14445676895745566,0.4302233114622101,0.06461398041343175,0.7253354507065315,0.42995169082125606,0.9903381642512078,0.6086956521739131,0.060362173038229376,0.18108651911468812,0.6006036217303823
2024,88510,SANTIAGO,85,0.5430052522452885,7.913610057203955e-08,0.5339745371505487,1.4191474925582277e-07,0.8723290598290598,0.982905982905983,0.7558760683760684,0.8169014084507042,0.8511066398390342,0.3732394366197183
2024,88528,CRISTAL DO SUL,20,0.253466628523427,0.28090817908231086,0.4327370707109133,0.056684958359008046,0.6363636363636364,0.9898989898989898,0.5707070707070707,0.38028169014084506,0.6599597585513078,0.5835010060362174
2024,88536,SANTO ÂNGELO,140,0.5377534220078181,7.32449648301122e-12,0.45771925004789704,1.3018702469573961e-08,0.8816,0.9989333333333333,0.792,0.806841046277666,0.7323943661971831,0.8269617706237424
2024,88544,MUITOS CAPÕES,20,0.2467093066533929,0.2943645636096202,0.48466493440282005,0.030329952232379793,0.6515151515151515,1.0,0.5505050505050505,0.37424547283702214,0.7766599597585513,0.9175050301810865
2024,88552,SANTO ANTÔNIO DA PATRULHA,69,0.7001362762671086,2.1574140206285253e-11,0.6181471496695878,1.5210889105571332e-08,0.8846153846153847,0.9972527472527472,0.8282967032967032,0.9818913480885312,0.9557344064386318,0.7987927565392354
2024,88560,NOVA RAMADA,23,0.22881147226816667,0.29364475001000806,0.23493975903614456,0.28054674950735137,0.5714285714285714,1.0,0.46031746031746035,0.35412474849094566,0.3782696177062374,0.9175050301810865
2024,88579,SANTO ANTÔNIO DAS MISSÕES,31,0.5385391883228757,0.0017754321316484929,0.40231653513884413,0.024850525477494927,0.601010101010101,0.9722222222222221,0.6843434343434344,0.8108651911468813,0.6156941649899397,0.2022132796780684
2024,88587,JARI,30,0.4116341091182323,0.023817399283807127,0.0732498615671335,0.70047776882075,0.6375661375661376,0.9841269841269841,0.6481481481481481,0.6036217303822937,0.18712273641851107,0.39436619718309857
2024,88595,SANTO AUGUSTO,45,0.4572064897786335,0.001591595571242503,0.42541671312213386,0.003576533985034325,0.8580246913580247,0.9969135802469136,0.6527777777777778,0.676056338028169,0.6458752515090543,0.7907444668008048
2024,88609,UBIRETAMA,29,0.06290086291410459,0.7458223450625405,0.056830365897070384,0.7696630870093559,0.5166666666666666,0.9333333333333333,0.5611111111111111,0.18309859154929578,0.1710261569416499,0.02012072434607646
2024,88617,SANTO CRISTO,27,0.7104869199327036,3.290701587913284e-05,0.4729901211561771,0.012714721539895269,0.7654320987654321,0.9814814814814814,0.6728395061728395,0.9859154929577465,0.7545271629778671,0.34305835010060365
2024,88625,BARRA DO QUARAÍ,33,0.4287639609678136,0.01278649073442167,0.4627209990462741,0.006698622238743943,0.8541666666666666,1.0,0.6597222222222222,0.6257545271629779,0.738430583501006,0.9175050301810865
2024,88633,SÃO BORJA,102,0.5096436189607677,4.482307165620493e-08,0.4681617138285979,6.983671762005649e-07,0.8896551724137932,0.993103448275862,0.7873563218390804,0.7746478873239436,0.744466800804829,0.676056338028169
2024,88641,CERRITO,49,0.5117892012480539,0.0001708405425495879,0.5440396427188612,5.335214797112352e-05,0.7694444444444445,0.9833333333333333,0.7666666666666666,0.7766599597585513,0.869215291750503,0.38329979879275655
2024,88650,SÃO FRANCISCO DE ASSIS,42,0.619325551232166,1.2266217996821828e-05,0.5048112274590874,0.000651269975618705,0.8167155425219941,0.9824046920821115,0.6671554252199414,0.9175050301810865,0.8088531187122736,0.3641851106639839
2024,88668,VALE VERDE,35,0.3013804284936389,0.07850889088198384,0.5462760991773759,0.0006866149308450248,0.5876068376068376,1.0,0.6709401709401709,0.44466800804828976,0.8792756539235412,0.9175050301810865
2024,88676,SÃO FRANCISCO DE PAULA,81,0.6123374293025214,1.2435682874595316e-09,0.5219707996562462,5.811492881276615e-07,0.9089506172839505,0.9907407407407408,0.8032407407407407,0.9074446680080482,0.8329979879275654,0.6217303822937625
2024,88684,NOVO CABRAIS,51,0.06052984510005039,0.6730685562354696,0.43898979850461833,0.0012703700980169106,0.544973544973545,0.9947089947089947,0.6838624338624338,0.18108651911468812,0.682092555331992,0.7293762575452716
2024,88692,SÃO GABRIEL,138,0.4726103276343047,4.835679077794436e-09,0.4536717907215874,2.2950193558499322e-08,0.8379403794037941,0.997289972899729,0.7840108401084012,0.7022132796780685,0.716297786720322,0.8008048289738431
2024,88706,SETE DE SETEMBRO,23,0.18806426338985371,0.39015687581721636,0.5569280828960749,0.005773053953693803,0.634920634920635,0.9920634920634921,0.7023809523809523,0.29979879275653926,0.8933601609657947,0.6639839034205232
2024,88714,SÃO JERÔNIMO,82,0.4376396044896503,3.930430430347135e-05,0.4354292921237661,4.343362530643218e-05,0.8629961587708066,0.9807938540332907,0.7612035851472472,0.6398390342052314,0.670020120724346,0.3299798792756539
2024,88722,TABAÍ,40,0.34313366817579244,0.03018598089957312,0.41257521811468284,0.008154182130365357,0.6971326164874553,0.974910394265233,0.6093189964157706,0.4949698189134809,0.6237424547283702,0.24446680080482897
2024,88730,SÃO JOSÉ DO NORTE,79,0.6117657084852003,2.1046381355497256e-09,0.4940081771595183,3.7155036670691824e-06,0.7111111111111111,0.9936507936507937,0.7071428571428571,0.9054325955734407,0.7927565392354124,0.6901408450704225
2024,88749,VILA LÂNGARO,14,-0.0022985165564122956,0.9937778986407366,-0.08639314676569043,0.7690143760413121,0.5555555555555556,0.9555555555555556,0.5333333333333333,0.13078470824949698,0.06237424547283702,0.07847082494969819
2024,88757,SÃO JOSÉ DO OURO,42,0.2990827886738233,0.054344360310353675,0.08874625449789901,0.5762373423966094,0.632996632996633,0.9966329966329966,0.7878787878787878,0.44064386317907445,0.20724346076458752,0.7816901408450704
2024,88765,SENADOR SALGADO FILHO,28,0.4435929137048519,0.018056794800404546,0.20501884877158202,0.2952999774887577,0.6695906432748537,0.9736842105263158,0.6111111111111112,0.6559356136820925,0.3460764587525151,0.23138832997987926
2024,88773,SÃO LEOPOLDO,173,0.6718522254830134,4.590836799796444e-24,0.5059164844328525,1.2462869257417407e-12,0.9201923076923076,0.9870192307692307,0.8959134615384616,0.96579476861167,0.8108651911468813,0.4768611670020121
2024,88781,VESPASIANO CORRÊA,27,-0.018487952438013898,0.9270730085223108,0.14063766084458657,0.4841240062470924,0.5401234567901234,1.0,0.5740740740740742,0.1227364185110664,0.2635814889336016,0.9175050301810865
2024,88790,SÃO LOURENÇO DO SUL,93,0.3438788965993252,0.0007383109190375604,0.3144704733859282,0.0021412381388381486,0.6934589800443459,0.9944567627494456,0.6751662971175166,0.49899396378269617,0.48088531187122735,0.7203219315895373
2024,88803,MONTE ALEGRE DOS CAMPOS,26,0.16911046619650014,0.40888252783004914,0.3567780857690406,0.07358955480257874,0.5522875816993464,0.9934640522875817,0.7091503267973855,0.27364185110663986,0.5513078470824949,0.6851106639839034
2024,88811,SÃO LUIZ GONZAGA,98,0.5610351639393607,1.8704532566852006e-09,0.5236750625029222,3.711260791606573e-08,0.8751131221719457,0.9886877828054299,0.7669683257918551,0.8430583501006036,0.8390342052313883,0.5573440643863179
2024,88820,MARQUES DE SOUZA,32,-0.25734204997070076,0.15505354443619673,-0.12384606288642545,0.4994768916409281,0.4903381642512078,1.0,0.6352657004830917,0.026156941649899398,0.052313883299798795,0.9175050301810865
2024,88838,SÃO MARCOS,52,0.07448142144186512,0.5997453108520235,0.1011060062765218,0.4757262576688436,0.7028423772609819,0.9715762273901809,0.6602067183462532,0.19718309859154928,0.2152917505030181,0.19718309859154928
2024,88846,CHUÍ,39,0.38623590819875897,0.01515544097003402,0.5149789088760209,0.0007949888812069248,0.6074074074074074,0.9814814814814815,0.7944444444444444,0.545271629778672,0.8229376257545271,0.3501006036217304
2024,88854,SÃO MARTINHO,16,-0.4473879062559977,0.08228395167946795,-0.3949890534544011,0.1299870006006864,0.30158730158730157,0.9206349206349207,0.746031746031746,0.008048289738430584,0.008048289738430584,0.014084507042253521
2024,88862,ARARICÁ,69,0.4803845425577593,2.948729142634546e-05,0.44232891387707524,0.00014156405873457016,0.7592592592592592,0.9990740740740741,0.7712962962962963,0.716297786720322,0.6921529175050302,0.8289738430583501
2024,88870,SÃO NICOLAU,18,-0.07327141382868937,0.7726309674360764,0.018614270941054806,0.9415595449458094,0.46913580246913583,0.9753086419753086,0.5,0.09456740442655935,0.13480885311871227,0.2515090543259557
2024,88889,PASSA SETE,30,0.5123273971601097,0.0037980668362367124,0.6345355818218259,0.00016594000720080305,0.798941798941799,0.9947089947089947,0.6851851851851852,0.778672032193159,0.9637826961770624,0.7293762575452716
2024,88897,SÃO PAULO DAS MISSÕES,21,0.7643255083781068,5.486651716743426e-05,0.3486241526294791,0.12142308725257607,0.8796296296296297,1.0,0.7314814814814814,0.9979879275653923,0.5311871227364185,0.9175050301810865
2024,88900,TOROPI,42,0.10506552715608597,0.5078492929434367,0.10959001256905293,0.4896433561603994,0.6835016835016834,0.9831649831649831,0.8047138047138047,0.22132796780684105,0.22535211267605634,0.3782696177062374
2024,88919,SÃO PEDRO DO SUL,68,0.18656026180601032,0.127683300048867,-0.002148067515677374,0.9861294529424488,0.5845295055821371,0.9872408293460925,0.6634768740031899,0.2917505030181087,0.11468812877263582,0.4869215291750503
2024,88927,BALNEÁRIO PINHAL,110,0.43850823787758886,1.6549886675085824e-06,0.4641092473523668,3.275834008119709e-07,0.797029702970297,0.9812981298129814,0.8217821782178218,0.641851106639839,0.7424547283702213,0.3380281690140845
2024,88935,SÃO SEBASTIÃO DO CAÍ,84,0.4566276185038361,1.26651690901583e-05,0.36579620243935795,0.0006222058068515086,0.7807407407407407,0.9955555555555555,0.8133333333333332,0.6740442655935613,0.5674044265593562,0.7525150905432596
2024,88943,MAMPITUBA,37,0.23683332332040338,0.1581483730374636,0.4421468351426723,0.006144511841977203,0.6944444444444444,0.988095238095238,0.6488095238095238,0.36217303822937624,0.6881287726358148,0.5372233400402414
2024,88951,SÃO SEPÉ,83,0.4663677990580702,8.84320936155093e-06,0.432927878375892,4.355524264360377e-05,0.9330808080808081,0.9949494949494949,0.7449494949494949,0.6941649899396378,0.6619718309859155,0.7334004024144869
2024,88978,SÃO VALENTIM,40,-0.0013154190553029,0.9935726106511743,0.48426930678928004,0.001543742701676025,0.48387096774193544,0.9390681003584229,0.7186379928315412,0.13480885311871227,0.7746478873239436,0.028169014084507043
2024,88986,ACEGUÁ,55,0.25498691421202546,0.060273724450493484,0.37056980032579806,0.005352751357729618,0.6183574879227053,0.9806763285024154,0.752415458937198,0.3843058350100604,0.5734406438631791,0.32595573440643866
2024,88994,SAPIRANGA,113,0.745189918667747,2.9532395544451973e-21,0.49683212702295293,2.178851922621863e-08,0.859180035650624,0.9884135472370766,0.8319964349376114,0.993963782696177,0.7987927565392354,0.5513078470824949
2024,89001,ALMIRANTE TAMANDARÉ DO SUL,23,0.16431588920502496,0.4537364002661054,0.10064643404048074,0.6477220259282983,0.5833333333333334,0.9444444444444445,0.5357142857142857,0.2676056338028169,0.21327967806841047,0.03822937625754527
2024,89010,SAPUCAIA DO SUL,129,0.4134228260588233,1.1185974257330097e-06,0.5643517994486712,3.281475387379261e-12,0.7889060092449923,0.9876733436055469,0.7738828967642527,0.6056338028169014,0.9054325955734407,0.5271629778672032
2024,89028,ARROIO DO PADRE,24,0.5612227780919901,0.004326433338321854,0.4289833384653057,0.03646052975569859,0.8037037037037037,1.0,0.737037037037037,0.8450704225352113,0.6519114688128773,0.9175050301810865
2024,89036,SARANDI,53,0.6626413726322893,6.479345087905979e-08,0.5630960118954812,1.1369275733225609e-05,0.8333333333333334,1.0,0.7337662337662337,0.9577464788732394,0.8993963782696177,0.9175050301810865
2024,89044,BOA VISTA DO CADEADO,18,0.15995872033023736,0.5260613631447345,0.19700103412616335,0.43331816013352403,0.5802469135802469,0.9753086419753086,0.5,0.2635814889336016,0.33601609657947684,0.2515090543259557
2024,89052,SEBERI,27,0.5853323762328461,0.0013398507192201566,0.4895579473588761,0.009547199343612037,0.8148148148148148,0.9876543209876544,0.7962962962962963,0.8732394366197183,0.7826961770623743,0.5221327967806841
2024,89060,BOA VISTA DO INCRA,19,0.3337725398735938,0.1625509984987962,0.1648351807593468,0.5000838574882719,0.5055555555555555,0.9888888888888889,0.6333333333333333,0.4869215291750503,0.30181086519114686,0.5633802816901409
2024,89079,SELBACH,20,-0.34981291477946275,0.13055447731640155,0.15891125050434157,0.5033772747132973,0.41414141414141414,0.9848484848484849,0.6818181818181819,0.014084507042253521,0.2977867203219316,0.4124748490945674
2024,89087,BOZANO,27,-0.0343179402386407,0.8650628062864884,0.12904101872385398,0.5212111912570562,0.5432098765432098,0.962962962962963,0.6296296296296297,0.10865191146881288,0.24346076458752516,0.11971830985915492
2024,89095,SERAFINA CORRÊA,39,0.5653698313098096,0.0001765986304750831,0.37802715578843754,0.01765527168045995,0.7925925925925926,0.9777777777777777,0.7425925925925926,0.8490945674044266,0.5855130784708249,0.2947686116700201
2024,89109,CANUDOS DO VALE,36,0.12149627954870428,0.48026748513701006,-0.0317910390169382,0.8539657432204928,0.6460905349794238,0.9876543209876544,0.6008230452674898,0.23138832997987926,0.08853118712273642,0.5221327967806841
2024,89117,SERTÃO,40,0.2209335709957495,0.1706880335042611,0.19210693548357835,0.2350052833637159,0.5179211469534051,0.974910394265233,0.5286738351254481,0.3420523138832998,0.32796780684104626,0.24446680080482897
2024,89125,CAPÃO BONITO DO SUL,27,0.12335504287403996,0.539882887028231,0.25675271781181735,0.19608105497324868,0.5524691358024691,0.9876543209876543,0.6975308641975309,0.23340040241448692,0.4044265593561368,0.506036217303823
2024,89133,SEVERIANO DE ALMEIDA,26,0.16829519060543857,0.4111781044473899,0.1434250913691361,0.4845602746889527,0.6209150326797386,0.9869281045751633,0.673202614379085,0.2716297786720322,0.27364185110663986,0.47484909456740443
2024,89141,CAPÃO DO CIPÓ,29,0.3887178253404083,0.037161276416854426,0.39655813105715026,0.03318832847594247,0.75,0.9888888888888888,0.5,0.5492957746478874,0.6036217303822937,0.5593561368209256
2024,89150,CAPÃO DA CANOA,123,0.4811744693357702,1.7651681980005833e-08,0.46194566309900825,7.519808985944027e-08,0.7853146853146853,0.9839160839160839,0.7706293706293706,0.7223340040241448,0.7344064386317908,0.3903420523138833
2024,89168,COQUEIRO BAIXO,18,-0.1187951457668013,0.6387190670458838,-0.2600706102031778,0.29729799451401845,0.49382716049382713,0.9876543209876543,0.5246913580246914,0.06438631790744467,0.018108651911468814,0.506036217303823
2024,89176,SOBRADINHO,46,0.5149281361965369,0.0002507192237717924,0.6678020017634081,3.980670181292295e-07,0.8588588588588589,0.972972972972973,0.6861861861861862,0.7826961770623743,0.9859154929577465,0.2243460764587525
2024,89184,CORONEL PILAR,21,-0.14827584904224925,0.5212373375386602,-0.34424610703572145,0.12649208994650638,0.37962962962962965,0.9907407407407407,0.6064814814814814,0.05835010060362173,0.012072434607645875,0.613682092555332
2024,89192,SOLEDADE,88,0.45424915812319816,8.771524300111657e-06,0.435109689133437,2.2713160717892375e-05,0.7048406139315231,0.9952774498229043,0.7603305785123967,0.670020120724346,0.6680080482897385,0.7484909456740443
2024,89206,CRUZALTENSE,29,-0.26362829278403294,0.1670263783307234,-0.0013796845662610723,0.9943326768366685,0.2305555555555555,0.9638888888888888,0.7694444444444445,0.02414486921529175,0.11670020120724346,0.1267605633802817
2024,89214,TAPEJARA,69,0.46179356743007915,6.494164267693779e-05,0.6089710121811355,2.824517863995826e-08,0.8338557993730408,0.9921630094043887,0.6778996865203761,0.6841046277665996,0.9537223340040242,0.6680080482897385
2024,89222,FORQUETINHA,33,-0.11366380304171741,0.5288133156350859,0.16004689706488834,0.3736251227814087,0.43287037037037035,0.9861111111111112,0.5787037037037037,0.06639839034205232,0.29979879275653926,0.45472837022132795
2024,89230,TAPERA,53,0.32408391852985924,0.01791393784443451,0.3777860331947636,0.005288533986754592,0.5808080808080808,0.9545454545454546,0.7878787878787878,0.47283702213279677,0.5835010060362174,0.07243460764587525
2024,89247,SANTA CECÍLIA DO SUL,20,0.16041943188045207,0.4992820257235129,0.14133064625842617,0.552279029730001,0.5606060606060606,0.9898989898989898,0.5555555555555556,0.2655935613682093,0.2676056338028169,0.5835010060362174
2024,89249,ITATI,24,0.27300413958967346,0.19679780469797975,0.4948504617553317,0.013955891955622728,0.537037037037037,1.0,0.7037037037037037,0.41851106639839036,0.7947686116700201,0.9175050301810865
2024,89257,TAPES,84,0.3036835698559199,0.0049811790820612455,0.37368056956311707,0.0004630540732998547,0.8607407407407407,1.0,0.8688888888888889,0.4507042253521127,0.5774647887323944,0.9175050301810865
2024,89265,JACUIZINHO,24,0.6582800696407888,0.00047070013529820797,0.523817122771317,0.008610242743539536,0.8703703703703703,0.962962962962963,0.7,0.9537223340040242,0.8410462776659959,0.11971830985915492
2024,89273,TAQUARA,157,0.48452477912761893,1.2773005068202918e-10,0.4348470651535162,1.2643951464761719e-08,0.8981220657276996,0.996244131455399,0.7582159624413145,0.7263581488933601,0.6659959758551308,0.7706237424547284
2024,89281,LAGOA BONITA DO SUL,15,0.6582657684787832,0.007629836560983784,0.03999999999999999,0.8874475262683373,0.8703703703703703,1.0,0.8333333333333333,0.9517102615694165,0.15090543259557343,0.9175050301810865
2024,89290,TAQUARI,63,0.3932210715848878,0.0014322117479771237,0.1995126149727669,0.12002492976279959,0.8106995884773662,0.98559670781893,0.860082304526749,0.5573440643863179,0.3420523138832998,0.43762575452716296
2024,89303,MATO QUEIMADO,23,-0.026270201655249553,0.9052898724229363,-0.7381498768444336,5.798922254635401e-05,0.4126984126984127,1.0,0.6666666666666666,0.11468812877263582,0.002012072434607646,0.9175050301810865
2024,89311,TENENTE PORTELA,50,0.4796791129317768,0.0004238426025687557,0.2753781319952396,0.052920089521716285,0.8672086720867209,0.981029810298103,0.7560975609756098,0.7142857142857143,0.43259557344064387,0.3319919517102616
2024,89320,NOVO XINGU,15,0.3321428571428571,0.22647175907072437,0.2201834862385321,0.4303828775027746,0.5925925925925927,0.9814814814814815,0.5277777777777778,0.482897384305835,0.36217303822937624,0.3501006036217304
2024,89338,TORRES,128,0.565417421904219,3.5631435487098956e-12,0.41757686151144685,9.393166452082812e-07,0.8551839464882944,0.9959866220735786,0.7876254180602007,0.8511066398390342,0.6378269617706237,0.7605633802816901
2024,89346,PAULO BENTO,54,0.1250799583854217,0.3674897426979385,0.10359220451162865,0.46041184131540736,0.46913580246913583,0.980246913580247,0.7703703703703704,0.23541247484909456,0.21730382293762576,0.3199195171026157
2024,89354,TRAMANDAÍ,150,0.49436951170724747,1.2794986916159193e-10,0.4551626627176078,4.8601951992170665e-09,0.8368893879842785,0.991577765300393,0.8514879281302639,0.7404426559356136,0.7223340040241448,0.6438631790744467
2024,89362,PINHAL DA SERRA,25,-0.3101224405859836,0.13137348712494581,0.05698311574434621,0.7867382129327666,0.4756944444444444,0.90625,0.6527777777777778,0.02012072434607646,0.17303822937625754,0.01006036217303823
2024,89370,TRÊS COROAS,76,0.5338739819346032,6.822225641687945e-07,0.5191236459474877,1.550369545748056e-06,0.8034825870646766,1.0,0.8432835820895522,0.8028169014084507,0.8269617706237424,0.9175050301810865
2024,89389,QUATRO IRMÃOS,35,0.026120085573718987,0.8815996529996993,-0.07969838922271553,0.6490347964305663,0.6282051282051282,0.9978632478632479,0.7713675213675214,0.15090543259557343,0.06438631790744467,0.8169014084507042
2024,89397,TRÊS DE MAIO,74,0.46400959749157544,3.127416436424232e-05,0.5451616350781536,5.107629967565479e-07,0.7474747474747475,0.9797979797979798,0.7352092352092352,0.6881287726358148,0.8732394366197183,0.31388329979879276
2024,89400,ROLADOR,15,0.4574856726682621,0.08641193919404215,-0.06239534352160339,0.8251660597224727,0.75,1.0,0.8703703703703703,0.6780684104627767,0.07042253521126761,0.9175050301810865
2024,89419,TRÊS PASSOS,70,0.4977994414864937,1.1617478282645176e-05,0.5375764123758825,1.5970367446808157e-06,0.7696456086286594,0.9745762711864407,0.6332819722650231,0.7464788732394366,0.8531187122736419,0.2414486921529175
2024,89435,TRIUNFO,83,0.4297279088476266,5.030096440172714e-05,0.4798135389771374,4.4367851409127546e-06,0.7190656565656566,1.0,0.8939393939393939,0.6317907444668008,0.7665995975855131,0.9175050301810865
2024,89443,SANTA MARGARIDA DO SUL,29,0.3072941214855509,0.10489995031557099,0.3655926008601768,0.051141505752813295,0.6805555555555556,0.9833333333333333,0.6361111111111111,0.45472837022132795,0.5653923541247485,0.38329979879275655
2024,89451,TUCUNDUVA,42,0.4947927321244303,0.0008652683092464018,0.5452769018916337,0.00018829743590992838,0.7643097643097643,0.9898989898989898,0.7356902356902357,0.744466800804829,0.8752515090543259,0.5835010060362174
2024,89460,SÃO JOSÉ DO SUL,25,0.3768568840171252,0.06331757497208931,0.3407051533685141,0.09559343698092991,0.6944444444444445,0.9513888888888888,0.7222222222222222,0.5412474849094567,0.5211267605633803,0.052313883299798795
2024,89478,TUPANCIRETÃ,79,0.5476004134101892,1.7630664894409335e-07,0.2759406553776094,0.013835157510973166,0.8261904761904761,0.9920634920634921,0.7666666666666667,0.8249496981891348,0.43661971830985913,0.6639839034205232
2024,89486,SÃO PEDRO DAS MISSÕES,21,-0.4637973655849389,0.03419472037265703,-0.23885976408912193,0.29706011833569,0.2685185185185185,0.9814814814814814,0.5972222222222222,0.004024144869215292,0.022132796780684104,0.34305835010060365
2024,89494,TUPARENDI,38,0.4254527554652853,0.007746658406353332,0.41578541528971136,0.009426639331024835,0.7318007662835249,0.9885057471264368,0.6590038314176245,0.6177062374245473,0.6277665995975855,0.5533199195171026
2024,89508,TIO HUGO,28,-0.028043748492414103,0.8873520978328321,-0.005688334740857119,0.9770817848406667,0.40350877192982454,0.9941520467836258,0.6754385964912281,0.11267605633802817,0.11066398390342053,0.704225352112676
2024,89516,URUGUAIANA,134,0.5847363698622335,1.186805676755134e-13,0.4725171149042503,8.194390106995497e-09,0.8861788617886178,0.9992609016999261,0.8451589061345159,0.8712273641851107,0.7525150905432596,0.8309859154929577
2024,89524,WESTFALIA,26,-0.09625653140736452,0.6399534490207163,0.05856423090536662,0.776274348138862,0.4084967320261438,0.9640522875816993,0.5294117647058824,0.07847082494969819,0.1750503018108652,0.13078470824949698
2024,89532,VACARIA,144,0.3973497222020139,8.172064550819875e-07,0.4931806383338602,3.385703043105705e-10,0.7956072351421188,0.9917312661498708,0.8333333333333334,0.5653923541247485,0.7887323943661971,0.6519114688128773
2024,89540,PINTO BANDEIRA,29,-0.11033038816655516,0.5688428741103709,0.15685545899683218,0.41645604374488526,0.5,0.9777777777777779,0.8416666666666667,0.07243460764587525,0.2937625754527163,0.30181086519114686
2024,89559,VENÂNCIO AIRES,167,0.487924409694707,2.260519988329172e-11,0.38582348203837447,2.6149345863763385e-07,0.8324561403508771,0.9914473684210526,0.7743421052631578,0.7303822937625755,0.5915492957746479,0.635814889336016
2024,89567,PEDRAS ALTAS,21,0.14025974025974028,0.5442470998307317,0.48064304461942264,0.027417029933973568,0.5648148148148149,0.9351851851851852,0.7685185185185185,0.24748490945674045,0.7686116700201208,0.02414486921529175
2024,89575,VERA CRUZ,81,0.3284999953230378,0.0027524578678335783,0.393411883586946,0.0002797675670077426,0.6876623376623376,0.9844155844155844,0.7097402597402598,0.47484909456740443,0.6016096579476862,0.4024144869215292
2024,89591,VERANÓPOLIS,54,0.49162950844437603,0.00015983539220407303,0.5387102946804438,2.642455389284389e-05,0.6876543209876543,0.9901234567901235,0.8444444444444444,0.7364185110663984,0.8591549295774648,0.5935613682092555
2024,89613,VIADUTOS,34,0.5056593176403763,0.0022831339864877414,0.7061768414029936,3.067382970577915e-06,0.6399999999999999,0.9644444444444444,0.7422222222222222,0.7645875251509054,0.9959758551307847,0.1358148893360161
2024,89630,VIAMÃO,295,0.4656040449782682,2.8076701223742605e-17,0.5605079538618417,1.2230243454936122e-25,0.8492353145637817,0.9897462634688913,0.7484358706986444,0.6921529175050302,0.89738430583501,0.5774647887323944
2024,89656,VICENTE DUTRA,26,0.4014710913445091,0.04206636826787093,0.2443680173709145,0.22893736038368617,0.7908496732026143,1.0,0.6830065359477124,0.579476861167002,0.39436619718309857,0.9175050301810865
2024,89672,PALMARES DO SUL,90,0.6313780513150934,2.530156863897538e-11,0.5730511283138278,3.5819615831952204e-09,0.7983539094650205,0.9835390946502057,0.7812071330589849,0.9356136820925554,0.9154929577464789,0.386317907444668
2024,89699,VICTOR GRAEFF,29,0.44232845882503724,0.016276579410354538,0.14079745034910607,0.4663034963573684,0.6444444444444444,0.9277777777777777,0.5472222222222223,0.6539235412474849,0.2655935613682093,0.01609657947686117
2024,89710,TAVARES,18,0.6849173553719009,0.0017109800971316185,0.5477178423236516,0.018623844128082254,0.8827160493827162,1.0,0.691358024691358,0.9738430583501007,0.8832997987927566,0.9175050301810865
2024,89737,CAPÃO DO LEÃO,105,0.4611003827949315,7.416059402559934e-07,0.45629500326767,9.98260507548351e-07,0.8471953578336557,0.9961315280464217,0.7055125725338491,0.682092555331992,0.7283702213279678,0.7665995975855131
2024,89753,SALTO DO JACUÍ,46,0.3611376954682113,0.013670982468636544,0.43878184630406986,0.0022853685537700887,0.6126126126126126,0.9729729729729729,0.8123123123123123,0.5150905432595574,0.6800804828973843,0.22132796780684105
2024,89770,COTIPORÃ,25,0.09043679213024151,0.6672562466519969,0.13600808822005592,0.5168246280808019,0.45833333333333337,0.9722222222222222,0.6041666666666666,0.20724346076458752,0.25553319919517103,0.21227364185110664
2024,98213,TEUTÔNIA,103,0.3471998726679596,0.00032671324839006016,0.4196877485777768,1.0198473633415527e-05,0.7608695652173912,0.991600790513834,0.7623517786561265,0.5030181086519114,0.641851106639839,0.647887323943662
2024,98230,BOM PRINCÍPIO,52,0.4792671499169159,0.0003248164760685945,0.45027478561019957,0.000809814753487716,0.7868217054263564,0.9819121447028423,0.813953488372093,0.7122736418511066,0.710261569416499,0.35412474849094566
2024,98256,PAROBÉ,146,0.3612046693069811,7.495630315395972e-06,0.4910237849531499,3.126794345956618e-10,0.7580152671755725,0.9913486005089058,0.7478371501272264,0.5171026156941649,0.7867203219315896,0.6317907444668008
2024,98272,FORTALEZA DOS VALOS,26,0.41384096340790666,0.035581785079826865,0.2744018919723283,0.17491595416654465,0.6764705882352942,1.0,0.7287581699346405,0.607645875251509,0.42857142857142855,0.9175050301810865
2024,98299,JÓIA,53,0.11547551164905273,0.41028739521563373,0.06997126680727314,0.6185808051004715,0.5505050505050505,0.9722222222222222,0.7247474747474748,0.22535211267605634,0.1851106639839034,0.21227364185110664
