ano,codigo_municipio,municipio,id_candidato,nome_candidato,nome_urna,partido,genero,cor_raca,grau_instrucao,ocupacao,situacao_final,eleito,ideologia,ideologia_sensibilidade,Pessoas físicas,Recursos próprios,Fundo Partidário,FEFC,Transferências políticas,Financiamento coletivo,Empresas,Outros,receita_total_nominal,receita_publica_nominal,fracao_publica_candidato,fator_ipca_2024,receita_total_2024,log2_receita,Pessoas físicas_2024,Recursos próprios_2024,Fundo Partidário_2024,FEFC_2024,Transferências políticas_2024,Financiamento coletivo_2024,Empresas_2024,Outros_2024,despesa_total_nominal,despesa_digital_nominal,despesa_impulsionamento_nominal,despesa_paginas_internet_nominal,despesa_audiovisual_nominal,linhas_despesa,despesa_nao_digital_nominal,fator_ipca_despesa_2024,despesa_total_2024,despesa_digital_2024,despesa_nao_digital_2024,despesa_impulsionamento_2024,despesa_paginas_internet_2024,despesa_audiovisual_2024,fracao_digital,fracao_digital_10pp,adotou_digital,log2_despesa_total,log2_despesa_nao_digital,log2_despesa_digital,partido_votos,nr_federacao,sigla_federacao,composicao_federacao,sq_coligacao,nome_coligacao,composicao_coligacao,tipo_agremiacao,lista_id,votos_nominais,votos_nominais_validos,zonas,votos_ausentes_arquivo,votos_nominais_validos_lista,votos_legenda_validos_lista,votos_validos_lista,partidos_na_lista,votos_validos_municipio,fracao_votos_lista,fracao_votos_candidato_municipio,fracao_votos_candidato_lista,fracao_votos_lista_10pp,log2_votos,log2_votos_lista_milhar,rank_votos_lista,nome_normalizado,retornante,incumbente,votos_anteriores,log2_votos_anteriores,fracao_lista_anterior,fracao_lista_anterior_10pp,lista_anterior_disponivel
2016,87912,PELOTAS,210000032402,WILLIAM AVILA CAVALHEIRO,WILLIAM CAVALHEIRO,REDE,MASCULINO,BRANCA,ENSINO MÉDIO COMPLETO,OUTROS,SUPLENTE,0,Esquerda,Centro,3800.0,3754.0,0.0,0.0,721.08,0.0,0.0,0.0,8275.08,0.0,0.0,1.4804412501104598,12250.769779964065,3.7280042678068335,5625.676750419747,5557.576452914666,0.0,0.0,1067.5165766296504,0.0,0.0,0.0,8275.08,0.0,0.0,0.0,1000.0,16.0,8275.08,1.4804412501104598,12250.769779964065,0.0,12250.769779964065,0.0,0.0,1480.4412501104598,0.0,0.0,0,3.7280042678068335,3.7280042678068335,0.0,REDE,-1,#NULO#,#NULO#,210000002822,"PP, REDE SUSTENTABILIDADE, PTN",PP / REDE / PTN,COLIGAÇÃO,COLIGACAO:210000002822,73.0,73.0,3.0,0,8719.0,381.0,9100.0,3.0,179870.0,0.050592094290320785,0.00040584866848279315,0.008021978021978023,0.5059209429032078,6.20945336562895,3.3362833878644325,21.0,WILLIAM AVILA CAVALHEIRO,0.0,0.0,0.0,0.0,0.0,0.0,0.0
2016,87912,PELOTAS,210000032408,ADAIL FREITAS MOTA,ADAIL MOTA CASQUINHA,PP,MASCULINO,BRANCA,ENSINO FUNDAMENTAL INCOMPLETO,OUTROS,SUPLENTE,0,Direita,Direita,200.0,550.0,0.0,0.0,0.0,0.0,0.0,0.0,750.0,0.0,0.0,1.4804412501104598,1110.3309375828449,1.0774692570234272,296.088250022092,814.2426875607529,0.0,0.0,0.0,0.0,0.0,0.0,750.0,0.0,0.0,0.0,0.0,8.0,750.0,1.4804412501104598,1110.3309375828449,0.0,1110.3309375828449,0.0,0.0,0.0,0.0,0.0,0,1.0774692570234272,1.0774692570234272,0.0,PP,-1,#NULO#,#NULO#,210000002822,"PP, REDE SUSTENTABILIDADE, PTN",PP / REDE / PTN,COLIGAÇÃO,COLIGACAO:210000002822,248.0,248.0,3.0,0,8719.0,381.0,9100.0,3.0,179870.0,0.050592094290320785,0.0013787735586812699,0.027252747252747254,0.5059209429032078,7.960001932068081,3.3362833878644325,12.0,ADAIL FREITAS MOTA,0.0,0.0,0.0,0.0,0.0,0.0,0.0
2016,87912,PELOTAS,210000031742,JULI KAROLINE DA CUNHA MADRUGA,JULI MADRUGA,PR,FEMININO,PARDA,ENSINO MÉDIO COMPLETO,"ESTUDANTE, BOLSISTA, ESTAGIÁRIO E ASSEMELHADOS",SUPLENTE,0,Direita,Direita,0.0,0.0,0.0,0.0,0.0,0.0,0.0,0.0,0.0,0.0,,1.4804412501104598,0.0,0.0,0.0,0.0,0.0,0.0,0.0,0.0,0.0,0.0,0.0,0.0,0.0,0.0,0.0,0.0,0.0,1.4804412501104598,0.0,0.0,0.0,0.0,0.0,0.0,0.0,0.0,0,0.0,0.0,0.0,PR,-1,#NULO#,#NULO#,210000002782,PRB/PR,PRB / PR,COLIGAÇÃO,COLIGACAO:210000002782,4.0,4.0,3.0,0,9755.0,258.0,10013.0,2.0,179870.0,0.05566798243175627,2.223828320453661e-05,0.00039948067512234097,0.5566798243175627,2.321928094887362,3.4611356151586166,23.0,JULI KAROLINE DA CUNHA MADRUGA,0.0,0.0,0.0,0.0,0.0,0.0,0.0
2016,87912,PELOTAS,210000032444,DINA CARDOSO PERES,DINÁ PERES,DEM,FEMININO,BRANCA,LÊ E ESCREVE,DONA DE CASA,NÃO ELEITO,0,Direita,Direita,980.0,0.0,282.0,0.0,0.0,0.0,0.0,0.0,1262.0,282.0,0.2234548335974643,1.4804412501104598,1868.3168576394005,1.5202044046866128,1450.8324251082506,0.0,417.4844325311497,0.0,0.0,0.0,0.0,0.0,1262.0,0.0,0.0,0.0,0.0,3.0,1262.0,1.4804412501104598,1868.3168576394005,0.0,1868.3168576394005,0.0,0.0,0.0,0.0,0.0,0,1.5202044046866128,1.5202044046866128,0.0,,,,,,,,,PARTIDO:DEM,0.0,0.0,,1,0.0,0.0,0.0,0.0,0.0,0.0,0.0,0.0,0.0,0.0,0.0,1.0,DINA CARDOSO PERES,0.0,0.0,0.0,0.0,0.0,0.0,0.0
2016,87912,PELOTAS,210000032284,MARCELO ROCHEDO MARTINELI,MARTINELLI,PSOL,MASCULINO,BRANCA,SUPERIOR COMPLETO,ADVOGADO,SUPLENTE,0,Esquerda,Esquerda,0.0,0.0,0.0,0.0,0.0,0.0,0.0,0.0,0.0,0.0,,1.4804412501104598,0.0,0.0,0.0,0.0,0.0,0.0,0.0,0.0,0.0,0.0,0.0,0.0,0.0,0.0,0.0,0.0,0.0,1.4804412501104598,0.0,0.0,0.0,0.0,0.0,0.0,0.0,0.0,0,0.0,0.0,0.0,PSOL,-1,#NULO#,#NULO#,210000002816,PARTIDO ISOLADO,PSOL,PARTIDO ISOLADO,PARTIDO:PSOL,14.0,14.0,3.0,0,7470.0,1883.0,9353.0,1.0,179870.0,0.05199866570300773,7.783399121587813e-05,0.0014968459317865924,0.5199866570300773,3.9068905956085187,3.3719769744945847,24.0,MARCELO ROCHEDO MARTINELI,0.0,0.0,0.0,0.0,0.0,0.0,0.0
2016,87912,PELOTAS,210000032437,REGINALDO RIBES VAHL,REGINALDO VAHL,DEM,MASCULINO,BRANCA,ENSINO FUNDAMENTAL COMPLETO,RECEPCIONISTA,SUPLENTE,0,Direita,Direita,200.0,650.0,651.0,0.0,0.0,0.0,0.0,0.0,1501.0,651.0,0.4337108594270486,1.4804412501104598,2222.1423164158,1.6880202167797238,296.088250022092,962.2868125717988,963.7672538219092,0.0,0.0,0.0,0.0,0.0,1501.0,0.0,0.0,0.0,0.0,8.0,1501.0,1.4804412501104598,2222.1423164158,0.0,2222.1423164158,0.0,0.0,0.0,0.0,0.0,0,1.6880202167797238,1.6880202167797238,0.0,DEM,-1,#NULO#,#NULO#,210000002823,DEM-PTC-PHS,DEM / PTC / PHS,COLIGAÇÃO,COLIGACAO:210000002823,126.0,126.0,3.0,0,12763.0,287.0,13050.0,3.0,179870.0,0.07255239895480069,0.0007005059209429032,0.009655172413793104,0.7255239895480068,6.9886846867721655,3.812498225333564,20.0,REGINALDO RIBES VAHL,0.0,0.0,0.0,0.0,0.0,0.0,0.0
2016,87912,PELOTAS,210000032468,NINA ROSA MONTE VEIGA,TIA NINA,PSB,FEMININO,BRANCA,ENSINO FUNDAMENTAL COMPLETO,DONA DE CASA,SUPLENTE,0,Esquerda,Centro,0.0,0.0,0.0,0.0,0.0,0.0,0.0,0.0,0.0,0.0,,1.4804412501104598,0.0,0.0,0.0,0.0,0.0,0.0,0.0,0.0,0.0,0.0,0.0,0.0,0.0,0.0,0.0,0.0,0.0,1.4804412501104598,0.0,0.0,0.0,0.0,0.0,0.0,0.0,0.0,0,0.0,0.0,0.0,PSB,-1,#NULO#,#NULO#,210000002824,PARTIDO ISOLADO,PSB,PARTIDO ISOLADO,PARTIDO:PSB,15.0,15.0,3.0,0,21182.0,361.0,21543.0,1.0,179870.0,0.11976983376883304,8.339356201701228e-05,0.0006962818548948615,1.1976983376883303,4.0,4.494607615593648,25.0,NINA ROSA MONTE VEIGA,0.0,0.0,0.0,0.0,0.0,0.0,0.0
2016,87912,PELOTAS,210000031735,PAULO RICARDO GARCIA SCHMIDT,PAULO BOKALOBO,PR,MASCULINO,BRANCA,SUPERIOR COMPLETO,"VENDEDOR PRACISTA, REPRESENTANTE, CAIXEIRO-VIAJANTE E ASSEMELHADOS",SUPLENTE,0,Direita,Direita,1800.0,0.0,0.0,0.0,0.0,0.0,0.0,0.0,1800.0,0.0,0.0,1.4804412501104598,2664.794250198828,1.8737322044845632,2664.794250198828,0.0,0.0,0.0,0.0,0.0,0.0,0.0,1797.0,0.0,0.0,0.0,0.0,7.0,1797.0,1.4804412501104598,2660.3529264484964,0.0,2660.3529264484964,0.0,0.0,0.0,0.0,0.0,0,1.871982757987387,1.871982757987387,0.0,PR,-1,#NULO#,#NULO#,210000002782,PRB/PR,PRB / PR,COLIGAÇÃO,COLIGACAO:210000002782,246.0,246.0,3.0,0,9755.0,258.0,10013.0,2.0,179870.0,0.05566798243175627,0.0013676544170790016,0.02456806152002397,0.5566798243175627,7.948367231584678,3.4611356151586166,9.0,PAULO RICARDO GARCIA SCHMIDT,0.0,0.0,0.0,0.0,0.0,0.0,0.0
2016,87912,PELOTAS,210000032360,MARCO AURÉLIO DA SILVA MORAES,MARCÃO,PMDB,MASCULINO,BRANCA,ENSINO MÉDIO COMPLETO,OUTROS,SUPLENTE,0,Centro,Centro,0.0,3632.0,456.0,0.0,5750.3,0.0,0.0,0.0,9838.3,456.0,0.0463494709451836,1.4804412501104598,14565.025150961736,3.9602360028951273,0.0,5376.96262040119,675.0812100503697,0.0,8512.981320510176,0.0,0.0,0.0,9838.3,0.0,0.0,0.0,0.0,13.0,9838.3,1.4804412501104598,14565.025150961736,0.0,14565.025150961736,0.0,0.0,0.0,0.0,0.0,0,3.9602360028951273,3.9602360028951273,0.0,PMDB,-1,#NULO#,#NULO#,210000002820,PMDB-PPS,PPS / PMDB,COLIGAÇÃO,COLIGACAO:210000002820,1262.0,1262.0,3.0,0,10688.0,496.0,11184.0,2.0,179870.0,0.06217823983988436,0.0070161783510313,0.11283977110157367,0.6217823983988435,10.302638923787553,3.6069159418252053,3.0,MARCO AURELIO DA SILVA MORAES,0.0,0.0,0.0,0.0,0.0,0.0,0.0
2016,87912,PELOTAS,210000032352,VERA BEATRIS DA SILVA SEUS,VERA BEATRIS SEUS,PMDB,FEMININO,BRANCA,SUPERIOR COMPLETO,ADVOGADO,SUPLENTE,0,Centro,Centro,500.0,0.0,0.0,0.0,0.0,0.0,0.0,0.0,500.0,0.0,0.0,1.4804412501104598,740.2206250552299,0.7992702224507476,740.2206250552299,0.0,0.0,0.0,0.0,0.0,0.0,0.0,465.0,0.0,0.0,0.0,0.0,1.0,465.0,1.4804412501104598,688.4051813013638,0.0,688.4051813013638,0.0,0.0,0.0,0.0,0.0,0,0.755661161692244,0.755661161692244,0.0,PMDB,-1,#NULO#,#NULO#,210000002820,PMDB-PPS,PPS / PMDB,COLIGAÇÃO,COLIGACAO:210000002820,40.0,40.0,3.0,0,10688.0,496.0,11184.0,2.0,179870.0,0.06217823983988436,0.0002223828320453661,0.00357653791130186,0.6217823983988435,5.357552004618084,3.6069159418252053,24.0,VERA BEATRIS DA SILVA SEUS,0.0,0.0,0.0,0.0,0.0,0.0,0.0
2016,87912,PELOTAS,210000032353,LEONEL VIEIRA DA CUNHA,LEONEL VIEIRA DA CUNHA,PMDB,MASCULINO,BRANCA,SUPERIOR INCOMPLETO,SERVIDOR PÚBLICO MUNICIPAL,SUPLENTE,0,Centro,Centro,0.0,2100.0,0.0,0.0,456.0,0.0,0.0,0.0,2556.0,0.0,0.0,1.4804412501104598,3784.0078352823352,2.258219752394236,0.0,3108.9266252319658,0.0,0.0,675.0812100503697,0.0,0.0,0.0,2490.6,0.0,0.0,0.0,0.0,9.0,2490.6,1.4804412501104598,3687.186977525111,0.0,3687.186977525111,0.0,0.0,0.0,0.0,0.0,0,2.228722346804948,2.228722346804948,0.0,PMDB,-1,#NULO#,#NULO#,210000002820,PMDB-PPS,PPS / PMDB,COLIGAÇÃO,COLIGACAO:210000002820,265.0,265.0,3.0,0,10688.0,496.0,11184.0,2.0,179870.0,0.06217823983988436,0.0014732862623005505,0.02369456366237482,0.6217823983988435,8.055282435501189,3.6069159418252053,11.0,LEONEL VIEIRA DA CUNHA,0.0,0.0,0.0,0.0,0.0,0.0,0.0
2016,87912,PELOTAS,210000031875,NEY VALDIR REICHOW BANDEIRA,DILA BANDEIRA,PSDB,MASCULINO,BRANCA,ENSINO FUNDAMENTAL INCOMPLETO,COMERCIANTE,ELEITO POR QP,1,Centro,Centro,300.0,4695.0,0.0,0.0,0.0,0.0,0.0,0.0,4995.0,0.0,0.0,1.4804412501104598,7394.804044301747,3.0694966494489533,444.1323750331379,6950.671669268609,0.0,0.0,0.0,0.0,0.0,0.0,4945.0,0.0,0.0,0.0,300.0,15.0,4945.0,1.4804412501104598,7320.781981796224,0.0,7320.781981796224,0.0,0.0,444.1323750331379,0.0,0.0,0,3.056719118299766,3.056719118299766,0.0,PSDB,-1,#NULO#,#NULO#,210000002790,PSDB/SOLIDARIEDADE,PSDB / SD,COLIGAÇÃO,COLIGACAO:210000002790,3349.0,3349.0,3.0,0,26910.0,5291.0,32201.0,2.0,179870.0,0.17902373936732086,0.018619002612998276,0.10400298127387349,1.7902373936732086,11.709945380232497,5.053154790475044,3.0,NEY VALDIR REICHOW BANDEIRA,0.0,0.0,0.0,0.0,0.0,0.0,0.0
2016,87912,PELOTAS,210000031740,ANTONIO XAVIER ANDRADE,PROFESSOR XAVIER,PR,MASCULINO,BRANCA,SUPERIOR COMPLETO,PROFESSOR DE ENSINO SUPERIOR,SUPLENTE,0,Direita,Direita,1880.0,910.35,0.0,0.0,0.0,0.0,0.0,57.1,2847.45,0.0,0.0,1.4804412501104598,4215.482437627028,2.3828007097307,2783.2295502076645,1347.719692038057,0.0,0.0,0.0,0.0,0.0,84.53319538130725,2847.45,0.0,0.0,0.0,0.0,10.0,2847.45,1.4804412501104598,4215.482437627028,0.0,4215.482437627028,0.0,0.0,0.0,0.0,0.0,0,2.3828007097307,2.3828007097307,0.0,PR,-1,#NULO#,#NULO#,210000002782,PRB/PR,PRB / PR,COLIGAÇÃO,COLIGACAO:210000002782,126.0,126.0,3.0,0,9755.0,258.0,10013.0,2.0,179870.0,0.05566798243175627,0.0007005059209429032,0.01258364126635374,0.5566798243175627,6.9886846867721655,3.4611356151586166,15.0,ANTONIO XAVIER ANDRADE,0.0,0.0,0.0,0.0,0.0,0.0,0.0
2016,87912,PELOTAS,210000032382,RICARDO DA SILVA MOREIRA,PROFESSOR RICARDO,PT,MASCULINO,BRANCA,SUPERIOR COMPLETO,PROFESSOR DE ENSINO MÉDIO,SUPLENTE,0,Esquerda,Esquerda,2400.0,3640.77,0.0,0.0,0.0,0.0,0.0,0.0,6040.77,0.0,0.0,1.4804412501104598,8943.005090429762,3.313681945735507,3553.059000265104,5389.946090164659,0.0,0.0,0.0,0.0,0.0,0.0,5923.700000000001,0.0,0.0,0.0,750.0,15.0,5923.700000000001,1.4804412501104598,8769.689833279332,0.0,8769.689833279332,0.0,0.0,1110.3309375828449,0.0,0.0,0,3.288312760444133,3.288312760444133,0.0,PT,-1,#NULO#,#NULO#,210000002821,FRENTE PELOTAS PODE,PT / PC do B,COLIGAÇÃO,COLIGACAO:210000002821,573.0,573.0,3.0,0,17426.0,1552.0,18978.0,2.0,179870.0,0.10550953466392395,0.0031856340690498692,0.030192854884603226,1.0550953466392394,9.164906926675688,4.3203402568712805,8.0,RICARDO DA SILVA MOREIRA,0.0,0.0,0.0,0.0,0.0,0.0,0.0
2016,87912,PELOTAS,210000032411,CRISTIAN BERMUDEZ PEDERZOLLI,MANO CABELO E ARTE,PTN,MASCULINO,BRANCA,ENSINO MÉDIO INCOMPLETO,CABELEIREIRO E BARBEIRO,SUPLENTE,0,Direita,Direita,0.0,0.0,0.0,0.0,642.0,0.0,0.0,0.0,642.0,0.0,0.0,1.4804412501104598,950.4432825709152,0.963802046481737,0.0,0.0,0.0,0.0,950.4432825709152,0.0,0.0,0.0,642.0,0.0,0.0,0.0,0.0,3.0,642.0,1.4804412501104598,950.4432825709152,0.0,950.4432825709152,0.0,0.0,0.0,0.0,0.0,0,0.963802046481737,0.963802046481737,0.0,PTN,-1,#NULO#,#NULO#,210000002822,"PP, REDE SUSTENTABILIDADE, PTN",PP / REDE / PTN,COLIGAÇÃO,COLIGACAO:210000002822,586.0,586.0,3.0,0,8719.0,381.0,9100.0,3.0,179870.0,0.050592094290320785,0.0032579084894646133,0.06439560439560439,0.5059209429032078,9.197216693110052,3.3362833878644325,4.0,CRISTIAN BERMUDEZ PEDERZOLLI,0.0,0.0,0.0,0.0,0.0,0.0,0.0
2016,87912,PELOTAS,210000032727,PAULO RENATO BARBOSA,NATO HOMEM DO CAVALINHO,PT do B,MASCULINO,BRANCA,ENSINO FUNDAMENTAL COMPLETO,OUTROS,NÃO ELEITO,0,Centro,Centro,0.0,0.0,0.0,0.0,0.0,0.0,0.0,0.0,0.0,0.0,,1.4804412501104598,0.0,0.0,0.0,0.0,0.0,0.0,0.0,0.0,0.0,0.0,0.0,0.0,0.0,0.0,0.0,0.0,0.0,1.4804412501104598,0.0,0.0,0.0,0.0,0.0,0.0,0.0,0.0,0,0.0,0.0,0.0,,,,,,,,,PARTIDO:PT do B,0.0,0.0,,1,1862.0,69.0,1931.0,1.0,179870.0,0.010735531216990049,0.0,0.0,0.10735531216990048,0.0,1.5513929680274543,18.0,PAULO RENATO BARBOSA,0.0,0.0,0.0,0.0,0.0,0.0,0.0
2016,87912,PELOTAS,210000031747,DONARIO SOUZA DA COSTA,DONÁRIO,PRB,MASCULINO,BRANCA,ENSINO FUNDAMENTAL INCOMPLETO,EMPRESÁRIO,SUPLENTE,0,Direita,Direita,1084.0,4450.0,0.0,0.0,0.0,0.0,0.0,0.0,5534.0,0.0,0.0,1.4804412501104598,8192.761878111285,3.200498370680244,1604.7983151197384,6587.9635629915465,0.0,0.0,0.0,0.0,0.0,0.0,5521.81,0.0,0.0,0.0,0.0,39.0,5521.81,1.4804412501104598,8174.715299272437,0.0,8174.715299272437,0.0,0.0,0.0,0.0,0.0,0,3.197663390359065,3.197663390359065,0.0,PRB,-1,#NULO#,#NULO#,210000002782,PRB/PR,PRB / PR,COLIGAÇÃO,COLIGACAO:210000002782,1010.0,1010.0,3.0,0,9755.0,258.0,10013.0,2.0,179870.0,0.05566798243175627,0.0056151665091454936,0.10086887046839109,0.5566798243175627,9.981567281903015,3.4611356151586166,3.0,DONARIO SOUZA DA COSTA,0.0,0.0,0.0,0.0,0.0,0.0,0.0
2016,87912,PELOTAS,210000032670,MARIANA KIESOW CANTOS,MARIANA CANTOS,PP,FEMININO,BRANCA,ENSINO MÉDIO COMPLETO,AUXILIAR DE ESCRITÓRIO E ASSEMELHADOS,SUPLENTE,0,Direita,Direita,300.0,0.0,0.0,0.0,0.0,0.0,0.0,0.0,300.0,0.0,0.0,1.4804412501104598,444.1323750331379,0.5302029915676904,444.1323750331379,0.0,0.0,0.0,0.0,0.0,0.0,0.0,300.0,0.0,0.0,0.0,0.0,2.0,300.0,1.4804412501104598,444.1323750331379,0.0,444.1323750331379,0.0,0.0,0.0,0.0,0.0,0,0.5302029915676904,0.5302029915676904,0.0,PP,-1,#NULO#,#NULO#,210000002822,"PP, REDE SUSTENTABILIDADE, PTN",PP / REDE / PTN,COLIGAÇÃO,COLIGACAO:210000002822,106.0,106.0,3.0,0,8719.0,381.0,9100.0,3.0,179870.0,0.050592094290320785,0.0005893145049202202,0.011648351648351648,0.5059209429032078,6.741466986401147,3.3362833878644325,17.0,MARIANA KIESOW CANTOS,0.0,0.0,0.0,0.0,0.0,0.0,0.0
2016,87912,PELOTAS,210000032375,NILTON ALVES SABINO,NILTON PESCADOR,PT,MASCULINO,BRANCA,ENSINO FUNDAMENTAL INCOMPLETO,PESCADOR,SUPLENTE,0,Esquerda,Esquerda,400.0,186.35,0.0,0.0,0.0,0.0,0.0,0.0,586.35,0.0,0.0,1.4804412501104598,868.0567270022682,0.90153826581965,592.176500044184,275.88022695808417,0.0,0.0,0.0,0.0,0.0,0.0,586.35,0.0,0.0,0.0,0.0,6.0,586.35,1.4804412501104598,868.0567270022682,0.0,868.0567270022682,0.0,0.0,0.0,0.0,0.0,0,0.90153826581965,0.90153826581965,0.0,PT,-1,#NULO#,#NULO#,210000002821,FRENTE PELOTAS PODE,PT / PC do B,COLIGAÇÃO,COLIGACAO:210000002821,150.0,150.0,3.0,0,17426.0,1552.0,18978.0,2.0,179870.0,0.10550953466392395,0.0008339356201701229,0.007903888713246918,1.0550953466392394,7.2384047393250786,4.3203402568712805,14.0,NILTON ALVES SABINO,0.0,0.0,0.0,0.0,0.0,0.0,0.0
2016,87912,PELOTAS,210000032188,JANE EIRE DE SOUZA LEMOS,JANE EIRE,PMN,FEMININO,BRANCA,SUPERIOR COMPLETO,PROFESSOR DE ENSINO MÉDIO,NÃO ELEITO,0,Centro,Centro,200.0,178.0,0.0,0.0,0.0,0.0,0.0,0.0,378.0,0.0,0.0,1.4804412501104598,559.6067925417537,0.6411823432188988,296.088250022092,263.5185425196618,0.0,0.0,0.0,0.0,0.0,0.0,368.0,0.0,0.0,0.0,0.0,3.0,368.0,1.4804412501104598,544.8023800406492,0.0,544.8023800406492,0.0,0.0,0.0,0.0,0.0,0,0.6274222921291894,0.6274222921291894,0.0,PMN,-1,#NULO#,#NULO#,210000002809,PARTIDO ISOLADO,PMN,PARTIDO ISOLADO,PARTIDO:PMN,46.0,46.0,3.0,0,863.0,61.0,924.0,1.0,179870.0,0.005137043420247957,0.000255740256852171,0.049783549783549784,0.05137043420247957,5.554588851677638,0.9441087991079549,6.0,JANE EIRE DE SOUZA LEMOS,0.0,0.0,0.0,0.0,0.0,0.0,0.0
2016,87912,PELOTAS,210000032332,PEDRO LUÍS BASTOS PORTELLA,PEDRO PORTELLA,PATRIOTA,MASCULINO,BRANCA,SUPERIOR INCOMPLETO,"CORRETOR DE IMÓVEIS, SEGUROS, TÍTULOS E VALORES",NÃO ELEITO,0,Direita,Direita,0.0,0.0,0.0,0.0,0.0,0.0,0.0,0.0,0.0,0.0,,1.4804412501104598,0.0,0.0,0.0,0.0,0.0,0.0,0.0,0.0,0.0,0.0,0.0,0.0,0.0,0.0,0.0,0.0,0.0,1.4804412501104598,0.0,0.0,0.0,0.0,0.0,0.0,0.0,0.0,0,0.0,0.0,0.0,PEN,-1,#NULO#,#NULO#,210000002818,PARTIDO ISOLADO,PEN,PARTIDO ISOLADO,PARTIDO:PEN,89.0,89.0,3.0,0,517.0,93.0,610.0,1.0,179870.0,0.003391338188691833,0.0004948018013009396,0.14590163934426228,0.03391338188691832,6.491853096329675,0.6870606883398922,1.0,PEDRO LUIS BASTOS PORTELLA,0.0,0.0,0.0,0.0,0.0,0.0,0.0
2016,87912,PELOTAS,210000032398,JORGE LANGLOIS BOUCHAHINE,JORGE BOUCHAHINE,REDE,MASCULINO,BRANCA,ENSINO MÉDIO COMPLETO,"CORRETOR DE IMÓVEIS, SEGUROS, TÍTULOS E VALORES",SUPLENTE,0,Esquerda,Centro,5000.0,4079.0,0.0,0.0,558.58,0.0,0.0,0.0,9637.58,0.0,0.0,1.4804412501104598,14267.870983239563,3.932426995524725,7402.206250552299,6038.719859200565,0.0,0.0,826.9448734867007,0.0,0.0,0.0,9637.58,0.0,0.0,0.0,1000.0,18.0,9637.58,1.4804412501104598,14267.870983239563,0.0,14267.870983239563,0.0,0.0,1480.4412501104598,0.0,0.0,0,3.932426995524725,3.932426995524725,0.0,REDE,-1,#NULO#,#NULO#,210000002822,"PP, REDE SUSTENTABILIDADE, PTN",PP / REDE / PTN,COLIGAÇÃO,COLIGACAO:210000002822,125.0,125.0,3.0,0,8719.0,381.0,9100.0,3.0,179870.0,0.050592094290320785,0.0006949463501417691,0.013736263736263736,0.5059209429032078,6.977279923499917,3.3362833878644325,14.0,JORGE LANGLOIS BOUCHAHINE,0.0,0.0,0.0,0.0,0.0,0.0,0.0
2016,87912,PELOTAS,210000032343,JORGE LUÍS SILVEIRA,JORGE SILVEIRA,PPS,MASCULINO,BRANCA,ENSINO MÉDIO COMPLETO,APOSENTADO (EXCETO SERVIDOR PÚBLICO),SUPLENTE,0,Centro,Centro,0.0,0.0,0.0,0.0,1569.24,0.0,0.0,0.0,1569.24,0.0,0.0,1.4804412501104598,2323.167627323338,1.732559067332884,0.0,0.0,0.0,0.0,2323.167627323338,0.0,0.0,0.0,1569.24,0.0,0.0,0.0,0.0,8.0,1569.24,1.4804412501104598,2323.167627323338,0.0,2323.167627323338,0.0,0.0,0.0,0.0,0.0,0,1.732559067332884,1.732559067332884,0.0,PPS,-1,#NULO#,#NULO#,210000002820,PMDB-PPS,PPS / PMDB,COLIGAÇÃO,COLIGACAO:210000002820,619.0,619.0,3.0,0,10688.0,496.0,11184.0,2.0,179870.0,0.06217823983988436,0.0034413743259020402,0.05534692417739628,0.6217823983988435,9.276124405274238,3.6069159418252053,6.0,JORGE LUIS SILVEIRA,0.0,0.0,0.0,0.0,0.0,0.0,0.0
2016,87912,PELOTAS,210000032483,ANTÔNIO JESUS DE MOURA SOARES,ANTÔNIO SOARES,PDT,MASCULINO,PRETA,ENSINO MÉDIO COMPLETO,MECÂNICO DE MANUTENÇÃO,SUPLENTE,0,Esquerda,Centro,150.0,530.0,498.99,0.0,0.0,0.0,0.0,0.0,1178.99,498.99,0.4232351419435279,1.4804412501104598,1745.425429467731,1.4570297257064524,222.06618751656896,784.6338625585437,738.7253793926184,0.0,0.0,0.0,0.0,0.0,1178.99,0.0,0.0,0.0,0.0,7.0,1178.99,1.4804412501104598,1745.425429467731,0.0,1745.425429467731,0.0,0.0,0.0,0.0,0.0,0,1.4570297257064524,1.4570297257064524,0.0,PDT,-1,#NULO#,#NULO#,210000002825,PARTIDO ISOLADO,PDT,PARTIDO ISOLADO,PARTIDO:PDT,121.0,121.0,3.0,0,21202.0,2971.0,24173.0,1.0,179870.0,0.13439150497581587,0.0006727080669372324,0.00500558474330865,1.3439150497581587,6.930737337562887,4.653805255256417,25.0,ANTONIO JESUS DE MOURA SOARES,0.0,0.0,0.0,0.0,0.0,0.0,0.0
2016,87912,PELOTAS,210000032426,GETULIO ALBUQUERQUE DA CRUZ,GETULIO CRUZ,DEM,MASCULINO,BRANCA,ENSINO MÉDIO COMPLETO,MILITAR REFORMADO,SUPLENTE,0,Direita,Direita,200.0,300.0,564.0,0.0,0.0,0.0,0.0,0.0,1064.0,564.0,0.5300751879699248,1.4804412501104598,1575.1894901175292,1.364678594002529,296.088250022092,444.1323750331379,834.9688650622993,0.0,0.0,0.0,0.0,0.0,1064.0,0.0,0.0,0.0,0.0,4.0,1064.0,1.4804412501104598,1575.1894901175292,0.0,1575.1894901175292,0.0,0.0,0.0,0.0,0.0,0,1.364678594002529,1.364678594002529,0.0,DEM,-1,#NULO#,#NULO#,210000002823,DEM-PTC-PHS,DEM / PTC / PHS,COLIGAÇÃO,COLIGACAO:210000002823,53.0,53.0,3.0,0,12763.0,287.0,13050.0,3.0,179870.0,0.07255239895480069,0.0002946572524601101,0.004061302681992337,0.7255239895480068,5.754887502163468,3.812498225333564,27.0,GETULIO ALBUQUERQUE DA CRUZ,0.0,0.0,0.0,0.0,0.0,0.0,0.0
2016,87912,PELOTAS,210000032412,JOSE FRANCISCO GONCALVES BARCELLOS,CHICO BARCELLOS,PTN,MASCULINO,BRANCA,ENSINO MÉDIO COMPLETO,OUTROS,SUPLENTE,0,Direita,Direita,0.0,0.0,0.0,0.0,642.0,0.0,0.0,0.0,642.0,0.0,0.0,1.4804412501104598,950.4432825709152,0.963802046481737,0.0,0.0,0.0,0.0,950.4432825709152,0.0,0.0,0.0,642.0,0.0,0.0,0.0,0.0,5.0,642.0,1.4804412501104598,950.4432825709152,0.0,950.4432825709152,0.0,0.0,0.0,0.0,0.0,0,0.963802046481737,0.963802046481737,0.0,PTN,-1,#NULO#,#NULO#,210000002822,"PP, REDE SUSTENTABILIDADE, PTN",PP / REDE / PTN,COLIGAÇÃO,COLIGACAO:210000002822,26.0,26.0,3.0,0,8719.0,381.0,9100.0,3.0,179870.0,0.050592094290320785,0.00014454884082948797,0.002857142857142857,0.5059209429032078,4.754887502163468,3.3362833878644325,25.0,JOSE FRANCISCO GONCALVES BARCELLOS,0.0,0.0,0.0,0.0,0.0,0.0,0.0
2016,87912,PELOTAS,210000032729,PAULO FERNANDO ROSALES DA CUNHA,PAULO FERNANDO CUNHA,PT do B,MASCULINO,BRANCA,ENSINO MÉDIO INCOMPLETO,PRODUTOR AGROPECUÁRIO,NÃO ELEITO,0,Centro,Centro,0.0,0.0,0.0,0.0,0.0,0.0,0.0,0.0,0.0,0.0,,1.4804412501104598,0.0,0.0,0.0,0.0,0.0,0.0,0.0,0.0,0.0,0.0,0.0,0.0,0.0,0.0,0.0,0.0,0.0,1.4804412501104598,0.0,0.0,0.0,0.0,0.0,0.0,0.0,0.0,0,0.0,0.0,0.0,,,,,,,,,PARTIDO:PT do B,0.0,0.0,,1,1862.0,69.0,1931.0,1.0,179870.0,0.010735531216990049,0.0,0.0,0.10735531216990048,0.0,1.5513929680274543,18.0,PAULO FERNANDO ROSALES DA CUNHA,0.0,0.0,0.0,0.0,0.0,0.0,0.0
2016,87912,PELOTAS,210000031873,JOSE PAULO BENEMANN,JOSE BENEMANN,PSDB,MASCULINO,BRANCA,ENSINO MÉDIO INCOMPLETO,EMPRESÁRIO,SUPLENTE,0,Centro,Centro,0.0,11270.0,0.0,0.0,0.0,0.0,0.0,0.0,11270.0,0.0,0.0,1.4804412501104598,16684.572888744882,4.144419470910609,0.0,16684.572888744882,0.0,0.0,0.0,0.0,0.0,0.0,11025.05,0.0,0.0,0.0,0.0,18.0,11025.05,1.4804412501104598,16321.938804530324,0.0,16321.938804530324,0.0,0.0,0.0,0.0,0.0,0,4.114528511507348,4.114528511507348,0.0,PSDB,-1,#NULO#,#NULO#,210000002790,PSDB/SOLIDARIEDADE,PSDB / SD,COLIGAÇÃO,COLIGACAO:210000002790,1477.0,1477.0,3.0,0,26910.0,5291.0,32201.0,2.0,179870.0,0.17902373936732086,0.008211486073275143,0.04586814074097078,1.7902373936732086,10.52943055414615,5.053154790475044,6.0,JOSE PAULO BENEMANN,0.0,0.0,0.0,0.0,0.0,0.0,0.0
2016,87912,PELOTAS,210000032460,DAIANE RODRIGUES DIAS,DAIANE DIAS,PSB,FEMININO,PRETA,SUPERIOR COMPLETO,OUTROS,ELEITO POR MÉDIA,1,Esquerda,Centro,19680.0,5050.0,471.0,0.0,0.0,0.0,0.0,0.0,25201.0,471.0,0.0186897345343438,1.4804412501104598,37308.5999440337,5.259596395754645,29135.08380217385,7476.228313057822,697.2878288020265,0.0,0.0,0.0,0.0,0.0,25196.84,0.0,0.0,0.0,1950.0,152.0,25196.84,1.4804412501104598,37302.44130843324,0.0,37302.44130843324,0.0,0.0,2886.8604377153965,0.0,0.0,0,5.25936444399121,5.25936444399121,0.0,PSB,-1,#NULO#,#NULO#,210000002824,PARTIDO ISOLADO,PSB,PARTIDO ISOLADO,PARTIDO:PSB,2140.0,2140.0,3.0,0,21182.0,361.0,21543.0,1.0,179870.0,0.11976983376883304,0.011897481514427086,0.09933621129833356,1.1976983376883303,11.06406908038551,4.494607615593648,3.0,DAIANE RODRIGUES DIAS,0.0,0.0,0.0,0.0,0.0,0.0,0.0
2016,87912,PELOTAS,210000032718,DIOGO SILVA DE OLIVEIRA,DIOGO OLIVEIRA,PT do B,MASCULINO,PRETA,ENSINO FUNDAMENTAL COMPLETO,"PORTEIRO DE EDIFÍCIO, ASCENSORISTA, GARAGISTA E ZELADOR",NÃO ELEITO,0,Centro,Centro,0.0,0.0,0.0,0.0,0.0,0.0,0.0,0.0,0.0,0.0,,1.4804412501104598,0.0,0.0,0.0,0.0,0.0,0.0,0.0,0.0,0.0,0.0,0.0,0.0,0.0,0.0,0.0,0.0,0.0,1.4804412501104598,0.0,0.0,0.0,0.0,0.0,0.0,0.0,0.0,0,0.0,0.0,0.0,PT do B,-1,#NULO#,#NULO#,210000002840,PARTIDO ISOLADO,PT do B,PARTIDO ISOLADO,PARTIDO:PT do B,153.0,153.0,3.0,0,1862.0,69.0,1931.0,1.0,179870.0,0.010735531216990049,0.0008506143325735253,0.07923355774210254,0.10735531216990048,7.266786540694901,1.5513929680274543,6.0,DIOGO SILVA DE OLIVEIRA,0.0,0.0,0.0,0.0,0.0,0.0,0.0
2016,87912,PELOTAS,210000032313,LIANE SCHEER ROPKE,LIANE SCHEER,PV,FEMININO,BRANCA,ENSINO MÉDIO COMPLETO,SACERDOTE OU MEMBRO DE ORDEM OU SEITA RELIGIOSA,SUPLENTE,0,Centro,Centro,0.0,0.0,0.0,0.0,0.0,0.0,0.0,0.0,0.0,0.0,,1.4804412501104598,0.0,0.0,0.0,0.0,0.0,0.0,0.0,0.0,0.0,0.0,0.0,0.0,0.0,0.0,0.0,0.0,0.0,1.4804412501104598,0.0,0.0,0.0,0.0,0.0,0.0,0.0,0.0,0,0.0,0.0,0.0,PV,-1,#NULO#,#NULO#,210000002817,"PTB,PSD,PV,PSC",PTB / PV / PSC / PSD,COLIGAÇÃO,COLIGACAO:210000002817,4.0,4.0,3.0,0,25272.0,651.0,25923.0,4.0,179870.0,0.14412075387780063,2.223828320453661e-05,0.00015430312849593026,1.4412075387780061,2.321928094887362,4.750767271699517,25.0,LIANE SCHEER ROPKE,0.0,0.0,0.0,0.0,0.0,0.0,0.0
2016,87912,PELOTAS,210000032461,TONY DE SIQUEIRA SECHI,TONY SECHI,PSB,MASCULINO,BRANCA,SUPERIOR INCOMPLETO,OUTROS,SUPLENTE,0,Esquerda,Centro,1840.0,7515.0,35000.0,0.0,0.0,0.0,0.0,0.0,44355.0,35000.0,0.7890880396798557,1.4804412501104598,65664.97164864944,6.058857007675934,2724.011900203246,11125.515994580106,51815.44375386609,0.0,0.0,0.0,0.0,0.0,44349.12,0.0,0.0,0.0,1800.0,71.0,44349.12,1.4804412501104598,65656.2666540988,0.0,65656.2666540988,0.0,0.0,2664.794250198828,0.0,0.0,0,6.058668610798634,6.058668610798634,0.0,PSB,-1,#NULO#,#NULO#,210000002824,PARTIDO ISOLADO,PSB,PARTIDO ISOLADO,PARTIDO:PSB,1383.0,1383.0,3.0,0,21182.0,361.0,21543.0,1.0,179870.0,0.11976983376883304,0.007688886417968533,0.06419718702130622,1.1976983376883303,10.434628227636725,4.494607615593648,6.0,TONY DE SIQUEIRA SECHI,0.0,0.0,0.0,0.0,0.0,0.0,0.0
2016,87912,PELOTAS,210000032377,PAULO FRANCISCO VARGAS FERREIRA,PAULO VARGAS,PT,MASCULINO,BRANCA,ENSINO MÉDIO INCOMPLETO,CABELEIREIRO E BARBEIRO,SUPLENTE,0,Esquerda,Esquerda,400.0,0.0,0.0,0.0,0.0,0.0,0.0,0.0,400.0,0.0,0.0,1.4804412501104598,592.176500044184,0.6710002740876998,592.176500044184,0.0,0.0,0.0,0.0,0.0,0.0,0.0,400.0,0.0,0.0,0.0,0.0,3.0,400.0,1.4804412501104598,592.176500044184,0.0,592.176500044184,0.0,0.0,0.0,0.0,0.0,0,0.6710002740876998,0.6710002740876998,0.0,PT,-1,#NULO#,#NULO#,210000002821,FRENTE PELOTAS PODE,PT / PC do B,COLIGAÇÃO,COLIGACAO:210000002821,53.0,53.0,3.0,0,17426.0,1552.0,18978.0,2.0,179870.0,0.10550953466392395,0.0002946572524601101,0.002792707345347244,1.0550953466392394,5.754887502163468,4.3203402568712805,20.0,PAULO FRANCISCO VARGAS FERREIRA,0.0,0.0,0.0,0.0,0.0,0.0,0.0
2016,87912,PELOTAS,210000032319,CLAITON CABREIRA BORGES,CLAITON BORGES,PSD,MASCULINO,BRANCA,ENSINO FUNDAMENTAL INCOMPLETO,MOTORISTA DE VEÍCULOS DE TRANSPORTE COLETIVO DE PASSAGEIROS,SUPLENTE,0,Direita,Direita,0.0,89.0,0.0,0.0,0.0,0.0,0.0,0.0,89.0,0.0,0.0,1.4804412501104598,131.7592712598309,0.1785671250490128,0.0,131.7592712598309,0.0,0.0,0.0,0.0,0.0,0.0,178.0,0.0,0.0,0.0,0.0,2.0,178.0,1.4804412501104598,263.5185425196618,0.0,263.5185425196618,0.0,0.0,0.0,0.0,0.0,0,0.3374468364274207,0.3374468364274207,0.0,PSD,-1,#NULO#,#NULO#,210000002817,"PTB,PSD,PV,PSC",PTB / PV / PSC / PSD,COLIGAÇÃO,COLIGACAO:210000002817,153.0,153.0,3.0,0,25272.0,651.0,25923.0,4.0,179870.0,0.14412075387780063,0.0008506143325735253,0.005902094664969332,1.4412075387780061,7.266786540694901,4.750767271699517,17.0,CLAITON CABREIRA BORGES,0.0,0.0,0.0,0.0,0.0,0.0,0.0
2016,87912,PELOTAS,210000032394,PRISCILA GIOVANA FONSECA AMARAL,PRISCILA AMARAL,PT,FEMININO,BRANCA,SUPERIOR COMPLETO,ARTISTA PLÁSTICO E ASSEMELHADOS,SUPLENTE,0,Esquerda,Esquerda,0.0,0.0,0.0,0.0,0.0,0.0,0.0,0.0,0.0,0.0,,1.4804412501104598,0.0,0.0,0.0,0.0,0.0,0.0,0.0,0.0,0.0,0.0,0.0,0.0,0.0,0.0,0.0,0.0,0.0,1.4804412501104598,0.0,0.0,0.0,0.0,0.0,0.0,0.0,0.0,0,0.0,0.0,0.0,PT,-1,#NULO#,#NULO#,210000002821,FRENTE PELOTAS PODE,PT / PC do B,COLIGAÇÃO,COLIGACAO:210000002821,6.0,6.0,3.0,0,17426.0,1552.0,18978.0,2.0,179870.0,0.10550953466392395,3.335742480680491e-05,0.0003161555485298767,1.0550953466392394,2.807354922057604,4.3203402568712805,23.0,PRISCILA GIOVANA FONSECA AMARAL,0.0,0.0,0.0,0.0,0.0,0.0,0.0
2016,87912,PELOTAS,210000032262,VITOR HUGO ARAUJO ANGELO,VITOR ANGELO,PROS,MASCULINO,BRANCA,ENSINO MÉDIO INCOMPLETO,OUTROS,NÃO ELEITO,0,Centro,Centro,0.0,0.0,338.0,0.0,0.0,0.0,0.0,0.0,338.0,338.0,1.0,1.4804412501104598,500.3891425373354,0.5853367281865215,0.0,0.0,500.3891425373354,0.0,0.0,0.0,0.0,0.0,338.0,0.0,0.0,0.0,0.0,3.0,338.0,1.4804412501104598,500.3891425373354,0.0,500.3891425373354,0.0,0.0,0.0,0.0,0.0,0,0.5853367281865215,0.5853367281865215,0.0,PROS,-1,#NULO#,#NULO#,210000002815,PARTIDO ISOLADO,PROS,PARTIDO ISOLADO,PARTIDO:PROS,83.0,83.0,3.0,0,750.0,137.0,887.0,1.0,179870.0,0.004931339300605993,0.0004614443764941347,0.0935738444193912,0.04931339300605993,6.392317422778761,0.9160944229383583,4.0,VITOR HUGO ARAUJO ANGELO,0.0,0.0,0.0,0.0,0.0,0.0,0.0
2016,87912,PELOTAS,210000032406,HELIA MARIA FLORENCA DA SILVA,HELIA FLORENCA,PP,FEMININO,BRANCA,ENSINO MÉDIO COMPLETO,OUTROS,SUPLENTE,0,Direita,Direita,2260.0,0.0,0.0,0.0,0.0,0.0,0.0,0.0,2260.0,0.0,0.0,1.4804412501104598,3345.79722524964,2.1196208599882107,3345.79722524964,0.0,0.0,0.0,0.0,0.0,0.0,0.0,2257.45,0.0,0.0,0.0,0.0,7.0,2257.45,1.4804412501104598,3342.022100061857,0.0,3342.022100061857,0.0,0.0,0.0,0.0,0.0,0,2.118367069013514,2.118367069013514,0.0,PP,-1,#NULO#,#NULO#,210000002822,"PP, REDE SUSTENTABILIDADE, PTN",PP / REDE / PTN,COLIGAÇÃO,COLIGACAO:210000002822,80.0,80.0,3.0,0,8719.0,381.0,9100.0,3.0,179870.0,0.050592094290320785,0.0004447656640907322,0.008791208791208791,0.5059209429032078,6.339850002884624,3.3362833878644325,20.0,HELIA MARIA FLORENCA DA SILVA,0.0,0.0,0.0,0.0,0.0,0.0,0.0
2016,87912,PELOTAS,210000032267,LUAN DIEGO BADIA,LUAN BADIA,PSOL,MASCULINO,PARDA,SUPERIOR INCOMPLETO,SERVIDOR PÚBLICO FEDERAL,SUPLENTE,0,Esquerda,Esquerda,6582.0,0.0,0.0,0.0,1364.17,0.0,0.0,0.0,7946.17,0.0,0.0,1.4804412501104598,11763.837848390232,3.6739902807568967,9744.264308227046,0.0,0.0,0.0,2019.573540163186,0.0,0.0,0.0,7595.64,0.0,0.0,0.0,0.0,12.0,7595.64,1.4804412501104598,11244.898776989014,0.0,11244.898776989014,0.0,0.0,0.0,0.0,0.0,0,3.614108942734573,3.614108942734573,0.0,PSOL,-1,#NULO#,#NULO#,210000002816,PARTIDO ISOLADO,PSOL,PARTIDO ISOLADO,PARTIDO:PSOL,1111.0,1111.0,3.0,0,7470.0,1883.0,9353.0,1.0,179870.0,0.05199866570300773,0.006176683160060043,0.11878541644392174,0.5199866570300773,10.118941072723507,3.3719769744945847,2.0,LUAN DIEGO BADIA,0.0,0.0,0.0,0.0,0.0,0.0,0.0
2016,87912,PELOTAS,210000031882,CLEBER ADILSON NOGUEIRA DUTRA,CLEBER DUTRA,SD,MASCULINO,BRANCA,SUPERIOR COMPLETO,SERVIDOR PÚBLICO MUNICIPAL,SUPLENTE,0,Centro,Centro,0.0,300.0,0.0,0.0,0.0,0.0,0.0,0.0,300.0,0.0,0.0,1.4804412501104598,444.1323750331379,0.5302029915676904,0.0,444.1323750331379,0.0,0.0,0.0,0.0,0.0,0.0,295.0,0.0,0.0,0.0,0.0,1.0,295.0,1.4804412501104598,436.7301687825856,0.0,436.7301687825856,0.0,0.0,0.0,0.0,0.0,0,0.5227891357600818,0.5227891357600818,0.0,SD,-1,#NULO#,#NULO#,210000002790,PSDB/SOLIDARIEDADE,PSDB / SD,COLIGAÇÃO,COLIGACAO:210000002790,50.0,50.0,3.0,0,26910.0,5291.0,32201.0,2.0,179870.0,0.17902373936732086,0.00027797854005670765,0.0015527468091053073,1.7902373936732086,5.672425341971495,5.053154790475044,20.0,CLEBER ADILSON NOGUEIRA DUTRA,0.0,0.0,0.0,0.0,0.0,0.0,0.0
2016,87912,PELOTAS,210000032734,WANDERLÉIA BARBOSA OLIVEIRA,WANDERLEIA BARBOSA,PT do B,FEMININO,BRANCA,ENSINO MÉDIO INCOMPLETO,CABELEIREIRO E BARBEIRO,NÃO ELEITO,0,Centro,Centro,0.0,0.0,0.0,0.0,0.0,0.0,0.0,0.0,0.0,0.0,,1.4804412501104598,0.0,0.0,0.0,0.0,0.0,0.0,0.0,0.0,0.0,0.0,0.0,0.0,0.0,0.0,0.0,0.0,0.0,1.4804412501104598,0.0,0.0,0.0,0.0,0.0,0.0,0.0,0.0,0,0.0,0.0,0.0,PT do B,-1,#NULO#,#NULO#,210000002840,PARTIDO ISOLADO,PT do B,PARTIDO ISOLADO,PARTIDO:PT do B,24.0,24.0,3.0,0,1862.0,69.0,1931.0,1.0,179870.0,0.010735531216990049,0.00013342969922721965,0.012428793371310202,0.10735531216990048,4.643856189774724,1.5513929680274543,15.0,WANDERLEIA BARBOSA OLIVEIRA,0.0,0.0,0.0,0.0,0.0,0.0,0.0
2016,87912,PELOTAS,210000032277,CLAUDIO ROGERIO LOPES,INSTRUTOR E TAXISTA CLAUDINHO,PSOL,MASCULINO,BRANCA,ENSINO MÉDIO INCOMPLETO,TAXISTA,SUPLENTE,0,Esquerda,Esquerda,2732.0,0.0,0.0,0.0,0.0,0.0,0.0,0.0,2732.0,0.0,0.0,1.4804412501104598,4044.565495301776,2.334730010705421,4044.565495301776,0.0,0.0,0.0,0.0,0.0,0.0,0.0,2732.0,0.0,0.0,0.0,0.0,2.0,2732.0,1.4804412501104598,4044.565495301776,0.0,4044.565495301776,0.0,0.0,0.0,0.0,0.0,0,2.334730010705421,2.334730010705421,0.0,PSOL,-1,#NULO#,#NULO#,210000002816,PARTIDO ISOLADO,PSOL,PARTIDO ISOLADO,PARTIDO:PSOL,92.0,92.0,3.0,0,7470.0,1883.0,9353.0,1.0,179870.0,0.05199866570300773,0.000511480513704342,0.009836416123169036,0.5199866570300773,6.539158811108031,3.3719769744945847,16.0,CLAUDIO ROGERIO LOPES,0.0,0.0,0.0,0.0,0.0,0.0,0.0
2016,87912,PELOTAS,210000032342,JOSUÉ ROLDAN MARTINS,JOSUÉ MARTINS,PPS,MASCULINO,BRANCA,SUPERIOR INCOMPLETO,OUTROS,SUPLENTE,0,Centro,Centro,0.0,12000.0,0.0,0.0,1569.24,0.0,0.0,0.0,13569.24,0.0,0.0,1.4804412501104598,20088.462628648856,4.398382019849783,0.0,17765.295001325518,0.0,0.0,2323.167627323338,0.0,0.0,0.0,13569.24,0.0,0.0,0.0,0.0,18.0,13569.24,1.4804412501104598,20088.462628648856,0.0,20088.462628648856,0.0,0.0,0.0,0.0,0.0,0,4.398382019849783,4.398382019849783,0.0,PPS,-1,#NULO#,#NULO#,210000002820,PMDB-PPS,PPS / PMDB,COLIGAÇÃO,COLIGACAO:210000002820,485.0,485.0,3.0,0,10688.0,496.0,11184.0,2.0,179870.0,0.06217823983988436,0.002696391838550064,0.04336552217453505,0.6217823983988435,8.92481250360578,3.6069159418252053,8.0,JOSUE ROLDAN MARTINS,0.0,0.0,0.0,0.0,0.0,0.0,0.0
2016,87912,PELOTAS,210000031874,JONE DE SOUZA SOARES,JONE SOARES,PSDB,MASCULINO,PARDA,SUPERIOR COMPLETO,JORNALISTA E REDATOR,SUPLENTE,0,Centro,Centro,3831.4,0.0,0.0,0.0,0.0,0.0,0.0,0.0,3831.4,0.0,0.0,1.4804412501104598,5672.162605673216,2.73815444878554,5672.162605673216,0.0,0.0,0.0,0.0,0.0,0.0,0.0,3831.4,0.0,0.0,0.0,0.0,9.0,3831.4,1.4804412501104598,5672.162605673215,0.0,5672.162605673215,0.0,0.0,0.0,0.0,0.0,0,2.73815444878554,2.73815444878554,0.0,PSDB,-1,#NULO#,#NULO#,210000002790,PSDB/SOLIDARIEDADE,PSDB / SD,COLIGAÇÃO,COLIGACAO:210000002790,888.0,888.0,3.0,0,26910.0,5291.0,32201.0,2.0,179870.0,0.17902373936732086,0.004936898871407127,0.027576783329710256,1.7902373936732086,9.79603960882977,5.053154790475044,7.0,JONE DE SOUZA SOARES,0.0,0.0,0.0,0.0,0.0,0.0,0.0
2016,87912,PELOTAS,210000031754,SANTO ERCI MESQUITA CAVALHEIRO,SANTO ERCI,PRB,MASCULINO,PRETA,ENSINO MÉDIO INCOMPLETO,"VENDEDOR PRACISTA, REPRESENTANTE, CAIXEIRO-VIAJANTE E ASSEMELHADOS",SUPLENTE,0,Direita,Direita,914.0,0.0,0.0,0.0,0.0,0.0,0.0,0.0,914.0,0.0,0.0,1.4804412501104598,1353.1233026009602,1.2345769191130926,1353.1233026009602,0.0,0.0,0.0,0.0,0.0,0.0,0.0,914.0,0.0,0.0,0.0,0.0,2.0,914.0,1.4804412501104598,1353.1233026009602,0.0,1353.1233026009602,0.0,0.0,0.0,0.0,0.0,0,1.2345769191130926,1.2345769191130926,0.0,PRB,-1,#NULO#,#NULO#,210000002782,PRB/PR,PRB / PR,COLIGAÇÃO,COLIGACAO:210000002782,53.0,53.0,3.0,0,9755.0,258.0,10013.0,2.0,179870.0,0.05566798243175627,0.0002946572524601101,0.005293118945371018,0.5566798243175627,5.754887502163468,3.4611356151586166,19.0,SANTO ERCI MESQUITA CAVALHEIRO,0.0,0.0,0.0,0.0,0.0,0.0,0.0
2016,87912,PELOTAS,210000032286,ROBSON MEDEIRO SILVEIRA,ROBSON MC BLACK,PSOL,MASCULINO,PRETA,ENSINO FUNDAMENTAL INCOMPLETO,CANTOR E COMPOSITOR,SUPLENTE,0,Esquerda,Esquerda,0.0,0.0,0.0,0.0,0.0,0.0,0.0,0.0,0.0,0.0,,1.4804412501104598,0.0,0.0,0.0,0.0,0.0,0.0,0.0,0.0,0.0,0.0,0.0,0.0,0.0,0.0,0.0,0.0,0.0,1.4804412501104598,0.0,0.0,0.0,0.0,0.0,0.0,0.0,0.0,0,0.0,0.0,0.0,PSOL,-1,#NULO#,#NULO#,210000002816,PARTIDO ISOLADO,PSOL,PARTIDO ISOLADO,PARTIDO:PSOL,25.0,25.0,3.0,0,7470.0,1883.0,9353.0,1.0,179870.0,0.05199866570300773,0.00013898927002835382,0.0026729391639046295,0.5199866570300773,4.700439718141092,3.3719769744945847,23.0,ROBSON MEDEIRO SILVEIRA,0.0,0.0,0.0,0.0,0.0,0.0,0.0
2016,87912,PELOTAS,210000032290,RODRIGO LEITE DOS SANTOS,NEGO LEITE,PSOL,MASCULINO,PRETA,SUPERIOR INCOMPLETO,"ESTUDANTE, BOLSISTA, ESTAGIÁRIO E ASSEMELHADOS",SUPLENTE,0,Esquerda,Esquerda,0.0,0.0,0.0,0.0,0.0,0.0,0.0,0.0,0.0,0.0,,1.4804412501104598,0.0,0.0,0.0,0.0,0.0,0.0,0.0,0.0,0.0,0.0,0.0,0.0,0.0,0.0,0.0,0.0,0.0,1.4804412501104598,0.0,0.0,0.0,0.0,0.0,0.0,0.0,0.0,0,0.0,0.0,0.0,PSOL,-1,#NULO#,#NULO#,210000002816,PARTIDO ISOLADO,PSOL,PARTIDO ISOLADO,PARTIDO:PSOL,73.0,73.0,3.0,0,7470.0,1883.0,9353.0,1.0,179870.0,0.05199866570300773,0.00040584866848279315,0.0078049823586015185,0.5199866570300773,6.20945336562895,3.3719769744945847,18.0,RODRIGO LEITE DOS SANTOS,0.0,0.0,0.0,0.0,0.0,0.0,0.0
2016,87912,PELOTAS,210000032458,AIRTON PINTO MOLINA,AIRTON MOLINA,PSB,MASCULINO,BRANCA,ENSINO MÉDIO COMPLETO,APOSENTADO (EXCETO SERVIDOR PÚBLICO),SUPLENTE,0,Esquerda,Centro,0.0,700.0,0.0,0.0,0.0,0.0,0.0,0.0,700.0,0.0,0.0,1.4804412501104598,1036.3088750773218,1.025956411484578,0.0,1036.3088750773218,0.0,0.0,0.0,0.0,0.0,0.0,700.0,0.0,0.0,0.0,0.0,2.0,700.0,1.4804412501104598,1036.3088750773218,0.0,1036.3088750773218,0.0,0.0,0.0,0.0,0.0,0,1.025956411484578,1.025956411484578,0.0,PSB,-1,#NULO#,#NULO#,210000002824,PARTIDO ISOLADO,PSB,PARTIDO ISOLADO,PARTIDO:PSB,444.0,444.0,3.0,0,21182.0,361.0,21543.0,1.0,179870.0,0.11976983376883304,0.0024684494357035637,0.0206099429048879,1.1976983376883303,8.79766152585376,4.494607615593648,14.0,AIRTON PINTO MOLINA,0.0,0.0,0.0,0.0,0.0,0.0,0.0
2016,87912,PELOTAS,210000032454,VIVIANE BRAGA VIEIRA,VIVIANE VIEIRA,DEM,FEMININO,BRANCA,ENSINO MÉDIO INCOMPLETO,VIGILANTE,SUPLENTE,0,Direita,Direita,980.0,0.0,282.0,0.0,0.0,0.0,0.0,0.0,1262.0,282.0,0.2234548335974643,1.4804412501104598,1868.3168576394005,1.5202044046866128,1450.8324251082506,0.0,417.4844325311497,0.0,0.0,0.0,0.0,0.0,1262.0,0.0,0.0,0.0,0.0,3.0,1262.0,1.4804412501104598,1868.3168576394005,0.0,1868.3168576394005,0.0,0.0,0.0,0.0,0.0,0,1.5202044046866128,1.5202044046866128,0.0,DEM,-1,#NULO#,#NULO#,210000002823,DEM-PTC-PHS,DEM / PTC / PHS,COLIGAÇÃO,COLIGACAO:210000002823,72.0,72.0,3.0,0,12763.0,287.0,13050.0,3.0,179870.0,0.07255239895480069,0.000400289097681659,0.005517241379310344,0.7255239895480068,6.189824558880018,3.812498225333564,25.0,VIVIANE BRAGA VIEIRA,0.0,0.0,0.0,0.0,0.0,0.0,0.0
2016,87912,PELOTAS,210000032726,MÁRCIO LUIS DA ROSA DIAS,MARCIO REI MOMO,PT do B,MASCULINO,PRETA,ENSINO MÉDIO INCOMPLETO,OUTROS,NÃO ELEITO,0,Centro,Centro,0.0,0.0,0.0,0.0,0.0,0.0,0.0,0.0,0.0,0.0,,1.4804412501104598,0.0,0.0,0.0,0.0,0.0,0.0,0.0,0.0,0.0,0.0,0.0,0.0,0.0,0.0,0.0,0.0,0.0,1.4804412501104598,0.0,0.0,0.0,0.0,0.0,0.0,0.0,0.0,0,0.0,0.0,0.0,PT do B,-1,#NULO#,#NULO#,210000002840,PARTIDO ISOLADO,PT do B,PARTIDO ISOLADO,PARTIDO:PT do B,30.0,30.0,3.0,0,1862.0,69.0,1931.0,1.0,179870.0,0.010735531216990049,0.00016678712403402456,0.015535991714137753,0.10735531216990048,4.954196310386875,1.5513929680274543,14.0,MARCIO LUIS DA ROSA DIAS,0.0,0.0,0.0,0.0,0.0,0.0,0.0
2016,87912,PELOTAS,210000032317,BENITO DE PAULA MENDES CARDOZO,BENITO CARDOZO,PSC,MASCULINO,BRANCA,ENSINO FUNDAMENTAL INCOMPLETO,CANTOR E COMPOSITOR,SUPLENTE,0,Direita,Direita,0.0,0.0,0.0,0.0,0.0,0.0,0.0,0.0,0.0,0.0,,1.4804412501104598,0.0,0.0,0.0,0.0,0.0,0.0,0.0,0.0,0.0,0.0,0.0,0.0,0.0,0.0,0.0,0.0,0.0,1.4804412501104598,0.0,0.0,0.0,0.0,0.0,0.0,0.0,0.0,0,0.0,0.0,0.0,PSC,-1,#NULO#,#NULO#,210000002817,"PTB,PSD,PV,PSC",PTB / PV / PSC / PSD,COLIGAÇÃO,COLIGACAO:210000002817,1043.0,1043.0,3.0,0,25272.0,651.0,25923.0,4.0,179870.0,0.14412075387780063,0.005798632345582921,0.04023454075531381,1.4412075387780061,10.027905996569885,4.750767271699517,10.0,BENITO DE PAULA MENDES CARDOZO,0.0,0.0,0.0,0.0,0.0,0.0,0.0
2016,87912,PELOTAS,210000032441,MARIA ADRIANE FERNANDES GARCIA,ADRIANE GARCIA,DEM,FEMININO,PARDA,SUPERIOR COMPLETO,SERVIDOR PÚBLICO MUNICIPAL,SUPLENTE,0,Direita,Direita,300.0,0.0,498.0,0.0,0.0,0.0,0.0,0.0,798.0,498.0,0.6240601503759399,1.4804412501104598,1181.392117588147,1.125249125894473,444.1323750331379,0.0,737.259742555009,0.0,0.0,0.0,0.0,0.0,798.0,0.0,0.0,0.0,0.0,4.0,798.0,1.4804412501104598,1181.392117588147,0.0,1181.392117588147,0.0,0.0,0.0,0.0,0.0,0,1.125249125894473,1.125249125894473,0.0,DEM,-1,#NULO#,#NULO#,210000002823,DEM-PTC-PHS,DEM / PTC / PHS,COLIGAÇÃO,COLIGACAO:210000002823,144.0,144.0,3.0,0,12763.0,287.0,13050.0,3.0,179870.0,0.07255239895480069,0.000800578195363318,0.011034482758620689,0.7255239895480068,7.1799090900149345,3.812498225333564,17.0,MARIA ADRIANE FERNANDES GARCIA,0.0,0.0,0.0,0.0,0.0,0.0,0.0
2016,87912,PELOTAS,210000032395,ALFEU ROCHA DA SILVA,ALFEU ROCHA,REDE,MASCULINO,BRANCA,ENSINO MÉDIO COMPLETO,COMERCIANTE,SUPLENTE,0,Esquerda,Centro,5500.0,4329.4,0.0,0.0,550.18,0.0,0.0,0.0,10379.58,0.0,0.0,1.4804412501104598,15366.358390821526,4.032661444436015,8142.426875607529,6409.422348228224,0.0,0.0,814.5091669857727,0.0,0.0,0.0,10379.58,0.0,0.0,0.0,1000.0,19.0,10379.58,1.4804412501104598,15366.358390821526,0.0,15366.358390821526,0.0,0.0,1480.4412501104598,0.0,0.0,0,4.032661444436015,4.032661444436015,0.0,REDE,-1,#NULO#,#NULO#,210000002822,"PP, REDE SUSTENTABILIDADE, PTN",PP / REDE / PTN,COLIGAÇÃO,COLIGACAO:210000002822,114.0,114.0,3.0,0,8719.0,381.0,9100.0,3.0,179870.0,0.050592094290320785,0.0006337910713292934,0.012527472527472527,0.5059209429032078,6.845490050944375,3.3362833878644325,16.0,ALFEU ROCHA DA SILVA,0.0,0.0,0.0,0.0,0.0,0.0,0.0
2016,87912,PELOTAS,210000032405,VITOR ROGER MACHADO NEY,ROGER NEY,PP,MASCULINO,BRANCA,SUPERIOR COMPLETO,VEREADOR,ELEITO POR QP,1,Direita,Direita,1700.0,20000.0,6000.0,0.0,0.0,0.0,0.0,0.0,27700.0,6000.0,0.2166064981949458,1.4804412501104598,41008.22262805974,5.392599841437116,2516.7501251877816,29608.8250022092,8882.647500662759,0.0,0.0,0.0,0.0,0.0,27700.0,0.0,0.0,0.0,900.0,33.0,27700.0,1.4804412501104598,41008.22262805974,0.0,41008.22262805974,0.0,0.0,1332.397125099414,0.0,0.0,0,5.392599841437116,5.392599841437116,0.0,PP,-1,#NULO#,#NULO#,210000002822,"PP, REDE SUSTENTABILIDADE, PTN",PP / REDE / PTN,COLIGAÇÃO,COLIGACAO:210000002822,2404.0,2404.0,3.0,0,8719.0,381.0,9100.0,3.0,179870.0,0.050592094290320785,0.013365208205926503,0.2641758241758242,0.5059209429032078,11.231821178657404,3.3362833878644325,1.0,VITOR ROGER MACHADO NEY,0.0,0.0,0.0,0.0,0.0,0.0,0.0
2016,87912,PELOTAS,210000032351,SALVADOR GONÇALVES RIBEIRO,SALVADOR RIBEIRO,PMDB,MASCULINO,BRANCA,ENSINO MÉDIO COMPLETO,VEREADOR,ELEITO POR QP,1,Centro,Centro,1220.0,30700.0,456.0,0.0,0.0,0.0,0.0,0.0,32376.0,456.0,0.0140845070422535,1.4804412501104598,47930.76591357624,5.612669960349304,1806.1383251347609,45449.54637839112,675.0812100503697,0.0,0.0,0.0,0.0,0.0,32280.58,0.0,0.0,0.0,650.0,79.0,32280.58,1.4804412501104598,47789.50220949071,0.0,47789.50220949071,0.0,0.0,962.2868125717988,0.0,0.0,0,5.608498858668565,5.608498858668565,0.0,PMDB,-1,#NULO#,#NULO#,210000002820,PMDB-PPS,PPS / PMDB,COLIGAÇÃO,COLIGACAO:210000002820,2024.0,2024.0,3.0,0,10688.0,496.0,11184.0,2.0,179870.0,0.06217823983988436,0.011252571301495524,0.18097281831187412,0.6217823983988435,10.98370619265935,3.6069159418252053,1.0,SALVADOR GONCALVES RIBEIRO,0.0,0.0,0.0,0.0,0.0,0.0,0.0
2016,87912,PELOTAS,210000032476,GISELE VASCONCELOS MAURENTE,GISELE MAURENTE,PSB,FEMININO,BRANCA,SUPERIOR INCOMPLETO,DONA DE CASA,NÃO ELEITO,0,Esquerda,Centro,350.0,0.0,0.0,0.0,0.0,0.0,0.0,0.0,350.0,0.0,0.0,1.4804412501104598,518.1544375386609,0.6023185594872688,518.1544375386609,0.0,0.0,0.0,0.0,0.0,0.0,0.0,350.0,0.0,0.0,0.0,0.0,2.0,350.0,1.4804412501104598,518.1544375386609,0.0,518.1544375386609,0.0,0.0,0.0,0.0,0.0,0,0.6023185594872688,0.6023185594872688,0.0,,,,,,,,,PARTIDO:PSB,0.0,0.0,,1,21182.0,361.0,21543.0,1.0,179870.0,0.11976983376883304,0.0,0.0,1.1976983376883303,0.0,4.494607615593648,26.0,GISELE VASCONCELOS MAURENTE,0.0,0.0,0.0,0.0,0.0,0.0,0.0
2016,87912,PELOTAS,210000032397,FRANCISCA DO CARMO SILVA DA SILVA,CHICA DA SILVA,REDE,FEMININO,BRANCA,ENSINO MÉDIO COMPLETO,OUTROS,SUPLENTE,0,Esquerda,Centro,5600.0,4609.4,0.0,0.0,558.58,0.0,0.0,0.0,10767.98,0.0,0.0,1.4804412501104598,15941.361772364427,4.0824779402348765,8290.471000618574,6823.945898259153,0.0,0.0,826.9448734867007,0.0,0.0,0.0,10767.98,0.0,0.0,0.0,1000.0,22.0,10767.98,1.4804412501104598,15941.361772364427,0.0,15941.361772364427,0.0,0.0,1480.4412501104598,0.0,0.0,0,4.0824779402348765,4.0824779402348765,0.0,REDE,-1,#NULO#,#NULO#,210000002822,"PP, REDE SUSTENTABILIDADE, PTN",PP / REDE / PTN,COLIGAÇÃO,COLIGACAO:210000002822,84.0,84.0,3.0,0,8719.0,381.0,9100.0,3.0,179870.0,0.050592094290320785,0.0004670039472952688,0.009230769230769232,0.5059209429032078,6.409390936137702,3.3362833878644325,19.0,FRANCISCA DO CARMO SILVA DA SILVA,0.0,0.0,0.0,0.0,0.0,0.0,0.0
2016,87912,PELOTAS,210000032477,ZILDA MARIA TREIBER BÜRKLE,ZILDA BÜRKLE,PSB,FEMININO,BRANCA,ENSINO MÉDIO COMPLETO,APOSENTADO (EXCETO SERVIDOR PÚBLICO),ELEITO POR QP,1,Esquerda,Centro,975.0,12488.24,0.0,0.0,0.0,0.0,0.0,0.0,13463.24,0.0,0.0,1.4804412501104598,19931.535856137147,4.387606268436991,1443.4302188576985,18488.10563727945,0.0,0.0,0.0,0.0,0.0,0.0,13463.24,0.0,0.0,0.0,0.0,28.0,13463.24,1.4804412501104598,19931.535856137147,0.0,19931.535856137147,0.0,0.0,0.0,0.0,0.0,0,4.387606268436991,4.387606268436991,0.0,PSB,-1,#NULO#,#NULO#,210000002824,PARTIDO ISOLADO,PSB,PARTIDO ISOLADO,PARTIDO:PSB,3035.0,3035.0,3.0,0,21182.0,361.0,21543.0,1.0,179870.0,0.11976983376883304,0.01687329738144215,0.14088102864039362,1.1976983376883303,11.567956075415466,4.494607615593648,1.0,ZILDA MARIA TREIBER BURKLE,0.0,0.0,0.0,0.0,0.0,0.0,0.0
2016,87912,PELOTAS,210000032361,HENRY DIAS MURIAS,HENRY MURIAS,PMDB,MASCULINO,BRANCA,SUPERIOR INCOMPLETO,OUTROS,SUPLENTE,0,Centro,Centro,0.0,0.0,0.0,0.0,508.0,0.0,0.0,0.0,508.0,0.0,0.0,1.4804412501104598,752.0641550561136,0.8090556028424681,0.0,0.0,0.0,0.0,752.0641550561136,0.0,0.0,0.0,0.0,0.0,0.0,0.0,0.0,0.0,0.0,1.4804412501104598,0.0,0.0,0.0,0.0,0.0,0.0,0.0,0.0,0,0.0,0.0,0.0,PMDB,-1,#NULO#,#NULO#,210000002820,PMDB-PPS,PPS / PMDB,COLIGAÇÃO,COLIGACAO:210000002820,186.0,186.0,3.0,0,10688.0,496.0,11184.0,2.0,179870.0,0.06217823983988436,0.0010340801690109523,0.016630901287553648,0.6217823983988435,7.546894459887636,3.6069159418252053,14.0,HENRY DIAS MURIAS,0.0,0.0,0.0,0.0,0.0,0.0,0.0
2016,87912,PELOTAS,210000032431,MIRIA RUTI ROSA PORTO,MIRIA PORTO,DEM,FEMININO,PARDA,LÊ E ESCREVE,SACERDOTE OU MEMBRO DE ORDEM OU SEITA RELIGIOSA,SUPLENTE,0,Direita,Direita,980.0,0.0,282.0,0.0,0.0,0.0,0.0,0.0,1262.0,282.0,0.2234548335974643,1.4804412501104598,1868.3168576394005,1.5202044046866128,1450.8324251082506,0.0,417.4844325311497,0.0,0.0,0.0,0.0,0.0,1262.0,0.0,0.0,0.0,0.0,3.0,1262.0,1.4804412501104598,1868.3168576394005,0.0,1868.3168576394005,0.0,0.0,0.0,0.0,0.0,0,1.5202044046866128,1.5202044046866128,0.0,DEM,-1,#NULO#,#NULO#,210000002823,DEM-PTC-PHS,DEM / PTC / PHS,COLIGAÇÃO,COLIGACAO:210000002823,10.0,10.0,3.0,0,12763.0,287.0,13050.0,3.0,179870.0,0.07255239895480069,5.559570801134152e-05,0.0007662835249042146,0.7255239895480068,3.4594316186372973,3.812498225333564,29.0,MIRIA RUTI ROSA PORTO,0.0,0.0,0.0,0.0,0.0,0.0,0.0
2016,87912,PELOTAS,210000032495,IRAI CASTRO DA ROSA,IRAÍ CASTRO,PDT,FEMININO,BRANCA,ENSINO MÉDIO COMPLETO,CABELEIREIRO E BARBEIRO,SUPLENTE,0,Esquerda,Centro,150.0,275.0,498.99,0.0,0.0,0.0,0.0,0.0,923.99,498.99,0.5400383121029448,1.4804412501104598,1367.9129106895637,1.243616021158262,222.06618751656896,407.1213437803765,738.7253793926184,0.0,0.0,0.0,0.0,0.0,981.79,0.0,0.0,0.0,0.0,9.0,981.79,1.4804412501104598,1453.4824149459482,0.0,1453.4824149459482,0.0,0.0,0.0,0.0,0.0,0,1.294830931091817,1.294830931091817,0.0,PDT,-1,#NULO#,#NULO#,210000002825,PARTIDO ISOLADO,PDT,PARTIDO ISOLADO,PARTIDO:PDT,53.0,53.0,3.0,0,21202.0,2971.0,24173.0,1.0,179870.0,0.13439150497581587,0.0002946572524601101,0.002192528854507095,1.3439150497581587,5.754887502163468,4.653805255256417,31.0,IRAI CASTRO DA ROSA,0.0,0.0,0.0,0.0,0.0,0.0,0.0
2016,87912,PELOTAS,210000032311,ADRIANA BROD BENITES,ADRIANA BENITES,PV,FEMININO,BRANCA,SUPERIOR COMPLETO,ADVOGADO,SUPLENTE,0,Centro,Centro,0.0,0.0,0.0,0.0,0.0,0.0,0.0,0.0,0.0,0.0,,1.4804412501104598,0.0,0.0,0.0,0.0,0.0,0.0,0.0,0.0,0.0,0.0,0.0,0.0,0.0,0.0,0.0,0.0,0.0,1.4804412501104598,0.0,0.0,0.0,0.0,0.0,0.0,0.0,0.0,0,0.0,0.0,0.0,PV,-1,#NULO#,#NULO#,210000002817,"PTB,PSD,PV,PSC",PTB / PV / PSC / PSD,COLIGAÇÃO,COLIGACAO:210000002817,4.0,4.0,3.0,0,25272.0,651.0,25923.0,4.0,179870.0,0.14412075387780063,2.223828320453661e-05,0.00015430312849593026,1.4412075387780061,2.321928094887362,4.750767271699517,25.0,ADRIANA BROD BENITES,0.0,0.0,0.0,0.0,0.0,0.0,0.0
2016,87912,PELOTAS,210000032712,AMELIA TEREZINHA GONÇALVES DE OLIVEIRA,TEREZINHA,PT do B,FEMININO,BRANCA,ENSINO FUNDAMENTAL INCOMPLETO,DONA DE CASA,NÃO ELEITO,0,Centro,Centro,0.0,0.0,0.0,0.0,0.0,0.0,0.0,0.0,0.0,0.0,,1.4804412501104598,0.0,0.0,0.0,0.0,0.0,0.0,0.0,0.0,0.0,0.0,0.0,0.0,0.0,0.0,0.0,0.0,0.0,1.4804412501104598,0.0,0.0,0.0,0.0,0.0,0.0,0.0,0.0,0,0.0,0.0,0.0,PT do B,-1,#NULO#,#NULO#,210000002840,PARTIDO ISOLADO,PT do B,PARTIDO ISOLADO,PARTIDO:PT do B,43.0,43.0,3.0,0,1862.0,69.0,1931.0,1.0,179870.0,0.010735531216990049,0.00023906154444876856,0.022268254790264112,0.10735531216990048,5.459431618637297,1.5513929680274543,12.0,AMELIA TEREZINHA GONCALVES DE OLIVEIRA,0.0,0.0,0.0,0.0,0.0,0.0,0.0
2016,87912,PELOTAS,210000032472,HUGO ROBERTO DA SILVA MIORI,HUGO MIORI,PSB,MASCULINO,BRANCA,SUPERIOR COMPLETO,MÚSICO,SUPLENTE,0,Esquerda,Centro,0.0,5300.0,0.0,0.0,0.0,0.0,0.0,0.0,5300.0,0.0,0.0,1.4804412501104598,7846.338625585437,3.1450804676607715,0.0,7846.338625585437,0.0,0.0,0.0,0.0,0.0,0.0,5300.0,0.0,0.0,0.0,800.0,8.0,5300.0,1.4804412501104598,7846.338625585437,0.0,7846.338625585437,0.0,0.0,1184.353000088368,0.0,0.0,0,3.1450804676607715,3.1450804676607715,0.0,PSB,-1,#NULO#,#NULO#,210000002824,PARTIDO ISOLADO,PSB,PARTIDO ISOLADO,PARTIDO:PSB,1206.0,1206.0,3.0,0,21182.0,361.0,21543.0,1.0,179870.0,0.11976983376883304,0.006704842386167788,0.05598106113354686,1.1976983376883303,10.237209960755022,4.494607615593648,8.0,HUGO ROBERTO DA SILVA MIORI,0.0,0.0,0.0,0.0,0.0,0.0,0.0
2016,87912,PELOTAS,210000032507,JOSÉ ANTÔNIO DA SILVA,SEU ZÉ,PDT,MASCULINO,PRETA,SUPERIOR INCOMPLETO,"FEIRANTE, AMBULANTE E MASCATE",SUPLENTE,0,Esquerda,Centro,150.0,0.0,498.99,0.0,0.0,0.0,0.0,0.0,648.99,498.99,0.7688716313040262,1.4804412501104598,960.7915669091872,0.9714361845007552,222.06618751656896,0.0,738.7253793926184,0.0,0.0,0.0,0.0,0.0,1148.99,0.0,0.0,0.0,0.0,4.0,1148.99,1.4804412501104598,1701.0121919644173,0.0,1701.0121919644173,0.0,0.0,0.0,0.0,0.0,0,1.4335001519708732,1.4335001519708732,0.0,PDT,-1,#NULO#,#NULO#,210000002825,PARTIDO ISOLADO,PDT,PARTIDO ISOLADO,PARTIDO:PDT,272.0,272.0,3.0,0,21202.0,2971.0,24173.0,1.0,179870.0,0.13439150497581587,0.0015122032579084894,0.011252223555206222,1.3439150497581587,8.092757140919852,4.653805255256417,19.0,JOSE ANTONIO DA SILVA,0.0,0.0,0.0,0.0,0.0,0.0,0.0
2016,87912,PELOTAS,210000032320,JOSÉ RICARDO DE ALMEIDA,JOSÉ RICARDO BEBÉ,PSD,MASCULINO,PRETA,ENSINO FUNDAMENTAL INCOMPLETO,ATOR E DIRETOR DE ESPETÁCULOS PÚBLICOS,SUPLENTE,0,Direita,Direita,706.0,0.0,0.0,0.0,0.0,0.0,0.0,0.0,706.0,0.0,0.0,1.4804412501104598,1045.1915225779846,1.0322359511061772,1045.1915225779846,0.0,0.0,0.0,0.0,0.0,0.0,0.0,706.0,0.0,0.0,0.0,0.0,2.0,706.0,1.4804412501104598,1045.1915225779846,0.0,1045.1915225779846,0.0,0.0,0.0,0.0,0.0,0,1.0322359511061772,1.0322359511061772,0.0,PSD,-1,#NULO#,#NULO#,210000002817,"PTB,PSD,PV,PSC",PTB / PV / PSC / PSD,COLIGAÇÃO,COLIGACAO:210000002817,241.0,241.0,3.0,0,25272.0,651.0,25923.0,4.0,179870.0,0.14412075387780063,0.0013398565630733307,0.009296763491879799,1.4412075387780061,7.918863237274595,4.750767271699517,15.0,JOSE RICARDO DE ALMEIDA,0.0,0.0,0.0,0.0,0.0,0.0,0.0
2016,87912,PELOTAS,210000032258,JOÃO LUIS ORTIZ TAVARES,JOAO ORTIZ,PROS,MASCULINO,BRANCA,SUPERIOR COMPLETO,OUTROS,NÃO ELEITO,0,Centro,Centro,0.0,0.0,338.0,0.0,0.0,0.0,0.0,0.0,338.0,338.0,1.0,1.4804412501104598,500.3891425373354,0.5853367281865215,0.0,0.0,500.3891425373354,0.0,0.0,0.0,0.0,0.0,338.0,0.0,0.0,0.0,0.0,3.0,338.0,1.4804412501104598,500.3891425373354,0.0,500.3891425373354,0.0,0.0,0.0,0.0,0.0,0,0.5853367281865215,0.5853367281865215,0.0,PROS,-1,#NULO#,#NULO#,210000002815,PARTIDO ISOLADO,PROS,PARTIDO ISOLADO,PARTIDO:PROS,217.0,217.0,3.0,0,750.0,137.0,887.0,1.0,179870.0,0.004931339300605993,0.001206426863846111,0.24464487034949267,0.04931339300605993,7.768184324776926,0.9160944229383583,1.0,JOAO LUIS ORTIZ TAVARES,0.0,0.0,0.0,0.0,0.0,0.0,0.0
2016,87912,PELOTAS,210000032280,RODRIGO PAIVA DA ROSA,RODRIGO ROSA,PSOL,MASCULINO,BRANCA,SUPERIOR INCOMPLETO,CABELEIREIRO E BARBEIRO,SUPLENTE,0,Esquerda,Esquerda,0.0,0.0,0.0,0.0,0.0,0.0,0.0,0.0,0.0,0.0,,1.4804412501104598,0.0,0.0,0.0,0.0,0.0,0.0,0.0,0.0,0.0,0.0,0.0,0.0,0.0,0.0,0.0,0.0,0.0,1.4804412501104598,0.0,0.0,0.0,0.0,0.0,0.0,0.0,0.0,0,0.0,0.0,0.0,PSOL,-1,#NULO#,#NULO#,210000002816,PARTIDO ISOLADO,PSOL,PARTIDO ISOLADO,PARTIDO:PSOL,62.0,62.0,3.0,0,7470.0,1883.0,9353.0,1.0,179870.0,0.05199866570300773,0.00034469338967031747,0.0066288891264834815,0.5199866570300773,5.977279923499917,3.3719769744945847,19.0,RODRIGO PAIVA DA ROSA,0.0,0.0,0.0,0.0,0.0,0.0,0.0
2016,87912,PELOTAS,210000032193,LUCIANO DE AZAMBUJA REINHARDT,LUCIANO ROCKIN RIO NAITHIS BAR,PMN,MASCULINO,BRANCA,ENSINO FUNDAMENTAL INCOMPLETO,COMERCIANTE,NÃO ELEITO,0,Centro,Centro,200.0,0.0,0.0,0.0,0.0,0.0,0.0,0.0,200.0,0.0,0.0,1.4804412501104598,296.088250022092,0.374163953974564,296.088250022092,0.0,0.0,0.0,0.0,0.0,0.0,0.0,200.0,0.0,0.0,0.0,0.0,2.0,200.0,1.4804412501104598,296.088250022092,0.0,296.088250022092,0.0,0.0,0.0,0.0,0.0,0,0.374163953974564,0.374163953974564,0.0,PMN,-1,#NULO#,#NULO#,210000002809,PARTIDO ISOLADO,PMN,PARTIDO ISOLADO,PARTIDO:PMN,245.0,245.0,3.0,0,863.0,61.0,924.0,1.0,179870.0,0.005137043420247957,0.0013620948462778673,0.26515151515151514,0.05137043420247957,7.94251450533924,0.9441087991079549,2.0,LUCIANO DE AZAMBUJA REINHARDT,0.0,0.0,0.0,0.0,0.0,0.0,0.0
2016,87912,PELOTAS,210000032306,EDUARDA PERES VIEIRA,EDUARDA PERES,PTB,FEMININO,BRANCA,SUPERIOR COMPLETO,OUTROS,SUPLENTE,0,Direita,Direita,600.0,0.0,0.0,0.0,0.0,0.0,0.0,0.0,600.0,0.0,0.0,1.4804412501104598,888.2647500662758,0.9170610564529,888.2647500662758,0.0,0.0,0.0,0.0,0.0,0.0,0.0,600.0,0.0,0.0,0.0,0.0,2.0,600.0,1.4804412501104598,888.2647500662758,0.0,888.2647500662758,0.0,0.0,0.0,0.0,0.0,0,0.9170610564529,0.9170610564529,0.0,PTB,-1,#NULO#,#NULO#,210000002817,"PTB,PSD,PV,PSC",PTB / PV / PSC / PSD,COLIGAÇÃO,COLIGACAO:210000002817,1.0,1.0,3.0,0,25272.0,651.0,25923.0,4.0,179870.0,0.14412075387780063,5.559570801134153e-06,3.8575782123982566e-05,1.4412075387780061,1.0,4.750767271699517,28.0,EDUARDA PERES VIEIRA,0.0,0.0,0.0,0.0,0.0,0.0,0.0
2016,87912,PELOTAS,210000032479,LEANDRO TORANÇA FAGUNDES,GUIDO CNR,PSB,MASCULINO,PRETA,ENSINO FUNDAMENTAL INCOMPLETO,MÚSICO,SUPLENTE,0,Esquerda,Centro,350.0,0.0,0.0,0.0,0.0,0.0,0.0,0.0,350.0,0.0,0.0,1.4804412501104598,518.1544375386609,0.6023185594872688,518.1544375386609,0.0,0.0,0.0,0.0,0.0,0.0,0.0,350.0,0.0,0.0,0.0,0.0,2.0,350.0,1.4804412501104598,518.1544375386609,0.0,518.1544375386609,0.0,0.0,0.0,0.0,0.0,0,0.6023185594872688,0.6023185594872688,0.0,PSB,-1,#NULO#,#NULO#,210000002824,PARTIDO ISOLADO,PSB,PARTIDO ISOLADO,PARTIDO:PSB,607.0,607.0,3.0,0,21182.0,361.0,21543.0,1.0,179870.0,0.11976983376883304,0.0033746594762884305,0.028176205728078725,1.1976983376883303,9.247927513443585,4.494607615593648,13.0,LEANDRO TORANCA FAGUNDES,0.0,0.0,0.0,0.0,0.0,0.0,0.0
2016,87912,PELOTAS,210000032456,DIONIZIO DE ALMEIDA VELLOZO,DIONIZIO VELLOZO,PSB,MASCULINO,BRANCA,ENSINO FUNDAMENTAL COMPLETO,EMPRESÁRIO,SUPLENTE,0,Esquerda,Centro,10219.02,1720.0,0.0,0.0,0.0,0.0,0.0,0.0,11939.02,0.0,0.0,1.4804412501104598,17675.017693893784,4.223037704803119,15128.65874370379,2546.358950189991,0.0,0.0,0.0,0.0,0.0,0.0,11939.02,0.0,0.0,0.0,350.0,23.0,11939.02,1.4804412501104598,17675.017693893784,0.0,17675.017693893784,0.0,0.0,518.1544375386609,0.0,0.0,0,4.223037704803119,4.223037704803119,0.0,PSB,-1,#NULO#,#NULO#,210000002824,PARTIDO ISOLADO,PSB,PARTIDO ISOLADO,PARTIDO:PSB,1750.0,1750.0,3.0,0,21182.0,361.0,21543.0,1.0,179870.0,0.11976983376883304,0.009729248901984767,0.08123288307106717,1.1976983376883303,10.773963368433558,4.494607615593648,5.0,DIONIZIO DE ALMEIDA VELLOZO,0.0,0.0,0.0,0.0,0.0,0.0,0.0
2016,87912,PELOTAS,210000032489,LUCIANA VIEBRANTZ BROD,LUCIANA BROD,PDT,FEMININO,BRANCA,ENSINO MÉDIO INCOMPLETO,ESTETICISTA,SUPLENTE,0,Esquerda,Centro,800.0,0.0,166.33,0.0,332.66,0.0,0.0,0.0,1298.99,166.33,0.1280456354552383,1.4804412501104598,1923.078379480986,1.547488514115734,1184.353000088368,0.0,246.2417931308728,0.0,492.4835862617456,0.0,0.0,0.0,1298.99,0.0,0.0,0.0,0.0,5.0,1298.99,1.4804412501104598,1923.078379480986,0.0,1923.078379480986,0.0,0.0,0.0,0.0,0.0,0,1.547488514115734,1.547488514115734,0.0,PDT,-1,#NULO#,#NULO#,210000002825,PARTIDO ISOLADO,PDT,PARTIDO ISOLADO,PARTIDO:PDT,326.0,326.0,3.0,0,21202.0,2971.0,24173.0,1.0,179870.0,0.13439150497581587,0.0018124200811697336,0.013486120878666281,1.3439150497581587,8.353146825498083,4.653805255256417,14.0,LUCIANA VIEBRANTZ BROD,0.0,0.0,0.0,0.0,0.0,0.0,0.0
2016,87912,PELOTAS,210000032401,SONIA MARIA INSAURRIAGA BATISTA,SONIA BATISTA,REDE,FEMININO,BRANCA,ENSINO MÉDIO COMPLETO,OUTROS,SUPLENTE,0,Esquerda,Centro,500.0,0.0,0.0,0.0,0.0,0.0,0.0,0.0,500.0,0.0,0.0,1.4804412501104598,740.2206250552299,0.7992702224507476,740.2206250552299,0.0,0.0,0.0,0.0,0.0,0.0,0.0,500.0,0.0,0.0,0.0,0.0,1.0,500.0,1.4804412501104598,740.2206250552299,0.0,740.2206250552299,0.0,0.0,0.0,0.0,0.0,0,0.7992702224507476,0.7992702224507476,0.0,REDE,-1,#NULO#,#NULO#,210000002822,"PP, REDE SUSTENTABILIDADE, PTN",PP / REDE / PTN,COLIGAÇÃO,COLIGACAO:210000002822,0.0,0.0,3.0,0,8719.0,381.0,9100.0,3.0,179870.0,0.050592094290320785,0.0,0.0,0.5059209429032078,0.0,3.3362833878644325,29.0,SONIA MARIA INSAURRIAGA BATISTA,0.0,0.0,0.0,0.0,0.0,0.0,0.0
2016,87912,PELOTAS,210000031863,VICENTE CEZAR DA SILVA AMARAL,VICENTE AMARAL,PSDB,MASCULINO,BRANCA,ENSINO MÉDIO COMPLETO,VEREADOR,SUPLENTE,0,Centro,Centro,500.0,20200.0,0.0,0.0,0.0,0.0,0.0,0.0,20700.0,0.0,0.0,1.4804412501104598,30645.13387728652,4.983911766078319,740.2206250552299,29904.913252231287,0.0,0.0,0.0,0.0,0.0,0.0,20697.17,0.0,0.0,0.0,500.0,43.0,20697.17,1.4804412501104598,30640.944228548706,0.0,30640.944228548706,0.0,0.0,740.2206250552299,0.0,0.0,0,4.983720748222675,4.983720748222675,0.0,PSDB,-1,#NULO#,#NULO#,210000002790,PSDB/SOLIDARIEDADE,PSDB / SD,COLIGAÇÃO,COLIGACAO:210000002790,1837.0,1837.0,3.0,0,26910.0,5291.0,32201.0,2.0,179870.0,0.17902373936732086,0.010212931561683437,0.05704791776652899,1.7902373936732086,10.843921051289035,5.053154790475044,5.0,VICENTE CEZAR DA SILVA AMARAL,0.0,0.0,0.0,0.0,0.0,0.0,0.0
2016,87912,PELOTAS,210000031738,MARGARETE MOLINA KROLOW,MARGARETE KROLOW,PR,FEMININO,BRANCA,SUPERIOR COMPLETO,ADMINISTRADOR,SUPLENTE,0,Direita,Direita,1880.0,0.0,0.0,0.0,0.0,0.0,0.0,0.0,1880.0,0.0,0.0,1.4804412501104598,2783.2295502076645,1.9196183156151527,2783.2295502076645,0.0,0.0,0.0,0.0,0.0,0.0,0.0,1880.0,0.0,0.0,0.0,0.0,1.0,1880.0,1.4804412501104598,2783.2295502076645,0.0,2783.2295502076645,0.0,0.0,0.0,0.0,0.0,0,1.9196183156151527,1.9196183156151527,0.0,PR,-1,#NULO#,#NULO#,210000002782,PRB/PR,PRB / PR,COLIGAÇÃO,COLIGACAO:210000002782,304.0,304.0,3.0,0,9755.0,258.0,10013.0,2.0,179870.0,0.05566798243175627,0.0016901095235447824,0.030360531309297913,0.5566798243175627,8.252665432450248,3.4611356151586166,8.0,MARGARETE MOLINA KROLOW,0.0,0.0,0.0,0.0,0.0,0.0,0.0
2016,87912,PELOTAS,210000032715,CARLOS ANTÔNIO FERREIRA GARCIA,PASSARINHO,PT do B,MASCULINO,BRANCA,ENSINO FUNDAMENTAL COMPLETO,OUTROS,NÃO ELEITO,0,Centro,Centro,0.0,0.0,0.0,0.0,0.0,0.0,0.0,0.0,0.0,0.0,,1.4804412501104598,0.0,0.0,0.0,0.0,0.0,0.0,0.0,0.0,0.0,0.0,0.0,0.0,0.0,0.0,0.0,0.0,0.0,1.4804412501104598,0.0,0.0,0.0,0.0,0.0,0.0,0.0,0.0,0,0.0,0.0,0.0,PT do B,-1,#NULO#,#NULO#,210000002840,PARTIDO ISOLADO,PT do B,PARTIDO ISOLADO,PARTIDO:PT do B,39.0,39.0,3.0,0,1862.0,69.0,1931.0,1.0,179870.0,0.010735531216990049,0.00021682326124423194,0.02019678922837908,0.10735531216990048,5.321928094887363,1.5513929680274543,13.0,CARLOS ANTONIO FERREIRA GARCIA,0.0,0.0,0.0,0.0,0.0,0.0,0.0
2016,87912,PELOTAS,210000032392,MERCEDES CAROLINA CARDOSO TAVARES,MERCEDES CAROLINA,PT,FEMININO,BRANCA,SUPERIOR COMPLETO,SERVIDOR PÚBLICO CIVIL APOSENTADO,SUPLENTE,0,Esquerda,Esquerda,400.0,0.0,0.0,0.0,0.0,0.0,0.0,0.0,400.0,0.0,0.0,1.4804412501104598,592.176500044184,0.6710002740876998,592.176500044184,0.0,0.0,0.0,0.0,0.0,0.0,0.0,400.0,0.0,0.0,0.0,0.0,3.0,400.0,1.4804412501104598,592.176500044184,0.0,592.176500044184,0.0,0.0,0.0,0.0,0.0,0,0.6710002740876998,0.6710002740876998,0.0,PT,-1,#NULO#,#NULO#,210000002821,FRENTE PELOTAS PODE,PT / PC do B,COLIGAÇÃO,COLIGACAO:210000002821,3.0,3.0,3.0,0,17426.0,1552.0,18978.0,2.0,179870.0,0.10550953466392395,1.6678712403402456e-05,0.00015807777426493836,1.0550953466392394,2.0,4.3203402568712805,24.0,MERCEDES CAROLINA CARDOSO TAVARES,0.0,0.0,0.0,0.0,0.0,0.0,0.0
2016,87912,PELOTAS,210000032451,JESSICA FERNANDES BASTOS,JESSICA BASTOS,DEM,FEMININO,PRETA,SUPERIOR INCOMPLETO,"ESTUDANTE, BOLSISTA, ESTAGIÁRIO E ASSEMELHADOS",NÃO ELEITO,0,Direita,Direita,980.0,0.0,166.0,0.0,0.0,0.0,0.0,0.0,1146.0,166.0,0.1448516579406631,1.4804412501104598,1696.585672626587,1.4311338701214456,1450.8324251082506,0.0,245.7532475183364,0.0,0.0,0.0,0.0,0.0,1146.0,0.0,0.0,0.0,0.0,3.0,1146.0,1.4804412501104598,1696.585672626587,0.0,1696.585672626587,0.0,0.0,0.0,0.0,0.0,0,1.4311338701214456,1.4311338701214456,0.0,,,,,,,,,PARTIDO:DEM,0.0,0.0,,1,0.0,0.0,0.0,0.0,0.0,0.0,0.0,0.0,0.0,0.0,0.0,1.0,JESSICA FERNANDES BASTOS,0.0,0.0,0.0,0.0,0.0,0.0,0.0
2016,87912,PELOTAS,210000032355,ANA PAULA DA SILVA LEAL SEDREZ,ANA PAULA SEDREZ,PMDB,FEMININO,BRANCA,ENSINO FUNDAMENTAL INCOMPLETO,OUTROS,SUPLENTE,0,Centro,Centro,0.0,0.0,0.0,0.0,0.0,0.0,0.0,0.0,0.0,0.0,,1.4804412501104598,0.0,0.0,0.0,0.0,0.0,0.0,0.0,0.0,0.0,0.0,0.0,0.0,0.0,0.0,0.0,0.0,0.0,1.4804412501104598,0.0,0.0,0.0,0.0,0.0,0.0,0.0,0.0,0,0.0,0.0,0.0,PMDB,-1,#NULO#,#NULO#,210000002820,PMDB-PPS,PPS / PMDB,COLIGAÇÃO,COLIGACAO:210000002820,1.0,1.0,3.0,0,10688.0,496.0,11184.0,2.0,179870.0,0.06217823983988436,5.559570801134153e-06,8.94134477825465e-05,0.6217823983988435,1.0,3.6069159418252053,29.0,ANA PAULA DA SILVA LEAL SEDREZ,0.0,0.0,0.0,0.0,0.0,0.0,0.0
2016,87912,PELOTAS,210000033324,LEILA CRISTINA VIDAL PINTO,LEILA VIDAL,PMDB,FEMININO,BRANCA,ENSINO FUNDAMENTAL COMPLETO,OUTROS,SUPLENTE,0,Centro,Centro,0.0,0.0,0.0,0.0,0.0,0.0,0.0,0.0,0.0,0.0,,1.4804412501104598,0.0,0.0,0.0,0.0,0.0,0.0,0.0,0.0,0.0,0.0,0.0,0.0,0.0,0.0,0.0,0.0,0.0,1.4804412501104598,0.0,0.0,0.0,0.0,0.0,0.0,0.0,0.0,0,0.0,0.0,0.0,PMDB,-1,#NULO#,#NULO#,210000002820,PMDB-PPS,PPS / PMDB,COLIGAÇÃO,COLIGACAO:210000002820,1.0,1.0,3.0,0,10688.0,496.0,11184.0,2.0,179870.0,0.06217823983988436,5.559570801134153e-06,8.94134477825465e-05,0.6217823983988435,1.0,3.6069159418252053,29.0,LEILA CRISTINA VIDAL PINTO,0.0,0.0,0.0,0.0,0.0,0.0,0.0
2016,87912,PELOTAS,210000032300,CONCEIÇÃO ADEVAZ MOHNSAM DA SILVA,CONCEIÇÃO MOHNSAM,PTB,MASCULINO,BRANCA,ENSINO MÉDIO COMPLETO,LOCUTOR E COMENTARISTA DE RÁDIO E TELEVISÃO E RADIALISTA,SUPLENTE,0,Direita,Direita,4400.0,0.0,0.0,0.0,1752.75,0.0,0.0,0.0,6152.75,0.0,0.0,1.4804412501104598,9108.784901617131,3.337537687403743,6513.941500486023,0.0,0.0,0.0,2594.8434011311083,0.0,0.0,0.0,6152.75,0.0,0.0,0.0,0.0,8.0,6152.75,1.4804412501104598,9108.784901617131,0.0,9108.784901617131,0.0,0.0,0.0,0.0,0.0,0,3.337537687403743,3.337537687403743,0.0,PTB,-1,#NULO#,#NULO#,210000002817,"PTB,PSD,PV,PSC",PTB / PV / PSC / PSD,COLIGAÇÃO,COLIGACAO:210000002817,1948.0,1948.0,3.0,0,25272.0,651.0,25923.0,4.0,179870.0,0.14412075387780063,0.01083004392060933,0.07514562357751803,1.4412075387780061,10.92851837525789,4.750767271699517,7.0,CONCEICAO ADEVAZ MOHNSAM DA SILVA,0.0,0.0,0.0,0.0,0.0,0.0,0.0
2016,87912,PELOTAS,210000032282,PAULO SERGIO DA SILVA OLIVEIRA,PAULINHO ELETRECISTA,PSOL,MASCULINO,BRANCA,ENSINO FUNDAMENTAL COMPLETO,SERVIDOR PÚBLICO MUNICIPAL,SUPLENTE,0,Esquerda,Esquerda,200.0,0.0,0.0,0.0,0.0,0.0,0.0,0.0,200.0,0.0,0.0,1.4804412501104598,296.088250022092,0.374163953974564,296.088250022092,0.0,0.0,0.0,0.0,0.0,0.0,0.0,200.0,0.0,0.0,0.0,0.0,2.0,200.0,1.4804412501104598,296.088250022092,0.0,296.088250022092,0.0,0.0,0.0,0.0,0.0,0,0.374163953974564,0.374163953974564,0.0,PSOL,-1,#NULO#,#NULO#,210000002816,PARTIDO ISOLADO,PSOL,PARTIDO ISOLADO,PARTIDO:PSOL,327.0,327.0,3.0,0,7470.0,1883.0,9353.0,1.0,179870.0,0.05199866570300773,0.0018179796519708679,0.03496204426387255,0.5199866570300773,8.357552004618084,3.3719769744945847,7.0,PAULO SERGIO DA SILVA OLIVEIRA,0.0,0.0,0.0,0.0,0.0,0.0,0.0
2016,87912,PELOTAS,210000032287,REBECA SCALCO,REBECA SCALCO,PSOL,FEMININO,BRANCA,SUPERIOR INCOMPLETO,"ESTUDANTE, BOLSISTA, ESTAGIÁRIO E ASSEMELHADOS",SUPLENTE,0,Esquerda,Esquerda,358.56,0.0,0.0,0.0,0.0,0.0,0.0,0.0,358.56,0.0,0.0,1.4804412501104598,530.8270146396064,0.6143112657105682,530.8270146396064,0.0,0.0,0.0,0.0,0.0,0.0,0.0,358.56,0.0,0.0,0.0,0.0,1.0,358.56,1.4804412501104598,530.8270146396064,0.0,530.8270146396064,0.0,0.0,0.0,0.0,0.0,0,0.6143112657105682,0.6143112657105682,0.0,PSOL,-1,#NULO#,#NULO#,210000002816,PARTIDO ISOLADO,PSOL,PARTIDO ISOLADO,PARTIDO:PSOL,27.0,27.0,3.0,0,7470.0,1883.0,9353.0,1.0,179870.0,0.05199866570300773,0.00015010841163062212,0.002886774297017,0.5199866570300773,4.807354922057604,3.3719769744945847,22.0,REBECA SCALCO,0.0,0.0,0.0,0.0,0.0,0.0,0.0
2016,87912,PELOTAS,210000032466,ANTONIO RICARDO PERES DE PERES,ANTONIO PERES - TONINHO,PSB,MASCULINO,BRANCA,SUPERIOR COMPLETO,VEREADOR,ELEITO POR QP,1,Esquerda,Centro,3000.0,9071.41,0.0,0.0,0.0,0.0,0.0,0.0,12071.41,0.0,0.0,1.4804412501104598,17871.013310995906,4.238099987857432,4441.323750331379,13429.689560664528,0.0,0.0,0.0,0.0,0.0,0.0,12071.41,0.0,0.0,0.0,0.0,24.0,12071.41,1.4804412501104598,17871.013310995906,0.0,17871.013310995906,0.0,0.0,0.0,0.0,0.0,0,4.238099987857432,4.238099987857432,0.0,PSB,-1,#NULO#,#NULO#,210000002824,PARTIDO ISOLADO,PSB,PARTIDO ISOLADO,PARTIDO:PSB,2182.0,2182.0,3.0,0,21182.0,361.0,21543.0,1.0,179870.0,0.11976983376883304,0.012130983488074721,0.10128580049203918,1.1976983376883303,11.092096414990792,4.494607615593648,2.0,ANTONIO RICARDO PERES DE PERES,0.0,0.0,0.0,0.0,0.0,0.0,0.0
2016,87912,PELOTAS,210000032413,RICARDO CARDOSO CORREA,RICARDO CORREA,PTN,MASCULINO,BRANCA,ENSINO MÉDIO COMPLETO,"VENDEDOR PRACISTA, REPRESENTANTE, CAIXEIRO-VIAJANTE E ASSEMELHADOS",SUPLENTE,0,Direita,Direita,0.0,0.0,0.0,0.0,642.0,0.0,0.0,0.0,642.0,0.0,0.0,1.4804412501104598,950.4432825709152,0.963802046481737,0.0,0.0,0.0,0.0,950.4432825709152,0.0,0.0,0.0,642.0,0.0,0.0,0.0,0.0,3.0,642.0,1.4804412501104598,950.4432825709152,0.0,950.4432825709152,0.0,0.0,0.0,0.0,0.0,0,0.963802046481737,0.963802046481737,0.0,PTN,-1,#NULO#,#NULO#,210000002822,"PP, REDE SUSTENTABILIDADE, PTN",PP / REDE / PTN,COLIGAÇÃO,COLIGACAO:210000002822,126.0,126.0,3.0,0,8719.0,381.0,9100.0,3.0,179870.0,0.050592094290320785,0.0007005059209429032,0.013846153846153847,0.5059209429032078,6.9886846867721655,3.3362833878644325,13.0,RICARDO CARDOSO CORREA,0.0,0.0,0.0,0.0,0.0,0.0,0.0
2016,87912,PELOTAS,210000032379,PAULO RENATO VIEIRA,PAULO VIEIRA,PT,MASCULINO,BRANCA,ENSINO MÉDIO COMPLETO,VENDEDOR DE COMÉRCIO VAREJISTA E ATACADISTA,SUPLENTE,0,Esquerda,Esquerda,400.0,0.0,0.0,0.0,0.0,0.0,0.0,0.0,400.0,0.0,0.0,1.4804412501104598,592.176500044184,0.6710002740876998,592.176500044184,0.0,0.0,0.0,0.0,0.0,0.0,0.0,400.0,0.0,0.0,0.0,0.0,3.0,400.0,1.4804412501104598,592.176500044184,0.0,592.176500044184,0.0,0.0,0.0,0.0,0.0,0,0.6710002740876998,0.6710002740876998,0.0,PT,-1,#NULO#,#NULO#,210000002821,FRENTE PELOTAS PODE,PT / PC do B,COLIGAÇÃO,COLIGACAO:210000002821,98.0,98.0,3.0,0,17426.0,1552.0,18978.0,2.0,179870.0,0.10550953466392395,0.0005448379385111469,0.00516387395932132,1.0550953466392394,6.6293566200796095,4.3203402568712805,16.0,PAULO RENATO VIEIRA,0.0,0.0,0.0,0.0,0.0,0.0,0.0
2016,87912,PELOTAS,210000032364,LEANDRO XAVIER DA CRUZ,LEANDRO XAVIER DA CRUZ,PMDB,MASCULINO,BRANCA,ENSINO MÉDIO COMPLETO,OUTROS,SUPLENTE,0,Centro,Centro,0.0,750.0,0.0,0.0,456.0,0.0,0.0,0.0,1206.0,0.0,0.0,1.4804412501104598,1785.4121476332143,1.4778908138682516,0.0,1110.3309375828449,0.0,0.0,675.0812100503697,0.0,0.0,0.0,1051.0,0.0,0.0,0.0,0.0,6.0,1051.0,1.4804412501104598,1555.9437538660932,0.0,1555.9437538660932,0.0,0.0,0.0,0.0,0.0,0,1.353856088667028,1.353856088667028,0.0,PMDB,-1,#NULO#,#NULO#,210000002820,PMDB-PPS,PPS / PMDB,COLIGAÇÃO,COLIGACAO:210000002820,107.0,107.0,3.0,0,10688.0,496.0,11184.0,2.0,179870.0,0.06217823983988436,0.0005948740757213543,0.009567238912732475,0.6217823983988435,6.754887502163468,3.6069159418252053,21.0,LEANDRO XAVIER DA CRUZ,0.0,0.0,0.0,0.0,0.0,0.0,0.0
2016,87912,PELOTAS,210000032337,CARLOS ALBERTO PEREIRA,CARLOS PEREIRA,PPS,MASCULINO,BRANCA,ENSINO MÉDIO COMPLETO,"CORRETOR DE IMÓVEIS, SEGUROS, TÍTULOS E VALORES",SUPLENTE,0,Centro,Centro,0.0,1500.0,0.0,0.0,1569.24,0.0,0.0,0.0,3069.24,0.0,0.0,1.4804412501104598,4543.829502489028,2.4708828888431005,0.0,2220.6618751656897,0.0,0.0,2323.167627323338,0.0,0.0,0.0,3055.24,0.0,0.0,0.0,600.0,12.0,3055.24,1.4804412501104598,4523.103324987481,0.0,4523.103324987481,0.0,0.0,888.2647500662758,0.0,0.0,0,2.465479117279097,2.465479117279097,0.0,PPS,-1,#NULO#,#NULO#,210000002820,PMDB-PPS,PPS / PMDB,COLIGAÇÃO,COLIGACAO:210000002820,394.0,394.0,3.0,0,10688.0,496.0,11184.0,2.0,179870.0,0.06217823983988436,0.002190470895646856,0.03522889842632332,0.6217823983988435,8.625708843064466,3.6069159418252053,9.0,CARLOS ALBERTO PEREIRA,0.0,0.0,0.0,0.0,0.0,0.0,0.0
2016,87912,PELOTAS,210000032275,DANIELA RODRIGUES BRIZOLARA,DANIELA BRIZOLARA,PSOL,FEMININO,PRETA,ENSINO MÉDIO COMPLETO,CANTOR E COMPOSITOR,SUPLENTE,0,Esquerda,Esquerda,548.56,100.0,0.0,0.0,0.0,0.0,0.0,0.0,648.56,0.0,0.0,1.4804412501104598,960.1549771716398,0.9709677237068194,812.1108521605937,148.044125011046,0.0,0.0,0.0,0.0,0.0,0.0,645.56,0.0,0.0,0.0,0.0,7.0,645.56,1.4804412501104598,955.7136534213084,0.0,955.7136534213084,0.0,0.0,0.0,0.0,0.0,0,0.967695152994407,0.967695152994407,0.0,PSOL,-1,#NULO#,#NULO#,210000002816,PARTIDO ISOLADO,PSOL,PARTIDO ISOLADO,PARTIDO:PSOL,781.0,781.0,3.0,0,7470.0,1883.0,9353.0,1.0,179870.0,0.05199866570300773,0.004342024795685773,0.08350261948038062,0.5199866570300773,9.611024797307353,3.3719769744945847,4.0,DANIELA RODRIGUES BRIZOLARA,0.0,0.0,0.0,0.0,0.0,0.0,0.0
2016,87912,PELOTAS,210000032315,MARIA LUIZA PALAU SANTOS,MARIA LUIZA PALAU,PSD,FEMININO,BRANCA,SUPERIOR COMPLETO,ADVOGADO,SUPLENTE,0,Direita,Direita,500.0,0.0,0.0,0.0,0.0,0.0,0.0,0.0,500.0,0.0,0.0,1.4804412501104598,740.2206250552299,0.7992702224507476,740.2206250552299,0.0,0.0,0.0,0.0,0.0,0.0,0.0,500.0,0.0,0.0,0.0,0.0,2.0,500.0,1.4804412501104598,740.2206250552299,0.0,740.2206250552299,0.0,0.0,0.0,0.0,0.0,0,0.7992702224507476,0.7992702224507476,0.0,PSD,-1,#NULO#,#NULO#,210000002817,"PTB,PSD,PV,PSC",PTB / PV / PSC / PSD,COLIGAÇÃO,COLIGACAO:210000002817,77.0,77.0,3.0,0,25272.0,651.0,25923.0,4.0,179870.0,0.14412075387780063,0.00042808695168732974,0.0029703352235466575,1.4412075387780061,6.285402218862249,4.750767271699517,20.0,MARIA LUIZA PALAU SANTOS,0.0,0.0,0.0,0.0,0.0,0.0,0.0
2016,87912,PELOTAS,210000032482,JANAINA DUARTE MEGIATO,JANAINA MEGIATO,PSB,FEMININO,BRANCA,ENSINO FUNDAMENTAL INCOMPLETO,"ESTUDANTE, BOLSISTA, ESTAGIÁRIO E ASSEMELHADOS",SUPLENTE,0,Esquerda,Centro,350.0,0.0,0.0,0.0,0.0,0.0,0.0,0.0,350.0,0.0,0.0,1.4804412501104598,518.1544375386609,0.6023185594872688,518.1544375386609,0.0,0.0,0.0,0.0,0.0,0.0,0.0,350.0,0.0,0.0,0.0,0.0,2.0,350.0,1.4804412501104598,518.1544375386609,0.0,518.1544375386609,0.0,0.0,0.0,0.0,0.0,0,0.6023185594872688,0.6023185594872688,0.0,PSB,-1,#NULO#,#NULO#,210000002824,PARTIDO ISOLADO,PSB,PARTIDO ISOLADO,PARTIDO:PSB,0.0,0.0,3.0,0,21182.0,361.0,21543.0,1.0,179870.0,0.11976983376883304,0.0,0.0,1.1976983376883303,0.0,4.494607615593648,26.0,JANAINA DUARTE MEGIATO,0.0,0.0,0.0,0.0,0.0,0.0,0.0
2016,87912,PELOTAS,210000031860,LUCIULA LOPES MORALES,LU MORALES,PSDB,FEMININO,BRANCA,SUPERIOR COMPLETO,SERVIDOR PÚBLICO FEDERAL,SUPLENTE,0,Centro,Centro,1000.0,2689.0,0.0,0.0,0.0,0.0,0.0,0.0,3689.0,0.0,0.0,1.4804412501104598,5461.347771657486,2.6918351278725887,1480.4412501104598,3980.9065215470255,0.0,0.0,0.0,0.0,0.0,0.0,3689.0,0.0,0.0,0.0,0.0,6.0,3689.0,1.4804412501104598,5461.347771657486,0.0,5461.347771657486,0.0,0.0,0.0,0.0,0.0,0,2.6918351278725887,2.6918351278725887,0.0,PSDB,-1,#NULO#,#NULO#,210000002790,PSDB/SOLIDARIEDADE,PSDB / SD,COLIGAÇÃO,COLIGACAO:210000002790,600.0,600.0,3.0,0,26910.0,5291.0,32201.0,2.0,179870.0,0.17902373936732086,0.0033357424806804916,0.018632961709263686,1.7902373936732086,9.231221180711186,5.053154790475044,11.0,LUCIULA LOPES MORALES,0.0,0.0,0.0,0.0,0.0,0.0,0.0
2016,87912,PELOTAS,210000032496,MARCELO SICCA DE OLIVEIRA,MARCELO SICCA,PDT,MASCULINO,BRANCA,SUPERIOR INCOMPLETO,EMPRESÁRIO,SUPLENTE,0,Esquerda,Centro,1422.0,0.0,665.32,0.0,0.0,0.0,0.0,0.0,2087.32,665.32,0.318743652147251,1.4804412501104598,3090.154630180565,2.032155385948863,2105.187457657074,0.0,984.9671725234912,0.0,0.0,0.0,0.0,0.0,2087.32,0.0,0.0,0.0,0.0,8.0,2087.32,1.4804412501104598,3090.154630180565,0.0,3090.154630180565,0.0,0.0,0.0,0.0,0.0,0,2.032155385948863,2.032155385948863,0.0,PDT,-1,#NULO#,#NULO#,210000002825,PARTIDO ISOLADO,PDT,PARTIDO ISOLADO,PARTIDO:PDT,593.0,593.0,3.0,0,21202.0,2971.0,24173.0,1.0,179870.0,0.13439150497581587,0.003296825485072552,0.024531502089107683,1.3439150497581587,9.214319120800766,4.653805255256417,10.0,MARCELO SICCA DE OLIVEIRA,0.0,0.0,0.0,0.0,0.0,0.0,0.0
2016,87912,PELOTAS,210000032183,CLAUDIO ROBERTO DOS SANTOS INSAURRIAGA,CURURU,PMN,MASCULINO,BRANCA,ENSINO MÉDIO INCOMPLETO,ARTISTA DE CIRCO,NÃO ELEITO,0,Centro,Centro,200.0,0.0,0.0,0.0,0.0,0.0,0.0,0.0,200.0,0.0,0.0,1.4804412501104598,296.088250022092,0.374163953974564,296.088250022092,0.0,0.0,0.0,0.0,0.0,0.0,0.0,200.0,0.0,0.0,0.0,0.0,2.0,200.0,1.4804412501104598,296.088250022092,0.0,296.088250022092,0.0,0.0,0.0,0.0,0.0,0,0.374163953974564,0.374163953974564,0.0,,,,,,,,,PARTIDO:PMN,0.0,0.0,,1,863.0,61.0,924.0,1.0,179870.0,0.005137043420247957,0.0,0.0,0.05137043420247957,0.0,0.9441087991079549,10.0,CLAUDIO ROBERTO DOS SANTOS INSAURRIAGA,0.0,0.0,0.0,0.0,0.0,0.0,0.0
2016,87912,PELOTAS,210000032492,CRISTINA FERNANDES OLIVEIRA,CRISTINA OLIVEIRA,PDT,FEMININO,BRANCA,SUPERIOR COMPLETO,OUTROS,ELEITO POR QP,1,Esquerda,Centro,11274.0,480.0,498.99,0.0,0.0,0.0,0.0,0.0,12252.99,498.99,0.0407239375858463,1.4804412501104598,18139.83183319096,4.258506248928267,16690.494653745325,710.6118000530207,738.7253793926184,0.0,0.0,0.0,0.0,0.0,12252.72,0.0,0.0,0.0,600.0,17.0,12252.72,1.4804412501104598,18139.43211405343,0.0,18139.43211405343,0.0,0.0,888.2647500662758,0.0,0.0,0,4.258476119152612,4.258476119152612,0.0,PDT,-1,#NULO#,#NULO#,210000002825,PARTIDO ISOLADO,PDT,PARTIDO ISOLADO,PARTIDO:PDT,4177.0,4177.0,3.0,0,21202.0,2971.0,24173.0,1.0,179870.0,0.13439150497581587,0.023222327236337353,0.17279609481653083,1.3439150497581587,12.028596777067108,4.653805255256417,1.0,CRISTINA FERNANDES OLIVEIRA,0.0,0.0,0.0,0.0,0.0,0.0,0.0
2016,87912,PELOTAS,210000032453,REGINALDO ORTIZ DA SILVA,REGINALDO ORTIZ,DEM,MASCULINO,BRANCA,ENSINO FUNDAMENTAL COMPLETO,EMPRESÁRIO,SUPLENTE,0,Direita,Direita,200.0,500.0,498.0,0.0,0.0,0.0,0.0,0.0,1198.0,498.0,0.4156928213689482,1.4804412501104598,1773.5686176323309,1.4717434179432791,296.088250022092,740.2206250552299,737.259742555009,0.0,0.0,0.0,0.0,0.0,1198.0,0.0,0.0,0.0,0.0,5.0,1198.0,1.4804412501104598,1773.5686176323309,0.0,1773.5686176323309,0.0,0.0,0.0,0.0,0.0,0,1.4717434179432791,1.4717434179432791,0.0,DEM,-1,#NULO#,#NULO#,210000002823,DEM-PTC-PHS,DEM / PTC / PHS,COLIGAÇÃO,COLIGACAO:210000002823,360.0,360.0,3.0,0,12763.0,287.0,13050.0,3.0,179870.0,0.07255239895480069,0.002001445488408295,0.027586206896551724,0.7255239895480068,8.49585502688717,3.812498225333564,10.0,REGINALDO ORTIZ DA SILVA,0.0,0.0,0.0,0.0,0.0,0.0,0.0
2016,87912,PELOTAS,210000032344,LIA MARIA DUMMER PINZ,LIA PINZ,PPS,FEMININO,PRETA,ENSINO MÉDIO COMPLETO,COMERCIANTE,SUPLENTE,0,Centro,Centro,22000.0,11400.0,0.0,0.0,1569.24,0.0,0.0,0.0,34969.24,0.0,0.0,1.4804412501104598,51769.90538101269,5.721643491598871,32569.70750243012,16877.030251259243,0.0,0.0,2323.167627323338,0.0,0.0,0.0,34349.09,0.0,0.0,0.0,0.0,8.0,34349.09,1.4804412501104598,50851.80973975669,0.0,50851.80973975669,0.0,0.0,0.0,0.0,0.0,0,5.696322437966533,5.696322437966533,0.0,PPS,-1,#NULO#,#NULO#,210000002820,PMDB-PPS,PPS / PMDB,COLIGAÇÃO,COLIGACAO:210000002820,245.0,245.0,3.0,0,10688.0,496.0,11184.0,2.0,179870.0,0.06217823983988436,0.0013620948462778673,0.02190629470672389,0.6217823983988435,7.94251450533924,3.6069159418252053,13.0,LIA MARIA DUMMER PINZ,0.0,0.0,0.0,0.0,0.0,0.0,0.0
2016,87912,PELOTAS,210000031751,JORGE IGUASSU VILANOVA DA ROCHA,BAGÉ,PRB,MASCULINO,PARDA,ENSINO MÉDIO INCOMPLETO,TAXISTA,SUPLENTE,0,Direita,Direita,0.0,0.0,0.0,0.0,0.0,0.0,0.0,0.0,0.0,0.0,,1.4804412501104598,0.0,0.0,0.0,0.0,0.0,0.0,0.0,0.0,0.0,0.0,0.0,0.0,0.0,0.0,0.0,0.0,0.0,1.4804412501104598,0.0,0.0,0.0,0.0,0.0,0.0,0.0,0.0,0,0.0,0.0,0.0,PRB,-1,#NULO#,#NULO#,210000002782,PRB/PR,PRB / PR,COLIGAÇÃO,COLIGACAO:210000002782,243.0,243.0,3.0,0,9755.0,258.0,10013.0,2.0,179870.0,0.05566798243175627,0.001350975704675599,0.02426845101368221,0.5566798243175627,7.930737337562887,3.4611356151586166,10.0,JORGE IGUASSU VILANOVA DA ROCHA,0.0,0.0,0.0,0.0,0.0,0.0,0.0
2016,87912,PELOTAS,210000032194,ADRIANE BRISOLARI SILVEIRA,ADRIANA BRISOLARA,PMN,FEMININO,PRETA,ENSINO FUNDAMENTAL COMPLETO,APOSENTADO (EXCETO SERVIDOR PÚBLICO),NÃO ELEITO,0,Centro,Centro,0.0,0.0,0.0,0.0,0.0,0.0,0.0,0.0,0.0,0.0,,1.4804412501104598,0.0,0.0,0.0,0.0,0.0,0.0,0.0,0.0,0.0,0.0,0.0,0.0,0.0,0.0,0.0,0.0,0.0,1.4804412501104598,0.0,0.0,0.0,0.0,0.0,0.0,0.0,0.0,0,0.0,0.0,0.0,PMN,-1,#NULO#,#NULO#,210000002809,PARTIDO ISOLADO,PMN,PARTIDO ISOLADO,PARTIDO:PMN,25.0,25.0,3.0,0,863.0,61.0,924.0,1.0,179870.0,0.005137043420247957,0.00013898927002835382,0.027056277056277056,0.05137043420247957,4.700439718141092,0.9441087991079549,9.0,ADRIANE BRISOLARI SILVEIRA,0.0,0.0,0.0,0.0,0.0,0.0,0.0
2016,87912,PELOTAS,210000032378,PAULO RICARDO OPPA RIBEIRO,PAULO OPPA,PT,MASCULINO,PARDA,SUPERIOR COMPLETO,ARQUITETO,SUPLENTE,0,Esquerda,Esquerda,16965.0,1000.0,0.0,0.0,0.0,0.0,0.0,0.0,17965.0,0.0,0.0,1.4804412501104598,26596.12705823441,4.786393902979799,25115.68580812395,1480.4412501104598,0.0,0.0,0.0,0.0,0.0,0.0,17960.52,0.0,0.0,0.0,3800.0,30.0,17960.52,1.4804412501104598,26589.49468143392,0.0,26589.49468143392,0.0,0.0,5625.676750419747,0.0,0.0,0,4.786047127973418,4.786047127973418,0.0,PT,-1,#NULO#,#NULO#,210000002821,FRENTE PELOTAS PODE,PT / PC do B,COLIGAÇÃO,COLIGACAO:210000002821,930.0,930.0,3.0,0,17426.0,1552.0,18978.0,2.0,179870.0,0.10550953466392395,0.005170400845054762,0.04900411002213089,1.0550953466392394,9.862637357558794,4.3203402568712805,7.0,PAULO RICARDO OPPA RIBEIRO,0.0,0.0,0.0,0.0,0.0,0.0,0.0
2016,87912,PELOTAS,210000032448,CARLOS ALBERTO MARINI,MARINI,DEM,MASCULINO,BRANCA,ENSINO MÉDIO COMPLETO,APOSENTADO (EXCETO SERVIDOR PÚBLICO),SUPLENTE,0,Direita,Direita,1085.0,654.22,564.0,0.0,0.0,0.0,0.0,0.0,2303.2200000000003,564.0,0.2448745669106728,1.4804412501104598,3409.7818960794134,2.1407073031238752,1606.278756369849,968.5342746472652,834.9688650622993,0.0,0.0,0.0,0.0,0.0,2303.2200000000003,0.0,0.0,0.0,0.0,13.0,2303.2200000000003,1.4804412501104598,3409.7818960794134,0.0,3409.7818960794134,0.0,0.0,0.0,0.0,0.0,0,2.1407073031238752,2.1407073031238752,0.0,DEM,-1,#NULO#,#NULO#,210000002823,DEM-PTC-PHS,DEM / PTC / PHS,COLIGAÇÃO,COLIGACAO:210000002823,383.0,383.0,3.0,0,12763.0,287.0,13050.0,3.0,179870.0,0.07255239895480069,0.0021293156168343806,0.029348659003831417,0.7255239895480068,8.584962500721156,3.812498225333564,8.0,CARLOS ALBERTO MARINI,0.0,0.0,0.0,0.0,0.0,0.0,0.0
2016,87912,PELOTAS,210000032499,CELSO RODRIGUES GONZAGA,CELSO GONZAGA,PDT,MASCULINO,BRANCA,ENSINO MÉDIO COMPLETO,APOSENTADO (EXCETO SERVIDOR PÚBLICO),SUPLENTE,0,Esquerda,Centro,350.0,1850.0,498.99,0.0,0.0,0.0,0.0,0.0,2698.99,498.99,0.184880270026936,1.4804412501104598,3995.696129635629,2.3206857256247337,518.1544375386609,2738.816312704351,738.7253793926184,0.0,0.0,0.0,0.0,0.0,2537.04,0.0,0.0,0.0,100.0,14.0,2537.04,1.4804412501104598,3755.938669180241,0.0,3755.938669180241,0.0,0.0,148.044125011046,0.0,0.0,0,2.249730110743781,2.249730110743781,0.0,PDT,-1,#NULO#,#NULO#,210000002825,PARTIDO ISOLADO,PDT,PARTIDO ISOLADO,PARTIDO:PDT,807.0,807.0,3.0,0,21202.0,2971.0,24173.0,1.0,179870.0,0.13439150497581587,0.004486573636515261,0.03338435444504199,1.3439150497581587,9.658211482751796,4.653805255256417,9.0,CELSO RODRIGUES GONZAGA,0.0,0.0,0.0,0.0,0.0,0.0,0.0
2016,87912,PELOTAS,210000032336,MARIA DA GRACA BRUM ARGOUD,GRAÇA ARGOUD,PPS,FEMININO,BRANCA,SUPERIOR COMPLETO,EMPRESÁRIO,SUPLENTE,0,Centro,Centro,2135.4,1200.0,0.0,0.0,1569.24,0.0,0.0,0.0,4904.64,0.0,0.0,1.4804412501104598,7261.031372941766,3.0463219104268453,3161.334245485876,1776.5295001325517,0.0,0.0,2323.167627323338,0.0,0.0,0.0,4616.18,0.0,0.0,0.0,0.0,20.0,4616.18,1.4804412501104598,6833.983289934903,0.0,6833.983289934903,0.0,0.0,0.0,0.0,0.0,0,2.9697460509905027,2.9697460509905027,0.0,PPS,-1,#NULO#,#NULO#,210000002820,PMDB-PPS,PPS / PMDB,COLIGAÇÃO,COLIGACAO:210000002820,499.0,499.0,3.0,0,10688.0,496.0,11184.0,2.0,179870.0,0.06217823983988436,0.002774225829765942,0.0446173104434907,0.6217823983988435,8.965784284662087,3.6069159418252053,7.0,MARIA DA GRACA BRUM ARGOUD,0.0,0.0,0.0,0.0,0.0,0.0,0.0
2016,87912,PELOTAS,210000032725,MARA CRISTINA CAIPU MENDES,MARA CAIPU,PT do B,FEMININO,PRETA,SUPERIOR INCOMPLETO,"ESTUDANTE, BOLSISTA, ESTAGIÁRIO E ASSEMELHADOS",NÃO ELEITO,0,Centro,Centro,0.0,220.0,0.0,0.0,0.0,0.0,0.0,0.0,220.0,0.0,0.0,1.4804412501104598,325.6970750243012,0.4067511538159485,0.0,325.6970750243012,0.0,0.0,0.0,0.0,0.0,0.0,220.0,0.0,0.0,0.0,0.0,2.0,220.0,1.4804412501104598,325.6970750243012,0.0,325.6970750243012,0.0,0.0,0.0,0.0,0.0,0,0.4067511538159485,0.4067511538159485,0.0,PT do B,-1,#NULO#,#NULO#,210000002840,PARTIDO ISOLADO,PT do B,PARTIDO ISOLADO,PARTIDO:PT do B,81.0,81.0,3.0,0,1862.0,69.0,1931.0,1.0,179870.0,0.010735531216990049,0.00045032523489186633,0.04194717762817193,0.10735531216990048,6.357552004618084,1.5513929680274543,8.0,MARA CRISTINA CAIPU MENDES,0.0,0.0,0.0,0.0,0.0,0.0,0.0
2016,87912,PELOTAS,210000032316,MARCOS ANTONIO DE SOUZA NETTO,LEITÃO,PV,MASCULINO,BRANCA,ENSINO FUNDAMENTAL COMPLETO,"VENDEDOR PRACISTA, REPRESENTANTE, CAIXEIRO-VIAJANTE E ASSEMELHADOS",SUPLENTE,0,Centro,Centro,400.0,320.0,0.0,0.0,0.0,0.0,0.0,0.0,720.0,0.0,0.0,1.4804412501104598,1065.917700079531,1.0467827827353584,592.176500044184,473.7412000353471,0.0,0.0,0.0,0.0,0.0,0.0,720.0,0.0,0.0,0.0,0.0,4.0,720.0,1.4804412501104598,1065.917700079531,0.0,1065.917700079531,0.0,0.0,0.0,0.0,0.0,0,1.0467827827353584,1.0467827827353584,0.0,PV,-1,#NULO#,#NULO#,210000002817,"PTB,PSD,PV,PSC",PTB / PV / PSC / PSD,COLIGAÇÃO,COLIGACAO:210000002817,197.0,197.0,3.0,0,25272.0,651.0,25923.0,4.0,179870.0,0.14412075387780063,0.001095235447823428,0.007599429078424565,1.4412075387780061,7.6293566200796095,4.750767271699517,16.0,MARCOS ANTONIO DE SOUZA NETTO,0.0,0.0,0.0,0.0,0.0,0.0,0.0
2016,87912,PELOTAS,210000032503,LUIZ EDUARDO BROD NOGUEIRA,PROFESSOR ADINHO,PDT,MASCULINO,BRANCA,SUPERIOR COMPLETO,PROFESSOR DE ENSINO FUNDAMENTAL,SUPLENTE,0,Esquerda,Centro,150.0,6050.0,498.99,0.0,0.0,0.0,0.0,0.0,6698.99,498.99,0.0744873480927722,1.4804412501104598,9917.461130077469,3.448565489523341,222.06618751656896,8956.669563168281,738.7253793926184,0.0,0.0,0.0,0.0,0.0,6661.9400000000005,0.0,0.0,0.0,0.0,14.0,6661.9400000000005,1.4804412501104598,9862.610781760875,0.0,9862.610781760875,0.0,0.0,0.0,0.0,0.0,0,3.441298985251048,3.441298985251048,0.0,PDT,-1,#NULO#,#NULO#,210000002825,PARTIDO ISOLADO,PDT,PARTIDO ISOLADO,PARTIDO:PDT,1911.0,1911.0,3.0,0,21202.0,2971.0,24173.0,1.0,179870.0,0.13439150497581587,0.010624339800967365,0.0790551441691143,1.3439150497581587,10.900866807980748,4.653805255256417,4.0,LUIZ EDUARDO BROD NOGUEIRA,0.0,0.0,0.0,0.0,0.0,0.0,0.0
2016,87912,PELOTAS,210000032721,GILNEI SILVEIRA DOS SANTOS,GILNEI DA TURF,PT do B,MASCULINO,PRETA,ENSINO FUNDAMENTAL INCOMPLETO,OUTROS,NÃO ELEITO,0,Centro,Centro,0.0,0.0,0.0,0.0,0.0,0.0,0.0,0.0,0.0,0.0,,1.4804412501104598,0.0,0.0,0.0,0.0,0.0,0.0,0.0,0.0,0.0,0.0,0.0,0.0,0.0,0.0,0.0,0.0,0.0,1.4804412501104598,0.0,0.0,0.0,0.0,0.0,0.0,0.0,0.0,0,0.0,0.0,0.0,,,,,,,,,PARTIDO:PT do B,0.0,0.0,,1,1862.0,69.0,1931.0,1.0,179870.0,0.010735531216990049,0.0,0.0,0.10735531216990048,0.0,1.5513929680274543,18.0,GILNEI SILVEIRA DOS SANTOS,0.0,0.0,0.0,0.0,0.0,0.0,0.0
2016,87912,PELOTAS,210000032348,EDILON SCHUMACH VIEIRA,EDILON SCHUMACH,PPS,MASCULINO,BRANCA,ENSINO MÉDIO COMPLETO,COMERCIÁRIO,SUPLENTE,0,Centro,Centro,150.0,0.0,0.0,0.0,1069.24,0.0,0.0,0.0,1219.24,0.0,0.0,1.4804412501104598,1805.013189784677,1.4880075547172071,222.06618751656896,0.0,0.0,0.0,1582.947002268108,0.0,0.0,0.0,589.24,0.0,0.0,0.0,0.0,3.0,589.24,1.4804412501104598,872.3352022150873,0.0,872.3352022150873,0.0,0.0,0.0,0.0,0.0,0,0.9048387422301328,0.9048387422301328,0.0,PPS,-1,#NULO#,#NULO#,210000002820,PMDB-PPS,PPS / PMDB,COLIGAÇÃO,COLIGACAO:210000002820,153.0,153.0,3.0,0,10688.0,496.0,11184.0,2.0,179870.0,0.06217823983988436,0.0008506143325735253,0.013680257510729614,0.6217823983988435,7.266786540694901,3.6069159418252053,17.0,EDILON SCHUMACH VIEIRA,0.0,0.0,0.0,0.0,0.0,0.0,0.0
2016,87912,PELOTAS,210000032260,JOSÉ ADRIANO DO ESPÍRITO SANTO ALDRIGHI,ADRIANO ALDRIGUI,PROS,MASCULINO,BRANCA,ENSINO FUNDAMENTAL INCOMPLETO,COMERCIANTE,NÃO ELEITO,0,Centro,Centro,0.0,0.0,338.0,0.0,0.0,0.0,0.0,0.0,338.0,338.0,1.0,1.4804412501104598,500.3891425373354,0.5853367281865215,0.0,0.0,500.3891425373354,0.0,0.0,0.0,0.0,0.0,338.0,0.0,0.0,0.0,0.0,3.0,338.0,1.4804412501104598,500.3891425373354,0.0,500.3891425373354,0.0,0.0,0.0,0.0,0.0,0,0.5853367281865215,0.5853367281865215,0.0,PROS,-1,#NULO#,#NULO#,210000002815,PARTIDO ISOLADO,PROS,PARTIDO ISOLADO,PARTIDO:PROS,57.0,57.0,3.0,0,750.0,137.0,887.0,1.0,179870.0,0.004931339300605993,0.0003168955356646467,0.06426155580608793,0.04931339300605993,5.857980995127572,0.9160944229383583,6.0,JOSE ADRIANO DO ESPIRITO SANTO ALDRIGHI,0.0,0.0,0.0,0.0,0.0,0.0,0.0
2016,87912,PELOTAS,210000032473,RUDINEI BARBOSA SERPA,BARBOSA,PSB,MASCULINO,BRANCA,ENSINO FUNDAMENTAL INCOMPLETO,OUTROS,SUPLENTE,0,Esquerda,Centro,0.0,0.0,0.0,0.0,0.0,0.0,0.0,0.0,0.0,0.0,,1.4804412501104598,0.0,0.0,0.0,0.0,0.0,0.0,0.0,0.0,0.0,0.0,0.0,0.0,0.0,0.0,0.0,0.0,0.0,1.4804412501104598,0.0,0.0,0.0,0.0,0.0,0.0,0.0,0.0,0,0.0,0.0,0.0,PSB,-1,#NULO#,#NULO#,210000002824,PARTIDO ISOLADO,PSB,PARTIDO ISOLADO,PARTIDO:PSB,208.0,208.0,3.0,0,21182.0,361.0,21543.0,1.0,179870.0,0.11976983376883304,0.0011563907266359038,0.009655108387875411,1.1976983376883303,7.7073591320808825,4.494607615593648,20.0,RUDINEI BARBOSA SERPA,0.0,0.0,0.0,0.0,0.0,0.0,0.0
2016,87912,PELOTAS,210000032369,DANIEL E SILVA VOLCAN,DANIEL VOLCAN,PT,MASCULINO,BRANCA,ENSINO MÉDIO COMPLETO,SERVIDOR PÚBLICO MUNICIPAL,SUPLENTE,0,Esquerda,Esquerda,3339.46,0.0,0.0,0.0,0.0,0.0,0.0,0.0,3339.46,0.0,0.0,1.4804412501104598,4943.874337093876,2.5714036153435536,4943.874337093876,0.0,0.0,0.0,0.0,0.0,0.0,0.0,3339.46,0.0,0.0,0.0,0.0,9.0,3339.46,1.4804412501104598,4943.874337093876,0.0,4943.874337093876,0.0,0.0,0.0,0.0,0.0,0,2.5714036153435536,2.5714036153435536,0.0,PT,-1,#NULO#,#NULO#,210000002821,FRENTE PELOTAS PODE,PT / PC do B,COLIGAÇÃO,COLIGACAO:210000002821,1247.0,1247.0,3.0,0,17426.0,1552.0,18978.0,2.0,179870.0,0.10550953466392395,0.006932784789014288,0.06570766150279271,1.0550953466392394,10.285402218862249,4.3203402568712805,6.0,DANIEL E SILVA VOLCAN,0.0,0.0,0.0,0.0,0.0,0.0,0.0
2016,87912,PELOTAS,210000031756,UBIRATAN SOARES NOGUEZ,UBIRATAN NOGUEZ,PRB,MASCULINO,BRANCA,ENSINO MÉDIO COMPLETO,SERVIDOR PÚBLICO MUNICIPAL,SUPLENTE,0,Direita,Direita,914.0,4650.0,435.0,0.0,0.0,0.0,0.0,0.0,5999.0,435.0,0.0725120853475579,1.4804412501104598,8881.167059412648,3.304681447821293,1353.1233026009602,6884.051813013638,643.99194379805,0.0,0.0,0.0,0.0,0.0,5935.26,0.0,0.0,0.0,0.0,14.0,5935.26,1.4804412501104598,8786.803734130608,0.0,8786.803734130608,0.0,0.0,0.0,0.0,0.0,0,3.2908377679160377,3.2908377679160377,0.0,PRB,-1,#NULO#,#NULO#,210000002782,PRB/PR,PRB / PR,COLIGAÇÃO,COLIGACAO:210000002782,331.0,331.0,3.0,0,9755.0,258.0,10013.0,2.0,179870.0,0.05566798243175627,0.0018402179351754045,0.03305702586637371,0.5566798243175627,8.375039431346925,3.4611356151586166,6.0,UBIRATAN SOARES NOGUEZ,0.0,0.0,0.0,0.0,0.0,0.0,0.0
2016,87912,PELOTAS,210000031862,MARIA ANTONIA RODRIGUES GUTIERRES,MARIA GUTIERRES,PSDB,FEMININO,PRETA,ENSINO MÉDIO INCOMPLETO,OCUPANTE DE CARGO EM COMISSÃO,SUPLENTE,0,Centro,Centro,1175.85,0.0,0.0,0.0,0.0,0.0,0.0,0.0,1175.85,0.0,0.0,1.4804412501104598,1740.776843942384,1.4545848676588151,1740.776843942384,0.0,0.0,0.0,0.0,0.0,0.0,0.0,1175.86,0.0,0.0,0.0,0.0,5.0,1175.86,1.4804412501104598,1740.7916483548854,0.0,1740.7916483548854,0.0,0.0,0.0,0.0,0.0,0,1.454592660411028,1.454592660411028,0.0,PSDB,-1,#NULO#,#NULO#,210000002790,PSDB/SOLIDARIEDADE,PSDB / SD,COLIGAÇÃO,COLIGACAO:210000002790,43.0,43.0,3.0,0,26910.0,5291.0,32201.0,2.0,179870.0,0.17902373936732086,0.00023906154444876856,0.0013353622558305643,1.7902373936732086,5.459431618637297,5.053154790475044,21.0,MARIA ANTONIA RODRIGUES GUTIERRES,0.0,0.0,0.0,0.0,0.0,0.0,0.0
2016,87912,PELOTAS,210000032272,CARLOS FERNANDO CANEZ DA CUNHA,CARLOS FERNANDO,PSOL,MASCULINO,BRANCA,ENSINO MÉDIO COMPLETO,OUTROS,SUPLENTE,0,Esquerda,Esquerda,0.0,0.0,0.0,0.0,0.0,0.0,0.0,0.0,0.0,0.0,,1.4804412501104598,0.0,0.0,0.0,0.0,0.0,0.0,0.0,0.0,0.0,0.0,0.0,0.0,0.0,0.0,0.0,0.0,0.0,1.4804412501104598,0.0,0.0,0.0,0.0,0.0,0.0,0.0,0.0,0,0.0,0.0,0.0,PSOL,-1,#NULO#,#NULO#,210000002816,PARTIDO ISOLADO,PSOL,PARTIDO ISOLADO,PARTIDO:PSOL,56.0,56.0,3.0,0,7470.0,1883.0,9353.0,1.0,179870.0,0.05199866570300773,0.00031133596486351253,0.00598738372714637,0.5199866570300773,5.832890014164741,3.3719769744945847,20.0,CARLOS FERNANDO CANEZ DA CUNHA,0.0,0.0,0.0,0.0,0.0,0.0,0.0
2016,87912,PELOTAS,210000032724,LINDOMAR ANTONIO VIEIRA FONSECA,LINDOMAR FONSECA,PT do B,MASCULINO,BRANCA,ENSINO FUNDAMENTAL INCOMPLETO,OUTROS,NÃO ELEITO,0,Centro,Centro,0.0,230.0,0.0,0.0,0.0,0.0,0.0,0.0,230.0,0.0,0.0,1.4804412501104598,340.50148752540576,0.4227728202487363,0.0,340.50148752540576,0.0,0.0,0.0,0.0,0.0,0.0,230.0,0.0,0.0,0.0,0.0,1.0,230.0,1.4804412501104598,340.50148752540576,0.0,340.50148752540576,0.0,0.0,0.0,0.0,0.0,0,0.4227728202487363,0.4227728202487363,0.0,PT do B,-1,#NULO#,#NULO#,210000002840,PARTIDO ISOLADO,PT do B,PARTIDO ISOLADO,PARTIDO:PT do B,93.0,93.0,3.0,0,1862.0,69.0,1931.0,1.0,179870.0,0.010735531216990049,0.0005170400845054762,0.04816157431382703,0.10735531216990048,6.554588851677638,1.5513929680274543,7.0,LINDOMAR ANTONIO VIEIRA FONSECA,0.0,0.0,0.0,0.0,0.0,0.0,0.0
2016,87912,PELOTAS,210000032713,ARACI TEREZINHA DA SILVEIRA,TITA DE YEMANJÁ,PT do B,FEMININO,PRETA,ENSINO FUNDAMENTAL INCOMPLETO,COZINHEIRO,NÃO ELEITO,0,Centro,Centro,0.0,0.0,0.0,0.0,0.0,0.0,0.0,0.0,0.0,0.0,,1.4804412501104598,0.0,0.0,0.0,0.0,0.0,0.0,0.0,0.0,0.0,0.0,0.0,0.0,0.0,0.0,0.0,0.0,0.0,1.4804412501104598,0.0,0.0,0.0,0.0,0.0,0.0,0.0,0.0,0,0.0,0.0,0.0,PT do B,-1,#NULO#,#NULO#,210000002840,PARTIDO ISOLADO,PT do B,PARTIDO ISOLADO,PARTIDO:PT do B,4.0,4.0,3.0,0,1862.0,69.0,1931.0,1.0,179870.0,0.010735531216990049,2.223828320453661e-05,0.0020714655618850335,0.10735531216990048,2.321928094887362,1.5513929680274543,17.0,ARACI TEREZINHA DA SILVEIRA,0.0,0.0,0.0,0.0,0.0,0.0,0.0
2016,87912,PELOTAS,210000032509,TAMARA ROSANE IGANSI MACEDO,TAMARA MACEDO,PDT,FEMININO,BRANCA,ENSINO FUNDAMENTAL INCOMPLETO,VENDEDOR DE COMÉRCIO VAREJISTA E ATACADISTA,SUPLENTE,0,Esquerda,Centro,150.0,200.0,498.99,0.0,0.0,0.0,0.0,0.0,848.99,498.99,0.5877454386977468,1.4804412501104598,1256.8798169312793,1.1743295943676912,222.06618751656896,296.088250022092,738.7253793926184,0.0,0.0,0.0,0.0,0.0,848.99,0.0,0.0,0.0,0.0,4.0,848.99,1.4804412501104598,1256.8798169312793,0.0,1256.8798169312793,0.0,0.0,0.0,0.0,0.0,0,1.1743295943676912,1.1743295943676912,0.0,PDT,-1,#NULO#,#NULO#,210000002825,PARTIDO ISOLADO,PDT,PARTIDO ISOLADO,PARTIDO:PDT,154.0,154.0,3.0,0,21202.0,2971.0,24173.0,1.0,179870.0,0.13439150497581587,0.0008561739033746595,0.006370744218756464,1.3439150497581587,7.2761244052742375,4.653805255256417,23.0,TAMARA ROSANE IGANSI MACEDO,0.0,0.0,0.0,0.0,0.0,0.0,0.0
2016,87912,PELOTAS,210000032296,RAFAEL PEREIRA DUTRA,BARRIGA,PTB,MASCULINO,PRETA,ENSINO MÉDIO COMPLETO,OUTROS,SUPLENTE,0,Direita,Direita,4700.0,1078.0,300.0,0.0,3793.75,0.0,0.0,0.0,9871.75,300.0,0.0303897485248309,1.4804412501104598,14614.545910777932,3.964818709600032,6958.073875519161,1595.9156676190755,444.1323750331379,0.0,5616.423992606557,0.0,0.0,0.0,9857.05,0.0,0.0,0.0,0.0,15.0,9857.05,1.4804412501104598,14592.783424401308,0.0,14592.783424401308,0.0,0.0,0.0,0.0,0.0,0,3.9628065773906314,3.9628065773906314,0.0,PTB,-1,#NULO#,#NULO#,210000002817,"PTB,PSD,PV,PSC",PTB / PV / PSC / PSD,COLIGAÇÃO,COLIGACAO:210000002817,2486.0,2486.0,3.0,0,25272.0,651.0,25923.0,4.0,179870.0,0.14412075387780063,0.013821093011619504,0.09589939436022066,1.4412075387780061,11.280190792216906,4.750767271699517,4.0,RAFAEL PEREIRA DUTRA,0.0,0.0,0.0,0.0,0.0,0.0,0.0
2016,87912,PELOTAS,210000032914,ELIZABETE PEREIRA SANCHES,BETTY SANCHES,PP,FEMININO,BRANCA,ENSINO FUNDAMENTAL COMPLETO,APOSENTADO (EXCETO SERVIDOR PÚBLICO),SUPLENTE,0,Direita,Direita,400.0,480.0,0.0,0.0,0.0,0.0,0.0,0.0,880.0,0.0,0.0,1.4804412501104598,1302.788300097205,1.2033817874058998,592.176500044184,710.6118000530207,0.0,0.0,0.0,0.0,0.0,0.0,880.0,0.0,0.0,0.0,0.0,5.0,880.0,1.4804412501104598,1302.788300097205,0.0,1302.788300097205,0.0,0.0,0.0,0.0,0.0,0,1.2033817874058998,1.2033817874058998,0.0,PP,-1,#NULO#,#NULO#,210000002822,"PP, REDE SUSTENTABILIDADE, PTN",PP / REDE / PTN,COLIGAÇÃO,COLIGACAO:210000002822,50.0,50.0,3.0,0,8719.0,381.0,9100.0,3.0,179870.0,0.050592094290320785,0.00027797854005670765,0.005494505494505495,0.5059209429032078,5.672425341971495,3.3362833878644325,24.0,ELIZABETE PEREIRA SANCHES,0.0,0.0,0.0,0.0,0.0,0.0,0.0
2016,87912,PELOTAS,210000032502,CLEMAR ALVARO BRANCO,CLEMAR BRANCO,PDT,MASCULINO,BRANCA,SUPERIOR INCOMPLETO,REPRESENTANTE COMERCIAL,SUPLENTE,0,Esquerda,Centro,150.0,500.0,498.99,0.0,0.0,0.0,0.0,0.0,1148.99,498.99,0.4342857640188339,1.4804412501104598,1701.0121919644173,1.4335001519708732,222.06618751656896,740.2206250552299,738.7253793926184,0.0,0.0,0.0,0.0,0.0,1148.99,0.0,0.0,0.0,0.0,5.0,1148.99,1.4804412501104598,1701.0121919644173,0.0,1701.0121919644173,0.0,0.0,0.0,0.0,0.0,0,1.4335001519708732,1.4335001519708732,0.0,PDT,-1,#NULO#,#NULO#,210000002825,PARTIDO ISOLADO,PDT,PARTIDO ISOLADO,PARTIDO:PDT,68.0,68.0,3.0,0,21202.0,2971.0,24173.0,1.0,179870.0,0.13439150497581587,0.00037805081447712236,0.0028130558888015554,1.3439150497581587,6.108524456778169,4.653805255256417,29.0,CLEMAR ALVARO BRANCO,0.0,0.0,0.0,0.0,0.0,0.0,0.0
2016,87912,PELOTAS,210000032508,LUIS ENRIQUE BRAGA DOS SANTOS,ENRIQUE DO SOPÃO,PDT,MASCULINO,BRANCA,ENSINO FUNDAMENTAL INCOMPLETO,CHAVEIRO,SUPLENTE,0,Esquerda,Centro,150.0,730.0,498.99,0.0,0.0,0.0,0.0,0.0,1378.99,498.99,0.3618517900782457,1.4804412501104598,2041.513679489823,1.6047894928792412,222.06618751656896,1080.7221125806357,738.7253793926184,0.0,0.0,0.0,0.0,0.0,1378.99,0.0,0.0,0.0,0.0,6.0,1378.99,1.4804412501104598,2041.513679489823,0.0,2041.513679489823,0.0,0.0,0.0,0.0,0.0,0,1.6047894928792412,1.6047894928792412,0.0,PDT,-1,#NULO#,#NULO#,210000002825,PARTIDO ISOLADO,PDT,PARTIDO ISOLADO,PARTIDO:PDT,294.0,294.0,3.0,0,21202.0,2971.0,24173.0,1.0,179870.0,0.13439150497581587,0.0016345138155334409,0.012162329872171432,1.3439150497581587,8.204571144249204,4.653805255256417,16.0,LUIS ENRIQUE BRAGA DOS SANTOS,0.0,0.0,0.0,0.0,0.0,0.0,0.0
2016,87912,PELOTAS,210000032278,MARCELO ROSS SOUZA,MARCELO GARNIZÉ,PSOL,MASCULINO,BRANCA,ENSINO MÉDIO COMPLETO,COMERCIANTE,SUPLENTE,0,Esquerda,Esquerda,568.56,0.0,0.0,0.0,0.0,0.0,0.0,0.0,568.56,0.0,0.0,1.4804412501104598,841.7196771628029,0.8810534896901937,841.7196771628029,0.0,0.0,0.0,0.0,0.0,0.0,0.0,568.56,0.0,0.0,0.0,0.0,2.0,568.56,1.4804412501104598,841.7196771628029,0.0,841.7196771628029,0.0,0.0,0.0,0.0,0.0,0,0.8810534896901937,0.8810534896901937,0.0,PSOL,-1,#NULO#,#NULO#,210000002816,PARTIDO ISOLADO,PSOL,PARTIDO ISOLADO,PARTIDO:PSOL,168.0,168.0,3.0,0,7470.0,1883.0,9353.0,1.0,179870.0,0.05199866570300773,0.0009340078945905377,0.01796215118143911,0.5199866570300773,7.400879436282184,3.3719769744945847,15.0,MARCELO ROSS SOUZA,0.0,0.0,0.0,0.0,0.0,0.0,0.0
2016,87912,PELOTAS,210000032374,LUIS CARLOS GIRÃO DANDA,GIRÃO,PT,MASCULINO,BRANCA,ENSINO MÉDIO COMPLETO,SERVIDOR PÚBLICO FEDERAL,SUPLENTE,0,Esquerda,Esquerda,400.0,2020.0,0.0,0.0,0.0,0.0,0.0,0.0,2420.0,0.0,0.0,1.4804412501104598,3582.6678252673128,2.196187715734587,592.176500044184,2990.491325223129,0.0,0.0,0.0,0.0,0.0,0.0,2420.0,0.0,0.0,0.0,0.0,14.0,2420.0,1.4804412501104598,3582.6678252673128,0.0,3582.6678252673128,0.0,0.0,0.0,0.0,0.0,0,2.196187715734587,2.196187715734587,0.0,PT,-1,#NULO#,#NULO#,210000002821,FRENTE PELOTAS PODE,PT / PC do B,COLIGAÇÃO,COLIGACAO:210000002821,406.0,406.0,3.0,0,17426.0,1552.0,18978.0,2.0,179870.0,0.10550953466392395,0.002257185745260466,0.021393192117188323,1.0550953466392394,8.668884984266247,4.3203402568712805,9.0,LUIS CARLOS GIRAO DANDA,0.0,0.0,0.0,0.0,0.0,0.0,0.0
2016,87912,PELOTAS,210000032263,ALEXANDRE DA SILVEIRA MADAIL,ALEXANDRE MADAIL,PROS,MASCULINO,BRANCA,SUPERIOR COMPLETO,EMPRESÁRIO,NÃO ELEITO,0,Centro,Centro,0.0,0.0,338.0,0.0,0.0,0.0,0.0,0.0,338.0,338.0,1.0,1.4804412501104598,500.3891425373354,0.5853367281865215,0.0,0.0,500.3891425373354,0.0,0.0,0.0,0.0,0.0,338.0,0.0,0.0,0.0,0.0,3.0,338.0,1.4804412501104598,500.3891425373354,0.0,500.3891425373354,0.0,0.0,0.0,0.0,0.0,0,0.5853367281865215,0.5853367281865215,0.0,PROS,-1,#NULO#,#NULO#,210000002815,PARTIDO ISOLADO,PROS,PARTIDO ISOLADO,PARTIDO:PROS,113.0,113.0,3.0,0,750.0,137.0,887.0,1.0,179870.0,0.004931339300605993,0.0006282315005281592,0.1273957158962796,0.04931339300605993,6.832890014164741,0.9160944229383583,2.0,ALEXANDRE DA SILVEIRA MADAIL,0.0,0.0,0.0,0.0,0.0,0.0,0.0
2016,87912,PELOTAS,210000032340,EMAR SANTOS DA CUNHA,EMAR CUNHA,PPS,MASCULINO,BRANCA,SUPERIOR INCOMPLETO,EMPRESÁRIO,SUPLENTE,0,Centro,Centro,23521.0,4070.0,0.0,0.0,1569.24,0.0,0.0,0.0,29160.24,0.0,0.0,1.4804412501104598,43170.02215912104,5.464995651033733,34821.45864384813,6025.395887949571,0.0,0.0,2323.167627323338,0.0,0.0,0.0,29160.250000000004,0.0,0.0,0.0,300.0,29.0,29160.250000000004,1.4804412501104598,43170.03696353354,0.0,43170.03696353354,0.0,0.0,444.1323750331379,0.0,0.0,0,5.464996134579991,5.464996134579991,0.0,PPS,-1,#NULO#,#NULO#,210000002820,PMDB-PPS,PPS / PMDB,COLIGAÇÃO,COLIGACAO:210000002820,151.0,151.0,3.0,0,10688.0,496.0,11184.0,2.0,179870.0,0.06217823983988436,0.000839495190971257,0.01350143061516452,0.6217823983988435,7.247927513443585,3.6069159418252053,18.0,EMAR SANTOS DA CUNHA,0.0,0.0,0.0,0.0,0.0,0.0,0.0
2016,87912,PELOTAS,210000031755,SONI IRIBERTO DA SILVA,SONI,PRB,MASCULINO,BRANCA,ENSINO FUNDAMENTAL INCOMPLETO,APOSENTADO (EXCETO SERVIDOR PÚBLICO),NÃO ELEITO,0,Direita,Direita,914.0,845.3,435.0,0.0,0.0,0.0,0.0,0.0,2194.3,435.0,0.198240896869161,1.4804412501104598,3248.5322351173822,2.086964511167023,1353.1233026009602,1251.4169887183716,643.99194379805,0.0,0.0,0.0,0.0,0.0,2194.3,0.0,0.0,0.0,0.0,11.0,2194.3,1.4804412501104598,3248.5322351173822,0.0,3248.5322351173822,0.0,0.0,0.0,0.0,0.0,0,2.086964511167023,2.086964511167023,0.0,,,,,,,,,PARTIDO:PRB,0.0,0.0,,1,0.0,0.0,0.0,0.0,0.0,0.0,0.0,0.0,0.0,0.0,0.0,1.0,SONI IRIBERTO DA SILVA,0.0,0.0,0.0,0.0,0.0,0.0,0.0
2016,87912,PELOTAS,210000032189,ELDIO FEIJO GONÇALVES,ELDIO F. GONÇALVES,PMN,MASCULINO,BRANCA,SUPERIOR INCOMPLETO,SERVIDOR PÚBLICO MUNICIPAL,NÃO ELEITO,0,Centro,Centro,200.0,544.0,0.0,0.0,0.0,0.0,0.0,0.0,744.0,0.0,0.0,1.4804412501104598,1101.448290082182,1.0713839568182968,296.088250022092,805.3600400600901,0.0,0.0,0.0,0.0,0.0,0.0,744.0,0.0,0.0,0.0,0.0,5.0,744.0,1.4804412501104598,1101.448290082182,0.0,1101.448290082182,0.0,0.0,0.0,0.0,0.0,0,1.0713839568182968,1.0713839568182968,0.0,PMN,-1,#NULO#,#NULO#,210000002809,PARTIDO ISOLADO,PMN,PARTIDO ISOLADO,PARTIDO:PMN,94.0,94.0,3.0,0,863.0,61.0,924.0,1.0,179870.0,0.005137043420247957,0.0005225996553066103,0.10173160173160173,0.05137043420247957,6.569855608330948,0.9441087991079549,3.0,ELDIO FEIJO GONCALVES,0.0,0.0,0.0,0.0,0.0,0.0,0.0
2016,87912,PELOTAS,210000032481,CESAR BRIZOLARA,CESINHA,PSB,MASCULINO,PRETA,ENSINO MÉDIO COMPLETO,TÉCNICO EM INFORMÁTICA,SUPLENTE,0,Esquerda,Centro,10198.0,0.0,0.0,0.0,0.0,0.0,0.0,0.0,10198.0,0.0,0.0,1.4804412501104598,15097.539868626469,4.008768317977181,15097.539868626469,0.0,0.0,0.0,0.0,0.0,0.0,0.0,10149.62,0.0,0.0,0.0,0.0,25.0,10149.62,1.4804412501104598,15025.916120946124,0.0,15025.916120946124,0.0,0.0,0.0,0.0,0.0,0,4.002334925701308,4.002334925701308,0.0,PSB,-1,#NULO#,#NULO#,210000002824,PARTIDO ISOLADO,PSB,PARTIDO ISOLADO,PARTIDO:PSB,1930.0,1930.0,3.0,0,21182.0,361.0,21543.0,1.0,179870.0,0.11976983376883304,0.010729971646188914,0.0895882653298055,1.1976983376883303,10.91513244895065,4.494607615593648,4.0,CESAR BRIZOLARA,0.0,0.0,0.0,0.0,0.0,0.0,0.0
2016,87912,PELOTAS,210000032493,DERLI ALVES DE BORBA,PASTOR DERLI BORBA,PDT,MASCULINO,BRANCA,ENSINO FUNDAMENTAL INCOMPLETO,MOTORISTA DE VEÍCULOS DE TRANSPORTE COLETIVO DE PASSAGEIROS,SUPLENTE,0,Esquerda,Centro,150.0,1008.45,498.99,0.0,0.0,0.0,0.0,0.0,1657.44,498.99,0.301060671879525,1.4804412501104598,2453.7425455830808,1.7881605431870458,222.06618751656896,1492.9509786738934,738.7253793926184,0.0,0.0,0.0,0.0,0.0,1657.44,0.0,0.0,0.0,0.0,10.0,1657.44,1.4804412501104598,2453.7425455830808,0.0,2453.7425455830808,0.0,0.0,0.0,0.0,0.0,0,1.7881605431870458,1.7881605431870458,0.0,PDT,-1,#NULO#,#NULO#,210000002825,PARTIDO ISOLADO,PDT,PARTIDO ISOLADO,PARTIDO:PDT,285.0,285.0,3.0,0,21202.0,2971.0,24173.0,1.0,179870.0,0.13439150497581587,0.0015844776783232335,0.011790013651594754,1.3439150497581587,8.159871336778389,4.653805255256417,17.0,DERLI ALVES DE BORBA,0.0,0.0,0.0,0.0,0.0,0.0,0.0
2016,87912,PELOTAS,210000032298,TIAGO DA SILVA BUNDCHEN,TIAGO BUNDCHEN,PTB,MASCULINO,BRANCA,SUPERIOR COMPLETO,ADVOGADO,SUPLENTE,0,Direita,Direita,5780.0,1000.0,0.0,0.0,0.0,0.0,0.0,0.0,6780.0,0.0,0.0,1.4804412501104598,10037.391675748917,3.4643273737915248,8556.950425638457,1480.4412501104598,0.0,0.0,0.0,0.0,0.0,0.0,6762.4,0.0,0.0,0.0,0.0,12.0,6762.4,1.4804412501104598,10011.335909746973,0.0,10011.335909746973,0.0,0.0,0.0,0.0,0.0,0,3.460917604066701,3.460917604066701,0.0,PTB,-1,#NULO#,#NULO#,210000002817,"PTB,PSD,PV,PSC",PTB / PV / PSC / PSD,COLIGAÇÃO,COLIGACAO:210000002817,1456.0,1456.0,3.0,0,25272.0,651.0,25923.0,4.0,179870.0,0.14412075387780063,0.008094735086451326,0.056166338772518615,1.4412075387780061,10.508785162064513,4.750767271699517,9.0,TIAGO DA SILVA BUNDCHEN,0.0,0.0,0.0,0.0,0.0,0.0,0.0
2016,87912,PELOTAS,210000032358,MAYKOL GAUTERIO PIRES DA ROSA,GAUTÉRIO,PMDB,MASCULINO,BRANCA,SUPERIOR INCOMPLETO,OUTROS,SUPLENTE,0,Centro,Centro,0.0,0.0,0.0,0.0,456.0,0.0,0.0,0.0,456.0,0.0,0.0,1.4804412501104598,675.0812100503697,0.7442310409416506,0.0,0.0,0.0,0.0,675.0812100503697,0.0,0.0,0.0,456.0,0.0,0.0,0.0,0.0,1.0,456.0,1.4804412501104598,675.0812100503697,0.0,675.0812100503697,0.0,0.0,0.0,0.0,0.0,0,0.7442310409416506,0.7442310409416506,0.0,PMDB,-1,#NULO#,#NULO#,210000002820,PMDB-PPS,PPS / PMDB,COLIGAÇÃO,COLIGACAO:210000002820,64.0,64.0,3.0,0,10688.0,496.0,11184.0,2.0,179870.0,0.06217823983988436,0.00035581253127258577,0.005722460658082976,0.6217823983988435,6.022367813028454,3.6069159418252053,22.0,MAYKOL GAUTERIO PIRES DA ROSA,0.0,0.0,0.0,0.0,0.0,0.0,0.0
2016,87912,PELOTAS,210000032385,DIEGO FERREIRA PEREIRA,DIEGO FERREIRA,PC do B,MASCULINO,BRANCA,ENSINO MÉDIO COMPLETO,SERVIDOR PÚBLICO MUNICIPAL,SUPLENTE,0,Esquerda,Esquerda,400.0,954.82,0.0,0.0,0.0,0.0,0.0,0.0,1354.8200000000002,0.0,0.0,1.4804412501104598,2005.731414474653,1.5877160989690318,592.176500044184,1413.5549144304694,0.0,0.0,0.0,0.0,0.0,0.0,1354.82,0.0,0.0,0.0,0.0,9.0,1354.82,1.4804412501104598,2005.731414474653,0.0,2005.731414474653,0.0,0.0,0.0,0.0,0.0,0,1.5877160989690318,1.5877160989690318,0.0,PC do B,-1,#NULO#,#NULO#,210000002821,FRENTE PELOTAS PODE,PT / PC do B,COLIGAÇÃO,COLIGACAO:210000002821,241.0,241.0,3.0,0,17426.0,1552.0,18978.0,2.0,179870.0,0.10550953466392395,0.0013398565630733307,0.012698914532616713,1.0550953466392394,7.918863237274595,4.3203402568712805,12.0,DIEGO FERREIRA PEREIRA,0.0,0.0,0.0,0.0,0.0,0.0,0.0
2016,87912,PELOTAS,210000032465,JOSÉ TABAJARA MARQUES GONÇALVES,JOSÉ TABAJARA,PSB,MASCULINO,PRETA,SUPERIOR COMPLETO,ADVOGADO,SUPLENTE,0,Esquerda,Centro,0.0,600.0,0.0,0.0,0.0,0.0,0.0,0.0,600.0,0.0,0.0,1.4804412501104598,888.2647500662758,0.9170610564529,0.0,888.2647500662758,0.0,0.0,0.0,0.0,0.0,0.0,600.0,0.0,0.0,0.0,0.0,2.0,600.0,1.4804412501104598,888.2647500662758,0.0,888.2647500662758,0.0,0.0,0.0,0.0,0.0,0,0.9170610564529,0.9170610564529,0.0,PSB,-1,#NULO#,#NULO#,210000002824,PARTIDO ISOLADO,PSB,PARTIDO ISOLADO,PARTIDO:PSB,609.0,609.0,3.0,0,21182.0,361.0,21543.0,1.0,179870.0,0.11976983376883304,0.003385778617890699,0.028269043308731374,1.1976983376883303,9.252665432450248,4.494607615593648,12.0,JOSE TABAJARA MARQUES GONCALVES,0.0,0.0,0.0,0.0,0.0,0.0,0.0
2016,87912,PELOTAS,210000032497,NOACIR VASCONCELLOS MEDEIROS,TENENTE VASCONCELLOS,PDT,MASCULINO,BRANCA,SUPERIOR COMPLETO,MILITAR REFORMADO,SUPLENTE,0,Esquerda,Centro,150.0,771.85,498.99,0.0,0.0,0.0,0.0,0.0,1420.84,498.99,0.3511936600883983,1.4804412501104598,2103.4701458069458,1.6338822678126088,222.06618751656896,1142.6785788977584,738.7253793926184,0.0,0.0,0.0,0.0,0.0,1420.84,0.0,0.0,0.0,0.0,8.0,1420.84,1.4804412501104598,2103.4701458069458,0.0,2103.4701458069458,0.0,0.0,0.0,0.0,0.0,0,1.6338822678126088,1.6338822678126088,0.0,PDT,-1,#NULO#,#NULO#,210000002825,PARTIDO ISOLADO,PDT,PARTIDO ISOLADO,PARTIDO:PDT,202.0,202.0,3.0,0,21202.0,2971.0,24173.0,1.0,179870.0,0.13439150497581587,0.0011230333018290989,0.008356430728498739,1.3439150497581587,7.6653359171851765,4.653805255256417,20.0,NOACIR VASCONCELLOS MEDEIROS,0.0,0.0,0.0,0.0,0.0,0.0,0.0
2016,87912,PELOTAS,210000033316,LILIANE PROENÇA MACHADO,LILIANE PROENÇA,PSDB,FEMININO,PRETA,SUPERIOR COMPLETO,ASSISTENTE SOCIAL,SUPLENTE,0,Centro,Centro,350.0,0.0,0.0,0.0,0.0,0.0,0.0,0.0,350.0,0.0,0.0,1.4804412501104598,518.1544375386609,0.6023185594872688,518.1544375386609,0.0,0.0,0.0,0.0,0.0,0.0,0.0,350.0,0.0,0.0,0.0,0.0,2.0,350.0,1.4804412501104598,518.1544375386609,0.0,518.1544375386609,0.0,0.0,0.0,0.0,0.0,0,0.6023185594872688,0.6023185594872688,0.0,PSDB,-1,#NULO#,#NULO#,210000002790,PSDB/SOLIDARIEDADE,PSDB / SD,COLIGAÇÃO,COLIGACAO:210000002790,18.0,18.0,3.0,0,26910.0,5291.0,32201.0,2.0,179870.0,0.17902373936732086,0.00010007227442041475,0.0005589888512779106,1.7902373936732086,4.247927513443585,5.053154790475044,22.0,LILIANE PROENCA MACHADO,0.0,0.0,0.0,0.0,0.0,0.0,0.0
2016,87912,PELOTAS,210000032297,VELOCINO CARDOSO VIEIRA,VELOCINO CARDOSO,PTB,MASCULINO,PRETA,ENSINO MÉDIO COMPLETO,VENDEDOR DE COMÉRCIO VAREJISTA E ATACADISTA,SUPLENTE,0,Direita,Direita,600.0,1800.0,0.0,0.0,944.25,0.0,0.0,0.0,3344.25,0.0,0.0,1.4804412501104598,4950.965650681906,2.5731237905067994,888.2647500662758,2664.794250198828,0.0,0.0,1397.9066504168018,0.0,0.0,0.0,3224.31,0.0,0.0,0.0,0.0,13.0,3224.31,1.4804412501104598,4773.4015271436565,0.0,4773.4015271436565,0.0,0.0,0.0,0.0,0.0,0,2.5294215650433616,2.5294215650433616,0.0,PTB,-1,#NULO#,#NULO#,210000002817,"PTB,PSD,PV,PSC",PTB / PV / PSC / PSD,COLIGAÇÃO,COLIGACAO:210000002817,823.0,823.0,3.0,0,25272.0,651.0,25923.0,4.0,179870.0,0.14412075387780063,0.004575526769333408,0.03174786868803765,1.4412075387780061,9.686500527183219,4.750767271699517,11.0,VELOCINO CARDOSO VIEIRA,0.0,0.0,0.0,0.0,0.0,0.0,0.0
2016,87912,PELOTAS,210000032266,VIVIANE DE OLIVEIRA AZAMBUJA,VIVIANE AZAMBUJA,PROS,FEMININO,BRANCA,ENSINO MÉDIO COMPLETO,DONA DE CASA,NÃO ELEITO,0,Centro,Centro,0.0,0.0,338.0,0.0,0.0,0.0,0.0,0.0,338.0,338.0,1.0,1.4804412501104598,500.3891425373354,0.5853367281865215,0.0,0.0,500.3891425373354,0.0,0.0,0.0,0.0,0.0,338.0,0.0,0.0,0.0,0.0,3.0,338.0,1.4804412501104598,500.3891425373354,0.0,500.3891425373354,0.0,0.0,0.0,0.0,0.0,0,0.5853367281865215,0.5853367281865215,0.0,PROS,-1,#NULO#,#NULO#,210000002815,PARTIDO ISOLADO,PROS,PARTIDO ISOLADO,PARTIDO:PROS,30.0,30.0,3.0,0,750.0,137.0,887.0,1.0,179870.0,0.004931339300605993,0.00016678712403402456,0.033821871476888386,0.04931339300605993,4.954196310386875,0.9160944229383583,7.0,VIVIANE DE OLIVEIRA AZAMBUJA,0.0,0.0,0.0,0.0,0.0,0.0,0.0
2016,87912,PELOTAS,210000032182,JOSE CARLOS OLIVEIRA MACHADO,CARLOS MACHADO O TIO ZE,PMN,MASCULINO,BRANCA,SUPERIOR INCOMPLETO,SERVIDOR PÚBLICO FEDERAL,NÃO ELEITO,0,Centro,Centro,0.0,250.0,0.0,0.0,0.0,0.0,0.0,0.0,250.0,0.0,0.0,1.4804412501104598,370.11031252761495,0.4542920544482857,0.0,370.11031252761495,0.0,0.0,0.0,0.0,0.0,0.0,250.0,0.0,0.0,0.0,0.0,2.0,250.0,1.4804412501104598,370.11031252761495,0.0,370.11031252761495,0.0,0.0,0.0,0.0,0.0,0,0.4542920544482857,0.4542920544482857,0.0,PMN,-1,#NULO#,#NULO#,210000002809,PARTIDO ISOLADO,PMN,PARTIDO ISOLADO,PARTIDO:PMN,26.0,26.0,3.0,0,863.0,61.0,924.0,1.0,179870.0,0.005137043420247957,0.00014454884082948797,0.02813852813852814,0.05137043420247957,4.754887502163468,0.9441087991079549,8.0,JOSE CARLOS OLIVEIRA MACHADO,0.0,0.0,0.0,0.0,0.0,0.0,0.0
2016,87912,PELOTAS,210000032390,IVAN ADMAR DORNELLES DUARTE,IVAN DUARTE,PT,MASCULINO,BRANCA,SUPERIOR COMPLETO,VEREADOR,ELEITO POR QP,1,Esquerda,Esquerda,3100.0,6104.0,0.0,0.0,0.0,0.0,0.0,0.0,9204.0,0.0,0.0,1.4804412501104598,13625.981266016672,3.870461514121933,4589.367875342426,9036.613390674249,0.0,0.0,0.0,0.0,0.0,0.0,9203.03,0.0,0.0,0.0,0.0,7.0,9203.03,1.4804412501104598,13624.545238004062,0.0,13624.545238004062,0.0,0.0,0.0,0.0,0.0,0,3.8703198585183154,3.8703198585183154,0.0,PT,-1,#NULO#,#NULO#,210000002821,FRENTE PELOTAS PODE,PT / PC do B,COLIGAÇÃO,COLIGACAO:210000002821,3077.0,3077.0,3.0,0,17426.0,1552.0,18978.0,2.0,179870.0,0.10550953466392395,0.017106799355089786,0.1621351038044051,1.0550953466392394,11.58777751632821,4.3203402568712805,2.0,IVAN ADMAR DORNELLES DUARTE,0.0,0.0,0.0,0.0,0.0,0.0,0.0
2016,87912,PELOTAS,210000032459,JANETE MARIA SILVEIRA RODRIGUES,JANETE DAS BALAS,PSB,FEMININO,PRETA,ENSINO MÉDIO COMPLETO,DONA DE CASA,SUPLENTE,0,Esquerda,Centro,0.0,0.0,0.0,0.0,0.0,0.0,0.0,0.0,0.0,0.0,,1.4804412501104598,0.0,0.0,0.0,0.0,0.0,0.0,0.0,0.0,0.0,0.0,0.0,0.0,0.0,0.0,0.0,0.0,0.0,1.4804412501104598,0.0,0.0,0.0,0.0,0.0,0.0,0.0,0.0,0,0.0,0.0,0.0,PSB,-1,#NULO#,#NULO#,210000002824,PARTIDO ISOLADO,PSB,PARTIDO ISOLADO,PARTIDO:PSB,76.0,76.0,3.0,0,21182.0,361.0,21543.0,1.0,179870.0,0.11976983376883304,0.0004225273808861956,0.0035278280648006312,1.1976983376883303,6.266786540694901,4.494607615593648,22.0,JANETE MARIA SILVEIRA RODRIGUES,0.0,0.0,0.0,0.0,0.0,0.0,0.0
2016,87912,PELOTAS,210000032732,RODRIGO BRITO CORREA,RODRIGO BRITO,PT do B,MASCULINO,BRANCA,ENSINO FUNDAMENTAL INCOMPLETO,OUTROS,NÃO ELEITO,0,Centro,Centro,100.0,0.0,0.0,0.0,0.0,0.0,0.0,0.0,100.0,0.0,0.0,1.4804412501104598,148.044125011046,0.1991780929815762,148.044125011046,0.0,0.0,0.0,0.0,0.0,0.0,0.0,100.0,0.0,0.0,0.0,0.0,1.0,100.0,1.4804412501104598,148.044125011046,0.0,148.044125011046,0.0,0.0,0.0,0.0,0.0,0,0.1991780929815762,0.1991780929815762,0.0,,,,,,,,,PARTIDO:PT do B,0.0,0.0,,1,1862.0,69.0,1931.0,1.0,179870.0,0.010735531216990049,0.0,0.0,0.10735531216990048,0.0,1.5513929680274543,18.0,RODRIGO BRITO CORREA,0.0,0.0,0.0,0.0,0.0,0.0,0.0
2016,87912,PELOTAS,210000032484,CRISTIAN MAGALHÃES SEBAGE,CRISTIAN SEBAGE,PDT,MASCULINO,BRANCA,ENSINO MÉDIO INCOMPLETO,AUXILIAR DE ESCRITÓRIO E ASSEMELHADOS,SUPLENTE,0,Esquerda,Centro,1120.0,0.0,665.32,0.0,0.0,0.0,0.0,0.0,1785.3200000000002,665.32,0.3726614836555911,1.4804412501104598,2643.061372647206,1.865151299573684,1658.094200123715,0.0,984.9671725234912,0.0,0.0,0.0,0.0,0.0,1785.3200000000002,0.0,0.0,0.0,0.0,6.0,1785.3200000000002,1.4804412501104598,2643.061372647206,0.0,2643.061372647206,0.0,0.0,0.0,0.0,0.0,0,1.865151299573684,1.865151299573684,0.0,PDT,-1,#NULO#,#NULO#,210000002825,PARTIDO ISOLADO,PDT,PARTIDO ISOLADO,PARTIDO:PDT,409.0,409.0,3.0,0,21202.0,2971.0,24173.0,1.0,179870.0,0.13439150497581587,0.002273864457663868,0.016919703801762297,1.3439150497581587,8.679480099505446,4.653805255256417,13.0,CRISTIAN MAGALHAES SEBAGE,0.0,0.0,0.0,0.0,0.0,0.0,0.0
2016,87912,PELOTAS,210000032289,SAMUEL KROLOW AVILA,SAMUEL KROLOW,PSOL,MASCULINO,BRANCA,SUPERIOR COMPLETO,SERVIDOR PÚBLICO MUNICIPAL,SUPLENTE,0,Esquerda,Esquerda,0.0,0.0,0.0,0.0,0.0,0.0,0.0,0.0,0.0,0.0,,1.4804412501104598,0.0,0.0,0.0,0.0,0.0,0.0,0.0,0.0,0.0,0.0,0.0,0.0,0.0,0.0,0.0,0.0,0.0,1.4804412501104598,0.0,0.0,0.0,0.0,0.0,0.0,0.0,0.0,0,0.0,0.0,0.0,PSOL,-1,#NULO#,#NULO#,210000002816,PARTIDO ISOLADO,PSOL,PARTIDO ISOLADO,PARTIDO:PSOL,39.0,39.0,3.0,0,7470.0,1883.0,9353.0,1.0,179870.0,0.05199866570300773,0.00021682326124423194,0.004169785095691222,0.5199866570300773,5.321928094887363,3.3719769744945847,21.0,SAMUEL KROLOW AVILA,0.0,0.0,0.0,0.0,0.0,0.0,0.0
2016,87912,PELOTAS,210000031753,JULIO CESAR PORTELLA PERALTA,JULIO PERALTA,PRB,MASCULINO,BRANCA,ENSINO MÉDIO INCOMPLETO,"VENDEDOR PRACISTA, REPRESENTANTE, CAIXEIRO-VIAJANTE E ASSEMELHADOS",SUPLENTE,0,Direita,Direita,964.0,0.0,435.0,0.0,0.0,0.0,0.0,0.0,1399.0,435.0,0.3109363831308077,1.4804412501104598,2071.1373089045333,1.6187730158784948,1427.1453651064833,0.0,643.99194379805,0.0,0.0,0.0,0.0,0.0,1399.0,0.0,0.0,0.0,0.0,4.0,1399.0,1.4804412501104598,2071.1373089045333,0.0,2071.1373089045333,0.0,0.0,0.0,0.0,0.0,0,1.6187730158784948,1.6187730158784948,0.0,PRB,-1,#NULO#,#NULO#,210000002782,PRB/PR,PRB / PR,COLIGAÇÃO,COLIGACAO:210000002782,89.0,89.0,3.0,0,9755.0,258.0,10013.0,2.0,179870.0,0.05566798243175627,0.0004948018013009396,0.008888445021472086,0.5566798243175627,6.491853096329675,3.4611356151586166,16.0,JULIO CESAR PORTELLA PERALTA,0.0,0.0,0.0,0.0,0.0,0.0,0.0
2016,87912,PELOTAS,210000032384,MARIA IVONE FARIAS,MARIA IVONE FARIAS,PC do B,FEMININO,PRETA,ENSINO MÉDIO COMPLETO,APOSENTADO (EXCETO SERVIDOR PÚBLICO),NÃO ELEITO,0,Esquerda,Esquerda,2180.0,0.0,0.0,0.0,0.0,0.0,0.0,0.0,2180.0,0.0,0.0,1.4804412501104598,3227.3619252408025,2.0797576338727564,3227.3619252408025,0.0,0.0,0.0,0.0,0.0,0.0,0.0,2180.91,0.0,0.0,0.0,0.0,7.0,2180.91,1.4804412501104598,3228.7091267784026,0.0,3228.7091267784026,0.0,0.0,0.0,0.0,0.0,0,2.080217327501597,2.080217327501597,0.0,,,,,,,,,PARTIDO:PC do B,0.0,0.0,,1,0.0,0.0,0.0,0.0,0.0,0.0,0.0,0.0,0.0,0.0,0.0,1.0,MARIA IVONE FARIAS,0.0,0.0,0.0,0.0,0.0,0.0,0.0
2016,87912,PELOTAS,210000032347,CARLOS RENATO BENTO OLIVEIRA JUNIOR,CARLOS JUNIOR,PPS,MASCULINO,BRANCA,SUPERIOR COMPLETO,EMPRESÁRIO,SUPLENTE,0,Centro,Centro,9734.0,4900.0,0.0,0.0,1569.24,0.0,0.0,0.0,16203.24,0.0,0.0,1.4804412501104598,23987.94488143981,4.643160347601476,14410.615128575217,7254.162125541253,0.0,0.0,2323.167627323338,0.0,0.0,0.0,16203.24,0.0,0.0,0.0,600.0,24.0,16203.24,1.4804412501104598,23987.94488143981,0.0,23987.94488143981,0.0,0.0,888.2647500662758,0.0,0.0,0,4.643160347601476,4.643160347601476,0.0,PPS,-1,#NULO#,#NULO#,210000002820,PMDB-PPS,PPS / PMDB,COLIGAÇÃO,COLIGACAO:210000002820,1338.0,1338.0,3.0,0,10688.0,496.0,11184.0,2.0,179870.0,0.06217823983988436,0.007438705731917496,0.11963519313304721,0.6217823983988435,10.386940245324311,3.6069159418252053,2.0,CARLOS RENATO BENTO OLIVEIRA JUNIOR,0.0,0.0,0.0,0.0,0.0,0.0,0.0
2016,87912,PELOTAS,210000032326,TIARLA DANIELE PINTO RIOS,TIARLA RIOS,PATRIOTA,FEMININO,BRANCA,ENSINO FUNDAMENTAL COMPLETO,DONA DE CASA,NÃO ELEITO,0,Direita,Direita,400.0,0.0,0.0,0.0,0.0,0.0,0.0,0.0,400.0,0.0,0.0,1.4804412501104598,592.176500044184,0.6710002740876998,592.176500044184,0.0,0.0,0.0,0.0,0.0,0.0,0.0,400.0,0.0,0.0,0.0,0.0,2.0,400.0,1.4804412501104598,592.176500044184,0.0,592.176500044184,0.0,0.0,0.0,0.0,0.0,0,0.6710002740876998,0.6710002740876998,0.0,PEN,-1,#NULO#,#NULO#,210000002818,PARTIDO ISOLADO,PEN,PARTIDO ISOLADO,PARTIDO:PEN,42.0,42.0,3.0,0,517.0,93.0,610.0,1.0,179870.0,0.003391338188691833,0.0002335019736476344,0.06885245901639345,0.03391338188691832,5.426264754702098,0.6870606883398922,8.0,TIARLA DANIELE PINTO RIOS,0.0,0.0,0.0,0.0,0.0,0.0,0.0
2016,87912,PELOTAS,210000032305,YASMIN DOS SANTOS DIAS,YASMIN DIAS,PTB,FEMININO,PRETA,ENSINO MÉDIO INCOMPLETO,OUTROS,SUPLENTE,0,Direita,Direita,600.0,0.0,0.0,0.0,0.0,0.0,0.0,0.0,600.0,0.0,0.0,1.4804412501104598,888.2647500662758,0.9170610564529,888.2647500662758,0.0,0.0,0.0,0.0,0.0,0.0,0.0,600.0,0.0,0.0,0.0,0.0,2.0,600.0,1.4804412501104598,888.2647500662758,0.0,888.2647500662758,0.0,0.0,0.0,0.0,0.0,0,0.9170610564529,0.9170610564529,0.0,PTB,-1,#NULO#,#NULO#,210000002817,"PTB,PSD,PV,PSC",PTB / PV / PSC / PSD,COLIGAÇÃO,COLIGACAO:210000002817,7.0,7.0,3.0,0,25272.0,651.0,25923.0,4.0,179870.0,0.14412075387780063,3.8916995607939067e-05,0.00027003047486787797,1.4412075387780061,3.0,4.750767271699517,24.0,YASMIN DOS SANTOS DIAS,0.0,0.0,0.0,0.0,0.0,0.0,0.0
2016,87912,PELOTAS,210000032421,ISABELLE SANTOS DOS SANTOS,ISABELLE SANTOS,PP,FEMININO,PRETA,ENSINO MÉDIO INCOMPLETO,"ESTUDANTE, BOLSISTA, ESTAGIÁRIO E ASSEMELHADOS",NÃO ELEITO,0,Direita,Direita,0.0,0.0,0.0,0.0,0.0,0.0,0.0,0.0,0.0,0.0,,1.4804412501104598,0.0,0.0,0.0,0.0,0.0,0.0,0.0,0.0,0.0,0.0,0.0,0.0,0.0,0.0,0.0,0.0,0.0,1.4804412501104598,0.0,0.0,0.0,0.0,0.0,0.0,0.0,0.0,0,0.0,0.0,0.0,,,,,,,,,PARTIDO:PP,0.0,0.0,,1,0.0,0.0,0.0,0.0,0.0,0.0,0.0,0.0,0.0,0.0,0.0,1.0,ISABELLE SANTOS DOS SANTOS,0.0,0.0,0.0,0.0,0.0,0.0,0.0
2016,87912,PELOTAS,210000032501,IVANOR CARDOSO NETO,CHIA POVÃO,PDT,MASCULINO,BRANCA,ENSINO FUNDAMENTAL COMPLETO,MOTOBOY,SUPLENTE,0,Esquerda,Centro,0.0,0.0,0.0,0.0,0.0,0.0,0.0,0.0,0.0,0.0,,1.4804412501104598,0.0,0.0,0.0,0.0,0.0,0.0,0.0,0.0,0.0,0.0,0.0,0.0,0.0,0.0,0.0,0.0,0.0,1.4804412501104598,0.0,0.0,0.0,0.0,0.0,0.0,0.0,0.0,0,0.0,0.0,0.0,PDT,-1,#NULO#,#NULO#,210000002825,PARTIDO ISOLADO,PDT,PARTIDO ISOLADO,PARTIDO:PDT,426.0,426.0,3.0,0,21202.0,2971.0,24173.0,1.0,179870.0,0.13439150497581587,0.002368377161283149,0.017622967773962685,1.3439150497581587,8.73809225962049,4.653805255256417,12.0,IVANOR CARDOSO NETO,0.0,0.0,0.0,0.0,0.0,0.0,0.0
2016,87912,PELOTAS,210000031741,GELCI MARIA DA CRUZ ROLIM,NEKA ROLIM,PR,FEMININO,BRANCA,SUPERIOR COMPLETO,SERVIDOR PÚBLICO ESTADUAL,SUPLENTE,0,Direita,Direita,1880.0,0.0,0.0,0.0,0.0,0.0,0.0,0.0,1880.0,0.0,0.0,1.4804412501104598,2783.2295502076645,1.9196183156151527,2783.2295502076645,0.0,0.0,0.0,0.0,0.0,0.0,0.0,1880.0,0.0,0.0,0.0,0.0,1.0,1880.0,1.4804412501104598,2783.2295502076645,0.0,2783.2295502076645,0.0,0.0,0.0,0.0,0.0,0,1.9196183156151527,1.9196183156151527,0.0,PR,-1,#NULO#,#NULO#,210000002782,PRB/PR,PRB / PR,COLIGAÇÃO,COLIGACAO:210000002782,177.0,177.0,3.0,0,9755.0,258.0,10013.0,2.0,179870.0,0.05566798243175627,0.000984044031800745,0.017677019874163587,0.5566798243175627,7.475733430966398,3.4611356151586166,11.0,GELCI MARIA DA CRUZ ROLIM,0.0,0.0,0.0,0.0,0.0,0.0,0.0
2016,87912,PELOTAS,210000032513,LUCILA NUNES RODRIGUES,LUCILA RODRIGUES,PDT,FEMININO,BRANCA,ENSINO MÉDIO COMPLETO,APOSENTADO (EXCETO SERVIDOR PÚBLICO),SUPLENTE,0,Esquerda,Centro,350.0,1080.0,498.99,0.0,0.0,0.0,0.0,0.0,1928.99,498.99,0.2586794125423149,1.4804412501104598,2855.756367050576,1.9470138951486835,518.1544375386609,1598.8765501192966,738.7253793926184,0.0,0.0,0.0,0.0,0.0,1919.51,0.0,0.0,0.0,350.0,10.0,1919.51,1.4804412501104598,2841.7217839995287,0.0,2841.7217839995287,0.0,0.0,518.1544375386609,0.0,0.0,0,1.9417530433715435,1.9417530433715435,0.0,PDT,-1,#NULO#,#NULO#,210000002825,PARTIDO ISOLADO,PDT,PARTIDO ISOLADO,PARTIDO:PDT,76.0,76.0,3.0,0,21202.0,2971.0,24173.0,1.0,179870.0,0.13439150497581587,0.0004225273808861956,0.0031440036404252678,1.3439150497581587,6.266786540694901,4.653805255256417,27.0,LUCILA NUNES RODRIGUES,0.0,0.0,0.0,0.0,0.0,0.0,0.0
2016,87912,PELOTAS,210000032464,ADELAR IVAN BAYER,PASTOR ADELAR BAYER,PSB,MASCULINO,BRANCA,ENSINO MÉDIO COMPLETO,OUTROS,SUPLENTE,0,Esquerda,Centro,6050.0,500.0,0.0,0.0,0.0,0.0,0.0,0.0,6550.0,0.0,0.0,1.4804412501104598,9696.890188223511,3.419119530567389,8956.669563168281,740.2206250552299,0.0,0.0,0.0,0.0,0.0,0.0,6550.0,0.0,0.0,0.0,200.0,20.0,6550.0,1.4804412501104598,9696.890188223511,0.0,9696.890188223511,0.0,0.0,296.088250022092,0.0,0.0,0,3.419119530567389,3.419119530567389,0.0,PSB,-1,#NULO#,#NULO#,210000002824,PARTIDO ISOLADO,PSB,PARTIDO ISOLADO,PARTIDO:PSB,1050.0,1050.0,3.0,0,21182.0,361.0,21543.0,1.0,179870.0,0.11976983376883304,0.00583754934119086,0.0487397298426403,1.1976983376883303,10.037546953962178,4.494607615593648,9.0,ADELAR IVAN BAYER,0.0,0.0,0.0,0.0,0.0,0.0,0.0
2016,87912,PELOTAS,210000032257,VANESSA LIMA DE MEDEIROS MADEIRA,VANESSA LIMA,PROS,FEMININO,BRANCA,ENSINO MÉDIO COMPLETO,SECRETÁRIO E DATILÓGRAFO,NÃO ELEITO,0,Centro,Centro,0.0,0.0,338.0,0.0,0.0,0.0,0.0,0.0,338.0,338.0,1.0,1.4804412501104598,500.3891425373354,0.5853367281865215,0.0,0.0,500.3891425373354,0.0,0.0,0.0,0.0,0.0,338.0,0.0,0.0,0.0,0.0,3.0,338.0,1.4804412501104598,500.3891425373354,0.0,500.3891425373354,0.0,0.0,0.0,0.0,0.0,0,0.5853367281865215,0.5853367281865215,0.0,PROS,-1,#NULO#,#NULO#,210000002815,PARTIDO ISOLADO,PROS,PARTIDO ISOLADO,PARTIDO:PROS,21.0,21.0,3.0,0,750.0,137.0,887.0,1.0,179870.0,0.004931339300605993,0.0001167509868238172,0.02367531003382187,0.04931339300605993,4.459431618637297,0.9160944229383583,10.0,VANESSA LIMA DE MEDEIROS MADEIRA,0.0,0.0,0.0,0.0,0.0,0.0,0.0
2016,87912,PELOTAS,210000032261,NARA REGINA PEREIRA GIRÃO,NARA GIRÃO,PROS,FEMININO,BRANCA,SUPERIOR COMPLETO,SERVIDOR PÚBLICO MUNICIPAL,NÃO ELEITO,0,Centro,Centro,0.0,0.0,338.0,0.0,0.0,0.0,0.0,0.0,338.0,338.0,1.0,1.4804412501104598,500.3891425373354,0.5853367281865215,0.0,0.0,500.3891425373354,0.0,0.0,0.0,0.0,0.0,338.0,0.0,0.0,0.0,0.0,3.0,338.0,1.4804412501104598,500.3891425373354,0.0,500.3891425373354,0.0,0.0,0.0,0.0,0.0,0,0.5853367281865215,0.5853367281865215,0.0,,,,,,,,,PARTIDO:PROS,0.0,0.0,,1,750.0,137.0,887.0,1.0,179870.0,0.004931339300605993,0.0,0.0,0.04931339300605993,0.0,0.9160944229383583,12.0,NARA REGINA PEREIRA GIRAO,0.0,0.0,0.0,0.0,0.0,0.0,0.0
2016,87912,PELOTAS,210000032728,OLAVIO VOLLRATH SOARES,OLAVIO SOARES,PT do B,MASCULINO,BRANCA,ENSINO FUNDAMENTAL INCOMPLETO,OUTROS,NÃO ELEITO,0,Centro,Centro,0.0,0.0,0.0,0.0,0.0,0.0,0.0,0.0,0.0,0.0,,1.4804412501104598,0.0,0.0,0.0,0.0,0.0,0.0,0.0,0.0,0.0,0.0,0.0,0.0,0.0,0.0,0.0,0.0,0.0,1.4804412501104598,0.0,0.0,0.0,0.0,0.0,0.0,0.0,0.0,0,0.0,0.0,0.0,PT do B,-1,#NULO#,#NULO#,210000002840,PARTIDO ISOLADO,PT do B,PARTIDO ISOLADO,PARTIDO:PT do B,335.0,335.0,3.0,0,1862.0,69.0,1931.0,1.0,179870.0,0.010735531216990049,0.001862456218379941,0.17348524080787156,0.10735531216990048,8.39231742277876,1.5513929680274543,1.0,OLAVIO VOLLRATH SOARES,0.0,0.0,0.0,0.0,0.0,0.0,0.0
2016,87912,PELOTAS,210000032442,ADEMAR FERNANDES DE ORNEL,ADEMAR ORNEL,DEM,MASCULINO,PRETA,SUPERIOR COMPLETO,VEREADOR,ELEITO POR QP,1,Direita,Direita,24690.0,1000.0,996.0,0.0,300.0,0.0,0.0,0.0,26986.0,996.0,0.0369080263840509,1.4804412501104598,39951.18757548087,5.355833385200873,36552.09446522725,1480.4412501104598,1474.519485110018,0.0,444.1323750331379,0.0,0.0,0.0,26986.0,0.0,0.0,0.0,300.0,49.0,26986.0,1.4804412501104598,39951.18757548087,0.0,39951.18757548087,0.0,0.0,444.1323750331379,0.0,0.0,0,5.355833385200873,5.355833385200873,0.0,DEM,-1,#NULO#,#NULO#,210000002823,DEM-PTC-PHS,DEM / PTC / PHS,COLIGAÇÃO,COLIGACAO:210000002823,2969.0,2969.0,3.0,0,12763.0,287.0,13050.0,3.0,179870.0,0.07255239895480069,0.016506365708567297,0.2275095785440613,0.7255239895480068,11.536247215688128,3.812498225333564,1.0,ADEMAR FERNANDES DE ORNEL,0.0,0.0,0.0,0.0,0.0,0.0,0.0
2016,87912,PELOTAS,210000032281,FRANCISCA JOANNA LEMOS,TIA CHICA,PSOL,FEMININO,BRANCA,SUPERIOR COMPLETO,SERVIDOR PÚBLICO ESTADUAL,SUPLENTE,0,Esquerda,Esquerda,1021.06,157.5,0.0,0.0,0.0,0.0,0.0,0.0,1178.56,0.0,0.0,1.4804412501104598,1744.788839730183,1.4566951650439628,1511.619342837786,233.1694968923974,0.0,0.0,0.0,0.0,0.0,0.0,1176.96,0.0,0.0,0.0,0.0,5.0,1176.96,1.4804412501104598,1742.420133730007,0.0,1742.420133730007,0.0,0.0,0.0,0.0,0.0,0,1.455449606280455,1.455449606280455,0.0,PSOL,-1,#NULO#,#NULO#,210000002816,PARTIDO ISOLADO,PSOL,PARTIDO ISOLADO,PARTIDO:PSOL,204.0,204.0,3.0,0,7470.0,1883.0,9353.0,1.0,179870.0,0.05199866570300773,0.0011341524434313672,0.021811183577461778,0.5199866570300773,7.679480099505446,3.3719769744945847,11.0,FRANCISCA JOANNA LEMOS,0.0,0.0,0.0,0.0,0.0,0.0,0.0
2016,87912,PELOTAS,210000032719,FABIANE LESSA CANTO,FABIANE LESSA,PT do B,FEMININO,PRETA,SUPERIOR COMPLETO,VENDEDOR DE COMÉRCIO VAREJISTA E ATACADISTA,NÃO ELEITO,0,Centro,Centro,0.0,460.0,0.0,0.0,0.0,0.0,0.0,0.0,460.0,0.0,0.0,1.4804412501104598,681.0029750508115,0.7493222778681042,0.0,681.0029750508115,0.0,0.0,0.0,0.0,0.0,0.0,460.0,0.0,0.0,0.0,0.0,5.0,460.0,1.4804412501104598,681.0029750508115,0.0,681.0029750508115,0.0,0.0,0.0,0.0,0.0,0,0.7493222778681042,0.7493222778681042,0.0,PT do B,-1,#NULO#,#NULO#,210000002840,PARTIDO ISOLADO,PT do B,PARTIDO ISOLADO,PARTIDO:PT do B,214.0,214.0,3.0,0,1862.0,69.0,1931.0,1.0,179870.0,0.010735531216990049,0.0011897481514427087,0.1108234075608493,0.10735531216990048,7.7481928495894605,1.5513929680274543,3.0,FABIANE LESSA CANTO,0.0,0.0,0.0,0.0,0.0,0.0,0.0
2016,87912,PELOTAS,210000032416,MARIA REJANE MEDEIROS TERRES,REJANE NEREU,PP,FEMININO,PRETA,ENSINO FUNDAMENTAL COMPLETO,OUTROS,SUPLENTE,0,Direita,Direita,0.0,0.0,0.0,0.0,0.0,0.0,0.0,0.0,0.0,0.0,,1.4804412501104598,0.0,0.0,0.0,0.0,0.0,0.0,0.0,0.0,0.0,0.0,0.0,0.0,0.0,0.0,0.0,0.0,0.0,1.4804412501104598,0.0,0.0,0.0,0.0,0.0,0.0,0.0,0.0,0,0.0,0.0,0.0,PP,-1,#NULO#,#NULO#,210000002822,"PP, REDE SUSTENTABILIDADE, PTN",PP / REDE / PTN,COLIGAÇÃO,COLIGACAO:210000002822,25.0,25.0,3.0,0,8719.0,381.0,9100.0,3.0,179870.0,0.050592094290320785,0.00013898927002835382,0.0027472527472527475,0.5059209429032078,4.700439718141092,3.3362833878644325,27.0,MARIA REJANE MEDEIROS TERRES,0.0,0.0,0.0,0.0,0.0,0.0,0.0
2016,87912,PELOTAS,210000031881,ANA PAULA SILVA DOS SANTOS,ANA PAULA SANTOS,SD,FEMININO,BRANCA,SUPERIOR COMPLETO,OCUPANTE DE CARGO EM COMISSÃO,SUPLENTE,0,Centro,Centro,3505.0,0.0,15.74,0.0,0.0,0.0,0.0,0.0,3520.74,15.74,0.004470651056312,1.4804412501104598,5212.2487269139,2.635115593714515,5188.946581637161,0.0,23.30214527673864,0.0,0.0,0.0,0.0,0.0,3497.79,0.0,0.0,0.0,0.0,14.0,3497.79,1.4804412501104598,5178.272600223865,0.0,5178.272600223865,0.0,0.0,0.0,0.0,0.0,0,2.627203527539649,2.627203527539649,0.0,SD,-1,#NULO#,#NULO#,210000002790,PSDB/SOLIDARIEDADE,PSDB / SD,COLIGAÇÃO,COLIGACAO:210000002790,518.0,518.0,3.0,0,26910.0,5291.0,32201.0,2.0,179870.0,0.17902373936732086,0.002879857674987491,0.016086456942330983,1.7902373936732086,9.019590728357882,5.053154790475044,15.0,ANA PAULA SILVA DOS SANTOS,0.0,0.0,0.0,0.0,0.0,0.0,0.0
2016,87912,PELOTAS,210000032185,JAQUELINE DE FATIMA DA SILVA PIRES,JAQUELINE PIRES,PMN,FEMININO,BRANCA,ENSINO MÉDIO COMPLETO,EMPREGADO DOMÉSTICO,NÃO ELEITO,0,Centro,Centro,200.0,0.0,0.0,0.0,0.0,0.0,0.0,0.0,200.0,0.0,0.0,1.4804412501104598,296.088250022092,0.374163953974564,296.088250022092,0.0,0.0,0.0,0.0,0.0,0.0,0.0,200.0,0.0,0.0,0.0,0.0,2.0,200.0,1.4804412501104598,296.088250022092,0.0,296.088250022092,0.0,0.0,0.0,0.0,0.0,0,0.374163953974564,0.374163953974564,0.0,PMN,-1,#NULO#,#NULO#,210000002809,PARTIDO ISOLADO,PMN,PARTIDO ISOLADO,PARTIDO:PMN,59.0,59.0,3.0,0,863.0,61.0,924.0,1.0,179870.0,0.005137043420247957,0.000328014677266915,0.06385281385281386,0.05137043420247957,5.906890595608519,0.9441087991079549,4.0,JAQUELINE DE FATIMA DA SILVA PIRES,0.0,0.0,0.0,0.0,0.0,0.0,0.0
2016,87912,PELOTAS,210000032407,ANDRE LUIZ NEVES PACHECO,ANDRE PACHECO,PP,MASCULINO,BRANCA,SUPERIOR COMPLETO,OUTROS,SUPLENTE,0,Direita,Direita,0.0,0.0,0.0,0.0,0.0,0.0,0.0,0.0,0.0,0.0,,1.4804412501104598,0.0,0.0,0.0,0.0,0.0,0.0,0.0,0.0,0.0,0.0,0.0,0.0,0.0,0.0,0.0,0.0,0.0,1.4804412501104598,0.0,0.0,0.0,0.0,0.0,0.0,0.0,0.0,0,0.0,0.0,0.0,PP,-1,#NULO#,#NULO#,210000002822,"PP, REDE SUSTENTABILIDADE, PTN",PP / REDE / PTN,COLIGAÇÃO,COLIGACAO:210000002822,280.0,280.0,3.0,0,8719.0,381.0,9100.0,3.0,179870.0,0.050592094290320785,0.0015566798243175626,0.03076923076923077,0.5059209429032078,8.134426320220927,3.3362833878644325,9.0,ANDRE LUIZ NEVES PACHECO,0.0,0.0,0.0,0.0,0.0,0.0,0.0
2016,87912,PELOTAS,210000032187,EDUARDO LUIZ FAGUNDES PIMENTA,EDUARDO PIMENTA O PENTE FINO,PMN,MASCULINO,BRANCA,ENSINO FUNDAMENTAL COMPLETO,"PORTEIRO DE EDIFÍCIO, ASCENSORISTA, GARAGISTA E ZELADOR",NÃO ELEITO,0,Centro,Centro,100.0,0.0,0.0,0.0,0.0,0.0,0.0,0.0,100.0,0.0,0.0,1.4804412501104598,148.044125011046,0.1991780929815762,148.044125011046,0.0,0.0,0.0,0.0,0.0,0.0,0.0,100.0,0.0,0.0,0.0,0.0,1.0,100.0,1.4804412501104598,148.044125011046,0.0,148.044125011046,0.0,0.0,0.0,0.0,0.0,0,0.1991780929815762,0.1991780929815762,0.0,PMN,-1,#NULO#,#NULO#,210000002809,PARTIDO ISOLADO,PMN,PARTIDO ISOLADO,PARTIDO:PMN,40.0,40.0,3.0,0,863.0,61.0,924.0,1.0,179870.0,0.005137043420247957,0.0002223828320453661,0.04329004329004329,0.05137043420247957,5.357552004618084,0.9441087991079549,7.0,EDUARDO LUIZ FAGUNDES PIMENTA,0.0,0.0,0.0,0.0,0.0,0.0,0.0
2016,87912,PELOTAS,210000032435,FRANCISCO ALVES CABRAL,CABRAL,DEM,MASCULINO,BRANCA,ENSINO MÉDIO COMPLETO,EMPRESÁRIO,SUPLENTE,0,Direita,Direita,200.0,440.0,564.0,0.0,0.0,0.0,0.0,0.0,1204.0,564.0,0.4684385382059801,1.4804412501104598,1782.4512651329935,1.476356418864024,296.088250022092,651.3941500486023,834.9688650622993,0.0,0.0,0.0,0.0,0.0,1204.0,0.0,0.0,0.0,0.0,6.0,1204.0,1.4804412501104598,1782.4512651329935,0.0,1782.4512651329935,0.0,0.0,0.0,0.0,0.0,0,1.476356418864024,1.476356418864024,0.0,DEM,-1,#NULO#,#NULO#,210000002823,DEM-PTC-PHS,DEM / PTC / PHS,COLIGAÇÃO,COLIGACAO:210000002823,85.0,85.0,3.0,0,12763.0,287.0,13050.0,3.0,179870.0,0.07255239895480069,0.000472563518096403,0.006513409961685823,0.7255239895480068,6.426264754702098,3.812498225333564,24.0,FRANCISCO ALVES CABRAL,0.0,0.0,0.0,0.0,0.0,0.0,0.0
2016,87912,PELOTAS,210000032186,SANDOKAN AREVALO BATISTA FILHO,SANDOKAN,PMN,MASCULINO,BRANCA,SUPERIOR INCOMPLETO,"CARPINTEIRO, MARCENEIRO E ASSEMELHADOS",NÃO ELEITO,0,Centro,Centro,200.0,332.0,0.0,0.0,0.0,0.0,0.0,0.0,532.0,0.0,0.0,1.4804412501104598,787.5947450587646,0.8380197088023722,296.088250022092,491.5064950366727,0.0,0.0,0.0,0.0,0.0,0.0,732.0,0.0,0.0,0.0,0.0,7.0,732.0,1.4804412501104598,1083.6829950808565,0.0,1083.6829950808565,0.0,0.0,0.0,0.0,0.0,0,1.0591358072650496,1.0591358072650496,0.0,PMN,-1,#NULO#,#NULO#,210000002809,PARTIDO ISOLADO,PMN,PARTIDO ISOLADO,PARTIDO:PMN,277.0,277.0,3.0,0,863.0,61.0,924.0,1.0,179870.0,0.005137043420247957,0.0015400011119141603,0.29978354978354976,0.05137043420247957,8.118941072723507,0.9441087991079549,1.0,SANDOKAN AREVALO BATISTA FILHO,0.0,0.0,0.0,0.0,0.0,0.0,0.0
2016,87912,PELOTAS,210000032720,FRANCISCO CARLOS GODINHO TEIXEIRA,FRANCISCO HOMEM DO BONECA,PT do B,MASCULINO,BRANCA,ENSINO FUNDAMENTAL COMPLETO,OUTROS,NÃO ELEITO,0,Centro,Centro,0.0,0.0,0.0,0.0,0.0,0.0,0.0,0.0,0.0,0.0,,1.4804412501104598,0.0,0.0,0.0,0.0,0.0,0.0,0.0,0.0,0.0,0.0,0.0,0.0,0.0,0.0,0.0,0.0,0.0,1.4804412501104598,0.0,0.0,0.0,0.0,0.0,0.0,0.0,0.0,0,0.0,0.0,0.0,,,,,,,,,PARTIDO:PT do B,0.0,0.0,,1,1862.0,69.0,1931.0,1.0,179870.0,0.010735531216990049,0.0,0.0,0.10735531216990048,0.0,1.5513929680274543,18.0,FRANCISCO CARLOS GODINHO TEIXEIRA,0.0,0.0,0.0,0.0,0.0,0.0,0.0
2016,87912,PELOTAS,210000032268,MARIELE AFONSO DOMINGUES,MARIELE DOMINGUES,PSOL,FEMININO,BRANCA,SUPERIOR INCOMPLETO,"ESTUDANTE, BOLSISTA, ESTAGIÁRIO E ASSEMELHADOS",SUPLENTE,0,Esquerda,Esquerda,2732.0,0.0,0.0,0.0,0.0,0.0,0.0,0.0,2732.0,0.0,0.0,1.4804412501104598,4044.565495301776,2.334730010705421,4044.565495301776,0.0,0.0,0.0,0.0,0.0,0.0,0.0,2732.0,0.0,0.0,0.0,0.0,2.0,2732.0,1.4804412501104598,4044.565495301776,0.0,4044.565495301776,0.0,0.0,0.0,0.0,0.0,0,2.334730010705421,2.334730010705421,0.0,PSOL,-1,#NULO#,#NULO#,210000002816,PARTIDO ISOLADO,PSOL,PARTIDO ISOLADO,PARTIDO:PSOL,83.0,83.0,3.0,0,7470.0,1883.0,9353.0,1.0,179870.0,0.05199866570300773,0.0004614443764941347,0.00887415802416337,0.5199866570300773,6.392317422778761,3.3719769744945847,17.0,MARIELE AFONSO DOMINGUES,0.0,0.0,0.0,0.0,0.0,0.0,0.0
2016,87912,PELOTAS,210000031879,MICHAEL DA SILVA COSTA,MAICON COSTA,PSDB,MASCULINO,PARDA,SUPERIOR INCOMPLETO,EMPRESÁRIO,SUPLENTE,0,Centro,Centro,150.0,1085.92,0.0,0.0,0.0,0.0,0.0,0.0,1235.92,0.0,0.0,1.4804412501104598,1829.70694983652,1.5006526523826316,222.06618751656896,1607.640762319951,0.0,0.0,0.0,0.0,0.0,0.0,1235.92,0.0,0.0,0.0,0.0,4.0,1235.92,1.4804412501104598,1829.7069498365197,0.0,1829.7069498365197,0.0,0.0,0.0,0.0,0.0,0,1.5006526523826316,1.5006526523826316,0.0,PSDB,-1,#NULO#,#NULO#,210000002790,PSDB/SOLIDARIEDADE,PSDB / SD,COLIGAÇÃO,COLIGACAO:210000002790,318.0,318.0,3.0,0,26910.0,5291.0,32201.0,2.0,179870.0,0.17902373936732086,0.0017679435147606604,0.009875469705909754,1.7902373936732086,8.31741261376487,5.053154790475044,17.0,MICHAEL DA SILVA COSTA,0.0,0.0,0.0,0.0,0.0,0.0,0.0
2016,87912,PELOTAS,210000032429,DIEGO FERREIRA LEMOS,DIEGO LEMOS,DEM,MASCULINO,BRANCA,SUPERIOR INCOMPLETO,"ESTUDANTE, BOLSISTA, ESTAGIÁRIO E ASSEMELHADOS",SUPLENTE,0,Direita,Direita,200.0,0.0,564.0,0.0,0.0,0.0,0.0,0.0,764.0,564.0,0.7382198952879581,1.4804412501104598,1131.0571150843912,1.091569259730092,296.088250022092,0.0,834.9688650622993,0.0,0.0,0.0,0.0,0.0,764.0,0.0,0.0,0.0,0.0,3.0,764.0,1.4804412501104598,1131.0571150843912,0.0,1131.0571150843912,0.0,0.0,0.0,0.0,0.0,0,1.091569259730092,1.091569259730092,0.0,DEM,-1,#NULO#,#NULO#,210000002823,DEM-PTC-PHS,DEM / PTC / PHS,COLIGAÇÃO,COLIGACAO:210000002823,186.0,186.0,3.0,0,12763.0,287.0,13050.0,3.0,179870.0,0.07255239895480069,0.0010340801690109523,0.014252873563218391,0.7255239895480068,7.546894459887636,3.812498225333564,14.0,DIEGO FERREIRA LEMOS,0.0,0.0,0.0,0.0,0.0,0.0,0.0
2016,87912,PELOTAS,210000032433,CLOUDOVIR FURTADO DA SILVEIRA,DUDA DO SUL,DEM,MASCULINO,PARDA,ENSINO FUNDAMENTAL INCOMPLETO,MÚSICO,SUPLENTE,0,Direita,Direita,200.0,0.0,564.0,0.0,0.0,0.0,0.0,0.0,764.0,564.0,0.7382198952879581,1.4804412501104598,1131.0571150843912,1.091569259730092,296.088250022092,0.0,834.9688650622993,0.0,0.0,0.0,0.0,0.0,764.0,0.0,0.0,0.0,0.0,3.0,764.0,1.4804412501104598,1131.0571150843912,0.0,1131.0571150843912,0.0,0.0,0.0,0.0,0.0,0,1.091569259730092,1.091569259730092,0.0,DEM,-1,#NULO#,#NULO#,210000002823,DEM-PTC-PHS,DEM / PTC / PHS,COLIGAÇÃO,COLIGACAO:210000002823,263.0,263.0,3.0,0,12763.0,287.0,13050.0,3.0,179870.0,0.07255239895480069,0.001462167120698282,0.020153256704980842,0.7255239895480068,8.044394119358454,3.812498225333564,11.0,CLOUDOVIR FURTADO DA SILVEIRA,0.0,0.0,0.0,0.0,0.0,0.0,0.0
2016,87912,PELOTAS,210000032714,CARLOS ALBERTO LOPES,CARLOS DA SANGA FUNDA,PT do B,MASCULINO,BRANCA,ENSINO FUNDAMENTAL INCOMPLETO,OUTROS,NÃO ELEITO,0,Centro,Centro,0.0,0.0,0.0,0.0,0.0,0.0,0.0,0.0,0.0,0.0,,1.4804412501104598,0.0,0.0,0.0,0.0,0.0,0.0,0.0,0.0,0.0,0.0,0.0,0.0,0.0,0.0,0.0,0.0,0.0,1.4804412501104598,0.0,0.0,0.0,0.0,0.0,0.0,0.0,0.0,0,0.0,0.0,0.0,PT do B,-1,#NULO#,#NULO#,210000002840,PARTIDO ISOLADO,PT do B,PARTIDO ISOLADO,PARTIDO:PT do B,188.0,188.0,3.0,0,1862.0,69.0,1931.0,1.0,179870.0,0.010735531216990049,0.0010451993106132206,0.09735888140859658,0.10735531216990048,7.562242424221073,1.5513929680274543,4.0,CARLOS ALBERTO LOPES,0.0,0.0,0.0,0.0,0.0,0.0,0.0
2016,87912,PELOTAS,210000032404,LAURO FERREIRA DE MELO,CORONEL LAURO MELO,PP,MASCULINO,BRANCA,SUPERIOR COMPLETO,MILITAR REFORMADO,SUPLENTE,0,Direita,Direita,1600.0,696.0,0.0,0.0,0.0,0.0,0.0,0.0,2296.0,0.0,0.0,1.4804412501104598,3399.093110253616,2.1372061373424995,2368.706000176736,1030.38711007688,0.0,0.0,0.0,0.0,0.0,0.0,2296.0,0.0,0.0,0.0,0.0,5.0,2296.0,1.4804412501104598,3399.093110253616,0.0,3399.093110253616,0.0,0.0,0.0,0.0,0.0,0,2.1372061373424995,2.1372061373424995,0.0,PP,-1,#NULO#,#NULO#,210000002822,"PP, REDE SUSTENTABILIDADE, PTN",PP / REDE / PTN,COLIGAÇÃO,COLIGACAO:210000002822,854.0,854.0,3.0,0,8719.0,381.0,9100.0,3.0,179870.0,0.050592094290320785,0.004747873464168566,0.09384615384615384,0.5059209429032078,9.73978060977326,3.3362833878644325,3.0,LAURO FERREIRA DE MELO,0.0,0.0,0.0,0.0,0.0,0.0,0.0
2016,87912,PELOTAS,210000032314,NATASHA BORGES DOS SANTOS,NATASHA BORGES DOS SANTOS,PSD,FEMININO,PRETA,SUPERIOR COMPLETO,ATENDENTE DE LANCHONETE E RESTAURANTE,SUPLENTE,0,Direita,Direita,400.0,0.0,0.0,0.0,0.0,0.0,0.0,0.0,400.0,0.0,0.0,1.4804412501104598,592.176500044184,0.6710002740876998,592.176500044184,0.0,0.0,0.0,0.0,0.0,0.0,0.0,400.0,0.0,0.0,0.0,0.0,2.0,400.0,1.4804412501104598,592.176500044184,0.0,592.176500044184,0.0,0.0,0.0,0.0,0.0,0,0.6710002740876998,0.6710002740876998,0.0,PSD,-1,#NULO#,#NULO#,210000002817,"PTB,PSD,PV,PSC",PTB / PV / PSC / PSD,COLIGAÇÃO,COLIGACAO:210000002817,73.0,73.0,3.0,0,25272.0,651.0,25923.0,4.0,179870.0,0.14412075387780063,0.00040584866848279315,0.0028160320950507273,1.4412075387780061,6.20945336562895,4.750767271699517,22.0,NATASHA BORGES DOS SANTOS,0.0,0.0,0.0,0.0,0.0,0.0,0.0
2016,87912,PELOTAS,210000032295,EZEQUIEL MARQUES LEAL,EZEQUIEL M LEAL,PTB,MASCULINO,BRANCA,ENSINO MÉDIO COMPLETO,EMPRESÁRIO,SUPLENTE,0,Direita,Direita,3000.0,0.0,0.0,0.0,0.0,0.0,0.0,0.0,3000.0,0.0,0.0,1.4804412501104598,4441.323750331379,2.443957669070844,4441.323750331379,0.0,0.0,0.0,0.0,0.0,0.0,0.0,2680.0,0.0,0.0,0.0,0.0,4.0,2680.0,1.4804412501104598,3967.582550296032,0.0,3967.582550296032,0.0,0.0,0.0,0.0,0.0,0,2.312543942092592,2.312543942092592,0.0,PTB,-1,#NULO#,#NULO#,210000002817,"PTB,PSD,PV,PSC",PTB / PV / PSC / PSD,COLIGAÇÃO,COLIGACAO:210000002817,766.0,766.0,3.0,0,25272.0,651.0,25923.0,4.0,179870.0,0.14412075387780063,0.004258631233668761,0.029549049106970645,1.4412075387780061,9.583082767502933,4.750767271699517,12.0,EZEQUIEL MARQUES LEAL,0.0,0.0,0.0,0.0,0.0,0.0,0.0
2016,87912,PELOTAS,210000032439,GERSON BITENCOURTE SOARES,GERSON SOARES,DEM,MASCULINO,BRANCA,ENSINO MÉDIO COMPLETO,EMPRESÁRIO,SUPLENTE,0,Direita,Direita,0.0,0.0,0.0,0.0,0.0,0.0,0.0,0.0,0.0,0.0,,1.4804412501104598,0.0,0.0,0.0,0.0,0.0,0.0,0.0,0.0,0.0,0.0,0.0,0.0,0.0,0.0,0.0,0.0,0.0,1.4804412501104598,0.0,0.0,0.0,0.0,0.0,0.0,0.0,0.0,0,0.0,0.0,0.0,DEM,-1,#NULO#,#NULO#,210000002823,DEM-PTC-PHS,DEM / PTC / PHS,COLIGAÇÃO,COLIGACAO:210000002823,95.0,95.0,3.0,0,12763.0,287.0,13050.0,3.0,179870.0,0.07255239895480069,0.0005281592261077444,0.0072796934865900385,0.7255239895480068,6.584962500721156,3.812498225333564,23.0,GERSON BITENCOURTE SOARES,0.0,0.0,0.0,0.0,0.0,0.0,0.0
2016,87912,PELOTAS,210000032500,ÉDER RICARDO BLANK,ÉDER BLANK (PATACA),PDT,MASCULINO,BRANCA,ENSINO FUNDAMENTAL INCOMPLETO,COBRADOR DE TRANSPORTE COLETIVO,ELEITO POR MÉDIA,1,Esquerda,Centro,1347.0,9563.73,498.99,0.0,0.0,0.0,0.0,0.0,11409.72,498.99,0.0437337638434597,1.4804412501104598,16891.420140210314,4.161196001445615,1994.1543638987887,14158.540396918906,738.7253793926184,0.0,0.0,0.0,0.0,0.0,11403.64,0.0,0.0,0.0,0.0,37.0,11403.64,1.4804412501104598,16882.419057409643,0.0,16882.419057409643,0.0,0.0,0.0,0.0,0.0,0,4.160470006244402,4.160470006244402,0.0,PDT,-1,#NULO#,#NULO#,210000002825,PARTIDO ISOLADO,PDT,PARTIDO ISOLADO,PARTIDO:PDT,2395.0,2395.0,3.0,0,21202.0,2971.0,24173.0,1.0,179870.0,0.13439150497581587,0.013315172068716295,0.0990774831423489,1.3439150497581587,11.226412192788786,4.653805255256417,3.0,EDER RICARDO BLANK,0.0,0.0,0.0,0.0,0.0,0.0,0.0
2016,87912,PELOTAS,210000032445,SILVIO COITINHO SOUZA,SILVIO SOUZA,DEM,MASCULINO,PRETA,SUPERIOR COMPLETO,SERVIDOR PÚBLICO MUNICIPAL,SUPLENTE,0,Direita,Direita,200.0,0.0,1085.0,0.0,0.0,0.0,0.0,0.0,1285.0,1085.0,0.8443579766536965,1.4804412501104598,1902.3670063919408,1.5372299607636375,296.088250022092,0.0,1606.278756369849,0.0,0.0,0.0,0.0,0.0,1285.0,0.0,0.0,0.0,0.0,3.0,1285.0,1.4804412501104598,1902.3670063919408,0.0,1902.3670063919408,0.0,0.0,0.0,0.0,0.0,0,1.5372299607636375,1.5372299607636375,0.0,DEM,-1,#NULO#,#NULO#,210000002823,DEM-PTC-PHS,DEM / PTC / PHS,COLIGAÇÃO,COLIGACAO:210000002823,1363.0,1363.0,3.0,0,12763.0,287.0,13050.0,3.0,179870.0,0.07255239895480069,0.0075776950019458495,0.10444444444444445,0.7255239895480068,10.413627929024173,3.812498225333564,3.0,SILVIO COITINHO SOUZA,0.0,0.0,0.0,0.0,0.0,0.0,0.0
2016,87912,PELOTAS,210000032293,ANDERSON DE FREITAS GARCIA,ANDERSON GARCIA,PTB,MASCULINO,BRANCA,SUPERIOR INCOMPLETO,VEREADOR,ELEITO POR QP,1,Direita,Direita,30740.7,0.0,0.0,0.0,0.0,0.0,0.0,0.0,30740.7,0.0,0.0,1.4804412501104598,45509.800337270615,5.539462841392591,45509.800337270615,0.0,0.0,0.0,0.0,0.0,0.0,0.0,30395.7,0.0,0.0,0.0,700.0,23.0,30395.7,1.4804412501104598,44999.0481059825,0.0,44999.0481059825,0.0,0.0,1036.3088750773218,0.0,0.0,0,5.52353210155728,5.52353210155728,0.0,PTB,-1,#NULO#,#NULO#,210000002817,"PTB,PSD,PV,PSC",PTB / PV / PSC / PSD,COLIGAÇÃO,COLIGACAO:210000002817,3277.0,3277.0,3.0,0,25272.0,651.0,25923.0,4.0,179870.0,0.14412075387780063,0.018218713515316617,0.12641283802029085,1.4412075387780061,11.678600139099458,4.750767271699517,1.0,ANDERSON DE FREITAS GARCIA,0.0,0.0,0.0,0.0,0.0,0.0,0.0
2016,87912,PELOTAS,210000032292,MARCOS ROGÉRIO NOGUEIRA DA SILVA,MARCOS CANIDIA,PTB,MASCULINO,BRANCA,ENSINO MÉDIO COMPLETO,VIGILANTE,NÃO ELEITO,0,Direita,Direita,600.0,0.0,0.0,0.0,623.95,0.0,0.0,0.0,1223.95,0.0,0.0,1.4804412501104598,1811.9860680726968,1.4915894466251634,888.2647500662758,0.0,0.0,0.0,923.7213180064216,0.0,0.0,0.0,1223.95,0.0,0.0,0.0,0.0,6.0,1223.95,1.4804412501104598,1811.9860680726972,0.0,1811.9860680726972,0.0,0.0,0.0,0.0,0.0,0,1.4915894466251634,1.4915894466251634,0.0,,,,,,,,,PARTIDO:PTB,0.0,0.0,,1,0.0,0.0,0.0,0.0,0.0,0.0,0.0,0.0,0.0,0.0,0.0,1.0,MARCOS ROGERIO NOGUEIRA DA SILVA,0.0,0.0,0.0,0.0,0.0,0.0,0.0
2016,87912,PELOTAS,210000032279,SERGIO BARUM CASSAL,SERGIO CASSAL,PSOL,MASCULINO,BRANCA,SUPERIOR COMPLETO,SERVIDOR PÚBLICO CIVIL APOSENTADO,SUPLENTE,0,Esquerda,Esquerda,548.56,2300.0,0.0,0.0,0.0,0.0,0.0,0.0,2848.56,0.0,0.0,1.4804412501104598,4217.125727414651,2.383255201265213,812.1108521605937,3405.0148752540576,0.0,0.0,0.0,0.0,0.0,0.0,3772.16,0.0,0.0,0.0,0.0,10.0,3772.16,1.4804412501104598,5584.461266016672,0.0,5584.461266016672,0.0,0.0,0.0,0.0,0.0,0,2.719065405456538,2.719065405456538,0.0,PSOL,-1,#NULO#,#NULO#,210000002816,PARTIDO ISOLADO,PSOL,PARTIDO ISOLADO,PARTIDO:PSOL,301.0,301.0,3.0,0,7470.0,1883.0,9353.0,1.0,179870.0,0.05199866570300773,0.0016734308111413798,0.03218218753341174,0.5199866570300773,8.238404739325079,3.3719769744945847,8.0,SERGIO BARUM CASSAL,0.0,0.0,0.0,0.0,0.0,0.0,0.0
2016,87912,PELOTAS,210000032372,JOSÉ DEVANIR RODRIGUES DOMINGUES,ZÉ RODRIGUES,PT,MASCULINO,BRANCA,SUPERIOR COMPLETO,APOSENTADO (EXCETO SERVIDOR PÚBLICO),SUPLENTE,0,Esquerda,Esquerda,400.0,9329.91,0.0,0.0,0.0,0.0,0.0,0.0,9729.91,0.0,0.0,1.4804412501104598,14404.560123862264,3.9452855817967256,592.176500044184,13812.38362381808,0.0,0.0,0.0,0.0,0.0,0.0,9729.91,0.0,0.0,0.0,675.0,19.0,9729.91,1.4804412501104598,14404.560123862264,0.0,14404.560123862264,0.0,0.0,999.2978438245603,0.0,0.0,0,3.9452855817967256,3.9452855817967256,0.0,PT,-1,#NULO#,#NULO#,210000002821,FRENTE PELOTAS PODE,PT / PC do B,COLIGAÇÃO,COLIGACAO:210000002821,153.0,153.0,3.0,0,17426.0,1552.0,18978.0,2.0,179870.0,0.10550953466392395,0.0008506143325735253,0.008061966487511856,1.0550953466392394,7.266786540694901,4.3203402568712805,13.0,JOSE DEVANIR RODRIGUES DOMINGUES,0.0,0.0,0.0,0.0,0.0,0.0,0.0
2016,87912,PELOTAS,210000032368,CLARINHA KRUGER,CLARINHA KRÜGER,PT,FEMININO,BRANCA,ENSINO MÉDIO COMPLETO,APOSENTADO (EXCETO SERVIDOR PÚBLICO),SUPLENTE,0,Esquerda,Esquerda,400.0,0.0,0.0,0.0,0.0,0.0,0.0,0.0,400.0,0.0,0.0,1.4804412501104598,592.176500044184,0.6710002740876998,592.176500044184,0.0,0.0,0.0,0.0,0.0,0.0,0.0,400.0,0.0,0.0,0.0,0.0,3.0,400.0,1.4804412501104598,592.176500044184,0.0,592.176500044184,0.0,0.0,0.0,0.0,0.0,0,0.6710002740876998,0.6710002740876998,0.0,PT,-1,#NULO#,#NULO#,210000002821,FRENTE PELOTAS PODE,PT / PC do B,COLIGAÇÃO,COLIGACAO:210000002821,61.0,61.0,3.0,0,17426.0,1552.0,18978.0,2.0,179870.0,0.10550953466392395,0.0003391338188691833,0.0032142480767204133,1.0550953466392394,5.954196310386875,4.3203402568712805,19.0,CLARINHA KRUGER,0.0,0.0,0.0,0.0,0.0,0.0,0.0
2016,87912,PELOTAS,210000032370,DIEGO BARROS FONSECA,DIEGO 13 MIL,PT,MASCULINO,BRANCA,SUPERIOR INCOMPLETO,"ESTUDANTE, BOLSISTA, ESTAGIÁRIO E ASSEMELHADOS",SUPLENTE,0,Esquerda,Esquerda,1130.0,2257.0,0.0,0.0,0.0,0.0,0.0,0.0,3387.0,0.0,0.0,1.4804412501104598,5014.254514124127,2.588385921868554,1672.8986126248196,3341.355901499308,0.0,0.0,0.0,0.0,0.0,0.0,3386.7,0.0,0.0,0.0,0.0,13.0,3386.7,1.4804412501104598,5013.810381749094,0.0,5013.810381749094,0.0,0.0,0.0,0.0,0.0,0,2.5882793797803965,2.5882793797803965,0.0,PT,-1,#NULO#,#NULO#,210000002821,FRENTE PELOTAS PODE,PT / PC do B,COLIGAÇÃO,COLIGACAO:210000002821,406.0,406.0,3.0,0,17426.0,1552.0,18978.0,2.0,179870.0,0.10550953466392395,0.002257185745260466,0.021393192117188323,1.0550953466392394,8.668884984266247,4.3203402568712805,9.0,DIEGO BARROS FONSECA,0.0,0.0,0.0,0.0,0.0,0.0,0.0
2016,87912,PELOTAS,210000032294,ALDO BRUNO FERREIRA,TENENTE BRUNO,PTB,MASCULINO,BRANCA,SUPERIOR COMPLETO,VEREADOR,SUPLENTE,0,Direita,Direita,300.0,34971.91,0.0,0.0,0.0,0.0,0.0,0.0,35271.91,0.0,0.0,1.4804412501104598,52217.99053418364,5.733842131344824,444.1323750331379,51773.85815915049,0.0,0.0,0.0,0.0,0.0,0.0,35271.91,0.0,0.0,0.0,950.0,94.0,35271.91,1.4804412501104598,52217.99053418364,0.0,52217.99053418364,0.0,0.0,1406.4191876049367,0.0,0.0,0,5.733842131344824,5.733842131344824,0.0,PTB,-1,#NULO#,#NULO#,210000002817,"PTB,PSD,PV,PSC",PTB / PV / PSC / PSD,COLIGAÇÃO,COLIGACAO:210000002817,2318.0,2318.0,3.0,0,25272.0,651.0,25923.0,4.0,179870.0,0.14412075387780063,0.012887085117028966,0.08941866296339158,1.4412075387780061,11.179287104646004,4.750767271699517,6.0,ALDO BRUNO FERREIRA,0.0,0.0,0.0,0.0,0.0,0.0,0.0
2016,87912,PELOTAS,210000031745,DAIANE CARNEIRO PEREIRA RIBEIRO,DAIANE RIBEIRO,PRB,FEMININO,BRANCA,SUPERIOR COMPLETO,ASSISTENTE SOCIAL,SUPLENTE,0,Direita,Direita,914.0,0.0,435.0,0.0,0.0,0.0,0.0,0.0,1349.0,435.0,0.3224610822831727,1.4804412501104598,1997.1152463990104,1.583574560064913,1353.1233026009602,0.0,643.99194379805,0.0,0.0,0.0,0.0,0.0,1349.0,0.0,0.0,0.0,0.0,3.0,1349.0,1.4804412501104598,1997.1152463990104,0.0,1997.1152463990104,0.0,0.0,0.0,0.0,0.0,0,1.583574560064913,1.583574560064913,0.0,PRB,-1,#NULO#,#NULO#,210000002782,PRB/PR,PRB / PR,COLIGAÇÃO,COLIGACAO:210000002782,75.0,75.0,3.0,0,9755.0,258.0,10013.0,2.0,179870.0,0.05566798243175627,0.00041696781008506144,0.007490262658543893,0.5566798243175627,6.247927513443585,3.4611356151586166,17.0,DAIANE CARNEIRO PEREIRA RIBEIRO,0.0,0.0,0.0,0.0,0.0,0.0,0.0
2016,87912,PELOTAS,210000032422,GRACE ZIEMANN VELASCO,GRACE VELASCO,PP,FEMININO,BRANCA,ENSINO MÉDIO COMPLETO,OUTROS,SUPLENTE,0,Direita,Direita,350.0,0.0,0.0,0.0,0.0,0.0,0.0,0.0,350.0,0.0,0.0,1.4804412501104598,518.1544375386609,0.6023185594872688,518.1544375386609,0.0,0.0,0.0,0.0,0.0,0.0,0.0,350.0,0.0,0.0,0.0,0.0,2.0,350.0,1.4804412501104598,518.1544375386609,0.0,518.1544375386609,0.0,0.0,0.0,0.0,0.0,0,0.6023185594872688,0.6023185594872688,0.0,PP,-1,#NULO#,#NULO#,210000002822,"PP, REDE SUSTENTABILIDADE, PTN",PP / REDE / PTN,COLIGAÇÃO,COLIGACAO:210000002822,10.0,10.0,3.0,0,8719.0,381.0,9100.0,3.0,179870.0,0.050592094290320785,5.559570801134152e-05,0.001098901098901099,0.5059209429032078,3.4594316186372973,3.3362833878644325,28.0,GRACE ZIEMANN VELASCO,0.0,0.0,0.0,0.0,0.0,0.0,0.0
2016,87912,PELOTAS,210000031744,CLAUDIO NEI KUHN,CLAUDIO KUHN,PRB,MASCULINO,BRANCA,ENSINO FUNDAMENTAL INCOMPLETO,EMPRESÁRIO,SUPLENTE,0,Direita,Direita,1364.0,0.0,435.0,0.0,0.0,0.0,0.0,0.0,1799.0,435.0,0.2418010005558643,1.4804412501104598,2663.313808948717,1.873149291333808,2019.3218651506672,0.0,643.99194379805,0.0,0.0,0.0,0.0,0.0,1799.0,0.0,0.0,0.0,450.0,4.0,1799.0,1.4804412501104598,2663.313808948717,0.0,2663.313808948717,0.0,0.0,666.1985625497069,0.0,0.0,0,1.8731492913338077,1.8731492913338077,0.0,PRB,-1,#NULO#,#NULO#,210000002782,PRB/PR,PRB / PR,COLIGAÇÃO,COLIGACAO:210000002782,67.0,67.0,3.0,0,9755.0,258.0,10013.0,2.0,179870.0,0.05566798243175627,0.0003724912436759882,0.006691301308299211,0.5566798243175627,6.087462841250339,3.4611356151586166,18.0,CLAUDIO NEI KUHN,0.0,0.0,0.0,0.0,0.0,0.0,0.0
2016,87912,PELOTAS,210000031752,JULIO CESAR DE SOUZA PEREIRA,JULIO PEREIRA,PRB,MASCULINO,PRETA,SUPERIOR INCOMPLETO,"CORRETOR DE IMÓVEIS, SEGUROS, TÍTULOS E VALORES",SUPLENTE,0,Direita,Direita,914.0,0.0,0.0,0.0,0.0,0.0,0.0,0.0,914.0,0.0,0.0,1.4804412501104598,1353.1233026009602,1.2345769191130926,1353.1233026009602,0.0,0.0,0.0,0.0,0.0,0.0,0.0,914.0,0.0,0.0,0.0,0.0,2.0,914.0,1.4804412501104598,1353.1233026009602,0.0,1353.1233026009602,0.0,0.0,0.0,0.0,0.0,0,1.2345769191130926,1.2345769191130926,0.0,PRB,-1,#NULO#,#NULO#,210000002782,PRB/PR,PRB / PR,COLIGAÇÃO,COLIGACAO:210000002782,21.0,21.0,3.0,0,9755.0,258.0,10013.0,2.0,179870.0,0.05566798243175627,0.0001167509868238172,0.00209727354439229,0.5566798243175627,4.459431618637297,3.4611356151586166,21.0,JULIO CESAR DE SOUZA PEREIRA,0.0,0.0,0.0,0.0,0.0,0.0,0.0
2016,87912,PELOTAS,210000032447,JUAN CARLO DOMINGOS TOMASCHEWSKI DE PINHO LOPES,JUAN LOPES,DEM,MASCULINO,BRANCA,ENSINO MÉDIO COMPLETO,"ESTUDANTE, BOLSISTA, ESTAGIÁRIO E ASSEMELHADOS",SUPLENTE,0,Direita,Direita,200.0,0.0,996.0,0.0,0.0,0.0,0.0,0.0,1196.0,996.0,0.8327759197324415,1.4804412501104598,1770.6077351321098,1.4702024673551173,296.088250022092,0.0,1474.519485110018,0.0,0.0,0.0,0.0,0.0,1196.0,0.0,0.0,0.0,0.0,3.0,1196.0,1.4804412501104598,1770.6077351321098,0.0,1770.6077351321098,0.0,0.0,0.0,0.0,0.0,0,1.4702024673551173,1.4702024673551173,0.0,DEM,-1,#NULO#,#NULO#,210000002823,DEM-PTC-PHS,DEM / PTC / PHS,COLIGAÇÃO,COLIGACAO:210000002823,484.0,484.0,3.0,0,12763.0,287.0,13050.0,3.0,179870.0,0.07255239895480069,0.0026908322677489296,0.03708812260536398,0.7255239895480068,8.92184093707449,3.812498225333564,6.0,JUAN CARLO DOMINGOS TOMASCHEWSKI DE PINHO LOPES,0.0,0.0,0.0,0.0,0.0,0.0,0.0
2016,87912,PELOTAS,210000031739,VANDER DORO DIAS,VANDER D. DIAS,PR,MASCULINO,PARDA,SUPERIOR INCOMPLETO,"ESTUDANTE, BOLSISTA, ESTAGIÁRIO E ASSEMELHADOS",SUPLENTE,0,Direita,Direita,1880.0,0.0,0.0,0.0,0.0,0.0,0.0,0.0,1880.0,0.0,0.0,1.4804412501104598,2783.2295502076645,1.9196183156151527,2783.2295502076645,0.0,0.0,0.0,0.0,0.0,0.0,0.0,1880.0,0.0,0.0,0.0,0.0,1.0,1880.0,1.4804412501104598,2783.2295502076645,0.0,2783.2295502076645,0.0,0.0,0.0,0.0,0.0,0,1.9196183156151527,1.9196183156151527,0.0,PR,-1,#NULO#,#NULO#,210000002782,PRB/PR,PRB / PR,COLIGAÇÃO,COLIGACAO:210000002782,161.0,161.0,3.0,0,9755.0,258.0,10013.0,2.0,179870.0,0.05566798243175627,0.0008950908989825985,0.016079097173674225,0.5566798243175627,7.339850002884624,3.4611356151586166,13.0,VANDER DORO DIAS,0.0,0.0,0.0,0.0,0.0,0.0,0.0
2016,87912,PELOTAS,210000032514,ERMINDO DA SILVA GONÇALVES,TEIXERINHA O HOMEM DO POVO,PDT,MASCULINO,BRANCA,ENSINO FUNDAMENTAL INCOMPLETO,OUTROS,SUPLENTE,0,Esquerda,Centro,150.0,0.0,499.01,0.0,0.0,0.0,0.0,0.0,649.01,499.01,0.7688787537942404,1.4804412501104598,960.8211757341896,0.9714579696732348,222.06618751656896,0.0,738.7549882176205,0.0,0.0,0.0,0.0,0.0,849.01,0.0,0.0,0.0,0.0,4.0,849.01,1.4804412501104598,1256.9094257562815,0.0,1256.9094257562815,0.0,0.0,0.0,0.0,0.0,0,1.174348521483115,1.174348521483115,0.0,PDT,-1,#NULO#,#NULO#,210000002825,PARTIDO ISOLADO,PDT,PARTIDO ISOLADO,PARTIDO:PDT,71.0,71.0,3.0,0,21202.0,2971.0,24173.0,1.0,179870.0,0.13439150497581587,0.0003947295268805248,0.0029371612956604477,1.3439150497581587,6.169925001442312,4.653805255256417,28.0,ERMINDO DA SILVA GONCALVES,0.0,0.0,0.0,0.0,0.0,0.0,0.0
2016,87912,PELOTAS,210000032440,SIMONE MARANINCHI LEITE LIMA,SIMONE MARANINCHI,DEM,FEMININO,BRANCA,SUPERIOR COMPLETO,PEDAGOGO,SUPLENTE,0,Direita,Direita,200.0,0.0,564.0,0.0,0.0,0.0,0.0,0.0,764.0,564.0,0.7382198952879581,1.4804412501104598,1131.0571150843912,1.091569259730092,296.088250022092,0.0,834.9688650622993,0.0,0.0,0.0,0.0,0.0,764.0,0.0,0.0,0.0,0.0,3.0,764.0,1.4804412501104598,1131.0571150843912,0.0,1131.0571150843912,0.0,0.0,0.0,0.0,0.0,0,1.091569259730092,1.091569259730092,0.0,DEM,-1,#NULO#,#NULO#,210000002823,DEM-PTC-PHS,DEM / PTC / PHS,COLIGAÇÃO,COLIGACAO:210000002823,69.0,69.0,3.0,0,12763.0,287.0,13050.0,3.0,179870.0,0.07255239895480069,0.0003836103852782565,0.0052873563218390806,0.7255239895480068,6.129283016944966,3.812498225333564,26.0,SIMONE MARANINCHI LEITE LIMA,0.0,0.0,0.0,0.0,0.0,0.0,0.0
2016,87912,PELOTAS,210000032376,OTILANO SOARES,OTILANO SOARES,PT,MASCULINO,PRETA,ENSINO FUNDAMENTAL INCOMPLETO,"CARPINTEIRO, MARCENEIRO E ASSEMELHADOS",SUPLENTE,0,Esquerda,Esquerda,400.0,950.0,0.0,0.0,0.0,0.0,0.0,0.0,1350.0,0.0,0.0,1.4804412501104598,1998.5956876491207,1.5842870111209295,592.176500044184,1406.4191876049367,0.0,0.0,0.0,0.0,0.0,0.0,1350.0,0.0,0.0,0.0,0.0,8.0,1350.0,1.4804412501104598,1998.5956876491207,0.0,1998.5956876491207,0.0,0.0,0.0,0.0,0.0,0,1.5842870111209295,1.5842870111209295,0.0,PT,-1,#NULO#,#NULO#,210000002821,FRENTE PELOTAS PODE,PT / PC do B,COLIGAÇÃO,COLIGACAO:210000002821,34.0,34.0,3.0,0,17426.0,1552.0,18978.0,2.0,179870.0,0.10550953466392395,0.00018902540723856118,0.001791548108335968,1.0550953466392394,5.129283016944966,4.3203402568712805,21.0,OTILANO SOARES,0.0,0.0,0.0,0.0,0.0,0.0,0.0
2016,87912,PELOTAS,210000032285,PABLO GABRIEL DUARTE ROBIRA,PABLO KDABRA,PSOL,MASCULINO,BRANCA,SUPERIOR COMPLETO,PROFESSOR DE ENSINO MÉDIO,SUPLENTE,0,Esquerda,Esquerda,0.0,0.0,0.0,0.0,0.0,0.0,0.0,0.0,0.0,0.0,,1.4804412501104598,0.0,0.0,0.0,0.0,0.0,0.0,0.0,0.0,0.0,0.0,0.0,0.0,0.0,0.0,0.0,0.0,0.0,1.4804412501104598,0.0,0.0,0.0,0.0,0.0,0.0,0.0,0.0,0,0.0,0.0,0.0,PSOL,-1,#NULO#,#NULO#,210000002816,PARTIDO ISOLADO,PSOL,PARTIDO ISOLADO,PARTIDO:PSOL,372.0,372.0,3.0,0,7470.0,1883.0,9353.0,1.0,179870.0,0.05199866570300773,0.0020681603380219046,0.03977333475890089,0.5199866570300773,8.543031820255237,3.3719769744945847,6.0,PABLO GABRIEL DUARTE ROBIRA,0.0,0.0,0.0,0.0,0.0,0.0,0.0
2016,87912,PELOTAS,210000032323,DIRCE IRIA MEYER MULLER,DIRCE MEYER,PTB,FEMININO,BRANCA,ENSINO FUNDAMENTAL COMPLETO,APOSENTADO (EXCETO SERVIDOR PÚBLICO),SUPLENTE,0,Direita,Direita,600.0,0.0,0.0,0.0,0.0,0.0,0.0,0.0,600.0,0.0,0.0,1.4804412501104598,888.2647500662758,0.9170610564529,888.2647500662758,0.0,0.0,0.0,0.0,0.0,0.0,0.0,600.0,0.0,0.0,0.0,0.0,2.0,600.0,1.4804412501104598,888.2647500662758,0.0,888.2647500662758,0.0,0.0,0.0,0.0,0.0,0,0.9170610564529,0.9170610564529,0.0,PTB,-1,#NULO#,#NULO#,210000002817,"PTB,PSD,PV,PSC",PTB / PV / PSC / PSD,COLIGAÇÃO,COLIGACAO:210000002817,0.0,0.0,3.0,0,25272.0,651.0,25923.0,4.0,179870.0,0.14412075387780063,0.0,0.0,1.4412075387780061,0.0,4.750767271699517,29.0,DIRCE IRIA MEYER MULLER,0.0,0.0,0.0,0.0,0.0,0.0,0.0
2016,87912,PELOTAS,210000032338,EITOR PORTO DE VARGAS,EITOR VARGAS,PPS,MASCULINO,BRANCA,ENSINO FUNDAMENTAL INCOMPLETO,"OPERADOR DE IMPLEMENTO DE AGRICULTURA, PECUÁRIA E EXPLORAÇÃO FLORESTAL",SUPLENTE,0,Centro,Centro,300.0,0.0,0.0,0.0,1069.24,0.0,0.0,0.0,1369.24,0.0,0.0,1.4804412501104598,2027.079377301246,1.597926506595025,444.1323750331379,0.0,0.0,0.0,1582.947002268108,0.0,0.0,0.0,1369.24,0.0,0.0,0.0,0.0,5.0,1369.24,1.4804412501104598,2027.079377301246,0.0,2027.079377301246,0.0,0.0,0.0,0.0,0.0,0,1.597926506595025,1.597926506595025,0.0,PPS,-1,#NULO#,#NULO#,210000002820,PMDB-PPS,PPS / PMDB,COLIGAÇÃO,COLIGACAO:210000002820,123.0,123.0,3.0,0,10688.0,496.0,11184.0,2.0,179870.0,0.06217823983988436,0.0006838272085395008,0.010997854077253219,0.6217823983988435,6.954196310386875,3.6069159418252053,19.0,EITOR PORTO DE VARGAS,0.0,0.0,0.0,0.0,0.0,0.0,0.0
2016,87912,PELOTAS,210000031748,ESLAIR PEREIRA DOMINGOS,ESLAIR DOMINGOS,PRB,FEMININO,PRETA,ENSINO FUNDAMENTAL COMPLETO,APOSENTADO (EXCETO SERVIDOR PÚBLICO),NÃO ELEITO,0,Direita,Direita,914.0,0.0,0.0,0.0,0.0,0.0,0.0,0.0,914.0,0.0,0.0,1.4804412501104598,1353.1233026009602,1.2345769191130926,1353.1233026009602,0.0,0.0,0.0,0.0,0.0,0.0,0.0,914.0,0.0,0.0,0.0,0.0,2.0,914.0,1.4804412501104598,1353.1233026009602,0.0,1353.1233026009602,0.0,0.0,0.0,0.0,0.0,0,1.2345769191130926,1.2345769191130926,0.0,,,,,,,,,PARTIDO:PRB,0.0,0.0,,1,0.0,0.0,0.0,0.0,0.0,0.0,0.0,0.0,0.0,0.0,0.0,1.0,ESLAIR PEREIRA DOMINGOS,0.0,0.0,0.0,0.0,0.0,0.0,0.0
2016,87912,PELOTAS,210000032512,MAIQUEL DA FONSECA FOUCHY,MAIQUEL FOUCHY,PDT,MASCULINO,BRANCA,SUPERIOR COMPLETO,PROFESSOR DE ENSINO MÉDIO,SUPLENTE,0,Esquerda,Centro,10850.0,3500.0,498.99,0.0,0.0,0.0,0.0,0.0,14848.99,498.99,0.0336043057473942,1.4804412501104598,21983.05731847772,4.522498819974156,16062.787563698488,5181.544375386609,738.7253793926184,0.0,0.0,0.0,0.0,0.0,14812.34,0.0,0.0,0.0,0.0,28.0,14812.34,1.4804412501104598,21928.799146661167,0.0,21928.799146661167,0.0,0.0,0.0,0.0,0.0,0,4.519088893307015,4.519088893307015,0.0,PDT,-1,#NULO#,#NULO#,210000002825,PARTIDO ISOLADO,PDT,PARTIDO ISOLADO,PARTIDO:PDT,1165.0,1165.0,3.0,0,21202.0,2971.0,24173.0,1.0,179870.0,0.13439150497581587,0.006476899983321288,0.04819426633020312,1.3439150497581587,10.187352073200497,4.653805255256417,5.0,MAIQUEL DA FONSECA FOUCHY,0.0,0.0,0.0,0.0,0.0,0.0,0.0
2016,87912,PELOTAS,210000032449,FABIANE ZURCHMINTEN RODRIGUES,FABIANE RODRIGUES,PTC,FEMININO,BRANCA,ENSINO FUNDAMENTAL COMPLETO,DONA DE CASA,SUPLENTE,0,Centro,Centro,1030.0,0.0,0.0,0.0,0.0,0.0,0.0,0.0,1030.0,0.0,0.0,1.4804412501104598,1524.8544876137737,1.3362002448754335,1524.8544876137737,0.0,0.0,0.0,0.0,0.0,0.0,0.0,1030.0,0.0,0.0,0.0,0.0,2.0,1030.0,1.4804412501104598,1524.8544876137737,0.0,1524.8544876137737,0.0,0.0,0.0,0.0,0.0,0,1.3362002448754335,1.3362002448754335,0.0,PTC,-1,#NULO#,#NULO#,210000002823,DEM-PTC-PHS,DEM / PTC / PHS,COLIGAÇÃO,COLIGACAO:210000002823,143.0,143.0,3.0,0,12763.0,287.0,13050.0,3.0,179870.0,0.07255239895480069,0.0007950186245621837,0.010957854406130268,0.7255239895480068,7.169925001442312,3.812498225333564,18.0,FABIANE ZURCHMINTEN RODRIGUES,0.0,0.0,0.0,0.0,0.0,0.0,0.0
2016,87912,PELOTAS,210000032409,WILMAR HAMON VEIGA NETO,VEIGA NETO,PP,MASCULINO,BRANCA,SUPERIOR INCOMPLETO,"TRADUTOR, INTÉRPRETE E FILÓLOGO",SUPLENTE,0,Direita,Direita,700.0,255.0,0.0,0.0,0.0,0.0,0.0,0.0,955.0,0.0,0.0,1.4804412501104598,1413.821393855489,1.2713189305536716,1036.3088750773218,377.5125187781673,0.0,0.0,0.0,0.0,0.0,0.0,955.0,0.0,0.0,0.0,0.0,4.0,955.0,1.4804412501104598,1413.821393855489,0.0,1413.821393855489,0.0,0.0,0.0,0.0,0.0,0,1.2713189305536716,1.2713189305536716,0.0,PP,-1,#NULO#,#NULO#,210000002822,"PP, REDE SUSTENTABILIDADE, PTN",PP / REDE / PTN,COLIGAÇÃO,COLIGACAO:210000002822,123.0,123.0,3.0,0,8719.0,381.0,9100.0,3.0,179870.0,0.050592094290320785,0.0006838272085395008,0.013516483516483517,0.5059209429032078,6.954196310386875,3.3362833878644325,15.0,WILMAR HAMON VEIGA NETO,0.0,0.0,0.0,0.0,0.0,0.0,0.0
2016,87912,PELOTAS,210000032259,RAFAEL DOS REIS CORREA,RAFAEL REIS,PROS,MASCULINO,BRANCA,SUPERIOR INCOMPLETO,EMPRESÁRIO,NÃO ELEITO,0,Centro,Centro,0.0,0.0,338.0,0.0,0.0,0.0,0.0,0.0,338.0,338.0,1.0,1.4804412501104598,500.3891425373354,0.5853367281865215,0.0,0.0,500.3891425373354,0.0,0.0,0.0,0.0,0.0,338.0,0.0,0.0,0.0,0.0,3.0,338.0,1.4804412501104598,500.3891425373354,0.0,500.3891425373354,0.0,0.0,0.0,0.0,0.0,0,0.5853367281865215,0.5853367281865215,0.0,PROS,-1,#NULO#,#NULO#,210000002815,PARTIDO ISOLADO,PROS,PARTIDO ISOLADO,PARTIDO:PROS,68.0,68.0,3.0,0,750.0,137.0,887.0,1.0,179870.0,0.004931339300605993,0.00037805081447712236,0.07666290868094701,0.04931339300605993,6.108524456778169,0.9160944229383583,5.0,RAFAEL DOS REIS CORREA,0.0,0.0,0.0,0.0,0.0,0.0,0.0
2016,87912,PELOTAS,210000032391,MARCOS FERREIRA INSSARRIAGA,MARCOLA,PT,MASCULINO,BRANCA,SUPERIOR COMPLETO,VEREADOR,ELEITO POR QP,1,Esquerda,Esquerda,57168.0,15773.0,0.0,0.0,0.0,0.0,0.0,0.0,72941.0,0.0,0.0,1.4804412501104598,107984.86522430704,6.767983990998251,84633.86538631476,23350.999837992284,0.0,0.0,0.0,0.0,0.0,0.0,72931.76,0.0,0.0,0.0,0.0,25.0,72931.76,1.4804412501104598,107971.18594715602,0.0,107971.18594715602,0.0,0.0,0.0,0.0,0.0,0,6.767802899211823,6.767802899211823,0.0,PT,-1,#NULO#,#NULO#,210000002821,FRENTE PELOTAS PODE,PT / PC do B,COLIGAÇÃO,COLIGACAO:210000002821,3622.0,3622.0,3.0,0,17426.0,1552.0,18978.0,2.0,179870.0,0.10550953466392395,0.0201367654417079,0.19085256612920223,1.0550953466392394,11.822969090453288,4.3203402568712805,1.0,MARCOS FERREIRA INSSARRIAGA,0.0,0.0,0.0,0.0,0.0,0.0,0.0
2016,87912,PELOTAS,210000032418,PAULO CESAR GOMES PEREIRA,PAULO CESAR,PP,MASCULINO,BRANCA,SUPERIOR COMPLETO,MÉDICO,SUPLENTE,0,Direita,Direita,0.0,0.0,0.0,0.0,0.0,0.0,0.0,0.0,0.0,0.0,,1.4804412501104598,0.0,0.0,0.0,0.0,0.0,0.0,0.0,0.0,0.0,0.0,0.0,0.0,0.0,0.0,0.0,0.0,0.0,1.4804412501104598,0.0,0.0,0.0,0.0,0.0,0.0,0.0,0.0,0,0.0,0.0,0.0,PP,-1,#NULO#,#NULO#,210000002822,"PP, REDE SUSTENTABILIDADE, PTN",PP / REDE / PTN,COLIGAÇÃO,COLIGACAO:210000002822,251.0,251.0,3.0,0,8719.0,381.0,9100.0,3.0,179870.0,0.050592094290320785,0.0013954522710846722,0.02758241758241758,0.5059209429032078,7.977279923499917,3.3362833878644325,11.0,PAULO CESAR GOMES PEREIRA,0.0,0.0,0.0,0.0,0.0,0.0,0.0
2016,87912,PELOTAS,210000031870,DANIEL TRZECIAK DUARTE,DANIEL DA TV,PSDB,MASCULINO,BRANCA,SUPERIOR COMPLETO,JORNALISTA E REDATOR,ELEITO POR QP,1,Centro,Centro,15635.0,17802.98,0.0,0.0,0.0,0.0,0.0,0.0,33437.98,0.0,0.0,1.4804412501104598,49502.96491236855,5.658296182530177,23146.69894547704,26356.26596689151,0.0,0.0,0.0,0.0,0.0,0.0,33428.48,0.0,0.0,0.0,1350.0,47.0,33428.48,1.4804412501104598,49488.9007204925,0.0,49488.9007204925,0.0,0.0,1998.5956876491207,0.0,0.0,0,5.657894361257192,5.657894361257192,0.0,PSDB,-1,#NULO#,#NULO#,210000002790,PSDB/SOLIDARIEDADE,PSDB / SD,COLIGAÇÃO,COLIGACAO:210000002790,6721.0,6721.0,3.0,0,26910.0,5291.0,32201.0,2.0,179870.0,0.17902373936732086,0.03736587535442264,0.2087202260799354,1.7902373936732086,12.714674827308002,5.053154790475044,1.0,DANIEL TRZECIAK DUARTE,0.0,0.0,0.0,0.0,0.0,0.0,0.0
2016,87912,PELOTAS,210000032469,MARCELO GUEDES DOS SANTOS,MARCELO GUEDES,PSB,MASCULINO,BRANCA,ENSINO MÉDIO COMPLETO,EMPRESÁRIO,SUPLENTE,0,Esquerda,Centro,0.0,0.0,0.0,0.0,0.0,0.0,0.0,0.0,0.0,0.0,,1.4804412501104598,0.0,0.0,0.0,0.0,0.0,0.0,0.0,0.0,0.0,0.0,0.0,0.0,0.0,0.0,0.0,0.0,0.0,1.4804412501104598,0.0,0.0,0.0,0.0,0.0,0.0,0.0,0.0,0,0.0,0.0,0.0,PSB,-1,#NULO#,#NULO#,210000002824,PARTIDO ISOLADO,PSB,PARTIDO ISOLADO,PARTIDO:PSB,415.0,415.0,3.0,0,21182.0,361.0,21543.0,1.0,179870.0,0.11976983376883304,0.0023072218824706733,0.019263797985424498,1.1976983376883303,8.700439718141093,4.494607615593648,15.0,MARCELO GUEDES DOS SANTOS,0.0,0.0,0.0,0.0,0.0,0.0,0.0
2016,87912,PELOTAS,210000032303,CLAUDIO PRIETSCH,CLAUDINHO PRIETSCH,PTB,MASCULINO,BRANCA,ENSINO MÉDIO COMPLETO,ELETRICISTA E ASSEMELHADOS,SUPLENTE,0,Direita,Direita,850.0,0.0,0.0,0.0,3493.75,0.0,0.0,0.0,4343.75,0.0,0.0,1.4804412501104598,6430.66668016731,2.893491655316069,1258.3750625938908,0.0,0.0,0.0,5172.291617573419,0.0,0.0,0.0,4328.75,0.0,0.0,0.0,235.0,7.0,4328.75,1.4804412501104598,6408.4600614156525,0.0,6408.4600614156525,0.0,0.0,347.90369377595806,0.0,0.0,0,2.889173691972049,2.889173691972049,0.0,PTB,-1,#NULO#,#NULO#,210000002817,"PTB,PSD,PV,PSC",PTB / PV / PSC / PSD,COLIGAÇÃO,COLIGACAO:210000002817,1567.0,1567.0,3.0,0,25272.0,651.0,25923.0,4.0,179870.0,0.14412075387780063,0.008711847445377218,0.060448250588280676,1.4412075387780061,10.614709844115207,4.750767271699517,8.0,CLAUDIO PRIETSCH,0.0,0.0,0.0,0.0,0.0,0.0,0.0
2016,87912,PELOTAS,210000032328,OSMAR HENRIQUE DUARTE CITRINI,OSMAR CITRINI,PATRIOTA,MASCULINO,BRANCA,SUPERIOR COMPLETO,ADMINISTRADOR,NÃO ELEITO,0,Direita,Direita,400.0,0.0,0.0,0.0,0.0,0.0,0.0,0.0,400.0,0.0,0.0,1.4804412501104598,592.176500044184,0.6710002740876998,592.176500044184,0.0,0.0,0.0,0.0,0.0,0.0,0.0,400.0,0.0,0.0,0.0,0.0,2.0,400.0,1.4804412501104598,592.176500044184,0.0,592.176500044184,0.0,0.0,0.0,0.0,0.0,0,0.6710002740876998,0.6710002740876998,0.0,PEN,-1,#NULO#,#NULO#,210000002818,PARTIDO ISOLADO,PEN,PARTIDO ISOLADO,PARTIDO:PEN,84.0,84.0,3.0,0,517.0,93.0,610.0,1.0,179870.0,0.003391338188691833,0.0004670039472952688,0.1377049180327869,0.03391338188691832,6.409390936137702,0.6870606883398922,2.0,OSMAR HENRIQUE DUARTE CITRINI,0.0,0.0,0.0,0.0,0.0,0.0,0.0
2016,87912,PELOTAS,210000032742,WELLINGTON SILVA DE BITTENCOURT,WELLINGTON BITTENCOURT,PSD,MASCULINO,BRANCA,SUPERIOR INCOMPLETO,"ESTUDANTE, BOLSISTA, ESTAGIÁRIO E ASSEMELHADOS",SUPLENTE,0,Direita,Direita,0.0,962.0,0.0,0.0,0.0,0.0,0.0,0.0,962.0,0.0,0.0,1.4804412501104598,1424.1844826062622,1.2774994933709791,0.0,1424.1844826062622,0.0,0.0,0.0,0.0,0.0,0.0,1924.0,0.0,0.0,0.0,0.0,6.0,1924.0,1.4804412501104598,2848.3689652125245,0.0,2848.3689652125245,0.0,0.0,0.0,0.0,0.0,0,1.944247125190081,1.944247125190081,0.0,PSD,-1,#NULO#,#NULO#,210000002817,"PTB,PSD,PV,PSC",PTB / PV / PSC / PSD,COLIGAÇÃO,COLIGACAO:210000002817,77.0,77.0,3.0,0,25272.0,651.0,25923.0,4.0,179870.0,0.14412075387780063,0.00042808695168732974,0.0029703352235466575,1.4412075387780061,6.285402218862249,4.750767271699517,20.0,WELLINGTON SILVA DE BITTENCOURT,0.0,0.0,0.0,0.0,0.0,0.0,0.0
2016,87912,PELOTAS,210000031736,VERIDIANE RODRIGUES DE SOUZA,VERI SOUZA,PR,FEMININO,BRANCA,ENSINO MÉDIO COMPLETO,AGENTE DE VIAGEM,SUPLENTE,0,Direita,Direita,1880.0,850.0,0.0,0.0,0.0,0.0,0.0,0.0,2730.0,0.0,0.0,1.4804412501104598,4041.604612801555,2.333882979458348,2783.2295502076645,1258.3750625938908,0.0,0.0,0.0,0.0,0.0,0.0,2730.0,0.0,0.0,0.0,650.0,3.0,2730.0,1.4804412501104598,4041.604612801555,0.0,4041.604612801555,0.0,0.0,962.2868125717988,0.0,0.0,0,2.333882979458348,2.333882979458348,0.0,PR,-1,#NULO#,#NULO#,210000002782,PRB/PR,PRB / PR,COLIGAÇÃO,COLIGACAO:210000002782,826.0,826.0,3.0,0,9755.0,258.0,10013.0,2.0,179870.0,0.05566798243175627,0.0045922054817368095,0.0824927594127634,0.5566798243175627,9.691743519171276,3.4611356151586166,4.0,VERIDIANE RODRIGUES DE SOUZA,0.0,0.0,0.0,0.0,0.0,0.0,0.0
2016,87912,PELOTAS,210000032486,MARIA ALICE NIEUWLAND DE OLIVEIRA,MARIA ALICE (ALICE),PDT,FEMININO,BRANCA,ENSINO MÉDIO COMPLETO,OUTROS,SUPLENTE,0,Esquerda,Centro,150.0,575.0,498.99,0.0,0.0,0.0,0.0,0.0,1223.99,498.99,0.4076748993047329,1.4804412501104598,1812.0452857227017,1.4916198280382895,222.06618751656896,851.2537188135144,738.7253793926184,0.0,0.0,0.0,0.0,0.0,1223.99,0.0,0.0,0.0,0.0,5.0,1223.99,1.4804412501104598,1812.0452857227017,0.0,1812.0452857227017,0.0,0.0,0.0,0.0,0.0,0,1.4916198280382895,1.4916198280382895,0.0,PDT,-1,#NULO#,#NULO#,210000002825,PARTIDO ISOLADO,PDT,PARTIDO ISOLADO,PARTIDO:PDT,148.0,148.0,3.0,0,21202.0,2971.0,24173.0,1.0,179870.0,0.13439150497581587,0.0008228164785678546,0.006122533405038679,1.3439150497581587,7.219168520462161,4.653805255256417,24.0,MARIA ALICE NIEUWLAND DE OLIVEIRA,0.0,0.0,0.0,0.0,0.0,0.0,0.0
2016,87912,PELOTAS,210000032341,JOSÉ GLEI SANTANNA JARDIM,GLEI SANTANA,PPS,MASCULINO,BRANCA,ENSINO FUNDAMENTAL INCOMPLETO,OUTROS,SUPLENTE,0,Centro,Centro,300.0,0.0,0.0,0.0,1069.24,0.0,0.0,0.0,1369.24,0.0,0.0,1.4804412501104598,2027.079377301246,1.597926506595025,444.1323750331379,0.0,0.0,0.0,1582.947002268108,0.0,0.0,0.0,1348.24,0.0,0.0,0.0,0.0,7.0,1348.24,1.4804412501104598,1995.9901110489263,0.0,1995.9901110489263,0.0,0.0,0.0,0.0,0.0,0,1.5830328618593414,1.5830328618593414,0.0,PPS,-1,#NULO#,#NULO#,210000002820,PMDB-PPS,PPS / PMDB,COLIGAÇÃO,COLIGACAO:210000002820,181.0,181.0,3.0,0,10688.0,496.0,11184.0,2.0,179870.0,0.06217823983988436,0.0010062823150052817,0.016183834048640915,0.6217823983988435,7.507794640198696,3.6069159418252053,15.0,JOSE GLEI SANTANNA JARDIM,0.0,0.0,0.0,0.0,0.0,0.0,0.0
2016,87912,PELOTAS,210000032318,FABIO DINIZ ANTUNES DE AVILA,FABIO ÁVILA (TEN. DINIZ),PV,MASCULINO,BRANCA,SUPERIOR COMPLETO,SERVIDOR PÚBLICO MUNICIPAL,SUPLENTE,0,Centro,Centro,0.0,0.0,0.0,0.0,0.0,0.0,0.0,0.0,0.0,0.0,,1.4804412501104598,0.0,0.0,0.0,0.0,0.0,0.0,0.0,0.0,0.0,0.0,0.0,0.0,0.0,0.0,0.0,0.0,0.0,1.4804412501104598,0.0,0.0,0.0,0.0,0.0,0.0,0.0,0.0,0,0.0,0.0,0.0,PV,-1,#NULO#,#NULO#,210000002817,"PTB,PSD,PV,PSC",PTB / PV / PSC / PSD,COLIGAÇÃO,COLIGACAO:210000002817,129.0,129.0,3.0,0,25272.0,651.0,25923.0,4.0,179870.0,0.14412075387780063,0.0007171846333463057,0.004976275893993751,1.4412075387780061,7.022367813028454,4.750767271699517,18.0,FABIO DINIZ ANTUNES DE AVILA,0.0,0.0,0.0,0.0,0.0,0.0,0.0
2016,87912,PELOTAS,210000032478,DANIEL MADRUGA RODEGHIERO,SHEILÃO,PSB,MASCULINO,BRANCA,ENSINO FUNDAMENTAL INCOMPLETO,MOTORISTA DE VEÍCULOS DE TRANSPORTE DE CARGA,SUPLENTE,0,Esquerda,Centro,0.0,0.0,0.0,0.0,0.0,0.0,0.0,0.0,0.0,0.0,,1.4804412501104598,0.0,0.0,0.0,0.0,0.0,0.0,0.0,0.0,0.0,0.0,0.0,0.0,0.0,0.0,0.0,0.0,0.0,1.4804412501104598,0.0,0.0,0.0,0.0,0.0,0.0,0.0,0.0,0,0.0,0.0,0.0,PSB,-1,#NULO#,#NULO#,210000002824,PARTIDO ISOLADO,PSB,PARTIDO ISOLADO,PARTIDO:PSB,624.0,624.0,3.0,0,21182.0,361.0,21543.0,1.0,179870.0,0.11976983376883304,0.003469172179907711,0.028965325163626234,1.1976983376883303,9.287712379549449,4.494607615593648,11.0,DANIEL MADRUGA RODEGHIERO,0.0,0.0,0.0,0.0,0.0,0.0,0.0
2016,87912,PELOTAS,210000032420,FERNANDA RIBEIRO GIORGI,FERNANDA GIORGI SEGUNDA CHANCE,PP,FEMININO,BRANCA,SUPERIOR COMPLETO,OUTROS,SUPLENTE,0,Direita,Direita,0.0,0.0,0.0,0.0,0.0,0.0,0.0,0.0,0.0,0.0,,1.4804412501104598,0.0,0.0,0.0,0.0,0.0,0.0,0.0,0.0,0.0,0.0,0.0,0.0,0.0,0.0,0.0,0.0,0.0,1.4804412501104598,0.0,0.0,0.0,0.0,0.0,0.0,0.0,0.0,0,0.0,0.0,0.0,PP,-1,#NULO#,#NULO#,210000002822,"PP, REDE SUSTENTABILIDADE, PTN",PP / REDE / PTN,COLIGAÇÃO,COLIGACAO:210000002822,389.0,389.0,3.0,0,8719.0,381.0,9100.0,3.0,179870.0,0.050592094290320785,0.0021626730416411852,0.042747252747252745,0.5059209429032078,8.60733031374961,3.3362833878644325,7.0,FERNANDA RIBEIRO GIORGI,0.0,0.0,0.0,0.0,0.0,0.0,0.0
2016,87912,PELOTAS,210000032730,REINALDO LUIZ REICHOW,REINALDO TALOUCO,PT do B,MASCULINO,BRANCA,ENSINO MÉDIO INCOMPLETO,OUTROS,NÃO ELEITO,0,Centro,Centro,0.0,800.0,0.0,0.0,0.0,0.0,0.0,0.0,800.0,0.0,0.0,1.4804412501104598,1184.353000088368,1.1272060203257883,0.0,1184.353000088368,0.0,0.0,0.0,0.0,0.0,0.0,800.0,0.0,0.0,0.0,0.0,5.0,800.0,1.4804412501104598,1184.353000088368,0.0,1184.353000088368,0.0,0.0,0.0,0.0,0.0,0,1.1272060203257883,1.1272060203257883,0.0,PT do B,-1,#NULO#,#NULO#,210000002840,PARTIDO ISOLADO,PT do B,PARTIDO ISOLADO,PARTIDO:PT do B,278.0,278.0,3.0,0,1862.0,69.0,1931.0,1.0,179870.0,0.010735531216990049,0.0015455606827152943,0.14396685655100985,0.10735531216990048,8.124121311829187,1.5513929680274543,2.0,REINALDO LUIZ REICHOW,0.0,0.0,0.0,0.0,0.0,0.0,0.0
2016,87912,PELOTAS,210000032455,JOSE FRANCISCO ASSUMPÇAO DA LUZ,JOSE FRANCISCO,PSB,MASCULINO,PRETA,SUPERIOR INCOMPLETO,SERVIDOR PÚBLICO MUNICIPAL,SUPLENTE,0,Esquerda,Centro,220.0,160.0,0.0,0.0,0.0,0.0,0.0,0.0,380.0,0.0,0.0,1.4804412501104598,562.5676750419747,0.6439186744679325,325.6970750243012,236.87060001767355,0.0,0.0,0.0,0.0,0.0,0.0,380.0,0.0,0.0,0.0,0.0,2.0,380.0,1.4804412501104598,562.5676750419747,0.0,562.5676750419747,0.0,0.0,0.0,0.0,0.0,0,0.6439186744679325,0.6439186744679325,0.0,PSB,-1,#NULO#,#NULO#,210000002824,PARTIDO ISOLADO,PSB,PARTIDO ISOLADO,PARTIDO:PSB,231.0,231.0,3.0,0,21182.0,361.0,21543.0,1.0,179870.0,0.11976983376883304,0.0012842608550619893,0.010722740565380867,1.1976983376883303,7.857980995127572,4.494607615593648,19.0,JOSE FRANCISCO ASSUMPCAO DA LUZ,0.0,0.0,0.0,0.0,0.0,0.0,0.0
2016,87912,PELOTAS,210000032388,MAXIMILIANO DA ROSA SOARES,MAXIMILIANO,PT,MASCULINO,BRANCA,ENSINO MÉDIO INCOMPLETO,MOTORISTA DE VEÍCULOS DE TRANSPORTE DE CARGA,NÃO ELEITO,0,Esquerda,Esquerda,0.0,0.0,0.0,0.0,0.0,0.0,0.0,0.0,0.0,0.0,,1.4804412501104598,0.0,0.0,0.0,0.0,0.0,0.0,0.0,0.0,0.0,0.0,0.0,0.0,0.0,0.0,0.0,0.0,0.0,1.4804412501104598,0.0,0.0,0.0,0.0,0.0,0.0,0.0,0.0,0,0.0,0.0,0.0,,,,,,,,,PARTIDO:PT,0.0,0.0,,1,0.0,0.0,0.0,0.0,0.0,0.0,0.0,0.0,0.0,0.0,0.0,1.0,MAXIMILIANO DA ROSA SOARES,0.0,0.0,0.0,0.0,0.0,0.0,0.0
2016,87912,PELOTAS,210000031737,CLEITON LUIS GARCIA NUNES,CLEITON LUIS GARCIA NUNES,PR,MASCULINO,PRETA,ENSINO MÉDIO COMPLETO,SERVIDOR PÚBLICO MUNICIPAL,SUPLENTE,0,Direita,Direita,1880.0,0.0,0.0,0.0,0.0,0.0,0.0,0.0,1880.0,0.0,0.0,1.4804412501104598,2783.2295502076645,1.9196183156151527,2783.2295502076645,0.0,0.0,0.0,0.0,0.0,0.0,0.0,1880.0,0.0,0.0,0.0,0.0,1.0,1880.0,1.4804412501104598,2783.2295502076645,0.0,2783.2295502076645,0.0,0.0,0.0,0.0,0.0,0,1.9196183156151527,1.9196183156151527,0.0,PR,-1,#NULO#,#NULO#,210000002782,PRB/PR,PRB / PR,COLIGAÇÃO,COLIGACAO:210000002782,160.0,160.0,3.0,0,9755.0,258.0,10013.0,2.0,179870.0,0.05566798243175627,0.0008895313281814644,0.01597922700489364,0.5566798243175627,7.330916878114617,3.4611356151586166,14.0,CLEITON LUIS GARCIA NUNES,0.0,0.0,0.0,0.0,0.0,0.0,0.0
2016,87912,PELOTAS,210000032307,LIZIANE BUENO LEMES,LIZIANE LEMES,PTB,FEMININO,BRANCA,SUPERIOR COMPLETO,PEDAGOGO,SUPLENTE,0,Direita,Direita,600.0,0.0,0.0,0.0,0.0,0.0,0.0,0.0,600.0,0.0,0.0,1.4804412501104598,888.2647500662758,0.9170610564529,888.2647500662758,0.0,0.0,0.0,0.0,0.0,0.0,0.0,600.0,0.0,0.0,0.0,0.0,2.0,600.0,1.4804412501104598,888.2647500662758,0.0,888.2647500662758,0.0,0.0,0.0,0.0,0.0,0,0.9170610564529,0.9170610564529,0.0,PTB,-1,#NULO#,#NULO#,210000002817,"PTB,PSD,PV,PSC",PTB / PV / PSC / PSD,COLIGAÇÃO,COLIGACAO:210000002817,0.0,0.0,3.0,0,25272.0,651.0,25923.0,4.0,179870.0,0.14412075387780063,0.0,0.0,1.4412075387780061,0.0,4.750767271699517,29.0,LIZIANE BUENO LEMES,0.0,0.0,0.0,0.0,0.0,0.0,0.0
2016,87912,PELOTAS,210000031750,INACIO DIAS DOS SANTOS,INACIO DIAS,PRB,MASCULINO,PRETA,ENSINO FUNDAMENTAL COMPLETO,MOTORISTA PARTICULAR,SUPLENTE,0,Direita,Direita,914.0,0.0,435.0,0.0,0.0,0.0,0.0,0.0,1349.0,435.0,0.3224610822831727,1.4804412501104598,1997.1152463990104,1.583574560064913,1353.1233026009602,0.0,643.99194379805,0.0,0.0,0.0,0.0,0.0,1349.0,0.0,0.0,0.0,0.0,3.0,1349.0,1.4804412501104598,1997.1152463990104,0.0,1997.1152463990104,0.0,0.0,0.0,0.0,0.0,0,1.583574560064913,1.583574560064913,0.0,PRB,-1,#NULO#,#NULO#,210000002782,PRB/PR,PRB / PR,COLIGAÇÃO,COLIGACAO:210000002782,162.0,162.0,3.0,0,9755.0,258.0,10013.0,2.0,179870.0,0.05566798243175627,0.0009006504697837327,0.01617896734245481,0.5566798243175627,7.348728154231077,3.4611356151586166,12.0,INACIO DIAS DOS SANTOS,0.0,0.0,0.0,0.0,0.0,0.0,0.0
2016,87912,PELOTAS,210000032301,REINALDO ELIAS LOURENÇO MAGALHÃES,REINALDO,PTB,MASCULINO,PRETA,ENSINO FUNDAMENTAL INCOMPLETO,OUTROS,ELEITO POR QP,1,Direita,Direita,4510.0,0.0,0.0,0.0,1703.7,0.0,0.0,0.0,6213.7,0.0,0.0,1.4804412501104598,9199.017795811364,3.3503583167564708,6676.790037998174,0.0,0.0,0.0,2522.2277578131902,0.0,0.0,0.0,6213.7,0.0,0.0,0.0,0.0,10.0,6213.7,1.4804412501104598,9199.017795811364,0.0,9199.017795811364,0.0,0.0,0.0,0.0,0.0,0,3.3503583167564708,3.3503583167564708,0.0,PTB,-1,#NULO#,#NULO#,210000002817,"PTB,PSD,PV,PSC",PTB / PV / PSC / PSD,COLIGAÇÃO,COLIGACAO:210000002817,2720.0,2720.0,3.0,0,25272.0,651.0,25923.0,4.0,179870.0,0.14412075387780063,0.015122032579084895,0.10492612737723257,1.4412075387780061,11.409921241249679,4.750767271699517,2.0,REINALDO ELIAS LOURENCO MAGALHAES,0.0,0.0,0.0,0.0,0.0,0.0,0.0
2016,87912,PELOTAS,210000032302,WILSON GOEBEL,ENG. AGRON. WILSON GOEBEL,PTB,MASCULINO,BRANCA,SUPERIOR COMPLETO,AGRÔNOMO,SUPLENTE,0,Direita,Direita,600.0,470.0,0.0,0.0,648.0,0.0,0.0,0.0,1718.0,0.0,0.0,1.4804412501104598,2543.39806768977,1.825133547878661,888.2647500662758,695.8073875519161,0.0,0.0,959.325930071578,0.0,0.0,0.0,1693.52,0.0,0.0,0.0,0.0,8.0,1693.52,1.4804412501104598,2507.156865887066,0.0,2507.156865887066,0.0,0.0,0.0,0.0,0.0,0,1.8103019599822745,1.8103019599822745,0.0,PTB,-1,#NULO#,#NULO#,210000002817,"PTB,PSD,PV,PSC",PTB / PV / PSC / PSD,COLIGAÇÃO,COLIGACAO:210000002817,433.0,433.0,3.0,0,25272.0,651.0,25923.0,4.0,179870.0,0.14412075387780063,0.002407294156891088,0.01670331365968445,1.4412075387780061,8.761551232444479,4.750767271699517,13.0,WILSON GOEBEL,0.0,0.0,0.0,0.0,0.0,0.0,0.0
2016,87912,PELOTAS,210000032312,SIMONE AVILA FERNANDES,SIMONE FERNANDES,PV,FEMININO,PRETA,ENSINO MÉDIO COMPLETO,DONA DE CASA,SUPLENTE,0,Centro,Centro,0.0,0.0,0.0,0.0,0.0,0.0,0.0,0.0,0.0,0.0,,1.4804412501104598,0.0,0.0,0.0,0.0,0.0,0.0,0.0,0.0,0.0,0.0,0.0,0.0,0.0,0.0,0.0,0.0,0.0,1.4804412501104598,0.0,0.0,0.0,0.0,0.0,0.0,0.0,0.0,0,0.0,0.0,0.0,PV,-1,#NULO#,#NULO#,210000002817,"PTB,PSD,PV,PSC",PTB / PV / PSC / PSD,COLIGAÇÃO,COLIGACAO:210000002817,3.0,3.0,3.0,0,25272.0,651.0,25923.0,4.0,179870.0,0.14412075387780063,1.6678712403402456e-05,0.0001157273463719477,1.4412075387780061,2.0,4.750767271699517,27.0,SIMONE AVILA FERNANDES,0.0,0.0,0.0,0.0,0.0,0.0,0.0
2016,87912,PELOTAS,210000032424,PAULO CESAR COITINHO DOS SANTOS,PAULO COITINHO,DEM,MASCULINO,BRANCA,ENSINO MÉDIO COMPLETO,"TÉCNICO CONTABILIDADE, ESTATÍSTICA, ECONOMIA DOMÉSTICA E ADMINISTRAÇÃO",SUPLENTE,0,Direita,Direita,9890.0,600.0,945.0,0.0,300.0,0.0,0.0,0.0,11735.0,945.0,0.0805283340434597,1.4804412501104598,17372.978070046247,4.199513586261148,14641.563963592447,888.2647500662758,1399.0169813543846,0.0,444.1323750331379,0.0,0.0,0.0,11713.0,0.0,0.0,0.0,300.0,18.0,11713.0,1.4804412501104598,17340.408362543814,0.0,17340.408362543814,0.0,0.0,444.1323750331379,0.0,0.0,0,4.1969538568333045,4.1969538568333045,0.0,DEM,-1,#NULO#,#NULO#,210000002823,DEM-PTC-PHS,DEM / PTC / PHS,COLIGAÇÃO,COLIGACAO:210000002823,1078.0,1078.0,3.0,0,12763.0,287.0,13050.0,3.0,179870.0,0.07255239895480069,0.005993217323622616,0.08260536398467433,0.7255239895480068,10.075479149488016,3.812498225333564,4.0,PAULO CESAR COITINHO DOS SANTOS,0.0,0.0,0.0,0.0,0.0,0.0,0.0
2016,87912,PELOTAS,210000031861,ANA LUIZA TAVARES RUOSO,ANINHA,PSDB,FEMININO,BRANCA,SUPERIOR COMPLETO,EMPRESÁRIO,SUPLENTE,0,Centro,Centro,8940.0,1840.0,0.0,0.0,0.0,0.0,0.0,0.0,10780.0,0.0,0.0,1.4804412501104598,15959.156676190756,4.083992526030974,13235.14477598751,2724.011900203246,0.0,0.0,0.0,0.0,0.0,0.0,10712.35,0.0,0.0,0.0,600.0,17.0,10712.35,1.4804412501104598,15859.00482562078,0.0,15859.00482562078,0.0,0.0,888.2647500662758,0.0,0.0,0,4.075447472477203,4.075447472477203,0.0,PSDB,-1,#NULO#,#NULO#,210000002790,PSDB/SOLIDARIEDADE,PSDB / SD,COLIGAÇÃO,COLIGACAO:210000002790,387.0,387.0,3.0,0,26910.0,5291.0,32201.0,2.0,179870.0,0.17902373936732086,0.002151553900038917,0.012018260302475079,1.7902373936732086,8.599912842187127,5.053154790475044,16.0,ANA LUIZA TAVARES RUOSO,0.0,0.0,0.0,0.0,0.0,0.0,0.0
2016,87912,PELOTAS,210000032452,LILIAN REJANE NUNES SAMPAIO RODRIGUES,LILIAN RODRIGUES,PHS,FEMININO,BRANCA,ENSINO MÉDIO COMPLETO,DONA DE CASA,SUPLENTE,0,Centro,Centro,0.0,0.0,0.0,0.0,0.0,0.0,0.0,0.0,0.0,0.0,,1.4804412501104598,0.0,0.0,0.0,0.0,0.0,0.0,0.0,0.0,0.0,0.0,0.0,0.0,0.0,0.0,0.0,0.0,0.0,1.4804412501104598,0.0,0.0,0.0,0.0,0.0,0.0,0.0,0.0,0,0.0,0.0,0.0,PHS,-1,#NULO#,#NULO#,210000002823,DEM-PTC-PHS,DEM / PTC / PHS,COLIGAÇÃO,COLIGACAO:210000002823,45.0,45.0,3.0,0,12763.0,287.0,13050.0,3.0,179870.0,0.07255239895480069,0.00025018068605103686,0.0034482758620689655,0.7255239895480068,5.523561956057013,3.812498225333564,28.0,LILIAN REJANE NUNES SAMPAIO RODRIGUES,0.0,0.0,0.0,0.0,0.0,0.0,0.0
2016,87912,PELOTAS,210000032475,JOSÉ NILTON AMARO CAETANO,ZÉ NILTON,PSB,MASCULINO,PRETA,ENSINO MÉDIO COMPLETO,TÉCNICO DE ENFERMAGEM E ASSEMELHADOS (EXCETO ENFERMEIRO),SUPLENTE,0,Esquerda,Centro,0.0,0.0,0.0,0.0,0.0,0.0,0.0,0.0,0.0,0.0,,1.4804412501104598,0.0,0.0,0.0,0.0,0.0,0.0,0.0,0.0,0.0,0.0,0.0,0.0,0.0,0.0,0.0,0.0,0.0,1.4804412501104598,0.0,0.0,0.0,0.0,0.0,0.0,0.0,0.0,0,0.0,0.0,0.0,PSB,-1,#NULO#,#NULO#,210000002824,PARTIDO ISOLADO,PSB,PARTIDO ISOLADO,PARTIDO:PSB,393.0,393.0,3.0,0,21182.0,361.0,21543.0,1.0,179870.0,0.11976983376883304,0.002184911324845722,0.01824258459824537,1.1976983376883303,8.622051819456376,4.494607615593648,16.0,JOSE NILTON AMARO CAETANO,0.0,0.0,0.0,0.0,0.0,0.0,0.0
2016,87912,PELOTAS,210000032310,FABRICIO CKLESS TAVARES DA SILVA,FABRICIO TAVARES,PSD,MASCULINO,BRANCA,SUPERIOR COMPLETO,ADVOGADO,ELEITO POR QP,1,Direita,Direita,46200.0,1000.0,0.0,0.0,0.0,0.0,0.0,0.0,47200.0,0.0,0.0,1.4804412501104598,69876.82700521371,6.147242114041196,68396.38575510324,1480.4412501104598,0.0,0.0,0.0,0.0,0.0,0.0,47172.39,0.0,0.0,0.0,500.0,100.0,47172.39,1.4804412501104598,69835.95202229815,0.0,69835.95202229815,0.0,0.0,740.2206250552299,0.0,0.0,0,6.146409865359197,6.146409865359197,0.0,PSD,-1,#NULO#,#NULO#,210000002817,"PTB,PSD,PV,PSC",PTB / PV / PSC / PSD,COLIGAÇÃO,COLIGACAO:210000002817,2576.0,2576.0,3.0,0,25272.0,651.0,25923.0,4.0,179870.0,0.14412075387780063,0.014321454383721576,0.09937121475137908,1.4412075387780061,11.331476821859619,4.750767271699517,3.0,FABRICIO CKLESS TAVARES DA SILVA,0.0,0.0,0.0,0.0,0.0,0.0,0.0
2016,87912,PELOTAS,210000032471,JESUS SAGAS MATHIAS,JESUS MATHIAS,PSB,MASCULINO,PRETA,ENSINO FUNDAMENTAL INCOMPLETO,OUTROS,SUPLENTE,0,Esquerda,Centro,0.0,0.0,0.0,0.0,0.0,0.0,0.0,0.0,0.0,0.0,,1.4804412501104598,0.0,0.0,0.0,0.0,0.0,0.0,0.0,0.0,0.0,0.0,0.0,0.0,0.0,0.0,0.0,0.0,0.0,1.4804412501104598,0.0,0.0,0.0,0.0,0.0,0.0,0.0,0.0,0,0.0,0.0,0.0,PSB,-1,#NULO#,#NULO#,210000002824,PARTIDO ISOLADO,PSB,PARTIDO ISOLADO,PARTIDO:PSB,244.0,244.0,3.0,0,21182.0,361.0,21543.0,1.0,179870.0,0.11976983376883304,0.0013565352754767333,0.011326184839623079,1.1976983376883303,7.936637939002571,4.494607615593648,18.0,JESUS SAGAS MATHIAS,0.0,0.0,0.0,0.0,0.0,0.0,0.0
2016,87912,PELOTAS,210000032299,MARCO ANTONIO OLIVEIRA FERREIRA,FÊRA,PTB,MASCULINO,BRANCA,ENSINO FUNDAMENTAL INCOMPLETO,OUTROS,SUPLENTE,0,Direita,Direita,600.0,0.0,0.0,0.0,623.95,0.0,0.0,0.0,1223.95,0.0,0.0,1.4804412501104598,1811.9860680726968,1.4915894466251634,888.2647500662758,0.0,0.0,0.0,923.7213180064216,0.0,0.0,0.0,1223.95,0.0,0.0,0.0,0.0,6.0,1223.95,1.4804412501104598,1811.9860680726972,0.0,1811.9860680726972,0.0,0.0,0.0,0.0,0.0,0,1.4915894466251634,1.4915894466251634,0.0,PTB,-1,#NULO#,#NULO#,210000002817,"PTB,PSD,PV,PSC",PTB / PV / PSC / PSD,COLIGAÇÃO,COLIGACAO:210000002817,323.0,323.0,3.0,0,25272.0,651.0,25923.0,4.0,179870.0,0.14412075387780063,0.0017957413687663313,0.012459977626046368,1.4412075387780061,8.339850002884624,4.750767271699517,14.0,MARCO ANTONIO OLIVEIRA FERREIRA,0.0,0.0,0.0,0.0,0.0,0.0,0.0
2016,87912,PELOTAS,210000032410,MATEUS DE OLIVEIRA DUARTE,MATEUS DUARTE,PTN,MASCULINO,PRETA,SUPERIOR INCOMPLETO,OUTROS,SUPLENTE,0,Direita,Direita,0.0,0.0,0.0,0.0,642.2,0.0,0.0,0.0,642.2,0.0,0.0,1.4804412501104598,950.7393708209372,0.9640210390738532,0.0,0.0,0.0,0.0,950.7393708209372,0.0,0.0,0.0,642.2,0.0,0.0,0.0,0.0,5.0,642.2,1.4804412501104598,950.7393708209372,0.0,950.7393708209372,0.0,0.0,0.0,0.0,0.0,0,0.9640210390738532,0.9640210390738532,0.0,PTN,-1,#NULO#,#NULO#,210000002822,"PP, REDE SUSTENTABILIDADE, PTN",PP / REDE / PTN,COLIGAÇÃO,COLIGACAO:210000002822,62.0,62.0,3.0,0,8719.0,381.0,9100.0,3.0,179870.0,0.050592094290320785,0.00034469338967031747,0.006813186813186814,0.5059209429032078,5.977279923499917,3.3362833878644325,23.0,MATEUS DE OLIVEIRA DUARTE,0.0,0.0,0.0,0.0,0.0,0.0,0.0
2016,87912,PELOTAS,210000031746,DAVI DUMMER CARDOSO VERGARA,DAVI DCV,PRB,MASCULINO,BRANCA,SUPERIOR COMPLETO,SERVIDOR PÚBLICO FEDERAL,SUPLENTE,0,Direita,Direita,1364.0,2500.0,0.0,0.0,0.0,0.0,0.0,0.0,3864.0,0.0,0.0,1.4804412501104598,5720.424990426816,2.7485524699376644,2019.3218651506672,3701.1031252761495,0.0,0.0,0.0,0.0,0.0,0.0,3864.0,0.0,0.0,0.0,450.0,11.0,3864.0,1.4804412501104598,5720.424990426816,0.0,5720.424990426816,0.0,0.0,666.1985625497069,0.0,0.0,0,2.7485524699376644,2.7485524699376644,0.0,PRB,-1,#NULO#,#NULO#,210000002782,PRB/PR,PRB / PR,COLIGAÇÃO,COLIGACAO:210000002782,1054.0,1054.0,3.0,0,9755.0,258.0,10013.0,2.0,179870.0,0.05566798243175627,0.0058597876243953965,0.10526315789473684,0.5566798243175627,10.043027283594547,3.4611356151586166,2.0,DAVI DUMMER CARDOSO VERGARA,0.0,0.0,0.0,0.0,0.0,0.0,0.0
2016,87912,PELOTAS,210000032504,ANTÔNIO PEIXOTO OLIVEIRA,ANTÔNIO PEIXOTO,PDT,MASCULINO,BRANCA,SUPERIOR COMPLETO,JORNALISTA E REDATOR,SUPLENTE,0,Esquerda,Centro,200.0,4148.4,498.99,0.0,0.0,0.0,0.0,0.0,4847.389999999999,498.99,0.1029399326235355,1.4804412501104598,7176.276111372941,3.0314439166500926,296.088250022092,6141.462481958231,738.7253793926184,0.0,0.0,0.0,0.0,0.0,4847.389999999999,0.0,0.0,0.0,200.0,19.0,4847.389999999999,1.4804412501104598,7176.276111372941,0.0,7176.276111372941,0.0,0.0,296.088250022092,0.0,0.0,0,3.0314439166500926,3.0314439166500926,0.0,PDT,-1,#NULO#,#NULO#,210000002825,PARTIDO ISOLADO,PDT,PARTIDO ISOLADO,PARTIDO:PDT,1041.0,1041.0,3.0,0,21202.0,2971.0,24173.0,1.0,179870.0,0.13439150497581587,0.005787513203980653,0.04306457618003558,1.3439150497581587,10.025139562278508,4.653805255256417,6.0,ANTONIO PEIXOTO OLIVEIRA,0.0,0.0,0.0,0.0,0.0,0.0,0.0
2016,87912,PELOTAS,210000032283,FERNANDA QUADRADO CRUZ,FERNANDA CRUZ,PSOL,FEMININO,BRANCA,ENSINO MÉDIO COMPLETO,ESTETICISTA,SUPLENTE,0,Esquerda,Esquerda,568.56,0.0,0.0,0.0,0.0,0.0,0.0,0.0,568.56,0.0,0.0,1.4804412501104598,841.7196771628029,0.8810534896901937,841.7196771628029,0.0,0.0,0.0,0.0,0.0,0.0,0.0,568.56,0.0,0.0,0.0,0.0,2.0,568.56,1.4804412501104598,841.7196771628029,0.0,841.7196771628029,0.0,0.0,0.0,0.0,0.0,0,0.8810534896901937,0.8810534896901937,0.0,PSOL,-1,#NULO#,#NULO#,210000002816,PARTIDO ISOLADO,PSOL,PARTIDO ISOLADO,PARTIDO:PSOL,193.0,193.0,3.0,0,7470.0,1883.0,9353.0,1.0,179870.0,0.05199866570300773,0.0010729971646188914,0.02063509034534374,0.5199866570300773,7.599912842187128,3.3719769744945847,12.0,FERNANDA QUADRADO CRUZ,0.0,0.0,0.0,0.0,0.0,0.0,0.0
2016,87912,PELOTAS,210000032716,DANIEL DE AVILA MENESES,DANIEL MENESES,PT do B,MASCULINO,BRANCA,ENSINO FUNDAMENTAL INCOMPLETO,OUTROS,NÃO ELEITO,0,Centro,Centro,0.0,370.0,0.0,0.0,0.0,0.0,0.0,0.0,370.0,0.0,0.0,1.4804412501104598,547.7632625408701,0.6301848215617833,0.0,547.7632625408701,0.0,0.0,0.0,0.0,0.0,0.0,370.0,0.0,0.0,0.0,0.0,2.0,370.0,1.4804412501104598,547.7632625408701,0.0,547.7632625408701,0.0,0.0,0.0,0.0,0.0,0,0.6301848215617833,0.6301848215617833,0.0,PT do B,-1,#NULO#,#NULO#,210000002840,PARTIDO ISOLADO,PT do B,PARTIDO ISOLADO,PARTIDO:PT do B,81.0,81.0,3.0,0,1862.0,69.0,1931.0,1.0,179870.0,0.010735531216990049,0.00045032523489186633,0.04194717762817193,0.10735531216990048,6.357552004618084,1.5513929680274543,8.0,DANIEL DE AVILA MENESES,0.0,0.0,0.0,0.0,0.0,0.0,0.0
2016,87912,PELOTAS,210000032362,CLOVIS VALIM GARCIA,CLOVIS GARCIA,PMDB,MASCULINO,PRETA,ENSINO FUNDAMENTAL INCOMPLETO,APOSENTADO (EXCETO SERVIDOR PÚBLICO),SUPLENTE,0,Centro,Centro,0.0,200.0,0.0,0.0,456.0,0.0,0.0,0.0,656.0,0.0,0.0,1.4804412501104598,971.1694600724616,0.9790518092058604,0.0,296.088250022092,0.0,0.0,675.0812100503697,0.0,0.0,0.0,656.0,0.0,0.0,0.0,0.0,2.0,656.0,1.4804412501104598,971.1694600724616,0.0,971.1694600724616,0.0,0.0,0.0,0.0,0.0,0,0.9790518092058604,0.9790518092058604,0.0,PMDB,-1,#NULO#,#NULO#,210000002820,PMDB-PPS,PPS / PMDB,COLIGAÇÃO,COLIGACAO:210000002820,35.0,35.0,3.0,0,10688.0,496.0,11184.0,2.0,179870.0,0.06217823983988436,0.00019458497803969533,0.0031294706723891275,0.6217823983988435,5.169925001442312,3.6069159418252053,25.0,CLOVIS VALIM GARCIA,0.0,0.0,0.0,0.0,0.0,0.0,0.0
2016,87912,PELOTAS,210000032506,MARCUS SIQUEIRA DA CUNHA,MARCUS CUNHA,PDT,MASCULINO,BRANCA,SUPERIOR COMPLETO,ADVOGADO,ELEITO POR QP,1,Esquerda,Centro,3490.0,49964.75,498.99,0.0,0.0,0.0,0.0,0.0,53953.74,498.99,0.0092484784187342,1.4804412501104598,79875.34229373472,6.337628008013263,5166.739962885505,73969.8769514566,738.7253793926184,0.0,0.0,0.0,0.0,0.0,53953.74,0.0,0.0,0.0,0.0,104.0,53953.74,1.4804412501104598,79875.34229373472,0.0,79875.34229373472,0.0,0.0,0.0,0.0,0.0,0,6.337628008013263,6.337628008013263,0.0,PDT,-1,#NULO#,#NULO#,210000002825,PARTIDO ISOLADO,PDT,PARTIDO ISOLADO,PARTIDO:PDT,2648.0,2648.0,3.0,0,21202.0,2971.0,24173.0,1.0,179870.0,0.13439150497581587,0.014721743481403236,0.1095437057874488,1.3439150497581587,11.371232128369622,4.653805255256417,2.0,MARCUS SIQUEIRA DA CUNHA,0.0,0.0,0.0,0.0,0.0,0.0,0.0
2016,87912,PELOTAS,210000032425,DIONES ALMEIDA DA SILVA,DIONES ALMEIDA,DEM,MASCULINO,BRANCA,ENSINO MÉDIO COMPLETO,EMPRESÁRIO,SUPLENTE,0,Direita,Direita,600.0,0.0,830.0,0.0,0.0,0.0,0.0,0.0,1430.0,830.0,0.5804195804195804,1.4804412501104598,2117.0309876579577,1.640172497445875,888.2647500662758,0.0,1228.7662375916816,0.0,0.0,0.0,0.0,0.0,1402.4,0.0,0.0,0.0,0.0,10.0,1402.4,1.4804412501104598,2076.170809154909,0.0,2076.170809154909,0.0,0.0,0.0,0.0,0.0,0,1.621135613403452,1.621135613403452,0.0,DEM,-1,#NULO#,#NULO#,210000002823,DEM-PTC-PHS,DEM / PTC / PHS,COLIGAÇÃO,COLIGACAO:210000002823,151.0,151.0,3.0,0,12763.0,287.0,13050.0,3.0,179870.0,0.07255239895480069,0.000839495190971257,0.01157088122605364,0.7255239895480068,7.247927513443585,3.812498225333564,15.0,DIONES ALMEIDA DA SILVA,0.0,0.0,0.0,0.0,0.0,0.0,0.0
2016,87912,PELOTAS,210000032359,DANIELA GANTES DA SILVA,DANIELA SILVA,PMDB,FEMININO,BRANCA,SUPERIOR COMPLETO,ENFERMEIRO,SUPLENTE,0,Centro,Centro,0.0,0.0,0.0,0.0,0.0,0.0,0.0,0.0,0.0,0.0,,1.4804412501104598,0.0,0.0,0.0,0.0,0.0,0.0,0.0,0.0,0.0,0.0,0.0,0.0,0.0,0.0,0.0,0.0,0.0,1.4804412501104598,0.0,0.0,0.0,0.0,0.0,0.0,0.0,0.0,0,0.0,0.0,0.0,PMDB,-1,#NULO#,#NULO#,210000002820,PMDB-PPS,PPS / PMDB,COLIGAÇÃO,COLIGACAO:210000002820,0.0,0.0,3.0,0,10688.0,496.0,11184.0,2.0,179870.0,0.06217823983988436,0.0,0.0,0.6217823983988435,0.0,3.6069159418252053,31.0,DANIELA GANTES DA SILVA,0.0,0.0,0.0,0.0,0.0,0.0,0.0
2016,87912,PELOTAS,210000032498,FLORACI DE VASCONCELOS VITACA,FLORACI FAROFA,PDT,MASCULINO,BRANCA,ENSINO FUNDAMENTAL COMPLETO,MOTORISTA DE VEÍCULOS DE TRANSPORTE COLETIVO DE PASSAGEIROS,SUPLENTE,0,Esquerda,Centro,150.0,0.0,498.99,0.0,0.0,0.0,0.0,0.0,648.99,498.99,0.7688716313040262,1.4804412501104598,960.7915669091872,0.9714361845007552,222.06618751656896,0.0,738.7253793926184,0.0,0.0,0.0,0.0,0.0,848.99,0.0,0.0,0.0,0.0,4.0,848.99,1.4804412501104598,1256.8798169312793,0.0,1256.8798169312793,0.0,0.0,0.0,0.0,0.0,0,1.1743295943676912,1.1743295943676912,0.0,PDT,-1,#NULO#,#NULO#,210000002825,PARTIDO ISOLADO,PDT,PARTIDO ISOLADO,PARTIDO:PDT,274.0,274.0,3.0,0,21202.0,2971.0,24173.0,1.0,179870.0,0.13439150497581587,0.0015233223995107577,0.01133496049311215,1.3439150497581587,8.103287808412022,4.653805255256417,18.0,FLORACI DE VASCONCELOS VITACA,0.0,0.0,0.0,0.0,0.0,0.0,0.0
2016,87912,PELOTAS,210000032722,HUMBERTO LUIZ DOS SANTOS,HUMBERTO BOCA,PT do B,MASCULINO,BRANCA,ENSINO FUNDAMENTAL INCOMPLETO,OUTROS,NÃO ELEITO,0,Centro,Centro,0.0,0.0,0.0,0.0,0.0,0.0,0.0,0.0,0.0,0.0,,1.4804412501104598,0.0,0.0,0.0,0.0,0.0,0.0,0.0,0.0,0.0,0.0,0.0,0.0,0.0,0.0,0.0,0.0,0.0,1.4804412501104598,0.0,0.0,0.0,0.0,0.0,0.0,0.0,0.0,0,0.0,0.0,0.0,,,,,,,,,PARTIDO:PT do B,0.0,0.0,,1,1862.0,69.0,1931.0,1.0,179870.0,0.010735531216990049,0.0,0.0,0.10735531216990048,0.0,1.5513929680274543,18.0,HUMBERTO LUIZ DOS SANTOS,0.0,0.0,0.0,0.0,0.0,0.0,0.0
2016,87912,PELOTAS,210000032488,ANA EMILIA DANEMBERG PERCEU,ANA PERCEU,PDT,FEMININO,BRANCA,ENSINO MÉDIO COMPLETO,DONA DE CASA,SUPLENTE,0,Esquerda,Centro,150.0,160.0,498.99,0.0,0.0,0.0,0.0,0.0,808.99,498.99,0.6168061409906179,1.4804412501104598,1197.662166926861,1.1359696267061223,222.06618751656896,236.87060001767355,738.7253793926184,0.0,0.0,0.0,0.0,0.0,968.99,0.0,0.0,0.0,0.0,5.0,968.99,1.4804412501104598,1434.5327669445344,0.0,1434.5327669445344,0.0,0.0,0.0,0.0,0.0,0,1.2836449183068788,1.2836449183068788,0.0,PDT,-1,#NULO#,#NULO#,210000002825,PARTIDO ISOLADO,PDT,PARTIDO ISOLADO,PARTIDO:PDT,23.0,23.0,3.0,0,21202.0,2971.0,24173.0,1.0,179870.0,0.13439150497581587,0.0001278701284260855,0.0009514747859181732,1.3439150497581587,4.584962500721156,4.653805255256417,32.0,ANA EMILIA DANEMBERG PERCEU,0.0,0.0,0.0,0.0,0.0,0.0,0.0
2016,87912,PELOTAS,210000032276,FERNANDA PINTO MIRANDA,FERNANDA MIRANDA,PSOL,FEMININO,BRANCA,SUPERIOR COMPLETO,PROFESSOR DE ENSINO FUNDAMENTAL,ELEITO POR QP,1,Esquerda,Esquerda,2950.56,641.0,0.0,0.0,0.0,0.0,0.0,0.0,3591.56,0.0,0.0,1.4804412501104598,5317.0935762467225,2.6592609432785035,4368.130734925918,948.9628413208048,0.0,0.0,0.0,0.0,0.0,0.0,3591.2,0.0,0.0,0.0,0.0,49.0,3591.2,1.4804412501104598,5316.560617396683,0.0,5316.560617396683,0.0,0.0,0.0,0.0,0.0,0,2.659139221236944,2.659139221236944,0.0,PSOL,-1,#NULO#,#NULO#,210000002816,PARTIDO ISOLADO,PSOL,PARTIDO ISOLADO,PARTIDO:PSOL,1250.0,1250.0,3.0,0,7470.0,1883.0,9353.0,1.0,179870.0,0.05199866570300773,0.006949463501417691,0.13364695819523148,0.5199866570300773,10.28886607416582,3.3719769744945847,1.0,FERNANDA PINTO MIRANDA,0.0,0.0,0.0,0.0,0.0,0.0,0.0
2016,87912,PELOTAS,210000032423,MARCIO PEREIRA DOS SANTOS,MARCIO SANTOS,DEM,MASCULINO,BRANCA,ENSINO MÉDIO COMPLETO,MOTORISTA DE VEÍCULOS DE TRANSPORTE DE CARGA,SUPLENTE,0,Direita,Direita,1170.0,1000.0,564.0,0.0,0.0,0.0,0.0,0.0,2734.0,564.0,0.2062911485003657,1.4804412501104598,4047.526377801997,2.33557654493757,1732.116262629238,1480.4412501104598,834.9688650622993,0.0,0.0,0.0,0.0,0.0,2734.0,0.0,0.0,0.0,0.0,6.0,2734.0,1.4804412501104598,4047.526377801997,0.0,4047.526377801997,0.0,0.0,0.0,0.0,0.0,0,2.33557654493757,2.33557654493757,0.0,DEM,-1,#NULO#,#NULO#,210000002823,DEM-PTC-PHS,DEM / PTC / PHS,COLIGAÇÃO,COLIGACAO:210000002823,943.0,943.0,3.0,0,12763.0,287.0,13050.0,3.0,179870.0,0.07255239895480069,0.005242675265469505,0.07226053639846744,0.7255239895480068,9.88264304936184,3.812498225333564,5.0,MARCIO PEREIRA DOS SANTOS,0.0,0.0,0.0,0.0,0.0,0.0,0.0
2016,87912,PELOTAS,210000032414,FAGNER SILVEIRA FEIJO,FAGNER PRESIDENTE,PP,MASCULINO,BRANCA,SUPERIOR INCOMPLETO,SECRETÁRIO E DATILÓGRAFO,SUPLENTE,0,Direita,Direita,0.0,2800.0,0.0,0.0,0.0,0.0,0.0,0.0,2800.0,0.0,0.0,1.4804412501104598,4145.235500309287,2.3632371115901525,0.0,4145.235500309287,0.0,0.0,0.0,0.0,0.0,0.0,2800.01,0.0,0.0,0.0,0.0,6.0,2800.01,1.4804412501104598,4145.250304721789,0.0,4145.250304721789,0.0,0.0,0.0,0.0,0.0,0,2.363241262658024,2.363241262658024,0.0,PP,-1,#NULO#,#NULO#,210000002822,"PP, REDE SUSTENTABILIDADE, PTN",PP / REDE / PTN,COLIGAÇÃO,COLIGACAO:210000002822,1001.0,1001.0,3.0,0,8719.0,381.0,9100.0,3.0,179870.0,0.050592094290320785,0.005565130371935287,0.11,0.5059209429032078,9.968666793195208,3.3362833878644325,2.0,FAGNER SILVEIRA FEIJO,0.0,0.0,0.0,0.0,0.0,0.0,0.0
2016,87912,PELOTAS,210000031872,FRANCISCO EDSON REBOUCAS DE PONTES JUNIOR,JUNIOR CEARA,PSDB,MASCULINO,BRANCA,SUPERIOR COMPLETO,OUTROS,SUPLENTE,0,Centro,Centro,0.0,360.0,0.0,0.0,0.0,0.0,0.0,0.0,360.0,0.0,0.0,1.4804412501104598,532.9588500397655,0.6163189705515747,0.0,532.9588500397655,0.0,0.0,0.0,0.0,0.0,0.0,360.0,0.0,0.0,0.0,0.0,1.0,360.0,1.4804412501104598,532.9588500397655,0.0,532.9588500397655,0.0,0.0,0.0,0.0,0.0,0,0.6163189705515747,0.6163189705515747,0.0,PSDB,-1,#NULO#,#NULO#,210000002790,PSDB/SOLIDARIEDADE,PSDB / SD,COLIGAÇÃO,COLIGACAO:210000002790,202.0,202.0,3.0,0,26910.0,5291.0,32201.0,2.0,179870.0,0.17902373936732086,0.0011230333018290989,0.006273097108785442,1.7902373936732086,7.6653359171851765,5.053154790475044,19.0,FRANCISCO EDSON REBOUCAS DE PONTES JUNIOR,0.0,0.0,0.0,0.0,0.0,0.0,0.0
2016,87912,PELOTAS,210000032329,ALESSANDRA MOTA VARGAS,ALESSANDRA VARGAS,PATRIOTA,FEMININO,PRETA,ENSINO MÉDIO COMPLETO,"VENDEDOR PRACISTA, REPRESENTANTE, CAIXEIRO-VIAJANTE E ASSEMELHADOS",NÃO ELEITO,0,Direita,Direita,400.0,0.0,0.0,0.0,0.0,0.0,0.0,0.0,400.0,0.0,0.0,1.4804412501104598,592.176500044184,0.6710002740876998,592.176500044184,0.0,0.0,0.0,0.0,0.0,0.0,0.0,400.0,0.0,0.0,0.0,0.0,2.0,400.0,1.4804412501104598,592.176500044184,0.0,592.176500044184,0.0,0.0,0.0,0.0,0.0,0,0.6710002740876998,0.6710002740876998,0.0,PEN,-1,#NULO#,#NULO#,210000002818,PARTIDO ISOLADO,PEN,PARTIDO ISOLADO,PARTIDO:PEN,54.0,54.0,3.0,0,517.0,93.0,610.0,1.0,179870.0,0.003391338188691833,0.00030021682326124424,0.08852459016393442,0.03391338188691832,5.78135971352466,0.6870606883398922,5.0,ALESSANDRA MOTA VARGAS,0.0,0.0,0.0,0.0,0.0,0.0,0.0
2016,87912,PELOTAS,210000032417,MOACIR CARDOSO GOTUZZO JUNIOR,MOACIR GANSO,PP,MASCULINO,BRANCA,ENSINO MÉDIO COMPLETO,REPRESENTANTE COMERCIAL,SUPLENTE,0,Direita,Direita,0.0,0.0,0.0,0.0,0.0,0.0,0.0,0.0,0.0,0.0,,1.4804412501104598,0.0,0.0,0.0,0.0,0.0,0.0,0.0,0.0,0.0,0.0,0.0,0.0,0.0,0.0,0.0,0.0,0.0,1.4804412501104598,0.0,0.0,0.0,0.0,0.0,0.0,0.0,0.0,0,0.0,0.0,0.0,PP,-1,#NULO#,#NULO#,210000002822,"PP, REDE SUSTENTABILIDADE, PTN",PP / REDE / PTN,COLIGAÇÃO,COLIGACAO:210000002822,332.0,332.0,3.0,0,8719.0,381.0,9100.0,3.0,179870.0,0.050592094290320785,0.0018457775059765387,0.036483516483516484,0.5059209429032078,8.379378367071261,3.3362833878644325,8.0,MOACIR CARDOSO GOTUZZO JUNIOR,0.0,0.0,0.0,0.0,0.0,0.0,0.0
2016,87912,PELOTAS,210000032487,OTÁVIO BRAUVERES MACHADO,OTÁVIO BRAUVERES MACHADO,PDT,MASCULINO,BRANCA,ENSINO MÉDIO COMPLETO,REPRESENTANTE COMERCIAL,SUPLENTE,0,Esquerda,Centro,150.0,765.0,498.99,0.0,0.0,0.0,0.0,0.0,1413.99,498.99,0.3528949992574205,1.4804412501104598,2093.329123243689,1.6291603410930324,222.06618751656896,1132.5375563345017,738.7253793926184,0.0,0.0,0.0,0.0,0.0,1411.79,0.0,0.0,0.0,0.0,9.0,1411.79,1.4804412501104598,2090.072152493446,0.0,2090.072152493446,0.0,0.0,0.0,0.0,0.0,0,1.6276405251293866,1.6276405251293866,0.0,PDT,-1,#NULO#,#NULO#,210000002825,PARTIDO ISOLADO,PDT,PARTIDO ISOLADO,PARTIDO:PDT,191.0,191.0,3.0,0,21202.0,2971.0,24173.0,1.0,179870.0,0.13439150497581587,0.0010618780230166232,0.007901377570016134,1.3439150497581587,7.584962500721156,4.653805255256417,21.0,OTAVIO BRAUVERES MACHADO,0.0,0.0,0.0,0.0,0.0,0.0,0.0
2016,87912,PELOTAS,210000032723,JOSÉ RENATO PASTORINI DE SOUZA,PASTORINI,PT do B,MASCULINO,BRANCA,ENSINO MÉDIO INCOMPLETO,OUTROS,NÃO ELEITO,0,Centro,Centro,0.0,0.0,0.0,0.0,0.0,0.0,0.0,0.0,0.0,0.0,,1.4804412501104598,0.0,0.0,0.0,0.0,0.0,0.0,0.0,0.0,0.0,0.0,0.0,0.0,0.0,0.0,0.0,0.0,0.0,1.4804412501104598,0.0,0.0,0.0,0.0,0.0,0.0,0.0,0.0,0,0.0,0.0,0.0,,,,,,,,,PARTIDO:PT do B,0.0,0.0,,1,1862.0,69.0,1931.0,1.0,179870.0,0.010735531216990049,0.0,0.0,0.10735531216990048,0.0,1.5513929680274543,18.0,JOSE RENATO PASTORINI DE SOUZA,0.0,0.0,0.0,0.0,0.0,0.0,0.0
2016,87912,PELOTAS,210000033249,EDIENEZ PEREIRA CHAGAS,EDI CHAGAS,PSDB,FEMININO,PARDA,ENSINO FUNDAMENTAL INCOMPLETO,DONA DE CASA,SUPLENTE,0,Centro,Centro,650.0,0.0,0.0,0.0,0.0,0.0,0.0,0.0,650.0,0.0,0.0,1.4804412501104598,962.2868125717988,0.9725359247547866,962.2868125717988,0.0,0.0,0.0,0.0,0.0,0.0,0.0,650.0,0.0,0.0,0.0,0.0,2.0,650.0,1.4804412501104598,962.2868125717988,0.0,962.2868125717988,0.0,0.0,0.0,0.0,0.0,0,0.9725359247547866,0.9725359247547866,0.0,PSDB,-1,#NULO#,#NULO#,210000002790,PSDB/SOLIDARIEDADE,PSDB / SD,COLIGAÇÃO,COLIGACAO:210000002790,8.0,8.0,3.0,0,26910.0,5291.0,32201.0,2.0,179870.0,0.17902373936732086,4.447656640907322e-05,0.00024843948945684917,1.7902373936732086,3.169925001442312,5.053154790475044,23.0,EDIENEZ PEREIRA CHAGAS,0.0,0.0,0.0,0.0,0.0,0.0,0.0
2016,87912,PELOTAS,210000032450,TEREZA MARIA NUNES SAMPAIO,TEREZA SAMPAIO,PHS,FEMININO,BRANCA,ENSINO MÉDIO INCOMPLETO,APOSENTADO (EXCETO SERVIDOR PÚBLICO),SUPLENTE,0,Centro,Centro,0.0,0.0,0.0,0.0,0.0,0.0,0.0,0.0,0.0,0.0,,1.4804412501104598,0.0,0.0,0.0,0.0,0.0,0.0,0.0,0.0,0.0,0.0,0.0,0.0,0.0,0.0,0.0,0.0,0.0,1.4804412501104598,0.0,0.0,0.0,0.0,0.0,0.0,0.0,0.0,0,0.0,0.0,0.0,PHS,-1,#NULO#,#NULO#,210000002823,DEM-PTC-PHS,DEM / PTC / PHS,COLIGAÇÃO,COLIGACAO:210000002823,9.0,9.0,3.0,0,12763.0,287.0,13050.0,3.0,179870.0,0.07255239895480069,5.0036137210207375e-05,0.000689655172413793,0.7255239895480068,3.321928094887362,3.812498225333564,30.0,TEREZA MARIA NUNES SAMPAIO,0.0,0.0,0.0,0.0,0.0,0.0,0.0
2016,87912,PELOTAS,210000032511,LUIS CARLOS DA SILVEIRA FELZ,CARLINHOS,PDT,MASCULINO,BRANCA,ENSINO FUNDAMENTAL INCOMPLETO,MOTORISTA PARTICULAR,SUPLENTE,0,Esquerda,Centro,150.0,500.0,499.01,0.0,0.0,0.0,0.0,0.0,1149.01,499.01,0.4342956110042558,1.4804412501104598,1701.0418007894193,1.4335159668831472,222.06618751656896,740.2206250552299,738.7549882176205,0.0,0.0,0.0,0.0,0.0,649.01,0.0,0.0,0.0,0.0,3.0,649.01,1.4804412501104598,960.8211757341896,0.0,960.8211757341896,0.0,0.0,0.0,0.0,0.0,0,0.9714579696732348,0.9714579696732348,0.0,PDT,-1,#NULO#,#NULO#,210000002825,PARTIDO ISOLADO,PDT,PARTIDO ISOLADO,PARTIDO:PDT,1041.0,1041.0,3.0,0,21202.0,2971.0,24173.0,1.0,179870.0,0.13439150497581587,0.005787513203980653,0.04306457618003558,1.3439150497581587,10.025139562278508,4.653805255256417,6.0,LUIS CARLOS DA SILVEIRA FELZ,0.0,0.0,0.0,0.0,0.0,0.0,0.0
2016,87912,PELOTAS,210000032345,LÉLIA TELMA SHWANZ,LÉLIA SCHWANZ,PPS,FEMININO,BRANCA,SUPERIOR COMPLETO,APOSENTADO (EXCETO SERVIDOR PÚBLICO),SUPLENTE,0,Centro,Centro,300.0,974.35,0.0,0.0,1569.24,0.0,0.0,0.0,2843.59,0.0,0.0,1.4804412501104598,4209.767934401602,2.381219110057608,444.1323750331379,1442.4679320451266,0.0,0.0,2323.167627323338,0.0,0.0,0.0,2843.59,0.0,0.0,0.0,0.0,17.0,2843.59,1.4804412501104598,4209.767934401602,0.0,4209.767934401602,0.0,0.0,0.0,0.0,0.0,0,2.381219110057608,2.381219110057608,0.0,PPS,-1,#NULO#,#NULO#,210000002820,PMDB-PPS,PPS / PMDB,COLIGAÇÃO,COLIGACAO:210000002820,173.0,173.0,3.0,0,10688.0,496.0,11184.0,2.0,179870.0,0.06217823983988436,0.0009618057485962084,0.015468526466380543,0.6217823983988435,7.442943495848728,3.6069159418252053,16.0,LELIA TELMA SHWANZ,0.0,0.0,0.0,0.0,0.0,0.0,0.0
2016,87912,PELOTAS,210000032304,JULIANA RODRIGUES GOIA,JULIANA GOIA,PTB,FEMININO,BRANCA,ENSINO FUNDAMENTAL INCOMPLETO,EMPREGADO DOMÉSTICO,SUPLENTE,0,Direita,Direita,600.0,0.0,0.0,0.0,0.0,0.0,0.0,0.0,600.0,0.0,0.0,1.4804412501104598,888.2647500662758,0.9170610564529,888.2647500662758,0.0,0.0,0.0,0.0,0.0,0.0,0.0,600.0,0.0,0.0,0.0,0.0,2.0,600.0,1.4804412501104598,888.2647500662758,0.0,888.2647500662758,0.0,0.0,0.0,0.0,0.0,0,0.9170610564529,0.9170610564529,0.0,PTB,-1,#NULO#,#NULO#,210000002817,"PTB,PSD,PV,PSC",PTB / PV / PSC / PSD,COLIGAÇÃO,COLIGACAO:210000002817,0.0,0.0,3.0,0,25272.0,651.0,25923.0,4.0,179870.0,0.14412075387780063,0.0,0.0,1.4412075387780061,0.0,4.750767271699517,29.0,JULIANA RODRIGUES GOIA,0.0,0.0,0.0,0.0,0.0,0.0,0.0
2016,87912,PELOTAS,210000032264,CESAR AUGUSTO ARAUJO DE BARROS,CESAR ARAUJO,PROS,MASCULINO,BRANCA,ENSINO MÉDIO COMPLETO,GERENTE,NÃO ELEITO,0,Centro,Centro,0.0,0.0,338.0,0.0,0.0,0.0,0.0,0.0,338.0,338.0,1.0,1.4804412501104598,500.3891425373354,0.5853367281865215,0.0,0.0,500.3891425373354,0.0,0.0,0.0,0.0,0.0,338.0,0.0,0.0,0.0,0.0,3.0,338.0,1.4804412501104598,500.3891425373354,0.0,500.3891425373354,0.0,0.0,0.0,0.0,0.0,0,0.5853367281865215,0.5853367281865215,0.0,PROS,-1,#NULO#,#NULO#,210000002815,PARTIDO ISOLADO,PROS,PARTIDO ISOLADO,PARTIDO:PROS,23.0,23.0,3.0,0,750.0,137.0,887.0,1.0,179870.0,0.004931339300605993,0.0001278701284260855,0.02593010146561443,0.04931339300605993,4.584962500721156,0.9160944229383583,9.0,CESAR AUGUSTO ARAUJO DE BARROS,0.0,0.0,0.0,0.0,0.0,0.0,0.0
2016,87912,PELOTAS,210000032366,DANILO RODRIGUES DA SILVA,DANILO RODRIGUES,PMDB,MASCULINO,BRANCA,SUPERIOR COMPLETO,SERVIDOR PÚBLICO ESTADUAL,SUPLENTE,0,Centro,Centro,7600.0,5160.0,0.0,0.0,0.0,0.0,0.0,0.0,12760.0,0.0,0.0,1.4804412501104598,18890.430351409468,4.3140025856959054,11251.353500839494,7639.076850569972,0.0,0.0,0.0,0.0,0.0,0.0,12749.14,500.0,0.0,500.0,350.0,34.0,12249.14,1.4804412501104598,18874.352759433263,740.2206250552299,18134.13213437804,0.0,740.2206250552299,518.1544375386609,0.0392183315894248,0.3921833158942485,1,4.312835972342941,4.258076561149927,0.7992702224507476,PMDB,-1,#NULO#,#NULO#,210000002820,PMDB-PPS,PPS / PMDB,COLIGAÇÃO,COLIGACAO:210000002820,908.0,908.0,3.0,0,10688.0,496.0,11184.0,2.0,179870.0,0.06217823983988436,0.005048090287429811,0.08118741058655221,0.6217823983988435,9.828136484194108,3.6069159418252053,4.0,DANILO RODRIGUES DA SILVA,0.0,0.0,0.0,0.0,0.0,0.0,0.0
2016,87912,PELOTAS,210000032381,SIDNEI MATIAS FAGUNDES,SIDNEI MATIAS FAGUNDES-SID,PT,MASCULINO,BRANCA,ENSINO MÉDIO COMPLETO,SERVIDOR PÚBLICO ESTADUAL,SUPLENTE,0,Esquerda,Esquerda,3500.0,46210.86,0.0,0.0,0.0,0.0,0.0,0.0,49710.86,0.0,0.0,1.4804412501104598,73594.00772246605,6.22098783560503,5181.544375386609,68412.46334707944,0.0,0.0,0.0,0.0,0.0,0.0,49710.86,0.0,0.0,0.0,1250.0,94.0,49710.86,1.4804412501104598,73594.00772246605,0.0,73594.00772246605,0.0,0.0,1850.5515626380748,0.0,0.0,0,6.22098783560503,6.22098783560503,0.0,PT,-1,#NULO#,#NULO#,210000002821,FRENTE PELOTAS PODE,PT / PC do B,COLIGAÇÃO,COLIGACAO:210000002821,1759.0,1759.0,3.0,0,17426.0,1552.0,18978.0,2.0,179870.0,0.10550953466392395,0.009779285039194974,0.09268626831067552,1.0550953466392394,10.78135971352466,4.3203402568712805,4.0,SIDNEI MATIAS FAGUNDES,0.0,0.0,0.0,0.0,0.0,0.0,0.0
2016,87912,PELOTAS,210000032265,RAFAEL MACHADO FRASCA,FÉLIX FRASCA,PROS,MASCULINO,BRANCA,SUPERIOR INCOMPLETO,VENDEDOR DE COMÉRCIO VAREJISTA E ATACADISTA,NÃO ELEITO,0,Centro,Centro,0.0,0.0,0.0,0.0,0.0,0.0,0.0,0.0,0.0,0.0,,1.4804412501104598,0.0,0.0,0.0,0.0,0.0,0.0,0.0,0.0,0.0,0.0,0.0,0.0,0.0,0.0,0.0,0.0,0.0,1.4804412501104598,0.0,0.0,0.0,0.0,0.0,0.0,0.0,0.0,0,0.0,0.0,0.0,PROS,-1,#NULO#,#NULO#,210000002815,PARTIDO ISOLADO,PROS,PARTIDO ISOLADO,PARTIDO:PROS,24.0,24.0,3.0,0,750.0,137.0,887.0,1.0,179870.0,0.004931339300605993,0.00013342969922721965,0.02705749718151071,0.04931339300605993,4.643856189774724,0.9160944229383583,8.0,RAFAEL MACHADO FRASCA,0.0,0.0,0.0,0.0,0.0,0.0,0.0
2016,87912,PELOTAS,210000032331,ENDRIGO MARCHAND CAMPOS,ENDRIGO MARCHAND,PATRIOTA,MASCULINO,BRANCA,SUPERIOR INCOMPLETO,OUTROS,NÃO ELEITO,0,Direita,Direita,400.0,0.0,0.0,0.0,0.0,0.0,0.0,0.0,400.0,0.0,0.0,1.4804412501104598,592.176500044184,0.6710002740876998,592.176500044184,0.0,0.0,0.0,0.0,0.0,0.0,0.0,400.0,0.0,0.0,0.0,0.0,2.0,400.0,1.4804412501104598,592.176500044184,0.0,592.176500044184,0.0,0.0,0.0,0.0,0.0,0,0.6710002740876998,0.6710002740876998,0.0,PEN,-1,#NULO#,#NULO#,210000002818,PARTIDO ISOLADO,PEN,PARTIDO ISOLADO,PARTIDO:PEN,51.0,51.0,3.0,0,517.0,93.0,610.0,1.0,179870.0,0.003391338188691833,0.0002835381108578418,0.08360655737704918,0.03391338188691832,5.700439718141092,0.6870606883398922,6.0,ENDRIGO MARCHAND CAMPOS,0.0,0.0,0.0,0.0,0.0,0.0,0.0
2016,87912,PELOTAS,210000031878,ENEIAS CLARINDO,ENEIAS CLARINDO,PSDB,MASCULINO,BRANCA,SUPERIOR COMPLETO,OCUPANTE DE CARGO EM COMISSÃO,ELEITO POR MÉDIA,1,Centro,Centro,2350.0,10011.4,0.0,0.0,0.0,0.0,0.0,0.0,12361.4,0.0,0.0,1.4804412501104598,18300.32646911544,4.270553346079699,3479.0369377595807,14821.289531355857,0.0,0.0,0.0,0.0,0.0,0.0,12361.4,0.0,0.0,0.0,700.0,15.0,12361.4,1.4804412501104598,18300.32646911544,0.0,18300.32646911544,0.0,0.0,1036.3088750773218,0.0,0.0,0,4.270553346079699,4.270553346079699,0.0,PSDB,-1,#NULO#,#NULO#,210000002790,PSDB/SOLIDARIEDADE,PSDB / SD,COLIGAÇÃO,COLIGACAO:210000002790,2114.0,2114.0,3.0,0,26910.0,5291.0,32201.0,2.0,179870.0,0.17902373936732086,0.011752932673597598,0.0656501350889724,1.7902373936732086,11.046441948007311,5.053154790475044,4.0,ENEIAS CLARINDO,0.0,0.0,0.0,0.0,0.0,0.0,0.0
2016,87912,PELOTAS,210000032322,RUDINER PETRY DE FARIA,GM PETRY,PSD,MASCULINO,BRANCA,SUPERIOR COMPLETO,SERVIDOR PÚBLICO MUNICIPAL,SUPLENTE,0,Direita,Direita,0.0,0.0,0.0,0.0,0.0,0.0,0.0,0.0,0.0,0.0,,1.4804412501104598,0.0,0.0,0.0,0.0,0.0,0.0,0.0,0.0,0.0,0.0,0.0,0.0,0.0,0.0,0.0,0.0,0.0,1.4804412501104598,0.0,0.0,0.0,0.0,0.0,0.0,0.0,0.0,0,0.0,0.0,0.0,PSD,-1,#NULO#,#NULO#,210000002817,"PTB,PSD,PV,PSC",PTB / PV / PSC / PSD,COLIGAÇÃO,COLIGACAO:210000002817,8.0,8.0,3.0,0,25272.0,651.0,25923.0,4.0,179870.0,0.14412075387780063,4.447656640907322e-05,0.0003086062569918605,1.4412075387780061,3.169925001442312,4.750767271699517,23.0,RUDINER PETRY DE FARIA,0.0,0.0,0.0,0.0,0.0,0.0,0.0
2016,87912,PELOTAS,210000032510,JANETTE DE AVILA ZANUNCIO,JANETTE,PDT,FEMININO,BRANCA,SUPERIOR COMPLETO,"VENDEDOR PRACISTA, REPRESENTANTE, CAIXEIRO-VIAJANTE E ASSEMELHADOS",SUPLENTE,0,Esquerda,Centro,150.0,0.0,498.99,0.0,0.0,0.0,0.0,0.0,648.99,498.99,0.7688716313040262,1.4804412501104598,960.7915669091872,0.9714361845007552,222.06618751656896,0.0,738.7253793926184,0.0,0.0,0.0,0.0,0.0,1148.99,0.0,0.0,0.0,0.0,4.0,1148.99,1.4804412501104598,1701.0121919644173,0.0,1701.0121919644173,0.0,0.0,0.0,0.0,0.0,0,1.4335001519708732,1.4335001519708732,0.0,PDT,-1,#NULO#,#NULO#,210000002825,PARTIDO ISOLADO,PDT,PARTIDO ISOLADO,PARTIDO:PDT,60.0,60.0,3.0,0,21202.0,2971.0,24173.0,1.0,179870.0,0.13439150497581587,0.0003335742480680491,0.002482108137177843,1.3439150497581587,5.930737337562887,4.653805255256417,30.0,JANETTE DE AVILA ZANUNCIO,0.0,0.0,0.0,0.0,0.0,0.0,0.0
2016,87912,PELOTAS,210000031758,JANICE DE ALPOIM DA SILVA DE MELLO,NICE ENTRELAÇAMENTO,PRB,FEMININO,PARDA,ENSINO FUNDAMENTAL COMPLETO,CABELEIREIRO E BARBEIRO,SUPLENTE,0,Direita,Direita,0.0,0.0,0.0,0.0,0.0,0.0,0.0,0.0,0.0,0.0,,1.4804412501104598,0.0,0.0,0.0,0.0,0.0,0.0,0.0,0.0,0.0,0.0,0.0,0.0,0.0,0.0,0.0,0.0,0.0,1.4804412501104598,0.0,0.0,0.0,0.0,0.0,0.0,0.0,0.0,0,0.0,0.0,0.0,PRB,-1,#NULO#,#NULO#,210000002782,PRB/PR,PRB / PR,COLIGAÇÃO,COLIGACAO:210000002782,28.0,28.0,3.0,0,9755.0,258.0,10013.0,2.0,179870.0,0.05566798243175627,0.00015566798243175627,0.0027963647258563867,0.5566798243175627,4.857980995127572,3.4611356151586166,20.0,JANICE DE ALPOIM DA SILVA DE MELLO,0.0,0.0,0.0,0.0,0.0,0.0,0.0
2016,87912,PELOTAS,210000032415,MARCELO VILLELA DA FONSECA,MARCELO FONSECA,PP,MASCULINO,BRANCA,ENSINO MÉDIO COMPLETO,GERENTE,SUPLENTE,0,Direita,Direita,150.0,200.0,0.0,0.0,0.0,0.0,0.0,0.0,350.0,0.0,0.0,1.4804412501104598,518.1544375386609,0.6023185594872688,222.06618751656896,296.088250022092,0.0,0.0,0.0,0.0,0.0,0.0,2748.0,0.0,0.0,0.0,600.0,8.0,2748.0,1.4804412501104598,4068.252555303544,0.0,4068.252555303544,0.0,0.0,888.2647500662758,0.0,0.0,0,2.341488416981807,2.341488416981807,0.0,PP,-1,#NULO#,#NULO#,210000002822,"PP, REDE SUSTENTABILIDADE, PTN",PP / REDE / PTN,COLIGAÇÃO,COLIGACAO:210000002822,442.0,442.0,3.0,0,8719.0,381.0,9100.0,3.0,179870.0,0.050592094290320785,0.0024573302941012956,0.04857142857142857,0.5059209429032078,8.791162888555018,3.3362833878644325,6.0,MARCELO VILLELA DA FONSECA,0.0,0.0,0.0,0.0,0.0,0.0,0.0
2016,87912,PELOTAS,210000032291,WALTER CORREA MATIAS,WALTER CARTEIRO RAUL SEIXAS,PSOL,MASCULINO,BRANCA,ENSINO FUNDAMENTAL INCOMPLETO,SERVIDOR PÚBLICO CIVIL APOSENTADO,SUPLENTE,0,Esquerda,Esquerda,2732.0,50.0,0.0,0.0,0.0,0.0,0.0,0.0,2782.0,0.0,0.0,1.4804412501104598,4118.587557807299,2.355745762477308,4044.565495301776,74.022062505523,0.0,0.0,0.0,0.0,0.0,0.0,2782.0,0.0,0.0,0.0,0.0,3.0,2782.0,1.4804412501104598,4118.587557807299,0.0,4118.587557807299,0.0,0.0,0.0,0.0,0.0,0,2.3557457624773077,2.3557457624773077,0.0,PSOL,-1,#NULO#,#NULO#,210000002816,PARTIDO ISOLADO,PSOL,PARTIDO ISOLADO,PARTIDO:PSOL,178.0,178.0,3.0,0,7470.0,1883.0,9353.0,1.0,179870.0,0.05199866570300773,0.0009896036026018791,0.019031326847000964,0.5199866570300773,7.483815777264256,3.3719769744945847,14.0,WALTER CORREA MATIAS,0.0,0.0,0.0,0.0,0.0,0.0,0.0
2016,87912,PELOTAS,210000032403,FERNANDO OLIVEIRA DE ANDRADE,FERNANDO ANDRADE,PP,MASCULINO,BRANCA,ENSINO FUNDAMENTAL INCOMPLETO,OUTROS,SUPLENTE,0,Direita,Direita,0.0,0.0,0.0,0.0,0.0,0.0,0.0,0.0,0.0,0.0,,1.4804412501104598,0.0,0.0,0.0,0.0,0.0,0.0,0.0,0.0,0.0,0.0,0.0,0.0,0.0,0.0,0.0,0.0,0.0,1.4804412501104598,0.0,0.0,0.0,0.0,0.0,0.0,0.0,0.0,0,0.0,0.0,0.0,PP,-1,#NULO#,#NULO#,210000002822,"PP, REDE SUSTENTABILIDADE, PTN",PP / REDE / PTN,COLIGAÇÃO,COLIGACAO:210000002822,26.0,26.0,3.0,0,8719.0,381.0,9100.0,3.0,179870.0,0.050592094290320785,0.00014454884082948797,0.002857142857142857,0.5059209429032078,4.754887502163468,3.3362833878644325,25.0,FERNANDO OLIVEIRA DE ANDRADE,0.0,0.0,0.0,0.0,0.0,0.0,0.0
2016,87912,PELOTAS,210000031868,RUDIS WREGE RICKES,RUDÃO DA COLÔNIA,PSDB,MASCULINO,BRANCA,ENSINO FUNDAMENTAL COMPLETO,AGRICULTOR,SUPLENTE,0,Centro,Centro,0.0,700.0,0.0,0.0,0.0,0.0,0.0,0.0,700.0,0.0,0.0,1.4804412501104598,1036.3088750773218,1.025956411484578,0.0,1036.3088750773218,0.0,0.0,0.0,0.0,0.0,0.0,698.0,0.0,0.0,0.0,0.0,7.0,698.0,1.4804412501104598,1033.347992577101,0.0,1033.347992577101,0.0,0.0,0.0,0.0,0.0,0,1.0238571429750487,1.0238571429750487,0.0,PSDB,-1,#NULO#,#NULO#,210000002790,PSDB/SOLIDARIEDADE,PSDB / SD,COLIGAÇÃO,COLIGACAO:210000002790,531.0,531.0,3.0,0,26910.0,5291.0,32201.0,2.0,179870.0,0.17902373936732086,0.002952132095402235,0.016490171112698362,1.7902373936732086,9.055282435501189,5.053154790475044,14.0,RUDIS WREGE RICKES,0.0,0.0,0.0,0.0,0.0,0.0,0.0
2016,87912,PELOTAS,210000032457,SERGIO LUIZ TAVARES ACOSTA,PASTOR SÉRGIO ACOSTA,PSB,MASCULINO,BRANCA,SUPERIOR INCOMPLETO,OUTROS,SUPLENTE,0,Esquerda,Centro,0.0,630.0,0.0,0.0,0.0,0.0,0.0,0.0,630.0,0.0,0.0,1.4804412501104598,932.6779875695896,0.9506012834694628,0.0,932.6779875695896,0.0,0.0,0.0,0.0,0.0,0.0,630.0,0.0,0.0,0.0,0.0,2.0,630.0,1.4804412501104598,932.6779875695896,0.0,932.6779875695896,0.0,0.0,0.0,0.0,0.0,0,0.9506012834694628,0.9506012834694628,0.0,PSB,-1,#NULO#,#NULO#,210000002824,PARTIDO ISOLADO,PSB,PARTIDO ISOLADO,PARTIDO:PSB,1225.0,1225.0,3.0,0,21182.0,361.0,21543.0,1.0,179870.0,0.11976983376883304,0.006810474231389337,0.056863018149747015,1.1976983376883303,10.259743263690781,4.494607615593648,7.0,SERGIO LUIZ TAVARES ACOSTA,0.0,0.0,0.0,0.0,0.0,0.0,0.0
2016,87912,PELOTAS,210000032349,LOIVA PINZ MEDRONHA,LOIVA MEDRONHA,PPS,FEMININO,BRANCA,SUPERIOR INCOMPLETO,APOSENTADO (EXCETO SERVIDOR PÚBLICO),SUPLENTE,0,Centro,Centro,300.0,0.0,0.0,0.0,0.0,0.0,0.0,0.0,300.0,0.0,0.0,1.4804412501104598,444.1323750331379,0.5302029915676904,444.1323750331379,0.0,0.0,0.0,0.0,0.0,0.0,0.0,300.0,0.0,0.0,0.0,0.0,2.0,300.0,1.4804412501104598,444.1323750331379,0.0,444.1323750331379,0.0,0.0,0.0,0.0,0.0,0,0.5302029915676904,0.5302029915676904,0.0,PPS,-1,#NULO#,#NULO#,210000002820,PMDB-PPS,PPS / PMDB,COLIGAÇÃO,COLIGACAO:210000002820,6.0,6.0,3.0,0,10688.0,496.0,11184.0,2.0,179870.0,0.06217823983988436,3.335742480680491e-05,0.000536480686695279,0.6217823983988435,2.807354922057604,3.6069159418252053,26.0,LOIVA PINZ MEDRONHA,0.0,0.0,0.0,0.0,0.0,0.0,0.0
2016,87912,PELOTAS,210000032365,EVERTON GANTES SOARES,EVERTON GANTES (MOZO),PMDB,MASCULINO,PARDA,SUPERIOR INCOMPLETO,OUTROS,SUPLENTE,0,Centro,Centro,390.0,0.0,0.0,0.0,456.0,0.0,0.0,0.0,846.0,0.0,0.0,1.4804412501104598,1252.453297593449,1.1714971934843963,577.3720875430794,0.0,0.0,0.0,675.0812100503697,0.0,0.0,0.0,3739.0,0.0,0.0,0.0,0.0,7.0,3739.0,1.4804412501104598,5535.369834163009,0.0,5535.369834163009,0.0,0.0,0.0,0.0,0.0,0,2.7082688799098773,2.7082688799098773,0.0,PMDB,-1,#NULO#,#NULO#,210000002820,PMDB-PPS,PPS / PMDB,COLIGAÇÃO,COLIGACAO:210000002820,341.0,341.0,3.0,0,10688.0,496.0,11184.0,2.0,179870.0,0.06217823983988436,0.001895813643186746,0.030489985693848354,0.6217823983988435,8.417852514885897,3.6069159418252053,10.0,EVERTON GANTES SOARES,0.0,0.0,0.0,0.0,0.0,0.0,0.0
2016,87912,PELOTAS,210000032309,PEDRO GODINHO DA SILVA,PEDRINHO,PSD,MASCULINO,BRANCA,ENSINO FUNDAMENTAL COMPLETO,SERVIDOR PÚBLICO CIVIL APOSENTADO,SUPLENTE,0,Direita,Direita,8034.0,15000.0,0.0,0.0,0.0,0.0,0.0,0.0,23034.0,0.0,0.0,1.4804412501104598,34100.48375504433,5.133419008784553,11893.865003387436,22206.618751656897,0.0,0.0,0.0,0.0,0.0,0.0,23033.35,0.0,0.0,0.0,0.0,13.0,23033.35,1.4804412501104598,34099.52146823176,0.0,34099.52146823176,0.0,0.0,0.0,0.0,0.0,0,5.133379456468051,5.133379456468051,0.0,PSD,-1,#NULO#,#NULO#,210000002817,"PTB,PSD,PV,PSC",PTB / PV / PSC / PSD,COLIGAÇÃO,COLIGACAO:210000002817,2435.0,2435.0,3.0,0,25272.0,651.0,25923.0,4.0,179870.0,0.14412075387780063,0.013537554900761662,0.09393202947189755,1.4412075387780061,11.250298417906333,4.750767271699517,5.0,PEDRO GODINHO DA SILVA,0.0,0.0,0.0,0.0,0.0,0.0,0.0
2016,87912,PELOTAS,210000032270,DANIEL DE SOUZA PEREIRA,PROFESSOR DANIEL,PSOL,MASCULINO,BRANCA,SUPERIOR COMPLETO,PROFESSOR DE ENSINO MÉDIO,SUPLENTE,0,Esquerda,Esquerda,3100.8,40.0,0.0,0.0,0.0,0.0,0.0,0.0,3140.8,0.0,0.0,1.4804412501104598,4649.769878346932,2.498192106089088,4590.552228342514,59.21765000441839,0.0,0.0,0.0,0.0,0.0,0.0,3140.75,0.0,0.0,0.0,0.0,6.0,3140.75,1.4804412501104598,4649.695856284427,0.0,4649.695856284427,0.0,0.0,0.0,0.0,0.0,0,2.4981732040869926,2.4981732040869926,0.0,PSOL,-1,#NULO#,#NULO#,210000002816,PARTIDO ISOLADO,PSOL,PARTIDO ISOLADO,PARTIDO:PSOL,212.0,212.0,3.0,0,7470.0,1883.0,9353.0,1.0,179870.0,0.05199866570300773,0.0011786290098404404,0.022666524109911258,0.5199866570300773,7.734709620225838,3.3719769744945847,10.0,DANIEL DE SOUZA PEREIRA,0.0,0.0,0.0,0.0,0.0,0.0,0.0
2016,87912,PELOTAS,210000032386,MORGANA MORELES PROENÇA,MORGANA MORELES PROENÇA,PT,FEMININO,BRANCA,ENSINO FUNDAMENTAL COMPLETO,COZINHEIRO,SUPLENTE,0,Esquerda,Esquerda,400.0,0.0,0.0,0.0,0.0,0.0,0.0,0.0,400.0,0.0,0.0,1.4804412501104598,592.176500044184,0.6710002740876998,592.176500044184,0.0,0.0,0.0,0.0,0.0,0.0,0.0,400.0,0.0,0.0,0.0,0.0,3.0,400.0,1.4804412501104598,592.176500044184,0.0,592.176500044184,0.0,0.0,0.0,0.0,0.0,0,0.6710002740876998,0.6710002740876998,0.0,PT,-1,#NULO#,#NULO#,210000002821,FRENTE PELOTAS PODE,PT / PC do B,COLIGAÇÃO,COLIGACAO:210000002821,76.0,76.0,3.0,0,17426.0,1552.0,18978.0,2.0,179870.0,0.10550953466392395,0.0004225273808861956,0.004004636948045105,1.0550953466392394,6.266786540694901,4.3203402568712805,17.0,MORGANA MORELES PROENCA,0.0,0.0,0.0,0.0,0.0,0.0,0.0
2016,87912,PELOTAS,210000032428,LUIS HENRIQUE TEIXEIRA REIS,LUIS HENRIQUE,DEM,MASCULINO,PRETA,ENSINO MÉDIO COMPLETO,CONTADOR,SUPLENTE,0,Direita,Direita,200.0,1550.0,564.0,0.0,0.0,0.0,0.0,0.0,2314.0,564.0,0.243733794295592,1.4804412501104598,3425.741052755604,2.145919042455204,296.088250022092,2294.683937671213,834.9688650622993,0.0,0.0,0.0,0.0,0.0,2314.09,0.0,0.0,0.0,0.0,10.0,2314.09,1.4804412501104598,3425.874292468114,0.0,3425.874292468114,0.0,0.0,0.0,0.0,0.0,0,2.145962475041236,2.145962475041236,0.0,DEM,-1,#NULO#,#NULO#,210000002823,DEM-PTC-PHS,DEM / PTC / PHS,COLIGAÇÃO,COLIGACAO:210000002823,388.0,388.0,3.0,0,12763.0,287.0,13050.0,3.0,179870.0,0.07255239895480069,0.002157113470840051,0.029731800766283525,0.7255239895480068,8.603626344986193,3.812498225333564,7.0,LUIS HENRIQUE TEIXEIRA REIS,0.0,0.0,0.0,0.0,0.0,0.0,0.0
2016,87912,PELOTAS,210000031866,CARLOS EDUARDO RODRIGUES DOS SANTOS,EDUARDO CABEÇA,PSDB,MASCULINO,BRANCA,ENSINO FUNDAMENTAL COMPLETO,REPRESENTANTE COMERCIAL,SUPLENTE,0,Centro,Centro,2060.0,600.0,0.0,0.0,0.0,0.0,0.0,0.0,2660.0,0.0,0.0,1.4804412501104598,3937.973725293823,2.303919159994435,3049.7089752275474,888.2647500662758,0.0,0.0,0.0,0.0,0.0,0.0,2593.0,0.0,0.0,0.0,0.0,7.0,2593.0,1.4804412501104598,3838.7841615364223,0.0,3838.7841615364223,0.0,0.0,0.0,0.0,0.0,0,2.2746445878971184,2.2746445878971184,0.0,PSDB,-1,#NULO#,#NULO#,210000002790,PSDB/SOLIDARIEDADE,PSDB / SD,COLIGAÇÃO,COLIGACAO:210000002790,669.0,669.0,3.0,0,26910.0,5291.0,32201.0,2.0,179870.0,0.17902373936732086,0.003719352865958748,0.020775752305829013,1.7902373936732086,9.388017285345136,5.053154790475044,10.0,CARLOS EDUARDO RODRIGUES DOS SANTOS,0.0,0.0,0.0,0.0,0.0,0.0,0.0
2016,87912,PELOTAS,210000032393,JANE SOARES MARTINS,JANE MARTINS,PT,FEMININO,BRANCA,SUPERIOR COMPLETO,ASSISTENTE SOCIAL,SUPLENTE,0,Esquerda,Esquerda,400.0,0.0,0.0,0.0,0.0,0.0,0.0,0.0,400.0,0.0,0.0,1.4804412501104598,592.176500044184,0.6710002740876998,592.176500044184,0.0,0.0,0.0,0.0,0.0,0.0,0.0,400.0,0.0,0.0,0.0,0.0,3.0,400.0,1.4804412501104598,592.176500044184,0.0,592.176500044184,0.0,0.0,0.0,0.0,0.0,0,0.6710002740876998,0.6710002740876998,0.0,PT,-1,#NULO#,#NULO#,210000002821,FRENTE PELOTAS PODE,PT / PC do B,COLIGAÇÃO,COLIGACAO:210000002821,15.0,15.0,3.0,0,17426.0,1552.0,18978.0,2.0,179870.0,0.10550953466392395,8.339356201701228e-05,0.0007903888713246917,1.0550953466392394,4.0,4.3203402568712805,22.0,JANE SOARES MARTINS,0.0,0.0,0.0,0.0,0.0,0.0,0.0
2016,87912,PELOTAS,210000032485,TIAGO DA LUZ DE ARAUJO,TIAGO ARAUJO,PDT,MASCULINO,BRANCA,SUPERIOR COMPLETO,ADVOGADO,SUPLENTE,0,Esquerda,Centro,6550.0,2250.0,498.99,0.0,0.0,0.0,0.0,0.0,9298.99,498.99,0.0536606663734448,1.4804412501104598,13766.608380364663,3.884266598396287,9696.890188223511,3330.9928127485346,738.7253793926184,0.0,0.0,0.0,0.0,0.0,9297.15,0.0,0.0,0.0,600.0,26.0,9297.15,1.4804412501104598,13763.88436846446,0.0,13763.88436846446,0.0,0.0,888.2647500662758,0.0,0.0,0,3.884000438362703,3.884000438362703,0.0,PDT,-1,#NULO#,#NULO#,210000002825,PARTIDO ISOLADO,PDT,PARTIDO ISOLADO,PARTIDO:PDT,835.0,835.0,3.0,0,21202.0,2971.0,24173.0,1.0,179870.0,0.13439150497581587,0.004642241618947017,0.034542671575724986,1.3439150497581587,9.707359132080883,4.653805255256417,8.0,TIAGO DA LUZ DE ARAUJO,0.0,0.0,0.0,0.0,0.0,0.0,0.0
2016,87912,PELOTAS,210000032271,DANIEL BARBIER LEAL,DAN BARBIER,PSOL,MASCULINO,BRANCA,SUPERIOR COMPLETO,HISTORIADOR,SUPLENTE,0,Esquerda,Esquerda,5420.0,2391.6,0.0,0.0,0.0,0.0,0.0,0.0,7811.6,0.0,0.0,1.4804412501104598,11564.614869362867,3.651294545288125,8023.991575598692,3540.623293764176,0.0,0.0,0.0,0.0,0.0,0.0,7756.47,0.0,0.0,0.0,950.0,7.0,7756.47,1.4804412501104598,11482.998143244278,0.0,11482.998143244278,0.0,0.0,1406.4191876049367,0.0,0.0,0,3.641892574513387,3.641892574513387,0.0,PSOL,-1,#NULO#,#NULO#,210000002816,PARTIDO ISOLADO,PSOL,PARTIDO ISOLADO,PARTIDO:PSOL,1021.0,1021.0,3.0,0,7470.0,1883.0,9353.0,1.0,179870.0,0.05199866570300773,0.0056763217879579695,0.10916283545386507,0.5199866570300773,9.997179480937621,3.3719769744945847,3.0,DANIEL BARBIER LEAL,0.0,0.0,0.0,0.0,0.0,0.0,0.0
2016,87912,PELOTAS,210000032436,PATRICIA PERES PONTES,PATRICIA PONTES,DEM,FEMININO,PRETA,SUPERIOR INCOMPLETO,PROFESSOR DE ENSINO FUNDAMENTAL,SUPLENTE,0,Direita,Direita,200.0,0.0,564.0,0.0,0.0,0.0,0.0,0.0,764.0,564.0,0.7382198952879581,1.4804412501104598,1131.0571150843912,1.091569259730092,296.088250022092,0.0,834.9688650622993,0.0,0.0,0.0,0.0,0.0,764.0,0.0,0.0,0.0,0.0,3.0,764.0,1.4804412501104598,1131.0571150843912,0.0,1131.0571150843912,0.0,0.0,0.0,0.0,0.0,0,1.091569259730092,1.091569259730092,0.0,DEM,-1,#NULO#,#NULO#,210000002823,DEM-PTC-PHS,DEM / PTC / PHS,COLIGAÇÃO,COLIGACAO:210000002823,124.0,124.0,3.0,0,12763.0,287.0,13050.0,3.0,179870.0,0.07255239895480069,0.0006893867793406349,0.00950191570881226,0.7255239895480068,6.965784284662087,3.812498225333564,21.0,PATRICIA PERES PONTES,0.0,0.0,0.0,0.0,0.0,0.0,0.0
2016,87912,PELOTAS,210000032399,JULIO CESAR XAVIER BOTELHO,JULIO GUARANY,REDE,MASCULINO,BRANCA,SUPERIOR COMPLETO,OUTROS,SUPLENTE,0,Esquerda,Centro,2000.0,1190.0,0.0,0.0,401.5,0.0,0.0,0.0,3591.5,0.0,0.0,1.4804412501104598,5317.004749771716,2.659240656984747,2960.88250022092,1761.7250876314472,0.0,0.0,594.3971619193496,0.0,0.0,0.0,3591.5,0.0,0.0,0.0,1000.0,9.0,3591.5,1.4804412501104598,5317.004749771716,0.0,5317.004749771716,0.0,0.0,1480.4412501104598,0.0,0.0,0,2.659240656984747,2.659240656984747,0.0,REDE,-1,#NULO#,#NULO#,210000002822,"PP, REDE SUSTENTABILIDADE, PTN",PP / REDE / PTN,COLIGAÇÃO,COLIGACAO:210000002822,87.0,87.0,3.0,0,8719.0,381.0,9100.0,3.0,179870.0,0.050592094290320785,0.00048368265969867127,0.00956043956043956,0.5059209429032078,6.459431618637297,3.3362833878644325,18.0,JULIO CESAR XAVIER BOTELHO,0.0,0.0,0.0,0.0,0.0,0.0,0.0
2016,87912,PELOTAS,210000031734,HELIO FERNANDO XAVIER VIEIRA,HELIO VIEIRA,PR,MASCULINO,BRANCA,SUPERIOR INCOMPLETO,ATLETA PROFISSIONAL E TÉCNICO EM DESPORTOS,SUPLENTE,0,Direita,Direita,1740.0,1800.0,0.0,0.0,0.0,0.0,0.0,0.0,3540.0,0.0,0.0,1.4804412501104598,5240.762025391027,2.641722199461063,2575.9677751922,2664.794250198828,0.0,0.0,0.0,0.0,0.0,0.0,3537.45,0.0,0.0,0.0,500.0,7.0,3537.45,1.4804412501104598,5236.986900203246,0.0,5236.986900203246,0.0,0.0,740.2206250552299,0.0,0.0,0,2.6408492287696657,2.6408492287696657,0.0,PR,-1,#NULO#,#NULO#,210000002782,PRB/PR,PRB / PR,COLIGAÇÃO,COLIGACAO:210000002782,654.0,654.0,3.0,0,9755.0,258.0,10013.0,2.0,179870.0,0.05566798243175627,0.0036359593039417357,0.06531509038250274,0.5566798243175627,9.355351096424812,3.4611356151586166,5.0,HELIO FERNANDO XAVIER VIEIRA,0.0,0.0,0.0,0.0,0.0,0.0,0.0
2016,87912,PELOTAS,210000031877,EDMAR CAMPOS,EDMAR GAUCHO CAMPOS,PSDB,MASCULINO,BRANCA,ENSINO MÉDIO INCOMPLETO,SERVIDOR PÚBLICO CIVIL APOSENTADO,SUPLENTE,0,Centro,Centro,150.0,1632.0,0.0,0.0,0.0,0.0,0.0,0.0,1782.0,0.0,0.0,1.4804412501104598,2638.14630769684,1.8632035619955536,222.06618751656896,2416.0801201802706,0.0,0.0,0.0,0.0,0.0,0.0,1771.86,0.0,0.0,0.0,0.0,7.0,1771.86,1.4804412501104598,2623.13463342072,0.0,2623.13463342072,0.0,0.0,0.0,0.0,0.0,0,1.857238416434187,1.857238416434187,0.0,PSDB,-1,#NULO#,#NULO#,210000002790,PSDB/SOLIDARIEDADE,PSDB / SD,COLIGAÇÃO,COLIGACAO:210000002790,814.0,814.0,3.0,0,26910.0,5291.0,32201.0,2.0,179870.0,0.17902373936732086,0.0045254906321232,0.025278718052234403,1.7902373936732086,9.67065624911844,5.053154790475044,9.0,EDMAR CAMPOS,0.0,0.0,0.0,0.0,0.0,0.0,0.0
2016,87912,PELOTAS,210000032330,MARIANA DOMINGOS SALDANHA,MARIANA DOMINGOS SALDANHA,PATRIOTA,FEMININO,BRANCA,SUPERIOR INCOMPLETO,ENFERMEIRO,NÃO ELEITO,0,Direita,Direita,600.0,0.0,0.0,0.0,0.0,0.0,0.0,0.0,600.0,0.0,0.0,1.4804412501104598,888.2647500662758,0.9170610564529,888.2647500662758,0.0,0.0,0.0,0.0,0.0,0.0,0.0,600.0,0.0,0.0,0.0,0.0,2.0,600.0,1.4804412501104598,888.2647500662758,0.0,888.2647500662758,0.0,0.0,0.0,0.0,0.0,0,0.9170610564529,0.9170610564529,0.0,PEN,-1,#NULO#,#NULO#,210000002818,PARTIDO ISOLADO,PEN,PARTIDO ISOLADO,PARTIDO:PEN,74.0,74.0,3.0,0,517.0,93.0,610.0,1.0,179870.0,0.003391338188691833,0.0004114082392839273,0.12131147540983607,0.03391338188691832,6.22881869049588,0.6870606883398922,3.0,MARIANA DOMINGOS SALDANHA,0.0,0.0,0.0,0.0,0.0,0.0,0.0
2016,87912,PELOTAS,210000032462,DEISE TATIANE MOURA GUNSCH,DEISE GUNSCH,PSB,FEMININO,BRANCA,SUPERIOR COMPLETO,ADMINISTRADOR,SUPLENTE,0,Esquerda,Centro,0.0,0.0,0.0,0.0,0.0,0.0,0.0,0.0,0.0,0.0,,1.4804412501104598,0.0,0.0,0.0,0.0,0.0,0.0,0.0,0.0,0.0,0.0,0.0,0.0,0.0,0.0,0.0,0.0,0.0,1.4804412501104598,0.0,0.0,0.0,0.0,0.0,0.0,0.0,0.0,0,0.0,0.0,0.0,PSB,-1,#NULO#,#NULO#,210000002824,PARTIDO ISOLADO,PSB,PARTIDO ISOLADO,PARTIDO:PSB,68.0,68.0,3.0,0,21182.0,361.0,21543.0,1.0,179870.0,0.11976983376883304,0.00037805081447712236,0.0031564777421900386,1.1976983376883303,6.108524456778169,4.494607615593648,23.0,DEISE TATIANE MOURA GUNSCH,0.0,0.0,0.0,0.0,0.0,0.0,0.0
2016,87912,PELOTAS,210000032191,PAULO LUIZ PIRES MATIAS,PAULO MATIAS O PARÉ,PMN,MASCULINO,PRETA,ENSINO MÉDIO COMPLETO,LANTERNEIRO E PINTOR DE VEÍCULOS,NÃO ELEITO,0,Centro,Centro,0.0,0.0,0.0,0.0,0.0,0.0,0.0,0.0,0.0,0.0,,1.4804412501104598,0.0,0.0,0.0,0.0,0.0,0.0,0.0,0.0,0.0,0.0,0.0,0.0,0.0,0.0,0.0,0.0,0.0,1.4804412501104598,0.0,0.0,0.0,0.0,0.0,0.0,0.0,0.0,0,0.0,0.0,0.0,PMN,-1,#NULO#,#NULO#,210000002809,PARTIDO ISOLADO,PMN,PARTIDO ISOLADO,PARTIDO:PMN,51.0,51.0,3.0,0,863.0,61.0,924.0,1.0,179870.0,0.005137043420247957,0.0002835381108578418,0.05519480519480519,0.05137043420247957,5.700439718141092,0.9441087991079549,5.0,PAULO LUIZ PIRES MATIAS,0.0,0.0,0.0,0.0,0.0,0.0,0.0
2016,87912,PELOTAS,210000032327,MONICA MOREIRA SCHMIDT,MÔNICA M. SCHMIDT,PATRIOTA,FEMININO,BRANCA,SUPERIOR INCOMPLETO,EMPRESÁRIO,NÃO ELEITO,0,Direita,Direita,400.0,170.0,0.0,0.0,0.0,0.0,0.0,0.0,570.0,0.0,0.0,1.4804412501104598,843.8515125629621,0.8827224785901413,592.176500044184,251.67501251877812,0.0,0.0,0.0,0.0,0.0,0.0,563.85,0.0,0.0,0.0,0.0,5.0,563.85,1.4804412501104598,834.7467988747828,0.0,834.7467988747828,0.0,0.0,0.0,0.0,0.0,0,0.8755809801190104,0.8755809801190104,0.0,PEN,-1,#NULO#,#NULO#,210000002818,PARTIDO ISOLADO,PEN,PARTIDO ISOLADO,PARTIDO:PEN,49.0,49.0,3.0,0,517.0,93.0,610.0,1.0,179870.0,0.003391338188691833,0.00027241896925557345,0.08032786885245902,0.03391338188691832,5.643856189774724,0.6870606883398922,7.0,MONICA MOREIRA SCHMIDT,0.0,0.0,0.0,0.0,0.0,0.0,0.0
2016,87912,PELOTAS,210000032711,ADÃO LUIZ QUINTAS FÉBOLO,ADÃO QUINTAS,PT do B,MASCULINO,BRANCA,ENSINO MÉDIO COMPLETO,OUTROS,NÃO ELEITO,0,Centro,Centro,0.0,0.0,0.0,0.0,0.0,0.0,0.0,0.0,0.0,0.0,,1.4804412501104598,0.0,0.0,0.0,0.0,0.0,0.0,0.0,0.0,0.0,0.0,0.0,0.0,0.0,0.0,0.0,0.0,0.0,1.4804412501104598,0.0,0.0,0.0,0.0,0.0,0.0,0.0,0.0,0,0.0,0.0,0.0,PT do B,-1,#NULO#,#NULO#,210000002840,PARTIDO ISOLADO,PT do B,PARTIDO ISOLADO,PARTIDO:PT do B,71.0,71.0,3.0,0,1862.0,69.0,1931.0,1.0,179870.0,0.010735531216990049,0.0003947295268805248,0.03676851372345935,0.10735531216990048,6.169925001442312,1.5513929680274543,10.0,ADAO LUIZ QUINTAS FEBOLO,0.0,0.0,0.0,0.0,0.0,0.0,0.0
2016,87912,PELOTAS,210000032731,ROBERTO GERMANO DO AMARAL,ROBERTO AMARAL,PT do B,MASCULINO,BRANCA,ENSINO FUNDAMENTAL INCOMPLETO,OUTROS,NÃO ELEITO,0,Centro,Centro,0.0,0.0,0.0,0.0,0.0,0.0,0.0,0.0,0.0,0.0,,1.4804412501104598,0.0,0.0,0.0,0.0,0.0,0.0,0.0,0.0,0.0,0.0,0.0,0.0,0.0,0.0,0.0,0.0,0.0,1.4804412501104598,0.0,0.0,0.0,0.0,0.0,0.0,0.0,0.0,0,0.0,0.0,0.0,PT do B,-1,#NULO#,#NULO#,210000002840,PARTIDO ISOLADO,PT do B,PARTIDO ISOLADO,PARTIDO:PT do B,15.0,15.0,3.0,0,1862.0,69.0,1931.0,1.0,179870.0,0.010735531216990049,8.339356201701228e-05,0.007767995857068877,0.10735531216990048,4.0,1.5513929680274543,16.0,ROBERTO GERMANO DO AMARAL,0.0,0.0,0.0,0.0,0.0,0.0,0.0
2016,87912,PELOTAS,210000032380,SANTA PETRONILIA GERALD SODRE,SANTA SODRÉ,PT,FEMININO,BRANCA,ENSINO FUNDAMENTAL INCOMPLETO,APOSENTADO (EXCETO SERVIDOR PÚBLICO),SUPLENTE,0,Esquerda,Esquerda,1350.0,939.46,0.0,0.0,0.0,0.0,0.0,0.0,2289.46,0.0,0.0,1.4804412501104598,3389.411024477893,2.134027370496396,1998.5956876491207,1390.8153368287726,0.0,0.0,0.0,0.0,0.0,0.0,2279.46,0.0,0.0,0.0,0.0,8.0,2279.46,1.4804412501104598,3374.606611976789,0.0,3374.606611976789,0.0,0.0,0.0,0.0,0.0,0,2.1291532879238155,2.1291532879238155,0.0,PT,-1,#NULO#,#NULO#,210000002821,FRENTE PELOTAS PODE,PT / PC do B,COLIGAÇÃO,COLIGACAO:210000002821,68.0,68.0,3.0,0,17426.0,1552.0,18978.0,2.0,179870.0,0.10550953466392395,0.00037805081447712236,0.003583096216671936,1.0550953466392394,6.108524456778169,4.3203402568712805,18.0,SANTA PETRONILIA GERALD SODRE,0.0,0.0,0.0,0.0,0.0,0.0,0.0
2016,87912,PELOTAS,210000032438,MARCELO OLIVEIRA BRANCO,MARCELO BRANCO,DEM,MASCULINO,BRANCA,SUPERIOR INCOMPLETO,SACERDOTE OU MEMBRO DE ORDEM OU SEITA RELIGIOSA,SUPLENTE,0,Direita,Direita,0.0,0.0,564.0,0.0,0.0,0.0,0.0,0.0,564.0,564.0,1.0,1.4804412501104598,834.9688650622993,0.8757555842666934,0.0,0.0,834.9688650622993,0.0,0.0,0.0,0.0,0.0,564.0,0.0,0.0,0.0,0.0,1.0,564.0,1.4804412501104598,834.9688650622993,0.0,834.9688650622993,0.0,0.0,0.0,0.0,0.0,0,0.8757555842666934,0.8757555842666934,0.0,DEM,-1,#NULO#,#NULO#,210000002823,DEM-PTC-PHS,DEM / PTC / PHS,COLIGAÇÃO,COLIGACAO:210000002823,363.0,363.0,3.0,0,12763.0,287.0,13050.0,3.0,179870.0,0.07255239895480069,0.002018124200811697,0.02781609195402299,0.7255239895480068,8.507794640198696,3.812498225333564,9.0,MARCELO OLIVEIRA BRANCO,0.0,0.0,0.0,0.0,0.0,0.0,0.0
2016,87912,PELOTAS,210000031876,LUIZ HENRIQUE CORDEIRO VIANA,VIANA,PSDB,MASCULINO,BRANCA,SUPERIOR COMPLETO,ADVOGADO,ELEITO POR QP,1,Centro,Centro,16500.0,7640.0,0.0,0.0,213.5,0.0,0.0,0.0,24353.5,0.0,0.0,1.4804412501104598,36053.92598456508,5.211554503771845,24427.280626822587,11310.571150843913,0.0,0.0,316.0742068985832,0.0,0.0,0.0,24211.62,1500.0,0.0,1500.0,0.0,24.0,22711.62,1.4804412501104598,35843.88097999941,2220.6618751656897,33623.21910483372,0.0,2220.6618751656897,0.0,0.0619537230470327,0.6195372304703278,1,5.203353131769848,5.113667960859264,1.687357205698231,PSDB,-1,#NULO#,#NULO#,210000002790,PSDB/SOLIDARIEDADE,PSDB / SD,COLIGAÇÃO,COLIGACAO:210000002790,4166.0,4166.0,3.0,0,26910.0,5291.0,32201.0,2.0,179870.0,0.17902373936732086,0.02316117195752488,0.1293748641346542,1.7902373936732086,12.024793384702548,5.053154790475044,2.0,LUIZ HENRIQUE CORDEIRO VIANA,0.0,0.0,0.0,0.0,0.0,0.0,0.0
2016,87912,PELOTAS,210000032339,CARLOS ARISTIDES RODRIGUES,CARLOS ARISTIDES RODRIGUES,PPS,MASCULINO,BRANCA,ENSINO FUNDAMENTAL COMPLETO,SERVIDOR PÚBLICO MUNICIPAL,SUPLENTE,0,Centro,Centro,27120.0,560.5,0.0,0.0,1569.24,0.0,0.0,0.0,29249.74,0.0,0.0,1.4804412501104598,43302.521651005925,5.46931691262622,40149.56670299567,829.7873206869127,0.0,0.0,2323.167627323338,0.0,0.0,0.0,29122.29,0.0,0.0,0.0,0.0,16.0,29122.29,1.4804412501104598,43113.83941367934,0.0,43113.83941367934,0.0,0.0,0.0,0.0,0.0,0,5.463159424622012,5.463159424622012,0.0,PPS,-1,#NULO#,#NULO#,210000002820,PMDB-PPS,PPS / PMDB,COLIGAÇÃO,COLIGACAO:210000002820,248.0,248.0,3.0,0,10688.0,496.0,11184.0,2.0,179870.0,0.06217823983988436,0.0013787735586812699,0.022174535050071532,0.6217823983988435,7.960001932068081,3.6069159418252053,12.0,CARLOS ARISTIDES RODRIGUES,0.0,0.0,0.0,0.0,0.0,0.0,0.0
2016,87912,PELOTAS,210000032346,VAGNER DOS SANTOS NUNES,VAGNER NUNES,PPS,MASCULINO,BRANCA,ENSINO FUNDAMENTAL INCOMPLETO,CERAMISTA E OLEIRO,SUPLENTE,0,Centro,Centro,0.0,0.0,0.0,0.0,1569.24,0.0,0.0,0.0,1569.24,0.0,0.0,1.4804412501104598,2323.167627323338,1.732559067332884,0.0,0.0,0.0,0.0,2323.167627323338,0.0,0.0,0.0,1549.24,0.0,0.0,0.0,0.0,13.0,1549.24,1.4804412501104598,2293.558802321129,0.0,2293.558802321129,0.0,0.0,0.0,0.0,0.0,0,1.7196473078467749,1.7196473078467749,0.0,PPS,-1,#NULO#,#NULO#,210000002820,PMDB-PPS,PPS / PMDB,COLIGAÇÃO,COLIGACAO:210000002820,51.0,51.0,3.0,0,10688.0,496.0,11184.0,2.0,179870.0,0.06217823983988436,0.0002835381108578418,0.0045600858369098714,0.6217823983988435,5.700439718141092,3.6069159418252053,23.0,VAGNER DOS SANTOS NUNES,0.0,0.0,0.0,0.0,0.0,0.0,0.0
2016,87912,PELOTAS,210000032400,MARIO EUGENIO DA SILVA BACCI,MARIO BACCI,REDE,MASCULINO,PRETA,ENSINO MÉDIO COMPLETO,OUTROS,SUPLENTE,0,Esquerda,Centro,2600.0,1991.3,0.0,0.0,580.18,0.0,0.0,0.0,5171.4800000000005,0.0,0.0,1.4804412501104598,7656.072316121241,3.1137125520383053,3849.147250287196,2948.0026613449586,0.0,0.0,858.9224044890865,0.0,0.0,0.0,5171.48,0.0,0.0,0.0,1000.0,12.0,5171.48,1.4804412501104598,7656.07231612124,0.0,7656.07231612124,0.0,0.0,1480.4412501104598,0.0,0.0,0,3.113712552038305,3.113712552038305,0.0,REDE,-1,#NULO#,#NULO#,210000002822,"PP, REDE SUSTENTABILIDADE, PTN",PP / REDE / PTN,COLIGAÇÃO,COLIGACAO:210000002822,252.0,252.0,3.0,0,8719.0,381.0,9100.0,3.0,179870.0,0.050592094290320785,0.0014010118418858065,0.027692307692307693,0.5059209429032078,7.98299357469431,3.3362833878644325,10.0,MARIO EUGENIO DA SILVA BACCI,0.0,0.0,0.0,0.0,0.0,0.0,0.0
2016,87912,PELOTAS,210000031871,GIOVANE DUARTE ARAUJO,GIOVANE ARAUJO SAPONGA,PSDB,MASCULINO,PRETA,ENSINO FUNDAMENTAL COMPLETO,ESCULTOR E PINTOR,SUPLENTE,0,Centro,Centro,930.0,880.0,0.0,0.0,0.0,0.0,0.0,0.0,1810.0,0.0,0.0,1.4804412501104598,2679.5986626999324,1.879548418752989,1376.8103626027275,1302.788300097205,0.0,0.0,0.0,0.0,0.0,0.0,1810.0,0.0,0.0,0.0,0.0,2.0,1810.0,1.4804412501104598,2679.5986626999324,0.0,2679.5986626999324,0.0,0.0,0.0,0.0,0.0,0,1.879548418752989,1.879548418752989,0.0,PSDB,-1,#NULO#,#NULO#,210000002790,PSDB/SOLIDARIEDADE,PSDB / SD,COLIGAÇÃO,COLIGACAO:210000002790,534.0,534.0,3.0,0,26910.0,5291.0,32201.0,2.0,179870.0,0.17902373936732086,0.0029688108078056376,0.016583335921244682,1.7902373936732086,9.06339508128851,5.053154790475044,13.0,GIOVANE DUARTE ARAUJO,0.0,0.0,0.0,0.0,0.0,0.0,0.0
2016,87912,PELOTAS,210000032505,ELIANE SOARES SÁ BRITTO BITENCOURT,PROFESSORA ELIANE,PDT,FEMININO,BRANCA,SUPERIOR COMPLETO,PROFESSOR DE ENSINO FUNDAMENTAL,SUPLENTE,0,Esquerda,Centro,150.0,1423.0,498.99,0.0,0.0,0.0,0.0,0.0,2071.99,498.99,0.2408264518651152,1.4804412501104598,3067.4594658163714,2.0241279688216904,222.06618751656896,2106.6678989071843,738.7253793926184,0.0,0.0,0.0,0.0,0.0,2056.99,0.0,0.0,0.0,425.0,8.0,2056.99,1.4804412501104598,3045.2528470647144,0.0,3045.2528470647144,0.0,0.0,629.1875312969454,0.0,0.0,0,2.016229880604788,2.016229880604788,0.0,PDT,-1,#NULO#,#NULO#,210000002825,PARTIDO ISOLADO,PDT,PARTIDO ISOLADO,PARTIDO:PDT,521.0,521.0,3.0,0,21202.0,2971.0,24173.0,1.0,179870.0,0.13439150497581587,0.0028965363873908936,0.021552972324494272,1.3439150497581587,9.027905996569885,4.653805255256417,11.0,ELIANE SOARES SA BRITTO BITENCOURT,0.0,0.0,0.0,0.0,0.0,0.0,0.0
2016,87912,PELOTAS,210000032491,EDUARDO AFRA ESTANISLAU,DUARDINHO,PDT,MASCULINO,BRANCA,ENSINO MÉDIO COMPLETO,VIGILANTE,SUPLENTE,0,Esquerda,Centro,200.0,190.0,498.99,0.0,0.0,0.0,0.0,0.0,888.99,498.99,0.561299902136132,1.4804412501104598,1316.0974669356976,1.2116959666717224,296.088250022092,281.28383752098733,738.7253793926184,0.0,0.0,0.0,0.0,0.0,884.99,0.0,0.0,0.0,0.0,5.0,884.99,1.4804412501104598,1310.1757019352558,0.0,1310.1757019352558,0.0,0.0,0.0,0.0,0.0,0,1.2080025809361232,1.2080025809361232,0.0,PDT,-1,#NULO#,#NULO#,210000002825,PARTIDO ISOLADO,PDT,PARTIDO ISOLADO,PARTIDO:PDT,175.0,175.0,3.0,0,21202.0,2971.0,24173.0,1.0,179870.0,0.13439150497581587,0.0009729248901984767,0.007239482066768709,1.3439150497581587,7.459431618637297,4.653805255256417,22.0,EDUARDO AFRA ESTANISLAU,0.0,0.0,0.0,0.0,0.0,0.0,0.0
2016,87912,PELOTAS,210000032419,SERGIO RICARDO COSTA GARCIA,SERGIO GARCIA,PP,MASCULINO,BRANCA,ENSINO FUNDAMENTAL INCOMPLETO,APOSENTADO (EXCETO SERVIDOR PÚBLICO),SUPLENTE,0,Direita,Direita,0.0,0.0,0.0,0.0,0.0,0.0,0.0,0.0,0.0,0.0,,1.4804412501104598,0.0,0.0,0.0,0.0,0.0,0.0,0.0,0.0,0.0,0.0,0.0,0.0,0.0,0.0,0.0,0.0,0.0,1.4804412501104598,0.0,0.0,0.0,0.0,0.0,0.0,0.0,0.0,0,0.0,0.0,0.0,PP,-1,#NULO#,#NULO#,210000002822,"PP, REDE SUSTENTABILIDADE, PTN",PP / REDE / PTN,COLIGAÇÃO,COLIGACAO:210000002822,68.0,68.0,3.0,0,8719.0,381.0,9100.0,3.0,179870.0,0.050592094290320785,0.00037805081447712236,0.0074725274725274725,0.5059209429032078,6.108524456778169,3.3362833878644325,22.0,SERGIO RICARDO COSTA GARCIA,0.0,0.0,0.0,0.0,0.0,0.0,0.0
2016,87912,PELOTAS,210000032383,JOSÉ RICARDO DOS SANTOS DE SOUZA,RICARDO SANTOS,PC do B,MASCULINO,BRANCA,ENSINO MÉDIO COMPLETO,COMERCIANTE,SUPLENTE,0,Esquerda,Esquerda,15800.0,0.0,0.0,0.0,0.0,0.0,0.0,0.0,15800.0,0.0,0.0,1.4804412501104598,23390.971751745263,4.608275332049601,23390.971751745263,0.0,0.0,0.0,0.0,0.0,0.0,0.0,15800.0,0.0,0.0,0.0,0.0,30.0,15800.0,1.4804412501104598,23390.971751745263,0.0,23390.971751745263,0.0,0.0,0.0,0.0,0.0,0,4.608275332049601,4.608275332049601,0.0,PC do B,-1,#NULO#,#NULO#,210000002821,FRENTE PELOTAS PODE,PT / PC do B,COLIGAÇÃO,COLIGACAO:210000002821,2418.0,2418.0,3.0,0,17426.0,1552.0,18978.0,2.0,179870.0,0.10550953466392395,0.013443042197142381,0.1274106860575403,1.0550953466392394,11.240195053979924,4.3203402568712805,3.0,JOSE RICARDO DOS SANTOS DE SOUZA,0.0,0.0,0.0,0.0,0.0,0.0,0.0
2016,87912,PELOTAS,210000032480,PAULO RICARDO BARTOLO KNABAH,BARTOLO,PSB,MASCULINO,BRANCA,ENSINO MÉDIO COMPLETO,MILITAR REFORMADO,SUPLENTE,0,Esquerda,Centro,0.0,2800.0,0.0,0.0,0.0,0.0,0.0,0.0,2800.0,0.0,0.0,1.4804412501104598,4145.235500309287,2.3632371115901525,0.0,4145.235500309287,0.0,0.0,0.0,0.0,0.0,0.0,2800.0,0.0,0.0,0.0,550.0,16.0,2800.0,1.4804412501104598,4145.235500309287,0.0,4145.235500309287,0.0,0.0,814.2426875607529,0.0,0.0,0,2.3632371115901525,2.3632371115901525,0.0,PSB,-1,#NULO#,#NULO#,210000002824,PARTIDO ISOLADO,PSB,PARTIDO ISOLADO,PARTIDO:PSB,337.0,337.0,3.0,0,21182.0,361.0,21543.0,1.0,179870.0,0.11976983376883304,0.0018735753599822093,0.015643132339971222,1.1976983376883303,8.400879436282183,4.494607615593648,17.0,PAULO RICARDO BARTOLO KNABAH,0.0,0.0,0.0,0.0,0.0,0.0,0.0
2016,87912,PELOTAS,210000032494,SANTA GELCI NUNES,SANTA GELCI NUNES,PDT,FEMININO,BRANCA,ENSINO FUNDAMENTAL COMPLETO,EMPRESÁRIO,SUPLENTE,0,Esquerda,Centro,150.0,270.5,498.99,0.0,0.0,0.0,0.0,0.0,919.49,498.99,0.5426812689643172,1.4804412501104598,1361.250925064067,1.2395513618164318,222.06618751656896,400.4593581548794,738.7253793926184,0.0,0.0,0.0,0.0,0.0,919.49,0.0,0.0,0.0,0.0,5.0,919.49,1.4804412501104598,1361.250925064067,0.0,1361.250925064067,0.0,0.0,0.0,0.0,0.0,0,1.2395513618164318,1.2395513618164318,0.0,PDT,-1,#NULO#,#NULO#,210000002825,PARTIDO ISOLADO,PDT,PARTIDO ISOLADO,PARTIDO:PDT,119.0,119.0,3.0,0,21202.0,2971.0,24173.0,1.0,179870.0,0.13439150497581587,0.0006615889253349641,0.004922847805402722,1.3439150497581587,6.906890595608519,4.653805255256417,26.0,SANTA GELCI NUNES,0.0,0.0,0.0,0.0,0.0,0.0,0.0
2016,87912,PELOTAS,210000032490,LUIS CARLOS BATISTA DA SILVA,PROFESSOR LUIS,PDT,MASCULINO,PARDA,ENSINO MÉDIO COMPLETO,PROFESSOR DE ENSINO MÉDIO,SUPLENTE,0,Esquerda,Centro,650.0,1349.95,498.99,0.0,0.0,0.0,0.0,0.0,2498.94,498.99,0.1996806646017911,1.4804412501104598,3699.533857551032,2.232517664290111,962.2868125717988,1998.5216655866152,738.7253793926184,0.0,0.0,0.0,0.0,0.0,2510.99,0.0,0.0,0.0,0.0,16.0,2510.99,1.4804412501104598,3717.3731746148633,0.0,3717.3731746148633,0.0,0.0,0.0,0.0,0.0,0,2.2379837318556666,2.2379837318556666,0.0,PDT,-1,#NULO#,#NULO#,210000002825,PARTIDO ISOLADO,PDT,PARTIDO ISOLADO,PARTIDO:PDT,321.0,321.0,3.0,0,21202.0,2971.0,24173.0,1.0,179870.0,0.13439150497581587,0.001784622227164063,0.01327927853390146,1.3439150497581587,8.330916878114618,4.653805255256417,15.0,LUIS CARLOS BATISTA DA SILVA,0.0,0.0,0.0,0.0,0.0,0.0,0.0
2016,87912,PELOTAS,210000032467,MARIA ADRIANA BORGES ROSSALES,ADRIANA ROSSALES,PSB,FEMININO,BRANCA,ENSINO MÉDIO COMPLETO,COMERCIANTE,SUPLENTE,0,Esquerda,Centro,351.95,965.39,0.0,0.0,0.0,0.0,0.0,0.0,1317.34,0.0,0.0,1.4804412501104598,1950.244476420513,1.560834510510199,521.0412979763763,1429.2031784441367,0.0,0.0,0.0,0.0,0.0,0.0,1317.34,0.0,0.0,0.0,400.0,13.0,1317.34,1.4804412501104598,1950.2444764205131,0.0,1950.2444764205131,0.0,0.0,592.176500044184,0.0,0.0,0,1.5608345105101993,1.5608345105101993,0.0,PSB,-1,#NULO#,#NULO#,210000002824,PARTIDO ISOLADO,PSB,PARTIDO ISOLADO,PARTIDO:PSB,63.0,63.0,3.0,0,21182.0,361.0,21543.0,1.0,179870.0,0.11976983376883304,0.0003502529604714516,0.0029243837905584182,1.1976983376883303,6.0,4.494607615593648,24.0,MARIA ADRIANA BORGES ROSSALES,0.0,0.0,0.0,0.0,0.0,0.0,0.0
2016,87912,PELOTAS,210000031749,GEOVANI DA SILVA MOREIRA,GEOVANI LARANJAL,PRB,MASCULINO,BRANCA,ENSINO FUNDAMENTAL COMPLETO,OUTROS,SUPLENTE,0,Direita,Direita,914.0,694.5,435.0,0.0,0.0,0.0,0.0,0.0,2043.5,435.0,0.2128700758502569,1.4804412501104598,3025.2816946007247,2.00908974849011,1353.1233026009602,1028.1664482017145,643.99194379805,0.0,0.0,0.0,0.0,0.0,1974.0,0.0,0.0,0.0,0.0,5.0,1974.0,1.4804412501104598,2922.391027718048,0.0,2922.391027718048,0.0,0.0,0.0,0.0,0.0,0,1.9717333666440773,1.9717333666440773,0.0,PRB,-1,#NULO#,#NULO#,210000002782,PRB/PR,PRB / PR,COLIGAÇÃO,COLIGACAO:210000002782,320.0,320.0,3.0,0,9755.0,258.0,10013.0,2.0,179870.0,0.05566798243175627,0.0017790626563629287,0.03195845400978728,0.5566798243175627,8.326429487122303,3.4611356151586166,7.0,GEOVANI DA SILVA MOREIRA,0.0,0.0,0.0,0.0,0.0,0.0,0.0
2016,87912,PELOTAS,210000032274,DIRLENE SILVEIRA GONÇALVES,DIRLENE GONÇALVES,PSOL,FEMININO,BRANCA,ENSINO MÉDIO COMPLETO,DONA DE CASA,SUPLENTE,0,Esquerda,Esquerda,568.56,0.0,0.0,0.0,0.0,0.0,0.0,0.0,568.56,0.0,0.0,1.4804412501104598,841.7196771628029,0.8810534896901937,841.7196771628029,0.0,0.0,0.0,0.0,0.0,0.0,0.0,568.56,0.0,0.0,0.0,0.0,2.0,568.56,1.4804412501104598,841.7196771628029,0.0,841.7196771628029,0.0,0.0,0.0,0.0,0.0,0,0.8810534896901937,0.8810534896901937,0.0,PSOL,-1,#NULO#,#NULO#,210000002816,PARTIDO ISOLADO,PSOL,PARTIDO ISOLADO,PARTIDO:PSOL,11.0,11.0,3.0,0,7470.0,1883.0,9353.0,1.0,179870.0,0.05199866570300773,6.115527881247568e-05,0.001176093232118037,0.5199866570300773,3.584962500721156,3.3719769744945847,25.0,DIRLENE SILVEIRA GONCALVES,0.0,0.0,0.0,0.0,0.0,0.0,0.0
2016,87912,PELOTAS,210000032446,ARNALDO GERMANO ETCHALUS,SURDINA,DEM,MASCULINO,BRANCA,ENSINO MÉDIO COMPLETO,AGENTE ADMINISTRATIVO,SUPLENTE,0,Direita,Direita,200.0,160.0,564.0,0.0,0.0,0.0,0.0,0.0,924.0,564.0,0.6103896103896104,1.4804412501104598,1367.927715102065,1.2436250409940997,296.088250022092,236.87060001767355,834.9688650622993,0.0,0.0,0.0,0.0,0.0,924.0,0.0,0.0,0.0,0.0,4.0,924.0,1.4804412501104598,1367.927715102065,0.0,1367.927715102065,0.0,0.0,0.0,0.0,0.0,0,1.2436250409940997,1.2436250409940997,0.0,DEM,-1,#NULO#,#NULO#,210000002823,DEM-PTC-PHS,DEM / PTC / PHS,COLIGAÇÃO,COLIGACAO:210000002823,146.0,146.0,3.0,0,12763.0,287.0,13050.0,3.0,179870.0,0.07255239895480069,0.0008116973369655863,0.011187739463601533,0.7255239895480068,7.199672344836364,3.812498225333564,16.0,ARNALDO GERMANO ETCHALUS,0.0,0.0,0.0,0.0,0.0,0.0,0.0
2016,87912,PELOTAS,210000032717,DELCIO DA SILVA MENDES,DELCIO MENDES,PT do B,MASCULINO,BRANCA,ENSINO FUNDAMENTAL INCOMPLETO,OUTROS,NÃO ELEITO,0,Centro,Centro,0.0,200.0,0.0,0.0,0.0,0.0,0.0,0.0,200.0,0.0,0.0,1.4804412501104598,296.088250022092,0.374163953974564,0.0,296.088250022092,0.0,0.0,0.0,0.0,0.0,0.0,620.0,0.0,0.0,0.0,0.0,3.0,620.0,1.4804412501104598,917.873575068485,0.0,917.873575068485,0.0,0.0,0.0,0.0,0.0,0,0.9395076220071342,0.9395076220071342,0.0,PT do B,-1,#NULO#,#NULO#,210000002840,PARTIDO ISOLADO,PT do B,PARTIDO ISOLADO,PARTIDO:PT do B,158.0,158.0,3.0,0,1862.0,69.0,1931.0,1.0,179870.0,0.010735531216990049,0.0008784121865791961,0.08182288969445883,0.10735531216990048,7.312882955284356,1.5513929680274543,5.0,DELCIO DA SILVA MENDES,0.0,0.0,0.0,0.0,0.0,0.0,0.0
2016,87912,PELOTAS,210000032371,ELMIR JOSÉ WALKER,ELMIR WALKER,PT,MASCULINO,BRANCA,SUPERIOR INCOMPLETO,APOSENTADO (EXCETO SERVIDOR PÚBLICO),SUPLENTE,0,Esquerda,Esquerda,4000.0,8000.26,0.0,0.0,0.0,0.0,0.0,0.0,12000.26,0.0,0.0,1.4804412501104598,17765.679916050547,4.230024657627252,5921.765000441839,11843.914915608708,0.0,0.0,0.0,0.0,0.0,0.0,12000.259999999998,0.0,0.0,0.0,0.0,12.0,12000.259999999998,1.4804412501104598,17765.679916050543,0.0,17765.679916050543,0.0,0.0,0.0,0.0,0.0,0,4.230024657627252,4.230024657627252,0.0,PT,-1,#NULO#,#NULO#,210000002821,FRENTE PELOTAS PODE,PT / PC do B,COLIGAÇÃO,COLIGACAO:210000002821,131.0,131.0,3.0,0,17426.0,1552.0,18978.0,2.0,179870.0,0.10550953466392395,0.000728303774948574,0.006902729476235641,1.0550953466392394,7.044394119358453,4.3203402568712805,15.0,ELMIR JOSE WALKER,0.0,0.0,0.0,0.0,0.0,0.0,0.0
2016,87912,PELOTAS,210000031867,TELMA COLVARA ALVES,TELMA ALVES,PSDB,FEMININO,BRANCA,ENSINO MÉDIO COMPLETO,TÉCNICO DE QUÍMICA,SUPLENTE,0,Centro,Centro,1160.0,1568.7,0.0,0.0,0.0,0.0,0.0,0.0,2728.7,0.0,0.0,1.4804412501104598,4039.6800391764114,2.3333321423469275,1717.3118501281333,2322.3681890482785,0.0,0.0,0.0,0.0,0.0,0.0,2728.7200000000003,0.0,0.0,0.0,0.0,11.0,2728.7200000000003,1.4804412501104598,4039.7096480014143,0.0,4039.7096480014143,0.0,0.0,0.0,0.0,0.0,0,2.3333406183571475,2.3333406183571475,0.0,PSDB,-1,#NULO#,#NULO#,210000002790,PSDB/SOLIDARIEDADE,PSDB / SD,COLIGAÇÃO,COLIGACAO:210000002790,296.0,296.0,3.0,0,26910.0,5291.0,32201.0,2.0,179870.0,0.17902373936732086,0.0016456329571357092,0.00919226110990342,1.7902373936732086,8.214319120800766,5.053154790475044,18.0,TELMA COLVARA ALVES,0.0,0.0,0.0,0.0,0.0,0.0,0.0
2016,87912,PELOTAS,210000032427,LUIZA RODRIGUES VITORIA,LUIZA VITORIA,DEM,FEMININO,BRANCA,ENSINO MÉDIO COMPLETO,SERVIDOR PÚBLICO MUNICIPAL,SUPLENTE,0,Direita,Direita,980.0,0.0,498.0,0.0,0.0,0.0,0.0,0.0,1478.0,498.0,0.3369418132611637,1.4804412501104598,2188.09216766326,1.6726933382081275,1450.8324251082506,0.0,737.259742555009,0.0,0.0,0.0,0.0,0.0,1478.0,0.0,0.0,0.0,0.0,3.0,1478.0,1.4804412501104598,2188.09216766326,0.0,2188.09216766326,0.0,0.0,0.0,0.0,0.0,0,1.6726933382081275,1.6726933382081275,0.0,DEM,-1,#NULO#,#NULO#,210000002823,DEM-PTC-PHS,DEM / PTC / PHS,COLIGAÇÃO,COLIGACAO:210000002823,117.0,117.0,3.0,0,12763.0,287.0,13050.0,3.0,179870.0,0.07255239895480069,0.0006504697837326958,0.00896551724137931,0.7255239895480068,6.882643049361842,3.812498225333564,22.0,LUIZA RODRIGUES VITORIA,0.0,0.0,0.0,0.0,0.0,0.0,0.0
2016,87912,PELOTAS,210000032255,MARCIA FERRERO BLANCO,MARCIA BLANCO,PROS,FEMININO,BRANCA,SUPERIOR INCOMPLETO,"VENDEDOR PRACISTA, REPRESENTANTE, CAIXEIRO-VIAJANTE E ASSEMELHADOS",NÃO ELEITO,0,Centro,Centro,0.0,0.0,338.0,0.0,0.0,0.0,0.0,0.0,338.0,338.0,1.0,1.4804412501104598,500.3891425373354,0.5853367281865215,0.0,0.0,500.3891425373354,0.0,0.0,0.0,0.0,0.0,338.0,0.0,0.0,0.0,0.0,3.0,338.0,1.4804412501104598,500.3891425373354,0.0,500.3891425373354,0.0,0.0,0.0,0.0,0.0,0,0.5853367281865215,0.5853367281865215,0.0,PROS,-1,#NULO#,#NULO#,210000002815,PARTIDO ISOLADO,PROS,PARTIDO ISOLADO,PARTIDO:PROS,15.0,15.0,3.0,0,750.0,137.0,887.0,1.0,179870.0,0.004931339300605993,8.339356201701228e-05,0.016910935738444193,0.04931339300605993,4.0,0.9160944229383583,11.0,MARCIA FERRERO BLANCO,0.0,0.0,0.0,0.0,0.0,0.0,0.0
2016,87912,PELOTAS,210000032432,CLEOMAR DE LIMA FERREIRA,CLEOMAR FERREIRA,DEM,MASCULINO,PARDA,ENSINO MÉDIO COMPLETO,VIGILANTE,SUPLENTE,0,Direita,Direita,980.0,0.0,0.0,0.0,498.0,0.0,0.0,0.0,1478.0,0.0,0.0,1.4804412501104598,2188.09216766326,1.6726933382081275,1450.8324251082506,0.0,0.0,0.0,737.259742555009,0.0,0.0,0.0,1478.0,0.0,0.0,0.0,0.0,3.0,1478.0,1.4804412501104598,2188.09216766326,0.0,2188.09216766326,0.0,0.0,0.0,0.0,0.0,0,1.6726933382081275,1.6726933382081275,0.0,DEM,-1,#NULO#,#NULO#,210000002823,DEM-PTC-PHS,DEM / PTC / PHS,COLIGAÇÃO,COLIGACAO:210000002823,195.0,195.0,3.0,0,12763.0,287.0,13050.0,3.0,179870.0,0.07255239895480069,0.0010841163062211597,0.014942528735632184,0.7255239895480068,7.614709844115208,3.812498225333564,13.0,CLEOMAR DE LIMA FERREIRA,0.0,0.0,0.0,0.0,0.0,0.0,0.0
2016,87912,PELOTAS,210000032308,CHAINE DOS SANTOS MEIRELES,NEGA CHAY,PTB,FEMININO,PRETA,ENSINO FUNDAMENTAL INCOMPLETO,OUTROS,SUPLENTE,0,Direita,Direita,600.0,0.0,0.0,0.0,623.7,0.0,0.0,0.0,1223.7,0.0,0.0,1.4804412501104598,1811.6159577601693,1.4913995482963758,888.2647500662758,0.0,0.0,0.0,923.3512076938938,0.0,0.0,0.0,1223.7,0.0,0.0,0.0,0.0,5.0,1223.7,1.4804412501104598,1811.6159577601695,0.0,1811.6159577601695,0.0,0.0,0.0,0.0,0.0,0,1.4913995482963758,1.4913995482963758,0.0,PTB,-1,#NULO#,#NULO#,210000002817,"PTB,PSD,PV,PSC",PTB / PV / PSC / PSD,COLIGAÇÃO,COLIGACAO:210000002817,127.0,127.0,3.0,0,25272.0,651.0,25923.0,4.0,179870.0,0.14412075387780063,0.0007060654917440374,0.004899124329745786,1.4412075387780061,7.0,4.750767271699517,19.0,CHAINE DOS SANTOS MEIRELES,0.0,0.0,0.0,0.0,0.0,0.0,0.0
2016,87912,PELOTAS,210000032350,AMANDA CALDEIRA DOS SANTOS,AMANDA CALDEIRA,PPS,FEMININO,BRANCA,SUPERIOR COMPLETO,COMERCIÁRIO,SUPLENTE,0,Centro,Centro,300.0,0.0,0.0,0.0,0.0,0.0,0.0,0.0,300.0,0.0,0.0,1.4804412501104598,444.1323750331379,0.5302029915676904,444.1323750331379,0.0,0.0,0.0,0.0,0.0,0.0,0.0,300.0,0.0,0.0,0.0,0.0,2.0,300.0,1.4804412501104598,444.1323750331379,0.0,444.1323750331379,0.0,0.0,0.0,0.0,0.0,0,0.5302029915676904,0.5302029915676904,0.0,PPS,-1,#NULO#,#NULO#,210000002820,PMDB-PPS,PPS / PMDB,COLIGAÇÃO,COLIGACAO:210000002820,2.0,2.0,3.0,0,10688.0,496.0,11184.0,2.0,179870.0,0.06217823983988436,1.1119141602268305e-05,0.000178826895565093,0.6217823983988435,1.584962500721156,3.6069159418252053,28.0,AMANDA CALDEIRA DOS SANTOS,0.0,0.0,0.0,0.0,0.0,0.0,0.0
2016,87912,PELOTAS,210000031869,VITALINO BACHINI DE LIMA,VITOR BACHINI,PSDB,MASCULINO,BRANCA,ENSINO FUNDAMENTAL COMPLETO,"PADEIRO, CONFEITEIRO E ASSEMELHADOS",SUPLENTE,0,Centro,Centro,0.0,4188.0,0.0,0.0,0.0,0.0,0.0,0.0,4188.0,0.0,0.0,1.4804412501104598,6200.087955462605,2.848014530462542,0.0,6200.087955462605,0.0,0.0,0.0,0.0,0.0,0.0,4188.0,0.0,0.0,0.0,0.0,9.0,4188.0,1.4804412501104598,6200.087955462605,0.0,6200.087955462605,0.0,0.0,0.0,0.0,0.0,0,2.848014530462542,2.848014530462542,0.0,PSDB,-1,#NULO#,#NULO#,210000002790,PSDB/SOLIDARIEDADE,PSDB / SD,COLIGAÇÃO,COLIGACAO:210000002790,537.0,537.0,3.0,0,26910.0,5291.0,32201.0,2.0,179870.0,0.17902373936732086,0.00298548952020904,0.016676500729791,1.7902373936732086,9.071462362556623,5.053154790475044,12.0,VITALINO BACHINI DE LIMA,0.0,0.0,0.0,0.0,0.0,0.0,0.0
2016,87912,PELOTAS,210000032354,PAULO CAETANO,PAULO CAETANO,PMDB,MASCULINO,BRANCA,SUPERIOR INCOMPLETO,OUTROS,SUPLENTE,0,Centro,Centro,0.0,3200.0,0.0,0.0,0.0,0.0,0.0,0.0,3200.0,0.0,0.0,1.4804412501104598,4737.412000353472,2.5204001208354194,0.0,4737.412000353472,0.0,0.0,0.0,0.0,0.0,0.0,3200.0,0.0,0.0,0.0,0.0,6.0,3200.0,1.4804412501104598,4737.412000353472,0.0,4737.412000353472,0.0,0.0,0.0,0.0,0.0,0,2.5204001208354194,2.5204001208354194,0.0,PMDB,-1,#NULO#,#NULO#,210000002820,PMDB-PPS,PPS / PMDB,COLIGAÇÃO,COLIGACAO:210000002820,112.0,112.0,3.0,0,10688.0,496.0,11184.0,2.0,179870.0,0.06217823983988436,0.0006226719297270251,0.010014306151645207,0.6217823983988435,6.820178962415188,3.6069159418252053,20.0,PAULO CAETANO,0.0,0.0,0.0,0.0,0.0,0.0,0.0
2016,87912,PELOTAS,210000032273,FABIO GIOVANO DA SILVA LAMBERTI,PROFESSOR FÁBIO LAMBERTI,PSOL,MASCULINO,BRANCA,SUPERIOR COMPLETO,PROFESSOR DE ENSINO MÉDIO,SUPLENTE,0,Esquerda,Esquerda,2732.0,0.0,0.0,0.0,0.0,0.0,0.0,0.0,2732.0,0.0,0.0,1.4804412501104598,4044.565495301776,2.334730010705421,4044.565495301776,0.0,0.0,0.0,0.0,0.0,0.0,0.0,2732.0,0.0,0.0,0.0,0.0,2.0,2732.0,1.4804412501104598,4044.565495301776,0.0,4044.565495301776,0.0,0.0,0.0,0.0,0.0,0,2.334730010705421,2.334730010705421,0.0,PSOL,-1,#NULO#,#NULO#,210000002816,PARTIDO ISOLADO,PSOL,PARTIDO ISOLADO,PARTIDO:PSOL,261.0,261.0,3.0,0,7470.0,1883.0,9353.0,1.0,179870.0,0.05199866570300773,0.0014510479790960137,0.027905484871164333,0.5199866570300773,8.03342300153745,3.3719769744945847,9.0,FABIO GIOVANO DA SILVA LAMBERTI,0.0,0.0,0.0,0.0,0.0,0.0,0.0
2016,87912,PELOTAS,210000032396,ANTONIO CARLOS PINTO VASQUES,PANTALHÃO,REDE,MASCULINO,BRANCA,ENSINO FUNDAMENTAL INCOMPLETO,OUTROS,SUPLENTE,0,Esquerda,Centro,9000.0,4146.9,0.0,0.0,558.58,0.0,0.0,0.0,13705.48,0.0,0.0,1.4804412501104598,20290.157944563904,4.412114747589445,13323.971250994138,6139.241820083065,0.0,0.0,826.9448734867007,0.0,0.0,0.0,13705.48,0.0,0.0,0.0,1000.0,20.0,13705.48,1.4804412501104598,20290.157944563904,0.0,20290.157944563904,0.0,0.0,1480.4412501104598,0.0,0.0,0,4.412114747589445,4.412114747589445,0.0,REDE,-1,#NULO#,#NULO#,210000002822,"PP, REDE SUSTENTABILIDADE, PTN",PP / REDE / PTN,COLIGAÇÃO,COLIGACAO:210000002822,495.0,495.0,3.0,0,8719.0,381.0,9100.0,3.0,179870.0,0.050592094290320785,0.0027519875465614055,0.0543956043956044,0.5059209429032078,8.954196310386875,3.3362833878644325,5.0,ANTONIO CARLOS PINTO VASQUES,0.0,0.0,0.0,0.0,0.0,0.0,0.0
2016,87912,PELOTAS,210000032363,ALEX VIEGAS BUSS,ALEX BUSS,PMDB,MASCULINO,BRANCA,ENSINO FUNDAMENTAL INCOMPLETO,MECÂNICO DE MANUTENÇÃO,SUPLENTE,0,Centro,Centro,0.0,0.0,0.0,0.0,456.0,0.0,0.0,0.0,456.0,0.0,0.0,1.4804412501104598,675.0812100503697,0.7442310409416506,0.0,0.0,0.0,0.0,675.0812100503697,0.0,0.0,0.0,456.0,0.0,0.0,0.0,0.0,1.0,456.0,1.4804412501104598,675.0812100503697,0.0,675.0812100503697,0.0,0.0,0.0,0.0,0.0,0,0.7442310409416506,0.7442310409416506,0.0,PMDB,-1,#NULO#,#NULO#,210000002820,PMDB-PPS,PPS / PMDB,COLIGAÇÃO,COLIGACAO:210000002820,671.0,671.0,3.0,0,10688.0,496.0,11184.0,2.0,179870.0,0.06217823983988436,0.0037304720075610164,0.0599964234620887,0.6217823983988435,9.39231742277876,3.6069159418252053,5.0,ALEX VIEGAS BUSS,0.0,0.0,0.0,0.0,0.0,0.0,0.0
2016,87912,PELOTAS,210000031743,CANDIDA SUZEL CARVALHO,CANDIDA CARPENA,PRB,FEMININO,BRANCA,ENSINO MÉDIO COMPLETO,"VENDEDOR PRACISTA, REPRESENTANTE, CAIXEIRO-VIAJANTE E ASSEMELHADOS",SUPLENTE,0,Direita,Direita,914.0,0.0,0.0,0.0,0.0,0.0,0.0,0.0,914.0,0.0,0.0,1.4804412501104598,1353.1233026009602,1.2345769191130926,1353.1233026009602,0.0,0.0,0.0,0.0,0.0,0.0,0.0,914.0,0.0,0.0,0.0,0.0,2.0,914.0,1.4804412501104598,1353.1233026009602,0.0,1353.1233026009602,0.0,0.0,0.0,0.0,0.0,0,1.2345769191130926,1.2345769191130926,0.0,PRB,-1,#NULO#,#NULO#,210000002782,PRB/PR,PRB / PR,COLIGAÇÃO,COLIGACAO:210000002782,7.0,7.0,3.0,0,9755.0,258.0,10013.0,2.0,179870.0,0.05566798243175627,3.8916995607939067e-05,0.0006990911814640967,0.5566798243175627,3.0,3.4611356151586166,22.0,CANDIDA SUZEL CARVALHO,0.0,0.0,0.0,0.0,0.0,0.0,0.0
2016,87912,PELOTAS,210000032434,CLEDER IVANIR VERGARA PAULSEN,VANE GUABIROBA,DEM,MASCULINO,BRANCA,ENSINO MÉDIO COMPLETO,EMPRESÁRIO,SUPLENTE,0,Direita,Direita,0.0,0.0,564.0,0.0,0.0,0.0,0.0,0.0,564.0,564.0,1.0,1.4804412501104598,834.9688650622993,0.8757555842666934,0.0,0.0,834.9688650622993,0.0,0.0,0.0,0.0,0.0,564.0,0.0,0.0,0.0,0.0,1.0,564.0,1.4804412501104598,834.9688650622993,0.0,834.9688650622993,0.0,0.0,0.0,0.0,0.0,0,0.8757555842666934,0.8757555842666934,0.0,DEM,-1,#NULO#,#NULO#,210000002823,DEM-PTC-PHS,DEM / PTC / PHS,COLIGAÇÃO,COLIGACAO:210000002823,129.0,129.0,3.0,0,12763.0,287.0,13050.0,3.0,179870.0,0.07255239895480069,0.0007171846333463057,0.009885057471264367,0.7255239895480068,7.022367813028454,3.812498225333564,19.0,CLEDER IVANIR VERGARA PAULSEN,0.0,0.0,0.0,0.0,0.0,0.0,0.0
2016,87912,PELOTAS,210000031864,EZIO MOREIRA DA SILVA,EZIO MOREIRA,PSDB,MASCULINO,BRANCA,ENSINO MÉDIO INCOMPLETO,SERVIDOR PÚBLICO CIVIL APOSENTADO,SUPLENTE,0,Centro,Centro,0.0,1024.0,0.0,0.0,0.0,0.0,0.0,0.0,1024.0,0.0,0.0,1.4804412501104598,1515.9718401131108,1.331115775016678,0.0,1515.9718401131108,0.0,0.0,0.0,0.0,0.0,0.0,1024.0,0.0,0.0,0.0,0.0,1.0,1024.0,1.4804412501104598,1515.9718401131108,0.0,1515.9718401131108,0.0,0.0,0.0,0.0,0.0,0,1.331115775016678,1.331115775016678,0.0,PSDB,-1,#NULO#,#NULO#,210000002790,PSDB/SOLIDARIEDADE,PSDB / SD,COLIGAÇÃO,COLIGACAO:210000002790,833.0,833.0,3.0,0,26910.0,5291.0,32201.0,2.0,179870.0,0.17902373936732086,0.004631122477344749,0.02586876183969442,1.7902373936732086,9.703903573444663,5.053154790475044,8.0,EZIO MOREIRA DA SILVA,0.0,0.0,0.0,0.0,0.0,0.0,0.0
2016,87912,PELOTAS,210000032443,JOSE SIZENANDO DOS SANTOS LOPES,SIZENANDO,DEM,MASCULINO,PARDA,ENSINO MÉDIO INCOMPLETO,VEREADOR,ELEITO POR MÉDIA,1,Direita,Direita,18311.31,1000.0,996.0,0.0,0.0,0.0,0.0,0.0,20307.31,996.0,0.0490463778806744,1.4804412501104598,30063.779402780645,4.957161462086578,27108.818667560165,1480.4412501104598,1474.519485110018,0.0,0.0,0.0,0.0,0.0,20305.68,0.0,0.0,0.0,500.0,29.0,20305.68,1.4804412501104598,30061.36628354296,0.0,30061.36628354296,0.0,0.0,740.2206250552299,0.0,0.0,0,4.957049385241668,4.957049385241668,0.0,DEM,-1,#NULO#,#NULO#,210000002823,DEM-PTC-PHS,DEM / PTC / PHS,COLIGAÇÃO,COLIGACAO:210000002823,2040.0,2040.0,3.0,0,12763.0,287.0,13050.0,3.0,179870.0,0.07255239895480069,0.01134152443431367,0.15632183908045977,0.7255239895480068,10.995060467032719,3.812498225333564,2.0,JOSE SIZENANDO DOS SANTOS LOPES,0.0,0.0,0.0,0.0,0.0,0.0,0.0
2016,87912,PELOTAS,210000032325,ARTHUR CALDERIPE BONOW,ARTHUR BONOW,PATRIOTA,MASCULINO,BRANCA,SUPERIOR INCOMPLETO,EMPRESÁRIO,NÃO ELEITO,0,Direita,Direita,400.0,0.0,0.0,0.0,0.0,0.0,0.0,0.0,400.0,0.0,0.0,1.4804412501104598,592.176500044184,0.6710002740876998,592.176500044184,0.0,0.0,0.0,0.0,0.0,0.0,0.0,400.0,0.0,0.0,0.0,0.0,2.0,400.0,1.4804412501104598,592.176500044184,0.0,592.176500044184,0.0,0.0,0.0,0.0,0.0,0,0.6710002740876998,0.6710002740876998,0.0,PEN,-1,#NULO#,#NULO#,210000002818,PARTIDO ISOLADO,PEN,PARTIDO ISOLADO,PARTIDO:PEN,74.0,74.0,3.0,0,517.0,93.0,610.0,1.0,179870.0,0.003391338188691833,0.0004114082392839273,0.12131147540983607,0.03391338188691832,6.22881869049588,0.6870606883398922,3.0,ARTHUR CALDERIPE BONOW,0.0,0.0,0.0,0.0,0.0,0.0,0.0
2016,87912,PELOTAS,210000032463,ROBERTO DUARTE D AMICO JÚNIOR,ROBERTO D AMICO,PSB,MASCULINO,BRANCA,SUPERIOR INCOMPLETO,QUÍMICO,SUPLENTE,0,Esquerda,Centro,6230.0,0.0,0.0,0.0,0.0,0.0,0.0,0.0,6230.0,0.0,0.0,1.4804412501104598,9223.148988188164,3.3537677461420623,9223.148988188164,0.0,0.0,0.0,0.0,0.0,0.0,0.0,6221.0,0.0,0.0,0.0,0.0,16.0,6221.0,1.4804412501104598,9209.82501693717,0.0,9209.82501693717,0.0,0.0,0.0,0.0,0.0,0,3.351886235406673,3.351886235406673,0.0,PSB,-1,#NULO#,#NULO#,210000002824,PARTIDO ISOLADO,PSB,PARTIDO ISOLADO,PARTIDO:PSB,775.0,775.0,3.0,0,21182.0,361.0,21543.0,1.0,179870.0,0.11976983376883304,0.0043086673708789686,0.035974562502901174,1.1976983376883303,9.599912842187127,4.494607615593648,10.0,ROBERTO DUARTE D AMICO JUNIOR,0.0,0.0,0.0,0.0,0.0,0.0,0.0
2016,87912,PELOTAS,210000032373,KAUANY NOELLE EWALD,KAUANY EWALD,PT,FEMININO,BRANCA,SUPERIOR INCOMPLETO,"ESTUDANTE, BOLSISTA, ESTAGIÁRIO E ASSEMELHADOS",SUPLENTE,0,Esquerda,Esquerda,1690.0,50.0,0.0,0.0,0.0,0.0,0.0,0.0,1740.0,0.0,0.0,1.4804412501104598,2575.9677751922,1.8383337357438592,2501.945712686677,74.022062505523,0.0,0.0,0.0,0.0,0.0,0.0,1735.0,0.0,0.0,0.0,0.0,7.0,1735.0,1.4804412501104598,2568.565568941648,0.0,2568.565568941648,0.0,0.0,0.0,0.0,0.0,0,1.8353442808540763,1.8353442808540763,0.0,PT,-1,#NULO#,#NULO#,210000002821,FRENTE PELOTAS PODE,PT / PC do B,COLIGAÇÃO,COLIGACAO:210000002821,290.0,290.0,3.0,0,17426.0,1552.0,18978.0,2.0,179870.0,0.10550953466392395,0.0016122755323289043,0.015280851512277373,1.0550953466392394,8.184875342908283,4.3203402568712805,11.0,KAUANY NOELLE EWALD,0.0,0.0,0.0,0.0,0.0,0.0,0.0
2016,87912,PELOTAS,210000032430,LUDIER OLMIRO TERRES DUARTE,LUDIER DUARTE,DEM,MASCULINO,BRANCA,ENSINO MÉDIO COMPLETO,CONTADOR,SUPLENTE,0,Direita,Direita,750.0,0.0,498.0,0.0,0.0,0.0,0.0,0.0,1248.0,498.0,0.3990384615384615,1.4804412501104598,1847.5906801378533,1.5097417845855934,1110.3309375828449,0.0,737.259742555009,0.0,0.0,0.0,0.0,0.0,1248.0,0.0,0.0,0.0,0.0,7.0,1248.0,1.4804412501104598,1847.5906801378535,0.0,1847.5906801378535,0.0,0.0,0.0,0.0,0.0,0,1.5097417845855934,1.5097417845855934,0.0,DEM,-1,#NULO#,#NULO#,210000002823,DEM-PTC-PHS,DEM / PTC / PHS,COLIGAÇÃO,COLIGACAO:210000002823,230.0,230.0,3.0,0,12763.0,287.0,13050.0,3.0,179870.0,0.07255239895480069,0.001278701284260855,0.017624521072796936,0.7255239895480068,7.851749041416057,3.812498225333564,12.0,LUDIER OLMIRO TERRES DUARTE,0.0,0.0,0.0,0.0,0.0,0.0,0.0
2016,87912,PELOTAS,210000032733,VERA BEATRIZ GIRÃO COSTA,VERA XAVANTE,PT do B,FEMININO,BRANCA,ENSINO FUNDAMENTAL COMPLETO,OUTROS,NÃO ELEITO,0,Centro,Centro,1037.0,300.0,0.0,0.0,0.0,0.0,0.0,0.0,1337.0,0.0,0.0,1.4804412501104598,1979.349951397685,1.5749975910241296,1535.2175763645469,444.1323750331379,0.0,0.0,0.0,0.0,0.0,0.0,1337.0,0.0,0.0,0.0,0.0,4.0,1337.0,1.4804412501104598,1979.349951397685,0.0,1979.349951397685,0.0,0.0,0.0,0.0,0.0,0,1.5749975910241296,1.5749975910241296,0.0,PT do B,-1,#NULO#,#NULO#,210000002840,PARTIDO ISOLADO,PT do B,PARTIDO ISOLADO,PARTIDO:PT do B,55.0,55.0,3.0,0,1862.0,69.0,1931.0,1.0,179870.0,0.010735531216990049,0.0003057763940623784,0.02848265147591921,0.10735531216990048,5.807354922057604,1.5513929680274543,11.0,VERA BEATRIZ GIRAO COSTA,0.0,0.0,0.0,0.0,0.0,0.0,0.0
2016,87912,PELOTAS,210000032256,MARCO DANIELI FISCHER DE ALMEIDA,DANIEL FISCHER,PROS,MASCULINO,BRANCA,ENSINO FUNDAMENTAL COMPLETO,EMPRESÁRIO,NÃO ELEITO,0,Centro,Centro,0.0,0.0,338.0,0.0,0.0,0.0,0.0,0.0,338.0,338.0,1.0,1.4804412501104598,500.3891425373354,0.5853367281865215,0.0,0.0,500.3891425373354,0.0,0.0,0.0,0.0,0.0,338.0,0.0,0.0,0.0,0.0,3.0,338.0,1.4804412501104598,500.3891425373354,0.0,500.3891425373354,0.0,0.0,0.0,0.0,0.0,0,0.5853367281865215,0.5853367281865215,0.0,PROS,-1,#NULO#,#NULO#,210000002815,PARTIDO ISOLADO,PROS,PARTIDO ISOLADO,PARTIDO:PROS,99.0,99.0,3.0,0,750.0,137.0,887.0,1.0,179870.0,0.004931339300605993,0.000550397509312281,0.11161217587373168,0.04931339300605993,6.643856189774724,0.9160944229383583,3.0,MARCO DANIELI FISCHER DE ALMEIDA,0.0,0.0,0.0,0.0,0.0,0.0,0.0
2016,87912,PELOTAS,210000032356,MONICA ALINE OLIVEIRA DE VASCONCELOS,MONICA VASCONCELOS,PMDB,FEMININO,BRANCA,ENSINO MÉDIO COMPLETO,OUTROS,SUPLENTE,0,Centro,Centro,0.0,0.0,0.0,0.0,0.0,0.0,0.0,0.0,0.0,0.0,,1.4804412501104598,0.0,0.0,0.0,0.0,0.0,0.0,0.0,0.0,0.0,0.0,0.0,0.0,0.0,0.0,0.0,0.0,0.0,1.4804412501104598,0.0,0.0,0.0,0.0,0.0,0.0,0.0,0.0,0,0.0,0.0,0.0,PMDB,-1,#NULO#,#NULO#,210000002820,PMDB-PPS,PPS / PMDB,COLIGAÇÃO,COLIGACAO:210000002820,3.0,3.0,3.0,0,10688.0,496.0,11184.0,2.0,179870.0,0.06217823983988436,1.6678712403402456e-05,0.0002682403433476395,0.6217823983988435,2.0,3.6069159418252053,27.0,MONICA ALINE OLIVEIRA DE VASCONCELOS,0.0,0.0,0.0,0.0,0.0,0.0,0.0
2016,87912,PELOTAS,210000032269,ALESSANDRA MARTINS ALVARIZA,ALESSANDRA TUCA,PSOL,FEMININO,BRANCA,ENSINO MÉDIO COMPLETO,"ESTUDANTE, BOLSISTA, ESTAGIÁRIO E ASSEMELHADOS",SUPLENTE,0,Esquerda,Esquerda,808.56,0.0,0.0,0.0,0.0,0.0,0.0,0.0,808.56,0.0,0.0,1.4804412501104598,1197.0255771893133,1.1355516653321456,1197.0255771893133,0.0,0.0,0.0,0.0,0.0,0.0,0.0,806.01,0.0,0.0,0.0,0.0,7.0,806.01,1.4804412501104598,1193.2504520015316,0.0,1193.2504520015316,0.0,0.0,0.0,0.0,0.0,0,1.1330705658781346,1.1330705658781346,0.0,PSOL,-1,#NULO#,#NULO#,210000002816,PARTIDO ISOLADO,PSOL,PARTIDO ISOLADO,PARTIDO:PSOL,188.0,188.0,3.0,0,7470.0,1883.0,9353.0,1.0,179870.0,0.05199866570300773,0.0010451993106132206,0.020100502512562814,0.5199866570300773,7.562242424221073,3.3719769744945847,13.0,ALESSANDRA MARTINS ALVARIZA,0.0,0.0,0.0,0.0,0.0,0.0,0.0
2016,87912,PELOTAS,210000031757,WALDOMIRO CARDOSO LIMA,WALDOMIRO LIMA,PRB,MASCULINO,BRANCA,ENSINO MÉDIO COMPLETO,VEREADOR,ELEITO POR QP,1,Direita,Direita,23514.0,7500.0,2460.0,0.0,0.0,0.0,0.0,0.0,33474.0,2460.0,0.0734898727370496,1.4804412501104598,49556.29040619753,5.659818703795501,34811.09555509735,11103.309375828449,3641.885475271731,0.0,0.0,0.0,0.0,0.0,33474.0,0.0,0.0,0.0,450.0,63.0,33474.0,1.4804412501104598,49556.29040619753,0.0,49556.29040619753,0.0,0.0,666.1985625497069,0.0,0.0,0,5.659818703795501,5.659818703795501,0.0,PRB,-1,#NULO#,#NULO#,210000002782,PRB/PR,PRB / PR,COLIGAÇÃO,COLIGACAO:210000002782,3637.0,3637.0,3.0,0,9755.0,258.0,10013.0,2.0,179870.0,0.05566798243175627,0.02022015900372491,0.36322780385498854,0.5566798243175627,11.828929827651486,3.4611356151586166,1.0,WALDOMIRO CARDOSO LIMA,0.0,0.0,0.0,0.0,0.0,0.0,0.0
2016,87912,PELOTAS,210000032470,LOIVA OLIVEIRA DOS SANTOS HISÉ,LOIVA,PSB,FEMININO,BRANCA,ENSINO MÉDIO COMPLETO,OUTROS,SUPLENTE,0,Esquerda,Centro,0.0,160.0,0.0,0.0,0.0,0.0,0.0,0.0,160.0,0.0,0.0,1.4804412501104598,236.87060001767355,0.3066945751098984,0.0,236.87060001767355,0.0,0.0,0.0,0.0,0.0,0.0,160.0,0.0,0.0,0.0,0.0,1.0,160.0,1.4804412501104598,236.87060001767355,0.0,236.87060001767355,0.0,0.0,0.0,0.0,0.0,0,0.3066945751098984,0.3066945751098984,0.0,PSB,-1,#NULO#,#NULO#,210000002824,PARTIDO ISOLADO,PSB,PARTIDO ISOLADO,PARTIDO:PSB,172.0,172.0,3.0,0,21182.0,361.0,21543.0,1.0,179870.0,0.11976983376883304,0.0009562461777950742,0.007984031936127744,1.1976983376883303,7.434628227636725,4.494607615593648,21.0,LOIVA OLIVEIRA DOS SANTOS HISE,0.0,0.0,0.0,0.0,0.0,0.0,0.0
2016,87912,PELOTAS,210000032367,CARLOS ALBERTO DOS SANTOS PASSOS,BETO Z3,PT,MASCULINO,BRANCA,ENSINO FUNDAMENTAL COMPLETO,VEREADOR,SUPLENTE,0,Esquerda,Esquerda,5350.0,11750.0,0.0,0.0,0.0,0.0,0.0,0.0,17100.0,0.0,0.0,1.4804412501104598,25315.545376888866,4.717843389181464,7920.36068809096,17395.1846887979,0.0,0.0,0.0,0.0,0.0,0.0,17071.91,0.0,0.0,0.0,1000.0,40.0,17071.91,1.4804412501104598,25273.95978217326,0.0,25273.95978217326,0.0,0.0,1480.4412501104598,0.0,0.0,0,4.715561742164929,4.715561742164929,0.0,PT,-1,#NULO#,#NULO#,210000002821,FRENTE PELOTAS PODE,PT / PC do B,COLIGAÇÃO,COLIGACAO:210000002821,1609.0,1609.0,3.0,0,17426.0,1552.0,18978.0,2.0,179870.0,0.10550953466392395,0.008945349419024851,0.0847823795974286,1.0550953466392394,10.65284497300198,4.3203402568712805,5.0,CARLOS ALBERTO DOS SANTOS PASSOS,0.0,0.0,0.0,0.0,0.0,0.0,0.0
2016,87912,PELOTAS,210000032288,RONALDO VIEIRA LEITE,RONALDO DO SIMÕES,PSOL,MASCULINO,BRANCA,SUPERIOR INCOMPLETO,SERVIDOR PÚBLICO MUNICIPAL,SUPLENTE,0,Esquerda,Esquerda,568.56,103.3,570.0,0.0,0.0,0.0,0.0,0.0,1241.86,570.0,0.4589889359509124,1.4804412501104598,1838.500770862176,1.5051291334108832,841.7196771628029,152.9295811364105,843.8515125629621,0.0,0.0,0.0,0.0,0.0,1241.86,0.0,0.0,0.0,0.0,7.0,1241.86,1.4804412501104598,1838.5007708621756,0.0,1838.5007708621756,0.0,0.0,0.0,0.0,0.0,0,1.5051291334108832,1.5051291334108832,0.0,PSOL,-1,#NULO#,#NULO#,210000002816,PARTIDO ISOLADO,PSOL,PARTIDO ISOLADO,PARTIDO:PSOL,421.0,421.0,3.0,0,7470.0,1883.0,9353.0,1.0,179870.0,0.05199866570300773,0.0023405793072774784,0.04501229552015396,0.5199866570300773,8.721099188707186,3.3719769744945847,5.0,RONALDO VIEIRA LEITE,0.0,0.0,0.0,0.0,0.0,0.0,0.0
2020,87912,PELOTAS,210001258343,HELIA MARIA FLORENÇA DA SILVA,HÉLIA FLORENÇA,PL,FEMININO,BRANCA,ENSINO MÉDIO COMPLETO,"TÉCNICO CONTABILIDADE, ESTATÍSTICA, ECONOMIA DOMÉSTICA E ADMINISTRAÇÃO",NÃO ELEITO,0,Direita,Direita,0.0,50.0,731.0,541.6,0.0,0.0,0.0,0.0,1322.6,1272.6,0.9621956751852412,1.2938901679256802,1711.2991360985045,1.438984293683918,0.0,64.69450839628401,945.8337127536722,700.7709149485485,0.0,0.0,0.0,0.0,931.2,100.0,100.0,0.0,0.0,13.0,831.2,1.2938901679256802,1204.8705243723934,129.389016792568,1075.4815075798256,129.389016792568,0.0,0.0,0.1073883161512027,1.0738831615120277,1,1.1406939395332436,1.0534460776694257,0.1755425064194949,,,,,,,,,PARTIDO:PL,0.0,0.0,,1,4265.0,119.0,4384.0,1.0,155371.0,0.028216333807467287,0.0,0.0,0.28216333807467286,0.0,2.42867840994823,18.0,HELIA MARIA FLORENCA DA SILVA,1.0,0.0,80.0,6.339850002884624,0.015160949574692833,0.15160949574692834,1.0
2020,87912,PELOTAS,210000863528,LUANA REJANE ALMEIDA FARIAS,LUANA ALMEIDA A GURIA DA SAÚDE,PSOL,FEMININO,BRANCA,SUPERIOR COMPLETO,AGENTE DE SAÚDE E SANITARISTA,SUPLENTE,0,Esquerda,Esquerda,600.0,0.0,0.0,7759.79,0.0,0.0,0.0,0.0,8359.79,7759.79,0.9282278621831408,1.2938901679256802,10816.650086923424,3.56274919741124,776.3341007554081,0.0,0.0,10040.315986168014,0.0,0.0,0.0,0.0,8091.36,0.0,0.0,0.0,100.0,72.0,8091.36,1.2938901679256802,10469.331149147132,0.0,10469.331149147132,0.0,0.0,129.389016792568,0.0,0.0,0,3.519709355818768,3.519709355818768,0.0,PSOL,-1,#NULO#,#NULO#,210000094655,PARTIDO ISOLADO,PSOL,PARTIDO ISOLADO,PARTIDO:PSOL,240.0,240.0,3.0,0,11850.0,554.0,12404.0,1.0,155371.0,0.07983471819065334,0.0015446898069781361,0.019348597226701063,0.7983471819065333,7.912889336229962,3.744591686542384,8.0,LUANA REJANE ALMEIDA FARIAS,0.0,0.0,0.0,0.0,0.05199866570300773,0.5199866570300773,1.0
2020,87912,PELOTAS,210000863533,FERNANDA PINTO MIRANDA,FERNANDA MIRANDA,PSOL,FEMININO,BRANCA,SUPERIOR COMPLETO,PROFESSOR DE ENSINO FUNDAMENTAL,ELEITO POR QP,1,Esquerda,Esquerda,5850.0,80.0,0.0,26334.65,0.0,0.0,0.0,0.0,32264.65,26334.65,0.81620752123454,1.2938901679256802,41746.9134065633,5.41774834707752,7569.257482365229,103.5112134340544,0.0,34074.14471076402,0.0,0.0,0.0,0.0,32000.84,2770.34,1240.14,1530.2,3300.0,61.0,29230.5,1.2938901679256802,41405.572241362825,3584.5156878112293,37821.05655355159,1604.604952851353,1979.910734959876,4269.837554154745,0.0865708525151214,0.8657085251512148,1,5.406181947335702,5.278767477849466,2.19676933432238,PSOL,-1,#NULO#,#NULO#,210000094655,PARTIDO ISOLADO,PSOL,PARTIDO ISOLADO,PARTIDO:PSOL,4899.0,4899.0,3.0,0,11850.0,554.0,12404.0,1.0,155371.0,0.07983471819065334,0.03153098068494121,0.3949532408900355,0.7983471819065333,12.258566033889933,3.744591686542384,1.0,FERNANDA PINTO MIRANDA,1.0,1.0,1250.0,10.28886607416582,0.05199866570300773,0.5199866570300773,1.0
2020,87912,PELOTAS,210000863522,FÁBIO GIOVANO DA SILVA LAMBERTI,PROFESSOR FABIO LAMBERTI,PSOL,MASCULINO,BRANCA,SUPERIOR COMPLETO,PROFESSOR DE ENSINO MÉDIO,SUPLENTE,0,Esquerda,Esquerda,0.0,0.0,0.0,1504.97,0.0,0.0,0.0,0.0,1504.97,1504.97,1.0,1.2938901679256802,1947.265886023111,1.5593772182982448,0.0,0.0,0.0,1947.265886023111,0.0,0.0,0.0,0.0,831.35,0.0,0.0,0.0,100.0,3.0,831.35,1.2938901679256802,1075.6755911050143,0.0,1075.6755911050143,0.0,0.0,129.389016792568,0.0,0.0,0,1.0535809814241406,1.0535809814241406,0.0,PSOL,-1,#NULO#,#NULO#,210000094655,PARTIDO ISOLADO,PSOL,PARTIDO ISOLADO,PARTIDO:PSOL,208.0,208.0,3.0,0,11850.0,554.0,12404.0,1.0,155371.0,0.07983471819065334,0.001338731166047718,0.01676878426314092,0.7983471819065333,7.7073591320808825,3.744591686542384,10.0,FABIO GIOVANO DA SILVA LAMBERTI,1.0,0.0,261.0,8.03342300153745,0.05199866570300773,0.5199866570300773,1.0
2020,87912,PELOTAS,210001240303,MARIO EDUARDO DA SILVA CZERMAINSKI,DUDA CZERMAINSKI,AVANTE,MASCULINO,BRANCA,ENSINO MÉDIO COMPLETO,VIGILANTE,NÃO ELEITO,0,Centro,Centro,0.0,0.0,0.0,0.0,0.0,0.0,0.0,0.0,0.0,0.0,,1.2938901679256802,0.0,0.0,0.0,0.0,0.0,0.0,0.0,0.0,0.0,0.0,0.0,0.0,0.0,0.0,0.0,0.0,0.0,1.2938901679256802,0.0,0.0,0.0,0.0,0.0,0.0,0.0,0.0,0,0.0,0.0,0.0,AVANTE,-1,#NULO#,#NULO#,210000153455,PARTIDO ISOLADO,AVANTE,PARTIDO ISOLADO,PARTIDO:AVANTE,38.0,38.0,3.0,0,1892.0,34.0,1926.0,1.0,155371.0,0.012396135700999542,0.0002445758861048716,0.01973001038421599,0.12396135700999542,5.285402218862249,1.5489297694764,8.0,MARIO EDUARDO DA SILVA CZERMAINSKI,0.0,0.0,0.0,0.0,0.010735531216990049,0.10735531216990048,1.0
2020,87912,PELOTAS,210001240297,NADJA LETÍCIA ALVES GARCIA,NADJA GARCIA,AVANTE,FEMININO,BRANCA,SUPERIOR INCOMPLETO,TÉCNICO DE ENFERMAGEM E ASSEMELHADOS (EXCETO ENFERMEIRO),NÃO ELEITO,0,Centro,Centro,0.0,0.0,0.0,0.0,0.0,0.0,0.0,0.0,0.0,0.0,,1.2938901679256802,0.0,0.0,0.0,0.0,0.0,0.0,0.0,0.0,0.0,0.0,0.0,0.0,0.0,0.0,0.0,0.0,0.0,1.2938901679256802,0.0,0.0,0.0,0.0,0.0,0.0,0.0,0.0,0,0.0,0.0,0.0,AVANTE,-1,#NULO#,#NULO#,210000153455,PARTIDO ISOLADO,AVANTE,PARTIDO ISOLADO,PARTIDO:AVANTE,135.0,135.0,3.0,0,1892.0,34.0,1926.0,1.0,155371.0,0.012396135700999542,0.0008688880164252016,0.07009345794392523,0.12396135700999542,7.087462841250339,1.5489297694764,4.0,NADJA LETICIA ALVES GARCIA,0.0,0.0,0.0,0.0,0.010735531216990049,0.10735531216990048,1.0
2020,87912,PELOTAS,210000838223,GLEINECIR OLIVEIRA ROLDÃO,GLEINECIR ROLDÃO,PATRIOTA,FEMININO,BRANCA,ENSINO FUNDAMENTAL INCOMPLETO,DONA DE CASA,NÃO ELEITO,0,Direita,Direita,250.0,0.0,0.0,0.0,0.0,0.0,0.0,0.0,250.0,0.0,0.0,1.2938901679256802,323.4725419814201,0.4043282636220041,323.4725419814201,0.0,0.0,0.0,0.0,0.0,0.0,0.0,0.0,0.0,0.0,0.0,0.0,0.0,0.0,1.2938901679256802,0.0,0.0,0.0,0.0,0.0,0.0,0.0,0.0,0,0.0,0.0,0.0,PATRIOTA,-1,#NULO#,#NULO#,210000089031,PARTIDO ISOLADO,PATRIOTA,PARTIDO ISOLADO,PARTIDO:PATRIOTA,34.0,34.0,3.0,0,4091.0,76.0,4167.0,1.0,155371.0,0.02681967677365789,0.00021883105598856928,0.008159347252219822,0.26819676773657886,5.129283016944966,2.3693268837627732,19.0,GLEINECIR OLIVEIRA ROLDAO,0.0,0.0,0.0,0.0,0.003391338188691833,0.03391338188691832,1.0
2020,87912,PELOTAS,210000838225,PAULO ROBERTO FARIAS DE PAULA,PAULO FARIAS,PATRIOTA,MASCULINO,BRANCA,SUPERIOR COMPLETO,"PORTEIRO DE EDIFÍCIO, ASCENSORISTA, GARAGISTA E ZELADOR",NÃO ELEITO,0,Direita,Direita,250.0,500.0,0.0,0.0,0.0,0.0,0.0,0.0,750.0,0.0,0.0,1.2938901679256802,970.4176259442602,0.978501438323365,323.4725419814201,646.9450839628402,0.0,0.0,0.0,0.0,0.0,0.0,500.0,0.0,0.0,0.0,0.0,2.0,500.0,1.2938901679256802,646.9450839628402,0.0,646.9450839628402,0.0,0.0,0.0,0.0,0.0,0,0.7197924503797853,0.7197924503797853,0.0,PATRIOTA,-1,#NULO#,#NULO#,210000089031,PARTIDO ISOLADO,PATRIOTA,PARTIDO ISOLADO,PARTIDO:PATRIOTA,83.0,83.0,3.0,0,4091.0,76.0,4167.0,1.0,155371.0,0.02681967677365789,0.0005342052249132721,0.0199184065274778,0.26819676773657886,6.392317422778761,2.3693268837627732,12.0,PAULO ROBERTO FARIAS DE PAULA,0.0,0.0,0.0,0.0,0.003391338188691833,0.03391338188691832,1.0
2020,87912,PELOTAS,210001239206,ERMINDO DA SILVA GONÇALVES,TEIXEIRINHA,PDT,MASCULINO,BRANCA,ENSINO MÉDIO COMPLETO,TÉCNICO DE ENFERMAGEM E ASSEMELHADOS (EXCETO ENFERMEIRO),SUPLENTE,0,Esquerda,Centro,300.0,0.0,0.0,0.0,240.0,0.0,0.0,0.0,540.0,0.0,0.0,1.2938901679256802,698.7006906798673,0.7644316735274098,388.1670503777041,0.0,0.0,0.0,310.53364030216323,0.0,0.0,0.0,0.0,0.0,0.0,0.0,0.0,0.0,0.0,1.2938901679256802,0.0,0.0,0.0,0.0,0.0,0.0,0.0,0.0,0,0.0,0.0,0.0,PDT,-1,#NULO#,#NULO#,210000153308,PARTIDO ISOLADO,PDT,PARTIDO ISOLADO,PARTIDO:PDT,34.0,34.0,3.0,0,10446.0,538.0,10984.0,1.0,155371.0,0.07069530349936604,0.00021883105598856928,0.003095411507647487,0.7069530349936604,5.129283016944966,3.583037623796664,21.0,ERMINDO DA SILVA GONCALVES,1.0,0.0,71.0,6.169925001442312,0.13439150497581587,1.3439150497581587,1.0
2020,87912,PELOTAS,210001239201,BIANCA D CARLA MACEDO DA COSTA,BIANCA D CARLA,PDT,FEMININO,BRANCA,ENSINO MÉDIO COMPLETO,TÉCNICO DE ENFERMAGEM E ASSEMELHADOS (EXCETO ENFERMEIRO),SUPLENTE,0,Esquerda,Centro,4530.0,1000.0,0.0,2000.0,480.0,0.0,0.0,0.0,8010.0,2000.0,0.2496878901373283,1.2938901679256802,10364.060245084698,3.5064064798075094,5861.322460703332,1293.8901679256803,0.0,2587.7803358513606,621.0672806043265,0.0,0.0,0.0,7715.16,396.92,396.92,0.0,0.0,22.0,7318.24,1.2938901679256802,9982.56966797349,513.5708854530609,9468.99878252043,513.5708854530609,0.0,0.0,0.0514467619595705,0.5144676195957051,1,3.4571437460886782,3.3880515695761884,0.5979562428541197,PDT,-1,#NULO#,#NULO#,210000153308,PARTIDO ISOLADO,PDT,PARTIDO ISOLADO,PARTIDO:PDT,1272.0,1272.0,3.0,0,10446.0,538.0,10984.0,1.0,155371.0,0.07069530349936604,0.008186855976984122,0.11580480699198835,0.7069530349936604,10.314016703901357,3.583037623796664,3.0,BIANCA D CARLA MACEDO DA COSTA,0.0,0.0,0.0,0.0,0.13439150497581587,1.3439150497581587,1.0
2020,87912,PELOTAS,210001239221,GRAZIELA RODRIGUEZ RAMALHO,PROFESSORA GRAZIELA RAMALHO,PDT,FEMININO,BRANCA,SUPERIOR COMPLETO,PROFESSOR DE ENSINO FUNDAMENTAL,SUPLENTE,0,Esquerda,Centro,910.0,1363.5,0.0,2000.0,240.0,0.0,0.0,0.0,4513.5,2000.0,0.4431150991470034,1.2938901679256802,5839.973272932558,2.7739906878183382,1177.440052812369,1764.219243966665,0.0,2587.7803358513606,310.53364030216323,0.0,0.0,0.0,4350.55,1035.57,1035.57,0.0,250.0,18.0,3314.9800000000005,1.2938901679256802,5629.1338700690685,1339.9138411987965,4289.2200288702725,1339.9138411987965,0.0,323.4725419814201,0.2380319729689349,2.380319729689349,1,2.728820387233289,2.403054992009492,1.2264554087985684,PDT,-1,#NULO#,#NULO#,210000153308,PARTIDO ISOLADO,PDT,PARTIDO ISOLADO,PARTIDO:PDT,152.0,152.0,3.0,0,10446.0,538.0,10984.0,1.0,155371.0,0.07069530349936604,0.0009783035444194863,0.013838310269482883,0.7069530349936604,7.257387842692652,3.583037623796664,13.0,GRAZIELA RODRIGUEZ RAMALHO,0.0,0.0,0.0,0.0,0.13439150497581587,1.3439150497581587,1.0
2020,87912,PELOTAS,210001239220,MAIARA DE SOUZA ALVES,MAIARA DE SOUZA,PDT,FEMININO,PRETA,ENSINO MÉDIO COMPLETO,DONA DE CASA,SUPLENTE,0,Esquerda,Centro,300.0,0.0,0.0,2000.0,240.0,0.0,0.0,0.0,2540.0,2000.0,0.7874015748031497,1.2938901679256802,3286.481026531228,2.0997937575391825,388.1670503777041,0.0,0.0,2587.7803358513606,310.53364030216323,0.0,0.0,0.0,2000.0,0.0,0.0,0.0,0.0,18.0,2000.0,1.2938901679256802,2587.7803358513606,0.0,2587.7803358513606,0.0,0.0,0.0,0.0,0.0,0,1.8430915630333269,1.8430915630333269,0.0,PDT,-1,#NULO#,#NULO#,210000153308,PARTIDO ISOLADO,PDT,PARTIDO ISOLADO,PARTIDO:PDT,20.0,20.0,3.0,0,10446.0,538.0,10984.0,1.0,155371.0,0.07069530349936604,0.00012872415058151135,0.001820830298616169,0.7069530349936604,4.392317422778761,3.583037623796664,25.0,MAIARA DE SOUZA ALVES,0.0,0.0,0.0,0.0,0.13439150497581587,1.3439150497581587,1.0
2020,87912,PELOTAS,210001181725,GILSON SCHMIDT,GILSON SCHMIDT,PT,MASCULINO,BRANCA,ENSINO MÉDIO INCOMPLETO,EMPRESÁRIO,SUPLENTE,0,Esquerda,Esquerda,0.0,450.0,0.0,600.0,0.0,0.0,0.0,0.0,1050.0,600.0,0.5714285714285714,1.2938901679256802,1358.5846763219645,1.2379213964650766,0.0,582.2505755665561,0.0,776.3341007554081,0.0,0.0,0.0,0.0,445.0,0.0,0.0,0.0,0.0,3.0,445.0,1.2938901679256802,575.7811247269277,0.0,575.7811247269277,0.0,0.0,0.0,0.0,0.0,0,0.6560671590327459,0.6560671590327459,0.0,PT,-1,#NULO#,#NULO#,210000145460,PARTIDO ISOLADO,PT,PARTIDO ISOLADO,PARTIDO:PT,82.0,82.0,3.0,0,9912.0,1295.0,11207.0,1.0,155371.0,0.07213057777834989,0.0005277690173841965,0.007316855536718123,0.7213057777834988,6.3750394313469245,3.60963678113278,20.0,GILSON SCHMIDT,0.0,0.0,0.0,0.0,0.09040974036804358,0.9040974036804358,1.0
2020,87912,PELOTAS,210001181721,FERNANDA LOREDO CAMARGO,FERNANDA CAMARGO,PT,FEMININO,PRETA,SUPERIOR COMPLETO,ASSISTENTE SOCIAL,SUPLENTE,0,Esquerda,Esquerda,0.0,120.0,0.0,4500.0,0.0,0.0,0.0,0.0,4620.0,4500.0,0.974025974025974,1.2938901679256802,5977.7725758166425,2.80276657702665,0.0,155.26682015108162,0.0,5822.505755665561,0.0,0.0,0.0,0.0,4020.0,0.0,0.0,0.0,500.0,7.0,4020.0,1.2938901679256802,5201.438475061234,0.0,5201.438475061234,0.0,0.0,646.9450839628402,0.0,0.0,0,2.632602899391348,2.632602899391348,0.0,PT,-1,#NULO#,#NULO#,210000145460,PARTIDO ISOLADO,PT,PARTIDO ISOLADO,PARTIDO:PT,143.0,143.0,3.0,0,9912.0,1295.0,11207.0,1.0,155371.0,0.07213057777834989,0.0009203776766578062,0.012759882216471848,0.7213057777834988,7.169925001442312,3.60963678113278,14.0,FERNANDA LOREDO CAMARGO,0.0,0.0,0.0,0.0,0.09040974036804358,0.9040974036804358,1.0
2020,87912,PELOTAS,210001181738,LUCIANO LUZ DE LIMA,LUCIANO LIMA,PT,MASCULINO,BRANCA,SUPERIOR COMPLETO,OCUPANTE DE CARGO EM COMISSÃO,SUPLENTE,0,Esquerda,Esquerda,4800.0,5080.0,0.0,1500.0,0.0,0.0,0.0,0.0,11380.0,1500.0,0.1318101933216168,1.2938901679256802,14724.470110994242,3.9749394963403306,6210.672806043265,6572.962053062455,0.0,1940.8352518885204,0.0,0.0,0.0,0.0,8380.0,1202.55,1202.55,0.0,0.0,19.0,7177.45,1.2938901679256802,10842.7996072172,1555.9676214390267,9286.831985778172,1555.9676214390267,0.0,0.0,0.1435023866348448,1.4350238663484485,1,3.5659382655509244,3.3627268417338776,1.3538695605864652,PT,-1,#NULO#,#NULO#,210000145460,PARTIDO ISOLADO,PT,PARTIDO ISOLADO,PARTIDO:PT,279.0,279.0,3.0,0,9912.0,1295.0,11207.0,1.0,155371.0,0.07213057777834989,0.0017957019006120834,0.024895154813955562,0.7213057777834988,8.129283016944967,3.60963678113278,10.0,LUCIANO LUZ DE LIMA,0.0,0.0,0.0,0.0,0.09040974036804358,0.9040974036804358,1.0
2020,87912,PELOTAS,210001181737,RAFAEL GODOY PORTO MARTINELLI,RAFAEL MARTINELLI,PT,MASCULINO,BRANCA,SUPERIOR COMPLETO,ADVOGADO,SUPLENTE,0,Esquerda,Esquerda,5500.0,3000.0,0.0,600.0,0.0,500.0,0.0,0.0,9600.0,600.0,0.0625,1.2938901679256802,12421.34561208653,3.7464574169890974,7116.395923591242,3881.6705037770407,0.0,776.3341007554081,0.0,646.9450839628402,0.0,0.0,4867.03,1569.9,1500.0,69.9,0.0,17.0,3297.13,1.2938901679256802,6297.402263999323,2031.2781746265252,4266.124089372797,1940.8352518885204,90.44292273800504,0.0,0.3225581103876492,3.225581103876492,1,2.8673829834681754,2.396741517018902,1.5999262515743655,PT,-1,#NULO#,#NULO#,210000145460,PARTIDO ISOLADO,PT,PARTIDO ISOLADO,PARTIDO:PT,595.0,595.0,3.0,0,9912.0,1295.0,11207.0,1.0,155371.0,0.07213057777834989,0.0038295434797999627,0.05309181761399125,0.7213057777834988,9.219168520462162,3.60963678113278,7.0,RAFAEL GODOY PORTO MARTINELLI,0.0,0.0,0.0,0.0,0.09040974036804358,0.9040974036804358,1.0
2020,87912,PELOTAS,210001238695,TANIA MARA LONGO DE LIMA,TANIA MARA,PP,FEMININO,PARDA,SUPERIOR COMPLETO,PROFESSOR DE ENSINO FUNDAMENTAL,SUPLENTE,0,Direita,Direita,800.0,400.0,0.0,7168.0,0.0,0.0,0.0,0.0,8368.0,7168.0,0.8565965583173997,1.2938901679256802,10827.272925202093,3.564045557336632,1035.112134340544,517.5560671702721,0.0,9274.604723691276,0.0,0.0,0.0,0.0,7000.0,0.0,0.0,0.0,0.0,17.0,7000.0,1.2938901679256802,9057.23117547976,0.0,9057.23117547976,0.0,0.0,0.0,0.0,0.0,0,3.3301612708836728,3.3301612708836728,0.0,PP,-1,#NULO#,#NULO#,210000153244,PARTIDO ISOLADO,PP,PARTIDO ISOLADO,PARTIDO:PP,16.0,16.0,3.0,0,15354.0,1046.0,16400.0,1.0,155371.0,0.1055538034768393,0.00010297932046520907,0.000975609756097561,1.055538034768393,4.087462841250339,4.121015400961366,28.0,TANIA MARA LONGO DE LIMA,0.0,0.0,0.0,0.0,0.03876688719630844,0.3876688719630844,1.0
2020,87912,PELOTAS,210001238689,THIAGO NUNES GONÇALVES,THIAGO GONÇALVES,PP,MASCULINO,BRANCA,SUPERIOR COMPLETO,AGENTE DE SAÚDE E SANITARISTA,SUPLENTE,0,Direita,Direita,1050.0,830.0,0.0,168.0,0.0,0.0,0.0,0.0,2048.0,168.0,0.08203125,1.2938901679256802,2649.887063911793,1.86785182430632,1358.5846763219645,1073.9288393783147,0.0,217.37354821151428,0.0,0.0,0.0,0.0,430.0,0.0,0.0,0.0,0.0,2.0,430.0,1.2938901679256802,556.3727722080425,0.0,556.3727722080425,0.0,0.0,0.0,0.0,0.0,0,0.638187646574761,0.638187646574761,0.0,PP,-1,#NULO#,#NULO#,210000153244,PARTIDO ISOLADO,PP,PARTIDO ISOLADO,PARTIDO:PP,79.0,79.0,3.0,0,15354.0,1046.0,16400.0,1.0,155371.0,0.1055538034768393,0.0005084603947969698,0.004817073170731707,1.055538034768393,6.321928094887363,4.121015400961366,21.0,THIAGO NUNES GONCALVES,0.0,0.0,0.0,0.0,0.03876688719630844,0.3876688719630844,1.0
2020,87912,PELOTAS,210001238692,TATIANA ALVES COSTA,TATI,PP,FEMININO,BRANCA,ENSINO MÉDIO COMPLETO,CABELEIREIRO E BARBEIRO,SUPLENTE,0,Direita,Direita,400.0,400.0,0.0,3168.0,0.0,0.0,0.0,0.0,3968.0,3168.0,0.7983870967741935,1.2938901679256802,5134.156186329099,2.6168649006078315,517.5560671702721,517.5560671702721,0.0,4099.044051988555,0.0,0.0,0.0,0.0,3000.0,1000.0,1000.0,0.0,0.0,6.0,2000.0,1.2938901679256802,3881.6705037770407,1293.8901679256803,2587.7803358513606,1293.8901679256803,0.0,0.0,0.3333333333333333,3.333333333333333,1,2.287374921376917,1.8430915630333269,1.1977963163832472,PP,-1,#NULO#,#NULO#,210000153244,PARTIDO ISOLADO,PP,PARTIDO ISOLADO,PARTIDO:PP,15.0,15.0,3.0,0,15354.0,1046.0,16400.0,1.0,155371.0,0.1055538034768393,9.654311293613351e-05,0.0009146341463414635,1.055538034768393,4.0,4.121015400961366,29.0,TATIANA ALVES COSTA,0.0,0.0,0.0,0.0,0.03876688719630844,0.3876688719630844,1.0
2020,87912,PELOTAS,210001238675,RONALDO KEPPS DE CASTRO,RONALDO CASTRO,PP,MASCULINO,PARDA,ENSINO FUNDAMENTAL COMPLETO,OPERADOR DE APARELHOS DE PRODUÇÃO INDUSTRIAL,SUPLENTE,0,Direita,Direita,400.0,400.0,0.0,4168.0,0.0,0.0,0.0,0.0,4968.0,4168.0,0.8389694041867954,1.2938901679256802,6428.04635425478,2.892982818348836,517.5560671702721,517.5560671702721,0.0,5392.934219914236,0.0,0.0,0.0,0.0,4000.0,0.0,0.0,0.0,0.0,11.0,4000.0,1.2938901679256802,5175.560671702721,0.0,5175.560671702721,0.0,0.0,0.0,0.0,0.0,0,2.626570123185644,2.626570123185644,0.0,PP,-1,#NULO#,#NULO#,210000153244,PARTIDO ISOLADO,PP,PARTIDO ISOLADO,PARTIDO:PP,112.0,112.0,3.0,0,15354.0,1046.0,16400.0,1.0,155371.0,0.1055538034768393,0.0007208552432564635,0.006829268292682927,1.055538034768393,6.820178962415188,4.121015400961366,19.0,RONALDO KEPPS DE CASTRO,0.0,0.0,0.0,0.0,0.03876688719630844,0.3876688719630844,1.0
2020,87912,PELOTAS,210001238672,PATRICIA MONTONE MOLINA,PROFESSORA PATRICIA,PP,FEMININO,BRANCA,SUPERIOR COMPLETO,PROFESSOR DE ENSINO MÉDIO,SUPLENTE,0,Direita,Direita,0.0,1490.7,0.0,3000.0,0.0,0.0,0.0,0.0,4490.7,3000.0,0.6680472977486807,1.2938901679256802,5810.472577103852,2.7677549099831875,0.0,1928.8020733268115,0.0,3881.6705037770407,0.0,0.0,0.0,0.0,4782.5,0.0,0.0,0.0,0.0,14.0,4782.5,1.2938901679256802,6188.029728104566,0.0,6188.029728104566,0.0,0.0,0.0,0.0,0.0,0,2.845596375528481,2.845596375528481,0.0,PP,-1,#NULO#,#NULO#,210000153244,PARTIDO ISOLADO,PP,PARTIDO ISOLADO,PARTIDO:PP,290.0,290.0,3.0,0,15354.0,1046.0,16400.0,1.0,155371.0,0.1055538034768393,0.0018665001834319145,0.01768292682926829,1.055538034768393,8.184875342908283,4.121015400961366,12.0,PATRICIA MONTONE MOLINA,0.0,0.0,0.0,0.0,0.03876688719630844,0.3876688719630844,1.0
2020,87912,PELOTAS,210001240515,CARLOS ROGÉRIO CASTRO DA SILVA,CARLOS ROGÉRIO CASTRO,PSL,MASCULINO,BRANCA,ENSINO FUNDAMENTAL INCOMPLETO,APOSENTADO (EXCETO SERVIDOR PÚBLICO),NÃO ELEITO,0,Direita,Direita,0.0,0.0,0.0,0.0,0.0,0.0,0.0,0.0,0.0,0.0,,1.2938901679256802,0.0,0.0,0.0,0.0,0.0,0.0,0.0,0.0,0.0,0.0,0.0,0.0,0.0,0.0,0.0,0.0,0.0,1.2938901679256802,0.0,0.0,0.0,0.0,0.0,0.0,0.0,0.0,0,0.0,0.0,0.0,PSL,-1,#NULO#,#NULO#,210000153488,PARTIDO ISOLADO,PSL,PARTIDO ISOLADO,PARTIDO:PSL,39.0,39.0,3.0,0,126.0,36.0,162.0,1.0,155371.0,0.001042665619710242,0.0002510120936339471,0.24074074074074073,0.010426656197102419,5.321928094887363,0.21661006874244174,2.0,CARLOS ROGERIO CASTRO DA SILVA,0.0,0.0,0.0,0.0,0.0,0.0,0.0
2020,87912,PELOTAS,210001240517,JUSSIE REIS NUNES,JUSSIÊ REIS,PSL,MASCULINO,BRANCA,LÊ E ESCREVE,COMERCIÁRIO,NÃO ELEITO,0,Direita,Direita,0.0,0.0,0.0,0.0,0.0,0.0,0.0,0.0,0.0,0.0,,1.2938901679256802,0.0,0.0,0.0,0.0,0.0,0.0,0.0,0.0,0.0,0.0,0.0,0.0,0.0,0.0,0.0,0.0,0.0,1.2938901679256802,0.0,0.0,0.0,0.0,0.0,0.0,0.0,0.0,0,0.0,0.0,0.0,PSL,-1,#NULO#,#NULO#,210000153488,PARTIDO ISOLADO,PSL,PARTIDO ISOLADO,PARTIDO:PSL,87.0,87.0,3.0,0,126.0,36.0,162.0,1.0,155371.0,0.001042665619710242,0.0005599500550295744,0.5370370370370371,0.010426656197102419,6.459431618637297,0.21661006874244174,1.0,JUSSIE REIS NUNES,0.0,0.0,0.0,0.0,0.0,0.0,0.0
2020,87912,PELOTAS,210000936175,HUGO ROBERTO DA SILVA MIORI,HUGO MIORI,PSD,MASCULINO,BRANCA,SUPERIOR COMPLETO,OUTROS,SUPLENTE,0,Direita,Direita,7060.0,7040.0,555.0,0.0,0.0,0.0,0.0,0.0,14655.0,555.0,0.0378710337768679,1.2938901679256802,18961.960410950844,4.319181505756607,9134.864585555302,9108.98678219679,718.1090431987525,0.0,0.0,0.0,0.0,0.0,11100.0,2560.0,2560.0,0.0,0.0,16.0,8540.0,1.2938901679256802,14362.18086397505,3312.358829889741,11049.82203408531,3312.358829889741,0.0,0.0,0.2306306306306306,2.3063063063063063,1,3.941311135054516,3.5909399340862875,2.108477229241573,PSD,-1,#NULO#,#NULO#,210000107998,PARTIDO ISOLADO,PSD,PARTIDO ISOLADO,PARTIDO:PSD,1366.0,1366.0,3.0,0,12519.0,194.0,12713.0,1.0,155371.0,0.0818235063171377,0.008791859484717226,0.10744906788326909,0.818235063171377,10.41679752760606,3.777472319663104,4.0,HUGO ROBERTO DA SILVA MIORI,1.0,0.0,1206.0,10.237209960755022,0.03200644910212932,0.32006449102129314,1.0
2020,87912,PELOTAS,210000936176,CARMEN LAURA DOS SANTOS BARBOZA,CARMEN LAURA,PSD,FEMININO,BRANCA,ENSINO MÉDIO INCOMPLETO,SECRETÁRIO E DATILÓGRAFO,SUPLENTE,0,Direita,Direita,300.0,139.7,960.6,0.0,0.0,0.0,0.0,0.0,1400.3,960.6,0.6859958580304221,1.2938901679256802,1811.83440214633,1.4915116320217088,388.1670503777041,180.7564564592175,1242.9108953094085,0.0,0.0,0.0,0.0,0.0,139.7,139.7,139.7,0.0,0.0,2.0,0.0,1.2938901679256802,180.7564564592175,180.7564564592175,0.0,180.7564564592175,0.0,0.0,1.0,10.0,1,0.239711424267837,0.0,0.239711424267837,PSD,-1,#NULO#,#NULO#,210000107998,PARTIDO ISOLADO,PSD,PARTIDO ISOLADO,PARTIDO:PSD,280.0,280.0,3.0,0,12519.0,194.0,12713.0,1.0,155371.0,0.0818235063171377,0.001802138108141159,0.022024699126878,0.818235063171377,8.134426320220927,3.777472319663104,13.0,CARMEN LAURA DOS SANTOS BARBOZA,0.0,0.0,0.0,0.0,0.03200644910212932,0.32006449102129314,1.0
2020,87912,PELOTAS,210000936188,TIAGO SOARES MALHEIRO,TIAGO MALHEIRO,PSD,MASCULINO,BRANCA,SUPERIOR INCOMPLETO,EMPRESÁRIO,SUPLENTE,0,Direita,Direita,650.0,0.0,867.0,0.0,0.0,0.0,0.0,0.0,1517.0,867.0,0.5715227422544495,1.2938901679256802,1962.8313847432569,1.5669765246061187,841.0286091516922,0.0,1121.8027755915648,0.0,0.0,0.0,0.0,0.0,300.0,0.0,0.0,0.0,0.0,1.0,300.0,1.2938901679256802,388.1670503777041,0.0,388.1670503777041,0.0,0.0,0.0,0.0,0.0,0,0.4731811905746159,0.4731811905746159,0.0,PSD,-1,#NULO#,#NULO#,210000107998,PARTIDO ISOLADO,PSD,PARTIDO ISOLADO,PARTIDO:PSD,319.0,319.0,3.0,0,12519.0,194.0,12713.0,1.0,155371.0,0.0818235063171377,0.002053150201775106,0.02509242507669315,0.818235063171377,8.321928094887362,3.777472319663104,12.0,TIAGO SOARES MALHEIRO,0.0,0.0,0.0,0.0,0.03200644910212932,0.32006449102129314,1.0
2020,87912,PELOTAS,210000936173,ANTÔNIO PEIXOTO OLIVEIRA,REPÓRTER ANTÔNIO PEIXOTO,PSD,MASCULINO,BRANCA,SUPERIOR COMPLETO,JORNALISTA E REDATOR,SUPLENTE,0,Direita,Direita,5575.0,4378.82,867.0,0.0,0.0,0.0,0.0,0.0,10820.82,867.0,0.0801233178261906,1.2938901679256802,14000.95260689356,3.906982214115419,7213.437686185667,5665.712145116327,1121.8027755915648,0.0,0.0,0.0,0.0,0.0,9378.82,5600.0,5600.0,0.0,0.0,18.0,3778.82,1.2938901679256802,12135.162984744728,7245.784940383809,4889.378044360919,7245.784940383809,0.0,0.0,0.5970900390454237,5.970900390454236,1,3.715362196830101,2.5581152843622954,3.0436568345599846,PSD,-1,#NULO#,#NULO#,210000107998,PARTIDO ISOLADO,PSD,PARTIDO ISOLADO,PARTIDO:PSD,1368.0,1368.0,3.0,0,12519.0,194.0,12713.0,1.0,155371.0,0.0818235063171377,0.008804731899775377,0.1076063871627468,0.818235063171377,10.4189067312579,3.777472319663104,3.0,ANTONIO PEIXOTO OLIVEIRA,1.0,0.0,1041.0,10.025139562278508,0.03200644910212932,0.32006449102129314,1.0
2020,87912,PELOTAS,210000936182,AIRTON PINTO MOLINA,AIRTON MOLINA,PSD,MASCULINO,BRANCA,ENSINO MÉDIO INCOMPLETO,APOSENTADO (EXCETO SERVIDOR PÚBLICO),SUPLENTE,0,Direita,Direita,1150.0,1710.0,552.0,135.0,0.0,0.0,0.0,0.0,3547.0,687.0,0.1936848040597688,1.2938901679256802,4589.428425632388,2.482700760766792,1487.9736931145324,2212.552187152913,714.2273726949755,174.67517266996683,0.0,0.0,0.0,0.0,1704.7,59.7,59.7,0.0,0.0,7.0,1645.0,1.2938901679256802,2205.694569262907,77.24524302516312,2128.449326237744,77.24524302516312,0.0,0.0,0.0350208247785534,0.3502082477855341,1,1.6806369755857904,1.645447735848794,0.1073467277087648,PSD,-1,#NULO#,#NULO#,210000107998,PARTIDO ISOLADO,PSD,PARTIDO ISOLADO,PARTIDO:PSD,629.0,629.0,3.0,0,12519.0,194.0,12713.0,1.0,155371.0,0.0818235063171377,0.004048374535788532,0.04947691339573665,0.818235063171377,9.29920801838728,3.777472319663104,6.0,AIRTON PINTO MOLINA,1.0,0.0,444.0,8.79766152585376,0.03200644910212932,0.32006449102129314,1.0
2020,87912,PELOTAS,210000936197,JOICE HELENA FERREIRA NOBRE,JOICE NOBRE DA SAÚDE,PSD,FEMININO,PRETA,ENSINO MÉDIO COMPLETO,SERVIDOR PÚBLICO MUNICIPAL,SUPLENTE,0,Direita,Direita,300.0,0.0,2333.4,3486.0,0.0,0.0,0.0,0.0,6119.4,5819.4,0.9509755858417492,1.2938901679256802,7917.831493604407,3.15669293954439,388.1670503777041,0.0,3019.1633178377824,4510.5011253889215,0.0,0.0,0.0,0.0,3476.6,0.0,0.0,0.0,0.0,15.0,3476.6,1.2938901679256802,4498.33855781042,0.0,4498.33855781042,0.0,0.0,0.0,0.0,0.0,0,2.4589957429069287,2.4589957429069287,0.0,PSD,-1,#NULO#,#NULO#,210000107998,PARTIDO ISOLADO,PSD,PARTIDO ISOLADO,PARTIDO:PSD,209.0,209.0,3.0,0,12519.0,194.0,12713.0,1.0,155371.0,0.0818235063171377,0.0013451673735767936,0.016439864705419648,0.818235063171377,7.714245517666122,3.777472319663104,20.0,JOICE HELENA FERREIRA NOBRE,0.0,0.0,0.0,0.0,0.03200644910212932,0.32006449102129314,1.0
2020,87912,PELOTAS,210000724752,MARCELIANO PEREIRA VINHOLES,VINHOLES,REPUBLICANOS,MASCULINO,BRANCA,ENSINO MÉDIO COMPLETO,OUTROS,NÃO ELEITO,0,Direita,Direita,0.0,0.0,0.0,880.8,0.0,0.0,0.0,0.0,880.8,880.8,1.0,1.2938901679256802,1139.658459908939,1.0973805267573191,0.0,0.0,0.0,1139.658459908939,0.0,0.0,0.0,0.0,0.0,0.0,0.0,0.0,0.0,0.0,0.0,1.2938901679256802,0.0,0.0,0.0,0.0,0.0,0.0,0.0,0.0,0,0.0,0.0,0.0,REPUBLICANOS,-1,#NULO#,#NULO#,210000067601,PARTIDO ISOLADO,REPUBLICANOS,PARTIDO ISOLADO,PARTIDO:REPUBLICANOS,15.0,15.0,3.0,0,4370.0,93.0,4463.0,1.0,155371.0,0.02872479420226426,9.654311293613351e-05,0.0033609679587721262,0.2872479420226426,4.0,2.4496934230359075,17.0,MARCELIANO PEREIRA VINHOLES,0.0,0.0,0.0,0.0,0.04050703285706343,0.4050703285706343,1.0
2020,87912,PELOTAS,210000724748,CATARINA DOS SANTOS MAIA,CATARINA DO SANTOS,REPUBLICANOS,FEMININO,BRANCA,ENSINO FUNDAMENTAL INCOMPLETO,APOSENTADO (EXCETO SERVIDOR PÚBLICO),NÃO ELEITO,0,Direita,Direita,0.0,0.0,0.0,2248.8,0.0,0.0,0.0,0.0,2248.8,2248.8,1.0,1.2938901679256802,2909.70020963127,1.9670579879265329,0.0,0.0,0.0,2909.70020963127,0.0,0.0,0.0,0.0,1500.0,0.0,0.0,0.0,0.0,4.0,1500.0,1.2938901679256802,1940.8352518885204,0.0,1940.8352518885204,0.0,0.0,0.0,0.0,0.0,0,1.5562259654759605,1.5562259654759605,0.0,REPUBLICANOS,-1,#NULO#,#NULO#,210000067601,PARTIDO ISOLADO,REPUBLICANOS,PARTIDO ISOLADO,PARTIDO:REPUBLICANOS,14.0,14.0,3.0,0,4370.0,93.0,4463.0,1.0,155371.0,0.02872479420226426,9.010690540705794e-05,0.003136903428187318,0.2872479420226426,3.9068905956085187,2.4496934230359075,18.0,CATARINA DOS SANTOS MAIA,0.0,0.0,0.0,0.0,0.04050703285706343,0.4050703285706343,1.0
2020,87912,PELOTAS,210000724745,MARIA CLAUDETE DA ROCHA PORTO,CLAUDETE ROCHA,REPUBLICANOS,FEMININO,BRANCA,ENSINO FUNDAMENTAL INCOMPLETO,DONA DE CASA,NÃO ELEITO,0,Direita,Direita,0.0,0.0,0.0,2397.2,0.0,0.0,0.0,0.0,2397.2,2397.2,1.0,1.2938901679256802,3101.7135105514403,2.036226728448508,0.0,0.0,0.0,3101.7135105514403,0.0,0.0,0.0,0.0,0.0,0.0,0.0,0.0,0.0,0.0,0.0,1.2938901679256802,0.0,0.0,0.0,0.0,0.0,0.0,0.0,0.0,0,0.0,0.0,0.0,REPUBLICANOS,-1,#NULO#,#NULO#,210000067601,PARTIDO ISOLADO,REPUBLICANOS,PARTIDO ISOLADO,PARTIDO:REPUBLICANOS,108.0,108.0,3.0,0,4370.0,93.0,4463.0,1.0,155371.0,0.02872479420226426,0.0006951104131401613,0.02419896930315931,0.2872479420226426,6.768184324776926,2.4496934230359075,9.0,MARIA CLAUDETE DA ROCHA PORTO,0.0,0.0,0.0,0.0,0.04050703285706343,0.4050703285706343,1.0
2020,87912,PELOTAS,210000724744,ANDRE LUIS CORREA DOS SANTOS,ANDRE POVÃO,REPUBLICANOS,MASCULINO,PRETA,ENSINO FUNDAMENTAL INCOMPLETO,VIGILANTE,NÃO ELEITO,0,Direita,Direita,0.0,0.0,0.0,1880.8,0.0,0.0,0.0,0.0,1880.8,1880.8,1.0,1.2938901679256802,2433.54862783462,1.7797003960129103,0.0,0.0,0.0,2433.54862783462,0.0,0.0,0.0,0.0,0.0,0.0,0.0,0.0,0.0,0.0,0.0,1.2938901679256802,0.0,0.0,0.0,0.0,0.0,0.0,0.0,0.0,0,0.0,0.0,0.0,REPUBLICANOS,-1,#NULO#,#NULO#,210000067601,PARTIDO ISOLADO,REPUBLICANOS,PARTIDO ISOLADO,PARTIDO:REPUBLICANOS,56.0,56.0,3.0,0,4370.0,93.0,4463.0,1.0,155371.0,0.02872479420226426,0.00036042762162823177,0.012547613712749272,0.2872479420226426,5.832890014164741,2.4496934230359075,11.0,ANDRE LUIS CORREA DOS SANTOS,0.0,0.0,0.0,0.0,0.04050703285706343,0.4050703285706343,1.0
2020,87912,PELOTAS,210000680571,BRUNA LUDTKE DA ROSA,BRUNA LUDTKE,PSB,FEMININO,BRANCA,SUPERIOR INCOMPLETO,EMPRESÁRIO,SUPLENTE,0,Esquerda,Centro,0.0,0.0,0.0,256.8,0.0,0.0,0.0,0.0,256.8,256.8,1.0,1.2938901679256802,332.2709951233147,0.4138875685617287,0.0,0.0,0.0,332.2709951233147,0.0,0.0,0.0,0.0,0.0,0.0,0.0,0.0,0.0,0.0,0.0,1.2938901679256802,0.0,0.0,0.0,0.0,0.0,0.0,0.0,0.0,0,0.0,0.0,0.0,PSB,-1,#NULO#,#NULO#,210000061620,PARTIDO ISOLADO,PSB,PARTIDO ISOLADO,PARTIDO:PSB,300.0,300.0,3.0,0,11578.0,584.0,12162.0,1.0,155371.0,0.07827715596861705,0.0019308622587226702,0.0246669955599408,0.7827715596861704,8.233619676759702,3.718306821867008,9.0,BRUNA LUDTKE DA ROSA,0.0,0.0,0.0,0.0,0.11976983376883304,1.1976983376883303,1.0
2020,87912,PELOTAS,210000680570,ANTÔNIO RICARDO PERES DE PERES,ANTONIO PERES TONINHO,PSB,MASCULINO,BRANCA,SUPERIOR COMPLETO,VEREADOR,SUPLENTE,0,Esquerda,Centro,5400.0,6821.56,0.0,5513.6,0.0,0.0,0.0,0.0,17735.160000000003,5513.6,0.310885269712819,1.2938901679256802,22947.34915058881,4.581794060704316,6987.006906798673,8826.349413915104,0.0,7133.992829875031,0.0,0.0,0.0,0.0,16421.56,0.0,0.0,0.0,0.0,38.0,16421.56,1.2938901679256802,21247.695026001635,0.0,21247.695026001635,0.0,0.0,0.0,0.0,0.0,0,4.475583968188253,4.475583968188253,0.0,PSB,-1,#NULO#,#NULO#,210000061620,PARTIDO ISOLADO,PSB,PARTIDO ISOLADO,PARTIDO:PSB,1370.0,1370.0,3.0,0,11578.0,584.0,12162.0,1.0,155371.0,0.07827715596861705,0.008817604314833527,0.11264594639039632,0.7827715596861704,10.421012855779226,3.718306821867008,3.0,ANTONIO RICARDO PERES DE PERES,1.0,1.0,2182.0,11.092096414990792,0.11976983376883304,1.1976983376883303,1.0
2020,87912,PELOTAS,210000680577,JOSÉ RICARDO DOS SANTOS DE SOUZA,RICARDO SANTOS,PSB,MASCULINO,BRANCA,ENSINO MÉDIO COMPLETO,COMERCIANTE,SUPLENTE,0,Esquerda,Centro,8300.0,0.0,0.0,0.0,0.0,0.0,0.0,0.0,8300.0,0.0,0.0,1.2938901679256802,10739.288393783148,3.553273053431121,10739.288393783148,0.0,0.0,0.0,0.0,0.0,0.0,0.0,8000.0,0.0,0.0,0.0,0.0,5.0,8000.0,1.2938901679256802,10351.121343405444,0.0,10351.121343405444,0.0,0.0,0.0,0.0,0.0,0,3.504762918981602,3.504762918981602,0.0,PSB,-1,#NULO#,#NULO#,210000061620,PARTIDO ISOLADO,PSB,PARTIDO ISOLADO,PARTIDO:PSB,803.0,803.0,3.0,0,11578.0,584.0,12162.0,1.0,155371.0,0.07827715596861705,0.0051682746458476805,0.06602532478210821,0.7827715596861704,9.651051691178928,3.718306821867008,5.0,JOSE RICARDO DOS SANTOS DE SOUZA,1.0,0.0,2418.0,11.240195053979924,0.11976983376883304,1.1976983376883303,1.0
2020,87912,PELOTAS,210000680574,CÍNTIA SCHAFER ANDERSON,CINTIA ANDERSON,PSB,FEMININO,BRANCA,ENSINO MÉDIO COMPLETO,OUTROS,SUPLENTE,0,Esquerda,Centro,300.0,0.0,0.0,256.8,0.0,0.0,0.0,0.0,556.8,256.8,0.4612068965517242,1.2938901679256802,720.4380455010187,0.7827759402831043,388.1670503777041,0.0,0.0,332.2709951233147,0.0,0.0,0.0,0.0,0.0,0.0,0.0,0.0,0.0,0.0,0.0,1.2938901679256802,0.0,0.0,0.0,0.0,0.0,0.0,0.0,0.0,0,0.0,0.0,0.0,PSB,-1,#NULO#,#NULO#,210000061620,PARTIDO ISOLADO,PSB,PARTIDO ISOLADO,PARTIDO:PSB,90.0,90.0,3.0,0,11578.0,584.0,12162.0,1.0,155371.0,0.07827715596861705,0.000579258677616801,0.00740009866798224,0.7827715596861704,6.507794640198696,3.718306821867008,20.0,CINTIA SCHAFER ANDERSON,0.0,0.0,0.0,0.0,0.11976983376883304,1.1976983376883303,1.0
2020,87912,PELOTAS,210000680572,DANIELA SIMÕES LOPES,DANIELA SIMÕES LOPES,PSB,FEMININO,BRANCA,SUPERIOR COMPLETO,EMPRESÁRIO,SUPLENTE,0,Esquerda,Centro,300.0,1620.0,0.0,256.8,0.0,0.0,0.0,0.0,2176.8,256.8,0.1179713340683572,1.2938901679256802,2816.540117540621,1.932265356290153,388.1670503777041,2096.102072039602,0.0,332.2709951233147,0.0,0.0,0.0,0.0,1620.0,800.0,800.0,0.0,0.0,4.0,820.0,1.2938901679256802,2096.102072039602,1035.112134340544,1060.9899376990577,1035.112134340544,0.0,0.0,0.4938271604938271,4.938271604938271,1,1.6304530349183413,1.043337461273527,1.0251082889387106,PSB,-1,#NULO#,#NULO#,210000061620,PARTIDO ISOLADO,PSB,PARTIDO ISOLADO,PARTIDO:PSB,158.0,158.0,3.0,0,11578.0,584.0,12162.0,1.0,155371.0,0.07827715596861705,0.0010169207895939396,0.012991284328235488,0.7827715596861704,7.312882955284356,3.718306821867008,17.0,DANIELA SIMOES LOPES,0.0,0.0,0.0,0.0,0.11976983376883304,1.1976983376883303,1.0
2020,87912,PELOTAS,210000680588,MAURICIO PEREIRA OLIVEIRA,CACHORREIRA,PSB,MASCULINO,PRETA,ENSINO FUNDAMENTAL COMPLETO,COMERCIANTE,SUPLENTE,0,Esquerda,Centro,0.0,0.0,0.0,256.8,0.0,0.0,0.0,0.0,256.8,256.8,1.0,1.2938901679256802,332.2709951233147,0.4138875685617287,0.0,0.0,0.0,332.2709951233147,0.0,0.0,0.0,0.0,0.0,0.0,0.0,0.0,0.0,0.0,0.0,1.2938901679256802,0.0,0.0,0.0,0.0,0.0,0.0,0.0,0.0,0,0.0,0.0,0.0,PSB,-1,#NULO#,#NULO#,210000061620,PARTIDO ISOLADO,PSB,PARTIDO ISOLADO,PARTIDO:PSB,82.0,82.0,3.0,0,11578.0,584.0,12162.0,1.0,155371.0,0.07827715596861705,0.0005277690173841965,0.006742312119717151,0.7827715596861704,6.3750394313469245,3.718306821867008,21.0,MAURICIO PEREIRA OLIVEIRA,0.0,0.0,0.0,0.0,0.11976983376883304,1.1976983376883303,1.0
2020,87912,PELOTAS,210001240275,PAULO CESAR COITINHO DOS SANTOS,PAULO COITINHO,CIDADANIA,MASCULINO,BRANCA,SUPERIOR COMPLETO,ADMINISTRADOR,ELEITO POR MÉDIA,1,Centro,Centro,14140.0,4000.0,0.0,0.0,0.0,0.0,0.0,0.0,18140.0,0.0,0.0,1.2938901679256802,23471.16764617184,4.613011036400763,18295.60697446912,5175.560671702721,0.0,0.0,0.0,0.0,0.0,0.0,12368.2,0.0,0.0,0.0,0.0,10.0,12368.2,1.2938901679256802,16003.0923749384,0.0,16003.0923749384,0.0,0.0,0.0,0.0,0.0,0,4.087725249971952,4.087725249971952,0.0,CIDADANIA,-1,#NULO#,#NULO#,210000153454,PARTIDO ISOLADO,CIDADANIA,PARTIDO ISOLADO,PARTIDO:CIDADANIA,1202.0,1202.0,3.0,0,6234.0,118.0,6352.0,1.0,155371.0,0.040882790224688006,0.0077363214499488325,0.1892317380352645,0.40882790224688004,10.232420927176076,2.8781367666269477,1.0,PAULO CESAR COITINHO DOS SANTOS,1.0,0.0,1078.0,10.075479149488016,0.026774892978262077,0.26774892978262077,1.0
2020,87912,PELOTAS,210001240280,ELAINE DA SILVA PEREIRA,ELAINE S. P.,CIDADANIA,FEMININO,BRANCA,ENSINO MÉDIO COMPLETO,AUXILIAR DE ESCRITÓRIO E ASSEMELHADOS,SUPLENTE,0,Centro,Centro,0.0,0.0,0.0,0.0,0.0,0.0,0.0,0.0,0.0,0.0,,1.2938901679256802,0.0,0.0,0.0,0.0,0.0,0.0,0.0,0.0,0.0,0.0,0.0,0.0,0.0,0.0,0.0,0.0,0.0,1.2938901679256802,0.0,0.0,0.0,0.0,0.0,0.0,0.0,0.0,0,0.0,0.0,0.0,CIDADANIA,-1,#NULO#,#NULO#,210000153454,PARTIDO ISOLADO,CIDADANIA,PARTIDO ISOLADO,PARTIDO:CIDADANIA,30.0,30.0,3.0,0,6234.0,118.0,6352.0,1.0,155371.0,0.040882790224688006,0.00019308622587226702,0.004722921914357683,0.40882790224688004,4.954196310386875,2.8781367666269477,15.0,ELAINE DA SILVA PEREIRA,0.0,0.0,0.0,0.0,0.026774892978262077,0.26774892978262077,1.0
2020,87912,PELOTAS,210001242942,BRUNO DE LIMA GARCIA,BRUNO DE LIMA,PODE,MASCULINO,BRANCA,SUPERIOR INCOMPLETO,"ESTUDANTE, BOLSISTA, ESTAGIÁRIO E ASSEMELHADOS",NÃO ELEITO,0,Direita,Direita,0.0,330.0,0.0,0.0,0.0,0.0,0.0,0.0,330.0,0.0,0.0,1.2938901679256802,426.9837554154745,0.5129689114675435,0.0,426.9837554154745,0.0,0.0,0.0,0.0,0.0,0.0,330.0,0.0,0.0,0.0,0.0,4.0,330.0,1.2938901679256802,426.9837554154745,0.0,426.9837554154745,0.0,0.0,0.0,0.0,0.0,0,0.5129689114675435,0.5129689114675435,0.0,PODE,-1,#NULO#,#NULO#,210000153954,PARTIDO ISOLADO,PODE,PARTIDO ISOLADO,PARTIDO:PODE,119.0,119.0,3.0,0,2135.0,89.0,2224.0,1.0,155371.0,0.014314125544664063,0.0007659086959599926,0.05350719424460432,0.1431412554466406,6.906890595608519,1.6888517438658803,8.0,BRUNO DE LIMA GARCIA,0.0,0.0,0.0,0.0,0.0046755990437538225,0.046755990437538225,1.0
2020,87912,PELOTAS,210001242947,MARCELO PEREIRA PIRES,MARCELO PIRES BLIM,PODE,MASCULINO,BRANCA,SUPERIOR INCOMPLETO,EMPRESÁRIO,NÃO ELEITO,0,Direita,Direita,0.0,0.0,0.0,0.0,0.0,0.0,0.0,0.0,0.0,0.0,,1.2938901679256802,0.0,0.0,0.0,0.0,0.0,0.0,0.0,0.0,0.0,0.0,0.0,0.0,0.0,0.0,0.0,0.0,0.0,1.2938901679256802,0.0,0.0,0.0,0.0,0.0,0.0,0.0,0.0,0,0.0,0.0,0.0,PODE,-1,#NULO#,#NULO#,210000153954,PARTIDO ISOLADO,PODE,PARTIDO ISOLADO,PARTIDO:PODE,40.0,40.0,3.0,0,2135.0,89.0,2224.0,1.0,155371.0,0.014314125544664063,0.0002574483011630227,0.017985611510791366,0.1431412554466406,5.357552004618084,1.6888517438658803,11.0,MARCELO PEREIRA PIRES,0.0,0.0,0.0,0.0,0.0046755990437538225,0.046755990437538225,1.0
2020,87912,PELOTAS,210001240554,PAULO ROGÉRIO COSTA BARRETO,BARRETINHO HOMEM ARANHA PEL,PV,MASCULINO,BRANCA,SUPERIOR INCOMPLETO,ATLETA PROFISSIONAL E TÉCNICO EM DESPORTOS,NÃO ELEITO,0,Centro,Centro,0.0,0.0,0.0,1506.43,0.0,0.0,0.0,0.0,1506.43,1506.43,1.0,1.2938901679256802,1949.1549656682823,1.560301631937545,0.0,0.0,0.0,1949.1549656682823,0.0,0.0,0.0,0.0,0.0,0.0,0.0,0.0,0.0,0.0,0.0,1.2938901679256802,0.0,0.0,0.0,0.0,0.0,0.0,0.0,0.0,0,0.0,0.0,0.0,PV,-1,#NULO#,#NULO#,210000153495,PARTIDO ISOLADO,PV,PARTIDO ISOLADO,PARTIDO:PV,110.0,110.0,3.0,0,389.0,23.0,412.0,1.0,155371.0,0.0026517175019791337,0.0007079828281983125,0.2669902912621359,0.026517175019791336,6.794415866350106,0.4977400886090932,2.0,PAULO ROGERIO COSTA BARRETO,0.0,0.0,0.0,0.0,0.0020514816256185023,0.020514816256185023,1.0
2020,87912,PELOTAS,210001239725,VOLMAIRA MACHADO ZIMMERMANN,AMIGA MAIRA,PSDB,FEMININO,BRANCA,SUPERIOR COMPLETO,DONA DE CASA,SUPLENTE,0,Centro,Centro,0.0,0.0,0.0,10041.0,0.0,0.0,0.0,0.0,10041.0,10041.0,1.0,1.2938901679256802,12991.951176141754,3.806525255092823,0.0,0.0,0.0,12991.951176141754,0.0,0.0,0.0,0.0,3295.6000000000004,0.0,0.0,0.0,0.0,5.0,3295.6000000000004,1.2938901679256802,4264.144437415872,0.0,4264.144437415872,0.0,0.0,0.0,0.0,0.0,0,2.3961990742336448,2.3961990742336448,0.0,PSDB,-1,#NULO#,#NULO#,210000153382,PARTIDO ISOLADO,PSDB,PARTIDO ISOLADO,PARTIDO:PSDB,44.0,44.0,3.0,0,21809.0,2904.0,24713.0,1.0,155371.0,0.1590579966660445,0.000283193131279325,0.0017804394448266096,1.590579966660445,5.491853096329675,4.684426037716597,30.0,VOLMAIRA MACHADO ZIMMERMANN,0.0,0.0,0.0,0.0,0.1757936287318619,1.757936287318619,1.0
2020,87912,PELOTAS,210001239714,PEDRO DELPONTE FERRAZ,PEDRO FERRAZ,PSDB,MASCULINO,BRANCA,ENSINO FUNDAMENTAL INCOMPLETO,OUTROS,SUPLENTE,0,Centro,Centro,3225.8,0.0,0.0,7541.0,0.0,0.0,0.0,0.0,10766.8,7541.0,0.7003938031727162,1.2938901679256802,13931.056660022214,3.900244362451645,4173.830903694659,0.0,0.0,9757.225756327554,0.0,0.0,0.0,0.0,4025.8,0.0,0.0,0.0,0.0,14.0,4025.8,1.2938901679256802,5208.943038035204,0.0,5208.943038035204,0.0,0.0,0.0,0.0,0.0,0,2.6343476962124304,2.6343476962124304,0.0,PSDB,-1,#NULO#,#NULO#,210000153382,PARTIDO ISOLADO,PSDB,PARTIDO ISOLADO,PARTIDO:PSDB,867.0,867.0,3.0,0,21809.0,2904.0,24713.0,1.0,155371.0,0.1590579966660445,0.005580191927708517,0.0350827499696516,1.590579966660445,9.761551232444479,4.684426037716597,10.0,PEDRO DELPONTE FERRAZ,0.0,0.0,0.0,0.0,0.1757936287318619,1.757936287318619,1.0
2020,87912,PELOTAS,210001239709,MAURÍCIO DE FIGUEIREDO MARTINS,MAURÍCIO MARTINS,PSDB,MASCULINO,BRANCA,SUPERIOR COMPLETO,JORNALISTA E REDATOR,SUPLENTE,0,Centro,Centro,15200.0,6679.0,0.0,19632.92,0.0,1000.0,0.0,0.0,42511.92,19632.92,0.4618215314669391,1.2938901679256802,55005.755307643085,5.807503185042483,19667.13055247034,8641.892431575618,0.0,25402.84215567144,0.0,1293.8901679256803,0.0,0.0,34659.520000000004,5800.0,5000.0,800.0,1560.0,33.0,28859.520000000004,1.2938901679256802,44845.61215302348,7504.562973968946,37341.049179054535,6469.450839628401,1035.112134340544,2018.468661964061,0.1673421905438967,1.6734219054389672,1,5.5187117561232055,5.260817910889482,3.088237101675001,PSDB,-1,#NULO#,#NULO#,210000153382,PARTIDO ISOLADO,PSDB,PARTIDO ISOLADO,PARTIDO:PSDB,975.0,975.0,3.0,0,21809.0,2904.0,24713.0,1.0,155371.0,0.1590579966660445,0.006275302340848678,0.03945291951604419,1.590579966660445,9.930737337562887,4.684426037716597,8.0,MAURICIO DE FIGUEIREDO MARTINS,0.0,0.0,0.0,0.0,0.1757936287318619,1.757936287318619,1.0
2020,87912,PELOTAS,210001258325,DAIANE RODRIGUES DIAS,DAIANE DIAS,PL,FEMININO,PRETA,SUPERIOR COMPLETO,VEREADOR,NÃO ELEITO,0,Direita,Direita,17000.0,6200.0,0.0,30000.0,0.0,0.0,0.0,0.0,53200.0,30000.0,0.5639097744360902,1.2938901679256802,68834.95693364619,6.125877474737965,21996.132854736563,8022.119041139217,0.0,38816.70503777041,0.0,0.0,0.0,0.0,44857.71,1251.71,1200.0,51.71,0.0,37.0,43606.0,1.2938901679256802,58040.949924661465,1619.5752620942533,56421.374662567214,1552.6682015108163,66.90706058343693,0.0,0.0279040102582142,0.2790401025821425,1,5.883644028355006,5.843515963835964,1.3893329121655298,PL,-1,#NULO#,#NULO#,210000161047,PARTIDO ISOLADO,PL,PARTIDO ISOLADO,PARTIDO:PL,1755.0,1755.0,3.0,0,4265.0,119.0,4384.0,1.0,155371.0,0.028216333807467287,0.01129554421352762,0.40031934306569344,0.28216333807467286,10.778077129535358,2.42867840994823,1.0,DAIANE RODRIGUES DIAS,1.0,1.0,2140.0,11.06406908038551,0.015160949574692833,0.15160949574692834,1.0
2020,87912,PELOTAS,210001258340,LETÍCIA LEITE LISBÔA,LETÍCIA LISBÔA,PL,FEMININO,BRANCA,SUPERIOR COMPLETO,ADVOGADO,NÃO ELEITO,0,Direita,Direita,0.0,15.0,391.0,1816.0,0.0,0.0,0.0,0.0,2222.0,2207.0,0.9932493249324932,1.2938901679256802,2875.0239531308616,1.954205228311082,0.0,19.4083525188852,505.911055658941,2349.704544953035,0.0,0.0,0.0,0.0,1830.9,0.0,0.0,0.0,0.0,8.0,1830.9,1.2938901679256802,2368.983508455128,0.0,2368.983508455128,0.0,0.0,0.0,0.0,0.0,0,1.7523133663260295,1.7523133663260295,0.0,PL,-1,#NULO#,#NULO#,210000161047,PARTIDO ISOLADO,PL,PARTIDO ISOLADO,PARTIDO:PL,281.0,281.0,3.0,0,4265.0,119.0,4384.0,1.0,155371.0,0.028216333807467287,0.0018085743156702344,0.06409671532846715,0.28216333807467286,8.139551352398794,2.42867840994823,4.0,LETICIA LEITE LISBOA,0.0,0.0,0.0,0.0,0.015160949574692833,0.15160949574692834,1.0
2020,87912,PELOTAS,210001239555,SUELEN CORREA DA SILVA,SU CORRÊA,MDB,FEMININO,BRANCA,ENSINO MÉDIO INCOMPLETO,OUTROS,NÃO ELEITO,0,Centro,Centro,300.0,0.0,0.0,2000.0,704.5,0.0,0.0,0.0,3004.5,2000.0,0.6656681644200366,1.2938901679256802,3887.4930095327054,2.2890946389683866,388.1670503777041,0.0,0.0,2587.7803358513606,911.5456233036416,0.0,0.0,0.0,2000.0,0.0,0.0,0.0,0.0,2.0,2000.0,1.2938901679256802,2587.7803358513606,0.0,2587.7803358513606,0.0,0.0,0.0,0.0,0.0,0,1.8430915630333269,1.8430915630333269,0.0,MDB,-1,#NULO#,#NULO#,210000153356,PARTIDO ISOLADO,MDB,PARTIDO ISOLADO,PARTIDO:MDB,29.0,29.0,3.0,0,3733.0,200.0,3933.0,1.0,155371.0,0.025313604211854208,0.00018665001834319145,0.00737350622934147,0.25313604211854207,4.906890595608519,2.302465287332405,19.0,SUELEN CORREA DA SILVA,0.0,0.0,0.0,0.0,0.03540334686162228,0.3540334686162228,1.0
2020,87912,PELOTAS,210001239464,EZEQUIEL MARQUES LEAL,EZEQUIEL LEAL,PTB,MASCULINO,BRANCA,ENSINO MÉDIO COMPLETO,OUTROS,SUPLENTE,0,Direita,Direita,2076.0,100.0,0.0,4000.0,569.0,0.0,0.0,0.0,6745.0,4000.0,0.5930318754633062,1.2938901679256802,8727.289182658713,3.2820378083332,2686.115988613712,129.389016792568,0.0,5175.560671702721,736.2235055497121,0.0,0.0,0.0,5272.900000000001,0.0,0.0,0.0,0.0,13.0,5272.900000000001,1.2938901679256802,6822.55346645532,0.0,6822.55346645532,0.0,0.0,0.0,0.0,0.0,0,2.9676396141918397,2.9676396141918397,0.0,PTB,-1,#NULO#,#NULO#,210000153345,PARTIDO ISOLADO,PTB,PARTIDO ISOLADO,PARTIDO:PTB,532.0,532.0,3.0,0,17634.0,373.0,18007.0,1.0,155371.0,0.11589678897606374,0.003424062405468202,0.029544066196479146,1.1589678897606375,9.057991722759176,4.248458934781782,13.0,EZEQUIEL MARQUES LEAL,1.0,0.0,766.0,9.583082767502933,0.10380274642797575,1.0380274642797576,1.0
2020,87912,PELOTAS,210001239474,PAULA MACHADO FERNANDES,PAULINHA FERNANDES,PTB,FEMININO,BRANCA,SUPERIOR INCOMPLETO,EMPRESÁRIO,SUPLENTE,0,Direita,Direita,0.0,0.0,0.0,1000.0,0.0,0.0,0.0,0.0,1000.0,1000.0,1.0,1.2938901679256802,1293.8901679256803,1.1977963163832472,0.0,0.0,0.0,1293.8901679256803,0.0,0.0,0.0,0.0,0.0,0.0,0.0,0.0,0.0,0.0,0.0,1.2938901679256802,0.0,0.0,0.0,0.0,0.0,0.0,0.0,0.0,0,0.0,0.0,0.0,PTB,-1,#NULO#,#NULO#,210000153345,PARTIDO ISOLADO,PTB,PARTIDO ISOLADO,PARTIDO:PTB,20.0,20.0,3.0,0,17634.0,373.0,18007.0,1.0,155371.0,0.11589678897606374,0.00012872415058151135,0.001110679180318765,1.1589678897606375,4.392317422778761,4.248458934781782,30.0,PAULA MACHADO FERNANDES,0.0,0.0,0.0,0.0,0.10380274642797575,1.0380274642797576,1.0
2020,87912,PELOTAS,210001239675,LUCIANA CAPERA BARNECHE,LUCIANA CAPERA,DEM,FEMININO,BRANCA,ENSINO MÉDIO COMPLETO,MANICURE E MAQUILADOR,SUPLENTE,0,Direita,Direita,550.0,0.0,0.0,0.0,0.0,0.0,0.0,0.0,550.0,0.0,0.0,1.2938901679256802,711.6395923591241,0.7753789557961334,711.6395923591241,0.0,0.0,0.0,0.0,0.0,0.0,0.0,0.0,0.0,0.0,0.0,0.0,0.0,0.0,1.2938901679256802,0.0,0.0,0.0,0.0,0.0,0.0,0.0,0.0,0,0.0,0.0,0.0,DEM,-1,#NULO#,#NULO#,210000153379,PARTIDO ISOLADO,DEM,PARTIDO ISOLADO,PARTIDO:DEM,44.0,44.0,3.0,0,7198.0,261.0,7459.0,1.0,155371.0,0.04800767195937466,0.000283193131279325,0.005898914063547392,0.48007671959374654,5.491853096329675,3.0804871219370367,28.0,LUCIANA CAPERA BARNECHE,0.0,0.0,0.0,0.0,0.07133485294935231,0.713348529493523,1.0
2020,87912,PELOTAS,210001239671,NAILE SILVA MACHADO,NAILÊ MACHADO,DEM,FEMININO,PRETA,SUPERIOR COMPLETO,SERVIDOR PÚBLICO MUNICIPAL,SUPLENTE,0,Direita,Direita,3590.0,1040.0,0.0,0.0,0.0,0.0,0.0,0.0,4630.0,0.0,0.0,1.2938901679256802,5990.711477495899,2.8054392929140453,4645.065702853192,1345.6457746427077,0.0,0.0,0.0,0.0,0.0,0.0,4070.85,1200.0,1200.0,0.0,0.0,19.0,2870.85,1.2938901679256802,5267.232790100255,1552.6682015108163,3714.564588589439,1552.6682015108163,0.0,0.0,0.2947787317145068,2.947787317145068,1,2.647828581587293,2.23712453762596,1.3520060269171827,DEM,-1,#NULO#,#NULO#,210000153379,PARTIDO ISOLADO,DEM,PARTIDO ISOLADO,PARTIDO:DEM,172.0,172.0,3.0,0,7198.0,261.0,7459.0,1.0,155371.0,0.04800767195937466,0.0011070276950009975,0.023059391339321625,0.48007671959374654,7.434628227636725,3.0804871219370367,12.0,NAILE SILVA MACHADO,0.0,0.0,0.0,0.0,0.07133485294935231,0.713348529493523,1.0
2020,87912,PELOTAS,210001239676,DIEGO FERREIRA LEMOS,DIEGO LEMOS SUPERAÇÃO,DEM,MASCULINO,BRANCA,SUPERIOR COMPLETO,ATLETA PROFISSIONAL E TÉCNICO EM DESPORTOS,SUPLENTE,0,Direita,Direita,550.0,515.5,0.0,0.0,0.0,0.0,0.0,0.0,1065.5,0.0,0.0,1.2938901679256802,1378.6399739248122,1.2501369249200325,711.6395923591241,667.0003815656881,0.0,0.0,0.0,0.0,0.0,0.0,515.5,0.0,0.0,0.0,0.0,2.0,515.5,1.2938901679256802,667.0003815656881,0.0,667.0003815656881,0.0,0.0,0.0,0.0,0.0,0,0.7372544345480029,0.7372544345480029,0.0,DEM,-1,#NULO#,#NULO#,210000153379,PARTIDO ISOLADO,DEM,PARTIDO ISOLADO,PARTIDO:DEM,101.0,101.0,3.0,0,7198.0,261.0,7459.0,1.0,155371.0,0.04800767195937466,0.0006500569604366323,0.013540689100415605,0.48007671959374654,6.672425341971495,3.0804871219370367,23.0,DIEGO FERREIRA LEMOS,1.0,0.0,186.0,7.546894459887636,0.07133485294935231,0.713348529493523,1.0
2020,87912,PELOTAS,210001258339,CARLOS ARAQUEM PERES,CARLOS ARAQUEM,PL,MASCULINO,BRANCA,SUPERIOR COMPLETO,ODONTÓLOGO,NÃO ELEITO,0,Direita,Direita,0.0,0.0,391.0,400.0,0.0,0.0,0.0,0.0,791.0,791.0,1.0,1.2938901679256802,1023.467122829213,1.0168294083764573,0.0,0.0,505.911055658941,517.5560671702721,0.0,0.0,0.0,0.0,400.0,0.0,0.0,0.0,91.7,4.0,400.0,1.2938901679256802,517.5560671702721,0.0,517.5560671702721,0.0,0.0,118.64972839878487,0.0,0.0,0,0.6017498188429086,0.6017498188429086,0.0,,,,,,,,,PARTIDO:PL,0.0,0.0,,1,4265.0,119.0,4384.0,1.0,155371.0,0.028216333807467287,0.0,0.0,0.28216333807467286,0.0,2.42867840994823,18.0,CARLOS ARAQUEM PERES,0.0,0.0,0.0,0.0,0.015160949574692833,0.15160949574692834,1.0
2020,87912,PELOTAS,210001258328,ARI FRANCISCO CORREA DUARTE,ARI DUARTE,PL,MASCULINO,PRETA,ENSINO MÉDIO COMPLETO,EMPRESÁRIO,NÃO ELEITO,0,Direita,Direita,0.0,0.0,991.0,0.0,0.0,0.0,0.0,0.0,991.0,991.0,1.0,1.2938901679256802,1282.2451564143491,1.1904537727599225,0.0,0.0,1282.2451564143491,0.0,0.0,0.0,0.0,0.0,593.3,0.0,0.0,0.0,0.0,2.0,593.3,1.2938901679256802,767.6650366303061,0.0,767.6650366303061,0.0,0.0,0.0,0.0,0.0,0,0.8218449173899042,0.8218449173899042,0.0,,,,,,,,,PARTIDO:PL,0.0,0.0,,1,4265.0,119.0,4384.0,1.0,155371.0,0.028216333807467287,0.0,0.0,0.28216333807467286,0.0,2.42867840994823,18.0,ARI FRANCISCO CORREA DUARTE,0.0,0.0,0.0,0.0,0.015160949574692833,0.15160949574692834,1.0
2020,87912,PELOTAS,210001258335,JARBAS ALVES COSTA,JARBAS COSTA,PL,MASCULINO,PRETA,SUPERIOR COMPLETO,ADVOGADO,NÃO ELEITO,0,Direita,Direita,0.0,1620.0,12000.0,0.0,0.0,0.0,0.0,0.0,13620.0,12000.0,0.8810572687224669,1.2938901679256802,17622.784087147764,4.218996865338772,0.0,2096.102072039602,15526.682015108165,0.0,0.0,0.0,0.0,0.0,10553.5,114.0,114.0,0.0,0.0,23.0,10439.5,1.2938901679256802,13655.069887203666,147.50347914352756,13507.566408060138,147.50347914352756,0.0,0.0,0.0108021035675368,0.1080210356753683,1,3.8733279428658056,3.858733627697965,0.198498527787671,,,,,,,,,PARTIDO:PL,0.0,0.0,,1,4265.0,119.0,4384.0,1.0,155371.0,0.028216333807467287,0.0,0.0,0.28216333807467286,0.0,2.42867840994823,18.0,JARBAS ALVES COSTA,0.0,0.0,0.0,0.0,0.015160949574692833,0.15160949574692834,1.0
2020,87912,PELOTAS,210000863521,JÚLIO CÉSAR ARAÚJO DAS NEVES,JÚLIO ARAÚJO,PSOL,MASCULINO,PRETA,SUPERIOR INCOMPLETO,AGENTE ADMINISTRATIVO,SUPLENTE,0,Esquerda,Esquerda,450.0,0.0,0.0,8665.32,0.0,1770.0,0.0,0.0,10885.32,8665.32,0.7960556051636516,1.2938901679256802,14084.408522724763,3.914986222723557,582.2505755665561,0.0,0.0,11211.972349929754,0.0,2290.185597228454,0.0,0.0,10820.94,561.5699999999999,500.0,61.57,0.0,37.0,10259.37,1.2938901679256802,14001.10787371371,726.6099016020241,13274.497972111689,646.9450839628402,79.66481763918414,0.0,0.05189660048018,0.5189660048018008,1,3.906997146601245,3.835368102410269,0.7879421670612616,PSOL,-1,#NULO#,#NULO#,210000094655,PARTIDO ISOLADO,PSOL,PARTIDO ISOLADO,PARTIDO:PSOL,350.0,350.0,3.0,0,11850.0,554.0,12404.0,1.0,155371.0,0.07983471819065334,0.0022526726351764486,0.028216704288939052,0.7983471819065333,8.45532722030456,3.744591686542384,6.0,JULIO CESAR ARAUJO DAS NEVES,0.0,0.0,0.0,0.0,0.05199866570300773,0.5199866570300773,1.0
2020,87912,PELOTAS,210000863525,MAICO BITTENCOURT LOPES,MAICO BITTENCOURT,PSOL,MASCULINO,BRANCA,SUPERIOR COMPLETO,AGENTE ADMINISTRATIVO,SUPLENTE,0,Esquerda,Esquerda,920.0,2000.0,0.0,3889.12,0.0,0.0,0.0,0.0,6809.12,3889.12,0.5711633808774115,1.2938901679256802,8810.253420226107,3.2942904048829647,1190.3789544916258,2587.7803358513606,0.0,5032.094129883121,0.0,0.0,0.0,0.0,6489.27,2940.0,2900.0,40.0,0.0,16.0,3549.2699999999995,1.2938901679256802,8396.402650015078,3804.0370937015,4592.365556313578,3752.281486984473,51.755606717027206,0.0,0.4530555825231498,4.530555825231498,1,3.232108536331543,2.483458668482225,2.2642472906548288,PSOL,-1,#NULO#,#NULO#,210000094655,PARTIDO ISOLADO,PSOL,PARTIDO ISOLADO,PARTIDO:PSOL,464.0,464.0,3.0,0,11850.0,554.0,12404.0,1.0,155371.0,0.07983471819065334,0.002986400293491063,0.03740728797162206,0.7983471819065333,8.861086905995395,3.744591686542384,3.0,MAICO BITTENCOURT LOPES,0.0,0.0,0.0,0.0,0.05199866570300773,0.5199866570300773,1.0
2020,87912,PELOTAS,210000863515,PAULO RENATO VIEIRA,PAULO VIEIRA,PSOL,MASCULINO,BRANCA,ENSINO MÉDIO COMPLETO,"VENDEDOR PRACISTA, REPRESENTANTE, CAIXEIRO-VIAJANTE E ASSEMELHADOS",SUPLENTE,0,Esquerda,Esquerda,0.0,0.0,0.0,1314.87,0.0,0.0,0.0,0.0,1314.87,1314.87,1.0,1.2938901679256802,1701.297365100439,1.4336524638164532,0.0,0.0,0.0,1701.297365100439,0.0,0.0,0.0,0.0,0.0,0.0,0.0,0.0,0.0,0.0,0.0,1.2938901679256802,0.0,0.0,0.0,0.0,0.0,0.0,0.0,0.0,0,0.0,0.0,0.0,PSOL,-1,#NULO#,#NULO#,210000094655,PARTIDO ISOLADO,PSOL,PARTIDO ISOLADO,PARTIDO:PSOL,49.0,49.0,3.0,0,11850.0,554.0,12404.0,1.0,155371.0,0.07983471819065334,0.00031537416892470283,0.0039503386004514675,0.7983471819065333,5.643856189774724,3.744591686542384,18.0,PAULO RENATO VIEIRA,1.0,0.0,98.0,6.6293566200796095,0.05199866570300773,0.5199866570300773,1.0
2020,87912,PELOTAS,210000863518,CRISTIANE MEDEIROS GOMES,CRISTIANE GOMES,PSOL,FEMININO,PRETA,SUPERIOR COMPLETO,PROFESSOR DE ENSINO FUNDAMENTAL,SUPLENTE,0,Esquerda,Esquerda,0.0,0.0,0.0,3626.81,0.0,0.0,0.0,0.0,3626.81,3626.81,1.0,1.2938901679256802,4692.693799934536,2.509111501767296,0.0,0.0,0.0,4692.693799934536,0.0,0.0,0.0,0.0,1748.08,0.0,0.0,0.0,0.0,13.0,1748.08,1.2938901679256802,2261.823524747523,0.0,2261.823524747523,0.0,0.0,0.0,0.0,0.0,0,1.7056787296712546,1.7056787296712546,0.0,PSOL,-1,#NULO#,#NULO#,210000094655,PARTIDO ISOLADO,PSOL,PARTIDO ISOLADO,PARTIDO:PSOL,225.0,225.0,3.0,0,11850.0,554.0,12404.0,1.0,155371.0,0.07983471819065334,0.0014481466940420027,0.018139309900032246,0.7983471819065333,7.820178962415188,3.744591686542384,9.0,CRISTIANE MEDEIROS GOMES,0.0,0.0,0.0,0.0,0.05199866570300773,0.5199866570300773,1.0
2020,87912,PELOTAS,210000838216,ALCI DOS SANTOS PEREIRA,ALCI PEREIRA CANGUÇU,PATRIOTA,MASCULINO,BRANCA,SUPERIOR COMPLETO,MOTOBOY,NÃO ELEITO,0,Direita,Direita,250.0,0.0,0.0,0.0,0.0,0.0,0.0,0.0,250.0,0.0,0.0,1.2938901679256802,323.4725419814201,0.4043282636220041,323.4725419814201,0.0,0.0,0.0,0.0,0.0,0.0,0.0,0.0,0.0,0.0,0.0,0.0,0.0,0.0,1.2938901679256802,0.0,0.0,0.0,0.0,0.0,0.0,0.0,0.0,0,0.0,0.0,0.0,PATRIOTA,-1,#NULO#,#NULO#,210000089031,PARTIDO ISOLADO,PATRIOTA,PARTIDO ISOLADO,PARTIDO:PATRIOTA,56.0,56.0,3.0,0,4091.0,76.0,4167.0,1.0,155371.0,0.02681967677365789,0.00036042762162823177,0.01343892488600912,0.26819676773657886,5.832890014164741,2.3693268837627732,17.0,ALCI DOS SANTOS PEREIRA,0.0,0.0,0.0,0.0,0.003391338188691833,0.03391338188691832,1.0
2020,87912,PELOTAS,210000838235,AIRES ORTIZ CARVALHO,PROF AIRES ORTIZ,PATRIOTA,MASCULINO,BRANCA,SUPERIOR COMPLETO,PROFESSOR DE ENSINO FUNDAMENTAL,NÃO ELEITO,0,Direita,Direita,250.0,0.0,0.0,0.0,0.0,0.0,0.0,0.0,250.0,0.0,0.0,1.2938901679256802,323.4725419814201,0.4043282636220041,323.4725419814201,0.0,0.0,0.0,0.0,0.0,0.0,0.0,0.0,0.0,0.0,0.0,0.0,0.0,0.0,1.2938901679256802,0.0,0.0,0.0,0.0,0.0,0.0,0.0,0.0,0,0.0,0.0,0.0,PATRIOTA,-1,#NULO#,#NULO#,210000089031,PARTIDO ISOLADO,PATRIOTA,PARTIDO ISOLADO,PARTIDO:PATRIOTA,98.0,98.0,3.0,0,4091.0,76.0,4167.0,1.0,155371.0,0.02681967677365789,0.0006307483378494057,0.02351811855051596,0.26819676773657886,6.6293566200796095,2.3693268837627732,11.0,AIRES ORTIZ CARVALHO,0.0,0.0,0.0,0.0,0.003391338188691833,0.03391338188691832,1.0
2020,87912,PELOTAS,210000838230,MARCELO DA SILVA OLMEDO,MARCELINHO DO POVO,PATRIOTA,MASCULINO,PRETA,SUPERIOR COMPLETO,ADMINISTRADOR,NÃO ELEITO,0,Direita,Direita,400.0,300.0,0.0,0.0,0.0,0.0,0.0,0.0,700.0,0.0,0.0,1.2938901679256802,905.723117547976,0.930338525356154,517.5560671702721,388.1670503777041,0.0,0.0,0.0,0.0,0.0,0.0,300.0,0.0,0.0,0.0,0.0,1.0,300.0,1.2938901679256802,388.1670503777041,0.0,388.1670503777041,0.0,0.0,0.0,0.0,0.0,0,0.4731811905746159,0.4731811905746159,0.0,PATRIOTA,-1,#NULO#,#NULO#,210000089031,PARTIDO ISOLADO,PATRIOTA,PARTIDO ISOLADO,PARTIDO:PATRIOTA,77.0,77.0,3.0,0,4091.0,76.0,4167.0,1.0,155371.0,0.02681967677365789,0.0004955879797388187,0.018478521718262537,0.26819676773657886,6.285402218862249,2.3693268837627732,13.0,MARCELO DA SILVA OLMEDO,0.0,0.0,0.0,0.0,0.003391338188691833,0.03391338188691832,1.0
2020,87912,PELOTAS,210000838233,MARILENE TORMA MARTINS,MARILENE MARTINS,PATRIOTA,FEMININO,BRANCA,ENSINO MÉDIO COMPLETO,ENFERMEIRO,NÃO ELEITO,0,Direita,Direita,250.0,0.0,0.0,0.0,0.0,0.0,0.0,0.0,250.0,0.0,0.0,1.2938901679256802,323.4725419814201,0.4043282636220041,323.4725419814201,0.0,0.0,0.0,0.0,0.0,0.0,0.0,0.0,0.0,0.0,0.0,0.0,0.0,0.0,1.2938901679256802,0.0,0.0,0.0,0.0,0.0,0.0,0.0,0.0,0,0.0,0.0,0.0,PATRIOTA,-1,#NULO#,#NULO#,210000089031,PARTIDO ISOLADO,PATRIOTA,PARTIDO ISOLADO,PARTIDO:PATRIOTA,11.0,11.0,3.0,0,4091.0,76.0,4167.0,1.0,155371.0,0.02681967677365789,7.079828281983124e-05,0.0026397888168946484,0.26819676773657886,3.584962500721156,2.3693268837627732,23.0,MARILENE TORMA MARTINS,0.0,0.0,0.0,0.0,0.003391338188691833,0.03391338188691832,1.0
2020,87912,PELOTAS,210000838224,LUIS FLAVIO LOBO BANDEIRA,BANDEIRA,PATRIOTA,MASCULINO,PRETA,SUPERIOR COMPLETO,MILITAR REFORMADO,NÃO ELEITO,0,Direita,Direita,250.0,610.0,0.0,0.0,0.0,0.0,0.0,0.0,860.0,0.0,0.0,1.2938901679256802,1112.745544416085,1.0791190219275053,323.4725419814201,789.2730024346649,0.0,0.0,0.0,0.0,0.0,0.0,610.0,400.0,400.0,0.0,0.0,3.0,210.0,1.2938901679256802,789.2730024346649,517.5560671702721,271.7169352643929,517.5560671702721,0.0,0.0,0.6557377049180327,6.557377049180327,1,0.8393735266911758,0.3467775845090022,0.6017498188429086,PATRIOTA,-1,#NULO#,#NULO#,210000089031,PARTIDO ISOLADO,PATRIOTA,PARTIDO ISOLADO,PARTIDO:PATRIOTA,146.0,146.0,3.0,0,4091.0,76.0,4167.0,1.0,155371.0,0.02681967677365789,0.0009396862992450328,0.03503719702423806,0.26819676773657886,7.199672344836364,2.3693268837627732,9.0,LUIS FLAVIO LOBO BANDEIRA,0.0,0.0,0.0,0.0,0.003391338188691833,0.03391338188691832,1.0
2020,87912,PELOTAS,210001266471,JOSÉ NEI TELESCA BARBOSA,JOSÉ NEI,PDT,MASCULINO,BRANCA,SUPERIOR COMPLETO,ENGENHEIRO,SUPLENTE,0,Esquerda,Centro,0.0,2000.0,240.0,0.0,0.0,0.0,0.0,0.0,2240.0,240.0,0.1071428571428571,1.2938901679256802,2898.3139761535235,1.962850292134447,0.0,2587.7803358513606,310.53364030216323,0.0,0.0,0.0,0.0,0.0,2539.34,229.55,229.55,0.0,250.0,10.0,2309.79,1.2938901679256802,3285.627059020397,297.0124880473399,2988.6145709730567,297.0124880473399,0.0,323.4725419814201,0.0903975048634684,0.9039750486346844,1,2.099506310231068,1.995887719210628,0.3751923703816197,PDT,-1,#NULO#,#NULO#,210000153308,PARTIDO ISOLADO,PDT,PARTIDO ISOLADO,PARTIDO:PDT,124.0,124.0,3.0,0,10446.0,538.0,10984.0,1.0,155371.0,0.07069530349936604,0.0007980897336053703,0.011289147851420248,0.7069530349936604,6.965784284662087,3.583037623796664,14.0,JOSE NEI TELESCA BARBOSA,0.0,0.0,0.0,0.0,0.13439150497581587,1.3439150497581587,1.0
2020,87912,PELOTAS,210001239216,LUIS CARLOS AMARAL,LUIS CARLOS AMARAL,PDT,MASCULINO,PRETA,ENSINO MÉDIO COMPLETO,AGENTE DE SAÚDE E SANITARISTA,SUPLENTE,0,Esquerda,Centro,400.0,400.0,0.0,0.0,240.0,0.0,0.0,0.0,1040.0,0.0,0.0,1.2938901679256802,1345.6457746427077,1.2299851626624931,517.5560671702721,517.5560671702721,0.0,0.0,310.53364030216323,0.0,0.0,0.0,400.0,0.0,0.0,0.0,0.0,2.0,400.0,1.2938901679256802,517.5560671702721,0.0,517.5560671702721,0.0,0.0,0.0,0.0,0.0,0,0.6017498188429086,0.6017498188429086,0.0,PDT,-1,#NULO#,#NULO#,210000153308,PARTIDO ISOLADO,PDT,PARTIDO ISOLADO,PARTIDO:PDT,159.0,159.0,3.0,0,10446.0,538.0,10984.0,1.0,155371.0,0.07069530349936604,0.0010233569971230152,0.014475600873998544,0.7069530349936604,7.321928094887363,3.583037623796664,12.0,LUIS CARLOS AMARAL,0.0,0.0,0.0,0.0,0.13439150497581587,1.3439150497581587,1.0
2020,87912,PELOTAS,210001181731,CARLA DA SILVA CASSAIS,CARLA CASSAIS,PT,FEMININO,BRANCA,SUPERIOR COMPLETO,PROFESSOR DE ENSINO FUNDAMENTAL,SUPLENTE,0,Esquerda,Esquerda,2000.0,1700.0,0.0,6362.5,0.0,1140.0,0.0,0.0,11202.5,6362.5,0.5679535817897791,1.2938901679256802,14494.804606187432,3.953712657138901,2587.7803358513606,2199.613285473657,0.0,8232.37619342714,0.0,1475.0347914352756,0.0,0.0,6302.5,560.0,560.0,0.0,0.0,34.0,5742.5,1.2938901679256802,8154.742783351599,724.5784940383809,7430.164289313218,724.5784940383809,0.0,0.0,0.0888536295120983,0.8885362951209836,1,3.1945193518449893,3.0755607470710213,0.7862437944309792,PT,-1,#NULO#,#NULO#,210000145460,PARTIDO ISOLADO,PT,PARTIDO ISOLADO,PARTIDO:PT,841.0,841.0,3.0,0,9912.0,1295.0,11207.0,1.0,155371.0,0.07213057777834989,0.005412850531952553,0.07504238422414562,0.7213057777834988,9.717676423066395,3.60963678113278,3.0,CARLA DA SILVA CASSAIS,0.0,0.0,0.0,0.0,0.09040974036804358,0.9040974036804358,1.0
2020,87912,PELOTAS,210001238693,RAFAEL ACOSTA AMARAL,RAFAEL AMARAL,PP,MASCULINO,BRANCA,SUPERIOR COMPLETO,ADMINISTRADOR,SUPLENTE,0,Direita,Direita,47500.0,1200.0,0.0,0.0,0.0,0.0,0.0,0.0,48700.0,0.0,0.0,1.2938901679256802,63012.45117798063,6.00028064852469,61459.78297646981,1552.6682015108163,0.0,0.0,0.0,0.0,0.0,0.0,47604.0,2000.0,2000.0,0.0,500.0,73.0,45604.0,1.2938901679256802,61594.34755393408,2587.7803358513606,59006.56721808272,2587.7803358513606,0.0,646.9450839628402,0.0420132761952777,0.420132761952777,1,5.967960478497399,5.907048495183341,1.8430915630333269,PP,-1,#NULO#,#NULO#,210000153244,PARTIDO ISOLADO,PP,PARTIDO ISOLADO,PARTIDO:PP,1980.0,1980.0,3.0,0,15354.0,1046.0,16400.0,1.0,155371.0,0.1055538034768393,0.012743690907569624,0.12073170731707317,1.055538034768393,10.952013164889486,4.121015400961366,3.0,RAFAEL ACOSTA AMARAL,0.0,0.0,0.0,0.0,0.03876688719630844,0.3876688719630844,1.0
2020,87912,PELOTAS,210001238691,JOÃO CARLOS DA SILVA NOGUEIRA,CARLINHOS NOGUEIRA,PP,MASCULINO,BRANCA,ENSINO MÉDIO COMPLETO,LOCUTOR E COMENTARISTA DE RÁDIO E TELEVISÃO E RADIALISTA,SUPLENTE,0,Direita,Direita,0.0,50.0,0.0,0.0,0.0,0.0,0.0,0.0,50.0,0.0,0.0,1.2938901679256802,64.69450839628401,0.0904395389535306,0.0,64.69450839628401,0.0,0.0,0.0,0.0,0.0,0.0,0.0,0.0,0.0,0.0,0.0,0.0,0.0,1.2938901679256802,0.0,0.0,0.0,0.0,0.0,0.0,0.0,0.0,0,0.0,0.0,0.0,PP,-1,#NULO#,#NULO#,210000153244,PARTIDO ISOLADO,PP,PARTIDO ISOLADO,PARTIDO:PP,52.0,52.0,3.0,0,15354.0,1046.0,16400.0,1.0,155371.0,0.1055538034768393,0.0003346827915119295,0.0031707317073170734,1.055538034768393,5.727920454563199,4.121015400961366,25.0,JOAO CARLOS DA SILVA NOGUEIRA,0.0,0.0,0.0,0.0,0.03876688719630844,0.3876688719630844,1.0
2020,87912,PELOTAS,210000936191,GABRIEL GRILLO BRUM,GABRIEL GRILLO,PSD,MASCULINO,BRANCA,ENSINO MÉDIO COMPLETO,MILITAR REFORMADO,SUPLENTE,0,Direita,Direita,300.0,0.0,867.0,0.0,0.0,0.0,0.0,0.0,1167.0,867.0,0.7429305912596401,1.2938901679256802,1509.9698259692689,1.3276700206755845,388.1670503777041,0.0,1121.8027755915648,0.0,0.0,0.0,0.0,0.0,0.0,0.0,0.0,0.0,0.0,0.0,0.0,1.2938901679256802,0.0,0.0,0.0,0.0,0.0,0.0,0.0,0.0,0,0.0,0.0,0.0,PSD,-1,#NULO#,#NULO#,210000107998,PARTIDO ISOLADO,PSD,PARTIDO ISOLADO,PARTIDO:PSD,243.0,243.0,3.0,0,12519.0,194.0,12713.0,1.0,155371.0,0.0818235063171377,0.001563998429565363,0.01911429245654055,0.818235063171377,7.930737337562887,3.777472319663104,16.0,GABRIEL GRILLO BRUM,0.0,0.0,0.0,0.0,0.03200644910212932,0.32006449102129314,1.0
2020,87912,PELOTAS,210000936184,JACQUELINE DIAS DOS SANTOS,JACQUELINE SANTOS,PSD,FEMININO,PRETA,SUPERIOR COMPLETO,OUTROS,SUPLENTE,0,Direita,Direita,5974.0,0.0,3128.4,3486.0,0.0,0.0,0.0,0.0,12588.4,6614.4,0.5254361157891392,1.2938901679256802,16288.006989915631,4.111699655510388,7729.699863188013,0.0,4047.806001338698,4510.5011253889215,0.0,0.0,0.0,0.0,3486.0,0.0,0.0,0.0,0.0,9.0,3486.0,1.2938901679256802,4510.5011253889215,0.0,4510.5011253889215,0.0,0.0,0.0,0.0,0.0,0,2.462183523558491,2.462183523558491,0.0,PSD,-1,#NULO#,#NULO#,210000107998,PARTIDO ISOLADO,PSD,PARTIDO ISOLADO,PARTIDO:PSD,404.0,404.0,3.0,0,12519.0,194.0,12713.0,1.0,155371.0,0.0818235063171377,0.0026002278417465293,0.0317784944544954,0.818235063171377,8.661778097771988,3.777472319663104,11.0,JACQUELINE DIAS DOS SANTOS,0.0,0.0,0.0,0.0,0.03200644910212932,0.32006449102129314,1.0
2020,87912,PELOTAS,210000936189,VICENTE CEZAR DA SILVA AMARAL,VICENTE AMARAL,PSD,MASCULINO,BRANCA,SUPERIOR COMPLETO,VEREADOR,SUPLENTE,0,Direita,Direita,18300.0,8175.0,732.0,135.0,0.0,0.0,0.0,0.0,27342.0,867.0,0.031709457976739,1.2938901679256802,35377.54497142395,5.184976277319732,23678.190073039947,10577.552122792436,947.127602921598,174.67517266996683,0.0,0.0,0.0,0.0,19480.0,4350.0,4350.0,0.0,920.0,19.0,15130.0,1.2938901679256802,25204.98047119225,5628.422230476709,19576.55824071554,5628.422230476709,0.0,1190.3789544916258,0.223305954825462,2.23305954825462,1,4.711769128720104,4.36292978342145,2.728665505156381,PSD,-1,#NULO#,#NULO#,210000107998,PARTIDO ISOLADO,PSD,PARTIDO ISOLADO,PARTIDO:PSD,762.0,762.0,3.0,0,12519.0,194.0,12713.0,1.0,155371.0,0.0818235063171377,0.004904390137155583,0.059938645481003694,0.818235063171377,9.57553924683453,3.777472319663104,5.0,VICENTE CEZAR DA SILVA AMARAL,1.0,0.0,1837.0,10.843921051289035,0.03200644910212932,0.32006449102129314,1.0
2020,87912,PELOTAS,210000936177,GABRIEL GONÇALVES RIBEIRO,GABRIEL BATGOL,PSD,MASCULINO,BRANCA,SUPERIOR COMPLETO,JORNALISTA E REDATOR,SUPLENTE,0,Direita,Direita,700.0,6500.0,867.0,0.0,0.0,0.0,0.0,0.0,8067.0,867.0,0.1074748977314987,1.2938901679256802,10437.811984656462,3.515739190640596,905.723117547976,8410.286091516922,1121.8027755915648,0.0,0.0,0.0,0.0,0.0,6889.5,2450.0,2450.0,0.0,0.0,7.0,4439.5,1.2938901679256802,8914.256311923975,3170.0309114179167,5744.225400506058,3170.0309114179167,0.0,0.0,0.355613614921257,3.55613614921257,1,3.309504557089626,2.753652753770833,2.0600580780546025,PSD,-1,#NULO#,#NULO#,210000107998,PARTIDO ISOLADO,PSD,PARTIDO ISOLADO,PARTIDO:PSD,217.0,217.0,3.0,0,12519.0,194.0,12713.0,1.0,155371.0,0.0818235063171377,0.0013966570338093981,0.01706914182333045,0.818235063171377,7.768184324776926,3.777472319663104,19.0,GABRIEL GONCALVES RIBEIRO,0.0,0.0,0.0,0.0,0.03200644910212932,0.32006449102129314,1.0
2020,87912,PELOTAS,210000948564,EMANOELA DUTRA DE FREITAS COSTA,MANU COSTA,PC do B,FEMININO,PRETA,ENSINO MÉDIO COMPLETO,"ESTUDANTE, BOLSISTA, ESTAGIÁRIO E ASSEMELHADOS",NÃO ELEITO,0,Esquerda,Esquerda,0.0,0.0,0.0,0.0,0.0,0.0,0.0,0.0,0.0,0.0,,1.2938901679256802,0.0,0.0,0.0,0.0,0.0,0.0,0.0,0.0,0.0,0.0,0.0,0.0,0.0,0.0,0.0,0.0,0.0,1.2938901679256802,0.0,0.0,0.0,0.0,0.0,0.0,0.0,0.0,0,0.0,0.0,0.0,PC do B,-1,#NULO#,#NULO#,210000109793,PARTIDO ISOLADO,PC do B,PARTIDO ISOLADO,PARTIDO:PC do B,22.0,22.0,3.0,0,733.0,36.0,769.0,1.0,155371.0,0.004949443589859112,0.0001415965656396625,0.02860858257477243,0.049494435898591115,4.523561956057013,0.8229340480283714,9.0,EMANOELA DUTRA DE FREITAS COSTA,0.0,0.0,0.0,0.0,0.015099794295880358,0.15099794295880356,1.0
2020,87912,PELOTAS,210000948562,RAFAEL CORDEIRO PEREIRA,RAFAEL CORDEIRO,PC do B,MASCULINO,BRANCA,SUPERIOR INCOMPLETO,AUXILIAR DE ESCRITÓRIO E ASSEMELHADOS,NÃO ELEITO,0,Esquerda,Esquerda,300.0,0.0,0.0,0.0,0.0,0.0,0.0,0.0,300.0,0.0,0.0,1.2938901679256802,388.1670503777041,0.4731811905746159,388.1670503777041,0.0,0.0,0.0,0.0,0.0,0.0,0.0,0.0,0.0,0.0,0.0,0.0,0.0,0.0,1.2938901679256802,0.0,0.0,0.0,0.0,0.0,0.0,0.0,0.0,0,0.0,0.0,0.0,PC do B,-1,#NULO#,#NULO#,210000109793,PARTIDO ISOLADO,PC do B,PARTIDO ISOLADO,PARTIDO:PC do B,96.0,96.0,3.0,0,733.0,36.0,769.0,1.0,155371.0,0.004949443589859112,0.0006178759227912545,0.12483745123537061,0.049494435898591115,6.599912842187128,0.8229340480283714,4.0,RAFAEL CORDEIRO PEREIRA,0.0,0.0,0.0,0.0,0.015099794295880358,0.15099794295880356,1.0
2020,87912,PELOTAS,210000724754,LUCIANO LUZ FERREIRA SILVEIRA,LUCIANO NEGO ALMA,REPUBLICANOS,MASCULINO,PRETA,ENSINO FUNDAMENTAL INCOMPLETO,OUTROS,NÃO ELEITO,0,Direita,Direita,0.0,0.0,0.0,1897.2,0.0,0.0,0.0,0.0,1897.2,1897.2,1.0,1.2938901679256802,2454.7684265886005,1.7885890098873367,0.0,0.0,0.0,2454.7684265886005,0.0,0.0,0.0,0.0,0.0,0.0,0.0,0.0,0.0,0.0,0.0,1.2938901679256802,0.0,0.0,0.0,0.0,0.0,0.0,0.0,0.0,0,0.0,0.0,0.0,REPUBLICANOS,-1,#NULO#,#NULO#,210000067601,PARTIDO ISOLADO,REPUBLICANOS,PARTIDO ISOLADO,PARTIDO:REPUBLICANOS,33.0,33.0,3.0,0,4370.0,93.0,4463.0,1.0,155371.0,0.02872479420226426,0.00021239484845949372,0.007394129509298678,0.2872479420226426,5.087462841250339,2.4496934230359075,15.0,LUCIANO LUZ FERREIRA SILVEIRA,0.0,0.0,0.0,0.0,0.04050703285706343,0.4050703285706343,1.0
2020,87912,PELOTAS,210000680579,JANETE MARIA SILVEIRA RODRIGUES,JANETE DAS BALAS,PSB,FEMININO,PRETA,ENSINO MÉDIO COMPLETO,DONA DE CASA,SUPLENTE,0,Esquerda,Centro,300.0,0.0,0.0,256.8,0.0,0.0,0.0,0.0,556.8,256.8,0.4612068965517242,1.2938901679256802,720.4380455010187,0.7827759402831043,388.1670503777041,0.0,0.0,332.2709951233147,0.0,0.0,0.0,0.0,0.0,0.0,0.0,0.0,0.0,0.0,0.0,1.2938901679256802,0.0,0.0,0.0,0.0,0.0,0.0,0.0,0.0,0,0.0,0.0,0.0,PSB,-1,#NULO#,#NULO#,210000061620,PARTIDO ISOLADO,PSB,PARTIDO ISOLADO,PARTIDO:PSB,43.0,43.0,3.0,0,11578.0,584.0,12162.0,1.0,155371.0,0.07827715596861705,0.0002767569237502494,0.003535602696924848,0.7827715596861704,5.459431618637297,3.718306821867008,23.0,JANETE MARIA SILVEIRA RODRIGUES,1.0,0.0,76.0,6.266786540694901,0.11976983376883304,1.1976983376883303,1.0
2020,87912,PELOTAS,210000680582,LEONARDO PINTO OLIVEIRA,LEONARDO OLIVEIRA,PSB,MASCULINO,PRETA,SUPERIOR INCOMPLETO,"ESTUDANTE, BOLSISTA, ESTAGIÁRIO E ASSEMELHADOS",SUPLENTE,0,Esquerda,Centro,300.0,0.0,0.0,1256.8,0.0,0.0,0.0,0.0,1556.8,1256.8,0.8072970195272353,1.2938901679256802,2014.328213426699,1.591836512524018,388.1670503777041,0.0,0.0,1626.161163048995,0.0,0.0,0.0,0.0,1000.0,0.0,0.0,0.0,0.0,1.0,1000.0,1.2938901679256802,1293.8901679256803,0.0,1293.8901679256803,0.0,0.0,0.0,0.0,0.0,0,1.1977963163832472,1.1977963163832472,0.0,PSB,-1,#NULO#,#NULO#,210000061620,PARTIDO ISOLADO,PSB,PARTIDO ISOLADO,PARTIDO:PSB,36.0,36.0,3.0,0,11578.0,584.0,12162.0,1.0,155371.0,0.07827715596861705,0.00023170347104672044,0.0029600394671928957,0.7827715596861704,5.20945336562895,3.718306821867008,24.0,LEONARDO PINTO OLIVEIRA,0.0,0.0,0.0,0.0,0.11976983376883304,1.1976983376883303,1.0
2020,87912,PELOTAS,210001240281,SANDRO GONÇALVES PIRES,SANDRO,CIDADANIA,MASCULINO,BRANCA,ENSINO MÉDIO COMPLETO,MOTORISTA DE VEÍCULOS DE TRANSPORTE DE CARGA,SUPLENTE,0,Centro,Centro,112.0,0.0,0.0,1150.0,0.0,0.0,0.0,0.0,1262.0,1150.0,0.9112519809825672,1.2938901679256802,1632.8893919222085,1.3966469148222125,144.9156988076762,0.0,0.0,1487.9736931145324,0.0,0.0,0.0,0.0,1150.0,0.0,0.0,0.0,0.0,1.0,1150.0,1.2938901679256802,1487.9736931145324,0.0,1487.9736931145324,0.0,0.0,0.0,0.0,0.0,0,1.3149712310417252,1.3149712310417252,0.0,CIDADANIA,-1,#NULO#,#NULO#,210000153454,PARTIDO ISOLADO,CIDADANIA,PARTIDO ISOLADO,PARTIDO:CIDADANIA,122.0,122.0,3.0,0,6234.0,118.0,6352.0,1.0,155371.0,0.040882790224688006,0.0007852173185472193,0.01920654911838791,0.40882790224688004,6.94251450533924,2.8781367666269477,13.0,SANDRO GONCALVES PIRES,0.0,0.0,0.0,0.0,0.026774892978262077,0.26774892978262077,1.0
2020,87912,PELOTAS,210001242945,DIEGO RODRIGUES MONTEIRO,DIEGO CHUCHU,PODE,MASCULINO,PRETA,ENSINO FUNDAMENTAL COMPLETO,OUTROS,NÃO ELEITO,0,Direita,Direita,0.0,0.0,0.0,0.0,0.0,0.0,0.0,0.0,0.0,0.0,,1.2938901679256802,0.0,0.0,0.0,0.0,0.0,0.0,0.0,0.0,0.0,0.0,57.0,0.0,0.0,0.0,0.0,1.0,57.0,1.2938901679256802,73.75173957176378,0.0,73.75173957176378,0.0,0.0,0.0,0.0,0.0,0,0.1026604686578239,0.1026604686578239,0.0,PODE,-1,#NULO#,#NULO#,210000153954,PARTIDO ISOLADO,PODE,PARTIDO ISOLADO,PARTIDO:PODE,275.0,275.0,3.0,0,2135.0,89.0,2224.0,1.0,155371.0,0.014314125544664063,0.001769957070495781,0.12365107913669064,0.1431412554466406,8.108524456778168,1.6888517438658803,4.0,DIEGO RODRIGUES MONTEIRO,0.0,0.0,0.0,0.0,0.0046755990437538225,0.046755990437538225,1.0
2020,87912,PELOTAS,210001242938,ANDRE LACERDA LAWINSCKY DE ANDRADE,ANDRE LAWINSK,PODE,MASCULINO,BRANCA,SUPERIOR COMPLETO,ODONTÓLOGO,NÃO ELEITO,0,Direita,Direita,1750.0,930.91,0.0,0.0,0.0,0.0,0.0,0.0,2680.91,0.0,0.0,1.2938901679256802,3468.803090093635,2.159888476327444,2264.3077938699403,1204.495296223695,0.0,0.0,0.0,0.0,0.0,0.0,2680.91,0.0,0.0,0.0,0.0,8.0,2680.91,1.2938901679256802,3468.803090093635,0.0,3468.803090093635,0.0,0.0,0.0,0.0,0.0,0,2.159888476327444,2.159888476327444,0.0,PODE,-1,#NULO#,#NULO#,210000153954,PARTIDO ISOLADO,PODE,PARTIDO ISOLADO,PARTIDO:PODE,137.0,137.0,3.0,0,2135.0,89.0,2224.0,1.0,155371.0,0.014314125544664063,0.0008817604314833527,0.06160071942446043,0.1431412554466406,7.108524456778169,1.6888517438658803,6.0,ANDRE LACERDA LAWINSCKY DE ANDRADE,0.0,0.0,0.0,0.0,0.0046755990437538225,0.046755990437538225,1.0
2020,87912,PELOTAS,210001240548,LUCIANO MARTINS ESTEVES,LUCIANO ESTEVES,PV,MASCULINO,BRANCA,ENSINO FUNDAMENTAL COMPLETO,VENDEDOR DE COMÉRCIO VAREJISTA E ATACADISTA,NÃO ELEITO,0,Centro,Centro,0.0,0.0,0.0,1506.43,0.0,0.0,0.0,0.0,1506.43,1506.43,1.0,1.2938901679256802,1949.1549656682823,1.560301631937545,0.0,0.0,0.0,1949.1549656682823,0.0,0.0,0.0,0.0,0.0,0.0,0.0,0.0,0.0,0.0,0.0,1.2938901679256802,0.0,0.0,0.0,0.0,0.0,0.0,0.0,0.0,0,0.0,0.0,0.0,PV,-1,#NULO#,#NULO#,210000153495,PARTIDO ISOLADO,PV,PARTIDO ISOLADO,PARTIDO:PV,130.0,130.0,3.0,0,389.0,23.0,412.0,1.0,155371.0,0.0026517175019791337,0.0008367069787798238,0.3155339805825243,0.026517175019791336,7.03342300153745,0.4977400886090932,1.0,LUCIANO MARTINS ESTEVES,0.0,0.0,0.0,0.0,0.0020514816256185023,0.020514816256185023,1.0
2020,87912,PELOTAS,210001239728,MARIA ANGÉLICA AMARAL SOARES,ANGELICA SOARES,PSDB,FEMININO,PRETA,ENSINO MÉDIO COMPLETO,OUTROS,SUPLENTE,0,Centro,Centro,0.0,0.0,0.0,23855.85,0.0,0.0,0.0,0.0,23855.85,23855.85,1.0,1.2938901679256802,30866.849762509835,4.993984501620329,0.0,0.0,0.0,30866.849762509835,0.0,0.0,0.0,0.0,22550.0,0.0,0.0,0.0,11800.0,13.0,22550.0,1.2938901679256802,29177.22328672409,0.0,29177.22328672409,0.0,0.0,15267.903981523026,0.0,0.0,0,4.915388159374612,4.915388159374612,0.0,PSDB,-1,#NULO#,#NULO#,210000153382,PARTIDO ISOLADO,PSDB,PARTIDO ISOLADO,PARTIDO:PSDB,92.0,92.0,3.0,0,21809.0,2904.0,24713.0,1.0,155371.0,0.1590579966660445,0.0005921310926749522,0.0037227370210010926,1.590579966660445,6.539158811108031,4.684426037716597,28.0,MARIA ANGELICA AMARAL SOARES,0.0,0.0,0.0,0.0,0.1757936287318619,1.757936287318619,1.0
2020,87912,PELOTAS,210001239702,EDSON RAMALHO,DR RAMALHO,PSDB,MASCULINO,BRANCA,SUPERIOR COMPLETO,MÉDICO,SUPLENTE,0,Centro,Centro,160.0,1250.0,0.0,7156.84,0.0,0.0,0.0,0.0,8566.84,7156.84,0.8354118904987137,1.2938901679256802,11084.550046192437,3.5950918519617523,207.0224268681088,1617.3627099071002,0.0,9260.164909417226,0.0,0.0,0.0,0.0,2170.85,200.0,200.0,0.0,0.0,9.0,1970.85,1.2938901679256802,2808.8414710414627,258.77803358513603,2550.063437456327,258.77803358513603,0.0,0.0,0.0921298109035631,0.9212981090356313,1,1.9293522422982508,1.8278448049232163,0.3320239080941438,PSDB,-1,#NULO#,#NULO#,210000153382,PARTIDO ISOLADO,PSDB,PARTIDO ISOLADO,PARTIDO:PSDB,725.0,725.0,3.0,0,21809.0,2904.0,24713.0,1.0,155371.0,0.1590579966660445,0.004666250458579786,0.029336786306802087,1.590579966660445,9.50382573799575,4.684426037716597,16.0,EDSON RAMALHO,0.0,0.0,0.0,0.0,0.1757936287318619,1.757936287318619,1.0
2020,87912,PELOTAS,210000768107,GIOVANNI FELIPE ERNST FRIZZO,GIOVANNI FRIZZO,PCB,MASCULINO,BRANCA,SUPERIOR COMPLETO,PROFESSOR DE ENSINO SUPERIOR,NÃO ELEITO,0,Esquerda,Esquerda,4330.11,6350.0,0.0,2696.73,0.0,0.0,0.0,0.0,13376.84,2696.73,0.2015969391874314,1.2938901679256802,17308.161753914956,4.194415038308471,5602.686755036667,8216.20256632807,0.0,3489.2724325502195,0.0,0.0,0.0,0.0,7005.32,105.39,0.0,105.39,0.0,12.0,6899.929999999999,1.2938901679256802,9064.114671173123,136.36308479768743,8927.751586375438,0.0,136.36308479768743,0.0,0.0150442806324336,0.1504428063243363,1,3.331148360471406,3.311467016597602,0.1844238708847732,PCB,-1,#NULO#,#NULO#,210000074189,PARTIDO ISOLADO,PCB,PARTIDO ISOLADO,PARTIDO:PCB,395.0,395.0,3.0,0,395.0,43.0,438.0,1.0,155371.0,0.0028190588977350987,0.0025423019739848492,0.9018264840182648,0.028190588977350984,8.62935662007961,0.5240636757772107,1.0,GIOVANNI FELIPE ERNST FRIZZO,0.0,0.0,0.0,0.0,0.0,0.0,0.0
2020,87912,PELOTAS,210001239564,JORGE AUGUSTO ALMEIDA QUADROS,JORGE AUGUSTO DO GUARDA CHUVA,MDB,MASCULINO,BRANCA,ENSINO MÉDIO COMPLETO,EMPRESÁRIO,NÃO ELEITO,0,Centro,Centro,0.0,0.0,0.0,0.0,0.0,0.0,0.0,0.0,0.0,0.0,,1.2938901679256802,0.0,0.0,0.0,0.0,0.0,0.0,0.0,0.0,0.0,0.0,0.0,0.0,0.0,0.0,0.0,0.0,0.0,1.2938901679256802,0.0,0.0,0.0,0.0,0.0,0.0,0.0,0.0,0,0.0,0.0,0.0,MDB,-1,#NULO#,#NULO#,210000153356,PARTIDO ISOLADO,MDB,PARTIDO ISOLADO,PARTIDO:MDB,59.0,59.0,3.0,0,3733.0,200.0,3933.0,1.0,155371.0,0.025313604211854208,0.0003797362442154585,0.015001271294177472,0.25313604211854207,5.906890595608519,2.302465287332405,13.0,JORGE AUGUSTO ALMEIDA QUADROS,0.0,0.0,0.0,0.0,0.03540334686162228,0.3540334686162228,1.0
2020,87912,PELOTAS,210001239558,JOABE LUIS BOHNS DA SILVA,JOABE BOHNS,MDB,MASCULINO,BRANCA,ENSINO FUNDAMENTAL INCOMPLETO,APOSENTADO (EXCETO SERVIDOR PÚBLICO),NÃO ELEITO,0,Centro,Centro,1160.0,0.0,0.0,0.0,704.5,0.0,0.0,0.0,1864.5,0.0,0.0,1.2938901679256802,2412.4582180974307,1.7708113818822608,1500.9125947937891,0.0,0.0,0.0,911.5456233036416,0.0,0.0,0.0,996.0,0.0,0.0,0.0,0.0,4.0,996.0,1.2938901679256802,1288.7146072539774,0.0,1288.7146072539774,0.0,0.0,0.0,0.0,0.0,0,1.1945375763190746,1.1945375763190746,0.0,MDB,-1,#NULO#,#NULO#,210000153356,PARTIDO ISOLADO,MDB,PARTIDO ISOLADO,PARTIDO:MDB,235.0,235.0,3.0,0,3733.0,200.0,3933.0,1.0,155371.0,0.025313604211854208,0.0015125087693327584,0.059750826341215355,0.25313604211854207,7.882643049361842,2.302465287332405,5.0,JOABE LUIS BOHNS DA SILVA,0.0,0.0,0.0,0.0,0.03540334686162228,0.3540334686162228,1.0
2020,87912,PELOTAS,210001239566,DANIELA COLARES CONCEIÇÃO,DANIELA CONCEIÇÃO,MDB,FEMININO,PRETA,SUPERIOR COMPLETO,ENGENHEIRO,NÃO ELEITO,0,Centro,Centro,300.0,5.0,0.0,2500.0,704.5,0.0,0.0,0.0,3509.5,2500.0,0.7123521869212138,1.2938901679256802,4540.907544335175,2.4701222944116616,388.1670503777041,6.469450839628401,0.0,3234.7254198142004,911.5456233036416,0.0,0.0,0.0,2495.0,2000.0,0.0,2000.0,0.0,5.0,495.0,1.2938901679256802,3228.255968974572,2587.7803358513606,640.4756331232118,0.0,2587.7803358513606,0.0,0.8016032064128257,8.016032064128256,1,2.080062716832273,0.7141141648813961,1.8430915630333269,MDB,-1,#NULO#,#NULO#,210000153356,PARTIDO ISOLADO,MDB,PARTIDO ISOLADO,PARTIDO:MDB,74.0,74.0,3.0,0,3733.0,200.0,3933.0,1.0,155371.0,0.025313604211854208,0.000476279357151592,0.018815153826595474,0.25313604211854207,6.22881869049588,2.302465287332405,11.0,DANIELA COLARES CONCEICAO,0.0,0.0,0.0,0.0,0.03540334686162228,0.3540334686162228,1.0
2020,87912,PELOTAS,210001239548,SEDENEI DANIEL MATTOS FONSECA,DANIEL FONSECA,MDB,MASCULINO,BRANCA,SUPERIOR COMPLETO,POLICIAL MILITAR,NÃO ELEITO,0,Centro,Centro,3987.8,0.0,0.0,0.0,486.5,0.0,0.0,0.0,4474.3,0.0,0.0,1.2938901679256802,5789.252778349872,2.763252800936917,5159.775211654028,0.0,0.0,0.0,629.4775666958434,0.0,0.0,0.0,1842.93,0.0,0.0,0.0,0.0,2.0,1842.93,1.2938901679256802,2384.549007175274,0.0,2384.549007175274,0.0,0.0,0.0,0.0,0.0,0,1.7589636067813137,1.7589636067813137,0.0,MDB,-1,#NULO#,#NULO#,210000153356,PARTIDO ISOLADO,MDB,PARTIDO ISOLADO,PARTIDO:MDB,1343.0,1343.0,3.0,0,3733.0,200.0,3933.0,1.0,155371.0,0.025313604211854208,0.008643826711548487,0.3414696160691584,0.25313604211854207,10.39231742277876,2.302465287332405,1.0,SEDENEI DANIEL MATTOS FONSECA,0.0,0.0,0.0,0.0,0.03540334686162228,0.3540334686162228,1.0
2020,87912,PELOTAS,210001239554,VERA BEATRIS DA SILVA SEUS,VERA BEATRIS SEUS,MDB,FEMININO,BRANCA,SUPERIOR COMPLETO,OUTROS,NÃO ELEITO,0,Centro,Centro,300.0,0.0,0.0,0.0,704.5,0.0,0.0,0.0,1004.5,0.0,0.0,1.2938901679256802,1299.712673681346,1.201453621974298,388.1670503777041,0.0,0.0,0.0,911.5456233036416,0.0,0.0,0.0,0.0,0.0,0.0,0.0,0.0,0.0,0.0,1.2938901679256802,0.0,0.0,0.0,0.0,0.0,0.0,0.0,0.0,0,0.0,0.0,0.0,MDB,-1,#NULO#,#NULO#,210000153356,PARTIDO ISOLADO,MDB,PARTIDO ISOLADO,PARTIDO:MDB,3.0,3.0,3.0,0,3733.0,200.0,3933.0,1.0,155371.0,0.025313604211854208,1.9308622587226702e-05,0.0007627765064836003,0.25313604211854207,2.0,2.302465287332405,24.0,VERA BEATRIS DA SILVA SEUS,1.0,0.0,40.0,5.357552004618084,0.03540334686162228,0.3540334686162228,1.0
2020,87912,PELOTAS,210001239561,REJANE PERES BRANDI,REJANE PERES BRANDI,MDB,FEMININO,BRANCA,ENSINO FUNDAMENTAL COMPLETO,DONA DE CASA,NÃO ELEITO,0,Centro,Centro,300.0,0.0,0.0,0.0,704.5,0.0,0.0,0.0,1004.5,0.0,0.0,1.2938901679256802,1299.712673681346,1.201453621974298,388.1670503777041,0.0,0.0,0.0,911.5456233036416,0.0,0.0,0.0,0.0,0.0,0.0,0.0,0.0,0.0,0.0,1.2938901679256802,0.0,0.0,0.0,0.0,0.0,0.0,0.0,0.0,0,0.0,0.0,0.0,MDB,-1,#NULO#,#NULO#,210000153356,PARTIDO ISOLADO,MDB,PARTIDO ISOLADO,PARTIDO:MDB,13.0,13.0,3.0,0,3733.0,200.0,3933.0,1.0,155371.0,0.025313604211854208,8.367069787798238e-05,0.0033053648614289346,0.25313604211854207,3.807354922057604,2.302465287332405,23.0,REJANE PERES BRANDI,0.0,0.0,0.0,0.0,0.03540334686162228,0.3540334686162228,1.0
2020,87912,PELOTAS,210001239460,ALICÉIA DA SILVA CECILIANO,PROFESSORA ALICÉIA,PTB,FEMININO,BRANCA,SUPERIOR COMPLETO,SERVIDOR PÚBLICO MUNICIPAL,SUPLENTE,0,Direita,Direita,350.0,1500.0,0.0,12982.0,0.0,0.0,0.0,0.0,14832.0,12982.0,0.875269687162891,1.2938901679256802,19190.97897067369,4.335638957111782,452.86155877398807,1940.8352518885204,0.0,16797.282160011182,0.0,0.0,0.0,0.0,12978.7,0.0,0.0,0.0,0.0,17.0,12978.7,1.2938901679256802,16793.012322457027,0.0,16793.012322457027,0.0,0.0,0.0,0.0,0.0,0,4.153238871640636,4.153238871640636,0.0,PTB,-1,#NULO#,#NULO#,210000153345,PARTIDO ISOLADO,PTB,PARTIDO ISOLADO,PARTIDO:PTB,793.0,793.0,3.0,0,17634.0,373.0,18007.0,1.0,155371.0,0.11589678897606374,0.005103912570556925,0.04403842949963903,1.1589678897606375,9.632995197142957,4.248458934781782,8.0,ALICEIA DA SILVA CECILIANO,0.0,0.0,0.0,0.0,0.10380274642797575,1.0380274642797576,1.0
2020,87912,PELOTAS,210001239478,LEANDRA WEBER GOULARTE,LEANDRA WEBER,PTB,FEMININO,BRANCA,ENSINO MÉDIO INCOMPLETO,OUTROS,SUPLENTE,0,Direita,Direita,350.0,0.0,0.0,1500.0,0.0,0.0,0.0,0.0,1850.0,1500.0,0.8108108108108109,1.2938901679256802,2393.6968106625086,1.7628576817656874,452.86155877398807,0.0,0.0,1940.8352518885204,0.0,0.0,0.0,0.0,1500.0,0.0,0.0,0.0,0.0,8.0,1500.0,1.2938901679256802,1940.8352518885204,0.0,1940.8352518885204,0.0,0.0,0.0,0.0,0.0,0,1.5562259654759605,1.5562259654759605,0.0,PTB,-1,#NULO#,#NULO#,210000153345,PARTIDO ISOLADO,PTB,PARTIDO ISOLADO,PARTIDO:PTB,61.0,61.0,3.0,0,17634.0,373.0,18007.0,1.0,155371.0,0.11589678897606374,0.00039260865927360963,0.003387571499972233,1.1589678897606375,5.954196310386875,4.248458934781782,27.0,LEANDRA WEBER GOULARTE,0.0,0.0,0.0,0.0,0.10380274642797575,1.0380274642797576,1.0
2020,87912,PELOTAS,210001239453,CONCEIÇÃO ADEVAZ MOHNSAM DA SILVA,CONCEIÇÃO MOHNSAM,PTB,MASCULINO,BRANCA,ENSINO MÉDIO COMPLETO,OUTROS,SUPLENTE,0,Direita,Direita,700.0,0.0,0.0,0.0,1645.44,0.0,0.0,0.0,2345.44,0.0,0.0,1.2938901679256802,3034.741755459608,2.0124763364421736,905.723117547976,0.0,0.0,0.0,2129.0186379116312,0.0,0.0,0.0,0.0,0.0,0.0,0.0,0.0,0.0,0.0,1.2938901679256802,0.0,0.0,0.0,0.0,0.0,0.0,0.0,0.0,0,0.0,0.0,0.0,PTB,-1,#NULO#,#NULO#,210000153345,PARTIDO ISOLADO,PTB,PARTIDO ISOLADO,PARTIDO:PTB,526.0,526.0,3.0,0,17634.0,373.0,18007.0,1.0,155371.0,0.11589678897606374,0.0033854451602937487,0.029210862442383516,1.1589678897606375,9.041659151637214,4.248458934781782,14.0,CONCEICAO ADEVAZ MOHNSAM DA SILVA,1.0,0.0,1948.0,10.92851837525789,0.10380274642797575,1.0380274642797576,1.0
2020,87912,PELOTAS,210001239466,VLADIMIR SILVA PEREIRA,MOCA DO GUINCHO,PTB,MASCULINO,BRANCA,ENSINO FUNDAMENTAL INCOMPLETO,EMPRESÁRIO,SUPLENTE,0,Direita,Direita,0.0,300.0,0.0,0.0,0.0,0.0,0.0,0.0,300.0,0.0,0.0,1.2938901679256802,388.1670503777041,0.4731811905746159,0.0,388.1670503777041,0.0,0.0,0.0,0.0,0.0,0.0,300.0,0.0,0.0,0.0,0.0,1.0,300.0,1.2938901679256802,388.1670503777041,0.0,388.1670503777041,0.0,0.0,0.0,0.0,0.0,0,0.4731811905746159,0.4731811905746159,0.0,PTB,-1,#NULO#,#NULO#,210000153345,PARTIDO ISOLADO,PTB,PARTIDO ISOLADO,PARTIDO:PTB,437.0,437.0,3.0,0,17634.0,373.0,18007.0,1.0,155371.0,0.11589678897606374,0.002812622690206023,0.024268340089965014,1.1589678897606375,8.774787059601174,4.248458934781782,17.0,VLADIMIR SILVA PEREIRA,0.0,0.0,0.0,0.0,0.10380274642797575,1.0380274642797576,1.0
2020,87912,PELOTAS,210001239465,BRUNA DE ALMEIDA JAEKEL,BRUNA JAEKEL,PTB,FEMININO,BRANCA,ENSINO MÉDIO INCOMPLETO,OUTROS,SUPLENTE,0,Direita,Direita,700.0,0.0,0.0,2500.0,0.0,0.0,0.0,0.0,3200.0,2500.0,0.78125,1.2938901679256802,4140.4485373621765,2.3618942493793287,905.723117547976,0.0,0.0,3234.7254198142004,0.0,0.0,0.0,0.0,2500.0,0.0,0.0,0.0,0.0,1.0,2500.0,1.2938901679256802,3234.7254198142004,0.0,3234.7254198142004,0.0,0.0,0.0,0.0,0.0,0,2.082268428042753,2.082268428042753,0.0,PTB,-1,#NULO#,#NULO#,210000153345,PARTIDO ISOLADO,PTB,PARTIDO ISOLADO,PARTIDO:PTB,102.0,102.0,3.0,0,17634.0,373.0,18007.0,1.0,155371.0,0.11589678897606374,0.0006564931679657079,0.005664463819625701,1.1589678897606375,6.6865005271832185,4.248458934781782,25.0,BRUNA DE ALMEIDA JAEKEL,0.0,0.0,0.0,0.0,0.10380274642797575,1.0380274642797576,1.0
2020,87912,PELOTAS,210001239685,CATIA DIONEIA DE SOUZA VIEIRA,CATIA VIEIRA,DEM,FEMININO,BRANCA,ENSINO FUNDAMENTAL COMPLETO,SECRETÁRIO E DATILÓGRAFO,SUPLENTE,0,Direita,Direita,550.0,0.0,0.0,0.0,0.0,0.0,0.0,0.0,550.0,0.0,0.0,1.2938901679256802,711.6395923591241,0.7753789557961334,711.6395923591241,0.0,0.0,0.0,0.0,0.0,0.0,0.0,0.0,0.0,0.0,0.0,0.0,0.0,0.0,1.2938901679256802,0.0,0.0,0.0,0.0,0.0,0.0,0.0,0.0,0,0.0,0.0,0.0,DEM,-1,#NULO#,#NULO#,210000153379,PARTIDO ISOLADO,DEM,PARTIDO ISOLADO,PARTIDO:DEM,166.0,166.0,3.0,0,7198.0,261.0,7459.0,1.0,155371.0,0.04800767195937466,0.0010684104498265442,0.022254993967019708,0.48007671959374654,7.383704292474052,3.0804871219370367,14.0,CATIA DIONEIA DE SOUZA VIEIRA,0.0,0.0,0.0,0.0,0.07133485294935231,0.713348529493523,1.0
2020,87912,PELOTAS,210001239673,EVERSON CLAITON PACHECO COSTA,EVERSON CLAITON,DEM,MASCULINO,BRANCA,ENSINO MÉDIO COMPLETO,EMPRESÁRIO,SUPLENTE,0,Direita,Direita,550.0,0.0,0.0,0.0,0.0,0.0,0.0,0.0,550.0,0.0,0.0,1.2938901679256802,711.6395923591241,0.7753789557961334,711.6395923591241,0.0,0.0,0.0,0.0,0.0,0.0,0.0,0.0,0.0,0.0,0.0,0.0,0.0,0.0,1.2938901679256802,0.0,0.0,0.0,0.0,0.0,0.0,0.0,0.0,0,0.0,0.0,0.0,DEM,-1,#NULO#,#NULO#,210000153379,PARTIDO ISOLADO,DEM,PARTIDO ISOLADO,PARTIDO:DEM,110.0,110.0,3.0,0,7198.0,261.0,7459.0,1.0,155371.0,0.04800767195937466,0.0007079828281983125,0.014747285158868481,0.48007671959374654,6.794415866350106,3.0804871219370367,21.0,EVERSON CLAITON PACHECO COSTA,0.0,0.0,0.0,0.0,0.07133485294935231,0.713348529493523,1.0
2020,87912,PELOTAS,210001239692,FABIANA CORREA DIAS,FABIANA DIAS,DEM,FEMININO,PRETA,ENSINO FUNDAMENTAL COMPLETO,COMERCIANTE,SUPLENTE,0,Direita,Direita,800.0,0.0,0.0,0.0,0.0,0.0,0.0,0.0,800.0,0.0,0.0,1.2938901679256802,1035.112134340544,1.0251082889387106,1035.112134340544,0.0,0.0,0.0,0.0,0.0,0.0,0.0,0.0,0.0,0.0,0.0,0.0,0.0,0.0,1.2938901679256802,0.0,0.0,0.0,0.0,0.0,0.0,0.0,0.0,0,0.0,0.0,0.0,DEM,-1,#NULO#,#NULO#,210000153379,PARTIDO ISOLADO,DEM,PARTIDO ISOLADO,PARTIDO:DEM,125.0,125.0,3.0,0,7198.0,261.0,7459.0,1.0,155371.0,0.04800767195937466,0.0008045259411344459,0.016758278589623275,0.48007671959374654,6.977279923499917,3.0804871219370367,16.0,FABIANA CORREA DIAS,0.0,0.0,0.0,0.0,0.07133485294935231,0.713348529493523,1.0
2020,87912,PELOTAS,210001239667,ALEXANDRE SOARES DA SILVA,ALEXANDRE THUSCO ELVIS,DEM,MASCULINO,BRANCA,ENSINO FUNDAMENTAL COMPLETO,MÚSICO,SUPLENTE,0,Direita,Direita,550.0,0.0,0.0,0.0,0.0,0.0,0.0,0.0,550.0,0.0,0.0,1.2938901679256802,711.6395923591241,0.7753789557961334,711.6395923591241,0.0,0.0,0.0,0.0,0.0,0.0,0.0,0.0,0.0,0.0,0.0,0.0,0.0,0.0,1.2938901679256802,0.0,0.0,0.0,0.0,0.0,0.0,0.0,0.0,0,0.0,0.0,0.0,DEM,-1,#NULO#,#NULO#,210000153379,PARTIDO ISOLADO,DEM,PARTIDO ISOLADO,PARTIDO:DEM,80.0,80.0,3.0,0,7198.0,261.0,7459.0,1.0,155371.0,0.04800767195937466,0.0005148966023260454,0.010725298297358896,0.48007671959374654,6.339850002884624,3.0804871219370367,24.0,ALEXANDRE SOARES DA SILVA,0.0,0.0,0.0,0.0,0.07133485294935231,0.713348529493523,1.0
2020,87912,PELOTAS,210001239687,CAUE FUHRO SOUTO MARTINS,CAUE FUHRO SOUTO,DEM,MASCULINO,BRANCA,SUPERIOR INCOMPLETO,EMPRESÁRIO,SUPLENTE,0,Direita,Direita,2855.0,192.0,0.0,0.0,0.0,0.0,0.0,0.0,3047.0,0.0,0.0,1.2938901679256802,3942.483341669548,2.3052361034494284,3694.056429427817,248.4269122417306,0.0,0.0,0.0,0.0,0.0,0.0,5695.0,0.0,0.0,0.0,0.0,17.0,5695.0,1.2938901679256802,7368.704506336749,0.0,7368.704506336749,0.0,0.0,0.0,0.0,0.0,0,3.065004307729165,3.065004307729165,0.0,DEM,-1,#NULO#,#NULO#,210000153379,PARTIDO ISOLADO,DEM,PARTIDO ISOLADO,PARTIDO:DEM,667.0,667.0,3.0,0,7198.0,261.0,7459.0,1.0,155371.0,0.04800767195937466,0.004292950421893403,0.0894221745542298,0.48007671959374654,9.383704292474052,3.0804871219370367,2.0,CAUE FUHRO SOUTO MARTINS,0.0,0.0,0.0,0.0,0.07133485294935231,0.713348529493523,1.0
2020,87912,PELOTAS,210001238668,MARIA REJANE MEDEIROS TERRES,REJANE NEREU,PP,FEMININO,PRETA,ENSINO FUNDAMENTAL INCOMPLETO,DONA DE CASA,NÃO ELEITO,0,Direita,Direita,0.0,400.0,0.0,11168.0,0.0,0.0,0.0,0.0,11568.0,11168.0,0.9654218533886584,1.2938901679256802,14967.721462564268,3.997086554838372,0.0,517.5560671702721,0.0,14450.165395393997,0.0,0.0,0.0,0.0,11000.0,0.0,0.0,0.0,0.0,31.0,11000.0,1.2938901679256802,14232.791847182483,0.0,14232.791847182483,0.0,0.0,0.0,0.0,0.0,0,3.929108476302778,3.929108476302778,0.0,,,,,,,,,PARTIDO:PP,0.0,0.0,,1,15354.0,1046.0,16400.0,1.0,155371.0,0.1055538034768393,0.0,0.0,1.055538034768393,0.0,4.121015400961366,31.0,MARIA REJANE MEDEIROS TERRES,1.0,0.0,25.0,4.700439718141092,0.03876688719630844,0.3876688719630844,1.0
2020,87912,PELOTAS,210001258298,CARLOS ALBERTO DUARTE MATIAS,CARLOS MATIAS,PL,MASCULINO,PRETA,ENSINO MÉDIO COMPLETO,TÉCNICO EM EDIFICAÇÕES,NÃO ELEITO,0,Direita,Direita,0.0,300.0,991.0,0.0,0.0,0.0,0.0,0.0,1291.0,991.0,0.7676219984508134,1.2938901679256802,1670.4122067920532,1.4170624545697814,0.0,388.1670503777041,1282.2451564143491,0.0,0.0,0.0,0.0,0.0,855.3,290.0,290.0,0.0,0.0,6.0,565.3,1.2938901679256802,1106.6642606268342,375.2281486984473,731.4361119283869,375.2281486984473,0.0,0.0,0.3390623173155618,3.390623173155618,1,1.0749604099674324,0.7919691546708207,0.4596709798675616,,,,,,,,,PARTIDO:PL,0.0,0.0,,1,4265.0,119.0,4384.0,1.0,155371.0,0.028216333807467287,0.0,0.0,0.28216333807467286,0.0,2.42867840994823,18.0,CARLOS ALBERTO DUARTE MATIAS,0.0,0.0,0.0,0.0,0.015160949574692833,0.15160949574692834,1.0
2020,87912,PELOTAS,210001239475,DIRCE IRIA MEYER MULLER,DIRCE MULLER,PTB,FEMININO,BRANCA,ENSINO FUNDAMENTAL COMPLETO,OUTROS,NÃO ELEITO,0,Direita,Direita,0.0,0.0,0.0,0.0,0.0,0.0,0.0,0.0,0.0,0.0,,1.2938901679256802,0.0,0.0,0.0,0.0,0.0,0.0,0.0,0.0,0.0,0.0,0.0,0.0,0.0,0.0,0.0,0.0,0.0,1.2938901679256802,0.0,0.0,0.0,0.0,0.0,0.0,0.0,0.0,0,0.0,0.0,0.0,,,,,,,,,PARTIDO:PTB,0.0,0.0,,1,17634.0,373.0,18007.0,1.0,155371.0,0.11589678897606374,0.0,0.0,1.1589678897606375,0.0,4.248458934781782,31.0,DIRCE IRIA MEYER MULLER,1.0,0.0,0.0,0.0,0.10380274642797575,1.0380274642797576,1.0
2020,87912,PELOTAS,210000863517,ALICE SILVEIRA DA SILVEIRA,ALICE SILVEIRA,PSOL,FEMININO,BRANCA,SUPERIOR INCOMPLETO,"ESTUDANTE, BOLSISTA, ESTAGIÁRIO E ASSEMELHADOS",SUPLENTE,0,Esquerda,Esquerda,0.0,0.0,0.0,5770.58,0.0,0.0,0.0,0.0,5770.58,5770.58,1.0,1.2938901679256802,7466.496725228571,3.081765133352952,0.0,0.0,0.0,7466.496725228571,0.0,0.0,0.0,0.0,5487.280000000001,0.0,0.0,0.0,100.0,21.0,5487.280000000001,1.2938901679256802,7099.937640655227,0.0,7099.937640655227,0.0,0.0,129.389016792568,0.0,0.0,0,3.017910801100501,3.017910801100501,0.0,PSOL,-1,#NULO#,#NULO#,210000094655,PARTIDO ISOLADO,PSOL,PARTIDO ISOLADO,PARTIDO:PSOL,52.0,52.0,3.0,0,11850.0,554.0,12404.0,1.0,155371.0,0.07983471819065334,0.0003346827915119295,0.00419219606578523,0.7983471819065333,5.727920454563199,3.744591686542384,17.0,ALICE SILVEIRA DA SILVEIRA,0.0,0.0,0.0,0.0,0.05199866570300773,0.5199866570300773,1.0
2020,87912,PELOTAS,210001240306,FERNANDA MADEIRA DE BITENCOURT,FERNANDA COLORADA,AVANTE,FEMININO,BRANCA,ENSINO MÉDIO COMPLETO,VENDEDOR DE COMÉRCIO VAREJISTA E ATACADISTA,NÃO ELEITO,0,Centro,Centro,0.0,0.0,0.0,0.0,0.0,0.0,0.0,0.0,0.0,0.0,,1.2938901679256802,0.0,0.0,0.0,0.0,0.0,0.0,0.0,0.0,0.0,0.0,0.0,0.0,0.0,0.0,0.0,0.0,0.0,1.2938901679256802,0.0,0.0,0.0,0.0,0.0,0.0,0.0,0.0,0,0.0,0.0,0.0,AVANTE,-1,#NULO#,#NULO#,210000153455,PARTIDO ISOLADO,AVANTE,PARTIDO ISOLADO,PARTIDO:AVANTE,108.0,108.0,3.0,0,1892.0,34.0,1926.0,1.0,155371.0,0.012396135700999542,0.0006951104131401613,0.056074766355140186,0.12396135700999542,6.768184324776926,1.5489297694764,6.0,FERNANDA MADEIRA DE BITENCOURT,0.0,0.0,0.0,0.0,0.010735531216990049,0.10735531216990048,1.0
2020,87912,PELOTAS,210000838217,CARLA ELIARA RODRIGUES MESKO,CARLA MESKO,PATRIOTA,FEMININO,BRANCA,SUPERIOR COMPLETO,SERVIDOR PÚBLICO MUNICIPAL,NÃO ELEITO,0,Direita,Direita,250.0,2615.0,0.0,0.0,0.0,0.0,0.0,0.0,2865.0,0.0,0.0,1.2938901679256802,3706.995331107074,2.2348064220112303,323.4725419814201,3383.5227891256536,0.0,0.0,0.0,0.0,0.0,0.0,2615.0,50.0,0.0,50.0,800.0,17.0,2565.0,1.2938901679256802,3383.5227891256536,64.69450839628401,3318.82828072937,0.0,64.69450839628401,1035.112134340544,0.0191204588910133,0.1912045889101338,1,2.132090748290332,2.1106399552425,0.0904395389535306,PATRIOTA,-1,#NULO#,#NULO#,210000089031,PARTIDO ISOLADO,PATRIOTA,PARTIDO ISOLADO,PARTIDO:PATRIOTA,237.0,237.0,3.0,0,4091.0,76.0,4167.0,1.0,155371.0,0.02681967677365789,0.0015253811843909096,0.05687544996400288,0.26819676773657886,7.894817763307944,2.3693268837627732,6.0,CARLA ELIARA RODRIGUES MESKO,0.0,0.0,0.0,0.0,0.003391338188691833,0.03391338188691832,1.0
2020,87912,PELOTAS,210000838234,LISIANE D  OLIVEIRA DE SOUZA,LISIANE SOUZA,PATRIOTA,FEMININO,BRANCA,ENSINO MÉDIO COMPLETO,DONA DE CASA,NÃO ELEITO,0,Direita,Direita,250.0,0.0,0.0,0.0,0.0,0.0,0.0,0.0,250.0,0.0,0.0,1.2938901679256802,323.4725419814201,0.4043282636220041,323.4725419814201,0.0,0.0,0.0,0.0,0.0,0.0,0.0,0.0,0.0,0.0,0.0,0.0,0.0,0.0,1.2938901679256802,0.0,0.0,0.0,0.0,0.0,0.0,0.0,0.0,0,0.0,0.0,0.0,PATRIOTA,-1,#NULO#,#NULO#,210000089031,PARTIDO ISOLADO,PATRIOTA,PARTIDO ISOLADO,PARTIDO:PATRIOTA,22.0,22.0,3.0,0,4091.0,76.0,4167.0,1.0,155371.0,0.02681967677365789,0.0001415965656396625,0.005279577633789297,0.26819676773657886,4.523561956057013,2.3693268837627732,22.0,LISIANE D OLIVEIRA DE SOUZA,0.0,0.0,0.0,0.0,0.003391338188691833,0.03391338188691832,1.0
2020,87912,PELOTAS,210001239211,CARLOS ALBERTO SANTOS MACHADO,CARLOS MACHADO,PDT,MASCULINO,PARDA,SUPERIOR INCOMPLETO,"TÉCNICO DE OBRAS CIVIS, ESTRADAS, SANEAMENTO E ASSEMELHADOS",SUPLENTE,0,Esquerda,Centro,0.0,0.0,0.0,800.0,0.0,0.0,0.0,0.0,800.0,800.0,1.0,1.2938901679256802,1035.112134340544,1.0251082889387106,0.0,0.0,0.0,1035.112134340544,0.0,0.0,0.0,0.0,800.0,0.0,0.0,0.0,0.0,3.0,800.0,1.2938901679256802,1035.112134340544,0.0,1035.112134340544,0.0,0.0,0.0,0.0,0.0,0,1.0251082889387106,1.0251082889387106,0.0,PDT,-1,#NULO#,#NULO#,210000153308,PARTIDO ISOLADO,PDT,PARTIDO ISOLADO,PARTIDO:PDT,50.0,50.0,3.0,0,10446.0,538.0,10984.0,1.0,155371.0,0.07069530349936604,0.00032181037645377837,0.004552075746540422,0.7069530349936604,5.672425341971495,3.583037623796664,18.0,CARLOS ALBERTO SANTOS MACHADO,0.0,0.0,0.0,0.0,0.13439150497581587,1.3439150497581587,1.0
2020,87912,PELOTAS,210001239202,ANA EMILIA DANEMBERG PERCEU,ANA PERCEU,PDT,FEMININO,BRANCA,ENSINO MÉDIO COMPLETO,DONA DE CASA,SUPLENTE,0,Esquerda,Centro,300.0,0.0,0.0,2000.0,480.0,0.0,0.0,0.0,2780.0,2000.0,0.7194244604316546,1.2938901679256802,3597.014666833391,2.20069726909882,388.1670503777041,0.0,0.0,2587.7803358513606,621.0672806043265,0.0,0.0,0.0,2000.0,0.0,0.0,0.0,0.0,5.0,2000.0,1.2938901679256802,2587.7803358513606,0.0,2587.7803358513606,0.0,0.0,0.0,0.0,0.0,0,1.8430915630333269,1.8430915630333269,0.0,PDT,-1,#NULO#,#NULO#,210000153308,PARTIDO ISOLADO,PDT,PARTIDO ISOLADO,PARTIDO:PDT,8.0,8.0,3.0,0,10446.0,538.0,10984.0,1.0,155371.0,0.07069530349936604,5.148966023260454e-05,0.0007283321194464676,0.7069530349936604,3.169925001442312,3.583037623796664,26.0,ANA EMILIA DANEMBERG PERCEU,1.0,0.0,23.0,4.584962500721156,0.13439150497581587,1.3439150497581587,1.0
2020,87912,PELOTAS,210001239219,ARILSON DE JESUS DA ROSA,ARILSON DA ROSA,PDT,MASCULINO,BRANCA,ENSINO MÉDIO COMPLETO,POLICIAL MILITAR,SUPLENTE,0,Esquerda,Centro,1000.0,1219.5,0.0,800.0,240.0,0.0,0.0,0.0,3259.5,800.0,0.2454364166283172,1.2938901679256802,4217.4350023537545,2.3833407227227243,1293.8901679256803,1577.899059785367,0.0,1035.112134340544,310.53364030216323,0.0,0.0,0.0,3019.5,0.0,0.0,0.0,0.0,6.0,3019.5,1.2938901679256802,3906.901362051592,0.0,3906.901362051592,0.0,0.0,0.0,0.0,0.0,0,2.294812270813253,2.294812270813253,0.0,PDT,-1,#NULO#,#NULO#,210000153308,PARTIDO ISOLADO,PDT,PARTIDO ISOLADO,PARTIDO:PDT,58.0,58.0,3.0,0,10446.0,538.0,10984.0,1.0,155371.0,0.07069530349936604,0.0003733000366863829,0.00528040786598689,0.7069530349936604,5.882643049361842,3.583037623796664,16.0,ARILSON DE JESUS DA ROSA,0.0,0.0,0.0,0.0,0.13439150497581587,1.3439150497581587,1.0
2020,87912,PELOTAS,210001239199,JOSÉ EMIR RODRIGUES GONÇALVES,ZEZINHO,PDT,MASCULINO,BRANCA,SUPERIOR COMPLETO,SERVIDOR PÚBLICO FEDERAL,SUPLENTE,0,Esquerda,Centro,400.0,2964.0,0.0,800.0,0.0,0.0,0.0,0.0,4164.0,800.0,0.1921229586935638,1.2938901679256802,5387.758659242532,2.6753098062226384,517.5560671702721,3835.090457731716,0.0,1035.112134340544,0.0,0.0,0.0,0.0,2950.5,0.0,0.0,0.0,0.0,9.0,2950.5,1.2938901679256802,3817.62294046472,0.0,3817.62294046472,0.0,0.0,0.0,0.0,0.0,0,2.26832148298922,2.26832148298922,0.0,PDT,-1,#NULO#,#NULO#,210000153308,PARTIDO ISOLADO,PDT,PARTIDO ISOLADO,PARTIDO:PDT,58.0,58.0,3.0,0,10446.0,538.0,10984.0,1.0,155371.0,0.07069530349936604,0.0003733000366863829,0.00528040786598689,0.7069530349936604,5.882643049361842,3.583037623796664,16.0,JOSE EMIR RODRIGUES GONCALVES,0.0,0.0,0.0,0.0,0.13439150497581587,1.3439150497581587,1.0
2020,87912,PELOTAS,210001239224,JOSÉ ANSELMO RODRIGUES,ANSELMO RODRIGUES GOVERNAÇO,PDT,MASCULINO,BRANCA,SUPERIOR COMPLETO,MÉDICO,ELEITO POR MÉDIA,1,Esquerda,Centro,21600.0,4000.0,0.0,0.0,240.0,0.0,0.0,0.0,25840.0,0.0,0.0,1.2938901679256802,33434.12193919958,5.105766984052603,27948.027627194693,5175.560671702721,0.0,0.0,310.53364030216323,0.0,0.0,0.0,22000.0,11000.0,11000.0,0.0,1911.0,18.0,11000.0,1.2938901679256802,28465.583694364967,14232.791847182483,14232.791847182483,14232.791847182483,0.0,2472.6241109059747,0.5,5.0,1,4.880958940225873,3.929108476302778,3.929108476302778,PDT,-1,#NULO#,#NULO#,210000153308,PARTIDO ISOLADO,PDT,PARTIDO ISOLADO,PARTIDO:PDT,2207.0,2207.0,3.0,0,10446.0,538.0,10984.0,1.0,155371.0,0.07069530349936604,0.014204710016669777,0.20092862345229426,0.7069530349936604,11.108524456778168,3.583037623796664,2.0,JOSE ANSELMO RODRIGUES,0.0,0.0,0.0,0.0,0.13439150497581587,1.3439150497581587,1.0
2020,87912,PELOTAS,210001239225,CRISTINA FERNANDES OLIVEIRA,CRISTINA OLIVEIRA,PDT,FEMININO,BRANCA,SUPERIOR COMPLETO,VEREADOR,ELEITO POR QP,1,Esquerda,Centro,1000.0,2822.55,0.0,2000.0,240.0,0.0,0.0,0.0,6062.55,2000.0,0.3298941864396995,1.2938901679256802,7844.273837557833,3.144743694757329,1293.8901679256803,3652.069693478629,0.0,2587.7803358513606,310.53364030216323,0.0,0.0,0.0,5762.55,0.0,0.0,0.0,350.0,18.0,5762.55,1.2938901679256802,7456.106787180129,0.0,7456.106787180129,0.0,0.0,452.86155877398807,0.0,0.0,0,3.079993595779539,3.079993595779539,0.0,PDT,-1,#NULO#,#NULO#,210000153308,PARTIDO ISOLADO,PDT,PARTIDO ISOLADO,PARTIDO:PDT,2736.0,2736.0,3.0,0,10446.0,538.0,10984.0,1.0,155371.0,0.07069530349936604,0.017609463799550754,0.2490895848506919,0.7069530349936604,11.418379719364957,3.583037623796664,1.0,CRISTINA FERNANDES OLIVEIRA,1.0,1.0,4177.0,12.028596777067108,0.13439150497581587,1.3439150497581587,1.0
2020,87912,PELOTAS,210001239209,LUIZ EDUARDO BROD NOGUEIRA,PROFESSOR ADINHO,PDT,MASCULINO,BRANCA,SUPERIOR COMPLETO,PROFESSOR DE ENSINO FUNDAMENTAL,SUPLENTE,0,Esquerda,Centro,900.0,5550.0,0.0,0.0,0.0,0.0,0.0,0.0,6450.0,0.0,0.0,1.2938901679256802,8345.591583120637,3.224285990564448,1164.5011511331122,7181.090431987525,0.0,0.0,0.0,0.0,0.0,0.0,5290.25,0.0,0.0,0.0,0.0,7.0,5290.25,1.2938901679256802,6845.00246086883,0.0,6845.00246086883,0.0,0.0,0.0,0.0,0.0,0,2.971773899746936,2.971773899746936,0.0,PDT,-1,#NULO#,#NULO#,210000153308,PARTIDO ISOLADO,PDT,PARTIDO ISOLADO,PARTIDO:PDT,904.0,904.0,3.0,0,10446.0,538.0,10984.0,1.0,155371.0,0.07069530349936604,0.005818331606284313,0.08230152949745084,0.7069530349936604,9.821773981970567,3.583037623796664,4.0,LUIZ EDUARDO BROD NOGUEIRA,1.0,0.0,1911.0,10.900866807980748,0.13439150497581587,1.3439150497581587,1.0
2020,87912,PELOTAS,210001181717,GILCA GUTIERRES GONÇALVES,GILCA GONÇALVES,PT,FEMININO,BRANCA,ENSINO MÉDIO COMPLETO,MOTORISTA DE VEÍCULOS DE TRANSPORTE COLETIVO DE PASSAGEIROS,SUPLENTE,0,Esquerda,Esquerda,0.0,0.0,0.0,3110.0,0.0,0.0,0.0,0.0,3110.0,3110.0,1.0,1.2938901679256802,4023.9984222488656,2.328836011161448,0.0,0.0,0.0,4023.9984222488656,0.0,0.0,0.0,0.0,1415.0,0.0,0.0,0.0,0.0,1.0,1415.0,1.2938901679256802,1830.8545876148376,0.0,1830.8545876148376,0.0,0.0,0.0,0.0,0.0,0,1.5012376442931503,1.5012376442931503,0.0,PT,-1,#NULO#,#NULO#,210000145460,PARTIDO ISOLADO,PT,PARTIDO ISOLADO,PARTIDO:PT,47.0,47.0,3.0,0,9912.0,1295.0,11207.0,1.0,155371.0,0.07213057777834989,0.0003025017538665517,0.004193807441777461,0.7213057777834988,5.584962500721156,3.60963678113278,22.0,GILCA GUTIERRES GONCALVES,0.0,0.0,0.0,0.0,0.09040974036804358,0.9040974036804358,1.0
2020,87912,PELOTAS,210001181718,GUENTHER MOZART RIECHEL,GUENTHER RIECHEL,PT,MASCULINO,BRANCA,ENSINO FUNDAMENTAL INCOMPLETO,APOSENTADO (EXCETO SERVIDOR PÚBLICO),SUPLENTE,0,Esquerda,Esquerda,0.0,0.0,0.0,600.0,0.0,0.0,0.0,0.0,600.0,600.0,1.0,1.2938901679256802,776.3341007554081,0.828902955658335,0.0,0.0,0.0,776.3341007554081,0.0,0.0,0.0,0.0,0.0,0.0,0.0,0.0,0.0,0.0,0.0,1.2938901679256802,0.0,0.0,0.0,0.0,0.0,0.0,0.0,0.0,0,0.0,0.0,0.0,PT,-1,#NULO#,#NULO#,210000145460,PARTIDO ISOLADO,PT,PARTIDO ISOLADO,PARTIDO:PT,293.0,293.0,3.0,0,9912.0,1295.0,11207.0,1.0,155371.0,0.07213057777834989,0.0018858088060191413,0.02614437405193183,0.7213057777834988,8.199672344836364,3.60963678113278,9.0,GUENTHER MOZART RIECHEL,0.0,0.0,0.0,0.0,0.09040974036804358,0.9040974036804358,1.0
2020,87912,PELOTAS,210001181736,PABLO SILVEIRA MENDES BORBA,PABLO BORBA,PT,MASCULINO,BRANCA,SUPERIOR COMPLETO,OCUPANTE DE CARGO EM COMISSÃO,SUPLENTE,0,Esquerda,Esquerda,1463.0,0.0,0.0,4500.0,0.0,2250.0,0.0,0.0,8213.0,4500.0,0.5479118470717156,1.2938901679256802,10626.719949173612,3.539372245826263,1892.9613156752705,0.0,0.0,5822.505755665561,0.0,2911.2528778327805,0.0,0.0,6262.889999999999,0.0,0.0,0.0,0.0,23.0,6262.889999999999,1.2938901679256802,8103.491793800063,0.0,8103.491793800063,0.0,0.0,0.0,0.0,0.0,0,3.186420020844271,3.186420020844271,0.0,PT,-1,#NULO#,#NULO#,210000145460,PARTIDO ISOLADO,PT,PARTIDO ISOLADO,PARTIDO:PT,133.0,133.0,3.0,0,9912.0,1295.0,11207.0,1.0,155371.0,0.07213057777834989,0.0008560156013670505,0.011867582760774516,0.7213057777834988,7.066089190457772,3.60963678113278,15.0,PABLO SILVEIRA MENDES BORBA,0.0,0.0,0.0,0.0,0.09040974036804358,0.9040974036804358,1.0
2020,87912,PELOTAS,210001181714,VERNO RODRIGUES MARTINS,VERNO MARTINS,PT,MASCULINO,BRANCA,ENSINO MÉDIO COMPLETO,COMERCIANTE,SUPLENTE,0,Esquerda,Esquerda,1700.0,0.0,0.0,900.0,0.0,0.0,0.0,0.0,2600.0,900.0,0.3461538461538461,1.2938901679256802,3364.114436606769,2.1256889327707,2199.613285473657,0.0,0.0,1164.5011511331122,0.0,0.0,0.0,0.0,1660.0,0.0,0.0,0.0,0.0,4.0,1660.0,1.2938901679256802,2147.8576787566294,0.0,2147.8576787566294,0.0,0.0,0.0,0.0,0.0,0,1.6543703150532878,1.6543703150532878,0.0,PT,-1,#NULO#,#NULO#,210000145460,PARTIDO ISOLADO,PT,PARTIDO ISOLADO,PARTIDO:PT,191.0,191.0,3.0,0,9912.0,1295.0,11207.0,1.0,155371.0,0.07213057777834989,0.0012293156380534334,0.01704291960381904,0.7213057777834988,7.584962500721156,3.60963678113278,13.0,VERNO RODRIGUES MARTINS,0.0,0.0,0.0,0.0,0.09040974036804358,0.9040974036804358,1.0
2020,87912,PELOTAS,210001181732,HENRIQUE MASCARENHAS DE SOUZA,HENRIQUE MASCARENHAS DE SOUZA,PT,MASCULINO,BRANCA,ENSINO MÉDIO COMPLETO,SERVIDOR PÚBLICO FEDERAL,SUPLENTE,0,Esquerda,Esquerda,11400.0,2000.0,0.0,600.0,0.0,0.0,0.0,0.0,14000.0,600.0,0.0428571428571428,1.2938901679256802,18114.46235095952,4.256592715697475,14750.347914352757,2587.7803358513606,0.0,776.3341007554081,0.0,0.0,0.0,0.0,11394.0,2000.0,2000.0,0.0,6900.0,7.0,9394.0,1.2938901679256802,14742.5845733452,2587.7803358513606,12154.80423749384,2587.7803358513606,0.0,8927.842158687194,0.175530981218185,1.75530981218185,1,3.976600512800312,3.717517874162866,1.8430915630333269,PT,-1,#NULO#,#NULO#,210000145460,PARTIDO ISOLADO,PT,PARTIDO ISOLADO,PARTIDO:PT,823.0,823.0,3.0,0,9912.0,1295.0,11207.0,1.0,155371.0,0.07213057777834989,0.005296998796429192,0.07343624520389043,0.7213057777834988,9.686500527183219,3.60963678113278,5.0,HENRIQUE MASCARENHAS DE SOUZA,0.0,0.0,0.0,0.0,0.09040974036804358,0.9040974036804358,1.0
2020,87912,PELOTAS,210001181716,LORENA DE VARGAS NUNES COLL,VETERINARIA LORENA COLL,PT,FEMININO,BRANCA,SUPERIOR COMPLETO,VETERINÁRIO,SUPLENTE,0,Esquerda,Esquerda,1100.0,3000.0,575.0,7730.0,0.0,0.0,0.0,0.0,12405.0,8305.0,0.6694881096332124,1.2938901679256802,16050.707533118064,4.091759701194984,1423.2791847182482,3881.6705037770407,743.9868465572662,10001.770998065507,0.0,0.0,0.0,0.0,6757.799999999999,0.0,0.0,0.0,952.0,15.0,6757.799999999999,1.2938901679256802,8743.85097680816,0.0,8743.85097680816,0.0,0.0,1231.7834398652476,0.0,0.0,0,3.284492068726192,3.284492068726192,0.0,PT,-1,#NULO#,#NULO#,210000145460,PARTIDO ISOLADO,PT,PARTIDO ISOLADO,PARTIDO:PT,823.0,823.0,3.0,0,9912.0,1295.0,11207.0,1.0,155371.0,0.07213057777834989,0.005296998796429192,0.07343624520389043,0.7213057777834988,9.686500527183219,3.60963678113278,5.0,LORENA DE VARGAS NUNES COLL,0.0,0.0,0.0,0.0,0.09040974036804358,0.9040974036804358,1.0
2020,87912,PELOTAS,210001238671,ADALIM LUIZ GARCIA MEDEIROS,ADALIM MEDEIROS,PP,MASCULINO,BRANCA,ENSINO MÉDIO COMPLETO,LOCUTOR E COMENTARISTA DE RÁDIO E TELEVISÃO E RADIALISTA,SUPLENTE,0,Direita,Direita,25300.0,3900.0,0.0,0.0,0.0,0.0,0.0,0.0,29200.0,0.0,0.0,1.2938901679256802,37781.59290342986,5.277300156369279,32735.42124851971,5046.171654910153,0.0,0.0,0.0,0.0,0.0,0.0,17450.0,2986.9,2950.0,36.9,0.0,28.0,14463.1,1.2938901679256802,22578.38343030312,3864.7205425772154,18713.662887725903,3816.975995380757,47.7445471964576,0.0,0.1711690544412607,1.7116905444126074,1,4.559392903237554,4.301123955438807,2.2823569307169684,PP,-1,#NULO#,#NULO#,210000153244,PARTIDO ISOLADO,PP,PARTIDO ISOLADO,PARTIDO:PP,674.0,674.0,3.0,0,15354.0,1046.0,16400.0,1.0,155371.0,0.1055538034768393,0.004338003874596932,0.04109756097560976,1.055538034768393,9.398743691938193,4.121015400961366,6.0,ADALIM LUIZ GARCIA MEDEIROS,0.0,0.0,0.0,0.0,0.03876688719630844,0.3876688719630844,1.0
2020,87912,PELOTAS,210001238680,FRANCISCO DE PAULA DA SILVA AMARAL,FRANCISCO AMARAL,PP,MASCULINO,BRANCA,SUPERIOR COMPLETO,TÉCNICO EM AGRONOMIA E AGRIMENSURA,SUPLENTE,0,Direita,Direita,0.0,302.8,0.0,2000.0,0.0,0.0,0.0,0.0,2302.8,2000.0,0.8685079034219211,1.2938901679256802,2979.5702786992565,1.992612654321593,0.0,391.789942847896,0.0,2587.7803358513606,0.0,0.0,0.0,0.0,2279.1000000000004,200.0,200.0,0.0,0.0,11.0,2079.1000000000004,1.2938901679256802,2948.9050817194184,258.77803358513603,2690.127048134282,258.77803358513603,0.0,0.0,0.0877539379579658,0.8775393795796584,1,1.9814526907209165,1.883670487981593,0.3320239080941438,PP,-1,#NULO#,#NULO#,210000153244,PARTIDO ISOLADO,PP,PARTIDO ISOLADO,PARTIDO:PP,328.0,328.0,3.0,0,15354.0,1046.0,16400.0,1.0,155371.0,0.1055538034768393,0.002111076069536786,0.02,1.055538034768393,8.361943773735241,4.121015400961366,11.0,FRANCISCO DE PAULA DA SILVA AMARAL,0.0,0.0,0.0,0.0,0.03876688719630844,0.3876688719630844,1.0
2020,87912,PELOTAS,210000936183,CARLOS RENATO BENTO OLIVEIRA JÚNIOR,CARLOS JÚNIOR,PSD,MASCULINO,BRANCA,SUPERIOR COMPLETO,CONTADOR,ELEITO POR QP,1,Direita,Direita,10980.0,2057.6,939.0,0.0,0.0,0.0,0.0,0.0,13976.6,939.0,0.0671837213628493,1.2938901679256802,18084.18532103006,4.254305695986487,14206.914043823968,2662.30840952388,1214.9628676822138,0.0,0.0,0.0,0.0,0.0,5175.1,0.0,0.0,0.0,0.0,9.0,5175.1,1.2938901679256802,6696.011008032188,0.0,6696.011008032188,0.0,0.0,0.0,0.0,0.0,0,2.9441108626763137,2.9441108626763137,0.0,PSD,-1,#NULO#,#NULO#,210000107998,PARTIDO ISOLADO,PSD,PARTIDO ISOLADO,PARTIDO:PSD,1469.0,1469.0,3.0,0,12519.0,194.0,12713.0,1.0,155371.0,0.0818235063171377,0.009454788860212008,0.11555101077637064,0.818235063171377,10.521600439723727,3.777472319663104,1.0,CARLOS RENATO BENTO OLIVEIRA JUNIOR,1.0,0.0,1338.0,10.386940245324311,0.03200644910212932,0.32006449102129314,1.0
2020,87912,PELOTAS,210000936195,CLÁUDIO PRIETSCH,CLAUDINHO PRIETSCH,PSD,MASCULINO,BRANCA,SUPERIOR COMPLETO,"TÉCNICO DE ELETRICIDADE, ELETRÔNICA E TELECOMUNICAÇÕES",SUPLENTE,0,Direita,Direita,300.0,155.0,867.0,0.0,0.0,0.0,0.0,0.0,1322.0,867.0,0.6558245083207261,1.2938901679256802,1710.5228019977492,1.4385711435002069,388.1670503777041,200.55297602848043,1121.8027755915648,0.0,0.0,0.0,0.0,0.0,151.5,0.0,0.0,0.0,0.0,2.0,151.5,1.2938901679256802,196.02436044074057,0.0,196.02436044074057,0.0,0.0,0.0,0.0,0.0,0,0.2582467744266008,0.2582467744266008,0.0,PSD,-1,#NULO#,#NULO#,210000107998,PARTIDO ISOLADO,PSD,PARTIDO ISOLADO,PARTIDO:PSD,507.0,507.0,3.0,0,12519.0,194.0,12713.0,1.0,155371.0,0.0818235063171377,0.0032631572172413126,0.03988043734759695,0.818235063171377,8.988684686772165,3.777472319663104,8.0,CLAUDIO PRIETSCH,1.0,0.0,1567.0,10.614709844115207,0.03200644910212932,0.32006449102129314,1.0
2020,87912,PELOTAS,210000936193,RAFAEL MANSUR DUARTE,RAFAEL MANSUR,PSD,MASCULINO,BRANCA,SUPERIOR COMPLETO,ADVOGADO,SUPLENTE,0,Direita,Direita,300.0,6601.35,867.0,0.0,0.0,0.0,0.0,0.0,7768.35,867.0,0.1116067118500067,1.2938901679256802,10051.391686005458,3.4661561524746483,388.1670503777041,8541.42186003619,1121.8027755915648,0.0,0.0,0.0,0.0,0.0,6601.349999999999,3400.0,3400.0,0.0,0.0,15.0,3201.3499999999995,1.2938901679256802,8541.42186003619,4399.226570947313,4142.195289088876,4399.226570947313,0.0,0.0,0.5150461647996244,5.150461647996243,1,3.2542042722656506,2.362384401546524,2.4327527587252367,PSD,-1,#NULO#,#NULO#,210000107998,PARTIDO ISOLADO,PSD,PARTIDO ISOLADO,PARTIDO:PSD,173.0,173.0,3.0,0,12519.0,194.0,12713.0,1.0,155371.0,0.0818235063171377,0.0011134639025300731,0.01360811767482105,0.818235063171377,7.442943495848728,3.777472319663104,22.0,RAFAEL MANSUR DUARTE,0.0,0.0,0.0,0.0,0.03200644910212932,0.32006449102129314,1.0
2020,87912,PELOTAS,210001242916,JOCIANE DA SILVA DOS SANTOS,CIANE TURINO,PC do B,FEMININO,PARDA,ENSINO MÉDIO COMPLETO,EMPRESÁRIO,NÃO ELEITO,0,Esquerda,Esquerda,300.0,0.0,0.0,0.0,0.0,0.0,0.0,0.0,300.0,0.0,0.0,1.2938901679256802,388.1670503777041,0.4731811905746159,388.1670503777041,0.0,0.0,0.0,0.0,0.0,0.0,0.0,0.0,0.0,0.0,0.0,0.0,0.0,0.0,1.2938901679256802,0.0,0.0,0.0,0.0,0.0,0.0,0.0,0.0,0,0.0,0.0,0.0,PC do B,-1,#NULO#,#NULO#,210000109793,PARTIDO ISOLADO,PC do B,PARTIDO ISOLADO,PARTIDO:PC do B,55.0,55.0,3.0,0,733.0,36.0,769.0,1.0,155371.0,0.004949443589859112,0.00035399141409915623,0.07152145643693109,0.049494435898591115,5.807354922057604,0.8229340480283714,7.0,JOCIANE DA SILVA DOS SANTOS,0.0,0.0,0.0,0.0,0.015099794295880358,0.15099794295880356,1.0
2020,87912,PELOTAS,210000948561,CLARICE DE MATTOS FERREIRA,CLARICE FERREIRA,PC do B,FEMININO,PRETA,SUPERIOR COMPLETO,APOSENTADO (EXCETO SERVIDOR PÚBLICO),NÃO ELEITO,0,Esquerda,Esquerda,300.0,0.0,0.0,0.0,0.0,0.0,0.0,0.0,300.0,0.0,0.0,1.2938901679256802,388.1670503777041,0.4731811905746159,388.1670503777041,0.0,0.0,0.0,0.0,0.0,0.0,0.0,0.0,0.0,0.0,0.0,0.0,0.0,0.0,1.2938901679256802,0.0,0.0,0.0,0.0,0.0,0.0,0.0,0.0,0,0.0,0.0,0.0,PC do B,-1,#NULO#,#NULO#,210000109793,PARTIDO ISOLADO,PC do B,PARTIDO ISOLADO,PARTIDO:PC do B,65.0,65.0,3.0,0,733.0,36.0,769.0,1.0,155371.0,0.004949443589859112,0.0004183534893899119,0.08452535760728218,0.049494435898591115,6.044394119358453,0.8229340480283714,6.0,CLARICE DE MATTOS FERREIRA,0.0,0.0,0.0,0.0,0.015099794295880358,0.15099794295880356,1.0
2020,87912,PELOTAS,210000948566,FRANCISCO DE PAULA BERMUDEZ GUEDES,PROFESSOR GUEDES,PC do B,MASCULINO,BRANCA,SUPERIOR COMPLETO,APOSENTADO (EXCETO SERVIDOR PÚBLICO),NÃO ELEITO,0,Esquerda,Esquerda,0.0,0.0,0.0,0.0,0.0,0.0,0.0,0.0,0.0,0.0,,1.2938901679256802,0.0,0.0,0.0,0.0,0.0,0.0,0.0,0.0,0.0,0.0,0.0,0.0,0.0,0.0,0.0,0.0,0.0,1.2938901679256802,0.0,0.0,0.0,0.0,0.0,0.0,0.0,0.0,0,0.0,0.0,0.0,PC do B,-1,#NULO#,#NULO#,210000109793,PARTIDO ISOLADO,PC do B,PARTIDO ISOLADO,PARTIDO:PC do B,18.0,18.0,3.0,0,733.0,36.0,769.0,1.0,155371.0,0.004949443589859112,0.00011585173552336022,0.02340702210663199,0.049494435898591115,4.247927513443585,0.8229340480283714,10.0,FRANCISCO DE PAULA BERMUDEZ GUEDES,0.0,0.0,0.0,0.0,0.015099794295880358,0.15099794295880356,1.0
2020,87912,PELOTAS,210000680592,SOLANGE CARVALHO MENDES DA SILVA,SOLANGE CARVALHO,PSB,FEMININO,PRETA,SUPERIOR COMPLETO,"ESTUDANTE, BOLSISTA, ESTAGIÁRIO E ASSEMELHADOS",SUPLENTE,0,Esquerda,Centro,2166.7,0.0,0.0,256.8,0.0,0.0,0.0,0.0,2423.5,256.8,0.1059624510006189,1.2938901679256802,3135.742821967886,2.048146475544673,2803.471826844572,0.0,0.0,332.2709951233147,0.0,0.0,0.0,0.0,0.0,0.0,0.0,0.0,0.0,0.0,0.0,1.2938901679256802,0.0,0.0,0.0,0.0,0.0,0.0,0.0,0.0,0,0.0,0.0,0.0,PSB,-1,#NULO#,#NULO#,210000061620,PARTIDO ISOLADO,PSB,PARTIDO ISOLADO,PARTIDO:PSB,277.0,277.0,3.0,0,11578.0,584.0,12162.0,1.0,155371.0,0.07827715596861705,0.0017828294855539322,0.022775859233678673,0.7827715596861704,8.118941072723507,3.718306821867008,10.0,SOLANGE CARVALHO MENDES DA SILVA,0.0,0.0,0.0,0.0,0.11976983376883304,1.1976983376883303,1.0
2020,87912,PELOTAS,210000680575,JEDERSON LUIS FERREIRA BORGES,JEDERSON BORGES,PSB,MASCULINO,PRETA,SUPERIOR INCOMPLETO,"ESTUDANTE, BOLSISTA, ESTAGIÁRIO E ASSEMELHADOS",SUPLENTE,0,Esquerda,Centro,300.0,0.0,256.8,1000.0,0.0,0.0,0.0,0.0,1556.8,1256.8,0.8072970195272353,1.2938901679256802,2014.328213426699,1.591836512524018,388.1670503777041,0.0,332.2709951233147,1293.8901679256803,0.0,0.0,0.0,0.0,1000.0,0.0,0.0,0.0,0.0,1.0,1000.0,1.2938901679256802,1293.8901679256803,0.0,1293.8901679256803,0.0,0.0,0.0,0.0,0.0,0,1.1977963163832472,1.1977963163832472,0.0,PSB,-1,#NULO#,#NULO#,210000061620,PARTIDO ISOLADO,PSB,PARTIDO ISOLADO,PARTIDO:PSB,171.0,171.0,3.0,0,11578.0,584.0,12162.0,1.0,155371.0,0.07827715596861705,0.0011005914874719221,0.014060187469166256,0.7827715596861704,7.426264754702098,3.718306821867008,14.0,JEDERSON LUIS FERREIRA BORGES,0.0,0.0,0.0,0.0,0.11976983376883304,1.1976983376883303,1.0
2020,87912,PELOTAS,210001240290,JOÃO PAULO SOUZA DE PINHO,JOÃO PAULO PINHO,CIDADANIA,MASCULINO,BRANCA,ENSINO FUNDAMENTAL COMPLETO,PESCADOR,SUPLENTE,0,Centro,Centro,0.0,0.0,0.0,1150.0,0.0,0.0,0.0,0.0,1150.0,1150.0,1.0,1.2938901679256802,1487.9736931145324,1.3149712310417252,0.0,0.0,0.0,1487.9736931145324,0.0,0.0,0.0,0.0,0.0,0.0,0.0,0.0,0.0,0.0,0.0,1.2938901679256802,0.0,0.0,0.0,0.0,0.0,0.0,0.0,0.0,0,0.0,0.0,0.0,CIDADANIA,-1,#NULO#,#NULO#,210000153454,PARTIDO ISOLADO,CIDADANIA,PARTIDO ISOLADO,PARTIDO:CIDADANIA,368.0,368.0,3.0,0,6234.0,118.0,6352.0,1.0,155371.0,0.040882790224688006,0.002368524370699809,0.05793450881612091,0.40882790224688004,8.527477006060396,2.8781367666269477,6.0,JOAO PAULO SOUZA DE PINHO,0.0,0.0,0.0,0.0,0.026774892978262077,0.26774892978262077,1.0
2020,87912,PELOTAS,210001240282,ERICA COITINHO XAVIER,ERICA COLEGUINHA,CIDADANIA,FEMININO,PRETA,ENSINO FUNDAMENTAL INCOMPLETO,DONA DE CASA,SUPLENTE,0,Centro,Centro,112.0,0.0,0.0,1150.0,0.0,0.0,0.0,0.0,1262.0,1150.0,0.9112519809825672,1.2938901679256802,1632.8893919222085,1.3966469148222125,144.9156988076762,0.0,0.0,1487.9736931145324,0.0,0.0,0.0,0.0,1261.96,0.0,0.0,0.0,0.0,5.0,1261.96,1.2938901679256802,1632.8376363154914,0.0,1632.8376363154914,0.0,0.0,0.0,0.0,0.0,0,1.3966185549939298,1.3966185549939298,0.0,CIDADANIA,-1,#NULO#,#NULO#,210000153454,PARTIDO ISOLADO,CIDADANIA,PARTIDO ISOLADO,PARTIDO:CIDADANIA,28.0,28.0,3.0,0,6234.0,118.0,6352.0,1.0,155371.0,0.040882790224688006,0.00018021381081411588,0.004408060453400504,0.40882790224688004,4.857980995127572,2.8781367666269477,16.0,ERICA COITINHO XAVIER,0.0,0.0,0.0,0.0,0.026774892978262077,0.26774892978262077,1.0
2020,87912,PELOTAS,210001240278,MARIA ANGELITA BOEIRA MARTIN,ANGELITA BOEIRA,CIDADANIA,FEMININO,BRANCA,SUPERIOR INCOMPLETO,DONA DE CASA,SUPLENTE,0,Centro,Centro,412.0,100.0,0.0,1150.0,0.0,0.0,0.0,0.0,1662.0,1150.0,0.6919374247894103,1.2938901679256802,2150.4454590924806,1.6555558337512015,533.0827491853803,129.389016792568,0.0,1487.9736931145324,0.0,0.0,0.0,0.0,1337.0,0.0,0.0,0.0,0.0,5.0,1337.0,1.2938901679256802,1729.9311545166345,0.0,1729.9311545166345,0.0,0.0,0.0,0.0,0.0,0,1.4488645686213804,1.4488645686213804,0.0,CIDADANIA,-1,#NULO#,#NULO#,210000153454,PARTIDO ISOLADO,CIDADANIA,PARTIDO ISOLADO,PARTIDO:CIDADANIA,164.0,164.0,3.0,0,6234.0,118.0,6352.0,1.0,155371.0,0.040882790224688006,0.001055538034768393,0.025818639798488665,0.40882790224688004,7.366322214245816,2.8781367666269477,10.0,MARIA ANGELITA BOEIRA MARTIN,0.0,0.0,0.0,0.0,0.026774892978262077,0.26774892978262077,1.0
2020,87912,PELOTAS,210001242952,ROSELAINE DOS SANTOS,ROSELAINE DOS SANTOS,PODE,FEMININO,BRANCA,ENSINO MÉDIO COMPLETO,OUTROS,NÃO ELEITO,0,Direita,Direita,0.0,0.0,0.0,0.0,0.0,0.0,0.0,0.0,0.0,0.0,,1.2938901679256802,0.0,0.0,0.0,0.0,0.0,0.0,0.0,0.0,0.0,0.0,0.0,0.0,0.0,0.0,0.0,0.0,0.0,1.2938901679256802,0.0,0.0,0.0,0.0,0.0,0.0,0.0,0.0,0,0.0,0.0,0.0,PODE,-1,#NULO#,#NULO#,210000153954,PARTIDO ISOLADO,PODE,PARTIDO ISOLADO,PARTIDO:PODE,41.0,41.0,3.0,0,2135.0,89.0,2224.0,1.0,155371.0,0.014314125544664063,0.00026388450869209825,0.01843525179856115,0.1431412554466406,5.392317422778761,1.6888517438658803,10.0,ROSELAINE DOS SANTOS,0.0,0.0,0.0,0.0,0.0046755990437538225,0.046755990437538225,1.0
2020,87912,PELOTAS,210001242941,MARTA LIZIA FARIAS CARDOSO,LIZZI CARDOSO,PODE,FEMININO,PRETA,ENSINO MÉDIO COMPLETO,OUTROS,NÃO ELEITO,0,Direita,Direita,0.0,0.0,0.0,0.0,0.0,0.0,0.0,0.0,0.0,0.0,,1.2938901679256802,0.0,0.0,0.0,0.0,0.0,0.0,0.0,0.0,0.0,0.0,0.0,0.0,0.0,0.0,0.0,0.0,0.0,1.2938901679256802,0.0,0.0,0.0,0.0,0.0,0.0,0.0,0.0,0,0.0,0.0,0.0,PODE,-1,#NULO#,#NULO#,210000153954,PARTIDO ISOLADO,PODE,PARTIDO ISOLADO,PARTIDO:PODE,3.0,3.0,3.0,0,2135.0,89.0,2224.0,1.0,155371.0,0.014314125544664063,1.9308622587226702e-05,0.0013489208633093526,0.1431412554466406,2.0,1.6888517438658803,18.0,MARTA LIZIA FARIAS CARDOSO,0.0,0.0,0.0,0.0,0.0046755990437538225,0.046755990437538225,1.0
2020,87912,PELOTAS,210001242948,ELISÂNGELA MORAES RODRIGUES,ELISÂNGELA MORAES,PODE,FEMININO,BRANCA,ENSINO FUNDAMENTAL INCOMPLETO,DONA DE CASA,NÃO ELEITO,0,Direita,Direita,0.0,0.0,0.0,0.0,0.0,0.0,0.0,0.0,0.0,0.0,,1.2938901679256802,0.0,0.0,0.0,0.0,0.0,0.0,0.0,0.0,0.0,0.0,0.0,0.0,0.0,0.0,0.0,0.0,0.0,1.2938901679256802,0.0,0.0,0.0,0.0,0.0,0.0,0.0,0.0,0,0.0,0.0,0.0,PODE,-1,#NULO#,#NULO#,210000153954,PARTIDO ISOLADO,PODE,PARTIDO ISOLADO,PARTIDO:PODE,5.0,5.0,3.0,0,2135.0,89.0,2224.0,1.0,155371.0,0.014314125544664063,3.218103764537784e-05,0.0022482014388489208,0.1431412554466406,2.584962500721156,1.6888517438658803,15.0,ELISANGELA MORAES RODRIGUES,0.0,0.0,0.0,0.0,0.0046755990437538225,0.046755990437538225,1.0
2020,87912,PELOTAS,210001240549,VANUSA DE MEDEIROS VIDART,VANUSA VIDART,PV,FEMININO,BRANCA,SUPERIOR COMPLETO,OUTROS,NÃO ELEITO,0,Centro,Centro,0.0,0.0,0.0,1506.43,0.0,0.0,0.0,0.0,1506.43,1506.43,1.0,1.2938901679256802,1949.1549656682823,1.560301631937545,0.0,0.0,0.0,1949.1549656682823,0.0,0.0,0.0,0.0,0.0,0.0,0.0,0.0,0.0,0.0,0.0,1.2938901679256802,0.0,0.0,0.0,0.0,0.0,0.0,0.0,0.0,0,0.0,0.0,0.0,PV,-1,#NULO#,#NULO#,210000153495,PARTIDO ISOLADO,PV,PARTIDO ISOLADO,PARTIDO:PV,19.0,19.0,3.0,0,389.0,23.0,412.0,1.0,155371.0,0.0026517175019791337,0.0001222879430524358,0.04611650485436893,0.026517175019791336,4.321928094887363,0.4977400886090932,5.0,VANUSA DE MEDEIROS VIDART,0.0,0.0,0.0,0.0,0.0020514816256185023,0.020514816256185023,1.0
2020,87912,PELOTAS,210001240552,RAQUEL DUTRA,RAQUEL DUTRA,PV,FEMININO,PRETA,SUPERIOR COMPLETO,OUTROS,NÃO ELEITO,0,Centro,Centro,0.0,0.0,0.0,1506.43,0.0,0.0,0.0,0.0,1506.43,1506.43,1.0,1.2938901679256802,1949.1549656682823,1.560301631937545,0.0,0.0,0.0,1949.1549656682823,0.0,0.0,0.0,0.0,0.0,0.0,0.0,0.0,0.0,0.0,0.0,1.2938901679256802,0.0,0.0,0.0,0.0,0.0,0.0,0.0,0.0,0,0.0,0.0,0.0,PV,-1,#NULO#,#NULO#,210000153495,PARTIDO ISOLADO,PV,PARTIDO ISOLADO,PARTIDO:PV,42.0,42.0,3.0,0,389.0,23.0,412.0,1.0,155371.0,0.0026517175019791337,0.00027032071622117384,0.10194174757281553,0.026517175019791336,5.426264754702098,0.4977400886090932,4.0,RAQUEL DUTRA,0.0,0.0,0.0,0.0,0.0020514816256185023,0.020514816256185023,1.0
2020,87912,PELOTAS,210001239703,GELCI MARIA DA CRUZ ROLIM,NÉKA ROLIM,PSDB,FEMININO,BRANCA,SUPERIOR COMPLETO,OUTROS,SUPLENTE,0,Centro,Centro,0.0,0.0,0.0,10041.0,0.0,0.0,0.0,0.0,10041.0,10041.0,1.0,1.2938901679256802,12991.951176141754,3.806525255092823,0.0,0.0,0.0,12991.951176141754,0.0,0.0,0.0,0.0,3300.0,0.0,0.0,0.0,0.0,4.0,3300.0,1.2938901679256802,4269.837554154745,0.0,4269.837554154745,0.0,0.0,0.0,0.0,0.0,0,2.3977584906238816,2.3977584906238816,0.0,PSDB,-1,#NULO#,#NULO#,210000153382,PARTIDO ISOLADO,PSDB,PARTIDO ISOLADO,PARTIDO:PSDB,105.0,105.0,3.0,0,21809.0,2904.0,24713.0,1.0,155371.0,0.1590579966660445,0.0006758017905529346,0.004248775947881682,1.590579966660445,6.727920454563199,4.684426037716597,27.0,GELCI MARIA DA CRUZ ROLIM,1.0,0.0,177.0,7.475733430966398,0.1757936287318619,1.757936287318619,1.0
2020,87912,PELOTAS,210001239717,FRANCISCO CARLOS RAMALHO OLIVEIRA,CHICO OLIVEIRA,PSDB,MASCULINO,BRANCA,ENSINO MÉDIO COMPLETO,OUTROS,SUPLENTE,0,Centro,Centro,2600.0,4170.0,0.0,10001.89,0.0,0.0,0.0,0.0,16771.89,10001.89,0.5963484139235351,1.2938901679256802,21700.983568531035,4.504682901597442,3364.114436606769,5395.522000250086,0.0,12941.347131674182,0.0,0.0,0.0,0.0,7567.0,1078.8,900.0,178.8,600.0,22.0,6488.2,1.2938901679256802,9790.866900693622,1395.8487131582235,8395.018187535397,1164.5011511331122,231.34756202511164,776.3341007554081,0.1425664067662217,1.4256640676622174,1,3.4317388654679646,3.2318959545183192,1.2605368114375002,PSDB,-1,#NULO#,#NULO#,210000153382,PARTIDO ISOLADO,PSDB,PARTIDO ISOLADO,PARTIDO:PSDB,449.0,449.0,3.0,0,21809.0,2904.0,24713.0,1.0,155371.0,0.1590579966660445,0.00288985718055493,0.01816857524379881,1.590579966660445,8.813781191217037,4.684426037716597,19.0,FRANCISCO CARLOS RAMALHO OLIVEIRA,0.0,0.0,0.0,0.0,0.1757936287318619,1.757936287318619,1.0
2020,87912,PELOTAS,210001239713,JOSÉ PAULO BENEMANN,JOSÉ BENEMANN,PSDB,MASCULINO,BRANCA,ENSINO MÉDIO COMPLETO,VEREADOR,SUPLENTE,0,Centro,Centro,0.0,5025.25,0.0,7541.0,0.0,0.0,0.0,0.0,12566.25,7541.0,0.6000994727941907,1.2938901679256802,16259.34732269608,4.109306003661853,0.0,6502.121566368524,0.0,9757.225756327554,0.0,0.0,0.0,0.0,5825.25,0.0,0.0,0.0,0.0,16.0,5825.25,1.2938901679256802,7537.233700709069,0.0,7537.233700709069,0.0,0.0,0.0,0.0,0.0,0,3.093768672564275,3.093768672564275,0.0,PSDB,-1,#NULO#,#NULO#,210000153382,PARTIDO ISOLADO,PSDB,PARTIDO ISOLADO,PARTIDO:PSDB,860.0,860.0,3.0,0,21809.0,2904.0,24713.0,1.0,155371.0,0.1590579966660445,0.005535138475004988,0.03479949823979282,1.590579966660445,9.749869427396844,4.684426037716597,11.0,JOSE PAULO BENEMANN,1.0,0.0,1477.0,10.52943055414615,0.1757936287318619,1.757936287318619,1.0
2020,87912,PELOTAS,210001239727,ZILDA MARIA TREIBER BÜRKLE,ZILDA BÜRKLE,PSDB,FEMININO,BRANCA,ENSINO MÉDIO COMPLETO,APOSENTADO (EXCETO SERVIDOR PÚBLICO),SUPLENTE,0,Centro,Centro,9300.0,6500.0,0.0,10041.0,0.0,0.0,0.0,0.0,25841.0,10041.0,0.3885685538485353,1.2938901679256802,33435.41582936751,5.105821193474924,12033.178561708826,8410.286091516922,0.0,12991.951176141754,0.0,0.0,0.0,0.0,18976.66,2500.0,500.0,2000.0,0.0,28.0,16476.66,1.2938901679256802,24553.71379406854,3234.7254198142004,21318.98837425434,646.9450839628402,2587.7803358513606,0.0,0.1317407805166978,1.3174078051669786,1,4.675461072270583,4.48019973224614,2.082268428042753,PSDB,-1,#NULO#,#NULO#,210000153382,PARTIDO ISOLADO,PSDB,PARTIDO ISOLADO,PARTIDO:PSDB,920.0,920.0,3.0,0,21809.0,2904.0,24713.0,1.0,155371.0,0.1590579966660445,0.005921310926749522,0.03722737021001093,1.590579966660445,9.847057346091336,4.684426037716597,9.0,ZILDA MARIA TREIBER BURKLE,1.0,1.0,3035.0,11.567956075415466,0.1757936287318619,1.757936287318619,1.0
2020,87912,PELOTAS,210001239723,AÍSHA DE MORAES SCHAUN,AÍSHA,PSDB,FEMININO,BRANCA,ENSINO MÉDIO COMPLETO,"ESTUDANTE, BOLSISTA, ESTAGIÁRIO E ASSEMELHADOS",SUPLENTE,0,Centro,Centro,0.0,0.0,0.0,12521.0,0.0,0.0,0.0,0.0,12521.0,12521.0,1.0,1.2938901679256802,16200.798792597445,4.104403659079851,0.0,0.0,0.0,16200.798792597445,0.0,0.0,0.0,0.0,5300.0,853.2,853.2,0.0,1100.0,16.0,4446.8,1.2938901679256802,6857.617890006105,1103.9470912741904,5753.670798731915,1103.9470912741904,0.0,1423.2791847182482,0.1609811320754717,1.6098113207547171,1,2.9740920123375862,2.755671858259824,1.073098425107354,PSDB,-1,#NULO#,#NULO#,210000153382,PARTIDO ISOLADO,PSDB,PARTIDO ISOLADO,PARTIDO:PSDB,325.0,325.0,3.0,0,21809.0,2904.0,24713.0,1.0,155371.0,0.1590579966660445,0.0020917674469495594,0.013150973172014729,1.590579966660445,8.348728154231077,4.684426037716597,22.0,AISHA DE MORAES SCHAUN,0.0,0.0,0.0,0.0,0.1757936287318619,1.757936287318619,1.0
2020,87912,PELOTAS,210001240918,CINTIA DA SILVA TEIXEIRA,CINTIA TEIXEIRA,SOLIDARIEDADE,FEMININO,PARDA,ENSINO MÉDIO COMPLETO,DONA DE CASA,NÃO ELEITO,0,Centro,Centro,2400.0,0.0,0.0,121.21,0.0,0.0,0.0,0.0,2521.21,121.21,0.0480761221794297,1.2938901679256802,3262.1688302759044,2.091587741355636,3105.3364030216326,0.0,0.0,156.8324272542717,0.0,0.0,0.0,0.0,0.0,0.0,0.0,0.0,0.0,0.0,0.0,1.2938901679256802,0.0,0.0,0.0,0.0,0.0,0.0,0.0,0.0,0,0.0,0.0,0.0,SOLIDARIEDADE,-1,#NULO#,#NULO#,210000153567,PARTIDO ISOLADO,SOLIDARIEDADE,PARTIDO ISOLADO,PARTIDO:SOLIDARIEDADE,58.0,58.0,3.0,0,58.0,34.0,92.0,1.0,155371.0,0.0005921310926749522,0.0003733000366863829,0.6304347826086957,0.005921310926749522,5.882643049361842,0.12697285625776553,1.0,CINTIA DA SILVA TEIXEIRA,0.0,0.0,0.0,0.0,0.0032301106354589424,0.03230110635458942,1.0
2020,87912,PELOTAS,210001239559,IRAI CASTRO DA ROSA,IRAI CASTRO,MDB,FEMININO,BRANCA,SUPERIOR COMPLETO,CABELEIREIRO E BARBEIRO,NÃO ELEITO,0,Centro,Centro,300.0,0.0,0.0,0.0,704.5,0.0,0.0,0.0,1004.5,0.0,0.0,1.2938901679256802,1299.712673681346,1.201453621974298,388.1670503777041,0.0,0.0,0.0,911.5456233036416,0.0,0.0,0.0,0.0,0.0,0.0,0.0,0.0,0.0,0.0,1.2938901679256802,0.0,0.0,0.0,0.0,0.0,0.0,0.0,0.0,0,0.0,0.0,0.0,MDB,-1,#NULO#,#NULO#,210000153356,PARTIDO ISOLADO,MDB,PARTIDO ISOLADO,PARTIDO:MDB,18.0,18.0,3.0,0,3733.0,200.0,3933.0,1.0,155371.0,0.025313604211854208,0.00011585173552336022,0.004576659038901602,0.25313604211854207,4.247927513443585,2.302465287332405,21.0,IRAI CASTRO DA ROSA,1.0,0.0,53.0,5.754887502163468,0.03540334686162228,0.3540334686162228,1.0
2020,87912,PELOTAS,210001239552,MARCIONIL COELHO,MARCIONIL COELHO,MDB,MASCULINO,BRANCA,ENSINO MÉDIO COMPLETO,APOSENTADO (EXCETO SERVIDOR PÚBLICO),NÃO ELEITO,0,Centro,Centro,300.0,0.0,0.0,0.0,704.5,0.0,0.0,0.0,1004.5,0.0,0.0,1.2938901679256802,1299.712673681346,1.201453621974298,388.1670503777041,0.0,0.0,0.0,911.5456233036416,0.0,0.0,0.0,0.0,0.0,0.0,0.0,0.0,0.0,0.0,1.2938901679256802,0.0,0.0,0.0,0.0,0.0,0.0,0.0,0.0,0,0.0,0.0,0.0,MDB,-1,#NULO#,#NULO#,210000153356,PARTIDO ISOLADO,MDB,PARTIDO ISOLADO,PARTIDO:MDB,128.0,128.0,3.0,0,3733.0,200.0,3933.0,1.0,155371.0,0.025313604211854208,0.0008238345637216726,0.03254513094330028,0.25313604211854207,7.011227255423254,2.302465287332405,8.0,MARCIONIL COELHO,0.0,0.0,0.0,0.0,0.03540334686162228,0.3540334686162228,1.0
2020,87912,PELOTAS,210001239562,LUIZ ROGERIO LOY,FETA LOY,MDB,MASCULINO,BRANCA,ENSINO MÉDIO COMPLETO,APOSENTADO (EXCETO SERVIDOR PÚBLICO),NÃO ELEITO,0,Centro,Centro,300.0,1600.0,0.0,0.0,704.5,0.0,0.0,0.0,2604.5,0.0,0.0,1.2938901679256802,3369.9369423624344,2.127612461969039,388.1670503777041,2070.224268681088,0.0,0.0,911.5456233036416,0.0,0.0,0.0,1503.5,0.0,0.0,0.0,0.0,4.0,1503.5,1.2938901679256802,1945.3638674762603,0.0,1945.3638674762603,0.0,0.0,0.0,0.0,0.0,0,1.558445874251425,1.558445874251425,0.0,MDB,-1,#NULO#,#NULO#,210000153356,PARTIDO ISOLADO,MDB,PARTIDO ISOLADO,PARTIDO:MDB,354.0,354.0,3.0,0,3733.0,200.0,3933.0,1.0,155371.0,0.025313604211854208,0.002278417465292751,0.09000762776506484,0.25313604211854207,8.471675214392045,2.302465287332405,2.0,LUIZ ROGERIO LOY,0.0,0.0,0.0,0.0,0.03540334686162228,0.3540334686162228,1.0
2020,87912,PELOTAS,210001239454,ANDRE NOVACK MULLER,ANDRE MULLER,PTB,MASCULINO,BRANCA,SUPERIOR INCOMPLETO,OUTROS,SUPLENTE,0,Direita,Direita,5350.0,0.0,0.0,0.0,0.0,0.0,0.0,0.0,5350.0,0.0,0.0,1.2938901679256802,6922.31239840239,2.9859215917676165,6922.31239840239,0.0,0.0,0.0,0.0,0.0,0.0,0.0,3400.0,0.0,0.0,0.0,0.0,6.0,3400.0,1.2938901679256802,4399.226570947313,0.0,4399.226570947313,0.0,0.0,0.0,0.0,0.0,0,2.4327527587252367,2.4327527587252367,0.0,PTB,-1,#NULO#,#NULO#,210000153345,PARTIDO ISOLADO,PTB,PARTIDO ISOLADO,PARTIDO:PTB,819.0,819.0,3.0,0,17634.0,373.0,18007.0,1.0,155371.0,0.11589678897606374,0.00527125396631289,0.04548231243405342,1.1589678897606375,9.679480099505446,4.248458934781782,7.0,ANDRE NOVACK MULLER,0.0,0.0,0.0,0.0,0.10380274642797575,1.0380274642797576,1.0
2020,87912,PELOTAS,210001239693,MATHEUS SILVA DA SILVA,MATHEUS SILVA,DEM,MASCULINO,BRANCA,SUPERIOR COMPLETO,ADVOGADO,SUPLENTE,0,Direita,Direita,1150.0,0.0,0.0,5000.0,0.0,0.0,0.0,0.0,6150.0,5000.0,0.8130081300813008,1.2938901679256802,7957.424532742933,3.16308398362762,1487.9736931145324,0.0,0.0,6469.450839628401,0.0,0.0,0.0,0.0,6150.0,0.0,0.0,0.0,0.0,8.0,6150.0,1.2938901679256802,7957.424532742933,0.0,7957.424532742933,0.0,0.0,0.0,0.0,0.0,0,3.16308398362762,3.16308398362762,0.0,DEM,-1,#NULO#,#NULO#,210000153379,PARTIDO ISOLADO,DEM,PARTIDO ISOLADO,PARTIDO:DEM,634.0,634.0,3.0,0,7198.0,261.0,7459.0,1.0,155371.0,0.04800767195937466,0.00408055557343391,0.08499798900656924,0.48007671959374654,9.310612781659529,3.0804871219370367,3.0,MATHEUS SILVA DA SILVA,0.0,0.0,0.0,0.0,0.07133485294935231,0.713348529493523,1.0
2020,87912,PELOTAS,210001239689,FABIO GRIMMLER FERREIRA,FABIO FERREIRA,DEM,MASCULINO,BRANCA,ENSINO MÉDIO COMPLETO,COMERCIANTE,SUPLENTE,0,Direita,Direita,550.0,0.0,0.0,0.0,0.0,0.0,0.0,0.0,550.0,0.0,0.0,1.2938901679256802,711.6395923591241,0.7753789557961334,711.6395923591241,0.0,0.0,0.0,0.0,0.0,0.0,0.0,0.0,0.0,0.0,0.0,0.0,0.0,0.0,1.2938901679256802,0.0,0.0,0.0,0.0,0.0,0.0,0.0,0.0,0,0.0,0.0,0.0,DEM,-1,#NULO#,#NULO#,210000153379,PARTIDO ISOLADO,DEM,PARTIDO ISOLADO,PARTIDO:DEM,351.0,351.0,3.0,0,7198.0,261.0,7459.0,1.0,155371.0,0.04800767195937466,0.0022591088427055244,0.04705724627966215,0.48007671959374654,8.459431618637296,3.0804871219370367,8.0,FABIO GRIMMLER FERREIRA,0.0,0.0,0.0,0.0,0.07133485294935231,0.713348529493523,1.0
2020,87912,PELOTAS,210001240887,PAULO RENATO BARBOSA,RENATO DO CAVALINHO,PATRIOTA,MASCULINO,BRANCA,ENSINO FUNDAMENTAL COMPLETO,OUTROS,NÃO ELEITO,0,Direita,Direita,400.0,0.0,0.0,0.0,0.0,0.0,0.0,0.0,400.0,0.0,0.0,1.2938901679256802,517.5560671702721,0.6017498188429086,517.5560671702721,0.0,0.0,0.0,0.0,0.0,0.0,0.0,0.0,0.0,0.0,0.0,0.0,0.0,0.0,1.2938901679256802,0.0,0.0,0.0,0.0,0.0,0.0,0.0,0.0,0,0.0,0.0,0.0,,,,,,,,,PARTIDO:PATRIOTA,0.0,0.0,,1,4091.0,76.0,4167.0,1.0,155371.0,0.02681967677365789,0.0,0.0,0.26819676773657886,0.0,2.3693268837627732,25.0,PAULO RENATO BARBOSA,1.0,0.0,0.0,0.0,0.003391338188691833,0.03391338188691832,1.0
2020,87912,PELOTAS,210001181739,RAFAEL REINA ABIB,RAFAEL ABIB,PT,MASCULINO,BRANCA,SUPERIOR COMPLETO,EMPRESÁRIO,NÃO ELEITO,0,Esquerda,Esquerda,0.0,0.0,0.0,600.0,0.0,0.0,0.0,0.0,600.0,600.0,1.0,1.2938901679256802,776.3341007554081,0.828902955658335,0.0,0.0,0.0,776.3341007554081,0.0,0.0,0.0,0.0,0.0,0.0,0.0,0.0,0.0,0.0,0.0,1.2938901679256802,0.0,0.0,0.0,0.0,0.0,0.0,0.0,0.0,0,0.0,0.0,0.0,,,,,,,,,PARTIDO:PT,0.0,0.0,,1,9912.0,1295.0,11207.0,1.0,155371.0,0.07213057777834989,0.0,0.0,0.7213057777834988,0.0,3.60963678113278,24.0,RAFAEL REINA ABIB,0.0,0.0,0.0,0.0,0.09040974036804358,0.9040974036804358,1.0
2020,87912,PELOTAS,210000680590,RUDINEI BARBOSA SERPA,RUDINEI BARBOSA,PSB,MASCULINO,BRANCA,ENSINO FUNDAMENTAL INCOMPLETO,OUTROS,NÃO ELEITO,0,Esquerda,Centro,0.0,0.0,0.0,256.8,0.0,0.0,0.0,0.0,256.8,256.8,1.0,1.2938901679256802,332.2709951233147,0.4138875685617287,0.0,0.0,0.0,332.2709951233147,0.0,0.0,0.0,0.0,0.0,0.0,0.0,0.0,0.0,0.0,0.0,1.2938901679256802,0.0,0.0,0.0,0.0,0.0,0.0,0.0,0.0,0,0.0,0.0,0.0,,,,,,,,,PARTIDO:PSB,0.0,0.0,,1,11578.0,584.0,12162.0,1.0,155371.0,0.07827715596861705,0.0,0.0,0.7827715596861704,0.0,3.718306821867008,26.0,RUDINEI BARBOSA SERPA,1.0,0.0,208.0,7.7073591320808825,0.11976983376883304,1.1976983376883303,1.0
2020,87912,PELOTAS,210001258342,MARCOS RAFAEL BERGMANN DA COSTA,RAFAEL BERGMANN,PL,MASCULINO,BRANCA,ENSINO MÉDIO COMPLETO,MOTORISTA DE VEÍCULOS DE TRANSPORTE DE CARGA,NÃO ELEITO,0,Direita,Direita,560.0,0.0,391.0,1102.0,0.0,0.0,0.0,0.0,2053.0,1493.0,0.7272284461763273,1.2938901679256802,2656.3565147514214,1.87040674790897,724.5784940383809,0.0,505.911055658941,1425.8669650540996,0.0,0.0,0.0,0.0,1222.0,100.0,100.0,0.0,0.0,7.0,1122.0,1.2938901679256802,1581.1337852051813,129.389016792568,1451.7447684126132,129.389016792568,0.0,0.0,0.0818330605564648,0.8183306055646481,1,1.3680049210715175,1.2938087993749303,0.1755425064194949,,,,,,,,,PARTIDO:PL,0.0,0.0,,1,4265.0,119.0,4384.0,1.0,155371.0,0.028216333807467287,0.0,0.0,0.28216333807467286,0.0,2.42867840994823,18.0,MARCOS RAFAEL BERGMANN DA COSTA,0.0,0.0,0.0,0.0,0.015160949574692833,0.15160949574692834,1.0
2020,87912,PELOTAS,210001258341,JOÃO CARLOS ROSENTHAL PEREIRA,JOÃO CARLOS ROSENTHAL,PL,MASCULINO,BRANCA,ENSINO MÉDIO COMPLETO,EMPRESÁRIO,NÃO ELEITO,0,Direita,Direita,0.0,0.0,391.0,510.0,0.0,0.0,0.0,0.0,901.0,901.0,1.0,1.2938901679256802,1165.7950413010378,1.1148967208365923,0.0,0.0,505.911055658941,659.883985642097,0.0,0.0,0.0,0.0,510.0,0.0,0.0,0.0,0.0,3.0,510.0,1.2938901679256802,659.883985642097,0.0,659.883985642097,0.0,0.0,0.0,0.0,0.0,0,0.7310824107361765,0.7310824107361765,0.0,,,,,,,,,PARTIDO:PL,0.0,0.0,,1,4265.0,119.0,4384.0,1.0,155371.0,0.028216333807467287,0.0,0.0,0.28216333807467286,0.0,2.42867840994823,18.0,JOAO CARLOS ROSENTHAL PEREIRA,0.0,0.0,0.0,0.0,0.015160949574692833,0.15160949574692834,1.0
2020,87912,PELOTAS,210000863530,JORGE FRANCISCO MORAES LEITE,MONITOR JORGINHO,PSOL,MASCULINO,BRANCA,SUPERIOR INCOMPLETO,SERVIDOR PÚBLICO MUNICIPAL,SUPLENTE,0,Esquerda,Esquerda,52.0,41.15,0.0,3648.37,0.0,0.0,0.0,0.0,3741.52,3648.37,0.975103701169578,1.2938901679256802,4841.115941097291,2.546244021311812,67.28228873213537,53.24358041014174,0.0,4720.590071955014,0.0,0.0,0.0,0.0,3727.11,1333.88,731.52,602.3600000000001,200.0,35.0,2393.23,1.2938901679256802,4822.470983777483,1725.8942171927065,3096.576766584776,946.5065356409935,779.387681551713,258.77803358513603,0.35788586867573,3.5788586867573,1,2.541631544798591,2.0344188500333056,1.4467295770761228,PSOL,-1,#NULO#,#NULO#,210000094655,PARTIDO ISOLADO,PSOL,PARTIDO ISOLADO,PARTIDO:PSOL,14.0,14.0,3.0,0,11850.0,554.0,12404.0,1.0,155371.0,0.07983471819065334,9.010690540705794e-05,0.001128668171557562,0.7983471819065333,3.9068905956085187,3.744591686542384,19.0,JORGE FRANCISCO MORAES LEITE,0.0,0.0,0.0,0.0,0.05199866570300773,0.5199866570300773,1.0
2020,87912,PELOTAS,210000863531,CLAUDIO ROGÉRIO LOPES,INSTRUTOR E TAXISTA CLAUDINHO,PSOL,MASCULINO,BRANCA,ENSINO MÉDIO INCOMPLETO,TAXISTA,SUPLENTE,0,Esquerda,Esquerda,0.0,0.0,0.0,3648.37,0.0,0.0,0.0,0.0,3648.37,3648.37,1.0,1.2938901679256802,4720.590071955014,2.516163966929677,0.0,0.0,0.0,4720.590071955014,0.0,0.0,0.0,0.0,1149.49,50.14,50.14,0.0,100.0,9.0,1099.35,1.2938901679256802,1487.3138091288902,64.8756530197936,1422.4381561090966,64.8756530197936,0.0,129.389016792568,0.0436193442309198,0.436193442309198,1,1.3145885350231332,1.2764598346749878,0.0906849748216567,PSOL,-1,#NULO#,#NULO#,210000094655,PARTIDO ISOLADO,PSOL,PARTIDO ISOLADO,PARTIDO:PSOL,110.0,110.0,3.0,0,11850.0,554.0,12404.0,1.0,155371.0,0.07983471819065334,0.0007079828281983125,0.008868107062237987,0.7983471819065333,6.794415866350106,3.744591686542384,13.0,CLAUDIO ROGERIO LOPES,1.0,0.0,92.0,6.539158811108031,0.05199866570300773,0.5199866570300773,1.0
2020,87912,PELOTAS,210000863523,FABRICIO SANCHES MEDEIROS,FABRICIO SANCHES,PSOL,MASCULINO,BRANCA,SUPERIOR COMPLETO,"ESTUDANTE, BOLSISTA, ESTAGIÁRIO E ASSEMELHADOS",SUPLENTE,0,Esquerda,Esquerda,923.0,0.0,0.0,6026.48,0.0,175.0,0.0,0.0,7124.48,6026.48,0.8458834890406036,1.2938901679256802,9218.29462358315,3.3530825334920182,1194.2606249954028,0.0,0.0,7797.603219200753,0.0,226.43077938699403,0.0,0.0,6847.98,285.0,285.0,0.0,320.0,42.0,6562.98,1.2938901679256802,8860.533992151699,368.7586978588189,8491.77529429288,368.7586978588189,0.0,414.0448537362177,0.0416181122024305,0.416181122024305,1,3.301665777127404,3.2466779469660594,0.4528681324346619,PSOL,-1,#NULO#,#NULO#,210000094655,PARTIDO ISOLADO,PSOL,PARTIDO ISOLADO,PARTIDO:PSOL,431.0,431.0,3.0,0,11850.0,554.0,12404.0,1.0,155371.0,0.07983471819065334,0.0027740054450315697,0.03474685585295066,0.7983471819065333,8.754887502163468,3.744591686542384,4.0,FABRICIO SANCHES MEDEIROS,0.0,0.0,0.0,0.0,0.05199866570300773,0.5199866570300773,1.0
2020,87912,PELOTAS,210001240299,JORGE VINICIUS DE PAULA BARBOZA,VINÍCIUS BARBOZA,AVANTE,MASCULINO,BRANCA,SUPERIOR COMPLETO,PROFESSOR E INSTRUTOR DE FORMAÇÃO PROFISSIONAL,NÃO ELEITO,0,Centro,Centro,0.0,0.0,0.0,0.0,0.0,0.0,0.0,0.0,0.0,0.0,,1.2938901679256802,0.0,0.0,0.0,0.0,0.0,0.0,0.0,0.0,0.0,0.0,0.0,0.0,0.0,0.0,0.0,0.0,0.0,1.2938901679256802,0.0,0.0,0.0,0.0,0.0,0.0,0.0,0.0,0,0.0,0.0,0.0,AVANTE,-1,#NULO#,#NULO#,210000153455,PARTIDO ISOLADO,AVANTE,PARTIDO ISOLADO,PARTIDO:AVANTE,19.0,19.0,3.0,0,1892.0,34.0,1926.0,1.0,155371.0,0.012396135700999542,0.0001222879430524358,0.009865005192107996,0.12396135700999542,4.321928094887363,1.5489297694764,10.0,JORGE VINICIUS DE PAULA BARBOZA,0.0,0.0,0.0,0.0,0.010735531216990049,0.10735531216990048,1.0
2020,87912,PELOTAS,210001240296,AIRTON DUARTE LEAL,AIRTON LEAL,AVANTE,MASCULINO,BRANCA,SUPERIOR INCOMPLETO,OUTROS,NÃO ELEITO,0,Centro,Centro,0.0,0.0,0.0,0.0,0.0,0.0,0.0,0.0,0.0,0.0,,1.2938901679256802,0.0,0.0,0.0,0.0,0.0,0.0,0.0,0.0,0.0,0.0,0.0,0.0,0.0,0.0,0.0,0.0,0.0,1.2938901679256802,0.0,0.0,0.0,0.0,0.0,0.0,0.0,0.0,0,0.0,0.0,0.0,AVANTE,-1,#NULO#,#NULO#,210000153455,PARTIDO ISOLADO,AVANTE,PARTIDO ISOLADO,PARTIDO:AVANTE,26.0,26.0,3.0,0,1892.0,34.0,1926.0,1.0,155371.0,0.012396135700999542,0.00016734139575596475,0.013499480789200415,0.12396135700999542,4.754887502163468,1.5489297694764,9.0,AIRTON DUARTE LEAL,0.0,0.0,0.0,0.0,0.010735531216990049,0.10735531216990048,1.0
2020,87912,PELOTAS,210000838231,PAULO ROGÉRIO MELLO NOGUEIRA,PAULO ROGÉRIO MELLO NOGUEIRA,PATRIOTA,MASCULINO,PRETA,ENSINO MÉDIO COMPLETO,MONTADOR DE MÁQUINAS,NÃO ELEITO,0,Direita,Direita,250.0,30.0,0.0,0.0,0.0,0.0,0.0,0.0,280.0,0.0,0.0,1.2938901679256802,362.2892470191904,0.4460330549917583,323.4725419814201,38.8167050377704,0.0,0.0,0.0,0.0,0.0,0.0,30.0,0.0,0.0,0.0,0.0,1.0,30.0,1.2938901679256802,38.8167050377704,0.0,38.8167050377704,0.0,0.0,0.0,0.0,0.0,0,0.0549411190532666,0.0549411190532666,0.0,PATRIOTA,-1,#NULO#,#NULO#,210000089031,PARTIDO ISOLADO,PATRIOTA,PARTIDO ISOLADO,PARTIDO:PATRIOTA,67.0,67.0,3.0,0,4091.0,76.0,4167.0,1.0,155371.0,0.02681967677365789,0.000431225904448063,0.016078713702903768,0.26819676773657886,6.087462841250339,2.3693268837627732,15.0,PAULO ROGERIO MELLO NOGUEIRA,0.0,0.0,0.0,0.0,0.003391338188691833,0.03391338188691832,1.0
2020,87912,PELOTAS,210000838236,HERBERT SELL ZEHETMEIYER,HERBERT ZEHETMEIYER,PATRIOTA,MASCULINO,BRANCA,ENSINO FUNDAMENTAL INCOMPLETO,EMPRESÁRIO,NÃO ELEITO,0,Direita,Direita,400.0,250.0,0.0,0.0,0.0,0.0,0.0,0.0,650.0,0.0,0.0,1.2938901679256802,841.0286091516922,0.8805120460037198,517.5560671702721,323.4725419814201,0.0,0.0,0.0,0.0,0.0,0.0,245.0,0.0,0.0,0.0,0.0,2.0,245.0,1.2938901679256802,317.0030911417917,0.0,317.0030911417917,0.0,0.0,0.0,0.0,0.0,0,0.3972587317521341,0.3972587317521341,0.0,PATRIOTA,-1,#NULO#,#NULO#,210000089031,PARTIDO ISOLADO,PATRIOTA,PARTIDO ISOLADO,PARTIDO:PATRIOTA,195.0,195.0,3.0,0,4091.0,76.0,4167.0,1.0,155371.0,0.02681967677365789,0.0012550604681697357,0.04679625629949604,0.26819676773657886,7.614709844115208,2.3693268837627732,7.0,HERBERT SELL ZEHETMEIYER,0.0,0.0,0.0,0.0,0.003391338188691833,0.03391338188691832,1.0
2020,87912,PELOTAS,210001239213,ORAIDA COLVARA DE OLIVEIRA,ORAIDA COLVARA,PDT,FEMININO,BRANCA,SUPERIOR COMPLETO,TÉCNICO DE ENFERMAGEM E ASSEMELHADOS (EXCETO ENFERMEIRO),SUPLENTE,0,Esquerda,Centro,300.0,1960.0,0.0,2000.0,480.0,0.0,0.0,0.0,4740.0,2000.0,0.4219409282700422,1.2938901679256802,6133.039395967724,2.834516941626705,388.1670503777041,2536.024729134333,0.0,2587.7803358513606,621.0672806043265,0.0,0.0,0.0,4060.0,0.0,0.0,0.0,0.0,17.0,4060.0,1.2938901679256802,5253.1940817782615,0.0,5253.1940817782615,0.0,0.0,0.0,0.0,0.0,0,2.644593295191436,2.644593295191436,0.0,PDT,-1,#NULO#,#NULO#,210000153308,PARTIDO ISOLADO,PDT,PARTIDO ISOLADO,PARTIDO:PDT,188.0,188.0,3.0,0,10446.0,538.0,10984.0,1.0,155371.0,0.07069530349936604,0.0012100070154662068,0.01711580480699199,0.7069530349936604,7.562242424221073,3.583037623796664,9.0,ORAIDA COLVARA DE OLIVEIRA,0.0,0.0,0.0,0.0,0.13439150497581587,1.3439150497581587,1.0
2020,87912,PELOTAS,210001239204,ICARO SOARES SCHULTZE,ICARO SCHULTZE,PDT,MASCULINO,BRANCA,SUPERIOR COMPLETO,EMPRESÁRIO,SUPLENTE,0,Esquerda,Centro,3280.0,665.0,0.0,240.0,0.0,0.0,0.0,0.0,4185.0,240.0,0.057347670250896,1.2938901679256802,5414.930352768972,2.68143360198522,4243.959750796231,860.4369616705774,0.0,310.53364030216323,0.0,0.0,0.0,0.0,3945.0,0.0,0.0,0.0,0.0,9.0,3945.0,1.2938901679256802,5104.396712466809,0.0,5104.396712466809,0.0,0.0,0.0,0.0,0.0,0,2.609848723068686,2.609848723068686,0.0,PDT,-1,#NULO#,#NULO#,210000153308,PARTIDO ISOLADO,PDT,PARTIDO ISOLADO,PARTIDO:PDT,445.0,445.0,3.0,0,10446.0,538.0,10984.0,1.0,155371.0,0.07069530349936604,0.0028641123504386276,0.04051347414420976,0.7069530349936604,8.800899899920305,3.583037623796664,6.0,ICARO SOARES SCHULTZE,0.0,0.0,0.0,0.0,0.13439150497581587,1.3439150497581587,1.0
2020,87912,PELOTAS,210001239215,LAIRA DOS SANTOS CORRÊA,LAIRA CORRÊA,PDT,FEMININO,BRANCA,SUPERIOR COMPLETO,QUÍMICO,SUPLENTE,0,Esquerda,Centro,400.0,0.0,0.0,2000.0,240.0,0.0,0.0,0.0,2640.0,2000.0,0.7575757575757576,1.2938901679256802,3415.870043323796,2.142697715003062,517.5560671702721,0.0,0.0,2587.7803358513606,310.53364030216323,0.0,0.0,0.0,2013.75,0.0,0.0,0.0,0.0,14.0,2013.75,1.2938901679256802,2605.5713256603385,0.0,2605.5713256603385,0.0,0.0,0.0,0.0,0.0,0,1.850227881765608,1.850227881765608,0.0,PDT,-1,#NULO#,#NULO#,210000153308,PARTIDO ISOLADO,PDT,PARTIDO ISOLADO,PARTIDO:PDT,29.0,29.0,3.0,0,10446.0,538.0,10984.0,1.0,155371.0,0.07069530349936604,0.00018665001834319145,0.002640203932993445,0.7069530349936604,4.906890595608519,3.583037623796664,23.0,LAIRA DOS SANTOS CORREA,0.0,0.0,0.0,0.0,0.13439150497581587,1.3439150497581587,1.0
2020,87912,PELOTAS,210001238694,PAULO RICARDO GERALDO NOGUEIRA,PAULO NOGUEIRA,PP,MASCULINO,BRANCA,SUPERIOR COMPLETO,SERVIDOR PÚBLICO MUNICIPAL,SUPLENTE,0,Direita,Direita,800.0,400.0,0.0,2568.0,0.0,0.0,0.0,0.0,3768.0,2568.0,0.6815286624203821,1.2938901679256802,4875.378152743963,2.554681709810629,1035.112134340544,517.5560671702721,0.0,3322.709951233147,0.0,0.0,0.0,0.0,2355.85,0.0,0.0,0.0,0.0,6.0,2355.85,1.2938901679256802,3048.2111521077136,0.0,3048.2111521077136,0.0,0.0,0.0,0.0,0.0,0,2.017284542046534,2.017284542046534,0.0,PP,-1,#NULO#,#NULO#,210000153244,PARTIDO ISOLADO,PP,PARTIDO ISOLADO,PARTIDO:PP,157.0,157.0,3.0,0,15354.0,1046.0,16400.0,1.0,155371.0,0.1055538034768393,0.001010484582064864,0.009573170731707317,1.055538034768393,7.303780748177103,4.121015400961366,16.0,PAULO RICARDO GERALDO NOGUEIRA,0.0,0.0,0.0,0.0,0.03876688719630844,0.3876688719630844,1.0
2020,87912,PELOTAS,210001238686,MICHEL FERREIRA ESCALANTE,MICHEL PROMOVE,PP,MASCULINO,PRETA,ENSINO MÉDIO COMPLETO,EMPRESÁRIO,ELEITO POR QP,1,Direita,Direita,8010.0,400.0,0.0,14168.0,0.0,0.0,0.0,0.0,22578.0,14168.0,0.6275135087253079,1.2938901679256802,29213.452211426007,4.917119131775342,10364.060245084698,517.5560671702721,0.0,18331.83589917104,0.0,0.0,0.0,0.0,20910.0,14740.99,6064.99,8676.0,0.0,20.0,6169.01,1.2938901679256802,27055.243411325973,19073.222026490774,7982.0213848352,7847.430929567571,11225.791096923202,0.0,0.7049732185557149,7.049732185557149,1,4.810198524779279,3.16704015696039,4.3272003024475785,PP,-1,#NULO#,#NULO#,210000153244,PARTIDO ISOLADO,PP,PARTIDO ISOLADO,PARTIDO:PP,2626.0,2626.0,3.0,0,15354.0,1046.0,16400.0,1.0,155371.0,0.1055538034768393,0.01690148097135244,0.1601219512195122,1.055538034768393,11.359200485133632,4.121015400961366,2.0,MICHEL FERREIRA ESCALANTE,0.0,0.0,0.0,0.0,0.03876688719630844,0.3876688719630844,1.0
2020,87912,PELOTAS,210001238682,BRUNO DOS SANTOS SCHWANTZ,BRUNÃO,PP,MASCULINO,PARDA,ENSINO MÉDIO COMPLETO,AGRICULTOR,SUPLENTE,0,Direita,Direita,5000.0,0.0,0.0,7000.0,0.0,0.0,0.0,0.0,12000.0,7000.0,0.5833333333333334,1.2938901679256802,15526.682015108165,4.046725205432117,6469.450839628401,0.0,0.0,9057.23117547976,0.0,0.0,0.0,0.0,12000.0,36.9,36.9,0.0,0.0,10.0,11963.1,1.2938901679256802,15526.682015108165,47.7445471964576,15478.937467911706,47.7445471964576,0.0,0.0,0.003075,0.03075,1,4.046725205432117,4.042551318039979,0.067287013233648,PP,-1,#NULO#,#NULO#,210000153244,PARTIDO ISOLADO,PP,PARTIDO ISOLADO,PARTIDO:PP,500.0,500.0,3.0,0,15354.0,1046.0,16400.0,1.0,155371.0,0.1055538034768393,0.0032181037645377837,0.03048780487804878,1.055538034768393,8.968666793195208,4.121015400961366,8.0,BRUNO DOS SANTOS SCHWANTZ,0.0,0.0,0.0,0.0,0.03876688719630844,0.3876688719630844,1.0
2020,87912,PELOTAS,210001238696,FABRICIO CKLESS TAVARES DA SILVA,FABRICIO TAVARES,PP,MASCULINO,BRANCA,SUPERIOR COMPLETO,ADVOGADO,SUPLENTE,0,Direita,Direita,27116.6,1000.0,0.0,15000.0,0.0,0.0,0.0,0.0,43116.6,15000.0,0.3478938506282963,1.2938901679256802,55788.14481438438,5.827517876683501,35085.9021275735,1293.8901679256803,0.0,19408.352518885204,0.0,0.0,0.0,0.0,36516.6,9200.0,9200.0,0.0,7450.0,48.0,27316.6,1.2938901679256802,47248.469706074895,11903.78954491626,35344.680161158634,11903.78954491626,0.0,9639.481751046318,0.2519402134919461,2.519402134919461,1,5.592411280118485,5.183672304512769,3.689722908969253,PP,-1,#NULO#,#NULO#,210000153244,PARTIDO ISOLADO,PP,PARTIDO ISOLADO,PARTIDO:PP,929.0,929.0,3.0,0,15354.0,1046.0,16400.0,1.0,155371.0,0.1055538034768393,0.005979236794511202,0.056646341463414636,1.055538034768393,9.861086905995395,4.121015400961366,5.0,FABRICIO CKLESS TAVARES DA SILVA,1.0,1.0,2576.0,11.331476821859619,0.03876688719630844,0.3876688719630844,1.0
2020,87912,PELOTAS,210000936181,SAMIRA MARQUES DA SILVEIRA,SAMIRA SILVEIRA,PSD,FEMININO,BRANCA,SUPERIOR COMPLETO,OUTROS,SUPLENTE,0,Direita,Direita,1215.0,110.4,960.6,0.0,0.0,0.0,0.0,0.0,2286.0,960.6,0.4202099737532808,1.2938901679256802,2957.832923878105,1.984710711683032,1572.0765540297016,142.8454745389951,1242.9108953094085,0.0,0.0,0.0,0.0,0.0,300.79999999999995,0.0,0.0,0.0,0.0,9.0,300.79999999999995,1.2938901679256802,389.2021625120445,0.0,389.2021625120445,0.0,0.0,0.0,0.0,0.0,0,0.4742565616165282,0.4742565616165282,0.0,PSD,-1,#NULO#,#NULO#,210000107998,PARTIDO ISOLADO,PSD,PARTIDO ISOLADO,PARTIDO:PSD,118.0,118.0,3.0,0,12519.0,194.0,12713.0,1.0,155371.0,0.0818235063171377,0.000759472488430917,0.0092818374891843,0.818235063171377,6.894817763307944,3.777472319663104,23.0,SAMIRA MARQUES DA SILVEIRA,0.0,0.0,0.0,0.0,0.03200644910212932,0.32006449102129314,1.0
2020,87912,PELOTAS,210000936171,ELTON LUIS MIRITZ HAMMES,ELTON AMBULANTE,PSD,MASCULINO,BRANCA,ENSINO MÉDIO COMPLETO,"VENDEDOR PRACISTA, REPRESENTANTE, CAIXEIRO-VIAJANTE E ASSEMELHADOS",SUPLENTE,0,Direita,Direita,2070.0,410.0,867.0,0.0,0.0,0.0,0.0,0.0,3347.0,867.0,0.2590379444278458,1.2938901679256802,4330.650392047251,2.4143115667812385,2678.352647606158,530.4949688495288,1121.8027755915648,0.0,0.0,0.0,0.0,0.0,928.7,359.7,359.7,0.0,0.0,9.0,569.0,1.2938901679256802,1201.6357989525793,465.4122934028672,736.2235055497121,465.4122934028672,0.0,0.0,0.3873156024550446,3.8731560245504464,1,1.1385758337970249,0.795952679114555,0.5513066236676731,PSD,-1,#NULO#,#NULO#,210000107998,PARTIDO ISOLADO,PSD,PARTIDO ISOLADO,PARTIDO:PSD,275.0,275.0,3.0,0,12519.0,194.0,12713.0,1.0,155371.0,0.0818235063171377,0.001769957070495781,0.02163140092818375,0.818235063171377,8.108524456778168,3.777472319663104,14.0,ELTON LUIS MIRITZ HAMMES,0.0,0.0,0.0,0.0,0.03200644910212932,0.32006449102129314,1.0
2020,87912,PELOTAS,210000948558,HULLIFAS LOPES NOGUEIRA,HULLIFAS NOGUEIRA,PC do B,MASCULINO,PRETA,SUPERIOR INCOMPLETO,"ESTUDANTE, BOLSISTA, ESTAGIÁRIO E ASSEMELHADOS",NÃO ELEITO,0,Esquerda,Esquerda,400.0,0.0,0.0,0.0,0.0,500.0,0.0,0.0,900.0,0.0,0.0,1.2938901679256802,1164.5011511331122,1.1140345678099537,517.5560671702721,0.0,0.0,0.0,0.0,646.9450839628402,0.0,0.0,599.15,558.0,518.0,40.0,0.0,3.0,41.14999999999998,1.2938901679256802,775.2342941126713,721.9907137025295,53.24358041014171,670.2351069855024,51.755606717027206,0.0,0.931319369106234,9.313193691062338,1,0.8280094430105573,0.0748391226044845,0.7840773626352022,PC do B,-1,#NULO#,#NULO#,210000109793,PARTIDO ISOLADO,PC do B,PARTIDO ISOLADO,PARTIDO:PC do B,135.0,135.0,3.0,0,733.0,36.0,769.0,1.0,155371.0,0.004949443589859112,0.0008688880164252016,0.1755526657997399,0.049494435898591115,7.087462841250339,0.8229340480283714,1.0,HULLIFAS LOPES NOGUEIRA,0.0,0.0,0.0,0.0,0.015099794295880358,0.15099794295880356,1.0
2020,87912,PELOTAS,210000948559,SIMONE MORALES GOULART,SIMONE GOULART,PC do B,FEMININO,BRANCA,SUPERIOR COMPLETO,"ESTUDANTE, BOLSISTA, ESTAGIÁRIO E ASSEMELHADOS",NÃO ELEITO,0,Esquerda,Esquerda,600.0,730.0,0.0,0.0,0.0,0.0,0.0,0.0,1330.0,0.0,0.0,1.2938901679256802,1720.8739233411548,1.4440701082287053,776.3341007554081,944.5398225857466,0.0,0.0,0.0,0.0,0.0,0.0,728.0,0.0,0.0,0.0,0.0,1.0,728.0,1.2938901679256802,941.9520422498952,0.0,941.9520422498952,0.0,0.0,0.0,0.0,0.0,0,0.957507572918502,0.957507572918502,0.0,PC do B,-1,#NULO#,#NULO#,210000109793,PARTIDO ISOLADO,PC do B,PARTIDO ISOLADO,PARTIDO:PC do B,98.0,98.0,3.0,0,733.0,36.0,769.0,1.0,155371.0,0.004949443589859112,0.0006307483378494057,0.12743823146944083,0.049494435898591115,6.6293566200796095,0.8229340480283714,3.0,SIMONE MORALES GOULART,0.0,0.0,0.0,0.0,0.015099794295880358,0.15099794295880356,1.0
2020,87912,PELOTAS,210000948563,EDGAR FERNANDO LIMA DE QUADROS,EDGAR QUADROS,PC do B,MASCULINO,PRETA,SUPERIOR INCOMPLETO,TRABALHADOR DE CONSTRUÇÃO CIVIL,NÃO ELEITO,0,Esquerda,Esquerda,300.0,0.0,0.0,0.0,0.0,0.0,0.0,0.0,300.0,0.0,0.0,1.2938901679256802,388.1670503777041,0.4731811905746159,388.1670503777041,0.0,0.0,0.0,0.0,0.0,0.0,0.0,0.0,0.0,0.0,0.0,0.0,0.0,0.0,1.2938901679256802,0.0,0.0,0.0,0.0,0.0,0.0,0.0,0.0,0,0.0,0.0,0.0,PC do B,-1,#NULO#,#NULO#,210000109793,PARTIDO ISOLADO,PC do B,PARTIDO ISOLADO,PARTIDO:PC do B,34.0,34.0,3.0,0,733.0,36.0,769.0,1.0,155371.0,0.004949443589859112,0.00021883105598856928,0.044213263979193757,0.049494435898591115,5.129283016944966,0.8229340480283714,8.0,EDGAR FERNANDO LIMA DE QUADROS,0.0,0.0,0.0,0.0,0.015099794295880358,0.15099794295880356,1.0
2020,87912,PELOTAS,210000724749,CARLOS ALBERTO MARINI,MARINI,REPUBLICANOS,MASCULINO,BRANCA,SUPERIOR INCOMPLETO,APOSENTADO (EXCETO SERVIDOR PÚBLICO),NÃO ELEITO,0,Direita,Direita,0.0,0.0,0.0,880.8,0.0,0.0,0.0,0.0,880.8,880.8,1.0,1.2938901679256802,1139.658459908939,1.0973805267573191,0.0,0.0,0.0,1139.658459908939,0.0,0.0,0.0,0.0,0.0,0.0,0.0,0.0,0.0,0.0,0.0,1.2938901679256802,0.0,0.0,0.0,0.0,0.0,0.0,0.0,0.0,0,0.0,0.0,0.0,REPUBLICANOS,-1,#NULO#,#NULO#,210000067601,PARTIDO ISOLADO,REPUBLICANOS,PARTIDO ISOLADO,PARTIDO:REPUBLICANOS,238.0,238.0,3.0,0,4370.0,93.0,4463.0,1.0,155371.0,0.02872479420226426,0.0015318173919199852,0.0533273582791844,0.2872479420226426,7.900866807980749,2.4496934230359075,4.0,CARLOS ALBERTO MARINI,1.0,0.0,383.0,8.584962500721156,0.04050703285706343,0.4050703285706343,1.0
2020,87912,PELOTAS,210000724743,RUBENS GILBERTO MARTINS SANTOS,RUBENS JAMAICA,REPUBLICANOS,MASCULINO,PRETA,ENSINO FUNDAMENTAL COMPLETO,OUTROS,NÃO ELEITO,0,Direita,Direita,0.0,0.0,0.0,2243.6,0.0,0.0,0.0,0.0,2243.6,2243.6,1.0,1.2938901679256802,2902.971980758056,1.9645731057780176,0.0,0.0,0.0,2902.971980758056,0.0,0.0,0.0,0.0,0.0,0.0,0.0,0.0,0.0,0.0,0.0,1.2938901679256802,0.0,0.0,0.0,0.0,0.0,0.0,0.0,0.0,0,0.0,0.0,0.0,REPUBLICANOS,-1,#NULO#,#NULO#,210000067601,PARTIDO ISOLADO,REPUBLICANOS,PARTIDO ISOLADO,PARTIDO:REPUBLICANOS,59.0,59.0,3.0,0,4370.0,93.0,4463.0,1.0,155371.0,0.02872479420226426,0.0003797362442154585,0.013219807304503697,0.2872479420226426,5.906890595608519,2.4496934230359075,10.0,RUBENS GILBERTO MARTINS SANTOS,0.0,0.0,0.0,0.0,0.04050703285706343,0.4050703285706343,1.0
2020,87912,PELOTAS,210000680573,DONARIO SOUZA DA COSTA,DONARIO SOUZA,PSB,MASCULINO,PARDA,ENSINO FUNDAMENTAL INCOMPLETO,MOTORISTA PARTICULAR,SUPLENTE,0,Esquerda,Centro,19925.0,0.0,0.0,1756.8,0.0,0.0,0.0,0.0,21681.8,1756.8,0.0810264830410759,1.2938901679256802,28053.867842931013,4.8606583324024655,25780.76159591918,0.0,0.0,2273.106247011835,0.0,0.0,0.0,0.0,17550.0,1550.0,1550.0,0.0,0.0,14.0,16000.0,1.2938901679256802,22707.77244709569,2005.5297602848043,20702.242686810885,2005.5297602848043,0.0,0.0,0.0883190883190883,0.8831908831908831,1,4.567288210237848,4.439772231840864,1.5876193054705223,PSB,-1,#NULO#,#NULO#,210000061620,PARTIDO ISOLADO,PSB,PARTIDO ISOLADO,PARTIDO:PSB,1151.0,1151.0,3.0,0,11578.0,584.0,12162.0,1.0,155371.0,0.07827715596861705,0.007408074865965978,0.09463903963163953,0.7827715596861704,10.169925001442312,3.718306821867008,4.0,DONARIO SOUZA DA COSTA,1.0,0.0,1010.0,9.981567281903015,0.11976983376883304,1.1976983376883303,1.0
2020,87912,PELOTAS,210000680578,LEONARDO COSTA DE ALVES,LEO ALVES,PSB,MASCULINO,PARDA,SUPERIOR COMPLETO,SERVIDOR PÚBLICO ESTADUAL,SUPLENTE,0,Esquerda,Centro,300.0,0.0,0.0,1256.8,0.0,0.0,0.0,0.0,1556.8,1256.8,0.8072970195272353,1.2938901679256802,2014.328213426699,1.591836512524018,388.1670503777041,0.0,0.0,1626.161163048995,0.0,0.0,0.0,0.0,1000.0,0.0,0.0,0.0,600.0,6.0,1000.0,1.2938901679256802,1293.8901679256803,0.0,1293.8901679256803,0.0,0.0,776.3341007554081,0.0,0.0,0,1.1977963163832472,1.1977963163832472,0.0,PSB,-1,#NULO#,#NULO#,210000061620,PARTIDO ISOLADO,PSB,PARTIDO ISOLADO,PARTIDO:PSB,247.0,247.0,3.0,0,11578.0,584.0,12162.0,1.0,155371.0,0.07827715596861705,0.001589743259681665,0.020309159677684593,0.7827715596861704,7.954196310386875,3.718306821867008,12.0,LEONARDO COSTA DE ALVES,0.0,0.0,0.0,0.0,0.11976983376883304,1.1976983376883303,1.0
2020,87912,PELOTAS,210001240287,SERGIO RENATO HAAG DA SILVA TAVARES,SERGINHO DO BOTECO,CIDADANIA,MASCULINO,BRANCA,ENSINO MÉDIO INCOMPLETO,EMPRESÁRIO,SUPLENTE,0,Centro,Centro,0.0,0.0,0.0,1150.0,0.0,0.0,0.0,0.0,1150.0,1150.0,1.0,1.2938901679256802,1487.9736931145324,1.3149712310417252,0.0,0.0,0.0,1487.9736931145324,0.0,0.0,0.0,0.0,0.0,0.0,0.0,0.0,0.0,0.0,0.0,1.2938901679256802,0.0,0.0,0.0,0.0,0.0,0.0,0.0,0.0,0,0.0,0.0,0.0,CIDADANIA,-1,#NULO#,#NULO#,210000153454,PARTIDO ISOLADO,CIDADANIA,PARTIDO ISOLADO,PARTIDO:CIDADANIA,164.0,164.0,3.0,0,6234.0,118.0,6352.0,1.0,155371.0,0.040882790224688006,0.001055538034768393,0.025818639798488665,0.40882790224688004,7.366322214245816,2.8781367666269477,10.0,SERGIO RENATO HAAG DA SILVA TAVARES,0.0,0.0,0.0,0.0,0.026774892978262077,0.26774892978262077,1.0
2020,87912,PELOTAS,210001240292,HELOISA HELENA OLIVEIRA CITRINI,HELOÍSA HELENA,CIDADANIA,FEMININO,BRANCA,SUPERIOR COMPLETO,ADMINISTRADOR,SUPLENTE,0,Centro,Centro,300.0,0.0,0.0,1150.0,0.0,0.0,0.0,0.0,1450.0,1150.0,0.7931034482758621,1.2938901679256802,1876.1407434922364,1.5241342755581904,388.1670503777041,0.0,0.0,1487.9736931145324,0.0,0.0,0.0,0.0,1150.0,0.0,0.0,0.0,200.0,6.0,1150.0,1.2938901679256802,1487.9736931145324,0.0,1487.9736931145324,0.0,0.0,258.77803358513603,0.0,0.0,0,1.3149712310417252,1.3149712310417252,0.0,CIDADANIA,-1,#NULO#,#NULO#,210000153454,PARTIDO ISOLADO,CIDADANIA,PARTIDO ISOLADO,PARTIDO:CIDADANIA,26.0,26.0,3.0,0,6234.0,118.0,6352.0,1.0,155371.0,0.040882790224688006,0.00016734139575596475,0.004093198992443325,0.40882790224688004,4.754887502163468,2.8781367666269477,18.0,HELOISA HELENA OLIVEIRA CITRINI,0.0,0.0,0.0,0.0,0.026774892978262077,0.26774892978262077,1.0
2020,87912,PELOTAS,210001240285,ROGERIO VIEIRA ALVES,ROGERIO ALVES,CIDADANIA,MASCULINO,BRANCA,ENSINO MÉDIO COMPLETO,LOCUTOR E COMENTARISTA DE RÁDIO E TELEVISÃO E RADIALISTA,SUPLENTE,0,Centro,Centro,300.0,0.0,0.0,1150.0,0.0,0.0,0.0,0.0,1450.0,1150.0,0.7931034482758621,1.2938901679256802,1876.1407434922364,1.5241342755581904,388.1670503777041,0.0,0.0,1487.9736931145324,0.0,0.0,0.0,0.0,0.0,0.0,0.0,0.0,0.0,0.0,0.0,1.2938901679256802,0.0,0.0,0.0,0.0,0.0,0.0,0.0,0.0,0,0.0,0.0,0.0,CIDADANIA,-1,#NULO#,#NULO#,210000153454,PARTIDO ISOLADO,CIDADANIA,PARTIDO ISOLADO,PARTIDO:CIDADANIA,27.0,27.0,3.0,0,6234.0,118.0,6352.0,1.0,155371.0,0.040882790224688006,0.00017377760328504032,0.004250629722921915,0.40882790224688004,4.807354922057604,2.8781367666269477,17.0,ROGERIO VIEIRA ALVES,0.0,0.0,0.0,0.0,0.026774892978262077,0.26774892978262077,1.0
2020,87912,PELOTAS,210001242940,ELTON DOS REIS DE ALMEIDA,ELTON PÁTRIA,PODE,MASCULINO,PARDA,SUPERIOR COMPLETO,OUTROS,NÃO ELEITO,0,Direita,Direita,0.0,0.0,0.0,0.0,0.0,0.0,0.0,0.0,0.0,0.0,,1.2938901679256802,0.0,0.0,0.0,0.0,0.0,0.0,0.0,0.0,0.0,0.0,0.0,0.0,0.0,0.0,0.0,0.0,0.0,1.2938901679256802,0.0,0.0,0.0,0.0,0.0,0.0,0.0,0.0,0,0.0,0.0,0.0,PODE,-1,#NULO#,#NULO#,210000153954,PARTIDO ISOLADO,PODE,PARTIDO ISOLADO,PARTIDO:PODE,5.0,5.0,3.0,0,2135.0,89.0,2224.0,1.0,155371.0,0.014314125544664063,3.218103764537784e-05,0.0022482014388489208,0.1431412554466406,2.584962500721156,1.6888517438658803,15.0,ELTON DOS REIS DE ALMEIDA,0.0,0.0,0.0,0.0,0.0046755990437538225,0.046755990437538225,1.0
2020,87912,PELOTAS,210001242954,CRISTIANO PINTO OLIVEIRA DA ROSA,CRISOBAMA,PODE,MASCULINO,PRETA,SUPERIOR COMPLETO,AUXILIAR DE ESCRITÓRIO E ASSEMELHADOS,NÃO ELEITO,0,Direita,Direita,0.0,620.0,0.0,0.0,0.0,0.0,0.0,0.0,620.0,0.0,0.0,1.2938901679256802,802.2119041139217,0.8497686532384233,0.0,802.2119041139217,0.0,0.0,0.0,0.0,0.0,0.0,620.0,480.0,480.0,0.0,0.0,5.0,140.0,1.2938901679256802,802.2119041139217,621.0672806043265,181.1446235095952,621.0672806043265,0.0,0.0,0.7741935483870968,7.741935483870967,1,0.8497686532384233,0.2401856242149963,0.6969439695598876,PODE,-1,#NULO#,#NULO#,210000153954,PARTIDO ISOLADO,PODE,PARTIDO ISOLADO,PARTIDO:PODE,30.0,30.0,3.0,0,2135.0,89.0,2224.0,1.0,155371.0,0.014314125544664063,0.00019308622587226702,0.013489208633093525,0.1431412554466406,4.954196310386875,1.6888517438658803,12.0,CRISTIANO PINTO OLIVEIRA DA ROSA,0.0,0.0,0.0,0.0,0.0046755990437538225,0.046755990437538225,1.0
2020,87912,PELOTAS,210001242944,CARLOS TARCISIO ILHA GONÇALVES,TARCISIO ILHA,PODE,MASCULINO,BRANCA,ENSINO FUNDAMENTAL INCOMPLETO,OUTROS,NÃO ELEITO,0,Direita,Direita,0.0,0.0,0.0,0.0,0.0,0.0,0.0,0.0,0.0,0.0,,1.2938901679256802,0.0,0.0,0.0,0.0,0.0,0.0,0.0,0.0,0.0,0.0,0.0,0.0,0.0,0.0,0.0,0.0,0.0,1.2938901679256802,0.0,0.0,0.0,0.0,0.0,0.0,0.0,0.0,0,0.0,0.0,0.0,PODE,-1,#NULO#,#NULO#,210000153954,PARTIDO ISOLADO,PODE,PARTIDO ISOLADO,PARTIDO:PODE,4.0,4.0,3.0,0,2135.0,89.0,2224.0,1.0,155371.0,0.014314125544664063,2.574483011630227e-05,0.0017985611510791368,0.1431412554466406,2.321928094887362,1.6888517438658803,17.0,CARLOS TARCISIO ILHA GONCALVES,0.0,0.0,0.0,0.0,0.0046755990437538225,0.046755990437538225,1.0
2020,87912,PELOTAS,210001239710,MAICON MADEIRA DA SILVA,MAICON MADEIRA,PSDB,MASCULINO,PRETA,SUPERIOR INCOMPLETO,OUTROS,SUPLENTE,0,Centro,Centro,30.0,0.0,0.0,10805.85,0.0,0.0,0.0,0.0,10835.85,10805.85,0.9972314123949668,1.2938901679256802,14020.399776117483,3.908851306364498,38.8167050377704,0.0,0.0,13981.583071079713,0.0,0.0,0.0,0.0,3330.0,0.0,0.0,0.0,0.0,13.0,3330.0,1.2938901679256802,4308.654259192515,0.0,4308.654259192515,0.0,0.0,0.0,0.0,0.0,0,2.408346185012057,2.408346185012057,0.0,PSDB,-1,#NULO#,#NULO#,210000153382,PARTIDO ISOLADO,PSDB,PARTIDO ISOLADO,PARTIDO:PSDB,361.0,361.0,3.0,0,21809.0,2904.0,24713.0,1.0,155371.0,0.1590579966660445,0.00232347091799628,0.014607696354145591,1.590579966660445,8.499845887083206,4.684426037716597,21.0,MAICON MADEIRA DA SILVA,0.0,0.0,0.0,0.0,0.1757936287318619,1.757936287318619,1.0
2020,87912,PELOTAS,210001239726,DALVA ROMILDA TOMASCHEWSKI GOMEZ,TIA DALVA,PSDB,FEMININO,BRANCA,SUPERIOR COMPLETO,APOSENTADO (EXCETO SERVIDOR PÚBLICO),SUPLENTE,0,Centro,Centro,0.0,1085.0,0.0,10041.0,0.0,0.0,0.0,0.0,11126.0,10041.0,0.9024806758943016,1.2938901679256802,14395.822008341118,3.944466992195261,0.0,1403.8708321993631,0.0,12991.951176141754,0.0,0.0,0.0,0.0,4385.0,0.0,0.0,0.0,800.0,7.0,4385.0,1.2938901679256802,5673.708386354108,0.0,5673.708386354108,0.0,0.0,1035.112134340544,0.0,0.0,0,2.738488648049706,2.738488648049706,0.0,PSDB,-1,#NULO#,#NULO#,210000153382,PARTIDO ISOLADO,PSDB,PARTIDO ISOLADO,PARTIDO:PSDB,323.0,323.0,3.0,0,21809.0,2904.0,24713.0,1.0,155371.0,0.1590579966660445,0.0020788950318914082,0.013070044106340791,1.590579966660445,8.339850002884624,4.684426037716597,23.0,DALVA ROMILDA TOMASCHEWSKI GOMEZ,0.0,0.0,0.0,0.0,0.1757936287318619,1.757936287318619,1.0
2020,87912,PELOTAS,210001239716,MARCO AURÉLIO DA SILVA MORAES,MARCÃO,PSDB,MASCULINO,BRANCA,ENSINO MÉDIO COMPLETO,OUTROS,SUPLENTE,0,Centro,Centro,2613.0,6600.0,0.0,9441.0,0.0,0.0,0.0,0.0,18654.0,9441.0,0.5061112898037954,1.2938901679256802,24136.22719248564,4.6516962204153325,3380.9350087898024,8539.67510830949,0.0,12215.617075386346,0.0,0.0,0.0,0.0,10001.53,364.19,364.19,0.0,0.0,20.0,9637.34,1.2938901679256802,12940.88133121373,471.2218602568535,12469.659470956876,471.2218602568535,0.0,0.0,0.0364134287454019,0.3641342874540195,1,3.801249864987474,3.751641473098729,0.5570148214107831,PSDB,-1,#NULO#,#NULO#,210000153382,PARTIDO ISOLADO,PSDB,PARTIDO ISOLADO,PARTIDO:PSDB,1080.0,1080.0,3.0,0,21809.0,2904.0,24713.0,1.0,155371.0,0.1590579966660445,0.006951104131401613,0.04370169546392587,1.590579966660445,10.07815080773465,4.684426037716597,6.0,MARCO AURELIO DA SILVA MORAES,1.0,0.0,1262.0,10.302638923787553,0.1757936287318619,1.757936287318619,1.0
2020,87912,PELOTAS,210001258336,FIDENCIO SOLANO AMARAL DA SILVA,SOLANO SILVA,PL,MASCULINO,BRANCA,SUPERIOR INCOMPLETO,POLICIAL MILITAR,NÃO ELEITO,0,Direita,Direita,0.0,3310.0,391.0,1092.19,0.0,0.0,0.0,0.0,4793.1900000000005,1483.19,0.3094369303115462,1.2938901679256802,6201.861413999692,2.848369837898219,0.0,4282.776455834001,505.911055658941,1413.1739025067488,0.0,0.0,0.0,0.0,4359.04,500.0,500.0,0.0,0.0,10.0,3859.04,1.2938901679256802,5640.118997594757,646.9450839628402,4993.1739136319175,646.9450839628402,0.0,0.0,0.1147041550433122,1.1470415504331228,1,2.731209096346524,2.583320239533877,0.7197924503797853,PL,-1,#NULO#,#NULO#,210000161047,PARTIDO ISOLADO,PL,PARTIDO ISOLADO,PARTIDO:PL,218.0,218.0,3.0,0,4265.0,119.0,4384.0,1.0,155371.0,0.028216333807467287,0.0014030932413384737,0.049726277372262775,0.28216333807467286,7.774787059601174,2.42867840994823,5.0,FIDENCIO SOLANO AMARAL DA SILVA,0.0,0.0,0.0,0.0,0.015160949574692833,0.15160949574692834,1.0
2020,87912,PELOTAS,210001239560,PAULO RICARDO MORAES CASTRO,CANTOR RICARDO DIMARA,MDB,MASCULINO,BRANCA,ENSINO FUNDAMENTAL INCOMPLETO,CANTOR E COMPOSITOR,NÃO ELEITO,0,Centro,Centro,0.0,0.0,0.0,0.0,0.0,0.0,0.0,0.0,0.0,0.0,,1.2938901679256802,0.0,0.0,0.0,0.0,0.0,0.0,0.0,0.0,0.0,0.0,0.0,0.0,0.0,0.0,0.0,0.0,0.0,1.2938901679256802,0.0,0.0,0.0,0.0,0.0,0.0,0.0,0.0,0,0.0,0.0,0.0,MDB,-1,#NULO#,#NULO#,210000153356,PARTIDO ISOLADO,MDB,PARTIDO ISOLADO,PARTIDO:MDB,74.0,74.0,3.0,0,3733.0,200.0,3933.0,1.0,155371.0,0.025313604211854208,0.000476279357151592,0.018815153826595474,0.25313604211854207,6.22881869049588,2.302465287332405,11.0,PAULO RICARDO MORAES CASTRO,0.0,0.0,0.0,0.0,0.03540334686162228,0.3540334686162228,1.0
2020,87912,PELOTAS,210001239556,YURI CARVALHO SOARES,YURI CARVALHO,MDB,MASCULINO,BRANCA,ENSINO MÉDIO COMPLETO,OUTROS,NÃO ELEITO,0,Centro,Centro,300.0,75.0,0.0,0.0,704.5,0.0,0.0,0.0,1079.5,0.0,0.0,1.2938901679256802,1396.754436275772,1.2610821026810763,388.1670503777041,97.04176259442602,0.0,0.0,911.5456233036416,0.0,0.0,0.0,0.0,0.0,0.0,0.0,0.0,0.0,0.0,1.2938901679256802,0.0,0.0,0.0,0.0,0.0,0.0,0.0,0.0,0,0.0,0.0,0.0,MDB,-1,#NULO#,#NULO#,210000153356,PARTIDO ISOLADO,MDB,PARTIDO ISOLADO,PARTIDO:MDB,32.0,32.0,3.0,0,3733.0,200.0,3933.0,1.0,155371.0,0.025313604211854208,0.00020595864093041815,0.00813628273582507,0.25313604211854207,5.044394119358453,2.302465287332405,17.0,YURI CARVALHO SOARES,0.0,0.0,0.0,0.0,0.03540334686162228,0.3540334686162228,1.0
2020,87912,PELOTAS,210001239565,GABRIEL IBA AFFONSO BANDEIRA,GABRIEL BANDEIRA,MDB,MASCULINO,BRANCA,SUPERIOR COMPLETO,ENGENHEIRO,NÃO ELEITO,0,Centro,Centro,300.0,0.0,0.0,0.0,704.5,0.0,0.0,0.0,1004.5,0.0,0.0,1.2938901679256802,1299.712673681346,1.201453621974298,388.1670503777041,0.0,0.0,0.0,911.5456233036416,0.0,0.0,0.0,150.0,0.0,0.0,0.0,0.0,1.0,150.0,1.2938901679256802,194.08352518885204,0.0,194.08352518885204,0.0,0.0,0.0,0.0,0.0,0,0.2559037554981621,0.2559037554981621,0.0,MDB,-1,#NULO#,#NULO#,210000153356,PARTIDO ISOLADO,MDB,PARTIDO ISOLADO,PARTIDO:MDB,100.0,100.0,3.0,0,3733.0,200.0,3933.0,1.0,155371.0,0.025313604211854208,0.0006436207529075567,0.025425883549453344,0.25313604211854207,6.658211482751795,2.302465287332405,9.0,GABRIEL IBA AFFONSO BANDEIRA,0.0,0.0,0.0,0.0,0.03540334686162228,0.3540334686162228,1.0
2020,87912,PELOTAS,210001239550,EDEGAR IRAZOQUI IRALA,EDEGAR IRALA,MDB,MASCULINO,BRANCA,SUPERIOR COMPLETO,ADVOGADO,NÃO ELEITO,0,Centro,Centro,300.0,0.0,0.0,0.0,704.5,0.0,0.0,0.0,1004.5,0.0,0.0,1.2938901679256802,1299.712673681346,1.201453621974298,388.1670503777041,0.0,0.0,0.0,911.5456233036416,0.0,0.0,0.0,0.0,0.0,0.0,0.0,0.0,0.0,0.0,1.2938901679256802,0.0,0.0,0.0,0.0,0.0,0.0,0.0,0.0,0,0.0,0.0,0.0,MDB,-1,#NULO#,#NULO#,210000153356,PARTIDO ISOLADO,MDB,PARTIDO ISOLADO,PARTIDO:MDB,30.0,30.0,3.0,0,3733.0,200.0,3933.0,1.0,155371.0,0.025313604211854208,0.00019308622587226702,0.007627765064836003,0.25313604211854207,4.954196310386875,2.302465287332405,18.0,EDEGAR IRAZOQUI IRALA,0.0,0.0,0.0,0.0,0.03540334686162228,0.3540334686162228,1.0
2020,87912,PELOTAS,210001239563,MARCO ANTONIO DOS SANTOS MONCKS,MARCO MONCKS,MDB,MASCULINO,BRANCA,ENSINO MÉDIO COMPLETO,APOSENTADO (EXCETO SERVIDOR PÚBLICO),NÃO ELEITO,0,Centro,Centro,1350.0,0.0,0.0,0.0,466.0,0.0,0.0,0.0,1816.0,0.0,0.0,1.2938901679256802,2349.704544953035,1.744033850696109,1746.7517266996683,0.0,0.0,0.0,602.952818253367,0.0,0.0,0.0,1184.2,0.0,0.0,0.0,0.0,14.0,1184.2,1.2938901679256802,1532.2247368575906,0.0,1532.2247368575906,0.0,0.0,0.0,0.0,0.0,0,1.3404054507227476,1.3404054507227476,0.0,MDB,-1,#NULO#,#NULO#,210000153356,PARTIDO ISOLADO,MDB,PARTIDO ISOLADO,PARTIDO:MDB,246.0,246.0,3.0,0,3733.0,200.0,3933.0,1.0,155371.0,0.025313604211854208,0.0015833070521525897,0.06254767353165523,0.25313604211854207,7.948367231584678,2.302465287332405,4.0,MARCO ANTONIO DOS SANTOS MONCKS,0.0,0.0,0.0,0.0,0.03540334686162228,0.3540334686162228,1.0
2020,87912,PELOTAS,210001239567,FLAVIO LUIZ SILVA DE SOUZA,FLAVIO DE SOUZA,MDB,MASCULINO,PRETA,SUPERIOR INCOMPLETO,MOTORISTA PARTICULAR,NÃO ELEITO,0,Centro,Centro,0.0,0.0,248.0,2500.0,456.5,0.0,0.0,0.0,3204.5,2748.0,0.8575440786394133,1.2938901679256802,4146.271043117842,2.363527442742986,0.0,0.0,320.8847616455687,3234.7254198142004,590.660861658073,0.0,0.0,0.0,2500.0,0.0,0.0,0.0,0.0,11.0,2500.0,1.2938901679256802,3234.7254198142004,0.0,3234.7254198142004,0.0,0.0,0.0,0.0,0.0,0,2.082268428042753,2.082268428042753,0.0,MDB,-1,#NULO#,#NULO#,210000153356,PARTIDO ISOLADO,MDB,PARTIDO ISOLADO,PARTIDO:MDB,219.0,219.0,3.0,0,3733.0,200.0,3933.0,1.0,155371.0,0.025313604211854208,0.0014095294488675493,0.05568268497330282,0.25313604211854207,7.78135971352466,2.302465287332405,6.0,FLAVIO LUIZ SILVA DE SOUZA,0.0,0.0,0.0,0.0,0.03540334686162228,0.3540334686162228,1.0
2020,87912,PELOTAS,210001239477,SIRLEY TEREZINHA LAGES,PROFESSORA SIRLEY,PTB,FEMININO,BRANCA,SUPERIOR COMPLETO,OUTROS,SUPLENTE,0,Direita,Direita,0.0,0.0,0.0,0.0,0.0,0.0,0.0,0.0,0.0,0.0,,1.2938901679256802,0.0,0.0,0.0,0.0,0.0,0.0,0.0,0.0,0.0,0.0,0.0,0.0,0.0,0.0,0.0,0.0,0.0,1.2938901679256802,0.0,0.0,0.0,0.0,0.0,0.0,0.0,0.0,0,0.0,0.0,0.0,PTB,-1,#NULO#,#NULO#,210000153345,PARTIDO ISOLADO,PTB,PARTIDO ISOLADO,PARTIDO:PTB,53.0,53.0,3.0,0,17634.0,373.0,18007.0,1.0,155371.0,0.11589678897606374,0.0003411189990410051,0.002943299827844727,1.1589678897606375,5.754887502163468,4.248458934781782,28.0,SIRLEY TEREZINHA LAGES,0.0,0.0,0.0,0.0,0.10380274642797575,1.0380274642797576,1.0
2020,87912,PELOTAS,210001239459,GERSON ISAQUE DA LUZ,ISAQUE TREME TERRA,PTB,MASCULINO,PARDA,SUPERIOR INCOMPLETO,SERVIDOR PÚBLICO MUNICIPAL,SUPLENTE,0,Direita,Direita,2575.0,2.5,0.0,6250.0,0.0,0.0,0.0,0.0,8827.5,6250.0,0.7080147267063155,1.2938901679256802,11421.815457363942,3.6348041347848175,3331.7671824086265,3.2347254198142004,0.0,8086.813549535502,0.0,0.0,0.0,0.0,7247.9,0.0,0.0,0.0,1900.0,20.0,7247.9,1.2938901679256802,9377.986548108538,0.0,9377.986548108538,0.0,0.0,2458.3913190587923,0.0,0.0,0,3.375454665864166,3.375454665864166,0.0,PTB,-1,#NULO#,#NULO#,210000153345,PARTIDO ISOLADO,PTB,PARTIDO ISOLADO,PARTIDO:PTB,850.0,850.0,3.0,0,17634.0,373.0,18007.0,1.0,155371.0,0.11589678897606374,0.005470776399714232,0.047203865163547507,1.1589678897606375,9.733015321685963,4.248458934781782,6.0,GERSON ISAQUE DA LUZ,0.0,0.0,0.0,0.0,0.10380274642797575,1.0380274642797576,1.0
2020,87912,PELOTAS,210001239688,DIEGO FERREIRA VELLOZO,DIEGO VELLOZO,DEM,MASCULINO,BRANCA,SUPERIOR INCOMPLETO,COMERCIANTE,SUPLENTE,0,Direita,Direita,4350.0,0.0,0.0,0.0,0.0,0.0,0.0,0.0,4350.0,0.0,0.0,1.2938901679256802,5628.422230476709,2.728665505156381,5628.422230476709,0.0,0.0,0.0,0.0,0.0,0.0,0.0,2836.0,0.0,0.0,0.0,0.0,15.0,2836.0,1.2938901679256802,3669.472516237229,0.0,3669.472516237229,0.0,0.0,0.0,0.0,0.0,0,2.22325958608271,2.22325958608271,0.0,DEM,-1,#NULO#,#NULO#,210000153379,PARTIDO ISOLADO,DEM,PARTIDO ISOLADO,PARTIDO:DEM,551.0,551.0,3.0,0,7198.0,261.0,7459.0,1.0,155371.0,0.04800767195937466,0.003546350348520638,0.0738704920230594,0.48007671959374654,9.108524456778168,3.0804871219370367,5.0,DIEGO FERREIRA VELLOZO,0.0,0.0,0.0,0.0,0.07133485294935231,0.713348529493523,1.0
2020,87912,PELOTAS,210001239670,CARLOS EDUARDO RODRIGUES DOS SANTOS,EDUARDO CABEÇA,DEM,MASCULINO,BRANCA,ENSINO FUNDAMENTAL COMPLETO,MOTORISTA DE VEÍCULOS DE TRANSPORTE COLETIVO DE PASSAGEIROS,SUPLENTE,0,Direita,Direita,700.0,590.0,0.0,0.0,0.0,0.0,0.0,0.0,1290.0,0.0,0.0,1.2938901679256802,1669.1183166241276,1.4163632586546828,905.723117547976,763.3951990761514,0.0,0.0,0.0,0.0,0.0,0.0,590.0,0.0,0.0,0.0,0.0,1.0,590.0,1.2938901679256802,763.3951990761514,0.0,763.3951990761514,0.0,0.0,0.0,0.0,0.0,0,0.8183558370253436,0.8183558370253436,0.0,DEM,-1,#NULO#,#NULO#,210000153379,PARTIDO ISOLADO,DEM,PARTIDO ISOLADO,PARTIDO:DEM,103.0,103.0,3.0,0,7198.0,261.0,7459.0,1.0,155371.0,0.04800767195937466,0.0006629293754947834,0.013808821557849578,0.48007671959374654,6.700439718141092,3.0804871219370367,22.0,CARLOS EDUARDO RODRIGUES DOS SANTOS,1.0,0.0,669.0,9.388017285345136,0.07133485294935231,0.713348529493523,1.0
2020,87912,PELOTAS,210001239683,IARA TERESINHA OLIVEIRA CANTO,IARA DO CANTO,DEM,FEMININO,BRANCA,SUPERIOR COMPLETO,ADVOGADO,SUPLENTE,0,Direita,Direita,550.0,0.0,0.0,0.0,0.0,0.0,0.0,0.0,550.0,0.0,0.0,1.2938901679256802,711.6395923591241,0.7753789557961334,711.6395923591241,0.0,0.0,0.0,0.0,0.0,0.0,0.0,0.0,0.0,0.0,0.0,0.0,0.0,0.0,1.2938901679256802,0.0,0.0,0.0,0.0,0.0,0.0,0.0,0.0,0,0.0,0.0,0.0,DEM,-1,#NULO#,#NULO#,210000153379,PARTIDO ISOLADO,DEM,PARTIDO ISOLADO,PARTIDO:DEM,56.0,56.0,3.0,0,7198.0,261.0,7459.0,1.0,155371.0,0.04800767195937466,0.00036042762162823177,0.007507708808151227,0.48007671959374654,5.832890014164741,3.0804871219370367,27.0,IARA TERESINHA OLIVEIRA CANTO,0.0,0.0,0.0,0.0,0.07133485294935231,0.713348529493523,1.0
2020,87912,PELOTAS,210001239672,CLAUDIA BEAUVALET RODRIGUES,CLAUDIA BEAUVALET,DEM,FEMININO,PRETA,SUPERIOR COMPLETO,PEDAGOGO,SUPLENTE,0,Direita,Direita,550.0,0.0,0.0,0.0,0.0,0.0,0.0,0.0,550.0,0.0,0.0,1.2938901679256802,711.6395923591241,0.7753789557961334,711.6395923591241,0.0,0.0,0.0,0.0,0.0,0.0,0.0,0.0,0.0,0.0,0.0,0.0,0.0,0.0,1.2938901679256802,0.0,0.0,0.0,0.0,0.0,0.0,0.0,0.0,0,0.0,0.0,0.0,DEM,-1,#NULO#,#NULO#,210000153379,PARTIDO ISOLADO,DEM,PARTIDO ISOLADO,PARTIDO:DEM,68.0,68.0,3.0,0,7198.0,261.0,7459.0,1.0,155371.0,0.04800767195937466,0.00043766211197713857,0.00911650355275506,0.48007671959374654,6.108524456778169,3.0804871219370367,26.0,CLAUDIA BEAUVALET RODRIGUES,0.0,0.0,0.0,0.0,0.07133485294935231,0.713348529493523,1.0
2020,87912,PELOTAS,210001239695,MARCOS ROGÉRIO NOGUEIRA DA SILVA,MARCOS CANIDIA,DEM,MASCULINO,BRANCA,ENSINO FUNDAMENTAL COMPLETO,MOTOBOY,SUPLENTE,0,Direita,Direita,700.0,0.0,0.0,0.0,0.0,0.0,0.0,0.0,700.0,0.0,0.0,1.2938901679256802,905.723117547976,0.930338525356154,905.723117547976,0.0,0.0,0.0,0.0,0.0,0.0,0.0,0.0,0.0,0.0,0.0,0.0,0.0,0.0,1.2938901679256802,0.0,0.0,0.0,0.0,0.0,0.0,0.0,0.0,0,0.0,0.0,0.0,DEM,-1,#NULO#,#NULO#,210000153379,PARTIDO ISOLADO,DEM,PARTIDO ISOLADO,PARTIDO:DEM,362.0,362.0,3.0,0,7198.0,261.0,7459.0,1.0,155371.0,0.04800767195937466,0.0023299071255253553,0.048531974795549,0.48007671959374654,8.50382573799575,3.0804871219370367,7.0,MARCOS ROGERIO NOGUEIRA DA SILVA,1.0,0.0,0.0,0.0,0.07133485294935231,0.713348529493523,1.0
2020,87912,PELOTAS,210001239674,CRISTIANO FAGUNDES DUARTE,DJ CRISTIANO DUARTE,DEM,MASCULINO,BRANCA,ENSINO FUNDAMENTAL COMPLETO,MÚSICO,SUPLENTE,0,Direita,Direita,2450.0,0.0,0.0,0.0,0.0,0.0,0.0,0.0,2450.0,0.0,0.0,1.2938901679256802,3170.0309114179167,2.0600580780546025,3170.0309114179167,0.0,0.0,0.0,0.0,0.0,0.0,0.0,0.0,0.0,0.0,0.0,0.0,0.0,0.0,1.2938901679256802,0.0,0.0,0.0,0.0,0.0,0.0,0.0,0.0,0,0.0,0.0,0.0,DEM,-1,#NULO#,#NULO#,210000153379,PARTIDO ISOLADO,DEM,PARTIDO ISOLADO,PARTIDO:DEM,564.0,564.0,3.0,0,7198.0,261.0,7459.0,1.0,155371.0,0.04800767195937466,0.00363002104639862,0.07561335299638021,0.48007671959374654,9.14210705730255,3.0804871219370367,4.0,CRISTIANO FAGUNDES DUARTE,0.0,0.0,0.0,0.0,0.07133485294935231,0.713348529493523,1.0
2020,87912,PELOTAS,210001239691,BEN HUR ALVES FLORES,BEN HUR DOS ANJOS,DEM,MASCULINO,BRANCA,SUPERIOR INCOMPLETO,APOSENTADO (EXCETO SERVIDOR PÚBLICO),SUPLENTE,0,Direita,Direita,550.0,825.0,0.0,0.0,0.0,0.0,0.0,0.0,1375.0,0.0,0.0,1.2938901679256802,1779.0989808978104,1.474617218744089,711.6395923591241,1067.4593885386862,0.0,0.0,0.0,0.0,0.0,0.0,825.0,0.0,0.0,0.0,0.0,6.0,825.0,1.2938901679256802,1067.4593885386862,0.0,1067.4593885386862,0.0,0.0,0.0,0.0,0.0,0,1.0478589905673923,1.0478589905673923,0.0,DEM,-1,#NULO#,#NULO#,210000153379,PARTIDO ISOLADO,DEM,PARTIDO ISOLADO,PARTIDO:DEM,230.0,230.0,3.0,0,7198.0,261.0,7459.0,1.0,155371.0,0.04800767195937466,0.0014803277316873804,0.030835232604906823,0.48007671959374654,7.851749041416057,3.0804871219370367,9.0,BEN HUR ALVES FLORES,0.0,0.0,0.0,0.0,0.07133485294935231,0.713348529493523,1.0
2020,87912,PELOTAS,210000863526,FLAUBIANA LOURDES ROCHA DA SILVA,LOURDES ROCHA,PSOL,FEMININO,BRANCA,ENSINO MÉDIO COMPLETO,APOSENTADO (EXCETO SERVIDOR PÚBLICO),NÃO ELEITO,0,Esquerda,Esquerda,0.0,0.0,0.0,4993.24,0.0,0.0,0.0,0.0,4993.24,4993.24,1.0,1.2938901679256802,6460.704142093224,2.899311798626072,0.0,0.0,0.0,6460.704142093224,0.0,0.0,0.0,0.0,905.9,0.0,0.0,0.0,0.0,5.0,905.9,1.2938901679256802,1172.1351031238737,0.0,1172.1351031238737,0.0,0.0,0.0,0.0,0.0,0,1.1191138391206716,1.1191138391206716,0.0,,,,,,,,,PARTIDO:PSOL,0.0,0.0,,1,11850.0,554.0,12404.0,1.0,155371.0,0.07983471819065334,0.0,0.0,0.7983471819065333,0.0,3.744591686542384,20.0,FLAUBIANA LOURDES ROCHA DA SILVA,0.0,0.0,0.0,0.0,0.05199866570300773,0.5199866570300773,1.0
2020,87912,PELOTAS,210001240298,ANTONIO MOACIR PACHECO DE ÁVILA,FERROVIÁRIO MOACIR ÁVILA,AVANTE,MASCULINO,BRANCA,SUPERIOR COMPLETO,APOSENTADO (EXCETO SERVIDOR PÚBLICO),NÃO ELEITO,0,Centro,Centro,0.0,0.0,0.0,0.0,0.0,0.0,0.0,0.0,0.0,0.0,,1.2938901679256802,0.0,0.0,0.0,0.0,0.0,0.0,0.0,0.0,0.0,0.0,0.0,0.0,0.0,0.0,0.0,0.0,0.0,1.2938901679256802,0.0,0.0,0.0,0.0,0.0,0.0,0.0,0.0,0,0.0,0.0,0.0,,,,,,,,,PARTIDO:AVANTE,0.0,0.0,,1,1892.0,34.0,1926.0,1.0,155371.0,0.012396135700999542,0.0,0.0,0.12396135700999542,0.0,1.5489297694764,12.0,ANTONIO MOACIR PACHECO DE AVILA,0.0,0.0,0.0,0.0,0.010735531216990049,0.10735531216990048,1.0
2020,87912,PELOTAS,210001240293,ANGELA MARINA FERREIRA,MARINA FERREIRA,AVANTE,FEMININO,BRANCA,ENSINO MÉDIO COMPLETO,CABELEIREIRO E BARBEIRO,NÃO ELEITO,0,Centro,Centro,0.0,0.0,0.0,0.0,0.0,0.0,0.0,0.0,0.0,0.0,,1.2938901679256802,0.0,0.0,0.0,0.0,0.0,0.0,0.0,0.0,0.0,0.0,0.0,0.0,0.0,0.0,0.0,0.0,0.0,1.2938901679256802,0.0,0.0,0.0,0.0,0.0,0.0,0.0,0.0,0,0.0,0.0,0.0,,,,,,,,,PARTIDO:AVANTE,0.0,0.0,,1,1892.0,34.0,1926.0,1.0,155371.0,0.012396135700999542,0.0,0.0,0.12396135700999542,0.0,1.5489297694764,12.0,ANGELA MARINA FERREIRA,0.0,0.0,0.0,0.0,0.010735531216990049,0.10735531216990048,1.0
2020,87912,PELOTAS,210001238669,CLAUDIO ROBERTO DOS SANTOS INSAURRIAGA,CURURU,PP,MASCULINO,BRANCA,SUPERIOR INCOMPLETO,APOSENTADO (EXCETO SERVIDOR PÚBLICO),NÃO ELEITO,0,Direita,Direita,800.0,400.0,0.0,168.0,0.0,0.0,0.0,0.0,1368.0,168.0,0.1228070175438596,1.2938901679256802,1770.0417497223305,1.4699077205573,1035.112134340544,517.5560671702721,0.0,217.37354821151428,0.0,0.0,0.0,0.0,0.0,0.0,0.0,0.0,0.0,0.0,0.0,1.2938901679256802,0.0,0.0,0.0,0.0,0.0,0.0,0.0,0.0,0,0.0,0.0,0.0,,,,,,,,,PARTIDO:PP,0.0,0.0,,1,15354.0,1046.0,16400.0,1.0,155371.0,0.1055538034768393,0.0,0.0,1.055538034768393,0.0,4.121015400961366,31.0,CLAUDIO ROBERTO DOS SANTOS INSAURRIAGA,1.0,0.0,0.0,0.0,0.03876688719630844,0.3876688719630844,1.0
2020,87912,PELOTAS,210001240283,REINALDO LUIZ REICHOW,REINALDO TÁ LOKO,CIDADANIA,MASCULINO,BRANCA,ENSINO MÉDIO COMPLETO,MECÂNICO DE MANUTENÇÃO,NÃO ELEITO,0,Centro,Centro,412.0,0.0,0.0,0.0,0.0,0.0,0.0,0.0,412.0,0.0,0.0,1.2938901679256802,533.0827491853803,0.6164355695455943,533.0827491853803,0.0,0.0,0.0,0.0,0.0,0.0,0.0,112.0,0.0,0.0,0.0,0.0,3.0,112.0,1.2938901679256802,144.9156988076762,0.0,144.9156988076762,0.0,0.0,0.0,0.0,0.0,0,0.1952413752745981,0.1952413752745981,0.0,,,,,,,,,PARTIDO:CIDADANIA,0.0,0.0,,1,6234.0,118.0,6352.0,1.0,155371.0,0.040882790224688006,0.0,0.0,0.40882790224688004,0.0,2.8781367666269477,20.0,REINALDO LUIZ REICHOW,1.0,0.0,278.0,8.124121311829187,0.026774892978262077,0.26774892978262077,1.0
2020,87912,PELOTAS,210001240551,DOUGLAS PERAÇA DOS SANTOS,DOUGLAS PERAÇA,PV,MASCULINO,BRANCA,ENSINO MÉDIO COMPLETO,OUTROS,NÃO ELEITO,0,Centro,Centro,0.0,0.0,0.0,1506.43,0.0,0.0,0.0,0.0,1506.43,1506.43,1.0,1.2938901679256802,1949.1549656682823,1.560301631937545,0.0,0.0,0.0,1949.1549656682823,0.0,0.0,0.0,0.0,0.0,0.0,0.0,0.0,0.0,0.0,0.0,1.2938901679256802,0.0,0.0,0.0,0.0,0.0,0.0,0.0,0.0,0,0.0,0.0,0.0,,,,,,,,,PARTIDO:PV,0.0,0.0,,1,389.0,23.0,412.0,1.0,155371.0,0.0026517175019791337,0.0,0.0,0.026517175019791336,0.0,0.4977400886090932,7.0,DOUGLAS PERACA DOS SANTOS,0.0,0.0,0.0,0.0,0.0020514816256185023,0.020514816256185023,1.0
2020,87912,PELOTAS,210000863529,RONALDO VIEIRA LEITE,RONALDO DO SIMÕES,PSOL,MASCULINO,PARDA,SUPERIOR INCOMPLETO,SERVIDOR PÚBLICO MUNICIPAL,SUPLENTE,0,Esquerda,Esquerda,100.0,0.0,0.0,6026.48,0.0,0.0,0.0,0.0,6126.48,6026.48,0.983677413457646,1.2938901679256802,7926.992235993321,3.1581741711863027,129.389016792568,0.0,0.0,7797.603219200753,0.0,0.0,0.0,0.0,5872.7,0.0,0.0,0.0,300.0,18.0,5872.7,1.2938901679256802,7598.628789177142,0.0,7598.628789177142,0.0,0.0,388.1670503777041,0.0,0.0,0,3.104106613677617,3.104106613677617,0.0,PSOL,-1,#NULO#,#NULO#,210000094655,PARTIDO ISOLADO,PSOL,PARTIDO ISOLADO,PARTIDO:PSOL,176.0,176.0,3.0,0,11850.0,554.0,12404.0,1.0,155371.0,0.07983471819065334,0.0011327725251173,0.01418897129958078,0.7983471819065333,7.467605550082998,3.744591686542384,11.0,RONALDO VIEIRA LEITE,1.0,0.0,421.0,8.721099188707186,0.05199866570300773,0.5199866570300773,1.0
2020,87912,PELOTAS,210000863534,WILSON CESAR SANTOS DA SILVA,WILSON DO POSTO,PSOL,MASCULINO,PARDA,ENSINO MÉDIO COMPLETO,FRENTISTA,SUPLENTE,0,Esquerda,Esquerda,0.0,0.0,0.0,1972.91,0.0,0.0,0.0,0.0,1972.91,1972.91,1.0,1.2938901679256802,2552.7288512022537,1.8289275845449184,0.0,0.0,0.0,2552.7288512022537,0.0,0.0,0.0,0.0,0.0,0.0,0.0,0.0,0.0,0.0,0.0,1.2938901679256802,0.0,0.0,0.0,0.0,0.0,0.0,0.0,0.0,0,0.0,0.0,0.0,PSOL,-1,#NULO#,#NULO#,210000094655,PARTIDO ISOLADO,PSOL,PARTIDO ISOLADO,PARTIDO:PSOL,121.0,121.0,3.0,0,11850.0,554.0,12404.0,1.0,155371.0,0.07983471819065334,0.0007787811110181437,0.009754917768461787,0.7983471819065333,6.930737337562887,3.744591686542384,12.0,WILSON CESAR SANTOS DA SILVA,0.0,0.0,0.0,0.0,0.05199866570300773,0.5199866570300773,1.0
2020,87912,PELOTAS,210001240302,JACKSON INTIOSP BARBOSA,GUARDA INTIOSP,AVANTE,MASCULINO,BRANCA,SUPERIOR COMPLETO,OUTROS,NÃO ELEITO,0,Centro,Centro,0.0,0.0,0.0,0.0,0.0,0.0,0.0,0.0,0.0,0.0,,1.2938901679256802,0.0,0.0,0.0,0.0,0.0,0.0,0.0,0.0,0.0,0.0,0.0,0.0,0.0,0.0,0.0,0.0,0.0,1.2938901679256802,0.0,0.0,0.0,0.0,0.0,0.0,0.0,0.0,0,0.0,0.0,0.0,AVANTE,-1,#NULO#,#NULO#,210000153455,PARTIDO ISOLADO,AVANTE,PARTIDO ISOLADO,PARTIDO:AVANTE,114.0,114.0,3.0,0,1892.0,34.0,1926.0,1.0,155371.0,0.012396135700999542,0.0007337276583146147,0.059190031152647975,0.12396135700999542,6.845490050944375,1.5489297694764,5.0,JACKSON INTIOSP BARBOSA,0.0,0.0,0.0,0.0,0.010735531216990049,0.10735531216990048,1.0
2020,87912,PELOTAS,210000838218,TASSIA BRAGA COSTA,TASSIA BRAGA,PATRIOTA,FEMININO,BRANCA,ENSINO MÉDIO COMPLETO,CABELEIREIRO E BARBEIRO,NÃO ELEITO,0,Direita,Direita,580.0,0.0,0.0,0.0,0.0,0.0,0.0,0.0,580.0,0.0,0.0,1.2938901679256802,750.4562973968946,0.8077310433055045,750.4562973968946,0.0,0.0,0.0,0.0,0.0,0.0,0.0,330.0,120.0,120.0,0.0,0.0,2.0,210.0,1.2938901679256802,426.9837554154745,155.26682015108162,271.7169352643929,155.26682015108162,0.0,0.0,0.3636363636363636,3.636363636363636,1,0.5129689114675435,0.3467775845090022,0.2082260946305223,PATRIOTA,-1,#NULO#,#NULO#,210000089031,PARTIDO ISOLADO,PATRIOTA,PARTIDO ISOLADO,PARTIDO:PATRIOTA,61.0,61.0,3.0,0,4091.0,76.0,4167.0,1.0,155371.0,0.02681967677365789,0.00039260865927360963,0.014638828893688505,0.26819676773657886,5.954196310386875,2.3693268837627732,16.0,TASSIA BRAGA COSTA,0.0,0.0,0.0,0.0,0.003391338188691833,0.03391338188691832,1.0
2020,87912,PELOTAS,210001240886,ELOISA ELENA CARDOSO SILVEIRA,ELOISA DAS VELAS,PATRIOTA,FEMININO,PRETA,ENSINO FUNDAMENTAL COMPLETO,ARTESÃO,NÃO ELEITO,0,Direita,Direita,250.0,0.0,0.0,0.0,0.0,0.0,0.0,0.0,250.0,0.0,0.0,1.2938901679256802,323.4725419814201,0.4043282636220041,323.4725419814201,0.0,0.0,0.0,0.0,0.0,0.0,0.0,0.0,0.0,0.0,0.0,0.0,0.0,0.0,1.2938901679256802,0.0,0.0,0.0,0.0,0.0,0.0,0.0,0.0,0,0.0,0.0,0.0,PATRIOTA,-1,#NULO#,#NULO#,210000089031,PARTIDO ISOLADO,PATRIOTA,PARTIDO ISOLADO,PARTIDO:PATRIOTA,9.0,9.0,3.0,0,4091.0,76.0,4167.0,1.0,155371.0,0.02681967677365789,5.792586776168011e-05,0.0021598272138228943,0.26819676773657886,3.321928094887362,2.3693268837627732,24.0,ELOISA ELENA CARDOSO SILVEIRA,0.0,0.0,0.0,0.0,0.003391338188691833,0.03391338188691832,1.0
2020,87912,PELOTAS,210000838227,CRISTIANE GALEÃO LOPES,CRIS LOPES,PATRIOTA,FEMININO,BRANCA,SUPERIOR COMPLETO,DONA DE CASA,NÃO ELEITO,0,Direita,Direita,250.0,0.0,0.0,0.0,0.0,0.0,0.0,0.0,250.0,0.0,0.0,1.2938901679256802,323.4725419814201,0.4043282636220041,323.4725419814201,0.0,0.0,0.0,0.0,0.0,0.0,0.0,0.0,0.0,0.0,0.0,0.0,0.0,0.0,1.2938901679256802,0.0,0.0,0.0,0.0,0.0,0.0,0.0,0.0,0,0.0,0.0,0.0,PATRIOTA,-1,#NULO#,#NULO#,210000089031,PARTIDO ISOLADO,PATRIOTA,PARTIDO ISOLADO,PARTIDO:PATRIOTA,28.0,28.0,3.0,0,4091.0,76.0,4167.0,1.0,155371.0,0.02681967677365789,0.00018021381081411588,0.00671946244300456,0.26819676773657886,4.857980995127572,2.3693268837627732,21.0,CRISTIANE GALEAO LOPES,0.0,0.0,0.0,0.0,0.003391338188691833,0.03391338188691832,1.0
2020,87912,PELOTAS,210000838214,FRANCISCO ALVES CABRAL,LOUCURAS DO CABRAL,PATRIOTA,MASCULINO,BRANCA,ENSINO MÉDIO COMPLETO,COMERCIANTE,NÃO ELEITO,0,Direita,Direita,250.0,400.0,0.0,0.0,0.0,0.0,0.0,0.0,650.0,0.0,0.0,1.2938901679256802,841.0286091516922,0.8805120460037198,323.4725419814201,517.5560671702721,0.0,0.0,0.0,0.0,0.0,0.0,395.0,40.0,40.0,0.0,0.0,3.0,355.0,1.2938901679256802,511.08661633064366,51.755606717027206,459.33100961361646,51.755606717027206,0.0,0.0,0.1012658227848101,1.0126582278481011,1,0.5955863589601843,0.5453071565695752,0.0727995088709439,PATRIOTA,-1,#NULO#,#NULO#,210000089031,PARTIDO ISOLADO,PATRIOTA,PARTIDO ISOLADO,PARTIDO:PATRIOTA,38.0,38.0,3.0,0,4091.0,76.0,4167.0,1.0,155371.0,0.02681967677365789,0.0002445758861048716,0.00911927045836333,0.26819676773657886,5.285402218862249,2.3693268837627732,18.0,FRANCISCO ALVES CABRAL,1.0,0.0,85.0,6.426264754702098,0.003391338188691833,0.03391338188691832,1.0
2020,87912,PELOTAS,210001239217,JAIR DE SOUSA RODRIGUES,CACO ANDARA RODRIGUES,PDT,MASCULINO,BRANCA,SUPERIOR COMPLETO,ADMINISTRADOR,SUPLENTE,0,Esquerda,Centro,100.0,750.0,0.0,800.0,0.0,0.0,0.0,0.0,1650.0,800.0,0.4848484848484848,1.2938901679256802,2134.9187770773724,1.648428064582121,129.389016792568,970.4176259442602,0.0,1035.112134340544,0.0,0.0,0.0,0.0,1650.0,650.0,650.0,0.0,0.0,7.0,1000.0,1.2938901679256802,2134.9187770773724,841.0286091516922,1293.8901679256803,841.0286091516922,0.0,0.0,0.3939393939393939,3.939393939393939,1,1.648428064582121,1.1977963163832472,0.8805120460037198,PDT,-1,#NULO#,#NULO#,210000153308,PARTIDO ISOLADO,PDT,PARTIDO ISOLADO,PARTIDO:PDT,28.0,28.0,3.0,0,10446.0,538.0,10984.0,1.0,155371.0,0.07069530349936604,0.00018021381081411588,0.0025491624180626364,0.7069530349936604,4.857980995127572,3.583037623796664,24.0,JAIR DE SOUSA RODRIGUES,0.0,0.0,0.0,0.0,0.13439150497581587,1.3439150497581587,1.0
2020,87912,PELOTAS,210001239227,ANDRÉ WINTER NOBLE,ANDRÉ WINN,PDT,MASCULINO,BRANCA,SUPERIOR COMPLETO,PROFESSOR DE ENSINO FUNDAMENTAL,SUPLENTE,0,Esquerda,Centro,0.0,450.0,0.0,0.0,0.0,0.0,0.0,0.0,450.0,0.0,0.0,1.2938901679256802,582.2505755665561,0.6619780925418339,0.0,582.2505755665561,0.0,0.0,0.0,0.0,0.0,0.0,450.0,0.0,0.0,0.0,0.0,2.0,450.0,1.2938901679256802,582.2505755665561,0.0,582.2505755665561,0.0,0.0,0.0,0.0,0.0,0,0.6619780925418339,0.6619780925418339,0.0,PDT,-1,#NULO#,#NULO#,210000153308,PARTIDO ISOLADO,PDT,PARTIDO ISOLADO,PARTIDO:PDT,36.0,36.0,3.0,0,10446.0,538.0,10984.0,1.0,155371.0,0.07069530349936604,0.00023170347104672044,0.0032774945375091042,0.7069530349936604,5.20945336562895,3.583037623796664,20.0,ANDRE WINTER NOBLE,0.0,0.0,0.0,0.0,0.13439150497581587,1.3439150497581587,1.0
2020,87912,PELOTAS,210001239210,RENATO CHOULLET DA SILVA,RENATO CHOULLET,PDT,MASCULINO,BRANCA,ENSINO FUNDAMENTAL COMPLETO,EMPRESÁRIO,SUPLENTE,0,Esquerda,Centro,1500.0,1220.0,0.0,0.0,0.0,0.0,0.0,0.0,2720.0,0.0,0.0,1.2938901679256802,3519.38125675785,2.176125268456698,1940.8352518885204,1578.54600486933,0.0,0.0,0.0,0.0,0.0,0.0,1185.5,0.0,0.0,0.0,0.0,4.0,1185.5,1.2938901679256802,1533.906794075894,0.0,1533.906794075894,0.0,0.0,0.0,0.0,0.0,0,1.3413634581024183,1.3413634581024183,0.0,PDT,-1,#NULO#,#NULO#,210000153308,PARTIDO ISOLADO,PDT,PARTIDO ISOLADO,PARTIDO:PDT,121.0,121.0,3.0,0,10446.0,538.0,10984.0,1.0,155371.0,0.07069530349936604,0.0007787811110181437,0.011016023306627822,0.7069530349936604,6.930737337562887,3.583037623796664,15.0,RENATO CHOULLET DA SILVA,0.0,0.0,0.0,0.0,0.13439150497581587,1.3439150497581587,1.0
2020,87912,PELOTAS,210001239222,GIOVANE DE MOURA RODRIGUES,GIOVANE RODRIGUES,PDT,MASCULINO,BRANCA,ENSINO MÉDIO COMPLETO,BOMBEIRO MILITAR,SUPLENTE,0,Esquerda,Centro,0.0,2500.0,0.0,1040.0,0.0,0.0,0.0,0.0,3540.0,1040.0,0.2937853107344633,1.2938901679256802,4580.371194456908,2.4803610902607263,0.0,3234.7254198142004,0.0,1345.6457746427077,0.0,0.0,0.0,0.0,2307.25,0.0,0.0,0.0,300.0,15.0,2307.25,1.2938901679256802,2985.328089946526,0.0,2985.328089946526,0.0,0.0,388.1670503777041,0.0,0.0,0,1.9946984981818232,1.9946984981818232,0.0,PDT,-1,#NULO#,#NULO#,210000153308,PARTIDO ISOLADO,PDT,PARTIDO ISOLADO,PARTIDO:PDT,160.0,160.0,3.0,0,10446.0,538.0,10984.0,1.0,155371.0,0.07069530349936604,0.0010297932046520908,0.014566642388929352,0.7069530349936604,7.330916878114617,3.583037623796664,11.0,GIOVANE DE MOURA RODRIGUES,0.0,0.0,0.0,0.0,0.13439150497581587,1.3439150497581587,1.0
2020,87912,PELOTAS,210001181723,SIDNEI MATIAS FAGUNDES,SIDNEI MATIAS FAGUNDES SID,PT,MASCULINO,BRANCA,ENSINO MÉDIO COMPLETO,OCUPANTE DE CARGO EM COMISSÃO,ELEITO POR MÉDIA,1,Esquerda,Esquerda,18700.0,6670.0,0.0,900.0,0.0,0.0,0.0,0.0,26270.0,900.0,0.0342596117244004,1.2938901679256802,33990.49471140762,5.128891157082987,24195.74614021022,8630.247420064286,0.0,1164.5011511331122,0.0,0.0,0.0,0.0,24457.21,0.0,0.0,0.0,0.0,33.0,24457.21,1.2938901679256802,31644.943553893623,0.0,31644.943553893623,0.0,0.0,0.0,0.0,0.0,0,5.028787641799797,5.028787641799797,0.0,PT,-1,#NULO#,#NULO#,210000145460,PARTIDO ISOLADO,PT,PARTIDO ISOLADO,PARTIDO:PT,1065.0,1065.0,3.0,0,9912.0,1295.0,11207.0,1.0,155371.0,0.07213057777834989,0.0068545610184654795,0.09502989203176586,0.7213057777834988,10.057991722759176,3.60963678113278,2.0,SIDNEI MATIAS FAGUNDES,1.0,0.0,1759.0,10.78135971352466,0.09040974036804358,0.9040974036804358,1.0
2020,87912,PELOTAS,210001181726,LUCIANE BARCELLOS DE ALMEIDA,LU ALMEIDA,PT,FEMININO,PRETA,SUPERIOR COMPLETO,PROFESSOR DE ENSINO FUNDAMENTAL,SUPLENTE,0,Esquerda,Esquerda,2080.0,0.0,0.0,6935.39,0.0,400.0,0.0,0.0,9415.39,6935.39,0.7366014578259638,1.2938901679256802,12182.48054818577,3.720549962793681,2691.291549285415,0.0,0.0,8973.632931730084,0.0,517.5560671702721,0.0,0.0,7280.48,296.15,296.15,0.0,1050.0,28.0,6984.330000000001,1.2938901679256802,9420.141489779557,383.1855732311902,9036.955916548368,383.1855732311902,0.0,1358.5846763219645,0.0406772630376019,0.4067726303760191,1,3.381302962255936,3.327249879115899,0.4679947267125832,PT,-1,#NULO#,#NULO#,210000145460,PARTIDO ISOLADO,PT,PARTIDO ISOLADO,PARTIDO:PT,212.0,212.0,3.0,0,9912.0,1295.0,11207.0,1.0,155371.0,0.07213057777834989,0.0013644759961640204,0.01891674846078344,0.7213057777834988,7.734709620225838,3.60963678113278,11.0,LUCIANE BARCELLOS DE ALMEIDA,0.0,0.0,0.0,0.0,0.09040974036804358,0.9040974036804358,1.0
2020,87912,PELOTAS,210001238683,JANINE INEZ BENITES TOMBERG,JANINE,PP,FEMININO,BRANCA,SUPERIOR COMPLETO,JORNALISTA E REDATOR,SUPLENTE,0,Direita,Direita,800.0,400.0,0.0,168.0,0.0,0.0,0.0,0.0,1368.0,168.0,0.1228070175438596,1.2938901679256802,1770.0417497223305,1.4699077205573,1035.112134340544,517.5560671702721,0.0,217.37354821151428,0.0,0.0,0.0,0.0,0.0,0.0,0.0,0.0,0.0,0.0,0.0,1.2938901679256802,0.0,0.0,0.0,0.0,0.0,0.0,0.0,0.0,0,0.0,0.0,0.0,PP,-1,#NULO#,#NULO#,210000153244,PARTIDO ISOLADO,PP,PARTIDO ISOLADO,PARTIDO:PP,152.0,152.0,3.0,0,15354.0,1046.0,16400.0,1.0,155371.0,0.1055538034768393,0.0009783035444194863,0.009268292682926829,1.055538034768393,7.257387842692652,4.121015400961366,17.0,JANINE INEZ BENITES TOMBERG,0.0,0.0,0.0,0.0,0.03876688719630844,0.3876688719630844,1.0
2020,87912,PELOTAS,210001238679,JULIANO PRESTES DA SILVA,JULIANO SILVA O REPORTER,PP,MASCULINO,PRETA,ENSINO MÉDIO COMPLETO,JORNALISTA E REDATOR,SUPLENTE,0,Direita,Direita,400.0,400.0,0.0,14168.0,0.0,0.0,0.0,0.0,14968.0,14168.0,0.9465526456440406,1.2938901679256802,19366.94803351158,4.348157904999797,517.5560671702721,517.5560671702721,0.0,18331.83589917104,0.0,0.0,0.0,0.0,14000.0,0.0,0.0,0.0,400.0,11.0,14000.0,1.2938901679256802,18114.46235095952,0.0,18114.46235095952,0.0,0.0,517.5560671702721,0.0,0.0,0,4.256592715697475,4.256592715697475,0.0,PP,-1,#NULO#,#NULO#,210000153244,PARTIDO ISOLADO,PP,PARTIDO ISOLADO,PARTIDO:PP,333.0,333.0,3.0,0,15354.0,1046.0,16400.0,1.0,155371.0,0.1055538034768393,0.002143257107182164,0.02030487804878049,1.055538034768393,8.383704292474052,4.121015400961366,10.0,JULIANO PRESTES DA SILVA,0.0,0.0,0.0,0.0,0.03876688719630844,0.3876688719630844,1.0
2020,87912,PELOTAS,210001238673,RENATO DOMINGUES DA SILVA,RENATINHO,PP,MASCULINO,BRANCA,SUPERIOR COMPLETO,OUTROS,SUPLENTE,0,Direita,Direita,800.0,1052.0,0.0,0.0,168.0,0.0,0.0,0.0,2020.0,0.0,0.0,1.2938901679256802,2613.658139209874,1.8534600302216464,1035.112134340544,1361.1724566578157,0.0,0.0,217.37354821151428,0.0,0.0,0.0,652.0,0.0,0.0,0.0,0.0,4.0,652.0,1.2938901679256802,843.6163894875435,0.0,843.6163894875435,0.0,0.0,0.0,0.0,0.0,0,0.8825384981979724,0.8825384981979724,0.0,PP,-1,#NULO#,#NULO#,210000153244,PARTIDO ISOLADO,PP,PARTIDO ISOLADO,PARTIDO:PP,175.0,175.0,3.0,0,15354.0,1046.0,16400.0,1.0,155371.0,0.1055538034768393,0.0011263363175882243,0.010670731707317074,1.055538034768393,7.459431618637297,4.121015400961366,14.0,RENATO DOMINGUES DA SILVA,0.0,0.0,0.0,0.0,0.03876688719630844,0.3876688719630844,1.0
2020,87912,PELOTAS,210001238684,JANIELE MORAES ANDRADE,JANIELE ANDRADE,PP,FEMININO,PARDA,ENSINO MÉDIO COMPLETO,OUTROS,SUPLENTE,0,Direita,Direita,930.0,400.0,0.0,17168.0,0.0,0.0,0.0,0.0,18498.0,17168.0,0.92810033517137,1.2938901679256802,23934.380326289232,4.64006444421891,1203.3178561708826,517.5560671702721,0.0,22213.50640294808,0.0,0.0,0.0,0.0,17930.0,40.0,40.0,0.0,830.0,34.0,17890.0,1.2938901679256802,23199.450710907448,51.755606717027206,23147.695104190418,51.755606717027206,0.0,1073.9288393783147,0.0022308979364194,0.022308979364194,1,4.596902395873037,4.593813585379168,0.0727995088709439,PP,-1,#NULO#,#NULO#,210000153244,PARTIDO ISOLADO,PP,PARTIDO ISOLADO,PARTIDO:PP,67.0,67.0,3.0,0,15354.0,1046.0,16400.0,1.0,155371.0,0.1055538034768393,0.000431225904448063,0.004085365853658537,1.055538034768393,6.087462841250339,4.121015400961366,23.0,JANIELE MORAES ANDRADE,0.0,0.0,0.0,0.0,0.03876688719630844,0.3876688719630844,1.0
2020,87912,PELOTAS,210000936170,AILTON EMIR RIBEIRO DE SOUZA,AILTON SOUZA CANGUÇU,PSD,MASCULINO,BRANCA,SUPERIOR COMPLETO,ADVOGADO,SUPLENTE,0,Direita,Direita,300.0,0.0,732.0,135.0,0.0,0.0,0.0,0.0,1167.0,867.0,0.7429305912596401,1.2938901679256802,1509.9698259692689,1.3276700206755845,388.1670503777041,0.0,947.127602921598,174.67517266996683,0.0,0.0,0.0,0.0,0.0,0.0,0.0,0.0,0.0,0.0,0.0,1.2938901679256802,0.0,0.0,0.0,0.0,0.0,0.0,0.0,0.0,0,0.0,0.0,0.0,PSD,-1,#NULO#,#NULO#,210000107998,PARTIDO ISOLADO,PSD,PARTIDO ISOLADO,PARTIDO:PSD,251.0,251.0,3.0,0,12519.0,194.0,12713.0,1.0,155371.0,0.0818235063171377,0.0016154880897979674,0.01974356957445135,0.818235063171377,7.977279923499917,3.777472319663104,15.0,AILTON EMIR RIBEIRO DE SOUZA,0.0,0.0,0.0,0.0,0.03200644910212932,0.32006449102129314,1.0
2020,87912,PELOTAS,210000936194,REINALDO ELIAS LOURENÇO MAGALHÃES,REINALDO BELEZINHA,PSD,MASCULINO,PRETA,ENSINO FUNDAMENTAL INCOMPLETO,VEREADOR,ELEITO POR MÉDIA,1,Direita,Direita,11501.59,0.0,3770.4,1250.0,0.0,0.0,0.0,0.0,16521.989999999998,5020.4,0.3038617018894213,1.2938901679256802,21377.64041556641,4.483986015909959,14881.794216512324,0.0,4878.4834891469845,1617.3627099071002,0.0,0.0,0.0,0.0,4225.0,1600.0,1600.0,0.0,0.0,12.0,2625.0,1.2938901679256802,5466.685959485999,2070.224268681088,3396.46169080491,2070.224268681088,0.0,0.0,0.378698224852071,3.78698224852071,1,2.6930265507456075,2.1363428976746723,1.6183440430536382,PSD,-1,#NULO#,#NULO#,210000107998,PARTIDO ISOLADO,PSD,PARTIDO ISOLADO,PARTIDO:PSD,1392.0,1392.0,3.0,0,12519.0,194.0,12713.0,1.0,155371.0,0.0818235063171377,0.00895920088047319,0.1094942185164792,0.818235063171377,10.443979542601253,3.777472319663104,2.0,REINALDO ELIAS LOURENCO MAGALHAES,1.0,1.0,2720.0,11.409921241249679,0.03200644910212932,0.32006449102129314,1.0
2020,87912,PELOTAS,210000936192,JOÃO CARLOS OLIVEIRA DOS SANTOS,JOÃO AMBIENTAL,PSD,MASCULINO,PRETA,ENSINO FUNDAMENTAL INCOMPLETO,SERVIDOR PÚBLICO MUNICIPAL,SUPLENTE,0,Direita,Direita,300.0,0.0,2491.8,1250.0,0.0,0.0,0.0,0.0,4041.8,3741.8,0.92577564451482,1.2938901679256802,5229.645280722015,2.639150017773725,388.1670503777041,0.0,3224.1155204372103,1617.3627099071002,0.0,0.0,0.0,0.0,374.0,0.0,0.0,0.0,0.0,1.0,374.0,1.2938901679256802,483.9149228042044,0.0,483.9149228042044,0.0,0.0,0.0,0.0,0.0,0,0.5694083803907011,0.5694083803907011,0.0,PSD,-1,#NULO#,#NULO#,210000107998,PARTIDO ISOLADO,PSD,PARTIDO ISOLADO,PARTIDO:PSD,24.0,24.0,3.0,0,12519.0,194.0,12713.0,1.0,155371.0,0.0818235063171377,0.00015446898069781362,0.0018878313537324,0.818235063171377,4.643856189774724,3.777472319663104,28.0,JOAO CARLOS OLIVEIRA DOS SANTOS,0.0,0.0,0.0,0.0,0.03200644910212932,0.32006449102129314,1.0
2020,87912,PELOTAS,210000936187,MARCELO SICCA DE OLIVEIRA,SICCA,PSD,MASCULINO,BRANCA,SUPERIOR COMPLETO,EMPRESÁRIO,SUPLENTE,0,Direita,Direita,300.0,624.5,867.0,0.0,0.0,0.0,0.0,0.0,1791.5,867.0,0.4839519955344683,1.2938901679256802,2318.004235838856,1.7303157280718986,388.1670503777041,808.0344098695873,1121.8027755915648,0.0,0.0,0.0,0.0,0.0,624.5,300.0,300.0,0.0,0.0,5.0,324.5,1.2938901679256802,808.0344098695873,388.1670503777041,419.8673594918832,388.1670503777041,0.0,0.0,0.4803843074459568,4.803843074459568,1,0.8544221348746797,0.5057561630108144,0.4731811905746159,PSD,-1,#NULO#,#NULO#,210000107998,PARTIDO ISOLADO,PSD,PARTIDO ISOLADO,PARTIDO:PSD,224.0,224.0,3.0,0,12519.0,194.0,12713.0,1.0,155371.0,0.0818235063171377,0.001441710486512927,0.017619759301502398,0.818235063171377,7.813781191217037,3.777472319663104,18.0,MARCELO SICCA DE OLIVEIRA,1.0,0.0,593.0,9.214319120800766,0.03200644910212932,0.32006449102129314,1.0
2020,87912,PELOTAS,210000936190,BEATRIZ ELENA VASCONCELLOS DIAS,BEATRIZ DIAS,PSD,FEMININO,PRETA,SUPERIOR COMPLETO,ASSISTENTE SOCIAL,SUPLENTE,0,Direita,Direita,300.0,0.0,2333.4,3486.0,0.0,0.0,0.0,0.0,6119.4,5819.4,0.9509755858417492,1.2938901679256802,7917.831493604407,3.15669293954439,388.1670503777041,0.0,3019.1633178377824,4510.5011253889215,0.0,0.0,0.0,0.0,3486.0,0.0,0.0,0.0,0.0,3.0,3486.0,1.2938901679256802,4510.5011253889215,0.0,4510.5011253889215,0.0,0.0,0.0,0.0,0.0,0,2.462183523558491,2.462183523558491,0.0,PSD,-1,#NULO#,#NULO#,210000107998,PARTIDO ISOLADO,PSD,PARTIDO ISOLADO,PARTIDO:PSD,35.0,35.0,3.0,0,12519.0,194.0,12713.0,1.0,155371.0,0.0818235063171377,0.00022526726351764488,0.00275308739085975,0.818235063171377,5.169925001442312,3.777472319663104,27.0,BEATRIZ ELENA VASCONCELLOS DIAS,0.0,0.0,0.0,0.0,0.03200644910212932,0.32006449102129314,1.0
2020,87912,PELOTAS,210000936186,KEROLAINE ROSSALES CARDOSO,KEROLAINE ROSSALES,PSD,FEMININO,BRANCA,ENSINO MÉDIO COMPLETO,OUTROS,SUPLENTE,0,Direita,Direita,400.0,0.0,960.6,0.0,0.0,0.0,0.0,0.0,1360.6,960.6,0.7060120535058063,1.2938901679256802,1760.4669624796804,1.4649123349273725,517.5560671702721,0.0,1242.9108953094085,0.0,0.0,0.0,0.0,0.0,0.0,0.0,0.0,0.0,0.0,0.0,0.0,1.2938901679256802,0.0,0.0,0.0,0.0,0.0,0.0,0.0,0.0,0,0.0,0.0,0.0,PSD,-1,#NULO#,#NULO#,210000107998,PARTIDO ISOLADO,PSD,PARTIDO ISOLADO,PARTIDO:PSD,8.0,8.0,3.0,0,12519.0,194.0,12713.0,1.0,155371.0,0.0818235063171377,5.148966023260454e-05,0.0006292771179108,0.818235063171377,3.169925001442312,3.777472319663104,29.0,KEROLAINE ROSSALES CARDOSO,0.0,0.0,0.0,0.0,0.03200644910212932,0.32006449102129314,1.0
2020,87912,PELOTAS,210000936196,FERNANDO PANATIERI DE BRITO,DR PANATIERI,PSD,MASCULINO,PRETA,SUPERIOR COMPLETO,ADVOGADO,SUPLENTE,0,Direita,Direita,11700.0,2000.0,2333.4,1250.0,0.0,0.0,0.0,0.0,17283.4,3583.4,0.207331890715947,1.2938901679256802,22362.821328326703,4.546142601579911,15138.51496473046,2587.7803358513606,3019.1633178377824,1617.3627099071002,0.0,0.0,0.0,0.0,9218.0,0.0,0.0,0.0,0.0,10.0,9218.0,1.2938901679256802,11927.07956793892,0.0,11927.07956793892,0.0,0.0,0.0,0.0,0.0,0,3.692324479181644,3.692324479181644,0.0,PSD,-1,#NULO#,#NULO#,210000107998,PARTIDO ISOLADO,PSD,PARTIDO ISOLADO,PARTIDO:PSD,483.0,483.0,3.0,0,12519.0,194.0,12713.0,1.0,155371.0,0.0818235063171377,0.0031086882365434993,0.037992605993864545,0.818235063171377,8.918863237274595,3.777472319663104,9.0,FERNANDO PANATIERI DE BRITO,0.0,0.0,0.0,0.0,0.03200644910212932,0.32006449102129314,1.0
2020,87912,PELOTAS,210000724755,ZILMAR MIRANDA GONÇALVES JUNIOR,ZILMAR JUNIOR EXCURSÕES,REPUBLICANOS,MASCULINO,BRANCA,ENSINO MÉDIO COMPLETO,OUTROS,NÃO ELEITO,0,Direita,Direita,0.0,0.0,0.0,913.6,0.0,0.0,0.0,0.0,913.6,913.6,1.0,1.2938901679256802,1182.0980574169014,1.1257159338203069,0.0,0.0,0.0,1182.0980574169014,0.0,0.0,0.0,0.0,0.0,0.0,0.0,0.0,0.0,0.0,0.0,1.2938901679256802,0.0,0.0,0.0,0.0,0.0,0.0,0.0,0.0,0,0.0,0.0,0.0,REPUBLICANOS,-1,#NULO#,#NULO#,210000067601,PARTIDO ISOLADO,REPUBLICANOS,PARTIDO ISOLADO,PARTIDO:REPUBLICANOS,131.0,131.0,3.0,0,4370.0,93.0,4463.0,1.0,155371.0,0.02872479420226426,0.0008431431863088994,0.029352453506609904,0.2872479420226426,7.044394119358453,2.4496934230359075,8.0,ZILMAR MIRANDA GONCALVES JUNIOR,0.0,0.0,0.0,0.0,0.04050703285706343,0.4050703285706343,1.0
2020,87912,PELOTAS,210000724740,CRISTIANO SILVA DE VASCONCELOS,CRISTIANO VASCONCELOS,REPUBLICANOS,MASCULINO,BRANCA,SUPERIOR COMPLETO,ODONTÓLOGO,NÃO ELEITO,0,Direita,Direita,2200.0,0.0,0.0,880.8,0.0,0.0,0.0,0.0,3080.8,880.8,0.2858997662944689,1.2938901679256802,3986.216829345436,2.31794562085984,2846.5583694364964,0.0,0.0,1139.658459908939,0.0,0.0,0.0,0.0,2199.8,458.0,458.0,0.0,0.0,15.0,1741.8000000000002,1.2938901679256802,2846.299591402912,592.6016969099616,2253.69789449295,592.6016969099616,0.0,0.0,0.2082007455223202,2.0820074552232017,1,1.9434711397443445,1.702080303146165,0.6713854999184279,REPUBLICANOS,-1,#NULO#,#NULO#,210000067601,PARTIDO ISOLADO,REPUBLICANOS,PARTIDO ISOLADO,PARTIDO:REPUBLICANOS,161.0,161.0,3.0,0,4370.0,93.0,4463.0,1.0,155371.0,0.02872479420226426,0.0010362294121811664,0.036074389424154155,0.2872479420226426,7.339850002884624,2.4496934230359075,6.0,CRISTIANO SILVA DE VASCONCELOS,0.0,0.0,0.0,0.0,0.04050703285706343,0.4050703285706343,1.0
2020,87912,PELOTAS,210000724746,MARY HELEN DOS SANTOS LIMA BERNARDES,MARY HELEN,REPUBLICANOS,FEMININO,BRANCA,SUPERIOR INCOMPLETO,OUTROS,NÃO ELEITO,0,Direita,Direita,3020.0,0.0,0.0,2611.6,0.0,0.0,0.0,0.0,5631.6,2611.6,0.4637403224660842,1.2938901679256802,7286.671869690262,3.0507927963941723,3907.5483071355534,0.0,0.0,3379.1235625547065,0.0,0.0,0.0,0.0,4435.35,300.0,0.0,300.0,0.0,15.0,4135.35,1.2938901679256802,5738.855756309166,388.1670503777041,5350.688705931462,0.0,388.1670503777041,0.0,0.067638405086408,0.6763840508640806,1,2.752503645585004,2.6669130546807875,0.4731811905746159,REPUBLICANOS,-1,#NULO#,#NULO#,210000067601,PARTIDO ISOLADO,REPUBLICANOS,PARTIDO ISOLADO,PARTIDO:REPUBLICANOS,428.0,428.0,3.0,0,4370.0,93.0,4463.0,1.0,155371.0,0.02872479420226426,0.0027546968224443427,0.09589961909029801,0.2872479420226426,8.744833837499545,2.4496934230359075,2.0,MARY HELEN DOS SANTOS LIMA BERNARDES,0.0,0.0,0.0,0.0,0.04050703285706343,0.4050703285706343,1.0
2020,87912,PELOTAS,210000724751,VAGNER LEMOS BORGES,DJ VAGNER BORGES,REPUBLICANOS,MASCULINO,PRETA,SUPERIOR INCOMPLETO,OUTROS,NÃO ELEITO,0,Direita,Direita,0.0,0.0,0.0,1897.2,0.0,0.0,0.0,0.0,1897.2,1897.2,1.0,1.2938901679256802,2454.7684265886005,1.7885890098873367,0.0,0.0,0.0,2454.7684265886005,0.0,0.0,0.0,0.0,1000.0,0.0,0.0,0.0,0.0,4.0,1000.0,1.2938901679256802,1293.8901679256803,0.0,1293.8901679256803,0.0,0.0,0.0,0.0,0.0,0,1.1977963163832472,1.1977963163832472,0.0,REPUBLICANOS,-1,#NULO#,#NULO#,210000067601,PARTIDO ISOLADO,REPUBLICANOS,PARTIDO ISOLADO,PARTIDO:REPUBLICANOS,194.0,194.0,3.0,0,4370.0,93.0,4463.0,1.0,155371.0,0.02872479420226426,0.0012486242606406601,0.043468518933452834,0.2872479420226426,7.60733031374961,2.4496934230359075,5.0,VAGNER LEMOS BORGES,0.0,0.0,0.0,0.0,0.04050703285706343,0.4050703285706343,1.0
2020,87912,PELOTAS,210000724741,EDEMUNDO SOUZA DA SILVA,EDEMUNDO O AMIGO DO POVO,REPUBLICANOS,MASCULINO,BRANCA,ENSINO FUNDAMENTAL INCOMPLETO,APOSENTADO (EXCETO SERVIDOR PÚBLICO),NÃO ELEITO,0,Direita,Direita,0.0,0.0,0.0,880.8,0.0,0.0,0.0,0.0,880.8,880.8,1.0,1.2938901679256802,1139.658459908939,1.0973805267573191,0.0,0.0,0.0,1139.658459908939,0.0,0.0,0.0,0.0,0.0,0.0,0.0,0.0,0.0,0.0,0.0,1.2938901679256802,0.0,0.0,0.0,0.0,0.0,0.0,0.0,0.0,0,0.0,0.0,0.0,REPUBLICANOS,-1,#NULO#,#NULO#,210000067601,PARTIDO ISOLADO,REPUBLICANOS,PARTIDO ISOLADO,PARTIDO:REPUBLICANOS,49.0,49.0,3.0,0,4370.0,93.0,4463.0,1.0,155371.0,0.02872479420226426,0.00031537416892470283,0.010979161998655613,0.2872479420226426,5.643856189774724,2.4496934230359075,13.0,EDEMUNDO SOUZA DA SILVA,0.0,0.0,0.0,0.0,0.04050703285706343,0.4050703285706343,1.0
2020,87912,PELOTAS,210000680576,JORGE AUGUSTO DIAS ALVES,JORGINHO,PSB,MASCULINO,PRETA,ENSINO MÉDIO COMPLETO,SERVIDOR PÚBLICO MUNICIPAL,SUPLENTE,0,Esquerda,Centro,300.0,2000.0,1000.0,1256.8,0.0,0.0,0.0,0.0,4556.8,2256.8,0.4952598314606742,1.2938901679256802,5895.99871720374,2.785759506056365,388.1670503777041,2587.7803358513606,1293.8901679256803,1626.161163048995,0.0,0.0,0.0,0.0,3912.0,0.0,0.0,0.0,0.0,9.0,3912.0,1.2938901679256802,5061.698336925261,0.0,5061.698336925261,0.0,0.0,0.0,0.0,0.0,0,2.59972205755759,2.59972205755759,0.0,PSB,-1,#NULO#,#NULO#,210000061620,PARTIDO ISOLADO,PSB,PARTIDO ISOLADO,PARTIDO:PSB,607.0,607.0,3.0,0,11578.0,584.0,12162.0,1.0,155371.0,0.07827715596861705,0.003906777970148869,0.04990955434961355,0.7827715596861704,9.247927513443585,3.718306821867008,8.0,JORGE AUGUSTO DIAS ALVES,0.0,0.0,0.0,0.0,0.11976983376883304,1.1976983376883303,1.0
2020,87912,PELOTAS,210000680568,CESAR BRIZOLARA,CÉSINHA,PSB,MASCULINO,PRETA,SUPERIOR INCOMPLETO,OUTROS,ELEITO POR QP,1,Esquerda,Centro,19180.0,5623.3,10000.0,10513.6,0.0,0.0,0.0,0.0,45316.9,20513.6,0.452669975218958,1.2938901679256802,58635.09135087126,5.898089607116376,24816.813420814546,7275.932581296478,12938.901679256802,13603.443669503433,0.0,0.0,0.0,0.0,31913.3,6800.0,6800.0,0.0,778.05,38.0,25113.3,1.2938901679256802,41292.30509606261,8798.453141894626,32493.851954167985,8798.453141894626,0.0,1006.7112451545754,0.2130773063268292,2.1307730632682924,1,5.402323289920166,5.065824397346191,3.2925540124257564,PSB,-1,#NULO#,#NULO#,210000061620,PARTIDO ISOLADO,PSB,PARTIDO ISOLADO,PARTIDO:PSB,1957.0,1957.0,3.0,0,11578.0,584.0,12162.0,1.0,155371.0,0.07827715596861705,0.012595658134400885,0.16091103436934714,0.7827715596861704,10.935165049603695,3.718306821867008,1.0,CESAR BRIZOLARA,1.0,0.0,1930.0,10.91513244895065,0.11976983376883304,1.1976983376883303,1.0
2020,87912,PELOTAS,210000680589,MELISSA DIANA CEZAR DA SILVA,MELISSA CEZAR,PSB,FEMININO,BRANCA,SUPERIOR COMPLETO,"ESTUDANTE, BOLSISTA, ESTAGIÁRIO E ASSEMELHADOS",SUPLENTE,0,Esquerda,Centro,318.0,0.0,0.0,4356.8,0.0,0.0,0.0,0.0,4674.8,4356.8,0.9319756994951656,1.2938901679256802,6048.677757018971,2.817352651511344,411.4570734003663,0.0,0.0,5637.220683618604,0.0,0.0,0.0,0.0,0.0,0.0,0.0,0.0,0.0,0.0,0.0,1.2938901679256802,0.0,0.0,0.0,0.0,0.0,0.0,0.0,0.0,0,0.0,0.0,0.0,PSB,-1,#NULO#,#NULO#,210000061620,PARTIDO ISOLADO,PSB,PARTIDO ISOLADO,PARTIDO:PSB,171.0,171.0,3.0,0,11578.0,584.0,12162.0,1.0,155371.0,0.07827715596861705,0.0011005914874719221,0.014060187469166256,0.7827715596861704,7.426264754702098,3.718306821867008,14.0,MELISSA DIANA CEZAR DA SILVA,0.0,0.0,0.0,0.0,0.11976983376883304,1.1976983376883303,1.0
2020,87912,PELOTAS,210001240286,DANIEL FERREIRA FILHO,DANIEL FILHO,CIDADANIA,MASCULINO,BRANCA,SUPERIOR COMPLETO,CANTOR E COMPOSITOR,SUPLENTE,0,Centro,Centro,112.0,0.0,0.0,1150.0,0.0,0.0,0.0,0.0,1262.0,1150.0,0.9112519809825672,1.2938901679256802,1632.8893919222085,1.3966469148222125,144.9156988076762,0.0,0.0,1487.9736931145324,0.0,0.0,0.0,0.0,0.0,0.0,0.0,0.0,0.0,0.0,0.0,1.2938901679256802,0.0,0.0,0.0,0.0,0.0,0.0,0.0,0.0,0,0.0,0.0,0.0,CIDADANIA,-1,#NULO#,#NULO#,210000153454,PARTIDO ISOLADO,CIDADANIA,PARTIDO ISOLADO,PARTIDO:CIDADANIA,23.0,23.0,3.0,0,6234.0,118.0,6352.0,1.0,155371.0,0.040882790224688006,0.00014803277316873805,0.003620906801007557,0.40882790224688004,4.584962500721156,2.8781367666269477,19.0,DANIEL FERREIRA FILHO,0.0,0.0,0.0,0.0,0.026774892978262077,0.26774892978262077,1.0
2020,87912,PELOTAS,210001240550,DANUBIA GARCIA DUARTE,DANUBIA DUARTE,PV,FEMININO,PARDA,ENSINO MÉDIO COMPLETO,OUTROS,NÃO ELEITO,0,Centro,Centro,0.0,0.0,0.0,1506.43,0.0,0.0,0.0,0.0,1506.43,1506.43,1.0,1.2938901679256802,1949.1549656682823,1.560301631937545,0.0,0.0,0.0,1949.1549656682823,0.0,0.0,0.0,0.0,0.0,0.0,0.0,0.0,0.0,0.0,0.0,1.2938901679256802,0.0,0.0,0.0,0.0,0.0,0.0,0.0,0.0,0,0.0,0.0,0.0,PV,-1,#NULO#,#NULO#,210000153495,PARTIDO ISOLADO,PV,PARTIDO ISOLADO,PARTIDO:PV,76.0,76.0,3.0,0,389.0,23.0,412.0,1.0,155371.0,0.0026517175019791337,0.0004891517722097432,0.18446601941747573,0.026517175019791336,6.266786540694901,0.4977400886090932,3.0,DANUBIA GARCIA DUARTE,0.0,0.0,0.0,0.0,0.0020514816256185023,0.020514816256185023,1.0
2020,87912,PELOTAS,210001239719,CRISTIANO WACHHOLZ DA SILVA,CRISTIANO SILVA,PSDB,MASCULINO,BRANCA,SUPERIOR COMPLETO,ADVOGADO,ELEITO POR QP,1,Centro,Centro,28958.0,6600.0,0.0,6900.0,1741.0,1550.0,0.0,0.0,45749.0,6900.0,0.1508229688080613,1.2938901679256802,59194.181292431946,5.91155212960863,37468.47148279185,8539.67510830949,0.0,8927.842158687194,2252.662782358609,2005.5297602848043,0.0,0.0,27670.69,3451.1800000000003,3400.0,51.18,2600.0,49.0,24219.51,1.2938901679256802,35802.83373071944,4465.44786974175,31337.38586097769,4399.226570947313,66.22129879443631,3364.114436606769,0.1247233083092615,1.2472330830926155,1,5.201744949535436,5.015131151625996,2.4503397233410045,PSDB,-1,#NULO#,#NULO#,210000153382,PARTIDO ISOLADO,PSDB,PARTIDO ISOLADO,PARTIDO:PSDB,1771.0,1771.0,3.0,0,21809.0,2904.0,24713.0,1.0,155371.0,0.1590579966660445,0.01139852353399283,0.07166268765427103,1.590579966660445,10.791162888555018,4.684426037716597,2.0,CRISTIANO WACHHOLZ DA SILVA,0.0,0.0,0.0,0.0,0.1757936287318619,1.757936287318619,1.0
2020,87912,PELOTAS,210001258330,GRACIELE NUNES,GRACIELE NUNES,PL,FEMININO,BRANCA,ENSINO FUNDAMENTAL COMPLETO,APOSENTADO (EXCETO SERVIDOR PÚBLICO),NÃO ELEITO,0,Direita,Direita,1040.0,0.0,391.0,1400.0,0.0,0.0,0.0,0.0,2831.0,1791.0,0.6326386435888378,1.2938901679256802,3663.003065397601,2.221259378087085,1345.6457746427077,0.0,505.911055658941,1811.4462350959525,0.0,0.0,0.0,0.0,1400.0,0.0,0.0,0.0,0.0,7.0,1400.0,1.2938901679256802,1811.4462350959525,0.0,1811.4462350959525,0.0,0.0,0.0,0.0,0.0,0,1.4913124576551309,1.4913124576551309,0.0,PL,-1,#NULO#,#NULO#,210000161047,PARTIDO ISOLADO,PL,PARTIDO ISOLADO,PARTIDO:PL,48.0,48.0,3.0,0,4265.0,119.0,4384.0,1.0,155371.0,0.028216333807467287,0.00030893796139562724,0.010948905109489052,0.28216333807467286,5.614709844115208,2.42867840994823,14.0,GRACIELE NUNES,0.0,0.0,0.0,0.0,0.015160949574692833,0.15160949574692834,1.0
2020,87912,PELOTAS,210001258338,CÉSAR AUGUSTO ARAÚJO DE BARROS,CÉSAR BARROS,PL,MASCULINO,BRANCA,ENSINO MÉDIO COMPLETO,EMPRESÁRIO,NÃO ELEITO,0,Direita,Direita,0.0,0.0,391.0,400.0,0.0,0.0,0.0,0.0,791.0,791.0,1.0,1.2938901679256802,1023.467122829213,1.0168294083764573,0.0,0.0,505.911055658941,517.5560671702721,0.0,0.0,0.0,0.0,400.0,200.0,200.0,0.0,0.0,5.0,200.0,1.2938901679256802,517.5560671702721,258.77803358513603,258.77803358513603,258.77803358513603,0.0,0.0,0.5,5.0,1,0.6017498188429086,0.3320239080941438,0.3320239080941438,PL,-1,#NULO#,#NULO#,210000161047,PARTIDO ISOLADO,PL,PARTIDO ISOLADO,PARTIDO:PL,8.0,8.0,3.0,0,4265.0,119.0,4384.0,1.0,155371.0,0.028216333807467287,5.148966023260454e-05,0.0018248175182481751,0.28216333807467286,3.169925001442312,2.42867840994823,17.0,CESAR AUGUSTO ARAUJO DE BARROS,1.0,0.0,23.0,4.584962500721156,0.015160949574692833,0.15160949574692834,1.0
2020,87912,PELOTAS,210001258326,DANIELA RODRIGUES JACONDINO,DANI JACO,PL,FEMININO,BRANCA,SUPERIOR COMPLETO,SERVIDOR PÚBLICO ESTADUAL,NÃO ELEITO,0,Direita,Direita,0.0,0.0,391.0,1092.19,0.0,0.0,0.0,0.0,1483.19,1483.19,1.0,1.2938901679256802,1919.0849581656896,1.545516200199777,0.0,0.0,505.911055658941,1413.1739025067488,0.0,0.0,0.0,0.0,1092.19,130.0,130.0,0.0,0.0,10.0,962.19,1.2938901679256802,1413.1739025067488,168.20572183033843,1244.9681806764104,168.20572183033843,0.0,0.0,0.1190269092374037,1.190269092374037,1,1.2709318854019382,1.166694996901536,0.2242943561786289,PL,-1,#NULO#,#NULO#,210000161047,PARTIDO ISOLADO,PL,PARTIDO ISOLADO,PARTIDO:PL,42.0,42.0,3.0,0,4265.0,119.0,4384.0,1.0,155371.0,0.028216333807467287,0.00027032071622117384,0.00958029197080292,0.28216333807467286,5.426264754702098,2.42867840994823,15.0,DANIELA RODRIGUES JACONDINO,0.0,0.0,0.0,0.0,0.015160949574692833,0.15160949574692834,1.0
2020,87912,PELOTAS,210001239557,LUIZ FERNANDO TEIXEIRA DOS SANTOS,FERNANDO SANTOS,MDB,MASCULINO,BRANCA,ENSINO MÉDIO INCOMPLETO,SERVIDOR PÚBLICO MUNICIPAL,NÃO ELEITO,0,Centro,Centro,300.0,0.0,0.0,0.0,704.5,0.0,0.0,0.0,1004.5,0.0,0.0,1.2938901679256802,1299.712673681346,1.201453621974298,388.1670503777041,0.0,0.0,0.0,911.5456233036416,0.0,0.0,0.0,0.0,0.0,0.0,0.0,0.0,0.0,0.0,1.2938901679256802,0.0,0.0,0.0,0.0,0.0,0.0,0.0,0.0,0,0.0,0.0,0.0,MDB,-1,#NULO#,#NULO#,210000153356,PARTIDO ISOLADO,MDB,PARTIDO ISOLADO,PARTIDO:MDB,44.0,44.0,3.0,0,3733.0,200.0,3933.0,1.0,155371.0,0.025313604211854208,0.000283193131279325,0.011187388761759471,0.25313604211854207,5.491853096329675,2.302465287332405,15.0,LUIZ FERNANDO TEIXEIRA DOS SANTOS,0.0,0.0,0.0,0.0,0.03540334686162228,0.3540334686162228,1.0
2020,87912,PELOTAS,210001239472,VELOCINO CARDOSO VIEIRA,VELOCINO CARDOSO,PTB,MASCULINO,PRETA,ENSINO MÉDIO COMPLETO,OUTROS,SUPLENTE,0,Direita,Direita,350.0,2000.0,1500.0,3500.0,0.0,0.0,0.0,0.0,7350.0,5000.0,0.6802721088435374,1.2938901679256802,9510.092734253749,3.3937034936506105,452.86155877398807,2587.7803358513606,1940.8352518885204,4528.6155877398805,0.0,0.0,0.0,0.0,6703.0,0.0,0.0,0.0,0.0,10.0,6703.0,1.2938901679256802,8672.945795605834,0.0,8672.945795605834,0.0,0.0,0.0,0.0,0.0,0,3.273955314471205,3.273955314471205,0.0,PTB,-1,#NULO#,#NULO#,210000153345,PARTIDO ISOLADO,PTB,PARTIDO ISOLADO,PARTIDO:PTB,325.0,325.0,3.0,0,17634.0,373.0,18007.0,1.0,155371.0,0.11589678897606374,0.0020917674469495594,0.01804853668017993,1.1589678897606375,8.348728154231077,4.248458934781782,19.0,VELOCINO CARDOSO VIEIRA,1.0,0.0,823.0,9.686500527183219,0.10380274642797575,1.0380274642797576,1.0
2020,87912,PELOTAS,210001239483,RENÉLCIO DA ROSA CAMARGO,RENÉLCIO CAMARGO,PTB,MASCULINO,BRANCA,ENSINO FUNDAMENTAL INCOMPLETO,OUTROS,SUPLENTE,0,Direita,Direita,300.0,0.0,0.0,0.0,0.0,0.0,0.0,0.0,300.0,0.0,0.0,1.2938901679256802,388.1670503777041,0.4731811905746159,388.1670503777041,0.0,0.0,0.0,0.0,0.0,0.0,0.0,0.0,0.0,0.0,0.0,0.0,0.0,0.0,1.2938901679256802,0.0,0.0,0.0,0.0,0.0,0.0,0.0,0.0,0,0.0,0.0,0.0,PTB,-1,#NULO#,#NULO#,210000153345,PARTIDO ISOLADO,PTB,PARTIDO ISOLADO,PARTIDO:PTB,136.0,136.0,3.0,0,17634.0,373.0,18007.0,1.0,155371.0,0.11589678897606374,0.0008753242239542771,0.007552618426167602,1.1589678897606375,7.098032082960526,4.248458934781782,23.0,RENELCIO DA ROSA CAMARGO,0.0,0.0,0.0,0.0,0.10380274642797575,1.0380274642797576,1.0
2020,87912,PELOTAS,210001239462,ROBERTO GUSTAVO ENGELBRECHT,ROBERTO ENGEL ALEMAO DO KROLOW,PTB,MASCULINO,BRANCA,SUPERIOR COMPLETO,SERVIDOR PÚBLICO FEDERAL,SUPLENTE,0,Direita,Direita,0.0,0.0,5000.0,0.0,0.0,0.0,0.0,0.0,5000.0,5000.0,1.0,1.2938901679256802,6469.450839628401,2.901002178748346,0.0,0.0,6469.450839628401,0.0,0.0,0.0,0.0,0.0,4990.0,0.0,0.0,0.0,0.0,3.0,4990.0,1.2938901679256802,6456.511937949144,0.0,6456.511937949144,0.0,0.0,0.0,0.0,0.0,0,2.898500913772513,2.898500913772513,0.0,PTB,-1,#NULO#,#NULO#,210000153345,PARTIDO ISOLADO,PTB,PARTIDO ISOLADO,PARTIDO:PTB,441.0,441.0,3.0,0,17634.0,373.0,18007.0,1.0,155371.0,0.11589678897606374,0.002838367520322325,0.024490475926028765,1.1589678897606375,8.787902559391432,4.248458934781782,16.0,ROBERTO GUSTAVO ENGELBRECHT,0.0,0.0,0.0,0.0,0.10380274642797575,1.0380274642797576,1.0
2020,87912,PELOTAS,210001239452,ALDO BRUNO FERREIRA CHIATTONE,TENENTE BRUNO,PTB,MASCULINO,BRANCA,SUPERIOR COMPLETO,SERVIDOR PÚBLICO ESTADUAL,SUPLENTE,0,Direita,Direita,3750.0,7002.5,0.0,0.0,2580.22,0.0,0.0,0.0,13332.72,0.0,0.0,1.2938901679256802,17251.075319706073,4.189909562315899,4852.088129721301,9060.465900899577,0.0,0.0,3338.5212890851985,0.0,0.0,0.0,8002.5,0.0,0.0,0.0,0.0,14.0,8002.5,1.2938901679256802,10354.356068825256,0.0,10354.356068825256,0.0,0.0,0.0,0.0,0.0,0,3.505173984758256,3.505173984758256,0.0,PTB,-1,#NULO#,#NULO#,210000153345,PARTIDO ISOLADO,PTB,PARTIDO ISOLADO,PARTIDO:PTB,875.0,875.0,3.0,0,17634.0,373.0,18007.0,1.0,155371.0,0.11589678897606374,0.0056316815879411215,0.04859221413894597,1.1589678897606375,9.774787059601174,4.248458934781782,5.0,ALDO BRUNO FERREIRA CHIATTONE,0.0,0.0,0.0,0.0,0.10380274642797575,1.0380274642797576,1.0
2020,87912,PELOTAS,210001239684,JOSE ANTONIO DA SILVA,SEU ZÉ,DEM,MASCULINO,PRETA,ENSINO FUNDAMENTAL INCOMPLETO,CATADOR DE RECICLÁVEIS,SUPLENTE,0,Direita,Direita,550.0,1310.0,0.0,0.0,0.0,0.0,0.0,0.0,1860.0,0.0,0.0,1.2938901679256802,2406.635712341765,1.7683476814826644,711.6395923591241,1694.9961199826412,0.0,0.0,0.0,0.0,0.0,0.0,1310.0,0.0,0.0,0.0,0.0,3.0,1310.0,1.2938901679256802,1694.9961199826412,0.0,1694.9961199826412,0.0,0.0,0.0,0.0,0.0,0,1.4302831959143925,1.4302831959143925,0.0,DEM,-1,#NULO#,#NULO#,210000153379,PARTIDO ISOLADO,DEM,PARTIDO ISOLADO,PARTIDO:DEM,124.0,124.0,3.0,0,7198.0,261.0,7459.0,1.0,155371.0,0.04800767195937466,0.0007980897336053703,0.016624212360906287,0.48007671959374654,6.965784284662087,3.0804871219370367,17.0,JOSE ANTONIO DA SILVA,1.0,0.0,272.0,8.092757140919852,0.07133485294935231,0.713348529493523,1.0
2020,87912,PELOTAS,210001239697,ANDRE FLORINDO,ANDRE FLORINDO,DEM,MASCULINO,PARDA,ENSINO MÉDIO COMPLETO,COMERCIANTE,SUPLENTE,0,Direita,Direita,550.0,4030.0,0.0,0.0,0.0,0.0,0.0,0.0,4580.0,0.0,0.0,1.2938901679256802,5926.016969099615,2.7920259222169017,711.6395923591241,5214.377376740491,0.0,0.0,0.0,0.0,0.0,0.0,4017.0,0.0,0.0,0.0,0.0,8.0,4017.0,1.2938901679256802,5197.556804557457,0.0,5197.556804557457,0.0,0.0,0.0,0.0,0.0,0,2.631699589591993,2.631699589591993,0.0,DEM,-1,#NULO#,#NULO#,210000153379,PARTIDO ISOLADO,DEM,PARTIDO ISOLADO,PARTIDO:DEM,193.0,193.0,3.0,0,7198.0,261.0,7459.0,1.0,155371.0,0.04800767195937466,0.0012421880531115845,0.025874782142378334,0.48007671959374654,7.599912842187128,3.0804871219370367,10.0,ANDRE FLORINDO,0.0,0.0,0.0,0.0,0.07133485294935231,0.713348529493523,1.0
2020,87912,PELOTAS,210001239681,JOAO HENRIQUE DA SILVA PAIS,HENRIQUE,DEM,MASCULINO,PRETA,ENSINO MÉDIO COMPLETO,APOSENTADO (EXCETO SERVIDOR PÚBLICO),SUPLENTE,0,Direita,Direita,300.0,200.0,0.0,0.0,0.0,0.0,0.0,0.0,500.0,0.0,0.0,1.2938901679256802,646.9450839628402,0.7197924503797853,388.1670503777041,258.77803358513603,0.0,0.0,0.0,0.0,0.0,0.0,200.0,0.0,0.0,0.0,0.0,1.0,200.0,1.2938901679256802,258.77803358513603,0.0,258.77803358513603,0.0,0.0,0.0,0.0,0.0,0,0.3320239080941438,0.3320239080941438,0.0,DEM,-1,#NULO#,#NULO#,210000153379,PARTIDO ISOLADO,DEM,PARTIDO ISOLADO,PARTIDO:DEM,178.0,178.0,3.0,0,7198.0,261.0,7459.0,1.0,155371.0,0.04800767195937466,0.001145644940175451,0.02386378871162354,0.48007671959374654,7.483815777264256,3.0804871219370367,11.0,JOAO HENRIQUE DA SILVA PAIS,0.0,0.0,0.0,0.0,0.07133485294935231,0.713348529493523,1.0
2020,87912,PELOTAS,210001239680,ALCY DOS SANTOS MORAES,PROF ALCY MORAES,DEM,MASCULINO,BRANCA,SUPERIOR COMPLETO,APOSENTADO (EXCETO SERVIDOR PÚBLICO),SUPLENTE,0,Direita,Direita,0.0,0.0,0.0,4695.0,0.0,0.0,0.0,0.0,4695.0,4695.0,1.0,1.2938901679256802,6074.814338411069,2.822692288358911,0.0,0.0,0.0,6074.814338411069,0.0,0.0,0.0,0.0,4695.0,0.0,0.0,0.0,0.0,1.0,4695.0,1.2938901679256802,6074.814338411069,0.0,6074.814338411069,0.0,0.0,0.0,0.0,0.0,0,2.822692288358911,2.822692288358911,0.0,DEM,-1,#NULO#,#NULO#,210000153379,PARTIDO ISOLADO,DEM,PARTIDO ISOLADO,PARTIDO:DEM,112.0,112.0,3.0,0,7198.0,261.0,7459.0,1.0,155371.0,0.04800767195937466,0.0007208552432564635,0.015015417616302453,0.48007671959374654,6.820178962415188,3.0804871219370367,20.0,ALCY DOS SANTOS MORAES,0.0,0.0,0.0,0.0,0.07133485294935231,0.713348529493523,1.0
2020,87912,PELOTAS,210001239200,ALFREDO CAMARGO DE OLIVEIRA,ALFREDO C DE OLIVEIRA,PDT,MASCULINO,BRANCA,ENSINO MÉDIO COMPLETO,MOTORISTA PARTICULAR,NÃO ELEITO,0,Esquerda,Centro,350.0,0.0,0.0,0.0,0.0,0.0,0.0,0.0,350.0,0.0,0.0,1.2938901679256802,452.86155877398807,0.5388972370479402,452.86155877398807,0.0,0.0,0.0,0.0,0.0,0.0,0.0,0.0,0.0,0.0,0.0,0.0,0.0,0.0,1.2938901679256802,0.0,0.0,0.0,0.0,0.0,0.0,0.0,0.0,0,0.0,0.0,0.0,,,,,,,,,PARTIDO:PDT,0.0,0.0,,1,10446.0,538.0,10984.0,1.0,155371.0,0.07069530349936604,0.0,0.0,0.7069530349936604,0.0,3.583037623796664,27.0,ALFREDO CAMARGO DE OLIVEIRA,0.0,0.0,0.0,0.0,0.13439150497581587,1.3439150497581587,1.0
2020,87912,PELOTAS,210001181734,MARINA DE ANDRADE LIMA,MARINA LIMA,PT,FEMININO,BRANCA,ENSINO MÉDIO COMPLETO,OUTROS,NÃO ELEITO,0,Esquerda,Esquerda,0.0,0.0,0.0,4112.5,0.0,0.0,0.0,0.0,4112.5,4112.5,1.0,1.2938901679256802,5321.12331559436,2.6601809599580224,0.0,0.0,0.0,5321.12331559436,0.0,0.0,0.0,0.0,988.4,0.0,0.0,0.0,0.0,8.0,988.4,1.2938901679256802,1278.8810419777424,0.0,1278.8810419777424,0.0,0.0,0.0,0.0,0.0,0,1.1883256176141757,1.1883256176141757,0.0,,,,,,,,,PARTIDO:PT,0.0,0.0,,1,9912.0,1295.0,11207.0,1.0,155371.0,0.07213057777834989,0.0,0.0,0.7213057777834988,0.0,3.60963678113278,24.0,MARINA DE ANDRADE LIMA,0.0,0.0,0.0,0.0,0.09040974036804358,0.9040974036804358,1.0
2020,87912,PELOTAS,210001240917,INÁCIO DIAS DOS SANTOS,TONI SANTOS,SOLIDARIEDADE,MASCULINO,PRETA,ENSINO FUNDAMENTAL COMPLETO,MÚSICO,NÃO ELEITO,0,Centro,Centro,0.0,0.0,0.0,0.0,0.0,0.0,0.0,0.0,0.0,0.0,,1.2938901679256802,0.0,0.0,0.0,0.0,0.0,0.0,0.0,0.0,0.0,0.0,0.0,0.0,0.0,0.0,0.0,0.0,0.0,1.2938901679256802,0.0,0.0,0.0,0.0,0.0,0.0,0.0,0.0,0,0.0,0.0,0.0,,,,,,,,,PARTIDO:SOLIDARIEDADE,0.0,0.0,,1,58.0,34.0,92.0,1.0,155371.0,0.0005921310926749522,0.0,0.0,0.005921310926749522,0.0,0.12697285625776553,2.0,INACIO DIAS DOS SANTOS,1.0,0.0,162.0,7.348728154231077,0.0032301106354589424,0.03230110635458942,1.0
2020,87912,PELOTAS,210001258329,JORGE LUIS EDOM FIGUEIREDO,JORGE FIGUEIREDO,PL,MASCULINO,BRANCA,ENSINO MÉDIO COMPLETO,TERAPEUTA,NÃO ELEITO,0,Direita,Direita,0.0,0.0,391.0,400.0,0.0,0.0,0.0,0.0,791.0,791.0,1.0,1.2938901679256802,1023.467122829213,1.0168294083764573,0.0,0.0,505.911055658941,517.5560671702721,0.0,0.0,0.0,0.0,400.0,0.0,0.0,0.0,0.0,3.0,400.0,1.2938901679256802,517.5560671702721,0.0,517.5560671702721,0.0,0.0,0.0,0.0,0.0,0,0.6017498188429086,0.6017498188429086,0.0,,,,,,,,,PARTIDO:PL,0.0,0.0,,1,4265.0,119.0,4384.0,1.0,155371.0,0.028216333807467287,0.0,0.0,0.28216333807467286,0.0,2.42867840994823,18.0,JORGE LUIS EDOM FIGUEIREDO,0.0,0.0,0.0,0.0,0.015160949574692833,0.15160949574692834,1.0
2020,87912,PELOTAS,210001258337,SANTO ADRIANO FERNANDES,SANTO ADRIANO,PL,MASCULINO,PRETA,ENSINO FUNDAMENTAL INCOMPLETO,SACERDOTE OU MEMBRO DE ORDEM OU SEITA RELIGIOSA,NÃO ELEITO,0,Direita,Direita,0.0,0.0,391.0,0.0,0.0,0.0,0.0,0.0,391.0,391.0,1.0,1.2938901679256802,505.911055658941,0.5906365619426526,0.0,0.0,505.911055658941,0.0,0.0,0.0,0.0,0.0,0.0,0.0,0.0,0.0,0.0,0.0,0.0,1.2938901679256802,0.0,0.0,0.0,0.0,0.0,0.0,0.0,0.0,0,0.0,0.0,0.0,,,,,,,,,PARTIDO:PL,0.0,0.0,,1,4265.0,119.0,4384.0,1.0,155371.0,0.028216333807467287,0.0,0.0,0.28216333807467286,0.0,2.42867840994823,18.0,SANTO ADRIANO FERNANDES,0.0,0.0,0.0,0.0,0.015160949574692833,0.15160949574692834,1.0
2020,87912,PELOTAS,210001239455,EDER RICARDO BLANK,EDER BLANK - PATACA,PTB,MASCULINO,BRANCA,ENSINO FUNDAMENTAL INCOMPLETO,VEREADOR,NÃO ELEITO,0,Direita,Direita,8760.0,3000.0,0.0,0.0,0.0,0.0,0.0,0.0,11760.0,0.0,0.0,1.2938901679256802,15216.148374806,4.019359289262231,11334.47787102896,3881.6705037770407,0.0,0.0,0.0,0.0,0.0,0.0,5090.1,510.0,510.0,0.0,0.0,23.0,4580.1,1.2938901679256802,6586.030343758505,659.883985642097,5926.146358116409,659.883985642097,0.0,0.0,0.100194495196558,1.00194495196558,1,2.923345142354845,2.7920528738039527,0.7310824107361765,,,,,,,,,PARTIDO:PTB,0.0,0.0,,1,17634.0,373.0,18007.0,1.0,155371.0,0.11589678897606374,0.0,0.0,1.1589678897606375,0.0,4.248458934781782,31.0,EDER RICARDO BLANK,1.0,1.0,2395.0,11.226412192788786,0.10380274642797575,1.0380274642797576,1.0
2020,87912,PELOTAS,210001239690,ROSANE MARGARETE CAMARGO DUARTE,ROSANE DUARTE,DEM,FEMININO,BRANCA,ENSINO FUNDAMENTAL COMPLETO,COMERCIANTE,NÃO ELEITO,0,Direita,Direita,550.0,0.0,0.0,0.0,0.0,0.0,0.0,0.0,550.0,0.0,0.0,1.2938901679256802,711.6395923591241,0.7753789557961334,711.6395923591241,0.0,0.0,0.0,0.0,0.0,0.0,0.0,0.0,0.0,0.0,0.0,0.0,0.0,0.0,1.2938901679256802,0.0,0.0,0.0,0.0,0.0,0.0,0.0,0.0,0,0.0,0.0,0.0,,,,,,,,,PARTIDO:DEM,0.0,0.0,,1,7198.0,261.0,7459.0,1.0,155371.0,0.04800767195937466,0.0,0.0,0.48007671959374654,0.0,3.0804871219370367,30.0,ROSANE MARGARETE CAMARGO DUARTE,0.0,0.0,0.0,0.0,0.07133485294935231,0.713348529493523,1.0
2020,87912,PELOTAS,210000863532,PAULO ABEL SCHEIRAM BAPTISTA,ABEL DO GAS,PSOL,MASCULINO,BRANCA,ENSINO FUNDAMENTAL INCOMPLETO,COMERCIANTE,SUPLENTE,0,Esquerda,Esquerda,0.0,0.0,0.0,1305.62,0.0,0.0,0.0,0.0,1305.62,1305.62,1.0,1.2938901679256802,1689.3288810471263,1.427246194795206,0.0,0.0,0.0,1689.3288810471263,0.0,0.0,0.0,0.0,0.0,0.0,0.0,0.0,0.0,0.0,0.0,1.2938901679256802,0.0,0.0,0.0,0.0,0.0,0.0,0.0,0.0,0,0.0,0.0,0.0,PSOL,-1,#NULO#,#NULO#,210000094655,PARTIDO ISOLADO,PSOL,PARTIDO ISOLADO,PARTIDO:PSOL,294.0,294.0,3.0,0,11850.0,554.0,12404.0,1.0,155371.0,0.07983471819065334,0.0018922450135482169,0.023702031602708805,0.7983471819065333,8.204571144249204,3.744591686542384,7.0,PAULO ABEL SCHEIRAM BAPTISTA,0.0,0.0,0.0,0.0,0.05199866570300773,0.5199866570300773,1.0
2020,87912,PELOTAS,210001240301,JULIANA MENDEZ JEANNES,JULIANA JEANNES,AVANTE,FEMININO,BRANCA,SUPERIOR COMPLETO,ADVOGADO,NÃO ELEITO,0,Centro,Centro,0.0,0.0,0.0,0.0,0.0,0.0,0.0,0.0,0.0,0.0,,1.2938901679256802,0.0,0.0,0.0,0.0,0.0,0.0,0.0,0.0,0.0,0.0,0.0,0.0,0.0,0.0,0.0,0.0,0.0,1.2938901679256802,0.0,0.0,0.0,0.0,0.0,0.0,0.0,0.0,0,0.0,0.0,0.0,AVANTE,-1,#NULO#,#NULO#,210000153455,PARTIDO ISOLADO,AVANTE,PARTIDO ISOLADO,PARTIDO:AVANTE,5.0,5.0,3.0,0,1892.0,34.0,1926.0,1.0,155371.0,0.012396135700999542,3.218103764537784e-05,0.002596053997923157,0.12396135700999542,2.584962500721156,1.5489297694764,11.0,JULIANA MENDEZ JEANNES,0.0,0.0,0.0,0.0,0.010735531216990049,0.10735531216990048,1.0
2020,87912,PELOTAS,210001240294,SUELEN BOZEMBECKER WITTE,SULI WITTE,AVANTE,FEMININO,BRANCA,ENSINO MÉDIO COMPLETO,MANICURE E MAQUILADOR,NÃO ELEITO,0,Centro,Centro,1400.0,0.0,0.0,0.0,0.0,0.0,0.0,0.0,1400.0,0.0,0.0,1.2938901679256802,1811.4462350959525,1.4913124576551309,1811.4462350959525,0.0,0.0,0.0,0.0,0.0,0.0,0.0,1400.0,0.0,0.0,0.0,550.0,5.0,1400.0,1.2938901679256802,1811.4462350959525,0.0,1811.4462350959525,0.0,0.0,711.6395923591241,0.0,0.0,0,1.4913124576551309,1.4913124576551309,0.0,AVANTE,-1,#NULO#,#NULO#,210000153455,PARTIDO ISOLADO,AVANTE,PARTIDO ISOLADO,PARTIDO:AVANTE,275.0,275.0,3.0,0,1892.0,34.0,1926.0,1.0,155371.0,0.012396135700999542,0.001769957070495781,0.14278296988577363,0.12396135700999542,8.108524456778168,1.5489297694764,2.0,SUELEN BOZEMBECKER WITTE,0.0,0.0,0.0,0.0,0.010735531216990049,0.10735531216990048,1.0
2020,87912,PELOTAS,210001240304,LUCIANO DE AZAMBUJA REINHARDT,CORREGEDOR LUCIANO,AVANTE,MASCULINO,BRANCA,ENSINO MÉDIO COMPLETO,COMERCIANTE,NÃO ELEITO,0,Centro,Centro,0.0,0.0,0.0,0.0,0.0,0.0,0.0,0.0,0.0,0.0,,1.2938901679256802,0.0,0.0,0.0,0.0,0.0,0.0,0.0,0.0,0.0,0.0,0.0,0.0,0.0,0.0,0.0,0.0,0.0,1.2938901679256802,0.0,0.0,0.0,0.0,0.0,0.0,0.0,0.0,0,0.0,0.0,0.0,AVANTE,-1,#NULO#,#NULO#,210000153455,PARTIDO ISOLADO,AVANTE,PARTIDO ISOLADO,PARTIDO:AVANTE,159.0,159.0,3.0,0,1892.0,34.0,1926.0,1.0,155371.0,0.012396135700999542,0.0010233569971230152,0.08255451713395638,0.12396135700999542,7.321928094887363,1.5489297694764,3.0,LUCIANO DE AZAMBUJA REINHARDT,1.0,0.0,245.0,7.94251450533924,0.010735531216990049,0.10735531216990048,1.0
2020,87912,PELOTAS,210000838220,EDER BRUM CONCEIÇÃO,EDER VIDA,PATRIOTA,MASCULINO,PRETA,ENSINO MÉDIO COMPLETO,SERVIDOR PÚBLICO MUNICIPAL,NÃO ELEITO,0,Direita,Direita,5890.0,130.0,0.0,0.0,0.0,0.0,0.0,0.0,6020.0,0.0,0.0,1.2938901679256802,7789.218810912595,3.1357349437866784,7621.013089082257,168.20572183033843,0.0,0.0,0.0,0.0,0.0,0.0,5870.0,1130.0,1130.0,0.0,0.0,11.0,4740.0,1.2938901679256802,7595.1352857237425,1462.0958897560188,6133.039395967724,1462.0958897560188,0.0,0.0,0.1925042589437819,1.9250425894378196,1,3.103520347615695,2.834516941626705,1.299886950685705,PATRIOTA,-1,#NULO#,#NULO#,210000089031,PARTIDO ISOLADO,PATRIOTA,PARTIDO ISOLADO,PARTIDO:PATRIOTA,255.0,255.0,3.0,0,4091.0,76.0,4167.0,1.0,155371.0,0.02681967677365789,0.0016412329199142698,0.061195104391648665,0.26819676773657886,8.0,2.3693268837627732,4.0,EDER BRUM CONCEICAO,0.0,0.0,0.0,0.0,0.003391338188691833,0.03391338188691832,1.0
2020,87912,PELOTAS,210000838219,ANDRÉ ROBERTO AMARAL MACARIO,ANDRÉ MACARIO,PATRIOTA,MASCULINO,PRETA,ENSINO FUNDAMENTAL INCOMPLETO,VIGILANTE,NÃO ELEITO,0,Direita,Direita,5260.2,0.0,0.0,0.0,0.0,200.0,0.0,0.0,5460.2,0.0,0.0,1.2938901679256802,7064.899094907799,3.011656483016776,6806.121061322663,0.0,0.0,0.0,0.0,258.77803358513603,0.0,0.0,1960.2,300.0,300.0,0.0,0.0,18.0,1660.2,1.2938901679256802,2536.2835071679183,388.1670503777041,2148.116456790214,388.1670503777041,0.0,0.0,0.1530456075910621,1.5304560759106214,1,1.8222339415815052,1.6544889107710965,0.4731811905746159,PATRIOTA,-1,#NULO#,#NULO#,210000089031,PARTIDO ISOLADO,PATRIOTA,PARTIDO ISOLADO,PARTIDO:PATRIOTA,247.0,247.0,3.0,0,4091.0,76.0,4167.0,1.0,155371.0,0.02681967677365789,0.001589743259681665,0.05927525797936165,0.26819676773657886,7.954196310386875,2.3693268837627732,5.0,ANDRE ROBERTO AMARAL MACARIO,0.0,0.0,0.0,0.0,0.003391338188691833,0.03391338188691832,1.0
2020,87912,PELOTAS,210000838232,SANDRA HELENA GULARTE COSTA TAVARES,SANDRA GULARTE,PATRIOTA,FEMININO,PRETA,SUPERIOR COMPLETO,SERVIDOR PÚBLICO MUNICIPAL,NÃO ELEITO,0,Direita,Direita,0.0,1056.17,0.0,0.0,0.0,233.83,0.0,0.0,1290.0,0.0,0.0,1.2938901679256802,1669.1183166241276,1.4163632586546828,0.0,1366.5679786580658,0.0,0.0,0.0,302.5503379660618,0.0,0.0,1290.0,0.0,0.0,0.0,0.0,7.0,1290.0,1.2938901679256802,1669.1183166241276,0.0,1669.1183166241276,0.0,0.0,0.0,0.0,0.0,0,1.4163632586546828,1.4163632586546828,0.0,PATRIOTA,-1,#NULO#,#NULO#,210000089031,PARTIDO ISOLADO,PATRIOTA,PARTIDO ISOLADO,PARTIDO:PATRIOTA,270.0,270.0,3.0,0,4091.0,76.0,4167.0,1.0,155371.0,0.02681967677365789,0.0017377760328504033,0.06479481641468683,0.26819676773657886,8.08214904135387,2.3693268837627732,2.0,SANDRA HELENA GULARTE COSTA TAVARES,0.0,0.0,0.0,0.0,0.003391338188691833,0.03391338188691832,1.0
2020,87912,PELOTAS,210000838222,GERSON LUIS DA COSTA ZIEBELL,GERSON ZIEBELL-SULISTA,PATRIOTA,MASCULINO,BRANCA,SUPERIOR INCOMPLETO,EMPRESÁRIO,NÃO ELEITO,0,Direita,Direita,250.0,1700.0,0.0,0.0,0.0,0.0,0.0,0.0,1950.0,0.0,0.0,1.2938901679256802,2523.0858274550765,1.8168396213942013,323.4725419814201,2199.613285473657,0.0,0.0,0.0,0.0,0.0,0.0,1700.0,930.0,930.0,0.0,0.0,5.0,770.0,1.2938901679256802,2199.613285473657,1203.3178561708826,996.2954293027738,1203.3178561708826,0.0,0.0,0.5470588235294118,5.470588235294118,1,1.6778975473490707,0.9973252391376072,1.1396776368647887,PATRIOTA,-1,#NULO#,#NULO#,210000089031,PARTIDO ISOLADO,PATRIOTA,PARTIDO ISOLADO,PARTIDO:PATRIOTA,258.0,258.0,3.0,0,4091.0,76.0,4167.0,1.0,155371.0,0.02681967677365789,0.0016605415425014964,0.0619150467962563,0.26819676773657886,8.016808287686555,2.3693268837627732,3.0,GERSON LUIS DA COSTA ZIEBELL,0.0,0.0,0.0,0.0,0.003391338188691833,0.03391338188691832,1.0
2020,87912,PELOTAS,210000838221,EPAMINONDAS DAMASCENO COSTA,PROFESSOR EPAMINONDAS COSTA,PATRIOTA,MASCULINO,BRANCA,SUPERIOR COMPLETO,SERVIDOR PÚBLICO MUNICIPAL,NÃO ELEITO,0,Direita,Direita,400.0,305.0,0.0,0.0,0.0,0.0,0.0,0.0,705.0,0.0,0.0,1.2938901679256802,912.1925683876044,0.93522781801975,517.5560671702721,394.63650121733247,0.0,0.0,0.0,0.0,0.0,0.0,305.0,0.0,0.0,0.0,0.0,2.0,305.0,1.2938901679256802,394.63650121733247,0.0,394.63650121733247,0.0,0.0,0.0,0.0,0.0,0,0.479889146264167,0.479889146264167,0.0,PATRIOTA,-1,#NULO#,#NULO#,210000089031,PARTIDO ISOLADO,PATRIOTA,PARTIDO ISOLADO,PARTIDO:PATRIOTA,73.0,73.0,3.0,0,4091.0,76.0,4167.0,1.0,155371.0,0.02681967677365789,0.0004698431496225164,0.01751859851211903,0.26819676773657886,6.20945336562895,2.3693268837627732,14.0,EPAMINONDAS DAMASCENO COSTA,0.0,0.0,0.0,0.0,0.003391338188691833,0.03391338188691832,1.0
2020,87912,PELOTAS,210000838226,MARCELO DANTAS RITTA,MARCELO BAGÉ,PATRIOTA,MASCULINO,BRANCA,SUPERIOR COMPLETO,SERVENTUÁRIO DE JUSTIÇA,NÃO ELEITO,0,Direita,Direita,12554.0,3000.0,0.0,0.0,0.0,263.15,0.0,0.0,15817.15,0.0,0.0,1.2938901679256802,20465.654869605674,4.423958281776097,16243.497168138989,3881.6705037770407,0.0,0.0,0.0,340.4871976896427,0.0,0.0,14973.45,2000.0,2000.0,0.0,1000.0,15.0,12973.45,1.2938901679256802,19373.999734926776,2587.7803358513606,16786.219399075417,2587.7803358513606,0.0,1293.8901679256803,0.1335697517940087,1.3356975179400872,1,4.348657326604859,4.152687981892844,1.8430915630333269,PATRIOTA,-1,#NULO#,#NULO#,210000089031,PARTIDO ISOLADO,PATRIOTA,PARTIDO ISOLADO,PARTIDO:PATRIOTA,1491.0,1491.0,3.0,0,4091.0,76.0,4167.0,1.0,155371.0,0.02681967677365789,0.00959638542585167,0.3578113750899928,0.26819676773657886,10.543031820255237,2.3693268837627732,1.0,MARCELO DANTAS RITTA,0.0,0.0,0.0,0.0,0.003391338188691833,0.03391338188691832,1.0
2020,87912,PELOTAS,210001239218,ELIANE SOARES SÁ BRITTO BITENCOURT,PROFESSORA ELIANE,PDT,FEMININO,BRANCA,SUPERIOR COMPLETO,PROFESSOR DE ENSINO MÉDIO,SUPLENTE,0,Esquerda,Centro,500.0,2084.0,0.0,2000.0,480.0,0.0,0.0,0.0,5064.0,2000.0,0.3949447077409163,1.2938901679256802,6552.2598103756445,2.9169083966771243,646.9450839628402,2696.467109957118,0.0,2587.7803358513606,621.0672806043265,0.0,0.0,0.0,4284.0,0.0,0.0,0.0,200.0,16.0,4284.0,1.2938901679256802,5543.025479393614,0.0,5543.025479393614,0.0,0.0,258.77803358513603,0.0,0.0,0,2.709957888753196,2.709957888753196,0.0,PDT,-1,#NULO#,#NULO#,210000153308,PARTIDO ISOLADO,PDT,PARTIDO ISOLADO,PARTIDO:PDT,767.0,767.0,3.0,0,10446.0,538.0,10984.0,1.0,155371.0,0.07069530349936604,0.00493657117480096,0.06982884195193008,0.7069530349936604,9.584962500721156,3.583037623796664,5.0,ELIANE SOARES SA BRITTO BITENCOURT,1.0,0.0,521.0,9.027905996569885,0.13439150497581587,1.3439150497581587,1.0
2020,87912,PELOTAS,210001239212,GERALDO LUIZ RODRIGUES SARAIVA,GERALDO SARAIVA,PDT,MASCULINO,BRANCA,ENSINO MÉDIO COMPLETO,OUTROS,SUPLENTE,0,Esquerda,Centro,0.0,0.0,0.0,800.0,240.0,0.0,0.0,0.0,1040.0,800.0,0.7692307692307693,1.2938901679256802,1345.6457746427077,1.2299851626624931,0.0,0.0,0.0,1035.112134340544,310.53364030216323,0.0,0.0,0.0,600.0,0.0,0.0,0.0,0.0,2.0,600.0,1.2938901679256802,776.3341007554081,0.0,776.3341007554081,0.0,0.0,0.0,0.0,0.0,0,0.828902955658335,0.828902955658335,0.0,PDT,-1,#NULO#,#NULO#,210000153308,PARTIDO ISOLADO,PDT,PARTIDO ISOLADO,PARTIDO:PDT,43.0,43.0,3.0,0,10446.0,538.0,10984.0,1.0,155371.0,0.07069530349936604,0.0002767569237502494,0.003914785142024763,0.7069530349936604,5.459431618637297,3.583037623796664,19.0,GERALDO LUIZ RODRIGUES SARAIVA,0.0,0.0,0.0,0.0,0.13439150497581587,1.3439150497581587,1.0
2020,87912,PELOTAS,210001239207,ITALO ESPOSITO ESCOBAR CASTRO,ITALO ESPOSITO,PDT,MASCULINO,BRANCA,ENSINO MÉDIO COMPLETO,"CORRETOR DE IMÓVEIS, SEGUROS, TÍTULOS E VALORES",SUPLENTE,0,Esquerda,Centro,12500.0,2001.5,0.0,0.0,0.0,0.0,0.0,0.0,14501.5,0.0,0.0,1.2938901679256802,18763.34827017425,4.304755481261513,16173.627099071004,2589.721171103249,0.0,0.0,0.0,0.0,0.0,0.0,15271.4,7049.9,7000.0,49.9,0.0,14.0,8221.5,1.2938901679256802,19759.514310460232,9121.796294859252,10637.71801560098,9057.23117547976,64.56511937949143,0.0,0.4616407140144322,4.616407140144322,1,4.375700785688784,3.540736289703029,3.339393439832348,PDT,-1,#NULO#,#NULO#,210000153308,PARTIDO ISOLADO,PDT,PARTIDO ISOLADO,PARTIDO:PDT,314.0,314.0,3.0,0,10446.0,538.0,10984.0,1.0,155371.0,0.07069530349936604,0.002020969164129728,0.02858703568827385,0.7069530349936604,8.29920801838728,3.583037623796664,8.0,ITALO ESPOSITO ESCOBAR CASTRO,0.0,0.0,0.0,0.0,0.13439150497581587,1.3439150497581587,1.0
2020,87912,PELOTAS,210001181724,CATHARINA BEATRIZ DOS SANTOS MOTTA,CATHARINA MOTTA,PT,FEMININO,PRETA,SUPERIOR COMPLETO,SERVIDOR PÚBLICO CIVIL APOSENTADO,SUPLENTE,0,Esquerda,Esquerda,2100.0,500.0,0.0,4480.0,0.0,0.0,0.0,0.0,7080.0,4480.0,0.632768361581921,1.2938901679256802,9160.742388913815,3.344933910548221,2717.1693526439285,646.9450839628402,0.0,5796.627952307047,0.0,0.0,0.0,0.0,4340.35,0.0,0.0,0.0,500.0,9.0,4340.35,1.2938901679256802,5615.936190356227,0.0,5615.936190356227,0.0,0.0,646.9450839628402,0.0,0.0,0,2.725945320013938,2.725945320013938,0.0,PT,-1,#NULO#,#NULO#,210000145460,PARTIDO ISOLADO,PT,PARTIDO ISOLADO,PARTIDO:PT,200.0,200.0,3.0,0,9912.0,1295.0,11207.0,1.0,155371.0,0.07213057777834989,0.0012872415058151135,0.01784598911394664,0.7213057777834988,7.651051691178929,3.60963678113278,12.0,CATHARINA BEATRIZ DOS SANTOS MOTTA,0.0,0.0,0.0,0.0,0.09040974036804358,0.9040974036804358,1.0
2020,87912,PELOTAS,210001238690,GERSON OTILIO DE SÁ CORREIA,DJ GERSON CORREIA,PP,MASCULINO,BRANCA,ENSINO FUNDAMENTAL INCOMPLETO,MÚSICO,SUPLENTE,0,Direita,Direita,814.0,400.0,0.0,168.0,0.0,0.0,0.0,0.0,1382.0,168.0,0.1215629522431259,1.2938901679256802,1788.15621207329,1.479311393369192,1053.2265966915038,517.5560671702721,0.0,217.37354821151428,0.0,0.0,0.0,0.0,14.0,0.0,0.0,0.0,0.0,1.0,14.0,1.2938901679256802,18.114462350959524,0.0,18.114462350959524,0.0,0.0,0.0,0.0,0.0,0,0.0258997667014986,0.0258997667014986,0.0,PP,-1,#NULO#,#NULO#,210000153244,PARTIDO ISOLADO,PP,PARTIDO ISOLADO,PARTIDO:PP,395.0,395.0,3.0,0,15354.0,1046.0,16400.0,1.0,155371.0,0.1055538034768393,0.0025423019739848492,0.024085365853658537,1.055538034768393,8.62935662007961,4.121015400961366,9.0,GERSON OTILIO DE SA CORREIA,0.0,0.0,0.0,0.0,0.03876688719630844,0.3876688719630844,1.0
2020,87912,PELOTAS,210001238678,PIERRE CARVALHO GRAVATO,PIERRE GRAVATO,PP,MASCULINO,BRANCA,ENSINO MÉDIO INCOMPLETO,VENDEDOR DE COMÉRCIO VAREJISTA E ATACADISTA,SUPLENTE,0,Direita,Direita,1245.0,400.0,0.0,2168.0,0.0,0.0,0.0,0.0,3813.0,2168.0,0.5685811696826646,1.2938901679256802,4933.603210300619,2.568908454679427,1610.893259067472,517.5560671702721,0.0,2805.1538840628746,0.0,0.0,0.0,0.0,2445.0,0.0,0.0,0.0,0.0,6.0,2445.0,1.2938901679256802,3163.561460578288,0.0,3163.561460578288,0.0,0.0,0.0,0.0,0.0,0,2.0578181205184194,2.0578181205184194,0.0,PP,-1,#NULO#,#NULO#,210000153244,PARTIDO ISOLADO,PP,PARTIDO ISOLADO,PARTIDO:PP,166.0,166.0,3.0,0,15354.0,1046.0,16400.0,1.0,155371.0,0.1055538034768393,0.0010684104498265442,0.010121951219512195,1.055538034768393,7.383704292474052,4.121015400961366,15.0,PIERRE CARVALHO GRAVATO,0.0,0.0,0.0,0.0,0.03876688719630844,0.3876688719630844,1.0
2020,87912,PELOTAS,210001238681,JAIR FERNANDO BONOW,JAIR BONOW,PP,MASCULINO,BRANCA,ENSINO FUNDAMENTAL COMPLETO,AGRICULTOR,ELEITO POR QP,1,Direita,Direita,9000.0,3700.0,0.0,5168.0,0.0,0.0,0.0,0.0,17868.0,5168.0,0.2892321468547123,1.2938901679256802,23119.229520496054,4.5921119165236375,11645.011511331122,4787.393621325017,0.0,6686.824387839915,0.0,0.0,0.0,0.0,17300.0,0.0,0.0,0.0,0.0,29.0,17300.0,1.2938901679256802,22384.29990511427,0.0,22384.29990511427,0.0,0.0,0.0,0.0,0.0,0,4.5474683319170826,4.5474683319170826,0.0,PP,-1,#NULO#,#NULO#,210000153244,PARTIDO ISOLADO,PP,PARTIDO ISOLADO,PARTIDO:PP,3422.0,3422.0,3.0,0,15354.0,1046.0,16400.0,1.0,155371.0,0.1055538034768393,0.022024702164496594,0.20865853658536584,1.055538034768393,11.741045577009837,4.121015400961366,1.0,JAIR FERNANDO BONOW,0.0,0.0,0.0,0.0,0.03876688719630844,0.3876688719630844,1.0
2020,87912,PELOTAS,210001238674,ROSIANE PACHECO MACEDO,ROSY PACHECO,PP,FEMININO,BRANCA,SUPERIOR INCOMPLETO,"TÉCNICO CONTABILIDADE, ESTATÍSTICA, ECONOMIA DOMÉSTICA E ADMINISTRAÇÃO",SUPLENTE,0,Direita,Direita,0.0,400.0,0.0,3168.0,0.0,0.0,0.0,0.0,3568.0,3168.0,0.8878923766816144,1.2938901679256802,4616.600119158828,2.4896970921024244,0.0,517.5560671702721,0.0,4099.044051988555,0.0,0.0,0.0,0.0,2970.0,0.0,0.0,0.0,0.0,5.0,2970.0,1.2938901679256802,3842.85379873927,0.0,3842.85379873927,0.0,0.0,0.0,0.0,0.0,0,2.275857449972865,2.275857449972865,0.0,PP,-1,#NULO#,#NULO#,210000153244,PARTIDO ISOLADO,PP,PARTIDO ISOLADO,PARTIDO:PP,29.0,29.0,3.0,0,15354.0,1046.0,16400.0,1.0,155371.0,0.1055538034768393,0.00018665001834319145,0.0017682926829268293,1.055538034768393,4.906890595608519,4.121015400961366,27.0,ROSIANE PACHECO MACEDO,0.0,0.0,0.0,0.0,0.03876688719630844,0.3876688719630844,1.0
2020,87912,PELOTAS,210000936178,GILCEMAR RAUPP SANTANA,GIL RAUPP,PSD,MASCULINO,BRANCA,SUPERIOR COMPLETO,OUTROS,SUPLENTE,0,Direita,Direita,745.0,580.0,867.0,0.0,0.0,0.0,0.0,0.0,2192.0,867.0,0.395529197080292,1.2938901679256802,2836.207248093091,1.9396806629315089,963.9481751046318,750.4562973968946,1121.8027755915648,0.0,0.0,0.0,0.0,0.0,1025.0,100.0,100.0,0.0,0.0,8.0,925.0,1.2938901679256802,1326.2374221238222,129.389016792568,1196.8484053312543,129.389016792568,0.0,0.0,0.0975609756097561,0.975609756097561,1,1.2179983497089752,1.1354353192729902,0.1755425064194949,PSD,-1,#NULO#,#NULO#,210000107998,PARTIDO ISOLADO,PSD,PARTIDO ISOLADO,PARTIDO:PSD,234.0,234.0,3.0,0,12519.0,194.0,12713.0,1.0,155371.0,0.0818235063171377,0.0015060725618036828,0.0184063556988909,0.818235063171377,7.876516946564999,3.777472319663104,17.0,GILCEMAR RAUPP SANTANA,0.0,0.0,0.0,0.0,0.03200644910212932,0.32006449102129314,1.0
2020,87912,PELOTAS,210000948565,LUIS CLAUDIO LIMA DE BARROS,LECO,PC do B,MASCULINO,PRETA,ENSINO FUNDAMENTAL COMPLETO,COMERCIÁRIO,NÃO ELEITO,0,Esquerda,Esquerda,350.0,0.0,0.0,0.0,0.0,0.0,0.0,0.0,350.0,0.0,0.0,1.2938901679256802,452.86155877398807,0.5388972370479402,452.86155877398807,0.0,0.0,0.0,0.0,0.0,0.0,0.0,0.0,0.0,0.0,0.0,0.0,0.0,0.0,1.2938901679256802,0.0,0.0,0.0,0.0,0.0,0.0,0.0,0.0,0,0.0,0.0,0.0,PC do B,-1,#NULO#,#NULO#,210000109793,PARTIDO ISOLADO,PC do B,PARTIDO ISOLADO,PARTIDO:PC do B,133.0,133.0,3.0,0,733.0,36.0,769.0,1.0,155371.0,0.004949443589859112,0.0008560156013670505,0.1729518855656697,0.049494435898591115,7.066089190457772,0.8229340480283714,2.0,LUIS CLAUDIO LIMA DE BARROS,0.0,0.0,0.0,0.0,0.015099794295880358,0.15099794295880356,1.0
2020,87912,PELOTAS,210000948560,FRANCISCO DE ASSIS FURTADO DE OLIVEIRA,PROFESSOR CHICO,PC do B,MASCULINO,BRANCA,SUPERIOR COMPLETO,PROFESSOR DE ENSINO FUNDAMENTAL,NÃO ELEITO,0,Esquerda,Esquerda,300.0,0.0,0.0,0.0,0.0,0.0,0.0,0.0,300.0,0.0,0.0,1.2938901679256802,388.1670503777041,0.4731811905746159,388.1670503777041,0.0,0.0,0.0,0.0,0.0,0.0,0.0,0.0,0.0,0.0,0.0,0.0,0.0,0.0,1.2938901679256802,0.0,0.0,0.0,0.0,0.0,0.0,0.0,0.0,0,0.0,0.0,0.0,PC do B,-1,#NULO#,#NULO#,210000109793,PARTIDO ISOLADO,PC do B,PARTIDO ISOLADO,PARTIDO:PC do B,77.0,77.0,3.0,0,733.0,36.0,769.0,1.0,155371.0,0.004949443589859112,0.0004955879797388187,0.10013003901170352,0.049494435898591115,6.285402218862249,0.8229340480283714,5.0,FRANCISCO DE ASSIS FURTADO DE OLIVEIRA,0.0,0.0,0.0,0.0,0.015099794295880358,0.15099794295880356,1.0
2020,87912,PELOTAS,210000724750,EDUARDO DA SILVA AMARO,MISTER NEGRINHO,REPUBLICANOS,MASCULINO,PRETA,ENSINO MÉDIO COMPLETO,OUTROS,NÃO ELEITO,0,Direita,Direita,0.0,0.0,0.0,2243.6,0.0,0.0,0.0,0.0,2243.6,2243.6,1.0,1.2938901679256802,2902.971980758056,1.9645731057780176,0.0,0.0,0.0,2902.971980758056,0.0,0.0,0.0,0.0,0.0,0.0,0.0,0.0,0.0,0.0,0.0,1.2938901679256802,0.0,0.0,0.0,0.0,0.0,0.0,0.0,0.0,0,0.0,0.0,0.0,REPUBLICANOS,-1,#NULO#,#NULO#,210000067601,PARTIDO ISOLADO,REPUBLICANOS,PARTIDO ISOLADO,PARTIDO:REPUBLICANOS,304.0,304.0,3.0,0,4370.0,93.0,4463.0,1.0,155371.0,0.02872479420226426,0.0019566070888389726,0.06811561729778176,0.2872479420226426,8.252665432450248,2.4496934230359075,3.0,EDUARDO DA SILVA AMARO,0.0,0.0,0.0,0.0,0.04050703285706343,0.4050703285706343,1.0
2020,87912,PELOTAS,210000680584,MARCELO DUTRA DA SILVA,PROF MARCELO DUTRA,PSB,MASCULINO,BRANCA,SUPERIOR COMPLETO,PROFESSOR DE ENSINO SUPERIOR,SUPLENTE,0,Esquerda,Centro,300.0,1821.0,0.0,256.8,0.0,0.0,0.0,0.0,2377.8,256.8,0.1079989906636386,1.2938901679256802,3076.6120412936825,2.02737066648219,388.1670503777041,2356.173995792664,0.0,332.2709951233147,0.0,0.0,0.0,0.0,1821.0,1500.0,1500.0,0.0,0.0,7.0,321.0,1.2938901679256802,2356.173995792664,1940.8352518885204,415.33874390414337,1940.8352518885204,0.0,0.0,0.8237232289950577,8.237232289950576,1,1.7468175120709866,0.5011473856814063,1.5562259654759605,PSB,-1,#NULO#,#NULO#,210000061620,PARTIDO ISOLADO,PSB,PARTIDO ISOLADO,PARTIDO:PSB,253.0,253.0,3.0,0,11578.0,584.0,12162.0,1.0,155371.0,0.07827715596861705,0.0016283605048561186,0.020802499588883406,0.7827715596861704,7.9886846867721655,3.718306821867008,11.0,MARCELO DUTRA DA SILVA,0.0,0.0,0.0,0.0,0.11976983376883304,1.1976983376883303,1.0
2020,87912,PELOTAS,210000680591,THIAGO FERREIRA ABREU,THIAGO ABREU,PSB,MASCULINO,BRANCA,SUPERIOR COMPLETO,OUTROS,SUPLENTE,0,Esquerda,Centro,300.0,0.0,2800.0,23913.6,0.0,0.0,0.0,0.0,27013.6,26713.6,0.9888944827790448,1.2938901679256802,34952.63144027715,5.168025462962319,388.1670503777041,0.0,3622.892470191905,30941.571919707545,0.0,0.0,0.0,0.0,26189.55,550.0,550.0,0.0,450.0,37.0,25639.55,1.2938901679256802,33886.401247398,711.6395923591241,33174.76165503887,711.6395923591241,0.0,582.2505755665561,0.0210007426626268,0.2100074266262688,1,5.12459287699082,5.0948593709691,0.7753789557961334,PSB,-1,#NULO#,#NULO#,210000061620,PARTIDO ISOLADO,PSB,PARTIDO ISOLADO,PARTIDO:PSB,165.0,165.0,3.0,0,11578.0,584.0,12162.0,1.0,155371.0,0.07827715596861705,0.0010619742422974686,0.01356684755796744,0.7827715596861704,7.3750394313469245,3.718306821867008,16.0,THIAGO FERREIRA ABREU,0.0,0.0,0.0,0.0,0.11976983376883304,1.1976983376883303,1.0
2020,87912,PELOTAS,210001240274,LUIZ EDUARDO ZIMMERMANN LONGARAY,LONGARAY,CIDADANIA,MASCULINO,BRANCA,SUPERIOR COMPLETO,ADVOGADO,SUPLENTE,0,Centro,Centro,18837.0,1600.0,0.0,0.0,0.0,0.0,0.0,0.0,20437.0,0.0,0.0,1.2938901679256802,26443.233361897128,4.778378564749503,24373.00909321604,2070.224268681088,0.0,0.0,0.0,0.0,0.0,0.0,20131.48,451.18,451.18,0.0,800.0,22.0,19680.3,1.2938901679256802,26047.924037792476,583.7773659647085,25464.14667182776,583.7773659647085,0.0,1035.112134340544,0.0224116657096249,0.2241166570962492,1,4.757445964528614,4.725967230357592,0.6633695477957483,CIDADANIA,-1,#NULO#,#NULO#,210000153454,PARTIDO ISOLADO,CIDADANIA,PARTIDO ISOLADO,PARTIDO:CIDADANIA,696.0,696.0,3.0,0,6234.0,118.0,6352.0,1.0,155371.0,0.040882790224688006,0.004479600440236595,0.10957178841309824,0.40882790224688004,9.445014845868423,2.8781367666269477,4.0,LUIZ EDUARDO ZIMMERMANN LONGARAY,0.0,0.0,0.0,0.0,0.026774892978262077,0.26774892978262077,1.0
2020,87912,PELOTAS,210001240288,JOSUE ROLDAN MARTINS,JOSUE MARTINS,CIDADANIA,MASCULINO,BRANCA,SUPERIOR INCOMPLETO,ATLETA PROFISSIONAL E TÉCNICO EM DESPORTOS,SUPLENTE,0,Centro,Centro,600.0,1102.5,0.0,0.0,0.0,0.0,0.0,0.0,1702.5,0.0,0.0,1.2938901679256802,2202.8480108934705,1.6793553375653192,776.3341007554081,1426.5139101380626,0.0,0.0,0.0,0.0,0.0,0.0,1102.5,0.0,0.0,0.0,0.0,5.0,1102.5,1.2938901679256802,1426.5139101380626,0.0,1426.5139101380626,0.0,0.0,0.0,0.0,0.0,0,1.2788851304625808,1.2788851304625808,0.0,CIDADANIA,-1,#NULO#,#NULO#,210000153454,PARTIDO ISOLADO,CIDADANIA,PARTIDO ISOLADO,PARTIDO:CIDADANIA,339.0,339.0,3.0,0,6234.0,118.0,6352.0,1.0,155371.0,0.040882790224688006,0.0021818743523566173,0.05336901763224181,0.40882790224688004,8.409390936137703,2.8781367666269477,7.0,JOSUE ROLDAN MARTINS,1.0,0.0,485.0,8.92481250360578,0.026774892978262077,0.26774892978262077,1.0
2020,87912,PELOTAS,210001240291,LÉLIA TELMA SCHWANZ,LÉLIA SCHWANZ,CIDADANIA,FEMININO,BRANCA,SUPERIOR COMPLETO,ASSISTENTE SOCIAL,SUPLENTE,0,Centro,Centro,0.0,0.0,0.0,1200.0,0.0,0.0,0.0,0.0,1200.0,1200.0,1.0,1.2938901679256802,1552.6682015108163,1.3520060269171827,0.0,0.0,0.0,1552.6682015108163,0.0,0.0,0.0,0.0,1200.0,0.0,0.0,0.0,0.0,9.0,1200.0,1.2938901679256802,1552.6682015108163,0.0,1552.6682015108163,0.0,0.0,0.0,0.0,0.0,0,1.3520060269171827,1.3520060269171827,0.0,CIDADANIA,-1,#NULO#,#NULO#,210000153454,PARTIDO ISOLADO,CIDADANIA,PARTIDO ISOLADO,PARTIDO:CIDADANIA,34.0,34.0,3.0,0,6234.0,118.0,6352.0,1.0,155371.0,0.040882790224688006,0.00021883105598856928,0.0053526448362720405,0.40882790224688004,5.129283016944966,2.8781367666269477,14.0,LELIA TELMA SCHWANZ,0.0,0.0,0.0,0.0,0.026774892978262077,0.26774892978262077,1.0
2020,87912,PELOTAS,210001242953,ROBSON LUCAS ARAUJO,ROBSON LUCAS,PODE,MASCULINO,BRANCA,ENSINO MÉDIO COMPLETO,OUTROS,NÃO ELEITO,0,Direita,Direita,0.0,0.0,0.0,0.0,0.0,0.0,0.0,0.0,0.0,0.0,,1.2938901679256802,0.0,0.0,0.0,0.0,0.0,0.0,0.0,0.0,0.0,0.0,0.0,0.0,0.0,0.0,0.0,0.0,0.0,1.2938901679256802,0.0,0.0,0.0,0.0,0.0,0.0,0.0,0.0,0,0.0,0.0,0.0,PODE,-1,#NULO#,#NULO#,210000153954,PARTIDO ISOLADO,PODE,PARTIDO ISOLADO,PARTIDO:PODE,27.0,27.0,3.0,0,2135.0,89.0,2224.0,1.0,155371.0,0.014314125544664063,0.00017377760328504032,0.012140287769784174,0.1431412554466406,4.807354922057604,1.6888517438658803,13.0,ROBSON LUCAS ARAUJO,0.0,0.0,0.0,0.0,0.0046755990437538225,0.046755990437538225,1.0
2020,87912,PELOTAS,210001242950,ZILMA FERREIRA LIMA,ZILMA LIMA,PODE,FEMININO,BRANCA,SUPERIOR COMPLETO,APOSENTADO (EXCETO SERVIDOR PÚBLICO),NÃO ELEITO,0,Direita,Direita,0.0,1128.5,0.0,0.0,0.0,0.0,0.0,0.0,1128.5,0.0,0.0,1.2938901679256802,1460.1550545041302,1.2987492461802264,0.0,1460.1550545041302,0.0,0.0,0.0,0.0,0.0,0.0,1128.5,100.6,100.6,0.0,0.0,7.0,1027.9,1.2938901679256802,1460.1550545041302,130.16535089332342,1329.9897036108068,130.16535089332342,0.0,0.0,0.0891448825875055,0.8914488258750554,1,1.2987492461802264,1.220323579522281,0.1765338641998796,PODE,-1,#NULO#,#NULO#,210000153954,PARTIDO ISOLADO,PODE,PARTIDO ISOLADO,PARTIDO:PODE,50.0,50.0,3.0,0,2135.0,89.0,2224.0,1.0,155371.0,0.014314125544664063,0.00032181037645377837,0.022482014388489208,0.1431412554466406,5.672425341971495,1.6888517438658803,9.0,ZILMA FERREIRA LIMA,0.0,0.0,0.0,0.0,0.0046755990437538225,0.046755990437538225,1.0
2020,87912,PELOTAS,210001242943,LIANE DE SOUZA OLIVEIRA ZITZKE,LIANE OLIVEIRA,PODE,FEMININO,BRANCA,SUPERIOR COMPLETO,EMPRESÁRIO,NÃO ELEITO,0,Direita,Direita,0.0,0.0,0.0,0.0,0.0,0.0,0.0,0.0,0.0,0.0,,1.2938901679256802,0.0,0.0,0.0,0.0,0.0,0.0,0.0,0.0,0.0,0.0,0.0,0.0,0.0,0.0,0.0,0.0,0.0,1.2938901679256802,0.0,0.0,0.0,0.0,0.0,0.0,0.0,0.0,0,0.0,0.0,0.0,PODE,-1,#NULO#,#NULO#,210000153954,PARTIDO ISOLADO,PODE,PARTIDO ISOLADO,PARTIDO:PODE,170.0,170.0,3.0,0,2135.0,89.0,2224.0,1.0,155371.0,0.014314125544664063,0.0010941552799428465,0.0764388489208633,0.1431412554466406,7.417852514885898,1.6888517438658803,5.0,LIANE DE SOUZA OLIVEIRA ZITZKE,0.0,0.0,0.0,0.0,0.0046755990437538225,0.046755990437538225,1.0
2020,87912,PELOTAS,210001242949,JOSÉ ANTÔNIO FALCHI GUIMARÃES,FALCHI,PODE,MASCULINO,BRANCA,SUPERIOR COMPLETO,ADVOGADO,NÃO ELEITO,0,Direita,Direita,0.0,1200.0,0.0,0.0,0.0,0.0,0.0,0.0,1200.0,0.0,0.0,1.2938901679256802,1552.6682015108163,1.3520060269171827,0.0,1552.6682015108163,0.0,0.0,0.0,0.0,0.0,0.0,1200.0,40.0,40.0,0.0,0.0,3.0,1160.0,1.2938901679256802,1552.6682015108163,51.755606717027206,1500.9125947937891,51.755606717027206,0.0,0.0,0.0333333333333333,0.3333333333333333,1,1.3520060269171827,1.322454637182593,0.0727995088709439,PODE,-1,#NULO#,#NULO#,210000153954,PARTIDO ISOLADO,PODE,PARTIDO ISOLADO,PARTIDO:PODE,291.0,291.0,3.0,0,2135.0,89.0,2224.0,1.0,155371.0,0.014314125544664063,0.00187293639096099,0.13084532374100719,0.1431412554466406,8.189824558880018,1.6888517438658803,3.0,JOSE ANTONIO FALCHI GUIMARAES,0.0,0.0,0.0,0.0,0.0046755990437538225,0.046755990437538225,1.0
2020,87912,PELOTAS,210001239724,ESTHER PERDOMO PASOLIUS,ESTHER PERDOMO,PSDB,FEMININO,BRANCA,ENSINO MÉDIO COMPLETO,CABELEIREIRO E BARBEIRO,SUPLENTE,0,Centro,Centro,0.0,0.0,0.0,10041.0,0.0,0.0,0.0,0.0,10041.0,10041.0,1.0,1.2938901679256802,12991.951176141754,3.806525255092823,0.0,0.0,0.0,12991.951176141754,0.0,0.0,0.0,0.0,3300.0,0.0,0.0,0.0,0.0,11.0,3300.0,1.2938901679256802,4269.837554154745,0.0,4269.837554154745,0.0,0.0,0.0,0.0,0.0,0,2.3977584906238816,2.3977584906238816,0.0,PSDB,-1,#NULO#,#NULO#,210000153382,PARTIDO ISOLADO,PSDB,PARTIDO ISOLADO,PARTIDO:PSDB,71.0,71.0,3.0,0,21809.0,2904.0,24713.0,1.0,155371.0,0.1590579966660445,0.0004569707345643653,0.002872981831424756,1.590579966660445,6.169925001442312,4.684426037716597,29.0,ESTHER PERDOMO PASOLIUS,0.0,0.0,0.0,0.0,0.1757936287318619,1.757936287318619,1.0
2020,87912,PELOTAS,210001239712,MAICON DUARTE DA SILVA,MAICON ORELHA,PSDB,MASCULINO,BRANCA,SUPERIOR INCOMPLETO,OUTROS,SUPLENTE,0,Centro,Centro,0.0,1100.0,0.0,12005.85,0.0,0.0,0.0,0.0,13105.85,12005.85,0.9160680154282248,1.2938901679256802,16957.530457308778,4.166517057329291,0.0,1423.2791847182482,0.0,15534.251272590527,0.0,0.0,0.0,0.0,4887.0,0.0,0.0,0.0,0.0,12.0,4887.0,1.2938901679256802,6323.241250652799,0.0,6323.241250652799,0.0,0.0,0.0,0.0,0.0,0,2.872482323545725,2.872482323545725,0.0,PSDB,-1,#NULO#,#NULO#,210000153382,PARTIDO ISOLADO,PSDB,PARTIDO ISOLADO,PARTIDO:PSDB,505.0,505.0,3.0,0,21809.0,2904.0,24713.0,1.0,155371.0,0.1590579966660445,0.0032502848021831615,0.02043458908266904,1.590579966660445,8.98299357469431,4.684426037716597,17.0,MAICON DUARTE DA SILVA,0.0,0.0,0.0,0.0,0.1757936287318619,1.757936287318619,1.0
2020,87912,PELOTAS,210001239731,ENÉIAS CLARINDO,ENÉIAS CLARINDO,PSDB,MASCULINO,BRANCA,SUPERIOR COMPLETO,VEREADOR,SUPLENTE,0,Centro,Centro,5700.0,6000.0,0.0,11241.0,0.0,0.0,0.0,0.0,22941.0,11241.0,0.4899960768928992,1.2938901679256802,29683.13434238303,4.939373959385447,7375.173957176377,7763.341007554081,0.0,14544.61937765257,0.0,0.0,0.0,0.0,12834.180000000002,0.0,0.0,0.0,1200.0,26.0,12834.180000000002,1.2938901679256802,16606.01931538841,0.0,16606.01931538841,0.0,0.0,1552.6682015108163,0.0,0.0,0,4.137996850556765,4.137996850556765,0.0,PSDB,-1,#NULO#,#NULO#,210000153382,PARTIDO ISOLADO,PSDB,PARTIDO ISOLADO,PARTIDO:PSDB,858.0,858.0,3.0,0,21809.0,2904.0,24713.0,1.0,155371.0,0.1590579966660445,0.005522266059946837,0.034718569174118884,1.590579966660445,9.746514321138463,4.684426037716597,12.0,ENEIAS CLARINDO,1.0,1.0,2114.0,11.046441948007311,0.1757936287318619,1.757936287318619,1.0
2020,87912,PELOTAS,210001258320,FÁBIO LUIZ TEDESCO SOARES,FÁBIO TEDESCO,PL,MASCULINO,BRANCA,SUPERIOR INCOMPLETO,EMPRESÁRIO,NÃO ELEITO,0,Direita,Direita,1600.0,0.0,2000.0,20000.0,0.0,0.0,0.0,0.0,23600.0,22000.0,0.9322033898305084,1.2938901679256802,30535.80796304605,4.9789189911326455,2070.224268681088,0.0,2587.7803358513606,25877.803358513604,0.0,0.0,0.0,0.0,23580.0,2900.0,2900.0,0.0,0.0,47.0,20680.0,1.2938901679256802,30509.93015968754,3752.281486984473,26757.648672703068,3752.281486984473,0.0,0.0,0.1229855810008481,1.2298558100084818,1,4.977734651579086,4.794813458484228,2.2486202923359198,PL,-1,#NULO#,#NULO#,210000161047,PARTIDO ISOLADO,PL,PARTIDO ISOLADO,PARTIDO:PL,172.0,172.0,3.0,0,4265.0,119.0,4384.0,1.0,155371.0,0.028216333807467287,0.0011070276950009975,0.03923357664233577,0.28216333807467286,7.434628227636725,2.42867840994823,7.0,FABIO LUIZ TEDESCO SOARES,0.0,0.0,0.0,0.0,0.015160949574692833,0.15160949574692834,1.0
2020,87912,PELOTAS,210001239572,ANA LÚCIA DE ARAÚJO GAUTÉRIO,ANA GAUTÉRIO,MDB,FEMININO,BRANCA,SUPERIOR COMPLETO,EMPRESÁRIO,NÃO ELEITO,0,Centro,Centro,0.0,0.0,0.0,0.0,704.5,0.0,0.0,0.0,704.5,0.0,0.0,1.2938901679256802,911.5456233036416,0.9347396337213087,0.0,0.0,0.0,0.0,911.5456233036416,0.0,0.0,0.0,0.0,0.0,0.0,0.0,0.0,0.0,0.0,1.2938901679256802,0.0,0.0,0.0,0.0,0.0,0.0,0.0,0.0,0,0.0,0.0,0.0,MDB,-1,#NULO#,#NULO#,210000153356,PARTIDO ISOLADO,MDB,PARTIDO ISOLADO,PARTIDO:MDB,18.0,18.0,3.0,0,3733.0,200.0,3933.0,1.0,155371.0,0.025313604211854208,0.00011585173552336022,0.004576659038901602,0.25313604211854207,4.247927513443585,2.302465287332405,21.0,ANA LUCIA DE ARAUJO GAUTERIO,0.0,0.0,0.0,0.0,0.03540334686162228,0.3540334686162228,1.0
2020,87912,PELOTAS,210001239571,ADRIANE FONSECA GONÇALVES,ADRIANE FONSECA,MDB,FEMININO,BRANCA,SUPERIOR COMPLETO,POLICIAL MILITAR,NÃO ELEITO,0,Centro,Centro,0.0,1510.0,0.0,3000.0,704.5,0.0,0.0,0.0,5214.5,3000.0,0.5753188225141432,1.2938901679256802,6746.99028064846,2.953635929673086,0.0,1953.7741535677767,0.0,3881.6705037770407,911.5456233036416,0.0,0.0,0.0,4510.0,0.0,0.0,0.0,510.0,7.0,4510.0,1.2938901679256802,5835.444657344818,0.0,5835.444657344818,0.0,0.0,659.883985642097,0.0,0.0,0,2.773035190659472,2.773035190659472,0.0,MDB,-1,#NULO#,#NULO#,210000153356,PARTIDO ISOLADO,MDB,PARTIDO ISOLADO,PARTIDO:MDB,302.0,302.0,3.0,0,3733.0,200.0,3933.0,1.0,155371.0,0.025313604211854208,0.0019437346737808214,0.07678616831934909,0.25313604211854207,8.243173983472952,2.302465287332405,3.0,ADRIANE FONSECA GONCALVES,0.0,0.0,0.0,0.0,0.03540334686162228,0.3540334686162228,1.0
2020,87912,PELOTAS,210001239456,BENITO DE PAULA MENDES CARDOZO,CANTOR BENITO,PTB,MASCULINO,BRANCA,ENSINO MÉDIO INCOMPLETO,OUTROS,SUPLENTE,0,Direita,Direita,2800.0,1000.0,0.0,7000.0,934.78,0.0,0.0,0.0,11734.78,7000.0,0.5965173612117142,1.2938901679256802,15183.516464770915,4.016453215330055,3622.892470191905,1293.8901679256803,0.0,9057.23117547976,1209.5026511735673,0.0,0.0,0.0,7445.02,0.0,0.0,0.0,200.0,9.0,7445.02,1.2938901679256802,9633.038178010049,0.0,9633.038178010049,0.0,0.0,258.77803358513603,0.0,0.0,0,3.4104819719151767,3.4104819719151767,0.0,PTB,-1,#NULO#,#NULO#,210000153345,PARTIDO ISOLADO,PTB,PARTIDO ISOLADO,PARTIDO:PTB,569.0,569.0,3.0,0,17634.0,373.0,18007.0,1.0,155371.0,0.11589678897606374,0.0036622020840439977,0.03159882268006886,1.1589678897606375,9.154818109052105,4.248458934781782,12.0,BENITO DE PAULA MENDES CARDOZO,1.0,0.0,1043.0,10.027905996569885,0.10380274642797575,1.0380274642797576,1.0
2020,87912,PELOTAS,210001239461,GIOVANE DUARTE ARAUJO,GIOVANE ARAUJO O SAPONGA,PTB,MASCULINO,PRETA,ENSINO MÉDIO COMPLETO,OUTROS,SUPLENTE,0,Direita,Direita,0.0,0.0,6250.0,0.0,0.0,0.0,0.0,0.0,6250.0,6250.0,1.0,1.2938901679256802,8086.813549535502,3.183774476794337,0.0,0.0,8086.813549535502,0.0,0.0,0.0,0.0,0.0,6250.0,0.0,0.0,0.0,1900.0,6.0,6250.0,1.2938901679256802,8086.813549535502,0.0,8086.813549535502,0.0,0.0,2458.3913190587923,0.0,0.0,0,3.183774476794337,3.183774476794337,0.0,PTB,-1,#NULO#,#NULO#,210000153345,PARTIDO ISOLADO,PTB,PARTIDO ISOLADO,PARTIDO:PTB,345.0,345.0,3.0,0,17634.0,373.0,18007.0,1.0,155371.0,0.11589678897606374,0.002220491597531071,0.019159215860498693,1.1589678897606375,8.434628227636725,4.248458934781782,18.0,GIOVANE DUARTE ARAUJO,1.0,0.0,534.0,9.06339508128851,0.10380274642797575,1.0380274642797576,1.0
2020,87912,PELOTAS,210001239476,DILSON CARDOSO RODRIGUES,DILSON NENE,PTB,MASCULINO,BRANCA,ENSINO FUNDAMENTAL INCOMPLETO,OUTROS,SUPLENTE,0,Direita,Direita,700.0,600.0,0.0,0.0,569.0,0.0,0.0,0.0,1869.0,0.0,0.0,1.2938901679256802,2418.2807238530963,1.7732708821750072,905.723117547976,776.3341007554081,0.0,0.0,736.2235055497121,0.0,0.0,0.0,600.0,0.0,0.0,0.0,0.0,5.0,600.0,1.2938901679256802,776.3341007554081,0.0,776.3341007554081,0.0,0.0,0.0,0.0,0.0,0,0.828902955658335,0.828902955658335,0.0,PTB,-1,#NULO#,#NULO#,210000153345,PARTIDO ISOLADO,PTB,PARTIDO ISOLADO,PARTIDO:PTB,608.0,608.0,3.0,0,17634.0,373.0,18007.0,1.0,155371.0,0.11589678897606374,0.003913214177677945,0.033764647081690455,1.1589678897606375,9.250298417906333,4.248458934781782,11.0,DILSON CARDOSO RODRIGUES,0.0,0.0,0.0,0.0,0.10380274642797575,1.0380274642797576,1.0
2020,87912,PELOTAS,210001239686,SANDRO ESTIMA DE SOUZA,SANDRO ESTIMA,DEM,MASCULINO,BRANCA,ENSINO MÉDIO COMPLETO,EMPRESÁRIO,SUPLENTE,0,Direita,Direita,0.0,440.0,0.0,0.0,0.0,0.0,0.0,0.0,440.0,0.0,0.0,1.2938901679256802,569.3116738872993,0.6501319078937177,0.0,569.3116738872993,0.0,0.0,0.0,0.0,0.0,0.0,440.0,0.0,0.0,0.0,0.0,3.0,440.0,1.2938901679256802,569.3116738872993,0.0,569.3116738872993,0.0,0.0,0.0,0.0,0.0,0,0.6501319078937177,0.6501319078937177,0.0,DEM,-1,#NULO#,#NULO#,210000153379,PARTIDO ISOLADO,DEM,PARTIDO ISOLADO,PARTIDO:DEM,153.0,153.0,3.0,0,7198.0,261.0,7459.0,1.0,155371.0,0.04800767195937466,0.000984739751948562,0.020512132993698886,0.48007671959374654,7.266786540694901,3.0804871219370367,15.0,SANDRO ESTIMA DE SOUZA,0.0,0.0,0.0,0.0,0.07133485294935231,0.713348529493523,1.0
2020,87912,PELOTAS,210001239698,FRANCINE MARQUES,FRAN MARQUES,DEM,FEMININO,BRANCA,SUPERIOR COMPLETO,ASSISTENTE SOCIAL,SUPLENTE,0,Direita,Direita,0.0,0.0,0.0,0.0,0.0,0.0,0.0,0.0,0.0,0.0,,1.2938901679256802,0.0,0.0,0.0,0.0,0.0,0.0,0.0,0.0,0.0,0.0,0.0,0.0,0.0,0.0,0.0,0.0,0.0,1.2938901679256802,0.0,0.0,0.0,0.0,0.0,0.0,0.0,0.0,0,0.0,0.0,0.0,DEM,-1,#NULO#,#NULO#,210000153379,PARTIDO ISOLADO,DEM,PARTIDO ISOLADO,PARTIDO:DEM,168.0,168.0,3.0,0,7198.0,261.0,7459.0,1.0,155371.0,0.04800767195937466,0.0010812828648846954,0.02252312642445368,0.48007671959374654,7.400879436282184,3.0804871219370367,13.0,FRANCINE MARQUES,0.0,0.0,0.0,0.0,0.07133485294935231,0.713348529493523,1.0
2020,87912,PELOTAS,210001240295,GETULIO RUI CLASEN,DR. GETÚLIO CLASEN,AVANTE,MASCULINO,BRANCA,SUPERIOR COMPLETO,ADVOGADO,NÃO ELEITO,0,Centro,Centro,0.0,0.0,0.0,0.0,0.0,0.0,0.0,0.0,0.0,0.0,,1.2938901679256802,0.0,0.0,0.0,0.0,0.0,0.0,0.0,0.0,0.0,0.0,0.0,0.0,0.0,0.0,0.0,0.0,0.0,1.2938901679256802,0.0,0.0,0.0,0.0,0.0,0.0,0.0,0.0,0,0.0,0.0,0.0,,,,,,,,,PARTIDO:AVANTE,0.0,0.0,,1,1892.0,34.0,1926.0,1.0,155371.0,0.012396135700999542,0.0,0.0,0.12396135700999542,0.0,1.5489297694764,12.0,GETULIO RUI CLASEN,0.0,0.0,0.0,0.0,0.010735531216990049,0.10735531216990048,1.0
2020,87912,PELOTAS,210001239208,QUENI CRISTIANE VALADÃO,QUENI VALADÃO,PDT,FEMININO,BRANCA,ENSINO MÉDIO COMPLETO,"PADEIRO, CONFEITEIRO E ASSEMELHADOS",NÃO ELEITO,0,Esquerda,Centro,0.0,600.0,0.0,0.0,240.0,0.0,0.0,0.0,840.0,0.0,0.0,1.2938901679256802,1086.8677410575715,1.0613391700393549,0.0,776.3341007554081,0.0,0.0,310.53364030216323,0.0,0.0,0.0,600.0,0.0,0.0,0.0,0.0,4.0,600.0,1.2938901679256802,776.3341007554081,0.0,776.3341007554081,0.0,0.0,0.0,0.0,0.0,0,0.828902955658335,0.828902955658335,0.0,,,,,,,,,PARTIDO:PDT,0.0,0.0,,1,10446.0,538.0,10984.0,1.0,155371.0,0.07069530349936604,0.0,0.0,0.7069530349936604,0.0,3.583037623796664,27.0,QUENI CRISTIANE VALADAO,0.0,0.0,0.0,0.0,0.13439150497581587,1.3439150497581587,1.0
2020,87912,PELOTAS,210001239677,JOSÉ SIZENANDO DOS SANTOS LOPES,SIZENANDO,DEM,MASCULINO,PARDA,ENSINO MÉDIO COMPLETO,VEREADOR,NÃO ELEITO,0,Direita,Direita,0.0,0.0,0.0,50000.0,0.0,0.0,0.0,0.0,50000.0,50000.0,1.0,1.2938901679256802,64694.508396284014,6.037700871210005,0.0,0.0,0.0,64694.508396284014,0.0,0.0,0.0,0.0,49942.3,0.0,0.0,0.0,600.0,23.0,49942.3,1.2938901679256802,64619.8509335947,0.0,64619.8509335947,0.0,0.0,776.3341007554081,0.0,0.0,0,6.036060411425683,6.036060411425683,0.0,,,,,,,,,PARTIDO:DEM,0.0,0.0,,1,7198.0,261.0,7459.0,1.0,155371.0,0.04800767195937466,0.0,0.0,0.48007671959374654,0.0,3.0804871219370367,30.0,JOSE SIZENANDO DOS SANTOS LOPES,1.0,1.0,2040.0,10.995060467032719,0.07133485294935231,0.713348529493523,1.0
2020,87912,PELOTAS,210001240555,CRISTIAN BERMUDEZ PEDERZOLLI,MANO CABELO E ARTE,PV,MASCULINO,BRANCA,ENSINO MÉDIO INCOMPLETO,CABELEIREIRO E BARBEIRO,NÃO ELEITO,0,Centro,Centro,0.0,0.0,0.0,1506.43,0.0,0.0,0.0,0.0,1506.43,1506.43,1.0,1.2938901679256802,1949.1549656682823,1.560301631937545,0.0,0.0,0.0,1949.1549656682823,0.0,0.0,0.0,0.0,0.0,0.0,0.0,0.0,0.0,0.0,0.0,1.2938901679256802,0.0,0.0,0.0,0.0,0.0,0.0,0.0,0.0,0,0.0,0.0,0.0,,,,,,,,,PARTIDO:PV,0.0,0.0,,1,389.0,23.0,412.0,1.0,155371.0,0.0026517175019791337,0.0,0.0,0.026517175019791336,0.0,0.4977400886090932,7.0,CRISTIAN BERMUDEZ PEDERZOLLI,1.0,0.0,586.0,9.197216693110052,0.0020514816256185023,0.020514816256185023,1.0
2020,87912,PELOTAS,210001239569,EDUARDO AFRA ESTANISLAU,EDUARDINHO,MDB,MASCULINO,BRANCA,ENSINO MÉDIO COMPLETO,VIGILANTE,NÃO ELEITO,0,Centro,Centro,0.0,0.0,704.5,0.0,0.0,0.0,0.0,0.0,704.5,704.5,1.0,1.2938901679256802,911.5456233036416,0.9347396337213087,0.0,0.0,911.5456233036416,0.0,0.0,0.0,0.0,0.0,0.0,0.0,0.0,0.0,0.0,0.0,0.0,1.2938901679256802,0.0,0.0,0.0,0.0,0.0,0.0,0.0,0.0,0,0.0,0.0,0.0,,,,,,,,,PARTIDO:MDB,0.0,0.0,,1,3733.0,200.0,3933.0,1.0,155371.0,0.025313604211854208,0.0,0.0,0.25313604211854207,0.0,2.302465287332405,25.0,EDUARDO AFRA ESTANISLAU,1.0,0.0,175.0,7.459431618637297,0.03540334686162228,0.3540334686162228,1.0
2020,87912,PELOTAS,210000863516,ISABELLA ROCHEDO DA SILVA,ISABELLA ROCHEDO,PSOL,FEMININO,BRANCA,SUPERIOR INCOMPLETO,AGENTE ADMINISTRATIVO,SUPLENTE,0,Esquerda,Esquerda,0.0,0.0,0.0,1956.82,0.0,0.0,0.0,0.0,1956.82,1956.82,1.0,1.2938901679256802,2531.9101584003297,1.820448645455575,0.0,0.0,0.0,2531.9101584003297,0.0,0.0,0.0,0.0,997.9,0.0,0.0,0.0,0.0,5.0,997.9,1.2938901679256802,1291.1729985730362,0.0,1291.1729985730362,0.0,0.0,0.0,0.0,0.0,0,1.1960863956834185,1.1960863956834185,0.0,PSOL,-1,#NULO#,#NULO#,210000094655,PARTIDO ISOLADO,PSOL,PARTIDO ISOLADO,PARTIDO:PSOL,71.0,71.0,3.0,0,11850.0,554.0,12404.0,1.0,155371.0,0.07983471819065334,0.0004569707345643653,0.005723960012899065,0.7983471819065333,6.169925001442312,3.744591686542384,15.0,ISABELLA ROCHEDO DA SILVA,0.0,0.0,0.0,0.0,0.05199866570300773,0.5199866570300773,1.0
2020,87912,PELOTAS,210000863519,HAROLDO CAMPOS DE CAMPOS,HAROLDO DE CAMPOS,PSOL,MASCULINO,BRANCA,SUPERIOR COMPLETO,BANCÁRIO E ECONOMIÁRIO,SUPLENTE,0,Esquerda,Esquerda,0.0,0.0,0.0,3889.12,0.0,0.0,0.0,0.0,3889.12,3889.12,1.0,1.2938901679256802,5032.094129883121,2.592658941812147,0.0,0.0,0.0,5032.094129883121,0.0,0.0,0.0,0.0,3639.12,1019.12,219.12,800.0,0.0,15.0,2620.0,1.2938901679256802,4708.621587901701,1318.6293479364192,3389.9922399652824,283.51721359587503,1035.112134340544,0.0,0.2800457253401921,2.800457253401921,1,2.513142432388864,2.1342183895616587,1.2132722116903063,PSOL,-1,#NULO#,#NULO#,210000094655,PARTIDO ISOLADO,PSOL,PARTIDO ISOLADO,PARTIDO:PSOL,94.0,94.0,3.0,0,11850.0,554.0,12404.0,1.0,155371.0,0.07983471819065334,0.0006050035077331034,0.007578200580457917,0.7983471819065333,6.569855608330948,3.744591686542384,14.0,HAROLDO CAMPOS DE CAMPOS,0.0,0.0,0.0,0.0,0.05199866570300773,0.5199866570300773,1.0
2020,87912,PELOTAS,210000863524,LUIS ALBERTO VITÓRIA DE DEUS,LUIS DE DEUS,PSOL,MASCULINO,PRETA,ENSINO FUNDAMENTAL INCOMPLETO,MÚSICO,SUPLENTE,0,Esquerda,Esquerda,0.0,0.0,0.0,5463.92,0.0,0.0,0.0,0.0,5463.92,5463.92,1.0,1.2938901679256802,7069.712366332483,3.012517251562398,0.0,0.0,0.0,7069.712366332483,0.0,0.0,0.0,0.0,1781.17,0.0,0.0,0.0,0.0,5.0,1781.17,1.2938901679256802,2304.638350404184,0.0,2304.638350404184,0.0,0.0,0.0,0.0,0.0,0,1.7244923962029353,1.7244923962029353,0.0,PSOL,-1,#NULO#,#NULO#,210000094655,PARTIDO ISOLADO,PSOL,PARTIDO ISOLADO,PARTIDO:PSOL,54.0,54.0,3.0,0,11850.0,554.0,12404.0,1.0,155371.0,0.07983471819065334,0.00034755520657008064,0.0043534343760077395,0.7983471819065333,5.78135971352466,3.744591686542384,16.0,LUIS ALBERTO VITORIA DE DEUS,0.0,0.0,0.0,0.0,0.05199866570300773,0.5199866570300773,1.0
2020,87912,PELOTAS,210001240300,RAFAEL LEITE CORREA DA SILVA,DR RAFAEL LEITE,AVANTE,MASCULINO,BRANCA,SUPERIOR COMPLETO,ADVOGADO,NÃO ELEITO,0,Centro,Centro,0.0,0.0,0.0,0.0,0.0,0.0,0.0,0.0,0.0,0.0,,1.2938901679256802,0.0,0.0,0.0,0.0,0.0,0.0,0.0,0.0,0.0,0.0,0.0,0.0,0.0,0.0,0.0,0.0,0.0,1.2938901679256802,0.0,0.0,0.0,0.0,0.0,0.0,0.0,0.0,0,0.0,0.0,0.0,AVANTE,-1,#NULO#,#NULO#,210000153455,PARTIDO ISOLADO,AVANTE,PARTIDO ISOLADO,PARTIDO:AVANTE,39.0,39.0,3.0,0,1892.0,34.0,1926.0,1.0,155371.0,0.012396135700999542,0.0002510120936339471,0.020249221183800622,0.12396135700999542,5.321928094887363,1.5489297694764,7.0,RAFAEL LEITE CORREA DA SILVA,0.0,0.0,0.0,0.0,0.010735531216990049,0.10735531216990048,1.0
2020,87912,PELOTAS,210000838228,EBERSON DE LIMA MEGIATO,EBERSON DE MEGIATO,PATRIOTA,MASCULINO,BRANCA,SUPERIOR INCOMPLETO,"VENDEDOR PRACISTA, REPRESENTANTE, CAIXEIRO-VIAJANTE E ASSEMELHADOS",NÃO ELEITO,0,Direita,Direita,250.0,0.0,0.0,0.0,0.0,0.0,0.0,0.0,250.0,0.0,0.0,1.2938901679256802,323.4725419814201,0.4043282636220041,323.4725419814201,0.0,0.0,0.0,0.0,0.0,0.0,0.0,0.0,0.0,0.0,0.0,0.0,0.0,0.0,1.2938901679256802,0.0,0.0,0.0,0.0,0.0,0.0,0.0,0.0,0,0.0,0.0,0.0,PATRIOTA,-1,#NULO#,#NULO#,210000089031,PARTIDO ISOLADO,PATRIOTA,PARTIDO ISOLADO,PARTIDO:PATRIOTA,172.0,172.0,3.0,0,4091.0,76.0,4167.0,1.0,155371.0,0.02681967677365789,0.0011070276950009975,0.04127669786417087,0.26819676773657886,7.434628227636725,2.3693268837627732,8.0,EBERSON DE LIMA MEGIATO,0.0,0.0,0.0,0.0,0.003391338188691833,0.03391338188691832,1.0
2020,87912,PELOTAS,210001239226,LEONARDO ROCHA DOS SANTOS,FARMACÊUTICO LÉO ROCHA,PDT,MASCULINO,BRANCA,SUPERIOR COMPLETO,FARMACÊUTICO,SUPLENTE,0,Esquerda,Centro,400.0,1521.0,0.0,0.0,0.0,0.0,0.0,0.0,1921.0,0.0,0.0,1.2938901679256802,2485.563012585232,1.8013917091383296,517.5560671702721,1968.0069454149595,0.0,0.0,0.0,0.0,0.0,0.0,1510.8,0.0,0.0,0.0,390.0,7.0,1510.8,1.2938901679256802,1954.8092657021175,0.0,1954.8092657021175,0.0,0.0,504.61716549101527,0.0,0.0,0,1.5630650067795548,1.5630650067795548,0.0,PDT,-1,#NULO#,#NULO#,210000153308,PARTIDO ISOLADO,PDT,PARTIDO ISOLADO,PARTIDO:PDT,164.0,164.0,3.0,0,10446.0,538.0,10984.0,1.0,155371.0,0.07069530349936604,0.001055538034768393,0.014930808448652586,0.7069530349936604,7.366322214245816,3.583037623796664,10.0,LEONARDO ROCHA DOS SANTOS,0.0,0.0,0.0,0.0,0.13439150497581587,1.3439150497581587,1.0
2020,87912,PELOTAS,210001239214,LUIZ GONZAGA CRESPO MAGALHÃES JUNIOR,LUIZ CRESPO MAGALHÃES MAGALHA,PDT,MASCULINO,BRANCA,SUPERIOR COMPLETO,SERVIDOR PÚBLICO ESTADUAL,SUPLENTE,0,Esquerda,Centro,0.0,4200.0,0.0,0.0,0.0,0.0,0.0,0.0,4200.0,0.0,0.0,1.2938901679256802,5434.338705287857,2.6857918818373405,0.0,5434.338705287857,0.0,0.0,0.0,0.0,0.0,0.0,4200.0,0.0,0.0,0.0,1400.0,10.0,4200.0,1.2938901679256802,5434.338705287857,0.0,5434.338705287857,0.0,0.0,1811.4462350959525,0.0,0.0,0,2.6857918818373405,2.6857918818373405,0.0,PDT,-1,#NULO#,#NULO#,210000153308,PARTIDO ISOLADO,PDT,PARTIDO ISOLADO,PARTIDO:PDT,31.0,31.0,3.0,0,10446.0,538.0,10984.0,1.0,155371.0,0.07069530349936604,0.00019952243340134258,0.002822286962855062,0.7069530349936604,5.0,3.583037623796664,22.0,LUIZ GONZAGA CRESPO MAGALHAES JUNIOR,0.0,0.0,0.0,0.0,0.13439150497581587,1.3439150497581587,1.0
2020,87912,PELOTAS,210001181729,NILTON ALVES SABINO,NILTON Z3,PT,MASCULINO,BRANCA,ENSINO FUNDAMENTAL INCOMPLETO,PESCADOR,SUPLENTE,0,Esquerda,Esquerda,0.0,0.0,0.0,600.0,0.0,0.0,0.0,0.0,600.0,600.0,1.0,1.2938901679256802,776.3341007554081,0.828902955658335,0.0,0.0,0.0,776.3341007554081,0.0,0.0,0.0,0.0,0.0,0.0,0.0,0.0,0.0,0.0,0.0,1.2938901679256802,0.0,0.0,0.0,0.0,0.0,0.0,0.0,0.0,0,0.0,0.0,0.0,PT,-1,#NULO#,#NULO#,210000145460,PARTIDO ISOLADO,PT,PARTIDO ISOLADO,PARTIDO:PT,70.0,70.0,3.0,0,9912.0,1295.0,11207.0,1.0,155371.0,0.07213057777834989,0.00045053452703528975,0.006246096189881324,0.7213057777834988,6.149747119504682,3.60963678113278,21.0,NILTON ALVES SABINO,1.0,0.0,150.0,7.2384047393250786,0.09040974036804358,0.9040974036804358,1.0
2020,87912,PELOTAS,210001181730,SANTA PETRONILIA GERALD SODRE,SANTA SODRE,PT,FEMININO,BRANCA,ENSINO FUNDAMENTAL INCOMPLETO,ESTETICISTA,SUPLENTE,0,Esquerda,Esquerda,0.0,1470.54,0.0,2600.0,0.0,0.0,0.0,0.0,4070.54,2600.0,0.6387358925351427,1.2938901679256802,5266.831684148198,2.647736245446963,0.0,1902.7172475414293,0.0,3364.114436606769,0.0,0.0,0.0,0.0,1997.44,0.0,0.0,0.0,0.0,11.0,1997.44,1.2938901679256802,2584.4679770214707,0.0,2584.4679770214707,0.0,0.0,0.0,0.0,0.0,0,1.841759003481897,1.841759003481897,0.0,PT,-1,#NULO#,#NULO#,210000145460,PARTIDO ISOLADO,PT,PARTIDO ISOLADO,PARTIDO:PT,26.0,26.0,3.0,0,9912.0,1295.0,11207.0,1.0,155371.0,0.07213057777834989,0.00016734139575596475,0.0023199785848130633,0.7213057777834988,4.754887502163468,3.60963678113278,23.0,SANTA PETRONILIA GERALD SODRE,1.0,0.0,68.0,6.108524456778169,0.09040974036804358,0.9040974036804358,1.0
2020,87912,PELOTAS,210001181715,LUIS CARLOS GIRÃO DANDA,SEU GIRÃO,PT,MASCULINO,BRANCA,ENSINO FUNDAMENTAL COMPLETO,APOSENTADO (EXCETO SERVIDOR PÚBLICO),SUPLENTE,0,Esquerda,Esquerda,1500.0,6960.45,0.0,900.0,0.0,0.0,0.0,0.0,9360.45,900.0,0.0961492235950194,1.2938901679256802,12111.394222359935,3.712749200030246,1940.8352518885204,9006.0578193383,0.0,1164.5011511331122,0.0,0.0,0.0,0.0,7256.36,1000.0,1000.0,0.0,450.0,22.0,6256.36,1.2938901679256802,9388.932858929187,1293.8901679256803,8095.042691003508,1293.8901679256803,0.0,582.2505755665561,0.1378101417239497,1.3781014172394974,1,3.376975564509748,3.1850804097244256,1.1977963163832472,PT,-1,#NULO#,#NULO#,210000145460,PARTIDO ISOLADO,PT,PARTIDO ISOLADO,PARTIDO:PT,506.0,506.0,3.0,0,9912.0,1295.0,11207.0,1.0,155371.0,0.07213057777834989,0.0032567210097122373,0.045150352458285,0.7213057777834988,8.985841937003341,3.60963678113278,8.0,LUIS CARLOS GIRAO DANDA,1.0,0.0,406.0,8.668884984266247,0.09040974036804358,0.9040974036804358,1.0
2020,87912,PELOTAS,210001181733,LEANDRO XAVIER DA CRUZ,LEANDRO XAVIER,PT,MASCULINO,BRANCA,ENSINO MÉDIO COMPLETO,OUTROS,SUPLENTE,0,Esquerda,Esquerda,310.0,0.0,0.0,600.0,0.0,0.0,0.0,0.0,910.0,600.0,0.6593406593406593,1.2938901679256802,1177.440052812369,1.1226330004770366,401.10595205696086,0.0,0.0,776.3341007554081,0.0,0.0,0.0,0.0,309.5,0.0,0.0,0.0,0.0,4.0,309.5,1.2938901679256802,400.45900697299805,0.0,400.45900697299805,0.0,0.0,0.0,0.0,0.0,0,0.4858997547067341,0.4858997547067341,0.0,PT,-1,#NULO#,#NULO#,210000145460,PARTIDO ISOLADO,PT,PARTIDO ISOLADO,PARTIDO:PT,105.0,105.0,3.0,0,9912.0,1295.0,11207.0,1.0,155371.0,0.07213057777834989,0.0006758017905529346,0.009369144284821987,0.7213057777834988,6.727920454563199,3.60963678113278,18.0,LEANDRO XAVIER DA CRUZ,1.0,0.0,107.0,6.754887502163468,0.09040974036804358,0.9040974036804358,1.0
2020,87912,PELOTAS,210001238685,MARIANGE HALFEN MADRID,MARIANGE MADRID,PP,FEMININO,BRANCA,SUPERIOR COMPLETO,"CORRETOR DE IMÓVEIS, SEGUROS, TÍTULOS E VALORES",SUPLENTE,0,Direita,Direita,400.0,400.0,0.0,3168.0,0.0,0.0,0.0,0.0,3968.0,3168.0,0.7983870967741935,1.2938901679256802,5134.156186329099,2.6168649006078315,517.5560671702721,517.5560671702721,0.0,4099.044051988555,0.0,0.0,0.0,0.0,3000.0,0.0,0.0,0.0,0.0,14.0,3000.0,1.2938901679256802,3881.6705037770407,0.0,3881.6705037770407,0.0,0.0,0.0,0.0,0.0,0,2.287374921376917,2.287374921376917,0.0,PP,-1,#NULO#,#NULO#,210000153244,PARTIDO ISOLADO,PP,PARTIDO ISOLADO,PARTIDO:PP,11.0,11.0,3.0,0,15354.0,1046.0,16400.0,1.0,155371.0,0.1055538034768393,7.079828281983124e-05,0.0006707317073170732,1.055538034768393,3.584962500721156,4.121015400961366,30.0,MARIANGE HALFEN MADRID,0.0,0.0,0.0,0.0,0.03876688719630844,0.3876688719630844,1.0
2020,87912,PELOTAS,210001238677,JOSE ALBERTO VALENTE SOARES JUNIOR,JUNIOR VALENTE,PP,MASCULINO,BRANCA,SUPERIOR COMPLETO,PROFESSOR E INSTRUTOR DE FORMAÇÃO PROFISSIONAL,SUPLENTE,0,Direita,Direita,800.0,400.0,0.0,4168.0,0.0,0.0,0.0,0.0,5368.0,4168.0,0.7764530551415797,1.2938901679256802,6945.602421425052,2.990156606289265,1035.112134340544,517.5560671702721,0.0,5392.934219914236,0.0,0.0,0.0,0.0,4000.0,0.0,0.0,0.0,0.0,9.0,4000.0,1.2938901679256802,5175.560671702721,0.0,5175.560671702721,0.0,0.0,0.0,0.0,0.0,0,2.626570123185644,2.626570123185644,0.0,PP,-1,#NULO#,#NULO#,210000153244,PARTIDO ISOLADO,PP,PARTIDO ISOLADO,PARTIDO:PP,56.0,56.0,3.0,0,15354.0,1046.0,16400.0,1.0,155371.0,0.1055538034768393,0.00036042762162823177,0.0034146341463414634,1.055538034768393,5.832890014164741,4.121015400961366,24.0,JOSE ALBERTO VALENTE SOARES JUNIOR,0.0,0.0,0.0,0.0,0.03876688719630844,0.3876688719630844,1.0
2020,87912,PELOTAS,210001238667,RAFAELA GUIDUGLI BUENO MARTINEZ,RAFAELA BUENO,PP,FEMININO,BRANCA,SUPERIOR INCOMPLETO,VENDEDOR DE COMÉRCIO VAREJISTA E ATACADISTA,SUPLENTE,0,Direita,Direita,0.0,400.0,0.0,3168.0,0.0,0.0,0.0,0.0,3568.0,3168.0,0.8878923766816144,1.2938901679256802,4616.600119158828,2.4896970921024244,0.0,517.5560671702721,0.0,4099.044051988555,0.0,0.0,0.0,0.0,2970.0,0.0,0.0,0.0,0.0,4.0,2970.0,1.2938901679256802,3842.85379873927,0.0,3842.85379873927,0.0,0.0,0.0,0.0,0.0,0,2.275857449972865,2.275857449972865,0.0,PP,-1,#NULO#,#NULO#,210000153244,PARTIDO ISOLADO,PP,PARTIDO ISOLADO,PARTIDO:PP,45.0,45.0,3.0,0,15354.0,1046.0,16400.0,1.0,155371.0,0.1055538034768393,0.0002896293388084005,0.00274390243902439,1.055538034768393,5.523561956057013,4.121015400961366,26.0,RAFAELA GUIDUGLI BUENO MARTINEZ,0.0,0.0,0.0,0.0,0.03876688719630844,0.3876688719630844,1.0
2020,87912,PELOTAS,210000936179,JEAN FELIPE BALSAMO DE ALMEIDA,JEAN FELIPE DE ALMEIDA,PSD,MASCULINO,BRANCA,SUPERIOR COMPLETO,"VENDEDOR PRACISTA, REPRESENTANTE, CAIXEIRO-VIAJANTE E ASSEMELHADOS",SUPLENTE,0,Direita,Direita,300.0,0.0,0.0,0.0,0.0,0.0,0.0,0.0,300.0,0.0,0.0,1.2938901679256802,388.1670503777041,0.4731811905746159,388.1670503777041,0.0,0.0,0.0,0.0,0.0,0.0,0.0,0.0,0.0,0.0,0.0,0.0,0.0,0.0,1.2938901679256802,0.0,0.0,0.0,0.0,0.0,0.0,0.0,0.0,0,0.0,0.0,0.0,PSD,-1,#NULO#,#NULO#,210000107998,PARTIDO ISOLADO,PSD,PARTIDO ISOLADO,PARTIDO:PSD,79.0,79.0,3.0,0,12519.0,194.0,12713.0,1.0,155371.0,0.0818235063171377,0.0005084603947969698,0.00621411153936915,0.818235063171377,6.321928094887363,3.777472319663104,25.0,JEAN FELIPE BALSAMO DE ALMEIDA,0.0,0.0,0.0,0.0,0.03200644910212932,0.32006449102129314,1.0
2020,87912,PELOTAS,210000936174,CYRO CARLOS POMBO FAGUNDES,CYRO FAGUNDES,PSD,MASCULINO,BRANCA,SUPERIOR COMPLETO,TÉCNICO EM INFORMÁTICA,SUPLENTE,0,Direita,Direita,300.0,0.0,867.0,0.0,0.0,0.0,0.0,0.0,1167.0,867.0,0.7429305912596401,1.2938901679256802,1509.9698259692689,1.3276700206755845,388.1670503777041,0.0,1121.8027755915648,0.0,0.0,0.0,0.0,0.0,0.0,0.0,0.0,0.0,0.0,0.0,0.0,1.2938901679256802,0.0,0.0,0.0,0.0,0.0,0.0,0.0,0.0,0,0.0,0.0,0.0,PSD,-1,#NULO#,#NULO#,210000107998,PARTIDO ISOLADO,PSD,PARTIDO ISOLADO,PARTIDO:PSD,197.0,197.0,3.0,0,12519.0,194.0,12713.0,1.0,155371.0,0.0818235063171377,0.0012679328832278867,0.01549594902855345,0.818235063171377,7.6293566200796095,3.777472319663104,21.0,CYRO CARLOS POMBO FAGUNDES,0.0,0.0,0.0,0.0,0.03200644910212932,0.32006449102129314,1.0
2020,87912,PELOTAS,210000936185,ANA PAULA SILVA DOS SANTOS,ANA PAULA SANTOS,PSD,FEMININO,BRANCA,SUPERIOR COMPLETO,ASSISTENTE SOCIAL,SUPLENTE,0,Direita,Direita,300.0,430.0,810.0,150.6,0.0,0.0,0.0,0.0,1690.6,960.6,0.5682006388264522,1.2938901679256802,2187.450717895155,1.6724030362152906,388.1670503777041,556.3727722080425,1048.051036019801,194.85985928960744,0.0,0.0,0.0,0.0,405.85,0.0,0.0,0.0,0.0,9.0,405.85,1.2938901679256802,525.1253246526373,0.0,525.1253246526373,0.0,0.0,0.0,0.0,0.0,0,0.6089277986269803,0.6089277986269803,0.0,PSD,-1,#NULO#,#NULO#,210000107998,PARTIDO ISOLADO,PSD,PARTIDO ISOLADO,PARTIDO:PSD,612.0,612.0,3.0,0,12519.0,194.0,12713.0,1.0,155371.0,0.0818235063171377,0.003938959007794248,0.048139699520176195,0.818235063171377,9.259743263690781,3.777472319663104,7.0,ANA PAULA SILVA DOS SANTOS,1.0,0.0,518.0,9.019590728357882,0.03200644910212932,0.32006449102129314,1.0
2020,87912,PELOTAS,210000724747,ROBER DE CANDIA CUNHA,ROBER CUNHA,REPUBLICANOS,MASCULINO,BRANCA,ENSINO FUNDAMENTAL COMPLETO,CABELEIREIRO E BARBEIRO,NÃO ELEITO,0,Direita,Direita,0.0,0.0,0.0,0.0,0.0,0.0,0.0,0.0,0.0,0.0,,1.2938901679256802,0.0,0.0,0.0,0.0,0.0,0.0,0.0,0.0,0.0,0.0,0.0,0.0,0.0,0.0,0.0,0.0,0.0,1.2938901679256802,0.0,0.0,0.0,0.0,0.0,0.0,0.0,0.0,0,0.0,0.0,0.0,REPUBLICANOS,-1,#NULO#,#NULO#,210000067601,PARTIDO ISOLADO,REPUBLICANOS,PARTIDO ISOLADO,PARTIDO:REPUBLICANOS,153.0,153.0,3.0,0,4370.0,93.0,4463.0,1.0,155371.0,0.02872479420226426,0.000984739751948562,0.03428187317947569,0.2872479420226426,7.266786540694901,2.4496934230359075,7.0,ROBER DE CANDIA CUNHA,0.0,0.0,0.0,0.0,0.04050703285706343,0.4050703285706343,1.0
2020,87912,PELOTAS,210000680585,MARCIA NUNES GONÇALVES RODRIGUES,MARCIA PEROLA,PSB,FEMININO,BRANCA,ENSINO MÉDIO COMPLETO,COMERCIANTE,SUPLENTE,0,Esquerda,Centro,300.0,3000.0,0.0,3256.8,0.0,0.0,0.0,0.0,6556.8,3256.8,0.496705710102489,1.2938901679256802,8483.779053055101,3.245462052236328,388.1670503777041,3881.6705037770407,0.0,4213.941498900355,0.0,0.0,0.0,0.0,4000.0,0.0,0.0,0.0,0.0,7.0,4000.0,1.2938901679256802,5175.560671702721,0.0,5175.560671702721,0.0,0.0,0.0,0.0,0.0,0,2.626570123185644,2.626570123185644,0.0,PSB,-1,#NULO#,#NULO#,210000061620,PARTIDO ISOLADO,PSB,PARTIDO ISOLADO,PARTIDO:PSB,631.0,631.0,3.0,0,11578.0,584.0,12162.0,1.0,155371.0,0.07827715596861705,0.004061246950846683,0.051882913994408815,0.7827715596861704,9.303780748177102,3.718306821867008,7.0,MARCIA NUNES GONCALVES RODRIGUES,0.0,0.0,0.0,0.0,0.11976983376883304,1.1976983376883303,1.0
2020,87912,PELOTAS,210000680586,MARCIONILO XAVIER DA SILVA,MARCIONILO XAVIER,PSB,MASCULINO,BRANCA,ENSINO FUNDAMENTAL COMPLETO,MOTORISTA PARTICULAR,SUPLENTE,0,Esquerda,Centro,300.0,0.0,0.0,256.8,0.0,0.0,0.0,0.0,556.8,256.8,0.4612068965517242,1.2938901679256802,720.4380455010187,0.7827759402831043,388.1670503777041,0.0,0.0,332.2709951233147,0.0,0.0,0.0,0.0,0.0,0.0,0.0,0.0,0.0,0.0,0.0,1.2938901679256802,0.0,0.0,0.0,0.0,0.0,0.0,0.0,0.0,0,0.0,0.0,0.0,PSB,-1,#NULO#,#NULO#,210000061620,PARTIDO ISOLADO,PSB,PARTIDO ISOLADO,PARTIDO:PSB,62.0,62.0,3.0,0,11578.0,584.0,12162.0,1.0,155371.0,0.07827715596861705,0.00039904486680268517,0.0050978457490544315,0.7827715596861704,5.977279923499917,3.718306821867008,22.0,MARCIONILO XAVIER DA SILVA,0.0,0.0,0.0,0.0,0.11976983376883304,1.1976983376883303,1.0
2020,87912,PELOTAS,210000680593,ROSE MERE DOS SANTOS TAVARES,ROSE MERE TAVARES,PSB,FEMININO,BRANCA,ENSINO MÉDIO INCOMPLETO,OUTROS,SUPLENTE,0,Esquerda,Centro,0.0,0.0,0.0,256.8,0.0,0.0,0.0,0.0,256.8,256.8,1.0,1.2938901679256802,332.2709951233147,0.4138875685617287,0.0,0.0,0.0,332.2709951233147,0.0,0.0,0.0,0.0,0.0,0.0,0.0,0.0,0.0,0.0,0.0,1.2938901679256802,0.0,0.0,0.0,0.0,0.0,0.0,0.0,0.0,0,0.0,0.0,0.0,PSB,-1,#NULO#,#NULO#,210000061620,PARTIDO ISOLADO,PSB,PARTIDO ISOLADO,PARTIDO:PSB,8.0,8.0,3.0,0,11578.0,584.0,12162.0,1.0,155371.0,0.07827715596861705,5.148966023260454e-05,0.000657786548265088,0.7827715596861704,3.169925001442312,3.718306821867008,25.0,ROSE MERE DOS SANTOS TAVARES,0.0,0.0,0.0,0.0,0.11976983376883304,1.1976983376883303,1.0
2020,87912,PELOTAS,210000680569,ALTAIR VOSS,ALTAIR VOSS,PSB,MASCULINO,BRANCA,ENSINO MÉDIO COMPLETO,MECÂNICO DE MANUTENÇÃO,SUPLENTE,0,Esquerda,Centro,300.0,0.0,0.0,256.8,0.0,0.0,0.0,0.0,556.8,256.8,0.4612068965517242,1.2938901679256802,720.4380455010187,0.7827759402831043,388.1670503777041,0.0,0.0,332.2709951233147,0.0,0.0,0.0,0.0,0.0,0.0,0.0,0.0,0.0,0.0,0.0,1.2938901679256802,0.0,0.0,0.0,0.0,0.0,0.0,0.0,0.0,0,0.0,0.0,0.0,PSB,-1,#NULO#,#NULO#,210000061620,PARTIDO ISOLADO,PSB,PARTIDO ISOLADO,PARTIDO:PSB,641.0,641.0,3.0,0,11578.0,584.0,12162.0,1.0,155371.0,0.07827715596861705,0.004125609026137439,0.052705147179740175,0.7827715596861704,9.326429487122303,3.718306821867008,6.0,ALTAIR VOSS,0.0,0.0,0.0,0.0,0.11976983376883304,1.1976983376883303,1.0
2020,87912,PELOTAS,210000680581,JESUS SAGAS MATHIAS,JESUS MATHIAS,PSB,MASCULINO,PRETA,LÊ E ESCREVE,GUARDADOR DE VEÍCULOS,SUPLENTE,0,Esquerda,Centro,0.0,0.0,0.0,256.8,0.0,0.0,0.0,0.0,256.8,256.8,1.0,1.2938901679256802,332.2709951233147,0.4138875685617287,0.0,0.0,0.0,332.2709951233147,0.0,0.0,0.0,0.0,0.0,0.0,0.0,0.0,0.0,0.0,0.0,1.2938901679256802,0.0,0.0,0.0,0.0,0.0,0.0,0.0,0.0,0,0.0,0.0,0.0,PSB,-1,#NULO#,#NULO#,210000061620,PARTIDO ISOLADO,PSB,PARTIDO ISOLADO,PARTIDO:PSB,108.0,108.0,3.0,0,11578.0,584.0,12162.0,1.0,155371.0,0.07827715596861705,0.0006951104131401613,0.008880118401578688,0.7827715596861704,6.768184324776926,3.718306821867008,19.0,JESUS SAGAS MATHIAS,1.0,0.0,244.0,7.936637939002571,0.11976983376883304,1.1976983376883303,1.0
2020,87912,PELOTAS,210000680587,MARISA ELOIDES SCHWARZER,MARISA SCHWARZER,PSB,FEMININO,BRANCA,SUPERIOR COMPLETO,ADVOGADO,ELEITO POR MÉDIA,1,Esquerda,Centro,1300.0,1551.06,0.0,256.8,0.0,0.0,0.0,0.0,3107.86,256.8,0.0826292046617286,1.2938901679256802,4021.2294972895047,2.3280406654628467,1682.0572183033844,2006.9012838628053,0.0,332.2709951233147,0.0,0.0,0.0,0.0,366.0,0.0,0.0,0.0,0.0,5.0,366.0,1.2938901679256802,473.56380146079897,0.0,473.56380146079897,0.0,0.0,0.0,0.0,0.0,0,0.5593095267383914,0.5593095267383914,0.0,PSB,-1,#NULO#,#NULO#,210000061620,PARTIDO ISOLADO,PSB,PARTIDO ISOLADO,PARTIDO:PSB,1915.0,1915.0,3.0,0,11578.0,584.0,12162.0,1.0,155371.0,0.07827715596861705,0.012325337418179712,0.15745765499095543,0.7827715596861704,10.90388184573618,3.718306821867008,2.0,MARISA ELOIDES SCHWARZER,0.0,0.0,0.0,0.0,0.11976983376883304,1.1976983376883303,1.0
2020,87912,PELOTAS,210001240273,LUCIANA CUSTÓDIO DE OLIVEIRA ROSA,LUCIANA CUSTÓDIO,CIDADANIA,FEMININO,PRETA,SUPERIOR INCOMPLETO,PROFESSOR DE ENSINO FUNDAMENTAL,SUPLENTE,0,Centro,Centro,597.0,0.0,0.0,3150.0,0.0,0.0,0.0,0.0,3747.0,3150.0,0.8406725380304243,1.2938901679256802,4848.206459217524,2.54799424364869,772.4524302516311,0.0,0.0,4075.7540289658928,0.0,0.0,0.0,0.0,3447.0,0.0,0.0,0.0,0.0,10.0,3447.0,1.2938901679256802,4460.03940883982,0.0,4460.03940883982,0.0,0.0,0.0,0.0,0.0,0,2.4489113640998155,2.4489113640998155,0.0,CIDADANIA,-1,#NULO#,#NULO#,210000153454,PARTIDO ISOLADO,CIDADANIA,PARTIDO ISOLADO,PARTIDO:CIDADANIA,293.0,293.0,3.0,0,6234.0,118.0,6352.0,1.0,155371.0,0.040882790224688006,0.0018858088060191413,0.0461272040302267,0.40882790224688004,8.199672344836364,2.8781367666269477,9.0,LUCIANA CUSTODIO DE OLIVEIRA ROSA,0.0,0.0,0.0,0.0,0.026774892978262077,0.26774892978262077,1.0
2020,87912,PELOTAS,210001240279,MAICON RICARDO PEREIRA BIGLIARDI,MAICON BIGLIARDI,CIDADANIA,MASCULINO,BRANCA,SUPERIOR COMPLETO,EMPRESÁRIO,SUPLENTE,0,Centro,Centro,1800.0,0.0,0.0,0.0,0.0,0.0,0.0,0.0,1800.0,0.0,0.0,1.2938901679256802,2329.0023022662244,1.7350898682153093,2329.0023022662244,0.0,0.0,0.0,0.0,0.0,0.0,0.0,1000.0,1000.0,1000.0,0.0,0.0,5.0,0.0,1.2938901679256802,1293.8901679256803,1293.8901679256803,0.0,1293.8901679256803,0.0,0.0,1.0,10.0,1,1.1977963163832472,0.0,1.1977963163832472,CIDADANIA,-1,#NULO#,#NULO#,210000153454,PARTIDO ISOLADO,CIDADANIA,PARTIDO ISOLADO,PARTIDO:CIDADANIA,299.0,299.0,3.0,0,6234.0,118.0,6352.0,1.0,155371.0,0.040882790224688006,0.0019244260511935946,0.04707178841309824,0.40882790224688004,8.228818690495881,2.8781367666269477,8.0,MAICON RICARDO PEREIRA BIGLIARDI,0.0,0.0,0.0,0.0,0.026774892978262077,0.26774892978262077,1.0
2020,87912,PELOTAS,210001240277,TAUÃ VAZ NEY,TAUÃ NEY,CIDADANIA,MASCULINO,BRANCA,SUPERIOR COMPLETO,ADVOGADO,SUPLENTE,0,Centro,Centro,31680.0,6500.0,0.0,5000.0,0.0,0.0,0.0,0.0,43180.0,5000.0,0.1157943492357573,1.2938901679256802,55870.17745103088,5.829600400800909,40990.44051988555,8410.286091516922,0.0,6469.450839628401,0.0,0.0,0.0,0.0,26850.0,8250.0,8250.0,0.0,750.0,40.0,18600.0,1.2938901679256802,34740.95100880451,10674.59388538686,24066.35712341765,10674.59388538686,0.0,970.4176259442602,0.3072625698324022,3.072625698324022,1,5.159506117555305,4.6476804404068455,3.545300459834814,CIDADANIA,-1,#NULO#,#NULO#,210000153454,PARTIDO ISOLADO,CIDADANIA,PARTIDO ISOLADO,PARTIDO:CIDADANIA,1000.0,1000.0,3.0,0,6234.0,118.0,6352.0,1.0,155371.0,0.040882790224688006,0.006436207529075567,0.1574307304785894,0.40882790224688004,9.967226258835993,2.8781367666269477,2.0,TAUA VAZ NEY,0.0,0.0,0.0,0.0,0.026774892978262077,0.26774892978262077,1.0
2020,87912,PELOTAS,210001240284,JULIANO SILVA DA SILVA,BABALORIXÁ JULIANO DE OXUM,CIDADANIA,MASCULINO,PRETA,SUPERIOR COMPLETO,BIÓLOGO,SUPLENTE,0,Centro,Centro,412.0,0.0,0.0,1150.0,0.0,0.0,0.0,0.0,1562.0,1150.0,0.736235595390525,1.2938901679256802,2021.0564422999123,1.5950531381424866,533.0827491853803,0.0,0.0,1487.9736931145324,0.0,0.0,0.0,0.0,1262.0,0.0,0.0,0.0,0.0,5.0,1262.0,1.2938901679256802,1632.8893919222085,0.0,1632.8893919222085,0.0,0.0,0.0,0.0,0.0,0,1.3966469148222125,1.3966469148222125,0.0,CIDADANIA,-1,#NULO#,#NULO#,210000153454,PARTIDO ISOLADO,CIDADANIA,PARTIDO ISOLADO,PARTIDO:CIDADANIA,159.0,159.0,3.0,0,6234.0,118.0,6352.0,1.0,155371.0,0.040882790224688006,0.0010233569971230152,0.025031486146095717,0.40882790224688004,7.321928094887363,2.8781367666269477,12.0,JULIANO SILVA DA SILVA,0.0,0.0,0.0,0.0,0.026774892978262077,0.26774892978262077,1.0
2020,87912,PELOTAS,210001242946,CRISTIANO NUNES DA SILVA,CRISTIANO NUNES,PODE,MASCULINO,BRANCA,SUPERIOR INCOMPLETO,REPRESENTANTE COMERCIAL,NÃO ELEITO,0,Direita,Direita,7550.0,0.0,0.0,0.0,0.0,0.0,0.0,0.0,7550.0,0.0,0.0,1.2938901679256802,9768.870767838886,3.42879507057708,9768.870767838886,0.0,0.0,0.0,0.0,0.0,0.0,0.0,7486.24,0.0,0.0,0.0,0.0,11.0,7486.24,1.2938901679256802,9686.372330731943,0.0,9686.372330731943,0.0,0.0,0.0,0.0,0.0,0,3.4177002838968544,3.4177002838968544,0.0,PODE,-1,#NULO#,#NULO#,210000153954,PARTIDO ISOLADO,PODE,PARTIDO ISOLADO,PARTIDO:PODE,346.0,346.0,3.0,0,2135.0,89.0,2224.0,1.0,155371.0,0.014314125544664063,0.0022269278050601462,0.15557553956834533,0.1431412554466406,8.43879185257826,1.6888517438658803,2.0,CRISTIANO NUNES DA SILVA,0.0,0.0,0.0,0.0,0.0046755990437538225,0.046755990437538225,1.0
2020,87912,PELOTAS,210001240553,FLAVIO HUMBERTO CARRIL PEREIRA,FLAVIO CARRIL,PV,MASCULINO,BRANCA,SUPERIOR COMPLETO,OUTROS,NÃO ELEITO,0,Centro,Centro,0.0,0.0,0.0,1506.43,0.0,0.0,0.0,0.0,1506.43,1506.43,1.0,1.2938901679256802,1949.1549656682823,1.560301631937545,0.0,0.0,0.0,1949.1549656682823,0.0,0.0,0.0,0.0,0.0,0.0,0.0,0.0,0.0,0.0,0.0,1.2938901679256802,0.0,0.0,0.0,0.0,0.0,0.0,0.0,0.0,0,0.0,0.0,0.0,PV,-1,#NULO#,#NULO#,210000153495,PARTIDO ISOLADO,PV,PARTIDO ISOLADO,PARTIDO:PV,12.0,12.0,3.0,0,389.0,23.0,412.0,1.0,155371.0,0.0026517175019791337,7.723449034890681e-05,0.02912621359223301,0.026517175019791336,3.700439718141092,0.4977400886090932,6.0,FLAVIO HUMBERTO CARRIL PEREIRA,0.0,0.0,0.0,0.0,0.0020514816256185023,0.020514816256185023,1.0
2020,87912,PELOTAS,210001239715,ROBERTO CARLOS NOLASCO BANDEIRA,ROBERTO BANDEIRA MANECÃO,PSDB,MASCULINO,BRANCA,ENSINO MÉDIO COMPLETO,OUTROS,SUPLENTE,0,Centro,Centro,1431.0,0.0,0.0,9805.85,0.0,0.0,0.0,0.0,11236.85,9805.85,0.8726511433364332,1.2938901679256802,14539.24973345568,3.957844944067169,1851.5568303016485,0.0,0.0,12687.692903154031,0.0,0.0,0.0,0.0,3689.6,0.0,0.0,0.0,0.0,21.0,3689.6,1.2938901679256802,4773.93716357859,0.0,4773.93716357859,0.0,0.0,0.0,0.0,0.0,0,2.5295554071432,2.5295554071432,0.0,PSDB,-1,#NULO#,#NULO#,210000153382,PARTIDO ISOLADO,PSDB,PARTIDO ISOLADO,PARTIDO:PSDB,464.0,464.0,3.0,0,21809.0,2904.0,24713.0,1.0,155371.0,0.1590579966660445,0.002986400293491063,0.018775543236353335,1.590579966660445,8.861086905995395,4.684426037716597,18.0,ROBERTO CARLOS NOLASCO BANDEIRA,0.0,0.0,0.0,0.0,0.1757936287318619,1.757936287318619,1.0
2020,87912,PELOTAS,210001239707,JONE DE SOUZA SOARES,JONE SOARES,PSDB,MASCULINO,PARDA,SUPERIOR COMPLETO,JORNALISTA E REDATOR,SUPLENTE,0,Centro,Centro,178.8,0.0,0.0,65541.0,0.0,0.0,0.0,0.0,65719.8,65541.0,0.9972793587320716,1.2938901679256802,85034.20305804213,6.426838414846344,231.34756202511164,0.0,0.0,84802.85549601701,0.0,0.0,0.0,0.0,64786.25,2000.0,2000.0,0.0,17000.0,61.0,62786.25,1.2938901679256802,83826.2918917751,2587.7803358513606,81238.51155592375,2587.7803358513606,0.0,21996.132854736563,0.0308707480368133,0.3087074803681336,1,6.4064395920212505,6.361742248155534,1.8430915630333269,PSDB,-1,#NULO#,#NULO#,210000153382,PARTIDO ISOLADO,PSDB,PARTIDO ISOLADO,PARTIDO:PSDB,1270.0,1270.0,3.0,0,21809.0,2904.0,24713.0,1.0,155371.0,0.1590579966660445,0.00817398356192597,0.051389956702949866,1.590579966660445,10.311748315004959,4.684426037716597,5.0,JONE DE SOUZA SOARES,1.0,0.0,888.0,9.79603960882977,0.1757936287318619,1.757936287318619,1.0
2020,87912,PELOTAS,210001239708,MANOEL CARLOS DA SILVA CALDEIRA,NEKAIO CALDEIRA,PSDB,MASCULINO,BRANCA,ENSINO MÉDIO COMPLETO,OUTROS,SUPLENTE,0,Centro,Centro,0.0,2000.0,0.0,6442.98,0.0,0.0,0.0,0.0,8442.98,6442.98,0.7631168142054109,1.2938901679256802,10924.28880999316,3.575831318275993,0.0,2587.7803358513606,0.0,8336.5084741418,0.0,0.0,0.0,0.0,2800.0,1500.0,1500.0,0.0,0.0,5.0,1300.0,1.2938901679256802,3622.892470191905,1940.8352518885204,1682.0572183033844,1940.8352518885204,0.0,0.0,0.5357142857142857,5.357142857142857,1,2.208795805462652,1.4233400156473086,1.5562259654759605,PSDB,-1,#NULO#,#NULO#,210000153382,PARTIDO ISOLADO,PSDB,PARTIDO ISOLADO,PARTIDO:PSDB,294.0,294.0,3.0,0,21809.0,2904.0,24713.0,1.0,155371.0,0.1590579966660445,0.0018922450135482169,0.011896572654068708,1.590579966660445,8.204571144249204,4.684426037716597,24.0,MANOEL CARLOS DA SILVA CALDEIRA,0.0,0.0,0.0,0.0,0.1757936287318619,1.757936287318619,1.0
2020,87912,PELOTAS,210001239706,PABLO FERNANDES SALOMÃO,PABLO SALOMÃO,PSDB,MASCULINO,BRANCA,SUPERIOR INCOMPLETO,"ESTUDANTE, BOLSISTA, ESTAGIÁRIO E ASSEMELHADOS",SUPLENTE,0,Centro,Centro,3180.0,1000.0,0.0,13205.85,0.0,0.0,0.0,0.0,17385.85,13205.85,0.7595745965828534,1.2938901679256802,22495.380376030687,4.554305219177616,4114.570734003663,1293.8901679256803,0.0,17086.919474101345,0.0,0.0,0.0,0.0,7785.18,1651.1799999999998,1600.0,51.18,0.0,22.0,6134.0,1.2938901679256802,10073.167857531647,2136.4455674755245,7936.722290056123,2070.224268681088,66.22129879443631,0.0,0.2120927197572824,2.120927197572824,1,3.4689961082037994,3.159745793047112,1.6491305251181037,PSDB,-1,#NULO#,#NULO#,210000153382,PARTIDO ISOLADO,PSDB,PARTIDO ISOLADO,PARTIDO:PSDB,847.0,847.0,3.0,0,21809.0,2904.0,24713.0,1.0,155371.0,0.1590579966660445,0.005451467777127006,0.03427345931291223,1.590579966660445,9.727920454563199,4.684426037716597,13.0,PABLO FERNANDES SALOMAO,0.0,0.0,0.0,0.0,0.1757936287318619,1.757936287318619,1.0
2020,87912,PELOTAS,210001239705,JOSÉ APODI DOS SANTOS DOURADO,DOURADO,PSDB,MASCULINO,BRANCA,SUPERIOR COMPLETO,OUTROS,SUPLENTE,0,Centro,Centro,12150.0,6000.0,0.0,9538.98,0.0,0.0,0.0,0.0,27688.98,9538.98,0.3445045646318499,1.2938901679256802,35826.4989818908,5.2026723446488825,15720.765540297014,7763.341007554081,0.0,12342.392434039704,0.0,0.0,0.0,0.0,18945.4,1000.0,1000.0,0.0,450.0,42.0,17945.4,1.2938901679256802,24513.266787419183,1293.8901679256803,23219.376619493505,1293.8901679256803,0.0,582.2505755665561,0.0527832613721536,0.5278326137215366,1,4.673175732215251,4.598089826990647,1.1977963163832472,PSDB,-1,#NULO#,#NULO#,210000153382,PARTIDO ISOLADO,PSDB,PARTIDO ISOLADO,PARTIDO:PSDB,799.0,799.0,3.0,0,21809.0,2904.0,24713.0,1.0,155371.0,0.1590579966660445,0.005142529815731378,0.03233116173673775,1.590579966660445,9.643856189774725,4.684426037716597,15.0,JOSE APODI DOS SANTOS DOURADO,0.0,0.0,0.0,0.0,0.1757936287318619,1.757936287318619,1.0
2020,87912,PELOTAS,210001239704,ALCIDES SILVEIRA DE ÁVILA NETO,ALCIDES SILVEIRA,PSDB,MASCULINO,BRANCA,SUPERIOR COMPLETO,ADVOGADO,SUPLENTE,0,Centro,Centro,25750.0,6000.0,0.0,10541.0,0.0,0.0,0.0,0.0,42291.0,10541.0,0.2492492492492492,1.2938901679256802,54719.90909174494,5.800120999039814,33317.67182408627,7763.341007554081,0.0,13638.896260104597,0.0,0.0,0.0,0.0,31867.550000000003,3848.0,3500.0,348.0,2450.0,54.0,28019.550000000003,1.2938901679256802,41233.109620880015,4978.889366178018,36254.220254702,4528.6155877398805,450.27377843813673,3170.0309114179167,0.1207497909315275,1.2074979093152751,1,5.4003025714714745,5.219331961956229,2.579877515406733,PSDB,-1,#NULO#,#NULO#,210000153382,PARTIDO ISOLADO,PSDB,PARTIDO ISOLADO,PARTIDO:PSDB,1068.0,1068.0,3.0,0,21809.0,2904.0,24713.0,1.0,155371.0,0.1590579966660445,0.006873869641052706,0.04321612106988225,1.590579966660445,10.06204613772049,4.684426037716597,7.0,ALCIDES SILVEIRA DE AVILA NETO,0.0,0.0,0.0,0.0,0.1757936287318619,1.757936287318619,1.0
2020,87912,PELOTAS,210001239722,PAULO ROGÉRIO COSTA DOS SANTOS,PAULO SÍTIO FLORESTA,PSDB,MASCULINO,BRANCA,SUPERIOR INCOMPLETO,EMPRESÁRIO,ELEITO POR QP,1,Centro,Centro,0.0,2742.0,0.0,7834.94,0.0,0.0,0.0,0.0,10576.94,7834.94,0.7407567784255182,1.2938901679256802,13685.398672739842,3.8763105267317743,0.0,3547.846840452215,0.0,10137.551832287629,0.0,0.0,0.0,0.0,3541.5,0.0,0.0,0.0,0.0,11.0,3541.5,1.2938901679256802,4582.312029708796,0.0,4582.312029708796,0.0,0.0,0.0,0.0,0.0,0,2.480862767745444,2.480862767745444,0.0,PSDB,-1,#NULO#,#NULO#,210000153382,PARTIDO ISOLADO,PSDB,PARTIDO ISOLADO,PARTIDO:PSDB,1474.0,1474.0,3.0,0,21809.0,2904.0,24713.0,1.0,155371.0,0.1590579966660445,0.009486969897857387,0.059644721401691414,1.590579966660445,10.526499239136566,4.684426037716597,3.0,PAULO ROGERIO COSTA DOS SANTOS,0.0,0.0,0.0,0.0,0.1757936287318619,1.757936287318619,1.0
2020,87912,PELOTAS,210001239711,EMERSON GOUVÊA PINHO,EMERSON PINHO,PSDB,MASCULINO,BRANCA,SUPERIOR INCOMPLETO,COBRADOR DE TRANSPORTE COLETIVO,SUPLENTE,0,Centro,Centro,0.0,1240.0,0.0,10205.85,0.0,0.0,0.0,0.0,11445.85,10205.85,0.8916637908062748,1.2938901679256802,14809.672778552149,3.9827356026440186,0.0,1604.4238082278434,0.0,13205.248970324305,0.0,0.0,0.0,0.0,2019.5,0.0,0.0,0.0,0.0,8.0,2019.5,1.2938901679256802,2613.011194125911,0.0,2613.011194125911,0.0,0.0,0.0,0.0,0.0,0,1.853201724652704,1.853201724652704,0.0,PSDB,-1,#NULO#,#NULO#,210000153382,PARTIDO ISOLADO,PSDB,PARTIDO ISOLADO,PARTIDO:PSDB,438.0,438.0,3.0,0,21809.0,2904.0,24713.0,1.0,155371.0,0.1590579966660445,0.0028190588977350987,0.017723465382592157,1.590579966660445,8.778077129535358,4.684426037716597,20.0,EMERSON GOUVEA PINHO,0.0,0.0,0.0,0.0,0.1757936287318619,1.757936287318619,1.0
2020,87912,PELOTAS,210001258297,CÁTIA MABEL FERREIRA MAGALHÃES,CÁTIA MABEL,PL,FEMININO,BRANCA,ENSINO MÉDIO COMPLETO,EMPRESÁRIO,NÃO ELEITO,0,Direita,Direita,6810.0,0.0,0.0,1483.19,0.0,0.0,0.0,0.0,8293.19,1483.19,0.1788443289011827,1.2938901679256802,10730.477001739571,3.5521897744134034,8811.392043573882,0.0,0.0,1919.0849581656896,0.0,0.0,0.0,0.0,5013.1900000000005,1000.0,1000.0,0.0,0.0,19.0,4013.190000000001,1.2938901679256802,6486.517250943341,1293.8901679256803,5192.627083017661,1293.8901679256803,0.0,0.0,0.1994737881468685,1.9947378814686847,1,2.904294728920641,2.630551570279568,1.1977963163832472,PL,-1,#NULO#,#NULO#,210000161047,PARTIDO ISOLADO,PL,PARTIDO ISOLADO,PARTIDO:PL,516.0,516.0,3.0,0,4265.0,119.0,4384.0,1.0,155371.0,0.028216333807467287,0.0033210830850029928,0.1177007299270073,0.28216333807467286,9.014020470314934,2.42867840994823,3.0,CATIA MABEL FERREIRA MAGALHAES,0.0,0.0,0.0,0.0,0.015160949574692833,0.15160949574692834,1.0
2020,87912,PELOTAS,210001258332,NUBIA MIRAMAR SCHIRMER BONFIM,NUBIA BONFIM,PL,FEMININO,BRANCA,SUPERIOR COMPLETO,"CORRETOR DE IMÓVEIS, SEGUROS, TÍTULOS E VALORES",NÃO ELEITO,0,Direita,Direita,0.0,0.0,1713.0,885.0,0.0,0.0,0.0,0.0,2598.0,2598.0,1.0,1.2938901679256802,3361.526656270917,2.124833207001748,0.0,0.0,2216.43385765669,1145.092798614227,0.0,0.0,0.0,0.0,1718.6999999999998,100.0,100.0,0.0,0.0,10.0,1618.6999999999998,1.2938901679256802,2223.8090316138664,129.389016792568,2094.4200148212985,129.389016792568,0.0,0.0,0.0581835107930412,0.5818351079304126,1,1.688766285645151,1.6296690313616111,0.1755425064194949,PL,-1,#NULO#,#NULO#,210000161047,PARTIDO ISOLADO,PL,PARTIDO ISOLADO,PARTIDO:PL,71.0,71.0,3.0,0,4265.0,119.0,4384.0,1.0,155371.0,0.028216333807467287,0.0004569707345643653,0.016195255474452556,0.28216333807467286,6.169925001442312,2.42867840994823,9.0,NUBIA MIRAMAR SCHIRMER BONFIM,0.0,0.0,0.0,0.0,0.015160949574692833,0.15160949574692834,1.0
2020,87912,PELOTAS,210001258323,EDUARDO PEREIRA KONZGEN,EDUARDO KONZGEN,PL,MASCULINO,BRANCA,ENSINO FUNDAMENTAL COMPLETO,MECÂNICO DE MANUTENÇÃO,NÃO ELEITO,0,Direita,Direita,0.0,0.0,391.0,400.0,0.0,0.0,0.0,0.0,791.0,791.0,1.0,1.2938901679256802,1023.467122829213,1.0168294083764573,0.0,0.0,505.911055658941,517.5560671702721,0.0,0.0,0.0,0.0,400.0,0.0,0.0,0.0,0.0,3.0,400.0,1.2938901679256802,517.5560671702721,0.0,517.5560671702721,0.0,0.0,0.0,0.0,0.0,0,0.6017498188429086,0.6017498188429086,0.0,PL,-1,#NULO#,#NULO#,210000161047,PARTIDO ISOLADO,PL,PARTIDO ISOLADO,PARTIDO:PL,65.0,65.0,3.0,0,4265.0,119.0,4384.0,1.0,155371.0,0.028216333807467287,0.0004183534893899119,0.014826642335766423,0.28216333807467286,6.044394119358453,2.42867840994823,11.0,EDUARDO PEREIRA KONZGEN,0.0,0.0,0.0,0.0,0.015160949574692833,0.15160949574692834,1.0
2020,87912,PELOTAS,210001258321,DEJALMO DOS SANTOS,DEJALMO DOS SANTOS,PL,MASCULINO,BRANCA,SUPERIOR COMPLETO,ADMINISTRADOR,NÃO ELEITO,0,Direita,Direita,1500.0,940.0,391.0,1092.19,0.0,0.0,0.0,0.0,3923.19,1483.19,0.3780571422745266,1.2938901679256802,5076.176967904349,2.603163888766925,1940.8352518885204,1216.2567578501394,505.911055658941,1413.1739025067488,0.0,0.0,0.0,0.0,2031.99,150.0,150.0,0.0,400.0,19.0,1881.99,1.2938901679256802,2629.171882323303,194.08352518885204,2435.088357134451,194.08352518885204,0.0,517.5560671702721,0.0738192609215596,0.7381926092155966,1,1.8596403863579396,1.7803472084350107,0.2559037554981621,PL,-1,#NULO#,#NULO#,210000161047,PARTIDO ISOLADO,PL,PARTIDO ISOLADO,PARTIDO:PL,158.0,158.0,3.0,0,4265.0,119.0,4384.0,1.0,155371.0,0.028216333807467287,0.0010169207895939396,0.03604014598540146,0.28216333807467286,7.312882955284356,2.42867840994823,8.0,DEJALMO DOS SANTOS,0.0,0.0,0.0,0.0,0.015160949574692833,0.15160949574692834,1.0
2020,87912,PELOTAS,210001258295,JOÃO FRANCISCO DA ROCHA PAZ,JOÃO PAZ,PL,MASCULINO,BRANCA,SUPERIOR COMPLETO,SERVIDOR PÚBLICO ESTADUAL,NÃO ELEITO,0,Direita,Direita,2440.0,1666.0,0.0,2106.0,0.0,0.0,0.0,0.0,6212.0,2106.0,0.3390212491951062,1.2938901679256802,8037.645723154325,3.175947004290828,3157.09200973866,2155.621019764183,0.0,2724.9326936514826,0.0,0.0,0.0,0.0,6212.0,1000.0,1000.0,0.0,0.0,18.0,5212.0,1.2938901679256802,8037.645723154325,1293.8901679256803,6743.755555228646,1293.8901679256803,0.0,0.0,0.1609787508048937,1.6097875080489377,1,3.175947004290828,2.953033412216654,1.1977963163832472,PL,-1,#NULO#,#NULO#,210000161047,PARTIDO ISOLADO,PL,PARTIDO ISOLADO,PARTIDO:PL,183.0,183.0,3.0,0,4265.0,119.0,4384.0,1.0,155371.0,0.028216333807467287,0.0011778259778208288,0.04174270072992701,0.28216333807467286,7.523561956057013,2.42867840994823,6.0,JOAO FRANCISCO DA ROCHA PAZ,0.0,0.0,0.0,0.0,0.015160949574692833,0.15160949574692834,1.0
2020,87912,PELOTAS,210001258331,JAQUELINE SAMPAIO DA SILVA,JAQUELINE SAMPAIO,PL,FEMININO,BRANCA,SUPERIOR COMPLETO,SERVIDOR PÚBLICO MUNICIPAL,NÃO ELEITO,0,Direita,Direita,0.0,0.0,391.0,1816.0,0.0,0.0,0.0,0.0,2207.0,2207.0,1.0,1.2938901679256802,2855.6156006119763,1.9469612240951368,0.0,0.0,505.911055658941,2349.704544953035,0.0,0.0,0.0,0.0,1816.0,0.0,0.0,0.0,67.7,8.0,1816.0,1.2938901679256802,2349.704544953035,0.0,2349.704544953035,0.0,0.0,87.59636436856856,0.0,0.0,0,1.744033850696109,1.744033850696109,0.0,PL,-1,#NULO#,#NULO#,210000161047,PARTIDO ISOLADO,PL,PARTIDO ISOLADO,PARTIDO:PL,49.0,49.0,3.0,0,4265.0,119.0,4384.0,1.0,155371.0,0.028216333807467287,0.00031537416892470283,0.011177007299270073,0.28216333807467286,5.643856189774724,2.42867840994823,13.0,JAQUELINE SAMPAIO DA SILVA,0.0,0.0,0.0,0.0,0.015160949574692833,0.15160949574692834,1.0
2020,87912,PELOTAS,210001258333,VERIDIANE RODRIGUES DE SOUZA,VERI SOUZA,PL,FEMININO,BRANCA,SUPERIOR COMPLETO,AGENTE DE VIAGEM,NÃO ELEITO,0,Direita,Direita,420.0,0.0,28485.0,400.0,0.0,0.0,0.0,0.0,29305.0,28885.0,0.9856679747483365,1.2938901679256802,37917.45137106206,5.28234532878019,543.4338705287857,0.0,36856.461433363,517.5560671702721,0.0,0.0,0.0,0.0,29283.97,300.0,300.0,0.0,0.0,41.0,28983.97,1.2938901679256802,37890.240860830585,388.1670503777041,37502.07381045288,388.1670503777041,0.0,0.0,0.0102445126121902,0.1024451261219021,1,5.281336264800903,5.266864249668408,0.4731811905746159,PL,-1,#NULO#,#NULO#,210000161047,PARTIDO ISOLADO,PL,PARTIDO ISOLADO,PARTIDO:PL,525.0,525.0,3.0,0,4265.0,119.0,4384.0,1.0,155371.0,0.028216333807467287,0.003379008952764673,0.1197536496350365,0.28216333807467286,9.038918989292302,2.42867840994823,2.0,VERIDIANE RODRIGUES DE SOUZA,1.0,0.0,826.0,9.691743519171276,0.015160949574692833,0.15160949574692834,1.0
2020,87912,PELOTAS,210001239551,CARLOS HUMBERTO MARQUES VIEIRA,PROF CARLOS HUMBERTO,MDB,MASCULINO,BRANCA,SUPERIOR COMPLETO,SERVIDOR PÚBLICO ESTADUAL,NÃO ELEITO,0,Centro,Centro,0.0,305.5,0.0,0.0,704.5,0.0,0.0,0.0,1010.0,0.0,0.0,1.2938901679256802,1306.829069604937,1.2059111078053286,0.0,395.2834463012953,0.0,0.0,911.5456233036416,0.0,0.0,0.0,305.5,140.0,140.0,0.0,0.0,3.0,165.5,1.2938901679256802,395.2834463012953,181.1446235095952,214.13882279170008,181.1446235095952,0.0,0.0,0.4582651391162029,4.582651391162029,1,0.4805582296060886,0.2799333865877595,0.2401856242149963,MDB,-1,#NULO#,#NULO#,210000153356,PARTIDO ISOLADO,MDB,PARTIDO ISOLADO,PARTIDO:MDB,201.0,201.0,3.0,0,3733.0,200.0,3933.0,1.0,155371.0,0.025313604211854208,0.001293677713344189,0.05110602593440122,0.25313604211854207,7.658211482751795,2.302465287332405,7.0,CARLOS HUMBERTO MARQUES VIEIRA,0.0,0.0,0.0,0.0,0.03540334686162228,0.3540334686162228,1.0
2020,87912,PELOTAS,210001239468,FAGNER SILVEIRA FEIJÓ,FAGNER PRESIDENTE,PTB,MASCULINO,PRETA,SUPERIOR INCOMPLETO,OUTROS,SUPLENTE,0,Direita,Direita,0.0,0.0,0.0,15000.0,934.78,0.0,0.0,0.0,15934.78,15000.0,0.9413371254576468,1.2938901679256802,20617.85517005877,4.43415148710803,0.0,0.0,0.0,19408.352518885204,1209.5026511735673,0.0,0.0,0.0,15000.0,2040.0,2000.0,40.0,0.0,8.0,12960.0,1.2938901679256802,19408.352518885204,2639.535942568388,16768.816576316814,2587.7803358513606,51.755606717027206,0.0,0.136,1.36,1,4.351087819209647,4.151275694299398,1.8637545119527656,PTB,-1,#NULO#,#NULO#,210000153345,PARTIDO ISOLADO,PTB,PARTIDO ISOLADO,PARTIDO:PTB,910.0,910.0,3.0,0,17634.0,373.0,18007.0,1.0,155371.0,0.11589678897606374,0.005856948851458766,0.0505359027045038,1.1589678897606375,9.831307243802051,4.248458934781782,4.0,FAGNER SILVEIRA FEIJO,1.0,0.0,1001.0,9.968666793195208,0.10380274642797575,1.0380274642797576,1.0
2020,87912,PELOTAS,210001239480,PAULO SERGIO DOS SANTOS OLIVEIRA,PAULÃO OLIVEIRA,PTB,MASCULINO,BRANCA,SUPERIOR COMPLETO,OUTROS,SUPLENTE,0,Direita,Direita,350.0,500.0,0.0,0.0,0.0,0.0,0.0,0.0,850.0,0.0,0.0,1.2938901679256802,1099.8066427368285,1.070256485792404,452.86155877398807,646.9450839628402,0.0,0.0,0.0,0.0,0.0,0.0,480.0,0.0,0.0,0.0,0.0,2.0,480.0,1.2938901679256802,621.0672806043265,0.0,621.0672806043265,0.0,0.0,0.0,0.0,0.0,0,0.6969439695598876,0.6969439695598876,0.0,PTB,-1,#NULO#,#NULO#,210000153345,PARTIDO ISOLADO,PTB,PARTIDO ISOLADO,PARTIDO:PTB,115.0,115.0,3.0,0,17634.0,373.0,18007.0,1.0,155371.0,0.11589678897606374,0.0007401638658436902,0.006386405286832898,1.1589678897606375,6.857980995127572,4.248458934781782,24.0,PAULO SERGIO DOS SANTOS OLIVEIRA,0.0,0.0,0.0,0.0,0.10380274642797575,1.0380274642797576,1.0
2020,87912,PELOTAS,210001239467,JOSIANE DOS SANTOS RODRIGUES,JOSIANE RODRIGUES,PTB,FEMININO,BRANCA,SUPERIOR COMPLETO,OUTROS,SUPLENTE,0,Direita,Direita,3100.0,2600.0,0.0,2500.0,0.0,0.0,0.0,0.0,8200.0,2500.0,0.3048780487804878,1.2938901679256802,10609.899376990576,3.537283563305676,4011.0595205696086,3364.114436606769,0.0,3234.7254198142004,0.0,0.0,0.0,0.0,5100.0,0.0,0.0,0.0,500.0,13.0,5100.0,1.2938901679256802,6598.839856420969,0.0,6598.839856420969,0.0,0.0,646.9450839628402,0.0,0.0,0,2.92577917366816,2.92577917366816,0.0,PTB,-1,#NULO#,#NULO#,210000153345,PARTIDO ISOLADO,PTB,PARTIDO ISOLADO,PARTIDO:PTB,271.0,271.0,3.0,0,17634.0,373.0,18007.0,1.0,155371.0,0.11589678897606374,0.0017442122403794789,0.015049702893319264,1.1589678897606375,8.087462841250339,4.248458934781782,20.0,JOSIANE DOS SANTOS RODRIGUES,0.0,0.0,0.0,0.0,0.10380274642797575,1.0380274642797576,1.0
2020,87912,PELOTAS,210001239458,ANDERSON DE FREITAS GARCIA,ANDERSON GARCIA,PTB,MASCULINO,BRANCA,SUPERIOR COMPLETO,VEREADOR,ELEITO POR QP,1,Direita,Direita,2995.0,0.0,0.0,45977.0,1645.44,0.0,0.0,0.0,50617.44,45977.0,0.9083232972667128,1.2938901679256802,65493.407941568046,6.055139415931062,3875.201052937413,0.0,0.0,59489.188250719,2129.0186379116312,0.0,0.0,0.0,46967.32,0.0,0.0,0.0,600.0,29.0,46967.32,1.2938901679256802,60770.55356181916,0.0,60770.55356181916,0.0,0.0,776.3341007554081,0.0,0.0,0,5.948847354465085,5.948847354465085,0.0,PTB,-1,#NULO#,#NULO#,210000153345,PARTIDO ISOLADO,PTB,PARTIDO ISOLADO,PARTIDO:PTB,2044.0,2044.0,3.0,0,17634.0,373.0,18007.0,1.0,155371.0,0.11589678897606374,0.01315560818943046,0.11351141222857777,1.1589678897606375,10.997885127829111,4.248458934781782,2.0,ANDERSON DE FREITAS GARCIA,1.0,1.0,3277.0,11.678600139099458,0.10380274642797575,1.0380274642797576,1.0
2020,87912,PELOTAS,210001239696,ADEMAR FERNANDES DE ORNEL,ADEMAR ORNEL,DEM,MASCULINO,PARDA,SUPERIOR COMPLETO,VEREADOR,ELEITO POR QP,1,Direita,Direita,10100.0,6600.0,0.0,0.0,0.0,0.0,0.0,0.0,16700.0,0.0,0.0,1.2938901679256802,21607.96580435886,4.498759283527514,13068.290696049373,8539.67510830949,0.0,0.0,0.0,0.0,0.0,0.0,13353.2,0.0,0.0,0.0,0.0,22.0,13353.2,1.2938901679256802,17277.574190345193,0.0,17277.574190345193,0.0,0.0,0.0,0.0,0.0,0,4.192002702712768,4.192002702712768,0.0,DEM,-1,#NULO#,#NULO#,210000153379,PARTIDO ISOLADO,DEM,PARTIDO ISOLADO,PARTIDO:DEM,1102.0,1102.0,3.0,0,7198.0,261.0,7459.0,1.0,155371.0,0.04800767195937466,0.007092700697041276,0.1477409840461188,0.48007671959374654,10.107217075591382,3.0804871219370367,1.0,ADEMAR FERNANDES DE ORNEL,1.0,1.0,2969.0,11.536247215688128,0.07133485294935231,0.713348529493523,1.0
2020,87912,PELOTAS,210001239682,LUCAS SOARES MOREIRA,LUCAS MOREIRA,DEM,MASCULINO,BRANCA,ENSINO MÉDIO COMPLETO,DESPACHANTE,SUPLENTE,0,Direita,Direita,700.0,0.0,0.0,0.0,0.0,0.0,0.0,0.0,700.0,0.0,0.0,1.2938901679256802,905.723117547976,0.930338525356154,905.723117547976,0.0,0.0,0.0,0.0,0.0,0.0,0.0,0.0,0.0,0.0,0.0,0.0,0.0,0.0,1.2938901679256802,0.0,0.0,0.0,0.0,0.0,0.0,0.0,0.0,0,0.0,0.0,0.0,DEM,-1,#NULO#,#NULO#,210000153379,PARTIDO ISOLADO,DEM,PARTIDO ISOLADO,PARTIDO:DEM,114.0,114.0,3.0,0,7198.0,261.0,7459.0,1.0,155371.0,0.04800767195937466,0.0007337276583146147,0.015283550073736427,0.48007671959374654,6.845490050944375,3.0804871219370367,19.0,LUCAS SOARES MOREIRA,0.0,0.0,0.0,0.0,0.07133485294935231,0.713348529493523,1.0
2020,87912,PELOTAS,210001239669,CLAUDIA NARA VARGAS SEVERO,CLAUDIA SEVERO,DEM,FEMININO,PRETA,SUPERIOR INCOMPLETO,ARTISTA PLÁSTICO E ASSEMELHADOS,SUPLENTE,0,Direita,Direita,550.0,0.0,0.0,0.0,0.0,0.0,0.0,0.0,550.0,0.0,0.0,1.2938901679256802,711.6395923591241,0.7753789557961334,711.6395923591241,0.0,0.0,0.0,0.0,0.0,0.0,0.0,0.0,0.0,0.0,0.0,0.0,0.0,0.0,1.2938901679256802,0.0,0.0,0.0,0.0,0.0,0.0,0.0,0.0,0,0.0,0.0,0.0,DEM,-1,#NULO#,#NULO#,210000153379,PARTIDO ISOLADO,DEM,PARTIDO ISOLADO,PARTIDO:DEM,18.0,18.0,3.0,0,7198.0,261.0,7459.0,1.0,155371.0,0.04800767195937466,0.00011585173552336022,0.0024131921169057513,0.48007671959374654,4.247927513443585,3.0804871219370367,29.0,CLAUDIA NARA VARGAS SEVERO,0.0,0.0,0.0,0.0,0.07133485294935231,0.713348529493523,1.0
2020,87912,PELOTAS,210001181720,CARLOS EDUARDO BORGES DIAS,EDUARDO DIAS,PT,MASCULINO,BRANCA,SUPERIOR INCOMPLETO,OPERADOR DE INSTALAÇÃO DE PRODUÇÃO DE ENERGIA ELÉTRICA E NUCLEAR,NÃO ELEITO,0,Esquerda,Esquerda,5750.0,62.0,0.0,600.0,0.0,0.0,0.0,0.0,6412.0,600.0,0.0935745477230193,1.2938901679256802,8296.423756739461,3.216675832276521,7439.868465572661,80.22119041139217,0.0,776.3341007554081,0.0,0.0,0.0,0.0,2799.34,0.0,0.0,0.0,300.0,9.0,2799.34,1.2938901679256802,3622.038502681074,0.0,3622.038502681074,0.0,0.0,388.1670503777041,0.0,0.0,0,2.208529277848746,2.208529277848746,0.0,,,,,,,,,PARTIDO:PT,0.0,0.0,,1,9912.0,1295.0,11207.0,1.0,155371.0,0.07213057777834989,0.0,0.0,0.7213057777834988,0.0,3.60963678113278,24.0,CARLOS EDUARDO BORGES DIAS,0.0,0.0,0.0,0.0,0.09040974036804358,0.9040974036804358,1.0
2020,87912,PELOTAS,210001240516,SIMONE HUCH OLIVEIRA,SIMONE HUCH OLIVEIRA,PSL,FEMININO,BRANCA,ENSINO MÉDIO COMPLETO,EMPRESÁRIO,NÃO ELEITO,0,Direita,Direita,0.0,0.0,0.0,0.0,0.0,0.0,0.0,0.0,0.0,0.0,,1.2938901679256802,0.0,0.0,0.0,0.0,0.0,0.0,0.0,0.0,0.0,0.0,0.0,0.0,0.0,0.0,0.0,0.0,0.0,1.2938901679256802,0.0,0.0,0.0,0.0,0.0,0.0,0.0,0.0,0,0.0,0.0,0.0,,,,,,,,,PARTIDO:PSL,0.0,0.0,,1,126.0,36.0,162.0,1.0,155371.0,0.001042665619710242,0.0,0.0,0.010426656197102419,0.0,0.21661006874244174,3.0,SIMONE HUCH OLIVEIRA,0.0,0.0,0.0,0.0,0.0,0.0,0.0
2020,87912,PELOTAS,210001258334,CRISTIANO BAZAN ANDERSON,CRISTIANO ANDERSON,PL,MASCULINO,BRANCA,ENSINO FUNDAMENTAL INCOMPLETO,EMPRESÁRIO,NÃO ELEITO,0,Direita,Direita,0.0,0.0,391.0,620.0,0.0,0.0,0.0,0.0,1011.0,1011.0,1.0,1.2938901679256802,1308.1229597728627,1.2067200821850188,0.0,0.0,505.911055658941,802.2119041139217,0.0,0.0,0.0,0.0,620.0,0.0,0.0,0.0,0.0,5.0,620.0,1.2938901679256802,802.2119041139217,0.0,802.2119041139217,0.0,0.0,0.0,0.0,0.0,0,0.8497686532384233,0.8497686532384233,0.0,,,,,,,,,PARTIDO:PL,0.0,0.0,,1,4265.0,119.0,4384.0,1.0,155371.0,0.028216333807467287,0.0,0.0,0.28216333807467286,0.0,2.42867840994823,18.0,CRISTIANO BAZAN ANDERSON,0.0,0.0,0.0,0.0,0.015160949574692833,0.15160949574692834,1.0
2020,87912,PELOTAS,210000863520,JENIFER DA SILVA DIAS,JENIFER DIAS,PSOL,FEMININO,BRANCA,SUPERIOR COMPLETO,"ESTUDANTE, BOLSISTA, ESTAGIÁRIO E ASSEMELHADOS",SUPLENTE,0,Esquerda,Esquerda,0.0,0.0,0.0,8615.19,0.0,0.0,0.0,0.0,8615.19,8615.19,1.0,1.2938901679256802,11147.10963581164,3.602541165084663,0.0,0.0,0.0,11147.10963581164,0.0,0.0,0.0,0.0,8334.17,1000.0,1000.0,0.0,900.0,42.0,7334.17,1.2938901679256802,10783.500620821167,1293.8901679256803,9489.610452895486,1293.8901679256803,0.0,1164.5011511331122,0.1199879532094977,1.1998795320949776,1,3.55869629093632,3.390889197196151,1.1977963163832472,PSOL,-1,#NULO#,#NULO#,210000094655,PARTIDO ISOLADO,PSOL,PARTIDO ISOLADO,PARTIDO:PSOL,353.0,353.0,3.0,0,11850.0,554.0,12404.0,1.0,155371.0,0.07983471819065334,0.002271981257763675,0.028458561754272815,0.7983471819065333,8.467605550082997,3.744591686542384,5.0,JENIFER DA SILVA DIAS,0.0,0.0,0.0,0.0,0.05199866570300773,0.5199866570300773,1.0
2020,87912,PELOTAS,210000863527,JURANDIR BUCHWEITZ E SILVA,JURANDIR SILVA,PSOL,MASCULINO,BRANCA,SUPERIOR COMPLETO,ENGENHEIRO,ELEITO POR MÉDIA,1,Esquerda,Esquerda,1100.0,0.0,0.0,22687.34,0.0,24355.0,0.0,0.0,48142.34,22687.34,0.4712554479071852,1.2938901679256802,62290.90038693519,5.983926186794844,1423.2791847182482,0.0,0.0,29354.926162387,0.0,31512.69503982994,0.0,0.0,39147.61,3910.57,2410.57,1500.0,3770.0,49.0,35237.04,1.2938901679256802,50652.70767678904,5059.848073985127,45592.85960280391,3119.0128220966067,1940.8352518885204,4877.965933079815,0.099892943656075,0.9989294365607504,1,5.690772073203003,5.542036972407797,2.599281624448098,PSOL,-1,#NULO#,#NULO#,210000094655,PARTIDO ISOLADO,PSOL,PARTIDO ISOLADO,PARTIDO:PSOL,3645.0,3645.0,3.0,0,11850.0,554.0,12404.0,1.0,155371.0,0.07983471819065334,0.023459976443480444,0.2938568203805224,0.7983471819065333,11.832098846039134,3.744591686542384,2.0,JURANDIR BUCHWEITZ E SILVA,0.0,0.0,0.0,0.0,0.05199866570300773,0.5199866570300773,1.0
2020,87912,PELOTAS,210001240305,MIGUEL LOPES SIEFERT,DR MIGUEL SIEFERT,AVANTE,MASCULINO,BRANCA,SUPERIOR COMPLETO,ADVOGADO,NÃO ELEITO,0,Centro,Centro,2450.0,980.0,0.0,0.0,0.0,0.0,0.0,0.0,3430.0,0.0,0.0,1.2938901679256802,4438.043275985083,2.443087632385226,3170.0309114179167,1268.0123645671667,0.0,0.0,0.0,0.0,0.0,0.0,3410.0,0.0,0.0,0.0,0.0,7.0,3410.0,1.2938901679256802,4412.16547262657,0.0,4412.16547262657,0.0,0.0,0.0,0.0,0.0,0,2.4362059492346795,2.4362059492346795,0.0,AVANTE,-1,#NULO#,#NULO#,210000153455,PARTIDO ISOLADO,AVANTE,PARTIDO ISOLADO,PARTIDO:AVANTE,974.0,974.0,3.0,0,1892.0,34.0,1926.0,1.0,155371.0,0.012396135700999542,0.006268866133319602,0.505711318795431,0.12396135700999542,9.929258408636972,1.5489297694764,1.0,MIGUEL LOPES SIEFERT,0.0,0.0,0.0,0.0,0.010735531216990049,0.10735531216990048,1.0
2020,87912,PELOTAS,210001240885,VICTOR HUGO DE CASTRO MAIA,VICTOR HUGO MAIA,PATRIOTA,MASCULINO,BRANCA,ENSINO MÉDIO INCOMPLETO,EMPRESÁRIO,NÃO ELEITO,0,Direita,Direita,250.0,270.0,0.0,0.0,0.0,0.0,0.0,0.0,520.0,0.0,0.0,1.2938901679256802,672.8228873213537,0.7422847059205291,323.4725419814201,349.35034533993365,0.0,0.0,0.0,0.0,0.0,0.0,260.0,0.0,0.0,0.0,0.0,2.0,260.0,1.2938901679256802,336.41144366067687,0.0,336.41144366067687,0.0,0.0,0.0,0.0,0.0,0,0.4183642416031067,0.4183642416031067,0.0,PATRIOTA,-1,#NULO#,#NULO#,210000089031,PARTIDO ISOLADO,PATRIOTA,PARTIDO ISOLADO,PARTIDO:PATRIOTA,33.0,33.0,3.0,0,4091.0,76.0,4167.0,1.0,155371.0,0.02681967677365789,0.00021239484845949372,0.007919366450683946,0.26819676773657886,5.087462841250339,2.3693268837627732,20.0,VICTOR HUGO DE CASTRO MAIA,0.0,0.0,0.0,0.0,0.003391338188691833,0.03391338188691832,1.0
2020,87912,PELOTAS,210000838229,EDSON MARTINS DA ROCHA,EDSON SANTANINHA,PATRIOTA,MASCULINO,BRANCA,ENSINO MÉDIO COMPLETO,EMPRESÁRIO,NÃO ELEITO,0,Direita,Direita,250.0,320.0,0.0,0.0,0.0,0.0,0.0,0.0,570.0,0.0,0.0,1.2938901679256802,737.5173957176378,0.797027421916684,323.4725419814201,414.0448537362177,0.0,0.0,0.0,0.0,0.0,0.0,305.0,0.0,0.0,0.0,0.0,2.0,305.0,1.2938901679256802,394.63650121733247,0.0,394.63650121733247,0.0,0.0,0.0,0.0,0.0,0,0.479889146264167,0.479889146264167,0.0,PATRIOTA,-1,#NULO#,#NULO#,210000089031,PARTIDO ISOLADO,PATRIOTA,PARTIDO ISOLADO,PARTIDO:PATRIOTA,130.0,130.0,3.0,0,4091.0,76.0,4167.0,1.0,155371.0,0.02681967677365789,0.0008367069787798238,0.031197504199664026,0.26819676773657886,7.03342300153745,2.3693268837627732,10.0,EDSON MARTINS DA ROCHA,0.0,0.0,0.0,0.0,0.003391338188691833,0.03391338188691832,1.0
2020,87912,PELOTAS,210001239205,WILLIAM MACHADO VIEGAS,WILLIAM VIEGAS,PDT,MASCULINO,BRANCA,ENSINO MÉDIO COMPLETO,MOTORISTA PARTICULAR,SUPLENTE,0,Esquerda,Centro,420.0,1440.0,0.0,0.0,240.0,0.0,0.0,0.0,2100.0,0.0,0.0,1.2938901679256802,2717.1693526439285,1.8942044182652664,543.4338705287857,1863.20184181298,0.0,0.0,310.53364030216323,0.0,0.0,0.0,1459.0,0.0,0.0,0.0,0.0,8.0,1459.0,1.2938901679256802,1887.7857550035676,0.0,1887.7857550035676,0.0,0.0,0.0,0.0,0.0,0,1.5299637125646564,1.5299637125646564,0.0,PDT,-1,#NULO#,#NULO#,210000153308,PARTIDO ISOLADO,PDT,PARTIDO ISOLADO,PARTIDO:PDT,338.0,338.0,3.0,0,10446.0,538.0,10984.0,1.0,155371.0,0.07069530349936604,0.002175438144827542,0.030772032046613256,0.7069530349936604,8.405141463136344,3.583037623796664,7.0,WILLIAM MACHADO VIEGAS,0.0,0.0,0.0,0.0,0.13439150497581587,1.3439150497581587,1.0
2020,87912,PELOTAS,210001181722,MARIA TEREZA TAVARES FUJII,TEREZA FUJII,PT,FEMININO,BRANCA,SUPERIOR COMPLETO,SERVIDOR PÚBLICO CIVIL APOSENTADO,SUPLENTE,0,Esquerda,Esquerda,1100.0,0.0,0.0,4262.5,0.0,0.0,0.0,0.0,5362.5,4262.5,0.7948717948717948,1.2938901679256802,6938.48602550146,2.9888638925362288,1423.2791847182482,0.0,0.0,5515.206840783212,0.0,0.0,0.0,0.0,4162.5,0.0,0.0,0.0,0.0,30.0,4162.5,1.2938901679256802,5385.817823990644,0.0,5385.817823990644,0.0,0.0,0.0,0.0,0.0,0,2.6748713959749986,2.6748713959749986,0.0,PT,-1,#NULO#,#NULO#,210000145460,PARTIDO ISOLADO,PT,PARTIDO ISOLADO,PARTIDO:PT,825.0,825.0,3.0,0,9912.0,1295.0,11207.0,1.0,155371.0,0.07213057777834989,0.005309871211487343,0.07361470509502989,0.7213057777834988,9.689997971419446,3.60963678113278,4.0,MARIA TEREZA TAVARES FUJII,0.0,0.0,0.0,0.0,0.09040974036804358,0.9040974036804358,1.0
2020,87912,PELOTAS,210001181735,NEUZA REGINA DAS NEVES JANKE,PROFESSORA NEUZA,PT,FEMININO,BRANCA,SUPERIOR COMPLETO,SERVIDOR PÚBLICO CIVIL APOSENTADO,SUPLENTE,0,Esquerda,Esquerda,1500.0,0.0,0.0,6600.0,0.0,0.0,0.0,0.0,8100.0,6600.0,0.8148148148148148,1.2938901679256802,10480.51036019801,3.5211148725944046,1940.8352518885204,0.0,0.0,8539.67510830949,0.0,0.0,0.0,0.0,1951.85,259.14,259.14,0.0,250.0,19.0,1692.71,1.2938901679256802,2525.479524265739,335.2986981162608,2190.1808261494784,335.2986981162608,0.0,323.4725419814201,0.1327663498731972,1.327663498731972,1,1.8178195015481249,1.673638201292793,0.4171625000321014,PT,-1,#NULO#,#NULO#,210000145460,PARTIDO ISOLADO,PT,PARTIDO ISOLADO,PARTIDO:PT,122.0,122.0,3.0,0,9912.0,1295.0,11207.0,1.0,155371.0,0.07213057777834989,0.0007852173185472193,0.010886053359507451,0.7213057777834988,6.94251450533924,3.60963678113278,16.0,NEUZA REGINA DAS NEVES JANKE,0.0,0.0,0.0,0.0,0.09040974036804358,0.9040974036804358,1.0
2020,87912,PELOTAS,210001181719,RAFAEL DE SOUZA BELTRAME,RAFAEL BELTRAME,PT,MASCULINO,BRANCA,SUPERIOR COMPLETO,POLICIAL MILITAR,SUPLENTE,0,Esquerda,Esquerda,0.0,780.93,0.0,600.0,0.0,400.0,0.0,0.0,1780.9299999999998,600.0,0.3369026295250235,1.2938901679256802,2304.3278167638814,1.7243568211880564,0.0,1010.4376488382014,0.0,776.3341007554081,0.0,517.5560671702721,0.0,0.0,1180.93,851.12,851.12,0.0,0.0,9.0,329.81000000000006,1.2938901679256802,1527.9937160084737,1101.255799724905,426.7379162835687,1101.255799724905,0.0,0.0,0.7207201104214475,7.207201104214474,1,1.3379928773225005,0.5127203442012599,1.0712518014830068,PT,-1,#NULO#,#NULO#,210000145460,PARTIDO ISOLADO,PT,PARTIDO ISOLADO,PARTIDO:PT,109.0,109.0,3.0,0,9912.0,1295.0,11207.0,1.0,155371.0,0.07213057777834989,0.0007015466206692369,0.00972606406710092,0.7213057777834988,6.78135971352466,3.60963678113278,17.0,RAFAEL DE SOUZA BELTRAME,0.0,0.0,0.0,0.0,0.09040974036804358,0.9040974036804358,1.0
2020,87912,PELOTAS,210001181728,NELSON FAGUNDES ALVES,NICO ALVES,PT,MASCULINO,BRANCA,ENSINO FUNDAMENTAL COMPLETO,OUTROS,SUPLENTE,0,Esquerda,Esquerda,0.0,144.2,0.0,600.0,0.0,0.0,0.0,0.0,744.2,600.0,0.8062348830959419,1.2938901679256802,962.9130629702912,0.9729962775421976,0.0,186.57896221488303,0.0,776.3341007554081,0.0,0.0,0.0,0.0,144.2,0.0,0.0,0.0,0.0,5.0,144.2,1.2938901679256802,186.57896221488303,0.0,186.57896221488303,0.0,0.0,0.0,0.0,0.0,0,0.246808109470194,0.246808109470194,0.0,PT,-1,#NULO#,#NULO#,210000145460,PARTIDO ISOLADO,PT,PARTIDO ISOLADO,PARTIDO:PT,94.0,94.0,3.0,0,9912.0,1295.0,11207.0,1.0,155371.0,0.07213057777834989,0.0006050035077331034,0.008387614883554922,0.7213057777834988,6.569855608330948,3.60963678113278,19.0,NELSON FAGUNDES ALVES,0.0,0.0,0.0,0.0,0.09040974036804358,0.9040974036804358,1.0
2020,87912,PELOTAS,210001181727,MIRIAM PAZ GARCEZ MARRONI,MIRIAM MARRONI,PT,FEMININO,BRANCA,SUPERIOR COMPLETO,PSICÓLOGO,ELEITO POR QP,1,Esquerda,Esquerda,37491.42,0.0,0.0,8662.5,0.0,1000.0,0.0,0.0,47153.92,8662.5,0.1837068901164527,1.2938901679256802,61011.99346715409,5.954475362681036,48509.7797195722,0.0,0.0,11208.323579656206,0.0,1293.8901679256803,0.0,0.0,42153.92,3050.0,2900.0,150.0,2950.0,62.0,39103.92,1.2938901679256802,54542.54262752569,3946.365012173325,50596.17761535236,3752.281486984473,194.08352518885204,3816.975995380757,0.0723538878472037,0.7235388784720377,1,5.79552131727564,5.689192285736738,2.306368705927169,PT,-1,#NULO#,#NULO#,210000145460,PARTIDO ISOLADO,PT,PARTIDO ISOLADO,PARTIDO:PT,2328.0,2328.0,3.0,0,9912.0,1295.0,11207.0,1.0,155371.0,0.07213057777834989,0.01498349112768792,0.2077273132863389,0.7213057777834988,11.185494924210866,3.60963678113278,1.0,MIRIAM PAZ GARCEZ MARRONI,0.0,0.0,0.0,0.0,0.09040974036804358,0.9040974036804358,1.0
2020,87912,PELOTAS,210001238665,MICHEL HALAL,DR MICHEL HALAL,PP,MASCULINO,BRANCA,SUPERIOR COMPLETO,MÉDICO,SUPLENTE,0,Direita,Direita,6465.0,2710.0,0.0,0.0,0.0,0.0,0.0,0.0,9175.0,0.0,0.0,1.2938901679256802,11871.442290718116,3.6861018165953534,8364.999935639522,3506.442355078593,0.0,0.0,0.0,0.0,0.0,0.0,9175.0,3400.0,3400.0,0.0,1000.0,10.0,5775.0,1.2938901679256802,11871.442290718116,4399.226570947313,7472.215719770803,4399.226570947313,0.0,1293.8901679256803,0.3705722070844686,3.7057220708446863,1,3.6861018165953543,3.0827393237355145,2.4327527587252367,PP,-1,#NULO#,#NULO#,210000153244,PARTIDO ISOLADO,PP,PARTIDO ISOLADO,PARTIDO:PP,1546.0,1546.0,3.0,0,15354.0,1046.0,16400.0,1.0,155371.0,0.1055538034768393,0.009950376839950828,0.09426829268292683,1.055538034768393,10.595257481449035,4.121015400961366,4.0,MICHEL HALAL,0.0,0.0,0.0,0.0,0.03876688719630844,0.3876688719630844,1.0
2020,87912,PELOTAS,210001238670,ASTROGILDO GONÇALVES PINTO,ASTROGILDO PINTO,PP,MASCULINO,PRETA,SUPERIOR COMPLETO,PEDAGOGO,SUPLENTE,0,Direita,Direita,1050.0,400.0,0.0,3668.0,0.0,0.0,0.0,0.0,5118.0,3668.0,0.7166862055490426,1.2938901679256802,6622.129879443632,2.9301941915708114,1358.5846763219645,517.5560671702721,0.0,4745.989135951395,0.0,0.0,0.0,0.0,3490.9,0.0,0.0,0.0,0.0,10.0,3490.9,1.2938901679256802,4516.841187211757,0.0,4516.841187211757,0.0,0.0,0.0,0.0,0.0,0,2.4638424503423497,2.4638424503423497,0.0,PP,-1,#NULO#,#NULO#,210000153244,PARTIDO ISOLADO,PP,PARTIDO ISOLADO,PARTIDO:PP,133.0,133.0,3.0,0,15354.0,1046.0,16400.0,1.0,155371.0,0.1055538034768393,0.0008560156013670505,0.008109756097560976,1.055538034768393,7.066089190457772,4.121015400961366,18.0,ASTROGILDO GONCALVES PINTO,0.0,0.0,0.0,0.0,0.03876688719630844,0.3876688719630844,1.0
2020,87912,PELOTAS,210001238666,ROBERT GONÇALVES BOTELHO,ROBINHU BOTELHO,PP,MASCULINO,BRANCA,ENSINO FUNDAMENTAL COMPLETO,SERVIDOR PÚBLICO MUNICIPAL,SUPLENTE,0,Direita,Direita,800.0,400.0,0.0,5168.0,0.0,0.0,0.0,0.0,6368.0,5168.0,0.8115577889447236,1.2938901679256802,8239.492589350732,3.2078136244846305,1035.112134340544,517.5560671702721,0.0,6686.824387839915,0.0,0.0,0.0,0.0,4999.85,0.0,0.0,0.0,0.0,13.0,4999.85,1.2938901679256802,6469.256756103213,0.0,6469.256756103213,0.0,0.0,0.0,0.0,0.0,0,2.900964691792058,2.900964691792058,0.0,PP,-1,#NULO#,#NULO#,210000153244,PARTIDO ISOLADO,PP,PARTIDO ISOLADO,PARTIDO:PP,623.0,623.0,3.0,0,15354.0,1046.0,16400.0,1.0,155371.0,0.1055538034768393,0.004009757290614079,0.03798780487804878,1.055538034768393,9.285402218862249,4.121015400961366,7.0,ROBERT GONCALVES BOTELHO,0.0,0.0,0.0,0.0,0.03876688719630844,0.3876688719630844,1.0
2020,87912,PELOTAS,210001238688,LUIZ ANTONIO DE LIMA SILVEIRA,LUIZ SILVEIRA,PP,MASCULINO,BRANCA,ENSINO MÉDIO INCOMPLETO,SERVIDOR PÚBLICO MUNICIPAL,SUPLENTE,0,Direita,Direita,800.0,400.0,0.0,2168.0,0.0,0.0,0.0,0.0,3368.0,2168.0,0.6437054631828979,1.2938901679256802,4357.822085573691,2.421646675147789,1035.112134340544,517.5560671702721,0.0,2805.1538840628746,0.0,0.0,0.0,0.0,2000.0,0.0,0.0,0.0,0.0,5.0,2000.0,1.2938901679256802,2587.7803358513606,0.0,2587.7803358513606,0.0,0.0,0.0,0.0,0.0,0,1.8430915630333269,1.8430915630333269,0.0,PP,-1,#NULO#,#NULO#,210000153244,PARTIDO ISOLADO,PP,PARTIDO ISOLADO,PARTIDO:PP,267.0,267.0,3.0,0,15354.0,1046.0,16400.0,1.0,155371.0,0.1055538034768393,0.0017184674102631765,0.01628048780487805,1.055538034768393,8.066089190457772,4.121015400961366,13.0,LUIZ ANTONIO DE LIMA SILVEIRA,0.0,0.0,0.0,0.0,0.03876688719630844,0.3876688719630844,1.0
2020,87912,PELOTAS,210001238676,MARGARETE MOLINA KROLOW,MARGARETE KROLOW,PP,FEMININO,BRANCA,SUPERIOR COMPLETO,OUTROS,SUPLENTE,0,Direita,Direita,400.0,400.0,0.0,3168.0,0.0,0.0,0.0,0.0,3968.0,3168.0,0.7983870967741935,1.2938901679256802,5134.156186329099,2.6168649006078315,517.5560671702721,517.5560671702721,0.0,4099.044051988555,0.0,0.0,0.0,0.0,2996.0,0.0,0.0,0.0,0.0,18.0,2996.0,1.2938901679256802,3876.494943105338,0.0,3876.494943105338,0.0,0.0,0.0,0.0,0.0,0,2.2858445606844944,2.2858445606844944,0.0,PP,-1,#NULO#,#NULO#,210000153244,PARTIDO ISOLADO,PP,PARTIDO ISOLADO,PARTIDO:PP,76.0,76.0,3.0,0,15354.0,1046.0,16400.0,1.0,155371.0,0.1055538034768393,0.0004891517722097432,0.004634146341463414,1.055538034768393,6.266786540694901,4.121015400961366,22.0,MARGARETE MOLINA KROLOW,1.0,0.0,304.0,8.252665432450248,0.03876688719630844,0.3876688719630844,1.0
2020,87912,PELOTAS,210001238687,CLEBER TUCHTENHAGEN DUARTE,CLEBER DUARTE,PP,MASCULINO,BRANCA,ENSINO MÉDIO COMPLETO,MOTORISTA DE VEÍCULOS DE TRANSPORTE DE CARGA,SUPLENTE,0,Direita,Direita,800.0,400.0,0.0,168.0,0.0,0.0,0.0,0.0,1368.0,168.0,0.1228070175438596,1.2938901679256802,1770.0417497223305,1.4699077205573,1035.112134340544,517.5560671702721,0.0,217.37354821151428,0.0,0.0,0.0,0.0,0.0,0.0,0.0,0.0,0.0,0.0,0.0,1.2938901679256802,0.0,0.0,0.0,0.0,0.0,0.0,0.0,0.0,0,0.0,0.0,0.0,PP,-1,#NULO#,#NULO#,210000153244,PARTIDO ISOLADO,PP,PARTIDO ISOLADO,PARTIDO:PP,100.0,100.0,3.0,0,15354.0,1046.0,16400.0,1.0,155371.0,0.1055538034768393,0.0006436207529075567,0.006097560975609756,1.055538034768393,6.658211482751795,4.121015400961366,20.0,CLEBER TUCHTENHAGEN DUARTE,0.0,0.0,0.0,0.0,0.03876688719630844,0.3876688719630844,1.0
2020,87912,PELOTAS,210000936180,PAMELA AZEVEDO DA SILVEIRA,PAMELA SILVEIRA,PSD,FEMININO,BRANCA,SUPERIOR INCOMPLETO,MOTORISTA PARTICULAR,SUPLENTE,0,Direita,Direita,0.0,0.0,960.6,0.0,0.0,0.0,0.0,0.0,960.6,960.6,1.0,1.2938901679256802,1242.9108953094085,1.1653723072504494,0.0,0.0,1242.9108953094085,0.0,0.0,0.0,0.0,0.0,0.0,0.0,0.0,0.0,0.0,0.0,0.0,1.2938901679256802,0.0,0.0,0.0,0.0,0.0,0.0,0.0,0.0,0,0.0,0.0,0.0,PSD,-1,#NULO#,#NULO#,210000107998,PARTIDO ISOLADO,PSD,PARTIDO ISOLADO,PARTIDO:PSD,75.0,75.0,3.0,0,12519.0,194.0,12713.0,1.0,155371.0,0.0818235063171377,0.00048271556468066756,0.0058994729804137495,0.818235063171377,6.247927513443585,3.777472319663104,26.0,PAMELA AZEVEDO DA SILVEIRA,0.0,0.0,0.0,0.0,0.03200644910212932,0.32006449102129314,1.0
2020,87912,PELOTAS,210000936172,DAIANE FONSECA BORBA,DAIANE BORBA,PSD,FEMININO,BRANCA,ENSINO FUNDAMENTAL INCOMPLETO,CABELEIREIRO E BARBEIRO,SUPLENTE,0,Direita,Direita,2350.0,14.0,960.6,0.0,0.0,0.0,0.0,0.0,3324.6,960.6,0.2889370149792456,1.2938901679256802,4301.667252285716,2.406446125402888,3040.6418946253484,18.114462350959524,1242.9108953094085,0.0,0.0,0.0,0.0,0.0,14.0,0.0,0.0,0.0,0.0,1.0,14.0,1.2938901679256802,18.114462350959524,0.0,18.114462350959524,0.0,0.0,0.0,0.0,0.0,0,0.0258997667014986,0.0258997667014986,0.0,PSD,-1,#NULO#,#NULO#,210000107998,PARTIDO ISOLADO,PSD,PARTIDO ISOLADO,PARTIDO:PSD,108.0,108.0,3.0,0,12519.0,194.0,12713.0,1.0,155371.0,0.0818235063171377,0.0006951104131401613,0.008495241091795799,0.818235063171377,6.768184324776926,3.777472319663104,24.0,DAIANE FONSECA BORBA,0.0,0.0,0.0,0.0,0.03200644910212932,0.32006449102129314,1.0
2020,87912,PELOTAS,210000936169,CELSO RODRIGUES GONZAGA,CELSO DA GUABIROBA,PSD,MASCULINO,BRANCA,ENSINO MÉDIO COMPLETO,APOSENTADO (EXCETO SERVIDOR PÚBLICO),SUPLENTE,0,Direita,Direita,1600.0,310.0,867.0,0.0,0.0,0.0,0.0,0.0,2777.0,867.0,0.3122074180770616,1.2938901679256802,3593.132996329614,2.199478558078185,2070.224268681088,401.10595205696086,1121.8027755915648,0.0,0.0,0.0,0.0,0.0,171.85,0.0,0.0,0.0,0.0,4.0,171.85,1.2938901679256802,222.35502535802812,0.0,222.35502535802812,0.0,0.0,0.0,0.0,0.0,0,0.2896633677544691,0.2896633677544691,0.0,PSD,-1,#NULO#,#NULO#,210000107998,PARTIDO ISOLADO,PSD,PARTIDO ISOLADO,PARTIDO:PSD,458.0,458.0,3.0,0,12519.0,194.0,12713.0,1.0,155371.0,0.0818235063171377,0.00294778304831661,0.0360261150003933,0.818235063171377,8.842350343413807,3.777472319663104,10.0,CELSO RODRIGUES GONZAGA,1.0,0.0,807.0,9.658211482751796,0.03200644910212932,0.32006449102129314,1.0
2020,87912,PELOTAS,210000724738,DOMINGOS SÁVIO BORGES FARIA,DOMINGOS SÁVIO QUEMQUERFAZ,REPUBLICANOS,MASCULINO,BRANCA,SUPERIOR COMPLETO,LOCUTOR E COMENTARISTA DE RÁDIO E TELEVISÃO E RADIALISTA,NÃO ELEITO,0,Direita,Direita,9326.0,0.0,0.0,0.0,4902.5,0.0,0.0,0.0,14228.5,0.0,0.0,1.2938901679256802,18410.11625433054,4.278736853796429,12066.819706074892,0.0,0.0,0.0,6343.296548255647,0.0,0.0,0.0,9326.0,700.0,0.0,700.0,0.0,17.0,8626.0,1.2938901679256802,12066.819706074892,905.723117547976,11161.096588526918,0.0,905.723117547976,0.0,0.0750589749088569,0.7505897490885696,1,3.707836145540033,3.604201420009295,0.930338525356154,REPUBLICANOS,-1,#NULO#,#NULO#,210000067601,PARTIDO ISOLADO,REPUBLICANOS,PARTIDO ISOLADO,PARTIDO:REPUBLICANOS,2309.0,2309.0,3.0,0,4370.0,93.0,4463.0,1.0,155371.0,0.02872479420226426,0.014861203184635486,0.5173650011203227,0.2872479420226426,11.17367713630342,2.4496934230359075,1.0,DOMINGOS SAVIO BORGES FARIA,0.0,0.0,0.0,0.0,0.04050703285706343,0.4050703285706343,1.0
2020,87912,PELOTAS,210001272816,IDELCINA VIANA SOARES,IDELCINA SOARES,REPUBLICANOS,FEMININO,PARDA,SUPERIOR COMPLETO,ENFERMEIRO,NÃO ELEITO,0,Direita,Direita,0.0,0.0,0.0,1000.0,0.0,0.0,0.0,0.0,1000.0,1000.0,1.0,1.2938901679256802,1293.8901679256803,1.1977963163832472,0.0,0.0,0.0,1293.8901679256803,0.0,0.0,0.0,0.0,0.0,0.0,0.0,0.0,0.0,0.0,0.0,1.2938901679256802,0.0,0.0,0.0,0.0,0.0,0.0,0.0,0.0,0,0.0,0.0,0.0,REPUBLICANOS,-1,#NULO#,#NULO#,210000067601,PARTIDO ISOLADO,REPUBLICANOS,PARTIDO ISOLADO,PARTIDO:REPUBLICANOS,21.0,21.0,3.0,0,4370.0,93.0,4463.0,1.0,155371.0,0.02872479420226426,0.00013516035811058692,0.0047053551422809765,0.2872479420226426,4.459431618637297,2.4496934230359075,16.0,IDELCINA VIANA SOARES,0.0,0.0,0.0,0.0,0.04050703285706343,0.4050703285706343,1.0
2020,87912,PELOTAS,210000724742,ISIS FERREIRA BRAGA,ISIS,REPUBLICANOS,FEMININO,PRETA,SUPERIOR INCOMPLETO,ATENDENTE DE LANCHONETE E RESTAURANTE,NÃO ELEITO,0,Direita,Direita,0.0,0.0,0.0,0.0,0.0,0.0,0.0,0.0,0.0,0.0,,1.2938901679256802,0.0,0.0,0.0,0.0,0.0,0.0,0.0,0.0,0.0,0.0,0.0,0.0,0.0,0.0,0.0,0.0,0.0,1.2938901679256802,0.0,0.0,0.0,0.0,0.0,0.0,0.0,0.0,0,0.0,0.0,0.0,REPUBLICANOS,-1,#NULO#,#NULO#,210000067601,PARTIDO ISOLADO,REPUBLICANOS,PARTIDO ISOLADO,PARTIDO:REPUBLICANOS,52.0,52.0,3.0,0,4370.0,93.0,4463.0,1.0,155371.0,0.02872479420226426,0.0003346827915119295,0.011651355590410037,0.2872479420226426,5.727920454563199,2.4496934230359075,12.0,ISIS FERREIRA BRAGA,0.0,0.0,0.0,0.0,0.04050703285706343,0.4050703285706343,1.0
2020,87912,PELOTAS,210000724739,CLEONICE APARECIDA DE MELLO OLIVEIRA,MISSIONÁRIA CLEONICE,REPUBLICANOS,FEMININO,BRANCA,SUPERIOR INCOMPLETO,OUTROS,NÃO ELEITO,0,Direita,Direita,100.0,0.0,0.0,2380.8,0.0,0.0,0.0,0.0,2480.8,2380.8,0.9596904224443727,1.2938901679256802,3209.882728590028,2.073780045824204,129.389016792568,0.0,0.0,3080.49371179746,0.0,0.0,0.0,0.0,1454.09,0.0,0.0,0.0,0.0,7.0,1454.09,1.2938901679256802,1881.4327542790525,0.0,1881.4327542790525,0.0,0.0,0.0,0.0,0.0,0,1.5267863510797337,1.5267863510797337,0.0,REPUBLICANOS,-1,#NULO#,#NULO#,210000067601,PARTIDO ISOLADO,REPUBLICANOS,PARTIDO ISOLADO,PARTIDO:REPUBLICANOS,45.0,45.0,3.0,0,4370.0,93.0,4463.0,1.0,155371.0,0.02872479420226426,0.0002896293388084005,0.01008290387631638,0.2872479420226426,5.523561956057013,2.4496934230359075,14.0,CLEONICE APARECIDA DE MELLO OLIVEIRA,0.0,0.0,0.0,0.0,0.04050703285706343,0.4050703285706343,1.0
2020,87912,PELOTAS,210000680580,FRANCIS TAVARES FARIAS,FRANCIS FARIAS,PSB,MASCULINO,PRETA,ENSINO MÉDIO COMPLETO,CABELEIREIRO E BARBEIRO,SUPLENTE,0,Esquerda,Centro,300.0,0.0,0.0,1256.8,0.0,0.0,0.0,0.0,1556.8,1256.8,0.8072970195272353,1.2938901679256802,2014.328213426699,1.591836512524018,388.1670503777041,0.0,0.0,1626.161163048995,0.0,0.0,0.0,0.0,1000.0,0.0,0.0,0.0,0.0,2.0,1000.0,1.2938901679256802,1293.8901679256803,0.0,1293.8901679256803,0.0,0.0,0.0,0.0,0.0,0,1.1977963163832472,1.1977963163832472,0.0,PSB,-1,#NULO#,#NULO#,210000061620,PARTIDO ISOLADO,PSB,PARTIDO ISOLADO,PARTIDO:PSB,109.0,109.0,3.0,0,11578.0,584.0,12162.0,1.0,155371.0,0.07827715596861705,0.0007015466206692369,0.008962341720111823,0.7827715596861704,6.78135971352466,3.718306821867008,18.0,FRANCIS TAVARES FARIAS,0.0,0.0,0.0,0.0,0.11976983376883304,1.1976983376883303,1.0
2020,87912,PELOTAS,210000680583,LUIZ EDUARDO RODRIGUES DOS SANTOS,EDUARDO GORDINHO,PSB,MASCULINO,PRETA,SUPERIOR INCOMPLETO,OUTROS,SUPLENTE,0,Esquerda,Centro,500.0,0.0,0.0,1256.8,0.0,0.0,0.0,0.0,1756.8,1256.8,0.7153916211293261,1.2938901679256802,2273.106247011835,1.710660433897874,646.9450839628402,0.0,0.0,1626.161163048995,0.0,0.0,0.0,0.0,1200.0,200.0,200.0,0.0,0.0,2.0,1000.0,1.2938901679256802,1552.6682015108163,258.77803358513603,1293.8901679256803,258.77803358513603,0.0,0.0,0.1666666666666666,1.6666666666666663,1,1.3520060269171827,1.1977963163832472,0.3320239080941438,PSB,-1,#NULO#,#NULO#,210000061620,PARTIDO ISOLADO,PSB,PARTIDO ISOLADO,PARTIDO:PSB,223.0,223.0,3.0,0,11578.0,584.0,12162.0,1.0,155371.0,0.07827715596861705,0.0014352742789838515,0.018335800032889326,0.7827715596861704,7.807354922057604,3.718306821867008,13.0,LUIZ EDUARDO RODRIGUES DOS SANTOS,0.0,0.0,0.0,0.0,0.11976983376883304,1.1976983376883303,1.0
2020,87912,PELOTAS,210001240289,DIEGO FERREIRA DE AVILA,DIEGO AVILA,CIDADANIA,MASCULINO,PRETA,ENSINO FUNDAMENTAL COMPLETO,"SUPERVISOR, INSPETOR E AGENTE DE COMPRAS E VENDAS",SUPLENTE,0,Centro,Centro,935.0,0.0,0.0,1150.0,0.0,0.0,0.0,0.0,2085.0,1150.0,0.5515587529976019,1.2938901679256802,2697.761000125043,1.8866519810760447,1209.787307010511,0.0,0.0,1487.9736931145324,0.0,0.0,0.0,0.0,1685.0,0.0,0.0,0.0,0.0,7.0,1685.0,1.2938901679256802,2180.2049329547717,0.0,2180.2049329547717,0.0,0.0,0.0,0.0,0.0,0,1.6691197360226195,1.6691197360226195,0.0,CIDADANIA,-1,#NULO#,#NULO#,210000153454,PARTIDO ISOLADO,CIDADANIA,PARTIDO ISOLADO,PARTIDO:CIDADANIA,499.0,499.0,3.0,0,6234.0,118.0,6352.0,1.0,155371.0,0.040882790224688006,0.0032116675570087083,0.07855793450881612,0.40882790224688004,8.965784284662087,2.8781367666269477,5.0,DIEGO FERREIRA DE AVILA,0.0,0.0,0.0,0.0,0.026774892978262077,0.26774892978262077,1.0
2020,87912,PELOTAS,210001240276,SALVADOR GONÇALVES RIBEIRO,SALVADOR RIBEIRO,CIDADANIA,MASCULINO,BRANCA,SUPERIOR INCOMPLETO,VEREADOR,SUPLENTE,0,Centro,Centro,40700.0,6000.0,0.0,0.0,0.0,0.0,0.0,0.0,46700.0,0.0,0.0,1.2938901679256802,60424.670842129264,5.9407463164906735,52661.32983457518,7763.341007554081,0.0,0.0,0.0,0.0,0.0,0.0,45934.85,2000.0,2000.0,0.0,3000.0,117.0,43934.85,1.2938901679256802,59434.65078014093,2587.7803358513606,56846.87044428957,2587.7803358513606,0.0,3881.6705037770407,0.0435399266569935,0.4353992665699355,1,5.917304064548087,5.854167005531561,1.8430915630333269,CIDADANIA,-1,#NULO#,#NULO#,210000153454,PARTIDO ISOLADO,CIDADANIA,PARTIDO ISOLADO,PARTIDO:CIDADANIA,761.0,761.0,3.0,0,6234.0,118.0,6352.0,1.0,155371.0,0.040882790224688006,0.004897953929626507,0.11980478589420655,0.40882790224688004,9.573647187493322,2.8781367666269477,3.0,SALVADOR GONCALVES RIBEIRO,1.0,1.0,2024.0,10.98370619265935,0.026774892978262077,0.26774892978262077,1.0
2020,87912,PELOTAS,210001242951,JOÃO PEDRO EBLING DOS SANTOS,JOÃO EBLING,PODE,MASCULINO,BRANCA,SUPERIOR INCOMPLETO,"ESTUDANTE, BOLSISTA, ESTAGIÁRIO E ASSEMELHADOS",NÃO ELEITO,0,Direita,Direita,0.0,0.0,0.0,0.0,0.0,0.0,0.0,0.0,0.0,0.0,,1.2938901679256802,0.0,0.0,0.0,0.0,0.0,0.0,0.0,0.0,0.0,0.0,0.0,0.0,0.0,0.0,0.0,0.0,0.0,1.2938901679256802,0.0,0.0,0.0,0.0,0.0,0.0,0.0,0.0,0,0.0,0.0,0.0,PODE,-1,#NULO#,#NULO#,210000153954,PARTIDO ISOLADO,PODE,PARTIDO ISOLADO,PARTIDO:PODE,15.0,15.0,3.0,0,2135.0,89.0,2224.0,1.0,155371.0,0.014314125544664063,9.654311293613351e-05,0.006744604316546762,0.1431412554466406,4.0,1.6888517438658803,14.0,JOAO PEDRO EBLING DOS SANTOS,0.0,0.0,0.0,0.0,0.0046755990437538225,0.046755990437538225,1.0
2020,87912,PELOTAS,210001242955,PATRÍCIA DAIANE ORIGE DAMÉ NUNES,PATRÍCIA DAMÉ,PODE,FEMININO,BRANCA,SUPERIOR COMPLETO,PROFESSOR DE ENSINO FUNDAMENTAL,NÃO ELEITO,0,Direita,Direita,0.0,363.0,0.0,0.0,0.0,0.0,0.0,0.0,363.0,0.0,0.0,1.2938901679256802,469.6821309570219,0.5555041566391472,0.0,469.6821309570219,0.0,0.0,0.0,0.0,0.0,0.0,363.0,0.0,0.0,0.0,0.0,3.0,363.0,1.2938901679256802,469.6821309570219,0.0,469.6821309570219,0.0,0.0,0.0,0.0,0.0,0,0.5555041566391472,0.5555041566391472,0.0,PODE,-1,#NULO#,#NULO#,210000153954,PARTIDO ISOLADO,PODE,PARTIDO ISOLADO,PARTIDO:PODE,128.0,128.0,3.0,0,2135.0,89.0,2224.0,1.0,155371.0,0.014314125544664063,0.0008238345637216726,0.05755395683453238,0.1431412554466406,7.011227255423254,1.6888517438658803,7.0,PATRICIA DAIANE ORIGE DAME NUNES,0.0,0.0,0.0,0.0,0.0046755990437538225,0.046755990437538225,1.0
2020,87912,PELOTAS,210001242939,JEFFERSON DA CONCEIÇÃO RODRIGUES,TENENTE JEFFERSON,PODE,MASCULINO,PRETA,SUPERIOR INCOMPLETO,POLICIAL MILITAR,NÃO ELEITO,0,Direita,Direita,1610.0,1000.0,0.0,0.0,0.0,0.0,0.0,0.0,2610.0,0.0,0.0,1.2938901679256802,3377.0533382860253,2.129959964605673,2083.163170360345,1293.8901679256803,0.0,0.0,0.0,0.0,0.0,0.0,2610.0,740.0,740.0,0.0,700.0,8.0,1870.0,1.2938901679256802,3377.0533382860253,957.4787242650034,2419.574614021022,957.4787242650034,0.0,905.723117547976,0.2835249042145594,2.835249042145594,1,2.129959964605673,1.7738168688502918,0.96899662702376,PODE,-1,#NULO#,#NULO#,210000153954,PARTIDO ISOLADO,PODE,PARTIDO ISOLADO,PARTIDO:PODE,449.0,449.0,3.0,0,2135.0,89.0,2224.0,1.0,155371.0,0.014314125544664063,0.00288985718055493,0.2018884892086331,0.1431412554466406,8.813781191217037,1.6888517438658803,1.0,JEFFERSON DA CONCEICAO RODRIGUES,0.0,0.0,0.0,0.0,0.0046755990437538225,0.046755990437538225,1.0
2020,87912,PELOTAS,210001239730,ELENA CRISTINA ENGERS,ELENA ENGERS,PSDB,FEMININO,BRANCA,SUPERIOR COMPLETO,ADVOGADO,SUPLENTE,0,Centro,Centro,10000.0,6000.0,0.0,8937.0,0.0,0.0,0.0,0.0,24937.0,8937.0,0.3583831254762,1.2938901679256802,32265.739117562687,5.055965183602035,12938.901679256802,7763.341007554081,0.0,11563.496430751804,0.0,0.0,0.0,0.0,19300.0,3000.0,3000.0,0.0,2924.4700000000003,26.0,16300.0,1.2938901679256802,24972.080240965628,3881.6705037770407,21090.409737188587,3881.6705037770407,0.0,3783.942979393614,0.155440414507772,1.5544041450777202,1,4.698889666590731,4.465348273215129,2.287374921376917,PSDB,-1,#NULO#,#NULO#,210000153382,PARTIDO ISOLADO,PSDB,PARTIDO ISOLADO,PARTIDO:PSDB,826.0,826.0,3.0,0,21809.0,2904.0,24713.0,1.0,155371.0,0.1590579966660445,0.005316307419016419,0.033423704123335896,1.590579966660445,9.691743519171276,4.684426037716597,14.0,ELENA CRISTINA ENGERS,0.0,0.0,0.0,0.0,0.1757936287318619,1.757936287318619,1.0
2020,87912,PELOTAS,210001239720,MARCIO PEREIRA DOS SANTOS,MARCIO SANTOS,PSDB,MASCULINO,BRANCA,ENSINO MÉDIO INCOMPLETO,OUTROS,ELEITO POR MÉDIA,1,Centro,Centro,12178.8,0.0,0.0,10205.85,0.0,0.0,0.0,0.0,22384.65,10205.85,0.4559307382514357,1.2938901679256802,28963.27854745758,4.905123585352131,15758.029577133271,0.0,0.0,13205.248970324305,0.0,0.0,0.0,0.0,12129.45,1000.0,1000.0,0.0,450.0,20.0,11129.45,1.2938901679256802,15694.17609734614,1293.8901679256803,14400.28592942046,1293.8901679256803,0.0,582.2505755665561,0.0824439690175564,0.8244396901755644,1,4.061272989150702,3.944885231854779,1.1977963163832472,PSDB,-1,#NULO#,#NULO#,210000153382,PARTIDO ISOLADO,PSDB,PARTIDO ISOLADO,PARTIDO:PSDB,1417.0,1417.0,3.0,0,21809.0,2904.0,24713.0,1.0,155371.0,0.1590579966660445,0.00912010606870008,0.05733824302998422,1.590579966660445,10.469641817239516,4.684426037716597,4.0,MARCIO PEREIRA DOS SANTOS,1.0,0.0,943.0,9.88264304936184,0.1757936287318619,1.757936287318619,1.0
2020,87912,PELOTAS,210001239718,NEY VALDIR REICHOW BANDEIRA,DILA BANDEIRA,PSDB,MASCULINO,BRANCA,ENSINO MÉDIO COMPLETO,VEREADOR,ELEITO POR QP,1,Centro,Centro,0.0,3550.0,0.0,6341.0,0.0,0.0,0.0,0.0,9891.0,6341.0,0.6410878576483672,1.2938901679256802,12797.867650952903,3.786373422246286,0.0,4593.310096136165,0.0,8204.557554816738,0.0,0.0,0.0,0.0,4350.0,0.0,0.0,0.0,0.0,7.0,4350.0,1.2938901679256802,5628.422230476709,0.0,5628.422230476709,0.0,0.0,0.0,0.0,0.0,0,2.728665505156381,2.728665505156381,0.0,PSDB,-1,#NULO#,#NULO#,210000153382,PARTIDO ISOLADO,PSDB,PARTIDO ISOLADO,PARTIDO:PSDB,2053.0,2053.0,3.0,0,21809.0,2904.0,24713.0,1.0,155371.0,0.1590579966660445,0.01321353405719214,0.08307368591429612,1.590579966660445,11.004220466318195,4.684426037716597,1.0,NEY VALDIR REICHOW BANDEIRA,1.0,1.0,3349.0,11.709945380232497,0.1757936287318619,1.757936287318619,1.0
2020,87912,PELOTAS,210001239729,FERNANDA BRAGA PUCCINELLI,FERNANDA PUCCINELLI,PSDB,FEMININO,BRANCA,SUPERIOR COMPLETO,JORNALISTA E REDATOR,SUPLENTE,0,Centro,Centro,6500.0,6000.0,0.0,12136.6,0.0,0.0,0.0,0.0,24636.6,12136.6,0.4926247940056664,1.2938901679256802,31877.05451111781,5.039009147174793,8410.286091516922,7763.341007554081,0.0,15703.42741204681,0.0,0.0,0.0,0.0,15752.0,4200.0,4200.0,0.0,1200.0,33.0,11552.0,1.2938901679256802,20381.357925165317,5434.338705287857,14947.019219877458,5434.338705287857,0.0,1552.6682015108163,0.2666328085322498,2.6663280853224984,1,4.418281576088445,3.9952148788410105,2.6857918818373405,PSDB,-1,#NULO#,#NULO#,210000153382,PARTIDO ISOLADO,PSDB,PARTIDO ISOLADO,PARTIDO:PSDB,268.0,268.0,3.0,0,21809.0,2904.0,24713.0,1.0,155371.0,0.1590579966660445,0.001724903617792252,0.01084449480030753,1.590579966660445,8.071462362556623,4.684426037716597,25.0,FERNANDA BRAGA PUCCINELLI,0.0,0.0,0.0,0.0,0.1757936287318619,1.757936287318619,1.0
2020,87912,PELOTAS,210001239721,EDMAR CAMPOS,EDMAR GAÚCHO CAMPOS,PSDB,MASCULINO,BRANCA,ENSINO MÉDIO COMPLETO,SERVIDOR PÚBLICO CIVIL APOSENTADO,SUPLENTE,0,Centro,Centro,0.0,820.0,0.0,6952.88,0.0,0.0,0.0,0.0,7772.88,6952.88,0.8945049968608804,1.2938901679256802,10057.25300846616,3.466921111264486,0.0,1060.9899376990577,0.0,8996.263070767103,0.0,0.0,0.0,0.0,1620.0,0.0,0.0,0.0,0.0,3.0,1620.0,1.2938901679256802,2096.102072039602,0.0,2096.102072039602,0.0,0.0,0.0,0.0,0.0,0,1.6304530349183413,1.6304530349183413,0.0,PSDB,-1,#NULO#,#NULO#,210000153382,PARTIDO ISOLADO,PSDB,PARTIDO ISOLADO,PARTIDO:PSDB,260.0,260.0,3.0,0,21809.0,2904.0,24713.0,1.0,155371.0,0.1590579966660445,0.0016734139575596476,0.010520778537611783,1.590579966660445,8.027905996569885,4.684426037716597,26.0,EDMAR CAMPOS,1.0,0.0,814.0,9.67065624911844,0.1757936287318619,1.757936287318619,1.0
2020,87912,PELOTAS,210001258296,CARISE DOS SANTOS MULLER,CARISE SANTOS,PL,FEMININO,PRETA,ENSINO MÉDIO COMPLETO,MÚSICO,NÃO ELEITO,0,Direita,Direita,860.0,0.0,0.0,3400.0,0.0,0.0,0.0,0.0,4260.0,3400.0,0.7981220657276995,1.2938901679256802,5511.972115363398,2.7030945219148057,1112.745544416085,0.0,0.0,4399.226570947313,0.0,0.0,0.0,0.0,3700.0,300.0,300.0,0.0,0.0,23.0,3400.0,1.2938901679256802,4787.393621325017,388.1670503777041,4399.226570947313,388.1670503777041,0.0,0.0,0.081081081081081,0.8108108108108109,1,2.5329137702912607,2.4327527587252367,0.4731811905746159,PL,-1,#NULO#,#NULO#,210000161047,PARTIDO ISOLADO,PL,PARTIDO ISOLADO,PARTIDO:PL,68.0,68.0,3.0,0,4265.0,119.0,4384.0,1.0,155371.0,0.028216333807467287,0.00043766211197713857,0.01551094890510949,0.28216333807467286,6.108524456778169,2.42867840994823,10.0,CARISE DOS SANTOS MULLER,0.0,0.0,0.0,0.0,0.015160949574692833,0.15160949574692834,1.0
2020,87912,PELOTAS,210001258319,ELIANE GORETE GARCIA DOMINGUES,GORETE DOMINGUES,PL,FEMININO,BRANCA,ENSINO MÉDIO INCOMPLETO,CABELEIREIRO E BARBEIRO,NÃO ELEITO,0,Direita,Direita,0.0,0.0,1391.0,400.0,0.0,0.0,0.0,0.0,1791.0,1791.0,1.0,1.2938901679256802,2317.3572907548933,1.7300344036968585,0.0,0.0,1799.8012235846213,517.5560671702721,0.0,0.0,0.0,0.0,1393.3,200.0,200.0,0.0,0.0,7.0,1193.3,1.2938901679256802,1802.7771709708504,258.77803358513603,1543.9991373857142,258.77803358513603,0.0,0.0,0.1435441039259312,1.4354410392593124,1,1.4868570504303211,1.3470981814361191,0.3320239080941438,PL,-1,#NULO#,#NULO#,210000161047,PARTIDO ISOLADO,PL,PARTIDO ISOLADO,PARTIDO:PL,42.0,42.0,3.0,0,4265.0,119.0,4384.0,1.0,155371.0,0.028216333807467287,0.00027032071622117384,0.00958029197080292,0.28216333807467286,5.426264754702098,2.42867840994823,15.0,ELIANE GORETE GARCIA DOMINGUES,0.0,0.0,0.0,0.0,0.015160949574692833,0.15160949574692834,1.0
2020,87912,PELOTAS,210001258324,ÉLDIO FEIJÓ GONÇALVES,GM ÉLDIO FEIJÓ,PL,MASCULINO,BRANCA,SUPERIOR INCOMPLETO,FÍSICO,NÃO ELEITO,0,Direita,Direita,0.0,850.0,391.0,400.0,0.0,0.0,0.0,0.0,1641.0,791.0,0.482023156611822,1.2938901679256802,2123.273765566041,1.6430590320271334,0.0,1099.8066427368285,505.911055658941,517.5560671702721,0.0,0.0,0.0,0.0,1250.0,460.0,460.0,0.0,0.0,7.0,790.0,1.2938901679256802,1617.3627099071002,595.1894772458129,1022.1732326612872,595.1894772458129,0.0,0.0,0.368,3.68,1,1.3881138645941804,1.0159065932825082,0.6737277980637958,PL,-1,#NULO#,#NULO#,210000161047,PARTIDO ISOLADO,PL,PARTIDO ISOLADO,PARTIDO:PL,64.0,64.0,3.0,0,4265.0,119.0,4384.0,1.0,155371.0,0.028216333807467287,0.0004119172818608363,0.014598540145985401,0.28216333807467286,6.022367813028454,2.42867840994823,12.0,ELDIO FEIJO GONCALVES,1.0,0.0,94.0,6.569855608330948,0.015160949574692833,0.15160949574692834,1.0
2020,87912,PELOTAS,210001239549,TERTULIANO CESAR CAMACHO,CESAR CAMACHO,MDB,MASCULINO,BRANCA,ENSINO FUNDAMENTAL COMPLETO,APOSENTADO (EXCETO SERVIDOR PÚBLICO),NÃO ELEITO,0,Centro,Centro,300.0,280.0,0.0,0.0,704.5,0.0,0.0,0.0,1284.5,0.0,0.0,1.2938901679256802,1662.0019207005362,1.412511612190503,388.1670503777041,362.2892470191904,0.0,0.0,911.5456233036416,0.0,0.0,0.0,0.0,0.0,0.0,0.0,0.0,0.0,0.0,1.2938901679256802,0.0,0.0,0.0,0.0,0.0,0.0,0.0,0.0,0,0.0,0.0,0.0,MDB,-1,#NULO#,#NULO#,210000153356,PARTIDO ISOLADO,MDB,PARTIDO ISOLADO,PARTIDO:MDB,24.0,24.0,3.0,0,3733.0,200.0,3933.0,1.0,155371.0,0.025313604211854208,0.00015446898069781362,0.006102212051868803,0.25313604211854207,4.643856189774724,2.302465287332405,20.0,TERTULIANO CESAR CAMACHO,0.0,0.0,0.0,0.0,0.03540334686162228,0.3540334686162228,1.0
2020,87912,PELOTAS,210001239568,ADIR MARTIRENE DIAS,ADIR DIAS GAITEIRO,MDB,MASCULINO,BRANCA,ENSINO MÉDIO COMPLETO,APOSENTADO (EXCETO SERVIDOR PÚBLICO),NÃO ELEITO,0,Centro,Centro,150.0,225.0,0.0,0.0,704.5,0.0,0.0,0.0,1079.5,0.0,0.0,1.2938901679256802,1396.754436275772,1.2610821026810763,194.08352518885204,291.12528778327805,0.0,0.0,911.5456233036416,0.0,0.0,0.0,150.0,0.0,0.0,0.0,0.0,1.0,150.0,1.2938901679256802,194.08352518885204,0.0,194.08352518885204,0.0,0.0,0.0,0.0,0.0,0,0.2559037554981621,0.2559037554981621,0.0,MDB,-1,#NULO#,#NULO#,210000153356,PARTIDO ISOLADO,MDB,PARTIDO ISOLADO,PARTIDO:MDB,96.0,96.0,3.0,0,3733.0,200.0,3933.0,1.0,155371.0,0.025313604211854208,0.0006178759227912545,0.02440884820747521,0.25313604211854207,6.599912842187128,2.302465287332405,10.0,ADIR MARTIRENE DIAS,0.0,0.0,0.0,0.0,0.03540334686162228,0.3540334686162228,1.0
2020,87912,PELOTAS,210001239570,PATRICIA ANDREIA PASSOS ALEIXO,PATRICIA PASSOS ALEIXO,MDB,FEMININO,BRANCA,SUPERIOR COMPLETO,PEDAGOGO,NÃO ELEITO,0,Centro,Centro,300.0,0.0,0.0,0.0,704.5,0.0,0.0,0.0,1004.5,0.0,0.0,1.2938901679256802,1299.712673681346,1.201453621974298,388.1670503777041,0.0,0.0,0.0,911.5456233036416,0.0,0.0,0.0,0.0,0.0,0.0,0.0,0.0,0.0,0.0,1.2938901679256802,0.0,0.0,0.0,0.0,0.0,0.0,0.0,0.0,0,0.0,0.0,0.0,MDB,-1,#NULO#,#NULO#,210000153356,PARTIDO ISOLADO,MDB,PARTIDO ISOLADO,PARTIDO:MDB,48.0,48.0,3.0,0,3733.0,200.0,3933.0,1.0,155371.0,0.025313604211854208,0.00030893796139562724,0.012204424103737605,0.25313604211854207,5.614709844115208,2.302465287332405,14.0,PATRICIA ANDREIA PASSOS ALEIXO,0.0,0.0,0.0,0.0,0.03540334686162228,0.3540334686162228,1.0
2020,87912,PELOTAS,210001239553,PAULO CAETANO,PAULO CAETANO,MDB,MASCULINO,BRANCA,SUPERIOR COMPLETO,APOSENTADO (EXCETO SERVIDOR PÚBLICO),NÃO ELEITO,0,Centro,Centro,150.0,1100.35,0.0,0.0,466.0,0.0,0.0,0.0,1716.35,0.0,0.0,1.2938901679256802,2220.768389719241,1.6874049180887676,194.08352518885204,1423.7320462770222,0.0,0.0,602.952818253367,0.0,0.0,0.0,1100.35,200.0,200.0,0.0,0.0,9.0,900.3499999999999,1.2938901679256802,1423.7320462770222,258.77803358513603,1164.9540126918862,258.77803358513603,0.0,0.0,0.18176034897987,1.8176034897987008,1,1.2772302116510823,1.1143363799792512,0.3320239080941438,MDB,-1,#NULO#,#NULO#,210000153356,PARTIDO ISOLADO,MDB,PARTIDO ISOLADO,PARTIDO:MDB,43.0,43.0,3.0,0,3733.0,200.0,3933.0,1.0,155371.0,0.025313604211854208,0.0002767569237502494,0.010933129926264938,0.25313604211854207,5.459431618637297,2.302465287332405,16.0,PAULO CAETANO,1.0,0.0,112.0,6.820178962415188,0.03540334686162228,0.3540334686162228,1.0
2020,87912,PELOTAS,210001239479,WILSON GOEBEL,ENG. AGRO. ALEMAO DA DEODORO,PTB,MASCULINO,BRANCA,SUPERIOR COMPLETO,OUTROS,SUPLENTE,0,Direita,Direita,1210.0,398.0,0.0,0.0,0.0,0.0,0.0,0.0,1608.0,0.0,0.0,1.2938901679256802,2080.575390024494,1.6231998427402663,1565.607103190073,514.9682868344207,0.0,0.0,0.0,0.0,0.0,0.0,1258.0,750.0,750.0,0.0,0.0,3.0,508.0,1.2938901679256802,1627.7138312505058,970.4176259442602,657.2962053062456,970.4176259442602,0.0,0.0,0.5961844197138315,5.961844197138315,1,1.3938081688430084,0.7288314756648882,0.978501438323365,PTB,-1,#NULO#,#NULO#,210000153345,PARTIDO ISOLADO,PTB,PARTIDO ISOLADO,PARTIDO:PTB,194.0,194.0,3.0,0,17634.0,373.0,18007.0,1.0,155371.0,0.11589678897606374,0.0012486242606406601,0.01077358804909202,1.1589678897606375,7.60733031374961,4.248458934781782,22.0,WILSON GOEBEL,1.0,0.0,433.0,8.761551232444479,0.10380274642797575,1.0380274642797576,1.0
2020,87912,PELOTAS,210001239482,OTAVIO MARTINS SOARES,OTÁVIO SOARES,PTB,MASCULINO,BRANCA,SUPERIOR COMPLETO,OUTROS,SUPLENTE,0,Direita,Direita,7850.0,0.0,0.0,4500.0,0.0,0.0,0.0,0.0,12350.0,4500.0,0.3643724696356275,1.2938901679256802,15979.54357388215,4.085725773298513,10157.03781821659,0.0,0.0,5822.505755665561,0.0,0.0,0.0,0.0,10404.41,3500.0,3500.0,0.0,4400.0,12.0,6904.41,1.2938901679256802,13462.163802067627,4528.6155877398805,8933.548214327746,4528.6155877398805,0.0,5693.116738872993,0.3363958167738488,3.363958167738488,1,3.8542115166763113,3.31230913334948,2.466918262602863,PTB,-1,#NULO#,#NULO#,210000153345,PARTIDO ISOLADO,PTB,PARTIDO ISOLADO,PARTIDO:PTB,780.0,780.0,3.0,0,17634.0,373.0,18007.0,1.0,155371.0,0.11589678897606374,0.005020241872678943,0.043316488032431835,1.1589678897606375,9.60917873814198,4.248458934781782,9.0,OTAVIO MARTINS SOARES,0.0,0.0,0.0,0.0,0.10380274642797575,1.0380274642797576,1.0
2020,87912,PELOTAS,210001239473,CHAINE DOS SANTOS MEIRELES,NEGA CHAY,PTB,FEMININO,PRETA,ENSINO FUNDAMENTAL INCOMPLETO,OUTROS,SUPLENTE,0,Direita,Direita,0.0,0.0,0.0,0.0,0.0,0.0,0.0,0.0,0.0,0.0,,1.2938901679256802,0.0,0.0,0.0,0.0,0.0,0.0,0.0,0.0,0.0,0.0,0.0,0.0,0.0,0.0,0.0,0.0,0.0,1.2938901679256802,0.0,0.0,0.0,0.0,0.0,0.0,0.0,0.0,0,0.0,0.0,0.0,PTB,-1,#NULO#,#NULO#,210000153345,PARTIDO ISOLADO,PTB,PARTIDO ISOLADO,PARTIDO:PTB,21.0,21.0,3.0,0,17634.0,373.0,18007.0,1.0,155371.0,0.11589678897606374,0.00013516035811058692,0.0011662131393347032,1.1589678897606375,4.459431618637297,4.248458934781782,29.0,CHAINE DOS SANTOS MEIRELES,1.0,0.0,127.0,7.0,0.10380274642797575,1.0380274642797576,1.0
2020,87912,PELOTAS,210001239463,RAFAEL PEREIRA DUTRA,BARRIGA,PTB,MASCULINO,PRETA,ENSINO MÉDIO COMPLETO,OUTROS,ELEITO POR MÉDIA,1,Direita,Direita,0.0,0.0,0.0,47800.0,2580.22,0.0,0.0,0.0,50380.22,47800.0,0.9487850588981152,1.2938901679256802,65186.47131593272,6.048464451496618,0.0,0.0,0.0,61847.95002684752,3338.5212890851985,0.0,0.0,0.0,47800.0,0.0,0.0,0.0,1650.0,21.0,47800.0,1.2938901679256802,61847.95002684752,0.0,61847.95002684752,0.0,0.0,2134.9187770773724,0.0,0.0,0,5.973793782503167,5.973793782503167,0.0,PTB,-1,#NULO#,#NULO#,210000153345,PARTIDO ISOLADO,PTB,PARTIDO ISOLADO,PARTIDO:PTB,1876.0,1876.0,3.0,0,17634.0,373.0,18007.0,1.0,155371.0,0.11589678897606374,0.012074325324545764,0.10418170711390015,1.1589678897606375,10.874212934830874,4.248458934781782,3.0,RAFAEL PEREIRA DUTRA,1.0,0.0,2486.0,11.280190792216906,0.10380274642797575,1.0380274642797576,1.0
2020,87912,PELOTAS,210001239457,FRANCISCA CAVALHEIRO LEGORIO,FRAN LEGORIO,PTB,FEMININO,BRANCA,SUPERIOR COMPLETO,SERVIDOR PÚBLICO MUNICIPAL,SUPLENTE,0,Direita,Direita,700.0,516.0,0.0,1200.0,934.78,0.0,0.0,0.0,3350.78,1200.0,0.3581255707626284,1.2938901679256802,4335.54129688201,2.4156346415676087,905.723117547976,667.647326649651,0.0,1552.6682015108163,1209.5026511735673,0.0,0.0,0.0,1693.0,0.0,0.0,0.0,0.0,8.0,1693.0,1.2938901679256802,2190.5560542981766,0.0,2190.5560542981766,0.0,0.0,0.0,0.0,0.0,0,1.6738078806887924,1.6738078806887924,0.0,PTB,-1,#NULO#,#NULO#,210000153345,PARTIDO ISOLADO,PTB,PARTIDO ISOLADO,PARTIDO:PTB,249.0,249.0,3.0,0,17634.0,373.0,18007.0,1.0,155371.0,0.11589678897606374,0.0016026156747398163,0.013827955794968623,1.1589678897606375,7.965784284662087,4.248458934781782,21.0,FRANCISCA CAVALHEIRO LEGORIO,0.0,0.0,0.0,0.0,0.10380274642797575,1.0380274642797576,1.0
2020,87912,PELOTAS,210001239470,MARCOS FERREIRA INSSARRIAGA,MARCOLA,PTB,MASCULINO,BRANCA,SUPERIOR COMPLETO,VEREADOR,ELEITO POR QP,1,Direita,Direita,13600.0,1079.3,0.0,0.0,0.0,0.0,0.0,0.0,14679.3,0.0,0.0,1.2938901679256802,18993.40194203144,4.321452067086032,17596.906283789252,1396.495658242187,0.0,0.0,0.0,0.0,0.0,0.0,10398.8,178.8,178.8,0.0,0.0,16.0,10220.0,1.2938901679256802,13454.905078225564,231.34756202511164,13223.557516200452,231.34756202511164,0.0,0.0,0.0171942916490364,0.1719429164903642,1,3.853487229913125,3.8302104437463695,0.3002380365882021,PTB,-1,#NULO#,#NULO#,210000153345,PARTIDO ISOLADO,PTB,PARTIDO ISOLADO,PARTIDO:PTB,2476.0,2476.0,3.0,0,17634.0,373.0,18007.0,1.0,155371.0,0.11589678897606374,0.015936049841991106,0.1375020825234631,1.1589678897606375,11.274378153246364,4.248458934781782,1.0,MARCOS FERREIRA INSSARRIAGA,1.0,1.0,3622.0,11.822969090453288,0.10380274642797575,1.0380274642797576,1.0
2020,87912,PELOTAS,210001239469,GLACI MARIA MOREIRA RODRIGUES,GLACI RODRIGUES,PTB,FEMININO,PRETA,SUPERIOR COMPLETO,PROFESSOR DE ENSINO MÉDIO,SUPLENTE,0,Direita,Direita,350.0,0.0,5000.0,5000.0,0.0,0.0,0.0,0.0,10350.0,10000.0,0.966183574879227,1.2938901679256802,13391.76323803079,3.847171452700533,452.86155877398807,0.0,6469.450839628401,6469.450839628401,0.0,0.0,0.0,0.0,9724.4,0.0,0.0,0.0,0.0,24.0,9724.4,1.2938901679256802,12582.305548976485,0.0,12582.305548976485,0.0,0.0,0.0,0.0,0.0,0,3.763656487706617,3.763656487706617,0.0,PTB,-1,#NULO#,#NULO#,210000153345,PARTIDO ISOLADO,PTB,PARTIDO ISOLADO,PARTIDO:PTB,489.0,489.0,3.0,0,17634.0,373.0,18007.0,1.0,155371.0,0.11589678897606374,0.0031473054817179524,0.0271561059587938,1.1589678897606375,8.936637939002571,4.248458934781782,15.0,GLACI MARIA MOREIRA RODRIGUES,0.0,0.0,0.0,0.0,0.10380274642797575,1.0380274642797576,1.0
2020,87912,PELOTAS,210001239481,SÉRGIO LUIZ TAVARES ACOSTA,PR SÉRGIO ACOSTA,PTB,MASCULINO,BRANCA,SUPERIOR INCOMPLETO,OUTROS,SUPLENTE,0,Direita,Direita,950.0,500.0,0.0,7000.0,1534.78,0.0,0.0,0.0,9984.78,7000.0,0.701067024010544,1.2938901679256802,12919.208670900976,3.7990052889031367,1229.1956595293962,646.9450839628402,0.0,9057.23117547976,1985.836751928976,0.0,0.0,0.0,7696.0,420.0,420.0,0.0,0.0,11.0,7276.0,1.2938901679256802,9957.778732356035,543.4338705287857,9414.344861827249,543.4338705287857,0.0,0.0,0.0545738045738045,0.5457380457380457,1,3.4538834719633287,3.3805001810905817,0.6261436710294958,PTB,-1,#NULO#,#NULO#,210000153345,PARTIDO ISOLADO,PTB,PARTIDO ISOLADO,PARTIDO:PTB,654.0,654.0,3.0,0,17634.0,373.0,18007.0,1.0,155371.0,0.11589678897606374,0.004209279724015421,0.03631920919642361,1.1589678897606375,9.355351096424812,4.248458934781782,10.0,SERGIO LUIZ TAVARES ACOSTA,1.0,0.0,1225.0,10.259743263690781,0.10380274642797575,1.0380274642797576,1.0
2020,87912,PELOTAS,210001239471,ARNO DUMMER,ARNO DUMMER,PTB,MASCULINO,BRANCA,ENSINO FUNDAMENTAL INCOMPLETO,OUTROS,SUPLENTE,0,Direita,Direita,0.0,0.0,0.0,0.0,0.0,0.0,0.0,0.0,0.0,0.0,,1.2938901679256802,0.0,0.0,0.0,0.0,0.0,0.0,0.0,0.0,0.0,0.0,0.0,0.0,0.0,0.0,0.0,0.0,0.0,1.2938901679256802,0.0,0.0,0.0,0.0,0.0,0.0,0.0,0.0,0,0.0,0.0,0.0,PTB,-1,#NULO#,#NULO#,210000153345,PARTIDO ISOLADO,PTB,PARTIDO ISOLADO,PARTIDO:PTB,63.0,63.0,3.0,0,17634.0,373.0,18007.0,1.0,155371.0,0.11589678897606374,0.00040548107433176076,0.0034986394180041096,1.1589678897606375,6.0,4.248458934781782,26.0,ARNO DUMMER,0.0,0.0,0.0,0.0,0.10380274642797575,1.0380274642797576,1.0
2020,87912,PELOTAS,210001239678,SILVIO COITINHO SOUZA,SILVIO SOUZA,DEM,MASCULINO,PRETA,ENSINO MÉDIO COMPLETO,SERVIDOR PÚBLICO MUNICIPAL,SUPLENTE,0,Direita,Direita,0.0,650.0,0.0,25000.0,0.0,0.0,0.0,0.0,25650.0,25000.0,0.9746588693957114,1.2938901679256802,33188.2828072937,5.095430056482389,0.0,841.0286091516922,0.0,32347.254198142007,0.0,0.0,0.0,0.0,24916.38,0.0,0.0,0.0,0.0,24.0,24916.38,1.2938901679256802,32239.059102300056,0.0,32239.059102300056,0.0,0.0,0.0,0.0,0.0,0,5.054807639220113,5.054807639220113,0.0,DEM,-1,#NULO#,#NULO#,210000153379,PARTIDO ISOLADO,DEM,PARTIDO ISOLADO,PARTIDO:DEM,457.0,457.0,3.0,0,7198.0,261.0,7459.0,1.0,155371.0,0.04800767195937466,0.0029413468407875343,0.06126826652366269,0.48007671959374654,8.839203788096944,3.0804871219370367,6.0,SILVIO COITINHO SOUZA,1.0,0.0,1363.0,10.413627929024173,0.07133485294935231,0.713348529493523,1.0
2020,87912,PELOTAS,210001239668,DERLI ALVES DE BORBA,PASTOR DERLI BORBA,DEM,MASCULINO,BRANCA,ENSINO MÉDIO COMPLETO,MOTORISTA DE VEÍCULOS DE TRANSPORTE COLETIVO DE PASSAGEIROS,SUPLENTE,0,Direita,Direita,550.0,3030.0,0.0,0.0,0.0,0.0,0.0,0.0,3580.0,0.0,0.0,1.2938901679256802,4632.126801173935,2.493679815041528,711.6395923591241,3920.4872088148113,0.0,0.0,0.0,0.0,0.0,0.0,3017.0,0.0,0.0,0.0,0.0,4.0,3017.0,1.2938901679256802,3903.666636631777,0.0,3903.666636631777,0.0,0.0,0.0,0.0,0.0,0,2.2938609043905256,2.2938609043905256,0.0,DEM,-1,#NULO#,#NULO#,210000153379,PARTIDO ISOLADO,DEM,PARTIDO ISOLADO,PARTIDO:DEM,78.0,78.0,3.0,0,7198.0,261.0,7459.0,1.0,155371.0,0.04800767195937466,0.0005020241872678942,0.010457165839924922,0.48007671959374654,6.303780748177103,3.0804871219370367,25.0,DERLI ALVES DE BORBA,1.0,0.0,285.0,8.159871336778389,0.07133485294935231,0.713348529493523,1.0
2020,87912,PELOTAS,210001239694,LUDIER OLMIRO TERRES DUARTE,LUDIER DUARTE,DEM,MASCULINO,BRANCA,ENSINO MÉDIO COMPLETO,MOTORISTA DE VEÍCULOS DE TRANSPORTE DE CARGA,SUPLENTE,0,Direita,Direita,700.0,619.5,0.0,0.0,0.0,0.0,0.0,0.0,1319.5,0.0,0.0,1.2938901679256802,1707.288076577935,1.436848409731563,905.723117547976,801.5649590299589,0.0,0.0,0.0,0.0,0.0,0.0,619.5,0.0,0.0,0.0,0.0,2.0,619.5,1.2938901679256802,801.5649590299589,0.0,801.5649590299589,0.0,0.0,0.0,0.0,0.0,0,0.849250671959431,0.849250671959431,0.0,DEM,-1,#NULO#,#NULO#,210000153379,PARTIDO ISOLADO,DEM,PARTIDO ISOLADO,PARTIDO:DEM,117.0,117.0,3.0,0,7198.0,261.0,7459.0,1.0,155371.0,0.04800767195937466,0.0007530362809018414,0.015685748759887385,0.48007671959374654,6.882643049361842,3.0804871219370367,18.0,LUDIER OLMIRO TERRES DUARTE,1.0,0.0,230.0,7.851749041416057,0.07133485294935231,0.713348529493523,1.0
2024,87912,PELOTAS,210002057419,SANDRO ESTIMA DE SOUZA,MATUSALÉM,PL,MASCULINO,BRANCA,SUPERIOR INCOMPLETO,AGENTE DE SAÚDE E SANITARISTA,NÃO ELEITO,0,Direita,Direita,0.0,550.0,0.0,800.0,0.0,0.0,0.0,0.0,1350.0,800.0,0.5925925925925926,1.0,1350.0,1.232660756790275,0.0,550.0,0.0,800.0,0.0,0.0,0.0,0.0,550.0,0.0,0.0,0.0,0.0,3.0,550.0,1.0,550.0,0.0,550.0,0.0,0.0,0.0,0.0,0.0,0,0.632268215499513,0.632268215499513,0.0,PL,-1,#NULO#,#NULO#,210001713434,PARTIDO ISOLADO,PL,PARTIDO ISOLADO,PARTIDO:PL,281.0,0.0,3.0,0,15760.0,1876.0,17636.0,1.0,172868.0,0.10202003841081056,0.0,0.0,1.0202003841081055,0.0,4.220020330446371,22.0,SANDRO ESTIMA DE SOUZA,1.0,0.0,153.0,7.266786540694901,0.028216333807467287,0.28216333807467286,1.0
2024,87912,PELOTAS,210001990546,MARCIO PEREIRA DOS SANTOS,MARCIO SANTOS,PSDB,MASCULINO,BRANCA,SUPERIOR INCOMPLETO,VEREADOR,SUPLENTE,0,Centro,Centro,7000.0,5100.0,0.0,10947.0,0.0,0.0,0.0,0.0,23047.0,10947.0,0.4749858983815681,1.0,23047.0,4.587785015698145,7000.0,5100.0,0.0,10947.0,0.0,0.0,0.0,0.0,6997.2,0.0,0.0,0.0,0.0,5.0,6997.2,1.0,6997.2,0.0,6997.2,0.0,0.0,0.0,0.0,0.0,0,2.9994949683499934,2.9994949683499934,0.0,PSDB,100,PSDB/CIDADANIA,CIDADANIA / PSDB,210001705346,FEDERAÇÃO,Federação PSDB CIDADANIA(PSDB/CIDADANIA),FEDERAÇÃO,FEDERACAO:100,1145.0,1145.0,3.0,0,20263.0,1209.0,21472.0,2.0,172868.0,0.12421038017446838,0.006623550917463035,0.053325260804769,1.2421038017446837,10.162391328756906,4.490056624464311,7.0,MARCIO PEREIRA DOS SANTOS,1.0,1.0,1417.0,10.469641817239516,0.19994078689073252,1.9994078689073251,1.0
2024,87912,PELOTAS,210001990530,ROSIMERI NAITISCK AMARAL,LOLLY THIERRE,PSDB,FEMININO,BRANCA,ENSINO FUNDAMENTAL COMPLETO,DONA DE CASA,SUPLENTE,0,Centro,Centro,1000.0,0.0,0.0,19375.21,0.0,0.0,0.0,0.0,20375.21,19375.21,0.9509207512462448,1.0,20375.21,4.417866688662288,1000.0,0.0,0.0,19375.21,0.0,0.0,0.0,0.0,6000.0,0.0,0.0,0.0,0.0,18.0,6000.0,1.0,6000.0,0.0,6000.0,0.0,0.0,0.0,0.0,0.0,0,2.807354922057604,2.807354922057604,0.0,PSDB,100,PSDB/CIDADANIA,CIDADANIA / PSDB,210001705346,FEDERAÇÃO,Federação PSDB CIDADANIA(PSDB/CIDADANIA),FEDERAÇÃO,FEDERACAO:100,348.0,348.0,3.0,0,20263.0,1209.0,21472.0,2.0,172868.0,0.12421038017446838,0.002013096698058634,0.01620715350223547,1.2421038017446837,8.447083226209653,4.490056624464311,15.0,ROSIMERI NAITISCK AMARAL,0.0,0.0,0.0,0.0,0.19994078689073252,1.9994078689073251,1.0
2024,87912,PELOTAS,210001990549,PAULO CESAR COITINHO DOS SANTOS,PAULO COITINHO,CIDADANIA,MASCULINO,BRANCA,SUPERIOR COMPLETO,VEREADOR,ELEITO POR MÉDIA,1,Centro,Centro,28212.0,5000.0,0.0,30000.0,0.0,0.0,0.0,0.0,63212.0,30000.0,0.4745934316269062,1.0,63212.0,6.004771029660431,28212.0,5000.0,0.0,30000.0,0.0,0.0,0.0,0.0,57793.0,0.0,0.0,0.0,0.0,20.0,57793.0,1.0,57793.0,0.0,57793.0,0.0,0.0,0.0,0.0,0.0,0,5.877572490315382,5.877572490315382,0.0,CIDADANIA,100,PSDB/CIDADANIA,CIDADANIA / PSDB,210001705346,FEDERAÇÃO,Federação PSDB CIDADANIA(PSDB/CIDADANIA),FEDERAÇÃO,FEDERACAO:100,1922.0,1922.0,3.0,0,20263.0,1209.0,21472.0,2.0,172868.0,0.12421038017446838,0.01111830992433533,0.08951192250372578,1.2421038017446837,10.909143047339898,4.490056624464311,3.0,PAULO CESAR COITINHO DOS SANTOS,1.0,1.0,1202.0,10.232420927176076,0.19994078689073252,1.9994078689073251,1.0
2024,87912,PELOTAS,210001990547,MARCO AURELIO DA SILVA MORAES,MARCÃO,PSDB,MASCULINO,BRANCA,ENSINO FUNDAMENTAL COMPLETO,SERVIDOR PÚBLICO MUNICIPAL,SUPLENTE,0,Centro,Centro,0.0,7995.0,0.0,0.0,0.0,0.0,0.0,0.0,7995.0,0.0,0.0,1.0,7995.0,3.169123281476758,0.0,7995.0,0.0,0.0,0.0,0.0,0.0,0.0,7995.0,0.0,0.0,0.0,0.0,10.0,7995.0,1.0,7995.0,0.0,7995.0,0.0,0.0,0.0,0.0,0.0,0,3.169123281476758,3.169123281476758,0.0,PSDB,100,PSDB/CIDADANIA,CIDADANIA / PSDB,210001705346,FEDERAÇÃO,Federação PSDB CIDADANIA(PSDB/CIDADANIA),FEDERAÇÃO,FEDERACAO:100,960.0,960.0,3.0,0,20263.0,1209.0,21472.0,2.0,172868.0,0.12421038017446838,0.00555337020154106,0.044709388971684055,1.2421038017446837,9.90839262077375,4.490056624464311,8.0,MARCO AURELIO DA SILVA MORAES,1.0,0.0,1080.0,10.07815080773465,0.19994078689073252,1.9994078689073251,1.0
2024,87912,PELOTAS,210002057407,JOSÉ VALDOIR RIBEIRO,VALDOIR RIBEIRO,PL,MASCULINO,BRANCA,SUPERIOR COMPLETO,MILITAR REFORMADO,SUPLENTE,0,Direita,Direita,6500.0,10000.0,0.0,2800.0,0.0,0.0,0.0,0.0,19300.0,2800.0,0.1450777202072538,1.0,19300.0,4.343407822297814,6500.0,10000.0,0.0,2800.0,0.0,0.0,0.0,0.0,17100.0,3500.0,3500.0,0.0,0.0,20.0,13600.0,1.0,17100.0,3500.0,13600.0,3500.0,0.0,0.0,0.2046783625730994,2.0467836257309937,1,4.177917792195843,3.867896463992655,2.169925001442312,PL,-1,#NULO#,#NULO#,210001713434,PARTIDO ISOLADO,PL,PARTIDO ISOLADO,PARTIDO:PL,283.0,283.0,3.0,0,15760.0,1876.0,17636.0,1.0,172868.0,0.10202003841081056,0.0016370872573292917,0.016046722612837377,1.0202003841081055,8.149747119504681,4.220020330446371,11.0,JOSE VALDOIR RIBEIRO,0.0,0.0,0.0,0.0,0.028216333807467287,0.28216333807467286,1.0
2024,87912,PELOTAS,210002057404,JANICE QUINZEN WILLRICH,JANICE AGENTE,PL,FEMININO,BRANCA,SUPERIOR COMPLETO,SERVIDOR PÚBLICO ESTADUAL,SUPLENTE,0,Direita,Direita,1340.0,450.0,0.0,22800.0,0.0,0.0,0.0,0.0,24590.0,22800.0,0.9272061813745424,1.0,24590.0,4.677508242264722,1340.0,450.0,0.0,22800.0,0.0,0.0,0.0,0.0,23461.37,4690.0,690.0,4000.0,0.0,33.0,18771.37,1.0,23461.37,4690.0,18771.37,690.0,4000.0,0.0,0.1999030747138807,1.9990307471388076,1,4.612433301567732,4.30534093680561,2.5084286525318573,PL,-1,#NULO#,#NULO#,210001713434,PARTIDO ISOLADO,PL,PARTIDO ISOLADO,PARTIDO:PL,252.0,252.0,3.0,0,15760.0,1876.0,17636.0,1.0,172868.0,0.10202003841081056,0.0014577596779045284,0.014288954411431163,1.0202003841081055,7.98299357469431,4.220020330446371,14.0,JANICE QUINZEN WILLRICH,0.0,0.0,0.0,0.0,0.028216333807467287,0.28216333807467286,1.0
2024,87912,PELOTAS,210002167838,LUAN DIEGO BADIA,LUAN BADIA,PSOL,MASCULINO,BRANCA,SUPERIOR COMPLETO,SERVIDOR PÚBLICO FEDERAL,SUPLENTE,0,Esquerda,Esquerda,0.0,137.82,0.0,10002.18,0.0,1310.0,0.0,0.0,11450.0,10002.18,0.8735528384279476,1.0,11450.0,3.6380738371807184,0.0,137.82,0.0,10002.18,0.0,1310.0,0.0,0.0,11450.0,1525.88,1365.23,160.65,0.0,19.0,9924.12,1.0,11450.0,1525.88,9924.12,1365.23,160.65,0.0,0.1332646288209607,1.332646288209607,1,3.6380738371807184,3.44944516200269,1.3367861009159514,PSOL,102,PSOL/REDE,PSOL / REDE,210001733475,FEDERAÇÃO,Federação PSOL REDE(PSOL/REDE),FEDERAÇÃO,FEDERACAO:102,235.0,235.0,3.0,0,14998.0,400.0,15398.0,2.0,172868.0,0.08907374412846797,0.0013594187472522386,0.01526172230159761,0.8907374412846797,7.882643049361842,4.035447960582276,8.0,LUAN DIEGO BADIA,0.0,0.0,0.0,0.0,0.07983471819065334,0.7983471819065333,1.0
2024,87912,PELOTAS,210002167840,MARCUS SIQUEIRA DA CUNHA,MARCUS CUNHA,PSOL,MASCULINO,BRANCA,SUPERIOR COMPLETO,ADVOGADO,SUPLENTE,0,Esquerda,Esquerda,51840.0,11000.0,0.0,10002.18,0.0,0.0,0.0,0.0,72842.18,10002.18,0.1373130238551345,1.0,72842.18,6.2063732403515965,51840.0,11000.0,0.0,10002.18,0.0,0.0,0.0,0.0,69842.18000000001,2000.0,1000.0,1000.0,8800.0,125.0,67842.18000000001,1.0,69842.18000000001,2000.0,67842.18000000001,1000.0,1000.0,8800.0,0.0286359904573425,0.2863599045734253,1,6.146536703177042,6.105220878282208,1.584962500721156,PSOL,102,PSOL/REDE,PSOL / REDE,210001733475,FEDERAÇÃO,Federação PSOL REDE(PSOL/REDE),FEDERAÇÃO,FEDERACAO:102,1812.0,1812.0,3.0,0,14998.0,400.0,15398.0,2.0,172868.0,0.08907374412846797,0.010481986255408752,0.11767762047019094,0.8907374412846797,10.824163209744158,4.035447960582276,4.0,MARCUS SIQUEIRA DA CUNHA,0.0,0.0,0.0,0.0,0.07983471819065334,0.7983471819065333,1.0
2024,87912,PELOTAS,210002216018,ELTON CORRÊA DE QUADROS,ELTON CORRÊA,PDT,MASCULINO,BRANCA,LÊ E ESCREVE,OUTROS,NÃO ELEITO,0,Esquerda,Centro,0.0,0.0,0.0,3500.0,0.0,0.0,0.0,0.0,3500.0,3500.0,1.0,1.0,3500.0,2.169925001442312,0.0,0.0,0.0,3500.0,0.0,0.0,0.0,0.0,3500.0,0.0,0.0,0.0,1500.0,6.0,3500.0,1.0,3500.0,0.0,3500.0,0.0,0.0,1500.0,0.0,0.0,0,2.169925001442312,2.169925001442312,0.0,PDT,-1,#NULO#,#NULO#,210001740905,PARTIDO ISOLADO,PDT,PARTIDO ISOLADO,PARTIDO:PDT,96.0,96.0,3.0,0,5144.0,399.0,5543.0,1.0,172868.0,0.03206492815327302,0.0005553370201541061,0.017319141259245895,0.32064928153273015,6.599912842187128,2.70995227069982,11.0,ELTON CORREA DE QUADROS,0.0,0.0,0.0,0.0,0.07069530349936604,0.7069530349936604,1.0
2024,87912,PELOTAS,210002216036,PAULO EZEQUIEL PRESTES NUNES,BILL,PDT,MASCULINO,PARDA,ENSINO MÉDIO INCOMPLETO,GARI OU LIXEIRO,NÃO ELEITO,0,Esquerda,Centro,0.0,0.0,0.0,3500.0,0.0,0.0,0.0,0.0,3500.0,3500.0,1.0,1.0,3500.0,2.169925001442312,0.0,0.0,0.0,3500.0,0.0,0.0,0.0,0.0,3500.0,0.0,0.0,0.0,200.0,8.0,3500.0,1.0,3500.0,0.0,3500.0,0.0,0.0,200.0,0.0,0.0,0,2.169925001442312,2.169925001442312,0.0,PDT,-1,#NULO#,#NULO#,210001740905,PARTIDO ISOLADO,PDT,PARTIDO ISOLADO,PARTIDO:PDT,107.0,107.0,3.0,0,5144.0,399.0,5543.0,1.0,172868.0,0.03206492815327302,0.000618969387046764,0.019303626195201155,0.32064928153273015,6.754887502163468,2.70995227069982,9.0,PAULO EZEQUIEL PRESTES NUNES,0.0,0.0,0.0,0.0,0.07069530349936604,0.7069530349936604,1.0
2024,87912,PELOTAS,210002216025,SANDOKAN AREVALO BATISTA FILHO,SANDOKAN FILHO,PDT,MASCULINO,BRANCA,ENSINO MÉDIO COMPLETO,OUTROS,NÃO ELEITO,0,Esquerda,Centro,0.0,0.0,0.0,3500.0,0.0,0.0,0.0,0.0,3500.0,3500.0,1.0,1.0,3500.0,2.169925001442312,0.0,0.0,0.0,3500.0,0.0,0.0,0.0,0.0,3500.0,0.0,0.0,0.0,0.0,1.0,3500.0,1.0,3500.0,0.0,3500.0,0.0,0.0,0.0,0.0,0.0,0,2.169925001442312,2.169925001442312,0.0,PDT,-1,#NULO#,#NULO#,210001740905,PARTIDO ISOLADO,PDT,PARTIDO ISOLADO,PARTIDO:PDT,127.0,127.0,3.0,0,5144.0,399.0,5543.0,1.0,172868.0,0.03206492815327302,0.0007346645995788694,0.022911780624210717,0.32064928153273015,7.0,2.70995227069982,8.0,SANDOKAN AREVALO BATISTA FILHO,0.0,0.0,0.0,0.0,0.07069530349936604,0.7069530349936604,1.0
2024,87912,PELOTAS,210002314830,FRANCINE LEROY PISTOLETTI,FRANCINE PISTOLETTI,SOLIDARIEDADE,FEMININO,BRANCA,SUPERIOR COMPLETO,OUTROS,NÃO ELEITO,0,Centro,Centro,1070.0,0.0,0.0,2000.0,0.0,0.0,0.0,0.0,3070.0,2000.0,0.6514657980456026,1.0,3070.0,2.0250287944915226,1070.0,0.0,0.0,2000.0,0.0,0.0,0.0,0.0,3069.0,0.0,0.0,0.0,0.0,10.0,3069.0,1.0,3069.0,0.0,3069.0,0.0,0.0,0.0,0.0,0.0,0,2.024674280411624,2.024674280411624,0.0,SOLIDARIEDADE,-1,#NULO#,#NULO#,210001754456,PARTIDO ISOLADO,SOLIDARIEDADE,PARTIDO ISOLADO,PARTIDO:SOLIDARIEDADE,149.0,149.0,3.0,0,291.0,33.0,324.0,1.0,172868.0,0.0018742624430201078,0.0008619293333641854,0.45987654320987653,0.018742624430201076,7.22881869049588,0.40490312214513074,1.0,FRANCINE LEROY PISTOLETTI,0.0,0.0,0.0,0.0,0.0005921310926749522,0.005921310926749522,1.0
2024,87912,PELOTAS,210002315888,LEONARDO LEAL TAVARES,LÉO TAVARES,REPUBLICANOS,MASCULINO,BRANCA,SUPERIOR COMPLETO,SERVIDOR PÚBLICO MUNICIPAL,NÃO ELEITO,0,Direita,Direita,630.0,420.0,0.0,4000.0,0.0,0.0,0.0,0.0,5050.0,4000.0,0.7920792079207921,1.0,5050.0,2.596935142387232,630.0,420.0,0.0,4000.0,0.0,0.0,0.0,0.0,5050.0,326.0,326.0,0.0,0.0,16.0,4724.0,1.0,5050.0,326.0,4724.0,326.0,0.0,0.0,0.0645544554455445,0.6455445544554456,1,2.596935142387232,2.517023672064581,0.4070807754505007,REPUBLICANOS,-1,#NULO#,#NULO#,210001754595,PARTIDO ISOLADO,REPUBLICANOS,PARTIDO ISOLADO,PARTIDO:REPUBLICANOS,835.0,835.0,3.0,0,5510.0,83.0,5593.0,1.0,172868.0,0.03235416618460328,0.004830275123215402,0.14929376005721437,0.3235416618460328,9.707359132080883,2.7209350813597593,2.0,LEONARDO LEAL TAVARES,0.0,0.0,0.0,0.0,0.02872479420226426,0.2872479420226426,1.0
2024,87912,PELOTAS,210002315895,ROGERIO BENTO RODRIGUES,ROGERIO BENTO,REPUBLICANOS,MASCULINO,BRANCA,SUPERIOR INCOMPLETO,EMPRESÁRIO,NÃO ELEITO,0,Direita,Direita,440.0,0.0,0.0,0.0,0.0,0.0,0.0,0.0,440.0,0.0,0.0,1.0,440.0,0.5260688116675876,440.0,0.0,0.0,0.0,0.0,0.0,0.0,0.0,440.0,0.0,0.0,0.0,0.0,1.0,440.0,1.0,440.0,0.0,440.0,0.0,0.0,0.0,0.0,0.0,0,0.5260688116675876,0.5260688116675876,0.0,REPUBLICANOS,-1,#NULO#,#NULO#,210001754595,PARTIDO ISOLADO,REPUBLICANOS,PARTIDO ISOLADO,PARTIDO:REPUBLICANOS,39.0,39.0,3.0,0,5510.0,83.0,5593.0,1.0,172868.0,0.03235416618460328,0.00022560566443760558,0.006973001966744144,0.3235416618460328,5.321928094887363,2.7209350813597593,16.0,ROGERIO BENTO RODRIGUES,0.0,0.0,0.0,0.0,0.02872479420226426,0.2872479420226426,1.0
2024,87912,PELOTAS,210002315880,MARCO AURELIO ARAUJO GERI,MARCO ARAUJO,REPUBLICANOS,MASCULINO,BRANCA,ENSINO MÉDIO INCOMPLETO,OUTROS,NÃO ELEITO,0,Direita,Direita,476.6,0.0,0.0,0.0,0.0,0.0,0.0,0.0,476.6,0.0,0.0,1.0,476.6,0.5622790636298666,476.6,0.0,0.0,0.0,0.0,0.0,0.0,0.0,476.6,0.0,0.0,0.0,0.0,2.0,476.6,1.0,476.6,0.0,476.6,0.0,0.0,0.0,0.0,0.0,0,0.5622790636298666,0.5622790636298666,0.0,REPUBLICANOS,-1,#NULO#,#NULO#,210001754595,PARTIDO ISOLADO,REPUBLICANOS,PARTIDO ISOLADO,PARTIDO:REPUBLICANOS,21.0,21.0,3.0,0,5510.0,83.0,5593.0,1.0,172868.0,0.03235416618460328,0.00012147997315871069,0.0037546933667083854,0.3235416618460328,4.459431618637297,2.7209350813597593,18.0,MARCO AURELIO ARAUJO GERI,0.0,0.0,0.0,0.0,0.02872479420226426,0.2872479420226426,1.0
2024,87912,PELOTAS,210002153323,ARTHUR GEORGES HALAL ABREU,ARTHUR HALAL,PP,MASCULINO,BRANCA,SUPERIOR COMPLETO,EMPRESÁRIO,ELEITO POR MÉDIA,1,Direita,Direita,40484.13,0.0,0.0,50000.0,0.0,0.0,0.0,0.0,90484.13,50000.0,0.5525830883272017,1.0,90484.13,6.515449591769699,40484.13,0.0,0.0,50000.0,0.0,0.0,0.0,0.0,87772.12999999999,13600.0,13600.0,0.0,3150.0,86.0,74172.12999999999,1.0,87772.12999999999,13600.0,74172.12999999999,13600.0,0.0,3150.0,0.1549466784046371,1.549466784046371,1,6.472034908605044,6.232125978021763,3.867896463992655,PP,-1,#NULO#,#NULO#,210001731526,PARTIDO ISOLADO,PP,PARTIDO ISOLADO,PARTIDO:PP,2239.0,2239.0,3.0,0,20812.0,245.0,21057.0,1.0,172868.0,0.12180970451442719,0.012952079042969201,0.10633043643443986,1.2180970451442719,11.129283016944967,4.463164676413056,3.0,ARTHUR GEORGES HALAL ABREU,0.0,0.0,0.0,0.0,0.1055538034768393,1.055538034768393,1.0
2024,87912,PELOTAS,210002153327,LELIO GOMES BROD,LELIO BROD,PP,MASCULINO,BRANCA,SUPERIOR COMPLETO,SERVIDOR PÚBLICO MUNICIPAL,SUPLENTE,0,Direita,Direita,1500.0,1300.0,0.0,4000.0,0.0,0.0,0.0,0.0,6800.0,4000.0,0.5882352941176471,1.0,6800.0,2.963474123974886,1500.0,1300.0,0.0,4000.0,0.0,0.0,0.0,0.0,6800.0,3800.0,3800.0,0.0,0.0,6.0,3000.0,1.0,6800.0,3800.0,3000.0,3800.0,0.0,0.0,0.5588235294117647,5.588235294117647,1,2.963474123974886,2.0,2.263034405833794,PP,-1,#NULO#,#NULO#,210001731526,PARTIDO ISOLADO,PP,PARTIDO ISOLADO,PARTIDO:PP,212.0,212.0,3.0,0,20812.0,245.0,21057.0,1.0,172868.0,0.12180970451442719,0.0012263692528403174,0.010067910908486489,1.2180970451442719,7.734709620225838,4.463164676413056,17.0,LELIO GOMES BROD,0.0,0.0,0.0,0.0,0.1055538034768393,1.055538034768393,1.0
2024,87912,PELOTAS,210002072123,GLADIMIR MENDES PRESTES,GLADIMIR FUZILEIRO,NOVO,MASCULINO,PARDA,SUPERIOR COMPLETO,MILITAR REFORMADO,NÃO ELEITO,0,Direita,Direita,395.0,0.0,0.0,2350.0,820.0,0.0,0.0,0.0,3565.0,2350.0,0.6591865357643759,1.0,3565.0,2.190614860209497,395.0,0.0,0.0,2350.0,820.0,0.0,0.0,0.0,3565.0,0.0,0.0,0.0,0.0,4.0,3565.0,1.0,3565.0,0.0,3565.0,0.0,0.0,0.0,0.0,0.0,0,2.190614860209497,2.190614860209497,0.0,NOVO,-1,#NULO#,#NULO#,210001715417,PARTIDO ISOLADO,NOVO,PARTIDO ISOLADO,PARTIDO:NOVO,74.0,74.0,3.0,0,3105.0,134.0,3239.0,1.0,172868.0,0.018736839669574474,0.00042807228636879005,0.022846557579499844,0.18736839669574473,6.22881869049588,2.0837239663930083,9.0,GLADIMIR MENDES PRESTES,0.0,0.0,0.0,0.0,0.0,0.0,0.0
2024,87912,PELOTAS,210001918896,GIOVANE DUARTE ARAÚJO,SAPONGA,UNIÃO,MASCULINO,PRETA,ENSINO FUNDAMENTAL COMPLETO,"ESCULTOR, PINTOR, ARTISTA PLÁSTICO E ASSEMELHADOS",SUPLENTE,0,Direita,Direita,0.0,201.0,0.0,0.0,0.0,0.0,0.0,0.0,201.0,0.0,0.0,1.0,201.0,0.2642361510435471,0.0,201.0,0.0,0.0,0.0,0.0,0.0,0.0,201.0,0.0,0.0,0.0,0.0,2.0,201.0,1.0,201.0,0.0,201.0,0.0,0.0,0.0,0.0,0.0,0,0.2642361510435471,0.2642361510435471,0.0,UNIÃO,-1,#NULO#,#NULO#,210001696793,PARTIDO ISOLADO,UNIÃO,PARTIDO ISOLADO,PARTIDO:UNIÃO,204.0,204.0,3.0,0,19121.0,229.0,19350.0,1.0,172868.0,0.111935118124812,0.0011800911678274753,0.010542635658914728,1.1193511812481198,7.679480099505446,4.346956889378885,17.0,GIOVANE DUARTE ARAUJO,1.0,0.0,345.0,8.434628227636725,0.0490503375790849,0.49050337579084896,1.0
2024,87912,PELOTAS,210001918911,JOSÉ RICARDO DOS SANTOS DE SOUZA,RICARDO SANTOS,UNIÃO,MASCULINO,BRANCA,SUPERIOR COMPLETO,EMPRESÁRIO,SUPLENTE,0,Direita,Direita,8400.0,7000.0,0.0,0.0,0.0,0.0,0.0,0.0,15400.0,0.0,0.0,1.0,15400.0,4.035623909730721,8400.0,7000.0,0.0,0.0,0.0,0.0,0.0,0.0,15955.95,4563.29,3000.0,1563.29,0.0,18.0,11392.66,1.0,15955.95,4563.29,11392.66,3000.0,1563.29,0.0,0.2859929994766842,2.859929994766842,1,4.083719712155075,3.631413980261381,2.47593831153384,UNIÃO,-1,#NULO#,#NULO#,210001696793,PARTIDO ISOLADO,UNIÃO,PARTIDO ISOLADO,PARTIDO:UNIÃO,1074.0,1074.0,3.0,0,19121.0,229.0,19350.0,1.0,172868.0,0.111935118124812,0.0062128329129740615,0.05550387596899225,1.1193511812481198,10.070120944476823,4.346956889378885,8.0,JOSE RICARDO DOS SANTOS DE SOUZA,1.0,0.0,803.0,9.651051691178928,0.0490503375790849,0.49050337579084896,1.0
2024,87912,PELOTAS,210001918899,RAFAEL PEREIRA DUTRA,RAFAEL BARRIGA,UNIÃO,MASCULINO,PRETA,ENSINO MÉDIO COMPLETO,VEREADOR,ELEITO POR MÉDIA,1,Direita,Direita,7390.0,9000.0,0.0,4890.0,0.0,0.0,0.0,0.0,21280.0,4890.0,0.2297932330827067,1.0,21280.0,4.477677327565307,7390.0,9000.0,0.0,4890.0,0.0,0.0,0.0,0.0,18890.0,0.0,0.0,0.0,0.0,4.0,18890.0,1.0,18890.0,0.0,18890.0,0.0,0.0,0.0,0.0,0.0,0,4.31397137105902,4.31397137105902,0.0,UNIÃO,-1,#NULO#,#NULO#,210001696793,PARTIDO ISOLADO,UNIÃO,PARTIDO ISOLADO,PARTIDO:UNIÃO,2056.0,2056.0,3.0,0,19121.0,229.0,19350.0,1.0,172868.0,0.111935118124812,0.011893467848300438,0.1062532299741602,1.1193511812481198,11.006326078524934,4.346956889378885,3.0,RAFAEL PEREIRA DUTRA,1.0,1.0,1876.0,10.874212934830874,0.0490503375790849,0.49050337579084896,1.0
2024,87912,PELOTAS,210002018217,LEANDRO TORANÇA FAGUNDES,GUIDO CNR,PSD,MASCULINO,PRETA,ENSINO MÉDIO COMPLETO,CANTOR E COMPOSITOR,SUPLENTE,0,Direita,Direita,0.0,0.0,0.0,10000.0,6149.1,0.0,0.0,0.0,16149.1,10000.0,0.6192295545881814,1.0,16149.1,4.100060959354986,0.0,0.0,0.0,10000.0,6149.1,0.0,0.0,0.0,9999.75,0.0,0.0,0.0,5526.0,8.0,9999.75,1.0,9999.75,0.0,9999.75,0.0,0.0,5526.0,0.0,0.0,0,3.4593988297410383,3.4593988297410383,0.0,PSD,-1,#NULO#,#NULO#,210001708696,PARTIDO ISOLADO,PSD,PARTIDO ISOLADO,PARTIDO:PSD,1263.0,1263.0,3.0,0,22093.0,251.0,22344.0,1.0,172868.0,0.12925469144086818,0.007306152671402458,0.056525241675617614,1.2925469144086816,10.303780748177102,4.544979883255804,7.0,LEANDRO TORANCA FAGUNDES,0.0,0.0,0.0,0.0,0.0818235063171377,0.818235063171377,1.0
2024,87912,PELOTAS,210002018216,JULIANO CARVALHO FARIAS,ENFERMEIRO JULIANO,PSD,MASCULINO,BRANCA,ENSINO MÉDIO COMPLETO,ENFERMEIRO,SUPLENTE,0,Direita,Direita,0.0,0.0,0.0,15000.0,2797.05,0.0,0.0,0.0,17797.05,15000.0,0.842836312759699,1.0,17797.05,4.23243435868833,0.0,0.0,0.0,15000.0,2797.05,0.0,0.0,0.0,14956.97,2371.97,2371.97,0.0,0.0,50.0,12585.0,1.0,14956.97,2371.97,12585.0,2371.97,0.0,0.0,0.1585862644639923,1.5858626446399238,1,3.9961148253337417,3.7639426604472495,1.7535917008577655,PSD,-1,#NULO#,#NULO#,210001708696,PARTIDO ISOLADO,PSD,PARTIDO ISOLADO,PARTIDO:PSD,438.0,438.0,3.0,0,22093.0,251.0,22344.0,1.0,172868.0,0.12925469144086818,0.002533725154453109,0.019602577873254565,1.2925469144086816,8.778077129535358,4.544979883255804,14.0,JULIANO CARVALHO FARIAS,0.0,0.0,0.0,0.0,0.0818235063171377,0.818235063171377,1.0
2024,87912,PELOTAS,210002018223,BRENDA ALVARO PUREZA,BRENDA PUREZA,PSD,FEMININO,PRETA,ENSINO FUNDAMENTAL COMPLETO,OUTROS,SUPLENTE,0,Direita,Direita,0.0,0.0,0.0,5000.0,1848.8,0.0,0.0,0.0,6848.8,5000.0,0.7300549001284896,1.0,6848.8,2.9724720977767265,0.0,0.0,0.0,5000.0,1848.8,0.0,0.0,0.0,0.0,0.0,0.0,0.0,0.0,0.0,0.0,1.0,0.0,0.0,0.0,0.0,0.0,0.0,0.0,0.0,0,0.0,0.0,0.0,PSD,-1,#NULO#,#NULO#,210001708696,PARTIDO ISOLADO,PSD,PARTIDO ISOLADO,PARTIDO:PSD,48.0,48.0,3.0,0,22093.0,251.0,22344.0,1.0,172868.0,0.12925469144086818,0.00027766851007705304,0.0021482277121374865,1.2925469144086816,5.614709844115208,4.544979883255804,21.0,BRENDA ALVARO PUREZA,0.0,0.0,0.0,0.0,0.0818235063171377,0.818235063171377,1.0
2024,87912,PELOTAS,210002069747,RONALDO QUADRADO GOMES,RONALDO QUADRADO,PT,MASCULINO,BRANCA,SUPERIOR INCOMPLETO,SERVIDOR PÚBLICO MUNICIPAL,SUPLENTE,0,Esquerda,Esquerda,57150.09,4940.87,0.0,17251.73,0.0,0.0,0.0,0.0,79342.69,17251.73,0.2174331371926008,1.0,79342.69,6.328094860785191,57150.09,4940.87,0.0,17251.73,0.0,0.0,0.0,0.0,75723.89,2177.88,2100.0,77.88,0.0,42.0,73546.01,1.0,75723.89,2177.88,73546.01,2100.0,77.88,0.0,0.0287608045492644,0.2876080454926444,1,6.261603963593728,6.220059230665538,1.6680646480742471,PT,101,PT/PC do B/PV,PC do B / PT / PV,210001715088,FEDERAÇÃO,Federação BRASIL DA ESPERANÇA - FE BRASIL(PT/PC do B/PV),FEDERAÇÃO,FEDERACAO:101,1302.0,1302.0,3.0,0,17879.0,2746.0,20625.0,3.0,172868.0,0.11931068792373371,0.007531758335840063,0.06312727272727273,1.1931068792373372,10.347621368568134,4.434628227636725,4.0,RONALDO QUADRADO GOMES,0.0,0.0,0.0,0.0,0.07973173887018813,0.7973173887018812,1.0
2024,87912,PELOTAS,210002069744,MARIELDA BARCELLOS MEDEIROS,PROFESSORA MARIELDA MEDEIROS,PT,FEMININO,PRETA,SUPERIOR COMPLETO,APOSENTADO (EXCETO SERVIDOR PÚBLICO),SUPLENTE,0,Esquerda,Esquerda,490.0,0.0,0.0,26269.6,0.0,1430.0,0.0,0.0,28189.6,26269.6,0.9318897749524648,1.0,28189.6,4.86738253587587,490.0,0.0,0.0,26269.6,0.0,1430.0,0.0,0.0,27565.22,269.99,269.99,0.0,2200.0,91.0,27295.23,1.0,27565.22,269.99,27295.23,269.99,0.0,2200.0,0.00979458897843,0.0979458897843006,1,4.836187736018283,4.822486959415687,0.3448171371492456,PT,101,PT/PC do B/PV,PC do B / PT / PV,210001715088,FEDERAÇÃO,Federação BRASIL DA ESPERANÇA - FE BRASIL(PT/PC do B/PV),FEDERAÇÃO,FEDERACAO:101,808.0,808.0,3.0,0,17879.0,2746.0,20625.0,3.0,172868.0,0.11931068792373371,0.004674086586297059,0.03917575757575758,1.1931068792373372,9.659995892429977,4.434628227636725,7.0,MARIELDA BARCELLOS MEDEIROS,0.0,0.0,0.0,0.0,0.07973173887018813,0.7973173887018812,1.0
2024,87912,PELOTAS,210002069742,DIEGO RODRIGUES GONÇALVES,DIEGO,PT,MASCULINO,BRANCA,SUPERIOR COMPLETO,ASSISTENTE SOCIAL,SUPLENTE,0,Esquerda,Esquerda,0.0,0.0,0.0,15251.73,0.0,0.0,0.0,0.0,15251.73,15251.73,1.0,1.0,15251.73,4.022521396386823,0.0,0.0,0.0,15251.73,0.0,0.0,0.0,0.0,14628.87,1200.0,1200.0,0.0,0.0,24.0,13428.87,1.0,14628.87,1200.0,13428.87,1200.0,0.0,0.0,0.0820295757635415,0.8202957576354154,1,3.966141567125781,3.8508864141737815,1.1375035237499351,PT,101,PT/PC do B/PV,PC do B / PT / PV,210001715088,FEDERAÇÃO,Federação BRASIL DA ESPERANÇA - FE BRASIL(PT/PC do B/PV),FEDERAÇÃO,FEDERACAO:101,724.0,724.0,3.0,0,17879.0,2746.0,20625.0,3.0,172868.0,0.11931068792373371,0.004188166693662216,0.0351030303030303,1.1931068792373372,9.501837184902296,4.434628227636725,9.0,DIEGO RODRIGUES GONCALVES,0.0,0.0,0.0,0.0,0.07973173887018813,0.7973173887018812,1.0
2024,87912,PELOTAS,210001919022,GILMAR MADEIRA,GILMAR MADEIRA ALEMÃO,PSB,MASCULINO,BRANCA,ENSINO FUNDAMENTAL INCOMPLETO,EMPRESÁRIO,SUPLENTE,0,Esquerda,Centro,0.0,4838.0,115.0,1025.67,1000.0,0.0,0.0,0.0,6978.67,1140.67,0.1634509154323102,1.0,6978.67,2.996148277234482,0.0,4838.0,115.0,1025.67,1000.0,0.0,0.0,0.0,6338.0,500.0,500.0,0.0,0.0,15.0,5838.0,1.0,6338.0,500.0,5838.0,500.0,0.0,0.0,0.0788892395077311,0.7888923950773115,1,2.875386904586456,2.7735744227713077,0.5849625007211562,PSB,-1,#NULO#,#NULO#,210001696808,PARTIDO ISOLADO,PSB,PARTIDO ISOLADO,PARTIDO:PSB,148.0,148.0,3.0,0,13590.0,159.0,13749.0,1.0,172868.0,0.07953467385519587,0.0008561445727375801,0.01076441923048949,0.7953467385519587,7.219168520462161,3.8825452362128234,18.0,GILMAR MADEIRA,0.0,0.0,0.0,0.0,0.07827715596861705,0.7827715596861704,1.0
2024,87912,PELOTAS,210001919028,PABLO FERNANDES SALOMÃO,PABLO SALOMÃO,PSB,MASCULINO,BRANCA,SUPERIOR COMPLETO,PSICÓLOGO,SUPLENTE,0,Esquerda,Centro,700.0,235.0,0.0,7545.46,3500.0,0.0,0.0,0.0,11980.46,7545.46,0.6298138802683704,1.0,11980.46,3.698269605185868,700.0,235.0,0.0,7545.46,3500.0,0.0,0.0,0.0,9435.0,1320.0,1320.0,0.0,0.0,13.0,8115.0,1.0,9435.0,1320.0,8115.0,1320.0,0.0,0.0,0.1399046104928457,1.3990461049284575,1,3.3833586953851102,3.1882426562644097,1.2141248053528475,PSB,-1,#NULO#,#NULO#,210001696808,PARTIDO ISOLADO,PSB,PARTIDO ISOLADO,PARTIDO:PSB,926.0,926.0,3.0,0,13590.0,159.0,13749.0,1.0,172868.0,0.07953467385519587,0.005356688340236481,0.06735035275292749,0.7953467385519587,9.85642552862553,3.8825452362128234,4.0,PABLO FERNANDES SALOMAO,1.0,0.0,847.0,9.727920454563199,0.07827715596861705,0.7827715596861704,1.0
2024,87912,PELOTAS,210001919020,EMERSON LUIS NUNES GOULARTE,EMERSON NUNES,PSB,MASCULINO,PRETA,SUPERIOR COMPLETO,ADVOGADO,SUPLENTE,0,Esquerda,Centro,0.0,0.0,0.0,9844.06,4000.0,0.0,0.0,0.0,13844.06,9844.06,0.7110674180840013,1.0,13844.06,3.8918138324506577,0.0,0.0,0.0,9844.06,4000.0,0.0,0.0,0.0,11254.0,1500.0,1500.0,0.0,500.0,22.0,9754.0,1.0,11254.0,1500.0,9754.0,1500.0,0.0,500.0,0.1332859427759019,1.3328594277590189,1,3.615180851315242,3.426801471613381,1.3219280948873624,PSB,-1,#NULO#,#NULO#,210001696808,PARTIDO ISOLADO,PSB,PARTIDO ISOLADO,PARTIDO:PSB,339.0,339.0,3.0,0,13590.0,159.0,13749.0,1.0,172868.0,0.07953467385519587,0.001961033852419187,0.024656338642810385,0.7953467385519587,8.409390936137703,3.8825452362128234,11.0,EMERSON LUIS NUNES GOULARTE,0.0,0.0,0.0,0.0,0.07827715596861705,0.7827715596861704,1.0
2024,87912,PELOTAS,210001919016,SHEILA APARECIDA DE CAMPOS,SHEILA DA FARMACIA,PSB,FEMININO,BRANCA,ENSINO MÉDIO COMPLETO,TÉCNICO DE ENFERMAGEM E ASSEMELHADOS (EXCETO ENFERMEIRO),SUPLENTE,0,Esquerda,Centro,0.0,0.0,0.0,3810.4,1500.0,0.0,0.0,0.0,5310.4,3810.4,0.7175354022295873,1.0,5310.4,2.6577314568284622,0.0,0.0,0.0,3810.4,1500.0,0.0,0.0,0.0,1500.0,0.0,0.0,0.0,0.0,1.0,1500.0,1.0,1500.0,0.0,1500.0,0.0,0.0,0.0,0.0,0.0,0,1.3219280948873624,1.3219280948873624,0.0,PSB,-1,#NULO#,#NULO#,210001696808,PARTIDO ISOLADO,PSB,PARTIDO ISOLADO,PARTIDO:PSB,222.0,222.0,3.0,0,13590.0,159.0,13749.0,1.0,172868.0,0.07953467385519587,0.0012842168591063702,0.016146628845734236,0.7953467385519587,7.800899899920305,3.8825452362128234,15.0,SHEILA APARECIDA DE CAMPOS,0.0,0.0,0.0,0.0,0.07827715596861705,0.7827715596861704,1.0
2024,87912,PELOTAS,210002232397,ALDO CLEO RÖSLER JUNIOR,ALDO JR. PRESIDA,MDB,MASCULINO,BRANCA,ENSINO MÉDIO COMPLETO,OUTROS,NÃO ELEITO,0,Centro,Centro,6700.0,0.0,0.0,1500.0,0.0,0.0,0.0,0.0,8200.0,1500.0,0.1829268292682926,1.0,8200.0,3.2016338611696504,6700.0,0.0,0.0,1500.0,0.0,0.0,0.0,0.0,8200.0,8200.0,7250.0,950.0,0.0,6.0,0.0,1.0,8200.0,8200.0,0.0,7250.0,950.0,0.0,1.0,10.0,1,3.2016338611696504,0.0,3.2016338611696504,MDB,-1,#NULO#,#NULO#,210001743124,PARTIDO ISOLADO,MDB,PARTIDO ISOLADO,PARTIDO:MDB,233.0,233.0,3.0,0,6218.0,320.0,6538.0,1.0,172868.0,0.03782076497674526,0.0013478492259990282,0.03563780972774549,0.3782076497674526,7.870364719583405,2.9141817950022695,10.0,ALDO CLEO ROSLER JUNIOR,0.0,0.0,0.0,0.0,0.025313604211854208,0.25313604211854207,1.0
2024,87912,PELOTAS,210002232404,EZIO ROGERIO BARBOZA PINTO,ROGERIO PINTO,MDB,MASCULINO,BRANCA,ENSINO MÉDIO COMPLETO,"CORRETOR DE IMÓVEIS, SEGUROS, TÍTULOS E VALORES",NÃO ELEITO,0,Centro,Centro,0.0,0.0,0.0,1500.0,0.0,0.0,0.0,0.0,1500.0,1500.0,1.0,1.0,1500.0,1.3219280948873624,0.0,0.0,0.0,1500.0,0.0,0.0,0.0,0.0,1500.0,0.0,0.0,0.0,0.0,1.0,1500.0,1.0,1500.0,0.0,1500.0,0.0,0.0,0.0,0.0,0.0,0,1.3219280948873624,1.3219280948873624,0.0,MDB,-1,#NULO#,#NULO#,210001743124,PARTIDO ISOLADO,MDB,PARTIDO ISOLADO,PARTIDO:MDB,8.0,8.0,3.0,0,6218.0,320.0,6538.0,1.0,172868.0,0.03782076497674526,4.627808501284217e-05,0.001223615784643622,0.3782076497674526,3.169925001442312,2.9141817950022695,21.0,EZIO ROGERIO BARBOZA PINTO,0.0,0.0,0.0,0.0,0.025313604211854208,0.25313604211854207,1.0
2024,87912,PELOTAS,210002232396,LUCIANO TAVARES LOURENÇO,LUCIANO MELÃO,MDB,MASCULINO,BRANCA,ENSINO MÉDIO COMPLETO,OUTROS,NÃO ELEITO,0,Centro,Centro,700.0,2000.0,0.0,1500.0,0.0,0.0,0.0,0.0,4200.0,1500.0,0.3571428571428571,1.0,4200.0,2.37851162325373,700.0,2000.0,0.0,1500.0,0.0,0.0,0.0,0.0,4200.0,0.0,0.0,0.0,0.0,6.0,4200.0,1.0,4200.0,0.0,4200.0,0.0,0.0,0.0,0.0,0.0,0,2.37851162325373,2.37851162325373,0.0,MDB,-1,#NULO#,#NULO#,210001743124,PARTIDO ISOLADO,MDB,PARTIDO ISOLADO,PARTIDO:MDB,319.0,319.0,3.0,0,6218.0,320.0,6538.0,1.0,172868.0,0.03782076497674526,0.0018453386398870814,0.04879167941266442,0.3782076497674526,8.321928094887362,2.9141817950022695,5.0,LUCIANO TAVARES LOURENCO,0.0,0.0,0.0,0.0,0.025313604211854208,0.25313604211854207,1.0
2024,87912,PELOTAS,210002232402,ANGELA ALVES LESSER,ANGELA DO ESQUENTA,MDB,FEMININO,BRANCA,ENSINO FUNDAMENTAL INCOMPLETO,OUTROS,NÃO ELEITO,0,Centro,Centro,0.0,0.0,0.0,2500.0,0.0,0.0,0.0,0.0,2500.0,2500.0,1.0,1.0,2500.0,1.807354922057604,0.0,0.0,0.0,2500.0,0.0,0.0,0.0,0.0,2500.0,0.0,0.0,0.0,0.0,4.0,2500.0,1.0,2500.0,0.0,2500.0,0.0,0.0,0.0,0.0,0.0,0,1.807354922057604,1.807354922057604,0.0,MDB,-1,#NULO#,#NULO#,210001743124,PARTIDO ISOLADO,MDB,PARTIDO ISOLADO,PARTIDO:MDB,89.0,89.0,3.0,0,6218.0,320.0,6538.0,1.0,172868.0,0.03782076497674526,0.0005148436957678692,0.013612725604160294,0.3782076497674526,6.491853096329675,2.9141817950022695,18.0,ANGELA ALVES LESSER,0.0,0.0,0.0,0.0,0.025313604211854208,0.25313604211854207,1.0
2024,87912,PELOTAS,210001990541,GILCENETE QUINTANA DA CUNHA,NET QUINTANA,CIDADANIA,FEMININO,BRANCA,ENSINO MÉDIO COMPLETO,COMERCIÁRIO,SUPLENTE,0,Centro,Centro,350.0,0.0,0.0,17760.71,0.0,0.0,0.0,0.0,18110.71,17760.71,0.980674418617492,1.0,18110.71,4.256309473121684,350.0,0.0,0.0,17760.71,0.0,0.0,0.0,0.0,3215.0,0.0,0.0,0.0,0.0,7.0,3215.0,1.0,3215.0,0.0,3215.0,0.0,0.0,0.0,0.0,0.0,0,2.075532631167357,2.075532631167357,0.0,CIDADANIA,100,PSDB/CIDADANIA,CIDADANIA / PSDB,210001705346,FEDERAÇÃO,Federação PSDB CIDADANIA(PSDB/CIDADANIA),FEDERAÇÃO,FEDERACAO:100,39.0,39.0,3.0,0,20263.0,1209.0,21472.0,2.0,172868.0,0.12421038017446838,0.00022560566443760558,0.0018163189269746647,1.2421038017446837,5.321928094887363,4.490056624464311,22.0,GILCENETE QUINTANA DA CUNHA,0.0,0.0,0.0,0.0,0.19994078689073252,1.9994078689073251,1.0
2024,87912,PELOTAS,210001990545,MAICON MADEIRA DA SILVA,MAICON MADEIRA,PSDB,MASCULINO,PRETA,SUPERIOR COMPLETO,SERVIDOR PÚBLICO MUNICIPAL,SUPLENTE,0,Centro,Centro,0.0,0.0,0.0,13338.8,0.0,0.0,0.0,0.0,13338.8,13338.8,1.0,1.0,13338.8,3.841852386257049,0.0,0.0,0.0,13338.8,0.0,0.0,0.0,0.0,6078.0,0.0,0.0,0.0,200.0,40.0,6078.0,1.0,6078.0,0.0,6078.0,0.0,0.0,200.0,0.0,0.0,0,2.8233417617631438,2.8233417617631438,0.0,PSDB,100,PSDB/CIDADANIA,CIDADANIA / PSDB,210001705346,FEDERAÇÃO,Federação PSDB CIDADANIA(PSDB/CIDADANIA),FEDERAÇÃO,FEDERACAO:100,310.0,310.0,3.0,0,20263.0,1209.0,21472.0,2.0,172868.0,0.12421038017446838,0.001793275794247634,0.014437406855439643,1.2421038017446837,8.280770770130603,4.490056624464311,18.0,MAICON MADEIRA DA SILVA,1.0,0.0,361.0,8.499845887083206,0.19994078689073252,1.9994078689073251,1.0
2024,87912,PELOTAS,210001990536,NEY VALDIR REICHOW BANDEIRA,DILA BANDEIRA,PSDB,MASCULINO,BRANCA,ENSINO FUNDAMENTAL COMPLETO,VEREADOR,SUPLENTE,0,Centro,Centro,0.0,1000.0,0.0,7752.0,0.0,0.0,0.0,0.0,8752.0,7752.0,0.8857404021937842,1.0,8752.0,3.2856981259581253,0.0,1000.0,0.0,7752.0,0.0,0.0,0.0,0.0,6000.0,0.0,0.0,0.0,0.0,6.0,6000.0,1.0,6000.0,0.0,6000.0,0.0,0.0,0.0,0.0,0.0,0,2.807354922057604,2.807354922057604,0.0,PSDB,100,PSDB/CIDADANIA,CIDADANIA / PSDB,210001705346,FEDERAÇÃO,Federação PSDB CIDADANIA(PSDB/CIDADANIA),FEDERAÇÃO,FEDERACAO:100,1512.0,1512.0,3.0,0,20263.0,1209.0,21472.0,2.0,172868.0,0.12421038017446838,0.00874655806742717,0.07041728763040238,1.2421038017446837,10.563196272216738,4.490056624464311,5.0,NEY VALDIR REICHOW BANDEIRA,1.0,1.0,2053.0,11.004220466318195,0.19994078689073252,1.9994078689073251,1.0
2024,87912,PELOTAS,210001990533,IDEMAR BARZ,IDEMAR BARZ,PSDB,MASCULINO,BRANCA,SUPERIOR COMPLETO,OUTROS,SUPLENTE,0,Centro,Centro,10596.0,19000.0,5000.0,17162.5,0.0,0.0,0.0,0.0,51758.5,22162.5,0.428190538752089,1.0,51758.5,5.721331642165894,10596.0,19000.0,5000.0,17162.5,0.0,0.0,0.0,0.0,39596.0,0.0,0.0,0.0,5000.0,18.0,39596.0,1.0,39596.0,0.0,39596.0,0.0,0.0,5000.0,0.0,0.0,0,5.343265677853057,5.343265677853057,0.0,PSDB,100,PSDB/CIDADANIA,CIDADANIA / PSDB,210001705346,FEDERAÇÃO,Federação PSDB CIDADANIA(PSDB/CIDADANIA),FEDERAÇÃO,FEDERACAO:100,908.0,908.0,3.0,0,20263.0,1209.0,21472.0,2.0,172868.0,0.12421038017446838,0.005252562648957586,0.0422876304023845,1.2421038017446837,9.828136484194108,4.490056624464311,9.0,IDEMAR BARZ,0.0,0.0,0.0,0.0,0.19994078689073252,1.9994078689073251,1.0
2024,87912,PELOTAS,210001990540,EDSON RAMALHO,DR RAMALHO,PSDB,MASCULINO,PARDA,SUPERIOR COMPLETO,MÉDICO,SUPLENTE,0,Centro,Centro,1420.0,1785.0,0.0,16539.8,0.0,0.0,0.0,0.0,19744.8,16539.8,0.8376787812487339,1.0,19744.8,4.374677843183979,1420.0,1785.0,0.0,16539.8,0.0,0.0,0.0,0.0,9634.83,1000.0,1000.0,0.0,0.0,12.0,8634.83,1.0,9634.83,1000.0,8634.83,1000.0,0.0,0.0,0.1037901031984996,1.0379010319849962,1,3.4107250665858357,3.2682592113761446,1.0,PSDB,100,PSDB/CIDADANIA,CIDADANIA / PSDB,210001705346,FEDERAÇÃO,Federação PSDB CIDADANIA(PSDB/CIDADANIA),FEDERAÇÃO,FEDERACAO:100,715.0,715.0,3.0,0,20263.0,1209.0,21472.0,2.0,172868.0,0.12421038017446838,0.004136103848022769,0.033299180327868855,1.2421038017446837,9.483815777264256,4.490056624464311,11.0,EDSON RAMALHO,1.0,0.0,725.0,9.50382573799575,0.19994078689073252,1.9994078689073251,1.0
2024,87912,PELOTAS,210002057405,EMANUELLE SILVEIRA GONÇALVES,MANU SILGON,PL,FEMININO,BRANCA,SUPERIOR COMPLETO,EMPRESÁRIO,SUPLENTE,0,Direita,Direita,500.0,550.0,0.0,800.0,0.0,0.0,0.0,0.0,1850.0,800.0,0.4324324324324324,1.0,1850.0,1.510961919277379,500.0,550.0,0.0,800.0,0.0,0.0,0.0,0.0,1050.0,174.0,174.0,0.0,0.0,6.0,876.0,1.0,1050.0,174.0,876.0,174.0,0.0,0.0,0.1657142857142857,1.657142857142857,1,1.0356239097307212,0.9076598278532894,0.231432408447965,PL,-1,#NULO#,#NULO#,210001713434,PARTIDO ISOLADO,PL,PARTIDO ISOLADO,PARTIDO:PL,115.0,115.0,3.0,0,15760.0,1876.0,17636.0,1.0,172868.0,0.10202003841081056,0.0006652474720596061,0.006520753005216602,1.0202003841081055,6.857980995127572,4.220020330446371,21.0,EMANUELLE SILVEIRA GONCALVES,0.0,0.0,0.0,0.0,0.028216333807467287,0.28216333807467286,1.0
2024,87912,PELOTAS,210002057412,JOSÉ HEITOR VALÓRIA SALOMÃO,RADIALISTA JOSÉ SALOMÃO TUFY,PL,MASCULINO,BRANCA,SUPERIOR INCOMPLETO,JORNALISTA E REDATOR,SUPLENTE,0,Direita,Direita,0.0,1781.0,0.0,800.0,0.0,0.0,0.0,0.0,2581.0,800.0,0.3099573808601317,1.0,2581.0,1.8403625186584367,0.0,1781.0,0.0,800.0,0.0,0.0,0.0,0.0,1773.0,0.0,0.0,0.0,0.0,7.0,1773.0,1.0,1773.0,0.0,1773.0,0.0,0.0,0.0,0.0,0.0,0,1.4714476163773915,1.4714476163773915,0.0,PL,-1,#NULO#,#NULO#,210001713434,PARTIDO ISOLADO,PL,PARTIDO ISOLADO,PARTIDO:PL,650.0,650.0,3.0,0,15760.0,1876.0,17636.0,1.0,172868.0,0.10202003841081056,0.0037600944072934263,0.036856430029485146,1.0202003841081055,9.346513733165635,4.220020330446371,6.0,JOSE HEITOR VALORIA SALOMAO,0.0,0.0,0.0,0.0,0.028216333807467287,0.28216333807467286,1.0
2024,87912,PELOTAS,210002057408,MARIA FLORÊNCIA LESSA BORBA,FLORÊNCIA BORBA FLORINHA,PL,FEMININO,BRANCA,SUPERIOR COMPLETO,CONTADOR,SUPLENTE,0,Direita,Direita,0.0,3810.0,0.0,2800.0,0.0,0.0,0.0,0.0,6610.0,2800.0,0.4236006051437216,1.0,6610.0,2.927896453728821,0.0,3810.0,0.0,2800.0,0.0,0.0,0.0,0.0,5791.0,0.0,0.0,0.0,0.0,8.0,5791.0,1.0,5791.0,0.0,5791.0,0.0,0.0,0.0,0.0,0.0,0,2.7636240323219323,2.7636240323219323,0.0,PL,-1,#NULO#,#NULO#,210001713434,PARTIDO ISOLADO,PL,PARTIDO ISOLADO,PARTIDO:PL,289.0,289.0,3.0,0,15760.0,1876.0,17636.0,1.0,172868.0,0.10202003841081056,0.0016717958210889234,0.01638693581310955,1.0202003841081055,8.179909090014934,4.220020330446371,10.0,MARIA FLORENCIA LESSA BORBA,0.0,0.0,0.0,0.0,0.028216333807467287,0.28216333807467286,1.0
2024,87912,PELOTAS,210002057413,ENILDA DE QUEVEDO PINTO,PRETA DA VINTE E DOIS,PL,FEMININO,PRETA,ENSINO MÉDIO COMPLETO,DONA DE CASA,SUPLENTE,0,Direita,Direita,0.0,0.0,0.0,2800.0,0.0,0.0,0.0,0.0,2800.0,2800.0,1.0,1.0,2800.0,1.925999418556223,0.0,0.0,0.0,2800.0,0.0,0.0,0.0,0.0,1990.0,0.0,0.0,0.0,0.0,2.0,1990.0,1.0,1990.0,0.0,1990.0,0.0,0.0,0.0,0.0,0.0,0,1.5801454844233804,1.5801454844233804,0.0,PL,-1,#NULO#,#NULO#,210001713434,PARTIDO ISOLADO,PL,PARTIDO ISOLADO,PARTIDO:PL,175.0,175.0,3.0,0,15760.0,1876.0,17636.0,1.0,172868.0,0.10202003841081056,0.0010123331096559224,0.009922885007938307,1.0202003841081055,7.459431618637297,4.220020330446371,19.0,ENILDA DE QUEVEDO PINTO,0.0,0.0,0.0,0.0,0.028216333807467287,0.28216333807467286,1.0
2024,87912,PELOTAS,210002057400,MAICON SOES ZUGE,MAICON ZUGE,PL,MASCULINO,BRANCA,SUPERIOR COMPLETO,EMPRESÁRIO,SUPLENTE,0,Direita,Direita,4500.0,3823.9,0.0,2800.0,0.0,0.0,0.0,0.0,11123.9,2800.0,0.2517102814660326,1.0,11123.9,3.5997819525759644,4500.0,3823.9,0.0,2800.0,0.0,0.0,0.0,0.0,10323.9,1300.0,1300.0,0.0,0.0,18.0,9023.9,1.0,10323.9,1300.0,9023.9,1300.0,0.0,0.0,0.1259214056703377,1.2592140567033776,1,3.50129900903339,3.325372022179355,1.2016338611696504,PL,-1,#NULO#,#NULO#,210001713434,PARTIDO ISOLADO,PL,PARTIDO ISOLADO,PARTIDO:PL,462.0,462.0,3.0,0,15760.0,1876.0,17636.0,1.0,172868.0,0.10202003841081056,0.002672559409491635,0.026196416420957134,1.0202003841081055,8.854868383260236,4.220020330446371,9.0,MAICON SOES ZUGE,0.0,0.0,0.0,0.0,0.028216333807467287,0.28216333807467286,1.0
2024,87912,PELOTAS,210002167823,ANTONIO ERNANI PINTO DA SILVA FILHO,ERNANI ,PSOL,MASCULINO,BRANCA,SUPERIOR COMPLETO,PROFESSOR DE ENSINO SUPERIOR,SUPLENTE,0,Esquerda,Esquerda,0.0,0.0,0.0,11502.18,0.0,0.0,0.0,0.0,11502.18,11502.18,1.0,1.0,11502.18,3.6441077738523617,0.0,0.0,0.0,11502.18,0.0,0.0,0.0,0.0,9001.99,0.0,0.0,0.0,1560.0,12.0,9001.99,1.0,9001.99,0.0,9001.99,0.0,0.0,1560.0,0.0,0.0,0,3.322215162638205,3.322215162638205,0.0,PSOL,102,PSOL/REDE,PSOL / REDE,210001733475,FEDERAÇÃO,Federação PSOL REDE(PSOL/REDE),FEDERAÇÃO,FEDERACAO:102,245.0,245.0,3.0,0,14998.0,400.0,15398.0,2.0,172868.0,0.08907374412846797,0.0014172663535182914,0.015911157293154954,0.8907374412846797,7.94251450533924,4.035447960582276,7.0,ANTONIO ERNANI PINTO DA SILVA FILHO,0.0,0.0,0.0,0.0,0.07983471819065334,0.7983471819065333,1.0
2024,87912,PELOTAS,210002167835,CLAUDIO ROBERTO OLIVEIRA DUARTE,CLAUDIO DUARTE,PSOL,MASCULINO,PRETA,ENSINO MÉDIO COMPLETO,TRABALHADOR DE CONSTRUÇÃO CIVIL,SUPLENTE,0,Esquerda,Esquerda,0.0,0.0,0.0,12885.7,0.0,0.0,0.0,0.0,12885.7,12885.7,1.0,1.0,12885.7,3.7955280024058937,0.0,0.0,0.0,12885.7,0.0,0.0,0.0,0.0,9085.7,0.0,0.0,0.0,360.0,24.0,9085.7,1.0,9085.7,0.0,9085.7,0.0,0.0,360.0,0.0,0.0,0,3.334239312847372,3.334239312847372,0.0,PSOL,102,PSOL/REDE,PSOL / REDE,210001733475,FEDERAÇÃO,Federação PSOL REDE(PSOL/REDE),FEDERAÇÃO,FEDERACAO:102,113.0,113.0,3.0,0,14998.0,400.0,15398.0,2.0,172868.0,0.08907374412846797,0.0006536779508063956,0.007338615404598,0.8907374412846797,6.832890014164741,4.035447960582276,13.0,CLAUDIO ROBERTO OLIVEIRA DUARTE,0.0,0.0,0.0,0.0,0.07983471819065334,0.7983471819065333,1.0
2024,87912,PELOTAS,210002167825,OLGA FRANCISCA DA SILVA ROCHA,OLGA ROCHA,REDE,FEMININO,BRANCA,ENSINO FUNDAMENTAL INCOMPLETO,DONA DE CASA,SUPLENTE,0,Esquerda,Centro,2200.0,0.0,0.0,25412.0,0.0,0.0,0.0,0.0,27612.0,25412.0,0.920324496595683,1.0,27612.0,4.838548441525528,2200.0,0.0,0.0,25412.0,0.0,0.0,0.0,0.0,18981.95,650.0,650.0,0.0,2784.0,15.0,18331.95,1.0,18981.95,650.0,18331.95,650.0,0.0,2784.0,0.0342430572201486,0.3424305722014861,1,4.320625474717152,4.272915263395612,0.722466024471091,REDE,102,PSOL/REDE,PSOL / REDE,210001733475,FEDERAÇÃO,Federação PSOL REDE(PSOL/REDE),FEDERAÇÃO,FEDERACAO:102,95.0,95.0,3.0,0,14998.0,400.0,15398.0,2.0,172868.0,0.08907374412846797,0.0005495522595275008,0.006169632419794778,0.8907374412846797,6.584962500721156,4.035447960582276,14.0,OLGA FRANCISCA DA SILVA ROCHA,0.0,0.0,0.0,0.0,0.07983471819065334,0.7983471819065333,1.0
2024,87912,PELOTAS,210002167827,JORGE SEBASTIAO DE AZEVEDO MOREIRA,JORGINHO MOREIRA,PSOL,MASCULINO,BRANCA,ENSINO FUNDAMENTAL COMPLETO,MONTADOR DE ESTRUTURA METÁLICA,SUPLENTE,0,Esquerda,Esquerda,0.0,0.0,0.0,10002.18,0.0,0.0,0.0,0.0,10002.18,10002.18,1.0,1.0,10002.18,3.4597175062356564,0.0,0.0,0.0,10002.18,0.0,0.0,0.0,0.0,9819.0,0.0,0.0,0.0,60.0,13.0,9819.0,1.0,9819.0,0.0,9819.0,0.0,0.0,60.0,0.0,0.0,0,3.4354952519344404,3.4354952519344404,0.0,PSOL,102,PSOL/REDE,PSOL / REDE,210001733475,FEDERAÇÃO,Federação PSOL REDE(PSOL/REDE),FEDERAÇÃO,FEDERACAO:102,49.0,49.0,3.0,0,14998.0,400.0,15398.0,2.0,172868.0,0.08907374412846797,0.0002834532707036583,0.003182231458630991,0.8907374412846797,5.643856189774724,4.035447960582276,16.0,JORGE SEBASTIAO DE AZEVEDO MOREIRA,0.0,0.0,0.0,0.0,0.07983471819065334,0.7983471819065333,1.0
2024,87912,PELOTAS,210002216035,LUIS CARLOS AMARAL,AMARAL DO BGV,PDT,MASCULINO,PARDA,ENSINO MÉDIO COMPLETO,AGENTE DE SAÚDE E SANITARISTA,NÃO ELEITO,0,Esquerda,Centro,0.0,0.0,0.0,0.0,0.0,0.0,0.0,0.0,0.0,0.0,,1.0,0.0,0.0,0.0,0.0,0.0,0.0,0.0,0.0,0.0,0.0,0.0,0.0,0.0,0.0,0.0,0.0,0.0,1.0,0.0,0.0,0.0,0.0,0.0,0.0,0.0,0.0,0,0.0,0.0,0.0,PDT,-1,#NULO#,#NULO#,210001740905,PARTIDO ISOLADO,PDT,PARTIDO ISOLADO,PARTIDO:PDT,148.0,148.0,3.0,0,5144.0,399.0,5543.0,1.0,172868.0,0.03206492815327302,0.0008561445727375801,0.026700342774670757,0.32064928153273015,7.219168520462161,2.70995227069982,7.0,LUIS CARLOS AMARAL,1.0,0.0,159.0,7.321928094887363,0.07069530349936604,0.7069530349936604,1.0
2024,87912,PELOTAS,210002216034,JOSE KURZ NATUSCH,JOSÉ KURZ,PDT,MASCULINO,BRANCA,SUPERIOR INCOMPLETO,SERVIDOR PÚBLICO MUNICIPAL,NÃO ELEITO,0,Esquerda,Centro,4875.0,0.0,0.0,6500.0,290.0,0.0,0.0,0.0,11665.0,6500.0,0.5572224603514788,1.0,11665.0,3.662775171937776,4875.0,0.0,0.0,6500.0,290.0,0.0,0.0,0.0,11374.8,3000.0,3000.0,0.0,0.0,16.0,8374.8,1.0,11374.8,3000.0,8374.8,3000.0,0.0,0.0,0.2637409009389176,2.637409009389176,1,3.629333303607704,3.228787912673377,2.0,PDT,-1,#NULO#,#NULO#,210001740905,PARTIDO ISOLADO,PDT,PARTIDO ISOLADO,PARTIDO:PDT,1133.0,1133.0,3.0,0,5144.0,399.0,5543.0,1.0,172868.0,0.03206492815327302,0.006554133789943772,0.20440194840339165,0.32064928153273015,10.147204924942228,2.70995227069982,1.0,JOSE KURZ NATUSCH,0.0,0.0,0.0,0.0,0.07069530349936604,0.7069530349936604,1.0
2024,87912,PELOTAS,210002216031,VANIA CRISTINA FURTADO DALMORRA REINHARDT,VANIA DO POSTINHO,PDT,FEMININO,BRANCA,ENSINO MÉDIO COMPLETO,AGENTE ADMINISTRATIVO,NÃO ELEITO,0,Esquerda,Centro,2000.0,2000.0,0.0,5500.0,0.0,0.0,0.0,0.0,9500.0,5500.0,0.5789473684210527,1.0,9500.0,3.39231742277876,2000.0,2000.0,0.0,5500.0,0.0,0.0,0.0,0.0,5500.0,0.0,0.0,0.0,0.0,12.0,5500.0,1.0,5500.0,0.0,5500.0,0.0,0.0,0.0,0.0,0.0,0,2.700439718141092,2.700439718141092,0.0,PDT,-1,#NULO#,#NULO#,210001740905,PARTIDO ISOLADO,PDT,PARTIDO ISOLADO,PARTIDO:PDT,452.0,452.0,3.0,0,5144.0,399.0,5543.0,1.0,172868.0,0.03206492815327302,0.0026147118032255824,0.08154429009561609,0.32064928153273015,8.823367240046235,2.70995227069982,4.0,VANIA CRISTINA FURTADO DALMORRA REINHARDT,0.0,0.0,0.0,0.0,0.07069530349936604,0.7069530349936604,1.0
2024,87912,PELOTAS,210002314833,FERNANDA LOPER,FERNANDA LOPER,SOLIDARIEDADE,FEMININO,BRANCA,ENSINO MÉDIO COMPLETO,RECEPCIONISTA,NÃO ELEITO,0,Centro,Centro,0.0,0.0,0.0,0.0,0.0,0.0,0.0,0.0,0.0,0.0,,1.0,0.0,0.0,0.0,0.0,0.0,0.0,0.0,0.0,0.0,0.0,0.0,0.0,0.0,0.0,0.0,0.0,0.0,1.0,0.0,0.0,0.0,0.0,0.0,0.0,0.0,0.0,0,0.0,0.0,0.0,SOLIDARIEDADE,-1,#NULO#,#NULO#,210001754456,PARTIDO ISOLADO,SOLIDARIEDADE,PARTIDO ISOLADO,PARTIDO:SOLIDARIEDADE,12.0,12.0,3.0,0,291.0,33.0,324.0,1.0,172868.0,0.0018742624430201078,6.941712751926326e-05,0.037037037037037035,0.018742624430201076,3.700439718141092,0.40490312214513074,4.0,FERNANDA LOPER,0.0,0.0,0.0,0.0,0.0005921310926749522,0.005921310926749522,1.0
2024,87912,PELOTAS,210002315882,LUIS CARLOS BATISTA DA SILVA,PROFESSOR LUIS,REPUBLICANOS,MASCULINO,BRANCA,SUPERIOR COMPLETO,EMPRESÁRIO,NÃO ELEITO,0,Direita,Direita,0.0,0.0,0.0,0.0,0.0,0.0,0.0,0.0,0.0,0.0,,1.0,0.0,0.0,0.0,0.0,0.0,0.0,0.0,0.0,0.0,0.0,0.0,0.0,0.0,0.0,0.0,0.0,0.0,1.0,0.0,0.0,0.0,0.0,0.0,0.0,0.0,0.0,0,0.0,0.0,0.0,REPUBLICANOS,-1,#NULO#,#NULO#,210001754595,PARTIDO ISOLADO,REPUBLICANOS,PARTIDO ISOLADO,PARTIDO:REPUBLICANOS,81.0,81.0,3.0,0,5510.0,83.0,5593.0,1.0,172868.0,0.03235416618460328,0.00046856561075502695,0.014482388700160916,0.3235416618460328,6.357552004618084,2.7209350813597593,12.0,LUIS CARLOS BATISTA DA SILVA,0.0,0.0,0.0,0.0,0.02872479420226426,0.2872479420226426,1.0
2024,87912,PELOTAS,210002315875,ALDO DINIS FERREIRA BASTOS,ALDO BASTOS,REPUBLICANOS,MASCULINO,PRETA,SUPERIOR COMPLETO,GERENTE,NÃO ELEITO,0,Direita,Direita,971.5,0.0,0.0,0.0,0.0,0.0,0.0,0.0,971.5,0.0,0.0,1.0,971.5,0.9792937104457294,971.5,0.0,0.0,0.0,0.0,0.0,0.0,0.0,971.5,0.0,0.0,0.0,0.0,2.0,971.5,1.0,971.5,0.0,971.5,0.0,0.0,0.0,0.0,0.0,0,0.9792937104457294,0.9792937104457294,0.0,REPUBLICANOS,-1,#NULO#,#NULO#,210001754595,PARTIDO ISOLADO,REPUBLICANOS,PARTIDO ISOLADO,PARTIDO:REPUBLICANOS,94.0,94.0,3.0,0,5510.0,83.0,5593.0,1.0,172868.0,0.03235416618460328,0.0005437674989008954,0.01680672268907563,0.3235416618460328,6.569855608330948,2.7209350813597593,10.0,ALDO DINIS FERREIRA BASTOS,0.0,0.0,0.0,0.0,0.02872479420226426,0.2872479420226426,1.0
2024,87912,PELOTAS,210002315879,MICHAEL CAVALHEIRO DA CUNHA,MAICON FIGURA,REPUBLICANOS,MASCULINO,BRANCA,ENSINO MÉDIO INCOMPLETO,OUTROS,NÃO ELEITO,0,Direita,Direita,0.0,3882.0,0.0,0.0,0.0,0.0,0.0,0.0,3882.0,0.0,0.0,1.0,3882.0,2.2874722951190667,0.0,3882.0,0.0,0.0,0.0,0.0,0.0,0.0,3882.0,0.0,0.0,0.0,0.0,6.0,3882.0,1.0,3882.0,0.0,3882.0,0.0,0.0,0.0,0.0,0.0,0,2.2874722951190667,2.2874722951190667,0.0,REPUBLICANOS,-1,#NULO#,#NULO#,210001754595,PARTIDO ISOLADO,REPUBLICANOS,PARTIDO ISOLADO,PARTIDO:REPUBLICANOS,422.0,422.0,3.0,0,5510.0,83.0,5593.0,1.0,172868.0,0.03235416618460328,0.002441168984427424,0.07545145717861612,0.3235416618460328,8.72451385311995,2.7209350813597593,3.0,MICHAEL CAVALHEIRO DA CUNHA,0.0,0.0,0.0,0.0,0.02872479420226426,0.2872479420226426,1.0
2024,87912,PELOTAS,210002153316,ILDO ROBERTO DUTRA SALLABERRY,ILDO DUTRA SALLABERRY,PP,MASCULINO,BRANCA,SUPERIOR COMPLETO,ZOOTECNISTA,SUPLENTE,0,Direita,Direita,0.0,0.0,0.0,0.0,0.0,0.0,0.0,0.0,0.0,0.0,,1.0,0.0,0.0,0.0,0.0,0.0,0.0,0.0,0.0,0.0,0.0,0.0,0.0,0.0,0.0,0.0,0.0,0.0,1.0,0.0,0.0,0.0,0.0,0.0,0.0,0.0,0.0,0,0.0,0.0,0.0,PP,-1,#NULO#,#NULO#,210001731526,PARTIDO ISOLADO,PP,PARTIDO ISOLADO,PARTIDO:PP,40.0,40.0,3.0,0,20812.0,245.0,21057.0,1.0,172868.0,0.12180970451442719,0.00023139042506421085,0.0018996058317899036,1.2180970451442719,5.357552004618084,4.463164676413056,21.0,ILDO ROBERTO DUTRA SALLABERRY,0.0,0.0,0.0,0.0,0.1055538034768393,1.055538034768393,1.0
2024,87912,PELOTAS,210002153333,THAYSSA BARROS RIBEIRO,THAYSSA RIBEIRO,PP,FEMININO,PRETA,SUPERIOR COMPLETO,EMPRESÁRIO,SUPLENTE,0,Direita,Direita,0.0,0.0,0.0,10000.0,0.0,0.0,0.0,0.0,10000.0,10000.0,1.0,1.0,10000.0,3.4594316186372973,0.0,0.0,0.0,10000.0,0.0,0.0,0.0,0.0,10000.0,0.0,0.0,0.0,0.0,9.0,10000.0,1.0,10000.0,0.0,10000.0,0.0,0.0,0.0,0.0,0.0,0,3.4594316186372973,3.4594316186372973,0.0,PP,-1,#NULO#,#NULO#,210001731526,PARTIDO ISOLADO,PP,PARTIDO ISOLADO,PARTIDO:PP,107.0,107.0,3.0,0,20812.0,245.0,21057.0,1.0,172868.0,0.12180970451442719,0.000618969387046764,0.005081445600037992,1.2180970451442719,6.754887502163468,4.463164676413056,19.0,THAYSSA BARROS RIBEIRO,0.0,0.0,0.0,0.0,0.1055538034768393,1.055538034768393,1.0
2024,87912,PELOTAS,210002153312,RAFAEL ACOSTA AMARAL,RAFAEL AMARAL,PP,MASCULINO,BRANCA,SUPERIOR COMPLETO,ADMINISTRADOR,ELEITO POR QP,1,Direita,Direita,11500.0,8500.0,0.0,50000.0,0.0,0.0,0.0,0.0,70000.0,50000.0,0.7142857142857143,1.0,70000.0,6.149747119504682,11500.0,8500.0,0.0,50000.0,0.0,0.0,0.0,0.0,63437.07,25010.0,25010.0,0.0,0.0,22.0,38427.07,1.0,63437.07,25010.0,38427.07,25010.0,0.0,0.0,0.39424897776647,3.9424897776647,1,6.009818990040272,5.3011145962655535,4.700994494168267,PP,-1,#NULO#,#NULO#,210001731526,PARTIDO ISOLADO,PP,PARTIDO ISOLADO,PARTIDO:PP,2914.0,2914.0,3.0,0,20812.0,245.0,21057.0,1.0,172868.0,0.12180970451442719,0.01685679246592776,0.13838628484589446,1.2180970451442719,11.509280168087859,4.463164676413056,2.0,RAFAEL ACOSTA AMARAL,1.0,0.0,1980.0,10.952013164889486,0.1055538034768393,1.055538034768393,1.0
2024,87912,PELOTAS,210002153324,ANA PAULA SILVA DOS SANTOS,ANA PAULA SANTOS,PP,FEMININO,BRANCA,SUPERIOR COMPLETO,ASSISTENTE SOCIAL,SUPLENTE,0,Direita,Direita,0.0,0.0,0.0,18000.0,0.0,0.0,0.0,0.0,18000.0,18000.0,1.0,1.0,18000.0,4.247927513443585,0.0,0.0,0.0,18000.0,0.0,0.0,0.0,0.0,18000.0,1100.0,1100.0,0.0,0.0,5.0,16900.0,1.0,18000.0,1100.0,16900.0,1100.0,0.0,0.0,0.0611111111111111,0.611111111111111,1,4.247927513443585,4.161887682376894,1.070389327891398,PP,-1,#NULO#,#NULO#,210001731526,PARTIDO ISOLADO,PP,PARTIDO ISOLADO,PARTIDO:PP,377.0,377.0,3.0,0,20812.0,245.0,21057.0,1.0,172868.0,0.12180970451442719,0.0021808547562301873,0.01790378496461984,1.2180970451442719,8.562242424221072,4.463164676413056,13.0,ANA PAULA SILVA DOS SANTOS,1.0,0.0,612.0,9.259743263690781,0.1055538034768393,1.055538034768393,1.0
2024,87912,PELOTAS,210002153330,FRANCISCO DE PAULA DA SILVA AMARAL,FRANCISCO AMARAL,PP,MASCULINO,BRANCA,SUPERIOR COMPLETO,TÉCNICO EM AGRONOMIA E AGRIMENSURA,SUPLENTE,0,Direita,Direita,840.0,1365.0,0.0,4000.0,0.0,0.0,0.0,0.0,6205.0,4000.0,0.6446414182111201,1.0,6205.0,2.8489984304000227,840.0,1365.0,0.0,4000.0,0.0,0.0,0.0,0.0,6205.0,2000.0,2000.0,0.0,600.0,8.0,4205.0,1.0,6205.0,2000.0,4205.0,2000.0,0.0,600.0,0.32232070910556,3.2232070910556003,1,2.8489984304000227,2.3798981635246923,1.584962500721156,PP,-1,#NULO#,#NULO#,210001731526,PARTIDO ISOLADO,PP,PARTIDO ISOLADO,PARTIDO:PP,353.0,353.0,3.0,0,20812.0,245.0,21057.0,1.0,172868.0,0.12180970451442719,0.0020420205011916605,0.0167640214655459,1.2180970451442719,8.467605550082997,4.463164676413056,14.0,FRANCISCO DE PAULA DA SILVA AMARAL,1.0,0.0,328.0,8.361943773735241,0.1055538034768393,1.055538034768393,1.0
2024,87912,PELOTAS,210001918912,MARCOS FERREIRA INSSARRIAGA,MARCOLA,UNIÃO,MASCULINO,BRANCA,SUPERIOR COMPLETO,VEREADOR,ELEITO POR QP,1,Direita,Direita,31850.0,4000.0,1956.0,0.0,0.0,0.0,0.0,0.0,37806.0,1956.0,0.051737819393747,1.0,37806.0,5.278207827223033,31850.0,4000.0,1956.0,0.0,0.0,0.0,0.0,0.0,31806.0,600.0,600.0,0.0,0.0,35.0,31206.0,1.0,31806.0,600.0,31206.0,600.0,0.0,0.0,0.0188643652141105,0.1886436521411054,1,5.035887793225203,5.009257583347441,0.6780719051126377,UNIÃO,-1,#NULO#,#NULO#,210001696793,PARTIDO ISOLADO,UNIÃO,PARTIDO ISOLADO,PARTIDO:UNIÃO,2376.0,2376.0,3.0,0,19121.0,229.0,19350.0,1.0,172868.0,0.111935118124812,0.013744591248814124,0.12279069767441861,1.1193511812481198,11.214926187942435,4.346956889378885,2.0,MARCOS FERREIRA INSSARRIAGA,1.0,1.0,2476.0,11.274378153246364,0.0490503375790849,0.49050337579084896,1.0
2024,87912,PELOTAS,210001918893,JOSÉ FRANCISCO ASSUMPÇÃO DA LUZ,NEGO ZÉ,UNIÃO,MASCULINO,PRETA,SUPERIOR COMPLETO,SERVIDOR PÚBLICO MUNICIPAL,SUPLENTE,0,Direita,Direita,0.0,1477.0,0.0,0.0,0.0,0.0,0.0,0.0,1477.0,0.0,0.0,1.0,1477.0,1.3085938685842762,0.0,1477.0,0.0,0.0,0.0,0.0,0.0,0.0,1477.0,0.0,0.0,0.0,0.0,7.0,1477.0,1.0,1477.0,0.0,1477.0,0.0,0.0,0.0,0.0,0.0,0,1.3085938685842762,1.3085938685842762,0.0,UNIÃO,-1,#NULO#,#NULO#,210001696793,PARTIDO ISOLADO,UNIÃO,PARTIDO ISOLADO,PARTIDO:UNIÃO,248.0,248.0,3.0,0,19121.0,229.0,19350.0,1.0,172868.0,0.111935118124812,0.0014346206353981071,0.012816537467700258,1.1193511812481198,7.960001932068081,4.346956889378885,15.0,JOSE FRANCISCO ASSUMPCAO DA LUZ,0.0,0.0,0.0,0.0,0.0490503375790849,0.49050337579084896,1.0
2024,87912,PELOTAS,210001918913,PEDRO DELPONTE FERRAZ,PEDRO FERRAZ,UNIÃO,MASCULINO,BRANCA,ENSINO FUNDAMENTAL COMPLETO,SERVIDOR PÚBLICO MUNICIPAL,SUPLENTE,0,Direita,Direita,0.0,540.0,0.0,0.0,0.0,0.0,0.0,0.0,540.0,0.0,0.0,1.0,540.0,0.6229303509201767,0.0,540.0,0.0,0.0,0.0,0.0,0.0,0.0,540.0,0.0,0.0,0.0,0.0,1.0,540.0,1.0,540.0,0.0,540.0,0.0,0.0,0.0,0.0,0.0,0,0.6229303509201767,0.6229303509201767,0.0,UNIÃO,-1,#NULO#,#NULO#,210001696793,PARTIDO ISOLADO,UNIÃO,PARTIDO ISOLADO,PARTIDO:UNIÃO,845.0,845.0,3.0,0,19121.0,229.0,19350.0,1.0,172868.0,0.111935118124812,0.004888122729481454,0.043669250645994834,1.1193511812481198,9.72451385311995,4.346956889378885,10.0,PEDRO DELPONTE FERRAZ,1.0,0.0,867.0,9.761551232444479,0.0490503375790849,0.49050337579084896,1.0
2024,87912,PELOTAS,210001918901,CRISTIANO WACHHOLZ DA SILVA,CRISTIANO SILVA,UNIÃO,MASCULINO,BRANCA,SUPERIOR COMPLETO,VEREADOR,ELEITO POR QP,1,Direita,Direita,35971.54,7000.0,0.0,1956.0,0.0,0.0,0.0,0.0,44927.54,1956.0,0.0435367705420773,1.0,44927.54,5.521287605969699,35971.54,7000.0,0.0,1956.0,0.0,0.0,0.0,0.0,38527.54,5900.0,5900.0,0.0,0.0,26.0,32627.54,1.0,38527.54,5900.0,32627.54,5900.0,0.0,0.0,0.1531372104214284,1.531372104214284,1,5.304786266583331,5.07157133822968,2.786596361890807,UNIÃO,-1,#NULO#,#NULO#,210001696793,PARTIDO ISOLADO,UNIÃO,PARTIDO ISOLADO,PARTIDO:UNIÃO,3242.0,3242.0,3.0,0,19121.0,229.0,19350.0,1.0,172868.0,0.111935118124812,0.01875419395145429,0.1675452196382429,1.1193511812481198,11.663113308455806,4.346956889378885,1.0,CRISTIANO WACHHOLZ DA SILVA,1.0,1.0,1771.0,10.791162888555018,0.0490503375790849,0.49050337579084896,1.0
2024,87912,PELOTAS,210002018228,DONÁRIO SOUZA DA COSTA,DONÁRIO SOUZA,PSD,MASCULINO,BRANCA,ENSINO FUNDAMENTAL INCOMPLETO,OUTROS,SUPLENTE,0,Direita,Direita,46936.0,0.0,0.0,0.0,2552.05,0.0,0.0,0.0,49488.05,0.0,0.0,1.0,49488.05,5.657870052140567,46936.0,0.0,0.0,0.0,2552.05,0.0,0.0,0.0,33891.0,0.0,0.0,0.0,0.0,11.0,33891.0,1.0,33891.0,0.0,33891.0,0.0,0.0,0.0,0.0,0.0,0,5.124783041641959,5.124783041641959,0.0,PSD,-1,#NULO#,#NULO#,210001708696,PARTIDO ISOLADO,PSD,PARTIDO ISOLADO,PARTIDO:PSD,592.0,592.0,3.0,0,22093.0,251.0,22344.0,1.0,172868.0,0.12925469144086818,0.0034245782909503204,0.026494808449695668,1.2925469144086816,9.211888294546004,4.544979883255804,13.0,DONARIO SOUZA DA COSTA,1.0,0.0,1151.0,10.169925001442312,0.0818235063171377,0.818235063171377,1.0
2024,87912,PELOTAS,210002018225,ÉDER RICARDO BLANK,ÉDER BLANK PATACA,PSD,MASCULINO,BRANCA,ENSINO FUNDAMENTAL INCOMPLETO,COBRADOR DE TRANSPORTE COLETIVO,ELEITO POR QP,1,Direita,Direita,7000.0,14286.0,0.0,0.0,4549.1,0.0,0.0,0.0,25835.1,0.0,0.0,1.0,25835.1,4.746049359157657,7000.0,14286.0,0.0,0.0,4549.1,0.0,0.0,0.0,15785.3,250.0,250.0,0.0,800.0,31.0,15535.3,1.0,15785.3,250.0,15535.3,250.0,0.0,800.0,0.015837519717712,0.1583751971771205,1,4.069126417126549,4.04747731547451,0.3219280948873623,PSD,-1,#NULO#,#NULO#,210001708696,PARTIDO ISOLADO,PSD,PARTIDO ISOLADO,PARTIDO:PSD,3597.0,3597.0,3.0,0,22093.0,251.0,22344.0,1.0,172868.0,0.12925469144086818,0.02080778397389916,0.1609828141783029,1.2925469144086816,11.812979471251483,4.544979883255804,1.0,EDER RICARDO BLANK,1.0,0.0,0.0,0.0,0.0818235063171377,0.818235063171377,1.0
2024,87912,PELOTAS,210002018230,ELIANE SOARES SA BRITTO BITENCOURT,PROFESSORA ELIANE,PSD,FEMININO,BRANCA,SUPERIOR COMPLETO,ADMINISTRADOR,SUPLENTE,0,Direita,Direita,2500.0,1700.0,0.0,30000.0,2552.05,0.0,0.0,0.0,36752.05,30000.0,0.8162809965702593,1.0,36752.05,5.238483082226617,2500.0,1700.0,0.0,30000.0,2552.05,0.0,0.0,0.0,31685.0,1500.0,1500.0,0.0,0.0,30.0,30185.0,1.0,31685.0,1500.0,30185.0,1500.0,0.0,0.0,0.0473410130976802,0.4734101309768028,1,5.030556792062338,4.962780353804801,1.3219280948873624,PSD,-1,#NULO#,#NULO#,210001708696,PARTIDO ISOLADO,PSD,PARTIDO ISOLADO,PARTIDO:PSD,653.0,653.0,3.0,0,22093.0,251.0,22344.0,1.0,172868.0,0.12925469144086818,0.003777448689173242,0.02922484783387039,1.2925469144086816,9.353146825498083,4.544979883255804,12.0,ELIANE SOARES SA BRITTO BITENCOURT,1.0,0.0,767.0,9.584962500721156,0.0818235063171377,0.818235063171377,1.0
2024,87912,PELOTAS,210002018231,ENÉIAS CLARINDO,ENÉIAS CLARINDO,PSD,MASCULINO,BRANCA,SUPERIOR COMPLETO,PUBLICITÁRIO,SUPLENTE,0,Direita,Direita,9200.0,2700.0,0.0,0.0,2952.05,0.0,0.0,0.0,14852.05,0.0,0.0,1.0,14852.05,3.98659751781298,9200.0,2700.0,0.0,0.0,2952.05,0.0,0.0,0.0,8300.0,0.0,0.0,0.0,1000.0,11.0,8300.0,1.0,8300.0,0.0,8300.0,0.0,0.0,1000.0,0.0,0.0,0,3.2172307162206693,3.2172307162206693,0.0,PSD,-1,#NULO#,#NULO#,210001708696,PARTIDO ISOLADO,PSD,PARTIDO ISOLADO,PARTIDO:PSD,250.0,250.0,3.0,0,22093.0,251.0,22344.0,1.0,172868.0,0.12925469144086818,0.0014461901566513178,0.011188686000716076,1.2925469144086816,7.971543553950772,4.544979883255804,17.0,ENEIAS CLARINDO,1.0,0.0,858.0,9.746514321138463,0.0818235063171377,0.818235063171377,1.0
2024,87912,PELOTAS,210002069750,ANTONIO LEONEL RODRIGUES SOARES,ANTONIO LEONEL  - BUTICA,PT,MASCULINO,PRETA,ENSINO MÉDIO COMPLETO,AGRICULTOR,SUPLENTE,0,Esquerda,Esquerda,5630.0,0.0,0.0,43859.41,0.0,0.0,0.0,0.0,49489.41,43859.41,0.8862382881509397,1.0,49489.41,5.6579089135905525,5630.0,0.0,0.0,43859.41,0.0,0.0,0.0,0.0,43870.61,0.0,0.0,0.0,0.0,45.0,43870.61,1.0,43870.61,0.0,43870.61,0.0,0.0,0.0,0.0,0.0,0,5.487698891961415,5.487698891961415,0.0,PT,101,PT/PC do B/PV,PC do B / PT / PV,210001715088,FEDERAÇÃO,Federação BRASIL DA ESPERANÇA - FE BRASIL(PT/PC do B/PV),FEDERAÇÃO,FEDERACAO:101,924.0,924.0,3.0,0,17879.0,2746.0,20625.0,3.0,172868.0,0.11931068792373371,0.00534511881898327,0.0448,1.1931068792373372,9.853309555403674,4.434628227636725,6.0,ANTONIO LEONEL RODRIGUES SOARES,0.0,0.0,0.0,0.0,0.07973173887018813,0.7973173887018812,1.0
2024,87912,PELOTAS,210002069755,ÉDER RIBEIRO FONSECA,ÉDER RIBEIRO,PT,MASCULINO,PRETA,SUPERIOR COMPLETO,ANTROPÓLOGO,SUPLENTE,0,Esquerda,Esquerda,3200.0,0.0,0.0,44037.69,0.0,0.0,0.0,0.0,47237.69,44037.69,0.9322574833782092,1.0,47237.69,5.592088916193782,3200.0,0.0,0.0,44037.69,0.0,0.0,0.0,0.0,44618.5,0.0,0.0,0.0,0.0,44.0,44618.5,1.0,44618.5,0.0,44618.5,0.0,0.0,0.0,0.0,0.0,0,5.511547104489203,5.511547104489203,0.0,PT,101,PT/PC do B/PV,PC do B / PT / PV,210001715088,FEDERAÇÃO,Federação BRASIL DA ESPERANÇA - FE BRASIL(PT/PC do B/PV),FEDERAÇÃO,FEDERACAO:101,445.0,445.0,3.0,0,17879.0,2746.0,20625.0,3.0,172868.0,0.11931068792373371,0.0025742184788393454,0.021575757575757575,1.1931068792373372,8.800899899920305,4.434628227636725,14.0,EDER RIBEIRO FONSECA,0.0,0.0,0.0,0.0,0.07973173887018813,0.7973173887018812,1.0
2024,87912,PELOTAS,210001919019,MICHELLE DA SILVA,MICHELLE DA SILVA,PSB,FEMININO,PRETA,ENSINO FUNDAMENTAL INCOMPLETO,OUTROS,SUPLENTE,0,Esquerda,Centro,0.0,0.0,0.0,3640.67,900.0,0.0,0.0,0.0,4540.67,3640.67,0.8017913655914215,1.0,4540.67,2.470060443283873,0.0,0.0,0.0,3640.67,900.0,0.0,0.0,0.0,3900.0,0.0,0.0,0.0,0.0,13.0,3900.0,1.0,3900.0,0.0,3900.0,0.0,0.0,0.0,0.0,0.0,0,2.292781749227846,2.292781749227846,0.0,PSB,-1,#NULO#,#NULO#,210001696808,PARTIDO ISOLADO,PSB,PARTIDO ISOLADO,PARTIDO:PSB,39.0,39.0,3.0,0,13590.0,159.0,13749.0,1.0,172868.0,0.07953467385519587,0.00022560566443760558,0.002836569932358717,0.7953467385519587,5.321928094887363,3.8825452362128234,22.0,MICHELLE DA SILVA,0.0,0.0,0.0,0.0,0.07827715596861705,0.7827715596861704,1.0
2024,87912,PELOTAS,210002232409,JORGE ROGERIO DOS SANTOS DORO,JORGE DORO,MDB,MASCULINO,BRANCA,ENSINO FUNDAMENTAL INCOMPLETO,MOTORISTA DE VEÍCULOS DE TRANSPORTE COLETIVO DE PASSAGEIROS,NÃO ELEITO,0,Centro,Centro,500.0,1050.0,0.0,1500.0,0.0,0.0,0.0,0.0,3050.0,1500.0,0.4918032786885246,1.0,3050.0,2.017921907997262,500.0,1050.0,0.0,1500.0,0.0,0.0,0.0,0.0,3050.0,0.0,0.0,0.0,0.0,4.0,3050.0,1.0,3050.0,0.0,3050.0,0.0,0.0,0.0,0.0,0.0,0,2.017921907997262,2.017921907997262,0.0,MDB,-1,#NULO#,#NULO#,210001743124,PARTIDO ISOLADO,MDB,PARTIDO ISOLADO,PARTIDO:MDB,128.0,128.0,3.0,0,6218.0,320.0,6538.0,1.0,172868.0,0.03782076497674526,0.0007404493602054747,0.01957785255429795,0.3782076497674526,7.011227255423254,2.9141817950022695,16.0,JORGE ROGERIO DOS SANTOS DORO,0.0,0.0,0.0,0.0,0.025313604211854208,0.25313604211854207,1.0
2024,87912,PELOTAS,210002232412,SOPHIA DUTRA SAMPAIO PRESTES,SOPHIA PRESTES,MDB,FEMININO,BRANCA,SUPERIOR INCOMPLETO,"ESTUDANTE, BOLSISTA, ESTAGIÁRIO E ASSEMELHADOS",NÃO ELEITO,0,Centro,Centro,0.0,0.0,0.0,2500.0,0.0,0.0,0.0,0.0,2500.0,2500.0,1.0,1.0,2500.0,1.807354922057604,0.0,0.0,0.0,2500.0,0.0,0.0,0.0,0.0,2496.54,0.0,0.0,0.0,500.0,25.0,2496.54,1.0,2496.54,0.0,2496.54,0.0,0.0,500.0,0.0,0.0,0,1.8059280095413028,1.8059280095413028,0.0,MDB,-1,#NULO#,#NULO#,210001743124,PARTIDO ISOLADO,MDB,PARTIDO ISOLADO,PARTIDO:MDB,281.0,281.0,3.0,0,6218.0,320.0,6538.0,1.0,172868.0,0.03782076497674526,0.001625517736076081,0.04297950443560722,0.3782076497674526,8.139551352398794,2.9141817950022695,8.0,SOPHIA DUTRA SAMPAIO PRESTES,0.0,0.0,0.0,0.0,0.025313604211854208,0.25313604211854207,1.0
2024,87912,PELOTAS,210001990531,MAURICIO DE FIGUEIREDO MARTINS,MAURICIO MARTINS,PSDB,MASCULINO,BRANCA,SUPERIOR COMPLETO,JORNALISTA E REDATOR,SUPLENTE,0,Centro,Centro,24630.0,1300.7,0.0,8904.0,15000.0,0.0,0.0,300.0,50134.7,8904.0,0.1776015414473408,1.0,50134.7,5.676230731024935,24630.0,1300.7,0.0,8904.0,15000.0,0.0,0.0,300.0,43230.7,8100.0,8100.0,0.0,2000.0,55.0,35130.7,1.0,43230.7,8100.0,35130.7,8100.0,0.0,2000.0,0.1873668480963759,1.87366848096376,1,5.46697616955751,5.175153300854666,3.1858665453113337,PSDB,100,PSDB/CIDADANIA,CIDADANIA / PSDB,210001705346,FEDERAÇÃO,Federação PSDB CIDADANIA(PSDB/CIDADANIA),FEDERAÇÃO,FEDERACAO:100,890.0,890.0,3.0,0,20263.0,1209.0,21472.0,2.0,172868.0,0.12421038017446838,0.005148436957678691,0.04144932935916543,1.2421038017446837,9.799281621521923,4.490056624464311,10.0,MAURICIO DE FIGUEIREDO MARTINS,1.0,0.0,975.0,9.930737337562887,0.19994078689073252,1.9994078689073251,1.0
2024,87912,PELOTAS,210002057418,RICHARD BAST BETTIN,RICHARD DA GOLD,PL,MASCULINO,BRANCA,SUPERIOR COMPLETO,EMPRESÁRIO,SUPLENTE,0,Direita,Direita,2356.0,2000.0,0.0,2800.0,0.0,0.0,0.0,0.0,7156.0,2800.0,0.3912800447177194,1.0,7156.0,3.027861775354509,2356.0,2000.0,0.0,2800.0,0.0,0.0,0.0,0.0,6356.0,670.0,670.0,0.0,0.0,8.0,5686.0,1.0,6356.0,670.0,5686.0,670.0,0.0,0.0,0.105412208936438,1.05412208936438,1,2.8789214797498506,2.7411433549553164,0.7398481026993274,PL,-1,#NULO#,#NULO#,210001713434,PARTIDO ISOLADO,PL,PARTIDO ISOLADO,PARTIDO:PL,551.0,551.0,3.0,0,15760.0,1876.0,17636.0,1.0,172868.0,0.10202003841081056,0.0031874031052595043,0.03124291222499433,1.0202003841081055,9.108524456778168,4.220020330446371,7.0,RICHARD BAST BETTIN,0.0,0.0,0.0,0.0,0.028216333807467287,0.28216333807467286,1.0
2024,87912,PELOTAS,210002057420,JOSÉ ANSELMO RODRIGUES,ANSELMO RODRIGUES GOVERNAÇO,PL,MASCULINO,BRANCA,SUPERIOR COMPLETO,VEREADOR,SUPLENTE,0,Direita,Direita,8200.0,3000.0,0.0,40000.0,0.0,0.0,0.0,0.0,51200.0,40000.0,0.78125,1.0,51200.0,5.705977901682522,8200.0,3000.0,0.0,40000.0,0.0,0.0,0.0,0.0,43000.0,15911.8,14411.8,1500.0,2100.0,42.0,27088.2,1.0,43000.0,15911.8,27088.2,14411.8,1500.0,2100.0,0.3700418604651163,3.7004186046511625,1,5.459431618637297,4.811892268861111,4.079958315420081,PL,-1,#NULO#,#NULO#,210001713434,PARTIDO ISOLADO,PL,PARTIDO ISOLADO,PARTIDO:PL,1610.0,1610.0,3.0,0,15760.0,1876.0,17636.0,1.0,172868.0,0.10202003841081056,0.009313464608834487,0.09129054207303243,1.0202003841081055,10.653740778706569,4.220020330446371,3.0,JOSE ANSELMO RODRIGUES,1.0,1.0,2207.0,11.108524456778168,0.028216333807467287,0.28216333807467286,1.0
2024,87912,PELOTAS,210002057399,JOÃO PAULO PEDROSO BARTEL,JOÃO PAULO BARTEL,PL,MASCULINO,PARDA,ENSINO FUNDAMENTAL INCOMPLETO,EMPRESÁRIO,SUPLENTE,0,Direita,Direita,0.0,0.0,2800.0,2800.0,0.0,0.0,0.0,0.0,5600.0,5600.0,1.0,1.0,5600.0,2.722466024471091,0.0,0.0,2800.0,2800.0,0.0,0.0,0.0,0.0,4800.0,0.0,0.0,0.0,0.0,3.0,4800.0,1.0,4800.0,0.0,4800.0,0.0,0.0,0.0,0.0,0.0,0,2.5360529002402097,2.5360529002402097,0.0,PL,-1,#NULO#,#NULO#,210001713434,PARTIDO ISOLADO,PL,PARTIDO ISOLADO,PARTIDO:PL,792.0,792.0,3.0,0,15760.0,1876.0,17636.0,1.0,172868.0,0.10202003841081056,0.0045815304162713745,0.044908142435926515,1.0202003841081055,9.63117705570398,4.220020330446371,5.0,JOAO PAULO PEDROSO BARTEL,0.0,0.0,0.0,0.0,0.028216333807467287,0.28216333807467286,1.0
2024,87912,PELOTAS,210002167833,JULIO ALBERTO BRAGA LOPES DE MOURA,JULIO MOURA VOLUNTÁRIO,REDE,MASCULINO,BRANCA,ENSINO MÉDIO COMPLETO,APOSENTADO (EXCETO SERVIDOR PÚBLICO),SUPLENTE,0,Esquerda,Centro,440.0,0.0,0.0,86000.0,0.0,0.0,0.0,0.0,86440.0,86000.0,0.994909763998149,1.0,86440.0,6.45022149589718,440.0,0.0,0.0,86000.0,0.0,0.0,0.0,0.0,85981.97,15579.97,15579.97,0.0,2284.0,140.0,70402.0,1.0,85981.97,15579.97,70402.0,15579.97,0.0,2284.0,0.1812004307414682,1.8120043074146823,1,6.442644478753103,6.157892580201554,4.051369491293379,REDE,102,PSOL/REDE,PSOL / REDE,210001733475,FEDERAÇÃO,Federação PSOL REDE(PSOL/REDE),FEDERAÇÃO,FEDERACAO:102,2078.0,2078.0,3.0,0,14998.0,400.0,15398.0,2.0,172868.0,0.08907374412846797,0.012020732582085754,0.13495259124561632,0.8907374412846797,11.02167404285837,4.035447960582276,3.0,JULIO ALBERTO BRAGA LOPES DE MOURA,0.0,0.0,0.0,0.0,0.07983471819065334,0.7983471819065333,1.0
2024,87912,PELOTAS,210002167829,MAICO BITTENCOURT LOPES,MAICO BITTENCOURT,PSOL,MASCULINO,BRANCA,SUPERIOR COMPLETO,BANCÁRIO E ECONOMIÁRIO,SUPLENTE,0,Esquerda,Esquerda,0.0,1963.73,0.0,10002.18,0.0,0.0,0.0,0.0,11965.91,10002.18,0.8358896231043021,1.0,11965.91,3.6966515588044073,0.0,1963.73,0.0,10002.18,0.0,0.0,0.0,0.0,11965.91,1215.0,1215.0,0.0,50.0,20.0,10750.91,1.0,11965.91,1215.0,10750.91,1215.0,0.0,50.0,0.101538453824239,1.0153845382423905,1,3.6966515588044073,3.5547005794777835,1.1473066987802936,PSOL,102,PSOL/REDE,PSOL / REDE,210001733475,FEDERAÇÃO,Federação PSOL REDE(PSOL/REDE),FEDERAÇÃO,FEDERACAO:102,396.0,396.0,3.0,0,14998.0,400.0,15398.0,2.0,172868.0,0.08907374412846797,0.0022907652081356872,0.025717625665670867,0.8907374412846797,8.632995197142957,4.035447960582276,5.0,MAICO BITTENCOURT LOPES,1.0,0.0,464.0,8.861086905995395,0.07983471819065334,0.7983471819065333,1.0
2024,87912,PELOTAS,210002216026,SIMONE BALDES RIBEIRO,SIMONE RIBERO,PDT,FEMININO,BRANCA,ENSINO MÉDIO COMPLETO,CABELEIREIRO E BARBEIRO,NÃO ELEITO,0,Esquerda,Centro,0.0,0.0,0.0,5500.0,0.0,0.0,0.0,0.0,5500.0,5500.0,1.0,1.0,5500.0,2.700439718141092,0.0,0.0,0.0,5500.0,0.0,0.0,0.0,0.0,2525.0,0.0,0.0,0.0,0.0,6.0,2525.0,1.0,2525.0,0.0,2525.0,0.0,0.0,0.0,0.0,0.0,0,1.8176232575114315,1.8176232575114315,0.0,PDT,-1,#NULO#,#NULO#,210001740905,PARTIDO ISOLADO,PDT,PARTIDO ISOLADO,PARTIDO:PDT,81.0,81.0,3.0,0,5144.0,399.0,5543.0,1.0,172868.0,0.03206492815327302,0.00046856561075502695,0.014613025437488724,0.32064928153273015,6.357552004618084,2.70995227069982,13.0,SIMONE BALDES RIBEIRO,0.0,0.0,0.0,0.0,0.07069530349936604,0.7069530349936604,1.0
2024,87912,PELOTAS,210002216024,JOAO ANTÔNIO MARTINS COSTA,JOÃO MARTINS,PDT,MASCULINO,BRANCA,SUPERIOR COMPLETO,SERVIDOR PÚBLICO FEDERAL,NÃO ELEITO,0,Esquerda,Centro,1155.0,6950.0,0.0,15500.0,0.0,0.0,0.0,0.0,23605.0,15500.0,0.6566405422579962,1.0,23605.0,4.620879611355415,1155.0,6950.0,0.0,15500.0,0.0,0.0,0.0,0.0,22605.0,2165.0,2165.0,0.0,0.0,25.0,20440.0,1.0,22605.0,2165.0,20440.0,2165.0,0.0,0.0,0.0957752709577527,0.957752709577527,1,4.561020577829269,4.422233000683048,1.6622054996536166,PDT,-1,#NULO#,#NULO#,210001740905,PARTIDO ISOLADO,PDT,PARTIDO ISOLADO,PARTIDO:PDT,926.0,926.0,3.0,0,5144.0,399.0,5543.0,1.0,172868.0,0.03206492815327302,0.005356688340236481,0.1670575500631427,0.32064928153273015,9.85642552862553,2.70995227069982,3.0,JOAO ANTONIO MARTINS COSTA,0.0,0.0,0.0,0.0,0.07069530349936604,0.7069530349936604,1.0
2024,87912,PELOTAS,210002314832,JOSE SADAN RODRIGUES DUARTE,SADAN DUARTE,SOLIDARIEDADE,MASCULINO,BRANCA,ENSINO MÉDIO COMPLETO,AGENTE DE SERVIÇOS FUNERÁRIOS E EMBALSAMADOR,NÃO ELEITO,0,Centro,Centro,0.0,0.0,0.0,0.0,0.0,0.0,0.0,0.0,0.0,0.0,,1.0,0.0,0.0,0.0,0.0,0.0,0.0,0.0,0.0,0.0,0.0,0.0,0.0,0.0,0.0,0.0,0.0,0.0,1.0,0.0,0.0,0.0,0.0,0.0,0.0,0.0,0.0,0,0.0,0.0,0.0,SOLIDARIEDADE,-1,#NULO#,#NULO#,210001754456,PARTIDO ISOLADO,SOLIDARIEDADE,PARTIDO ISOLADO,PARTIDO:SOLIDARIEDADE,2.0,2.0,3.0,0,291.0,33.0,324.0,1.0,172868.0,0.0018742624430201078,1.1569521253210543e-05,0.006172839506172839,0.018742624430201076,1.584962500721156,0.40490312214513074,5.0,JOSE SADAN RODRIGUES DUARTE,0.0,0.0,0.0,0.0,0.0005921310926749522,0.005921310926749522,1.0
2024,87912,PELOTAS,210002315876,DOMINGOS SAVIO BORGES FARIA,DOMINGOS SÁVIO,REPUBLICANOS,MASCULINO,PARDA,SUPERIOR COMPLETO,OUTROS,NÃO ELEITO,0,Direita,Direita,3700.0,1063.0,0.0,50000.0,0.0,0.0,0.0,0.0,54763.0,50000.0,0.9130252177565144,1.0,54763.0,5.80123627389673,3700.0,1063.0,0.0,50000.0,0.0,0.0,0.0,0.0,54763.0,2000.0,2000.0,0.0,400.0,41.0,52763.0,1.0,54763.0,2000.0,52763.0,2000.0,0.0,400.0,0.0365210087102605,0.3652100871026058,1,5.80123627389673,5.748541738293579,1.584962500721156,REPUBLICANOS,-1,#NULO#,#NULO#,210001754595,PARTIDO ISOLADO,REPUBLICANOS,PARTIDO ISOLADO,PARTIDO:REPUBLICANOS,2409.0,2409.0,3.0,0,5510.0,83.0,5593.0,1.0,172868.0,0.03235416618460328,0.013935488349492098,0.43071696763811906,0.3235416618460328,11.234817431117325,2.7209350813597593,1.0,DOMINGOS SAVIO BORGES FARIA,1.0,0.0,2309.0,11.17367713630342,0.02872479420226426,0.2872479420226426,1.0
2024,87912,PELOTAS,210002315889,SILMAR DE MATOS,SILMAR MATOS,REPUBLICANOS,MASCULINO,BRANCA,ENSINO FUNDAMENTAL INCOMPLETO,OUTROS,NÃO ELEITO,0,Direita,Direita,256.6,0.0,0.0,0.0,0.0,0.0,0.0,0.0,256.6,0.0,0.0,1.0,256.6,0.3295254851966555,256.6,0.0,0.0,0.0,0.0,0.0,0.0,0.0,256.6,0.0,0.0,0.0,0.0,2.0,256.6,1.0,256.6,0.0,256.6,0.0,0.0,0.0,0.0,0.0,0,0.3295254851966555,0.3295254851966555,0.0,REPUBLICANOS,-1,#NULO#,#NULO#,210001754595,PARTIDO ISOLADO,REPUBLICANOS,PARTIDO ISOLADO,PARTIDO:REPUBLICANOS,38.0,38.0,3.0,0,5510.0,83.0,5593.0,1.0,172868.0,0.03235416618460328,0.0002198209038110003,0.0067942070445199355,0.3235416618460328,5.285402218862249,2.7209350813597593,17.0,SILMAR DE MATOS,0.0,0.0,0.0,0.0,0.02872479420226426,0.2872479420226426,1.0
2024,87912,PELOTAS,210002315892,NAIARA BRAGA KLUG,NAIARA KLUG,REPUBLICANOS,FEMININO,PRETA,ENSINO MÉDIO INCOMPLETO,"ESTUDANTE, BOLSISTA, ESTAGIÁRIO E ASSEMELHADOS",NÃO ELEITO,0,Direita,Direita,256.6,0.0,0.0,0.0,0.0,0.0,0.0,0.0,256.6,0.0,0.0,1.0,256.6,0.3295254851966555,256.6,0.0,0.0,0.0,0.0,0.0,0.0,0.0,256.6,0.0,0.0,0.0,0.0,2.0,256.6,1.0,256.6,0.0,256.6,0.0,0.0,0.0,0.0,0.0,0,0.3295254851966555,0.3295254851966555,0.0,REPUBLICANOS,-1,#NULO#,#NULO#,210001754595,PARTIDO ISOLADO,REPUBLICANOS,PARTIDO ISOLADO,PARTIDO:REPUBLICANOS,3.0,3.0,3.0,0,5510.0,83.0,5593.0,1.0,172868.0,0.03235416618460328,1.7354281879815815e-05,0.0005363847666726265,0.3235416618460328,2.0,2.7209350813597593,21.0,NAIARA BRAGA KLUG,0.0,0.0,0.0,0.0,0.02872479420226426,0.2872479420226426,1.0
2024,87912,PELOTAS,210002072120,BIBIANA BATISTA ALFONSIN,BIBIANA ALFONSIN,NOVO,FEMININO,BRANCA,SUPERIOR COMPLETO,ADMINISTRADOR,NÃO ELEITO,0,Direita,Direita,0.0,0.0,0.0,2350.0,820.0,0.0,0.0,0.0,3170.0,2350.0,0.7413249211356467,1.0,3170.0,2.060047383669939,0.0,0.0,0.0,2350.0,820.0,0.0,0.0,0.0,3170.0,945.0,945.0,0.0,0.0,8.0,2225.0,1.0,3170.0,945.0,2225.0,945.0,0.0,0.0,0.2981072555205047,2.981072555205047,1,2.060047383669939,1.6892991605358918,0.9597701552114672,NOVO,-1,#NULO#,#NULO#,210001715417,PARTIDO ISOLADO,NOVO,PARTIDO ISOLADO,PARTIDO:NOVO,70.0,70.0,3.0,0,3105.0,134.0,3239.0,1.0,172868.0,0.018736839669574474,0.000404933243862369,0.021611608521148504,0.18736839669574473,6.149747119504682,2.0837239663930083,10.0,BIBIANA BATISTA ALFONSIN,0.0,0.0,0.0,0.0,0.0,0.0,0.0
2024,87912,PELOTAS,210002072117,CLOVIS NEI LOUZADA LAGES,NEI LOUZADA,NOVO,MASCULINO,BRANCA,ENSINO MÉDIO COMPLETO,APOSENTADO (EXCETO SERVIDOR PÚBLICO),NÃO ELEITO,0,Direita,Direita,0.0,0.0,0.0,2715.39,820.0,0.0,0.0,0.0,3535.39,2715.39,0.7680595351573659,1.0,3535.39,2.1812266140115613,0.0,0.0,0.0,2715.39,820.0,0.0,0.0,0.0,3170.0,0.0,0.0,0.0,0.0,7.0,3170.0,1.0,3170.0,0.0,3170.0,0.0,0.0,0.0,0.0,0.0,0,2.060047383669939,2.060047383669939,0.0,NOVO,-1,#NULO#,#NULO#,210001715417,PARTIDO ISOLADO,NOVO,PARTIDO ISOLADO,PARTIDO:NOVO,101.0,101.0,3.0,0,3105.0,134.0,3239.0,1.0,172868.0,0.018736839669574474,0.0005842608232871323,0.031182463723371412,0.18736839669574473,6.672425341971495,2.0837239663930083,8.0,CLOVIS NEI LOUZADA LAGES,0.0,0.0,0.0,0.0,0.0,0.0,0.0
2024,87912,PELOTAS,210002072122,SANDRA SEZEPANSKI BRANDT,PROFESSORA SANDRA BRANDT,NOVO,FEMININO,BRANCA,SUPERIOR COMPLETO,EMPRESÁRIO,NÃO ELEITO,0,Direita,Direita,6000.0,0.0,0.0,2350.0,820.0,0.0,0.0,0.0,9170.0,2350.0,0.2562704471101417,1.0,9170.0,3.346247774082775,6000.0,0.0,0.0,2350.0,820.0,0.0,0.0,0.0,9063.33,896.33,896.33,0.0,4000.0,28.0,8167.0,1.0,9063.33,896.33,8167.0,896.33,0.0,4000.0,0.0988963217713577,0.9889632177135778,1,3.33103587314584,3.196449673487529,0.9232100443714424,NOVO,-1,#NULO#,#NULO#,210001715417,PARTIDO ISOLADO,NOVO,PARTIDO ISOLADO,PARTIDO:NOVO,859.0,859.0,3.0,0,3105.0,134.0,3239.0,1.0,172868.0,0.018736839669574474,0.0049691093782539275,0.2652053102809509,0.18736839669574473,9.74819284958946,2.0837239663930083,2.0,SANDRA SEZEPANSKI BRANDT,0.0,0.0,0.0,0.0,0.0,0.0,0.0
2024,87912,PELOTAS,210001918903,ANDRÉ NOVACK MULLER,ANDRÉ MULLER,UNIÃO,MASCULINO,BRANCA,SUPERIOR COMPLETO,ADMINISTRADOR,SUPLENTE,0,Direita,Direita,8784.89,1870.85,0.0,0.0,0.0,0.0,0.0,0.0,10655.74,0.0,0.0,1.0,10655.74,3.542968696131474,8784.89,1870.85,0.0,0.0,0.0,0.0,0.0,0.0,7865.74,1824.89,1824.89,0.0,0.0,15.0,6040.85,1.0,7865.74,1824.89,6040.85,1824.89,0.0,0.0,0.2320048717603175,2.320048717603175,1,3.1482410541103567,2.8157496073796717,1.4981946906980046,UNIÃO,-1,#NULO#,#NULO#,210001696793,PARTIDO ISOLADO,UNIÃO,PARTIDO ISOLADO,PARTIDO:UNIÃO,1112.0,1112.0,3.0,0,19121.0,229.0,19350.0,1.0,172868.0,0.111935118124812,0.0064326538167850614,0.05746770025839793,1.1193511812481198,10.12023787734196,4.346956889378885,7.0,ANDRE NOVACK MULLER,1.0,0.0,819.0,9.679480099505446,0.0490503375790849,0.49050337579084896,1.0
2024,87912,PELOTAS,210002018212,ANTÔNIO PEIXOTO OLIVEIRA,REPÓRTER ANTÔNIO PEIXOTO,PSD,MASCULINO,BRANCA,SUPERIOR COMPLETO,JORNALISTA E REDATOR,ELEITO POR MÉDIA,1,Direita,Direita,2159.0,10019.0,0.0,40000.0,4549.1,0.0,0.0,0.0,56727.1,40000.0,0.7051303521597262,1.0,56727.1,5.851176846290453,2159.0,10019.0,0.0,40000.0,4549.1,0.0,0.0,0.0,49178.0,12890.0,12890.0,0.0,7550.0,19.0,36288.0,1.0,49178.0,12890.0,36288.0,12890.0,0.0,7550.0,0.2621090731627963,2.6210907316279632,1,5.648983063689767,5.220639512876857,3.795974694206668,PSD,-1,#NULO#,#NULO#,210001708696,PARTIDO ISOLADO,PSD,PARTIDO ISOLADO,PARTIDO:PSD,1869.0,1869.0,3.0,0,22093.0,251.0,22344.0,1.0,172868.0,0.12925469144086818,0.010811717611125251,0.08364661654135339,1.2925469144086816,10.868822554774999,4.544979883255804,4.0,ANTONIO PEIXOTO OLIVEIRA,1.0,0.0,1368.0,10.4189067312579,0.0818235063171377,0.818235063171377,1.0
2024,87912,PELOTAS,210002018222,ANDREIA DOS SANTOS,DÉIA SANTOS,PSD,FEMININO,BRANCA,ENSINO MÉDIO COMPLETO,ESCRITOR E CRÍTICO,SUPLENTE,0,Direita,Direita,0.0,0.0,0.0,55000.0,1897.8,0.0,0.0,0.0,56897.8,55000.0,0.9666454590511409,1.0,56897.8,5.855436624632261,0.0,0.0,0.0,55000.0,1897.8,0.0,0.0,0.0,55000.0,0.0,0.0,0.0,17000.0,3.0,55000.0,1.0,55000.0,0.0,55000.0,0.0,0.0,17000.0,0.0,0.0,0,5.807354922057604,5.807354922057604,0.0,PSD,-1,#NULO#,#NULO#,210001708696,PARTIDO ISOLADO,PSD,PARTIDO ISOLADO,PARTIDO:PSD,195.0,195.0,3.0,0,22093.0,251.0,22344.0,1.0,172868.0,0.12925469144086818,0.0011280283221880279,0.00872717508055854,1.2925469144086816,7.614709844115208,4.544979883255804,19.0,ANDREIA DOS SANTOS,0.0,0.0,0.0,0.0,0.0818235063171377,0.818235063171377,1.0
2024,87912,PELOTAS,210002069758,MARIA TEREZA TAVARES FUJII,TEREZA FUJII,PT,FEMININO,BRANCA,SUPERIOR COMPLETO,APOSENTADO (EXCETO SERVIDOR PÚBLICO),SUPLENTE,0,Esquerda,Esquerda,10560.0,0.0,0.0,28712.57,0.0,0.0,0.0,0.0,39272.57,28712.57,0.7311100343063874,1.0,39272.57,5.33172563590577,10560.0,0.0,0.0,28712.57,0.0,0.0,0.0,0.0,34140.4,4335.9,4100.0,235.9,0.0,50.0,29804.5,1.0,34140.4,4335.9,29804.5,4100.0,235.9,0.0,0.1270020269241133,1.2700202692411335,1,5.135058708394491,4.945069213777267,2.41573162925564,PT,101,PT/PC do B/PV,PC do B / PT / PV,210001715088,FEDERAÇÃO,Federação BRASIL DA ESPERANÇA - FE BRASIL(PT/PC do B/PV),FEDERAÇÃO,FEDERACAO:101,765.0,765.0,3.0,0,17879.0,2746.0,20625.0,3.0,172868.0,0.11931068792373371,0.004425341879353032,0.03709090909090909,1.1931068792373372,9.581200581924957,4.434628227636725,8.0,MARIA TEREZA TAVARES FUJII,1.0,0.0,825.0,9.689997971419446,0.07973173887018813,0.7973173887018812,1.0
2024,87912,PELOTAS,210002069757,CAUÊ FUHRO SOUTO MARTINS,CAUÊ,PV,MASCULINO,BRANCA,SUPERIOR INCOMPLETO,EMPRESÁRIO,ELEITO POR QP,1,Centro,Centro,20300.0,465.61,0.0,35618.81,0.0,0.0,0.0,0.0,56384.42,35618.81,0.631713689703645,1.0,56384.42,5.842587189980577,20300.0,465.61,0.0,35618.81,0.0,0.0,0.0,0.0,51760.0,11500.0,11500.0,0.0,3700.0,39.0,40260.0,1.0,51760.0,11500.0,40260.0,11500.0,0.0,3700.0,0.2221792890262751,2.2217928902627517,1,5.72137265947682,5.36667191611176,3.643856189774725,PV,101,PT/PC do B/PV,PC do B / PT / PV,210001715088,FEDERAÇÃO,Federação BRASIL DA ESPERANÇA - FE BRASIL(PT/PC do B/PV),FEDERAÇÃO,FEDERACAO:101,3230.0,3230.0,3.0,0,17879.0,2746.0,20625.0,3.0,172868.0,0.11931068792373371,0.018684776823935025,0.1566060606060606,1.1931068792373372,11.657765035265363,4.434628227636725,1.0,CAUE FUHRO SOUTO MARTINS,1.0,0.0,667.0,9.383704292474052,0.07973173887018813,0.7973173887018812,1.0
2024,87912,PELOTAS,210002069752,CARLOS ALBERTO DOS SANTOS PASSOS,BETO Z3,PT,MASCULINO,BRANCA,ENSINO FUNDAMENTAL COMPLETO,PESCADOR,SUPLENTE,0,Esquerda,Esquerda,8960.0,7000.0,0.0,21221.73,0.0,0.0,0.0,0.0,37181.73,21221.73,0.5707569282010279,1.0,37181.73,5.254810567086431,8960.0,7000.0,0.0,21221.73,0.0,0.0,0.0,0.0,31402.93,26.9,0.0,26.9,0.0,51.0,31376.03,1.0,31402.93,26.9,31376.03,0.0,26.9,0.0,0.0008566079661993,0.0085660796619933,1,5.01805236803889,5.016854185825695,0.0382956981815445,PT,101,PT/PC do B/PV,PC do B / PT / PV,210001715088,FEDERAÇÃO,Federação BRASIL DA ESPERANÇA - FE BRASIL(PT/PC do B/PV),FEDERAÇÃO,FEDERACAO:101,702.0,702.0,3.0,0,17879.0,2746.0,20625.0,3.0,172868.0,0.11931068792373371,0.004060901959876901,0.034036363636363635,1.1931068792373372,9.457380879072534,4.434628227636725,10.0,CARLOS ALBERTO DOS SANTOS PASSOS,0.0,0.0,0.0,0.0,0.07973173887018813,0.7973173887018812,1.0
2024,87912,PELOTAS,210002069748,MIRIAM PAZ GARCEZ MARRONI,MIRIAM MARRONI,PT,FEMININO,BRANCA,SUPERIOR COMPLETO,VEREADOR,ELEITO POR QP,1,Esquerda,Esquerda,23819.45,8600.0,0.0,53322.93,0.0,0.0,0.0,0.0,85742.38,53322.93,0.6218970128890754,1.0,85742.38,6.438665122675557,23819.45,8600.0,0.0,53322.93,0.0,0.0,0.0,0.0,85123.41,1588.36,1588.36,0.0,700.0,39.0,83535.05,1.0,85123.41,1588.36,83535.05,1588.36,0.0,700.0,0.0186594968411157,0.1865949684111573,1,6.428333538088447,6.401477731865353,1.3720382873825645,PT,101,PT/PC do B/PV,PC do B / PT / PV,210001715088,FEDERAÇÃO,Federação BRASIL DA ESPERANÇA - FE BRASIL(PT/PC do B/PV),FEDERAÇÃO,FEDERACAO:101,2426.0,2426.0,3.0,0,17879.0,2746.0,20625.0,3.0,172868.0,0.11931068792373371,0.014033829280144388,0.11762424242424242,1.1931068792373372,11.244958393151133,4.434628227636725,2.0,MIRIAM PAZ GARCEZ MARRONI,1.0,1.0,2328.0,11.185494924210866,0.07973173887018813,0.7973173887018812,1.0
2024,87912,PELOTAS,210001919021,FABIANO SILVEIRA DE ORNEL,FABIANO ORNEL,PSB,MASCULINO,BRANCA,SUPERIOR COMPLETO,ADVOGADO,SUPLENTE,0,Esquerda,Centro,0.0,3180.0,0.0,7008.07,2500.0,0.0,0.0,0.0,12688.07,7008.07,0.5523353827650699,1.0,12688.07,3.774847137705368,0.0,3180.0,0.0,7008.07,2500.0,0.0,0.0,0.0,12013.0,4000.0,0.0,4000.0,0.0,6.0,8013.0,1.0,12013.0,4000.0,8013.0,0.0,4000.0,0.0,0.3329726130025805,3.329726130025805,1,3.7018816923149984,3.17200739069316,2.321928094887362,PSB,-1,#NULO#,#NULO#,210001696808,PARTIDO ISOLADO,PSB,PARTIDO ISOLADO,PARTIDO:PSB,536.0,536.0,3.0,0,13590.0,159.0,13749.0,1.0,172868.0,0.07953467385519587,0.0031006316958604252,0.038984653429340314,0.7953467385519587,9.068778277985412,3.8825452362128234,6.0,FABIANO SILVEIRA DE ORNEL,0.0,0.0,0.0,0.0,0.07827715596861705,0.7827715596861704,1.0
2024,87912,PELOTAS,210002232414,JOÃO ANTONIO SOARES ROSINHA,JOÃO ROSINHA,MDB,MASCULINO,BRANCA,SUPERIOR COMPLETO,CONTADOR,NÃO ELEITO,0,Centro,Centro,0.0,8600.0,0.0,1500.0,0.0,0.0,0.0,0.0,10100.0,1500.0,0.1485148514851485,1.0,10100.0,3.472487771462744,0.0,8600.0,0.0,1500.0,0.0,0.0,0.0,0.0,10095.0,0.0,0.0,0.0,0.0,26.0,10095.0,1.0,10095.0,0.0,10095.0,0.0,0.0,0.0,0.0,0.0,0,3.471837762422287,3.471837762422287,0.0,MDB,-1,#NULO#,#NULO#,210001743124,PARTIDO ISOLADO,MDB,PARTIDO ISOLADO,PARTIDO:MDB,188.0,188.0,3.0,0,6218.0,320.0,6538.0,1.0,172868.0,0.03782076497674526,0.0010875349978017909,0.028754970939125116,0.3782076497674526,7.562242424221073,2.9141817950022695,11.0,JOAO ANTONIO SOARES ROSINHA,0.0,0.0,0.0,0.0,0.025313604211854208,0.25313604211854207,1.0
2024,87912,PELOTAS,210002232416,JACQUELINE DIAS DOS SANTOS,JACQUELINE SANTOS,MDB,FEMININO,PRETA,SUPERIOR COMPLETO,OUTROS,NÃO ELEITO,0,Centro,Centro,0.0,0.0,0.0,2500.0,0.0,0.0,0.0,0.0,2500.0,2500.0,1.0,1.0,2500.0,1.807354922057604,0.0,0.0,0.0,2500.0,0.0,0.0,0.0,0.0,2355.13,52.97,0.0,52.97,0.0,11.0,2302.1600000000003,1.0,2355.13,52.97,2302.1600000000003,0.0,52.97,0.0,0.0224913274426464,0.2249132744264647,1,1.746368667087693,1.7234100250404516,0.0744643333552967,MDB,-1,#NULO#,#NULO#,210001743124,PARTIDO ISOLADO,MDB,PARTIDO ISOLADO,PARTIDO:MDB,419.0,419.0,3.0,0,6218.0,320.0,6538.0,1.0,172868.0,0.03782076497674526,0.0024238147025476085,0.0640868767207097,0.3782076497674526,8.714245517666123,2.9141817950022695,3.0,JACQUELINE DIAS DOS SANTOS,1.0,0.0,404.0,8.661778097771988,0.025313604211854208,0.25313604211854207,1.0
2024,87912,PELOTAS,210002057409,NEDISLAN DA ROSA CAMPOS,NEDISLAN CAMPOS,PL,MASCULINO,BRANCA,SUPERIOR COMPLETO,APOSENTADO (EXCETO SERVIDOR PÚBLICO),SUPLENTE,0,Direita,Direita,0.0,0.0,0.0,2800.0,0.0,0.0,0.0,0.0,2800.0,2800.0,1.0,1.0,2800.0,1.925999418556223,0.0,0.0,0.0,2800.0,0.0,0.0,0.0,0.0,1802.0,0.0,0.0,0.0,0.0,7.0,1802.0,1.0,1802.0,0.0,1802.0,0.0,0.0,0.0,0.0,0.0,0,1.486456955768731,1.486456955768731,0.0,PL,-1,#NULO#,#NULO#,210001713434,PARTIDO ISOLADO,PL,PARTIDO ISOLADO,PARTIDO:PL,231.0,231.0,3.0,0,15760.0,1876.0,17636.0,1.0,172868.0,0.10202003841081056,0.0013362797047458176,0.013098208210478567,1.0202003841081055,7.857980995127572,4.220020330446371,16.0,NEDISLAN DA ROSA CAMPOS,0.0,0.0,0.0,0.0,0.028216333807467287,0.28216333807467286,1.0
2024,87912,PELOTAS,210002057401,GRACIELE NUNES,GRACIELE NUNES,PL,FEMININO,BRANCA,ENSINO MÉDIO INCOMPLETO,SERVIDOR PÚBLICO CIVIL APOSENTADO,SUPLENTE,0,Direita,Direita,0.0,0.0,0.0,2800.0,0.0,0.0,0.0,0.0,2800.0,2800.0,1.0,1.0,2800.0,1.925999418556223,0.0,0.0,0.0,2800.0,0.0,0.0,0.0,0.0,2000.0,0.0,0.0,0.0,0.0,2.0,2000.0,1.0,2000.0,0.0,2000.0,0.0,0.0,0.0,0.0,0.0,0,1.584962500721156,1.584962500721156,0.0,PL,-1,#NULO#,#NULO#,210001713434,PARTIDO ISOLADO,PL,PARTIDO ISOLADO,PARTIDO:PL,182.0,182.0,3.0,0,15760.0,1876.0,17636.0,1.0,172868.0,0.10202003841081056,0.0010528264340421594,0.010319800408255841,1.0202003841081055,7.515699838284043,4.220020330446371,18.0,GRACIELE NUNES,1.0,0.0,48.0,5.614709844115208,0.028216333807467287,0.28216333807467286,1.0
2024,87912,PELOTAS,210002057414,CARLOS EDUARDO LACERDA GONÇALVES,PASTOR EDUARDO LACERDA,PL,MASCULINO,BRANCA,ENSINO MÉDIO COMPLETO,EMPRESÁRIO,SUPLENTE,0,Direita,Direita,0.0,500.0,0.0,7800.0,0.0,0.0,0.0,0.0,8300.0,7800.0,0.9397590361445785,1.0,8300.0,3.2172307162206693,0.0,500.0,0.0,7800.0,0.0,0.0,0.0,0.0,7500.0,1300.0,1300.0,0.0,0.0,15.0,6200.0,1.0,7500.0,1300.0,6200.0,1300.0,0.0,0.0,0.1733333333333333,1.7333333333333334,1,3.0874628412503395,2.84799690655495,1.2016338611696504,PL,-1,#NULO#,#NULO#,210001713434,PARTIDO ISOLADO,PL,PARTIDO ISOLADO,PARTIDO:PL,964.0,964.0,3.0,0,15760.0,1876.0,17636.0,1.0,172868.0,0.10202003841081056,0.005576509244047481,0.054660920843728734,1.0202003841081055,9.914385132155443,4.220020330446371,4.0,CARLOS EDUARDO LACERDA GONCALVES,0.0,0.0,0.0,0.0,0.028216333807467287,0.28216333807467286,1.0
2024,87912,PELOTAS,210002057416,ANDERSON DOS SANTOS MESQUITA,ANDERSON MESQUITA,PL,MASCULINO,BRANCA,SUPERIOR COMPLETO,DIRETOR DE EMPRESAS,SUPLENTE,0,Direita,Direita,2140.0,2598.0,0.0,2800.0,0.0,0.0,0.0,0.0,7538.0,2800.0,0.371451313345715,1.0,7538.0,3.0938981625855515,2140.0,2598.0,0.0,2800.0,0.0,0.0,0.0,0.0,6738.0,1100.0,1100.0,0.0,0.0,11.0,5638.0,1.0,6738.0,1100.0,5638.0,1100.0,0.0,0.0,0.1632531908578213,1.632531908578213,1,2.9519607287811294,2.7307486294162127,1.070389327891398,PL,-1,#NULO#,#NULO#,210001713434,PARTIDO ISOLADO,PL,PARTIDO ISOLADO,PARTIDO:PL,259.0,259.0,3.0,0,15760.0,1876.0,17636.0,1.0,172868.0,0.10202003841081056,0.0014982530022907652,0.014685869811748695,1.0202003841081055,8.022367813028454,4.220020330446371,13.0,ANDERSON DOS SANTOS MESQUITA,0.0,0.0,0.0,0.0,0.028216333807467287,0.28216333807467286,1.0
2024,87912,PELOTAS,210002057417,CARLOS ALBERTO MILGAREJO PEREIRA JUNIOR,JUNIOR FOX,PL,MASCULINO,BRANCA,ENSINO MÉDIO COMPLETO,EMPRESÁRIO,ELEITO POR QP,1,Direita,Direita,53210.2,0.0,0.0,30800.0,0.0,0.0,0.0,0.0,84010.2,30800.0,0.366622148262949,1.0,84010.2,6.409564049156035,53210.2,0.0,0.0,30800.0,0.0,0.0,0.0,0.0,80710.2,6510.0,6510.0,0.0,1000.0,87.0,74200.2,1.0,80710.2,6510.0,74200.2,6510.0,0.0,1000.0,0.080658950169867,0.8065895016986699,1,6.352444278165312,6.232664593740068,2.9088129077395477,PL,-1,#NULO#,#NULO#,210001713434,PARTIDO ISOLADO,PL,PARTIDO ISOLADO,PARTIDO:PL,1975.0,1975.0,3.0,0,15760.0,1876.0,17636.0,1.0,172868.0,0.10202003841081056,0.011424902237545411,0.11198684508958948,1.0202003841081055,10.948367231584678,4.220020330446371,2.0,CARLOS ALBERTO MILGAREJO PEREIRA JUNIOR,0.0,0.0,0.0,0.0,0.028216333807467287,0.28216333807467286,1.0
2024,87912,PELOTAS,210002057406,LUCIANE BRASIL,LUCIANE BRASIL,PL,FEMININO,BRANCA,SUPERIOR COMPLETO,EMPRESÁRIO,SUPLENTE,0,Direita,Direita,0.0,0.0,0.0,2800.0,0.0,0.0,0.0,0.0,2800.0,2800.0,1.0,1.0,2800.0,1.925999418556223,0.0,0.0,0.0,2800.0,0.0,0.0,0.0,0.0,2000.0,0.0,0.0,0.0,705.0,4.0,2000.0,1.0,2000.0,0.0,2000.0,0.0,0.0,705.0,0.0,0.0,0,1.584962500721156,1.584962500721156,0.0,PL,-1,#NULO#,#NULO#,210001713434,PARTIDO ISOLADO,PL,PARTIDO ISOLADO,PARTIDO:PL,156.0,156.0,3.0,0,15760.0,1876.0,17636.0,1.0,172868.0,0.10202003841081056,0.0009024226577504223,0.008845543207076435,1.0202003841081055,7.294620748891627,4.220020330446371,20.0,LUCIANE BRASIL,0.0,0.0,0.0,0.0,0.028216333807467287,0.28216333807467286,1.0
2024,87912,PELOTAS,210002167836,LUIS ALBERTO VITORIA DE DEUS,LUIS DE DEUS,PSOL,MASCULINO,PRETA,ENSINO FUNDAMENTAL INCOMPLETO,ELETRICISTA E ASSEMELHADOS,SUPLENTE,0,Esquerda,Esquerda,0.0,0.0,0.0,10885.7,0.0,0.0,0.0,0.0,10885.7,10885.7,1.0,1.0,10885.7,3.571154967186621,0.0,0.0,0.0,10885.7,0.0,0.0,0.0,0.0,6070.01,0.0,0.0,0.0,750.0,9.0,6070.01,1.0,6070.01,0.0,6070.01,0.0,0.0,750.0,0.0,0.0,0,2.8217122556202763,2.8217122556202763,0.0,PSOL,102,PSOL/REDE,PSOL / REDE,210001733475,FEDERAÇÃO,Federação PSOL REDE(PSOL/REDE),FEDERAÇÃO,FEDERACAO:102,46.0,46.0,3.0,0,14998.0,400.0,15398.0,2.0,172868.0,0.08907374412846797,0.00026609898882384245,0.0029874009611637873,0.8907374412846797,5.554588851677638,4.035447960582276,18.0,LUIS ALBERTO VITORIA DE DEUS,1.0,0.0,54.0,5.78135971352466,0.07983471819065334,0.7983471819065333,1.0
2024,87912,PELOTAS,210002167824,CRISTIANE MEDEIROS GOMES,CRISTIANE GOMES,PSOL,FEMININO,PRETA,SUPERIOR COMPLETO,SERVIDOR PÚBLICO MUNICIPAL,SUPLENTE,0,Esquerda,Esquerda,0.0,300.0,0.0,15712.08,0.0,0.0,0.0,0.0,16012.08,15712.08,0.9812641455700946,1.0,16012.08,4.088487639311896,0.0,300.0,0.0,15712.08,0.0,0.0,0.0,0.0,9869.66,0.0,0.0,0.0,60.0,36.0,9869.66,1.0,9869.66,0.0,9869.66,0.0,0.0,60.0,0.0,0.0,0,3.4422349088509807,3.4422349088509807,0.0,PSOL,102,PSOL/REDE,PSOL / REDE,210001733475,FEDERAÇÃO,Federação PSOL REDE(PSOL/REDE),FEDERAÇÃO,FEDERACAO:102,134.0,134.0,3.0,0,14998.0,400.0,15398.0,2.0,172868.0,0.08907374412846797,0.0007751579239651063,0.008702428886868424,0.8907374412846797,7.076815597050831,4.035447960582276,11.0,CRISTIANE MEDEIROS GOMES,1.0,0.0,225.0,7.820178962415188,0.07983471819065334,0.7983471819065333,1.0
2024,87912,PELOTAS,210002167821,IVY ESPILMAN LAZARI,IVY ESPILMAN,PSOL,FEMININO,PRETA,SUPERIOR INCOMPLETO,"ESTUDANTE, BOLSISTA, ESTAGIÁRIO E ASSEMELHADOS",SUPLENTE,0,Esquerda,Esquerda,0.0,0.0,0.0,15712.08,0.0,0.0,0.0,0.0,15712.08,15712.08,1.0,1.0,15712.08,4.062819398539956,0.0,0.0,0.0,15712.08,0.0,0.0,0.0,0.0,10692.58,509.34,509.34,0.0,1800.0,57.0,10183.24,1.0,10692.58,509.34,10183.24,509.34,0.0,1800.0,0.0476349019600508,0.476349019600508,1,3.5475213945194297,3.4832663201655216,0.593917829762485,PSOL,102,PSOL/REDE,PSOL / REDE,210001733475,FEDERAÇÃO,Federação PSOL REDE(PSOL/REDE),FEDERAÇÃO,FEDERACAO:102,213.0,213.0,3.0,0,14998.0,400.0,15398.0,2.0,172868.0,0.08907374412846797,0.0012321540134669227,0.013832965320171451,0.8907374412846797,7.741466986401147,4.035447960582276,9.0,IVY ESPILMAN LAZARI,0.0,0.0,0.0,0.0,0.07983471819065334,0.7983471819065333,1.0
2024,87912,PELOTAS,210002216017,CARLOS ALBERTO TEIXEIRA DE OLIVEIRA,CARLOS OLIVEIRA,PDT,MASCULINO,PRETA,SUPERIOR COMPLETO,OUTROS,NÃO ELEITO,0,Esquerda,Centro,0.0,0.0,0.0,3500.0,0.0,0.0,0.0,0.0,3500.0,3500.0,1.0,1.0,3500.0,2.169925001442312,0.0,0.0,0.0,3500.0,0.0,0.0,0.0,0.0,0.0,0.0,0.0,0.0,0.0,0.0,0.0,1.0,0.0,0.0,0.0,0.0,0.0,0.0,0.0,0.0,0,0.0,0.0,0.0,PDT,-1,#NULO#,#NULO#,210001740905,PARTIDO ISOLADO,PDT,PARTIDO ISOLADO,PARTIDO:PDT,305.0,305.0,3.0,0,5144.0,399.0,5543.0,1.0,172868.0,0.03206492815327302,0.0017643519911146076,0.05502435504239581,0.32064928153273015,8.257387842692651,2.70995227069982,5.0,CARLOS ALBERTO TEIXEIRA DE OLIVEIRA,0.0,0.0,0.0,0.0,0.07069530349936604,0.7069530349936604,1.0
2024,87912,PELOTAS,210002216029,RUI ANTÔNIO GARCIA JORDÃO,RUI JORDÃO,PDT,MASCULINO,PRETA,ENSINO MÉDIO COMPLETO,OUTROS,NÃO ELEITO,0,Esquerda,Centro,3000.0,150.0,0.0,3500.0,0.0,0.0,0.0,0.0,6650.0,3500.0,0.5263157894736842,1.0,6650.0,2.935459747805289,3000.0,150.0,0.0,3500.0,0.0,0.0,0.0,0.0,3650.0,0.0,0.0,0.0,0.0,9.0,3650.0,1.0,3650.0,0.0,3650.0,0.0,0.0,0.0,0.0,0.0,0,2.2172307162206693,2.2172307162206693,0.0,PDT,-1,#NULO#,#NULO#,210001740905,PARTIDO ISOLADO,PDT,PARTIDO ISOLADO,PARTIDO:PDT,203.0,203.0,3.0,0,5144.0,399.0,5543.0,1.0,172868.0,0.03206492815327302,0.00117430640720087,0.03662276745444705,0.32064928153273015,7.672425341971495,2.70995227069982,6.0,RUI ANTONIO GARCIA JORDAO,0.0,0.0,0.0,0.0,0.07069530349936604,0.7069530349936604,1.0
2024,87912,PELOTAS,210002315885,FERNANDA ESPINOSA DE OLIVEIRA,NANDA OLIVEIRA,REPUBLICANOS,FEMININO,PARDA,ENSINO FUNDAMENTAL COMPLETO,CABELEIREIRO E BARBEIRO,NÃO ELEITO,0,Direita,Direita,0.0,0.0,0.0,0.0,0.0,0.0,0.0,0.0,0.0,0.0,,1.0,0.0,0.0,0.0,0.0,0.0,0.0,0.0,0.0,0.0,0.0,0.0,0.0,0.0,0.0,0.0,0.0,0.0,1.0,0.0,0.0,0.0,0.0,0.0,0.0,0.0,0.0,0,0.0,0.0,0.0,REPUBLICANOS,-1,#NULO#,#NULO#,210001754595,PARTIDO ISOLADO,REPUBLICANOS,PARTIDO ISOLADO,PARTIDO:REPUBLICANOS,4.0,4.0,3.0,0,5510.0,83.0,5593.0,1.0,172868.0,0.03235416618460328,2.3139042506421085e-05,0.0007151796888968353,0.3235416618460328,2.321928094887362,2.7209350813597593,20.0,FERNANDA ESPINOSA DE OLIVEIRA,0.0,0.0,0.0,0.0,0.02872479420226426,0.2872479420226426,1.0
2024,87912,PELOTAS,210002315883,RENATA CASES DE LEON,RENATA LEON,REPUBLICANOS,FEMININO,BRANCA,SUPERIOR INCOMPLETO,OUTROS,NÃO ELEITO,0,Direita,Direita,256.6,0.0,0.0,0.0,0.0,0.0,0.0,0.0,256.6,0.0,0.0,1.0,256.6,0.3295254851966555,256.6,0.0,0.0,0.0,0.0,0.0,0.0,0.0,256.6,0.0,0.0,0.0,0.0,2.0,256.6,1.0,256.6,0.0,256.6,0.0,0.0,0.0,0.0,0.0,0,0.3295254851966555,0.3295254851966555,0.0,REPUBLICANOS,-1,#NULO#,#NULO#,210001754595,PARTIDO ISOLADO,REPUBLICANOS,PARTIDO ISOLADO,PARTIDO:REPUBLICANOS,40.0,40.0,3.0,0,5510.0,83.0,5593.0,1.0,172868.0,0.03235416618460328,0.00023139042506421085,0.007151796888968353,0.3235416618460328,5.357552004618084,2.7209350813597593,15.0,RENATA CASES DE LEON,0.0,0.0,0.0,0.0,0.02872479420226426,0.2872479420226426,1.0
2024,87912,PELOTAS,210002315896,SIDINEI GOMES TEIXEIRA,SIDINEI TEIXEIRA,REPUBLICANOS,MASCULINO,BRANCA,ENSINO FUNDAMENTAL INCOMPLETO,OUTROS,NÃO ELEITO,0,Direita,Direita,476.6,0.0,0.0,0.0,0.0,0.0,0.0,0.0,476.6,0.0,0.0,1.0,476.6,0.5622790636298666,476.6,0.0,0.0,0.0,0.0,0.0,0.0,0.0,476.6,0.0,0.0,0.0,0.0,2.0,476.6,1.0,476.6,0.0,476.6,0.0,0.0,0.0,0.0,0.0,0,0.5622790636298666,0.5622790636298666,0.0,REPUBLICANOS,-1,#NULO#,#NULO#,210001754595,PARTIDO ISOLADO,REPUBLICANOS,PARTIDO ISOLADO,PARTIDO:REPUBLICANOS,41.0,41.0,3.0,0,5510.0,83.0,5593.0,1.0,172868.0,0.03235416618460328,0.0002371751856908161,0.007330591811192562,0.3235416618460328,5.392317422778761,2.7209350813597593,14.0,SIDINEI GOMES TEIXEIRA,0.0,0.0,0.0,0.0,0.02872479420226426,0.2872479420226426,1.0
2024,87912,PELOTAS,210002153320,LÍLIAN XAVIER DOS SANTOS LINHARES,LÍLIAN LINHARES,PP,FEMININO,PRETA,SUPERIOR INCOMPLETO,SERVIDOR PÚBLICO MUNICIPAL,SUPLENTE,0,Direita,Direita,6000.0,0.0,0.0,46000.0,0.0,0.0,0.0,0.0,52000.0,46000.0,0.8846153846153846,1.0,52000.0,5.727920454563199,6000.0,0.0,0.0,46000.0,0.0,0.0,0.0,0.0,53406.75,14502.0,14502.0,0.0,1000.0,20.0,38904.75,1.0,53406.75,14502.0,38904.75,14502.0,0.0,1000.0,0.2715387099945232,2.7153870999452314,1,5.765713746131622,5.318488580522245,3.954382452576784,PP,-1,#NULO#,#NULO#,210001731526,PARTIDO ISOLADO,PP,PARTIDO ISOLADO,PARTIDO:PP,1097.0,1097.0,3.0,0,20812.0,245.0,21057.0,1.0,172868.0,0.12180970451442719,0.006345882407385982,0.05209668993683811,1.2180970451442719,10.100662339005199,4.463164676413056,8.0,LILIAN XAVIER DOS SANTOS LINHARES,0.0,0.0,0.0,0.0,0.1055538034768393,1.055538034768393,1.0
2024,87912,PELOTAS,210002153332,MICHEL HALAL,DR MICHEL HALAL,PP,MASCULINO,BRANCA,SUPERIOR COMPLETO,MÉDICO,SUPLENTE,0,Direita,Direita,0.0,4400.0,0.0,4000.0,0.0,0.0,0.0,0.0,8400.0,4000.0,0.4761904761904761,1.0,8400.0,3.232660756790275,0.0,4400.0,0.0,4000.0,0.0,0.0,0.0,0.0,8085.0,0.0,0.0,0.0,0.0,9.0,8085.0,1.0,8085.0,0.0,8085.0,0.0,0.0,0.0,0.0,0.0,0,3.183486514459392,3.183486514459392,0.0,PP,-1,#NULO#,#NULO#,210001731526,PARTIDO ISOLADO,PP,PARTIDO ISOLADO,PARTIDO:PP,931.0,931.0,3.0,0,20812.0,245.0,21057.0,1.0,172868.0,0.12180970451442719,0.005385612143369508,0.044213325734910006,1.2180970451442719,9.86418614465428,4.463164676413056,10.0,MICHEL HALAL,1.0,0.0,1546.0,10.595257481449035,0.1055538034768393,1.055538034768393,1.0
2024,87912,PELOTAS,210002153313,ROBERT GONCALVES BOTELHO,ROBINHU BOTELHO,PP,MASCULINO,BRANCA,SUPERIOR INCOMPLETO,SERVIDOR PÚBLICO MUNICIPAL,SUPLENTE,0,Direita,Direita,4500.0,0.35,0.0,34000.0,0.0,0.0,0.0,0.0,38500.35,34000.0,0.8831088548545662,1.0,38500.35,5.303793531494248,4500.0,0.35,0.0,34000.0,0.0,0.0,0.0,0.0,34000.35,0.0,0.0,0.0,0.0,23.0,34000.35,1.0,34000.35,0.0,34000.35,0.0,0.0,0.0,0.0,0.0,0,5.129297443823241,5.129297443823241,0.0,PP,-1,#NULO#,#NULO#,210001731526,PARTIDO ISOLADO,PP,PARTIDO ISOLADO,PARTIDO:PP,1716.0,1716.0,3.0,0,20812.0,245.0,21057.0,1.0,172868.0,0.12180970451442719,0.009926649235254645,0.08149309018378686,1.2180970451442719,10.745674324002135,4.463164676413056,4.0,ROBERT GONCALVES BOTELHO,1.0,0.0,623.0,9.285402218862249,0.1055538034768393,1.055538034768393,1.0
2024,87912,PELOTAS,210002153319,MICHEL FERREIRA ESCALANTE,MICHEL PROMOVE,PP,MASCULINO,PRETA,ENSINO MÉDIO INCOMPLETO,VEREADOR,ELEITO POR QP,1,Direita,Direita,11850.0,170.0,0.0,52000.0,0.0,0.0,0.0,0.0,64020.0,52000.0,0.8122461730709153,1.0,64020.0,6.022811650915631,11850.0,170.0,0.0,52000.0,0.0,0.0,0.0,0.0,64019.64,369.64,200.0,169.64,0.0,25.0,63650.0,1.0,64019.64,369.64,63650.0,200.0,169.64,0.0,0.0057738531488149,0.0577385314881495,1,6.022803663040323,6.014578464922892,0.4537967410214962,PP,-1,#NULO#,#NULO#,210001731526,PARTIDO ISOLADO,PP,PARTIDO ISOLADO,PARTIDO:PP,3935.0,3935.0,3.0,0,20812.0,245.0,21057.0,1.0,172868.0,0.12180970451442719,0.022763033065691742,0.18687372370233177,1.2180970451442719,11.94251450533924,4.463164676413056,1.0,MICHEL FERREIRA ESCALANTE,1.0,1.0,2626.0,11.359200485133632,0.1055538034768393,1.055538034768393,1.0
2024,87912,PELOTAS,210002153317,SANTA ANGELA LIMA DA CUNHA,SANTA ANGELA,PP,FEMININO,PRETA,ENSINO FUNDAMENTAL INCOMPLETO,DONA DE CASA,SUPLENTE,0,Direita,Direita,0.0,0.0,0.0,19000.0,0.0,0.0,0.0,0.0,19000.0,19000.0,1.0,1.0,19000.0,4.321928094887363,0.0,0.0,0.0,19000.0,0.0,0.0,0.0,0.0,19000.0,8240.0,7240.0,1000.0,747.6,8.0,10760.0,1.0,19000.0,8240.0,10760.0,7240.0,1000.0,747.6,0.4336842105263158,4.336842105263157,1,4.321928094887363,3.55581615506164,3.2078928516413328,PP,-1,#NULO#,#NULO#,210001731526,PARTIDO ISOLADO,PP,PARTIDO ISOLADO,PARTIDO:PP,43.0,43.0,3.0,0,20812.0,245.0,21057.0,1.0,172868.0,0.12180970451442719,0.00024874470694402666,0.0020420762691741464,1.2180970451442719,5.459431618637297,4.463164676413056,20.0,SANTA ANGELA LIMA DA CUNHA,0.0,0.0,0.0,0.0,0.1055538034768393,1.055538034768393,1.0
2024,87912,PELOTAS,210002153318,CRISTIANO NUNES DA SILVA,CRISTIANO NUNES,PP,MASCULINO,BRANCA,SUPERIOR INCOMPLETO,OUTROS,SUPLENTE,0,Direita,Direita,3300.0,1600.0,0.0,0.0,0.0,0.0,0.0,0.0,4900.0,0.0,0.0,1.0,4900.0,2.560714954474479,3300.0,1600.0,0.0,0.0,0.0,0.0,0.0,0.0,4900.0,2100.0,2100.0,0.0,0.0,6.0,2800.0,1.0,4900.0,2100.0,2800.0,2100.0,0.0,0.0,0.4285714285714285,4.285714285714286,1,2.560714954474479,1.925999418556223,1.632268215499513,PP,-1,#NULO#,#NULO#,210001731526,PARTIDO ISOLADO,PP,PARTIDO ISOLADO,PARTIDO:PP,469.0,469.0,3.0,0,20812.0,245.0,21057.0,1.0,172868.0,0.12180970451442719,0.002713052733877872,0.02227287837773662,1.2180970451442719,8.876516946565,4.463164676413056,12.0,CRISTIANO NUNES DA SILVA,1.0,0.0,346.0,8.43879185257826,0.1055538034768393,1.055538034768393,1.0
2024,87912,PELOTAS,210002153321,WILIAM SAMOEL FERREIRA LIMA,WILIAM FERREIRA,PP,MASCULINO,BRANCA,ENSINO FUNDAMENTAL COMPLETO,MOTORISTA PARTICULAR,SUPLENTE,0,Direita,Direita,500.0,0.0,0.0,4000.0,0.0,0.0,0.0,0.0,4500.0,4000.0,0.8888888888888888,1.0,4500.0,2.4594316186372973,500.0,0.0,0.0,4000.0,0.0,0.0,0.0,0.0,4000.0,0.0,0.0,0.0,0.0,6.0,4000.0,1.0,4000.0,0.0,4000.0,0.0,0.0,0.0,0.0,0.0,0,2.321928094887362,2.321928094887362,0.0,PP,-1,#NULO#,#NULO#,210001731526,PARTIDO ISOLADO,PP,PARTIDO ISOLADO,PARTIDO:PP,225.0,225.0,3.0,0,20812.0,245.0,21057.0,1.0,172868.0,0.12180970451442719,0.001301571140986186,0.010685282803818207,1.2180970451442719,7.820178962415188,4.463164676413056,16.0,WILIAM SAMOEL FERREIRA LIMA,0.0,0.0,0.0,0.0,0.1055538034768393,1.055538034768393,1.0
2024,87912,PELOTAS,210002072118,BERNARDO ÁVILA PEREIRA DA SILVA,BERNARDO AVILA,NOVO,MASCULINO,BRANCA,ENSINO FUNDAMENTAL COMPLETO,COMERCIÁRIO,NÃO ELEITO,0,Direita,Direita,0.0,0.0,0.0,2513.72,0.0,0.0,0.0,0.0,2513.72,2513.72,1.0,1.0,2513.72,1.812999230985984,0.0,0.0,0.0,2513.72,0.0,0.0,0.0,0.0,2350.0,0.0,0.0,0.0,0.0,7.0,2350.0,1.0,2350.0,0.0,2350.0,0.0,0.0,0.0,0.0,0.0,0,1.74416109557041,1.74416109557041,0.0,NOVO,-1,#NULO#,#NULO#,210001715417,PARTIDO ISOLADO,NOVO,PARTIDO ISOLADO,PARTIDO:NOVO,257.0,257.0,3.0,0,3105.0,134.0,3239.0,1.0,172868.0,0.018736839669574474,0.0014866834810375548,0.0793454769990738,0.18736839669574473,8.011227255423254,2.0837239663930083,4.0,BERNARDO AVILA PEREIRA DA SILVA,0.0,0.0,0.0,0.0,0.0,0.0,0.0
2024,87912,PELOTAS,210002072121,LUIZ ANTÔNIO DOS SANTOS PEREIRA,LUIZ ANTONIO PEREIRA,NOVO,MASCULINO,BRANCA,SUPERIOR COMPLETO,ENGENHEIRO,NÃO ELEITO,0,Direita,Direita,8200.0,2001.0,0.0,2697.33,3000.0,0.0,0.0,0.0,15898.33,2697.33,0.1696612159893523,1.0,15898.33,4.078808772177927,8200.0,2001.0,0.0,2697.33,3000.0,0.0,0.0,0.0,15985.55,738.55,738.55,0.0,0.0,34.0,15247.0,1.0,15985.55,738.55,15247.0,738.55,0.0,0.0,0.0462011003687705,0.4620110036877054,1,4.08623602899648,4.02210144474,0.7978845589923463,NOVO,-1,#NULO#,#NULO#,210001715417,PARTIDO ISOLADO,NOVO,PARTIDO ISOLADO,PARTIDO:NOVO,406.0,406.0,3.0,0,3105.0,134.0,3239.0,1.0,172868.0,0.018736839669574474,0.00234861281440174,0.1253473294226613,0.18736839669574473,8.668884984266247,2.0837239663930083,3.0,LUIZ ANTONIO DOS SANTOS PEREIRA,0.0,0.0,0.0,0.0,0.0,0.0,0.0
2024,87912,PELOTAS,210001918910,ROSANE MARGARETE CAMARGO DUARTE,ROSANE DUARTE,UNIÃO,FEMININO,BRANCA,ENSINO FUNDAMENTAL INCOMPLETO,DONA DE CASA,SUPLENTE,0,Direita,Direita,0.0,72.0,0.0,0.0,0.0,0.0,0.0,0.0,72.0,0.0,0.0,1.0,72.0,0.1003049057956854,0.0,72.0,0.0,0.0,0.0,0.0,0.0,0.0,72.0,0.0,0.0,0.0,0.0,1.0,72.0,1.0,72.0,0.0,72.0,0.0,0.0,0.0,0.0,0.0,0,0.1003049057956854,0.1003049057956854,0.0,UNIÃO,-1,#NULO#,#NULO#,210001696793,PARTIDO ISOLADO,UNIÃO,PARTIDO ISOLADO,PARTIDO:UNIÃO,39.0,39.0,3.0,0,19121.0,229.0,19350.0,1.0,172868.0,0.111935118124812,0.00022560566443760558,0.0020155038759689923,1.1193511812481198,5.321928094887363,4.346956889378885,22.0,ROSANE MARGARETE CAMARGO DUARTE,1.0,0.0,0.0,0.0,0.0490503375790849,0.49050337579084896,1.0
2024,87912,PELOTAS,210001918909,ORAIDA COLVARA DE OLIVEIRA,ORAIDA COLVARA,UNIÃO,FEMININO,BRANCA,SUPERIOR COMPLETO,DONA DE CASA,SUPLENTE,0,Direita,Direita,0.0,450.0,0.0,0.0,0.0,0.0,0.0,0.0,450.0,0.0,0.0,1.0,450.0,0.5360529002402097,0.0,450.0,0.0,0.0,0.0,0.0,0.0,0.0,444.0,0.0,0.0,0.0,0.0,3.0,444.0,1.0,444.0,0.0,444.0,0.0,0.0,0.0,0.0,0.0,0,0.5300707422250839,0.5300707422250839,0.0,UNIÃO,-1,#NULO#,#NULO#,210001696793,PARTIDO ISOLADO,UNIÃO,PARTIDO ISOLADO,PARTIDO:UNIÃO,250.0,250.0,3.0,0,19121.0,229.0,19350.0,1.0,172868.0,0.111935118124812,0.0014461901566513178,0.012919896640826873,1.1193511812481198,7.971543553950772,4.346956889378885,14.0,ORAIDA COLVARA DE OLIVEIRA,1.0,0.0,188.0,7.562242424221073,0.0490503375790849,0.49050337579084896,1.0
2024,87912,PELOTAS,210002018210,CARLOS RENATO BENTO OLIVEIRA JUNIOR,CARLOS JUNIOR,PSD,MASCULINO,BRANCA,SUPERIOR COMPLETO,VEREADOR,ELEITO POR MÉDIA,1,Direita,Direita,2000.0,3200.0,0.0,15000.0,4549.1,0.0,0.0,0.0,24749.1,15000.0,0.6060826454295308,1.0,24749.1,4.686450102009306,2000.0,3200.0,0.0,15000.0,4549.1,0.0,0.0,0.0,20200.0,4200.0,4200.0,0.0,2000.0,19.0,16000.0,1.0,20200.0,4200.0,16000.0,4200.0,0.0,2000.0,0.2079207920792079,2.079207920792079,1,4.405992359675837,4.087462841250339,2.37851162325373,PSD,-1,#NULO#,#NULO#,210001708696,PARTIDO ISOLADO,PSD,PARTIDO ISOLADO,PARTIDO:PSD,2446.0,2446.0,3.0,0,22093.0,251.0,22344.0,1.0,172868.0,0.12925469144086818,0.014149524492676493,0.10947010383100608,1.2925469144086816,11.25679838607939,4.544979883255804,3.0,CARLOS RENATO BENTO OLIVEIRA JUNIOR,1.0,1.0,1469.0,10.521600439723727,0.0818235063171377,0.818235063171377,1.0
2024,87912,PELOTAS,210002018213,SALVADOR GONÇALVES RIBEIRO,SALVADOR RIBEIRO,PSD,MASCULINO,BRANCA,SUPERIOR INCOMPLETO,ADMINISTRADOR,SUPLENTE,0,Direita,Direita,13400.0,8000.0,0.0,0.0,2707.05,0.0,0.0,0.0,24107.05,0.0,0.0,1.0,24107.05,4.650020621290831,13400.0,8000.0,0.0,0.0,2707.05,0.0,0.0,0.0,21400.0,6000.0,6000.0,0.0,0.0,7.0,15400.0,1.0,21400.0,6000.0,15400.0,6000.0,0.0,0.0,0.2803738317757009,2.8037383177570088,1,4.485426827170242,4.035623909730721,2.807354922057604,PSD,-1,#NULO#,#NULO#,210001708696,PARTIDO ISOLADO,PSD,PARTIDO ISOLADO,PARTIDO:PSD,1043.0,1043.0,3.0,0,22093.0,251.0,22344.0,1.0,172868.0,0.12925469144086818,0.006033505333549297,0.046679197994987466,1.2925469144086816,10.027905996569885,4.544979883255804,8.0,SALVADOR GONCALVES RIBEIRO,1.0,0.0,761.0,9.573647187493322,0.0818235063171377,0.818235063171377,1.0
2024,87912,PELOTAS,210002069745,EDINARA LESSA GONÇALVES,EDINARA LESSA,PT,FEMININO,PRETA,ENSINO MÉDIO COMPLETO,FAXINEIRO,SUPLENTE,0,Esquerda,Esquerda,0.0,0.0,0.0,22413.34,0.0,0.0,0.0,0.0,22413.34,22413.34,1.0,1.0,22413.34,4.549258849829578,0.0,0.0,0.0,22413.34,0.0,0.0,0.0,0.0,21795.16,0.0,0.0,0.0,0.0,17.0,21795.16,1.0,21795.16,0.0,21795.16,0.0,0.0,0.0,0.0,0.0,0,4.510655630450928,4.510655630450928,0.0,PT,101,PT/PC do B/PV,PC do B / PT / PV,210001715088,FEDERAÇÃO,Federação BRASIL DA ESPERANÇA - FE BRASIL(PT/PC do B/PV),FEDERAÇÃO,FEDERACAO:101,324.0,324.0,3.0,0,17879.0,2746.0,20625.0,3.0,172868.0,0.11931068792373371,0.0018742624430201078,0.01570909090909091,1.1931068792373372,8.344295907915816,4.434628227636725,16.0,EDINARA LESSA GONCALVES,0.0,0.0,0.0,0.0,0.07973173887018813,0.7973173887018812,1.0
2024,87912,PELOTAS,210002069751,LUANDER DA SILVA LESSA,LUANDER LESSA,PT,MASCULINO,PRETA,SUPERIOR INCOMPLETO,EMPRESÁRIO,SUPLENTE,0,Esquerda,Esquerda,1500.0,0.0,0.0,18699.41,0.0,0.0,0.0,0.0,20199.41,18699.41,0.9257404052890654,1.0,20199.41,4.405952208641934,1500.0,0.0,0.0,18699.41,0.0,0.0,0.0,0.0,17977.64,69.98,69.98,0.0,0.0,36.0,17907.66,1.0,17977.64,69.98,17907.66,69.98,0.0,0.0,0.0038926132684824,0.038926132684824,1,4.246228689354372,4.240898922200046,0.0975838301119513,PT,101,PT/PC do B/PV,PC do B / PT / PV,210001715088,FEDERAÇÃO,Federação BRASIL DA ESPERANÇA - FE BRASIL(PT/PC do B/PV),FEDERAÇÃO,FEDERACAO:101,228.0,228.0,3.0,0,17879.0,2746.0,20625.0,3.0,172868.0,0.11931068792373371,0.0013189254228660019,0.011054545454545454,1.1931068792373372,7.839203788096944,4.434628227636725,17.0,LUANDER DA SILVA LESSA,0.0,0.0,0.0,0.0,0.07973173887018813,0.7973173887018812,1.0
2024,87912,PELOTAS,210002069740,CARLA DA SILVA CASSAIS,CARLA CASSAIS,PT,FEMININO,BRANCA,SUPERIOR COMPLETO,PROFESSOR DE ENSINO MÉDIO,SUPLENTE,0,Esquerda,Esquerda,5810.0,600.0,0.0,89755.15,0.0,0.0,0.0,0.0,96165.15,89755.15,0.9333438360986284,1.0,96165.15,6.602367053393004,5810.0,600.0,0.0,89755.15,0.0,0.0,0.0,0.0,91216.62,6609.99,6540.0,69.99,1000.0,64.0,84606.62999999999,1.0,91216.62,6609.99,84606.62999999999,6540.0,69.99,1000.0,0.072464754778241,0.7246475477824107,1,6.526954882751686,6.41965062863665,2.927894557939085,PT,101,PT/PC do B/PV,PC do B / PT / PV,210001715088,FEDERAÇÃO,Federação BRASIL DA ESPERANÇA - FE BRASIL(PT/PC do B/PV),FEDERAÇÃO,FEDERACAO:101,1107.0,1107.0,3.0,0,17879.0,2746.0,20625.0,3.0,172868.0,0.11931068792373371,0.006403730013652035,0.053672727272727275,1.1931068792373372,10.113742166049189,4.434628227636725,5.0,CARLA DA SILVA CASSAIS,1.0,0.0,841.0,9.717676423066395,0.07973173887018813,0.7973173887018812,1.0
2024,87912,PELOTAS,210002069739,RAFAEL GODOY PORTO MARTINELLI,RAFAEL MARTINELLI,PT,MASCULINO,BRANCA,SUPERIOR COMPLETO,ADVOGADO,SUPLENTE,0,Esquerda,Esquerda,1200.0,350.0,0.0,14891.15,0.0,0.0,0.0,0.0,16441.15,14891.15,0.9057243562646164,1.0,16441.15,4.124423263706251,1200.0,350.0,0.0,14891.15,0.0,0.0,0.0,0.0,15817.5,2650.0,2650.0,0.0,300.0,34.0,13167.5,1.0,15817.5,2650.0,13167.5,2650.0,0.0,300.0,0.1675359570096412,1.675359570096412,1,4.07189135305663,3.824513297334801,1.8678964639926547,PT,101,PT/PC do B/PV,PC do B / PT / PV,210001715088,FEDERAÇÃO,Federação BRASIL DA ESPERANÇA - FE BRASIL(PT/PC do B/PV),FEDERAÇÃO,FEDERACAO:101,553.0,553.0,3.0,0,17879.0,2746.0,20625.0,3.0,172868.0,0.11931068792373371,0.003198972626512715,0.02681212121212121,1.1931068792373372,9.113742166049189,4.434628227636725,13.0,RAFAEL GODOY PORTO MARTINELLI,1.0,0.0,595.0,9.219168520462162,0.07973173887018813,0.7973173887018812,1.0
2024,87912,PELOTAS,210002069746,ADRIANE GERBER MARTINS,PROF. ADRI,PT,FEMININO,BRANCA,SUPERIOR COMPLETO,APOSENTADO (EXCETO SERVIDOR PÚBLICO),SUPLENTE,0,Esquerda,Esquerda,1798.0,0.0,0.0,18093.77,1965.61,0.0,0.0,0.0,21857.38,18093.77,0.8278105610095995,1.0,21857.38,4.514588140713162,1798.0,0.0,0.0,18093.77,1965.61,0.0,0.0,0.0,19891.77,1500.0,0.0,1500.0,900.0,23.0,18391.77,1.0,19891.77,1500.0,18391.77,0.0,1500.0,900.0,0.0754080707749989,0.754080707749989,1,4.3848628209949725,4.277372587536771,1.3219280948873624,PT,101,PT/PC do B/PV,PC do B / PT / PV,210001715088,FEDERAÇÃO,Federação BRASIL DA ESPERANÇA - FE BRASIL(PT/PC do B/PV),FEDERAÇÃO,FEDERACAO:101,618.0,618.0,3.0,0,17879.0,2746.0,20625.0,3.0,172868.0,0.11931068792373371,0.0035749820672420574,0.029963636363636362,1.1931068792373372,9.273795599214264,4.434628227636725,12.0,ADRIANE GERBER MARTINS,0.0,0.0,0.0,0.0,0.07973173887018813,0.7973173887018812,1.0
2024,87912,PELOTAS,210001919017,CRISTIANO FAGUNDES DUARTE,DJ CRISTIANO DUARTE,PSB,MASCULINO,BRANCA,ENSINO FUNDAMENTAL INCOMPLETO,MÚSICO,SUPLENTE,0,Esquerda,Centro,0.0,1600.0,0.0,2890.68,0.0,0.0,0.0,0.0,4490.68,2890.68,0.6437065210613981,1.0,4490.68,2.456984832632424,0.0,1600.0,0.0,2890.68,0.0,0.0,0.0,0.0,2600.0,0.0,0.0,0.0,0.0,2.0,2600.0,1.0,2600.0,0.0,2600.0,0.0,0.0,0.0,0.0,0.0,0,1.84799690655495,1.84799690655495,0.0,PSB,-1,#NULO#,#NULO#,210001696808,PARTIDO ISOLADO,PSB,PARTIDO ISOLADO,PARTIDO:PSB,1194.0,1194.0,3.0,0,13590.0,159.0,13749.0,1.0,172868.0,0.07953467385519587,0.006907004188166694,0.08684267946759765,0.7953467385519587,10.222794902868111,3.8825452362128234,3.0,CRISTIANO FAGUNDES DUARTE,1.0,0.0,564.0,9.14210705730255,0.07827715596861705,0.7827715596861704,1.0
2024,87912,PELOTAS,210002232415,PAULO DARCI DOS SANTOS,TENENTE PAULO,MDB,MASCULINO,BRANCA,SUPERIOR COMPLETO,ADVOGADO,NÃO ELEITO,0,Centro,Centro,0.0,5000.0,0.0,1500.0,0.0,0.0,0.0,0.0,6500.0,1500.0,0.2307692307692307,1.0,6500.0,2.9068905956085187,0.0,5000.0,0.0,1500.0,0.0,0.0,0.0,0.0,6500.0,4500.0,1000.0,3500.0,0.0,10.0,2000.0,1.0,6500.0,4500.0,2000.0,1000.0,3500.0,0.0,0.6923076923076923,6.9230769230769225,1,2.9068905956085187,1.584962500721156,2.4594316186372973,MDB,-1,#NULO#,#NULO#,210001743124,PARTIDO ISOLADO,MDB,PARTIDO ISOLADO,PARTIDO:MDB,86.0,86.0,3.0,0,6218.0,320.0,6538.0,1.0,172868.0,0.03782076497674526,0.0004974894138880533,0.013153869684918936,0.3782076497674526,6.442943495848728,2.9141817950022695,19.0,PAULO DARCI DOS SANTOS,0.0,0.0,0.0,0.0,0.025313604211854208,0.25313604211854207,1.0
2024,87912,PELOTAS,210002232408,FERNANDO DA COSTA REBELLO,NANDO COSTA,MDB,MASCULINO,BRANCA,ENSINO FUNDAMENTAL INCOMPLETO,OUTROS,NÃO ELEITO,0,Centro,Centro,0.0,0.0,0.0,1500.0,0.0,0.0,0.0,0.0,1500.0,1500.0,1.0,1.0,1500.0,1.3219280948873624,0.0,0.0,0.0,1500.0,0.0,0.0,0.0,0.0,1500.0,0.0,0.0,0.0,0.0,3.0,1500.0,1.0,1500.0,0.0,1500.0,0.0,0.0,0.0,0.0,0.0,0,1.3219280948873624,1.3219280948873624,0.0,MDB,-1,#NULO#,#NULO#,210001743124,PARTIDO ISOLADO,MDB,PARTIDO ISOLADO,PARTIDO:MDB,111.0,111.0,3.0,0,6218.0,320.0,6538.0,1.0,172868.0,0.03782076497674526,0.0006421084295531851,0.016977669011930253,0.3782076497674526,6.807354922057604,2.9141817950022695,17.0,FERNANDO DA COSTA REBELLO,0.0,0.0,0.0,0.0,0.025313604211854208,0.25313604211854207,1.0
2024,87912,PELOTAS,210002232405,LUCIANO CARDOSO SILVEIRA,LUCIANO BOLACHA,MDB,MASCULINO,PARDA,ENSINO MÉDIO COMPLETO,OUTROS,NÃO ELEITO,0,Centro,Centro,0.0,400.0,0.0,1500.0,0.0,0.0,0.0,0.0,1900.0,1500.0,0.7894736842105263,1.0,1900.0,1.5360529002402097,0.0,400.0,0.0,1500.0,0.0,0.0,0.0,0.0,1900.0,0.0,0.0,0.0,0.0,6.0,1900.0,1.0,1900.0,0.0,1900.0,0.0,0.0,0.0,0.0,0.0,0,1.5360529002402097,1.5360529002402097,0.0,MDB,-1,#NULO#,#NULO#,210001743124,PARTIDO ISOLADO,MDB,PARTIDO ISOLADO,PARTIDO:MDB,298.0,298.0,3.0,0,6218.0,320.0,6538.0,1.0,172868.0,0.03782076497674526,0.0017238586667283709,0.04557968797797492,0.3782076497674526,8.224001674198105,2.9141817950022695,6.0,LUCIANO CARDOSO SILVEIRA,0.0,0.0,0.0,0.0,0.025313604211854208,0.25313604211854207,1.0
2024,87912,PELOTAS,210001990538,JOSE PAULO BENEMANN,JOSE BENEMANN,PSDB,MASCULINO,BRANCA,ENSINO MÉDIO COMPLETO,EMPRESÁRIO,SUPLENTE,0,Centro,Centro,0.0,1890.0,0.0,5996.5,0.0,0.0,0.0,0.0,7886.5,5996.5,0.760349965130286,1.0,7886.5,3.1516153170430226,0.0,1890.0,0.0,5996.5,0.0,0.0,0.0,0.0,6890.0,1576.6,1576.6,0.0,0.0,16.0,5313.4,1.0,6890.0,1576.6,5313.4,1576.6,0.0,0.0,0.2288243831640058,2.2882438316400577,1,2.980025300238734,2.6584171592642014,1.365468585778131,PSDB,100,PSDB/CIDADANIA,CIDADANIA / PSDB,210001705346,FEDERAÇÃO,Federação PSDB CIDADANIA(PSDB/CIDADANIA),FEDERAÇÃO,FEDERACAO:100,407.0,407.0,3.0,0,20263.0,1209.0,21472.0,2.0,172868.0,0.12421038017446838,0.0023543975750283455,0.018954918032786885,1.2421038017446837,8.672425341971495,4.490056624464311,14.0,JOSE PAULO BENEMANN,1.0,0.0,860.0,9.749869427396844,0.19994078689073252,1.9994078689073251,1.0
2024,87912,PELOTAS,210001990535,BRUNO DOS SANTOS SCHWANTZ,BRUNÃO,CIDADANIA,MASCULINO,PARDA,ENSINO MÉDIO COMPLETO,EMPRESÁRIO,SUPLENTE,0,Centro,Centro,0.0,14000.0,0.0,0.0,0.0,0.0,0.0,0.0,14000.0,0.0,0.0,1.0,14000.0,3.906890595608519,0.0,14000.0,0.0,0.0,0.0,0.0,0.0,0.0,17350.0,5000.0,5000.0,0.0,0.0,13.0,12350.0,1.0,17350.0,5000.0,12350.0,5000.0,0.0,0.0,0.2881844380403458,2.881844380403458,1,4.197708157955851,3.738767836800192,2.584962500721156,CIDADANIA,100,PSDB/CIDADANIA,CIDADANIA / PSDB,210001705346,FEDERAÇÃO,Federação PSDB CIDADANIA(PSDB/CIDADANIA),FEDERAÇÃO,FEDERACAO:100,629.0,629.0,3.0,0,20263.0,1209.0,21472.0,2.0,172868.0,0.12421038017446838,0.0036386144341347157,0.029293964232488822,1.2421038017446837,9.29920801838728,4.490056624464311,12.0,BRUNO DOS SANTOS SCHWANTZ,1.0,0.0,500.0,8.968666793195208,0.19994078689073252,1.9994078689073251,1.0
2024,87912,PELOTAS,210002057411,LUIS ENRIQUE BRAGA DOS SANTOS,ENRIQUE DO SOPÃO,PL,MASCULINO,BRANCA,ENSINO FUNDAMENTAL INCOMPLETO,CHAVEIRO,SUPLENTE,0,Direita,Direita,0.0,0.0,0.0,800.0,0.0,0.0,0.0,0.0,800.0,800.0,1.0,1.0,800.0,0.8479969065549501,0.0,0.0,0.0,800.0,0.0,0.0,0.0,0.0,0.0,0.0,0.0,0.0,0.0,0.0,0.0,1.0,0.0,0.0,0.0,0.0,0.0,0.0,0.0,0.0,0,0.0,0.0,0.0,PL,-1,#NULO#,#NULO#,210001713434,PARTIDO ISOLADO,PL,PARTIDO ISOLADO,PARTIDO:PL,241.0,241.0,3.0,0,15760.0,1876.0,17636.0,1.0,172868.0,0.10202003841081056,0.0013941273110118703,0.013665230210932184,1.0202003841081055,7.918863237274595,4.220020330446371,15.0,LUIS ENRIQUE BRAGA DOS SANTOS,0.0,0.0,0.0,0.0,0.028216333807467287,0.28216333807467286,1.0
2024,87912,PELOTAS,210002167831,LUCIO FORTES GAERTNER,LUCIO CHAVEIRO,REDE,MASCULINO,BRANCA,ENSINO MÉDIO INCOMPLETO,CHAVEIRO,SUPLENTE,0,Esquerda,Centro,0.0,0.0,0.0,5206.1,0.0,0.0,0.0,0.0,5206.1,5206.1,1.0,1.0,5206.1,2.633686943457312,0.0,0.0,0.0,5206.1,0.0,0.0,0.0,0.0,1794.1,0.0,0.0,0.0,1284.0,3.0,1794.1,1.0,1794.1,0.0,1794.1,0.0,0.0,1284.0,0.0,0.0,0,1.482383655293681,1.482383655293681,0.0,REDE,102,PSOL/REDE,PSOL / REDE,210001733475,FEDERAÇÃO,Federação PSOL REDE(PSOL/REDE),FEDERAÇÃO,FEDERACAO:102,42.0,42.0,3.0,0,14998.0,400.0,15398.0,2.0,172868.0,0.08907374412846797,0.00024295994631742137,0.0027276269645408495,0.8907374412846797,5.426264754702098,4.035447960582276,19.0,LUCIO FORTES GAERTNER,0.0,0.0,0.0,0.0,0.07983471819065334,0.7983471819065333,1.0
2024,87912,PELOTAS,210002167832,EDERSON DE OLIVEIRA RODRIGUES,EDERSON RODRIGUES O NENÊ,PSOL,MASCULINO,PRETA,ENSINO MÉDIO COMPLETO,POLICIAL MILITAR,SUPLENTE,0,Esquerda,Esquerda,1000.0,0.0,0.0,18885.7,0.0,0.0,0.0,0.0,19885.7,18885.7,0.9497126075521606,1.0,19885.7,4.384443592211619,1000.0,0.0,0.0,18885.7,0.0,0.0,0.0,0.0,15908.5,0.0,0.0,0.0,200.0,57.0,15908.5,1.0,15908.5,0.0,15908.5,0.0,0.0,200.0,0.0,0.0,0,4.079676774827594,4.079676774827594,0.0,PSOL,102,PSOL/REDE,PSOL / REDE,210001733475,FEDERAÇÃO,Federação PSOL REDE(PSOL/REDE),FEDERAÇÃO,FEDERACAO:102,347.0,347.0,3.0,0,14998.0,400.0,15398.0,2.0,172868.0,0.08907374412846797,0.002007311937432029,0.022535394207039875,0.8907374412846797,8.442943495848729,4.035447960582276,6.0,EDERSON DE OLIVEIRA RODRIGUES,0.0,0.0,0.0,0.0,0.07983471819065334,0.7983471819065333,1.0
2024,87912,PELOTAS,210002167826,RAI CARDOSO DUARTE,RAI DUARTE,PSOL,MASCULINO,BRANCA,SUPERIOR INCOMPLETO,AGENTE DE SAÚDE E SANITARISTA,SUPLENTE,0,Esquerda,Esquerda,0.0,0.0,0.0,10002.18,0.0,0.0,0.0,0.0,10002.18,10002.18,1.0,1.0,10002.18,3.4597175062356564,0.0,0.0,0.0,10002.18,0.0,0.0,0.0,0.0,9670.24,1166.24,1166.24,0.0,670.0,33.0,8504.0,1.0,9670.24,1166.24,8504.0,1166.24,0.0,670.0,0.120600936481411,1.20600936481411,1,3.415520721182391,3.2485348361386785,1.1151930894968318,PSOL,102,PSOL/REDE,PSOL / REDE,210001733475,FEDERAÇÃO,Federação PSOL REDE(PSOL/REDE),FEDERAÇÃO,FEDERACAO:102,85.0,85.0,3.0,0,14998.0,400.0,15398.0,2.0,172868.0,0.08907374412846797,0.000491704653261448,0.0055201974282374335,0.8907374412846797,6.426264754702098,4.035447960582276,15.0,RAI CARDOSO DUARTE,0.0,0.0,0.0,0.0,0.07983471819065334,0.7983471819065333,1.0
2024,87912,PELOTAS,210002167830,JURANDIR BUCHWEITZ E SILVA,JURANDIR SILVA,PSOL,MASCULINO,BRANCA,SUPERIOR COMPLETO,AGRÔNOMO,ELEITO POR MÉDIA,1,Esquerda,Esquerda,1856.0,650.0,0.0,73000.0,0.0,0.0,0.0,0.0,75506.0,73000.0,0.966810584589304,1.0,75506.0,6.257500990807755,1856.0,650.0,0.0,73000.0,0.0,0.0,0.0,0.0,75388.7,4350.0,4350.0,0.0,2630.0,69.0,71038.7,1.0,75388.7,4350.0,71038.7,4350.0,0.0,2630.0,0.0577009551829385,0.5770095518293855,1,6.255287334461287,6.17070024169963,2.4195388915137843,PSOL,102,PSOL/REDE,PSOL / REDE,210001733475,FEDERAÇÃO,Federação PSOL REDE(PSOL/REDE),FEDERAÇÃO,FEDERACAO:102,2812.0,2812.0,3.0,0,14998.0,400.0,15398.0,2.0,172868.0,0.08907374412846797,0.016266746882014023,0.18262111962592545,0.8907374412846797,11.4578938373147,4.035447960582276,2.0,JURANDIR BUCHWEITZ E SILVA,1.0,1.0,3645.0,11.832098846039134,0.07983471819065334,0.7983471819065333,1.0
2024,87912,PELOTAS,210002216022,JOÃO ANTONIO PEREIRA SOARES,J A COMUNICADOR,PDT,MASCULINO,PRETA,ENSINO FUNDAMENTAL COMPLETO,OUTROS,NÃO ELEITO,0,Esquerda,Centro,3500.0,136.4,0.0,3500.0,0.0,0.0,0.0,0.0,7136.4,3500.0,0.4904433607981616,1.0,7136.4,3.024390606411616,3500.0,136.4,0.0,3500.0,0.0,0.0,0.0,0.0,3636.4,0.0,0.0,0.0,480.0,10.0,3636.4,1.0,3636.4,0.0,3636.4,0.0,0.0,480.0,0.0,0.0,0,2.2130050385450475,2.2130050385450475,0.0,PDT,-1,#NULO#,#NULO#,210001740905,PARTIDO ISOLADO,PDT,PARTIDO ISOLADO,PARTIDO:PDT,84.0,84.0,3.0,0,5144.0,399.0,5543.0,1.0,172868.0,0.03206492815327302,0.00048591989263484274,0.015154248601840158,0.32064928153273015,6.409390936137702,2.70995227069982,12.0,JOAO ANTONIO PEREIRA SOARES,0.0,0.0,0.0,0.0,0.07069530349936604,0.7069530349936604,1.0
2024,87912,PELOTAS,210002216033,BIANCA D CARLA MACEDO DA COSTA,BIANCA D CARLA DA SAUDE,PDT,FEMININO,BRANCA,SUPERIOR COMPLETO,TÉCNICO DE ENFERMAGEM E ASSEMELHADOS (EXCETO ENFERMEIRO),NÃO ELEITO,0,Esquerda,Centro,8751.44,7000.0,0.0,17500.0,0.0,0.0,0.0,0.0,33251.44,17500.0,0.5262929966341306,1.0,33251.44,5.098092738060892,8751.44,7000.0,0.0,17500.0,0.0,0.0,0.0,0.0,26152.0,2300.0,2300.0,0.0,3900.0,37.0,23852.0,1.0,26152.0,2300.0,23852.0,2300.0,0.0,3900.0,0.0879473845212603,0.8794738452126033,1,4.762986564880577,4.635290054279581,1.722466024471091,PDT,-1,#NULO#,#NULO#,210001740905,PARTIDO ISOLADO,PDT,PARTIDO ISOLADO,PARTIDO:PDT,985.0,985.0,3.0,0,5144.0,399.0,5543.0,1.0,172868.0,0.03206492815327302,0.005697989217206192,0.17770160562872092,0.32064928153273015,9.945443836377912,2.70995227069982,2.0,BIANCA D CARLA MACEDO DA COSTA,1.0,0.0,1272.0,10.314016703901357,0.07069530349936604,0.7069530349936604,1.0
2024,87912,PELOTAS,210002216020,JOABE LUIS BOHNS DA SILVA,JOABE BOHNS,PDT,MASCULINO,BRANCA,LÊ E ESCREVE,APOSENTADO (EXCETO SERVIDOR PÚBLICO),NÃO ELEITO,0,Esquerda,Centro,0.0,0.0,0.0,3500.0,0.0,0.0,0.0,0.0,3500.0,3500.0,1.0,1.0,3500.0,2.169925001442312,0.0,0.0,0.0,3500.0,0.0,0.0,0.0,0.0,3500.0,0.0,0.0,0.0,0.0,2.0,3500.0,1.0,3500.0,0.0,3500.0,0.0,0.0,0.0,0.0,0.0,0,2.169925001442312,2.169925001442312,0.0,PDT,-1,#NULO#,#NULO#,210001740905,PARTIDO ISOLADO,PDT,PARTIDO ISOLADO,PARTIDO:PDT,104.0,104.0,3.0,0,5144.0,399.0,5543.0,1.0,172868.0,0.03206492815327302,0.0006016151051669482,0.01876240303084972,0.32064928153273015,6.714245517666122,2.70995227069982,10.0,JOABE LUIS BOHNS DA SILVA,1.0,0.0,235.0,7.882643049361842,0.07069530349936604,0.7069530349936604,1.0
2024,87912,PELOTAS,210002216027,ROCELE VITÓRIA D AVILA,VITÓRIA,PDT,FEMININO,BRANCA,ENSINO MÉDIO COMPLETO,AGENTE ADMINISTRATIVO,NÃO ELEITO,0,Esquerda,Centro,0.0,0.0,0.0,5500.0,0.0,0.0,0.0,0.0,5500.0,5500.0,1.0,1.0,5500.0,2.700439718141092,0.0,0.0,0.0,5500.0,0.0,0.0,0.0,0.0,5500.0,0.0,0.0,0.0,0.0,5.0,5500.0,1.0,5500.0,0.0,5500.0,0.0,0.0,0.0,0.0,0.0,0,2.700439718141092,2.700439718141092,0.0,PDT,-1,#NULO#,#NULO#,210001740905,PARTIDO ISOLADO,PDT,PARTIDO ISOLADO,PARTIDO:PDT,81.0,81.0,3.0,0,5144.0,399.0,5543.0,1.0,172868.0,0.03206492815327302,0.00046856561075502695,0.014613025437488724,0.32064928153273015,6.357552004618084,2.70995227069982,13.0,ROCELE VITORIA D AVILA,0.0,0.0,0.0,0.0,0.07069530349936604,0.7069530349936604,1.0
2024,87912,PELOTAS,210002216028,OSNI VITÓRIA PINTO,ENGENHEIRO OSNI,PDT,MASCULINO,PARDA,SUPERIOR COMPLETO,ENGENHEIRO,NÃO ELEITO,0,Esquerda,Centro,0.0,0.0,0.0,3500.0,0.0,0.0,0.0,0.0,3500.0,3500.0,1.0,1.0,3500.0,2.169925001442312,0.0,0.0,0.0,3500.0,0.0,0.0,0.0,0.0,3500.0,2050.0,350.0,1700.0,1450.0,4.0,1450.0,1.0,3500.0,2050.0,1450.0,350.0,1700.0,1450.0,0.5857142857142857,5.857142857142857,1,2.169925001442312,1.292781749227846,1.6088092426755238,PDT,-1,#NULO#,#NULO#,210001740905,PARTIDO ISOLADO,PDT,PARTIDO ISOLADO,PARTIDO:PDT,47.0,47.0,3.0,0,5144.0,399.0,5543.0,1.0,172868.0,0.03206492815327302,0.0002718837494504477,0.00847916290817247,0.32064928153273015,5.584962500721156,2.70995227069982,18.0,OSNI VITORIA PINTO,0.0,0.0,0.0,0.0,0.07069530349936604,0.7069530349936604,1.0
2024,87912,PELOTAS,210002216019,CARLOS ROBERTO FERNANDES CHAGAS,CARLOS CHAGAS,PDT,MASCULINO,BRANCA,LÊ E ESCREVE,APOSENTADO (EXCETO SERVIDOR PÚBLICO),NÃO ELEITO,0,Esquerda,Centro,2200.0,0.0,0.0,3500.0,0.0,0.0,0.0,0.0,5700.0,3500.0,0.6140350877192983,1.0,5700.0,2.7441610955704103,2200.0,0.0,0.0,3500.0,0.0,0.0,0.0,0.0,3500.0,0.0,0.0,0.0,0.0,7.0,3500.0,1.0,3500.0,0.0,3500.0,0.0,0.0,0.0,0.0,0.0,0,2.169925001442312,2.169925001442312,0.0,PDT,-1,#NULO#,#NULO#,210001740905,PARTIDO ISOLADO,PDT,PARTIDO ISOLADO,PARTIDO:PDT,70.0,70.0,3.0,0,5144.0,399.0,5543.0,1.0,172868.0,0.03206492815327302,0.000404933243862369,0.012628540501533466,0.32064928153273015,6.149747119504682,2.70995227069982,16.0,CARLOS ROBERTO FERNANDES CHAGAS,0.0,0.0,0.0,0.0,0.07069530349936604,0.7069530349936604,1.0
2024,87912,PELOTAS,210002315890,EVA MAIRA COSTA RICARDO,MAIRA COSTA,REPUBLICANOS,FEMININO,PRETA,ENSINO FUNDAMENTAL COMPLETO,PRODUTOR DE ESPETÁCULOS PÚBLICOS,NÃO ELEITO,0,Direita,Direita,788.1,0.0,0.0,0.0,0.0,0.0,0.0,0.0,788.1,0.0,0.0,1.0,788.1,0.8384274219070569,788.1,0.0,0.0,0.0,0.0,0.0,0.0,0.0,788.1,0.0,0.0,0.0,0.0,3.0,788.1,1.0,788.1,0.0,788.1,0.0,0.0,0.0,0.0,0.0,0,0.8384274219070569,0.8384274219070569,0.0,REPUBLICANOS,-1,#NULO#,#NULO#,210001754595,PARTIDO ISOLADO,REPUBLICANOS,PARTIDO ISOLADO,PARTIDO:REPUBLICANOS,78.0,78.0,3.0,0,5510.0,83.0,5593.0,1.0,172868.0,0.03235416618460328,0.00045121132887521116,0.013946003933488289,0.3235416618460328,6.303780748177103,2.7209350813597593,13.0,EVA MAIRA COSTA RICARDO,0.0,0.0,0.0,0.0,0.02872479420226426,0.2872479420226426,1.0
2024,87912,PELOTAS,210002315877,GIZELLY VIANA LEAL,GIZELLY LEAL,REPUBLICANOS,FEMININO,INDÍGENA,ENSINO MÉDIO COMPLETO,CABELEIREIRO E BARBEIRO,NÃO ELEITO,0,Direita,Direita,0.0,0.0,0.0,0.0,0.0,0.0,0.0,0.0,0.0,0.0,,1.0,0.0,0.0,0.0,0.0,0.0,0.0,0.0,0.0,0.0,0.0,0.0,0.0,0.0,0.0,0.0,0.0,0.0,1.0,0.0,0.0,0.0,0.0,0.0,0.0,0.0,0.0,0,0.0,0.0,0.0,REPUBLICANOS,-1,#NULO#,#NULO#,210001754595,PARTIDO ISOLADO,REPUBLICANOS,PARTIDO ISOLADO,PARTIDO:REPUBLICANOS,3.0,3.0,3.0,0,5510.0,83.0,5593.0,1.0,172868.0,0.03235416618460328,1.7354281879815815e-05,0.0005363847666726265,0.3235416618460328,2.0,2.7209350813597593,21.0,GIZELLY VIANA LEAL,0.0,0.0,0.0,0.0,0.02872479420226426,0.2872479420226426,1.0
2024,87912,PELOTAS,210002315891,DEISE ELERT DRAVANZ,DEISE DRAVANZ,REPUBLICANOS,FEMININO,BRANCA,SUPERIOR COMPLETO,ENGENHEIRO,NÃO ELEITO,0,Direita,Direita,531.5,0.0,0.0,0.0,0.0,0.0,0.0,0.0,531.5,0.0,0.0,1.0,531.5,0.6149453669368705,531.5,0.0,0.0,0.0,0.0,0.0,0.0,0.0,531.5,0.0,0.0,0.0,0.0,2.0,531.5,1.0,531.5,0.0,531.5,0.0,0.0,0.0,0.0,0.0,0,0.6149453669368705,0.6149453669368705,0.0,REPUBLICANOS,-1,#NULO#,#NULO#,210001754595,PARTIDO ISOLADO,REPUBLICANOS,PARTIDO ISOLADO,PARTIDO:REPUBLICANOS,200.0,200.0,3.0,0,5510.0,83.0,5593.0,1.0,172868.0,0.03235416618460328,0.0011569521253210543,0.03575898444484177,0.3235416618460328,7.651051691178929,2.7209350813597593,7.0,DEISE ELERT DRAVANZ,0.0,0.0,0.0,0.0,0.02872479420226426,0.2872479420226426,1.0
2024,87912,PELOTAS,210002384460,MARIA IRANI ALVES GARCIA,IRANI,PP,FEMININO,BRANCA,ENSINO MÉDIO COMPLETO,DONA DE CASA,SUPLENTE,0,Direita,Direita,0.0,0.0,0.0,900.0,0.0,0.0,0.0,0.0,900.0,900.0,1.0,1.0,900.0,0.925999418556223,0.0,0.0,0.0,900.0,0.0,0.0,0.0,0.0,0.0,0.0,0.0,0.0,0.0,0.0,0.0,1.0,0.0,0.0,0.0,0.0,0.0,0.0,0.0,0.0,0,0.0,0.0,0.0,PP,-1,#NULO#,#NULO#,210001731526,PARTIDO ISOLADO,PP,PARTIDO ISOLADO,PARTIDO:PP,20.0,20.0,3.0,0,20812.0,245.0,21057.0,1.0,172868.0,0.12180970451442719,0.00011569521253210542,0.0009498029158949518,1.2180970451442719,4.392317422778761,4.463164676413056,22.0,MARIA IRANI ALVES GARCIA,0.0,0.0,0.0,0.0,0.1055538034768393,1.055538034768393,1.0
2024,87912,PELOTAS,210002153328,REINALDO ELIAS LOURENÇO MAGALHÃES,REINALDO BELEZINHA,PP,MASCULINO,PRETA,ENSINO FUNDAMENTAL INCOMPLETO,VEREADOR,SUPLENTE,0,Direita,Direita,500.0,0.0,0.0,30000.0,0.0,0.0,0.0,0.0,30500.0,30000.0,0.9836065573770492,1.0,30500.0,4.977279923499917,500.0,0.0,0.0,30000.0,0.0,0.0,0.0,0.0,30000.0,0.0,0.0,0.0,0.0,4.0,30000.0,1.0,30000.0,0.0,30000.0,0.0,0.0,0.0,0.0,0.0,0,4.954196310386875,4.954196310386875,0.0,PP,-1,#NULO#,#NULO#,210001731526,PARTIDO ISOLADO,PP,PARTIDO ISOLADO,PARTIDO:PP,1194.0,1194.0,3.0,0,20812.0,245.0,21057.0,1.0,172868.0,0.12180970451442719,0.006907004188166694,0.056703234078928626,1.2180970451442719,10.222794902868111,4.463164676413056,6.0,REINALDO ELIAS LOURENCO MAGALHAES,1.0,1.0,1392.0,10.443979542601253,0.1055538034768393,1.055538034768393,1.0
2024,87912,PELOTAS,210001918904,ANTÔNIO PINHEIRO,ANTÔNIO DA SEGURANÇA,UNIÃO,MASCULINO,BRANCA,ENSINO MÉDIO COMPLETO,EMPRESÁRIO,SUPLENTE,0,Direita,Direita,720.0,0.0,0.0,0.0,0.0,0.0,0.0,0.0,720.0,0.0,0.0,1.0,720.0,0.7824085649273732,720.0,0.0,0.0,0.0,0.0,0.0,0.0,0.0,720.0,0.0,0.0,0.0,0.0,1.0,720.0,1.0,720.0,0.0,720.0,0.0,0.0,0.0,0.0,0.0,0,0.7824085649273732,0.7824085649273732,0.0,UNIÃO,-1,#NULO#,#NULO#,210001696793,PARTIDO ISOLADO,UNIÃO,PARTIDO ISOLADO,PARTIDO:UNIÃO,82.0,82.0,3.0,0,19121.0,229.0,19350.0,1.0,172868.0,0.111935118124812,0.0004743503713816322,0.0042377260981912145,1.1193511812481198,6.3750394313469245,4.346956889378885,19.0,ANTONIO PINHEIRO,0.0,0.0,0.0,0.0,0.0490503375790849,0.49050337579084896,1.0
2024,87912,PELOTAS,210001918907,AIRTON PINTO MOLINA,AIRTON MOLINA,UNIÃO,MASCULINO,BRANCA,ENSINO FUNDAMENTAL COMPLETO,APOSENTADO (EXCETO SERVIDOR PÚBLICO),SUPLENTE,0,Direita,Direita,250.0,918.0,0.0,0.0,0.0,0.0,0.0,0.0,1168.0,0.0,0.0,1.0,1168.0,1.1163647566917847,250.0,918.0,0.0,0.0,0.0,0.0,0.0,0.0,918.0,0.0,0.0,0.0,0.0,2.0,918.0,1.0,918.0,0.0,918.0,0.0,0.0,0.0,0.0,0.0,0,0.939602720356044,0.939602720356044,0.0,UNIÃO,-1,#NULO#,#NULO#,210001696793,PARTIDO ISOLADO,UNIÃO,PARTIDO ISOLADO,PARTIDO:UNIÃO,573.0,573.0,3.0,0,19121.0,229.0,19350.0,1.0,172868.0,0.111935118124812,0.0033146678390448205,0.029612403100775193,1.1193511812481198,9.164906926675688,4.346956889378885,12.0,AIRTON PINTO MOLINA,1.0,0.0,629.0,9.29920801838728,0.0490503375790849,0.49050337579084896,1.0
2024,87912,PELOTAS,210001918898,SÉRGIO LUIZ TAVARES ACOSTA,PROF SÉRGIO ACOSTA,UNIÃO,MASCULINO,PARDA,SUPERIOR COMPLETO,SERVIDOR PÚBLICO MUNICIPAL,SUPLENTE,0,Direita,Direita,1000.0,1750.0,0.0,0.0,0.0,0.0,0.0,0.0,2750.0,0.0,0.0,1.0,2750.0,1.9068905956085185,1000.0,1750.0,0.0,0.0,0.0,0.0,0.0,0.0,2748.55,717.0,717.0,0.0,0.0,12.0,2031.55,1.0,2748.55,717.0,2031.55,717.0,0.0,0.0,0.2608648196321697,2.6086481963216968,1,1.906332645648763,1.600055617311697,0.7798900393400472,UNIÃO,-1,#NULO#,#NULO#,210001696793,PARTIDO ISOLADO,UNIÃO,PARTIDO ISOLADO,PARTIDO:UNIÃO,314.0,314.0,3.0,0,19121.0,229.0,19350.0,1.0,172868.0,0.111935118124812,0.001816414836754055,0.016227390180878553,1.1193511812481198,8.29920801838728,4.346956889378885,13.0,SERGIO LUIZ TAVARES ACOSTA,1.0,0.0,654.0,9.355351096424812,0.0490503375790849,0.49050337579084896,1.0
2024,87912,PELOTAS,210001918895,ALINE LOURENÇO DE ORNEL,ALINE ORNEL,UNIÃO,FEMININO,BRANCA,SUPERIOR COMPLETO,ADVOGADO,SUPLENTE,0,Direita,Direita,18428.01,5000.0,0.0,0.0,0.0,0.0,0.0,0.0,23428.01,0.0,0.0,1.0,23428.01,4.610464435771776,18428.01,5000.0,0.0,0.0,0.0,0.0,0.0,0.0,14778.009999999998,0.0,0.0,0.0,1200.0,40.0,14778.009999999998,1.0,14778.009999999998,0.0,14778.009999999998,0.0,0.0,1200.0,0.0,0.0,0,3.979843351938751,3.979843351938751,0.0,UNIÃO,-1,#NULO#,#NULO#,210001696793,PARTIDO ISOLADO,UNIÃO,PARTIDO ISOLADO,PARTIDO:UNIÃO,1368.0,1368.0,3.0,0,19121.0,229.0,19350.0,1.0,172868.0,0.111935118124812,0.00791355253719601,0.07069767441860465,1.1193511812481198,10.4189067312579,4.346956889378885,6.0,ALINE LOURENCO DE ORNEL,0.0,0.0,0.0,0.0,0.0490503375790849,0.49050337579084896,1.0
2024,87912,PELOTAS,210001918894,MARCELO VILLELA DA FONSECA,MARCELO FONSECA,UNIÃO,MASCULINO,BRANCA,ENSINO MÉDIO COMPLETO,EMPRESÁRIO,SUPLENTE,0,Direita,Direita,1500.0,7621.61,0.0,0.0,0.0,0.0,0.0,0.0,9121.61,0.0,0.0,1.0,9121.61,3.339366886329872,1500.0,7621.61,0.0,0.0,0.0,0.0,0.0,0.0,7621.61,0.0,0.0,0.0,500.0,9.0,7621.61,1.0,7621.61,0.0,7621.61,0.0,0.0,500.0,0.0,0.0,0,3.1079573034359647,3.1079573034359647,0.0,UNIÃO,-1,#NULO#,#NULO#,210001696793,PARTIDO ISOLADO,UNIÃO,PARTIDO ISOLADO,PARTIDO:UNIÃO,1801.0,1801.0,3.0,0,19121.0,229.0,19350.0,1.0,172868.0,0.111935118124812,0.010418353888516094,0.0930749354005168,1.1193511812481198,10.815383295813538,4.346956889378885,4.0,MARCELO VILLELA DA FONSECA,0.0,0.0,0.0,0.0,0.0490503375790849,0.49050337579084896,1.0
2024,87912,PELOTAS,210002018218,TIAGO SOARES MALHEIRO,TIAGO MALHEIRO,PSD,MASCULINO,BRANCA,SUPERIOR INCOMPLETO,EMPRESÁRIO,SUPLENTE,0,Direita,Direita,0.0,0.0,0.0,0.0,2552.05,0.0,0.0,0.0,2552.05,0.0,0.0,1.0,2552.05,1.8286518897523047,0.0,0.0,0.0,0.0,2552.05,0.0,0.0,0.0,0.0,0.0,0.0,0.0,0.0,0.0,0.0,1.0,0.0,0.0,0.0,0.0,0.0,0.0,0.0,0.0,0,0.0,0.0,0.0,PSD,-1,#NULO#,#NULO#,210001708696,PARTIDO ISOLADO,PSD,PARTIDO ISOLADO,PARTIDO:PSD,392.0,392.0,3.0,0,22093.0,251.0,22344.0,1.0,172868.0,0.12925469144086818,0.0022676261656292664,0.017543859649122806,1.2925469144086816,8.618385502258606,4.544979883255804,15.0,TIAGO SOARES MALHEIRO,1.0,0.0,319.0,8.321928094887362,0.0818235063171377,0.818235063171377,1.0
2024,87912,PELOTAS,210002018219,FÁGNER SILVEIRA FEIJÓ,FAGNER FEIJÓ,PSD,MASCULINO,PRETA,SUPERIOR INCOMPLETO,EMPRESÁRIO,SUPLENTE,0,Direita,Direita,13990.0,0.0,0.0,50000.0,4549.1,0.0,0.0,0.0,68539.1,50000.0,0.7295106005185361,1.0,68539.1,6.119752490196517,13990.0,0.0,0.0,50000.0,4549.1,0.0,0.0,0.0,63990.0,1250.0,1250.0,0.0,27000.0,9.0,62740.0,1.0,63990.0,1250.0,62740.0,1250.0,0.0,27000.0,0.0195343022347241,0.1953430223472417,1,6.022145842870176,5.9941271140031285,1.1699250014423124,PSD,-1,#NULO#,#NULO#,210001708696,PARTIDO ISOLADO,PSD,PARTIDO ISOLADO,PARTIDO:PSD,1536.0,1536.0,3.0,0,22093.0,251.0,22344.0,1.0,172868.0,0.12925469144086818,0.008885392322465697,0.06874328678839957,1.2925469144086816,10.585901449690772,4.544979883255804,5.0,FAGNER SILVEIRA FEIJO,1.0,0.0,910.0,9.831307243802051,0.0818235063171377,0.818235063171377,1.0
2024,87912,PELOTAS,210002018220,BENITIELE CARDOZO GARCIA,BENITIELE,PSD,FEMININO,BRANCA,ENSINO MÉDIO COMPLETO,CANTOR E COMPOSITOR,SUPLENTE,0,Direita,Direita,600.0,0.0,0.0,5000.0,1897.8,0.0,0.0,0.0,7497.8,5000.0,0.6668622796020166,1.0,7497.8,3.0870893894968563,600.0,0.0,0.0,5000.0,1897.8,0.0,0.0,0.0,4872.6,330.0,330.0,0.0,400.0,11.0,4542.6,1.0,4872.6,330.0,4542.6,330.0,0.0,400.0,0.0677256495505479,0.6772564955054795,1,2.553999374993667,2.470562894538252,0.4114262457264649,PSD,-1,#NULO#,#NULO#,210001708696,PARTIDO ISOLADO,PSD,PARTIDO ISOLADO,PARTIDO:PSD,131.0,131.0,3.0,0,22093.0,251.0,22344.0,1.0,172868.0,0.12925469144086818,0.0007578036420852905,0.005862871464375224,1.2925469144086816,7.044394119358453,4.544979883255804,20.0,BENITIELE CARDOZO GARCIA,0.0,0.0,0.0,0.0,0.0818235063171377,0.818235063171377,1.0
2024,87912,PELOTAS,210002069743,JEDERSON LUIS FERREIRA BORGES,JEDERSON BORGES,PC do B,MASCULINO,PRETA,SUPERIOR COMPLETO,OUTROS,SUPLENTE,0,Esquerda,Esquerda,57050.0,0.0,0.0,30618.8,0.0,0.0,0.0,0.0,87668.8,30618.8,0.3492553793367766,1.0,87668.8,6.4703546458220895,57050.0,0.0,0.0,30618.8,0.0,0.0,0.0,0.0,30000.0,500.0,500.0,0.0,500.0,52.0,29500.0,1.0,30000.0,500.0,29500.0,500.0,0.0,500.0,0.0166666666666666,0.1666666666666666,1,4.954196310386875,4.930737337562887,0.5849625007211562,PC do B,101,PT/PC do B/PV,PC do B / PT / PV,210001715088,FEDERAÇÃO,Federação BRASIL DA ESPERANÇA - FE BRASIL(PT/PC do B/PV),FEDERAÇÃO,FEDERACAO:101,133.0,133.0,3.0,0,17879.0,2746.0,20625.0,3.0,172868.0,0.11931068792373371,0.0007693731633385011,0.006448484848484848,1.1931068792373372,7.066089190457772,4.434628227636725,20.0,JEDERSON LUIS FERREIRA BORGES,1.0,0.0,171.0,7.426264754702098,0.07973173887018813,0.7973173887018812,1.0
2024,87912,PELOTAS,210002232400,CAMILA SOARES LOY DA SILVA,CAMILA LOY,MDB,FEMININO,BRANCA,SUPERIOR COMPLETO,OUTROS,NÃO ELEITO,0,Centro,Centro,9050.0,8256.95,0.0,2500.0,0.0,0.0,0.0,0.0,19806.95,2500.0,0.1262183223565465,1.0,19806.95,4.378993597088747,9050.0,8256.95,0.0,2500.0,0.0,0.0,0.0,0.0,19806.95,1729.88,1729.88,0.0,0.0,21.0,18077.07,1.0,19806.95,1729.88,18077.07,1729.88,0.0,0.0,0.0873370205912571,0.8733702059125711,1,4.378993597088747,4.2537677032817385,1.4488375345847146,MDB,-1,#NULO#,#NULO#,210001743124,PARTIDO ISOLADO,MDB,PARTIDO ISOLADO,PARTIDO:MDB,811.0,811.0,3.0,0,6218.0,320.0,6538.0,1.0,172868.0,0.03782076497674526,0.004691440868176875,0.12404405016824717,0.3782076497674526,9.665335917185176,2.9141817950022695,2.0,CAMILA SOARES LOY DA SILVA,0.0,0.0,0.0,0.0,0.025313604211854208,0.25313604211854207,1.0
2024,87912,PELOTAS,210002232403,BRUNO GARCIA BARCELOS,BRUNO BARCELOS,MDB,MASCULINO,BRANCA,SUPERIOR COMPLETO,ENFERMEIRO,NÃO ELEITO,0,Centro,Centro,0.0,1870.0,0.0,1500.0,0.0,0.0,0.0,0.0,3370.0,1500.0,0.4451038575667655,1.0,3370.0,2.127633279725874,0.0,1870.0,0.0,1500.0,0.0,0.0,0.0,0.0,3358.44,0.0,0.0,0.0,600.0,9.0,3358.44,1.0,3358.44,0.0,3358.44,0.0,0.0,600.0,0.0,0.0,0,2.1238118489951163,2.1238118489951163,0.0,MDB,-1,#NULO#,#NULO#,210001743124,PARTIDO ISOLADO,MDB,PARTIDO ISOLADO,PARTIDO:MDB,366.0,366.0,3.0,0,6218.0,320.0,6538.0,1.0,172868.0,0.03782076497674526,0.002117222389337529,0.0559804221474457,0.3782076497674526,8.519636252843213,2.9141817950022695,4.0,BRUNO GARCIA BARCELOS,0.0,0.0,0.0,0.0,0.025313604211854208,0.25313604211854207,1.0
2024,87912,PELOTAS,210002232411,PAULO ROGERIO SCHNEID BEDNARSKI,PAULO DA MARCENARIA,MDB,MASCULINO,BRANCA,SUPERIOR COMPLETO,OUTROS,NÃO ELEITO,0,Centro,Centro,0.0,1000.0,0.0,1500.0,0.0,0.0,0.0,0.0,2500.0,1500.0,0.6,1.0,2500.0,1.807354922057604,0.0,1000.0,0.0,1500.0,0.0,0.0,0.0,0.0,2370.0,0.0,0.0,0.0,0.0,9.0,2370.0,1.0,2370.0,0.0,2370.0,0.0,0.0,0.0,0.0,0.0,0,1.752748591407134,1.752748591407134,0.0,MDB,-1,#NULO#,#NULO#,210001743124,PARTIDO ISOLADO,MDB,PARTIDO ISOLADO,PARTIDO:MDB,161.0,161.0,3.0,0,6218.0,320.0,6538.0,1.0,172868.0,0.03782076497674526,0.0009313464608834486,0.02462526766595289,0.3782076497674526,7.339850002884624,2.9141817950022695,13.0,PAULO ROGERIO SCHNEID BEDNARSKI,0.0,0.0,0.0,0.0,0.025313604211854208,0.25313604211854207,1.0
2024,87912,PELOTAS,210001990544,MAICON DUARTE DA SILVA,MAICON ORELHA,PSDB,MASCULINO,PARDA,ENSINO MÉDIO COMPLETO,SERVIDOR PÚBLICO MUNICIPAL,SUPLENTE,0,Centro,Centro,1000.0,150.0,0.0,12403.8,0.0,0.0,0.0,0.0,13553.8,12403.8,0.9151529460372736,1.0,13553.8,3.8633239851608505,1000.0,150.0,0.0,12403.8,0.0,0.0,0.0,0.0,6650.0,4170.0,1698.0,2472.0,0.0,11.0,2480.0,1.0,6650.0,4170.0,2480.0,1698.0,2472.0,0.0,0.6270676691729323,6.270676691729323,1,2.935459747805289,1.7990873060740036,2.37016428054021,PSDB,100,PSDB/CIDADANIA,CIDADANIA / PSDB,210001705346,FEDERAÇÃO,Federação PSDB CIDADANIA(PSDB/CIDADANIA),FEDERAÇÃO,FEDERACAO:100,342.0,342.0,3.0,0,20263.0,1209.0,21472.0,2.0,172868.0,0.12421038017446838,0.0019783881342990027,0.015927719821162444,1.2421038017446837,8.422064766172813,4.490056624464311,16.0,MAICON DUARTE DA SILVA,1.0,0.0,505.0,8.98299357469431,0.19994078689073252,1.9994078689073251,1.0
2024,87912,PELOTAS,210001990529,DAMARIS ANGELICA NOSCHANG,DAMARIS DA VIP,PSDB,FEMININO,BRANCA,SUPERIOR COMPLETO,JORNALISTA E REDATOR,SUPLENTE,0,Centro,Centro,0.0,0.0,0.0,17041.21,0.0,0.0,0.0,0.0,17041.21,17041.21,1.0,1.0,17041.21,4.173224196366387,0.0,0.0,0.0,17041.21,0.0,0.0,0.0,0.0,6500.0,0.0,0.0,0.0,0.0,15.0,6500.0,1.0,6500.0,0.0,6500.0,0.0,0.0,0.0,0.0,0.0,0,2.9068905956085187,2.9068905956085187,0.0,PSDB,100,PSDB/CIDADANIA,CIDADANIA / PSDB,210001705346,FEDERAÇÃO,Federação PSDB CIDADANIA(PSDB/CIDADANIA),FEDERAÇÃO,FEDERACAO:100,191.0,191.0,3.0,0,20263.0,1209.0,21472.0,2.0,172868.0,0.12421038017446838,0.0011048892796816068,0.008895305514157972,1.2421038017446837,7.584962500721156,4.490056624464311,19.0,DAMARIS ANGELICA NOSCHANG,0.0,0.0,0.0,0.0,0.19994078689073252,1.9994078689073251,1.0
2024,87912,PELOTAS,210002057403,MARCOS RAFAEL BERGMANN DA COSTA,RAFAEL BERGMANN,PL,MASCULINO,BRANCA,ENSINO MÉDIO COMPLETO,MOTORISTA DE VEÍCULOS DE TRANSPORTE DE CARGA,SUPLENTE,0,Direita,Direita,2100.0,0.0,0.0,7800.0,0.0,0.0,0.0,0.0,9900.0,7800.0,0.7878787878787878,1.0,9900.0,3.4462562298895643,2100.0,0.0,0.0,7800.0,0.0,0.0,0.0,0.0,7000.0,360.0,360.0,0.0,213.72,22.0,6640.0,1.0,7000.0,360.0,6640.0,360.0,0.0,213.72,0.0514285714285714,0.5142857142857142,1,3.0,2.933572638261024,0.4436066514756145,PL,-1,#NULO#,#NULO#,210001713434,PARTIDO ISOLADO,PL,PARTIDO ISOLADO,PARTIDO:PL,275.0,275.0,3.0,0,15760.0,1876.0,17636.0,1.0,172868.0,0.10202003841081056,0.0015908091723164496,0.015593105012474484,1.0202003841081055,8.108524456778168,4.220020330446371,12.0,MARCOS RAFAEL BERGMANN DA COSTA,1.0,0.0,0.0,0.0,0.028216333807467287,0.28216333807467286,1.0
2024,87912,PELOTAS,210002167834,ANDREA MAGELA SILVEIRA DE SILVEIRA,ANDREA SILVEIRA,PSOL,FEMININO,BRANCA,SUPERIOR COMPLETO,PROFESSOR DE ENSINO MÉDIO,SUPLENTE,0,Esquerda,Esquerda,0.0,0.0,0.0,30175.64,0.0,0.0,0.0,0.0,30175.64,30175.64,1.0,1.0,30175.64,4.96234727211468,0.0,0.0,0.0,30175.64,0.0,0.0,0.0,0.0,19115.68,840.0,840.0,0.0,100.0,27.0,18275.68,1.0,19115.68,840.0,18275.68,840.0,0.0,100.0,0.0439429829333824,0.4394298293338243,1,4.330248603223561,4.268709850764292,0.879705766282288,PSOL,102,PSOL/REDE,PSOL / REDE,210001733475,FEDERAÇÃO,Federação PSOL REDE(PSOL/REDE),FEDERAÇÃO,FEDERACAO:102,49.0,49.0,3.0,0,14998.0,400.0,15398.0,2.0,172868.0,0.08907374412846797,0.0002834532707036583,0.003182231458630991,0.8907374412846797,5.643856189774724,4.035447960582276,16.0,ANDREA MAGELA SILVEIRA DE SILVEIRA,0.0,0.0,0.0,0.0,0.07983471819065334,0.7983471819065333,1.0
2024,87912,PELOTAS,210002216023,ZORAIA MENDES BARTELL,ZORAIA DO TAXI,PDT,FEMININO,BRANCA,ENSINO MÉDIO INCOMPLETO,OUTROS,NÃO ELEITO,0,Esquerda,Centro,0.0,0.0,0.0,5500.0,0.0,0.0,0.0,0.0,5500.0,5500.0,1.0,1.0,5500.0,2.700439718141092,0.0,0.0,0.0,5500.0,0.0,0.0,0.0,0.0,5927.3,0.0,0.0,0.0,0.0,7.0,5927.3,1.0,5927.3,0.0,5927.3,0.0,0.0,0.0,0.0,0.0,0,2.7922931538592173,2.7922931538592173,0.0,PDT,-1,#NULO#,#NULO#,210001740905,PARTIDO ISOLADO,PDT,PARTIDO ISOLADO,PARTIDO:PDT,46.0,46.0,3.0,0,5144.0,399.0,5543.0,1.0,172868.0,0.03206492815327302,0.00026609898882384245,0.008298755186721992,0.32064928153273015,5.554588851677638,2.70995227069982,19.0,ZORAIA MENDES BARTELL,0.0,0.0,0.0,0.0,0.07069530349936604,0.7069530349936604,1.0
2024,87912,PELOTAS,210002216032,ANA LUIZA LUZARDI GUADALUPE,PROFESSORA ANA GUADALUPI,PDT,FEMININO,BRANCA,SUPERIOR COMPLETO,ADMINISTRADOR,NÃO ELEITO,0,Esquerda,Centro,0.0,0.0,0.0,5500.0,0.0,0.0,0.0,0.0,5500.0,5500.0,1.0,1.0,5500.0,2.700439718141092,0.0,0.0,0.0,5500.0,0.0,0.0,0.0,0.0,5500.0,0.0,0.0,0.0,200.0,13.0,5500.0,1.0,5500.0,0.0,5500.0,0.0,0.0,200.0,0.0,0.0,0,2.700439718141092,2.700439718141092,0.0,PDT,-1,#NULO#,#NULO#,210001740905,PARTIDO ISOLADO,PDT,PARTIDO ISOLADO,PARTIDO:PDT,51.0,51.0,3.0,0,5144.0,399.0,5543.0,1.0,172868.0,0.03206492815327302,0.0002950227919568688,0.009200793793974382,0.32064928153273015,5.700439718141092,2.70995227069982,17.0,ANA LUIZA LUZARDI GUADALUPE,0.0,0.0,0.0,0.0,0.07069530349936604,0.7069530349936604,1.0
2024,87912,PELOTAS,210002314834,JOSE CARLOS FERNANDES CORREA,JOSE CARLOS,SOLIDARIEDADE,MASCULINO,BRANCA,ENSINO FUNDAMENTAL INCOMPLETO,OUTROS,NÃO ELEITO,0,Centro,Centro,0.0,0.0,0.0,0.0,0.0,0.0,0.0,0.0,0.0,0.0,,1.0,0.0,0.0,0.0,0.0,0.0,0.0,0.0,0.0,0.0,0.0,0.0,0.0,0.0,0.0,0.0,0.0,0.0,1.0,0.0,0.0,0.0,0.0,0.0,0.0,0.0,0.0,0,0.0,0.0,0.0,SOLIDARIEDADE,-1,#NULO#,#NULO#,210001754456,PARTIDO ISOLADO,SOLIDARIEDADE,PARTIDO ISOLADO,PARTIDO:SOLIDARIEDADE,17.0,17.0,3.0,0,291.0,33.0,324.0,1.0,172868.0,0.0018742624430201078,9.83409306522896e-05,0.05246913580246913,0.018742624430201076,4.169925001442312,0.40490312214513074,3.0,JOSE CARLOS FERNANDES CORREA,0.0,0.0,0.0,0.0,0.0005921310926749522,0.005921310926749522,1.0
2024,87912,PELOTAS,210002315886,GUSTAVO ANTONIO GOTZE SILVA,GUSTAVO GAVILAN,REPUBLICANOS,MASCULINO,BRANCA,SUPERIOR INCOMPLETO,OUTROS,NÃO ELEITO,0,Direita,Direita,1063.0,0.0,0.0,0.0,0.0,0.0,0.0,0.0,1063.0,0.0,0.0,1.0,1063.0,1.0447438212243974,1063.0,0.0,0.0,0.0,0.0,0.0,0.0,0.0,1063.0,0.0,0.0,0.0,0.0,2.0,1063.0,1.0,1063.0,0.0,1063.0,0.0,0.0,0.0,0.0,0.0,0,1.0447438212243974,1.0447438212243974,0.0,REPUBLICANOS,-1,#NULO#,#NULO#,210001754595,PARTIDO ISOLADO,REPUBLICANOS,PARTIDO ISOLADO,PARTIDO:REPUBLICANOS,85.0,85.0,3.0,0,5510.0,83.0,5593.0,1.0,172868.0,0.03235416618460328,0.000491704653261448,0.015197568389057751,0.3235416618460328,6.426264754702098,2.7209350813597593,11.0,GUSTAVO ANTONIO GOTZE SILVA,0.0,0.0,0.0,0.0,0.02872479420226426,0.2872479420226426,1.0
2024,87912,PELOTAS,210002315887,ANDRÉ LUIS PEREIRA LOPES,ANDRÉ LOPES,REPUBLICANOS,MASCULINO,BRANCA,ENSINO MÉDIO COMPLETO,OPERADOR DE APARELHOS DE PRODUÇÃO INDUSTRIAL,NÃO ELEITO,0,Direita,Direita,531.5,0.0,0.0,0.0,0.0,0.0,0.0,0.0,531.5,0.0,0.0,1.0,531.5,0.6149453669368705,531.5,0.0,0.0,0.0,0.0,0.0,0.0,0.0,531.5,0.0,0.0,0.0,0.0,2.0,531.5,1.0,531.5,0.0,531.5,0.0,0.0,0.0,0.0,0.0,0,0.6149453669368705,0.6149453669368705,0.0,REPUBLICANOS,-1,#NULO#,#NULO#,210001754595,PARTIDO ISOLADO,REPUBLICANOS,PARTIDO ISOLADO,PARTIDO:REPUBLICANOS,132.0,132.0,3.0,0,5510.0,83.0,5593.0,1.0,172868.0,0.03235416618460328,0.0007635884027118958,0.023600929733595566,0.3235416618460328,7.05528243550119,2.7209350813597593,9.0,ANDRE LUIS PEREIRA LOPES,0.0,0.0,0.0,0.0,0.02872479420226426,0.2872479420226426,1.0
2024,87912,PELOTAS,210002072119,CARLOS GILBERTO LUZZARDI WIETH,CARLOS WIETH,NOVO,MASCULINO,BRANCA,SUPERIOR INCOMPLETO,TÉCNICO EM INFORMÁTICA,NÃO ELEITO,0,Direita,Direita,1670.0,2.0,0.0,2513.47,820.0,0.0,0.0,0.0,5005.469999999999,2513.47,0.5021446537487988,1.0,5005.469999999999,2.586277158526264,1670.0,2.0,0.0,2513.47,820.0,0.0,0.0,0.0,3987.0,0.0,0.0,0.0,400.0,19.0,3987.0,1.0,3987.0,0.0,3987.0,0.0,0.0,400.0,0.0,0.0,0,2.3181722030030274,2.3181722030030274,0.0,NOVO,-1,#NULO#,#NULO#,210001715417,PARTIDO ISOLADO,NOVO,PARTIDO ISOLADO,PARTIDO:NOVO,168.0,168.0,3.0,0,3105.0,134.0,3239.0,1.0,172868.0,0.018736839669574474,0.0009718397852696855,0.051867860450756406,0.18736839669574473,7.400879436282184,2.0837239663930083,5.0,CARLOS GILBERTO LUZZARDI WIETH,0.0,0.0,0.0,0.0,0.0,0.0,0.0
2024,87912,PELOTAS,210002072126,MICHELE DE MOURA DA SILVA,MICHELE MOURA,NOVO,FEMININO,BRANCA,SUPERIOR INCOMPLETO,SECRETÁRIO E DATILÓGRAFO,NÃO ELEITO,0,Direita,Direita,0.0,0.0,0.0,2350.0,820.0,0.0,0.0,0.0,3170.0,2350.0,0.7413249211356467,1.0,3170.0,2.060047383669939,0.0,0.0,0.0,2350.0,820.0,0.0,0.0,0.0,3170.0,0.0,0.0,0.0,1050.0,5.0,3170.0,1.0,3170.0,0.0,3170.0,0.0,0.0,1050.0,0.0,0.0,0,2.060047383669939,2.060047383669939,0.0,NOVO,-1,#NULO#,#NULO#,210001715417,PARTIDO ISOLADO,NOVO,PARTIDO ISOLADO,PARTIDO:NOVO,112.0,112.0,3.0,0,3105.0,134.0,3239.0,1.0,172868.0,0.018736839669574474,0.0006478931901797904,0.0345785736338376,0.18736839669574473,6.820178962415188,2.0837239663930083,6.0,MICHELE DE MOURA DA SILVA,0.0,0.0,0.0,0.0,0.0,0.0,0.0
2024,87912,PELOTAS,210001918905,CLAUDIOMIRO SOUZA SOARES,CLAUDIOMIRO O MIRINHO,UNIÃO,MASCULINO,PRETA,ENSINO FUNDAMENTAL INCOMPLETO,MOTORISTA DE VEÍCULOS DE TRANSPORTE COLETIVO DE PASSAGEIROS,SUPLENTE,0,Direita,Direita,0.0,165.0,0.0,0.0,0.0,0.0,0.0,0.0,165.0,0.0,0.0,1.0,165.0,0.2203299548795556,0.0,165.0,0.0,0.0,0.0,0.0,0.0,0.0,165.0,0.0,0.0,0.0,0.0,2.0,165.0,1.0,165.0,0.0,165.0,0.0,0.0,0.0,0.0,0.0,0,0.2203299548795556,0.2203299548795556,0.0,UNIÃO,-1,#NULO#,#NULO#,210001696793,PARTIDO ISOLADO,UNIÃO,PARTIDO ISOLADO,PARTIDO:UNIÃO,248.0,248.0,3.0,0,19121.0,229.0,19350.0,1.0,172868.0,0.111935118124812,0.0014346206353981071,0.012816537467700258,1.1193511812481198,7.960001932068081,4.346956889378885,15.0,CLAUDIOMIRO SOUZA SOARES,0.0,0.0,0.0,0.0,0.0490503375790849,0.49050337579084896,1.0
2024,87912,PELOTAS,210001918908,CLÁUDIA BEAUVALET RODRIGUES,CLÁUDIA BEAUVALET,UNIÃO,FEMININO,PRETA,SUPERIOR COMPLETO,"CORRETOR DE IMÓVEIS, SEGUROS, TÍTULOS E VALORES",SUPLENTE,0,Direita,Direita,0.0,0.0,0.0,6846.0,0.0,0.0,0.0,0.0,6846.0,6846.0,1.0,1.0,6846.0,2.9719573354150084,0.0,0.0,0.0,6846.0,0.0,0.0,0.0,0.0,6846.0,3000.0,0.0,3000.0,0.0,11.0,3846.0,1.0,6846.0,3000.0,3846.0,0.0,3000.0,0.0,0.4382120946538124,4.382120946538124,1,2.9719573354150084,2.276794404789259,2.0,UNIÃO,-1,#NULO#,#NULO#,210001696793,PARTIDO ISOLADO,UNIÃO,PARTIDO ISOLADO,PARTIDO:UNIÃO,67.0,67.0,3.0,0,19121.0,229.0,19350.0,1.0,172868.0,0.111935118124812,0.00038757896198255315,0.003462532299741602,1.1193511812481198,6.087462841250339,4.346956889378885,20.0,CLAUDIA BEAUVALET RODRIGUES,1.0,0.0,68.0,6.108524456778169,0.0490503375790849,0.49050337579084896,1.0
2024,87912,PELOTAS,210001918900,NARA DIAS DOS SANTOS,NARA SANTOS,UNIÃO,FEMININO,PARDA,ENSINO MÉDIO COMPLETO,"CORRETOR DE IMÓVEIS, SEGUROS, TÍTULOS E VALORES",SUPLENTE,0,Direita,Direita,0.0,0.0,0.0,7216.0,0.0,0.0,0.0,0.0,7216.0,7216.0,1.0,1.0,7216.0,3.0384361816561083,0.0,0.0,0.0,7216.0,0.0,0.0,0.0,0.0,7216.0,0.0,0.0,0.0,2650.0,8.0,7216.0,1.0,7216.0,0.0,7216.0,0.0,0.0,2650.0,0.0,0.0,0,3.0384361816561083,3.0384361816561083,0.0,UNIÃO,-1,#NULO#,#NULO#,210001696793,PARTIDO ISOLADO,UNIÃO,PARTIDO ISOLADO,PARTIDO:UNIÃO,125.0,125.0,3.0,0,19121.0,229.0,19350.0,1.0,172868.0,0.111935118124812,0.0007230950783256589,0.006459948320413436,1.1193511812481198,6.977279923499917,4.346956889378885,18.0,NARA DIAS DOS SANTOS,0.0,0.0,0.0,0.0,0.0490503375790849,0.49050337579084896,1.0
2024,87912,PELOTAS,210001918892,JOSÉ APODI DOS SANTOS DOURADO,DOURADO,UNIÃO,MASCULINO,BRANCA,SUPERIOR COMPLETO,APOSENTADO (EXCETO SERVIDOR PÚBLICO),SUPLENTE,0,Direita,Direita,0.0,7952.97,0.0,0.0,0.0,0.0,0.0,0.0,7952.97,0.0,0.0,1.0,7952.97,3.162366352040168,0.0,7952.97,0.0,0.0,0.0,0.0,0.0,0.0,7952.969999999999,3069.97,3069.97,0.0,0.0,21.0,4883.0,1.0,7952.969999999999,3069.97,4883.0,3069.97,0.0,0.0,0.3860155388490086,3.860155388490086,1,3.162366352040168,2.556552036251218,2.0250181603365496,UNIÃO,-1,#NULO#,#NULO#,210001696793,PARTIDO ISOLADO,UNIÃO,PARTIDO ISOLADO,PARTIDO:UNIÃO,616.0,616.0,3.0,0,19121.0,229.0,19350.0,1.0,172868.0,0.111935118124812,0.003563412545988847,0.03183462532299742,1.1193511812481198,9.269126679149418,4.346956889378885,11.0,JOSE APODI DOS SANTOS DOURADO,1.0,0.0,799.0,9.643856189774725,0.0490503375790849,0.49050337579084896,1.0
2024,87912,PELOTAS,210001918902,PAULO ROBERTO DE OLIVEIRA CONCEIÇÃO,PAULINHO DO SERENO,UNIÃO,MASCULINO,PRETA,ENSINO FUNDAMENTAL INCOMPLETO,MÚSICO,SUPLENTE,0,Direita,Direita,11000.0,4860.0,0.0,0.0,0.0,0.0,0.0,0.0,15860.0,0.0,0.0,1.0,15860.0,4.075532631167357,11000.0,4860.0,0.0,0.0,0.0,0.0,0.0,0.0,15837.09,5786.1900000000005,5786.1900000000005,0.0,1000.0,32.0,10050.9,1.0,15837.09,5786.1900000000005,10050.9,5786.1900000000005,0.0,1000.0,0.3653568932171251,3.653568932171252,1,4.073570909933897,3.466091964292541,2.7626018232437666,UNIÃO,-1,#NULO#,#NULO#,210001696793,PARTIDO ISOLADO,UNIÃO,PARTIDO ISOLADO,PARTIDO:UNIÃO,1562.0,1562.0,3.0,0,19121.0,229.0,19350.0,1.0,172868.0,0.111935118124812,0.009035796098757433,0.08072351421188631,1.1193511812481198,10.610102062999664,4.346956889378885,5.0,PAULO ROBERTO DE OLIVEIRA CONCEICAO,0.0,0.0,0.0,0.0,0.0490503375790849,0.49050337579084896,1.0
2024,87912,PELOTAS,210001918906,GENARA RODRIGUES FURTADO,GENARA FURTADO,UNIÃO,FEMININO,PRETA,ENSINO MÉDIO COMPLETO,CABELEIREIRO E BARBEIRO,SUPLENTE,0,Direita,Direita,0.0,0.0,0.0,6846.0,0.0,0.0,0.0,0.0,6846.0,6846.0,1.0,1.0,6846.0,2.9719573354150084,0.0,0.0,0.0,6846.0,0.0,0.0,0.0,0.0,6846.0,0.0,0.0,0.0,0.0,13.0,6846.0,1.0,6846.0,0.0,6846.0,0.0,0.0,0.0,0.0,0.0,0,2.9719573354150084,2.9719573354150084,0.0,UNIÃO,-1,#NULO#,#NULO#,210001696793,PARTIDO ISOLADO,UNIÃO,PARTIDO ISOLADO,PARTIDO:UNIÃO,50.0,50.0,3.0,0,19121.0,229.0,19350.0,1.0,172868.0,0.111935118124812,0.00028923803133026356,0.002583979328165375,1.1193511812481198,5.672425341971495,4.346956889378885,21.0,GENARA RODRIGUES FURTADO,0.0,0.0,0.0,0.0,0.0490503375790849,0.49050337579084896,1.0
2024,87912,PELOTAS,210002018226,LUIZ OTÁVIO COSTA DE SOUZA,TAVICO,PSD,MASCULINO,PARDA,ENSINO MÉDIO INCOMPLETO,SERVIDOR PÚBLICO MUNICIPAL,SUPLENTE,0,Direita,Direita,0.0,0.0,0.0,5000.0,3042.05,0.0,0.0,0.0,8042.05,5000.0,0.6217320210642808,1.0,8042.05,3.176649895377818,0.0,0.0,0.0,5000.0,3042.05,0.0,0.0,0.0,5000.0,0.0,0.0,0.0,0.0,1.0,5000.0,1.0,5000.0,0.0,5000.0,0.0,0.0,0.0,0.0,0.0,0,2.584962500721156,2.584962500721156,0.0,PSD,-1,#NULO#,#NULO#,210001708696,PARTIDO ISOLADO,PSD,PARTIDO ISOLADO,PARTIDO:PSD,305.0,305.0,3.0,0,22093.0,251.0,22344.0,1.0,172868.0,0.12925469144086818,0.0017643519911146076,0.013650196920873613,1.2925469144086816,8.257387842692651,4.544979883255804,16.0,LUIZ OTAVIO COSTA DE SOUZA,0.0,0.0,0.0,0.0,0.0818235063171377,0.818235063171377,1.0
2024,87912,PELOTAS,210002018224,ARACI DE SOUZA JARDIM,ARACI JARDIM,PSD,FEMININO,BRANCA,ENSINO FUNDAMENTAL COMPLETO,DONA DE CASA,SUPLENTE,0,Direita,Direita,0.0,0.0,0.0,0.0,2119.41,0.0,0.0,0.0,2119.41,0.0,0.0,1.0,2119.41,1.6412731859575924,0.0,0.0,0.0,0.0,2119.41,0.0,0.0,0.0,0.0,0.0,0.0,0.0,0.0,0.0,0.0,1.0,0.0,0.0,0.0,0.0,0.0,0.0,0.0,0.0,0,0.0,0.0,0.0,PSD,-1,#NULO#,#NULO#,210001708696,PARTIDO ISOLADO,PSD,PARTIDO ISOLADO,PARTIDO:PSD,41.0,41.0,3.0,0,22093.0,251.0,22344.0,1.0,172868.0,0.12925469144086818,0.0002371751856908161,0.0018349445041174364,1.2925469144086816,5.392317422778761,4.544979883255804,22.0,ARACI DE SOUZA JARDIM,0.0,0.0,0.0,0.0,0.0818235063171377,0.818235063171377,1.0
2024,87912,PELOTAS,210002018229,JULIANA SILVEIRA CAMARGO,JÚ CAMARGO,PSD,FEMININO,BRANCA,ENSINO FUNDAMENTAL COMPLETO,ARTESÃO,SUPLENTE,0,Direita,Direita,0.0,17000.0,0.0,5000.0,2142.8,0.0,0.0,0.0,24142.8,5000.0,0.2071010818960518,1.0,24142.8,4.652073417723601,0.0,17000.0,0.0,5000.0,2142.8,0.0,0.0,0.0,5000.0,630.0,630.0,0.0,0.0,6.0,4370.0,1.0,5000.0,630.0,4370.0,630.0,0.0,0.0,0.126,1.26,1,2.584962500721156,2.424922088210688,0.7048719644563528,PSD,-1,#NULO#,#NULO#,210001708696,PARTIDO ISOLADO,PSD,PARTIDO ISOLADO,PARTIDO:PSD,696.0,696.0,3.0,0,22093.0,251.0,22344.0,1.0,172868.0,0.12925469144086818,0.004026193396117268,0.031149301825993556,1.2925469144086816,9.445014845868423,4.544979883255804,11.0,JULIANA SILVEIRA CAMARGO,0.0,0.0,0.0,0.0,0.0818235063171377,0.818235063171377,1.0
2024,87912,PELOTAS,210002069759,IVAN ADMAR DORNELLES DUARTE,IVAN DUARTE,PT,MASCULINO,BRANCA,SUPERIOR COMPLETO,PSICÓLOGO,ELEITO POR MÉDIA,1,Esquerda,Esquerda,12771.0,6000.0,0.0,16243.76,3955.81,0.0,0.0,0.0,38970.57,16243.76,0.4168212063616211,1.0,38970.57,5.320866241333734,12771.0,6000.0,0.0,16243.76,3955.81,0.0,0.0,0.0,35014.76,8285.65,4785.65,3500.0,0.0,28.0,26729.11,1.0,35014.76,8285.65,26729.11,4785.65,3500.0,0.0,0.2366330655986218,2.3663306559862183,1,5.170516385183692,4.79332940693039,3.2150029030475324,PT,101,PT/PC do B/PV,PC do B / PT / PV,210001715088,FEDERAÇÃO,Federação BRASIL DA ESPERANÇA - FE BRASIL(PT/PC do B/PV),FEDERAÇÃO,FEDERACAO:101,2182.0,2182.0,3.0,0,17879.0,2746.0,20625.0,3.0,172868.0,0.11931068792373371,0.012622347687252702,0.1057939393939394,1.1931068792373372,11.092096414990792,4.434628227636725,3.0,IVAN ADMAR DORNELLES DUARTE,0.0,0.0,0.0,0.0,0.07973173887018813,0.7973173887018812,1.0
2024,87912,PELOTAS,210002069760,CLARICE DE MATTOS FERREIRA,CLARICE FERREIRA,PC do B,FEMININO,PRETA,SUPERIOR COMPLETO,APOSENTADO (EXCETO SERVIDOR PÚBLICO),SUPLENTE,0,Esquerda,Esquerda,0.0,0.0,0.0,5618.8,0.0,0.0,0.0,0.0,5618.8,5618.8,1.0,1.0,5618.8,2.726569677609916,0.0,0.0,0.0,5618.8,0.0,0.0,0.0,0.0,5000.0,0.0,0.0,0.0,0.0,6.0,5000.0,1.0,5000.0,0.0,5000.0,0.0,0.0,0.0,0.0,0.0,0,2.584962500721156,2.584962500721156,0.0,PC do B,101,PT/PC do B/PV,PC do B / PT / PV,210001715088,FEDERAÇÃO,Federação BRASIL DA ESPERANÇA - FE BRASIL(PT/PC do B/PV),FEDERAÇÃO,FEDERACAO:101,121.0,121.0,3.0,0,17879.0,2746.0,20625.0,3.0,172868.0,0.11931068792373371,0.0006999560358192378,0.005866666666666667,1.1931068792373372,6.930737337562887,4.434628227636725,21.0,CLARICE DE MATTOS FERREIRA,1.0,0.0,65.0,6.044394119358453,0.07973173887018813,0.7973173887018812,1.0
2024,87912,PELOTAS,210001919033,ALICEIA DA SILVA CECILIANO,PROFESSORA ALICEIA,PSB,FEMININO,BRANCA,SUPERIOR COMPLETO,PROFESSOR DE ENSINO FUNDAMENTAL,SUPLENTE,0,Esquerda,Centro,0.0,0.0,0.0,28861.26,8000.0,0.0,0.0,0.0,36861.26,28861.26,0.7829699798650399,1.0,36861.26,5.242650518752636,0.0,0.0,0.0,28861.26,8000.0,0.0,0.0,0.0,34332.880000000005,2000.0,2000.0,0.0,5000.0,54.0,32332.880000000005,1.0,34332.880000000005,2000.0,32332.880000000005,2000.0,0.0,5000.0,0.0582531963528838,0.5825319635288387,1,5.1429394436737175,5.058874068267591,1.584962500721156,PSB,-1,#NULO#,#NULO#,210001696808,PARTIDO ISOLADO,PSB,PARTIDO ISOLADO,PARTIDO:PSB,830.0,830.0,3.0,0,13590.0,159.0,13749.0,1.0,172868.0,0.07953467385519587,0.004801351320082375,0.06036802676558295,0.7953467385519587,9.698704666770345,3.8825452362128234,5.0,ALICEIA DA SILVA CECILIANO,1.0,0.0,793.0,9.632995197142957,0.07827715596861705,0.7827715596861704,1.0
2024,87912,PELOTAS,210001919031,CESAR BRIZOLARA,CESINHA,PSB,MASCULINO,PRETA,SUPERIOR COMPLETO,VEREADOR,ELEITO POR QP,1,Esquerda,Centro,31200.0,8975.0,0.0,40000.0,0.0,0.0,0.0,0.0,80175.0,40000.0,0.4989086373557842,1.0,80175.0,6.342963574398726,31200.0,8975.0,0.0,40000.0,0.0,0.0,0.0,0.0,73975.0,16322.31,16322.31,0.0,2753.26,42.0,57652.69,1.0,73975.0,16322.31,57652.69,16322.31,0.0,2753.26,0.2206462994254816,2.206462994254816,1,6.228337711981378,5.874125371268419,4.114559426991552,PSB,-1,#NULO#,#NULO#,210001696808,PARTIDO ISOLADO,PSB,PARTIDO ISOLADO,PARTIDO:PSB,4421.0,4421.0,3.0,0,13590.0,159.0,13749.0,1.0,172868.0,0.07953467385519587,0.025574426730221905,0.3215506582296894,0.7953467385519587,12.110483309816226,3.8825452362128234,1.0,CESAR BRIZOLARA,1.0,1.0,1957.0,10.935165049603695,0.07827715596861705,0.7827715596861704,1.0
2024,87912,PELOTAS,210002232399,MIGUEL FERNANDO DE MATTOS MEDINA JUNIOR,MIGUEL MEDINA,MDB,MASCULINO,BRANCA,SUPERIOR COMPLETO,ENGENHEIRO,NÃO ELEITO,0,Centro,Centro,20800.0,8000.0,0.0,38500.0,0.0,0.0,0.0,0.0,67300.0,38500.0,0.5720653789004457,1.0,67300.0,6.093813673402728,20800.0,8000.0,0.0,38500.0,0.0,0.0,0.0,0.0,66000.0,16860.13,16860.13,0.0,0.0,30.0,49139.87,1.0,66000.0,16860.13,49139.87,16860.13,0.0,0.0,0.2554565151515152,2.554565151515152,1,6.066089190457772,5.6478863505207535,4.158670676447996,MDB,-1,#NULO#,#NULO#,210001743124,PARTIDO ISOLADO,MDB,PARTIDO ISOLADO,PARTIDO:MDB,1661.0,1661.0,3.0,0,6218.0,320.0,6538.0,1.0,172868.0,0.03782076497674526,0.009608487400791356,0.254053227286632,0.3782076497674526,10.698704666770345,2.9141817950022695,1.0,MIGUEL FERNANDO DE MATTOS MEDINA JUNIOR,0.0,0.0,0.0,0.0,0.025313604211854208,0.25313604211854207,1.0
2024,87912,PELOTAS,210001990534,TAUÃ VAZ NEY,TAUÃ NEY,PSDB,MASCULINO,BRANCA,SUPERIOR COMPLETO,SERVIDOR PÚBLICO MUNICIPAL,ELEITO POR QP,1,Centro,Centro,35838.84,4000.0,34886.0,0.0,0.0,0.0,0.0,0.0,74724.84,34886.0,0.4668594807295673,1.0,74724.84,6.242694719622102,35838.84,4000.0,34886.0,0.0,0.0,0.0,0.0,0.0,34588.84,11000.0,11000.0,0.0,0.0,27.0,23588.84,1.0,34588.84,11000.0,23588.84,11000.0,0.0,0.0,0.3180216509139942,3.1802165091399424,1,5.153353004595949,4.619931771028277,3.584962500721156,PSDB,100,PSDB/CIDADANIA,CIDADANIA / PSDB,210001705346,FEDERAÇÃO,Federação PSDB CIDADANIA(PSDB/CIDADANIA),FEDERAÇÃO,FEDERACAO:100,2467.0,2467.0,3.0,0,20263.0,1209.0,21472.0,2.0,172868.0,0.12421038017446838,0.014271004465835204,0.11489381520119225,1.2421038017446837,11.269126679149418,4.490056624464311,2.0,TAUA VAZ NEY,1.0,0.0,1000.0,9.967226258835993,0.19994078689073252,1.9994078689073251,1.0
2024,87912,PELOTAS,210001990550,JOÃO PAULO CORREA MORAES,JOÃO DO NAVEGA,PSDB,MASCULINO,PRETA,ENSINO MÉDIO COMPLETO,ADMINISTRADOR,SUPLENTE,0,Centro,Centro,0.0,0.0,0.0,11827.8,0.0,0.0,0.0,0.0,11827.8,11827.8,1.0,1.0,11827.8,3.6812018606974353,0.0,0.0,0.0,11827.8,0.0,0.0,0.0,0.0,6481.6,1000.0,1000.0,0.0,0.0,23.0,5481.6,1.0,6481.6,1000.0,5481.6,1000.0,0.0,0.0,0.1542828931128116,1.5428289311281165,1,2.903346834982207,2.696349990136987,1.0,PSDB,100,PSDB/CIDADANIA,CIDADANIA / PSDB,210001705346,FEDERAÇÃO,Federação PSDB CIDADANIA(PSDB/CIDADANIA),FEDERAÇÃO,FEDERACAO:100,91.0,91.0,3.0,0,20263.0,1209.0,21472.0,2.0,172868.0,0.12421038017446838,0.0005264132170210797,0.004238077496274218,1.2421038017446837,6.523561956057013,4.490056624464311,20.0,JOAO PAULO CORREA MORAES,0.0,0.0,0.0,0.0,0.19994078689073252,1.9994078689073251,1.0
2024,87912,PELOTAS,210002057415,ANDRÉIA BONOW,PROFESSORA ANDRÉIA BONOW,PL,FEMININO,BRANCA,SUPERIOR COMPLETO,PROFESSOR DE ENSINO FUNDAMENTAL,SUPLENTE,0,Direita,Direita,740.0,250.0,0.0,7800.0,0.0,0.0,0.0,0.0,8790.0,7800.0,0.8873720136518771,1.0,8790.0,3.29130885982897,740.0,250.0,0.0,7800.0,0.0,0.0,0.0,0.0,7990.0,0.0,0.0,0.0,0.0,7.0,7990.0,1.0,7990.0,0.0,7990.0,0.0,0.0,0.0,0.0,0.0,0,3.168321115739723,3.168321115739723,0.0,PL,-1,#NULO#,#NULO#,210001713434,PARTIDO ISOLADO,PL,PARTIDO ISOLADO,PARTIDO:PL,226.0,226.0,3.0,0,15760.0,1876.0,17636.0,1.0,172868.0,0.10202003841081056,0.0013073559016127912,0.012814697210251759,1.0202003841081055,7.826548487290915,4.220020330446371,17.0,ANDREIA BONOW,0.0,0.0,0.0,0.0,0.028216333807467287,0.28216333807467286,1.0
2024,87912,PELOTAS,210002057402,MARCELO DANTAS RITTA,MARCELO BAGÉ,PL,MASCULINO,BRANCA,SUPERIOR COMPLETO,SERVIDOR PÚBLICO FEDERAL,ELEITO POR QP,1,Direita,Direita,14650.0,8000.0,0.0,60800.0,0.0,0.0,0.0,0.0,83450.0,60800.0,0.7285799880167765,1.0,83450.0,6.400025517914023,14650.0,8000.0,0.0,60800.0,0.0,0.0,0.0,0.0,82610.0,19530.0,19530.0,0.0,1000.0,40.0,63080.0,1.0,82610.0,19530.0,63080.0,19530.0,0.0,1000.0,0.2364120566517371,2.3641205665173706,1,6.38560359805024,6.001802242633985,4.359661722333877,PL,-1,#NULO#,#NULO#,210001713434,PARTIDO ISOLADO,PL,PARTIDO ISOLADO,PARTIDO:PL,5540.0,5540.0,3.0,0,15760.0,1876.0,17636.0,1.0,172868.0,0.10202003841081056,0.0320475738713932,0.3141301882513042,1.0202003841081055,12.435930651703595,4.220020330446371,1.0,MARCELO DANTAS RITTA,1.0,0.0,1491.0,10.543031820255237,0.028216333807467287,0.28216333807467286,1.0
2024,87912,PELOTAS,210002167822,FERNANDA PINTO MIRANDA,FERNANDA MIRANDA,PSOL,FEMININO,BRANCA,SUPERIOR COMPLETO,VEREADOR,ELEITO POR QP,1,Esquerda,Esquerda,985.0,4000.0,0.0,85500.0,0.0,0.0,0.0,0.0,90485.0,85500.0,0.944907995800409,1.0,90485.0,6.51546331151232,985.0,4000.0,0.0,85500.0,0.0,0.0,0.0,0.0,82058.0,1000.0,1000.0,0.0,3000.0,65.0,81058.0,1.0,82058.0,1000.0,81058.0,1000.0,0.0,3000.0,0.0121865022301299,0.121865022301299,1,6.3760472276081614,6.358572086733648,1.0,PSOL,102,PSOL/REDE,PSOL / REDE,210001733475,FEDERAÇÃO,Federação PSOL REDE(PSOL/REDE),FEDERAÇÃO,FEDERACAO:102,5885.0,5885.0,3.0,0,14998.0,400.0,15398.0,2.0,172868.0,0.08907374412846797,0.03404331628757202,0.3821924925314976,0.8907374412846797,12.523071826940395,4.035447960582276,1.0,FERNANDA PINTO MIRANDA,1.0,1.0,4899.0,12.258566033889933,0.07983471819065334,0.7983471819065333,1.0
2024,87912,PELOTAS,210002216021,ROSA SIQUEIRA DE SIQUEIRA,ROSA DO AÇAI DO SÍTIO,PDT,FEMININO,PARDA,ENSINO FUNDAMENTAL COMPLETO,OUTROS,NÃO ELEITO,0,Esquerda,Centro,0.0,0.0,0.0,5500.0,0.0,0.0,0.0,0.0,5500.0,5500.0,1.0,1.0,5500.0,2.700439718141092,0.0,0.0,0.0,5500.0,0.0,0.0,0.0,0.0,5500.0,0.0,0.0,0.0,200.0,11.0,5500.0,1.0,5500.0,0.0,5500.0,0.0,0.0,200.0,0.0,0.0,0,2.700439718141092,2.700439718141092,0.0,PDT,-1,#NULO#,#NULO#,210001740905,PARTIDO ISOLADO,PDT,PARTIDO ISOLADO,PARTIDO:PDT,22.0,22.0,3.0,0,5144.0,399.0,5543.0,1.0,172868.0,0.03206492815327302,0.00012726473378531596,0.003968969871910518,0.32064928153273015,4.523561956057013,2.70995227069982,20.0,ROSA SIQUEIRA DE SIQUEIRA,0.0,0.0,0.0,0.0,0.07069530349936604,0.7069530349936604,1.0
2024,87912,PELOTAS,210002216030,MARCELO DA SILVA CARVALHAL,CARVALHAL BIGODE,PDT,MASCULINO,BRANCA,ENSINO FUNDAMENTAL COMPLETO,SERVIDOR PÚBLICO MUNICIPAL,NÃO ELEITO,0,Esquerda,Centro,0.0,0.0,0.0,3500.0,0.0,0.0,0.0,0.0,3500.0,3500.0,1.0,1.0,3500.0,2.169925001442312,0.0,0.0,0.0,3500.0,0.0,0.0,0.0,0.0,3500.0,0.0,0.0,0.0,0.0,6.0,3500.0,1.0,3500.0,0.0,3500.0,0.0,0.0,0.0,0.0,0.0,0,2.169925001442312,2.169925001442312,0.0,PDT,-1,#NULO#,#NULO#,210001740905,PARTIDO ISOLADO,PDT,PARTIDO ISOLADO,PARTIDO:PDT,76.0,76.0,3.0,0,5144.0,399.0,5543.0,1.0,172868.0,0.03206492815327302,0.0004396418076220006,0.013710986830236334,0.32064928153273015,6.266786540694901,2.70995227069982,15.0,MARCELO DA SILVA CARVALHAL,0.0,0.0,0.0,0.0,0.07069530349936604,0.7069530349936604,1.0
2024,87912,PELOTAS,210002315894,RENATO CHOULLET DA SILVA,RENATO CHOLLET,REPUBLICANOS,MASCULINO,BRANCA,ENSINO FUNDAMENTAL COMPLETO,OUTROS,NÃO ELEITO,0,Direita,Direita,0.0,0.0,0.0,0.0,0.0,0.0,0.0,0.0,0.0,0.0,,1.0,0.0,0.0,0.0,0.0,0.0,0.0,0.0,0.0,0.0,0.0,0.0,0.0,0.0,0.0,0.0,0.0,0.0,1.0,0.0,0.0,0.0,0.0,0.0,0.0,0.0,0.0,0,0.0,0.0,0.0,REPUBLICANOS,-1,#NULO#,#NULO#,210001754595,PARTIDO ISOLADO,REPUBLICANOS,PARTIDO ISOLADO,PARTIDO:REPUBLICANOS,148.0,148.0,3.0,0,5510.0,83.0,5593.0,1.0,172868.0,0.03235416618460328,0.0008561445727375801,0.026461648489182907,0.3235416618460328,7.219168520462161,2.7209350813597593,8.0,RENATO CHOULLET DA SILVA,1.0,0.0,121.0,6.930737337562887,0.02872479420226426,0.2872479420226426,1.0
2024,87912,PELOTAS,210002315893,JOÃO CARLOS GOULART DOMINGUES,SARGENTO JOÃO DOMINGUES,REPUBLICANOS,MASCULINO,PRETA,SUPERIOR COMPLETO,POLICIAL MILITAR,NÃO ELEITO,0,Direita,Direita,3160.5,1100.0,0.0,0.0,0.0,0.0,0.0,0.0,4260.5,0.0,0.0,1.0,4260.5,2.3951999313118817,3160.5,1100.0,0.0,0.0,0.0,0.0,0.0,0.0,6760.5,0.0,0.0,0.0,0.0,11.0,6760.5,1.0,6760.5,0.0,6760.5,0.0,0.0,0.0,0.0,0.0,0,2.9561496065724744,2.9561496065724744,0.0,REPUBLICANOS,-1,#NULO#,#NULO#,210001754595,PARTIDO ISOLADO,REPUBLICANOS,PARTIDO ISOLADO,PARTIDO:REPUBLICANOS,397.0,397.0,3.0,0,5510.0,83.0,5593.0,1.0,172868.0,0.03235416618460328,0.0022965499687622928,0.07098158412301091,0.3235416618460328,8.63662462054365,2.7209350813597593,4.0,JOAO CARLOS GOULART DOMINGUES,0.0,0.0,0.0,0.0,0.02872479420226426,0.2872479420226426,1.0
2024,87912,PELOTAS,210002315878,MARCUS NAPOLEAO,CORONEL NAPOLEAO,REPUBLICANOS,MASCULINO,PARDA,SUPERIOR COMPLETO,MILITAR REFORMADO,NÃO ELEITO,0,Direita,Direita,0.0,1081.56,0.0,0.0,0.0,0.0,0.0,0.0,1081.56,0.0,0.0,1.0,1081.56,1.0576651440918186,0.0,1081.56,0.0,0.0,0.0,0.0,0.0,0.0,1081.56,150.0,150.0,0.0,0.0,5.0,931.56,1.0,1081.56,150.0,931.56,150.0,0.0,0.0,0.1386885609674914,1.386885609674914,1,1.0576651440918186,0.9497664926658872,0.2016338611696504,REPUBLICANOS,-1,#NULO#,#NULO#,210001754595,PARTIDO ISOLADO,REPUBLICANOS,PARTIDO ISOLADO,PARTIDO:REPUBLICANOS,225.0,225.0,3.0,0,5510.0,83.0,5593.0,1.0,172868.0,0.03235416618460328,0.001301571140986186,0.04022885750044699,0.3235416618460328,7.820178962415188,2.7209350813597593,5.0,MARCUS NAPOLEAO,0.0,0.0,0.0,0.0,0.02872479420226426,0.2872479420226426,1.0
2024,87912,PELOTAS,210002153322,ANA LUIZA TAVARES RUOSO,ANA LUIZA RUOSO,PP,FEMININO,BRANCA,SUPERIOR COMPLETO,PROFESSOR E INSTRUTOR DE FORMAÇÃO PROFISSIONAL,SUPLENTE,0,Direita,Direita,8090.0,0.0,0.0,8000.0,0.0,0.0,0.0,0.0,16090.0,8000.0,0.4972032318210068,1.0,16090.0,4.095080491901415,8090.0,0.0,0.0,8000.0,0.0,0.0,0.0,0.0,15980.5,2241.0,990.59,1250.41,0.0,19.0,13739.5,1.0,15980.5,2241.0,13739.5,990.59,1250.41,0.0,0.1402334094677888,1.4023340946778886,1,4.08580703533898,3.8816156803952944,1.6964390206557536,PP,-1,#NULO#,#NULO#,210001731526,PARTIDO ISOLADO,PP,PARTIDO ISOLADO,PARTIDO:PP,133.0,133.0,3.0,0,20812.0,245.0,21057.0,1.0,172868.0,0.12180970451442719,0.0007693731633385011,0.006316189390701429,1.2180970451442719,7.066089190457772,4.463164676413056,18.0,ANA LUIZA TAVARES RUOSO,0.0,0.0,0.0,0.0,0.1055538034768393,1.055538034768393,1.0
2024,87912,PELOTAS,210002153326,JAINE FABÍOLA LÜBKE BONOW,JAINE BONOW,PP,FEMININO,BRANCA,ENSINO MÉDIO COMPLETO,AGRICULTOR,SUPLENTE,0,Direita,Direita,0.0,0.0,0.0,21500.0,0.0,0.0,0.0,0.0,21500.0,21500.0,1.0,1.0,21500.0,4.491853096329675,0.0,0.0,0.0,21500.0,0.0,0.0,0.0,0.0,21500.0,0.0,0.0,0.0,500.0,10.0,21500.0,1.0,21500.0,0.0,21500.0,0.0,0.0,500.0,0.0,0.0,0,4.491853096329675,4.491853096329675,0.0,PP,-1,#NULO#,#NULO#,210001731526,PARTIDO ISOLADO,PP,PARTIDO ISOLADO,PARTIDO:PP,882.0,882.0,3.0,0,20812.0,245.0,21057.0,1.0,172868.0,0.12180970451442719,0.005102158872665849,0.041886308590967376,1.2180970451442719,9.786269627648466,4.463164676413056,11.0,JAINE FABIOLA LUBKE BONOW,0.0,0.0,0.0,0.0,0.1055538034768393,1.055538034768393,1.0
2024,87912,PELOTAS,210001918897,JANICE RODRIGUES SANTOS,JANICE DO IBA,UNIÃO,FEMININO,BRANCA,ENSINO FUNDAMENTAL COMPLETO,EMPRESÁRIO,SUPLENTE,0,Direita,Direita,1000.0,6800.0,0.0,0.0,0.0,0.0,0.0,0.0,7800.0,0.0,0.0,1.0,7800.0,3.137503523749935,1000.0,6800.0,0.0,0.0,0.0,0.0,0.0,0.0,7367.030000000001,1072.69,1072.69,0.0,2750.0,6.0,6294.34,1.0,7367.030000000001,1072.69,6294.34,1072.69,0.0,2750.0,0.1456068456352152,1.4560684563521529,1,3.0647156078821265,2.8667774473956977,1.0515043572065217,UNIÃO,-1,#NULO#,#NULO#,210001696793,PARTIDO ISOLADO,UNIÃO,PARTIDO ISOLADO,PARTIDO:UNIÃO,869.0,869.0,3.0,0,19121.0,229.0,19350.0,1.0,172868.0,0.111935118124812,0.00502695698451998,0.044909560723514215,1.1193511812481198,9.76487159073609,4.346956889378885,9.0,JANICE RODRIGUES SANTOS,0.0,0.0,0.0,0.0,0.0490503375790849,0.49050337579084896,1.0
2024,87912,PELOTAS,210002018215,ALTAIR VOSS,ALTAIR VOSS,PSD,MASCULINO,BRANCA,ENSINO FUNDAMENTAL INCOMPLETO,FUNILEIRO,SUPLENTE,0,Direita,Direita,0.0,0.0,0.0,0.0,3607.05,0.0,0.0,0.0,3607.05,0.0,0.0,1.0,3607.05,2.203843255498149,0.0,0.0,0.0,0.0,3607.05,0.0,0.0,0.0,0.0,0.0,0.0,0.0,0.0,0.0,0.0,1.0,0.0,0.0,0.0,0.0,0.0,0.0,0.0,0.0,0,0.0,0.0,0.0,PSD,-1,#NULO#,#NULO#,210001708696,PARTIDO ISOLADO,PSD,PARTIDO ISOLADO,PARTIDO:PSD,897.0,897.0,3.0,0,22093.0,251.0,22344.0,1.0,172868.0,0.12925469144086818,0.005188930282064928,0.04014500537056928,1.2925469144086816,9.810571634741146,4.544979883255804,10.0,ALTAIR VOSS,1.0,0.0,641.0,9.326429487122303,0.0818235063171377,0.818235063171377,1.0
2024,87912,PELOTAS,210002018221,SEDENEI DANIEL MATTOS FONSECA,DANIEL FONSECA,PSD,MASCULINO,BRANCA,SUPERIOR COMPLETO,POLICIAL MILITAR,ELEITO POR QP,1,Direita,Direita,9100.0,3700.0,0.0,0.0,6019.1,0.0,0.0,0.0,18819.1,0.0,0.0,1.0,18819.1,4.308819545049625,9100.0,3700.0,0.0,0.0,6019.1,0.0,0.0,0.0,10591.33,3100.0,3100.0,0.0,0.0,11.0,7491.33,1.0,10591.33,3100.0,7491.33,3100.0,0.0,0.0,0.2926922303431202,2.926922303431202,1,3.5349742069020333,3.0859905413079485,2.035623909730721,PSD,-1,#NULO#,#NULO#,210001708696,PARTIDO ISOLADO,PSD,PARTIDO ISOLADO,PARTIDO:PSD,3032.0,3032.0,3.0,0,22093.0,251.0,22344.0,1.0,172868.0,0.12925469144086818,0.017539394219867183,0.13569638381668456,1.2925469144086816,11.56652978262417,4.544979883255804,2.0,SEDENEI DANIEL MATTOS FONSECA,1.0,0.0,1343.0,10.39231742277876,0.0818235063171377,0.818235063171377,1.0
2024,87912,PELOTAS,210002018211,ANDERSON DE FREITAS GARCIA,ANDERSON GARCIA,PSD,MASCULINO,BRANCA,SUPERIOR INCOMPLETO,VEREADOR,SUPLENTE,0,Direita,Direita,0.0,0.0,0.0,0.0,5749.1,0.0,0.0,0.0,5749.1,0.0,0.0,1.0,5749.1,2.7546951299995874,0.0,0.0,0.0,0.0,5749.1,0.0,0.0,0.0,0.0,0.0,0.0,0.0,0.0,0.0,0.0,1.0,0.0,0.0,0.0,0.0,0.0,0.0,0.0,0.0,0,0.0,0.0,0.0,PSD,-1,#NULO#,#NULO#,210001708696,PARTIDO ISOLADO,PSD,PARTIDO ISOLADO,PARTIDO:PSD,935.0,935.0,3.0,0,22093.0,251.0,22344.0,1.0,172868.0,0.12925469144086818,0.005408751185875928,0.041845685642678127,1.2925469144086816,9.870364719583405,4.544979883255804,9.0,ANDERSON DE FREITAS GARCIA,1.0,1.0,2044.0,10.997885127829111,0.0818235063171377,0.818235063171377,1.0
2024,87912,PELOTAS,210002069754,LUÍS CARLOS GIRÃO DANDA,SEU GIRÃO,PT,MASCULINO,BRANCA,ENSINO MÉDIO COMPLETO,APOSENTADO (EXCETO SERVIDOR PÚBLICO),SUPLENTE,0,Esquerda,Esquerda,1500.0,8000.0,0.0,15870.53,1346.8,0.0,0.0,0.0,26717.33,15870.53,0.5940163182473699,1.0,26717.33,4.792716384783706,1500.0,8000.0,0.0,15870.53,1346.8,0.0,0.0,0.0,24132.93,0.0,0.0,0.0,400.0,31.0,24132.93,1.0,24132.93,0.0,24132.93,0.0,0.0,400.0,0.0,0.0,0,4.65150696547173,4.65150696547173,0.0,PT,101,PT/PC do B/PV,PC do B / PT / PV,210001715088,FEDERAÇÃO,Federação BRASIL DA ESPERANÇA - FE BRASIL(PT/PC do B/PV),FEDERAÇÃO,FEDERACAO:101,625.0,625.0,3.0,0,17879.0,2746.0,20625.0,3.0,172868.0,0.11931068792373371,0.0036154753916282944,0.030303030303030304,1.1931068792373372,9.290018846932618,4.434628227636725,11.0,LUIS CARLOS GIRAO DANDA,1.0,0.0,506.0,8.985841937003341,0.07973173887018813,0.7973173887018812,1.0
2024,87912,PELOTAS,210001919023,JANETE MARIA SILVEIRA RODRIGUES,JANETE DAS BALAS,PSB,FEMININO,PRETA,ENSINO MÉDIO COMPLETO,DONA DE CASA,SUPLENTE,0,Esquerda,Centro,0.0,0.0,0.0,3276.91,900.0,0.0,0.0,0.0,4176.91,3276.91,0.7845297121556366,1.0,4176.91,2.372091237325299,0.0,0.0,0.0,3276.91,900.0,0.0,0.0,0.0,3275.0,0.0,0.0,0.0,0.0,18.0,3275.0,1.0,3275.0,0.0,3275.0,0.0,0.0,0.0,0.0,0.0,0,2.095924419998536,2.095924419998536,0.0,PSB,-1,#NULO#,#NULO#,210001696808,PARTIDO ISOLADO,PSB,PARTIDO ISOLADO,PARTIDO:PSB,67.0,67.0,3.0,0,13590.0,159.0,13749.0,1.0,172868.0,0.07953467385519587,0.00038757896198255315,0.004873081678667539,0.7953467385519587,6.087462841250339,3.8825452362128234,21.0,JANETE MARIA SILVEIRA RODRIGUES,1.0,0.0,43.0,5.459431618637297,0.07827715596861705,0.7827715596861704,1.0
2024,87912,PELOTAS,210001919024,LETÍCIA HOFS SILVEIRA,LE SILVEIRA,PSB,FEMININO,BRANCA,ENSINO FUNDAMENTAL COMPLETO,EMPREGADO DOMÉSTICO,SUPLENTE,0,Esquerda,Centro,0.0,0.0,0.0,2640.67,500.0,0.0,0.0,0.0,3140.67,2640.67,0.8407983009994683,1.0,3140.67,2.049864228466184,0.0,0.0,0.0,2640.67,500.0,0.0,0.0,0.0,2445.0,0.0,0.0,0.0,0.0,6.0,2445.0,1.0,2445.0,0.0,2445.0,0.0,0.0,0.0,0.0,0.0,0,1.7845039829295666,1.7845039829295666,0.0,PSB,-1,#NULO#,#NULO#,210001696808,PARTIDO ISOLADO,PSB,PARTIDO ISOLADO,PARTIDO:PSB,272.0,272.0,3.0,0,13590.0,159.0,13749.0,1.0,172868.0,0.07953467385519587,0.0015734548904366337,0.019783256964142848,0.7953467385519587,8.092757140919852,3.8825452362128234,14.0,LETICIA HOFS SILVEIRA,0.0,0.0,0.0,0.0,0.07827715596861705,0.7827715596861704,1.0
2024,87912,PELOTAS,210001919029,RAFAEL DIAS SCHMIDT,RAFAEL SCHMIDT,PSB,MASCULINO,BRANCA,SUPERIOR INCOMPLETO,OUTROS,SUPLENTE,0,Esquerda,Centro,0.0,0.0,0.0,5640.4,2500.0,0.0,0.0,0.0,8140.4,5640.4,0.6928897842857845,1.0,8140.4,3.192257301540369,0.0,0.0,0.0,5640.4,2500.0,0.0,0.0,0.0,6215.0,0.0,0.0,0.0,0.0,13.0,6215.0,1.0,6215.0,0.0,6215.0,0.0,0.0,0.0,0.0,0.0,0,2.8509993947164736,2.8509993947164736,0.0,PSB,-1,#NULO#,#NULO#,210001696808,PARTIDO ISOLADO,PSB,PARTIDO ISOLADO,PARTIDO:PSB,421.0,421.0,3.0,0,13590.0,159.0,13749.0,1.0,172868.0,0.07953467385519587,0.002435384223800819,0.03062040875700051,0.7953467385519587,8.721099188707186,3.8825452362128234,9.0,RAFAEL DIAS SCHMIDT,0.0,0.0,0.0,0.0,0.07827715596861705,0.7827715596861704,1.0
2024,87912,PELOTAS,210001919015,ROBSON GLADISTONE SANCHES LARRE,GUGA LARRÉ,PSB,MASCULINO,PRETA,ENSINO MÉDIO COMPLETO,OUTROS,SUPLENTE,0,Esquerda,Centro,0.0,0.0,0.0,1623.2,0.0,0.0,0.0,0.0,1623.2,1623.2,1.0,1.0,1623.2,1.3913278068436112,0.0,0.0,0.0,1623.2,0.0,0.0,0.0,0.0,0.0,0.0,0.0,0.0,0.0,0.0,0.0,1.0,0.0,0.0,0.0,0.0,0.0,0.0,0.0,0.0,0,0.0,0.0,0.0,PSB,-1,#NULO#,#NULO#,210001696808,PARTIDO ISOLADO,PSB,PARTIDO ISOLADO,PARTIDO:PSB,181.0,181.0,3.0,0,13590.0,159.0,13749.0,1.0,172868.0,0.07953467385519587,0.001047041673415554,0.013164593788639174,0.7953467385519587,7.507794640198696,3.8825452362128234,17.0,ROBSON GLADISTONE SANCHES LARRE,0.0,0.0,0.0,0.0,0.07827715596861705,0.7827715596861704,1.0
2024,87912,PELOTAS,210001919013,CRISTINA FERNANDES OLIVEIRA,CRISTINA OLIVEIRA,PSB,FEMININO,BRANCA,SUPERIOR COMPLETO,VEREADOR,SUPLENTE,0,Esquerda,Centro,0.0,0.0,0.0,28528.26,0.0,0.0,0.0,0.0,28528.26,28528.26,1.0,1.0,28528.26,4.884024440748626,0.0,0.0,0.0,28528.26,0.0,0.0,0.0,0.0,26000.0,6000.0,6000.0,0.0,0.0,26.0,20000.0,1.0,26000.0,6000.0,20000.0,6000.0,0.0,0.0,0.2307692307692307,2.3076923076923075,1,4.754887502163468,4.392317422778761,2.807354922057604,PSB,-1,#NULO#,#NULO#,210001696808,PARTIDO ISOLADO,PSB,PARTIDO ISOLADO,PARTIDO:PSB,1621.0,1621.0,3.0,0,13590.0,159.0,13749.0,1.0,172868.0,0.07953467385519587,0.009377096975727145,0.11789948359880718,0.7953467385519587,10.663558104217273,3.8825452362128234,2.0,CRISTINA FERNANDES OLIVEIRA,1.0,1.0,2736.0,11.418379719364957,0.07827715596861705,0.7827715596861704,1.0
2024,87912,PELOTAS,210002232410,GABRIEL RUBEM AIRES DA ROCHA,PROFESSOR GABRIEL RUBEM,MDB,MASCULINO,PARDA,SUPERIOR COMPLETO,PROFESSOR DE ENSINO MÉDIO,NÃO ELEITO,0,Centro,Centro,0.0,0.0,0.0,1500.0,0.0,0.0,0.0,0.0,1500.0,1500.0,1.0,1.0,1500.0,1.3219280948873624,0.0,0.0,0.0,1500.0,0.0,0.0,0.0,0.0,1500.0,0.0,0.0,0.0,0.0,1.0,1500.0,1.0,1500.0,0.0,1500.0,0.0,0.0,0.0,0.0,0.0,0,1.3219280948873624,1.3219280948873624,0.0,MDB,-1,#NULO#,#NULO#,210001743124,PARTIDO ISOLADO,MDB,PARTIDO ISOLADO,PARTIDO:MDB,147.0,147.0,3.0,0,6218.0,320.0,6538.0,1.0,172868.0,0.03782076497674526,0.0008503598121109749,0.022483940042826552,0.3782076497674526,7.20945336562895,2.9141817950022695,15.0,GABRIEL RUBEM AIRES DA ROCHA,0.0,0.0,0.0,0.0,0.025313604211854208,0.25313604211854207,1.0
2024,87912,PELOTAS,210002232406,JOSIANE FERREIRA COSTA,JOSI DA SAÚDE,MDB,FEMININO,BRANCA,ENSINO MÉDIO COMPLETO,TÉCNICO DE ENFERMAGEM E ASSEMELHADOS (EXCETO ENFERMEIRO),NÃO ELEITO,0,Centro,Centro,0.0,0.0,0.0,3000.0,0.0,0.0,0.0,0.0,3000.0,3000.0,1.0,1.0,3000.0,2.0,0.0,0.0,0.0,3000.0,0.0,0.0,0.0,0.0,2422.0,0.0,0.0,0.0,650.0,5.0,2422.0,1.0,2422.0,0.0,2422.0,0.0,0.0,650.0,0.0,0.0,0,1.7748397598273264,1.7748397598273264,0.0,MDB,-1,#NULO#,#NULO#,210001743124,PARTIDO ISOLADO,MDB,PARTIDO ISOLADO,PARTIDO:MDB,39.0,39.0,3.0,0,6218.0,320.0,6538.0,1.0,172868.0,0.03782076497674526,0.00022560566443760558,0.005965126950137657,0.3782076497674526,5.321928094887363,2.9141817950022695,20.0,JOSIANE FERREIRA COSTA,0.0,0.0,0.0,0.0,0.025313604211854208,0.25313604211854207,1.0
2024,87912,PELOTAS,210002072124,JULIANA GOVEIA DA ROSA,JULIANA GOVEIA,NOVO,FEMININO,PARDA,ENSINO MÉDIO COMPLETO,OUTROS,NÃO ELEITO,0,Direita,Direita,0.0,0.0,0.0,0.0,0.0,0.0,0.0,0.0,0.0,0.0,,1.0,0.0,0.0,0.0,0.0,0.0,0.0,0.0,0.0,0.0,0.0,0.0,0.0,0.0,0.0,0.0,0.0,0.0,1.0,0.0,0.0,0.0,0.0,0.0,0.0,0.0,0.0,0,0.0,0.0,0.0,,,,,,,,,PARTIDO:NOVO,0.0,0.0,,1,3105.0,134.0,3239.0,1.0,172868.0,0.018736839669574474,0.0,0.0,0.18736839669574473,0.0,2.0837239663930083,11.0,JULIANA GOVEIA DA ROSA,0.0,0.0,0.0,0.0,0.0,0.0,0.0
2024,87912,PELOTAS,210001990532,MÁRCIA NUNES GONÇALVES RODRIGUES,MARCIA PEROLA,PSDB,FEMININO,BRANCA,SUPERIOR COMPLETO,COMERCIANTE,SUPLENTE,0,Centro,Centro,5608.0,2160.0,0.0,30377.71,0.0,0.0,0.0,155.55,38301.26,30377.71,0.793125604745118,1.0,38301.26,5.296503660974601,5608.0,2160.0,0.0,30377.71,0.0,0.0,0.0,155.55,11248.55,0.0,0.0,0.0,0.0,13.0,11248.55,1.0,11248.55,0.0,11248.55,0.0,0.0,0.0,0.0,0.0,0,3.614539066023302,3.614539066023302,0.0,PSDB,100,PSDB/CIDADANIA,CIDADANIA / PSDB,210001705346,FEDERAÇÃO,Federação PSDB CIDADANIA(PSDB/CIDADANIA),FEDERAÇÃO,FEDERACAO:100,1236.0,1236.0,3.0,0,20263.0,1209.0,21472.0,2.0,172868.0,0.12421038017446838,0.007149964134484115,0.05756333830104322,1.2421038017446837,10.27262978497637,4.490056624464311,6.0,MARCIA NUNES GONCALVES RODRIGUES,1.0,0.0,631.0,9.303780748177102,0.19994078689073252,1.9994078689073251,1.0
2024,87912,PELOTAS,210001990537,ADRIANE DE SOUZA SILVEIRA,ADRIANE SILVEIRA,PSDB,FEMININO,BRANCA,SUPERIOR COMPLETO,PROFESSOR DE ENSINO SUPERIOR,SUPLENTE,0,Centro,Centro,64250.0,8500.0,0.0,6000.0,0.0,0.0,0.0,0.0,78750.0,6000.0,0.0761904761904762,1.0,78750.0,6.317412613764869,64250.0,8500.0,0.0,6000.0,0.0,0.0,0.0,0.0,77750.0,15000.0,15000.0,0.0,6000.0,29.0,62750.0,1.0,77750.0,15000.0,62750.0,15000.0,0.0,6000.0,0.1929260450160771,1.9292604501607715,1,6.299208018387279,5.994353436858858,4.0,PSDB,100,PSDB/CIDADANIA,CIDADANIA / PSDB,210001705346,FEDERAÇÃO,Federação PSDB CIDADANIA(PSDB/CIDADANIA),FEDERAÇÃO,FEDERACAO:100,414.0,414.0,3.0,0,20263.0,1209.0,21472.0,2.0,172868.0,0.12421038017446838,0.002394890899414582,0.01928092399403875,1.2421038017446837,8.696967526234287,4.490056624464311,13.0,ADRIANE DE SOUZA SILVEIRA,0.0,0.0,0.0,0.0,0.19994078689073252,1.9994078689073251,1.0
2024,87912,PELOTAS,210001990543,JOSIANE DOS SANTOS RODRIGUES,JOSI SOS CURRÍCULOS,PSDB,FEMININO,BRANCA,SUPERIOR COMPLETO,EMPRESÁRIO,SUPLENTE,0,Centro,Centro,0.0,1981.33,0.0,20312.71,0.0,0.0,0.0,0.0,22294.04,20312.71,0.9111273685702546,1.0,22294.04,4.541888969837785,0.0,1981.33,0.0,20312.71,0.0,0.0,0.0,0.0,8261.33,600.0,600.0,0.0,120.0,12.0,7661.33,1.0,8261.33,600.0,7661.33,600.0,0.0,120.0,0.0726275309181451,0.7262753091814513,1,3.211219390744853,3.1145885765774417,0.6780719051126377,PSDB,100,PSDB/CIDADANIA,CIDADANIA / PSDB,210001705346,FEDERAÇÃO,Federação PSDB CIDADANIA(PSDB/CIDADANIA),FEDERAÇÃO,FEDERACAO:100,320.0,320.0,3.0,0,20263.0,1209.0,21472.0,2.0,172868.0,0.12421038017446838,0.0018511234005136868,0.014903129657228018,1.2421038017446837,8.326429487122303,4.490056624464311,17.0,JOSIANE DOS SANTOS RODRIGUES,1.0,0.0,271.0,8.087462841250339,0.19994078689073252,1.9994078689073251,1.0
2024,87912,PELOTAS,210001990539,BIANCA PALMA SANTANA MOREIRA,DRA BIANCA,PSDB,FEMININO,BRANCA,SUPERIOR COMPLETO,ODONTÓLOGO,SUPLENTE,0,Centro,Centro,25000.0,0.0,0.0,17973.71,0.0,0.0,0.0,0.0,42973.71,17973.71,0.4182489712896559,1.0,42973.71,5.458569350722166,25000.0,0.0,0.0,17973.71,0.0,0.0,0.0,0.0,5984.469999999999,700.0,700.0,0.0,0.0,6.0,5284.469999999999,1.0,5984.469999999999,700.0,5284.469999999999,700.0,0.0,0.0,0.116969422521961,1.16969422521961,1,2.804150644284424,2.651791080268188,0.765534746362977,PSDB,100,PSDB/CIDADANIA,CIDADANIA / PSDB,210001705346,FEDERAÇÃO,Federação PSDB CIDADANIA(PSDB/CIDADANIA),FEDERAÇÃO,FEDERACAO:100,44.0,44.0,3.0,0,20263.0,1209.0,21472.0,2.0,172868.0,0.12421038017446838,0.0002545294675706319,0.0020491803278688526,1.2421038017446837,5.491853096329675,4.490056624464311,21.0,BIANCA PALMA SANTANA MOREIRA,0.0,0.0,0.0,0.0,0.19994078689073252,1.9994078689073251,1.0
2024,87912,PELOTAS,210001990542,JONE DE SOUZA SOARES,JONE SOARES,PSDB,MASCULINO,PARDA,SUPERIOR COMPLETO,VEREADOR,SUPLENTE,0,Centro,Centro,5200.0,7692.0,0.0,32648.8,0.0,0.0,0.0,0.0,45540.8,32648.8,0.7169131855391209,1.0,45540.8,5.540424104644658,5200.0,7692.0,0.0,32648.8,0.0,0.0,0.0,0.0,25892.0,5645.0,5645.0,0.0,1000.0,32.0,20247.0,1.0,25892.0,5645.0,20247.0,5645.0,0.0,1000.0,0.2180210103506874,2.1802101035068744,1,4.749105149569463,4.409187247165311,2.7322691995014496,PSDB,100,PSDB/CIDADANIA,CIDADANIA / PSDB,210001705346,FEDERAÇÃO,Federação PSDB CIDADANIA(PSDB/CIDADANIA),FEDERAÇÃO,FEDERACAO:100,1785.0,1785.0,3.0,0,20263.0,1209.0,21472.0,2.0,172868.0,0.12421038017446838,0.010325797718490409,0.08313152011922503,1.2421038017446837,10.802516365121223,4.490056624464311,4.0,JONE DE SOUZA SOARES,1.0,0.0,1270.0,10.311748315004959,0.19994078689073252,1.9994078689073251,1.0
2024,87912,PELOTAS,210001990548,MARISA ELOÍDES SCHWARZER,MARISA PROTETORA DE ANIMAIS,PSDB,FEMININO,BRANCA,SUPERIOR COMPLETO,VEREADOR,ELEITO POR QP,1,Centro,Centro,19800.0,4000.0,0.0,26216.71,0.0,0.0,0.0,0.0,50016.71,26216.71,0.524159026053493,1.0,50016.71,5.6728979593368045,19800.0,4000.0,0.0,26216.71,0.0,0.0,0.0,0.0,36522.29,17102.0,17102.0,0.0,1400.0,48.0,19420.29,1.0,36522.29,17102.0,19420.29,17102.0,0.0,1400.0,0.4682619846674455,4.682619846674456,1,5.22967597366886,4.351931449770609,4.178077197205772,PSDB,100,PSDB/CIDADANIA,CIDADANIA / PSDB,210001705346,FEDERAÇÃO,Federação PSDB CIDADANIA(PSDB/CIDADANIA),FEDERAÇÃO,FEDERACAO:100,3588.0,3588.0,3.0,0,20263.0,1209.0,21472.0,2.0,172868.0,0.12421038017446838,0.020755721128259713,0.16710134128166915,1.2421038017446837,11.809366207816078,4.490056624464311,1.0,MARISA ELOIDES SCHWARZER,1.0,1.0,1915.0,10.90388184573618,0.19994078689073252,1.9994078689073251,1.0
2024,87912,PELOTAS,210002057410,PAULO RICARDO LARRÉ ALSINA,MOTOBOY LARRÉ,PL,MASCULINO,BRANCA,ENSINO FUNDAMENTAL INCOMPLETO,MOTOBOY,SUPLENTE,0,Direita,Direita,1500.0,0.0,0.0,30800.0,0.0,0.0,0.0,0.0,32300.0,30800.0,0.953560371517028,1.0,32300.0,5.0574502721839,1500.0,0.0,0.0,30800.0,0.0,0.0,0.0,0.0,30000.0,0.0,0.0,0.0,0.0,28.0,30000.0,1.0,30000.0,0.0,30000.0,0.0,0.0,0.0,0.0,0.0,0,4.954196310386875,4.954196310386875,0.0,PL,-1,#NULO#,#NULO#,210001713434,PARTIDO ISOLADO,PL,PARTIDO ISOLADO,PARTIDO:PL,532.0,532.0,3.0,0,15760.0,1876.0,17636.0,1.0,172868.0,0.10202003841081056,0.0030774926533540044,0.030165570424132458,1.0202003841081055,9.057991722759176,4.220020330446371,8.0,PAULO RICARDO LARRE ALSINA,0.0,0.0,0.0,0.0,0.028216333807467287,0.28216333807467286,1.0
2024,87912,PELOTAS,210002167828,LUANA REJANE ALMEIDA FARIAS,LUANA ALMEIDA,PSOL,FEMININO,BRANCA,SUPERIOR COMPLETO,SERVIDOR PÚBLICO MUNICIPAL,SUPLENTE,0,Esquerda,Esquerda,0.0,0.0,0.0,25775.64,0.0,0.0,0.0,0.0,25775.64,25775.64,1.0,1.0,25775.64,4.742849154038105,0.0,0.0,0.0,25775.64,0.0,0.0,0.0,0.0,19275.64,0.0,0.0,0.0,190.0,40.0,19275.64,1.0,19275.64,0.0,19275.64,0.0,0.0,190.0,0.0,0.0,0,4.341675548676577,4.341675548676577,0.0,PSOL,102,PSOL/REDE,PSOL / REDE,210001733475,FEDERAÇÃO,Federação PSOL REDE(PSOL/REDE),FEDERAÇÃO,FEDERACAO:102,207.0,207.0,3.0,0,14998.0,400.0,15398.0,2.0,172868.0,0.08907374412846797,0.001197445449707291,0.013443304325237044,0.8907374412846797,7.700439718141092,4.035447960582276,10.0,LUANA REJANE ALMEIDA FARIAS,1.0,0.0,240.0,7.912889336229962,0.07983471819065334,0.7983471819065333,1.0
2024,87912,PELOTAS,210002167837,BRUNO SILVA DA SILVA,BRUNO SILVA,PSOL,MASCULINO,BRANCA,SUPERIOR INCOMPLETO,"ESTUDANTE, BOLSISTA, ESTAGIÁRIO E ASSEMELHADOS",SUPLENTE,0,Esquerda,Esquerda,0.0,0.0,0.0,11502.18,0.0,0.0,0.0,0.0,11502.18,11502.18,1.0,1.0,11502.18,3.6441077738523617,0.0,0.0,0.0,11502.18,0.0,0.0,0.0,0.0,8867.7,0.0,0.0,0.0,60.0,12.0,8867.7,1.0,8867.7,0.0,8867.7,0.0,0.0,60.0,0.0,0.0,0,3.302713855170731,3.302713855170731,0.0,PSOL,102,PSOL/REDE,PSOL / REDE,210001733475,FEDERAÇÃO,Federação PSOL REDE(PSOL/REDE),FEDERAÇÃO,FEDERACAO:102,22.0,22.0,3.0,0,14998.0,400.0,15398.0,2.0,172868.0,0.08907374412846797,0.00012726473378531596,0.0014287569814261593,0.8907374412846797,4.523561956057013,4.035447960582276,20.0,BRUNO SILVA DA SILVA,0.0,0.0,0.0,0.0,0.07983471819065334,0.7983471819065333,1.0
2024,87912,PELOTAS,210002167839,TIRZA MEDEIROS MORAES,TIRZA MORAES,PSOL,FEMININO,PRETA,SUPERIOR COMPLETO,SERVIDOR PÚBLICO MUNICIPAL,SUPLENTE,0,Esquerda,Esquerda,0.0,0.0,0.0,15712.0,0.0,0.0,0.0,0.0,15712.0,15712.0,1.0,1.0,15712.0,4.062812492405021,0.0,0.0,0.0,15712.0,0.0,0.0,0.0,0.0,10711.0,0.0,0.0,0.0,1700.0,12.0,10711.0,1.0,10711.0,0.0,10711.0,0.0,0.0,1700.0,0.0,0.0,0,3.5497923674338696,3.5497923674338696,0.0,PSOL,102,PSOL/REDE,PSOL / REDE,210001733475,FEDERAÇÃO,Federação PSOL REDE(PSOL/REDE),FEDERAÇÃO,FEDERACAO:102,133.0,133.0,3.0,0,14998.0,400.0,15398.0,2.0,172868.0,0.08907374412846797,0.0007693731633385011,0.00863748538771269,0.8907374412846797,7.066089190457772,4.035447960582276,12.0,TIRZA MEDEIROS MORAES,0.0,0.0,0.0,0.0,0.07983471819065334,0.7983471819065333,1.0
2024,87912,PELOTAS,210002314831,LUCIANO MARTINS ESTEVES,LUCIANO ESTEVES,SOLIDARIEDADE,MASCULINO,BRANCA,ENSINO MÉDIO COMPLETO,OUTROS,NÃO ELEITO,0,Centro,Centro,0.0,0.0,0.0,0.0,0.0,0.0,0.0,0.0,0.0,0.0,,1.0,0.0,0.0,0.0,0.0,0.0,0.0,0.0,0.0,0.0,0.0,0.0,0.0,0.0,0.0,0.0,0.0,0.0,1.0,0.0,0.0,0.0,0.0,0.0,0.0,0.0,0.0,0,0.0,0.0,0.0,SOLIDARIEDADE,-1,#NULO#,#NULO#,210001754456,PARTIDO ISOLADO,SOLIDARIEDADE,PARTIDO ISOLADO,PARTIDO:SOLIDARIEDADE,111.0,111.0,3.0,0,291.0,33.0,324.0,1.0,172868.0,0.0018742624430201078,0.0006421084295531851,0.3425925925925926,0.018742624430201076,6.807354922057604,0.40490312214513074,2.0,LUCIANO MARTINS ESTEVES,1.0,0.0,130.0,7.03342300153745,0.0005921310926749522,0.005921310926749522,1.0
2024,87912,PELOTAS,210002315881,EMERSON DOMINGUES DA SILVA,EMERSON SILVA,REPUBLICANOS,MASCULINO,BRANCA,ENSINO MÉDIO COMPLETO,"TÉCNICO DE OBRAS CIVIS, ESTRADAS, SANEAMENTO E ASSEMELHADOS",NÃO ELEITO,0,Direita,Direita,476.6,186.0,0.0,0.0,0.0,0.0,0.0,0.0,662.6,0.0,0.0,1.0,662.6,0.7334411166531238,476.6,186.0,0.0,0.0,0.0,0.0,0.0,0.0,662.6,0.0,0.0,0.0,0.0,3.0,662.6,1.0,662.6,0.0,662.6,0.0,0.0,0.0,0.0,0.0,0,0.7334411166531238,0.7334411166531238,0.0,REPUBLICANOS,-1,#NULO#,#NULO#,210001754595,PARTIDO ISOLADO,REPUBLICANOS,PARTIDO ISOLADO,PARTIDO:REPUBLICANOS,206.0,206.0,3.0,0,5510.0,83.0,5593.0,1.0,172868.0,0.03235416618460328,0.001191660689080686,0.03683175397818702,0.3235416618460328,7.693486957499325,2.7209350813597593,6.0,EMERSON DOMINGUES DA SILVA,0.0,0.0,0.0,0.0,0.02872479420226426,0.2872479420226426,1.0
2024,87912,PELOTAS,210002315884,VIVIANE RIBEIRO LEMKE,VIVIANE LEMKE,REPUBLICANOS,FEMININO,BRANCA,ENSINO MÉDIO COMPLETO,TÉCNICO DE ENFERMAGEM E ASSEMELHADOS (EXCETO ENFERMEIRO),NÃO ELEITO,0,Direita,Direita,256.6,0.0,0.0,0.0,0.0,0.0,0.0,0.0,256.6,0.0,0.0,1.0,256.6,0.3295254851966555,256.6,0.0,0.0,0.0,0.0,0.0,0.0,0.0,256.6,0.0,0.0,0.0,0.0,2.0,256.6,1.0,256.6,0.0,256.6,0.0,0.0,0.0,0.0,0.0,0,0.3295254851966555,0.3295254851966555,0.0,REPUBLICANOS,-1,#NULO#,#NULO#,210001754595,PARTIDO ISOLADO,REPUBLICANOS,PARTIDO ISOLADO,PARTIDO:REPUBLICANOS,9.0,9.0,3.0,0,5510.0,83.0,5593.0,1.0,172868.0,0.03235416618460328,5.206284563944744e-05,0.0016091543000178795,0.3235416618460328,3.321928094887362,2.7209350813597593,19.0,VIVIANE RIBEIRO LEMKE,0.0,0.0,0.0,0.0,0.02872479420226426,0.2872479420226426,1.0
2024,87912,PELOTAS,210002153314,ALCIDES SILVEIRA DE AVILA NETO,ALCIDES SILVEIRA,PP,MASCULINO,BRANCA,SUPERIOR COMPLETO,OUTROS,SUPLENTE,0,Direita,Direita,1050.0,1000.0,0.0,40000.0,0.0,0.0,0.0,0.0,42050.0,40000.0,0.9512485136741974,1.0,42050.0,5.427941332509482,1050.0,1000.0,0.0,40000.0,0.0,0.0,0.0,0.0,41000.0,7000.0,7000.0,0.0,3500.0,25.0,34000.0,1.0,41000.0,7000.0,34000.0,7000.0,0.0,3500.0,0.1707317073170731,1.7073170731707317,1,5.392317422778761,5.129283016944966,3.0,PP,-1,#NULO#,#NULO#,210001731526,PARTIDO ISOLADO,PP,PARTIDO ISOLADO,PARTIDO:PP,1015.0,1015.0,3.0,0,20812.0,245.0,21057.0,1.0,172868.0,0.12180970451442719,0.00587153203600435,0.048202497981668806,1.2180970451442719,9.988684686772165,4.463164676413056,9.0,ALCIDES SILVEIRA DE AVILA NETO,1.0,0.0,1068.0,10.06204613772049,0.1055538034768393,1.055538034768393,1.0
2024,87912,PELOTAS,210002153315,GERSON OTÍLIO DE SÁ CORREIA,GERSON CORREIA,PP,MASCULINO,BRANCA,ENSINO MÉDIO COMPLETO,MÚSICO,SUPLENTE,0,Direita,Direita,0.0,0.0,0.0,42000.0,0.0,0.0,0.0,0.0,42000.0,42000.0,1.0,1.0,42000.0,5.426264754702098,0.0,0.0,0.0,42000.0,0.0,0.0,0.0,0.0,1000.0,0.0,0.0,0.0,0.0,1.0,1000.0,1.0,1000.0,0.0,1000.0,0.0,0.0,0.0,0.0,0.0,0,1.0,1.0,0.0,PP,-1,#NULO#,#NULO#,210001731526,PARTIDO ISOLADO,PP,PARTIDO ISOLADO,PARTIDO:PP,309.0,309.0,3.0,0,20812.0,245.0,21057.0,1.0,172868.0,0.12180970451442719,0.0017874910336210287,0.014674455050577006,1.2180970451442719,8.276124405274238,4.463164676413056,15.0,GERSON OTILIO DE SA CORREIA,1.0,0.0,395.0,8.62935662007961,0.1055538034768393,1.055538034768393,1.0
2024,87912,PELOTAS,210002153331,HUGO ROBERTO DA SILVA MIORI,HUGO MIORI,PP,MASCULINO,BRANCA,SUPERIOR COMPLETO,MÚSICO,SUPLENTE,0,Direita,Direita,28700.0,0.0,0.0,42500.0,0.0,0.0,0.0,0.0,71200.0,42500.0,0.5969101123595506,1.0,71200.0,6.173926931999809,28700.0,0.0,0.0,42500.0,0.0,0.0,0.0,0.0,42700.0,2605.9,2605.9,0.0,0.0,23.0,40094.1,1.0,42700.0,2605.9,40094.1,2605.9,0.0,0.0,0.0610281030444964,0.6102810304449648,1,5.4495613746132365,5.360859371720081,1.850359388033556,PP,-1,#NULO#,#NULO#,210001731526,PARTIDO ISOLADO,PP,PARTIDO ISOLADO,PARTIDO:PP,1455.0,1455.0,3.0,0,20812.0,245.0,21057.0,1.0,172868.0,0.12180970451442719,0.00841682671171067,0.06909816213135775,1.2180970451442719,10.507794640198696,4.463164676413056,5.0,HUGO ROBERTO DA SILVA MIORI,1.0,0.0,1366.0,10.41679752760606,0.1055538034768393,1.055538034768393,1.0
2024,87912,PELOTAS,210002153325,BRUNO JOSIEL RUTZ,BRUNO RUTZ,PP,MASCULINO,BRANCA,ENSINO MÉDIO COMPLETO,MOTORISTA DE VEÍCULOS DE TRANSPORTE COLETIVO DE PASSAGEIROS,SUPLENTE,0,Direita,Direita,0.0,0.0,0.0,9000.0,0.0,0.0,0.0,0.0,9000.0,9000.0,1.0,1.0,9000.0,3.321928094887362,0.0,0.0,0.0,9000.0,0.0,0.0,0.0,0.0,7907.0,2547.0,1250.0,1297.0,1500.0,6.0,5360.0,1.0,7907.0,2547.0,5360.0,1250.0,1297.0,1500.0,0.3221196408245858,3.221196408245858,1,3.1549395940457248,2.669026765509631,1.8265993302731016,PP,-1,#NULO#,#NULO#,210001731526,PARTIDO ISOLADO,PP,PARTIDO ISOLADO,PARTIDO:PP,1146.0,1146.0,3.0,0,20812.0,245.0,21057.0,1.0,172868.0,0.12180970451442719,0.006629335678089641,0.05442370708078074,1.2180970451442719,10.163649676015824,4.463164676413056,7.0,BRUNO JOSIEL RUTZ,0.0,0.0,0.0,0.0,0.1055538034768393,1.055538034768393,1.0
2024,87912,PELOTAS,210002072127,MÁRCIO LEOPOLDO MACIEL,MÁRCIO LEOPOLDO,NOVO,MASCULINO,BRANCA,SUPERIOR COMPLETO,ESCRITOR E CRÍTICO,NÃO ELEITO,0,Direita,Direita,1225.0,0.0,0.0,2676.94,2000.0,0.0,0.0,0.0,5901.9400000000005,2676.94,0.4535695042646994,1.0,5901.9400000000005,2.787001932179876,1225.0,0.0,0.0,2676.94,2000.0,0.0,0.0,0.0,5486.03,4107.23,4107.23,0.0,0.0,30.0,1378.8000000000002,1.0,5486.03,4107.23,1378.8000000000002,4107.23,0.0,0.0,0.7486707145239818,7.4867071452398175,1,2.6973356967433237,1.2502339808267544,2.3525410311254555,NOVO,-1,#NULO#,#NULO#,210001715417,PARTIDO ISOLADO,NOVO,PARTIDO ISOLADO,PARTIDO:NOVO,105.0,105.0,3.0,0,3105.0,134.0,3239.0,1.0,172868.0,0.018736839669574474,0.0006073998657935535,0.032417412781722756,0.18736839669574473,6.727920454563199,2.0837239663930083,7.0,MARCIO LEOPOLDO MACIEL,0.0,0.0,0.0,0.0,0.0,0.0,0.0
2024,87912,PELOTAS,210002072125,JOHN CASSIEL CARVALHO CARDOSO,JOHN CARDOSO,NOVO,MASCULINO,BRANCA,SUPERIOR INCOMPLETO,"VENDEDOR PRACISTA, REPRESENTANTE, CAIXEIRO-VIAJANTE E ASSEMELHADOS",NÃO ELEITO,0,Direita,Direita,37135.7,0.0,0.0,2350.0,5215.0,4480.0,0.0,0.0,49180.7,2350.0,0.0477829717755135,1.0,49180.7,5.649060690773643,37135.7,0.0,0.0,2350.0,5215.0,4480.0,0.0,0.0,49180.7,12000.0,12000.0,0.0,4000.0,49.0,37180.7,1.0,49180.7,12000.0,37180.7,12000.0,0.0,4000.0,0.2439981537473033,2.439981537473033,1,5.649060690773643,5.254771648055378,3.700439718141092,NOVO,-1,#NULO#,#NULO#,210001715417,PARTIDO ISOLADO,NOVO,PARTIDO ISOLADO,PARTIDO:NOVO,953.0,953.0,3.0,0,3105.0,134.0,3239.0,1.0,172868.0,0.018736839669574474,0.0055128768771548235,0.2942266131522075,0.18736839669574473,9.897845456005511,2.0837239663930083,1.0,JOHN CASSIEL CARVALHO CARDOSO,0.0,0.0,0.0,0.0,0.0,0.0,0.0
2024,87912,PELOTAS,210002018214,MARCELO OLIVEIRA BRANCO,MARCELO BRANCO,PSD,MASCULINO,BRANCA,SUPERIOR COMPLETO,ADMINISTRADOR,SUPLENTE,0,Direita,Direita,0.0,0.0,0.0,50000.0,2552.05,0.0,0.0,0.0,52552.05,50000.0,0.9514376698910888,1.0,52552.05,5.742869898027699,0.0,0.0,0.0,50000.0,2552.05,0.0,0.0,0.0,50000.0,0.0,0.0,0.0,22000.0,2.0,50000.0,1.0,50000.0,0.0,50000.0,0.0,0.0,22000.0,0.0,0.0,0,5.672425341971495,5.672425341971495,0.0,PSD,-1,#NULO#,#NULO#,210001708696,PARTIDO ISOLADO,PSD,PARTIDO ISOLADO,PARTIDO:PSD,239.0,239.0,3.0,0,22093.0,251.0,22344.0,1.0,172868.0,0.12925469144086818,0.0013825577897586597,0.01069638381668457,1.2925469144086816,7.906890595608519,4.544979883255804,18.0,MARCELO OLIVEIRA BRANCO,0.0,0.0,0.0,0.0,0.0818235063171377,0.818235063171377,1.0
2024,87912,PELOTAS,210002018227,DAIANE RODRIGUES DIAS,DAIANE DIAS,PSD,FEMININO,PRETA,SUPERIOR COMPLETO,OUTROS,SUPLENTE,0,Direita,Direita,13980.0,3300.0,0.0,20000.0,4549.1,0.0,0.0,0.0,41829.1,20000.0,0.4781360344831708,1.0,41829.1,5.420519456001933,13980.0,3300.0,0.0,20000.0,4549.1,0.0,0.0,0.0,36778.23,3434.0,3434.0,0.0,6750.0,72.0,33344.23,1.0,36778.23,3434.0,33344.23,3434.0,0.0,6750.0,0.0933704531185976,0.933704531185976,1,5.239483204500308,5.101995834407806,2.1486087702052203,PSD,-1,#NULO#,#NULO#,210001708696,PARTIDO ISOLADO,PSD,PARTIDO ISOLADO,PARTIDO:PSD,1495.0,1495.0,3.0,0,22093.0,251.0,22344.0,1.0,172868.0,0.12925469144086818,0.008648217136774881,0.06690834228428214,1.2925469144086816,10.546894459887637,4.544979883255804,6.0,DAIANE RODRIGUES DIAS,1.0,0.0,1755.0,10.778077129535358,0.0818235063171377,0.818235063171377,1.0
2024,87912,PELOTAS,210002069753,CARLA FERNANDA MENDES LESSA,FERNANDA LESSA,PV,FEMININO,BRANCA,SUPERIOR COMPLETO,OUTROS,SUPLENTE,0,Centro,Centro,0.0,0.0,0.0,42729.81,0.0,0.0,0.0,0.0,42729.81,42729.81,1.0,1.0,42729.81,5.450545175008901,0.0,0.0,0.0,42729.81,0.0,0.0,0.0,0.0,38745.6,3500.0,3500.0,0.0,300.0,23.0,35245.6,1.0,38745.6,3500.0,35245.6,3500.0,0.0,300.0,0.0903328377931945,0.9033283779319458,1,5.312723251899856,5.179733966057405,2.169925001442312,PV,101,PT/PC do B/PV,PC do B / PT / PV,210001715088,FEDERAÇÃO,Federação BRASIL DA ESPERANÇA - FE BRASIL(PT/PC do B/PV),FEDERAÇÃO,FEDERACAO:101,348.0,348.0,3.0,0,17879.0,2746.0,20625.0,3.0,172868.0,0.11931068792373371,0.002013096698058634,0.016872727272727272,1.1931068792373372,8.447083226209653,4.434628227636725,15.0,CARLA FERNANDA MENDES LESSA,0.0,0.0,0.0,0.0,0.07973173887018813,0.7973173887018812,1.0
2024,87912,PELOTAS,210002069749,LEILA REGINA RODRIGUES RODRIGUES,LEILA DA RÁDIO,PT,FEMININO,PRETA,ENSINO MÉDIO COMPLETO,APOSENTADO (EXCETO SERVIDOR PÚBLICO),SUPLENTE,0,Esquerda,Esquerda,1050.0,0.0,0.0,23463.61,0.0,0.0,0.0,0.0,24513.61,23463.61,0.9571666515050212,1.0,24513.61,4.673195139677338,1050.0,0.0,0.0,23463.61,0.0,0.0,0.0,0.0,18367.75,0.0,0.0,0.0,0.0,38.0,18367.75,1.0,18367.75,0.0,18367.75,0.0,0.0,0.0,0.0,0.0,0,4.275584457068778,4.275584457068778,0.0,PT,101,PT/PC do B/PV,PC do B / PT / PV,210001715088,FEDERAÇÃO,Federação BRASIL DA ESPERANÇA - FE BRASIL(PT/PC do B/PV),FEDERAÇÃO,FEDERACAO:101,144.0,144.0,3.0,0,17879.0,2746.0,20625.0,3.0,172868.0,0.11931068792373371,0.000833005530231159,0.006981818181818182,1.1931068792373372,7.1799090900149345,4.434628227636725,19.0,LEILA REGINA RODRIGUES RODRIGUES,0.0,0.0,0.0,0.0,0.07973173887018813,0.7973173887018812,1.0
2024,87912,PELOTAS,210002380226,SANDRALI DE CAMPOS BUENO,IYÁ SANDRALI,PT,FEMININO,PRETA,SUPERIOR COMPLETO,PSICÓLOGO,SUPLENTE,0,Esquerda,Esquerda,11887.0,0.0,0.0,63662.21,0.0,0.0,0.0,0.0,75549.20999999999,63662.21,0.8426588444803064,1.0,75549.20999999999,6.258315583847391,11887.0,0.0,0.0,63662.21,0.0,0.0,0.0,0.0,68043.41,436.0,436.0,0.0,0.0,56.0,67607.41,1.0,68043.41,436.0,67607.41,436.0,0.0,0.0,0.0064076741597753,0.0640767415977535,1,6.109431814743165,6.100292499170597,0.5220557491609642,PT,101,PT/PC do B/PV,PC do B / PT / PV,210001715088,FEDERAÇÃO,Federação BRASIL DA ESPERANÇA - FE BRASIL(PT/PC do B/PV),FEDERAÇÃO,FEDERACAO:101,170.0,170.0,3.0,0,17879.0,2746.0,20625.0,3.0,172868.0,0.11931068792373371,0.000983409306522896,0.008242424242424242,1.1931068792373372,7.417852514885898,4.434628227636725,18.0,SANDRALI DE CAMPOS BUENO,0.0,0.0,0.0,0.0,0.07973173887018813,0.7973173887018812,1.0
2024,87912,PELOTAS,210001919032,MELISSA DIANA CEZAR DA SILVA,MELISSA CEZAR,PSB,FEMININO,BRANCA,SUPERIOR COMPLETO,OUTROS,SUPLENTE,0,Esquerda,Centro,0.0,0.0,0.0,2411.83,0.0,0.0,0.0,0.0,2411.83,2411.83,1.0,1.0,2411.83,1.7705457638112314,0.0,0.0,0.0,2411.83,0.0,0.0,0.0,0.0,2134.92,680.0,680.0,0.0,0.0,3.0,1454.92,1.0,2134.92,680.0,1454.92,680.0,0.0,0.0,0.3185131058775036,3.185131058775036,1,1.6484286273731186,1.2956760113082737,0.7484612330040358,PSB,-1,#NULO#,#NULO#,210001696808,PARTIDO ISOLADO,PSB,PARTIDO ISOLADO,PARTIDO:PSB,74.0,74.0,3.0,0,13590.0,159.0,13749.0,1.0,172868.0,0.07953467385519587,0.00042807228636879005,0.005382209615244745,0.7953467385519587,6.22881869049588,3.8825452362128234,20.0,MELISSA DIANA CEZAR DA SILVA,1.0,0.0,171.0,7.426264754702098,0.07827715596861705,0.7827715596861704,1.0
2024,87912,PELOTAS,210001919025,LUCAS LIMA EDOM,LUCAS EDOM,PSB,MASCULINO,BRANCA,ENSINO MÉDIO COMPLETO,TÉCNICO DE ENFERMAGEM E ASSEMELHADOS (EXCETO ENFERMEIRO),SUPLENTE,0,Esquerda,Centro,0.0,0.0,0.0,4870.4,1500.0,0.0,0.0,0.0,6370.4,4870.4,0.7645359789024236,1.0,6370.4,2.881742918147581,0.0,0.0,0.0,4870.4,1500.0,0.0,0.0,0.0,4500.0,605.0,605.0,0.0,0.0,10.0,3895.0,1.0,4500.0,605.0,3895.0,605.0,0.0,0.0,0.1344444444444444,1.3444444444444443,1,2.4594316186372973,2.29130885982897,0.6825732973475784,PSB,-1,#NULO#,#NULO#,210001696808,PARTIDO ISOLADO,PSB,PARTIDO ISOLADO,PARTIDO:PSB,304.0,304.0,3.0,0,13590.0,159.0,13749.0,1.0,172868.0,0.07953467385519587,0.0017585672304880023,0.022110698959924357,0.7953467385519587,8.252665432450248,3.8825452362128234,12.0,LUCAS LIMA EDOM,0.0,0.0,0.0,0.0,0.07827715596861705,0.7827715596861704,1.0
2024,87912,PELOTAS,210001919027,VAGNER DE FARIAS CABRAL,VAGNER CABRAL,PSB,MASCULINO,PRETA,ENSINO MÉDIO COMPLETO,MOTORISTA DE VEÍCULOS DE TRANSPORTE COLETIVO DE PASSAGEIROS,SUPLENTE,0,Esquerda,Centro,0.0,0.0,0.0,2140.67,0.0,0.0,0.0,0.0,2140.67,2140.67,1.0,1.0,2140.67,1.6510723624821682,0.0,0.0,0.0,2140.67,0.0,0.0,0.0,0.0,1145.0,0.0,0.0,0.0,0.0,4.0,1145.0,1.0,1145.0,0.0,1145.0,0.0,0.0,0.0,0.0,0.0,0,1.100977647724821,1.100977647724821,0.0,PSB,-1,#NULO#,#NULO#,210001696808,PARTIDO ISOLADO,PSB,PARTIDO ISOLADO,PARTIDO:PSB,491.0,491.0,3.0,0,13590.0,159.0,13749.0,1.0,172868.0,0.07953467385519587,0.0028403174676631883,0.03571168812277257,0.7953467385519587,8.94251450533924,3.8825452362128234,8.0,VAGNER DE FARIAS CABRAL,0.0,0.0,0.0,0.0,0.07827715596861705,0.7827715596861704,1.0
2024,87912,PELOTAS,210001919014,MARCELO GUEDES DOS SANTOS,MARCELO GUEDES,PSB,MASCULINO,BRANCA,ENSINO MÉDIO COMPLETO,MOTORISTA PARTICULAR,SUPLENTE,0,Esquerda,Centro,0.0,0.0,0.0,4853.2,0.0,0.0,0.0,0.0,4853.2,4853.2,1.0,1.0,4853.2,2.549225575452399,0.0,0.0,0.0,4853.2,0.0,0.0,0.0,0.0,3000.0,500.0,500.0,0.0,0.0,13.0,2500.0,1.0,3000.0,500.0,2500.0,500.0,0.0,0.0,0.1666666666666666,1.6666666666666663,1,2.0,1.807354922057604,0.5849625007211562,PSB,-1,#NULO#,#NULO#,210001696808,PARTIDO ISOLADO,PSB,PARTIDO ISOLADO,PARTIDO:PSB,182.0,182.0,3.0,0,13590.0,159.0,13749.0,1.0,172868.0,0.07953467385519587,0.0010528264340421594,0.013237326351007345,0.7953467385519587,7.515699838284043,3.8825452362128234,16.0,MARCELO GUEDES DOS SANTOS,0.0,0.0,0.0,0.0,0.07827715596861705,0.7827715596861704,1.0
2024,87912,PELOTAS,210001919034,JORGE AUGUSTO DIAS ALVES,JORGINHO DA HABITAÇÃO,PSB,MASCULINO,PRETA,ENSINO MÉDIO COMPLETO,EMPRESÁRIO,SUPLENTE,0,Esquerda,Centro,2700.0,0.0,0.0,9528.8,2200.0,0.0,0.0,0.0,14428.8,9528.8,0.6604014193834553,1.0,14428.8,3.9475539532074095,2700.0,0.0,0.0,9528.8,2200.0,0.0,0.0,0.0,12400.0,1350.0,1350.0,0.0,0.0,46.0,11050.0,1.0,12400.0,1350.0,11050.0,1350.0,0.0,0.0,0.1088709677419354,1.0887096774193548,1,3.7441610955704094,3.5909612413425998,1.232660756790275,PSB,-1,#NULO#,#NULO#,210001696808,PARTIDO ISOLADO,PSB,PARTIDO ISOLADO,PARTIDO:PSB,401.0,401.0,3.0,0,13590.0,159.0,13749.0,1.0,172868.0,0.07953467385519587,0.0023196890112687136,0.029165757509637066,0.7953467385519587,8.651051691178928,3.8825452362128234,10.0,JORGE AUGUSTO DIAS ALVES,1.0,0.0,607.0,9.247927513443585,0.07827715596861705,0.7827715596861704,1.0
2024,87912,PELOTAS,210001919030,SERGIO AUGUSTO DORNELES,SERGIO DORNELES,PSB,MASCULINO,PRETA,SUPERIOR COMPLETO,SERVIDOR PÚBLICO ESTADUAL,SUPLENTE,0,Esquerda,Centro,0.0,0.0,1800.0,6640.67,0.0,0.0,0.0,0.0,8440.67,8440.67,1.0,1.0,8440.67,3.238889250622796,0.0,0.0,1800.0,6640.67,0.0,0.0,0.0,0.0,7800.0,0.0,0.0,0.0,0.0,17.0,7800.0,1.0,7800.0,0.0,7800.0,0.0,0.0,0.0,0.0,0.0,0,3.137503523749935,3.137503523749935,0.0,PSB,-1,#NULO#,#NULO#,210001696808,PARTIDO ISOLADO,PSB,PARTIDO ISOLADO,PARTIDO:PSB,296.0,296.0,3.0,0,13590.0,159.0,13749.0,1.0,172868.0,0.07953467385519587,0.0017122891454751602,0.02152883846097898,0.7953467385519587,8.214319120800766,3.8825452362128234,13.0,SERGIO AUGUSTO DORNELES,0.0,0.0,0.0,0.0,0.07827715596861705,0.7827715596861704,1.0
2024,87912,PELOTAS,210001919026,TONY DE SIQUEIRA SECHI,TONY SECHI,PSB,MASCULINO,BRANCA,SUPERIOR COMPLETO,OUTROS,SUPLENTE,0,Esquerda,Centro,1200.0,0.0,86.0,82425.06,0.0,0.0,0.0,0.0,83711.06,82511.06,0.9856649766470524,1.0,83711.06,6.404478437118674,1200.0,0.0,86.0,82425.06,0.0,0.0,0.0,0.0,81194.36,3405.0,3405.0,0.0,0.0,150.0,77789.36,1.0,81194.36,3405.0,77789.36,3405.0,0.0,0.0,0.0419364103615078,0.4193641036150786,1,6.36096749756331,6.299928910969182,2.1391420191456887,PSB,-1,#NULO#,#NULO#,210001696808,PARTIDO ISOLADO,PSB,PARTIDO ISOLADO,PARTIDO:PSB,512.0,512.0,3.0,0,13590.0,159.0,13749.0,1.0,172868.0,0.07953467385519587,0.002961797440821899,0.037239071932504184,0.7953467385519587,9.002815015607053,3.8825452362128234,7.0,TONY DE SIQUEIRA SECHI,0.0,0.0,0.0,0.0,0.07827715596861705,0.7827715596861704,1.0
2024,87912,PELOTAS,210001919018,LEANDRO MADEIRA SALVADOR,LEANDRO MADEIRA,PSB,MASCULINO,PRETA,ENSINO FUNDAMENTAL INCOMPLETO,COMERCIANTE,SUPLENTE,0,Esquerda,Centro,0.0,0.0,0.0,1762.67,1000.0,0.0,0.0,0.0,2762.67,1762.67,0.6380313247691545,1.0,2762.67,1.911756765291981,0.0,0.0,0.0,1762.67,1000.0,0.0,0.0,0.0,2122.0,0.0,0.0,0.0,0.0,10.0,2122.0,1.0,2122.0,0.0,2122.0,0.0,0.0,0.0,0.0,0.0,0,1.6424705373158217,1.6424705373158217,0.0,PSB,-1,#NULO#,#NULO#,210001696808,PARTIDO ISOLADO,PSB,PARTIDO ISOLADO,PARTIDO:PSB,113.0,113.0,3.0,0,13590.0,159.0,13749.0,1.0,172868.0,0.07953467385519587,0.0006536779508063956,0.008218779547603462,0.7953467385519587,6.832890014164741,3.8825452362128234,19.0,LEANDRO MADEIRA SALVADOR,0.0,0.0,0.0,0.0,0.07827715596861705,0.7827715596861704,1.0
2024,87912,PELOTAS,210002232417,VANESSA DE BARROS SIMÕES,NEGA VÁ,MDB,FEMININO,PRETA,ENSINO MÉDIO COMPLETO,OUTROS,NÃO ELEITO,0,Centro,Centro,0.0,0.0,0.0,2500.0,0.0,0.0,0.0,0.0,2500.0,2500.0,1.0,1.0,2500.0,1.807354922057604,0.0,0.0,0.0,2500.0,0.0,0.0,0.0,0.0,2495.0,0.0,0.0,0.0,0.0,5.0,2495.0,1.0,2495.0,0.0,2495.0,0.0,0.0,0.0,0.0,0.0,0,1.805292455600712,1.805292455600712,0.0,MDB,-1,#NULO#,#NULO#,210001743124,PARTIDO ISOLADO,MDB,PARTIDO ISOLADO,PARTIDO:MDB,255.0,255.0,3.0,0,6218.0,320.0,6538.0,1.0,172868.0,0.03782076497674526,0.0014751139597843441,0.03900275313551545,0.3782076497674526,8.0,2.9141817950022695,9.0,VANESSA DE BARROS SIMOES,0.0,0.0,0.0,0.0,0.025313604211854208,0.25313604211854207,1.0
2024,87912,PELOTAS,210002232401,IEDA BARCELOS BARBOSA,IEDA DA VEGA,MDB,FEMININO,BRANCA,ENSINO MÉDIO COMPLETO,COMERCIANTE,NÃO ELEITO,0,Centro,Centro,0.0,0.0,0.0,2500.0,0.0,0.0,0.0,0.0,2500.0,2500.0,1.0,1.0,2500.0,1.807354922057604,0.0,0.0,0.0,2500.0,0.0,0.0,0.0,0.0,2500.0,0.0,0.0,0.0,0.0,5.0,2500.0,1.0,2500.0,0.0,2500.0,0.0,0.0,0.0,0.0,0.0,0,1.807354922057604,1.807354922057604,0.0,MDB,-1,#NULO#,#NULO#,210001743124,PARTIDO ISOLADO,MDB,PARTIDO ISOLADO,PARTIDO:MDB,176.0,176.0,3.0,0,6218.0,320.0,6538.0,1.0,172868.0,0.03782076497674526,0.0010181178702825277,0.02691954726215968,0.3782076497674526,7.467605550082998,2.9141817950022695,12.0,IEDA BARCELOS BARBOSA,0.0,0.0,0.0,0.0,0.025313604211854208,0.25313604211854207,1.0
2024,87912,PELOTAS,210002232413,ARNALDO GERMANO ETCHALUS,SURDINA,MDB,MASCULINO,BRANCA,ENSINO MÉDIO COMPLETO,OUTROS,NÃO ELEITO,0,Centro,Centro,0.0,326.0,0.0,0.0,0.0,0.0,0.0,0.0,326.0,0.0,0.0,1.0,326.0,0.4070807754505007,0.0,326.0,0.0,0.0,0.0,0.0,0.0,0.0,326.0,0.0,0.0,0.0,0.0,2.0,326.0,1.0,326.0,0.0,326.0,0.0,0.0,0.0,0.0,0.0,0,0.4070807754505007,0.4070807754505007,0.0,MDB,-1,#NULO#,#NULO#,210001743124,PARTIDO ISOLADO,MDB,PARTIDO ISOLADO,PARTIDO:MDB,152.0,152.0,3.0,0,6218.0,320.0,6538.0,1.0,172868.0,0.03782076497674526,0.0008792836152440012,0.023248699908228816,0.3782076497674526,7.257387842692652,2.9141817950022695,14.0,ARNALDO GERMANO ETCHALUS,0.0,0.0,0.0,0.0,0.025313604211854208,0.25313604211854207,1.0
2024,87912,PELOTAS,210002232398,VINICIUS DA SILVA MENDES,VINICIUS COMMANDER,MDB,MASCULINO,BRANCA,ENSINO MÉDIO COMPLETO,OUTROS,NÃO ELEITO,0,Centro,Centro,2065.0,1746.0,0.0,1500.0,0.0,0.0,0.0,0.0,5311.0,1500.0,0.2824326868762944,1.0,5311.0,2.657868623390838,2065.0,1746.0,0.0,1500.0,0.0,0.0,0.0,0.0,5310.0,0.0,0.0,0.0,0.0,11.0,5310.0,1.0,5310.0,0.0,5310.0,0.0,0.0,0.0,0.0,0.0,0,2.657640005207824,2.657640005207824,0.0,MDB,-1,#NULO#,#NULO#,210001743124,PARTIDO ISOLADO,MDB,PARTIDO ISOLADO,PARTIDO:MDB,290.0,290.0,3.0,0,6218.0,320.0,6538.0,1.0,172868.0,0.03782076497674526,0.0016775805817155285,0.04435607219333129,0.3782076497674526,8.184875342908283,2.9141817950022695,7.0,VINICIUS DA SILVA MENDES,0.0,0.0,0.0,0.0,0.025313604211854208,0.25313604211854207,1.0
