ano,codigo_municipio,SG_PARTIDO,lista_id,municipio_partido,votos_legenda_validos,votos_nominais_convertidos_legenda,total_votos_legenda_validos,votos_nominais_validos_partido,votos_validos_partido,partido_normalizado,fracao_votos_partido
2016,84735,PDT,COLIGACAO:210000001232,ÁUREA,14,0,14,465,479,PDT,0.1739288307915759
2016,84735,PMDB,COLIGACAO:210000001232,ÁUREA,8,0,8,399,407,PMDB,0.14778503994190267
2016,84735,PP,COLIGACAO:210000001232,ÁUREA,48,0,48,537,585,PP,0.21241830065359477
2016,84735,PRB,COLIGACAO:210000001232,ÁUREA,4,0,4,22,26,PRB,0.00944081336238199
2016,84735,PT,COLIGACAO:210000002148,ÁUREA,40,0,40,454,494,PT,0.1793754538852578
2016,84735,PTB,COLIGACAO:210000002148,ÁUREA,10,0,10,753,763,PTB,0.27705156136528686
2016,84743,PDT,COLIGACAO:210000000700,TRÊS ARROIOS,30,93,123,433,556,PDT,0.24247710423026603
2016,84743,PMDB,COLIGACAO:210000000700,TRÊS ARROIOS,18,0,18,548,566,PMDB,0.24683820322721325
2016,84743,PP,COLIGACAO:210000000700,TRÊS ARROIOS,4,0,4,44,48,PP,0.020933275185346708
2016,84743,PRB,COLIGACAO:210000000272,TRÊS ARROIOS,4,0,4,63,67,PRB,0.029219363279546447
2016,84743,PSC,COLIGACAO:210000000272,TRÊS ARROIOS,1,0,1,7,8,PSC,0.0034888791975577847
2016,84743,PSD,COLIGACAO:210000000700,TRÊS ARROIOS,5,0,5,278,283,PSD,0.12341910161360663
2016,84743,PSDB,COLIGACAO:210000000272,TRÊS ARROIOS,1,0,1,126,127,PSDB,0.05538595726122983
2016,84743,PT,COLIGACAO:210000000272,TRÊS ARROIOS,6,0,6,241,247,PT,0.1077191452245966
2016,84743,PTB,COLIGACAO:210000000272,TRÊS ARROIOS,23,0,23,368,391,PTB,0.1705189707806367
2016,84751,DEM,COLIGACAO:210000000257,NOVA ROMA DO SUL,0,0,0,0,0,DEM,0.0
2016,84751,PMDB,COLIGACAO:210000000257,NOVA ROMA DO SUL,30,0,30,1200,1230,PMDB,0.4381902386889918
2016,84751,PP,COLIGACAO:210000000322,NOVA ROMA DO SUL,30,0,30,561,591,PP,0.21054506590666192
2016,84751,PSDB,COLIGACAO:210000000322,NOVA ROMA DO SUL,1,0,1,80,81,PSDB,0.028856430352689703
2016,84751,PT,COLIGACAO:210000000322,NOVA ROMA DO SUL,5,0,5,773,778,PT,0.2771642322764517
2016,84751,PTB,COLIGACAO:210000000322,NOVA ROMA DO SUL,1,0,1,126,127,PTB,0.04524403277520485
2016,84760,PDT,COLIGACAO:210000002315,PROGRESSO,62,0,62,1169,1231,PDT,0.2732519422863485
2016,84760,PMDB,COLIGACAO:210000001457,PROGRESSO,23,0,23,640,663,PMDB,0.1471698113207547
2016,84760,PP,COLIGACAO:210000002315,PROGRESSO,28,0,28,1483,1511,PP,0.3354051054384018
2016,84760,PT,COLIGACAO:210000001457,PROGRESSO,5,0,5,222,227,PT,0.050388457269700336
2016,84760,PT do B,COLIGACAO:210000001457,PROGRESSO,0,0,0,31,31,PT DO B,0.006881243063263041
2016,84760,PTB,PARTIDO:PTB,PROGRESSO,61,0,61,781,842,PTB,0.18690344062153164
2016,84778,PDT,COLIGACAO:210000000621,PIRAPÓ,16,0,16,184,200,PDT,0.0964785335262904
2016,84778,PMDB,PARTIDO:PMDB,PIRAPÓ,62,0,62,870,932,PMDB,0.44958996623251324
2016,84778,PP,COLIGACAO:210000000621,PIRAPÓ,61,0,61,742,803,PP,0.38736131210805597
2016,84778,PT,COLIGACAO:210000000621,PIRAPÓ,1,0,1,137,138,PT,0.06657018813314038
2016,84786,PDT,COLIGACAO:210000001026,JABOTICABA,77,0,77,823,900,PDT,0.3203987184051264
2016,84786,PMDB,COLIGACAO:210000001026,JABOTICABA,2,0,2,33,35,PMDB,0.01245995016019936
2016,84786,PP,PARTIDO:PP,JABOTICABA,50,0,50,1211,1261,PP,0.44891420434318263
2016,84786,PSB,COLIGACAO:210000001026,JABOTICABA,5,0,5,311,316,PSB,0.11249555001779993
2016,84786,PT,PARTIDO:PT,JABOTICABA,21,0,21,276,297,PT,0.1057315770736917
2016,84794,DEM,COLIGACAO:210000001530,SÃO JORGE,14,0,14,0,14,DEM,0.006081668114682885
2016,84794,PMDB,COLIGACAO:210000001530,SÃO JORGE,11,0,11,586,597,PMDB,0.2593397046046916
2016,84794,PP,COLIGACAO:210000000543,SÃO JORGE,9,0,9,557,566,PP,0.24587315377932234
2016,84794,PPS,COLIGACAO:210000001530,SÃO JORGE,1,0,1,258,259,PPS,0.11251086012163336
2016,84794,PSD,COLIGACAO:210000001530,SÃO JORGE,0,0,0,46,46,PSD,0.01998262380538662
2016,84794,PSDB,COLIGACAO:210000001530,SÃO JORGE,1,0,1,72,73,PSDB,0.0317115551694179
2016,84794,PT,COLIGACAO:210000000543,SÃO JORGE,20,0,20,543,563,PT,0.24456993918331885
2016,84794,PTB,COLIGACAO:210000001530,SÃO JORGE,5,0,5,179,184,PTB,0.07993049522154648
2016,84808,PDT,COLIGACAO:210000001419,ALTO ALEGRE,30,0,30,595,625,PDT,0.38273116962645437
2016,84808,PMDB,COLIGACAO:210000001280,ALTO ALEGRE,2,0,2,255,257,PMDB,0.15737905695039803
2016,84808,PP,COLIGACAO:210000001280,ALTO ALEGRE,16,0,16,244,260,PP,0.15921616656460502
2016,84808,PSB,COLIGACAO:210000001280,ALTO ALEGRE,8,0,8,268,276,PSB,0.16901408450704225
2016,84808,PT,COLIGACAO:210000001419,ALTO ALEGRE,2,0,2,43,45,PT,0.027556644213104716
2016,84808,PTB,COLIGACAO:210000001419,ALTO ALEGRE,1,0,1,169,170,PTB,0.1041028781383956
2016,84816,DEM,COLIGACAO:210000000140,NOVA HARTZ,3,0,3,35,38,DEM,0.003067979977393832
2016,84816,PC do B,COLIGACAO:210000000138,NOVA HARTZ,3,0,3,243,246,PC DO B,0.01986113353786533
2016,84816,PDT,COLIGACAO:210000001247,NOVA HARTZ,19,0,19,841,860,PDT,0.06943323106733408
2016,84816,PMDB,COLIGACAO:210000000138,NOVA HARTZ,121,0,121,2994,3115,PMDB,0.25149362183109963
2016,84816,PP,COLIGACAO:210000000111,NOVA HARTZ,156,0,156,1855,2011,PP,0.16236072985628935
2016,84816,PPS,COLIGACAO:210000001247,NOVA HARTZ,3,0,3,271,274,PPS,0.02212175036331342
2016,84816,PRB,COLIGACAO:210000001247,NOVA HARTZ,10,0,10,31,41,PRB,0.0033101889229775554
2016,84816,PROS,PARTIDO:PROS,NOVA HARTZ,14,0,14,1454,1468,PROS,0.11852091070563539
2016,84816,PSB,COLIGACAO:210000000903,NOVA HARTZ,11,0,11,589,600,PSB,0.04844178911674471
2016,84816,PSC,COLIGACAO:210000000140,NOVA HARTZ,17,0,17,1215,1232,PSC,0.0994671403197158
2016,84816,PSDB,COLIGACAO:210000000140,NOVA HARTZ,15,0,15,650,665,PSDB,0.053689649604392056
2016,84816,PT,COLIGACAO:210000000903,NOVA HARTZ,63,0,63,1262,1325,PT,0.10697561763281124
2016,84816,PTB,COLIGACAO:210000001247,NOVA HARTZ,11,0,11,54,65,PTB,0.0052478604876473435
2016,84816,PTC,COLIGACAO:210000001247,NOVA HARTZ,0,0,0,0,0,PTC,0.0
2016,84816,PV,COLIGACAO:210000001247,NOVA HARTZ,1,0,1,0,1,PV,8.073631519457452e-05
2016,84816,REDE,COLIGACAO:210000000111,NOVA HARTZ,0,0,0,344,344,REDE,0.027773292426933636
2016,84816,SD,COLIGACAO:210000000140,NOVA HARTZ,6,0,6,95,101,SD,0.008154367834652027
2016,84824,DEM,COLIGACAO:210000001065,DOIS LAJEADOS,4,0,4,362,366,DEM,0.14224640497473767
2016,84824,PDT,COLIGACAO:210000000961,DOIS LAJEADOS,12,0,12,322,334,PDT,0.12980956082394093
2016,84824,PMDB,COLIGACAO:210000001112,DOIS LAJEADOS,32,0,32,686,718,PMDB,0.27905169063350177
2016,84824,PP,COLIGACAO:210000001112,DOIS LAJEADOS,11,0,11,324,335,PP,0.13019821220365332
2016,84824,PPS,COLIGACAO:210000000961,DOIS LAJEADOS,1,0,1,95,96,PPS,0.03731053245239021
2016,84824,PSB,COLIGACAO:210000001065,DOIS LAJEADOS,2,0,2,84,86,PSB,0.03342401865526622
2016,84824,PT,COLIGACAO:210000000961,DOIS LAJEADOS,26,0,26,294,320,PT,0.12436844150796736
2016,84824,PTB,COLIGACAO:210000001065,DOIS LAJEADOS,2,0,2,121,123,PTB,0.047804119704624955
2016,84824,PV,COLIGACAO:210000001112,DOIS LAJEADOS,1,0,1,194,195,PV,0.0757870190439176
2016,84832,PDT,PARTIDO:PDT,SÃO DOMINGOS DO SUL,15,0,15,144,159,PDT,0.06883116883116883
2016,84832,PMDB,COLIGACAO:210000002324,SÃO DOMINGOS DO SUL,8,0,8,342,350,PMDB,0.15151515151515152
2016,84832,PP,PARTIDO:PP,SÃO DOMINGOS DO SUL,54,0,54,880,934,PP,0.4043290043290043
2016,84832,PSB,COLIGACAO:210000002324,SÃO DOMINGOS DO SUL,4,0,4,284,288,PSB,0.12467532467532468
2016,84832,PT,COLIGACAO:210000002324,SÃO DOMINGOS DO SUL,28,0,28,386,414,PT,0.17922077922077922
2016,84832,PTB,COLIGACAO:210000002324,SÃO DOMINGOS DO SUL,5,0,5,160,165,PTB,0.07142857142857142
2016,84840,PMDB,COLIGACAO:210000000399,TUNAS,71,0,71,1589,1660,PMDB,0.555741546702377
2016,84840,PP,COLIGACAO:210000001302,TUNAS,24,0,24,631,655,PP,0.21928356210244393
2016,84840,PSDB,COLIGACAO:210000000399,TUNAS,3,0,3,215,218,PSDB,0.0729829260127218
2016,84840,PT,COLIGACAO:210000001302,TUNAS,4,0,4,205,209,PT,0.06996986943421493
2016,84840,PTB,COLIGACAO:210000001302,TUNAS,26,0,26,219,245,PTB,0.08202209574824239
2016,84859,PDT,COLIGACAO:210000001339,SÃO JOÃO DA URTIGA,24,0,24,712,736,PDT,0.19522546419098144
2016,84859,PMDB,COLIGACAO:210000001339,SÃO JOÃO DA URTIGA,59,0,59,845,904,PMDB,0.23978779840848807
2016,84859,PP,COLIGACAO:210000001339,SÃO JOÃO DA URTIGA,31,0,31,818,849,PP,0.22519893899204244
2016,84859,PPS,COLIGACAO:210000002458,SÃO JOÃO DA URTIGA,6,274,280,37,317,PPS,0.08408488063660477
2016,84859,PSB,COLIGACAO:210000002458,SÃO JOÃO DA URTIGA,3,0,3,367,370,PSB,0.09814323607427056
2016,84859,PT,COLIGACAO:210000002458,SÃO JOÃO DA URTIGA,4,0,4,270,274,PT,0.0726790450928382
2016,84859,PTB,COLIGACAO:210000002458,SÃO JOÃO DA URTIGA,38,0,38,282,320,PTB,0.08488063660477453
2016,84867,DEM,COLIGACAO:210000000169,GUABIJU,1,0,1,75,76,DEM,0.057358490566037736
2016,84867,PMDB,COLIGACAO:210000001517,GUABIJU,15,0,15,428,443,PMDB,0.33433962264150946
2016,84867,PP,COLIGACAO:210000000169,GUABIJU,27,0,27,455,482,PP,0.36377358490566036
2016,84867,PSD,COLIGACAO:210000000169,GUABIJU,1,0,1,51,52,PSD,0.03924528301886793
2016,84867,PSDB,COLIGACAO:210000001517,GUABIJU,0,0,0,83,83,PSDB,0.06264150943396227
2016,84867,PT,COLIGACAO:210000000169,GUABIJU,2,0,2,152,154,PT,0.11622641509433962
2016,84867,PTB,COLIGACAO:210000001517,GUABIJU,2,0,2,33,35,PTB,0.026415094339622643
2016,84875,PDT,PARTIDO:PDT,QUINZE DE NOVEMBRO,9,0,9,507,516,PDT,0.17211474316210806
2016,84875,PMDB,PARTIDO:PMDB,QUINZE DE NOVEMBRO,44,0,44,1494,1538,PMDB,0.5130086724482988
2016,84875,PP,PARTIDO:PP,QUINZE DE NOVEMBRO,37,0,37,724,761,PP,0.25383589059372913
2016,84875,PSB,PARTIDO:PSB,QUINZE DE NOVEMBRO,22,0,22,161,183,PSB,0.06104069379586391
2016,84883,PDT,PARTIDO:PDT,DOUTOR MAURÍCIO CARDOSO,10,0,10,100,110,PDT,0.02967359050445104
2016,84883,PMDB,COLIGACAO:210000002296,DOUTOR MAURÍCIO CARDOSO,1,0,1,164,165,PMDB,0.04451038575667656
2016,84883,PP,PARTIDO:PP,DOUTOR MAURÍCIO CARDOSO,130,0,130,1580,1710,PP,0.46128945238737523
2016,84883,PT,PARTIDO:PT,DOUTOR MAURÍCIO CARDOSO,17,0,17,585,602,PT,0.16239546803345023
2016,84883,PTB,COLIGACAO:210000002296,DOUTOR MAURÍCIO CARDOSO,15,0,15,1105,1120,PTB,0.30213110331804693
2016,84891,DEM,COLIGACAO:210000002668,CAPELA DE SANTANA,14,0,14,905,919,DEM,0.15102711585866885
2016,84891,PDT,COLIGACAO:210000002668,CAPELA DE SANTANA,21,0,21,550,571,PDT,0.09383730484798686
2016,84891,PMDB,COLIGACAO:210000002662,CAPELA DE SANTANA,62,0,62,444,506,PMDB,0.08315529991783073
2016,84891,PP,COLIGACAO:210000000152,CAPELA DE SANTANA,149,0,149,2587,2736,PP,0.4496302382908792
2016,84891,PPS,COLIGACAO:210000000152,CAPELA DE SANTANA,3,0,3,34,37,PPS,0.006080525883319639
2016,84891,PRB,COLIGACAO:210000000182,CAPELA DE SANTANA,4,0,4,47,51,PRB,0.00838126540673788
2016,84891,PSD,COLIGACAO:210000002662,CAPELA DE SANTANA,6,0,6,51,57,PSD,0.009367296631059984
2016,84891,PTB,COLIGACAO:210000002662,CAPELA DE SANTANA,3,0,3,270,273,PTB,0.04486442070665571
2016,84891,REDE,COLIGACAO:210000002668,CAPELA DE SANTANA,2,0,2,146,148,REDE,0.024322103533278554
2016,84891,SD,COLIGACAO:210000000182,CAPELA DE SANTANA,7,0,7,780,787,SD,0.12933442892358257
2016,84905,DEM,COLIGACAO:210000000819,JAQUIRANA,3,0,3,197,200,DEM,0.06795786612300374
2016,84905,PDT,COLIGACAO:210000001617,JAQUIRANA,60,0,60,640,700,PDT,0.23785253143051308
2016,84905,PMDB,PARTIDO:PMDB,JAQUIRANA,4,0,4,393,397,PMDB,0.13489636425416243
2016,84905,PP,COLIGACAO:210000000819,JAQUIRANA,60,0,60,1223,1283,PP,0.435949711179069
2016,84905,PSD,COLIGACAO:210000001617,JAQUIRANA,5,0,5,124,129,PSD,0.04383282364933741
2016,84905,PT,COLIGACAO:210000001617,JAQUIRANA,4,0,4,61,65,PT,0.022086306489976216
2016,84905,PTB,COLIGACAO:210000001617,JAQUIRANA,5,0,5,164,169,PTB,0.05742439687393816
2016,84913,PDT,COLIGACAO:210000001583,VANINI,42,0,42,402,444,PDT,0.24707846410684475
2016,84913,PMDB,COLIGACAO:210000001583,VANINI,4,0,4,172,176,PMDB,0.09794101279910963
2016,84913,PP,PARTIDO:PP,VANINI,31,0,31,983,1014,PP,0.5642737896494157
2016,84913,PSB,COLIGACAO:210000001583,VANINI,4,0,4,129,133,PSB,0.07401224262659989
2016,84913,PT,COLIGACAO:210000001583,VANINI,2,0,2,28,30,PT,0.01669449081803005
2016,84921,PDT,COLIGACAO:210000000647,BOQUEIRÃO DO LEÃO,104,0,104,1694,1798,PDT,0.36411502632644793
2016,84921,PMDB,COLIGACAO:210000000755,BOQUEIRÃO DO LEÃO,116,0,116,2022,2138,PMDB,0.43296881328473064
2016,84921,PSB,COLIGACAO:210000000647,BOQUEIRÃO DO LEÃO,8,0,8,614,622,PSB,0.12596192790603483
2016,84921,PSDB,COLIGACAO:210000000755,BOQUEIRÃO DO LEÃO,2,0,2,60,62,PSDB,0.012555690562980963
2016,84921,PT,COLIGACAO:210000000755,BOQUEIRÃO DO LEÃO,9,0,9,263,272,PT,0.05508302956662616
2016,84921,PTB,COLIGACAO:210000000647,BOQUEIRÃO DO LEÃO,8,0,8,38,46,PTB,0.009315512353179425
2016,84930,PDT,COLIGACAO:210000000766,FAGUNDES VARELA,8,0,8,560,568,PDT,0.2684310018903592
2016,84930,PMDB,PARTIDO:PMDB,FAGUNDES VARELA,33,0,33,833,866,PMDB,0.40926275992438566
2016,84930,PP,COLIGACAO:210000000766,FAGUNDES VARELA,21,0,21,538,559,PP,0.26417769376181477
2016,84930,PSD,COLIGACAO:210000000766,FAGUNDES VARELA,4,0,4,118,122,PSD,0.057655954631379965
2016,84930,PT,COLIGACAO:210000000766,FAGUNDES VARELA,0,0,0,0,0,PT,0.0
2016,84930,PTB,COLIGACAO:210000000766,FAGUNDES VARELA,1,0,1,0,1,PTB,0.0004725897920604915
2016,84948,PDT,COLIGACAO:210000000983,ÁGUA SANTA,8,0,8,75,83,PDT,0.030740740740740742
2016,84948,PMDB,COLIGACAO:210000000983,ÁGUA SANTA,79,0,79,1127,1206,PMDB,0.44666666666666666
2016,84948,PP,COLIGACAO:210000002481,ÁGUA SANTA,5,0,5,326,331,PP,0.12259259259259259
2016,84948,PPS,COLIGACAO:210000002481,ÁGUA SANTA,16,0,16,365,381,PPS,0.1411111111111111
2016,84948,PSDB,COLIGACAO:210000002481,ÁGUA SANTA,9,0,9,397,406,PSDB,0.15037037037037038
2016,84948,PT,COLIGACAO:210000000983,ÁGUA SANTA,5,0,5,288,293,PT,0.10851851851851851
2016,84956,PMDB,PARTIDO:PMDB,SILVEIRA MARTINS,38,0,38,693,731,PMDB,0.37467965146078935
2016,84956,PP,COLIGACAO:210000000092,SILVEIRA MARTINS,9,0,9,597,606,PP,0.3106099436186571
2016,84956,PSDB,COLIGACAO:210000000092,SILVEIRA MARTINS,15,0,15,548,563,PSDB,0.2885699641209636
2016,84956,PT,PARTIDO:PT,SILVEIRA MARTINS,4,0,4,47,51,PT,0.026140440799589954
2016,84964,PDT,PARTIDO:PDT,IBIRAPUITÃ,22,0,22,817,839,PDT,0.2621875
2016,84964,PMDB,PARTIDO:PMDB,IBIRAPUITÃ,16,0,16,799,815,PMDB,0.2546875
2016,84964,PP,PARTIDO:PP,IBIRAPUITÃ,55,0,55,995,1050,PP,0.328125
2016,84964,PSB,COLIGACAO:210000002707,IBIRAPUITÃ,3,0,3,63,66,PSB,0.020625
2016,84964,PSC,COLIGACAO:210000002707,IBIRAPUITÃ,0,0,0,115,115,PSC,0.0359375
2016,84964,PTB,COLIGACAO:210000002707,IBIRAPUITÃ,28,0,28,287,315,PTB,0.0984375
2016,84972,PMDB,COLIGACAO:210000001152,IBARAMA,50,0,50,1462,1512,PMDB,0.4268774703557312
2016,84972,PP,COLIGACAO:210000000764,IBARAMA,56,0,56,1448,1504,PP,0.4246188594014681
2016,84972,PT,COLIGACAO:210000000764,IBARAMA,8,0,8,148,156,PT,0.044042913608131
2016,84972,PTB,COLIGACAO:210000001152,IBARAMA,3,0,3,367,370,PTB,0.10446075663466968
2016,84980,PDT,COLIGACAO:210000000987,PANTANO GRANDE,47,0,47,859,906,PDT,0.12666014259751154
2016,84980,PMDB,COLIGACAO:210000000987,PANTANO GRANDE,26,0,26,790,816,PMDB,0.1140780092268978
2016,84980,PP,COLIGACAO:210000000976,PANTANO GRANDE,99,0,99,1467,1566,PP,0.21892912064867887
2016,84980,PSB,COLIGACAO:210000002351,PANTANO GRANDE,10,0,10,197,207,PSB,0.028938906752411574
2016,84980,PSD,COLIGACAO:210000002351,PANTANO GRANDE,6,0,6,174,180,PSD,0.025164266741227456
2016,84980,PSDB,COLIGACAO:210000000976,PANTANO GRANDE,11,0,11,330,341,PSDB,0.04767230532643646
2016,84980,PT,COLIGACAO:210000002459,PANTANO GRANDE,36,0,36,618,654,PT,0.09143016915979309
2016,84980,PTB,COLIGACAO:210000002351,PANTANO GRANDE,135,0,135,2180,2315,PTB,0.32364043058856423
2016,84980,SD,COLIGACAO:210000002459,PANTANO GRANDE,8,0,8,160,168,SD,0.023486648958478958
2016,84999,PDT,COLIGACAO:210000002380,IPÊ,15,0,15,303,318,PDT,0.06776049435329214
2016,84999,PMDB,COLIGACAO:210000002419,IPÊ,77,0,77,1385,1462,PMDB,0.3115278073726827
2016,84999,PP,COLIGACAO:210000002380,IPÊ,87,0,87,1516,1603,PP,0.34157255486895377
2016,84999,PSDB,COLIGACAO:210000002419,IPÊ,11,0,11,397,408,PSDB,0.08693799275516727
2016,84999,PT,COLIGACAO:210000002419,IPÊ,7,0,7,568,575,PT,0.12252290645642447
2016,84999,PTB,COLIGACAO:210000002380,IPÊ,5,0,5,322,327,PTB,0.06967824419347965
2016,85006,DEM,COLIGACAO:210000000761,TRINDADE DO SUL,3,0,3,260,263,DEM,0.06213087644696433
2016,85006,PDT,COLIGACAO:210000001106,TRINDADE DO SUL,94,0,94,1242,1336,PDT,0.31561540278762107
2016,85006,PMDB,COLIGACAO:210000000761,TRINDADE DO SUL,62,0,62,396,458,PMDB,0.1081974958658162
2016,85006,PP,COLIGACAO:210000001106,TRINDADE DO SUL,18,0,18,170,188,PP,0.04441294590125207
2016,85006,PPS,COLIGACAO:210000000761,TRINDADE DO SUL,13,0,13,208,221,PPS,0.05220883534136546
2016,85006,PSB,COLIGACAO:210000000761,TRINDADE DO SUL,1,0,1,241,242,PSB,0.057169855894164893
2016,85006,PSDB,COLIGACAO:210000001106,TRINDADE DO SUL,9,0,9,437,446,PSDB,0.10536262697850224
2016,85006,PT,COLIGACAO:210000000761,TRINDADE DO SUL,28,0,28,792,820,PT,0.19371604063312073
2016,85006,PTB,COLIGACAO:210000001106,TRINDADE DO SUL,2,0,2,257,259,PTB,0.06118592015119301
2016,85014,DEM,COLIGACAO:210000001504,AGUDO,16,0,16,293,309,DEM,0.0279158008853555
2016,85014,PDT,COLIGACAO:210000001004,AGUDO,37,0,37,1005,1042,PDT,0.09413677839009847
2016,85014,PMDB,COLIGACAO:210000001004,AGUDO,274,0,274,4618,4892,PMDB,0.44195500948595173
2016,85014,PP,COLIGACAO:210000001504,AGUDO,88,0,88,2611,2699,PP,0.24383413135784623
2016,85014,PSB,PARTIDO:PSB,AGUDO,3,0,3,132,135,PSB,0.012196223687776673
2016,85014,PSDB,COLIGACAO:210000001504,AGUDO,129,0,129,1140,1269,PSDB,0.11464450266510073
2016,85014,PT,COLIGACAO:210000001004,AGUDO,19,0,19,704,723,PT,0.06531755352787064
2016,85022,PDT,COLIGACAO:210000002150,ERNESTINA,29,0,29,744,773,PDT,0.30638129211256443
2016,85022,PMDB,COLIGACAO:210000002150,ERNESTINA,4,0,4,113,117,PMDB,0.04637336504161712
2016,85022,PP,COLIGACAO:210000001019,ERNESTINA,3,0,3,179,182,PP,0.07213634562029331
2016,85022,PSB,PARTIDO:PSB,ERNESTINA,10,0,10,482,492,PSB,0.19500594530321047
2016,85022,PSDB,COLIGACAO:210000001019,ERNESTINA,35,0,35,783,818,PSDB,0.32421720174395563
2016,85022,PTB,COLIGACAO:210000002150,ERNESTINA,2,0,2,139,141,PTB,0.0558858501783591
2016,85030,PDT,COLIGACAO:210000002449,AJURICABA,6,0,6,308,314,PDT,0.06048930841841649
2016,85030,PMDB,COLIGACAO:210000002449,AJURICABA,77,0,77,780,857,PMDB,0.1650934309381622
2016,85030,PP,COLIGACAO:210000002449,AJURICABA,29,0,29,1033,1062,PP,0.20458485840878443
2016,85030,PT,PARTIDO:PT,AJURICABA,56,0,56,1051,1107,PT,0.21325370834136004
2016,85030,PTB,PARTIDO:PTB,AJURICABA,101,0,101,1750,1851,PTB,0.35657869389327684
2016,85049,PDT,COLIGACAO:210000000602,DEZESSEIS DE NOVEMBRO,12,0,12,214,226,PDT,0.09483843894250944
2016,85049,PMDB,PARTIDO:PMDB,DEZESSEIS DE NOVEMBRO,49,0,49,917,966,PMDB,0.4053713806126731
2016,85049,PP,COLIGACAO:210000000602,DEZESSEIS DE NOVEMBRO,49,0,49,810,859,PP,0.3604699958036089
2016,85049,PT,COLIGACAO:210000000602,DEZESSEIS DE NOVEMBRO,11,0,11,321,332,PT,0.13932018464120857
2016,85057,PDT,PARTIDO:PDT,ALECRIM,70,0,70,355,425,PDT,0.08191981495759446
2016,85057,PMDB,PARTIDO:PMDB,ALECRIM,157,0,157,3242,3399,PMDB,0.655165767154973
2016,85057,PP,PARTIDO:PP,ALECRIM,35,0,35,502,537,PP,0.10350809560524286
2016,85057,PPS,PARTIDO:PPS,ALECRIM,10,0,10,817,827,PPS,0.15940632228218968
2016,85065,PDT,COLIGACAO:210000002153,BROCHIER,20,0,20,927,947,PDT,0.27836566725455614
2016,85065,PMDB,COLIGACAO:210000001612,BROCHIER,48,0,48,1146,1194,PMDB,0.3509700176366843
2016,85065,PP,PARTIDO:PP,BROCHIER,60,0,60,509,569,PP,0.16725455614344503
2016,85065,PSDB,COLIGACAO:210000001612,BROCHIER,6,0,6,199,205,PSDB,0.06025867136978248
2016,85065,PT,COLIGACAO:210000002153,BROCHIER,9,0,9,420,429,PT,0.12610229276895943
2016,85065,PTB,COLIGACAO:210000001612,BROCHIER,2,0,2,56,58,PTB,0.017048794826572605
2016,85073,PC do B,COLIGACAO:210000001140,ALEGRETE,9,0,9,925,934,PC DO B,0.02188583747305277
2016,85073,PDT,COLIGACAO:210000000555,ALEGRETE,215,0,215,8679,8894,PDT,0.2084075358515325
2016,85073,PMDB,COLIGACAO:210000000146,ALEGRETE,157,0,157,6077,6234,PMDB,0.14607742056425158
2016,85073,PP,PARTIDO:PP,ALEGRETE,1044,0,1044,11908,12952,PP,0.30349611022588807
2016,85073,PPS,COLIGACAO:210000001140,ALEGRETE,16,0,16,472,488,PPS,0.01143499859405755
2016,85073,PR,COLIGACAO:210000001140,ALEGRETE,16,0,16,688,704,PR,0.016496391414378104
2016,85073,PRB,COLIGACAO:210000002695,ALEGRETE,47,0,47,364,411,PRB,0.009630705783109945
2016,85073,PSB,COLIGACAO:210000000146,ALEGRETE,25,0,25,859,884,PSB,0.020714218764645236
2016,85073,PSC,COLIGACAO:210000000555,ALEGRETE,17,0,17,823,840,PSC,0.0196831943012466
2016,85073,PSD,COLIGACAO:210000002695,ALEGRETE,18,0,18,1324,1342,PSD,0.03144624613365826
2016,85073,PSDB,COLIGACAO:210000000146,ALEGRETE,49,0,49,1731,1780,PSDB,0.04170962601930828
2016,85073,PT,COLIGACAO:210000001140,ALEGRETE,807,0,807,5410,6217,PT,0.14567907020339302
2016,85073,PTB,COLIGACAO:210000001140,ALEGRETE,31,0,31,334,365,PTB,0.008552816571375011
2016,85073,SD,COLIGACAO:210000002695,ALEGRETE,18,0,18,613,631,SD,0.014785828100103102
2016,85081,PC do B,COLIGACAO:210000000600,EREBANGO,0,0,0,73,73,PC DO B,0.03141135972461274
2016,85081,PDT,COLIGACAO:210000000600,EREBANGO,5,0,5,70,75,PDT,0.032271944922547334
2016,85081,PMDB,COLIGACAO:210000000215,EREBANGO,42,0,42,712,754,PMDB,0.3244406196213425
2016,85081,PP,COLIGACAO:210000000215,EREBANGO,10,0,10,390,400,PP,0.1721170395869191
2016,85081,PPS,COLIGACAO:210000000600,EREBANGO,48,0,48,974,1022,PPS,0.4397590361445783
2016,85090,PDT,COLIGACAO:210000001299,ALPESTRE,81,0,81,1109,1190,PDT,0.21402877697841727
2016,85090,PMDB,COLIGACAO:210000001273,ALPESTRE,114,0,114,2128,2242,PMDB,0.40323741007194247
2016,85090,PP,PARTIDO:PP,ALPESTRE,64,0,64,939,1003,PP,0.18039568345323742
2016,85090,PPS,COLIGACAO:210000001299,ALPESTRE,7,0,7,335,342,PPS,0.06151079136690647
2016,85090,PSB,COLIGACAO:210000001299,ALPESTRE,0,0,0,28,28,PSB,0.005035971223021582
2016,85090,PT,COLIGACAO:210000001273,ALPESTRE,14,0,14,327,341,PT,0.061330935251798564
2016,85090,PTB,COLIGACAO:210000001273,ALPESTRE,13,0,13,401,414,PTB,0.07446043165467627
2016,85103,DEM,COLIGACAO:210000000846,ENTRE-IJUÍS,96,0,96,943,1039,DEM,0.1714238574492658
2016,85103,PDT,COLIGACAO:210000002208,ENTRE-IJUÍS,27,0,27,724,751,PDT,0.12390694604850684
2016,85103,PMDB,PARTIDO:PMDB,ENTRE-IJUÍS,29,0,29,1216,1245,PMDB,0.2054116482428642
2016,85103,PP,PARTIDO:PP,ENTRE-IJUÍS,145,0,145,2251,2396,PP,0.39531430457020295
2016,85103,PR,COLIGACAO:210000002208,ENTRE-IJUÍS,13,0,13,315,328,PR,0.054116482428642136
2016,85103,PSDB,COLIGACAO:210000000846,ENTRE-IJUÍS,4,0,4,30,34,PSDB,0.005609635373700709
2016,85103,PT,COLIGACAO:210000002208,ENTRE-IJUÍS,9,0,9,259,268,PT,0.04421712588681736
2016,85111,DEM,COLIGACAO:210000000642,ALVORADA,291,0,291,5341,5632,DEM,0.06505567620015709
2016,85111,PC do B,COLIGACAO:210000002263,ALVORADA,24,0,24,704,728,PC DO B,0.008409185417918033
2016,85111,PDT,PARTIDO:PDT,ALVORADA,455,0,455,10570,11025,PDT,0.12735064455020098
2016,85111,PEN,PARTIDO:PEN,ALVORADA,45,0,45,383,428,PEN,0.004943861756688075
2016,85111,PHS,COLIGACAO:210000001393,ALVORADA,30,0,30,425,455,PHS,0.005255740886198771
2016,85111,PMDB,PARTIDO:PMDB,ALVORADA,1617,0,1617,15421,17038,PMDB,0.19680728180012014
2016,85111,PMN,COLIGACAO:210000001306,ALVORADA,16,0,16,1083,1099,PMN,0.012694635678972416
2016,85111,PP,COLIGACAO:210000000642,ALVORADA,171,0,171,2008,2179,PP,0.02516980085940027
2016,85111,PPS,COLIGACAO:210000000666,ALVORADA,52,0,52,1727,1779,PPS,0.020549369311093656
2016,85111,PR,COLIGACAO:210000001306,ALVORADA,212,0,212,3156,3368,PR,0.03890403363674167
2016,85111,PRB,COLIGACAO:210000002263,ALVORADA,117,0,117,2786,2903,PRB,0.033532781961835234
2016,85111,PROS,COLIGACAO:210000002263,ALVORADA,25,0,25,506,531,PROS,0.006133622880377027
2016,85111,PSB,PARTIDO:PSB,ALVORADA,113,0,113,6377,6490,PSB,0.07496650187127478
2016,85111,PSC,COLIGACAO:210000001393,ALVORADA,39,0,39,753,792,PSC,0.00914845446564709
2016,85111,PSD,PARTIDO:PSD,ALVORADA,128,0,128,1951,2079,PSD,0.024014692972323615
2016,85111,PSDB,COLIGACAO:210000002286,ALVORADA,134,0,134,504,638,PSDB,0.007369588319549046
2016,85111,PSOL,PARTIDO:PSOL,ALVORADA,324,0,324,2676,3000,PSOL,0.03465323661229959
2016,85111,PSTU,PARTIDO:PSTU,ALVORADA,37,0,37,53,90,PSTU,0.0010395970983689876
2016,85111,PT,PARTIDO:PT,ALVORADA,1044,0,1044,11737,12781,PT,0.14763433904726703
2016,85111,PT do B,COLIGACAO:210000001393,ALVORADA,3,0,3,102,105,PT DO B,0.0012128632814304857
2016,85111,PTB,PARTIDO:PTB,ALVORADA,881,0,881,11579,12460,PTB,0.14392644272975097
2016,85111,PV,COLIGACAO:210000002286,ALVORADA,20,0,20,180,200,PV,0.0023102157741533057
2016,85111,REDE,COLIGACAO:210000001393,ALVORADA,19,0,19,142,161,REDE,0.0018597236981934113
2016,85111,SD,COLIGACAO:210000000666,ALVORADA,34,0,34,577,611,SD,0.007057709190038349
2016,85120,PDT,COLIGACAO:210000000680,NOVA ESPERANÇA DO SUL,63,0,63,1384,1447,PDT,0.3980742778541953
2016,85120,PMDB,COLIGACAO:210000000680,NOVA ESPERANÇA DO SUL,9,0,9,382,391,PMDB,0.10756533700137552
2016,85120,PP,PARTIDO:PP,NOVA ESPERANÇA DO SUL,88,0,88,1666,1754,PP,0.4825309491059147
2016,85120,PSDB,COLIGACAO:210000000680,NOVA ESPERANÇA DO SUL,1,0,1,39,40,PSDB,0.011004126547455296
2016,85120,PTB,COLIGACAO:210000000680,NOVA ESPERANÇA DO SUL,3,0,3,0,3,PTB,0.0008253094910591472
2016,85138,PDT,COLIGACAO:210000001005,ANTA GORDA,99,0,99,438,537,PDT,0.12410446036514906
2016,85138,PMDB,COLIGACAO:210000001005,ANTA GORDA,39,0,39,1520,1559,PMDB,0.36029581696325397
2016,85138,PP,COLIGACAO:210000001008,ANTA GORDA,32,0,32,1197,1229,PP,0.28403050612433556
2016,85138,PT,COLIGACAO:210000001008,ANTA GORDA,7,0,7,153,160,PT,0.036977120406748325
2016,85138,PTB,COLIGACAO:210000001008,ANTA GORDA,9,0,9,833,842,PTB,0.19459209614051307
2016,85146,PDT,COLIGACAO:210000001454,PAVERAMA,17,0,17,633,650,PDT,0.12745098039215685
2016,85146,PMDB,PARTIDO:PMDB,PAVERAMA,97,0,97,1487,1584,PMDB,0.31058823529411766
2016,85146,PP,COLIGACAO:210000001067,PAVERAMA,48,0,48,995,1043,PP,0.20450980392156862
2016,85146,PRB,COLIGACAO:210000001454,PAVERAMA,1,0,1,93,94,PRB,0.01843137254901961
2016,85146,PSB,COLIGACAO:210000001279,PAVERAMA,38,0,38,550,588,PSB,0.11529411764705882
2016,85146,PSDB,COLIGACAO:210000001067,PAVERAMA,10,0,10,755,765,PSDB,0.15
2016,85146,PT,COLIGACAO:210000001279,PAVERAMA,8,0,8,298,306,PT,0.06
2016,85146,PTB,COLIGACAO:210000001067,PAVERAMA,8,0,8,62,70,PTB,0.013725490196078431
2016,85154,PDT,COLIGACAO:210000001009,ANTÔNIO PRADO,25,0,25,523,548,PDT,0.059243243243243246
2016,85154,PMDB,COLIGACAO:210000001009,ANTÔNIO PRADO,184,0,184,3323,3507,PMDB,0.37913513513513514
2016,85154,PP,COLIGACAO:210000000923,ANTÔNIO PRADO,136,0,136,3215,3351,PP,0.36227027027027026
2016,85154,PSD,COLIGACAO:210000000917,ANTÔNIO PRADO,2,0,2,0,2,PSD,0.00021621621621621621
2016,85154,PSDB,COLIGACAO:210000001009,ANTÔNIO PRADO,9,0,9,186,195,PSDB,0.02108108108108108
2016,85154,PT,COLIGACAO:210000000917,ANTÔNIO PRADO,84,0,84,1391,1475,PT,0.15945945945945947
2016,85154,PTB,COLIGACAO:210000000923,ANTÔNIO PRADO,10,0,10,162,172,PTB,0.018594594594594595
2016,85162,PDT,COLIGACAO:210000001625,TERRA DE AREIA,14,0,14,38,52,PDT,0.008050781854776281
2016,85162,PMDB,COLIGACAO:210000001134,TERRA DE AREIA,192,0,192,3616,3808,PMDB,0.5895649481343861
2016,85162,PP,COLIGACAO:210000001625,TERRA DE AREIA,103,0,103,2431,2534,PP,0.39232079269236725
2016,85162,PRB,COLIGACAO:210000001134,TERRA DE AREIA,6,0,6,59,65,PRB,0.010063477318470352
2016,85170,PDT,COLIGACAO:210000000913,ARATIBA,16,0,16,283,299,PDT,0.05272438723329219
2016,85170,PMDB,COLIGACAO:210000000913,ARATIBA,13,0,13,452,465,PMDB,0.08199612061364839
2016,85170,PP,COLIGACAO:210000000913,ARATIBA,18,0,18,595,613,PP,0.10809381061541175
2016,85170,PPS,COLIGACAO:210000000616,ARATIBA,3,0,3,224,227,PPS,0.040028213718920826
2016,85170,PSB,PARTIDO:PSB,ARATIBA,12,0,12,467,479,PSB,0.08446482101922059
2016,85170,PSC,COLIGACAO:210000000913,ARATIBA,3,0,3,242,245,PSC,0.043202257097513665
2016,85170,PSD,COLIGACAO:210000000616,ARATIBA,11,0,11,510,521,PSD,0.09187092223593722
2016,85170,PSDB,COLIGACAO:210000000913,ARATIBA,4,0,4,290,294,PSDB,0.051842708517016396
2016,85170,PT,COLIGACAO:210000000616,ARATIBA,95,0,95,1470,1565,PT,0.275965438194322
2016,85170,PTB,COLIGACAO:210000000913,ARATIBA,60,0,60,903,963,PTB,0.16981132075471697
2016,85189,DEM,COLIGACAO:210000001123,HARMONIA,6,0,6,185,191,DEM,0.05347144456886898
2016,85189,PDT,COLIGACAO:210000001123,HARMONIA,7,0,7,18,25,PDT,0.006998880179171333
2016,85189,PMDB,COLIGACAO:210000001123,HARMONIA,12,0,12,416,428,PMDB,0.11982082866741321
2016,85189,PP,COLIGACAO:210000000383,HARMONIA,5,0,5,494,499,PP,0.1396976483762598
2016,85189,PSB,COLIGACAO:210000001123,HARMONIA,7,0,7,441,448,PSB,0.12541993281075028
2016,85189,PSD,COLIGACAO:210000001123,HARMONIA,35,0,35,346,381,PSD,0.10666293393057111
2016,85189,PSDB,COLIGACAO:210000000383,HARMONIA,62,0,62,904,966,PSDB,0.2704367301231803
2016,85189,PT,COLIGACAO:210000001123,HARMONIA,3,0,3,216,219,PT,0.06131019036954087
2016,85189,PTB,COLIGACAO:210000000383,HARMONIA,5,0,5,410,415,PTB,0.11618141097424411
2016,85197,DEM,COLIGACAO:210000002225,ARROIO DO MEIO,8,0,8,399,407,DEM,0.029963925495104175
2016,85197,PDT,PARTIDO:PDT,ARROIO DO MEIO,30,0,30,1651,1681,PDT,0.1237576382242509
2016,85197,PMDB,COLIGACAO:210000002225,ARROIO DO MEIO,237,0,237,5571,5808,PMDB,0.4275933151733785
2016,85197,PP,COLIGACAO:210000002239,ARROIO DO MEIO,195,0,195,3892,4087,PP,0.3008908194066112
2016,85197,PRB,COLIGACAO:210000002239,ARROIO DO MEIO,4,0,4,131,135,PRB,0.009938894205992786
2016,85197,PT,COLIGACAO:210000002225,ARROIO DO MEIO,20,0,20,659,679,PT,0.04998895678421556
2016,85197,PT do B,COLIGACAO:210000002225,ARROIO DO MEIO,1,0,1,0,1,PT DO B,7.362143856290952e-05
2016,85197,PTB,COLIGACAO:210000002225,ARROIO DO MEIO,10,0,10,775,785,PTB,0.05779282927188397
2016,85200,PDT,COLIGACAO:210000002796,CAMPOS BORGES,86,0,86,1147,1233,PDT,0.4224049331963001
2016,85200,PMDB,COLIGACAO:210000002801,CAMPOS BORGES,48,0,48,618,666,PMDB,0.22816032887975335
2016,85200,PP,COLIGACAO:210000002801,CAMPOS BORGES,11,0,11,190,201,PP,0.06885919835560124
2016,85200,PSB,COLIGACAO:210000002796,CAMPOS BORGES,2,0,2,280,282,PSB,0.09660842754367935
2016,85200,PT,COLIGACAO:210000002801,CAMPOS BORGES,8,0,8,146,154,PT,0.05275779376498801
2016,85200,PTB,COLIGACAO:210000002801,CAMPOS BORGES,8,0,8,375,383,PTB,0.13120931825967797
2016,85219,PDT,COLIGACAO:210000001116,ARROIO DOS RATOS,146,0,146,1201,1347,PDT,0.16558082360172097
2016,85219,PMDB,COLIGACAO:210000001116,ARROIO DOS RATOS,24,0,24,858,882,PMDB,0.10842040565457899
2016,85219,PP,PARTIDO:PP,ARROIO DOS RATOS,117,0,117,1967,2084,PP,0.25617701290719114
2016,85219,PPS,COLIGACAO:210000001116,ARROIO DOS RATOS,6,0,6,243,249,PPS,0.030608481868469577
2016,85219,PRB,COLIGACAO:210000001116,ARROIO DOS RATOS,9,0,9,207,216,PRB,0.026551936078672404
2016,85219,PSB,PARTIDO:PSB,ARROIO DOS RATOS,138,0,138,1748,1886,PSB,0.2318377381684081
2016,85219,PSDB,COLIGACAO:210000001116,ARROIO DOS RATOS,15,0,15,607,622,PSDB,0.07645974185617702
2016,85219,PT,PARTIDO:PT,ARROIO DOS RATOS,29,0,29,820,849,PT,0.1043638598647818
2016,85227,PDT,COLIGACAO:210000001652,CERRO GRANDE,54,0,54,759,813,PDT,0.3858566682486948
2016,85227,PMDB,COLIGACAO:210000002687,CERRO GRANDE,8,0,8,210,218,PMDB,0.10346464167062173
2016,85227,PP,COLIGACAO:210000002687,CERRO GRANDE,26,0,26,551,577,PP,0.27384907451352636
2016,85227,PPS,COLIGACAO:210000001652,CERRO GRANDE,1,0,1,4,5,PPS,0.0023730422401518746
2016,85227,PSB,COLIGACAO:210000001652,CERRO GRANDE,1,0,1,112,113,PSB,0.053630754627432366
2016,85227,PSDB,COLIGACAO:210000001652,CERRO GRANDE,0,0,0,14,14,PSDB,0.006644518272425249
2016,85227,PT,COLIGACAO:210000001652,CERRO GRANDE,5,0,5,63,68,PT,0.0322733744660655
2016,85227,PTB,COLIGACAO:210000002687,CERRO GRANDE,22,0,22,277,299,PTB,0.14190792596108212
2016,85235,PDT,PARTIDO:PDT,ARROIO DO TIGRE,30,0,30,2022,2052,PDT,0.219394846573292
2016,85235,PMDB,COLIGACAO:210000001282,ARROIO DO TIGRE,78,0,78,922,1000,PMDB,0.10691756655618519
2016,85235,PP,PARTIDO:PP,ARROIO DO TIGRE,145,0,145,3659,3804,PP,0.40671442317972845
2016,85235,PSB,COLIGACAO:210000001282,ARROIO DO TIGRE,26,0,26,1103,1129,PSB,0.12070993264193307
2016,85235,PT,COLIGACAO:210000001282,ARROIO DO TIGRE,11,0,11,509,520,PT,0.055597134609216295
2016,85235,PTB,COLIGACAO:210000001282,ARROIO DO TIGRE,20,0,20,828,848,PTB,0.09066609643964503
2016,85243,PDT,COLIGACAO:210000000226,IPIRANGA DO SUL,3,0,3,123,126,PDT,0.06992230854605994
2016,85243,PMDB,COLIGACAO:210000000226,IPIRANGA DO SUL,30,0,30,732,762,PMDB,0.42286348501664817
2016,85243,PP,COLIGACAO:210000000494,IPIRANGA DO SUL,11,0,11,266,277,PP,0.1537180910099889
2016,85243,PTB,COLIGACAO:210000000494,IPIRANGA DO SUL,31,0,31,606,637,PTB,0.35349611542730297
2016,85251,DEM,COLIGACAO:210000002652,ARROIO GRANDE,3,0,3,108,111,DEM,0.008483644145521248
2016,85251,PDT,COLIGACAO:210000002367,ARROIO GRANDE,253,0,253,4548,4801,PDT,0.366936716600428
2016,85251,PP,COLIGACAO:210000001540,ARROIO GRANDE,230,0,230,3865,4095,PP,0.3129776826658514
2016,85251,PR,COLIGACAO:210000002652,ARROIO GRANDE,33,0,33,1101,1134,PR,0.08667074289208193
2016,85251,PSB,COLIGACAO:210000001540,ARROIO GRANDE,5,0,5,442,447,PSB,0.03416386426169367
2016,85251,PSD,PARTIDO:PSD,ARROIO GRANDE,46,0,46,1669,1715,PSD,0.13107612350963008
2016,85251,PSDB,COLIGACAO:210000002367,ARROIO GRANDE,10,0,10,184,194,PSDB,0.014827269948028125
2016,85251,PTB,COLIGACAO:210000001540,ARROIO GRANDE,10,0,10,577,587,PTB,0.04486395597676551
2016,85260,DEM,COLIGACAO:210000001113,LAGOÃO,1,0,1,0,1,DEM,0.0002204585537918871
2016,85260,PDT,COLIGACAO:210000001113,LAGOÃO,84,0,84,1602,1686,PDT,0.3716931216931217
2016,85260,PMDB,COLIGACAO:210000001357,LAGOÃO,27,0,27,645,672,PMDB,0.14814814814814814
2016,85260,PP,COLIGACAO:210000001357,LAGOÃO,88,0,88,1211,1299,PP,0.2863756613756614
2016,85260,PPS,COLIGACAO:210000001113,LAGOÃO,0,0,0,0,0,PPS,0.0
2016,85260,PSB,COLIGACAO:210000001357,LAGOÃO,1,0,1,0,1,PSB,0.0002204585537918871
2016,85260,PSDB,COLIGACAO:210000001113,LAGOÃO,6,0,6,204,210,PSDB,0.046296296296296294
2016,85260,PT,COLIGACAO:210000001113,LAGOÃO,15,0,15,648,663,PT,0.14616402116402116
2016,85260,PTB,COLIGACAO:210000001357,LAGOÃO,1,0,1,3,4,PTB,0.0008818342151675485
2016,85278,PC do B,COLIGACAO:210000001588,ARVOREZINHA,1,0,1,34,35,PC DO B,0.004513217279174726
2016,85278,PDT,COLIGACAO:210000002454,ARVOREZINHA,189,0,189,3285,3474,PDT,0.4479690522243714
2016,85278,PMDB,COLIGACAO:210000001588,ARVOREZINHA,25,0,25,449,474,PMDB,0.06112185686653772
2016,85278,PP,COLIGACAO:210000001588,ARVOREZINHA,77,0,77,2600,2677,PP,0.3451966473243069
2016,85278,PSB,COLIGACAO:210000001588,ARVOREZINHA,0,0,0,0,0,PSB,0.0
2016,85278,PSD,COLIGACAO:210000001588,ARVOREZINHA,2,0,2,269,271,PSD,0.03494519664732431
2016,85278,PSDB,COLIGACAO:210000001588,ARVOREZINHA,74,0,74,476,550,PSDB,0.07092198581560284
2016,85278,PT,COLIGACAO:210000002454,ARVOREZINHA,7,0,7,203,210,PT,0.027079303675048357
2016,85278,PTB,COLIGACAO:210000001588,ARVOREZINHA,3,0,3,0,3,PTB,0.00038684719535783365
2016,85278,PV,COLIGACAO:210000001588,ARVOREZINHA,3,0,3,58,61,PV,0.007865892972275952
2016,85286,PDT,COLIGACAO:210000001080,ESTAÇÃO,11,0,11,304,315,PDT,0.07389162561576355
2016,85286,PMDB,COLIGACAO:210000001080,ESTAÇÃO,72,0,72,984,1056,PMDB,0.24771287825475016
2016,85286,PP,COLIGACAO:210000002415,ESTAÇÃO,46,0,46,724,770,PP,0.180623973727422
2016,85286,PPS,COLIGACAO:210000001080,ESTAÇÃO,5,0,5,546,551,PPS,0.1292517006802721
2016,85286,PSB,PARTIDO:PSB,ESTAÇÃO,8,0,8,293,301,PSB,0.07060755336617405
2016,85286,PSDB,COLIGACAO:210000002415,ESTAÇÃO,8,0,8,220,228,PSDB,0.05348346235045742
2016,85286,PTB,COLIGACAO:210000002415,ESTAÇÃO,15,0,15,513,528,PTB,0.12385643912737508
2016,85286,PV,PARTIDO:PV,ESTAÇÃO,8,0,8,506,514,PV,0.1205723668777856
2016,85294,DEM,COLIGACAO:210000002147,AUGUSTO PESTANA,25,0,25,1111,1136,DEM,0.2109171927218715
2016,85294,PDT,COLIGACAO:210000001489,AUGUSTO PESTANA,26,0,26,637,663,PDT,0.12309691793538804
2016,85294,PMDB,COLIGACAO:210000002147,AUGUSTO PESTANA,24,0,24,1299,1323,PMDB,0.24563683624210916
2016,85294,PP,COLIGACAO:210000001489,AUGUSTO PESTANA,84,0,84,1456,1540,PP,0.28592647604901594
2016,85294,PSD,COLIGACAO:210000001489,AUGUSTO PESTANA,1,0,1,183,184,PSD,0.03416264389157074
2016,85294,PT,COLIGACAO:210000001489,AUGUSTO PESTANA,4,0,4,177,181,PT,0.03360564426290383
2016,85294,PTB,COLIGACAO:210000002147,AUGUSTO PESTANA,48,0,48,311,359,PTB,0.06665428889714073
2016,85308,DEM,COLIGACAO:210000000453,ARROIO DO SAL,4,0,4,101,105,DEM,0.01777853030816119
2016,85308,PC do B,COLIGACAO:210000001402,ARROIO DO SAL,0,0,0,0,0,PC DO B,0.0
2016,85308,PDT,COLIGACAO:210000001498,ARROIO DO SAL,94,0,94,1067,1161,PDT,0.19657974940738232
2016,85308,PMDB,COLIGACAO:210000000435,ARROIO DO SAL,91,0,91,1879,1970,PMDB,0.3335590924483576
2016,85308,PP,COLIGACAO:210000001522,ARROIO DO SAL,13,0,13,820,833,PP,0.14104300711141213
2016,85308,PPS,COLIGACAO:210000000453,ARROIO DO SAL,1,0,1,262,263,PPS,0.044530985438537084
2016,85308,PR,COLIGACAO:210000001522,ARROIO DO SAL,1,0,1,48,49,PR,0.00829664747714189
2016,85308,PRB,COLIGACAO:210000001522,ARROIO DO SAL,1,0,1,0,1,PRB,0.00016931933626820184
2016,85308,PSB,COLIGACAO:210000001498,ARROIO DO SAL,3,0,3,255,258,PSB,0.043684388757196074
2016,85308,PSDB,COLIGACAO:210000000453,ARROIO DO SAL,1,0,1,151,152,PSDB,0.025736539112766677
2016,85308,PT,COLIGACAO:210000001402,ARROIO DO SAL,14,0,14,143,157,PT,0.026583135794107687
2016,85308,PTB,COLIGACAO:210000001522,ARROIO DO SAL,10,0,10,657,667,PTB,0.11293599729089061
2016,85308,PV,COLIGACAO:210000000435,ARROIO DO SAL,1,0,1,7,8,PV,0.0013545546901456147
2016,85308,SD,COLIGACAO:210000001498,ARROIO DO SAL,4,0,4,278,282,SD,0.04774805282763291
2016,85316,DEM,COLIGACAO:210000002636,BAGÉ,45,0,45,1544,1589,DEM,0.02414673434033371
2016,85316,PC do B,COLIGACAO:210000002350,BAGÉ,400,0,400,1410,1810,PC DO B,0.027505090721210834
2016,85316,PDT,COLIGACAO:210000002563,BAGÉ,284,0,284,4043,4327,PDT,0.06575388262468468
2016,85316,PMDB,COLIGACAO:210000002636,BAGÉ,144,0,144,4404,4548,PMDB,0.0691122390055618
2016,85316,PP,COLIGACAO:210000002505,BAGÉ,265,0,265,6493,6758,PP,0.10269580281433303
2016,85316,PPS,COLIGACAO:210000002636,BAGÉ,9,0,9,0,9,PPS,0.0001367656444701091
2016,85316,PR,COLIGACAO:210000002563,BAGÉ,76,0,76,4714,4790,PR,0.07278971522353585
2016,85316,PRB,COLIGACAO:210000001553,BAGÉ,70,0,70,2675,2745,PRB,0.04171352156338328
2016,85316,PSB,COLIGACAO:210000002505,BAGÉ,56,0,56,4274,4330,PSB,0.06579947117284138
2016,85316,PSC,COLIGACAO:210000002544,BAGÉ,29,0,29,957,986,PSC,0.014983436160836397
2016,85316,PSD,COLIGACAO:210000002636,BAGÉ,21,0,21,455,476,PSD,0.007233382974196882
2016,85316,PSDB,COLIGACAO:210000002636,BAGÉ,66,0,66,2017,2083,PSDB,0.03165364860347081
2016,85316,PSOL,COLIGACAO:210000002649,BAGÉ,69,0,69,794,863,PSOL,0.013114305686411573
2016,85316,PSTU,COLIGACAO:210000002649,BAGÉ,24,0,24,198,222,PSTU,0.0033735525635960246
2016,85316,PT,COLIGACAO:210000002350,BAGÉ,232,0,232,6512,6744,PT,0.10248305625626843
2016,85316,PT do B,COLIGACAO:210000002350,BAGÉ,11,0,11,40,51,PT DO B,0.0007750053186639516
2016,85316,PTB,COLIGACAO:210000002544,BAGÉ,2030,0,2030,18722,20752,PTB,0.3153511837826338
2016,85316,PV,COLIGACAO:210000002505,BAGÉ,5,0,5,96,101,PV,0.0015348144546090021
2016,85316,REDE,COLIGACAO:210000002544,BAGÉ,32,0,32,1246,1278,REDE,0.019420721514755494
2016,85316,SD,COLIGACAO:210000001553,BAGÉ,20,0,20,1324,1344,SD,0.02042366957420296
2016,85324,DEM,COLIGACAO:210000001382,SÃO JOSÉ DO HORTÊNCIO,8,0,8,323,331,DEM,0.10122324159021406
2016,85324,PMDB,COLIGACAO:210000000246,SÃO JOSÉ DO HORTÊNCIO,59,0,59,1403,1462,PMDB,0.4470948012232416
2016,85324,PP,COLIGACAO:210000001382,SÃO JOSÉ DO HORTÊNCIO,13,0,13,264,277,PP,0.08470948012232415
2016,85324,PSB,COLIGACAO:210000001382,SÃO JOSÉ DO HORTÊNCIO,40,0,40,362,402,PSB,0.12293577981651377
2016,85324,PT,COLIGACAO:210000000246,SÃO JOSÉ DO HORTÊNCIO,3,0,3,164,167,PT,0.05107033639143731
2016,85324,PTB,COLIGACAO:210000001382,SÃO JOSÉ DO HORTÊNCIO,14,0,14,617,631,PTB,0.19296636085626911
2016,85332,PDT,COLIGACAO:210000000299,BARÃO DE COTEGIPE,13,0,13,227,240,PDT,0.04839685420447671
2016,85332,PMDB,PARTIDO:PMDB,BARÃO DE COTEGIPE,14,0,14,627,641,PMDB,0.12925993143778988
2016,85332,PP,COLIGACAO:210000000302,BARÃO DE COTEGIPE,121,0,121,956,1077,PP,0.21718088324258925
2016,85332,PPS,COLIGACAO:210000002254,BARÃO DE COTEGIPE,7,0,7,274,281,PPS,0.056664650131074815
2016,85332,PSB,COLIGACAO:210000002254,BARÃO DE COTEGIPE,7,0,7,199,206,PSB,0.041540633192175845
2016,85332,PSDB,COLIGACAO:210000000302,BARÃO DE COTEGIPE,5,0,5,491,496,PSDB,0.10002016535591854
2016,85332,PT,COLIGACAO:210000002254,BARÃO DE COTEGIPE,58,0,58,1266,1324,PT,0.2669893123613632
2016,85332,PTB,COLIGACAO:210000000299,BARÃO DE COTEGIPE,16,0,16,678,694,PTB,0.1399475700746118
2016,85340,PDT,COLIGACAO:210000000139,PINHAL,14,0,14,299,313,PDT,0.16855142703284867
2016,85340,PMDB,COLIGACAO:210000000139,PINHAL,15,0,15,510,525,PMDB,0.2827140549273021
2016,85340,PP,COLIGACAO:210000000139,PINHAL,37,0,37,339,376,PP,0.20247711362412493
2016,85340,PPS,COLIGACAO:210000000139,PINHAL,5,0,5,91,96,PPS,0.051696284329563816
2016,85340,PSDB,COLIGACAO:210000000139,PINHAL,3,0,3,162,165,PSDB,0.0888529886914378
2016,85340,PT,COLIGACAO:210000000139,PINHAL,8,0,8,187,195,PT,0.1050080775444265
2016,85340,PTB,COLIGACAO:210000000139,PINHAL,5,0,5,182,187,PTB,0.10070005385029618
2016,85359,DEM,COLIGACAO:210000002604,BARRACÃO,7,0,7,113,120,DEM,0.03143830233167409
2016,85359,PDT,COLIGACAO:210000002642,BARRACÃO,18,0,18,145,163,PDT,0.04270369400052397
2016,85359,PMDB,COLIGACAO:210000002604,BARRACÃO,107,0,107,1662,1769,PMDB,0.4634529735394289
2016,85359,PP,COLIGACAO:210000002642,BARRACÃO,60,0,60,1113,1173,PP,0.3073094052921142
2016,85359,PPS,COLIGACAO:210000002642,BARRACÃO,2,0,2,104,106,PPS,0.027770500392978778
2016,85359,PT,COLIGACAO:210000002642,BARRACÃO,15,0,15,471,486,PT,0.12732512444328006
2016,85367,PDT,COLIGACAO:210000001603,TRÊS CACHOEIRAS,11,0,11,750,761,PDT,0.10231244958322129
2016,85367,PMDB,COLIGACAO:210000001603,TRÊS CACHOEIRAS,97,0,97,1653,1750,PMDB,0.23527830061844582
2016,85367,PP,COLIGACAO:210000000469,TRÊS CACHOEIRAS,114,0,114,3704,3818,PP,0.5133100295778436
2016,85367,PRB,COLIGACAO:210000000469,TRÊS CACHOEIRAS,2,0,2,56,58,PRB,0.007797795106211347
2016,85367,PSB,COLIGACAO:210000000469,TRÊS CACHOEIRAS,2,0,2,89,91,PSB,0.012234471632159183
2016,85367,PSDB,COLIGACAO:210000000469,TRÊS CACHOEIRAS,2,0,2,285,287,PSDB,0.03858564130142511
2016,85367,PT,COLIGACAO:210000001603,TRÊS CACHOEIRAS,6,0,6,334,340,PT,0.04571121269158376
2016,85367,PTB,COLIGACAO:210000001603,TRÊS CACHOEIRAS,8,0,8,325,333,PTB,0.044770099489109975
2016,85375,PDT,COLIGACAO:210000001345,BARRA DO RIBEIRO,23,0,23,156,179,PDT,0.022987029664825992
2016,85375,PMDB,COLIGACAO:210000001345,BARRA DO RIBEIRO,148,0,148,2250,2398,PMDB,0.30794914601258505
2016,85375,PP,PARTIDO:PP,BARRA DO RIBEIRO,89,0,89,806,895,PP,0.11493514832412996
2016,85375,PRB,COLIGACAO:210000001335,BARRA DO RIBEIRO,6,0,6,275,281,PRB,0.036085783998972644
2016,85375,PSB,COLIGACAO:210000001335,BARRA DO RIBEIRO,13,0,13,496,509,PSB,0.06536535251059458
2016,85375,PSD,COLIGACAO:210000002693,BARRA DO RIBEIRO,86,0,86,1948,2034,PSD,0.26120457172210093
2016,85375,PSDB,COLIGACAO:210000001335,BARRA DO RIBEIRO,17,0,17,1039,1056,PSDB,0.1356106331064595
2016,85375,PT,PARTIDO:PT,BARRA DO RIBEIRO,18,0,18,416,434,PT,0.055733915500192625
2016,85375,REDE,COLIGACAO:210000002693,BARRA DO RIBEIRO,1,0,1,0,1,REDE,0.0001284191601386927
2016,85383,PMDB,PARTIDO:PMDB,SÃO VENDELINO,29,0,29,921,950,PMDB,0.5118534482758621
2016,85383,PP,COLIGACAO:210000002204,SÃO VENDELINO,8,0,8,127,135,PP,0.07273706896551724
2016,85383,PTB,COLIGACAO:210000002204,SÃO VENDELINO,21,0,21,634,655,PTB,0.35290948275862066
2016,85383,SD,COLIGACAO:210000002204,SÃO VENDELINO,2,0,2,114,116,SD,0.0625
2016,85391,PC do B,COLIGACAO:210000002431,BARROS CASSAL,4,0,4,237,241,PC DO B,0.03269569936236603
2016,85391,PDT,COLIGACAO:210000002431,BARROS CASSAL,92,0,92,518,610,PDT,0.08275674942341608
2016,85391,PMDB,COLIGACAO:210000001155,BARROS CASSAL,134,0,134,2477,2611,PMDB,0.35422602089268757
2016,85391,PP,COLIGACAO:210000002431,BARROS CASSAL,32,0,32,1348,1380,PP,0.1872201872201872
2016,85391,PR,COLIGACAO:210000002431,BARROS CASSAL,5,0,5,467,472,PR,0.06403473070139737
2016,85391,PSB,PARTIDO:PSB,BARROS CASSAL,24,0,24,922,946,PSB,0.12834079500746168
2016,85391,PSD,COLIGACAO:210000002431,BARROS CASSAL,7,0,7,479,486,PSD,0.06593406593406594
2016,85391,PSDB,COLIGACAO:210000002431,BARROS CASSAL,12,0,12,243,255,PSDB,0.034595034595034595
2016,85391,PT,COLIGACAO:210000001155,BARROS CASSAL,10,0,10,338,348,PT,0.04721204721204721
2016,85391,PTB,COLIGACAO:210000002431,BARROS CASSAL,3,0,3,19,22,PTB,0.002984669651336318
2016,85405,DEM,COLIGACAO:210000001491,PROTÁSIO ALVES,5,0,5,254,259,DEM,0.1510204081632653
2016,85405,PMDB,COLIGACAO:210000000569,PROTÁSIO ALVES,41,0,41,539,580,PMDB,0.33819241982507287
2016,85405,PP,COLIGACAO:210000000569,PROTÁSIO ALVES,8,0,8,715,723,PP,0.4215743440233236
2016,85405,PTB,COLIGACAO:210000001491,PROTÁSIO ALVES,5,0,5,148,153,PTB,0.0892128279883382
2016,85413,DEM,COLIGACAO:210000000480,BENTO GONÇALVES,46,0,46,3568,3614,DEM,0.054504049346222876
2016,85413,PC do B,COLIGACAO:210000001322,BENTO GONÇALVES,21,0,21,702,723,PC DO B,0.010903826142036286
2016,85413,PDT,COLIGACAO:210000002547,BENTO GONÇALVES,355,0,355,7002,7357,PDT,0.11095359464309952
2016,85413,PHS,COLIGACAO:210000000310,BENTO GONÇALVES,5,0,5,0,5,PHS,7.540681979278206e-05
2016,85413,PMDB,COLIGACAO:210000000310,BENTO GONÇALVES,564,0,564,9603,10167,PMDB,0.15333222736664304
2016,85413,PP,COLIGACAO:210000002248,BENTO GONÇALVES,1356,0,1356,15913,17269,PP,0.2604400742003107
2016,85413,PPS,COLIGACAO:210000000480,BENTO GONÇALVES,85,0,85,5055,5140,PPS,0.07751821074697995
2016,85413,PR,COLIGACAO:210000000480,BENTO GONÇALVES,54,0,54,246,300,PR,0.004524409187566924
2016,85413,PRB,COLIGACAO:210000000480,BENTO GONÇALVES,34,0,34,1689,1723,PRB,0.0259851901005927
2016,85413,PROS,COLIGACAO:210000002547,BENTO GONÇALVES,7,0,7,138,145,PROS,0.0021867977739906796
2016,85413,PSB,COLIGACAO:210000000310,BENTO GONÇALVES,19,0,19,761,780,PSB,0.011763463887674002
2016,85413,PSC,COLIGACAO:210000000310,BENTO GONÇALVES,13,0,13,680,693,PSC,0.010451385223279593
2016,85413,PSD,COLIGACAO:210000002248,BENTO GONÇALVES,71,0,71,1334,1405,PSD,0.021189316361771758
2016,85413,PSDB,COLIGACAO:210000002248,BENTO GONÇALVES,87,0,87,4266,4353,PSDB,0.06564917731159606
2016,85413,PSDC,COLIGACAO:210000000310,BENTO GONÇALVES,4,0,4,71,75,PSDC,0.001131102296891731
2016,85413,PT,COLIGACAO:210000001322,BENTO GONÇALVES,523,0,523,1930,2453,PT,0.03699458579033888
2016,85413,PT do B,COLIGACAO:210000001322,BENTO GONÇALVES,4,0,4,296,300,PT DO B,0.004524409187566924
2016,85413,PTB,PARTIDO:PTB,BENTO GONÇALVES,156,0,156,8991,9147,PTB,0.1379492361289155
2016,85413,PTN,COLIGACAO:210000000310,BENTO GONÇALVES,6,0,6,0,6,PTN,9.048818375133848e-05
2016,85413,REDE,COLIGACAO:210000000480,BENTO GONÇALVES,8,0,8,644,652,REDE,0.00983304930097878
2016,85421,PDT,PARTIDO:PDT,POUSO NOVO,20,0,20,376,396,PDT,0.2736696613683483
2016,85421,PMDB,COLIGACAO:210000002232,POUSO NOVO,10,0,10,116,126,PMDB,0.08707671043538355
2016,85421,PSB,COLIGACAO:210000002232,POUSO NOVO,6,0,6,288,294,PSB,0.20317899101589496
2016,85421,PT,COLIGACAO:210000001589,POUSO NOVO,2,0,2,103,105,PT,0.07256392536281962
2016,85421,PTB,COLIGACAO:210000001589,POUSO NOVO,28,0,28,498,526,PTB,0.36351071181755357
2016,85430,PC do B,COLIGACAO:210000002678,BOA VISTA DO BURICÁ,37,0,37,212,249,PC DO B,0.05134020618556701
2016,85430,PDT,COLIGACAO:210000002678,BOA VISTA DO BURICÁ,18,0,18,780,798,PDT,0.1645360824742268
2016,85430,PMDB,COLIGACAO:210000001472,BOA VISTA DO BURICÁ,57,0,57,732,789,PMDB,0.162680412371134
2016,85430,PP,COLIGACAO:210000001472,BOA VISTA DO BURICÁ,17,0,17,647,664,PP,0.13690721649484536
2016,85430,PSD,COLIGACAO:210000002678,BOA VISTA DO BURICÁ,7,0,7,265,272,PSD,0.056082474226804124
2016,85430,PSDB,COLIGACAO:210000001472,BOA VISTA DO BURICÁ,5,0,5,331,336,PSDB,0.06927835051546392
2016,85430,PT,COLIGACAO:210000002678,BOA VISTA DO BURICÁ,21,0,21,843,864,PT,0.1781443298969072
2016,85430,PTB,COLIGACAO:210000002678,BOA VISTA DO BURICÁ,17,0,17,861,878,PTB,0.18103092783505154
2016,85448,DEM,COLIGACAO:210000000611,EUGÊNIO DE CASTRO,2,0,2,103,105,DEM,0.04852125693160813
2016,85448,PDT,COLIGACAO:210000000540,EUGÊNIO DE CASTRO,11,0,11,277,288,PDT,0.133086876155268
2016,85448,PMDB,COLIGACAO:210000000540,EUGÊNIO DE CASTRO,20,0,20,643,663,PMDB,0.3063770794824399
2016,85448,PP,COLIGACAO:210000000611,EUGÊNIO DE CASTRO,31,0,31,811,842,PP,0.38909426987060997
2016,85448,PSDB,COLIGACAO:210000000540,EUGÊNIO DE CASTRO,21,0,21,74,95,PSDB,0.04390018484288355
2016,85448,PT,COLIGACAO:210000000273,EUGÊNIO DE CASTRO,5,0,5,117,122,PT,0.056377079482439925
2016,85448,PTB,COLIGACAO:210000000273,EUGÊNIO DE CASTRO,17,0,17,32,49,PTB,0.02264325323475046
2016,85456,PDT,COLIGACAO:210000001669,BOM JESUS,16,0,16,527,543,PDT,0.07586977783987704
2016,85456,PMDB,COLIGACAO:210000000884,BOM JESUS,124,0,124,2815,2939,PMDB,0.41064691910018164
2016,85456,PP,COLIGACAO:210000001669,BOM JESUS,170,0,170,3020,3190,PP,0.4457174793908062
2016,85456,PRB,COLIGACAO:210000001669,BOM JESUS,7,0,7,74,81,PRB,0.011317591169484421
2016,85456,PSD,COLIGACAO:210000000884,BOM JESUS,2,0,2,96,98,PSD,0.013692888081598435
2016,85456,PSDB,COLIGACAO:210000001669,BOM JESUS,1,0,1,70,71,PSDB,0.009920357691770295
2016,85456,PT,COLIGACAO:210000001669,BOM JESUS,6,0,6,38,44,PT,0.006147827301942154
2016,85456,PTB,COLIGACAO:210000000884,BOM JESUS,8,0,8,183,191,PTB,0.02668715942433981
2016,85464,PDT,COLIGACAO:210000002313,CRISTAL,25,0,25,573,598,PDT,0.1112144318393156
2016,85464,PMDB,COLIGACAO:210000002313,CRISTAL,13,0,13,759,772,PMDB,0.14357448391296262
2016,85464,PPS,COLIGACAO:210000000172,CRISTAL,3,0,3,0,3,PPS,0.0005579319323042589
2016,85464,PSB,COLIGACAO:210000000172,CRISTAL,156,0,156,2187,2343,PSB,0.4357448391296262
2016,85464,PSDB,PARTIDO:PSDB,CRISTAL,69,0,69,1041,1110,PSDB,0.2064348149525758
2016,85464,PT,PARTIDO:PT,CRISTAL,10,0,10,516,526,PT,0.09782406546401338
2016,85464,PTB,COLIGACAO:210000000172,CRISTAL,5,0,5,20,25,PTB,0.004649432769202157
2016,85472,DEM,COLIGACAO:210000002297,BOM RETIRO DO SUL,19,0,19,1182,1201,DEM,0.14466393640086725
2016,85472,PC do B,COLIGACAO:210000002336,BOM RETIRO DO SUL,3,0,3,204,207,PC DO B,0.02493375090339677
2016,85472,PDT,COLIGACAO:210000002297,BOM RETIRO DO SUL,31,0,31,544,575,PDT,0.06926041917610215
2016,85472,PMDB,COLIGACAO:210000001069,BOM RETIRO DO SUL,35,0,35,1464,1499,PMDB,0.1805589014695254
2016,85472,PP,COLIGACAO:210000002297,BOM RETIRO DO SUL,24,0,24,556,580,PP,0.06986268369067694
2016,85472,PPS,COLIGACAO:210000001069,BOM RETIRO DO SUL,111,0,111,149,260,PPS,0.031317754757889664
2016,85472,PR,COLIGACAO:210000002336,BOM RETIRO DO SUL,8,0,8,46,54,PR,0.006504456757407854
2016,85472,PRB,COLIGACAO:210000002336,BOM RETIRO DO SUL,6,0,6,607,613,PRB,0.07383762948687063
2016,85472,PSB,COLIGACAO:210000001069,BOM RETIRO DO SUL,7,0,7,1188,1195,PSB,0.1439412189833775
2016,85472,PSD,COLIGACAO:210000002336,BOM RETIRO DO SUL,9,0,9,608,617,PSD,0.07431944109853048
2016,85472,PSDB,COLIGACAO:210000002336,BOM RETIRO DO SUL,1,0,1,38,39,PSDB,0.00469766321368345
2016,85472,PT,COLIGACAO:210000001069,BOM RETIRO DO SUL,5,0,5,403,408,PT,0.04914478438930378
2016,85472,PT do B,PARTIDO:PT do B,BOM RETIRO DO SUL,1,0,1,46,47,PT DO B,0.005661286437003131
2016,85472,PTB,COLIGACAO:210000002336,BOM RETIRO DO SUL,75,0,75,932,1007,PTB,0.12129607323536497
2016,85480,PDT,COLIGACAO:210000000292,SÃO MIGUEL DAS MISSÕES,90,0,90,1169,1259,PDT,0.25094678094478773
2016,85480,PMDB,COLIGACAO:210000000500,SÃO MIGUEL DAS MISSÕES,5,0,5,72,77,PMDB,0.015347817420769384
2016,85480,PP,COLIGACAO:210000000500,SÃO MIGUEL DAS MISSÕES,115,0,115,2747,2862,PP,0.5704604345226231
2016,85480,PPS,COLIGACAO:210000000500,SÃO MIGUEL DAS MISSÕES,0,0,0,0,0,PPS,0.0
2016,85480,PT,PARTIDO:PT,SÃO MIGUEL DAS MISSÕES,9,0,9,529,538,PT,0.10723539964121985
2016,85480,PTB,COLIGACAO:210000000292,SÃO MIGUEL DAS MISSÕES,19,0,19,262,281,PTB,0.05600956747059996
2016,85499,PDT,COLIGACAO:210000000321,BOSSOROCA,22,0,22,311,333,PDT,0.0784452296819788
2016,85499,PMDB,COLIGACAO:210000000321,BOSSOROCA,13,0,13,447,460,PMDB,0.10836277974087162
2016,85499,PP,PARTIDO:PP,BOSSOROCA,125,0,125,1772,1897,PP,0.4468786808009423
2016,85499,PSB,COLIGACAO:210000000321,BOSSOROCA,23,0,23,17,40,PSB,0.009422850412249705
2016,85499,PSDB,COLIGACAO:210000000262,BOSSOROCA,54,0,54,572,626,PSDB,0.14746760895170788
2016,85499,PT,COLIGACAO:210000000262,BOSSOROCA,13,0,13,243,256,PT,0.060306242638398115
2016,85499,PTB,COLIGACAO:210000000262,BOSSOROCA,19,0,19,614,633,PTB,0.14911660777385158
2016,85502,PDT,COLIGACAO:210000000385,GLORINHA,6,0,6,448,454,PDT,0.08365579509858116
2016,85502,PEN,COLIGACAO:210000000385,GLORINHA,1,0,1,63,64,PEN,0.011792887414777962
2016,85502,PMDB,COLIGACAO:210000000664,GLORINHA,80,0,80,1833,1913,PMDB,0.3524967753823475
2016,85502,PP,PARTIDO:PP,GLORINHA,79,0,79,1209,1288,PP,0.2373318592224065
2016,85502,PRB,COLIGACAO:210000000385,GLORINHA,106,0,106,527,633,PRB,0.11663902708678828
2016,85502,PSD,COLIGACAO:210000000385,GLORINHA,7,0,7,716,723,PSD,0.1332227750138198
2016,85502,PTB,COLIGACAO:210000000664,GLORINHA,7,0,7,345,352,PTB,0.06486088078127879
2016,85510,PDT,COLIGACAO:210000000892,BRAGA,56,0,56,380,436,PDT,0.16477702191987906
2016,85510,PMDB,COLIGACAO:210000000892,BRAGA,8,0,8,710,718,PMDB,0.2713529856386999
2016,85510,PP,COLIGACAO:210000000907,BRAGA,47,0,47,1125,1172,PP,0.4429327286470144
2016,85510,PSB,COLIGACAO:210000000907,BRAGA,0,0,0,40,40,PSB,0.015117157974300832
2016,85510,PT,COLIGACAO:210000000892,BRAGA,1,0,1,279,280,PT,0.10582010582010581
2016,85529,PDT,COLIGACAO:210000001313,SEGREDO,12,0,12,7,19,PDT,0.0038030424339471577
2016,85529,PMDB,COLIGACAO:210000001313,SEGREDO,93,0,93,2284,2377,PMDB,0.4757806244995997
2016,85529,PP,PARTIDO:PP,SEGREDO,84,0,84,2516,2600,PP,0.5204163330664532
2016,85537,PDT,COLIGACAO:210000000593,BUTIÁ,49,0,49,1410,1459,PDT,0.11139105206901817
2016,85537,PMDB,COLIGACAO:210000001478,BUTIÁ,28,0,28,1461,1489,PMDB,0.11368147808825775
2016,85537,PP,COLIGACAO:210000000701,BUTIÁ,219,0,219,1631,1850,PP,0.14124293785310735
2016,85537,PPS,COLIGACAO:210000000593,BUTIÁ,18,0,18,1256,1274,PPS,0.09726675828370744
2016,85537,PR,COLIGACAO:210000001478,BUTIÁ,9,0,9,398,407,PR,0.031073446327683617
2016,85537,PRB,COLIGACAO:210000000593,BUTIÁ,3,0,3,90,93,PRB,0.007100320659642693
2016,85537,PSB,COLIGACAO:210000001478,BUTIÁ,115,0,115,1585,1700,PSB,0.12979080775690946
2016,85537,PSD,COLIGACAO:210000000614,BUTIÁ,14,0,14,1094,1108,PSD,0.0845930676439151
2016,85537,PSDB,COLIGACAO:210000000701,BUTIÁ,7,0,7,248,255,PSDB,0.01946862116353642
2016,85537,PT,COLIGACAO:210000000614,BUTIÁ,244,0,244,2958,3202,PT,0.2444648037868377
2016,85537,PTB,COLIGACAO:210000000701,BUTIÁ,2,0,2,80,82,PTB,0.006260497785921515
2016,85537,REDE,COLIGACAO:210000000701,BUTIÁ,3,0,3,176,179,REDE,0.013666208581462818
2016,85545,DEM,COLIGACAO:210000002159,ALEGRIA,52,0,52,1027,1079,DEM,0.36256720430107525
2016,85545,PDT,COLIGACAO:210000002159,ALEGRIA,25,0,25,150,175,PDT,0.05880376344086022
2016,85545,PMDB,COLIGACAO:210000002159,ALEGRIA,10,0,10,287,297,PMDB,0.09979838709677419
2016,85545,PP,PARTIDO:PP,ALEGRIA,66,0,66,1359,1425,PP,0.4788306451612903
2016,85553,DEM,COLIGACAO:210000002526,CAÇAPAVA DO SUL,9,0,9,343,352,DEM,0.017443012884043606
2016,85553,PDT,COLIGACAO:210000002399,CAÇAPAVA DO SUL,365,0,365,2441,2806,PDT,0.13904856293359763
2016,85553,PMDB,COLIGACAO:210000001576,CAÇAPAVA DO SUL,450,0,450,4412,4862,PMDB,0.24093161546085232
2016,85553,PP,COLIGACAO:210000002526,CAÇAPAVA DO SUL,152,0,152,5948,6100,PP,0.3022794846382557
2016,85553,PPL,COLIGACAO:210000002399,CAÇAPAVA DO SUL,6,0,6,35,41,PPL,0.0020317145688800793
2016,85553,PSD,PARTIDO:PSD,CAÇAPAVA DO SUL,17,0,17,504,521,PSD,0.025817641228939543
2016,85553,PSDB,COLIGACAO:210000002399,CAÇAPAVA DO SUL,17,0,17,826,843,PSDB,0.04177403369672943
2016,85553,PSOL,PARTIDO:PSOL,CAÇAPAVA DO SUL,23,0,23,211,234,PSOL,0.01159563924677899
2016,85553,PT,COLIGACAO:210000001576,CAÇAPAVA DO SUL,36,395,431,717,1148,PT,0.05688800792864222
2016,85553,PTB,COLIGACAO:210000002399,CAÇAPAVA DO SUL,23,0,23,353,376,PTB,0.018632309217046582
2016,85553,SD,COLIGACAO:210000002526,CAÇAPAVA DO SUL,203,0,203,2694,2897,SD,0.1435579781962339
2016,85561,PDT,PARTIDO:PDT,SALDANHA MARINHO,17,0,17,544,561,PDT,0.2325870646766169
2016,85561,PMDB,COLIGACAO:210000002518,SALDANHA MARINHO,38,0,38,406,444,PMDB,0.18407960199004975
2016,85561,PP,PARTIDO:PP,SALDANHA MARINHO,46,0,46,1360,1406,PP,0.5829187396351575
2016,85561,PTB,COLIGACAO:210000002518,SALDANHA MARINHO,1,0,1,0,1,PTB,0.00041459369817578774
2016,85570,PMDB,PARTIDO:PMDB,CACEQUI,40,0,40,1334,1374,PMDB,0.17791013854719667
2016,85570,PP,PARTIDO:PP,CACEQUI,163,0,163,1910,2073,PP,0.2684190081574518
2016,85570,PRB,COLIGACAO:210000001219,CACEQUI,7,0,7,99,106,PRB,0.013725236307134533
2016,85570,PTB,COLIGACAO:210000001219,CACEQUI,211,0,211,3959,4170,PTB,0.539945616988217
2016,85588,PDT,COLIGACAO:210000001200,SÃO JOSÉ DO HERVAL,17,0,17,664,681,PDT,0.36553945249597425
2016,85588,PMDB,COLIGACAO:210000001200,SÃO JOSÉ DO HERVAL,42,0,42,315,357,PMDB,0.19162640901771336
2016,85588,PP,COLIGACAO:210000001200,SÃO JOSÉ DO HERVAL,13,0,13,334,347,PP,0.18625872249060654
2016,85588,PR,COLIGACAO:210000001200,SÃO JOSÉ DO HERVAL,5,0,5,126,131,PR,0.0703166935050993
2016,85588,PSB,COLIGACAO:210000001200,SÃO JOSÉ DO HERVAL,1,0,1,0,1,PSB,0.0005367686527106817
2016,85588,PSDB,COLIGACAO:210000001200,SÃO JOSÉ DO HERVAL,4,0,4,131,135,PSDB,0.07246376811594203
2016,85588,PTB,COLIGACAO:210000001200,SÃO JOSÉ DO HERVAL,7,0,7,204,211,PTB,0.11325818572195384
2016,85596,DEM,COLIGACAO:210000000736,CACHOEIRA DO SUL,14,0,14,338,352,DEM,0.007363092498849517
2016,85596,PC do B,COLIGACAO:210000002320,CACHOEIRA DO SUL,5,0,5,53,58,PC DO B,0.0012132368321967953
2016,85596,PDT,COLIGACAO:210000002320,CACHOEIRA DO SUL,765,0,765,6553,7318,PDT,0.1530770196209681
2016,85596,PHS,COLIGACAO:210000000736,CACHOEIRA DO SUL,21,0,21,932,953,PHS,0.01993473622557838
2016,85596,PMB,COLIGACAO:210000001312,CACHOEIRA DO SUL,7,0,7,0,7,PMB,0.0001464251349203029
2016,85596,PMDB,COLIGACAO:210000000735,CACHOEIRA DO SUL,103,0,103,5229,5332,PMDB,0.11153411705643643
2016,85596,PP,COLIGACAO:210000001312,CACHOEIRA DO SUL,223,0,223,4886,5109,PP,0.10686943061540392
2016,85596,PPS,COLIGACAO:210000001587,CACHOEIRA DO SUL,189,0,189,923,1112,PPS,0.023260678575910975
2016,85596,PR,COLIGACAO:210000000735,CACHOEIRA DO SUL,23,0,23,430,453,PR,0.009475798016985316
2016,85596,PRB,COLIGACAO:210000000736,CACHOEIRA DO SUL,291,0,291,2821,3112,PRB,0.06509643141028323
2016,85596,PSB,COLIGACAO:210000000736,CACHOEIRA DO SUL,70,0,70,4253,4323,PSB,0.09042797975149562
2016,85596,PSC,COLIGACAO:210000001587,CACHOEIRA DO SUL,33,0,33,1773,1806,PSC,0.03777768480943815
2016,85596,PSD,COLIGACAO:210000002320,CACHOEIRA DO SUL,26,0,26,1463,1489,PSD,0.031146717985190142
2016,85596,PSDB,COLIGACAO:210000001312,CACHOEIRA DO SUL,375,0,375,6832,7207,PSDB,0.15075513533866042
2016,85596,PT,PARTIDO:PT,CACHOEIRA DO SUL,230,0,230,3997,4227,PT,0.08841986361544577
2016,85596,PTB,COLIGACAO:210000002320,CACHOEIRA DO SUL,93,0,93,2479,2572,PTB,0.05380077814500272
2016,85596,PV,COLIGACAO:210000001587,CACHOEIRA DO SUL,29,0,29,1444,1473,PV,0.030812031962515165
2016,85596,REDE,COLIGACAO:210000002320,CACHOEIRA DO SUL,15,0,15,450,465,REDE,0.009726812533991549
2016,85596,SD,COLIGACAO:210000001587,CACHOEIRA DO SUL,9,0,9,429,438,SD,0.009162029870727523
2016,85600,PDT,COLIGACAO:210000000212,VISTA ALEGRE,5,0,5,135,140,PDT,0.060658578856152515
2016,85600,PMDB,COLIGACAO:210000000225,VISTA ALEGRE,28,0,28,649,677,PMDB,0.29332755632582325
2016,85600,PP,COLIGACAO:210000000212,VISTA ALEGRE,34,0,34,612,646,PP,0.27989601386481805
2016,85600,PR,COLIGACAO:210000000212,VISTA ALEGRE,2,0,2,164,166,PR,0.07192374350086655
2016,85600,PSB,COLIGACAO:210000000212,VISTA ALEGRE,1,0,1,0,1,PSB,0.0004332755632582322
2016,85600,PSD,COLIGACAO:210000000225,VISTA ALEGRE,0,0,0,154,154,PSD,0.06672443674176777
2016,85600,PSDB,COLIGACAO:210000000212,VISTA ALEGRE,3,0,3,164,167,PSDB,0.07235701906412478
2016,85600,PT,COLIGACAO:210000000225,VISTA ALEGRE,5,0,5,209,214,PT,0.0927209705372617
2016,85600,PTB,COLIGACAO:210000000225,VISTA ALEGRE,3,0,3,140,143,PTB,0.06195840554592721
2016,85618,DEM,COLIGACAO:210000002786,CACHOEIRINHA,41,0,41,104,145,DEM,0.002055775310847405
2016,85618,PC do B,COLIGACAO:210000002778,CACHOEIRINHA,32,0,32,1914,1946,PC DO B,0.02758992244764862
2016,85618,PDT,COLIGACAO:210000002781,CACHOEIRINHA,255,0,255,8599,8854,PDT,0.12552989380857188
2016,85618,PEN,COLIGACAO:210000002773,CACHOEIRINHA,8,0,8,98,106,PEN,0.0015028426410332752
2016,85618,PMDB,COLIGACAO:210000002773,CACHOEIRINHA,248,0,248,12923,13171,PMDB,0.18673528702876668
2016,85618,PMN,COLIGACAO:210000002773,CACHOEIRINHA,25,0,25,50,75,PMN,0.0010633320573348645
2016,85618,PP,COLIGACAO:210000002781,CACHOEIRINHA,163,0,163,351,514,PP,0.007287369032934938
2016,85618,PPS,COLIGACAO:210000002765,CACHOEIRINHA,43,0,43,856,899,PPS,0.01274580692725391
2016,85618,PR,COLIGACAO:210000002773,CACHOEIRINHA,28,0,28,512,540,PR,0.007655990812811025
2016,85618,PRB,COLIGACAO:210000002745,CACHOEIRINHA,120,0,120,7086,7206,PRB,0.10216494406873379
2016,85618,PROS,COLIGACAO:210000002786,CACHOEIRINHA,11,0,11,344,355,PROS,0.005033105071385025
2016,85618,PRP,COLIGACAO:210000002786,CACHOEIRINHA,48,0,48,13,61,PRP,0.0008648434066323565
2016,85618,PSB,PARTIDO:PSB,CACHOEIRINHA,1025,0,1025,14863,15888,PSB,0.2252562630258177
2016,85618,PSC,COLIGACAO:210000002745,CACHOEIRINHA,17,0,17,267,284,PSC,0.00402648405710802
2016,85618,PSD,COLIGACAO:210000002745,CACHOEIRINHA,56,0,56,111,167,PSD,0.0023676860476656318
2016,85618,PSDB,COLIGACAO:210000002760,CACHOEIRINHA,89,0,89,131,220,PSDB,0.0031191073681822693
2016,85618,PSOL,PARTIDO:PSOL,CACHOEIRINHA,201,0,201,1701,1902,PSOL,0.026966100974012166
2016,85618,PT,PARTIDO:PT,CACHOEIRINHA,529,0,529,2444,2973,PT,0.04215048275275403
2016,85618,PTB,COLIGACAO:210000002760,CACHOEIRINHA,126,0,126,4428,4554,PTB,0.06456552252137297
2016,85618,PV,COLIGACAO:210000002765,CACHOEIRINHA,82,0,82,5113,5195,PV,0.07365346717139495
2016,85618,REDE,COLIGACAO:210000002778,CACHOEIRINHA,351,0,351,1303,1654,REDE,0.02345001630442488
2016,85618,SD,COLIGACAO:210000002760,CACHOEIRINHA,65,0,65,3759,3824,SD,0.05421575716331362
2016,85626,PDT,COLIGACAO:210000000836,IVORÁ,5,0,5,286,291,PDT,0.18040917544947302
2016,85626,PMDB,PARTIDO:PMDB,IVORÁ,11,0,11,438,449,PMDB,0.27836329820210787
2016,85626,PP,COLIGACAO:210000000836,IVORÁ,34,0,34,639,673,PP,0.4172349659020459
2016,85626,PSDB,COLIGACAO:210000000836,IVORÁ,0,0,0,0,0,PSDB,0.0
2016,85626,PT,PARTIDO:PT,IVORÁ,5,0,5,194,199,PT,0.12337259764414135
2016,85626,PTB,COLIGACAO:210000000836,IVORÁ,1,0,1,0,1,PTB,0.0006199628022318661
2016,85634,DEM,COLIGACAO:210000002435,CACIQUE DOBLE,86,0,86,799,885,DEM,0.2532188841201717
2016,85634,PDT,COLIGACAO:210000002435,CACIQUE DOBLE,15,0,15,774,789,PDT,0.2257510729613734
2016,85634,PMDB,COLIGACAO:210000002537,CACIQUE DOBLE,24,0,24,932,956,PMDB,0.27353361945636623
2016,85634,PP,COLIGACAO:210000002537,CACIQUE DOBLE,36,0,36,423,459,PP,0.1313304721030043
2016,85634,PT,COLIGACAO:210000002537,CACIQUE DOBLE,14,0,14,392,406,PT,0.1161659513590844
2016,85642,PDT,COLIGACAO:210000002452,VILA MARIA,13,0,13,457,470,PDT,0.1422948834392976
2016,85642,PMDB,COLIGACAO:210000001518,VILA MARIA,20,0,20,557,577,PMDB,0.17468967605207386
2016,85642,PP,COLIGACAO:210000001518,VILA MARIA,17,0,17,374,391,PP,0.11837723281864972
2016,85642,PPS,COLIGACAO:210000002452,VILA MARIA,48,0,48,215,263,PPS,0.07962458371177718
2016,85642,PSB,COLIGACAO:210000002452,VILA MARIA,8,0,8,355,363,PSB,0.10990009082652134
2016,85642,PSD,COLIGACAO:210000002452,VILA MARIA,3,0,3,217,220,PSD,0.06660611565243718
2016,85642,PSDB,COLIGACAO:210000002452,VILA MARIA,1,0,1,0,1,PSDB,0.0003027550711474417
2016,85642,PT,COLIGACAO:210000001518,VILA MARIA,41,0,41,631,672,PT,0.20345140781108084
2016,85642,PTB,COLIGACAO:210000002452,VILA MARIA,6,0,6,340,346,PTB,0.10475325461701483
2016,85650,PMDB,COLIGACAO:210000000205,CAIBATÉ,54,0,54,1309,1363,PMDB,0.38093907210732253
2016,85650,PP,COLIGACAO:210000000632,CAIBATÉ,50,0,50,828,878,PP,0.24538848518725545
2016,85650,PPS,COLIGACAO:210000001171,CAIBATÉ,24,0,24,772,796,PPS,0.22247065399664617
2016,85650,PSB,COLIGACAO:210000000205,CAIBATÉ,1,0,1,99,100,PSB,0.027948574622694244
2016,85650,PSDB,COLIGACAO:210000001171,CAIBATÉ,4,0,4,252,256,PSDB,0.07154835103409726
2016,85650,PT,COLIGACAO:210000000632,CAIBATÉ,7,0,7,178,185,PT,0.05170486305198435
2016,85669,PDT,COLIGACAO:210000000778,TAQUARUÇU DO SUL,6,0,6,203,209,PDT,0.0875943000838223
2016,85669,PMDB,COLIGACAO:210000000778,TAQUARUÇU DO SUL,14,0,14,472,486,PMDB,0.20368818105616093
2016,85669,PP,COLIGACAO:210000000778,TAQUARUÇU DO SUL,9,0,9,290,299,PP,0.125314333612741
2016,85669,PPS,COLIGACAO:210000000778,TAQUARUÇU DO SUL,0,0,0,67,67,PPS,0.028080469404861693
2016,85669,PR,COLIGACAO:210000000778,TAQUARUÇU DO SUL,0,0,0,35,35,PR,0.014668901927912825
2016,85669,PSB,COLIGACAO:210000000207,TAQUARUÇU DO SUL,21,0,21,470,491,PSB,0.2057837384744342
2016,85669,PSDB,COLIGACAO:210000000778,TAQUARUÇU DO SUL,18,0,18,230,248,PSDB,0.10393964794635373
2016,85669,PSOL,PARTIDO:PSOL,TAQUARUÇU DO SUL,2,0,2,28,30,PSOL,0.012573344509639563
2016,85669,PT,COLIGACAO:210000000207,TAQUARUÇU DO SUL,11,0,11,411,422,PT,0.1768650461022632
2016,85669,PTB,COLIGACAO:210000000778,TAQUARUÇU DO SUL,1,0,1,98,99,PTB,0.041492036881810565
2016,85677,DEM,PARTIDO:DEM,CAIÇARA,16,0,16,296,312,DEM,0.08280254777070063
2016,85677,PDT,COLIGACAO:210000002442,CAIÇARA,64,0,64,1402,1466,PDT,0.3890658174097665
2016,85677,PMDB,PARTIDO:PMDB,CAIÇARA,33,0,33,765,798,PMDB,0.21178343949044587
2016,85677,PP,COLIGACAO:210000001639,CAIÇARA,14,0,14,250,264,PP,0.07006369426751592
2016,85677,PR,COLIGACAO:210000001639,CAIÇARA,2,0,2,0,2,PR,0.0005307855626326964
2016,85677,PSB,COLIGACAO:210000001639,CAIÇARA,3,0,3,194,197,PSB,0.0522823779193206
2016,85677,PSDB,COLIGACAO:210000001639,CAIÇARA,26,0,26,386,412,PSDB,0.10934182590233546
2016,85677,PT,COLIGACAO:210000002442,CAIÇARA,6,0,6,311,317,PT,0.08412951167728237
2016,85677,PTB,COLIGACAO:210000001639,CAIÇARA,0,0,0,0,0,PTB,0.0
2016,85685,DEM,COLIGACAO:210000000525,IMBÉ,4,0,4,113,117,DEM,0.011129078284029297
2016,85685,PC do B,COLIGACAO:210000002421,IMBÉ,1,0,1,46,47,PC DO B,0.0044706553790545035
2016,85685,PDT,PARTIDO:PDT,IMBÉ,0,2002,0,0,0,PDT,0.0
2016,85685,PMDB,COLIGACAO:210000001174,IMBÉ,27,0,27,3089,3116,PMDB,0.2963949395985922
2016,85685,PMN,PARTIDO:PMN,IMBÉ,13,0,13,12,25,PMN,0.0023780081803481405
2016,85685,PP,COLIGACAO:210000000525,IMBÉ,53,0,53,749,802,PP,0.07628650242556835
2016,85685,PPS,COLIGACAO:210000002421,IMBÉ,8,0,8,202,210,PPS,0.01997526871492438
2016,85685,PRB,COLIGACAO:210000002421,IMBÉ,34,0,34,128,162,PRB,0.015409493008655949
2016,85685,PROS,PARTIDO:PROS,IMBÉ,0,117,0,0,0,PROS,0.0
2016,85685,PSB,COLIGACAO:210000000531,IMBÉ,3,0,3,122,125,PSB,0.011890040901740702
2016,85685,PSC,COLIGACAO:210000002421,IMBÉ,4,0,4,0,4,PSC,0.00038048130885570247
2016,85685,PSD,COLIGACAO:210000001159,IMBÉ,9,0,9,14,23,PSD,0.0021877675259202893
2016,85685,PSDB,COLIGACAO:210000000531,IMBÉ,156,0,156,1834,1990,PSDB,0.18928945115571197
2016,85685,PT,COLIGACAO:210000001159,IMBÉ,280,0,280,3256,3536,PT,0.336345477028441
2016,85685,PTB,PARTIDO:PTB,IMBÉ,0,768,0,0,0,PTB,0.0
2016,85685,PTC,COLIGACAO:210000000531,IMBÉ,1,0,1,55,56,PTC,0.005326738323979834
2016,85685,PV,COLIGACAO:210000000525,IMBÉ,6,0,6,292,298,PV,0.028345857509749835
2016,85685,SD,COLIGACAO:210000001174,IMBÉ,2,0,2,0,2,SD,0.00019024065442785123
2016,85693,DEM,COLIGACAO:210000000222,CAMAQUÃ,35,0,35,3092,3127,DEM,0.10026292163652686
2016,85693,PC do B,COLIGACAO:210000001337,CAMAQUÃ,2,0,2,127,129,PC DO B,0.004136206233166602
2016,85693,PDT,PARTIDO:PDT,CAMAQUÃ,436,0,436,5740,6176,PDT,0.19802488136462743
2016,85693,PMDB,COLIGACAO:210000000242,CAMAQUÃ,142,0,142,6738,6880,PMDB,0.22059766576888548
2016,85693,PP,COLIGACAO:210000000222,CAMAQUÃ,557,0,557,3292,3849,PP,0.12341285109657561
2016,85693,PR,COLIGACAO:210000001111,CAMAQUÃ,23,0,23,503,526,PR,0.01686546107477235
2016,85693,PRB,COLIGACAO:210000000222,CAMAQUÃ,26,0,26,1003,1029,PRB,0.03299345902270104
2016,85693,PSB,COLIGACAO:210000001337,CAMAQUÃ,27,0,27,2322,2349,PSB,0.07531742978068488
2016,85693,PSC,PARTIDO:PSC,CAMAQUÃ,0,105,0,0,0,PSC,0.0
2016,85693,PSD,COLIGACAO:210000001111,CAMAQUÃ,43,0,43,2657,2700,PSD,0.08657175836860331
2016,85693,PSDB,PARTIDO:PSDB,CAMAQUÃ,0,5764,0,0,0,PSDB,0.0
2016,85693,PT,COLIGACAO:210000001337,CAMAQUÃ,246,0,246,2597,2843,PT,0.09115685520071823
2016,85693,PTB,COLIGACAO:210000000242,CAMAQUÃ,41,0,41,1198,1239,PTB,0.03972681800692574
2016,85693,SD,PARTIDO:SD,CAMAQUÃ,39,0,39,302,341,SD,0.010933692445812491
2016,85707,PMDB,COLIGACAO:210000001267,SEDE NOVA,10,0,10,595,605,PMDB,0.25854700854700857
2016,85707,PP,PARTIDO:PP,SEDE NOVA,48,0,48,949,997,PP,0.42606837606837605
2016,85707,PSDB,COLIGACAO:210000001267,SEDE NOVA,31,0,31,325,356,PSDB,0.15213675213675212
2016,85707,PT,COLIGACAO:210000001267,SEDE NOVA,5,0,5,377,382,PT,0.16324786324786325
2016,85715,PDT,COLIGACAO:210000002641,CAMBARÁ DO SUL,35,0,35,190,225,PDT,0.05075569591698624
2016,85715,PMDB,PARTIDO:PMDB,CAMBARÁ DO SUL,57,0,57,789,846,PMDB,0.19084141664786827
2016,85715,PP,COLIGACAO:210000002441,CAMBARÁ DO SUL,54,0,54,1326,1380,PP,0.31130160162418224
2016,85715,PPS,COLIGACAO:210000002441,CAMBARÁ DO SUL,8,0,8,381,389,PPS,0.08775095871870066
2016,85715,PSB,PARTIDO:PSB,CAMBARÁ DO SUL,3,0,3,369,372,PSB,0.08391608391608392
2016,85715,PSDB,PARTIDO:PSDB,CAMBARÁ DO SUL,9,0,9,581,590,PSDB,0.13309271373787504
2016,85715,PT,COLIGACAO:210000002641,CAMBARÁ DO SUL,6,0,6,223,229,PT,0.05165801939995488
2016,85715,PTB,COLIGACAO:210000002441,CAMBARÁ DO SUL,8,0,8,394,402,PTB,0.09068351003834875
2016,85723,DEM,COLIGACAO:210000001464,TUPANDI,2,0,2,114,116,DEM,0.03125
2016,85723,PDT,COLIGACAO:210000001197,TUPANDI,7,0,7,192,199,PDT,0.053609913793103446
2016,85723,PMDB,COLIGACAO:210000001197,TUPANDI,11,0,11,969,980,PMDB,0.2640086206896552
2016,85723,PP,COLIGACAO:210000001197,TUPANDI,57,0,57,845,902,PP,0.2429956896551724
2016,85723,PSB,COLIGACAO:210000001197,TUPANDI,0,0,0,94,94,PSB,0.025323275862068964
2016,85723,PSDB,COLIGACAO:210000001197,TUPANDI,3,0,3,166,169,PSDB,0.04552801724137931
2016,85723,PTB,COLIGACAO:210000001464,TUPANDI,61,0,61,1191,1252,PTB,0.33728448275862066
2016,85731,PDT,COLIGACAO:210000000763,CAMPINA DAS MISSÕES,14,0,14,780,794,PDT,0.17071597505912706
2016,85731,PMDB,COLIGACAO:210000000763,CAMPINA DAS MISSÕES,64,0,64,902,966,PMDB,0.20769726940442915
2016,85731,PP,PARTIDO:PP,CAMPINA DAS MISSÕES,58,0,58,1840,1898,PP,0.40808428294990323
2016,85731,PT,COLIGACAO:210000000763,CAMPINA DAS MISSÕES,10,0,10,814,824,PT,0.1771662008170286
2016,85731,PTB,COLIGACAO:210000000763,CAMPINA DAS MISSÕES,1,0,1,30,31,PTB,0.00666523328316491
2016,85731,SD,PARTIDO:SD,CAMPINA DAS MISSÕES,10,0,10,128,138,SD,0.029671038486347022
2016,85740,PC do B,COLIGACAO:210000002353,RIOZINHO,1,0,1,139,140,PC DO B,0.04293161606869059
2016,85740,PDT,COLIGACAO:210000002353,RIOZINHO,28,0,28,281,309,PDT,0.09475620975160993
2016,85740,PMDB,COLIGACAO:210000000705,RIOZINHO,48,0,48,366,414,PMDB,0.12695492180312787
2016,85740,PP,COLIGACAO:210000000705,RIOZINHO,14,0,14,375,389,PP,0.1192885617908617
2016,85740,PSB,COLIGACAO:210000000705,RIOZINHO,20,0,20,1351,1371,PSB,0.4204231830726771
2016,85740,PT,COLIGACAO:210000002353,RIOZINHO,2,0,2,37,39,PT,0.011959521619135235
2016,85740,PTB,COLIGACAO:210000002353,RIOZINHO,15,0,15,584,599,PTB,0.1836859858938976
2016,85758,DEM,COLIGACAO:210000000452,CAMPINAS DO SUL,1,0,1,0,1,DEM,0.0002460024600246002
2016,85758,PDT,COLIGACAO:210000000452,CAMPINAS DO SUL,16,0,16,184,200,PDT,0.04920049200492005
2016,85758,PMDB,COLIGACAO:210000000377,CAMPINAS DO SUL,62,0,62,1229,1291,PMDB,0.3175891758917589
2016,85758,PP,COLIGACAO:210000000452,CAMPINAS DO SUL,66,0,66,1796,1862,PP,0.45805658056580567
2016,85758,PRB,COLIGACAO:210000000452,CAMPINAS DO SUL,3,0,3,78,81,PRB,0.01992619926199262
2016,85758,PSB,COLIGACAO:210000000377,CAMPINAS DO SUL,1,0,1,103,104,PSB,0.025584255842558426
2016,85758,PT,COLIGACAO:210000000377,CAMPINAS DO SUL,1,0,1,129,130,PT,0.03198031980319803
2016,85758,PTB,COLIGACAO:210000000377,CAMPINAS DO SUL,6,0,6,390,396,PTB,0.0974169741697417
2016,85766,PDT,COLIGACAO:210000002265,RELVADO,3,0,3,321,324,PDT,0.16744186046511628
2016,85766,PMDB,PARTIDO:PMDB,RELVADO,55,0,55,918,973,PMDB,0.5028423772609819
2016,85766,PP,COLIGACAO:210000002265,RELVADO,21,0,21,597,618,PP,0.31937984496124033
2016,85766,PT,COLIGACAO:210000002265,RELVADO,18,0,18,0,18,PT,0.009302325581395349
2016,85766,PTB,COLIGACAO:210000002265,RELVADO,2,0,2,0,2,PTB,0.0010335917312661498
2016,85774,DEM,COLIGACAO:210000002696,CAMPO BOM,9,0,9,274,283,DEM,0.007310394709650754
2016,85774,PC do B,COLIGACAO:210000002303,CAMPO BOM,38,0,38,3097,3135,PC DO B,0.0809826410415375
2016,85774,PDT,COLIGACAO:210000002696,CAMPO BOM,535,0,535,1588,2123,PDT,0.05484087621409382
2016,85774,PMDB,COLIGACAO:210000001387,CAMPO BOM,735,0,735,13822,14557,PMDB,0.3760332713370531
2016,85774,PP,COLIGACAO:210000001036,CAMPO BOM,135,0,135,6504,6639,PP,0.17149721016738995
2016,85774,PPS,COLIGACAO:210000000669,CAMPO BOM,33,0,33,1115,1148,PPS,0.02965488737342426
2016,85774,PR,COLIGACAO:210000000669,CAMPO BOM,20,0,20,641,661,PR,0.017074808844802645
2016,85774,PRB,COLIGACAO:210000001036,CAMPO BOM,23,0,23,455,478,PRB,0.012347592477784667
2016,85774,PSB,COLIGACAO:210000002303,CAMPO BOM,479,0,479,2431,2910,PSB,0.07517048977061376
2016,85774,PSC,COLIGACAO:210000000669,CAMPO BOM,16,0,16,186,202,PSC,0.005218020252118206
2016,85774,PSD,COLIGACAO:210000001387,CAMPO BOM,24,0,24,1327,1351,PSD,0.034898739408968794
2016,85774,PSDB,COLIGACAO:210000000669,CAMPO BOM,95,0,95,2636,2731,PSDB,0.0705466005373011
2016,85774,PSDC,COLIGACAO:210000001036,CAMPO BOM,4,0,4,308,312,PSDC,0.008059516429014259
2016,85774,PT,COLIGACAO:210000002303,CAMPO BOM,47,0,47,240,287,PT,0.007413721843356065
2016,85774,PTB,COLIGACAO:210000000669,CAMPO BOM,63,0,63,1722,1785,PTB,0.04610973341599504
2016,85774,PV,PARTIDO:PV,CAMPO BOM,37,0,37,73,110,PV,0.0028414961768960527
2016,85782,PDT,COLIGACAO:210000001497,IMIGRANTE,6,0,6,115,121,PDT,0.05254016500217108
2016,85782,PMDB,COLIGACAO:210000001497,IMIGRANTE,45,0,45,673,718,PMDB,0.3117672600955276
2016,85782,PP,COLIGACAO:210000000769,IMIGRANTE,69,0,69,1139,1208,PP,0.5245332175423361
2016,85782,PT,COLIGACAO:210000000769,IMIGRANTE,7,0,7,249,256,PT,0.11115935735996527
2016,85790,PDT,COLIGACAO:210000002152,CAMPO NOVO,54,0,54,563,617,PDT,0.16734472470843503
2016,85790,PMDB,COLIGACAO:210000002152,CAMPO NOVO,8,0,8,357,365,PMDB,0.09899647409818281
2016,85790,PP,COLIGACAO:210000001584,CAMPO NOVO,10,0,10,140,150,PP,0.04068348250610252
2016,85790,PSB,COLIGACAO:210000001421,CAMPO NOVO,39,0,39,1004,1043,PSB,0.2828858150257662
2016,85790,PSD,COLIGACAO:210000001584,CAMPO NOVO,5,0,5,333,338,PSD,0.09167344724708434
2016,85790,PSDB,COLIGACAO:210000002152,CAMPO NOVO,7,0,7,320,327,PSDB,0.0886899918633035
2016,85790,PT,COLIGACAO:210000001421,CAMPO NOVO,6,0,6,199,205,PT,0.05560075942500678
2016,85790,PTB,COLIGACAO:210000001584,CAMPO NOVO,25,0,25,617,642,PTB,0.1741253051261188
2016,85804,DEM,COLIGACAO:210000000365,CIDREIRA,3,0,3,0,3,DEM,0.0003876469828143171
2016,85804,PDT,COLIGACAO:210000000202,CIDREIRA,20,0,20,92,112,PDT,0.014472154025067838
2016,85804,PEN,COLIGACAO:210000000175,CIDREIRA,2,0,2,13,15,PEN,0.0019382349140715854
2016,85804,PHS,COLIGACAO:210000000177,CIDREIRA,3,0,3,40,43,PHS,0.005556273420338545
2016,85804,PMDB,COLIGACAO:210000000204,CIDREIRA,130,0,130,1916,2046,PMDB,0.26437524227936426
2016,85804,PP,COLIGACAO:210000000365,CIDREIRA,164,0,164,1364,1528,PP,0.1974415299134255
2016,85804,PPS,COLIGACAO:210000000177,CIDREIRA,6,0,6,409,415,PPS,0.053624499289313864
2016,85804,PR,COLIGACAO:210000000202,CIDREIRA,4,0,4,84,88,PR,0.011370978162553301
2016,85804,PRB,COLIGACAO:210000000204,CIDREIRA,8,0,8,115,123,PRB,0.015893526295387
2016,85804,PRTB,COLIGACAO:210000000175,CIDREIRA,0,0,0,57,57,PRTB,0.0073652926734720245
2016,85804,PSB,COLIGACAO:210000000202,CIDREIRA,10,0,10,1513,1523,PSB,0.196795451608735
2016,85804,PSC,COLIGACAO:210000000204,CIDREIRA,5,0,5,104,109,PSC,0.014084507042253521
2016,85804,PSD,COLIGACAO:210000000175,CIDREIRA,89,0,89,0,89,PSD,0.011500193823491408
2016,85804,PSDC,COLIGACAO:210000000175,CIDREIRA,1,0,1,17,18,PSDC,0.0023258818968859025
2016,85804,PT,COLIGACAO:210000000177,CIDREIRA,16,0,16,220,236,PT,0.030494895981392944
2016,85804,PTB,COLIGACAO:210000000365,CIDREIRA,20,0,20,1193,1213,PTB,0.1567385967179222
2016,85804,REDE,COLIGACAO:210000000365,CIDREIRA,2,0,2,53,55,REDE,0.007106861351595813
2016,85804,SD,COLIGACAO:210000000204,CIDREIRA,1,0,1,65,66,SD,0.008528233621914976
2016,85812,DEM,COLIGACAO:210000000790,CANDELÁRIA,0,0,0,0,0,DEM,0.0
2016,85812,PC do B,COLIGACAO:210000000336,CANDELÁRIA,1,0,1,40,41,PC DO B,0.002075739165654111
2016,85812,PDT,COLIGACAO:210000000790,CANDELÁRIA,68,0,68,2328,2396,PDT,0.12130417172944512
2016,85812,PMDB,COLIGACAO:210000000790,CANDELÁRIA,317,0,317,3893,4210,PMDB,0.2131429728635075
2016,85812,PP,COLIGACAO:210000001353,CANDELÁRIA,103,0,103,3385,3488,PP,0.1765897124341839
2016,85812,PPS,COLIGACAO:210000001353,CANDELÁRIA,3,0,3,0,3,PPS,0.00015188335358444713
2016,85812,PSB,COLIGACAO:210000001317,CANDELÁRIA,283,0,283,5051,5334,PSB,0.270048602673147
2016,85812,PSDB,COLIGACAO:210000001317,CANDELÁRIA,33,0,33,1239,1272,PSDB,0.06439854191980558
2016,85812,PT,COLIGACAO:210000001353,CANDELÁRIA,15,0,15,269,284,PT,0.01437829080599433
2016,85812,PTB,COLIGACAO:210000000336,CANDELÁRIA,67,0,67,2636,2703,PTB,0.13684690157958687
2016,85812,SD,COLIGACAO:210000000336,CANDELÁRIA,7,0,7,14,21,SD,0.00106318347509113
2016,85820,DEM,COLIGACAO:210000000881,MONTAURI,0,0,0,0,0,DEM,0.0
2016,85820,PDT,COLIGACAO:210000000881,MONTAURI,4,0,4,182,186,PDT,0.13182140326009922
2016,85820,PMDB,COLIGACAO:210000000881,MONTAURI,14,0,14,199,213,PMDB,0.15095676824946846
2016,85820,PP,COLIGACAO:210000000813,MONTAURI,20,0,20,179,199,PP,0.1410347271438696
2016,85820,PPS,COLIGACAO:210000000881,MONTAURI,2,0,2,102,104,PPS,0.073706591070163
2016,85820,PSDB,COLIGACAO:210000000813,MONTAURI,2,0,2,177,179,PSDB,0.1268603827072998
2016,85820,PT,COLIGACAO:210000000813,MONTAURI,3,0,3,276,279,PT,0.19773210489014884
2016,85820,PTB,COLIGACAO:210000000881,MONTAURI,5,0,5,246,251,PTB,0.1778880226789511
2016,85839,PDT,COLIGACAO:210000001592,CÂNDIDO GODÓI,8,0,8,54,62,PDT,0.012006196746707979
2016,85839,PMDB,COLIGACAO:210000001592,CÂNDIDO GODÓI,56,0,56,1350,1406,PMDB,0.27226955848179707
2016,85839,PP,PARTIDO:PP,CÂNDIDO GODÓI,68,0,68,2624,2692,PP,0.5213013168086754
2016,85839,PPS,COLIGACAO:210000001592,CÂNDIDO GODÓI,3,0,3,244,247,PPS,0.04783113865220759
2016,85839,PSB,COLIGACAO:210000001592,CÂNDIDO GODÓI,5,0,5,486,491,PSB,0.09508133230054222
2016,85839,PT,COLIGACAO:210000001592,CÂNDIDO GODÓI,6,0,6,260,266,PT,0.05151045701006971
2016,85847,PDT,COLIGACAO:210000000331,VISTA GAÚCHA,16,0,16,331,347,PDT,0.16154562383612664
2016,85847,PMDB,COLIGACAO:210000000331,VISTA GAÚCHA,95,0,95,1414,1509,PMDB,0.702513966480447
2016,85847,PT,COLIGACAO:210000000331,VISTA GAÚCHA,8,0,8,217,225,PT,0.10474860335195531
2016,85847,PTB,COLIGACAO:210000000331,VISTA GAÚCHA,3,0,3,64,67,PTB,0.031191806331471134
2016,85855,DEM,COLIGACAO:210000000448,CANELA,5,0,5,24,29,DEM,0.0012365155843602098
2016,85855,PC do B,COLIGACAO:210000002361,CANELA,20,0,20,472,492,PC DO B,0.020978126465697352
2016,85855,PDT,COLIGACAO:210000002361,CANELA,395,0,395,4942,5337,PDT,0.22756150599070482
2016,85855,PEN,COLIGACAO:210000002361,CANELA,6,0,6,40,46,PEN,0.00196136954760585
2016,85855,PMDB,COLIGACAO:210000001187,CANELA,595,0,595,7917,8512,PMDB,0.36293864324393466
2016,85855,PP,COLIGACAO:210000000448,CANELA,372,0,372,4263,4635,PP,0.1976293011555025
2016,85855,PPS,COLIGACAO:210000001187,CANELA,22,0,22,944,966,PPS,0.04118876049972285
2016,85855,PSD,COLIGACAO:210000000448,CANELA,8,0,8,280,288,PSD,0.01227987890674967
2016,85855,PSDB,COLIGACAO:210000002161,CANELA,37,0,37,2286,2323,PSDB,0.09904916215409543
2016,85855,PT,COLIGACAO:210000002361,CANELA,24,0,24,145,169,PT,0.007205901164030188
2016,85855,PTB,COLIGACAO:210000002161,CANELA,25,0,25,631,656,PTB,0.02797083528759647
2016,85863,DEM,COLIGACAO:210000001496,VISTA ALEGRE DO PRATA,17,0,17,298,315,DEM,0.225
2016,85863,PMDB,PARTIDO:PMDB,VISTA ALEGRE DO PRATA,31,0,31,947,978,PMDB,0.6985714285714286
2016,85863,PP,COLIGACAO:210000001496,VISTA ALEGRE DO PRATA,3,0,3,104,107,PP,0.07642857142857143
2016,85871,PDT,COLIGACAO:210000000491,CANGUÇU,95,0,95,1639,1734,PDT,0.04867914993964235
2016,85871,PMDB,COLIGACAO:210000000567,CANGUÇU,506,0,506,9367,9873,PMDB,0.27716796271862104
2016,85871,PP,COLIGACAO:210000000347,CANGUÇU,790,0,790,8265,9055,PP,0.25420398079784395
2016,85871,PPS,COLIGACAO:210000001324,CANGUÇU,12,0,12,556,568,PPS,0.01594565003789899
2016,85871,PRB,COLIGACAO:210000000567,CANGUÇU,29,0,29,1071,1100,PRB,0.03088066028466354
2016,85871,PSB,COLIGACAO:210000001324,CANGUÇU,38,0,38,2084,2122,PSB,0.05957160102186912
2016,85871,PSD,COLIGACAO:210000001324,CANGUÇU,15,0,15,349,364,PSD,0.010218691221470481
2016,85871,PSDB,PARTIDO:PSDB,CANGUÇU,98,0,98,3868,3966,PSDB,0.11133881698997782
2016,85871,PT,COLIGACAO:210000000491,CANGUÇU,253,0,253,3237,3490,PT,0.09797591308497797
2016,85871,PTB,COLIGACAO:210000000347,CANGUÇU,67,0,67,3282,3349,PTB,0.09401757390303472
2016,85880,PDT,COLIGACAO:210000000805,CASEIROS,1,0,1,89,90,PDT,0.03645200486026731
2016,85880,PMDB,COLIGACAO:210000000805,CASEIROS,44,0,44,729,773,PMDB,0.3130822195220737
2016,85880,PP,PARTIDO:PP,CASEIROS,57,0,57,1280,1337,PP,0.5415147833130822
2016,85880,PSDB,COLIGACAO:210000000805,CASEIROS,3,0,3,123,126,PSDB,0.05103280680437424
2016,85880,PT,COLIGACAO:210000000805,CASEIROS,1,0,1,85,86,PT,0.034831915755366545
2016,85880,PTB,COLIGACAO:210000000805,CASEIROS,1,0,1,56,57,PTB,0.023086269744835967
2016,85898,DEM,COLIGACAO:210000001667,CANOAS,96,0,96,3084,3180,DEM,0.01854876341577228
2016,85898,PC do B,COLIGACAO:210000001470,CANOAS,121,0,121,6575,6696,PC DO B,0.03905739617358843
2016,85898,PDT,PARTIDO:PDT,CANOAS,659,0,659,21435,22094,PDT,0.12887307512832477
2016,85898,PEN,COLIGACAO:210000002401,CANOAS,21,0,21,163,184,PEN,0.0010732617825478302
2016,85898,PHS,COLIGACAO:210000001470,CANOAS,13,0,13,108,121,PHS,0.0007057862809146057
2016,85898,PMDB,COLIGACAO:210000001235,CANOAS,439,0,439,15073,15512,PMDB,0.09048063462435837
2016,85898,PMN,COLIGACAO:210000002411,CANOAS,43,0,43,1642,1685,PMN,0.009828511432571163
2016,85898,PP,PARTIDO:PP,CANOAS,420,0,420,17310,17730,PP,0.10341810545963602
2016,85898,PPS,COLIGACAO:210000001030,CANOAS,140,0,140,6721,6861,PPS,0.040019832011199255
2016,85898,PR,COLIGACAO:210000001235,CANOAS,115,0,115,0,115,PR,0.0006707886140923939
2016,85898,PRB,COLIGACAO:210000000260,CANOAS,2195,0,2195,6898,9093,PRB,0.05303896406906206
2016,85898,PROS,COLIGACAO:210000001470,CANOAS,67,0,67,4127,4194,PROS,0.024463369108726086
2016,85898,PSB,COLIGACAO:210000001030,CANOAS,147,0,147,8351,8498,PSB,0.04956836210919272
2016,85898,PSC,COLIGACAO:210000001235,CANOAS,76,0,76,1419,1495,PSC,0.00872025198320112
2016,85898,PSD,COLIGACAO:210000002657,CANOAS,74,0,74,6668,6742,PSD,0.039325711619225386
2016,85898,PSDB,COLIGACAO:210000001667,CANOAS,935,0,935,2470,3405,PSDB,0.019861175921605228
2016,85898,PSDC,COLIGACAO:210000002411,CANOAS,13,0,13,975,988,PSDC,0.005762949136724219
2016,85898,PSOL,PARTIDO:PSOL,CANOAS,504,0,504,663,1167,PSOL,0.006807046196920206
2016,85898,PSTU,PARTIDO:PSTU,CANOAS,100,0,100,85,185,PSTU,0.0010790947270181987
2016,85898,PT,COLIGACAO:210000000260,CANOAS,1048,0,1048,23327,24375,PT,0.14217802146523564
2016,85898,PT do B,COLIGACAO:210000002411,CANOAS,20,0,20,185,205,PT DO B,0.0011957536164255715
2016,85898,PTB,COLIGACAO:210000002401,CANOAS,2427,0,2427,23941,26368,PTB,0.15380307979468036
2016,85898,PTC,COLIGACAO:210000002657,CANOAS,10,0,10,193,203,PTC,0.0011840877274848344
2016,85898,PTN,COLIGACAO:210000002657,CANOAS,67,0,67,937,1004,PTN,0.005856276248250116
2016,85898,PV,COLIGACAO:210000001030,CANOAS,54,0,54,2023,2077,PV,0.01211502566495567
2016,85898,REDE,COLIGACAO:210000002411,CANOAS,53,0,53,2003,2056,REDE,0.011992533831077928
2016,85898,SD,COLIGACAO:210000002657,CANOAS,118,0,118,5089,5207,SD,0.03037214185720952
2016,85898,SD,PARTIDO:SD,CANOAS,0,0,0,0,0,SD,0.0
2016,85901,PDT,PARTIDO:PDT,ITACURUBI,50,0,50,922,972,PDT,0.4044943820224719
2016,85901,PP,PARTIDO:PP,ITACURUBI,24,0,24,800,824,PP,0.3429047024552643
2016,85901,PT,PARTIDO:PT,ITACURUBI,23,0,23,584,607,PT,0.2526009155222638
2016,85910,DEM,COLIGACAO:210000002524,CARAZINHO,9,0,9,0,9,DEM,0.0002470830473575841
2016,85910,PDT,COLIGACAO:210000002688,CARAZINHO,129,0,129,4608,4737,PDT,0.13004804392587507
2016,85910,PMDB,PARTIDO:PMDB,CARAZINHO,851,0,851,4758,5609,PMDB,0.1539876458476321
2016,85910,PP,PARTIDO:PP,CARAZINHO,163,0,163,7200,7363,PP,0.2021413864104324
2016,85910,PR,COLIGACAO:210000002524,CARAZINHO,21,0,21,47,68,PR,0.0018668496911461907
2016,85910,PRB,COLIGACAO:210000002688,CARAZINHO,24,0,24,616,640,PRB,0.01757035003431709
2016,85910,PROS,COLIGACAO:210000001514,CARAZINHO,1,0,1,0,1,PROS,2.7453671928620453e-05
2016,85910,PSB,COLIGACAO:210000002524,CARAZINHO,70,0,70,5725,5795,PSB,0.15909402882635554
2016,85910,PSC,COLIGACAO:210000001514,CARAZINHO,6,0,6,521,527,PSC,0.01446808510638298
2016,85910,PSD,COLIGACAO:210000001514,CARAZINHO,18,0,18,0,18,PSD,0.0004941660947151682
2016,85910,PSDB,COLIGACAO:210000001514,CARAZINHO,78,0,78,4870,4948,PSDB,0.135840768702814
2016,85910,PT,COLIGACAO:210000002688,CARAZINHO,46,0,46,618,664,PT,0.01822923816060398
2016,85910,PTB,COLIGACAO:210000001514,CARAZINHO,427,0,427,3877,4304,PTB,0.11816060398078243
2016,85910,SD,COLIGACAO:210000001514,CARAZINHO,18,0,18,1724,1742,SD,0.04782429649965683
2016,85928,PDT,COLIGACAO:210000001277,ENTRE RIOS DO SUL,18,0,18,261,279,PDT,0.11332250203086922
2016,85928,PMDB,COLIGACAO:210000001028,ENTRE RIOS DO SUL,50,0,50,835,885,PMDB,0.359463850528026
2016,85928,PP,COLIGACAO:210000001028,ENTRE RIOS DO SUL,7,0,7,114,121,PP,0.04914703493095045
2016,85928,PSDB,COLIGACAO:210000001028,ENTRE RIOS DO SUL,6,0,6,486,492,PSDB,0.19983753046303818
2016,85928,PT,COLIGACAO:210000001277,ENTRE RIOS DO SUL,8,0,8,360,368,PT,0.14947197400487408
2016,85928,PT do B,COLIGACAO:210000001277,ENTRE RIOS DO SUL,28,0,28,224,252,PT DO B,0.10235580828594638
2016,85928,PTB,COLIGACAO:210000001277,ENTRE RIOS DO SUL,4,0,4,61,65,PTB,0.026401299756295696
2016,85936,PC do B,COLIGACAO:210000001531,CARLOS BARBOSA,42,0,42,232,274,PC DO B,0.016251482799525502
2016,85936,PDT,COLIGACAO:210000002507,CARLOS BARBOSA,124,0,124,4468,4592,PDT,0.2723606168446026
2016,85936,PMDB,COLIGACAO:210000002513,CARLOS BARBOSA,312,0,312,4536,4848,PMDB,0.2875444839857651
2016,85936,PP,COLIGACAO:210000000237,CARLOS BARBOSA,284,0,284,4476,4760,PP,0.2823250296559905
2016,85936,PPS,COLIGACAO:210000002513,CARLOS BARBOSA,8,0,8,129,137,PPS,0.008125741399762751
2016,85936,PSB,COLIGACAO:210000002507,CARLOS BARBOSA,5,0,5,265,270,PSB,0.01601423487544484
2016,85936,PSDB,COLIGACAO:210000000237,CARLOS BARBOSA,37,0,37,1451,1488,PSDB,0.08825622775800712
2016,85936,PT,COLIGACAO:210000001531,CARLOS BARBOSA,23,0,23,401,424,PT,0.025148279952550416
2016,85936,PV,COLIGACAO:210000002507,CARLOS BARBOSA,2,0,2,65,67,PV,0.003973902728351127
2016,85944,PC do B,COLIGACAO:210000001608,CERRO GRANDE DO SUL,5,0,5,47,52,PC DO B,0.008653686137460476
2016,85944,PDT,PARTIDO:PDT,CERRO GRANDE DO SUL,106,0,106,1225,1331,PDT,0.22150108171076718
2016,85944,PMDB,COLIGACAO:210000001621,CERRO GRANDE DO SUL,92,0,92,1346,1438,PMDB,0.23930770510900315
2016,85944,PP,COLIGACAO:210000001608,CERRO GRANDE DO SUL,40,0,40,1974,2014,PP,0.33516392078548846
2016,85944,PSDB,COLIGACAO:210000001621,CERRO GRANDE DO SUL,4,0,4,355,359,PSDB,0.05974371775669829
2016,85944,PT,PARTIDO:PT,CERRO GRANDE DO SUL,33,0,33,420,453,PT,0.07538691962056915
2016,85944,PTB,PARTIDO:PTB,CERRO GRANDE DO SUL,40,0,40,322,362,PTB,0.06024296888001331
2016,85952,PDT,COLIGACAO:210000001341,CASCA,5,0,5,347,352,PDT,0.05462445685909373
2016,85952,PMDB,COLIGACAO:210000001341,CASCA,127,0,127,1743,1870,PMDB,0.29019242706393544
2016,85952,PP,COLIGACAO:210000001316,CASCA,65,0,65,2071,2136,PP,0.33147113594040967
2016,85952,PPS,COLIGACAO:210000001316,CASCA,2,0,2,69,71,PPS,0.01101800124146493
2016,85952,PSB,COLIGACAO:210000001316,CASCA,3,0,3,396,399,PSB,0.06191806331471136
2016,85952,PT,COLIGACAO:210000001316,CASCA,111,0,111,1204,1315,PT,0.20406579764121663
2016,85952,PTB,COLIGACAO:210000001341,CASCA,3,0,3,298,301,PTB,0.04671011793916822
2016,85960,PDT,COLIGACAO:210000001462,CAMARGO,8,0,8,411,419,PDT,0.1964369432723863
2016,85960,PMDB,COLIGACAO:210000001462,CAMARGO,37,0,37,317,354,PMDB,0.1659634317862166
2016,85960,PP,COLIGACAO:210000001379,CAMARGO,45,0,45,403,448,PP,0.21003281762775433
2016,85960,PPS,COLIGACAO:210000001379,CAMARGO,3,0,3,149,152,PPS,0.07126113455227379
2016,85960,PSB,COLIGACAO:210000001462,CAMARGO,1,0,1,185,186,PSB,0.08720112517580872
2016,85960,PSDB,COLIGACAO:210000001379,CAMARGO,2,0,2,338,340,PSDB,0.15939990623534928
2016,85960,PT,COLIGACAO:210000001379,CAMARGO,6,0,6,228,234,PT,0.10970464135021098
2016,85979,DEM,COLIGACAO:210000000887,CATUÍPE,3,0,3,0,3,DEM,0.000429553264604811
2016,85979,PDT,COLIGACAO:210000001074,CATUÍPE,171,0,171,2412,2583,PDT,0.3698453608247423
2016,85979,PMDB,COLIGACAO:210000000887,CATUÍPE,20,0,20,454,474,PMDB,0.06786941580756013
2016,85979,PP,COLIGACAO:210000000887,CATUÍPE,189,0,189,2625,2814,PP,0.4029209621993127
2016,85979,PT,COLIGACAO:210000001074,CATUÍPE,19,0,19,921,940,PT,0.13459335624284077
2016,85979,PTB,COLIGACAO:210000000887,CATUÍPE,2,0,2,168,170,PTB,0.02434135166093929
2016,85987,PDT,PARTIDO:PDT,PARAÍSO DO SUL,86,0,86,1439,1525,PDT,0.3070263740688544
2016,85987,PMDB,PARTIDO:PMDB,PARAÍSO DO SUL,15,0,15,948,963,PMDB,0.19387960539561103
2016,85987,PP,COLIGACAO:210000002829,PARAÍSO DO SUL,95,0,95,1604,1699,PP,0.34205758002818604
2016,85987,PSDB,COLIGACAO:210000002829,PARAÍSO DO SUL,4,0,4,132,136,PSDB,0.02738071270384538
2016,85987,PT,PARTIDO:PT,PARAÍSO DO SUL,22,0,22,622,644,PT,0.12965572780350312
2016,85995,DEM,COLIGACAO:210000000358,CAXIAS DO SUL,159,0,159,3239,3398,DEM,0.015193858068439432
2016,85995,PC do B,PARTIDO:PC do B,CAXIAS DO SUL,401,0,401,12270,12671,PC DO B,0.05665726179670278
2016,85995,PDT,PARTIDO:PDT,CAXIAS DO SUL,4853,0,4853,30685,35538,PDT,0.15890504062277827
2016,85995,PEN,PARTIDO:PEN,CAXIAS DO SUL,80,0,80,4869,4949,PEN,0.022129018122632946
2016,85995,PHS,COLIGACAO:210000000855,CAXIAS DO SUL,31,0,31,695,726,PHS,0.0032462451317501555
2016,85995,PMDB,COLIGACAO:210000000388,CAXIAS DO SUL,1031,0,1031,25842,26873,PMDB,0.120160255407055
2016,85995,PMN,COLIGACAO:210000000855,CAXIAS DO SUL,41,0,41,145,186,PMN,0.0008316826370599571
2016,85995,PP,PARTIDO:PP,CAXIAS DO SUL,428,0,428,12614,13042,PP,0.05831615565879549
2016,85995,PPL,COLIGACAO:210000000855,CAXIAS DO SUL,65,0,65,707,772,PPL,0.0034519300850015425
2016,85995,PPS,COLIGACAO:210000000855,CAXIAS DO SUL,108,0,108,577,685,PPS,0.0030629172386347886
2016,85995,PR,COLIGACAO:210000001508,CAXIAS DO SUL,74,0,74,1786,1860,PR,0.008316826370599571
2016,85995,PRB,COLIGACAO:210000001508,CAXIAS DO SUL,2345,0,2345,10607,12952,PRB,0.05791372857634713
2016,85995,PROS,COLIGACAO:210000001436,CAXIAS DO SUL,81,0,81,2998,3079,PROS,0.013767477631761334
2016,85995,PRP,COLIGACAO:210000000855,CAXIAS DO SUL,100,0,100,0,100,PRP,0.00044714120272040705
2016,85995,PSB,PARTIDO:PSB,CAXIAS DO SUL,345,0,345,24130,24475,PSB,0.10943780936581964
2016,85995,PSC,COLIGACAO:210000000358,CAXIAS DO SUL,98,0,98,1799,1897,PSC,0.008482268615606123
2016,85995,PSD,COLIGACAO:210000000358,CAXIAS DO SUL,135,0,135,6529,6664,PSD,0.029797489749287927
2016,85995,PSDB,COLIGACAO:210000000358,CAXIAS DO SUL,335,0,335,7319,7654,PSDB,0.034224187656219957
2016,85995,PSDC,COLIGACAO:210000000855,CAXIAS DO SUL,15,0,15,293,308,PSDC,0.0013771949043788537
2016,85995,PSOL,PARTIDO:PSOL,CAXIAS DO SUL,209,0,209,723,932,PSOL,0.004167356009354194
2016,85995,PT,PARTIDO:PT,CAXIAS DO SUL,4804,0,4804,15295,20099,PT,0.08987091033477462
2016,85995,PT do B,COLIGACAO:210000000388,CAXIAS DO SUL,66,0,66,2514,2580,PT DO B,0.011536243030186502
2016,85995,PTB,PARTIDO:PTB,CAXIAS DO SUL,575,0,575,25458,26033,PTB,0.11640426930420357
2016,85995,PTC,COLIGACAO:210000000855,CAXIAS DO SUL,26,0,26,425,451,PTC,0.002016606824269036
2016,85995,PTN,COLIGACAO:210000001436,CAXIAS DO SUL,55,0,55,525,580,PTN,0.002593418975778361
2016,85995,PV,COLIGACAO:210000001436,CAXIAS DO SUL,45,0,45,828,873,PV,0.003903542699749154
2016,85995,REDE,PARTIDO:REDE,CAXIAS DO SUL,204,0,204,3040,3244,REDE,0.014505260616250005
2016,85995,SD,COLIGACAO:210000000855,CAXIAS DO SUL,131,0,131,10891,11022,SD,0.049283903363843265
2016,86010,PDT,COLIGACAO:210000002578,CERRO LARGO,40,0,40,710,750,PDT,0.09535918626827718
2016,86010,PMDB,PARTIDO:PMDB,CERRO LARGO,158,0,158,2422,2580,PMDB,0.32803560076287347
2016,86010,PP,COLIGACAO:210000002578,CERRO LARGO,157,0,157,2970,3127,PP,0.3975842339478703
2016,86010,PT,PARTIDO:PT,CERRO LARGO,81,0,81,833,914,PT,0.11621106166560712
2016,86010,PTB,COLIGACAO:210000002578,CERRO LARGO,8,0,8,278,286,PTB,0.03636363636363636
2016,86010,PV,PARTIDO:PV,CERRO LARGO,6,0,6,202,208,PV,0.026446280991735537
2016,86029,DEM,COLIGACAO:210000001263,FAXINALZINHO,4,0,4,140,144,DEM,0.06824644549763033
2016,86029,PC do B,COLIGACAO:210000000947,FAXINALZINHO,3,0,3,160,163,PC DO B,0.07725118483412323
2016,86029,PDT,COLIGACAO:210000001263,FAXINALZINHO,9,0,9,122,131,PDT,0.06208530805687204
2016,86029,PMDB,COLIGACAO:210000000947,FAXINALZINHO,42,0,42,601,643,PMDB,0.304739336492891
2016,86029,PP,COLIGACAO:210000001263,FAXINALZINHO,9,0,9,244,253,PP,0.11990521327014218
2016,86029,PPS,COLIGACAO:210000001263,FAXINALZINHO,19,0,19,407,426,PPS,0.2018957345971564
2016,86029,PSDB,COLIGACAO:210000001263,FAXINALZINHO,6,0,6,168,174,PSDB,0.08246445497630332
2016,86029,PTB,COLIGACAO:210000001263,FAXINALZINHO,3,0,3,173,176,PTB,0.08341232227488152
2016,86037,PDT,COLIGACAO:210000001585,CHAPADA,97,0,97,1103,1200,PDT,0.17429193899782136
2016,86037,PMDB,COLIGACAO:210000001585,CHAPADA,20,0,20,1553,1573,PMDB,0.22846768336964415
2016,86037,PP,COLIGACAO:210000002599,CHAPADA,118,0,118,2096,2214,PP,0.3215686274509804
2016,86037,PRB,COLIGACAO:210000001585,CHAPADA,5,0,5,91,96,PRB,0.013943355119825708
2016,86037,PSDB,COLIGACAO:210000002599,CHAPADA,8,0,8,447,455,PSDB,0.06608569353667393
2016,86037,PT,COLIGACAO:210000001585,CHAPADA,4,0,4,281,285,PT,0.04139433551198257
2016,86037,PTB,PARTIDO:PTB,CHAPADA,19,0,19,1043,1062,PTB,0.1542483660130719
2016,86045,PDT,COLIGACAO:210000000733,AMARAL FERRADOR,87,0,87,1446,1533,PDT,0.3656965648854962
2016,86045,PDT,PARTIDO:PDT,AMARAL FERRADOR,0,0,0,0,0,PDT,0.0
2016,86045,PMDB,COLIGACAO:210000001356,AMARAL FERRADOR,15,0,15,1150,1165,PMDB,0.27791030534351147
2016,86045,PP,COLIGACAO:210000001356,AMARAL FERRADOR,51,0,51,556,607,PP,0.1447996183206107
2016,86045,PSB,PARTIDO:PSB,AMARAL FERRADOR,0,0,0,28,28,PSB,0.006679389312977099
2016,86045,PSDB,COLIGACAO:210000001356,AMARAL FERRADOR,10,0,10,469,479,PSDB,0.11426526717557252
2016,86045,PT,COLIGACAO:210000000733,AMARAL FERRADOR,6,0,6,155,161,PT,0.03840648854961832
2016,86045,PT,PARTIDO:PT,AMARAL FERRADOR,0,0,0,0,0,PT,0.0
2016,86045,PTB,COLIGACAO:210000000733,AMARAL FERRADOR,7,0,7,212,219,PTB,0.05224236641221374
2016,86045,PTB,PARTIDO:PTB,AMARAL FERRADOR,0,0,0,0,0,PTB,0.0
2016,86053,DEM,COLIGACAO:210000000141,CHIAPETTA,0,0,0,0,0,DEM,0.0
2016,86053,PDT,COLIGACAO:210000000141,CHIAPETTA,0,0,0,60,60,PDT,0.019071837253655435
2016,86053,PMDB,COLIGACAO:210000001707,CHIAPETTA,38,0,38,456,494,PMDB,0.15702479338842976
2016,86053,PP,COLIGACAO:210000000141,CHIAPETTA,43,0,43,1588,1631,PP,0.5184361093452002
2016,86053,PSB,COLIGACAO:210000001707,CHIAPETTA,1,0,1,317,318,PSB,0.1010807374443738
2016,86053,PSD,COLIGACAO:210000001707,CHIAPETTA,1,0,1,0,1,PSD,0.0003178639542275906
2016,86053,PSDB,COLIGACAO:210000000141,CHIAPETTA,4,0,4,290,294,PSDB,0.09345200254291164
2016,86053,PT,COLIGACAO:210000001707,CHIAPETTA,9,0,9,339,348,PT,0.11061665607120152
2016,86061,DEM,COLIGACAO:210000000756,VILA FLORES,32,0,32,568,600,DEM,0.20797227036395147
2016,86061,PDT,COLIGACAO:210000000756,VILA FLORES,12,0,12,365,377,PDT,0.13067590987868286
2016,86061,PMDB,PARTIDO:PMDB,VILA FLORES,45,0,45,1286,1331,PMDB,0.46135181975736567
2016,86061,PP,COLIGACAO:210000000756,VILA FLORES,3,0,3,106,109,PP,0.03778162911611785
2016,86061,PPS,COLIGACAO:210000000756,VILA FLORES,5,0,5,107,112,PPS,0.038821490467937605
2016,86061,PSB,COLIGACAO:210000000756,VILA FLORES,7,0,7,158,165,PSB,0.05719237435008666
2016,86061,PSD,COLIGACAO:210000000756,VILA FLORES,2,0,2,27,29,PSD,0.010051993067590987
2016,86061,PSDB,COLIGACAO:210000000756,VILA FLORES,1,0,1,74,75,PSDB,0.025996533795493933
2016,86061,PTB,COLIGACAO:210000000756,VILA FLORES,2,0,2,85,87,PTB,0.030155979202772965
2016,86070,DEM,COLIGACAO:210000001290,CIRÍACO,2,0,2,38,40,DEM,0.010735373054213635
2016,86070,PDT,COLIGACAO:210000001290,CIRÍACO,13,0,13,403,416,PDT,0.11164787976382179
2016,86070,PMDB,COLIGACAO:210000000304,CIRÍACO,81,0,81,1176,1257,PMDB,0.33735909822866345
2016,86070,PP,COLIGACAO:210000001290,CIRÍACO,19,0,19,164,183,PP,0.04911433172302738
2016,86070,PPS,COLIGACAO:210000000304,CIRÍACO,5,0,5,73,78,PPS,0.020933977455716585
2016,86070,PRB,COLIGACAO:210000000304,CIRÍACO,4,0,4,211,215,PRB,0.05770263016639828
2016,86070,PSB,COLIGACAO:210000001290,CIRÍACO,3,0,3,213,216,PSB,0.057971014492753624
2016,86070,PSD,COLIGACAO:210000001290,CIRÍACO,11,0,11,189,200,PSD,0.05367686527106817
2016,86070,PT,COLIGACAO:210000000304,CIRÍACO,26,0,26,499,525,PT,0.14090177133655393
2016,86070,PTB,COLIGACAO:210000001290,CIRÍACO,50,0,50,546,596,PTB,0.15995705850778313
2016,86088,PDT,COLIGACAO:210000000238,CERRO BRANCO,63,0,63,1513,1576,PDT,0.45522819179664936
2016,86088,PMDB,COLIGACAO:210000002376,CERRO BRANCO,7,0,7,310,317,PMDB,0.09156556903523974
2016,86088,PP,COLIGACAO:210000002376,CERRO BRANCO,63,0,63,865,928,PP,0.268053148469093
2016,86088,PSB,PARTIDO:PSB,CERRO BRANCO,7,0,7,97,104,PSB,0.03004043905257077
2016,86088,PSD,COLIGACAO:210000000238,CERRO BRANCO,7,0,7,103,110,PSD,0.0317735413056037
2016,86088,PSDB,COLIGACAO:210000002376,CERRO BRANCO,3,0,3,237,240,PSDB,0.06932409012131716
2016,86088,PTB,COLIGACAO:210000000238,CERRO BRANCO,2,0,2,185,187,PTB,0.05401502021952628
2016,86096,DEM,COLIGACAO:210000002448,COLORADO,0,0,0,23,23,DEM,0.008078679311556024
2016,86096,PDT,PARTIDO:PDT,COLORADO,62,0,62,1064,1126,PDT,0.3955040393396558
2016,86096,PMDB,COLIGACAO:210000001366,COLORADO,30,0,30,701,731,PMDB,0.2567615033368458
2016,86096,PP,COLIGACAO:210000002448,COLORADO,9,0,9,518,527,PP,0.18510713031260975
2016,86096,PPS,COLIGACAO:210000002448,COLORADO,3,0,3,143,146,PPS,0.05128205128205128
2016,86096,PSB,COLIGACAO:210000002448,COLORADO,1,0,1,127,128,PSB,0.04495960660344222
2016,86096,PSDB,COLIGACAO:210000001366,COLORADO,1,0,1,73,74,PSDB,0.02599227256761503
2016,86096,PT,COLIGACAO:210000002448,COLORADO,2,0,2,90,92,PT,0.032314717246224096
2016,86100,PMDB,COLIGACAO:210000000783,ANDRÉ DA ROCHA,18,0,18,498,516,PMDB,0.43544303797468353
2016,86100,PP,COLIGACAO:210000000191,ANDRÉ DA ROCHA,10,0,10,403,413,PP,0.34852320675105486
2016,86100,PSDB,COLIGACAO:210000000783,ANDRÉ DA ROCHA,0,0,0,39,39,PSDB,0.03291139240506329
2016,86100,PTB,COLIGACAO:210000000191,ANDRÉ DA ROCHA,12,0,12,205,217,PTB,0.1831223628691983
2016,86118,PDT,COLIGACAO:210000001634,CONDOR,32,0,32,615,647,PDT,0.17745474492594623
2016,86118,PP,COLIGACAO:210000001634,CONDOR,125,0,125,1463,1588,PP,0.4355458036204059
2016,86118,PSDB,COLIGACAO:210000001634,CONDOR,11,0,11,348,359,PSDB,0.09846407021393308
2016,86118,PT,COLIGACAO:210000001634,CONDOR,28,0,28,1024,1052,PT,0.2885353812397148
2016,86126,PDT,COLIGACAO:210000000789,POÇO DAS ANTAS,24,0,24,356,380,PDT,0.20787746170678337
2016,86126,PMDB,COLIGACAO:210000000789,POÇO DAS ANTAS,3,0,3,461,464,PMDB,0.2538293216630197
2016,86126,PP,COLIGACAO:210000000400,POÇO DAS ANTAS,19,0,19,79,98,PP,0.053610503282275714
2016,86126,PSB,COLIGACAO:210000000400,POÇO DAS ANTAS,2,0,2,169,171,PSB,0.09354485776805252
2016,86126,PSDB,COLIGACAO:210000000400,POÇO DAS ANTAS,3,0,3,343,346,PSDB,0.18927789934354486
2016,86126,PT,COLIGACAO:210000000400,POÇO DAS ANTAS,4,0,4,148,152,PT,0.08315098468271334
2016,86126,PTB,COLIGACAO:210000000400,POÇO DAS ANTAS,3,0,3,214,217,PTB,0.1187089715536105
2016,86134,PDT,COLIGACAO:210000002334,CONSTANTINA,26,0,26,424,450,PDT,0.06110809342748506
2016,86134,PMDB,COLIGACAO:210000001283,CONSTANTINA,24,0,24,1486,1510,PMDB,0.20505160239000544
2016,86134,PP,COLIGACAO:210000002334,CONSTANTINA,116,0,116,1878,1994,PP,0.27077675176534494
2016,86134,PSB,COLIGACAO:210000001283,CONSTANTINA,8,0,8,705,713,PSB,0.09682237914177078
2016,86134,PSDB,COLIGACAO:210000002334,CONSTANTINA,9,0,9,987,996,PSDB,0.13525258011950028
2016,86134,PT,COLIGACAO:210000001283,CONSTANTINA,111,0,111,1238,1349,PT,0.183188484519283
2016,86134,PTB,COLIGACAO:210000002334,CONSTANTINA,9,0,9,343,352,PTB,0.047800108636610536
2016,86142,PDT,COLIGACAO:210000001175,TRÊS PALMEIRAS,82,0,82,1203,1285,PDT,0.3416644509438979
2016,86142,PMDB,COLIGACAO:210000000245,TRÊS PALMEIRAS,12,0,12,723,735,PMDB,0.19542674820526457
2016,86142,PP,COLIGACAO:210000000245,TRÊS PALMEIRAS,26,0,26,345,371,PP,0.09864397766551448
2016,86142,PSB,COLIGACAO:210000000245,TRÊS PALMEIRAS,43,0,43,613,656,PSB,0.17442169635735177
2016,86142,PSDB,COLIGACAO:210000000245,TRÊS PALMEIRAS,2,0,2,219,221,PSDB,0.058760967827705395
2016,86142,PT,COLIGACAO:210000001175,TRÊS PALMEIRAS,8,0,8,236,244,PT,0.0648763626695028
2016,86142,PTB,COLIGACAO:210000001175,TRÊS PALMEIRAS,5,0,5,244,249,PTB,0.0662057963307631
2016,86150,PDT,COLIGACAO:210000002470,CORONEL BICACO,39,0,39,1160,1199,PDT,0.23182521268368136
2016,86150,PMDB,COLIGACAO:210000002470,CORONEL BICACO,21,0,21,995,1016,PMDB,0.19644238205723125
2016,86150,PP,COLIGACAO:210000002704,CORONEL BICACO,123,0,123,1628,1751,PP,0.338553750966744
2016,86150,PPS,COLIGACAO:210000002470,CORONEL BICACO,1,0,1,0,1,PPS,0.00019334880123743234
2016,86150,PR,COLIGACAO:210000002704,CORONEL BICACO,1,0,1,258,259,PR,0.05007733952049497
2016,86150,PSB,COLIGACAO:210000002470,CORONEL BICACO,60,0,60,179,239,PSB,0.04621036349574632
2016,86150,PSDB,COLIGACAO:210000002704,CORONEL BICACO,12,0,12,483,495,PSDB,0.095707656612529
2016,86150,PT,COLIGACAO:210000002470,CORONEL BICACO,5,0,5,203,208,PT,0.04021655065738593
2016,86150,PTB,COLIGACAO:210000002704,CORONEL BICACO,4,0,4,0,4,PTB,0.0007733952049497294
2016,86169,DEM,COLIGACAO:210000001555,NOVA ALVORADA,0,0,0,0,0,DEM,0.0
2016,86169,PDT,COLIGACAO:210000002226,NOVA ALVORADA,11,0,11,0,11,PDT,0.00451559934318555
2016,86169,PMDB,COLIGACAO:210000002226,NOVA ALVORADA,33,0,33,596,629,PMDB,0.2582101806239737
2016,86169,PP,COLIGACAO:210000002226,NOVA ALVORADA,26,0,26,452,478,PP,0.1962233169129721
2016,86169,PPS,COLIGACAO:210000002226,NOVA ALVORADA,1,0,1,77,78,PPS,0.03201970443349754
2016,86169,PSD,COLIGACAO:210000001555,NOVA ALVORADA,3,0,3,235,238,PSD,0.09770114942528736
2016,86169,PT,COLIGACAO:210000001555,NOVA ALVORADA,0,0,0,0,0,PT,0.0
2016,86169,PTB,COLIGACAO:210000001555,NOVA ALVORADA,56,0,56,946,1002,PTB,0.41133004926108374
2016,86177,PC do B,COLIGACAO:210000002193,CRISSIUMAL,18,0,18,861,879,PC DO B,0.09793871866295265
2016,86177,PDT,COLIGACAO:210000002197,CRISSIUMAL,42,0,42,601,643,PDT,0.07164345403899722
2016,86177,PMDB,COLIGACAO:210000002197,CRISSIUMAL,251,0,251,1612,1863,PMDB,0.2075766016713092
2016,86177,PP,COLIGACAO:210000002172,CRISSIUMAL,44,0,44,1550,1594,PP,0.17760445682451254
2016,86177,PSB,COLIGACAO:210000002172,CRISSIUMAL,22,0,22,641,663,PSB,0.07387186629526463
2016,86177,PSD,COLIGACAO:210000002172,CRISSIUMAL,15,0,15,1463,1478,PSD,0.16467966573816156
2016,86177,PSDB,COLIGACAO:210000002172,CRISSIUMAL,11,0,11,261,272,PSDB,0.030306406685236768
2016,86177,PT,COLIGACAO:210000002193,CRISSIUMAL,25,0,25,439,464,PT,0.0516991643454039
2016,86177,PTB,COLIGACAO:210000002197,CRISSIUMAL,30,0,30,1089,1119,PTB,0.12467966573816155
2016,86185,DEM,COLIGACAO:210000000230,MORRO REDONDO,82,0,82,1842,1924,DEM,0.4496377658331386
2016,86185,PMDB,COLIGACAO:210000000298,MORRO REDONDO,16,0,16,425,441,PMDB,0.10306146295863519
2016,86185,PP,COLIGACAO:210000000298,MORRO REDONDO,8,0,8,17,25,PP,0.005842486562280907
2016,86185,PSDB,COLIGACAO:210000000230,MORRO REDONDO,3,0,3,78,81,PSDB,0.018929656461790137
2016,86185,PT,COLIGACAO:210000000298,MORRO REDONDO,12,0,12,499,511,PT,0.11942042533302173
2016,86185,PTB,PARTIDO:PTB,MORRO REDONDO,99,0,99,1198,1297,PTB,0.30310820285113343
2016,86193,DEM,COLIGACAO:210000001244,CRUZ ALTA,47,0,47,1219,1266,DEM,0.034683981260787373
2016,86193,PC do B,COLIGACAO:210000001222,CRUZ ALTA,59,0,59,2841,2900,PC DO B,0.0794498780855319
2016,86193,PDT,COLIGACAO:210000002243,CRUZ ALTA,596,0,596,6027,6623,PDT,0.18144708364154408
2016,86193,PHS,COLIGACAO:210000001222,CRUZ ALTA,4,0,4,0,4,PHS,0.00010958603873866469
2016,86193,PMB,COLIGACAO:210000002173,CRUZ ALTA,2,0,2,0,2,PMB,5.4793019369332346e-05
2016,86193,PMDB,COLIGACAO:210000002173,CRUZ ALTA,307,0,307,5649,5956,PMDB,0.16317361168187172
2016,86193,PP,COLIGACAO:210000001244,CRUZ ALTA,115,0,115,2789,2904,PP,0.07955946412427056
2016,86193,PPS,COLIGACAO:210000002243,CRUZ ALTA,5,0,5,54,59,PPS,0.0016163940713953043
2016,86193,PR,PARTIDO:PR,CRUZ ALTA,54,0,54,3955,4009,PR,0.10983260732582668
2016,86193,PRB,COLIGACAO:210000002243,CRUZ ALTA,17,0,17,66,83,PRB,0.0022739103038272924
2016,86193,PRP,COLIGACAO:210000002243,CRUZ ALTA,8,0,8,2,10,PRP,0.00027396509684666175
2016,86193,PSB,PARTIDO:PSB,CRUZ ALTA,89,0,89,1889,1978,PSB,0.05419029615626969
2016,86193,PSC,COLIGACAO:210000001581,CRUZ ALTA,16,0,16,603,619,PSC,0.01695843949480836
2016,86193,PSD,COLIGACAO:210000001581,CRUZ ALTA,17,0,17,957,974,PSD,0.026684200432864853
2016,86193,PSDB,COLIGACAO:210000002173,CRUZ ALTA,22,0,22,1235,1257,PSDB,0.03443741267362538
2016,86193,PT,COLIGACAO:210000002230,CRUZ ALTA,573,0,573,3512,4085,PT,0.11191474206186132
2016,86193,PTB,COLIGACAO:210000001244,CRUZ ALTA,35,0,35,1068,1103,PTB,0.030218350182186788
2016,86193,PV,COLIGACAO:210000002230,CRUZ ALTA,91,0,91,86,177,PV,0.0048491822141859126
2016,86193,SD,COLIGACAO:210000001581,CRUZ ALTA,32,0,32,2460,2492,SD,0.0682721021341881
2016,86207,PDT,COLIGACAO:210000000743,SANTA MARIA DO HERVAL,57,0,57,1178,1235,PDT,0.2650783429920584
2016,86207,PMDB,COLIGACAO:210000000743,SANTA MARIA DO HERVAL,22,0,22,781,803,PMDB,0.17235458252843958
2016,86207,PP,COLIGACAO:210000000690,SANTA MARIA DO HERVAL,20,0,20,934,954,PP,0.20476497102382485
2016,86207,PSB,COLIGACAO:210000000690,SANTA MARIA DO HERVAL,3,0,3,74,77,PSB,0.016527151749302426
2016,86207,PSDB,COLIGACAO:210000000690,SANTA MARIA DO HERVAL,60,0,60,1017,1077,PSDB,0.23116548615582744
2016,86207,PT,COLIGACAO:210000000743,SANTA MARIA DO HERVAL,1,0,1,25,26,PT,0.00558059669456965
2016,86207,PTB,COLIGACAO:210000000743,SANTA MARIA DO HERVAL,13,0,13,474,487,PTB,0.10452886885597767
2016,86215,PDT,PARTIDO:PDT,CRUZEIRO DO SUL,39,0,39,1678,1717,PDT,0.19925728211674595
2016,86215,PMDB,COLIGACAO:210000001108,CRUZEIRO DO SUL,40,0,40,1270,1310,PMDB,0.1520250667285598
2016,86215,PP,PARTIDO:PP,CRUZEIRO DO SUL,133,0,133,1831,1964,PP,0.22792155042358128
2016,86215,PRB,COLIGACAO:210000001103,CRUZEIRO DO SUL,1,0,1,30,31,PRB,0.003597539747011721
2016,86215,PSC,COLIGACAO:210000001108,CRUZEIRO DO SUL,2,0,2,152,154,PSC,0.017871649065800164
2016,86215,PSD,COLIGACAO:210000001103,CRUZEIRO DO SUL,7,0,7,37,44,PSD,0.005106185447371475
2016,86215,PSDB,COLIGACAO:210000001103,CRUZEIRO DO SUL,164,0,164,2392,2556,PSDB,0.2966229546245793
2016,86215,PT,COLIGACAO:210000001108,CRUZEIRO DO SUL,15,0,15,826,841,PT,0.09759777184635024
2016,86223,PDT,COLIGACAO:210000000797,BARÃO,54,0,54,435,489,PDT,0.11264685556323428
2016,86223,PMDB,COLIGACAO:210000000797,BARÃO,15,0,15,858,873,PMDB,0.20110573600552867
2016,86223,PP,COLIGACAO:210000001424,BARÃO,77,0,77,1509,1586,PP,0.36535360516010135
2016,86223,PSDB,COLIGACAO:210000001424,BARÃO,0,0,0,147,147,PSDB,0.033863165169315826
2016,86223,PT,COLIGACAO:210000000797,BARÃO,7,0,7,460,467,PT,0.10757889887122783
2016,86223,PTB,PARTIDO:PTB,BARÃO,14,0,14,765,779,PTB,0.17945173923059202
2016,86231,PDT,COLIGACAO:210000000692,DAVID CANABARRO,5,0,5,17,22,PDT,0.0061815116605788145
2016,86231,PMDB,COLIGACAO:210000000692,DAVID CANABARRO,39,0,39,1012,1051,PMDB,0.29530767069401515
2016,86231,PP,COLIGACAO:210000002346,DAVID CANABARRO,50,0,50,745,795,PP,0.22337735318909807
2016,86231,PPS,COLIGACAO:210000002346,DAVID CANABARRO,2,0,2,220,222,PPS,0.062377072211295306
2016,86231,PSB,COLIGACAO:210000000692,DAVID CANABARRO,7,0,7,400,407,PSB,0.11435796572070807
2016,86231,PSD,COLIGACAO:210000002346,DAVID CANABARRO,2,0,2,297,299,PSD,0.08401236302332116
2016,86231,PT,COLIGACAO:210000000692,DAVID CANABARRO,5,0,5,342,347,PT,0.09749929755549312
2016,86231,PTB,COLIGACAO:210000002346,DAVID CANABARRO,4,0,4,412,416,PTB,0.1168867659454903
2016,86240,DEM,PARTIDO:DEM,ELDORADO DO SUL,77,0,77,1238,1315,DEM,0.06677499619154015
2016,86240,PC do B,COLIGACAO:210000000576,ELDORADO DO SUL,0,0,0,135,135,PC DO B,0.0068552277458995585
2016,86240,PDT,COLIGACAO:210000000627,ELDORADO DO SUL,367,0,367,4700,5067,PDT,0.2572995480627634
2016,86240,PEN,PARTIDO:PEN,ELDORADO DO SUL,42,0,42,89,131,PEN,0.006652109886761793
2016,86240,PHS,COLIGACAO:210000000627,ELDORADO DO SUL,2,0,2,21,23,PHS,0.001167927690042147
2016,86240,PMDB,COLIGACAO:210000000576,ELDORADO DO SUL,77,0,77,4666,4743,PMDB,0.2408470014726045
2016,86240,PPS,COLIGACAO:210000000183,ELDORADO DO SUL,3,0,3,153,156,PPS,0.007921596506372823
2016,86240,PR,COLIGACAO:210000000183,ELDORADO DO SUL,15,0,15,440,455,PR,0.023104656476920733
2016,86240,PRB,COLIGACAO:210000000203,ELDORADO DO SUL,8,0,8,250,258,PRB,0.013101101914385823
2016,86240,PSB,COLIGACAO:210000000185,ELDORADO DO SUL,138,0,138,3057,3195,PSB,0.16224038998628953
2016,86240,PSC,COLIGACAO:210000000168,ELDORADO DO SUL,13,0,13,454,467,PSC,0.023714010054334028
2016,86240,PSD,COLIGACAO:210000000183,ELDORADO DO SUL,8,0,8,71,79,PSD,0.004011577717970853
2016,86240,PSDB,COLIGACAO:210000000168,ELDORADO DO SUL,106,0,106,227,333,PSDB,0.01690956177321891
2016,86240,PSDC,COLIGACAO:210000000168,ELDORADO DO SUL,0,0,0,0,0,PSDC,0.0
2016,86240,PT,COLIGACAO:210000000185,ELDORADO DO SUL,38,0,38,1974,2012,PT,0.10216828314629564
2016,86240,PTB,COLIGACAO:210000000183,ELDORADO DO SUL,15,0,15,207,222,PTB,0.01127304118214594
2016,86240,PTC,COLIGACAO:210000000168,ELDORADO DO SUL,3,0,3,235,238,PTC,0.012085512618697
2016,86240,SD,COLIGACAO:210000000203,ELDORADO DO SUL,51,0,51,813,864,SD,0.04387345757375717
2016,86258,PDT,PARTIDO:PDT,DOIS IRMÃOS,82,0,82,2562,2644,PDT,0.1444729796186001
2016,86258,PMDB,COLIGACAO:210000001450,DOIS IRMÃOS,447,0,447,4609,5056,PMDB,0.27626905633571935
2016,86258,PP,COLIGACAO:210000001450,DOIS IRMÃOS,67,0,67,3260,3327,PP,0.1817933446259767
2016,86258,PSB,COLIGACAO:210000001450,DOIS IRMÃOS,25,0,25,2112,2137,PSB,0.11676957543303644
2016,86258,PT,PARTIDO:PT,DOIS IRMÃOS,460,0,460,4677,5137,PT,0.2806950439866674
2016,86274,PDT,COLIGACAO:210000000603,DOM FELICIANO,43,0,43,360,403,PDT,0.044599380256750774
2016,86274,PMDB,COLIGACAO:210000000105,DOM FELICIANO,14,0,14,613,627,PMDB,0.0693891102257636
2016,86274,PP,COLIGACAO:210000001616,DOM FELICIANO,35,0,35,294,329,PP,0.0364099158919876
2016,86274,PSB,PARTIDO:PSB,DOM FELICIANO,176,0,176,2274,2450,PSB,0.27113767153607793
2016,86274,PSDB,COLIGACAO:210000000105,DOM FELICIANO,200,0,200,2198,2398,PSDB,0.26538291279327136
2016,86274,PT,COLIGACAO:210000001616,DOM FELICIANO,152,0,152,1939,2091,PT,0.23140770252324036
2016,86274,PTB,COLIGACAO:210000000603,DOM FELICIANO,20,0,20,718,738,PTB,0.08167330677290836
2016,86282,PDT,COLIGACAO:210000001480,ALTO FELIZ,5,0,5,251,256,PDT,0.10751784964300715
2016,86282,PEN,COLIGACAO:210000001651,ALTO FELIZ,1,0,1,103,104,PEN,0.04367912641747165
2016,86282,PMDB,COLIGACAO:210000001651,ALTO FELIZ,33,0,33,573,606,PMDB,0.25451490970180596
2016,86282,PP,COLIGACAO:210000001651,ALTO FELIZ,7,0,7,78,85,PP,0.03569928601427971
2016,86282,PSB,COLIGACAO:210000001651,ALTO FELIZ,2,0,2,82,84,PSB,0.03527929441411172
2016,86282,PSD,COLIGACAO:210000001651,ALTO FELIZ,1,0,1,126,127,PSD,0.05333893322133557
2016,86282,PSDB,COLIGACAO:210000001480,ALTO FELIZ,4,0,4,430,434,PSDB,0.18227635447291055
2016,86282,PT,COLIGACAO:210000001487,ALTO FELIZ,2,0,2,229,231,PT,0.09701805963880722
2016,86282,PTB,COLIGACAO:210000001487,ALTO FELIZ,32,0,32,422,454,PTB,0.19067618647627047
2016,86290,PDT,COLIGACAO:210000001358,DOM PEDRITO,87,0,87,3019,3106,PDT,0.1386297701405936
2016,86290,PMDB,COLIGACAO:210000001049,DOM PEDRITO,343,0,343,4618,4961,PMDB,0.22142378933273824
2016,86290,PP,COLIGACAO:210000000510,DOM PEDRITO,725,0,725,6873,7598,PP,0.33912073197946885
2016,86290,PRB,COLIGACAO:210000001358,DOM PEDRITO,21,0,21,663,684,PRB,0.030528899799151975
2016,86290,PSB,COLIGACAO:210000001049,DOM PEDRITO,7,0,7,171,178,PSB,0.007944655210890427
2016,86290,PSD,COLIGACAO:210000000510,DOM PEDRITO,16,0,16,668,684,PSD,0.030528899799151975
2016,86290,PSDB,COLIGACAO:210000001358,DOM PEDRITO,17,0,17,483,500,PSDB,0.02231644722160232
2016,86290,PT,PARTIDO:PT,DOM PEDRITO,68,0,68,917,985,PT,0.043963401026556576
2016,86290,PTB,PARTIDO:PTB,DOM PEDRITO,77,0,77,3632,3709,PTB,0.16554340548984603
2016,86304,PDT,COLIGACAO:210000002202,AMETISTA DO SUL,103,0,103,1197,1300,PDT,0.2849002849002849
2016,86304,PMDB,COLIGACAO:210000002162,AMETISTA DO SUL,17,0,17,291,308,PMDB,0.06749945211483672
2016,86304,PP,COLIGACAO:210000002162,AMETISTA DO SUL,98,0,98,1346,1444,PP,0.31645847030462415
2016,86304,PSDB,COLIGACAO:210000002202,AMETISTA DO SUL,5,0,5,92,97,PSDB,0.021257944334867412
2016,86304,PT,PARTIDO:PT,AMETISTA DO SUL,22,0,22,1255,1277,PT,0.2798597413982029
2016,86304,PTB,COLIGACAO:210000002162,AMETISTA DO SUL,5,0,5,132,137,PTB,0.03002410694718387
2016,86312,PDT,COLIGACAO:210000001060,DONA FRANCISCA,16,0,16,196,212,PDT,0.07449051300070274
2016,86312,PMDB,PARTIDO:PMDB,DONA FRANCISCA,57,0,57,1254,1311,PMDB,0.460646521433591
2016,86312,PP,COLIGACAO:210000001060,DONA FRANCISCA,65,0,65,1258,1323,PP,0.4648629655657063
2016,86320,PDT,COLIGACAO:210000001284,ARAMBARÉ,49,0,49,748,797,PDT,0.27108843537414967
2016,86320,PMDB,COLIGACAO:210000000475,ARAMBARÉ,71,0,71,1026,1097,PMDB,0.3731292517006803
2016,86320,PSB,COLIGACAO:210000000559,ARAMBARÉ,24,0,24,489,513,PSB,0.17448979591836736
2016,86320,PSDB,COLIGACAO:210000000475,ARAMBARÉ,4,0,4,286,290,PSDB,0.09863945578231292
2016,86320,PT,COLIGACAO:210000001284,ARAMBARÉ,2,0,2,127,129,PT,0.04387755102040816
2016,86320,PTB,COLIGACAO:210000000559,ARAMBARÉ,7,0,7,107,114,PTB,0.03877551020408163
2016,86339,DEM,COLIGACAO:210000001269,ENCANTADO,4,0,4,401,405,DEM,0.02870915148507833
2016,86339,PDT,COLIGACAO:210000001269,ENCANTADO,18,0,18,795,813,PDT,0.05763096335152761
2016,86339,PMDB,COLIGACAO:210000001269,ENCANTADO,205,0,205,4886,5091,PMDB,0.36088466718650314
2016,86339,PP,COLIGACAO:210000000536,ENCANTADO,76,0,76,4447,4523,PP,0.32062096831360315
2016,86339,PSB,COLIGACAO:210000001269,ENCANTADO,3,0,3,161,164,PSB,0.011625434181611966
2016,86339,PSDB,COLIGACAO:210000000536,ENCANTADO,179,0,179,851,1030,PSDB,0.07301339760402636
2016,86339,PT,COLIGACAO:210000000536,ENCANTADO,17,0,17,672,689,PT,0.04884100092152832
2016,86339,PTB,COLIGACAO:210000001269,ENCANTADO,26,0,26,1366,1392,PTB,0.09867441695612107
2016,86347,PDT,COLIGACAO:210000001574,BARÃO DO TRIUNFO,62,0,62,366,428,PDT,0.09572802505032431
2016,86347,PMDB,COLIGACAO:210000001314,BARÃO DO TRIUNFO,103,0,103,1295,1398,PMDB,0.31268172668306865
2016,86347,PP,COLIGACAO:210000001596,BARÃO DO TRIUNFO,28,0,28,1115,1143,PP,0.25564750615074927
2016,86347,PSB,COLIGACAO:210000001314,BARÃO DO TRIUNFO,5,0,5,262,267,PSB,0.05971818385148736
2016,86347,PSD,COLIGACAO:210000001314,BARÃO DO TRIUNFO,2,0,2,211,213,PSD,0.047640348915231494
2016,86347,PSDB,COLIGACAO:210000001596,BARÃO DO TRIUNFO,6,0,6,251,257,PSDB,0.05748154775218072
2016,86347,PT,COLIGACAO:210000001574,BARÃO DO TRIUNFO,7,0,7,186,193,PT,0.04316707671661821
2016,86347,PTB,COLIGACAO:210000001314,BARÃO DO TRIUNFO,8,0,8,564,572,PTB,0.12793558488033996
2016,86355,DEM,COLIGACAO:210000002332,ENCRUZILHADA DO SUL,1,0,1,113,114,DEM,0.007305819020763907
2016,86355,PC do B,COLIGACAO:210000002503,ENCRUZILHADA DO SUL,0,0,0,387,387,PC DO B,0.02480133299154063
2016,86355,PDT,COLIGACAO:210000002613,ENCRUZILHADA DO SUL,67,0,67,1971,2038,PDT,0.1306075365290951
2016,86355,PMDB,PARTIDO:PMDB,ENCRUZILHADA DO SUL,53,0,53,2960,3013,PMDB,0.19309151499615484
2016,86355,PMN,COLIGACAO:210000002332,ENCRUZILHADA DO SUL,4,0,4,17,21,PMN,0.001345808766982825
2016,86355,PP,COLIGACAO:210000002269,ENCRUZILHADA DO SUL,419,0,419,4822,5241,PP,0.3358754165598564
2016,86355,PPS,COLIGACAO:210000002269,ENCRUZILHADA DO SUL,4,0,4,0,4,PPS,0.0002563445270443476
2016,86355,PRB,COLIGACAO:210000002613,ENCRUZILHADA DO SUL,12,0,12,471,483,PRB,0.030953601640604973
2016,86355,PSB,COLIGACAO:210000002269,ENCRUZILHADA DO SUL,5,0,5,0,5,PSB,0.0003204306588054345
2016,86355,PSD,COLIGACAO:210000002269,ENCRUZILHADA DO SUL,6,0,6,0,6,PSD,0.00038451679056652143
2016,86355,PSDB,COLIGACAO:210000002332,ENCRUZILHADA DO SUL,33,0,33,1020,1053,PSDB,0.0674826967444245
2016,86355,PT,PARTIDO:PT,ENCRUZILHADA DO SUL,62,0,62,1065,1127,PT,0.07222507049474494
2016,86355,PTB,COLIGACAO:210000002503,ENCRUZILHADA DO SUL,248,0,248,1538,1786,PTB,0.1144578313253012
2016,86355,REDE,COLIGACAO:210000002269,ENCRUZILHADA DO SUL,1,0,1,0,1,REDE,6.40861317610869e-05
2016,86355,SD,COLIGACAO:210000002613,ENCRUZILHADA DO SUL,12,0,12,313,325,SD,0.02082799282235324
2016,86363,PMDB,COLIGACAO:210000002304,BARRA DO GUARITA,54,0,54,1320,1374,PMDB,0.5518072289156627
2016,86363,PSB,COLIGACAO:210000002659,BARRA DO GUARITA,2,0,2,110,112,PSB,0.04497991967871486
2016,86363,PSDB,COLIGACAO:210000002304,BARRA DO GUARITA,3,0,3,67,70,PSDB,0.028112449799196786
2016,86363,PT,COLIGACAO:210000002659,BARRA DO GUARITA,58,0,58,822,880,PT,0.3534136546184739
2016,86363,PTB,COLIGACAO:210000002304,BARRA DO GUARITA,3,0,3,51,54,PTB,0.021686746987951807
2016,86371,DEM,COLIGACAO:210000002242,ERECHIM,12,0,12,942,954,DEM,0.015715862477966493
2016,86371,PC do B,COLIGACAO:210000000679,ERECHIM,30,0,30,2155,2185,PC DO B,0.03599492611567797
2016,86371,PDT,PARTIDO:PDT,ERECHIM,154,0,154,5880,6034,PDT,0.09940200649061826
2016,86371,PMDB,PARTIDO:PMDB,ERECHIM,708,0,708,9635,10343,PMDB,0.17038696604780654
2016,86371,PMN,COLIGACAO:210000002758,ERECHIM,15,0,15,492,507,PMN,0.008352140750868984
2016,86371,PP,COLIGACAO:210000002758,ERECHIM,163,0,163,3089,3252,PP,0.05357231108841408
2016,86371,PPS,COLIGACAO:210000000679,ERECHIM,36,0,36,847,883,PPS,0.014546233299836911
2016,86371,PR,COLIGACAO:210000002758,ERECHIM,24,0,24,423,447,PR,0.007363721727097507
2016,86371,PRB,COLIGACAO:210000001440,ERECHIM,33,0,33,2088,2121,PRB,0.03494061249032173
2016,86371,PROS,COLIGACAO:210000002240,ERECHIM,9,0,9,167,176,PROS,0.0028993624697296674
2016,86371,PSB,COLIGACAO:210000002242,ERECHIM,365,0,365,3564,3929,PSB,0.06472497240663559
2016,86371,PSC,COLIGACAO:210000000679,ERECHIM,13,0,13,498,511,PSC,0.008418035352453751
2016,86371,PSD,PARTIDO:PSD,ERECHIM,49,0,49,3943,3992,PSD,0.06576281238159563
2016,86371,PSDB,COLIGACAO:210000002758,ERECHIM,889,0,889,3587,4476,PSDB,0.07373605917335223
2016,86371,PT,PARTIDO:PT,ERECHIM,209,0,209,8092,8301,PT,0.1367477719387839
2016,86371,PT do B,COLIGACAO:210000001440,ERECHIM,15,0,15,428,443,PT DO B,0.007297827125512742
2016,86371,PTB,COLIGACAO:210000002240,ERECHIM,75,0,75,4569,4644,PTB,0.07650363243991236
2016,86371,PV,PARTIDO:PV,ERECHIM,58,0,58,4659,4717,PV,0.07770620891883433
2016,86371,SD,COLIGACAO:210000001440,ERECHIM,51,0,51,2737,2788,SD,0.045928537304581324
2016,86380,PDT,COLIGACAO:210000001511,BARRA DO RIO AZUL,2,0,2,144,146,PDT,0.08984615384615384
2016,86380,PMDB,COLIGACAO:210000001511,BARRA DO RIO AZUL,5,0,5,263,268,PMDB,0.16492307692307692
2016,86380,PP,COLIGACAO:210000001511,BARRA DO RIO AZUL,15,0,15,258,273,PP,0.168
2016,86380,PRB,COLIGACAO:210000001511,BARRA DO RIO AZUL,2,0,2,109,111,PRB,0.0683076923076923
2016,86380,PSB,COLIGACAO:210000001511,BARRA DO RIO AZUL,5,0,5,181,186,PSB,0.11446153846153846
2016,86380,PT,COLIGACAO:210000001511,BARRA DO RIO AZUL,2,0,2,160,162,PT,0.09969230769230769
2016,86380,PTB,COLIGACAO:210000001511,BARRA DO RIO AZUL,28,0,28,451,479,PTB,0.2947692307692308
2016,86398,DEM,COLIGACAO:210000000565,HERVAL,1,0,1,62,63,DEM,0.013624567474048443
2016,86398,PDT,COLIGACAO:210000002290,HERVAL,100,0,100,1376,1476,PDT,0.31920415224913495
2016,86398,PMDB,COLIGACAO:210000002290,HERVAL,19,0,19,472,491,PMDB,0.10618512110726644
2016,86398,PP,COLIGACAO:210000000565,HERVAL,29,0,29,700,729,PP,0.15765570934256054
2016,86398,PPL,COLIGACAO:210000000565,HERVAL,20,0,20,1024,1044,PPL,0.22577854671280276
2016,86398,PRB,COLIGACAO:210000000565,HERVAL,1,0,1,83,84,PRB,0.018166089965397925
2016,86398,PSB,COLIGACAO:210000002290,HERVAL,2,0,2,0,2,PSB,0.00043252595155709344
2016,86398,PSDB,COLIGACAO:210000000565,HERVAL,79,0,79,203,282,PSDB,0.06098615916955017
2016,86398,PT,COLIGACAO:210000000565,HERVAL,10,0,10,419,429,PT,0.09277681660899655
2016,86398,PTB,COLIGACAO:210000002290,HERVAL,5,0,5,19,24,PTB,0.005190311418685121
2016,86401,PDT,PARTIDO:PDT,BARRA FUNDA,17,0,17,818,835,PDT,0.3430566967953985
2016,86401,PP,COLIGACAO:210000000588,BARRA FUNDA,51,0,51,1388,1439,PP,0.5912078882497945
2016,86401,PT,COLIGACAO:210000000588,BARRA FUNDA,5,0,5,155,160,PT,0.0657354149548069
2016,86410,PDT,COLIGACAO:210000000749,ERVAL GRANDE,18,0,18,0,18,PDT,0.005387608500448967
2016,86410,PMDB,COLIGACAO:210000000749,ERVAL GRANDE,24,0,24,564,588,PMDB,0.17599521101466628
2016,86410,PP,COLIGACAO:210000000749,ERVAL GRANDE,20,0,20,370,390,PP,0.11673151750972763
2016,86410,PPS,COLIGACAO:210000000749,ERVAL GRANDE,1,0,1,0,1,PPS,0.000299311583358276
2016,86410,PSB,COLIGACAO:210000000749,ERVAL GRANDE,72,0,72,716,788,PSB,0.23585752768632146
2016,86410,PT,COLIGACAO:210000000749,ERVAL GRANDE,13,0,13,280,293,PT,0.08769829392397485
2016,86410,PTB,COLIGACAO:210000000749,ERVAL GRANDE,53,0,53,1210,1263,PTB,0.37803052978150253
2016,86428,PDT,COLIGACAO:210000001348,BOA VISTA DAS MISSÕES,14,0,14,408,422,PDT,0.24266820011500861
2016,86428,PMDB,COLIGACAO:210000000815,BOA VISTA DAS MISSÕES,0,0,0,174,174,PMDB,0.10005750431282347
2016,86428,PP,COLIGACAO:210000001348,BOA VISTA DAS MISSÕES,11,0,11,279,290,PP,0.16676250718803912
2016,86428,PPS,COLIGACAO:210000000815,BOA VISTA DAS MISSÕES,0,0,0,0,0,PPS,0.0
2016,86428,PSB,COLIGACAO:210000000815,BOA VISTA DAS MISSÕES,23,0,23,485,508,PSB,0.29212190914318575
2016,86428,PSDB,COLIGACAO:210000000815,BOA VISTA DAS MISSÕES,4,0,4,168,172,PSDB,0.09890741805635422
2016,86428,PT,COLIGACAO:210000000815,BOA VISTA DAS MISSÕES,0,0,0,159,159,PT,0.09143185738930419
2016,86428,PTB,COLIGACAO:210000001348,BOA VISTA DAS MISSÕES,3,0,3,11,14,PTB,0.008050603795284647
2016,86436,PDT,COLIGACAO:210000001631,ERVAL SECO,60,0,60,1246,1306,PDT,0.2716871229457042
2016,86436,PMDB,COLIGACAO:210000001451,ERVAL SECO,16,0,16,399,415,PMDB,0.08633243187018931
2016,86436,PP,COLIGACAO:210000001451,ERVAL SECO,23,0,23,399,422,PP,0.08778864156438528
2016,86436,PSDB,COLIGACAO:210000001631,ERVAL SECO,66,0,66,769,835,PSDB,0.17370501352194717
2016,86436,PT,PARTIDO:PT,ERVAL SECO,40,0,40,1442,1482,PT,0.308300395256917
2016,86436,PTB,COLIGACAO:210000001451,ERVAL SECO,47,0,47,300,347,PTB,0.07218639484085708
2016,86444,PDT,COLIGACAO:210000000863,BOM PROGRESSO,6,0,6,147,153,PDT,0.07960457856399583
2016,86444,PMDB,COLIGACAO:210000000902,BOM PROGRESSO,3,0,3,193,196,PMDB,0.10197710718002082
2016,86444,PP,COLIGACAO:210000000863,BOM PROGRESSO,25,0,25,337,362,PP,0.18834547346514047
2016,86444,PSB,COLIGACAO:210000000902,BOM PROGRESSO,15,0,15,335,350,PSB,0.18210197710718
2016,86444,PSD,COLIGACAO:210000000902,BOM PROGRESSO,0,0,0,188,188,PSD,0.09781477627471384
2016,86444,PSDB,COLIGACAO:210000000863,BOM PROGRESSO,2,0,2,99,101,PSDB,0.05254942767950052
2016,86444,PT,COLIGACAO:210000000902,BOM PROGRESSO,4,0,4,149,153,PT,0.07960457856399583
2016,86444,PTB,COLIGACAO:210000000863,BOM PROGRESSO,5,0,5,414,419,PTB,0.21800208116545267
2016,86452,PMDB,COLIGACAO:210000001484,ESMERALDA,28,0,28,1063,1091,PMDB,0.4497114591920857
2016,86452,PP,COLIGACAO:210000001484,ESMERALDA,13,0,13,490,503,PP,0.20733718054410552
2016,86452,PT,COLIGACAO:210000001242,ESMERALDA,7,0,7,573,580,PT,0.23907666941467437
2016,86452,PTB,COLIGACAO:210000001242,ESMERALDA,36,0,36,216,252,PTB,0.10387469084913438
2016,86460,PMDB,COLIGACAO:210000001594,CAMPESTRE DA SERRA,28,0,28,443,471,PMDB,0.20594665500655882
2016,86460,PP,PARTIDO:PP,CAMPESTRE DA SERRA,62,0,62,1313,1375,PP,0.6012243113248797
2016,86460,PPS,COLIGACAO:210000001594,CAMPESTRE DA SERRA,1,0,1,164,165,PPS,0.07214691735898557
2016,86460,PSDB,COLIGACAO:210000001594,CAMPESTRE DA SERRA,5,0,5,137,142,PSDB,0.062090074333187584
2016,86460,PTB,COLIGACAO:210000001594,CAMPESTRE DA SERRA,3,0,3,131,134,PTB,0.05859204197638828
2016,86479,DEM,COLIGACAO:210000001082,ESPUMOSO,8,0,8,154,162,DEM,0.015171380408316164
2016,86479,PC do B,COLIGACAO:210000001082,ESPUMOSO,0,0,0,0,0,PC DO B,0.0
2016,86479,PDT,COLIGACAO:210000001082,ESPUMOSO,224,0,224,4297,4521,PDT,0.42339389398763816
2016,86479,PMDB,COLIGACAO:210000000780,ESPUMOSO,118,0,118,1469,1587,PMDB,0.14862333770368982
2016,86479,PP,COLIGACAO:210000001479,ESPUMOSO,156,0,156,3432,3588,PP,0.3360179808952987
2016,86479,PR,COLIGACAO:210000001082,ESPUMOSO,6,0,6,0,6,PR,0.0005619029780857839
2016,86479,PSDB,COLIGACAO:210000001479,ESPUMOSO,6,0,6,384,390,PSDB,0.03652369357557595
2016,86479,PT,COLIGACAO:210000000780,ESPUMOSO,13,0,13,411,424,PT,0.03970781045139539
2016,86487,PC do B,COLIGACAO:210000000885,CANDIOTA,3,0,3,41,44,PC DO B,0.006413059320798717
2016,86487,PDT,COLIGACAO:210000000929,CANDIOTA,32,0,32,963,995,PDT,0.145022591458971
2016,86487,PMDB,PARTIDO:PMDB,CANDIOTA,86,0,86,1559,1645,PMDB,0.23976096778895203
2016,86487,PP,COLIGACAO:210000000929,CANDIOTA,18,0,18,25,43,PP,0.006267307972598747
2016,86487,PSB,COLIGACAO:210000000885,CANDIOTA,8,0,8,224,232,PSB,0.03381431278239324
2016,86487,PSC,PARTIDO:PSC,CANDIOTA,5,0,5,188,193,PSC,0.028130010202594372
2016,86487,PSDB,PARTIDO:PSDB,CANDIOTA,83,0,83,1217,1300,PSDB,0.1894767526599621
2016,86487,PT,COLIGACAO:210000000885,CANDIOTA,126,0,126,2052,2178,PT,0.3174464363795365
2016,86487,PTB,COLIGACAO:210000000885,CANDIOTA,7,0,7,224,231,PTB,0.033668561434193264
2016,86495,DEM,COLIGACAO:210000002731,ESTÂNCIA VELHA,11,0,11,204,215,DEM,0.008837553436369616
2016,86495,PC do B,COLIGACAO:210000002736,ESTÂNCIA VELHA,9,0,9,748,757,PC DO B,0.031116409075961856
2016,86495,PDT,COLIGACAO:210000002731,ESTÂNCIA VELHA,271,0,271,1615,1886,PDT,0.07752384084182834
2016,86495,PMDB,COLIGACAO:210000002750,ESTÂNCIA VELHA,449,0,449,4164,4613,PMDB,0.1896169023347583
2016,86495,PP,COLIGACAO:210000002737,ESTÂNCIA VELHA,70,0,70,1025,1095,PP,0.04500986517592897
2016,86495,PPS,COLIGACAO:210000002750,ESTÂNCIA VELHA,6,0,6,297,303,PPS,0.01245478461032555
2016,86495,PR,COLIGACAO:210000002737,ESTÂNCIA VELHA,10,0,10,178,188,PR,0.007727721144360408
2016,86495,PRB,COLIGACAO:210000002738,ESTÂNCIA VELHA,32,0,32,612,644,PRB,0.026471555409404803
2016,86495,PRTB,COLIGACAO:210000002738,ESTÂNCIA VELHA,9,0,9,419,428,PRTB,0.01759289707333114
2016,86495,PSB,COLIGACAO:210000002734,ESTÂNCIA VELHA,200,0,200,3550,3750,PSB,0.15414337389016772
2016,86495,PSC,COLIGACAO:210000002750,ESTÂNCIA VELHA,14,0,14,677,691,PSC,0.028403485695494904
2016,86495,PSDB,COLIGACAO:210000002731,ESTÂNCIA VELHA,84,0,84,3260,3344,PSDB,0.13745478461032556
2016,86495,PT,COLIGACAO:210000002736,ESTÂNCIA VELHA,382,0,382,4177,4559,PT,0.18739723775073988
2016,86495,PT do B,COLIGACAO:210000002734,ESTÂNCIA VELHA,6,0,6,27,33,PT DO B,0.0013564616902334758
2016,86495,PTB,COLIGACAO:210000002734,ESTÂNCIA VELHA,37,0,37,362,399,PTB,0.016400854981913845
2016,86495,PV,COLIGACAO:210000002734,ESTÂNCIA VELHA,1,0,1,109,110,PV,0.00452153896744492
2016,86495,SD,COLIGACAO:210000002734,ESTÂNCIA VELHA,17,0,17,1296,1313,SD,0.053970733311410723
2016,86509,PDT,COLIGACAO:210000000918,CAPITÃO,8,0,8,353,361,PDT,0.15251373046049851
2016,86509,PMDB,COLIGACAO:210000002206,CAPITÃO,43,0,43,677,720,PMDB,0.3041825095057034
2016,86509,PP,COLIGACAO:210000000918,CAPITÃO,20,0,20,736,756,PP,0.3193916349809886
2016,86509,PSDB,COLIGACAO:210000002206,CAPITÃO,8,0,8,522,530,PSDB,0.22391212505280947
2016,86517,PC do B,COLIGACAO:210000000507,ESTEIO,7,0,7,116,123,PC DO B,0.0025921476891951696
2016,86517,PDT,COLIGACAO:210000000848,ESTEIO,186,0,186,5925,6111,PDT,0.1287854839729405
2016,86517,PEN,COLIGACAO:210000000610,ESTEIO,6,0,6,37,43,PEN,0.0009061979726454659
2016,86517,PHS,COLIGACAO:210000000610,ESTEIO,6,0,6,13,19,PHS,0.0004004130576805547
2016,86517,PMDB,COLIGACAO:210000000838,ESTEIO,588,0,588,7867,8455,PMDB,0.17818381066784683
2016,86517,PP,COLIGACAO:210000000596,ESTEIO,754,0,754,6707,7461,PP,0.15723588543971675
2016,86517,PPS,COLIGACAO:210000000848,ESTEIO,14,0,14,313,327,PPS,0.006891319466396915
2016,86517,PRB,COLIGACAO:210000000596,ESTEIO,30,0,30,602,632,PRB,0.013319002760742661
2016,86517,PROS,COLIGACAO:210000000596,ESTEIO,9,0,9,201,210,PROS,0.004425618005942973
2016,86517,PRTB,COLIGACAO:210000000596,ESTEIO,3,0,3,150,153,PRTB,0.0032243788329013087
2016,86517,PSB,COLIGACAO:210000000610,ESTEIO,108,0,108,7302,7410,PSB,0.15616109249541632
2016,86517,PSC,COLIGACAO:210000000838,ESTEIO,16,0,16,627,643,PSC,0.013550820846768246
2016,86517,PSD,COLIGACAO:210000000295,ESTEIO,7,0,7,88,95,PSD,0.0020020652884027734
2016,86517,PSDB,PARTIDO:PSDB,ESTEIO,404,0,404,2544,2948,PSDB,0.06212724705485659
2016,86517,PT,COLIGACAO:210000000295,ESTEIO,610,0,610,9737,10347,PT,0.21805652146424734
2016,86517,PTB,COLIGACAO:210000000507,ESTEIO,72,0,72,1951,2023,PTB,0.042633453457250635
2016,86517,PV,COLIGACAO:210000000507,ESTEIO,13,0,13,375,388,PV,0.008176856125266065
2016,86517,REDE,COLIGACAO:210000000507,ESTEIO,9,0,9,54,63,REDE,0.0013276854017828918
2016,86525,PRB,PARTIDO:PRB,CARLOS GOMES,23,0,23,648,671,PRB,0.5173477255204317
2016,86525,PT,PARTIDO:PT,CARLOS GOMES,11,0,11,385,396,PT,0.3053199691595991
2016,86525,PTB,PARTIDO:PTB,CARLOS GOMES,4,0,4,226,230,PTB,0.17733230531996916
2016,86533,DEM,COLIGACAO:210000000278,ESTRELA,5,0,5,158,163,DEM,0.00807370350190698
2016,86533,PDT,COLIGACAO:210000000648,ESTRELA,32,0,32,219,251,PDT,0.012432512754470257
2016,86533,PMDB,PARTIDO:PMDB,ESTRELA,352,0,352,3710,4062,PMDB,0.2011986725444549
2016,86533,PP,COLIGACAO:210000001239,ESTRELA,42,0,42,1837,1879,PP,0.09307048392689088
2016,86533,PPS,COLIGACAO:210000000278,ESTRELA,5,0,5,331,336,PPS,0.016642726237059785
2016,86533,PR,COLIGACAO:210000000278,ESTRELA,96,0,96,1556,1652,PR,0.0818267373322106
2016,86533,PRB,COLIGACAO:210000000278,ESTRELA,14,0,14,601,615,PRB,0.030462132844618357
2016,86533,PSB,COLIGACAO:210000001199,ESTRELA,20,0,20,1347,1367,PSB,0.06771013918470455
2016,86533,PSD,COLIGACAO:210000000648,ESTRELA,71,0,71,1145,1216,PSD,0.06023081876269255
2016,86533,PSDB,COLIGACAO:210000001239,ESTRELA,61,0,61,2074,2135,PSDB,0.10575065629798405
2016,86533,PT,COLIGACAO:210000001199,ESTRELA,16,0,16,254,270,PT,0.013373619297637328
2016,86533,PTB,PARTIDO:PTB,ESTRELA,78,0,78,3982,4060,PTB,0.20109960869780574
2016,86533,PV,PARTIDO:PV,ESTRELA,18,0,18,2165,2183,PV,0.10812818861756401
2016,86541,PDT,COLIGACAO:210000000818,CENTENÁRIO,7,0,7,240,247,PDT,0.10555555555555556
2016,86541,PMDB,COLIGACAO:210000001701,CENTENÁRIO,1,0,1,59,60,PMDB,0.02564102564102564
2016,86541,PP,COLIGACAO:210000001701,CENTENÁRIO,48,0,48,891,939,PP,0.4012820512820513
2016,86541,PPS,COLIGACAO:210000001701,CENTENÁRIO,0,0,0,14,14,PPS,0.005982905982905983
2016,86541,PRB,COLIGACAO:210000001701,CENTENÁRIO,2,0,2,0,2,PRB,0.0008547008547008547
2016,86541,PT,COLIGACAO:210000000818,CENTENÁRIO,25,0,25,965,990,PT,0.4230769230769231
2016,86541,PTB,COLIGACAO:210000001701,CENTENÁRIO,4,0,4,84,88,PTB,0.037606837606837605
2016,86550,DEM,COLIGACAO:210000001227,FARROUPILHA,11,0,11,184,195,DEM,0.004545030766362111
2016,86550,PC do B,COLIGACAO:210000000107,FARROUPILHA,12,0,12,473,485,PC DO B,0.011304307290695505
2016,86550,PDT,COLIGACAO:210000000107,FARROUPILHA,885,0,885,6563,7448,PDT,0.17359686742494873
2016,86550,PMDB,COLIGACAO:210000000333,FARROUPILHA,976,0,976,11154,12130,PMDB,0.2827242215178072
2016,86550,PP,COLIGACAO:210000001227,FARROUPILHA,155,0,155,4007,4162,PP,0.09700727204922618
2016,86550,PPS,COLIGACAO:210000001237,FARROUPILHA,7,0,7,155,162,PPS,0.0037758717135931382
2016,86550,PR,COLIGACAO:210000000333,FARROUPILHA,7,0,7,219,226,PR,0.005267574118963267
2016,86550,PRB,COLIGACAO:210000000108,FARROUPILHA,49,0,49,580,629,PRB,0.014660637702778296
2016,86550,PSB,COLIGACAO:210000000108,FARROUPILHA,83,0,83,6789,6872,PSB,0.16017154577661757
2016,86550,PSC,COLIGACAO:210000001237,FARROUPILHA,13,0,13,233,246,PSC,0.005733731120641432
2016,86550,PSD,COLIGACAO:210000000107,FARROUPILHA,20,0,20,1170,1190,PSD,0.02773634159985083
2016,86550,PSDB,COLIGACAO:210000001227,FARROUPILHA,29,0,29,1144,1173,PSDB,0.02734010814842439
2016,86550,PT,COLIGACAO:210000000110,FARROUPILHA,90,0,90,2570,2660,PT,0.061998881223195974
2016,86550,PTB,COLIGACAO:210000001237,FARROUPILHA,27,0,27,173,200,PTB,0.004661570016781652
2016,86550,PV,COLIGACAO:210000000925,FARROUPILHA,25,0,25,1557,1582,PV,0.03687301883274287
2016,86550,REDE,COLIGACAO:210000000110,FARROUPILHA,37,0,37,3216,3253,REDE,0.07582043632295357
2016,86550,SD,COLIGACAO:210000000925,FARROUPILHA,15,0,15,276,291,SD,0.006782584374417304
2016,86568,PDT,COLIGACAO:210000002529,CHARRUA,31,0,31,91,122,PDT,0.05828953655040611
2016,86568,PMDB,COLIGACAO:210000002529,CHARRUA,8,0,8,521,529,PMDB,0.25274725274725274
2016,86568,PP,COLIGACAO:210000002316,CHARRUA,59,0,59,952,1011,PP,0.4830387004300048
2016,86568,PT,COLIGACAO:210000002529,CHARRUA,7,0,7,58,65,PT,0.031055900621118012
2016,86568,PTB,COLIGACAO:210000002316,CHARRUA,25,0,25,341,366,PTB,0.17486860965121834
2016,86576,PDT,COLIGACAO:210000000628,FAXINAL DO SOTURNO,34,0,34,877,911,PDT,0.188964945032151
2016,86576,PMDB,PARTIDO:PMDB,FAXINAL DO SOTURNO,30,0,30,1050,1080,PMDB,0.22401991288114498
2016,86576,PP,COLIGACAO:210000002723,FAXINAL DO SOTURNO,86,0,86,1568,1654,PP,0.34308234806056837
2016,86576,PT,COLIGACAO:210000000628,FAXINAL DO SOTURNO,56,0,56,918,974,PT,0.20203277328355113
2016,86576,PTB,COLIGACAO:210000002723,FAXINAL DO SOTURNO,8,0,8,194,202,PTB,0.041900020742584525
2016,86584,DEM,COLIGACAO:210000001554,COLINAS,0,0,0,54,54,DEM,0.026522593320235755
2016,86584,PDT,COLIGACAO:210000001554,COLINAS,8,0,8,149,157,PDT,0.07711198428290766
2016,86584,PMDB,COLIGACAO:210000000843,COLINAS,35,0,35,859,894,PMDB,0.43909626719056977
2016,86584,PP,COLIGACAO:210000001554,COLINAS,30,0,30,443,473,PP,0.23231827111984282
2016,86584,PSDB,COLIGACAO:210000001554,COLINAS,2,0,2,59,61,PSDB,0.029960707269155205
2016,86584,PT,COLIGACAO:210000000843,COLINAS,2,0,2,189,191,PT,0.093811394891945
2016,86584,PTB,COLIGACAO:210000001554,COLINAS,6,0,6,200,206,PTB,0.10117878192534381
2016,86592,PDT,COLIGACAO:210000002178,FELIZ,33,0,33,1245,1278,PDT,0.14882962617910794
2016,86592,PMDB,COLIGACAO:210000000084,FELIZ,128,0,128,3771,3899,PMDB,0.4540584604634913
2016,86592,PP,COLIGACAO:210000002146,FELIZ,94,0,94,1488,1582,PP,0.1842319785722604
2016,86592,PSB,COLIGACAO:210000002146,FELIZ,3,0,3,78,81,PSB,0.009432863631070222
2016,86592,PSD,COLIGACAO:210000000084,FELIZ,12,0,12,846,858,PSD,0.0999184814254105
2016,86592,PSDB,COLIGACAO:210000000084,FELIZ,3,0,3,118,121,PSDB,0.014091067893327123
2016,86592,PT,COLIGACAO:210000002178,FELIZ,20,0,20,615,635,PT,0.07394899266332829
2016,86592,PTB,COLIGACAO:210000002178,FELIZ,3,0,3,130,133,PTB,0.015488529172004193
2016,86606,PDT,COLIGACAO:210000000306,COQUEIROS DO SUL,14,0,14,455,469,PDT,0.22174940898345152
2016,86606,PMDB,COLIGACAO:210000000306,COQUEIROS DO SUL,5,0,5,224,229,PMDB,0.108274231678487
2016,86606,PP,COLIGACAO:210000000160,COQUEIROS DO SUL,48,0,48,968,1016,PP,0.4803782505910166
2016,86606,PSB,COLIGACAO:210000000306,COQUEIROS DO SUL,4,0,4,182,186,PSB,0.08794326241134752
2016,86606,PT,COLIGACAO:210000000160,COQUEIROS DO SUL,2,0,2,86,88,PT,0.04160756501182033
2016,86606,PTB,COLIGACAO:210000000306,COQUEIROS DO SUL,24,0,24,103,127,PTB,0.06004728132387707
2016,86614,DEM,COLIGACAO:210000001221,FLORES DA CUNHA,3,0,3,0,3,DEM,0.0001528974058406809
2016,86614,PC do B,COLIGACAO:210000001205,FLORES DA CUNHA,6,0,6,90,96,PC DO B,0.004892716986901789
2016,86614,PDT,PARTIDO:PDT,FLORES DA CUNHA,109,0,109,2794,2903,PDT,0.14795372305183221
2016,86614,PMDB,COLIGACAO:210000001198,FLORES DA CUNHA,519,0,519,6359,6878,PMDB,0.3505427857907344
2016,86614,PP,PARTIDO:PP,FLORES DA CUNHA,311,0,311,3607,3918,PP,0.19968401202792926
2016,86614,PRB,COLIGACAO:210000001205,FLORES DA CUNHA,22,0,22,586,608,PRB,0.03098720758371133
2016,86614,PSB,COLIGACAO:210000001221,FLORES DA CUNHA,44,0,44,3024,3068,PSB,0.15636308037306967
2016,86614,PSD,COLIGACAO:210000001198,FLORES DA CUNHA,7,0,7,40,47,PSD,0.002395392691504001
2016,86614,PT,COLIGACAO:210000001205,FLORES DA CUNHA,34,0,34,838,872,PT,0.04444217929769125
2016,86614,PT do B,COLIGACAO:210000001205,FLORES DA CUNHA,1,0,1,38,39,PT DO B,0.0019876662759288517
2016,86614,PTB,COLIGACAO:210000001205,FLORES DA CUNHA,19,0,19,931,950,PTB,0.048417511849548955
2016,86614,PTC,COLIGACAO:210000001205,FLORES DA CUNHA,0,0,0,0,0,PTC,0.0
2016,86614,SD,COLIGACAO:210000001221,FLORES DA CUNHA,10,0,10,229,239,SD,0.012180826665307579
2016,86622,DEM,COLIGACAO:210000000294,CORONEL BARROS,22,0,22,299,321,DEM,0.14452949122017109
2016,86622,PDT,PARTIDO:PDT,CORONEL BARROS,26,0,26,1025,1051,PDT,0.47321026564610535
2016,86622,PMDB,COLIGACAO:210000000294,CORONEL BARROS,1,0,1,152,153,PMDB,0.06888788833858622
2016,86622,PP,COLIGACAO:210000000294,CORONEL BARROS,10,0,10,401,411,PP,0.18505177847816298
2016,86622,PSB,COLIGACAO:210000000294,CORONEL BARROS,0,0,0,79,79,PSB,0.03556956325979289
2016,86622,PT,PARTIDO:PT,CORONEL BARROS,3,0,3,203,206,PT,0.09275101305718145
2016,86630,PDT,COLIGACAO:210000002521,FONTOURA XAVIER,167,0,167,981,1148,PDT,0.1636259977194983
2016,86630,PMDB,COLIGACAO:210000002521,FONTOURA XAVIER,12,0,12,950,962,PMDB,0.137115165336374
2016,86630,PP,COLIGACAO:210000002521,FONTOURA XAVIER,34,0,34,473,507,PP,0.07226339794754846
2016,86630,PPS,COLIGACAO:210000002854,FONTOURA XAVIER,5,0,5,478,483,PPS,0.06884264538198404
2016,86630,PRB,COLIGACAO:210000002521,FONTOURA XAVIER,16,0,16,182,198,PRB,0.028221208665906498
2016,86630,PSB,COLIGACAO:210000002521,FONTOURA XAVIER,14,0,14,668,682,PSB,0.09720638540478906
2016,86630,PSD,COLIGACAO:210000002521,FONTOURA XAVIER,11,0,11,838,849,PSD,0.12100912200684151
2016,86630,PT,COLIGACAO:210000002854,FONTOURA XAVIER,172,0,172,1509,1681,PT,0.2395952109464082
2016,86630,PTB,COLIGACAO:210000002521,FONTOURA XAVIER,9,0,9,497,506,PTB,0.07212086659064994
2016,86649,PDT,COLIGACAO:210000002833,COXILHA,27,0,27,434,461,PDT,0.20034767492394612
2016,86649,PMDB,COLIGACAO:210000001128,COXILHA,5,0,5,270,275,PMDB,0.11951325510647545
2016,86649,PP,COLIGACAO:210000001128,COXILHA,39,0,39,434,473,PP,0.20556279878313777
2016,86649,PPS,COLIGACAO:210000002833,COXILHA,7,0,7,275,282,PPS,0.12255541069100391
2016,86649,PSB,COLIGACAO:210000001128,COXILHA,3,0,3,149,152,PSB,0.06605823554976098
2016,86649,PSDB,COLIGACAO:210000001128,COXILHA,0,0,0,245,245,PSDB,0.10647544545849631
2016,86649,PT,PARTIDO:PT,COXILHA,2,0,2,223,225,PT,0.09778357235984354
2016,86649,PTB,COLIGACAO:210000001128,COXILHA,9,0,9,179,188,PTB,0.08170360712733594
2016,86657,PDT,COLIGACAO:210000001375,FORMIGUEIRO,81,0,81,716,797,PDT,0.1627859477124183
2016,86657,PMDB,COLIGACAO:210000001266,FORMIGUEIRO,125,0,125,2055,2180,PMDB,0.4452614379084967
2016,86657,PP,COLIGACAO:210000001375,FORMIGUEIRO,39,0,39,1567,1606,PP,0.32802287581699346
2016,86657,PT,COLIGACAO:210000001266,FORMIGUEIRO,4,0,4,309,313,PT,0.0639297385620915
2016,86665,PMDB,COLIGACAO:210000000235,DERRUBADAS,42,0,42,1433,1475,PMDB,0.5860150973381009
2016,86665,PP,PARTIDO:PP,DERRUBADAS,42,0,42,797,839,PP,0.3333333333333333
2016,86665,PSDB,COLIGACAO:210000000235,DERRUBADAS,3,0,3,200,203,PSDB,0.08065156932856575
2016,86673,DEM,COLIGACAO:210000002471,FREDERICO WESTPHALEN,6,0,6,0,6,DEM,0.00030024019215372296
2016,86673,PC do B,COLIGACAO:210000002471,FREDERICO WESTPHALEN,6,0,6,377,383,PC DO B,0.01916533226581265
2016,86673,PDT,COLIGACAO:210000002471,FREDERICO WESTPHALEN,46,0,46,1097,1143,PDT,0.057195756605284226
2016,86673,PMDB,COLIGACAO:210000000599,FREDERICO WESTPHALEN,519,0,519,8267,8786,PMDB,0.4396517213771017
2016,86673,PP,COLIGACAO:210000002471,FREDERICO WESTPHALEN,357,0,357,5242,5599,PP,0.28017413931144913
2016,86673,PR,COLIGACAO:210000000599,FREDERICO WESTPHALEN,5,0,5,749,754,PR,0.03773018414731785
2016,86673,PRB,COLIGACAO:210000002471,FREDERICO WESTPHALEN,15,0,15,201,216,PRB,0.010808646917534028
2016,86673,PSD,COLIGACAO:210000002471,FREDERICO WESTPHALEN,17,0,17,287,304,PSD,0.01521216973578863
2016,86673,PSDB,COLIGACAO:210000000599,FREDERICO WESTPHALEN,11,0,11,707,718,PSDB,0.03592874299439552
2016,86673,PSOL,COLIGACAO:210000000599,FREDERICO WESTPHALEN,10,0,10,325,335,PSOL,0.016763410728582867
2016,86673,PT,PARTIDO:PT,FREDERICO WESTPHALEN,91,0,91,1461,1552,PT,0.07766212970376302
2016,86673,PTB,COLIGACAO:210000002471,FREDERICO WESTPHALEN,12,0,12,0,12,PTB,0.0006004803843074459
2016,86673,PV,COLIGACAO:210000002471,FREDERICO WESTPHALEN,3,0,3,173,176,PV,0.008807045636509208
2016,86681,PDT,PARTIDO:PDT,DOIS IRMÃOS DAS MISSÕES,14,0,14,187,201,PDT,0.11401020986954055
2016,86681,PMDB,COLIGACAO:210000000571,DOIS IRMÃOS DAS MISSÕES,8,0,8,311,319,PMDB,0.18094157685762904
2016,86681,PP,COLIGACAO:210000000571,DOIS IRMÃOS DAS MISSÕES,11,0,11,303,314,PP,0.1781055019852524
2016,86681,PSDB,COLIGACAO:210000000351,DOIS IRMÃOS DAS MISSÕES,3,0,3,252,255,PSDB,0.14463981849120816
2016,86681,PT,COLIGACAO:210000000351,DOIS IRMÃOS DAS MISSÕES,30,0,30,644,674,PT,0.3823028927963698
2016,86690,DEM,COLIGACAO:210000000314,GARIBALDI,4,0,4,215,219,DEM,0.01039787294653879
2016,86690,PC do B,COLIGACAO:210000000308,GARIBALDI,1,0,1,137,138,PC DO B,0.006552084322476498
2016,86690,PDT,COLIGACAO:210000000308,GARIBALDI,49,0,49,1862,1911,PDT,0.0907321242047289
2016,86690,PMDB,COLIGACAO:210000000314,GARIBALDI,476,0,476,6666,7142,PMDB,0.33909410312410976
2016,86690,PP,COLIGACAO:210000001226,GARIBALDI,370,0,370,5886,6256,PP,0.29702782261893457
2016,86690,PRB,COLIGACAO:210000000314,GARIBALDI,17,0,17,282,299,PRB,0.01419618269869908
2016,86690,PROS,COLIGACAO:210000001226,GARIBALDI,25,0,25,1033,1058,PROS,0.05023264647231982
2016,86690,PSB,COLIGACAO:210000001226,GARIBALDI,4,0,4,105,109,PSB,0.0051751970373183935
2016,86690,PSD,COLIGACAO:210000000314,GARIBALDI,10,0,10,11,21,PSD,0.0009970563099420758
2016,86690,PSDB,COLIGACAO:210000001226,GARIBALDI,5,0,5,0,5,PSDB,0.00023739435951001804
2016,86690,PT,PARTIDO:PT,GARIBALDI,75,0,75,1255,1330,PT,0.0631468996296648
2016,86690,PTB,COLIGACAO:210000000308,GARIBALDI,63,0,63,2511,2574,PTB,0.12221061627575729
2016,86703,PDT,COLIGACAO:210000000119,ENGENHO VELHO,6,0,6,82,88,PDT,0.0874751491053678
2016,86703,PMDB,COLIGACAO:210000000119,ENGENHO VELHO,2,0,2,264,266,PMDB,0.2644135188866799
2016,86703,PP,COLIGACAO:210000000119,ENGENHO VELHO,27,0,27,317,344,PP,0.341948310139165
2016,86703,PPS,COLIGACAO:210000000119,ENGENHO VELHO,1,0,1,48,49,PPS,0.048707753479125246
2016,86703,PT,COLIGACAO:210000000119,ENGENHO VELHO,11,0,11,248,259,PT,0.25745526838966204
2016,86711,DEM,COLIGACAO:210000001248,GAURAMA,73,0,73,655,728,DEM,0.1590909090909091
2016,86711,PDT,COLIGACAO:210000001211,GAURAMA,111,0,111,1096,1207,PDT,0.2637674825174825
2016,86711,PMDB,COLIGACAO:210000001211,GAURAMA,28,0,28,987,1015,PMDB,0.22180944055944055
2016,86711,PP,COLIGACAO:210000001211,GAURAMA,13,0,13,139,152,PP,0.033216783216783216
2016,86711,PRB,COLIGACAO:210000001248,GAURAMA,2,0,2,149,151,PRB,0.03299825174825175
2016,86711,PSB,COLIGACAO:210000001248,GAURAMA,3,0,3,150,153,PSB,0.03343531468531469
2016,86711,PSD,COLIGACAO:210000001248,GAURAMA,3,0,3,210,213,PSD,0.0465472027972028
2016,86711,PT,COLIGACAO:210000001211,GAURAMA,8,0,8,463,471,PT,0.10292832167832168
2016,86711,PTB,COLIGACAO:210000001248,GAURAMA,12,0,12,474,486,PTB,0.10620629370629371
2016,86720,PDT,COLIGACAO:210000001570,GARRUCHOS,48,0,48,978,1026,PDT,0.41421073879693177
2016,86720,PMDB,COLIGACAO:210000001570,GARRUCHOS,3,0,3,165,168,PMDB,0.06782398062171982
2016,86720,PP,COLIGACAO:210000000840,GARRUCHOS,52,0,52,1114,1166,PP,0.47073072264836496
2016,86720,PSB,COLIGACAO:210000000840,GARRUCHOS,0,0,0,82,82,PSB,0.03310456197012515
2016,86720,PSDB,PARTIDO:PSDB,GARRUCHOS,6,0,6,29,35,PSDB,0.014129995962858296
2016,86738,DEM,COLIGACAO:210000002157,GENERAL CÂMARA,0,0,0,0,0,DEM,0.0
2016,86738,PC do B,COLIGACAO:210000000214,GENERAL CÂMARA,0,0,0,109,109,PC DO B,0.018903919528269163
2016,86738,PDT,COLIGACAO:210000000214,GENERAL CÂMARA,22,0,22,487,509,PDT,0.08827610128338537
2016,86738,PHS,COLIGACAO:210000000384,GENERAL CÂMARA,17,0,17,931,948,PHS,0.16441207075962538
2016,86738,PMDB,COLIGACAO:210000000384,GENERAL CÂMARA,16,0,16,838,854,PMDB,0.14810960804717307
2016,86738,PP,COLIGACAO:210000000384,GENERAL CÂMARA,73,0,73,381,454,PP,0.07873742629205689
2016,86738,PPS,COLIGACAO:210000002157,GENERAL CÂMARA,16,0,16,453,469,PPS,0.08133888310787374
2016,86738,PRB,COLIGACAO:210000000214,GENERAL CÂMARA,5,0,5,174,179,PRB,0.031044051335414498
2016,86738,PSB,COLIGACAO:210000000214,GENERAL CÂMARA,57,0,57,1019,1076,PSB,0.18661116892126256
2016,86738,PSD,COLIGACAO:210000000384,GENERAL CÂMARA,6,0,6,142,148,PSD,0.025667707249392994
2016,86738,PSDB,COLIGACAO:210000000214,GENERAL CÂMARA,6,0,6,0,6,PSDB,0.001040582726326743
2016,86738,PT,COLIGACAO:210000002157,GENERAL CÂMARA,10,0,10,222,232,PT,0.04023586541796739
2016,86738,PTB,COLIGACAO:210000000214,GENERAL CÂMARA,9,0,9,353,362,PTB,0.06278182448838016
2016,86738,SD,COLIGACAO:210000000214,GENERAL CÂMARA,5,0,5,415,420,SD,0.07284079084287201
2016,86746,PDT,COLIGACAO:210000001407,GENTIL,36,0,36,466,502,PDT,0.3557760453579022
2016,86746,PMDB,COLIGACAO:210000001483,GENTIL,8,0,8,274,282,PMDB,0.1998582565556343
2016,86746,PP,COLIGACAO:210000001483,GENTIL,9,0,9,133,142,PP,0.10063784549964565
2016,86746,PT,COLIGACAO:210000001407,GENTIL,5,20,25,183,208,PT,0.147413182140326
2016,86746,PTB,COLIGACAO:210000001483,GENTIL,11,0,11,266,277,PTB,0.19631467044649184
2016,86754,PDT,COLIGACAO:210000001327,SÃO VICENTE DO SUL,13,0,13,412,425,PDT,0.07347856154910097
2016,86754,PMDB,COLIGACAO:210000001659,SÃO VICENTE DO SUL,32,0,32,1546,1578,PMDB,0.27282157676348545
2016,86754,PP,COLIGACAO:210000001327,SÃO VICENTE DO SUL,133,0,133,1357,1490,PP,0.25760719225449513
2016,86754,PPS,COLIGACAO:210000001659,SÃO VICENTE DO SUL,5,0,5,273,278,PPS,0.04806362378976487
2016,86754,PSDB,COLIGACAO:210000001659,SÃO VICENTE DO SUL,0,0,0,0,0,PSDB,0.0
2016,86754,PT,COLIGACAO:210000001327,SÃO VICENTE DO SUL,20,0,20,655,675,PT,0.11670124481327801
2016,86754,PTB,COLIGACAO:210000001659,SÃO VICENTE DO SUL,127,0,127,1069,1196,PTB,0.20677731673582295
2016,86754,SD,COLIGACAO:210000001659,SÃO VICENTE DO SUL,10,0,10,132,142,SD,0.02455048409405256
2016,86762,PDT,COLIGACAO:210000002743,GRAMADO DOS LOUREIROS,7,0,7,131,138,PDT,0.07297726070861978
2016,86762,PMDB,COLIGACAO:210000002743,GRAMADO DOS LOUREIROS,2,0,2,148,150,PMDB,0.07932310946589106
2016,86762,PP,COLIGACAO:210000002743,GRAMADO DOS LOUREIROS,28,0,28,192,220,PP,0.11634056054997356
2016,86762,PPS,COLIGACAO:210000002751,GRAMADO DOS LOUREIROS,14,0,14,112,126,PPS,0.06663141195134849
2016,86762,PR,COLIGACAO:210000002751,GRAMADO DOS LOUREIROS,0,0,0,55,55,PR,0.02908514013749339
2016,86762,PSB,COLIGACAO:210000002743,GRAMADO DOS LOUREIROS,8,0,8,328,336,PSB,0.177683765203596
2016,86762,PSDB,COLIGACAO:210000002751,GRAMADO DOS LOUREIROS,14,0,14,632,646,PSDB,0.3416181914331042
2016,86762,PT,COLIGACAO:210000002743,GRAMADO DOS LOUREIROS,4,0,4,149,153,PT,0.08090957165520889
2016,86762,PTB,COLIGACAO:210000002743,GRAMADO DOS LOUREIROS,4,0,4,63,67,PTB,0.035430988894764676
2016,86770,DEM,COLIGACAO:210000001035,GETÚLIO VARGAS,2,0,2,0,2,DEM,0.0001936858415649816
2016,86770,PDT,COLIGACAO:210000000895,GETÚLIO VARGAS,20,0,20,0,20,PDT,0.001936858415649816
2016,86770,PMDB,COLIGACAO:210000000895,GETÚLIO VARGAS,171,0,171,2833,3004,PMDB,0.29091613403060235
2016,86770,PP,COLIGACAO:210000001035,GETÚLIO VARGAS,253,0,253,4176,4429,PP,0.42891729614565177
2016,86770,PSB,COLIGACAO:210000000895,GETÚLIO VARGAS,4,0,4,372,376,PSB,0.03641293821421654
2016,86770,PSC,COLIGACAO:210000001035,GETÚLIO VARGAS,0,0,0,143,143,PSC,0.013848537671896184
2016,86770,PSD,COLIGACAO:210000001035,GETÚLIO VARGAS,11,0,11,79,90,PSD,0.008715862870424172
2016,86770,PSDB,COLIGACAO:210000001035,GETÚLIO VARGAS,4,0,4,284,288,PSDB,0.02789076118535735
2016,86770,PT,PARTIDO:PT,GETÚLIO VARGAS,121,0,121,767,888,PT,0.08599651365485184
2016,86770,PTB,COLIGACAO:210000001035,GETÚLIO VARGAS,19,0,19,1067,1086,PTB,0.10517141196978501
2016,86789,PDT,COLIGACAO:210000000672,GRAMADO XAVIER,10,0,10,386,396,PDT,0.14254859611231102
2016,86789,PMDB,PARTIDO:PMDB,GRAMADO XAVIER,26,0,26,575,601,PMDB,0.21634269258459324
2016,86789,PP,PARTIDO:PP,GRAMADO XAVIER,36,0,36,634,670,PP,0.24118070554355653
2016,86789,PPS,COLIGACAO:210000000670,GRAMADO XAVIER,1,0,1,103,104,PPS,0.037437005039596835
2016,86789,PSB,COLIGACAO:210000000672,GRAMADO XAVIER,0,0,0,79,79,PSB,0.02843772498200144
2016,86789,PSD,COLIGACAO:210000000670,GRAMADO XAVIER,2,0,2,115,117,PSD,0.042116630669546434
2016,86789,PSDB,COLIGACAO:210000001238,GRAMADO XAVIER,5,0,5,76,81,PSDB,0.029157667386609073
2016,86789,PT,COLIGACAO:210000000670,GRAMADO XAVIER,7,0,7,314,321,PT,0.11555075593952484
2016,86789,PTB,COLIGACAO:210000001238,GRAMADO XAVIER,9,0,9,400,409,PTB,0.1472282217422606
2016,86797,PDT,COLIGACAO:210000001411,GIRUÁ,78,0,78,2966,3044,PDT,0.2767021179892737
2016,86797,PMDB,COLIGACAO:210000000373,GIRUÁ,29,0,29,1264,1293,PMDB,0.11753476956640306
2016,86797,PP,COLIGACAO:210000000373,GIRUÁ,211,0,211,2899,3110,PP,0.2827015725843105
2016,86797,PPS,COLIGACAO:210000000373,GIRUÁ,13,0,13,531,544,PPS,0.04945004999545496
2016,86797,PR,COLIGACAO:210000001411,GIRUÁ,10,0,10,43,53,PR,0.004817743841468957
2016,86797,PSDB,COLIGACAO:210000000373,GIRUÁ,17,0,17,546,563,PSDB,0.051177165712207984
2016,86797,PT,PARTIDO:PT,GIRUÁ,184,0,184,2210,2394,PT,0.21761658031088082
2016,86800,PC do B,PARTIDO:PC do B,HULHA NEGRA,2,0,2,20,22,PC DO B,0.005302482525909858
2016,86800,PDT,PARTIDO:PDT,HULHA NEGRA,35,0,35,1212,1247,PDT,0.3005543504458906
2016,86800,PP,COLIGACAO:210000000479,HULHA NEGRA,98,0,98,785,883,PP,0.21282236683538203
2016,86800,PRB,COLIGACAO:210000000479,HULHA NEGRA,2,0,2,67,69,PRB,0.016630513376717282
2016,86800,PSB,COLIGACAO:210000001039,HULHA NEGRA,1,0,1,0,1,PSB,0.00024102193299590263
2016,86800,PSC,COLIGACAO:210000000479,HULHA NEGRA,2,0,2,96,98,PSC,0.023620149433598456
2016,86800,PT,COLIGACAO:210000001039,HULHA NEGRA,68,0,68,1040,1108,PT,0.2670523017594601
2016,86800,PTB,PARTIDO:PTB,HULHA NEGRA,29,0,29,692,721,PTB,0.1737768136900458
2016,86819,DEM,COLIGACAO:210000002491,GRAMADO,4,0,4,191,195,DEM,0.008085582783928348
2016,86819,PC do B,COLIGACAO:210000000910,GRAMADO,9,0,9,252,261,PC DO B,0.010822241572334867
2016,86819,PDT,COLIGACAO:210000000910,GRAMADO,412,0,412,679,1091,PDT,0.045237799062901686
2016,86819,PEN,COLIGACAO:210000000908,GRAMADO,9,0,9,526,535,PEN,0.022183521996931625
2016,86819,PMDB,COLIGACAO:210000000908,GRAMADO,76,0,76,4213,4289,PMDB,0.1778413567193266
2016,86819,PP,COLIGACAO:210000001488,GRAMADO,498,0,498,9952,10450,PP,0.4333043081643654
2016,86819,PR,COLIGACAO:210000001488,GRAMADO,2,0,2,105,107,PR,0.004436704399386325
2016,86819,PRB,COLIGACAO:210000002314,GRAMADO,19,0,19,870,889,PRB,0.03686196458929386
2016,86819,PROS,COLIGACAO:210000000910,GRAMADO,1,0,1,31,32,PROS,0.0013268648671061908
2016,86819,PSB,COLIGACAO:210000002491,GRAMADO,9,0,9,285,294,PSB,0.012190570966538127
2016,86819,PSC,COLIGACAO:210000002491,GRAMADO,2,0,2,16,18,PSC,0.0007463614877472322
2016,86819,PSD,COLIGACAO:210000001488,GRAMADO,12,0,12,0,12,PSD,0.0004975743251648215
2016,86819,PSDB,COLIGACAO:210000002314,GRAMADO,58,0,58,3126,3184,PSDB,0.13202305427706598
2016,86819,PSDC,COLIGACAO:210000000910,GRAMADO,1,0,1,58,59,PSDC,0.002446407098727039
2016,86819,PT,COLIGACAO:210000000910,GRAMADO,37,0,37,1644,1681,PT,0.06970187005017207
2016,86819,PTB,COLIGACAO:210000002491,GRAMADO,10,0,10,743,753,PTB,0.03122278890409255
2016,86819,PV,COLIGACAO:210000000910,GRAMADO,4,0,4,213,217,PV,0.008997802380063855
2016,86819,REDE,COLIGACAO:210000002491,GRAMADO,1,0,1,49,50,REDE,0.0020732263548534227
2016,86827,DEM,COLIGACAO:210000000395,INHACORÁ,3,0,3,287,290,DEM,0.15175300889586604
2016,86827,PDT,COLIGACAO:210000001021,INHACORÁ,3,0,3,65,68,PDT,0.035583464154892726
2016,86827,PMDB,COLIGACAO:210000000395,INHACORÁ,2,0,2,4,6,PMDB,0.0031397174254317113
2016,86827,PP,COLIGACAO:210000001021,INHACORÁ,23,0,23,425,448,PP,0.23443223443223443
2016,86827,PSB,COLIGACAO:210000001021,INHACORÁ,3,0,3,192,195,PSB,0.10204081632653061
2016,86827,PSD,COLIGACAO:210000001021,INHACORÁ,0,0,0,118,118,PSD,0.06174777603349032
2016,86827,PT,COLIGACAO:210000001021,INHACORÁ,2,0,2,147,149,PT,0.07796964939822083
2016,86827,PTB,COLIGACAO:210000000395,INHACORÁ,28,0,28,609,637,PTB,0.3333333333333333
2016,86835,DEM,COLIGACAO:210000000211,GRAVATAÍ,101,0,101,5607,5708,DEM,0.043631471530235506
2016,86835,PC do B,COLIGACAO:210000000485,GRAVATAÍ,30,0,30,685,715,PC DO B,0.005465399815017237
2016,86835,PDT,PARTIDO:PDT,GRAVATAÍ,2619,0,2619,14425,17044,PDT,0.13028290132469061
2016,86835,PEN,COLIGACAO:210000000558,GRAVATAÍ,77,0,77,4446,4523,PEN,0.03457343127737477
2016,86835,PHS,COLIGACAO:210000000485,GRAVATAÍ,25,0,25,301,326,PHS,0.002491916559014852
2016,86835,PMDB,COLIGACAO:210000000894,GRAVATAÍ,1688,0,1688,21645,23333,PMDB,0.1783554879493667
2016,86835,PMN,COLIGACAO:210000002453,GRAVATAÍ,41,0,41,1601,1642,PMN,0.012551309784976648
2016,86835,PP,COLIGACAO:210000000211,GRAVATAÍ,432,0,432,5834,6266,PP,0.04789677656069651
2016,86835,PPS,COLIGACAO:210000000485,GRAVATAÍ,48,0,48,980,1028,PPS,0.007857945468304503
2016,86835,PR,COLIGACAO:210000000485,GRAVATAÍ,51,0,51,1160,1211,PR,0.009256782064315908
2016,86835,PRB,COLIGACAO:210000001614,GRAVATAÍ,113,0,113,3200,3313,PRB,0.025324293128884064
2016,86835,PROS,COLIGACAO:210000001614,GRAVATAÍ,15,0,15,927,942,PROS,0.0072005687073373945
2016,86835,PRTB,COLIGACAO:210000000811,GRAVATAÍ,2,0,2,82,84,PRTB,0.0006420889293167104
2016,86835,PSB,PARTIDO:PSB,GRAVATAÍ,1233,0,1233,12801,14034,PSB,0.10727471469084182
2016,86835,PSC,COLIGACAO:210000002453,GRAVATAÍ,33,0,33,646,679,PSC,0.005190218845310075
2016,86835,PSD,COLIGACAO:210000000811,GRAVATAÍ,997,0,997,16758,17755,PSD,0.13571772547640706
2016,86835,PSDB,PARTIDO:PSDB,GRAVATAÍ,288,0,288,10416,10704,PSDB,0.08182047499292938
2016,86835,PSDC,COLIGACAO:210000000485,GRAVATAÍ,9,0,9,22,31,PSDC,0.0002369613905811669
2016,86835,PSOL,PARTIDO:PSOL,GRAVATAÍ,230,0,230,675,905,PSOL,0.006917743821805034
2016,86835,PSTU,PARTIDO:PSTU,GRAVATAÍ,65,0,65,130,195,PSTU,0.001490563585913792
2016,86835,PT,PARTIDO:PT,GRAVATAÍ,567,0,567,2117,2684,PT,0.020516270074833937
2016,86835,PT do B,COLIGACAO:210000000485,GRAVATAÍ,19,0,19,616,635,PT DO B,0.004853886549001323
2016,86835,PTB,COLIGACAO:210000000894,GRAVATAÍ,190,0,190,3872,4062,PTB,0.031049586081958066
2016,86835,PTC,COLIGACAO:210000002453,GRAVATAÍ,6,0,6,198,204,PTC,0.0015593588283405824
2016,86835,PTN,COLIGACAO:210000000558,GRAVATAÍ,44,0,44,126,170,PTN,0.0012994656902838187
2016,86835,PV,PARTIDO:PV,GRAVATAÍ,121,0,121,8843,8964,PV,0.06852006145708324
2016,86835,REDE,COLIGACAO:210000001614,GRAVATAÍ,48,0,48,2212,2260,REDE,0.01727524976494959
2016,86835,SD,COLIGACAO:210000000485,GRAVATAÍ,43,0,43,1363,1406,SD,0.0107473456502297
2016,86843,DEM,COLIGACAO:210000000762,ITAPUCA,18,0,18,279,297,DEM,0.1717755928282244
2016,86843,PC do B,COLIGACAO:210000000762,ITAPUCA,2,0,2,93,95,PC DO B,0.054945054945054944
2016,86843,PDT,COLIGACAO:210000000762,ITAPUCA,16,0,16,123,139,PDT,0.0803932909196067
2016,86843,PMDB,COLIGACAO:210000000762,ITAPUCA,6,0,6,103,109,PMDB,0.06304222093695779
2016,86843,PP,COLIGACAO:210000000762,ITAPUCA,14,0,14,525,539,PP,0.3117408906882591
2016,86843,PPS,COLIGACAO:210000001350,ITAPUCA,3,0,3,66,69,PPS,0.03990746096009254
2016,86843,PSB,COLIGACAO:210000001350,ITAPUCA,10,0,10,121,131,PSB,0.07576633892423366
2016,86843,PSDB,COLIGACAO:210000000762,ITAPUCA,0,0,0,0,0,PSDB,0.0
2016,86843,PT,COLIGACAO:210000000762,ITAPUCA,5,0,5,103,108,PT,0.06246385193753615
2016,86843,PTB,COLIGACAO:210000000762,ITAPUCA,6,0,6,236,242,PTB,0.1399652978600347
2016,86851,DEM,COLIGACAO:210000000270,GUAÍBA,54,0,54,3522,3576,DEM,0.06566287183253765
2016,86851,PC do B,COLIGACAO:210000000742,GUAÍBA,19,0,19,488,507,PC DO B,0.00930958501652589
2016,86851,PDT,COLIGACAO:210000002631,GUAÍBA,152,0,152,4365,4517,PDT,0.08294160852001468
2016,86851,PEN,COLIGACAO:210000000362,GUAÍBA,6,0,6,0,6,PEN,0.00011017260374586853
2016,86851,PHS,COLIGACAO:210000000362,GUAÍBA,17,0,17,2335,2352,PHS,0.043187660668380465
2016,86851,PMDB,COLIGACAO:210000000270,GUAÍBA,84,0,84,3497,3581,PMDB,0.0657546823356592
2016,86851,PMN,PARTIDO:PMN,GUAÍBA,125,0,125,179,304,PMN,0.005582078589790672
2016,86851,PP,COLIGACAO:210000000326,GUAÍBA,121,0,121,4147,4268,PP,0.07836944546456115
2016,86851,PPS,COLIGACAO:210000000362,GUAÍBA,32,0,32,1552,1584,PPS,0.02908556738890929
2016,86851,PR,COLIGACAO:210000001043,GUAÍBA,539,0,539,4422,4961,PR,0.09109438119720896
2016,86851,PRB,COLIGACAO:210000000362,GUAÍBA,26,0,26,734,760,PRB,0.01395519647447668
2016,86851,PROS,COLIGACAO:210000002631,GUAÍBA,4,0,4,65,69,PROS,0.0012669849430774881
2016,86851,PSB,COLIGACAO:210000000326,GUAÍBA,25,0,25,2029,2054,PSB,0.03771575468233566
2016,86851,PSC,COLIGACAO:210000001043,GUAÍBA,17,0,17,493,510,PSC,0.009364671318398824
2016,86851,PSD,COLIGACAO:210000000608,GUAÍBA,37,0,37,3372,3409,PSD,0.06259640102827764
2016,86851,PSDB,COLIGACAO:210000000608,GUAÍBA,36,0,36,674,710,PSDB,0.013037091443261109
2016,86851,PSDC,COLIGACAO:210000000742,GUAÍBA,6,0,6,77,83,PSDC,0.001524054351817848
2016,86851,PSL,COLIGACAO:210000000091,GUAÍBA,19,0,19,147,166,PSL,0.003048108703635696
2016,86851,PT,PARTIDO:PT,GUAÍBA,136,0,136,2338,2474,PT,0.045427836944546454
2016,86851,PT do B,COLIGACAO:210000002631,GUAÍBA,26,0,26,657,683,PT DO B,0.0125413147264047
2016,86851,PT do B,PARTIDO:PT do B,GUAÍBA,0,0,0,0,0,PT DO B,0.0
2016,86851,PTB,COLIGACAO:210000000091,GUAÍBA,1254,0,1254,12329,13583,PTB,0.24941241278002205
2016,86851,PTC,PARTIDO:PTC,GUAÍBA,12,0,12,135,147,PTC,0.002699228791773779
2016,86851,PTN,COLIGACAO:210000000598,GUAÍBA,9,0,9,0,9,PTN,0.0001652589056188028
2016,86851,REDE,COLIGACAO:210000000326,GUAÍBA,8,0,8,260,268,REDE,0.004921042967315461
2016,86851,SD,COLIGACAO:210000000598,GUAÍBA,29,0,29,3850,3879,SD,0.071226588321704
2016,86860,PDT,COLIGACAO:210000002165,LAJEADO DO BUGRE,16,0,16,245,261,PDT,0.15416420555227406
2016,86860,PMDB,COLIGACAO:210000002165,LAJEADO DO BUGRE,2,0,2,107,109,PMDB,0.06438275251033668
2016,86860,PP,COLIGACAO:210000000556,LAJEADO DO BUGRE,34,0,34,408,442,PP,0.2610750147666864
2016,86860,PSB,COLIGACAO:210000000556,LAJEADO DO BUGRE,0,0,0,2,2,PSB,0.0011813349084465446
2016,86860,PSC,COLIGACAO:210000000556,LAJEADO DO BUGRE,5,0,5,150,155,PSC,0.0915534554046072
2016,86860,PSD,COLIGACAO:210000000556,LAJEADO DO BUGRE,3,0,3,192,195,PSD,0.1151801535735381
2016,86860,PT,COLIGACAO:210000002165,LAJEADO DO BUGRE,10,0,10,165,175,PT,0.10336680448907265
2016,86860,PTB,COLIGACAO:210000002165,LAJEADO DO BUGRE,25,0,25,329,354,PTB,0.2090962787950384
2016,86878,PDT,COLIGACAO:210000002394,GUAPORÉ,365,0,365,3559,3924,PDT,0.2524284335799292
2016,86878,PMDB,COLIGACAO:210000002394,GUAPORÉ,52,0,52,2776,2828,PMDB,0.18192344805403668
2016,86878,PP,COLIGACAO:210000001276,GUAPORÉ,332,0,332,4945,5277,PP,0.33946606625924736
2016,86878,PPS,COLIGACAO:210000002394,GUAPORÉ,3,0,3,114,117,PPS,0.0075265358636217436
2016,86878,PR,COLIGACAO:210000002394,GUAPORÉ,13,0,13,0,13,PR,0.0008362817626246382
2016,86878,PT,COLIGACAO:210000001276,GUAPORÉ,60,0,60,1778,1838,PT,0.11823737536185269
2016,86878,PTB,COLIGACAO:210000002394,GUAPORÉ,32,0,32,1516,1548,PTB,0.09958185911868768
2016,86886,PDT,COLIGACAO:210000002569,LAGOA DOS TRÊS CANTOS,7,0,7,153,160,PDT,0.11436740528949249
2016,86886,PMDB,COLIGACAO:210000002569,LAGOA DOS TRÊS CANTOS,7,0,7,154,161,PMDB,0.11508220157255182
2016,86886,PP,COLIGACAO:210000002569,LAGOA DOS TRÊS CANTOS,36,0,36,733,769,PP,0.5496783416726233
2016,86886,PTB,PARTIDO:PTB,LAGOA DOS TRÊS CANTOS,5,0,5,304,309,PTB,0.22087205146533237
2016,86894,PDT,PARTIDO:PDT,GUARANI DAS MISSÕES,38,0,38,764,802,PDT,0.14691335409415643
2016,86894,PMDB,PARTIDO:PMDB,GUARANI DAS MISSÕES,109,0,109,1440,1549,PMDB,0.28375160285766626
2016,86894,PP,PARTIDO:PP,GUARANI DAS MISSÕES,49,0,49,1457,1506,PP,0.2758747023264334
2016,86894,PT,PARTIDO:PT,GUARANI DAS MISSÕES,23,0,23,726,749,PT,0.13720461623007876
2016,86894,PTB,PARTIDO:PTB,GUARANI DAS MISSÕES,94,0,94,759,853,PTB,0.15625572449166514
2016,86908,PMDB,COLIGACAO:210000000798,LINDOLFO COLLOR,55,0,55,1152,1207,PMDB,0.31448671182907767
2016,86908,PP,COLIGACAO:210000000951,LINDOLFO COLLOR,79,0,79,894,973,PP,0.2535174570088588
2016,86908,PRB,COLIGACAO:210000000798,LINDOLFO COLLOR,2,0,2,201,203,PRB,0.052892131318395
2016,86908,PSB,COLIGACAO:210000000951,LINDOLFO COLLOR,3,0,3,106,109,PSB,0.02840020844189682
2016,86908,PT,COLIGACAO:210000000951,LINDOLFO COLLOR,17,0,17,591,608,PT,0.15841584158415842
2016,86908,PTB,PARTIDO:PTB,LINDOLFO COLLOR,9,0,9,729,738,PTB,0.19228764981761334
2016,86916,PDT,COLIGACAO:210000002676,HORIZONTINA,45,0,45,530,575,PDT,0.04607002644018909
2016,86916,PMDB,COLIGACAO:210000000346,HORIZONTINA,14,0,14,836,850,PMDB,0.06810351734636648
2016,86916,PP,PARTIDO:PP,HORIZONTINA,65,0,65,2849,2914,PP,0.23347488182036696
2016,86916,PPS,COLIGACAO:210000002676,HORIZONTINA,144,0,144,924,1068,PPS,0.08557006650108165
2016,86916,PRB,COLIGACAO:210000000346,HORIZONTINA,7,0,7,126,133,PRB,0.01065619742007852
2016,86916,PSB,COLIGACAO:210000000346,HORIZONTINA,9,0,9,699,708,PSB,0.056726223860267606
2016,86916,PSD,COLIGACAO:210000002676,HORIZONTINA,11,0,11,431,442,PSD,0.03541382902011057
2016,86916,PSDB,PARTIDO:PSDB,HORIZONTINA,17,0,17,767,784,PSDB,0.0628154795288839
2016,86916,PT,COLIGACAO:210000000346,HORIZONTINA,171,0,171,1092,1263,PT,0.10119381459818924
2016,86916,PTB,COLIGACAO:210000002676,HORIZONTINA,38,0,38,2574,2612,PTB,0.2092781027161285
2016,86916,SD,COLIGACAO:210000000346,HORIZONTINA,12,0,12,1120,1132,SD,0.09069786074833747
2016,86924,PDT,COLIGACAO:210000001494,LINHA NOVA,4,0,4,287,291,PDT,0.22078907435508346
2016,86924,PMDB,COLIGACAO:210000001494,LINHA NOVA,19,0,19,329,348,PMDB,0.26403641881638845
2016,86924,PP,COLIGACAO:210000001385,LINHA NOVA,9,0,9,143,152,PP,0.11532625189681335
2016,86924,PSB,COLIGACAO:210000001385,LINHA NOVA,16,0,16,120,136,PSB,0.10318664643399089
2016,86924,PT,COLIGACAO:210000001385,LINHA NOVA,5,0,5,248,253,PT,0.19195751138088013
2016,86924,PTB,COLIGACAO:210000001494,LINHA NOVA,2,0,2,136,138,PTB,0.1047040971168437
2016,86932,DEM,COLIGACAO:210000000488,CHARQUEADAS,12,0,12,831,843,DEM,0.04100194552529183
2016,86932,PC do B,COLIGACAO:210000002190,CHARQUEADAS,0,0,0,179,179,PC DO B,0.008706225680933852
2016,86932,PDT,COLIGACAO:210000001076,CHARQUEADAS,319,0,319,5139,5458,PDT,0.2654669260700389
2016,86932,PMDB,COLIGACAO:210000001458,CHARQUEADAS,68,0,68,4285,4353,PMDB,0.21172178988326848
2016,86932,PP,COLIGACAO:210000001458,CHARQUEADAS,39,0,39,1097,1136,PP,0.05525291828793774
2016,86932,PPS,COLIGACAO:210000001076,CHARQUEADAS,8,0,8,0,8,PPS,0.0003891050583657588
2016,86932,PRB,COLIGACAO:210000000488,CHARQUEADAS,5,0,5,253,258,PRB,0.01254863813229572
2016,86932,PSB,PARTIDO:PSB,CHARQUEADAS,93,0,93,2383,2476,PSB,0.12042801556420234
2016,86932,PSDB,COLIGACAO:210000000488,CHARQUEADAS,9,0,9,92,101,PSDB,0.004912451361867704
2016,86932,PT,COLIGACAO:210000002190,CHARQUEADAS,37,0,37,2189,2226,PT,0.10826848249027238
2016,86932,PTB,PARTIDO:PTB,CHARQUEADAS,38,0,38,1920,1958,PTB,0.09523346303501945
2016,86932,PV,COLIGACAO:210000000488,CHARQUEADAS,1,0,1,31,32,PV,0.0015564202334630351
2016,86932,REDE,COLIGACAO:210000000488,CHARQUEADAS,244,0,244,1191,1435,REDE,0.06979571984435798
2016,86932,SD,COLIGACAO:210000001076,CHARQUEADAS,4,0,4,93,97,SD,0.004717898832684825
2016,86940,PDT,COLIGACAO:210000000481,MANOEL VIANA,101,0,101,1465,1566,PDT,0.3503355704697987
2016,86940,PMDB,COLIGACAO:210000000481,MANOEL VIANA,18,0,18,442,460,PMDB,0.1029082774049217
2016,86940,PP,PARTIDO:PP,MANOEL VIANA,124,0,124,1570,1694,PP,0.3789709172259508
2016,86940,PT,COLIGACAO:210000000481,MANOEL VIANA,6,0,6,45,51,PT,0.011409395973154362
2016,86940,PTB,PARTIDO:PTB,MANOEL VIANA,18,0,18,681,699,PTB,0.1563758389261745
2016,86959,PMDB,PARTIDO:PMDB,HUMAITÁ,66,0,66,1176,1242,PMDB,0.33878887070376434
2016,86959,PP,COLIGACAO:210000001598,HUMAITÁ,69,0,69,1095,1164,PP,0.31751227495908346
2016,86959,PPS,COLIGACAO:210000002619,HUMAITÁ,0,0,0,0,0,PPS,0.0
2016,86959,PSB,COLIGACAO:210000002619,HUMAITÁ,10,0,10,357,367,PSB,0.10010911074740862
2016,86959,PSD,COLIGACAO:210000002619,HUMAITÁ,0,0,0,5,5,PSD,0.001363884342607747
2016,86959,PSDB,COLIGACAO:210000001598,HUMAITÁ,5,0,5,291,296,PSDB,0.08074195308237861
2016,86959,PTB,COLIGACAO:210000001598,HUMAITÁ,18,0,18,574,592,PTB,0.16148390616475722
2016,86967,PDT,PARTIDO:PDT,MAQUINÉ,139,0,139,2035,2174,PDT,0.4515057113187954
2016,86967,PMDB,COLIGACAO:210000002271,MAQUINÉ,18,0,18,1072,1090,PMDB,0.22637590861889928
2016,86967,PP,COLIGACAO:210000002271,MAQUINÉ,82,0,82,1060,1142,PP,0.2371754932502596
2016,86967,PSB,PARTIDO:PSB,MAQUINÉ,21,0,21,388,409,PSB,0.08494288681204569
2016,86975,PDT,COLIGACAO:210000001452,IBIAÇÁ,39,0,39,1113,1152,PDT,0.32341381246490736
2016,86975,PMDB,COLIGACAO:210000002595,IBIAÇÁ,6,0,6,227,233,PMDB,0.06541268950028074
2016,86975,PP,COLIGACAO:210000002595,IBIAÇÁ,72,0,72,1266,1338,PP,0.3756316676024705
2016,86975,PT,COLIGACAO:210000001452,IBIAÇÁ,65,0,65,774,839,PT,0.2355418304323414
2016,86983,PDT,COLIGACAO:210000001092,MARATÁ,7,0,7,164,171,PDT,0.083373963920039
2016,86983,PMDB,COLIGACAO:210000000677,MARATÁ,2,0,2,157,159,PMDB,0.07752315943442223
2016,86983,PP,COLIGACAO:210000001092,MARATÁ,9,0,9,143,152,PP,0.07411019015114578
2016,86983,PSB,COLIGACAO:210000000677,MARATÁ,0,0,0,61,61,PSB,0.029741589468551925
2016,86983,PSD,COLIGACAO:210000001092,MARATÁ,4,0,4,243,247,PSD,0.12042905899561189
2016,86983,PSDB,COLIGACAO:210000001092,MARATÁ,23,0,23,470,493,PSDB,0.24037055095075574
2016,86983,PTB,COLIGACAO:210000000677,MARATÁ,27,0,27,741,768,PTB,0.37445148707947346
2016,86991,DEM,COLIGACAO:210000000844,IBIRAIARAS,6,0,6,311,317,DEM,0.06486597094331902
2016,86991,PC do B,COLIGACAO:210000000844,IBIRAIARAS,1,0,1,0,1,PC DO B,0.0002046245140167792
2016,86991,PDT,COLIGACAO:210000000844,IBIRAIARAS,9,0,9,0,9,PDT,0.001841620626151013
2016,86991,PMDB,COLIGACAO:210000000844,IBIRAIARAS,104,0,104,2002,2106,PMDB,0.430939226519337
2016,86991,PP,COLIGACAO:210000000492,IBIRAIARAS,19,0,19,805,824,PP,0.16861059954982607
2016,86991,PSDB,COLIGACAO:210000000492,IBIRAIARAS,6,0,6,227,233,PSDB,0.04767751176590956
2016,86991,PT,COLIGACAO:210000000492,IBIRAIARAS,14,0,14,357,371,PT,0.07591569470022509
2016,86991,PTB,COLIGACAO:210000000492,IBIRAIARAS,69,0,69,957,1026,PTB,0.20994475138121546
2016,87009,PDT,COLIGACAO:210000002587,MARIANA PIMENTEL,9,0,9,155,164,PDT,0.053647366699378474
2016,87009,PMDB,COLIGACAO:210000001420,MARIANA PIMENTEL,49,0,49,931,980,PMDB,0.3205757278377494
2016,87009,PP,COLIGACAO:210000001420,MARIANA PIMENTEL,11,0,11,112,123,PP,0.040235525024533855
2016,87009,PRB,PARTIDO:PRB,MARIANA PIMENTEL,15,0,15,111,126,PRB,0.04121687929342493
2016,87009,PSB,COLIGACAO:210000001420,MARIANA PIMENTEL,2,0,2,178,180,PSB,0.058881256133464184
2016,87009,PSD,PARTIDO:PSD,MARIANA PIMENTEL,31,0,31,79,110,PSD,0.035982989859339225
2016,87009,PSDB,COLIGACAO:210000002587,MARIANA PIMENTEL,4,0,4,181,185,PSDB,0.06051684658161596
2016,87009,PTB,COLIGACAO:210000002587,MARIANA PIMENTEL,50,0,50,1139,1189,PTB,0.388943408570494
2016,87017,DEM,COLIGACAO:210000000981,IBIRUBÁ,153,0,153,1445,1598,DEM,0.12085917410376645
2016,87017,PC do B,COLIGACAO:210000001438,IBIRUBÁ,13,0,13,422,435,PC DO B,0.03289971260021177
2016,87017,PDT,COLIGACAO:210000000981,IBIRUBÁ,35,0,35,654,689,PDT,0.05211011949780669
2016,87017,PMDB,COLIGACAO:210000000981,IBIRUBÁ,38,0,38,1842,1880,PMDB,0.14218726365148995
2016,87017,PP,COLIGACAO:210000001438,IBIRUBÁ,53,0,53,4276,4329,PP,0.32740886401452124
2016,87017,PPS,COLIGACAO:210000000981,IBIRUBÁ,3,0,3,125,128,PPS,0.009680834972016336
2016,87017,PR,COLIGACAO:210000000981,IBIRUBÁ,10,0,10,0,10,PR,0.0007563152321887763
2016,87017,PRB,COLIGACAO:210000001438,IBIRUBÁ,123,0,123,960,1083,PRB,0.08190893964604447
2016,87017,PSB,COLIGACAO:210000001438,IBIRUBÁ,1,0,1,208,209,PSB,0.015806988352745424
2016,87017,PSC,COLIGACAO:210000000981,IBIRUBÁ,5,0,5,365,370,PSC,0.027983663590984722
2016,87017,PSD,COLIGACAO:210000000981,IBIRUBÁ,6,0,6,224,230,PSD,0.017395250340341853
2016,87017,PSDB,COLIGACAO:210000000981,IBIRUBÁ,2,0,2,0,2,PSDB,0.00015126304643775526
2016,87017,PT,COLIGACAO:210000001438,IBIRUBÁ,11,0,11,1102,1113,PT,0.0841778853426108
2016,87017,PTB,COLIGACAO:210000000981,IBIRUBÁ,11,0,11,541,552,PTB,0.04174860081682045
2016,87017,SD,COLIGACAO:210000001438,IBIRUBÁ,8,0,8,586,594,SD,0.04492512479201331
2016,87025,PDT,COLIGACAO:210000000759,MATO CASTELHANO,37,0,37,899,936,PDT,0.3888658080598255
2016,87025,PMDB,COLIGACAO:210000000759,MATO CASTELHANO,5,0,5,425,430,PMDB,0.17864561695056086
2016,87025,PP,COLIGACAO:210000001416,MATO CASTELHANO,9,0,9,260,269,PP,0.11175737432488575
2016,87025,PSD,COLIGACAO:210000001416,MATO CASTELHANO,6,0,6,108,114,PSD,0.04736186123805567
2016,87025,PTB,COLIGACAO:210000001416,MATO CASTELHANO,26,0,26,632,658,PTB,0.2733693394266722
2016,87033,DEM,COLIGACAO:210000000101,IGREJINHA,3,0,3,94,97,DEM,0.004474995386602694
2016,87033,PC do B,COLIGACAO:210000000115,IGREJINHA,5,0,5,206,211,PC DO B,0.009734268315187304
2016,87033,PDT,COLIGACAO:210000000101,IGREJINHA,60,0,60,914,974,PDT,0.04493448975825798
2016,87033,PMDB,COLIGACAO:210000000634,IGREJINHA,50,0,50,2776,2826,PMDB,0.130374607861229
2016,87033,PP,COLIGACAO:210000000103,IGREJINHA,519,0,519,6796,7315,PP,0.33747001291751244
2016,87033,PPS,COLIGACAO:210000000101,IGREJINHA,16,0,16,531,547,PPS,0.025235283262594575
2016,87033,PRB,COLIGACAO:210000000634,IGREJINHA,8,0,8,31,39,PRB,0.0017992249492526297
2016,87033,PROS,COLIGACAO:210000000115,IGREJINHA,1,0,1,135,136,PROS,0.006274220335855324
2016,87033,PSB,COLIGACAO:210000000115,IGREJINHA,57,0,57,4343,4400,PSB,0.20298948145414283
2016,87033,PSC,COLIGACAO:210000000101,IGREJINHA,2,0,2,384,386,PSC,0.017807713600295257
2016,87033,PSD,COLIGACAO:210000000101,IGREJINHA,14,0,14,1114,1128,PSD,0.05203912160915298
2016,87033,PSDB,COLIGACAO:210000000103,IGREJINHA,25,0,25,519,544,PSDB,0.025096881343421296
2016,87033,PT,PARTIDO:PT,IGREJINHA,71,0,71,775,846,PT,0.039029341206864736
2016,87033,PTB,COLIGACAO:210000000483,IGREJINHA,235,0,235,1509,1744,PTB,0.08045764901273297
2016,87033,PV,COLIGACAO:210000000483,IGREJINHA,5,0,5,185,190,PV,0.00876545488097435
2016,87033,SD,COLIGACAO:210000000101,IGREJINHA,10,0,10,283,293,SD,0.013517254105923603
2016,87041,PDT,PARTIDO:PDT,MATO LEITÃO,9,0,9,475,484,PDT,0.14578313253012049
2016,87041,PMDB,COLIGACAO:210000000209,MATO LEITÃO,7,0,7,610,617,PMDB,0.1858433734939759
2016,87041,PP,COLIGACAO:210000000425,MATO LEITÃO,47,0,47,970,1017,PP,0.30632530120481927
2016,87041,PSDB,COLIGACAO:210000000209,MATO LEITÃO,54,0,54,995,1049,PSDB,0.31596385542168676
2016,87041,PT,COLIGACAO:210000000425,MATO LEITÃO,1,0,1,102,103,PT,0.03102409638554217
2016,87041,PTB,COLIGACAO:210000000425,MATO LEITÃO,1,0,1,49,50,PTB,0.015060240963855422
2016,87050,PC do B,PARTIDO:PC do B,IJUÍ,70,0,70,3725,3795,PC DO B,0.0782554902567275
2016,87050,PDT,COLIGACAO:210000001173,IJUÍ,1222,0,1222,20420,21642,PDT,0.44627281163006494
2016,87050,PMDB,COLIGACAO:210000002515,IJUÍ,97,0,97,2515,2612,PMDB,0.053861222806474894
2016,87050,PP,PARTIDO:PP,IJUÍ,211,0,211,9261,9472,PP,0.19531910506237757
2016,87050,PPS,COLIGACAO:210000001173,IJUÍ,8,0,8,166,174,PPS,0.003587998762759047
2016,87050,PSB,COLIGACAO:210000002612,IJUÍ,45,0,45,3767,3812,PSB,0.07860604185998557
2016,87050,PSDB,COLIGACAO:210000002515,IJUÍ,24,0,24,1067,1091,PSDB,0.022497164656150117
2016,87050,PT,COLIGACAO:210000002612,IJUÍ,516,0,516,4287,4803,PT,0.09904113826167646
2016,87050,PTB,COLIGACAO:210000002515,IJUÍ,51,0,51,1043,1094,PTB,0.022559026703783895
2016,87068,PDT,COLIGACAO:210000001268,MINAS DO LEÃO,56,0,56,1147,1203,PDT,0.2302833078101072
2016,87068,PMDB,COLIGACAO:210000000337,MINAS DO LEÃO,10,0,10,751,761,PMDB,0.14567381316998468
2016,87068,PP,COLIGACAO:210000000337,MINAS DO LEÃO,149,0,149,2339,2488,PP,0.4762633996937213
2016,87068,PSDB,COLIGACAO:210000000337,MINAS DO LEÃO,9,0,9,617,626,PSDB,0.11983154670750383
2016,87068,PT,COLIGACAO:210000001268,MINAS DO LEÃO,7,0,7,131,138,PT,0.026416539050535988
2016,87068,PTB,COLIGACAO:210000000337,MINAS DO LEÃO,2,0,2,6,8,PTB,0.0015313935681470138
2016,87076,DEM,COLIGACAO:210000001653,ILÓPOLIS,10,0,10,309,319,DEM,0.10156001273479784
2016,87076,PC do B,COLIGACAO:210000001653,ILÓPOLIS,4,0,4,110,114,PC DO B,0.03629417382999045
2016,87076,PDT,COLIGACAO:210000001653,ILÓPOLIS,78,0,78,236,314,PDT,0.0999681630054123
2016,87076,PMDB,COLIGACAO:210000002466,ILÓPOLIS,76,0,76,1214,1290,PMDB,0.41069723018147086
2016,87076,PP,COLIGACAO:210000001653,ILÓPOLIS,19,0,19,476,495,PP,0.15759312320916904
2016,87076,PSB,COLIGACAO:210000002466,ILÓPOLIS,6,0,6,265,271,PSB,0.08627825533269659
2016,87076,PT,COLIGACAO:210000001653,ILÓPOLIS,7,0,7,217,224,PT,0.07131486787647245
2016,87076,PTB,COLIGACAO:210000002466,ILÓPOLIS,0,0,0,114,114,PTB,0.03629417382999045
2016,87084,PDT,COLIGACAO:210000000201,MONTE BELO DO SUL,8,0,8,164,172,PDT,0.06234142805364262
2016,87084,PMDB,COLIGACAO:210000000201,MONTE BELO DO SUL,47,0,47,1220,1267,PMDB,0.4592243566509605
2016,87084,PSB,COLIGACAO:210000000155,MONTE BELO DO SUL,12,0,12,111,123,PSB,0.044581370061616526
2016,87084,PT,COLIGACAO:210000000155,MONTE BELO DO SUL,1,0,1,29,30,PT,0.010873504893077202
2016,87084,PTB,PARTIDO:PTB,MONTE BELO DO SUL,51,0,51,1116,1167,PTB,0.42297934034070317
2016,87092,PMDB,COLIGACAO:210000000416,INDEPENDÊNCIA,80,0,80,1574,1654,PMDB,0.33631557543716956
2016,87092,PP,COLIGACAO:210000001105,INDEPENDÊNCIA,13,0,13,258,271,PP,0.055103700691337944
2016,87092,PRB,COLIGACAO:210000000416,INDEPENDÊNCIA,4,0,4,0,4,PRB,0.0008133387555917039
2016,87092,PSB,PARTIDO:PSB,INDEPENDÊNCIA,30,0,30,384,414,PSB,0.08418056120374136
2016,87092,PSDB,COLIGACAO:210000000416,INDEPENDÊNCIA,27,0,27,684,711,PSDB,0.14457096380642537
2016,87092,PTB,COLIGACAO:210000001105,INDEPENDÊNCIA,112,0,112,1752,1864,PTB,0.379015860105734
2016,87106,PDT,COLIGACAO:210000002447,MORMAÇO,5,0,5,272,277,PDT,0.11366434140336479
2016,87106,PMDB,COLIGACAO:210000002447,MORMAÇO,24,0,24,503,527,PMDB,0.21624948707427163
2016,87106,PP,PARTIDO:PP,MORMAÇO,35,0,35,999,1034,PP,0.42429216249487073
2016,87106,PSB,COLIGACAO:210000000817,MORMAÇO,12,0,12,503,515,PSB,0.21132540008206813
2016,87106,PSDB,COLIGACAO:210000000817,MORMAÇO,3,0,3,81,84,PSDB,0.0344686089454247
2016,87114,PDT,COLIGACAO:210000002541,IRAÍ,70,0,70,677,747,PDT,0.14937012597480503
2016,87114,PMDB,COLIGACAO:210000000229,IRAÍ,13,0,13,778,791,PMDB,0.15816836632673464
2016,87114,PP,COLIGACAO:210000000229,IRAÍ,145,0,145,2076,2221,PP,0.4441111777644471
2016,87114,PR,COLIGACAO:210000002541,IRAÍ,1,0,1,0,1,PR,0.0001999600079984003
2016,87114,PRB,COLIGACAO:210000000229,IRAÍ,2,0,2,53,55,PRB,0.010997800439912017
2016,87114,PSB,COLIGACAO:210000000229,IRAÍ,5,0,5,223,228,PSB,0.04559088182363527
2016,87114,PT,COLIGACAO:210000002541,IRAÍ,27,0,27,620,647,PT,0.129374125174965
2016,87114,PTB,COLIGACAO:210000002541,IRAÍ,11,0,11,300,311,PTB,0.0621875624875025
2016,87122,PDT,PARTIDO:PDT,MORRINHOS DO SUL,8,0,8,18,26,PDT,0.00975975975975976
2016,87122,PMDB,COLIGACAO:210000002155,MORRINHOS DO SUL,24,0,24,959,983,PMDB,0.368993993993994
2016,87122,PP,COLIGACAO:210000002460,MORRINHOS DO SUL,32,0,32,982,1014,PP,0.38063063063063063
2016,87122,PPS,COLIGACAO:210000002155,MORRINHOS DO SUL,3,0,3,116,119,PPS,0.04466966966966967
2016,87122,PSB,COLIGACAO:210000002155,MORRINHOS DO SUL,5,0,5,517,522,PSB,0.19594594594594594
2016,87122,PSDB,COLIGACAO:210000002460,MORRINHOS DO SUL,0,0,0,0,0,PSDB,0.0
2016,87122,PTB,COLIGACAO:210000002460,MORRINHOS DO SUL,0,0,0,0,0,PTB,0.0
2016,87130,PDT,COLIGACAO:210000001556,ITAQUI,154,0,154,5499,5653,PDT,0.27151777137367916
2016,87130,PMDB,PARTIDO:PMDB,ITAQUI,297,0,297,3496,3793,PMDB,0.18218059558117194
2016,87130,PP,PARTIDO:PP,ITAQUI,554,0,554,4866,5420,PP,0.26032660902977905
2016,87130,PSB,COLIGACAO:210000001172,ITAQUI,29,326,355,1970,2325,PSB,0.11167146974063401
2016,87130,PSC,COLIGACAO:210000001172,ITAQUI,9,0,9,438,447,PSC,0.021469740634005762
2016,87130,PSDB,COLIGACAO:210000001556,ITAQUI,6,0,6,0,6,PSDB,0.00028818443804034583
2016,87130,PT,PARTIDO:PT,ITAQUI,67,0,67,1251,1318,PT,0.0633045148895293
2016,87130,PTB,COLIGACAO:210000001172,ITAQUI,51,0,51,1807,1858,PTB,0.08924111431316042
2016,87149,PDT,COLIGACAO:210000000529,MORRO REUTER,21,0,21,509,530,PDT,0.1216712580348944
2016,87149,PMDB,COLIGACAO:210000000952,MORRO REUTER,79,0,79,1481,1560,PMDB,0.3581267217630854
2016,87149,PP,COLIGACAO:210000000529,MORRO REUTER,16,0,16,567,583,PP,0.13383838383838384
2016,87149,PRB,COLIGACAO:210000000952,MORRO REUTER,2,0,2,14,16,PRB,0.0036730945821854912
2016,87149,PT,COLIGACAO:210000000529,MORRO REUTER,2,0,2,104,106,PT,0.024334251606978878
2016,87149,PTB,COLIGACAO:210000000529,MORRO REUTER,79,0,79,762,841,PTB,0.19306703397612487
2016,87149,SD,COLIGACAO:210000000529,MORRO REUTER,3,0,3,717,720,SD,0.1652892561983471
2016,87157,PDT,COLIGACAO:210000000118,ITATIBA DO SUL,12,0,12,192,204,PDT,0.060106069534472596
2016,87157,PMDB,COLIGACAO:210000000411,ITATIBA DO SUL,12,0,12,426,438,PMDB,0.12905126694166175
2016,87157,PP,COLIGACAO:210000000411,ITATIBA DO SUL,32,0,32,177,209,PP,0.06157925751325869
2016,87157,PPS,COLIGACAO:210000000118,ITATIBA DO SUL,0,0,0,40,40,PPS,0.011785503830288745
2016,87157,PSB,COLIGACAO:210000000411,ITATIBA DO SUL,29,0,29,112,141,PSB,0.04154390100176782
2016,87157,PSD,COLIGACAO:210000000118,ITATIBA DO SUL,6,0,6,186,192,PSD,0.05657041838538598
2016,87157,PSDB,COLIGACAO:210000000411,ITATIBA DO SUL,5,0,5,333,338,PSDB,0.0995875073659399
2016,87157,PT,COLIGACAO:210000000118,ITATIBA DO SUL,89,0,89,1572,1661,PT,0.48939304655274013
2016,87157,PTB,COLIGACAO:210000000411,ITATIBA DO SUL,4,0,4,167,171,PTB,0.050383028874484384
2016,87165,PDT,COLIGACAO:210000002622,MULITERNO,11,0,11,511,522,PDT,0.251566265060241
2016,87165,PMDB,COLIGACAO:210000002622,MULITERNO,36,0,36,532,568,PMDB,0.2737349397590361
2016,87165,PP,PARTIDO:PP,MULITERNO,34,0,34,800,834,PP,0.4019277108433735
2016,87165,PTB,COLIGACAO:210000002622,MULITERNO,4,0,4,147,151,PTB,0.0727710843373494
2016,87173,DEM,COLIGACAO:210000001700,IVOTI,7,0,7,548,555,DEM,0.0428439092172302
2016,87173,PDT,COLIGACAO:210000001700,IVOTI,26,0,26,468,494,PDT,0.03813493901497607
2016,87173,PMDB,COLIGACAO:210000001048,IVOTI,32,0,32,2148,2180,PMDB,0.16828778755596727
2016,87173,PP,COLIGACAO:210000001048,IVOTI,401,0,401,4297,4698,PP,0.36266790180639186
2016,87173,PRB,COLIGACAO:210000001700,IVOTI,12,0,12,772,784,PRB,0.060521846533889145
2016,87173,PSB,COLIGACAO:210000001048,IVOTI,12,0,12,960,972,PSB,0.07503473830477073
2016,87173,PSD,COLIGACAO:210000001048,IVOTI,9,0,9,351,360,PSD,0.02779064381658175
2016,87173,PSDB,COLIGACAO:210000001700,IVOTI,191,0,191,1032,1223,PSDB,0.09441099274355412
2016,87173,PT,PARTIDO:PT,IVOTI,58,0,58,1226,1284,PT,0.09911996294580824
2016,87173,PTB,COLIGACAO:210000001700,IVOTI,15,0,15,389,404,PTB,0.03118727806083063
2016,87181,PMDB,PARTIDO:PMDB,NICOLAU VERGUEIRO,26,0,26,648,674,PMDB,0.3767467859139184
2016,87181,PP,PARTIDO:PP,NICOLAU VERGUEIRO,26,0,26,727,753,PP,0.4209055338177753
2016,87181,PSB,PARTIDO:PSB,NICOLAU VERGUEIRO,5,0,5,357,362,PSB,0.20234768026830632
2016,87190,PDT,COLIGACAO:210000000282,JACUTINGA,18,0,18,345,363,PDT,0.13340683572216097
2016,87190,PMDB,COLIGACAO:210000001115,JACUTINGA,1,0,1,166,167,PMDB,0.06137449467107681
2016,87190,PP,COLIGACAO:210000001115,JACUTINGA,55,0,55,1165,1220,PP,0.4483645718485851
2016,87190,PRB,COLIGACAO:210000001115,JACUTINGA,2,0,2,12,14,PRB,0.005145167217934583
2016,87190,PSDB,COLIGACAO:210000000282,JACUTINGA,4,0,4,156,160,PSDB,0.05880191106210952
2016,87190,PT,COLIGACAO:210000000282,JACUTINGA,43,0,43,589,632,PT,0.2322675486953326
2016,87190,PTB,COLIGACAO:210000000282,JACUTINGA,9,0,9,156,165,PTB,0.06063947078280044
2016,87203,PDT,COLIGACAO:210000001548,NOVA BOA VISTA,7,0,7,459,466,PDT,0.2628313592780598
2016,87203,PMDB,COLIGACAO:210000001548,NOVA BOA VISTA,19,0,19,99,118,PMDB,0.06655386350817823
2016,87203,PP,COLIGACAO:210000000287,NOVA BOA VISTA,9,0,9,366,375,PP,0.21150592216582065
2016,87203,PT,COLIGACAO:210000000287,NOVA BOA VISTA,3,0,3,133,136,PT,0.07670614777213762
2016,87203,PTB,COLIGACAO:210000000287,NOVA BOA VISTA,27,0,27,651,678,PTB,0.3824027072758037
2016,87211,PDT,COLIGACAO:210000000849,JAGUARÃO,50,0,50,973,1023,PDT,0.06276073619631901
2016,87211,PMDB,COLIGACAO:210000002369,JAGUARÃO,408,0,408,3221,3629,PMDB,0.22263803680981595
2016,87211,PP,PARTIDO:PP,JAGUARÃO,69,0,69,2076,2145,PP,0.13159509202453987
2016,87211,PPS,PARTIDO:PPS,JAGUARÃO,187,0,187,467,654,PPS,0.04012269938650307
2016,87211,PRB,COLIGACAO:210000000849,JAGUARÃO,11,0,11,314,325,PRB,0.019938650306748466
2016,87211,PSB,PARTIDO:PSB,JAGUARÃO,33,0,33,3634,3667,PSB,0.22496932515337423
2016,87211,PSDB,PARTIDO:PSDB,JAGUARÃO,43,0,43,897,940,PSDB,0.05766871165644172
2016,87211,PSOL,PARTIDO:PSOL,JAGUARÃO,10,0,10,48,58,PSOL,0.003558282208588957
2016,87211,PT,COLIGACAO:210000000849,JAGUARÃO,290,0,290,3447,3737,PT,0.2292638036809816
2016,87211,PT do B,COLIGACAO:210000002369,JAGUARÃO,1,0,1,121,122,PT DO B,0.007484662576687117
2016,87220,PMDB,COLIGACAO:210000001150,NOVA PÁDUA,14,0,14,571,585,PMDB,0.2969543147208122
2016,87220,PP,COLIGACAO:210000001150,NOVA PÁDUA,5,0,5,843,848,PP,0.4304568527918782
2016,87220,PRB,COLIGACAO:210000001150,NOVA PÁDUA,1,0,1,111,112,PRB,0.05685279187817259
2016,87220,PSDB,COLIGACAO:210000001150,NOVA PÁDUA,59,0,59,366,425,PSDB,0.21573604060913706
2016,87238,PDT,PARTIDO:PDT,JAGUARI,184,0,184,1583,1767,PDT,0.22572815533980584
2016,87238,PMDB,COLIGACAO:210000002220,JAGUARI,181,0,181,2938,3119,PMDB,0.39844149207971385
2016,87238,PP,PARTIDO:PP,JAGUARI,97,0,97,2296,2393,PP,0.3056974961676035
2016,87238,PT,COLIGACAO:210000002220,JAGUARI,4,0,4,262,266,PT,0.03398058252427184
2016,87238,SD,COLIGACAO:210000002220,JAGUARI,5,0,5,278,283,SD,0.03615227388860501
2016,87246,PC do B,COLIGACAO:210000002428,NOVA SANTA RITA,6,0,6,164,170,PC DO B,0.012646927540544561
2016,87246,PDT,PARTIDO:PDT,NOVA SANTA RITA,35,0,35,1506,1541,PDT,0.1146406784704657
2016,87246,PMDB,PARTIDO:PMDB,NOVA SANTA RITA,35,0,35,1978,2013,PMDB,0.1497545008183306
2016,87246,PP,COLIGACAO:210000000787,NOVA SANTA RITA,37,0,37,708,745,PP,0.05542330010415117
2016,87246,PPS,COLIGACAO:210000000787,NOVA SANTA RITA,43,0,43,144,187,PPS,0.013911620294599018
2016,87246,PRB,PARTIDO:PRB,NOVA SANTA RITA,19,0,19,1633,1652,PRB,0.12289837821752715
2016,87246,PT,PARTIDO:PT,NOVA SANTA RITA,303,0,303,3391,3694,PT,0.27481029608689184
2016,87246,PTB,COLIGACAO:210000002498,NOVA SANTA RITA,166,0,166,2813,2979,PTB,0.22161880672518972
2016,87246,PTN,COLIGACAO:210000002498,NOVA SANTA RITA,1,0,1,0,1,PTN,7.439369141496801e-05
2016,87246,PV,COLIGACAO:210000002428,NOVA SANTA RITA,0,0,0,28,28,PV,0.0020830233596191043
2016,87246,SD,PARTIDO:SD,NOVA SANTA RITA,33,0,33,399,432,SD,0.03213807469126618
2016,87254,DEM,COLIGACAO:210000002398,JÚLIO DE CASTILHOS,5,0,5,490,495,DEM,0.038671875
2016,87254,PDT,COLIGACAO:210000002398,JÚLIO DE CASTILHOS,20,0,20,188,208,PDT,0.01625
2016,87254,PMDB,PARTIDO:PMDB,JÚLIO DE CASTILHOS,188,0,188,2350,2538,PMDB,0.19828125
2016,87254,PP,COLIGACAO:210000001405,JÚLIO DE CASTILHOS,48,0,48,949,997,PP,0.077890625
2016,87254,PRB,COLIGACAO:210000001405,JÚLIO DE CASTILHOS,9,0,9,0,9,PRB,0.000703125
2016,87254,PSB,COLIGACAO:210000001405,JÚLIO DE CASTILHOS,312,0,312,4370,4682,PSB,0.36578125
2016,87254,PSD,COLIGACAO:210000001405,JÚLIO DE CASTILHOS,7,0,7,637,644,PSD,0.0503125
2016,87254,PSDB,COLIGACAO:210000002398,JÚLIO DE CASTILHOS,172,0,172,2366,2538,PSDB,0.19828125
2016,87254,PT,PARTIDO:PT,JÚLIO DE CASTILHOS,40,0,40,649,689,PT,0.053828125
2016,87262,PC do B,COLIGACAO:210000002432,NOVO BARREIRO,9,0,9,590,599,PC DO B,0.19821310390469887
2016,87262,PDT,COLIGACAO:210000002432,NOVO BARREIRO,17,0,17,320,337,PDT,0.11151555261416281
2016,87262,PMDB,COLIGACAO:210000002432,NOVO BARREIRO,3,0,3,203,206,PMDB,0.06816677696889477
2016,87262,PP,COLIGACAO:210000002432,NOVO BARREIRO,48,0,48,412,460,PP,0.15221707478491064
2016,87262,PSB,COLIGACAO:210000002432,NOVO BARREIRO,9,0,9,275,284,PSB,0.09397749834546658
2016,87262,PSC,COLIGACAO:210000002432,NOVO BARREIRO,6,0,6,308,314,PSC,0.10390469887491727
2016,87262,PT,COLIGACAO:210000002432,NOVO BARREIRO,10,0,10,366,376,PT,0.12442091330244871
2016,87262,PTB,COLIGACAO:210000002432,NOVO BARREIRO,13,0,13,433,446,PTB,0.14758438120450032
2016,87270,DEM,COLIGACAO:210000001371,LAGOA VERMELHA,44,0,44,2360,2404,DEM,0.14123729510604546
2016,87270,PDT,COLIGACAO:210000000505,LAGOA VERMELHA,271,0,271,5717,5988,PDT,0.35180071676164737
2016,87270,PMDB,COLIGACAO:210000002638,LAGOA VERMELHA,38,0,38,983,1021,PMDB,0.05998472475177721
2016,87270,PP,PARTIDO:PP,LAGOA VERMELHA,495,0,495,3101,3596,PP,0.21126843311203808
2016,87270,PPS,COLIGACAO:210000002638,LAGOA VERMELHA,12,0,12,753,765,PPS,0.044944480347805654
2016,87270,PSB,COLIGACAO:210000000505,LAGOA VERMELHA,24,0,24,751,775,PSB,0.04553198989483579
2016,87270,PSD,COLIGACAO:210000001371,LAGOA VERMELHA,6,0,6,95,101,PSD,0.005933846425004406
2016,87270,PSDB,COLIGACAO:210000002638,LAGOA VERMELHA,19,0,19,678,697,PSDB,0.04094941542800071
2016,87270,PT,COLIGACAO:210000000505,LAGOA VERMELHA,15,0,15,99,114,PT,0.006697608836143587
2016,87270,PTB,COLIGACAO:210000000505,LAGOA VERMELHA,38,0,38,1522,1560,PTB,0.09165148933670172
2016,87289,PDT,COLIGACAO:210000001359,NOVO MACHADO,8,0,8,75,83,PDT,0.02791792801883619
2016,87289,PMDB,COLIGACAO:210000000896,NOVO MACHADO,6,0,6,508,514,PMDB,0.17288933736966028
2016,87289,PP,COLIGACAO:210000000896,NOVO MACHADO,56,0,56,774,830,PP,0.2791792801883619
2016,87289,PSB,COLIGACAO:210000000896,NOVO MACHADO,0,0,0,0,0,PSB,0.0
2016,87289,PT,COLIGACAO:210000001359,NOVO MACHADO,58,0,58,1132,1190,PT,0.40026908846283216
2016,87289,PTB,COLIGACAO:210000000896,NOVO MACHADO,7,0,7,349,356,PTB,0.11974436596030945
2016,87297,DEM,COLIGACAO:210000001343,LAJEADO,9,0,9,301,310,DEM,0.006819181698196217
2016,87297,PC do B,COLIGACAO:210000001604,LAJEADO,1,0,1,0,1,PC DO B,2.199736031676199e-05
2016,87297,PDT,COLIGACAO:210000001328,LAJEADO,89,0,89,965,1054,PDT,0.023185217773867135
2016,87297,PMDB,COLIGACAO:210000001328,LAJEADO,520,0,520,12738,13258,PMDB,0.2916410030796304
2016,87297,PMN,COLIGACAO:210000001022,LAJEADO,8,0,8,181,189,PMN,0.004157501099868016
2016,87297,PP,COLIGACAO:210000001022,LAJEADO,639,0,639,7737,8376,PP,0.18424989001319841
2016,87297,PPL,COLIGACAO:210000001158,LAJEADO,18,0,18,1111,1129,PPL,0.024835019797624286
2016,87297,PPS,COLIGACAO:210000001343,LAJEADO,28,0,28,2204,2232,PPS,0.04909810822701276
2016,87297,PR,COLIGACAO:210000001604,LAJEADO,28,0,28,378,406,PR,0.008930928288605368
2016,87297,PRB,COLIGACAO:210000001158,LAJEADO,28,0,28,255,283,PRB,0.006225252969643643
2016,87297,PSB,COLIGACAO:210000001604,LAJEADO,14,0,14,637,651,PSB,0.014320281566212055
2016,87297,PSC,COLIGACAO:210000001604,LAJEADO,17,0,17,474,491,PSC,0.010800703915530136
2016,87297,PSD,COLIGACAO:210000001022,LAJEADO,8,0,8,1109,1117,PSD,0.02457105147382314
2016,87297,PSDB,PARTIDO:PSDB,LAJEADO,67,0,67,3921,3988,PSDB,0.08772547294324681
2016,87297,PT,COLIGACAO:210000001158,LAJEADO,625,0,625,8599,9224,PT,0.2029036515618126
2016,87297,PTB,COLIGACAO:210000001604,LAJEADO,58,0,58,1994,2052,PTB,0.0451385833699956
2016,87297,PV,COLIGACAO:210000001604,LAJEADO,2,0,2,0,2,PV,4.399472063352398e-05
2016,87297,REDE,COLIGACAO:210000001328,LAJEADO,5,0,5,692,697,REDE,0.015332160140783107
2016,87300,DEM,COLIGACAO:210000000574,NOVO TIRADENTES,1,0,1,95,96,DEM,0.058394160583941604
2016,87300,PMDB,COLIGACAO:210000000404,NOVO TIRADENTES,23,0,23,561,584,PMDB,0.35523114355231145
2016,87300,PP,COLIGACAO:210000000574,NOVO TIRADENTES,2,0,2,149,151,PP,0.09184914841849148
2016,87300,PSB,COLIGACAO:210000000574,NOVO TIRADENTES,17,0,17,628,645,PSB,0.39233576642335766
2016,87300,PSDB,COLIGACAO:210000000574,NOVO TIRADENTES,1,0,1,31,32,PSDB,0.019464720194647202
2016,87300,PT,COLIGACAO:210000000404,NOVO TIRADENTES,3,0,3,133,136,PT,0.0827250608272506
2016,87319,DEM,COLIGACAO:210000001293,LAVRAS DO SUL,18,0,18,638,656,DEM,0.14692049272116461
2016,87319,PDT,COLIGACAO:210000001340,LAVRAS DO SUL,93,0,93,717,810,PDT,0.18141097424412095
2016,87319,PMDB,COLIGACAO:210000001293,LAVRAS DO SUL,21,0,21,497,518,PMDB,0.11601343784994401
2016,87319,PP,COLIGACAO:210000001355,LAVRAS DO SUL,20,0,20,1226,1246,PP,0.2790593505039194
2016,87319,PSB,PARTIDO:PSB,LAVRAS DO SUL,51,0,51,606,657,PSB,0.1471444568868981
2016,87319,PSDB,COLIGACAO:210000001355,LAVRAS DO SUL,6,0,6,139,145,PSDB,0.032474804031354984
2016,87319,PT,COLIGACAO:210000001340,LAVRAS DO SUL,9,0,9,265,274,PT,0.061366181410974247
2016,87319,PTB,COLIGACAO:210000001293,LAVRAS DO SUL,3,0,3,156,159,PTB,0.03561030235162374
2016,87327,PDT,COLIGACAO:210000001031,PARECI NOVO,55,0,55,843,898,PDT,0.3294203961848863
2016,87327,PMDB,COLIGACAO:210000000993,PARECI NOVO,12,0,12,700,712,PMDB,0.2611885546588408
2016,87327,PRB,COLIGACAO:210000001031,PARECI NOVO,2,0,2,249,251,PRB,0.09207630227439471
2016,87327,PTB,COLIGACAO:210000000993,PARECI NOVO,41,0,41,824,865,PTB,0.3173147468818782
2016,87335,PDT,COLIGACAO:210000000325,LIBERATO SALZANO,36,0,36,937,973,PDT,0.2501285347043702
2016,87335,PMDB,COLIGACAO:210000000325,LIBERATO SALZANO,69,0,69,458,527,PMDB,0.13547557840616967
2016,87335,PP,COLIGACAO:210000000325,LIBERATO SALZANO,29,0,29,1024,1053,PP,0.27069408740359896
2016,87335,PSB,COLIGACAO:210000000325,LIBERATO SALZANO,5,0,5,370,375,PSB,0.09640102827763496
2016,87335,PSDB,PARTIDO:PSDB,LIBERATO SALZANO,82,0,82,209,291,PSDB,0.07480719794344473
2016,87335,PT,COLIGACAO:210000000325,LIBERATO SALZANO,13,0,13,658,671,PT,0.17249357326478149
2016,87343,DEM,COLIGACAO:210000001033,PASSO DO SOBRADO,2,0,2,128,130,DEM,0.029768719945042363
2016,87343,PDT,COLIGACAO:210000001033,PASSO DO SOBRADO,70,0,70,1109,1179,PDT,0.2699793908861919
2016,87343,PMDB,COLIGACAO:210000001033,PASSO DO SOBRADO,2,0,2,432,434,PMDB,0.09938172658575681
2016,87343,PP,COLIGACAO:210000001033,PASSO DO SOBRADO,17,0,17,307,324,PP,0.0741928097091825
2016,87343,PSB,COLIGACAO:210000002283,PASSO DO SOBRADO,3,0,3,126,129,PSB,0.029539729791618962
2016,87343,PSDB,PARTIDO:PSDB,PASSO DO SOBRADO,13,0,13,32,45,PSDB,0.010304556904053125
2016,87343,PT,COLIGACAO:210000002283,PASSO DO SOBRADO,23,0,23,984,1007,PT,0.23059308449736662
2016,87343,PTB,COLIGACAO:210000002283,PASSO DO SOBRADO,69,0,69,1050,1119,PTB,0.2562399816807877
2016,87351,PDT,COLIGACAO:210000001577,MACHADINHO,65,0,65,162,227,PDT,0.05319896883056011
2016,87351,PMDB,COLIGACAO:210000001577,MACHADINHO,25,0,25,1116,1141,PMDB,0.2674009842981017
2016,87351,PP,COLIGACAO:210000001577,MACHADINHO,50,0,50,1383,1433,PP,0.33583313803609094
2016,87351,PPS,COLIGACAO:210000001577,MACHADINHO,4,0,4,175,179,PPS,0.04194984766815093
2016,87351,PSB,COLIGACAO:210000001577,MACHADINHO,3,0,3,165,168,PSB,0.03937192406843215
2016,87351,PT,PARTIDO:PT,MACHADINHO,105,0,105,1014,1119,PT,0.26224513709866415
2016,87360,PDT,COLIGACAO:210000001156,PICADA CAFÉ,14,0,14,415,429,PDT,0.11304347826086956
2016,87360,PP,COLIGACAO:210000001186,PICADA CAFÉ,44,0,44,808,852,PP,0.22450592885375495
2016,87360,PSD,COLIGACAO:210000001057,PICADA CAFÉ,52,0,52,803,855,PSD,0.22529644268774704
2016,87360,PSDB,COLIGACAO:210000001186,PICADA CAFÉ,17,0,17,447,464,PSDB,0.12226613965744401
2016,87360,PT,COLIGACAO:210000001156,PICADA CAFÉ,9,0,9,609,618,PT,0.16284584980237155
2016,87360,PTB,COLIGACAO:210000001057,PICADA CAFÉ,7,0,7,570,577,PTB,0.1520421607378129
2016,87378,DEM,COLIGACAO:210000001500,MARAU,1,0,1,26,27,DEM,0.0011017260374586854
2016,87378,PC do B,COLIGACAO:210000000477,MARAU,1,0,1,54,55,PC DO B,0.002244256742971396
2016,87378,PDT,COLIGACAO:210000001130,MARAU,42,0,42,480,522,PDT,0.02130003672420125
2016,87378,PMDB,COLIGACAO:210000002198,MARAU,471,0,471,8589,9060,PMDB,0.36969029256946995
2016,87378,PP,COLIGACAO:210000001500,MARAU,461,0,461,9844,10305,PP,0.42049210429673156
2016,87378,PPS,COLIGACAO:210000001500,MARAU,13,0,13,885,898,PPS,0.036642591912514795
2016,87378,PR,COLIGACAO:210000001130,MARAU,14,0,14,256,270,PR,0.011017260374586852
2016,87378,PSB,COLIGACAO:210000001130,MARAU,9,0,9,754,763,PSB,0.031133961725221364
2016,87378,PSC,COLIGACAO:210000001130,MARAU,5,0,5,219,224,PSC,0.009140245644101685
2016,87378,PSD,COLIGACAO:210000001130,MARAU,20,0,20,655,675,PSD,0.027543150936467132
2016,87378,PSDB,COLIGACAO:210000001130,MARAU,19,0,19,302,321,PSDB,0.013098298445342146
2016,87378,PT,COLIGACAO:210000000477,MARAU,48,0,48,1305,1353,PT,0.05520871587709634
2016,87378,PT do B,COLIGACAO:210000002198,MARAU,0,0,0,0,0,PT DO B,0.0
2016,87378,PTB,COLIGACAO:210000001500,MARAU,18,0,18,16,34,PTB,0.0013873587138368629
2016,87386,PDT,COLIGACAO:210000000592,PINHAL GRANDE,33,0,33,1001,1034,PDT,0.32111801242236027
2016,87386,PMDB,COLIGACAO:210000000592,PINHAL GRANDE,11,0,11,240,251,PMDB,0.07795031055900621
2016,87386,PP,COLIGACAO:210000002266,PINHAL GRANDE,18,0,18,1034,1052,PP,0.3267080745341615
2016,87386,PSD,COLIGACAO:210000000592,PINHAL GRANDE,34,0,34,275,309,PSD,0.09596273291925465
2016,87386,PSDB,COLIGACAO:210000002266,PINHAL GRANDE,3,0,3,204,207,PSDB,0.06428571428571428
2016,87386,PT,COLIGACAO:210000002266,PINHAL GRANDE,25,0,25,342,367,PT,0.11397515527950311
2016,87394,PDT,COLIGACAO:210000000609,MARCELINO RAMOS,18,0,18,449,467,PDT,0.13339045986860898
2016,87394,PMDB,COLIGACAO:210000002667,MARCELINO RAMOS,23,0,23,465,488,PMDB,0.1393887460725507
2016,87394,PP,COLIGACAO:210000000774,MARCELINO RAMOS,21,0,21,230,251,PP,0.07169380177092259
2016,87394,PSB,COLIGACAO:210000002667,MARCELINO RAMOS,1,0,1,0,1,PSB,0.00028563267637817766
2016,87394,PSD,COLIGACAO:210000000609,MARCELINO RAMOS,4,0,4,297,301,PSD,0.08597543558983148
2016,87394,PSDB,COLIGACAO:210000000774,MARCELINO RAMOS,2,0,2,157,159,PSDB,0.04541559554413025
2016,87394,PT,COLIGACAO:210000000609,MARCELINO RAMOS,60,0,60,1149,1209,PT,0.3453299057412168
2016,87394,PTB,COLIGACAO:210000002667,MARCELINO RAMOS,43,0,43,582,625,PTB,0.17852042273636104
2016,87408,PDT,COLIGACAO:210000000303,PINHEIRINHO DO VALE,78,0,78,2026,2104,PDT,0.6507887411073306
2016,87408,PMDB,PARTIDO:PMDB,PINHEIRINHO DO VALE,44,0,44,647,691,PMDB,0.21373337457469843
2016,87408,PP,COLIGACAO:210000000303,PINHEIRINHO DO VALE,44,0,44,74,118,PP,0.03649860810392824
2016,87408,PT,PARTIDO:PT,PINHEIRINHO DO VALE,15,0,15,305,320,PT,0.09897927621404269
2016,87416,PDT,PARTIDO:PDT,MARIANO MORO,27,0,27,994,1021,PDT,0.5243965074473549
2016,87416,PMDB,COLIGACAO:210000000136,MARIANO MORO,6,0,6,394,400,PMDB,0.2054442732408834
2016,87416,PT,COLIGACAO:210000000136,MARIANO MORO,1,0,1,272,273,PT,0.14021571648690292
2016,87416,PTB,COLIGACAO:210000000136,MARIANO MORO,9,0,9,244,253,PTB,0.12994350282485875
2016,87424,PC do B,COLIGACAO:210000001643,PONTÃO,4,0,4,214,218,PC DO B,0.07468311065433368
2016,87424,PDT,COLIGACAO:210000002219,PONTÃO,13,0,13,332,345,PDT,0.11819116135662898
2016,87424,PMDB,COLIGACAO:210000002219,PONTÃO,6,0,6,113,119,PMDB,0.0407673860911271
2016,87424,PP,COLIGACAO:210000002219,PONTÃO,10,0,10,120,130,PP,0.044535799931483384
2016,87424,PSB,COLIGACAO:210000002219,PONTÃO,23,0,23,275,298,PSB,0.10208975676601575
2016,87424,PSD,COLIGACAO:210000001643,PONTÃO,6,0,6,137,143,PSD,0.048989379924631725
2016,87424,PSDB,COLIGACAO:210000002219,PONTÃO,1,0,1,0,1,PSDB,0.00034258307639602604
2016,87424,PT,COLIGACAO:210000001643,PONTÃO,48,0,48,1147,1195,PT,0.4093867762932511
2016,87424,PTB,COLIGACAO:210000002219,PONTÃO,17,0,17,453,470,PTB,0.16101404590613225
2016,87432,PMDB,COLIGACAO:210000001203,MATA,48,0,48,719,767,PMDB,0.21430567197541212
2016,87432,PP,PARTIDO:PP,MATA,91,0,91,1920,2011,PP,0.5618887957530037
2016,87432,PSDB,COLIGACAO:210000001203,MATA,4,0,4,173,177,PSDB,0.04945515507124895
2016,87432,PT,COLIGACAO:210000002679,MATA,5,0,5,225,230,PT,0.06426376082704666
2016,87432,PTB,COLIGACAO:210000002679,MATA,43,0,43,351,394,PTB,0.11008661637328863
2016,87440,PDT,COLIGACAO:210000000255,PONTE PRETA,1,0,1,50,51,PDT,0.031677018633540374
2016,87440,PMDB,COLIGACAO:210000000190,PONTE PRETA,30,0,30,638,668,PMDB,0.41490683229813663
2016,87440,PP,COLIGACAO:210000000255,PONTE PRETA,22,0,22,343,365,PP,0.2267080745341615
2016,87440,PPS,COLIGACAO:210000000255,PONTE PRETA,0,0,0,0,0,PPS,0.0
2016,87440,PRB,COLIGACAO:210000000255,PONTE PRETA,1,0,1,55,56,PRB,0.034782608695652174
2016,87440,PT,COLIGACAO:210000000190,PONTE PRETA,9,0,9,228,237,PT,0.14720496894409937
2016,87440,PTB,COLIGACAO:210000000255,PONTE PRETA,7,0,7,226,233,PTB,0.14472049689440994
2016,87459,PMDB,PARTIDO:PMDB,MAXIMILIANO DE ALMEIDA,70,0,70,1326,1396,PMDB,0.40381833960080993
2016,87459,PP,COLIGACAO:210000001641,MAXIMILIANO DE ALMEIDA,31,0,31,776,807,PP,0.23343939832224472
2016,87459,PPS,COLIGACAO:210000001641,MAXIMILIANO DE ALMEIDA,3,0,3,323,326,PPS,0.09430141741394273
2016,87459,PSB,COLIGACAO:210000001641,MAXIMILIANO DE ALMEIDA,7,0,7,309,316,PSB,0.0914087358981776
2016,87459,PT,COLIGACAO:210000001641,MAXIMILIANO DE ALMEIDA,55,0,55,557,612,PT,0.177032108764825
2016,87467,PDT,COLIGACAO:210000001609,PORTO MAUÁ,16,0,16,371,387,PDT,0.20389884088514226
2016,87467,PMDB,COLIGACAO:210000001609,PORTO MAUÁ,10,0,10,448,458,PMDB,0.24130663856691253
2016,87467,PP,COLIGACAO:210000001624,PORTO MAUÁ,67,0,67,851,918,PP,0.48366701791359323
2016,87467,PT,COLIGACAO:210000001624,PORTO MAUÁ,5,0,5,130,135,PT,0.07112750263435196
2016,87475,PDT,COLIGACAO:210000002356,MIRAGUAÍ,11,0,11,365,376,PDT,0.10603496897913142
2016,87475,PMDB,COLIGACAO:210000002356,MIRAGUAÍ,22,0,22,983,1005,PMDB,0.28341793570219964
2016,87475,PP,COLIGACAO:210000001476,MIRAGUAÍ,30,0,30,464,494,PP,0.13931190073322053
2016,87475,PPS,COLIGACAO:210000002356,MIRAGUAÍ,4,0,4,167,171,PPS,0.048223350253807105
2016,87475,PSB,COLIGACAO:210000002356,MIRAGUAÍ,3,0,3,133,136,PSB,0.03835307388606881
2016,87475,PSD,COLIGACAO:210000001476,MIRAGUAÍ,5,0,5,279,284,PSD,0.08009024252679076
2016,87475,PSDB,COLIGACAO:210000001476,MIRAGUAÍ,12,0,12,346,358,PSDB,0.10095882684715173
2016,87475,PT,COLIGACAO:210000001476,MIRAGUAÍ,18,0,18,312,330,PT,0.09306260575296109
2016,87475,PTB,COLIGACAO:210000002356,MIRAGUAÍ,47,0,47,345,392,PTB,0.11054709531866892
2016,87483,PDT,COLIGACAO:210000000167,PORTO VERA CRUZ,9,0,9,284,293,PDT,0.1889103803997421
2016,87483,PMDB,COLIGACAO:210000000167,PORTO VERA CRUZ,17,0,17,529,546,PMDB,0.3520309477756286
2016,87483,PPS,COLIGACAO:210000000088,PORTO VERA CRUZ,10,0,10,272,282,PPS,0.18181818181818182
2016,87483,PT,COLIGACAO:210000000167,PORTO VERA CRUZ,5,0,5,248,253,PT,0.16312056737588654
2016,87483,PTB,COLIGACAO:210000000088,PORTO VERA CRUZ,8,0,8,169,177,PTB,0.11411992263056092
2016,87491,PC do B,COLIGACAO:210000002780,MONTENEGRO,15,0,15,501,516,PC DO B,0.015070093457943926
2016,87491,PDT,COLIGACAO:210000002762,MONTENEGRO,255,0,255,5274,5529,PDT,0.16147780373831774
2016,87491,PMDB,COLIGACAO:210000002780,MONTENEGRO,274,0,274,3630,3904,PMDB,0.11401869158878504
2016,87491,PP,PARTIDO:PP,MONTENEGRO,239,0,239,3337,3576,PP,0.1044392523364486
2016,87491,PPS,COLIGACAO:210000002798,MONTENEGRO,26,0,26,353,379,PPS,0.011068925233644859
2016,87491,PR,COLIGACAO:210000002762,MONTENEGRO,26,0,26,901,927,PR,0.02707359813084112
2016,87491,PRB,COLIGACAO:210000002803,MONTENEGRO,44,0,44,1147,1191,PRB,0.0347838785046729
2016,87491,PSB,COLIGACAO:210000002803,MONTENEGRO,481,0,481,4709,5190,PSB,0.15157710280373832
2016,87491,PSD,COLIGACAO:210000002780,MONTENEGRO,24,0,24,1314,1338,PSD,0.039077102803738314
2016,87491,PSDB,COLIGACAO:210000002798,MONTENEGRO,155,0,155,2397,2552,PSDB,0.07453271028037384
2016,87491,PT,PARTIDO:PT,MONTENEGRO,94,0,94,2113,2207,PT,0.06445677570093458
2016,87491,PTB,PARTIDO:PTB,MONTENEGRO,381,0,381,4335,4716,PTB,0.13773364485981307
2016,87491,SD,COLIGACAO:210000002803,MONTENEGRO,24,0,24,2191,2215,SD,0.06469042056074767
2016,87505,PDT,COLIGACAO:210000000527,PRESIDENTE LUCENA,8,0,8,675,683,PDT,0.3140229885057471
2016,87505,PMDB,PARTIDO:PMDB,PRESIDENTE LUCENA,30,0,30,1023,1053,PMDB,0.48413793103448277
2016,87505,PSB,COLIGACAO:210000000527,PRESIDENTE LUCENA,2,0,2,100,102,PSB,0.04689655172413793
2016,87505,PSDB,COLIGACAO:210000000527,PRESIDENTE LUCENA,24,0,24,313,337,PSDB,0.1549425287356322
2016,87513,DEM,COLIGACAO:210000000547,MOSTARDAS,5,0,5,221,226,DEM,0.02832790172975683
2016,87513,PDT,COLIGACAO:210000000572,MOSTARDAS,136,0,136,2738,2874,PDT,0.360240661820005
2016,87513,PMDB,COLIGACAO:210000000547,MOSTARDAS,105,0,105,1755,1860,PMDB,0.2331411381298571
2016,87513,PP,COLIGACAO:210000000267,MOSTARDAS,153,0,153,1889,2042,PP,0.2559538731511657
2016,87513,PR,COLIGACAO:210000000572,MOSTARDAS,8,0,8,45,53,PR,0.006643268989721735
2016,87513,PRB,COLIGACAO:210000000572,MOSTARDAS,7,0,7,0,7,PRB,0.0008774128854349461
2016,87513,PSDB,COLIGACAO:210000000267,MOSTARDAS,6,0,6,280,286,PSDB,0.03584858360491351
2016,87513,PSDC,COLIGACAO:210000000547,MOSTARDAS,2,0,2,87,89,PSDC,0.011155678114815742
2016,87513,PT,COLIGACAO:210000000572,MOSTARDAS,6,0,6,218,224,PT,0.028077212333918276
2016,87513,PTB,COLIGACAO:210000000267,MOSTARDAS,16,0,16,301,317,PTB,0.03973426924041113
2016,87521,PHS,COLIGACAO:210000000311,QUEVEDOS,3,0,3,387,390,PHS,0.19287833827893175
2016,87521,PMDB,COLIGACAO:210000000311,QUEVEDOS,30,0,30,433,463,PMDB,0.22898120672601385
2016,87521,PP,PARTIDO:PP,QUEVEDOS,45,0,45,1124,1169,PP,0.5781404549950544
2016,87530,PDT,COLIGACAO:210000000691,MUÇUM,8,0,8,177,185,PDT,0.0504774897680764
2016,87530,PMDB,COLIGACAO:210000000691,MUÇUM,69,0,69,1411,1480,PMDB,0.4038199181446112
2016,87530,PP,COLIGACAO:210000000256,MUÇUM,41,0,41,655,696,PP,0.18990450204638473
2016,87530,PSD,PARTIDO:PSD,MUÇUM,11,0,11,600,611,PSD,0.16671214188267394
2016,87530,PSDB,COLIGACAO:210000000256,MUÇUM,16,0,16,584,600,PSDB,0.16371077762619374
2016,87530,PT,COLIGACAO:210000000256,MUÇUM,2,0,2,91,93,PT,0.025375170532060027
2016,87548,PC do B,COLIGACAO:210000002603,RIO DOS ÍNDIOS,5,0,5,80,85,PC DO B,0.03257953238788808
2016,87548,PDT,PARTIDO:PDT,RIO DOS ÍNDIOS,51,0,51,686,737,PDT,0.28248371023380603
2016,87548,PMDB,COLIGACAO:210000002603,RIO DOS ÍNDIOS,1,0,1,132,133,PMDB,0.05097738597163664
2016,87548,PP,COLIGACAO:210000002603,RIO DOS ÍNDIOS,51,0,51,1261,1312,PP,0.5028746646224607
2016,87548,PPS,COLIGACAO:210000002603,RIO DOS ÍNDIOS,0,0,0,0,0,PPS,0.0
2016,87548,PT,PARTIDO:PT,RIO DOS ÍNDIOS,16,0,16,326,342,PT,0.1310847067842085
2016,87556,PC do B,COLIGACAO:210000000486,NÃO-ME-TOQUE,0,0,0,299,299,PC DO B,0.027829486224869696
2016,87556,PDT,COLIGACAO:210000000486,NÃO-ME-TOQUE,71,0,71,1720,1791,PDT,0.16669769173492183
2016,87556,PMDB,PARTIDO:PMDB,NÃO-ME-TOQUE,152,0,152,2973,3125,PMDB,0.2908600148920328
2016,87556,PP,COLIGACAO:210000000633,NÃO-ME-TOQUE,243,0,243,3573,3816,PP,0.35517498138495907
2016,87556,PR,COLIGACAO:210000000486,NÃO-ME-TOQUE,6,0,6,0,6,PR,0.0005584512285927029
2016,87556,PSB,COLIGACAO:210000000633,NÃO-ME-TOQUE,2,0,2,293,295,PSB,0.027457185405807893
2016,87556,PSD,COLIGACAO:210000000633,NÃO-ME-TOQUE,8,0,8,280,288,PSD,0.02680565897244974
2016,87556,PSDB,COLIGACAO:210000000633,NÃO-ME-TOQUE,6,0,6,134,140,PSDB,0.013030528667163067
2016,87556,PT,COLIGACAO:210000000633,NÃO-ME-TOQUE,2,0,2,352,354,PT,0.03294862248696947
2016,87556,PTB,COLIGACAO:210000000633,NÃO-ME-TOQUE,14,0,14,616,630,PTB,0.05863737900223381
2016,87564,PDT,COLIGACAO:210000000702,SAGRADA FAMÍLIA,18,0,18,634,652,PDT,0.31270983213429254
2016,87564,PMDB,COLIGACAO:210000000702,SAGRADA FAMÍLIA,22,0,22,83,105,PMDB,0.050359712230215826
2016,87564,PP,COLIGACAO:210000001611,SAGRADA FAMÍLIA,10,0,10,344,354,PP,0.1697841726618705
2016,87564,PPS,COLIGACAO:210000001611,SAGRADA FAMÍLIA,6,0,6,109,115,PPS,0.05515587529976019
2016,87564,PSB,COLIGACAO:210000000702,SAGRADA FAMÍLIA,2,0,2,64,66,PSB,0.031654676258992806
2016,87564,PT,COLIGACAO:210000001611,SAGRADA FAMÍLIA,31,0,31,595,626,PT,0.30023980815347723
2016,87564,PTB,COLIGACAO:210000000702,SAGRADA FAMÍLIA,5,0,5,162,167,PTB,0.08009592326139088
2016,87572,PC do B,COLIGACAO:210000000963,NONOAI,3,0,3,269,272,PC DO B,0.03571897570584373
2016,87572,PDT,COLIGACAO:210000000963,NONOAI,173,0,173,1717,1890,PDT,0.24819435325016415
2016,87572,PMDB,COLIGACAO:210000001138,NONOAI,18,0,18,682,700,PMDB,0.09192383453709783
2016,87572,PP,COLIGACAO:210000001138,NONOAI,211,0,211,2889,3100,PP,0.407091267235719
2016,87572,PPS,COLIGACAO:210000001138,NONOAI,1,0,1,0,1,PPS,0.0001313197636244255
2016,87572,PR,COLIGACAO:210000001138,NONOAI,12,0,12,0,12,PR,0.0015758371634931056
2016,87572,PSB,COLIGACAO:210000001138,NONOAI,1,0,1,35,36,PSB,0.004727511490479317
2016,87572,PSC,COLIGACAO:210000001138,NONOAI,9,0,9,548,557,PSC,0.07314510833880498
2016,87572,PSDB,COLIGACAO:210000001138,NONOAI,9,0,9,134,143,PSDB,0.018778726198292843
2016,87572,PT,COLIGACAO:210000000963,NONOAI,26,0,26,790,816,PT,0.10715692711753119
2016,87572,PTB,COLIGACAO:210000001138,NONOAI,8,0,8,80,88,PTB,0.011556139198949442
2016,87580,PDT,COLIGACAO:210000000858,SALVADOR DAS MISSÕES,5,0,5,132,137,PDT,0.060114085125054846
2016,87580,PMDB,COLIGACAO:210000001437,SALVADOR DAS MISSÕES,14,0,14,263,277,PMDB,0.12154453707766565
2016,87580,PP,COLIGACAO:210000001437,SALVADOR DAS MISSÕES,13,0,13,896,909,PP,0.3988591487494515
2016,87580,PSB,COLIGACAO:210000000858,SALVADOR DAS MISSÕES,4,0,4,405,409,PSB,0.17946467749012726
2016,87580,PSDB,COLIGACAO:210000001437,SALVADOR DAS MISSÕES,0,0,0,0,0,PSDB,0.0
2016,87580,PT,COLIGACAO:210000000858,SALVADOR DAS MISSÕES,17,0,17,530,547,PT,0.24001755155770074
2016,87599,DEM,COLIGACAO:210000000392,NOVA ARAÇÁ,3,0,3,502,505,DEM,0.15344879975691278
2016,87599,PMDB,COLIGACAO:210000000949,NOVA ARAÇÁ,25,0,25,1396,1421,PMDB,0.4317836523852932
2016,87599,PP,COLIGACAO:210000000392,NOVA ARAÇÁ,13,0,13,323,336,PP,0.10209662716499544
2016,87599,PSDB,COLIGACAO:210000000392,NOVA ARAÇÁ,34,0,34,648,682,PSDB,0.20723184442418718
2016,87599,PT,COLIGACAO:210000000949,NOVA ARAÇÁ,1,0,1,8,9,PT,0.0027347310847766638
2016,87599,PTB,COLIGACAO:210000000949,NOVA ARAÇÁ,49,0,49,289,338,PTB,0.1027043451838347
2016,87602,PDT,COLIGACAO:210000000153,SANTA CLARA DO SUL,12,0,12,486,498,PDT,0.10776888119454664
2016,87602,PMDB,COLIGACAO:210000000090,SANTA CLARA DO SUL,69,0,69,1892,1961,PMDB,0.42436702012551397
2016,87602,PP,COLIGACAO:210000000153,SANTA CLARA DO SUL,21,0,21,1101,1122,PP,0.24280458775156893
2016,87602,PSDB,COLIGACAO:210000000153,SANTA CLARA DO SUL,50,0,50,119,169,PSDB,0.036572170525860204
2016,87602,PT,COLIGACAO:210000000153,SANTA CLARA DO SUL,6,0,6,288,294,PT,0.06362259251244319
2016,87602,PTB,COLIGACAO:210000000090,SANTA CLARA DO SUL,10,0,10,567,577,PTB,0.12486474789006709
2016,87610,DEM,COLIGACAO:210000001442,NOVA BASSANO,1,0,1,0,1,DEM,0.00016914749661705008
2016,87610,PC do B,COLIGACAO:210000001390,NOVA BASSANO,2,0,2,296,298,PC DO B,0.05040595399188092
2016,87610,PDT,COLIGACAO:210000001442,NOVA BASSANO,31,0,31,1196,1227,PDT,0.20754397834912044
2016,87610,PMDB,COLIGACAO:210000001390,NOVA BASSANO,90,0,90,2161,2251,PMDB,0.3807510148849797
2016,87610,PP,COLIGACAO:210000001442,NOVA BASSANO,67,0,67,666,733,PP,0.1239851150202977
2016,87610,PSB,COLIGACAO:210000001442,NOVA BASSANO,0,0,0,80,80,PSB,0.013531799729364006
2016,87610,PT,PARTIDO:PT,NOVA BASSANO,8,0,8,814,822,PT,0.13903924221921515
2016,87610,PTB,COLIGACAO:210000001442,NOVA BASSANO,6,0,6,494,500,PTB,0.08457374830852503
2016,87629,PDT,COLIGACAO:210000000807,SANTA TEREZA,3,0,3,383,386,PDT,0.2526178010471204
2016,87629,PMDB,COLIGACAO:210000000791,SANTA TEREZA,32,0,32,595,627,PMDB,0.41034031413612565
2016,87629,PSD,COLIGACAO:210000000807,SANTA TEREZA,19,0,19,242,261,PSD,0.17081151832460734
2016,87629,PSDB,COLIGACAO:210000000791,SANTA TEREZA,3,0,3,206,209,PSDB,0.13678010471204188
2016,87629,PT,COLIGACAO:210000000807,SANTA TEREZA,1,0,1,44,45,PT,0.029450261780104712
2016,87629,PTB,COLIGACAO:210000000807,SANTA TEREZA,0,0,0,0,0,PTB,0.0
2016,87637,PDT,COLIGACAO:210000001392,NOVA BRÉSCIA,35,0,35,630,665,PDT,0.2633663366336634
2016,87637,PMDB,COLIGACAO:210000001392,NOVA BRÉSCIA,7,0,7,399,406,PMDB,0.1607920792079208
2016,87637,PP,PARTIDO:PP,NOVA BRÉSCIA,33,0,33,1255,1288,PP,0.5100990099009901
2016,87637,PSDB,COLIGACAO:210000001392,NOVA BRÉSCIA,1,0,1,165,166,PSDB,0.06574257425742575
2016,87645,PDT,COLIGACAO:210000001029,SANTO ANTÔNIO DO PALMA,19,0,19,171,190,PDT,0.10734463276836158
2016,87645,PMDB,COLIGACAO:210000001122,SANTO ANTÔNIO DO PALMA,9,0,9,355,364,PMDB,0.20564971751412428
2016,87645,PP,COLIGACAO:210000001122,SANTO ANTÔNIO DO PALMA,25,154,179,292,471,PP,0.26610169491525426
2016,87645,PSB,COLIGACAO:210000001029,SANTO ANTÔNIO DO PALMA,5,0,5,116,121,PSB,0.06836158192090395
2016,87645,PSDB,COLIGACAO:210000001029,SANTO ANTÔNIO DO PALMA,1,0,1,61,62,PSDB,0.03502824858757062
2016,87645,PT,COLIGACAO:210000001029,SANTO ANTÔNIO DO PALMA,4,0,4,445,449,PT,0.2536723163841808
2016,87645,PTB,COLIGACAO:210000001029,SANTO ANTÔNIO DO PALMA,1,0,1,65,66,PTB,0.03728813559322034
2016,87645,SD,COLIGACAO:210000001029,SANTO ANTÔNIO DO PALMA,0,0,0,47,47,SD,0.02655367231638418
2016,87653,PDT,COLIGACAO:210000002465,NOVA PALMA,7,0,7,385,392,PDT,0.08457389428263215
2016,87653,PMDB,COLIGACAO:210000002465,NOVA PALMA,81,0,81,1819,1900,PMDB,0.4099244875943905
2016,87653,PP,COLIGACAO:210000001223,NOVA PALMA,24,0,24,1367,1391,PP,0.30010787486515644
2016,87653,PSB,COLIGACAO:210000001223,NOVA PALMA,41,0,41,711,752,PSB,0.1622437971952535
2016,87653,PT,COLIGACAO:210000001223,NOVA PALMA,5,0,5,195,200,PT,0.043149946062567425
2016,87661,PDT,COLIGACAO:210000001121,SANTO ANTÔNIO DO PLANALTO,35,0,35,734,769,PDT,0.43594104308390025
2016,87661,PMDB,COLIGACAO:210000001121,SANTO ANTÔNIO DO PLANALTO,7,0,7,270,277,PMDB,0.15702947845804988
2016,87661,PP,COLIGACAO:210000001121,SANTO ANTÔNIO DO PLANALTO,5,0,5,290,295,PP,0.16723356009070295
2016,87661,PPS,COLIGACAO:210000002651,SANTO ANTÔNIO DO PLANALTO,2,0,2,52,54,PPS,0.030612244897959183
2016,87661,PSB,COLIGACAO:210000002651,SANTO ANTÔNIO DO PLANALTO,3,0,3,118,121,PSB,0.06859410430839002
2016,87661,PSDB,COLIGACAO:210000001121,SANTO ANTÔNIO DO PLANALTO,1,0,1,84,85,PSDB,0.0481859410430839
2016,87661,PTB,COLIGACAO:210000002651,SANTO ANTÔNIO DO PLANALTO,1,0,1,162,163,PTB,0.09240362811791383
2016,87670,PDT,PARTIDO:PDT,NOVA PETRÓPOLIS,51,0,51,2675,2726,PDT,0.19894905853160122
2016,87670,PMDB,PARTIDO:PMDB,NOVA PETRÓPOLIS,69,0,69,1363,1432,PMDB,0.10451029046854474
2016,87670,PP,PARTIDO:PP,NOVA PETRÓPOLIS,239,0,239,2448,2687,PP,0.19610275872135455
2016,87670,PRB,COLIGACAO:210000001016,NOVA PETRÓPOLIS,7,0,7,259,266,PRB,0.019413224346810684
2016,87670,PSB,PARTIDO:PSB,NOVA PETRÓPOLIS,36,0,36,2102,2138,PSB,0.15603561523865128
2016,87670,PSD,COLIGACAO:210000001016,NOVA PETRÓPOLIS,7,0,7,89,96,PSD,0.007006276455991826
2016,87670,PSDB,COLIGACAO:210000001016,NOVA PETRÓPOLIS,260,0,260,4097,4357,PSDB,0.3179827762370457
2016,87688,DEM,PARTIDO:DEM,SANTO EXPEDITO DO SUL,7,0,7,75,82,DEM,0.04190086867654573
2016,87688,PMDB,COLIGACAO:210000000355,SANTO EXPEDITO DO SUL,39,0,39,823,862,PMDB,0.44047010730710273
2016,87688,PP,COLIGACAO:210000000355,SANTO EXPEDITO DO SUL,9,0,9,286,295,PP,0.15074092999489014
2016,87688,PPS,COLIGACAO:210000000355,SANTO EXPEDITO DO SUL,1,0,1,0,1,PPS,0.000510986203372509
2016,87688,PSB,COLIGACAO:210000000355,SANTO EXPEDITO DO SUL,3,0,3,136,139,PSB,0.07102708226877874
2016,87688,PSDB,COLIGACAO:210000000355,SANTO EXPEDITO DO SUL,1,0,1,0,1,PSDB,0.000510986203372509
2016,87688,PT,COLIGACAO:210000002188,SANTO EXPEDITO DO SUL,28,0,28,447,475,PT,0.24271844660194175
2016,87688,PTB,COLIGACAO:210000002188,SANTO EXPEDITO DO SUL,2,0,2,100,102,PTB,0.052120592743995914
2016,87696,DEM,COLIGACAO:210000002209,NOVA PRATA,16,0,16,826,842,DEM,0.05302600919453366
2016,87696,PC do B,COLIGACAO:210000002434,NOVA PRATA,4,0,4,365,369,PC DO B,0.023238239183827697
2016,87696,PDT,PARTIDO:PDT,NOVA PRATA,52,0,52,1774,1826,PDT,0.11499464701807419
2016,87696,PMDB,COLIGACAO:210000001208,NOVA PRATA,37,0,37,1486,1523,PMDB,0.09591284085899617
2016,87696,PP,COLIGACAO:210000002434,NOVA PRATA,26,0,26,1550,1576,PP,0.09925058253038604
2016,87696,PPS,COLIGACAO:210000001201,NOVA PRATA,4,0,4,30,34,PPS,0.0021411927703255873
2016,87696,PR,COLIGACAO:210000001208,NOVA PRATA,10,0,10,48,58,PR,0.003652622961143649
2016,87696,PRB,COLIGACAO:210000001208,NOVA PRATA,15,0,15,980,995,PRB,0.0626613766609988
2016,87696,PSB,COLIGACAO:210000002209,NOVA PRATA,234,0,234,2068,2302,PSB,0.1449713458026324
2016,87696,PSC,COLIGACAO:210000002434,NOVA PRATA,2,0,2,118,120,PSC,0.007557150954090308
2016,87696,PSD,PARTIDO:PSD,NOVA PRATA,221,0,221,2658,2879,PSD,0.18130864664021665
2016,87696,PSDB,COLIGACAO:210000001201,NOVA PRATA,14,0,14,514,528,PSDB,0.033251464197997356
2016,87696,PT,PARTIDO:PT,NOVA PRATA,33,0,33,957,990,PT,0.06234649537124504
2016,87696,PT do B,COLIGACAO:210000001201,NOVA PRATA,11,0,11,347,358,PT DO B,0.02254550034636942
2016,87696,PTB,COLIGACAO:210000002434,NOVA PRATA,11,0,11,666,677,PTB,0.04263492663265949
2016,87696,PV,COLIGACAO:210000001208,NOVA PRATA,4,0,4,559,563,PV,0.035455633226273695
2016,87696,REDE,COLIGACAO:210000001201,NOVA PRATA,8,0,8,231,239,REDE,0.015051325650229864
2016,87700,PMDB,COLIGACAO:210000001083,SÃO JOÃO DO POLÊSINE,49,0,49,944,993,PMDB,0.4530109489051095
2016,87700,PP,COLIGACAO:210000002328,SÃO JOÃO DO POLÊSINE,50,0,50,987,1037,PP,0.47308394160583944
2016,87700,PSB,COLIGACAO:210000001083,SÃO JOÃO DO POLÊSINE,0,0,0,25,25,PSB,0.011405109489051095
2016,87700,PSD,COLIGACAO:210000002328,SÃO JOÃO DO POLÊSINE,2,0,2,80,82,PSD,0.037408759124087594
2016,87700,PSDB,COLIGACAO:210000001083,SÃO JOÃO DO POLÊSINE,2,0,2,53,55,PSDB,0.02509124087591241
2016,87718,DEM,COLIGACAO:210000001202,NOVO HAMBURGO,54,0,54,100,154,DEM,0.001209303786534324
2016,87718,PC do B,COLIGACAO:210000000828,NOVO HAMBURGO,112,0,112,6836,6948,PC DO B,0.05456001758987326
2016,87718,PDT,PARTIDO:PDT,NOVO HAMBURGO,610,0,610,15929,16539,PDT,0.1298745151005921
2016,87718,PEN,COLIGACAO:210000000775,NOVO HAMBURGO,24,0,24,501,525,PEN,0.0041226265450033765
2016,87718,PHS,COLIGACAO:210000001202,NOVO HAMBURGO,20,0,20,140,160,PHS,0.0012564195184772196
2016,87718,PMDB,PARTIDO:PMDB,NOVO HAMBURGO,1744,0,1744,21367,23111,PMDB,0.18148194682204388
2016,87718,PMN,PARTIDO:PMN,NOVO HAMBURGO,72,0,72,88,160,PMN,0.0012564195184772196
2016,87718,PP,COLIGACAO:210000000776,NOVO HAMBURGO,842,0,842,18445,19287,PP,0.15145352033043832
2016,87718,PPS,COLIGACAO:210000001240,NOVO HAMBURGO,78,0,78,7099,7177,PPS,0.056358268025693777
2016,87718,PR,COLIGACAO:210000000656,NOVO HAMBURGO,83,0,83,2693,2776,PR,0.02179887864557976
2016,87718,PRB,COLIGACAO:210000001202,NOVO HAMBURGO,97,0,97,1684,1781,PRB,0.01398551976504955
2016,87718,PROS,COLIGACAO:210000001240,NOVO HAMBURGO,17,0,17,297,314,PROS,0.0024657233050115433
2016,87718,PSB,COLIGACAO:210000001240,NOVO HAMBURGO,47,0,47,771,818,PSB,0.006423444788214785
2016,87718,PSC,COLIGACAO:210000000775,NOVO HAMBURGO,35,0,35,1388,1423,PSC,0.01117428109245677
2016,87718,PSD,COLIGACAO:210000001240,NOVO HAMBURGO,38,0,38,1880,1918,PSD,0.01506132897774567
2016,87718,PSDB,PARTIDO:PSDB,NOVO HAMBURGO,1423,0,1423,7529,8952,PSDB,0.07029667205880043
2016,87718,PSDC,COLIGACAO:210000001202,NOVO HAMBURGO,13,0,13,36,49,PSDC,0.0003847784775336485
2016,87718,PSOL,PARTIDO:PSOL,NOVO HAMBURGO,180,0,180,499,679,PSOL,0.0053319303315377
2016,87718,PT,COLIGACAO:210000000656,NOVO HAMBURGO,1477,0,1477,12677,14154,PT,0.11114601165329104
2016,87718,PT do B,COLIGACAO:210000001240,NOVO HAMBURGO,14,0,14,883,897,PT DO B,0.007043801925462912
2016,87718,PTB,COLIGACAO:210000001202,NOVO HAMBURGO,161,0,161,5962,6123,PTB,0.04808160444772509
2016,87718,PTC,COLIGACAO:210000000828,NOVO HAMBURGO,26,0,26,998,1024,PTC,0.008041084918254206
2016,87718,PTN,COLIGACAO:210000001202,NOVO HAMBURGO,30,0,30,303,333,PTN,0.0026149231228307134
2016,87718,PV,PARTIDO:PV,NOVO HAMBURGO,959,0,959,2702,3661,PV,0.02874844910715688
2016,87718,REDE,COLIGACAO:210000001202,NOVO HAMBURGO,76,0,76,5448,5524,REDE,0.043377883875426
2016,87718,SD,COLIGACAO:210000000776,NOVO HAMBURGO,22,0,22,2837,2859,SD,0.022450646270789815
2016,87726,PDT,COLIGACAO:210000002540,SÃO JOSÉ DOS AUSENTES,8,0,8,0,8,PDT,0.0029906542056074765
2016,87726,PMDB,PARTIDO:PMDB,SÃO JOSÉ DOS AUSENTES,48,0,48,1174,1222,PMDB,0.45682242990654204
2016,87726,PP,COLIGACAO:210000002540,SÃO JOSÉ DOS AUSENTES,10,0,10,279,289,PP,0.1080373831775701
2016,87726,PSDB,COLIGACAO:210000002540,SÃO JOSÉ DOS AUSENTES,8,0,8,518,526,PSDB,0.1966355140186916
2016,87726,PT,COLIGACAO:210000002540,SÃO JOSÉ DOS AUSENTES,53,0,53,577,630,PT,0.23551401869158878
2016,87734,DEM,COLIGACAO:210000000655,OSÓRIO,7,0,7,389,396,DEM,0.014556682840758712
2016,87734,PDT,COLIGACAO:210000000904,OSÓRIO,789,0,789,10204,10993,PDT,0.404094986031466
2016,87734,PHS,COLIGACAO:210000000663,OSÓRIO,6,0,6,313,319,PHS,0.011726216732833406
2016,87734,PMDB,COLIGACAO:210000000655,OSÓRIO,635,0,635,8910,9545,PMDB,0.35086751948242906
2016,87734,PP,COLIGACAO:210000000916,OSÓRIO,94,0,94,1800,1894,PP,0.06962211439494193
2016,87734,PPS,COLIGACAO:210000000663,OSÓRIO,6,0,6,417,423,PPS,0.015549183943537714
2016,87734,PR,COLIGACAO:210000000904,OSÓRIO,13,0,13,60,73,PR,0.002683428907513601
2016,87734,PRB,COLIGACAO:210000000663,OSÓRIO,21,0,21,468,489,PRB,0.017975297750330833
2016,87734,PSB,COLIGACAO:210000000663,OSÓRIO,8,0,8,267,275,PSB,0.010108807528304661
2016,87734,PSD,COLIGACAO:210000000663,OSÓRIO,9,0,9,265,274,PSD,0.010072048228201735
2016,87734,PSDB,COLIGACAO:210000000916,OSÓRIO,44,0,44,1850,1894,PSDB,0.06962211439494193
2016,87734,PT,COLIGACAO:210000000916,OSÓRIO,39,0,39,590,629,PT,0.02312159976474048
2016,87742,PDT,PARTIDO:PDT,SÃO JOSÉ DO INHACORÁ,31,0,31,942,973,PDT,0.4781326781326781
2016,87742,PMDB,COLIGACAO:210000001085,SÃO JOSÉ DO INHACORÁ,28,0,28,721,749,PMDB,0.36805896805896804
2016,87742,PP,COLIGACAO:210000001085,SÃO JOSÉ DO INHACORÁ,10,0,10,131,141,PP,0.06928746928746929
2016,87742,PT,COLIGACAO:210000001085,SÃO JOSÉ DO INHACORÁ,2,0,2,170,172,PT,0.08452088452088452
2016,87742,PTB,COLIGACAO:210000001085,SÃO JOSÉ DO INHACORÁ,0,0,0,0,0,PTB,0.0
2016,87750,PDT,COLIGACAO:210000000394,PAIM FILHO,60,0,60,654,714,PDT,0.20022434099831743
2016,87750,PMDB,COLIGACAO:210000000394,PAIM FILHO,24,0,24,1163,1187,PMDB,0.33286595625350535
2016,87750,PP,COLIGACAO:210000000407,PAIM FILHO,31,0,31,233,264,PP,0.07403252944475602
2016,87750,PT,COLIGACAO:210000000407,PAIM FILHO,70,0,70,1331,1401,PT,0.3928771733034212
2016,87769,PDT,COLIGACAO:210000002295,SÃO JOSÉ DAS MISSÕES,15,0,15,549,564,PDT,0.2896764252696456
2016,87769,PMDB,COLIGACAO:210000002295,SÃO JOSÉ DAS MISSÕES,3,0,3,95,98,PMDB,0.050333846944016436
2016,87769,PP,COLIGACAO:210000002295,SÃO JOSÉ DAS MISSÕES,49,0,49,962,1011,PP,0.5192604006163328
2016,87769,PSB,COLIGACAO:210000002295,SÃO JOSÉ DAS MISSÕES,3,0,3,121,124,PSB,0.06368772470467386
2016,87769,PT,COLIGACAO:210000002295,SÃO JOSÉ DAS MISSÕES,7,0,7,143,150,PT,0.07704160246533127
2016,87777,PC do B,COLIGACAO:210000000195,PALMEIRA DAS MISSÕES,11,0,11,735,746,PC DO B,0.03605955143078113
2016,87777,PDT,COLIGACAO:210000000590,PALMEIRA DAS MISSÕES,505,0,505,5939,6444,PDT,0.3114849187935035
2016,87777,PMDB,COLIGACAO:210000000590,PALMEIRA DAS MISSÕES,53,0,53,1767,1820,PMDB,0.0879737045630317
2016,87777,PP,COLIGACAO:210000000590,PALMEIRA DAS MISSÕES,84,0,84,4149,4233,PP,0.20461136890951276
2016,87777,PSB,COLIGACAO:210000000195,PALMEIRA DAS MISSÕES,5,0,5,632,637,PSB,0.030790796597061097
2016,87777,PSC,COLIGACAO:210000000490,PALMEIRA DAS MISSÕES,42,0,42,1552,1594,PSC,0.07704949729311679
2016,87777,PSDB,PARTIDO:PSDB,PALMEIRA DAS MISSÕES,26,0,26,1818,1844,PSDB,0.0891337973704563
2016,87777,PT,COLIGACAO:210000000195,PALMEIRA DAS MISSÕES,351,0,351,2918,3269,PT,0.15801430781129158
2016,87777,PTN,COLIGACAO:210000000490,PALMEIRA DAS MISSÕES,2,0,2,99,101,PTN,0.004882057231245167
2016,87785,DEM,COLIGACAO:210000001094,SÃO MARTINHO DA SERRA,52,0,52,548,600,DEM,0.23032629558541268
2016,87785,PDT,COLIGACAO:210000001094,SÃO MARTINHO DA SERRA,1,0,1,44,45,PDT,0.01727447216890595
2016,87785,PMDB,COLIGACAO:210000001094,SÃO MARTINHO DA SERRA,6,0,6,62,68,PMDB,0.026103646833013437
2016,87785,PP,COLIGACAO:210000000274,SÃO MARTINHO DA SERRA,50,0,50,988,1038,PP,0.3984644913627639
2016,87785,PSB,COLIGACAO:210000000274,SÃO MARTINHO DA SERRA,3,0,3,291,294,PSB,0.1128598848368522
2016,87785,PSDB,COLIGACAO:210000001094,SÃO MARTINHO DA SERRA,8,0,8,207,215,PSDB,0.08253358925143954
2016,87785,PT,PARTIDO:PT,SÃO MARTINHO DA SERRA,6,0,6,339,345,PT,0.1324376199616123
2016,87793,PDT,COLIGACAO:210000001453,PALMITINHO,30,0,30,889,919,PDT,0.1698392164110146
2016,87793,PMDB,COLIGACAO:210000001453,PALMITINHO,142,0,142,1012,1154,PMDB,0.2132692663093698
2016,87793,PP,COLIGACAO:210000001453,PALMITINHO,48,0,48,1421,1469,PP,0.27148401404546296
2016,87793,PSDB,COLIGACAO:210000001453,PALMITINHO,0,0,0,0,0,PSDB,0.0
2016,87793,PT,COLIGACAO:210000001453,PALMITINHO,25,0,25,957,982,PT,0.18148216595823322
2016,87793,PTB,PARTIDO:PTB,PALMITINHO,95,0,95,792,887,PTB,0.16392533727591943
2016,87807,PDT,COLIGACAO:210000001139,SÃO PEDRO DA SERRA,5,0,5,82,87,PDT,0.03234200743494424
2016,87807,PMDB,COLIGACAO:210000000339,SÃO PEDRO DA SERRA,35,0,35,934,969,PMDB,0.36022304832713753
2016,87807,PP,COLIGACAO:210000001139,SÃO PEDRO DA SERRA,14,0,14,138,152,PP,0.05650557620817844
2016,87807,PSB,COLIGACAO:210000001139,SÃO PEDRO DA SERRA,1,0,1,0,1,PSB,0.0003717472118959108
2016,87807,PSDB,COLIGACAO:210000001139,SÃO PEDRO DA SERRA,6,0,6,293,299,PSDB,0.11115241635687732
2016,87807,PT,COLIGACAO:210000000339,SÃO PEDRO DA SERRA,2,0,2,286,288,PT,0.10706319702602231
2016,87807,PTB,COLIGACAO:210000001139,SÃO PEDRO DA SERRA,42,0,42,852,894,PTB,0.33234200743494424
2016,87815,DEM,COLIGACAO:210000000218,PANAMBI,13,0,13,565,578,DEM,0.023299875035272304
2016,87815,PC do B,COLIGACAO:210000000263,PANAMBI,3,0,3,131,134,PC DO B,0.00540170113274479
2016,87815,PDT,COLIGACAO:210000000426,PANAMBI,75,0,75,4292,4367,PDT,0.1760390212440037
2016,87815,PMDB,COLIGACAO:210000000426,PANAMBI,327,0,327,5297,5624,PMDB,0.22671020276534848
2016,87815,PP,COLIGACAO:210000000218,PANAMBI,492,0,492,4904,5396,PP,0.21751924859918573
2016,87815,PR,COLIGACAO:210000000218,PANAMBI,6,0,6,767,773,PR,0.031160559519490465
2016,87815,PRB,COLIGACAO:210000000426,PANAMBI,10,0,10,262,272,PRB,0.01096464707542226
2016,87815,PSB,COLIGACAO:210000000426,PANAMBI,18,0,18,847,865,PSB,0.03486919014794211
2016,87815,PSD,COLIGACAO:210000000218,PANAMBI,5,0,5,1233,1238,PSD,0.04990526867416455
2016,87815,PSDB,COLIGACAO:210000000218,PANAMBI,10,0,10,800,810,PSDB,0.03265207401136776
2016,87815,PT,COLIGACAO:210000000263,PANAMBI,110,0,110,2410,2520,PT,0.10158423025758859
2016,87815,PTB,PARTIDO:PTB,PANAMBI,42,0,42,2188,2230,PTB,0.08989398153746926
2016,87823,PDT,COLIGACAO:210000002186,SÃO PEDRO DO BUTIÁ,8,0,8,395,403,PDT,0.18787878787878787
2016,87823,PMDB,COLIGACAO:210000000524,SÃO PEDRO DO BUTIÁ,9,0,9,231,240,PMDB,0.11188811188811189
2016,87823,PP,COLIGACAO:210000002186,SÃO PEDRO DO BUTIÁ,21,0,21,644,665,PP,0.31002331002331
2016,87823,PT,COLIGACAO:210000000524,SÃO PEDRO DO BUTIÁ,33,0,33,742,775,PT,0.3613053613053613
2016,87823,PTB,COLIGACAO:210000000524,SÃO PEDRO DO BUTIÁ,2,0,2,60,62,PTB,0.028904428904428906
2016,87831,PC do B,COLIGACAO:210000000396,PARAÍ,1,0,1,40,41,PC DO B,0.007426190907444304
2016,87831,PDT,COLIGACAO:210000000396,PARAÍ,8,0,8,287,295,PDT,0.05343234921209926
2016,87831,PMDB,COLIGACAO:210000000936,PARAÍ,110,0,110,2205,2315,PMDB,0.4193080963593552
2016,87831,PP,COLIGACAO:210000000396,PARAÍ,113,0,113,2271,2384,PP,0.43180583227676145
2016,87831,PT,COLIGACAO:210000000936,PARAÍ,6,0,6,363,369,PT,0.06683571816699874
2016,87831,PTB,COLIGACAO:210000000936,PARAÍ,6,0,6,111,117,PTB,0.02119181307734106
2016,87840,PDT,COLIGACAO:210000002546,SÃO VALENTIM DO SUL,7,0,7,477,484,PDT,0.2459349593495935
2016,87840,PMDB,COLIGACAO:210000001127,SÃO VALENTIM DO SUL,38,0,38,1089,1127,PMDB,0.5726626016260162
2016,87840,PSB,COLIGACAO:210000001127,SÃO VALENTIM DO SUL,0,0,0,113,113,PSB,0.05741869918699187
2016,87840,PSDB,COLIGACAO:210000001127,SÃO VALENTIM DO SUL,3,0,3,53,56,PSDB,0.028455284552845527
2016,87840,PTB,COLIGACAO:210000002546,SÃO VALENTIM DO SUL,16,0,16,172,188,PTB,0.09552845528455285
2016,87858,DEM,COLIGACAO:210000001580,PASSO FUNDO,156,0,156,9782,9938,DEM,0.08966400808401602
2016,87858,PC do B,PARTIDO:PC do B,PASSO FUNDO,80,0,80,8886,8966,PC DO B,0.080894294272619
2016,87858,PDT,COLIGACAO:210000002519,PASSO FUNDO,265,0,265,5346,5611,PDT,0.05062434588039987
2016,87858,PMDB,PARTIDO:PMDB,PASSO FUNDO,222,0,222,12546,12768,PMDB,0.11519722833736332
2016,87858,PP,COLIGACAO:210000002519,PASSO FUNDO,835,0,835,7185,8020,PP,0.07235916128333754
2016,87858,PPS,COLIGACAO:210000001068,PASSO FUNDO,79,0,79,4427,4506,PPS,0.04065466094048865
2016,87858,PR,COLIGACAO:210000002519,PASSO FUNDO,97,0,97,1806,1903,PR,0.017169511710996427
2016,87858,PRB,COLIGACAO:210000002571,PASSO FUNDO,65,0,65,3347,3412,PRB,0.030784221733010934
2016,87858,PROS,COLIGACAO:210000000397,PASSO FUNDO,4,0,4,27,31,PROS,0.00027969251867624237
2016,87858,PRTB,PARTIDO:PRTB,PASSO FUNDO,7,0,7,300,307,PRTB,0.002769858168826013
2016,87858,PSB,COLIGACAO:210000001068,PASSO FUNDO,1932,0,1932,16587,18519,PSB,0.16708470172146234
2016,87858,PSC,COLIGACAO:210000002571,PASSO FUNDO,57,0,57,3491,3548,PSC,0.032011259879461545
2016,87858,PSD,COLIGACAO:210000002571,PASSO FUNDO,55,0,55,3999,4054,PSD,0.03657656357140279
2016,87858,PSDB,COLIGACAO:210000001580,PASSO FUNDO,210,0,210,10193,10403,PSDB,0.09385939586415966
2016,87858,PSOL,PARTIDO:PSOL,PASSO FUNDO,70,0,70,779,849,PSOL,0.007659966076004186
2016,87858,PSTU,PARTIDO:PSTU,PASSO FUNDO,56,0,56,183,239,PSTU,0.002156339095600707
2016,87858,PT,PARTIDO:PT,PASSO FUNDO,408,0,408,3664,4072,PT,0.036738965679021254
2016,87858,PTB,COLIGACAO:210000001098,PASSO FUNDO,126,0,126,8821,8947,PTB,0.08072286982568841
2016,87858,PTC,COLIGACAO:210000001098,PASSO FUNDO,6,0,6,20,26,PTC,0.00023458082211555813
2016,87858,PV,COLIGACAO:210000000397,PASSO FUNDO,31,0,31,2345,2376,PV,0.02143707820563716
2016,87858,REDE,COLIGACAO:210000002571,PASSO FUNDO,20,0,20,467,487,REDE,0.004393879245010646
2016,87858,SD,COLIGACAO:210000002571,PASSO FUNDO,32,0,32,1822,1854,SD,0.016727417084701723
2016,87866,PDT,COLIGACAO:210000001434,SÃO VALÉRIO DO SUL,17,0,17,490,507,PDT,0.2526158445440957
2016,87866,PMDB,COLIGACAO:210000001434,SÃO VALÉRIO DO SUL,8,0,8,243,251,PMDB,0.12506228201295466
2016,87866,PP,PARTIDO:PP,SÃO VALÉRIO DO SUL,31,0,31,866,897,PP,0.4469357249626308
2016,87866,PT,COLIGACAO:210000001434,SÃO VALÉRIO DO SUL,16,0,16,336,352,PT,0.1753861484803189
2016,87874,DEM,COLIGACAO:210000002379,PEDRO OSÓRIO,0,0,0,0,0,DEM,0.0
2016,87874,PDT,PARTIDO:PDT,PEDRO OSÓRIO,47,0,47,1605,1652,PDT,0.29038495341887854
2016,87874,PMDB,COLIGACAO:210000002379,PEDRO OSÓRIO,114,0,114,1072,1186,PMDB,0.2084724907716646
2016,87874,PP,COLIGACAO:210000002590,PEDRO OSÓRIO,11,0,11,164,175,PP,0.0307611179469151
2016,87874,PSB,COLIGACAO:210000002379,PEDRO OSÓRIO,8,0,8,264,272,PSB,0.04781156618034804
2016,87874,PSDB,COLIGACAO:210000002379,PEDRO OSÓRIO,4,0,4,277,281,PSDB,0.049393566531903674
2016,87874,PT,COLIGACAO:210000002590,PEDRO OSÓRIO,110,0,110,1454,1564,PT,0.27491650553700125
2016,87874,PTB,COLIGACAO:210000002379,PEDRO OSÓRIO,5,0,5,106,111,PTB,0.019511337669186148
2016,87874,SD,COLIGACAO:210000002379,PEDRO OSÓRIO,6,0,6,442,448,SD,0.07874846194410265
2016,87882,PDT,PARTIDO:PDT,SENTINELA DO SUL,54,0,54,690,744,PDT,0.21805392731535755
2016,87882,PMDB,PARTIDO:PMDB,SENTINELA DO SUL,77,0,77,1068,1145,PMDB,0.3355803048065651
2016,87882,PP,COLIGACAO:210000001325,SENTINELA DO SUL,85,0,85,1132,1217,PP,0.35668229777256744
2016,87882,PSDB,PARTIDO:PSDB,SENTINELA DO SUL,7,0,7,269,276,PSDB,0.08089097303634232
2016,87882,SD,COLIGACAO:210000001325,SENTINELA DO SUL,1,0,1,29,30,SD,0.008792497069167644
2016,87890,DEM,COLIGACAO:210000000323,PEJUÇARA,38,0,38,965,1003,DEM,0.37024732373569585
2016,87890,PDT,COLIGACAO:210000000323,PEJUÇARA,13,0,13,153,166,PDT,0.06127722406792174
2016,87890,PMDB,COLIGACAO:210000000323,PEJUÇARA,8,0,8,461,469,PMDB,0.1731266149870801
2016,87890,PP,COLIGACAO:210000000323,PEJUÇARA,14,0,14,486,500,PP,0.18456995201181248
2016,87890,PT,PARTIDO:PT,PEJUÇARA,12,0,12,559,571,PT,0.21077888519748986
2016,87904,PDT,COLIGACAO:210000001535,SÉRIO,34,0,34,543,577,PDT,0.3070782331027142
2016,87904,PMDB,COLIGACAO:210000000998,SÉRIO,35,0,35,598,633,PMDB,0.3368813198509846
2016,87904,PP,COLIGACAO:210000001535,SÉRIO,5,0,5,226,231,PP,0.12293773283661522
2016,87904,PSB,COLIGACAO:210000000998,SÉRIO,3,0,3,173,176,PSB,0.09366684406599254
2016,87904,PSDB,COLIGACAO:210000000998,SÉRIO,2,0,2,149,151,PSDB,0.08036189462480042
2016,87904,PT,COLIGACAO:210000000998,SÉRIO,2,0,2,109,111,PT,0.05907397551889303
2016,87912,DEM,COLIGACAO:210000002823,PELOTAS,265,0,265,12566,12831,DEM,0.07133485294935231
2016,87912,PC do B,COLIGACAO:210000002821,PELOTAS,57,0,57,2659,2716,PC DO B,0.015099794295880358
2016,87912,PDT,PARTIDO:PDT,PELOTAS,2971,0,2971,21202,24173,PDT,0.13439150497581587
2016,87912,PEN,PARTIDO:PEN,PELOTAS,93,0,93,517,610,PEN,0.003391338188691833
2016,87912,PHS,COLIGACAO:210000002823,PELOTAS,11,0,11,54,65,PHS,0.0003613721020737199
2016,87912,PMDB,COLIGACAO:210000002820,PELOTAS,348,0,348,6020,6368,PMDB,0.03540334686162228
2016,87912,PMN,PARTIDO:PMN,PELOTAS,61,0,61,863,924,PMN,0.005137043420247957
2016,87912,PP,COLIGACAO:210000002822,PELOTAS,284,0,284,6689,6973,PP,0.03876688719630844
2016,87912,PPS,COLIGACAO:210000002820,PELOTAS,148,0,148,4668,4816,PPS,0.026774892978262077
2016,87912,PR,COLIGACAO:210000002782,PELOTAS,69,0,69,2658,2727,PR,0.015160949574692833
2016,87912,PRB,COLIGACAO:210000002782,PELOTAS,189,0,189,7097,7286,PRB,0.04050703285706343
2016,87912,PROS,PARTIDO:PROS,PELOTAS,137,0,137,750,887,PROS,0.004931339300605993
2016,87912,PSB,PARTIDO:PSB,PELOTAS,361,0,361,21182,21543,PSB,0.11976983376883304
2016,87912,PSC,COLIGACAO:210000002817,PELOTAS,83,0,83,1043,1126,PSC,0.006260076722077056
2016,87912,PSD,COLIGACAO:210000002817,PELOTAS,117,0,117,5640,5757,PSD,0.03200644910212932
2016,87912,PSDB,COLIGACAO:210000002790,PELOTAS,5278,0,5278,26342,31620,PSDB,0.1757936287318619
2016,87912,PSOL,PARTIDO:PSOL,PELOTAS,1883,0,1883,7470,9353,PSOL,0.05199866570300773
2016,87912,PT,COLIGACAO:210000002821,PELOTAS,1495,0,1495,14767,16262,PT,0.09040974036804358
2016,87912,PT do B,PARTIDO:PT do B,PELOTAS,69,0,69,1862,1931,PT DO B,0.010735531216990049
2016,87912,PTB,COLIGACAO:210000002817,PELOTAS,419,0,419,18252,18671,PTB,0.10380274642797575
2016,87912,PTC,COLIGACAO:210000002823,PELOTAS,11,0,11,143,154,PTC,0.0008561739033746595
2016,87912,PTN,COLIGACAO:210000002822,PELOTAS,41,0,41,800,841,PTN,0.0046755990437538225
2016,87912,PV,COLIGACAO:210000002817,PELOTAS,32,0,32,337,369,PV,0.0020514816256185023
2016,87912,REDE,COLIGACAO:210000002822,PELOTAS,56,0,56,1230,1286,REDE,0.0071496080502585204
2016,87912,SD,COLIGACAO:210000002790,PELOTAS,13,0,13,568,581,SD,0.0032301106354589424
2016,87920,PDT,COLIGACAO:210000002282,SERTÃO SANTANA,110,0,110,846,956,PDT,0.21272808188696038
2016,87920,PMDB,COLIGACAO:210000000563,SERTÃO SANTANA,8,0,8,130,138,PMDB,0.030707610146862484
2016,87920,PP,COLIGACAO:210000000563,SERTÃO SANTANA,87,0,87,1737,1824,PP,0.40587449933244324
2016,87920,PSD,COLIGACAO:210000002282,SERTÃO SANTANA,0,0,0,121,121,PSD,0.026924788607031597
2016,87920,PSDB,COLIGACAO:210000002282,SERTÃO SANTANA,5,0,5,22,27,PSDB,0.006008010680907877
2016,87920,PT,COLIGACAO:210000002282,SERTÃO SANTANA,1,0,1,0,1,PT,0.00022251891410769915
2016,87920,PTB,PARTIDO:PTB,SERTÃO SANTANA,39,0,39,1388,1427,PTB,0.3175344904316867
2016,87939,DEM,COLIGACAO:210000000866,PINHEIRO MACHADO,2,0,2,54,56,DEM,0.0067106051527860994
2016,87939,PDT,COLIGACAO:210000000707,PINHEIRO MACHADO,187,0,187,2078,2265,PDT,0.27142001198322346
2016,87939,PMDB,COLIGACAO:210000000707,PINHEIRO MACHADO,13,0,13,604,617,PMDB,0.07393648891551828
2016,87939,PP,COLIGACAO:210000000210,PINHEIRO MACHADO,32,0,32,1435,1467,PP,0.17579388855602157
2016,87939,PR,COLIGACAO:210000001157,PINHEIRO MACHADO,28,0,28,65,93,PR,0.011144397843019772
2016,87939,PRB,COLIGACAO:210000000210,PINHEIRO MACHADO,4,0,4,97,101,PRB,0.012103055721989215
2016,87939,PSB,COLIGACAO:210000000210,PINHEIRO MACHADO,110,0,110,1191,1301,PSB,0.15590173756740563
2016,87939,PSDB,COLIGACAO:210000000866,PINHEIRO MACHADO,41,0,41,1606,1647,PSDB,0.19736369083283403
2016,87939,PT,COLIGACAO:210000000210,PINHEIRO MACHADO,11,0,11,603,614,PT,0.07357699221090473
2016,87939,PTB,COLIGACAO:210000001157,PINHEIRO MACHADO,5,0,5,145,150,PTB,0.017974835230677052
2016,87939,REDE,COLIGACAO:210000001157,PINHEIRO MACHADO,3,0,3,31,34,REDE,0.004074295985620132
2016,87947,DEM,COLIGACAO:210000001182,SINIMBU,77,0,77,1033,1110,DEM,0.17014101778050275
2016,87947,PDT,COLIGACAO:210000001191,SINIMBU,13,0,13,129,142,PDT,0.021765787860208462
2016,87947,PMDB,COLIGACAO:210000002653,SINIMBU,15,0,15,879,894,PMDB,0.13703249540159412
2016,87947,PP,COLIGACAO:210000001191,SINIMBU,93,0,93,1687,1780,PP,0.272838749233599
2016,87947,PSB,COLIGACAO:210000001182,SINIMBU,14,0,14,589,603,PSB,0.09242795830778663
2016,87947,PSDB,COLIGACAO:210000001191,SINIMBU,13,0,13,379,392,PSDB,0.060085836909871244
2016,87947,PT,COLIGACAO:210000002653,SINIMBU,7,0,7,409,416,PT,0.06376456161863887
2016,87947,PTB,PARTIDO:PTB,SINIMBU,86,0,86,1101,1187,PTB,0.1819435928877989
2016,87955,PDT,COLIGACAO:210000000176,PIRATINI,298,0,298,2967,3265,PDT,0.26292478660009666
2016,87955,PMDB,PARTIDO:PMDB,PIRATINI,302,0,302,4416,4718,PMDB,0.37993235625704624
2016,87955,PP,COLIGACAO:210000000176,PIRATINI,98,0,98,2988,3086,PP,0.2485102270897085
2016,87955,PSB,COLIGACAO:210000000176,PIRATINI,4,0,4,124,128,PSB,0.010307617973908842
2016,87955,PT,COLIGACAO:210000000176,PIRATINI,26,0,26,1195,1221,PT,0.09832501207923981
2016,87963,PC do B,PARTIDO:PC do B,TIRADENTES DO SUL,32,0,32,519,551,PC DO B,0.13267517457259811
2016,87963,PDT,COLIGACAO:210000001095,TIRADENTES DO SUL,10,0,10,181,191,PDT,0.04599084998796051
2016,87963,PMDB,COLIGACAO:210000001095,TIRADENTES DO SUL,44,0,44,729,773,PMDB,0.18613050806645798
2016,87963,PP,COLIGACAO:210000001526,TIRADENTES DO SUL,36,0,36,498,534,PP,0.12858174813387913
2016,87963,PSB,COLIGACAO:210000001526,TIRADENTES DO SUL,9,0,9,202,211,PSB,0.050806645798218156
2016,87963,PSDB,COLIGACAO:210000001526,TIRADENTES DO SUL,64,0,64,680,744,PSDB,0.1791476041415844
2016,87963,PT,PARTIDO:PT,TIRADENTES DO SUL,19,0,19,840,859,PT,0.20683843005056585
2016,87963,PTB,COLIGACAO:210000001095,TIRADENTES DO SUL,9,0,9,281,290,PTB,0.06982903924873585
2016,87971,PDT,COLIGACAO:210000000964,PLANALTO,147,0,147,2250,2397,PDT,0.3513117397039425
2016,87971,PMDB,COLIGACAO:210000002284,PLANALTO,88,0,88,259,347,PMDB,0.05085739410816356
2016,87971,PP,COLIGACAO:210000002284,PLANALTO,50,0,50,1618,1668,PP,0.24446724314817528
2016,87971,PSB,COLIGACAO:210000002284,PLANALTO,12,0,12,387,399,PSB,0.05847867506961747
2016,87971,PSDB,COLIGACAO:210000000964,PLANALTO,33,0,33,1357,1390,PSDB,0.2037227026234794
2016,87971,PT,COLIGACAO:210000000964,PLANALTO,11,0,11,532,543,PT,0.07958376080902829
2016,87971,PTB,COLIGACAO:210000002284,PLANALTO,5,0,5,74,79,PTB,0.011578484537593433
2016,87980,PMDB,COLIGACAO:210000001196,TRAVESSEIRO,20,0,20,423,443,PMDB,0.24790151091214327
2016,87980,PP,COLIGACAO:210000001196,TRAVESSEIRO,7,0,7,180,187,PP,0.10464465584778959
2016,87980,PSB,COLIGACAO:210000002241,TRAVESSEIRO,22,0,22,728,750,PSB,0.4196978175713486
2016,87980,PT,COLIGACAO:210000002241,TRAVESSEIRO,3,0,3,260,263,PT,0.14717403469501958
2016,87980,PTB,COLIGACAO:210000001196,TRAVESSEIRO,1,0,1,143,144,PTB,0.08058198097369894
2016,87998,PC do B,COLIGACAO:210000001161,PORTÃO,4,0,4,123,127,PC DO B,0.006927776565568405
2016,87998,PDT,PARTIDO:PDT,PORTÃO,335,0,335,2976,3311,PDT,0.1806131355007637
2016,87998,PMDB,COLIGACAO:210000001220,PORTÃO,321,0,321,4666,4987,PMDB,0.2720379663975562
2016,87998,PP,PARTIDO:PP,PORTÃO,307,0,307,2220,2527,PP,0.13784638882827843
2016,87998,PSB,COLIGACAO:210000001220,PORTÃO,15,0,15,1181,1196,PSB,0.06524110844425049
2016,87998,PSDB,COLIGACAO:210000001220,PORTÃO,16,0,16,155,171,PSDB,0.009327951123718089
2016,87998,PT,COLIGACAO:210000001161,PORTÃO,64,0,64,2156,2220,PT,0.12109971634300676
2016,87998,PTB,COLIGACAO:210000001220,PORTÃO,39,0,39,798,837,PTB,0.04565786602662012
2016,87998,SD,PARTIDO:SD,PORTÃO,24,0,24,2932,2956,SD,0.16124809077023783
2016,88005,PMDB,COLIGACAO:210000000728,TRÊS FORQUILHAS,19,0,19,425,444,PMDB,0.18063466232709519
2016,88005,PP,PARTIDO:PP,TRÊS FORQUILHAS,33,0,33,1110,1143,PP,0.4650122050447518
2016,88005,PSB,COLIGACAO:210000000728,TRÊS FORQUILHAS,1,0,1,170,171,PSB,0.06956875508543531
2016,88005,PSD,COLIGACAO:210000000728,TRÊS FORQUILHAS,7,0,7,483,490,PSD,0.19934906427990237
2016,88005,PTB,COLIGACAO:210000000728,TRÊS FORQUILHAS,2,0,2,208,210,PTB,0.0854353132628153
2016,88013,DEM,COLIGACAO:210000001516,PORTO ALEGRE,650,0,650,28043,28693,DEM,0.041331397342045294
2016,88013,NOVO,PARTIDO:NOVO,PORTO ALEGRE,3579,0,3579,26363,29942,NOVO,0.04313054400779006
2016,88013,PC do B,PARTIDO:PC do B,PORTO ALEGRE,432,0,432,15441,15873,PC DO B,0.02286457568083801
2016,88013,PCB,COLIGACAO:210000000495,PORTO ALEGRE,146,0,146,374,520,PCB,0.0007490442483485015
2016,88013,PDT,COLIGACAO:210000001169,PORTO ALEGRE,2928,0,2928,46495,49423,PDT,0.07119233439639998
2016,88013,PEN,PARTIDO:PEN,PORTO ALEGRE,190,0,190,6945,7135,PEN,0.010277751369166458
2016,88013,PHS,COLIGACAO:210000001516,PORTO ALEGRE,85,0,85,1704,1789,PHS,0.0025770003082605177
2016,88013,PMB,COLIGACAO:210000002189,PORTO ALEGRE,102,0,102,0,102,PMB,0.0001469279102529753
2016,88013,PMDB,COLIGACAO:210000001169,PORTO ALEGRE,14093,0,14093,72397,86490,PMDB,0.12458622507627287
2016,88013,PMN,PARTIDO:PMN,PORTO ALEGRE,266,1958,2224,0,2224,PMN,0.0032036046313982064
2016,88013,PP,COLIGACAO:210000002189,PORTO ALEGRE,1712,0,1712,55276,56988,PP,0.08208948774016231
2016,88013,PPL,COLIGACAO:210000000495,PORTO ALEGRE,156,0,156,1311,1467,PPL,0.0021131690621677916
2016,88013,PPS,COLIGACAO:210000002236,PORTO ALEGRE,377,0,377,18131,18508,PPS,0.026660213362373203
2016,88013,PR,COLIGACAO:210000002234,PORTO ALEGRE,402,0,402,13969,14371,PR,0.02070099017887753
2016,88013,PRB,COLIGACAO:210000001169,PORTO ALEGRE,486,0,486,18684,19170,PRB,0.02761380430930918
2016,88013,PROS,COLIGACAO:210000002236,PORTO ALEGRE,144,0,144,3723,3867,PROS,0.0055702963622377985
2016,88013,PRTB,COLIGACAO:210000002236,PORTO ALEGRE,41,0,41,840,881,PRTB,0.001269053813067365
2016,88013,PSB,COLIGACAO:210000001597,PORTO ALEGRE,773,0,773,44663,45436,PSB,0.06544918166915868
2016,88013,PSC,COLIGACAO:210000002234,PORTO ALEGRE,215,0,215,6927,7142,PSC,0.010287834657124996
2016,88013,PSD,COLIGACAO:210000001516,PORTO ALEGRE,454,0,454,16442,16896,PSD,0.024338176192492848
2016,88013,PSDB,COLIGACAO:210000002189,PORTO ALEGRE,12019,0,12019,19911,31930,PSDB,0.04599419778801472
2016,88013,PSDC,COLIGACAO:210000002236,PORTO ALEGRE,55,0,55,886,941,PSDC,0.0013554819955691152
2016,88013,PSL,PARTIDO:PSL,PORTO ALEGRE,719,0,719,1185,1904,PSL,0.0027426543247222055
2016,88013,PSOL,COLIGACAO:210000000495,PORTO ALEGRE,8049,0,8049,51429,59478,PSOL,0.08567625731398494
2016,88013,PSTU,PARTIDO:PSTU,PORTO ALEGRE,608,0,608,713,1321,PSTU,0.0019028604847468663
2016,88013,PT,PARTIDO:PT,PORTO ALEGRE,13883,0,13883,58136,72019,PT,0.10374118792655909
2016,88013,PT do B,COLIGACAO:210000002234,PORTO ALEGRE,154,0,154,1056,1210,PT DO B,0.0017429683471186285
2016,88013,PTB,PARTIDO:PTB,PORTO ALEGRE,6420,0,6420,68148,74568,PTB,0.10741294521317511
2016,88013,PTC,COLIGACAO:210000002189,PORTO ALEGRE,36,0,36,76,112,PTC,0.00016133260733660032
2016,88013,PTN,COLIGACAO:210000002236,PORTO ALEGRE,142,0,142,57,199,PTN,0.00028665347196413807
2016,88013,PV,PARTIDO:PV,PORTO ALEGRE,885,0,885,6655,7540,PV,0.010861141601053271
2016,88013,REDE,COLIGACAO:210000001597,PORTO ALEGRE,319,0,319,15282,15601,REDE,0.02247276792016341
2016,88013,SD,COLIGACAO:210000002234,PORTO ALEGRE,409,0,409,20069,20478,SD,0.029497938687847333
2016,88021,DEM,COLIGACAO:210000001075,TUPANCI DO SUL,14,0,14,215,229,DEM,0.18174603174603174
2016,88021,PDT,COLIGACAO:210000001192,TUPANCI DO SUL,7,0,7,154,161,PDT,0.12777777777777777
2016,88021,PP,COLIGACAO:210000001192,TUPANCI DO SUL,13,0,13,186,199,PP,0.15793650793650793
2016,88021,PRB,COLIGACAO:210000001224,TUPANCI DO SUL,3,0,3,168,171,PRB,0.1357142857142857
2016,88021,PSB,COLIGACAO:210000001075,TUPANCI DO SUL,2,0,2,40,42,PSB,0.03333333333333333
2016,88021,PSDB,COLIGACAO:210000001224,TUPANCI DO SUL,22,0,22,242,264,PSDB,0.20952380952380953
2016,88021,PTB,COLIGACAO:210000001192,TUPANCI DO SUL,4,0,4,190,194,PTB,0.15396825396825398
2016,88030,PDT,COLIGACAO:210000000814,PORTO LUCENA,73,0,73,622,695,PDT,0.19693964295834515
2016,88030,PMDB,COLIGACAO:210000000814,PORTO LUCENA,16,0,16,677,693,PMDB,0.1963729101728535
2016,88030,PP,COLIGACAO:210000000814,PORTO LUCENA,20,0,20,675,695,PP,0.19693964295834515
2016,88030,PPS,COLIGACAO:210000000513,PORTO LUCENA,3,0,3,126,129,PPS,0.03655426466421082
2016,88030,PT,COLIGACAO:210000000513,PORTO LUCENA,67,0,67,734,801,PT,0.2269764805894021
2016,88030,PTB,COLIGACAO:210000000513,PORTO LUCENA,13,0,13,503,516,PTB,0.14621705865684329
2016,88048,PDT,COLIGACAO:210000000375,UNIÃO DA SERRA,3,0,3,0,3,PDT,0.0021337126600284497
2016,88048,PMDB,COLIGACAO:210000000796,UNIÃO DA SERRA,5,0,5,380,385,PMDB,0.27382645803698435
2016,88048,PT,COLIGACAO:210000000796,UNIÃO DA SERRA,30,0,30,476,506,PT,0.35988620199146515
2016,88048,PTB,COLIGACAO:210000000375,UNIÃO DA SERRA,29,0,29,483,512,PTB,0.36415362731152207
2016,88056,PDT,COLIGACAO:210000000911,PORTO XAVIER,17,0,17,144,161,PDT,0.024393939393939395
2016,88056,PMDB,COLIGACAO:210000000911,PORTO XAVIER,125,0,125,2199,2324,PMDB,0.3521212121212121
2016,88056,PP,COLIGACAO:210000000319,PORTO XAVIER,135,0,135,3464,3599,PP,0.5453030303030303
2016,88056,PSDB,COLIGACAO:210000000319,PORTO XAVIER,4,0,4,124,128,PSDB,0.019393939393939394
2016,88056,PT,COLIGACAO:210000000911,PORTO XAVIER,12,0,12,376,388,PT,0.058787878787878785
2016,88064,PMDB,COLIGACAO:210000002697,VALE DO SOL,15,0,15,452,467,PMDB,0.06535124545200112
2016,88064,PP,PARTIDO:PP,VALE DO SOL,222,0,222,4661,4883,PP,0.6833193394906242
2016,88064,PT,PARTIDO:PT,VALE DO SOL,64,0,64,906,970,PT,0.1357402742793171
2016,88064,PTB,COLIGACAO:210000002697,VALE DO SOL,21,0,21,805,826,PTB,0.11558914077805765
2016,88072,PDT,COLIGACAO:210000001142,PUTINGA,21,0,21,243,264,PDT,0.08153180975911056
2016,88072,PMDB,COLIGACAO:210000001142,PUTINGA,26,0,26,701,727,PMDB,0.22452130945027796
2016,88072,PP,COLIGACAO:210000001142,PUTINGA,69,0,69,1325,1394,PP,0.4305126621371217
2016,88072,PSB,PARTIDO:PSB,PUTINGA,28,0,28,514,542,PSB,0.16738727609635579
2016,88072,PSDB,COLIGACAO:210000001142,PUTINGA,3,0,3,118,121,PSDB,0.03736874613959234
2016,88072,PTB,COLIGACAO:210000001142,PUTINGA,8,0,8,182,190,PTB,0.05867819641754169
2016,88080,PC do B,COLIGACAO:210000000328,VALE REAL,4,0,4,149,153,PC DO B,0.037144938091769844
2016,88080,PDT,COLIGACAO:210000000328,VALE REAL,14,0,14,673,687,PDT,0.16678805535324107
2016,88080,PMDB,COLIGACAO:210000002433,VALE REAL,17,0,17,497,514,PMDB,0.12478756979849479
2016,88080,PP,COLIGACAO:210000000328,VALE REAL,16,0,16,670,686,PP,0.16654527798009225
2016,88080,PSB,COLIGACAO:210000002433,VALE REAL,21,0,21,105,126,PSB,0.03058994901675164
2016,88080,PSD,COLIGACAO:210000000328,VALE REAL,4,0,4,168,172,PSD,0.04175770818159748
2016,88080,PSDB,COLIGACAO:210000002433,VALE REAL,12,0,12,919,931,PSDB,0.22602573440155377
2016,88080,PT,COLIGACAO:210000000328,VALE REAL,60,0,60,649,709,PT,0.17212915756251518
2016,88080,PTB,COLIGACAO:210000002433,VALE REAL,1,0,1,140,141,PTB,0.03423160961398398
2016,88099,DEM,COLIGACAO:210000001369,QUARAÍ,22,0,22,1139,1161,DEM,0.08316618911174785
2016,88099,PDT,COLIGACAO:210000001404,QUARAÍ,37,0,37,188,225,PDT,0.016117478510028652
2016,88099,PMDB,COLIGACAO:210000001165,QUARAÍ,14,0,14,472,486,PMDB,0.03481375358166189
2016,88099,PP,COLIGACAO:210000000515,QUARAÍ,55,0,55,1638,1693,PP,0.12127507163323782
2016,88099,PPS,COLIGACAO:210000002395,QUARAÍ,6,0,6,621,627,PPS,0.04491404011461318
2016,88099,PR,COLIGACAO:210000001415,QUARAÍ,13,0,13,14,27,PR,0.0019340974212034383
2016,88099,PRB,COLIGACAO:210000001404,QUARAÍ,8,0,8,100,108,PRB,0.007736389684813753
2016,88099,PSB,COLIGACAO:210000001404,QUARAÍ,5,0,5,233,238,PSB,0.017048710601719197
2016,88099,PSC,COLIGACAO:210000000515,QUARAÍ,7,0,7,263,270,PSC,0.019340974212034383
2016,88099,PSD,COLIGACAO:210000002395,QUARAÍ,22,0,22,1477,1499,PSD,0.107378223495702
2016,88099,PSDB,COLIGACAO:210000001165,QUARAÍ,132,0,132,1001,1133,PSDB,0.08116045845272206
2016,88099,PT,COLIGACAO:210000001404,QUARAÍ,24,0,24,1657,1681,PT,0.12041547277936963
2016,88099,PTB,COLIGACAO:210000001369,QUARAÍ,27,0,27,1150,1177,PTB,0.08431232091690545
2016,88099,PTN,COLIGACAO:210000001404,QUARAÍ,1,0,1,37,38,PTN,0.0027220630372492838
2016,88099,REDE,COLIGACAO:210000002395,QUARAÍ,10,0,10,511,521,REDE,0.037320916905444125
2016,88099,SD,COLIGACAO:210000001415,QUARAÍ,211,0,211,2865,3076,SD,0.22034383954154727
2016,88102,DEM,COLIGACAO:210000002267,VILA NOVA DO SUL,45,0,45,438,483,DEM,0.15207808564231737
2016,88102,PDT,COLIGACAO:210000002267,VILA NOVA DO SUL,23,0,23,889,912,PDT,0.2871536523929471
2016,88102,PMDB,COLIGACAO:210000000194,VILA NOVA DO SUL,52,0,52,1093,1145,PMDB,0.36051637279596976
2016,88102,PP,COLIGACAO:210000000194,VILA NOVA DO SUL,19,0,19,596,615,PP,0.193639798488665
2016,88102,PSB,COLIGACAO:210000000194,VILA NOVA DO SUL,1,0,1,20,21,PSB,0.006612090680100755
2016,88110,PC do B,COLIGACAO:210000002671,REDENTORA,14,0,14,175,189,PC DO B,0.03924418604651163
2016,88110,PDT,COLIGACAO:210000001388,REDENTORA,23,0,23,640,663,PDT,0.13766611295681064
2016,88110,PMDB,PARTIDO:PMDB,REDENTORA,122,0,122,1775,1897,PMDB,0.3938953488372093
2016,88110,PP,COLIGACAO:210000002671,REDENTORA,27,0,27,372,399,PP,0.08284883720930232
2016,88110,PSB,COLIGACAO:210000002671,REDENTORA,10,0,10,255,265,PSB,0.055024916943521594
2016,88110,PSDB,COLIGACAO:210000002671,REDENTORA,92,0,92,587,679,PSDB,0.14098837209302326
2016,88110,PT,COLIGACAO:210000001388,REDENTORA,17,0,17,600,617,PT,0.12811461794019935
2016,88110,PTB,COLIGACAO:210000002671,REDENTORA,8,0,8,99,107,PTB,0.022217607973421927
2016,88129,PDT,COLIGACAO:210000000770,VITÓRIA DAS MISSÕES,52,0,52,762,814,PDT,0.2682926829268293
2016,88129,PMDB,COLIGACAO:210000001163,VITÓRIA DAS MISSÕES,13,0,13,321,334,PMDB,0.11008569545154911
2016,88129,PP,COLIGACAO:210000000770,VITÓRIA DAS MISSÕES,20,0,20,556,576,PP,0.18984838497033618
2016,88129,PPS,COLIGACAO:210000001163,VITÓRIA DAS MISSÕES,3,0,3,68,71,PPS,0.023401450230718525
2016,88129,PSDB,COLIGACAO:210000000770,VITÓRIA DAS MISSÕES,2,0,2,113,115,PSDB,0.03790375741595254
2016,88129,PT,COLIGACAO:210000001163,VITÓRIA DAS MISSÕES,51,0,51,771,822,PT,0.27092946605141727
2016,88129,PTB,COLIGACAO:210000000770,VITÓRIA DAS MISSÕES,14,0,14,288,302,PTB,0.0995385629531971
2016,88137,DEM,COLIGACAO:210000001444,RESTINGA SÊCA,1,0,1,48,49,DEM,0.0045253047654229776
2016,88137,PDT,COLIGACAO:210000000962,RESTINGA SÊCA,62,0,62,2329,2391,PDT,0.2208164019209457
2016,88137,PMDB,COLIGACAO:210000001444,RESTINGA SÊCA,276,0,276,5651,5927,PMDB,0.5473771702992243
2016,88137,PP,COLIGACAO:210000000869,RESTINGA SÊCA,145,0,145,1122,1267,PP,0.11701145179165127
2016,88137,PSB,COLIGACAO:210000000962,RESTINGA SÊCA,6,0,6,332,338,PSB,0.031215367565570744
2016,88137,PSDB,COLIGACAO:210000000869,RESTINGA SÊCA,11,0,11,723,734,PSDB,0.06778721832286665
2016,88137,PTB,COLIGACAO:210000001444,RESTINGA SÊCA,5,0,5,117,122,PTB,0.011267085334318434
2016,88145,PC do B,COLIGACAO:210000002251,XANGRI-LÁ,5,0,5,317,322,PC DO B,0.03907292804271326
2016,88145,PDT,COLIGACAO:210000000955,XANGRI-LÁ,121,0,121,2178,2299,PDT,0.2789709986652105
2016,88145,PMDB,COLIGACAO:210000002249,XANGRI-LÁ,63,0,63,907,970,PMDB,0.11770416211624803
2016,88145,PP,PARTIDO:PP,XANGRI-LÁ,15,0,15,1138,1153,PP,0.13991020507219998
2016,88145,PPS,COLIGACAO:210000002251,XANGRI-LÁ,2,0,2,0,2,PPS,0.00024268899405411964
2016,88145,PRB,COLIGACAO:210000002251,XANGRI-LÁ,2,0,2,96,98,PRB,0.011891760708651862
2016,88145,PSB,COLIGACAO:210000002249,XANGRI-LÁ,4,0,4,364,368,PSB,0.04465477490595802
2016,88145,PSC,COLIGACAO:210000002251,XANGRI-LÁ,5,0,5,526,531,PSC,0.06443392792136876
2016,88145,PSD,COLIGACAO:210000000744,XANGRI-LÁ,4,0,4,780,784,PSD,0.0951340856692149
2016,88145,PSDB,COLIGACAO:210000002249,XANGRI-LÁ,1,0,1,0,1,PSDB,0.00012134449702705982
2016,88145,PT,COLIGACAO:210000000955,XANGRI-LÁ,5,0,5,21,26,PT,0.0031549569227035555
2016,88145,PTB,COLIGACAO:210000000744,XANGRI-LÁ,87,0,87,1473,1560,PTB,0.1892974153622133
2016,88145,PTN,COLIGACAO:210000000744,XANGRI-LÁ,1,0,1,0,1,PTN,0.00012134449702705982
2016,88145,SD,COLIGACAO:210000002249,XANGRI-LÁ,2,0,2,124,126,SD,0.015289406625409537
2016,88153,PC do B,PARTIDO:PC do B,RIO GRANDE,101,0,101,4747,4848,PC DO B,0.04368118501432613
2016,88153,PDT,PARTIDO:PDT,RIO GRANDE,226,0,226,3612,3838,PDT,0.03458093813634152
2016,88153,PEN,PARTIDO:PEN,RIO GRANDE,174,0,174,9806,9980,PEN,0.08992125132899645
2016,88153,PHS,COLIGACAO:210000000197,RIO GRANDE,23,0,23,74,97,PHS,0.0008739841061034725
2016,88153,PMDB,PARTIDO:PMDB,RIO GRANDE,1272,0,1272,16461,17733,PMDB,0.15977690879930803
2016,88153,PMN,COLIGACAO:210000000802,RIO GRANDE,14,0,14,99,113,PMN,0.0010181464328834267
2016,88153,PP,COLIGACAO:210000000533,RIO GRANDE,677,0,677,3360,4037,PP,0.0363739570756672
2016,88153,PPS,PARTIDO:PPS,RIO GRANDE,137,0,137,9002,9139,PPS,0.0823437190276251
2016,88153,PR,COLIGACAO:210000000802,RIO GRANDE,110,0,110,3022,3132,PR,0.02821977546717604
2016,88153,PRB,PARTIDO:PRB,RIO GRANDE,77,0,77,6640,6717,PRB,0.06052114681130953
2016,88153,PROS,PARTIDO:PROS,RIO GRANDE,59,0,59,3611,3670,PROS,0.033067233705152
2016,88153,PSB,COLIGACAO:210000000197,RIO GRANDE,277,0,277,6601,6878,PSB,0.06197178022453283
2016,88153,PSC,COLIGACAO:210000000533,RIO GRANDE,30,0,30,394,424,PSC,0.003820301659668787
2016,88153,PSD,COLIGACAO:210000002318,RIO GRANDE,67,0,67,1675,1742,PSD,0.015695673328167518
2016,88153,PSDB,PARTIDO:PSDB,RIO GRANDE,219,0,219,6366,6585,PSDB,0.05933180761537491
2016,88153,PSDC,PARTIDO:PSDC,RIO GRANDE,26,0,26,852,878,PSDC,0.007910907682049988
2016,88153,PSOL,PARTIDO:PSOL,RIO GRANDE,117,0,117,240,357,PSOL,0.003216621916277729
2016,88153,PT,PARTIDO:PT,RIO GRANDE,2717,0,2717,18612,21329,PT,0.19217739174310272
2016,88153,PT do B,COLIGACAO:210000002672,RIO GRANDE,22,0,22,644,666,PT DO B,0.006000756852215594
2016,88153,PTB,COLIGACAO:210000002318,RIO GRANDE,241,0,241,3671,3912,PTB,0.03524768889769881
2016,88153,PV,COLIGACAO:210000002672,RIO GRANDE,44,0,44,1294,1338,PV,0.012055574576973673
2016,88153,REDE,COLIGACAO:210000000802,RIO GRANDE,58,0,58,1950,2008,REDE,0.018092372010884254
2016,88153,SD,COLIGACAO:210000000533,RIO GRANDE,56,0,56,1509,1565,SD,0.014100877588164274
2016,88161,PDT,COLIGACAO:210000000161,BOA VISTA DO SUL,3,0,3,124,127,PDT,0.05587329520457545
2016,88161,PMDB,COLIGACAO:210000000161,BOA VISTA DO SUL,34,0,34,498,532,PMDB,0.23405191377034756
2016,88161,PSDB,PARTIDO:PSDB,BOA VISTA DO SUL,42,0,42,1050,1092,PSDB,0.4804223493180818
2016,88161,PTB,COLIGACAO:210000000161,BOA VISTA DO SUL,5,0,5,517,522,PTB,0.22965244170699517
2016,88170,DEM,COLIGACAO:210000002712,RIO PARDO,9,0,9,429,438,DEM,0.018019500555395564
2016,88170,PDT,PARTIDO:PDT,RIO PARDO,127,0,127,3727,3854,PDT,0.1585551487225902
2016,88170,PMDB,PARTIDO:PMDB,RIO PARDO,399,0,399,6667,7066,PMDB,0.290698152795491
2016,88170,PP,COLIGACAO:210000002712,RIO PARDO,86,0,86,1844,1930,PP,0.07940099559797589
2016,88170,PRB,COLIGACAO:210000002589,RIO PARDO,17,0,17,435,452,PRB,0.018595466326572593
2016,88170,PSB,COLIGACAO:210000002712,RIO PARDO,14,0,14,613,627,PSB,0.025795038466285433
2016,88170,PSC,COLIGACAO:210000002589,RIO PARDO,3,0,3,181,184,PSC,0.0075698358497552146
2016,88170,PSD,COLIGACAO:210000002589,RIO PARDO,16,0,16,286,302,PSD,0.012424404492533014
2016,88170,PSDB,COLIGACAO:210000002589,RIO PARDO,18,0,18,970,988,PSDB,0.04064672728020735
2016,88170,PSDC,COLIGACAO:210000002589,RIO PARDO,2,0,2,214,216,PSDC,0.00888632904101699
2016,88170,PT,PARTIDO:PT,RIO PARDO,58,0,58,1722,1780,PT,0.07322993376393631
2016,88170,PTB,PARTIDO:PTB,RIO PARDO,476,0,476,5989,6465,PTB,0.26597276504710576
2016,88170,SD,COLIGACAO:210000002589,RIO PARDO,5,0,5,0,5,SD,0.00020570206113465256
2016,88188,DEM,COLIGACAO:210000002482,DILERMANDO DE AGUIAR,3,0,3,372,375,DEM,0.15
2016,88188,PDT,COLIGACAO:210000000150,DILERMANDO DE AGUIAR,16,0,16,369,385,PDT,0.154
2016,88188,PMDB,COLIGACAO:210000002482,DILERMANDO DE AGUIAR,25,0,25,444,469,PMDB,0.1876
2016,88188,PP,COLIGACAO:210000002482,DILERMANDO DE AGUIAR,6,0,6,235,241,PP,0.0964
2016,88188,PSB,PARTIDO:PSB,DILERMANDO DE AGUIAR,13,0,13,285,298,PSB,0.1192
2016,88188,PT,COLIGACAO:210000000150,DILERMANDO DE AGUIAR,29,0,29,703,732,PT,0.2928
2016,88196,PDT,PARTIDO:PDT,ROCA SALES,33,0,33,565,598,PDT,0.08540417023707512
2016,88196,PMDB,COLIGACAO:210000000472,ROCA SALES,97,0,97,2127,2224,PMDB,0.3176235361325336
2016,88196,PP,COLIGACAO:210000001465,ROCA SALES,30,0,30,643,673,PP,0.09611539560125679
2016,88196,PSB,COLIGACAO:210000000472,ROCA SALES,0,0,0,241,241,PSB,0.034418737503570405
2016,88196,PSD,PARTIDO:PSD,ROCA SALES,10,0,10,342,352,PSD,0.05027135104255927
2016,88196,PSDB,PARTIDO:PSDB,ROCA SALES,74,0,74,965,1039,PSDB,0.1483861753784633
2016,88196,PTB,COLIGACAO:210000001465,ROCA SALES,71,0,71,1804,1875,PTB,0.26778063410454156
2016,88200,PDT,COLIGACAO:210000001394,CAPIVARI DO SUL,67,0,67,1232,1299,PDT,0.4441025641025641
2016,88200,PMDB,COLIGACAO:210000001394,CAPIVARI DO SUL,4,0,4,181,185,PMDB,0.06324786324786325
2016,88200,PP,COLIGACAO:210000001362,CAPIVARI DO SUL,35,0,35,599,634,PP,0.21675213675213675
2016,88200,PRB,COLIGACAO:210000001394,CAPIVARI DO SUL,2,0,2,0,2,PRB,0.0006837606837606838
2016,88200,PSB,COLIGACAO:210000001362,CAPIVARI DO SUL,2,0,2,183,185,PSB,0.06324786324786325
2016,88200,PSDB,COLIGACAO:210000001362,CAPIVARI DO SUL,12,0,12,486,498,PSDB,0.17025641025641025
2016,88200,PT,COLIGACAO:210000001394,CAPIVARI DO SUL,1,0,1,121,122,PT,0.04170940170940171
2016,88218,PDT,COLIGACAO:210000000900,RODEIO BONITO,12,0,12,241,253,PDT,0.060934489402697495
2016,88218,PMDB,COLIGACAO:210000000924,RODEIO BONITO,44,0,44,1393,1437,PMDB,0.34609826589595377
2016,88218,PP,COLIGACAO:210000000900,RODEIO BONITO,108,0,108,1264,1372,PP,0.3304431599229287
2016,88218,PT,PARTIDO:PT,RODEIO BONITO,22,0,22,871,893,PT,0.2150770712909441
2016,88218,PTB,COLIGACAO:210000000924,RODEIO BONITO,4,0,4,193,197,PTB,0.04744701348747592
2016,88226,PDT,COLIGACAO:210000002675,NOVA CANDELÁRIA,10,0,10,575,585,PDT,0.2530276816608997
2016,88226,PMDB,COLIGACAO:210000001521,NOVA CANDELÁRIA,7,0,7,207,214,PMDB,0.092560553633218
2016,88226,PP,COLIGACAO:210000001521,NOVA CANDELÁRIA,13,0,13,507,520,PP,0.22491349480968859
2016,88226,PSB,COLIGACAO:210000001521,NOVA CANDELÁRIA,0,0,0,72,72,PSB,0.031141868512110725
2016,88226,PT,COLIGACAO:210000002675,NOVA CANDELÁRIA,29,0,29,338,367,PT,0.15873702422145328
2016,88226,PTB,COLIGACAO:210000001521,NOVA CANDELÁRIA,19,0,19,535,554,PTB,0.23961937716262977
2016,88234,DEM,COLIGACAO:210000002289,ROLANTE,6,0,6,409,415,DEM,0.031391830559757944
2016,88234,PC do B,COLIGACAO:210000002299,ROLANTE,3,0,3,515,518,PC DO B,0.03918305597579425
2016,88234,PDT,COLIGACAO:210000000970,ROLANTE,244,0,244,3999,4243,PDT,0.3209531013615734
2016,88234,PMDB,COLIGACAO:210000001078,ROLANTE,43,0,43,2757,2800,PMDB,0.2118003025718608
2016,88234,PP,COLIGACAO:210000000970,ROLANTE,31,0,31,835,866,PP,0.06550680786686838
2016,88234,PRB,COLIGACAO:210000001078,ROLANTE,9,0,9,248,257,PRB,0.019440242057488653
2016,88234,PSB,COLIGACAO:210000002289,ROLANTE,162,0,162,1636,1798,PSB,0.13600605143721634
2016,88234,PSD,COLIGACAO:210000002299,ROLANTE,3,0,3,468,471,PSD,0.03562783661119516
2016,88234,PSDB,COLIGACAO:210000002289,ROLANTE,12,0,12,140,152,PSDB,0.011497730711043872
2016,88234,PT,COLIGACAO:210000000970,ROLANTE,11,0,11,460,471,PT,0.03562783661119516
2016,88234,PTB,PARTIDO:PTB,ROLANTE,25,0,25,1204,1229,PTB,0.09296520423600606
2016,88242,DEM,COLIGACAO:210000000376,FLORIANO PEIXOTO,2,0,2,40,42,DEM,0.024447031431897557
2016,88242,PDT,COLIGACAO:210000000376,FLORIANO PEIXOTO,7,0,7,118,125,PDT,0.07275902211874273
2016,88242,PMDB,COLIGACAO:210000000376,FLORIANO PEIXOTO,37,0,37,499,536,PMDB,0.3119906868451688
2016,88242,PP,COLIGACAO:210000000376,FLORIANO PEIXOTO,13,0,13,223,236,PP,0.13736903376018628
2016,88242,PPS,COLIGACAO:210000000330,FLORIANO PEIXOTO,0,0,0,26,26,PPS,0.015133876600698487
2016,88242,PT,COLIGACAO:210000000330,FLORIANO PEIXOTO,27,0,27,635,662,PT,0.3853317811408615
2016,88242,PTB,COLIGACAO:210000000330,FLORIANO PEIXOTO,1,0,1,90,91,PTB,0.052968568102444706
2016,88250,PC do B,COLIGACAO:210000001623,RONDA ALTA,2,0,2,212,214,PC DO B,0.03193553201014774
2016,88250,PDT,COLIGACAO:210000002177,RONDA ALTA,132,0,132,1052,1184,PDT,0.17669004626175197
2016,88250,PMDB,COLIGACAO:210000002177,RONDA ALTA,30,0,30,719,749,PMDB,0.11177436203551709
2016,88250,PP,COLIGACAO:210000002177,RONDA ALTA,42,0,42,1015,1057,PP,0.15773765109685123
2016,88250,PR,COLIGACAO:210000002177,RONDA ALTA,8,0,8,415,423,PR,0.06312490673033876
2016,88250,PSB,COLIGACAO:210000001623,RONDA ALTA,8,0,8,403,411,PSB,0.06133412923444262
2016,88250,PT,COLIGACAO:210000001623,RONDA ALTA,118,0,118,2306,2424,PT,0.36173705417101926
2016,88250,PTB,COLIGACAO:210000001623,RONDA ALTA,11,0,11,228,239,PTB,0.03566631845993135
2016,88269,PDT,COLIGACAO:210000001644,CHUVISCA,13,0,13,359,372,PDT,0.10073111291632819
2016,88269,PMDB,COLIGACAO:210000001271,CHUVISCA,51,0,51,1188,1239,PMDB,0.33549959382615757
2016,88269,PP,COLIGACAO:210000001644,CHUVISCA,18,0,18,715,733,PP,0.198483617655023
2016,88269,PSB,COLIGACAO:210000001644,CHUVISCA,38,0,38,588,626,PSB,0.1695098835634985
2016,88269,PSD,COLIGACAO:210000001271,CHUVISCA,2,0,2,284,286,PSD,0.07744381261846738
2016,88269,PSDB,COLIGACAO:210000001271,CHUVISCA,8,0,8,429,437,PSDB,0.11833197942052531
2016,88277,PDT,COLIGACAO:210000000290,RONDINHA,44,0,44,609,653,PDT,0.14997703261368855
2016,88277,PMDB,COLIGACAO:210000000290,RONDINHA,3,0,3,114,117,PMDB,0.026871841984382177
2016,88277,PP,PARTIDO:PP,RONDINHA,97,0,97,2195,2292,PP,0.5264124942581534
2016,88277,PT,COLIGACAO:210000000290,RONDINHA,22,0,22,1270,1292,PT,0.29673863114377586
2016,88285,PDT,COLIGACAO:210000000984,ESPERANÇA DO SUL,4,0,4,44,48,PDT,0.01867704280155642
2016,88285,PMDB,COLIGACAO:210000000984,ESPERANÇA DO SUL,49,0,49,775,824,PMDB,0.32062256809338524
2016,88285,PP,COLIGACAO:210000000223,ESPERANÇA DO SUL,8,0,8,89,97,PP,0.0377431906614786
2016,88285,PSB,COLIGACAO:210000000984,ESPERANÇA DO SUL,5,0,5,457,462,PSB,0.17976653696498054
2016,88285,PSDB,COLIGACAO:210000000223,ESPERANÇA DO SUL,5,0,5,101,106,PSDB,0.04124513618677043
2016,88285,PTB,COLIGACAO:210000000223,ESPERANÇA DO SUL,54,0,54,979,1033,PTB,0.4019455252918288
2016,88293,PMDB,COLIGACAO:210000001400,ROQUE GONZALES,95,0,95,1826,1921,PMDB,0.36625357483317444
2016,88293,PP,COLIGACAO:210000001410,ROQUE GONZALES,137,0,137,2413,2550,PP,0.4861773117254528
2016,88293,PSD,COLIGACAO:210000001410,ROQUE GONZALES,6,0,6,258,264,PSD,0.05033365109628218
2016,88293,PT,COLIGACAO:210000001410,ROQUE GONZALES,6,0,6,160,166,PT,0.031649189704480454
2016,88293,PTB,COLIGACAO:210000001400,ROQUE GONZALES,8,0,8,336,344,PTB,0.06558627264061011
2016,88307,PDT,COLIGACAO:210000000934,DOUTOR RICARDO,6,0,6,249,255,PDT,0.13926815947569635
2016,88307,PMDB,COLIGACAO:210000001573,DOUTOR RICARDO,37,0,37,885,922,PMDB,0.5035499726925178
2016,88307,PP,COLIGACAO:210000000934,DOUTOR RICARDO,44,0,44,473,517,PP,0.2823593664664118
2016,88307,PSDB,COLIGACAO:210000001573,DOUTOR RICARDO,5,0,5,132,137,PSDB,0.07482250136537412
2016,88315,DEM,COLIGACAO:210000000587,ROSÁRIO DO SUL,15,0,15,849,864,DEM,0.035955056179775284
2016,88315,PC do B,COLIGACAO:210000001552,ROSÁRIO DO SUL,3,0,3,57,60,PC DO B,0.0024968789013732834
2016,88315,PDT,COLIGACAO:210000001331,ROSÁRIO DO SUL,131,0,131,4299,4430,PDT,0.18435289221806075
2016,88315,PMDB,COLIGACAO:210000001336,ROSÁRIO DO SUL,28,0,28,2001,2029,PMDB,0.0844361215147732
2016,88315,PP,COLIGACAO:210000001336,ROSÁRIO DO SUL,294,0,294,5117,5411,PP,0.22517686225551395
2016,88315,PPL,PARTIDO:PPL,ROSÁRIO DO SUL,43,0,43,298,341,PPL,0.014190595089471495
2016,88315,PPS,COLIGACAO:210000000579,ROSÁRIO DO SUL,24,0,24,935,959,PPS,0.03990844777361631
2016,88315,PRB,COLIGACAO:210000000584,ROSÁRIO DO SUL,21,0,21,722,743,PRB,0.030919683728672494
2016,88315,PSB,COLIGACAO:210000000579,ROSÁRIO DO SUL,21,0,21,999,1020,PSB,0.04244694132334582
2016,88315,PSC,COLIGACAO:210000001336,ROSÁRIO DO SUL,2,0,2,119,121,PSC,0.005035372451102789
2016,88315,PSD,COLIGACAO:210000000584,ROSÁRIO DO SUL,21,0,21,749,770,PSD,0.03204327923429047
2016,88315,PSDB,COLIGACAO:210000000584,ROSÁRIO DO SUL,29,0,29,599,628,PSDB,0.026133999167707034
2016,88315,PT,COLIGACAO:210000001552,ROSÁRIO DO SUL,49,0,49,502,551,PT,0.022929671244277985
2016,88315,PTB,COLIGACAO:210000000587,ROSÁRIO DO SUL,465,0,465,5485,5950,PTB,0.24760715771951727
2016,88315,SD,COLIGACAO:210000001331,ROSÁRIO DO SUL,17,0,17,136,153,SD,0.006367041198501872
2016,88323,PMDB,COLIGACAO:210000002686,HERVEIRAS,43,0,43,915,958,PMDB,0.40387858347386174
2016,88323,PP,PARTIDO:PP,HERVEIRAS,30,0,30,652,682,PP,0.2875210792580101
2016,88323,PSB,COLIGACAO:210000002686,HERVEIRAS,5,0,5,194,199,PSB,0.08389544688026981
2016,88323,PSDB,COLIGACAO:210000002262,HERVEIRAS,0,0,0,52,52,PSDB,0.021922428330522766
2016,88323,PTB,COLIGACAO:210000002262,HERVEIRAS,25,0,25,456,481,PTB,0.20278246205733558
2016,88331,PDT,COLIGACAO:210000001370,SALVADOR DO SUL,6,0,6,204,210,PDT,0.044862208929715874
2016,88331,PMDB,COLIGACAO:210000000765,SALVADOR DO SUL,98,0,98,1524,1622,PMDB,0.3465071565904721
2016,88331,PP,COLIGACAO:210000001370,SALVADOR DO SUL,61,0,61,389,450,PP,0.09613330484939116
2016,88331,PPS,COLIGACAO:210000001370,SALVADOR DO SUL,7,0,7,234,241,PPS,0.051484725486007264
2016,88331,PRB,COLIGACAO:210000001370,SALVADOR DO SUL,3,0,3,317,320,PRB,0.06836146122623371
2016,88331,PSB,COLIGACAO:210000001370,SALVADOR DO SUL,0,0,0,62,62,PSB,0.013245033112582781
2016,88331,PSD,COLIGACAO:210000001370,SALVADOR DO SUL,9,0,9,368,377,PSD,0.08053834650715659
2016,88331,PSDB,COLIGACAO:210000001370,SALVADOR DO SUL,9,0,9,565,574,PSDB,0.12262337107455672
2016,88331,PT,COLIGACAO:210000000765,SALVADOR DO SUL,9,0,9,463,472,PT,0.10083315530869473
2016,88331,PTB,COLIGACAO:210000001370,SALVADOR DO SUL,4,0,4,348,352,PTB,0.07519760734885708
2016,88331,SD,COLIGACAO:210000001370,SALVADOR DO SUL,1,0,1,0,1,SD,0.00021362956633198035
2016,88340,PDT,COLIGACAO:210000000522,CARAÁ,8,0,8,57,65,PDT,0.012095273539263119
2016,88340,PMDB,PARTIDO:PMDB,CARAÁ,136,0,136,2390,2526,PMDB,0.4700409378489021
2016,88340,PP,COLIGACAO:210000000522,CARAÁ,70,0,70,1393,1463,PP,0.2722366951991068
2016,88340,PRB,COLIGACAO:210000000296,CARAÁ,72,0,72,808,880,PRB,0.1637513956084853
2016,88340,PSDB,COLIGACAO:210000000296,CARAÁ,6,0,6,320,326,PSDB,0.06066244882768887
2016,88340,PT,COLIGACAO:210000000522,CARAÁ,15,0,15,99,114,PT,0.021213248976553776
2016,88358,DEM,COLIGACAO:210000002703,SANANDUVA,3,0,3,85,88,DEM,0.008078582575966217
2016,88358,PDT,COLIGACAO:210000002703,SANANDUVA,39,0,39,755,794,PDT,0.07289084733314972
2016,88358,PMDB,PARTIDO:PMDB,SANANDUVA,87,0,87,3577,3664,PMDB,0.33636280179932065
2016,88358,PP,COLIGACAO:210000002703,SANANDUVA,194,0,194,1519,1713,PP,0.15725695400716055
2016,88358,PSDB,COLIGACAO:210000002703,SANANDUVA,33,0,33,478,511,PSDB,0.04691086018544019
2016,88358,PT,COLIGACAO:210000002383,SANANDUVA,40,0,40,2335,2375,PT,0.21802992747636096
2016,88358,PTB,COLIGACAO:210000002383,SANANDUVA,22,0,22,524,546,PTB,0.0501239328008813
2016,88358,PV,COLIGACAO:210000002383,SANANDUVA,119,0,119,1083,1202,PV,0.11034609382172036
2016,88366,PDT,COLIGACAO:210000000580,FAZENDA VILANOVA,61,0,61,840,901,PDT,0.30866735183281946
2016,88366,PMDB,COLIGACAO:210000000980,FAZENDA VILANOVA,12,0,12,375,387,PMDB,0.13257965056526208
2016,88366,PP,COLIGACAO:210000000980,FAZENDA VILANOVA,49,0,49,810,859,PP,0.29427886262418634
2016,88366,PRB,COLIGACAO:210000000580,FAZENDA VILANOVA,3,0,3,131,134,PRB,0.045906132237067486
2016,88366,PSB,COLIGACAO:210000000980,FAZENDA VILANOVA,3,0,3,137,140,PSB,0.047961630695443645
2016,88366,PSD,COLIGACAO:210000000580,FAZENDA VILANOVA,1,0,1,173,174,PSD,0.05960945529290853
2016,88366,PT,COLIGACAO:210000000980,FAZENDA VILANOVA,2,0,2,0,2,PT,0.0006851661527920521
2016,88366,PTB,COLIGACAO:210000000580,FAZENDA VILANOVA,8,0,8,314,322,PTB,0.11031175059952038
2016,88374,DEM,PARTIDO:DEM,SANTA BÁRBARA DO SUL,9,0,9,776,785,DEM,0.12755931101722456
2016,88374,PDT,COLIGACAO:210000001482,SANTA BÁRBARA DO SUL,21,0,21,702,723,PDT,0.11748456288592785
2016,88374,PMDB,COLIGACAO:210000001482,SANTA BÁRBARA DO SUL,90,0,90,457,547,PMDB,0.0888852778680533
2016,88374,PP,COLIGACAO:210000001146,SANTA BÁRBARA DO SUL,117,0,117,2165,2282,PP,0.37081572960675985
2016,88374,PSD,COLIGACAO:210000001482,SANTA BÁRBARA DO SUL,0,0,0,58,58,PSD,0.009424764380890478
2016,88374,PT,COLIGACAO:210000001482,SANTA BÁRBARA DO SUL,32,0,32,1335,1367,PT,0.22213194670133246
2016,88374,PTB,COLIGACAO:210000001146,SANTA BÁRBARA DO SUL,3,0,3,389,392,PTB,0.0636984075398115
2016,88382,DEM,COLIGACAO:210000002181,ITAARA,7,0,7,344,351,DEM,0.10826650215916102
2016,88382,PDT,PARTIDO:PDT,ITAARA,14,0,14,320,334,PDT,0.10302282541640963
2016,88382,PMDB,COLIGACAO:210000002181,ITAARA,53,0,53,911,964,PMDB,0.297347316471314
2016,88382,PP,COLIGACAO:210000001432,ITAARA,42,0,42,682,724,PP,0.22331893892658852
2016,88382,PSB,PARTIDO:PSB,ITAARA,13,0,13,262,275,PSB,0.08482418260333127
2016,88382,PSDB,COLIGACAO:210000001432,ITAARA,8,0,8,342,350,PSDB,0.107958050586058
2016,88382,PT,COLIGACAO:210000002181,ITAARA,4,0,4,240,244,PT,0.07526218383713756
2016,88390,DEM,COLIGACAO:210000002634,SANTA CRUZ DO SUL,34,0,34,239,273,DEM,0.003444012716354645
2016,88390,PC do B,COLIGACAO:210000002535,SANTA CRUZ DO SUL,9,0,9,40,49,PC DO B,0.0006181561285764748
2016,88390,PDT,COLIGACAO:210000002629,SANTA CRUZ DO SUL,203,0,203,3109,3312,PDT,0.04178230811929152
2016,88390,PEN,COLIGACAO:210000002535,SANTA CRUZ DO SUL,14,0,14,49,63,PEN,0.0007947721653126104
2016,88390,PHS,COLIGACAO:210000002535,SANTA CRUZ DO SUL,7,0,7,43,50,PHS,0.000630771559771913
2016,88390,PMDB,COLIGACAO:210000002629,SANTA CRUZ DO SUL,133,0,133,6519,6652,PMDB,0.0839178483120553
2016,88390,PMN,COLIGACAO:210000002535,SANTA CRUZ DO SUL,7,0,7,0,7,PMN,8.830801836806782e-05
2016,88390,PP,COLIGACAO:210000002194,SANTA CRUZ DO SUL,1067,0,1067,13133,14200,PP,0.1791391229752233
2016,88390,PPS,COLIGACAO:210000002477,SANTA CRUZ DO SUL,16,0,16,580,596,PPS,0.007518796992481203
2016,88390,PRB,COLIGACAO:210000002477,SANTA CRUZ DO SUL,34,0,34,561,595,PRB,0.007506181561285765
2016,88390,PROS,COLIGACAO:210000002629,SANTA CRUZ DO SUL,10,0,10,0,10,PROS,0.0001261543119543826
2016,88390,PSB,COLIGACAO:210000002535,SANTA CRUZ DO SUL,238,0,238,2354,2592,PSB,0.03269919765857597
2016,88390,PSD,COLIGACAO:210000002634,SANTA CRUZ DO SUL,37,0,37,303,340,PSD,0.004289246606449008
2016,88390,PSDB,COLIGACAO:210000002535,SANTA CRUZ DO SUL,101,0,101,6776,6877,PSDB,0.08675632033102891
2016,88390,PSTU,PARTIDO:PSTU,SANTA CRUZ DO SUL,61,0,61,133,194,PSTU,0.0024473936519150224
2016,88390,PT,COLIGACAO:210000002182,SANTA CRUZ DO SUL,237,0,237,7315,7552,PT,0.09527173638794974
2016,88390,PTB,COLIGACAO:210000002634,SANTA CRUZ DO SUL,1367,0,1367,24362,25729,PTB,0.32458242922743097
2016,88390,PV,COLIGACAO:210000002194,SANTA CRUZ DO SUL,14,0,14,396,410,PV,0.005172326790129687
2016,88390,REDE,COLIGACAO:210000002182,SANTA CRUZ DO SUL,11,0,11,271,282,REDE,0.0035575515971135894
2016,88390,SD,COLIGACAO:210000002477,SANTA CRUZ DO SUL,163,0,163,9322,9485,SD,0.1196573648887319
2016,88404,PDT,COLIGACAO:210000000089,ESTRELA VELHA,20,0,20,192,212,PDT,0.08538058799838905
2016,88404,PMDB,COLIGACAO:210000000089,ESTRELA VELHA,29,0,29,842,871,PMDB,0.3507853403141361
2016,88404,PP,COLIGACAO:210000000089,ESTRELA VELHA,24,0,24,480,504,PP,0.20298026580749093
2016,88404,PSB,COLIGACAO:210000000089,ESTRELA VELHA,28,0,28,299,327,PSB,0.13169552960128877
2016,88404,PT,COLIGACAO:210000000089,ESTRELA VELHA,2,0,2,210,212,PT,0.08538058799838905
2016,88404,PTB,COLIGACAO:210000000089,ESTRELA VELHA,7,0,7,350,357,PTB,0.14377768828030607
2016,88412,DEM,COLIGACAO:210000000853,SANTA MARIA,106,0,106,5324,5430,DEM,0.038303095285121755
2016,88412,PC do B,COLIGACAO:210000000618,SANTA MARIA,31,0,31,983,1014,PC DO B,0.007152732710702294
2016,88412,PDT,PARTIDO:PDT,SANTA MARIA,834,0,834,10382,11216,PDT,0.07911740639372478
2016,88412,PHS,COLIGACAO:210000000618,SANTA MARIA,24,0,24,89,113,PHS,0.0007970994046443384
2016,88412,PMDB,COLIGACAO:210000000788,SANTA MARIA,421,0,421,16406,16827,PMDB,0.11869727152168393
2016,88412,PMN,COLIGACAO:210000000788,SANTA MARIA,32,0,32,0,32,PMN,0.00022572726503202506
2016,88412,PP,COLIGACAO:210000000521,SANTA MARIA,334,0,334,10181,10515,PP,0.07417256849411698
2016,88412,PPL,PARTIDO:PPL,SANTA MARIA,347,0,347,5240,5587,PPL,0.039410569679185124
2016,88412,PPS,COLIGACAO:210000000767,SANTA MARIA,50,0,50,461,511,PPS,0.0036045822634801503
2016,88412,PR,COLIGACAO:210000000521,SANTA MARIA,76,0,76,2172,2248,PR,0.01585734036849976
2016,88412,PRB,COLIGACAO:210000000213,SANTA MARIA,111,0,111,3482,3593,PRB,0.025344939476877063
2016,88412,PROS,COLIGACAO:210000000521,SANTA MARIA,18,0,18,443,461,PROS,0.003251883411867611
2016,88412,PRTB,COLIGACAO:210000000213,SANTA MARIA,4,0,4,255,259,PRTB,0.0018269800513529529
2016,88412,PSB,COLIGACAO:210000000767,SANTA MARIA,1017,0,1017,13906,14923,PSB,0.10526649925227843
2016,88412,PSC,COLIGACAO:210000000213,SANTA MARIA,33,0,33,871,904,PSC,0.0063767952371547075
2016,88412,PSD,COLIGACAO:210000000788,SANTA MARIA,100,0,100,6762,6862,PSD,0.04840439039530487
2016,88412,PSDB,COLIGACAO:210000000853,SANTA MARIA,2098,0,2098,20971,23069,PSDB,0.16272819615699333
2016,88412,PSL,COLIGACAO:210000000213,SANTA MARIA,30,0,30,139,169,PSL,0.0011921221184503824
2016,88412,PSOL,PARTIDO:PSOL,SANTA MARIA,174,0,174,561,735,PSOL,0.005184673118704326
2016,88412,PSTU,PARTIDO:PSTU,SANTA MARIA,71,0,71,73,144,PSTU,0.0010157726926441127
2016,88412,PT,COLIGACAO:210000000618,SANTA MARIA,3146,0,3146,21671,24817,PT,0.17505854800936768
2016,88412,PTB,COLIGACAO:210000000767,SANTA MARIA,241,0,241,4752,4993,PTB,0.03522050732202816
2016,88412,PTC,COLIGACAO:210000000213,SANTA MARIA,18,0,18,139,157,PTC,0.0011074743940633729
2016,88412,PTN,COLIGACAO:210000000213,SANTA MARIA,34,0,34,330,364,PTN,0.002567647639739285
2016,88412,PV,COLIGACAO:210000000788,SANTA MARIA,29,0,29,1149,1178,PV,0.008309584943991422
2016,88412,REDE,COLIGACAO:210000000767,SANTA MARIA,47,0,47,2062,2109,REDE,0.014876837561016902
2016,88412,SD,COLIGACAO:210000000213,SANTA MARIA,689,0,689,2845,3534,SD,0.024928754831974268
2016,88420,PC do B,COLIGACAO:210000000626,BENJAMIN CONSTANT DO SUL,5,0,5,185,190,PC DO B,0.1056142301278488
2016,88420,PDT,COLIGACAO:210000000116,BENJAMIN CONSTANT DO SUL,12,0,12,70,82,PDT,0.045580878265703166
2016,88420,PMDB,COLIGACAO:210000000116,BENJAMIN CONSTANT DO SUL,4,0,4,143,147,PMDB,0.08171206225680934
2016,88420,PP,COLIGACAO:210000000116,BENJAMIN CONSTANT DO SUL,6,0,6,112,118,PP,0.06559199555308505
2016,88420,PPS,COLIGACAO:210000000116,BENJAMIN CONSTANT DO SUL,3,0,3,59,62,PPS,0.03446359088382435
2016,88420,PSB,COLIGACAO:210000000626,BENJAMIN CONSTANT DO SUL,23,0,23,171,194,PSB,0.10783768760422457
2016,88420,PT,COLIGACAO:210000000116,BENJAMIN CONSTANT DO SUL,53,0,53,815,868,PT,0.48249027237354086
2016,88420,PTB,COLIGACAO:210000000116,BENJAMIN CONSTANT DO SUL,7,0,7,131,138,PTB,0.07670928293496387
2016,88439,PDT,COLIGACAO:210000002719,SANTANA DA BOA VISTA,14,0,14,89,103,PDT,0.019331831831831833
2016,88439,PMDB,COLIGACAO:210000000561,SANTANA DA BOA VISTA,58,0,58,1390,1448,PMDB,0.27177177177177175
2016,88439,PP,COLIGACAO:210000002719,SANTANA DA BOA VISTA,132,0,132,1468,1600,PP,0.3003003003003003
2016,88439,PSB,COLIGACAO:210000000713,SANTANA DA BOA VISTA,43,0,43,222,265,PSB,0.04973723723723724
2016,88439,PT,COLIGACAO:210000000561,SANTANA DA BOA VISTA,129,0,129,758,887,PT,0.16647897897897898
2016,88439,PTB,COLIGACAO:210000000713,SANTANA DA BOA VISTA,28,0,28,997,1025,PTB,0.19237987987987987
2016,88447,PDT,COLIGACAO:210000001000,MAÇAMBARÁ,19,0,19,511,530,PDT,0.16198044009779952
2016,88447,PMDB,COLIGACAO:210000001045,MAÇAMBARÁ,19,0,19,1164,1183,PMDB,0.36155256723716384
2016,88447,PP,COLIGACAO:210000001000,MAÇAMBARÁ,49,0,49,600,649,PP,0.19834963325183375
2016,88447,PR,COLIGACAO:210000001045,MAÇAMBARÁ,2,0,2,123,125,PR,0.038202933985330076
2016,88447,PSDB,COLIGACAO:210000001045,MAÇAMBARÁ,87,0,87,658,745,PSDB,0.22768948655256724
2016,88447,PT,COLIGACAO:210000001045,MAÇAMBARÁ,1,0,1,39,40,PT,0.012224938875305624
2016,88455,DEM,COLIGACAO:210000001605,SANT ANA DO LIVRAMENTO,14,0,14,384,398,DEM,0.008050976029129159
2016,88455,PC do B,COLIGACAO:210000000674,SANT ANA DO LIVRAMENTO,23,0,23,580,603,PC DO B,0.01219783554162031
2016,88455,PCB,PARTIDO:PCB,SANT ANA DO LIVRAMENTO,16,0,16,73,89,PCB,0.001800343885910792
2016,88455,PDT,COLIGACAO:210000000607,SANT ANA DO LIVRAMENTO,1022,0,1022,7352,8374,PDT,0.16939415393951654
2016,88455,PHS,COLIGACAO:210000000674,SANT ANA DO LIVRAMENTO,6,0,6,53,59,PHS,0.0011934863962779407
2016,88455,PMDB,COLIGACAO:210000001605,SANT ANA DO LIVRAMENTO,384,0,384,3550,3934,PMDB,0.07957924547385456
2016,88455,PP,PARTIDO:PP,SANT ANA DO LIVRAMENTO,185,0,185,5436,5621,PP,0.11370486497420855
2016,88455,PPS,COLIGACAO:210000001605,SANT ANA DO LIVRAMENTO,17,0,17,542,559,PPS,0.011307777890158794
2016,88455,PR,COLIGACAO:210000001605,SANT ANA DO LIVRAMENTO,13,0,13,170,183,PR,0.0037018306867603926
2016,88455,PRB,COLIGACAO:210000001084,SANT ANA DO LIVRAMENTO,50,0,50,2232,2282,PRB,0.04616162637807222
2016,88455,PROS,COLIGACAO:210000002577,SANT ANA DO LIVRAMENTO,32,0,32,1711,1743,PROS,0.035258420147668654
2016,88455,PSB,COLIGACAO:210000000674,SANT ANA DO LIVRAMENTO,80,0,80,3431,3511,PSB,0.07102255487003135
2016,88455,PSC,COLIGACAO:210000001084,SANT ANA DO LIVRAMENTO,18,0,18,719,737,PSC,0.014908465661980378
2016,88455,PSD,PARTIDO:PSD,SANT ANA DO LIVRAMENTO,246,0,246,2689,2935,PSD,0.05937089106908061
2016,88455,PSDB,COLIGACAO:210000001605,SANT ANA DO LIVRAMENTO,42,0,42,1578,1620,PSDB,0.03277030444017397
2016,88455,PT,PARTIDO:PT,SANT ANA DO LIVRAMENTO,734,0,734,8765,9499,PT,0.19215130980074846
2016,88455,PTB,COLIGACAO:210000001084,SANT ANA DO LIVRAMENTO,432,0,432,4694,5126,PTB,0.10369171639526652
2016,88455,REDE,COLIGACAO:210000000607,SANT ANA DO LIVRAMENTO,17,0,17,1582,1599,REDE,0.03234550419743097
2016,88455,SD,COLIGACAO:210000002577,SANT ANA DO LIVRAMENTO,14,0,14,549,563,SD,0.011388692222109842
2016,88463,PC do B,COLIGACAO:210000002176,DOM PEDRO DE ALCÂNTARA,0,0,0,93,93,PC DO B,0.04151785714285714
2016,88463,PDT,PARTIDO:PDT,DOM PEDRO DE ALCÂNTARA,31,0,31,649,680,PDT,0.30357142857142855
2016,88463,PMDB,PARTIDO:PMDB,DOM PEDRO DE ALCÂNTARA,25,0,25,519,544,PMDB,0.24285714285714285
2016,88463,PP,COLIGACAO:210000002176,DOM PEDRO DE ALCÂNTARA,6,0,6,286,292,PP,0.13035714285714287
2016,88463,PSB,COLIGACAO:210000002183,DOM PEDRO DE ALCÂNTARA,1,0,1,348,349,PSB,0.15580357142857143
2016,88463,PTB,COLIGACAO:210000002183,DOM PEDRO DE ALCÂNTARA,2,0,2,280,282,PTB,0.12589285714285714
2016,88471,DEM,COLIGACAO:210000002445,SANTA ROSA,16,0,16,50,66,DEM,0.0014743002658208055
2016,88471,PC do B,COLIGACAO:210000000822,SANTA ROSA,28,0,28,2694,2722,PC DO B,0.06080371702370049
2016,88471,PDT,COLIGACAO:210000000822,SANTA ROSA,187,0,187,4315,4502,PDT,0.1005651484352313
2016,88471,PHS,COLIGACAO:210000002422,SANTA ROSA,4,0,4,39,43,PHS,0.0009605289610650703
2016,88471,PMDB,COLIGACAO:210000002358,SANTA ROSA,131,0,131,6850,6981,PMDB,0.15594075993477338
2016,88471,PP,COLIGACAO:210000002422,SANTA ROSA,603,0,603,10843,11446,PP,0.25567940670583245
2016,88471,PPS,COLIGACAO:210000002445,SANTA ROSA,60,0,60,5289,5349,PPS,0.11948533517993165
2016,88471,PR,COLIGACAO:210000000822,SANTA ROSA,18,0,18,0,18,PR,0.0004020818906784015
2016,88471,PRB,COLIGACAO:210000000822,SANTA ROSA,16,0,16,161,177,PRB,0.003953805258337615
2016,88471,PSB,COLIGACAO:210000002445,SANTA ROSA,18,0,18,1327,1345,PSB,0.03004445238680278
2016,88471,PSC,COLIGACAO:210000002422,SANTA ROSA,8,0,8,634,642,PSC,0.014340920767529653
2016,88471,PSD,COLIGACAO:210000002358,SANTA ROSA,9,0,9,100,109,PSD,0.002434829226885876
2016,88471,PSDB,COLIGACAO:210000002358,SANTA ROSA,285,0,285,1008,1293,PSDB,0.028882882480398508
2016,88471,PT,COLIGACAO:210000000822,SANTA ROSA,615,0,615,6454,7069,PT,0.15790649362253445
2016,88471,PTB,COLIGACAO:210000002422,SANTA ROSA,54,0,54,2243,2297,PTB,0.05131011682712713
2016,88471,PV,COLIGACAO:210000000822,SANTA ROSA,2,0,2,65,67,PV,0.0014966381486362723
2016,88471,SD,COLIGACAO:210000002445,SANTA ROSA,7,0,7,634,641,SD,0.014318582884714187
2016,88480,PDT,COLIGACAO:210000000283,UNISTALDA,11,0,11,132,143,PDT,0.061452513966480445
2016,88480,PMDB,PARTIDO:PMDB,UNISTALDA,50,0,50,863,913,PMDB,0.39235066609368285
2016,88480,PP,COLIGACAO:210000000253,UNISTALDA,43,0,43,991,1034,PP,0.4443489471422432
2016,88480,PSD,COLIGACAO:210000000283,UNISTALDA,7,0,7,48,55,PSD,0.023635582294800173
2016,88480,PT,COLIGACAO:210000000253,UNISTALDA,2,0,2,180,182,PT,0.0782122905027933
2016,88498,PC do B,COLIGACAO:210000000293,SANTA VITÓRIA DO PALMAR,1,0,1,50,51,PC DO B,0.002798968223478404
2016,88498,PDT,PARTIDO:PDT,SANTA VITÓRIA DO PALMAR,79,0,79,1603,1682,PDT,0.09231106964491521
2016,88498,PMDB,PARTIDO:PMDB,SANTA VITÓRIA DO PALMAR,359,0,359,3179,3538,PMDB,0.19417156028758026
2016,88498,PP,COLIGACAO:210000000159,SANTA VITÓRIA DO PALMAR,40,0,40,420,460,PP,0.02524559574117776
2016,88498,PROS,COLIGACAO:210000000293,SANTA VITÓRIA DO PALMAR,8,0,8,334,342,PROS,0.018769551616266946
2016,88498,PSB,COLIGACAO:210000001562,SANTA VITÓRIA DO PALMAR,182,0,182,1578,1760,PSB,0.09659184457494101
2016,88498,PSDB,COLIGACAO:210000001562,SANTA VITÓRIA DO PALMAR,59,0,59,2519,2578,PSDB,0.14148509961033973
2016,88498,PT,COLIGACAO:210000000293,SANTA VITÓRIA DO PALMAR,394,0,394,5589,5983,PT,0.3283573898249273
2016,88498,PTB,COLIGACAO:210000000293,SANTA VITÓRIA DO PALMAR,19,0,19,223,242,PTB,0.013281378629054388
2016,88498,SD,COLIGACAO:210000000159,SANTA VITÓRIA DO PALMAR,16,0,16,1569,1585,SD,0.08698754184731902
2016,88501,DEM,PARTIDO:DEM,TURUÇU,18,0,18,245,263,DEM,0.088107202680067
2016,88501,PDT,PARTIDO:PDT,TURUÇU,5,0,5,575,580,PDT,0.19430485762144054
2016,88501,PMDB,PARTIDO:PMDB,TURUÇU,63,0,63,984,1047,PMDB,0.3507537688442211
2016,88501,PP,PARTIDO:PP,TURUÇU,10,0,10,461,471,PP,0.1577889447236181
2016,88501,PSDB,PARTIDO:PSDB,TURUÇU,16,0,16,503,519,PSDB,0.17386934673366833
2016,88501,PT,PARTIDO:PT,TURUÇU,10,0,10,95,105,PT,0.035175879396984924
2016,88510,PDT,PARTIDO:PDT,SANTIAGO,87,0,87,3355,3442,PDT,0.11615036782074643
2016,88510,PMDB,COLIGACAO:210000001646,SANTIAGO,74,0,74,2688,2762,PMDB,0.09320375244651415
2016,88510,PP,COLIGACAO:210000000180,SANTIAGO,921,0,921,14922,15843,PP,0.5346223931970034
2016,88510,PPS,COLIGACAO:210000002212,SANTIAGO,19,0,19,241,260,PPS,0.008773705878382939
2016,88510,PROS,COLIGACAO:210000002212,SANTIAGO,5,0,5,130,135,PROS,0.004555578052237295
2016,88510,PSD,COLIGACAO:210000002212,SANTIAGO,338,0,338,1184,1522,PSD,0.05135992441114936
2016,88510,PSDB,COLIGACAO:210000001646,SANTIAGO,35,0,35,2324,2359,PSDB,0.07960450833502059
2016,88510,PT,PARTIDO:PT,SANTIAGO,137,0,137,2081,2218,PT,0.0748464601471283
2016,88510,PTB,COLIGACAO:210000000180,SANTIAGO,27,0,27,444,471,PTB,0.015893905648916785
2016,88510,REDE,COLIGACAO:210000002212,SANTIAGO,10,0,10,282,292,REDE,0.009853546601876224
2016,88510,SD,COLIGACAO:210000002212,SANTIAGO,6,0,6,324,330,SD,0.011135857461024499
2016,88528,PDT,COLIGACAO:210000000661,CRISTAL DO SUL,15,0,15,544,559,PDT,0.24517543859649124
2016,88528,PMDB,COLIGACAO:210000000661,CRISTAL DO SUL,30,0,30,654,684,PMDB,0.3
2016,88528,PP,COLIGACAO:210000000364,CRISTAL DO SUL,15,0,15,809,824,PP,0.36140350877192984
2016,88528,PSDB,COLIGACAO:210000000661,CRISTAL DO SUL,0,0,0,0,0,PSDB,0.0
2016,88528,PT,COLIGACAO:210000000364,CRISTAL DO SUL,20,0,20,193,213,PT,0.09342105263157895
2016,88536,DEM,COLIGACAO:210000001243,SANTO ÂNGELO,38,0,38,1568,1606,DEM,0.03536977491961415
2016,88536,PC do B,COLIGACAO:210000001541,SANTO ÂNGELO,10,0,10,620,630,PC DO B,0.013874818305950755
2016,88536,PDT,COLIGACAO:210000001550,SANTO ÂNGELO,960,0,960,14654,15614,PDT,0.34387525877637315
2016,88536,PEN,COLIGACAO:210000001243,SANTO ÂNGELO,12,0,12,0,12,PEN,0.00026428225344668103
2016,88536,PHS,COLIGACAO:210000001243,SANTO ÂNGELO,1,0,1,0,1,PHS,2.2023521120556754e-05
2016,88536,PMDB,COLIGACAO:210000001413,SANTO ÂNGELO,468,0,468,5462,5930,PMDB,0.13059948024490156
2016,88536,PP,COLIGACAO:210000001243,SANTO ÂNGELO,645,0,645,8906,9551,PP,0.21034665022243756
2016,88536,PPS,COLIGACAO:210000001243,SANTO ÂNGELO,28,0,28,559,587,PPS,0.012927806897766816
2016,88536,PR,COLIGACAO:210000001413,SANTO ÂNGELO,38,0,38,1629,1667,PR,0.03671320970796811
2016,88536,PRB,COLIGACAO:210000001243,SANTO ÂNGELO,23,0,23,699,722,PRB,0.015900982249041976
2016,88536,PSB,COLIGACAO:210000001541,SANTO ÂNGELO,6,0,6,209,215,PSB,0.0047350570409197025
2016,88536,PSC,COLIGACAO:210000001243,SANTO ÂNGELO,19,0,19,643,662,PSC,0.014579570981808572
2016,88536,PSD,COLIGACAO:210000001243,SANTO ÂNGELO,26,0,26,1148,1174,PSD,0.02585561379553363
2016,88536,PSDB,COLIGACAO:210000001243,SANTO ÂNGELO,38,0,38,1013,1051,PSDB,0.02314672069770515
2016,88536,PT,PARTIDO:PT,SANTO ÂNGELO,153,0,153,2463,2616,PT,0.05761353125137647
2016,88536,PTB,COLIGACAO:210000001541,SANTO ÂNGELO,55,0,55,1891,1946,PTB,0.042857772100603445
2016,88536,PTC,COLIGACAO:210000001243,SANTO ÂNGELO,0,0,0,0,0,PTC,0.0
2016,88536,PTN,COLIGACAO:210000001243,SANTO ÂNGELO,9,0,9,0,9,PTN,0.00019821169008501079
2016,88536,PV,COLIGACAO:210000001243,SANTO ÂNGELO,10,0,10,704,714,PV,0.01572479408007752
2016,88536,REDE,COLIGACAO:210000001541,SANTO ÂNGELO,14,0,14,465,479,REDE,0.010549266616746685
2016,88536,SD,COLIGACAO:210000001550,SANTO ÂNGELO,16,0,16,204,220,SD,0.004845174646522486
2016,88544,DEM,COLIGACAO:210000000594,MUITOS CAPÕES,50,0,50,865,915,DEM,0.4216589861751152
2016,88544,PDT,COLIGACAO:210000001475,MUITOS CAPÕES,4,0,4,64,68,PDT,0.03133640552995392
2016,88544,PMDB,COLIGACAO:210000000594,MUITOS CAPÕES,2,0,2,24,26,PMDB,0.011981566820276499
2016,88544,PP,COLIGACAO:210000001475,MUITOS CAPÕES,27,0,27,1134,1161,PP,0.5350230414746544
2016,88552,DEM,COLIGACAO:210000002501,SANTO ANTÔNIO DA PATRULHA,14,0,14,322,336,DEM,0.013134748446112348
2016,88552,PDT,COLIGACAO:210000002389,SANTO ANTÔNIO DA PATRULHA,76,0,76,1035,1111,PDT,0.0434306712012822
2016,88552,PMDB,COLIGACAO:210000000595,SANTO ANTÔNIO DA PATRULHA,592,0,592,5812,6404,PMDB,0.2503420507407842
2016,88552,PP,COLIGACAO:210000002389,SANTO ANTÔNIO DA PATRULHA,155,0,155,6319,6474,PP,0.2530784566670576
2016,88552,PRB,COLIGACAO:210000000595,SANTO ANTÔNIO DA PATRULHA,19,0,19,177,196,PRB,0.007661936593565537
2016,88552,PSB,COLIGACAO:210000002389,SANTO ANTÔNIO DA PATRULHA,12,0,12,743,755,PSB,0.029514092490520307
2016,88552,PSC,COLIGACAO:210000000595,SANTO ANTÔNIO DA PATRULHA,5,0,5,278,283,PSC,0.011062898244791055
2016,88552,PSD,COLIGACAO:210000000595,SANTO ANTÔNIO DA PATRULHA,13,0,13,756,769,PSD,0.03006137367577499
2016,88552,PT,COLIGACAO:210000001181,SANTO ANTÔNIO DA PATRULHA,27,0,27,601,628,PT,0.0245494703099957
2016,88552,PTB,COLIGACAO:210000001181,SANTO ANTÔNIO DA PATRULHA,468,0,468,4901,5369,PTB,0.20988233454517025
2016,88552,PV,COLIGACAO:210000002389,SANTO ANTÔNIO DA PATRULHA,1,0,1,79,80,PV,0.003127321058598178
2016,88552,SD,COLIGACAO:210000002501,SANTO ANTÔNIO DA PATRULHA,121,0,121,3055,3176,SD,0.12415464602634768
2016,88560,PC do B,COLIGACAO:210000001636,NOVA RAMADA,2,0,2,162,164,PC DO B,0.08622502628811778
2016,88560,PDT,COLIGACAO:210000001636,NOVA RAMADA,14,0,14,428,442,PDT,0.2323869610935857
2016,88560,PMDB,COLIGACAO:210000002375,NOVA RAMADA,19,0,19,424,443,PMDB,0.23291272344900105
2016,88560,PP,COLIGACAO:210000002375,NOVA RAMADA,17,0,17,305,322,PP,0.16929547844374343
2016,88560,PT,COLIGACAO:210000001636,NOVA RAMADA,2,0,2,363,365,PT,0.19190325972660358
2016,88560,PTB,COLIGACAO:210000001636,NOVA RAMADA,4,0,4,162,166,PTB,0.08727655099894847
2016,88579,PDT,COLIGACAO:210000002748,SANTO ANTÔNIO DAS MISSÕES,79,0,79,1631,1710,PDT,0.2320531958203284
2016,88579,PP,PARTIDO:PP,SANTO ANTÔNIO DAS MISSÕES,169,0,169,3315,3484,PP,0.4727914235310083
2016,88579,PSB,COLIGACAO:210000002744,SANTO ANTÔNIO DAS MISSÕES,78,0,78,1309,1387,PSB,0.1882209254987108
2016,88579,PSDB,COLIGACAO:210000002748,SANTO ANTÔNIO DAS MISSÕES,4,0,4,71,75,PSDB,0.010177771746505632
2016,88579,PT,COLIGACAO:210000002744,SANTO ANTÔNIO DAS MISSÕES,19,0,19,694,713,PT,0.09675668340344687
2016,88587,PMDB,PARTIDO:PMDB,JARI,52,0,52,1123,1175,PMDB,0.4410660660660661
2016,88587,PP,PARTIDO:PP,JARI,60,0,60,1044,1104,PP,0.4144144144144144
2016,88587,PSB,PARTIDO:PSB,JARI,13,0,13,372,385,PSB,0.14451951951951952
2016,88595,DEM,COLIGACAO:210000001177,SANTO AUGUSTO,27,0,27,1576,1603,DEM,0.17065900138400936
2016,88595,PDT,COLIGACAO:210000001628,SANTO AUGUSTO,232,0,232,2982,3214,PDT,0.34216970084105186
2016,88595,PMDB,COLIGACAO:210000001177,SANTO AUGUSTO,183,0,183,1456,1639,PMDB,0.17449164271265835
2016,88595,PP,COLIGACAO:210000001177,SANTO AUGUSTO,45,0,45,1569,1614,PP,0.17183008623442989
2016,88595,PPS,COLIGACAO:210000001177,SANTO AUGUSTO,1,0,1,401,402,PPS,0.04279782816991377
2016,88595,PSB,COLIGACAO:210000001177,SANTO AUGUSTO,6,0,6,114,120,PSB,0.012775471095496647
2016,88595,PSDB,COLIGACAO:210000001177,SANTO AUGUSTO,7,0,7,218,225,PSDB,0.023954008304056213
2016,88595,PT,COLIGACAO:210000001628,SANTO AUGUSTO,20,0,20,555,575,PT,0.061215798999254764
2016,88595,PTB,COLIGACAO:210000001177,SANTO AUGUSTO,1,0,1,0,1,PTB,0.00010646225912913872
2016,88609,PDT,COLIGACAO:210000002164,UBIRETAMA,21,0,21,335,356,PDT,0.204951065054692
2016,88609,PMDB,PARTIDO:PMDB,UBIRETAMA,23,0,23,348,371,PMDB,0.2135866436384571
2016,88609,PP,PARTIDO:PP,UBIRETAMA,17,0,17,389,406,PP,0.2337363270005757
2016,88609,PT,COLIGACAO:210000002164,UBIRETAMA,3,0,3,126,129,PT,0.07426597582037997
2016,88609,PTB,COLIGACAO:210000002164,UBIRETAMA,8,0,8,467,475,PTB,0.2734599884858952
2016,88617,PDT,COLIGACAO:210000001296,SANTO CRISTO,38,0,38,1435,1473,PDT,0.1370232558139535
2016,88617,PMDB,COLIGACAO:210000001296,SANTO CRISTO,270,0,270,4128,4398,PMDB,0.40911627906976744
2016,88617,PP,COLIGACAO:210000001296,SANTO CRISTO,51,0,51,371,422,PP,0.03925581395348837
2016,88617,PPS,COLIGACAO:210000000341,SANTO CRISTO,6,0,6,23,29,PPS,0.002697674418604651
2016,88617,PT,COLIGACAO:210000000341,SANTO CRISTO,207,0,207,3684,3891,PT,0.361953488372093
2016,88617,PTB,COLIGACAO:210000001296,SANTO CRISTO,9,0,9,528,537,PTB,0.04995348837209302
2016,88625,PDT,COLIGACAO:210000002800,BARRA DO QUARAÍ,8,0,8,258,266,PDT,0.11333617383894333
2016,88625,PP,COLIGACAO:210000002800,BARRA DO QUARAÍ,9,0,9,147,156,PP,0.06646783127396677
2016,88625,PSB,COLIGACAO:210000002794,BARRA DO QUARAÍ,29,0,29,307,336,PSB,0.14316148274392843
2016,88625,PSC,PARTIDO:PSC,BARRA DO QUARAÍ,39,0,39,144,183,PSC,0.07797187899446101
2016,88625,PT,COLIGACAO:210000002800,BARRA DO QUARAÍ,11,0,11,727,738,PT,0.3144439710268428
2016,88625,PTB,COLIGACAO:210000002794,BARRA DO QUARAÍ,8,0,8,660,668,PTB,0.2846186621218577
2016,88633,PDT,COLIGACAO:210000001384,SÃO BORJA,689,0,689,7504,8193,PDT,0.2239075182421907
2016,88633,PEN,COLIGACAO:210000002377,SÃO BORJA,6,0,6,348,354,PEN,0.009674510125440683
2016,88633,PMDB,COLIGACAO:210000001384,SÃO BORJA,39,0,39,1560,1599,PMDB,0.0436992703123719
2016,88633,PP,COLIGACAO:210000000317,SÃO BORJA,945,0,945,12282,13227,PP,0.361482331720915
2016,88633,PR,PARTIDO:PR,SÃO BORJA,15,0,15,389,404,PR,0.011040966357847558
2016,88633,PRB,COLIGACAO:210000002344,SÃO BORJA,22,0,22,241,263,PRB,0.0071875597824601675
2016,88633,PSB,COLIGACAO:210000002344,SÃO BORJA,47,0,47,2364,2411,PSB,0.06589051952665956
2016,88633,PSC,COLIGACAO:210000002344,SÃO BORJA,30,0,30,1026,1056,PSC,0.02885955562843322
2016,88633,PSD,COLIGACAO:210000001384,SÃO BORJA,7,0,7,415,422,PSD,0.011532890601514034
2016,88633,PSDB,COLIGACAO:210000000317,SÃO BORJA,25,0,25,1368,1393,PSDB,0.038069470634855565
2016,88633,PT,COLIGACAO:210000002377,SÃO BORJA,61,0,61,2536,2597,PT,0.07097373671121314
2016,88633,PTB,PARTIDO:PTB,SÃO BORJA,102,0,102,3782,3884,PTB,0.10614632013336613
2016,88633,REDE,COLIGACAO:210000002377,SÃO BORJA,10,0,10,370,380,REDE,0.010385067366292258
2016,88633,SD,COLIGACAO:210000002377,SÃO BORJA,18,0,18,390,408,SD,0.011150282856440109
2016,88641,PDT,COLIGACAO:210000001091,CERRITO,23,0,23,618,641,PDT,0.1370243693886276
2016,88641,PMDB,COLIGACAO:210000000738,CERRITO,58,0,58,1628,1686,PMDB,0.36041043180846516
2016,88641,PP,COLIGACAO:210000001091,CERRITO,77,0,77,751,828,PP,0.17699871740059855
2016,88641,PSB,COLIGACAO:210000000738,CERRITO,2,0,2,218,220,PSB,0.0470286447199658
2016,88641,PSDB,PARTIDO:PSDB,CERRITO,13,0,13,636,649,PSDB,0.1387345019238991
2016,88641,PT,COLIGACAO:210000000738,CERRITO,4,0,4,98,102,PT,0.021804189824711415
2016,88641,PTB,COLIGACAO:210000001091,CERRITO,11,0,11,541,552,PTB,0.11799914493373237
2016,88650,PDT,COLIGACAO:210000001275,SÃO FRANCISCO DE ASSIS,221,0,221,3855,4076,PDT,0.3120980091883614
2016,88650,PMDB,COLIGACAO:210000001275,SÃO FRANCISCO DE ASSIS,49,0,49,1514,1563,PMDB,0.11967840735068913
2016,88650,PP,COLIGACAO:210000001439,SÃO FRANCISCO DE ASSIS,279,0,279,5258,5537,PP,0.42396630934150076
2016,88650,PR,COLIGACAO:210000001439,SÃO FRANCISCO DE ASSIS,2,0,2,124,126,PR,0.009647779479326187
2016,88650,PROS,COLIGACAO:210000001287,SÃO FRANCISCO DE ASSIS,12,0,12,373,385,PROS,0.029479326186830017
2016,88650,PSD,COLIGACAO:210000001287,SÃO FRANCISCO DE ASSIS,2,0,2,20,22,PSD,0.0016845329249617152
2016,88650,PSDB,COLIGACAO:210000001439,SÃO FRANCISCO DE ASSIS,13,0,13,343,356,PSDB,0.027258805513016845
2016,88650,PT,PARTIDO:PT,SÃO FRANCISCO DE ASSIS,25,0,25,436,461,PT,0.03529862174578867
2016,88650,PTB,COLIGACAO:210000001275,SÃO FRANCISCO DE ASSIS,19,0,19,515,534,PTB,0.040888208269525265
2016,88668,DEM,COLIGACAO:210000000528,VALE VERDE,5,0,5,68,73,DEM,0.026344280043305666
2016,88668,PDT,COLIGACAO:210000000620,VALE VERDE,12,0,12,303,315,PDT,0.11367737278960664
2016,88668,PMDB,COLIGACAO:210000000528,VALE VERDE,43,0,43,1098,1141,PMDB,0.4117647058823529
2016,88668,PP,COLIGACAO:210000002397,VALE VERDE,13,0,13,283,296,PP,0.1068206423673764
2016,88668,PRB,COLIGACAO:210000000620,VALE VERDE,1,0,1,121,122,PRB,0.04402742692168892
2016,88668,PSB,COLIGACAO:210000002397,VALE VERDE,41,0,41,349,390,PSB,0.14074341392998918
2016,88668,PSDB,COLIGACAO:210000002397,VALE VERDE,1,0,1,64,65,PSDB,0.023457235654998194
2016,88668,PT,COLIGACAO:210000002397,VALE VERDE,7,0,7,235,242,PT,0.08733309274630098
2016,88668,PTB,PARTIDO:PTB,VALE VERDE,6,0,6,121,127,PTB,0.04583182966438109
2016,88676,PDT,COLIGACAO:210000002337,SÃO FRANCISCO DE PAULA,44,0,44,1377,1421,PDT,0.10748052340972696
2016,88676,PMDB,COLIGACAO:210000002337,SÃO FRANCISCO DE PAULA,40,0,40,1489,1529,PMDB,0.11564934573784132
2016,88676,PP,COLIGACAO:210000002340,SÃO FRANCISCO DE PAULA,200,0,200,1698,1898,PP,0.14355948869223206
2016,88676,PPS,COLIGACAO:210000002338,SÃO FRANCISCO DE PAULA,6,0,6,372,378,PPS,0.02859087814840027
2016,88676,PR,COLIGACAO:210000002363,SÃO FRANCISCO DE PAULA,6,0,6,0,6,PR,0.0004538234626730202
2016,88676,PRB,COLIGACAO:210000002338,SÃO FRANCISCO DE PAULA,11,0,11,119,130,PRB,0.00983284169124877
2016,88676,PSB,COLIGACAO:210000002338,SÃO FRANCISCO DE PAULA,18,0,18,1006,1024,PSB,0.07745253762952878
2016,88676,PSC,COLIGACAO:210000002403,SÃO FRANCISCO DE PAULA,8,0,8,397,405,PSC,0.03063308373042886
2016,88676,PSD,COLIGACAO:210000002340,SÃO FRANCISCO DE PAULA,20,0,20,641,661,PSD,0.049996218137811056
2016,88676,PSDB,COLIGACAO:210000002403,SÃO FRANCISCO DE PAULA,15,0,15,284,299,PSDB,0.02261553588987217
2016,88676,PT,COLIGACAO:210000002363,SÃO FRANCISCO DE PAULA,291,0,291,1995,2286,PT,0.1729067392784207
2016,88676,PTB,COLIGACAO:210000002403,SÃO FRANCISCO DE PAULA,155,0,155,2359,2514,PTB,0.19015203085999546
2016,88676,REDE,COLIGACAO:210000002403,SÃO FRANCISCO DE PAULA,10,0,10,660,670,REDE,0.05067695333182059
2016,88684,PDT,COLIGACAO:210000001665,NOVO CABRAIS,9,0,9,274,283,PDT,0.08707692307692308
2016,88684,PMDB,COLIGACAO:210000001665,NOVO CABRAIS,59,0,59,1064,1123,PMDB,0.3455384615384615
2016,88684,PP,PARTIDO:PP,NOVO CABRAIS,36,0,36,671,707,PP,0.21753846153846154
2016,88684,PSB,COLIGACAO:210000001665,NOVO CABRAIS,2,0,2,184,186,PSB,0.05723076923076923
2016,88684,PSDB,COLIGACAO:210000001319,NOVO CABRAIS,2,0,2,151,153,PSDB,0.04707692307692308
2016,88684,PT,COLIGACAO:210000001319,NOVO CABRAIS,48,0,48,750,798,PT,0.24553846153846154
2016,88692,DEM,COLIGACAO:210000001025,SÃO GABRIEL,40,0,40,532,572,DEM,0.01590125653285889
2016,88692,PC do B,COLIGACAO:210000000586,SÃO GABRIEL,5,0,5,748,753,PC DO B,0.020932947848326475
2016,88692,PDT,COLIGACAO:210000000726,SÃO GABRIEL,576,0,576,6225,6801,PDT,0.18906371622372956
2016,88692,PEN,COLIGACAO:210000001025,SÃO GABRIEL,2,0,2,51,53,PEN,0.0014733681752474147
2016,88692,PMDB,COLIGACAO:210000001435,SÃO GABRIEL,31,0,31,679,710,PMDB,0.019737573668408764
2016,88692,PP,COLIGACAO:210000001025,SÃO GABRIEL,464,0,464,4002,4466,PP,0.12415211831424441
2016,88692,PPS,COLIGACAO:210000001025,SÃO GABRIEL,38,0,38,1267,1305,PPS,0.03627821639052597
2016,88692,PR,COLIGACAO:210000000726,SÃO GABRIEL,62,0,62,3324,3386,PR,0.09412876681863672
2016,88692,PRB,COLIGACAO:210000000619,SÃO GABRIEL,21,0,21,370,391,PRB,0.010869565217391304
2016,88692,PROS,COLIGACAO:210000001025,SÃO GABRIEL,4,0,4,407,411,PROS,0.011425553208050707
2016,88692,PSB,COLIGACAO:210000001025,SÃO GABRIEL,39,0,39,2766,2805,PSB,0.07797731568998109
2016,88692,PSC,COLIGACAO:210000001435,SÃO GABRIEL,19,0,19,767,786,PSC,0.02185032803291449
2016,88692,PSD,COLIGACAO:210000001435,SÃO GABRIEL,15,0,15,1067,1082,PSD,0.030078950294673636
2016,88692,PSDB,COLIGACAO:210000000726,SÃO GABRIEL,63,0,63,3565,3628,PSDB,0.10085622150561548
2016,88692,PT,COLIGACAO:210000000586,SÃO GABRIEL,176,0,176,4167,4343,PT,0.12073279217168909
2016,88692,PT do B,COLIGACAO:210000000586,SÃO GABRIEL,7,0,7,62,69,PT DO B,0.0019181585677749361
2016,88692,PTB,COLIGACAO:210000000619,SÃO GABRIEL,39,0,39,1776,1815,PTB,0.05045591015234071
2016,88692,PV,COLIGACAO:210000001435,SÃO GABRIEL,11,0,11,516,527,PV,0.014650283553875236
2016,88692,SD,COLIGACAO:210000000619,SÃO GABRIEL,22,0,22,2047,2069,SD,0.05751695763371511
2016,88706,PDT,COLIGACAO:210000000831,SETE DE SETEMBRO,11,0,11,415,426,PDT,0.26296296296296295
2016,88706,PMDB,COLIGACAO:210000000327,SETE DE SETEMBRO,15,0,15,422,437,PMDB,0.2697530864197531
2016,88706,PP,COLIGACAO:210000000327,SETE DE SETEMBRO,43,0,43,272,315,PP,0.19444444444444445
2016,88706,PT,COLIGACAO:210000000831,SETE DE SETEMBRO,31,0,31,411,442,PT,0.27283950617283953
2016,88714,DEM,COLIGACAO:210000000967,SÃO JERÔNIMO,3,0,3,18,21,DEM,0.0015877816422198699
2016,88714,PDT,COLIGACAO:210000000716,SÃO JERÔNIMO,59,0,59,2023,2082,PDT,0.15741720852865568
2016,88714,PMDB,COLIGACAO:210000000271,SÃO JERÔNIMO,15,0,15,304,319,PMDB,0.02411915923181612
2016,88714,PP,PARTIDO:PP,SÃO JERÔNIMO,73,0,73,2636,2709,PP,0.2048238318463632
2016,88714,PPS,COLIGACAO:210000000340,SÃO JERÔNIMO,4,0,4,82,86,PPS,0.006502343868138515
2016,88714,PRB,COLIGACAO:210000000967,SÃO JERÔNIMO,5,0,5,55,60,PRB,0.004536518977771057
2016,88714,PSB,COLIGACAO:210000000340,SÃO JERÔNIMO,8,0,8,292,300,PSB,0.022682594888855285
2016,88714,PSDB,COLIGACAO:210000000967,SÃO JERÔNIMO,192,0,192,2350,2542,PSDB,0.1921971873582338
2016,88714,PT,PARTIDO:PT,SÃO JERÔNIMO,80,0,80,1487,1567,PT,0.1184787539694541
2016,88714,PTB,COLIGACAO:210000000340,SÃO JERÔNIMO,34,0,34,1120,1154,PTB,0.08725238167246332
2016,88714,REDE,COLIGACAO:210000000716,SÃO JERÔNIMO,1,0,1,42,43,REDE,0.0032511719340692575
2016,88714,SD,COLIGACAO:210000000271,SÃO JERÔNIMO,142,0,142,2201,2343,SD,0.17715106608195977
2016,88722,DEM,COLIGACAO:210000002661,TABAÍ,31,0,31,265,296,DEM,0.0885432246485193
2016,88722,PDT,COLIGACAO:210000001050,TABAÍ,8,0,8,137,145,PDT,0.04337421477714628
2016,88722,PMDB,COLIGACAO:210000002661,TABAÍ,6,0,6,279,285,PMDB,0.08525276697577026
2016,88722,PP,COLIGACAO:210000001050,TABAÍ,42,0,42,239,281,PP,0.08405623691295244
2016,88722,PSB,COLIGACAO:210000002661,TABAÍ,6,0,6,426,432,PSB,0.12922524678432545
2016,88722,PSDB,COLIGACAO:210000002661,TABAÍ,7,0,7,176,183,PSDB,0.05474125037391565
2016,88722,PT,COLIGACAO:210000001417,TABAÍ,58,0,58,1230,1288,PT,0.3852826802273407
2016,88722,PT do B,COLIGACAO:210000001417,TABAÍ,1,0,1,116,117,PT DO B,0.03499850433742148
2016,88722,PTB,COLIGACAO:210000001050,TABAÍ,7,0,7,309,316,PTB,0.09452587496260843
2016,88730,DEM,COLIGACAO:210000000678,SÃO JOSÉ DO NORTE,5,0,5,386,391,DEM,0.021967526265520534
2016,88730,PDT,COLIGACAO:210000000678,SÃO JOSÉ DO NORTE,66,0,66,2328,2394,PDT,0.13450193831114107
2016,88730,PMDB,COLIGACAO:210000000668,SÃO JOSÉ DO NORTE,35,0,35,1760,1795,PMDB,0.10084836226754312
2016,88730,PP,PARTIDO:PP,SÃO JOSÉ DO NORTE,100,0,100,3627,3727,PP,0.20939378616776225
2016,88730,PRB,COLIGACAO:210000000668,SÃO JOSÉ DO NORTE,7,0,7,243,250,PRB,0.014045732906343053
2016,88730,PSB,COLIGACAO:210000000668,SÃO JOSÉ DO NORTE,212,0,212,1560,1772,PSB,0.09955615484015956
2016,88730,PSDB,COLIGACAO:210000000678,SÃO JOSÉ DO NORTE,140,0,140,1637,1777,PSDB,0.09983706949828643
2016,88730,PT,PARTIDO:PT,SÃO JOSÉ DO NORTE,203,0,203,2733,2936,PT,0.16495308725209282
2016,88730,PTB,COLIGACAO:210000000678,SÃO JOSÉ DO NORTE,3,0,3,176,179,PTB,0.010056744760941625
2016,88730,SD,PARTIDO:SD,SÃO JOSÉ DO NORTE,67,0,67,2511,2578,SD,0.14483959773020957
2016,88749,PDT,COLIGACAO:210000000992,VILA LÂNGARO,26,0,26,359,385,PDT,0.19454269833249116
2016,88749,PMDB,PARTIDO:PMDB,VILA LÂNGARO,30,0,30,1076,1106,PMDB,0.5588681152097019
2016,88749,PP,COLIGACAO:210000000992,VILA LÂNGARO,7,0,7,182,189,PP,0.09550277918140475
2016,88749,PSB,COLIGACAO:210000000992,VILA LÂNGARO,2,0,2,297,299,PSB,0.1510864072764022
2016,88749,PSD,COLIGACAO:210000000992,VILA LÂNGARO,0,0,0,0,0,PSD,0.0
2016,88757,DEM,COLIGACAO:210000001495,SÃO JOSÉ DO OURO,9,0,9,184,193,DEM,0.051951547779273216
2016,88757,PMDB,COLIGACAO:210000001495,SÃO JOSÉ DO OURO,105,0,105,492,597,PMDB,0.160699865410498
2016,88757,PP,COLIGACAO:210000001495,SÃO JOSÉ DO OURO,26,0,26,341,367,PP,0.09878869448183042
2016,88757,PPS,COLIGACAO:210000001495,SÃO JOSÉ DO OURO,7,0,7,208,215,PPS,0.05787348586810229
2016,88757,PSDB,COLIGACAO:210000001495,SÃO JOSÉ DO OURO,32,0,32,1185,1217,PSDB,0.3275908479138627
2016,88757,PT,COLIGACAO:210000001495,SÃO JOSÉ DO OURO,13,0,13,539,552,PT,0.14858681022880216
2016,88757,PTB,COLIGACAO:210000001495,SÃO JOSÉ DO OURO,13,0,13,561,574,PTB,0.15450874831763123
2016,88765,PDT,COLIGACAO:210000000122,SENADOR SALGADO FILHO,40,0,40,728,768,PDT,0.3144963144963145
2016,88765,PMDB,COLIGACAO:210000000122,SENADOR SALGADO FILHO,15,0,15,404,419,PMDB,0.17158067158067158
2016,88765,PP,COLIGACAO:210000000437,SENADOR SALGADO FILHO,17,0,17,690,707,PP,0.2895167895167895
2016,88765,PPS,COLIGACAO:210000000437,SENADOR SALGADO FILHO,2,0,2,145,147,PPS,0.060196560196560195
2016,88765,PSDB,COLIGACAO:210000000437,SENADOR SALGADO FILHO,25,0,25,239,264,PSDB,0.10810810810810811
2016,88765,PT,COLIGACAO:210000000122,SENADOR SALGADO FILHO,1,0,1,14,15,PT,0.006142506142506142
2016,88765,PTB,COLIGACAO:210000000437,SENADOR SALGADO FILHO,2,0,2,120,122,PTB,0.049959049959049956
2016,88773,DEM,COLIGACAO:210000001168,SÃO LEOPOLDO,31,0,31,473,504,DEM,0.004525780786982993
2016,88773,PC do B,COLIGACAO:210000002192,SÃO LEOPOLDO,35,0,35,836,871,PC DO B,0.007821339415599576
2016,88773,PDT,COLIGACAO:210000001131,SÃO LEOPOLDO,1354,0,1354,15682,17036,PDT,0.1529785743790521
2016,88773,PEN,COLIGACAO:210000001168,SÃO LEOPOLDO,31,0,31,1273,1304,PEN,0.011709559813940123
2016,88773,PHS,COLIGACAO:210000001131,SÃO LEOPOLDO,33,0,33,1433,1466,PHS,0.013164275066898943
2016,88773,PMDB,COLIGACAO:210000002167,SÃO LEOPOLDO,380,0,380,13929,14309,PMDB,0.12849086762091197
2016,88773,PMN,COLIGACAO:210000001184,SÃO LEOPOLDO,14,0,14,112,126,PMN,0.0011314451967457482
2016,88773,PP,COLIGACAO:210000001210,SÃO LEOPOLDO,992,0,992,13157,14149,PP,0.12705411181552057
2016,88773,PPS,COLIGACAO:210000001527,SÃO LEOPOLDO,34,0,34,0,34,PPS,0.00030531060864567806
2016,88773,PR,COLIGACAO:210000001368,SÃO LEOPOLDO,57,0,57,1050,1107,PR,0.00994055422855193
2016,88773,PRB,COLIGACAO:210000001210,SÃO LEOPOLDO,60,0,60,2258,2318,PRB,0.020814999730608286
2016,88773,PROS,COLIGACAO:210000001184,SÃO LEOPOLDO,11,0,11,7,18,PROS,0.00016163502810653544
2016,88773,PSB,COLIGACAO:210000001527,SÃO LEOPOLDO,230,0,230,14683,14913,PSB,0.13391462078626462
2016,88773,PSC,COLIGACAO:210000001184,SÃO LEOPOLDO,78,0,78,3700,3778,PSC,0.03392539645480505
2016,88773,PSD,COLIGACAO:210000001368,SÃO LEOPOLDO,368,0,368,7509,7877,PSD,0.07073328424417664
2016,88773,PSDB,COLIGACAO:210000001527,SÃO LEOPOLDO,1117,0,1117,5395,6512,PSDB,0.05847596127943105
2016,88773,PSDC,COLIGACAO:210000001168,SÃO LEOPOLDO,14,0,14,806,820,PSDC,0.0073633735026310595
2016,88773,PSL,COLIGACAO:210000001527,SÃO LEOPOLDO,46,0,46,1688,1734,PSL,0.015570841040929581
2016,88773,PSOL,PARTIDO:PSOL,SÃO LEOPOLDO,173,0,173,414,587,PSOL,0.005271097861029795
2016,88773,PT,COLIGACAO:210000002192,SÃO LEOPOLDO,2641,0,2641,11682,14323,PT,0.12861658375388374
2016,88773,PT do B,COLIGACAO:210000002192,SÃO LEOPOLDO,7,0,7,0,7,PT DO B,6.28580664858749e-05
2016,88773,PTB,COLIGACAO:210000002167,SÃO LEOPOLDO,105,0,105,2054,2159,PTB,0.019387223649000557
2016,88773,PTC,COLIGACAO:210000001168,SÃO LEOPOLDO,9,0,9,157,166,PTC,0.0014906341480936047
2016,88773,PTN,COLIGACAO:210000001184,SÃO LEOPOLDO,51,0,51,3187,3238,PTN,0.029076345611608986
2016,88773,PV,COLIGACAO:210000001168,SÃO LEOPOLDO,39,0,39,1325,1364,PV,0.012248343240961908
2016,88773,REDE,COLIGACAO:210000002192,SÃO LEOPOLDO,16,0,16,626,642,REDE,0.005764982669133097
2016,88781,PDT,PARTIDO:PDT,VESPASIANO CORRÊA,5,0,5,14,19,PDT,0.009026128266033254
2016,88781,PMDB,PARTIDO:PMDB,VESPASIANO CORRÊA,49,0,49,928,977,PMDB,0.4641330166270784
2016,88781,PP,PARTIDO:PP,VESPASIANO CORRÊA,44,0,44,1065,1109,PP,0.5268408551068884
2016,88790,DEM,COLIGACAO:210000002231,SÃO LOURENÇO DO SUL,8,0,8,670,678,DEM,0.02398641477393335
2016,88790,PDT,COLIGACAO:210000000551,SÃO LOURENÇO DO SUL,636,0,636,4522,5158,PDT,0.18248071888487935
2016,88790,PMDB,COLIGACAO:210000002238,SÃO LOURENÇO DO SUL,42,0,42,788,830,PMDB,0.0293639000919833
2016,88790,PP,COLIGACAO:210000002238,SÃO LOURENÇO DO SUL,110,0,110,2940,3050,PP,0.10790348828981816
2016,88790,PR,COLIGACAO:210000000551,SÃO LOURENÇO DO SUL,8,0,8,66,74,PR,0.0026179862732611616
2016,88790,PSB,PARTIDO:PSB,SÃO LOURENÇO DO SUL,33,0,33,2712,2745,PSB,0.09711313946083634
2016,88790,PSDB,COLIGACAO:210000002231,SÃO LOURENÇO DO SUL,116,0,116,5760,5876,PSDB,0.20788226137408902
2016,88790,PT,COLIGACAO:210000002211,SÃO LOURENÇO DO SUL,628,0,628,8468,9096,PT,0.3218000424538315
2016,88790,PTB,COLIGACAO:210000002211,SÃO LOURENÇO DO SUL,27,0,27,732,759,PTB,0.02685204839736786
2016,88803,PDT,COLIGACAO:210000001697,MONTE ALEGRE DOS CAMPOS,9,0,9,224,233,PDT,0.07935967302452317
2016,88803,PMDB,PARTIDO:PMDB,MONTE ALEGRE DOS CAMPOS,51,0,51,1007,1058,PMDB,0.3603542234332425
2016,88803,PP,COLIGACAO:210000001697,MONTE ALEGRE DOS CAMPOS,52,0,52,1051,1103,PP,0.3756811989100817
2016,88803,PT,COLIGACAO:210000001697,MONTE ALEGRE DOS CAMPOS,1,0,1,41,42,PT,0.01430517711171662
2016,88803,PTB,COLIGACAO:210000001697,MONTE ALEGRE DOS CAMPOS,8,0,8,492,500,PTB,0.17029972752043596
2016,88811,PDT,COLIGACAO:210000000512,SÃO LUIZ GONZAGA,290,0,290,5105,5395,PDT,0.2696690992702189
2016,88811,PMDB,COLIGACAO:210000000573,SÃO LUIZ GONZAGA,101,0,101,3916,4017,PMDB,0.20078976307107868
2016,88811,PP,COLIGACAO:210000002308,SÃO LUIZ GONZAGA,381,0,381,3247,3628,PP,0.18134559632110367
2016,88811,PRB,COLIGACAO:210000000512,SÃO LUIZ GONZAGA,10,0,10,0,10,PRB,0.000499850044986504
2016,88811,PSB,COLIGACAO:210000000573,SÃO LUIZ GONZAGA,2,0,2,262,264,PSB,0.013196041187643706
2016,88811,PSDB,PARTIDO:PSDB,SÃO LUIZ GONZAGA,265,0,265,1994,2259,PSDB,0.11291612516245127
2016,88811,PT,PARTIDO:PT,SÃO LUIZ GONZAGA,170,0,170,3410,3580,PT,0.17894631610516845
2016,88811,SD,COLIGACAO:210000002308,SÃO LUIZ GONZAGA,23,0,23,830,853,SD,0.0426372088373488
2016,88820,PDT,COLIGACAO:210000001422,MARQUES DE SOUZA,20,0,20,573,593,PDT,0.19135204904808004
2016,88820,PMDB,PARTIDO:PMDB,MARQUES DE SOUZA,11,0,11,570,581,PMDB,0.18747983220393674
2016,88820,PP,COLIGACAO:210000000366,MARQUES DE SOUZA,44,0,44,831,875,PP,0.28234914488544693
2016,88820,PSB,COLIGACAO:210000000366,MARQUES DE SOUZA,6,0,6,340,346,PSB,0.11164891900613101
2016,88820,PT,COLIGACAO:210000001422,MARQUES DE SOUZA,6,0,6,163,169,PT,0.05453372055501775
2016,88820,PT do B,COLIGACAO:210000001422,MARQUES DE SOUZA,0,0,0,8,8,PT DO B,0.0025814778960955146
2016,88820,PTB,COLIGACAO:210000001422,MARQUES DE SOUZA,46,0,46,481,527,PTB,0.17005485640529203
2016,88838,DEM,COLIGACAO:210000001246,SÃO MARCOS,1,0,1,0,1,DEM,7.238508867173362e-05
2016,88838,PC do B,COLIGACAO:210000000468,SÃO MARCOS,5,0,5,65,70,PC DO B,0.005066956207021353
2016,88838,PDT,COLIGACAO:210000000768,SÃO MARCOS,33,0,33,1105,1138,PDT,0.08237423090843286
2016,88838,PMDB,COLIGACAO:210000000768,SÃO MARCOS,217,0,217,3634,3851,PMDB,0.2787549764748462
2016,88838,PP,COLIGACAO:210000001246,SÃO MARCOS,220,0,220,3965,4185,PP,0.30293159609120524
2016,88838,PPS,COLIGACAO:210000000850,SÃO MARCOS,5,0,5,284,289,PPS,0.02091929062613102
2016,88838,PRB,COLIGACAO:210000001374,SÃO MARCOS,8,0,8,0,8,PRB,0.0005790807093738689
2016,88838,PSB,COLIGACAO:210000000468,SÃO MARCOS,68,0,68,1442,1510,PSB,0.10930148389431778
2016,88838,PSD,COLIGACAO:210000001246,SÃO MARCOS,16,0,16,225,241,PSD,0.017444806369887805
2016,88838,PSDB,COLIGACAO:210000000768,SÃO MARCOS,11,0,11,34,45,PSDB,0.003257328990228013
2016,88838,PT,COLIGACAO:210000000468,SÃO MARCOS,10,0,10,63,73,PT,0.0052841114730365546
2016,88838,PTB,COLIGACAO:210000001374,SÃO MARCOS,24,0,24,1333,1357,PTB,0.09822656532754252
2016,88838,REDE,COLIGACAO:210000000850,SÃO MARCOS,52,0,52,995,1047,REDE,0.0757871878393051
2016,88846,DEM,COLIGACAO:210000000464,CHUÍ,53,0,53,737,790,DEM,0.25699414443721535
2016,88846,PDT,COLIGACAO:210000001446,CHUÍ,52,0,52,312,364,PDT,0.11841249186727391
2016,88846,PHS,COLIGACAO:210000001446,CHUÍ,2,0,2,78,80,PHS,0.026024723487312947
2016,88846,PMDB,COLIGACAO:210000001602,CHUÍ,7,0,7,94,101,PMDB,0.03285621340273259
2016,88846,PP,COLIGACAO:210000000999,CHUÍ,52,0,52,816,868,PP,0.2823682498373455
2016,88846,PPS,COLIGACAO:210000000464,CHUÍ,3,0,3,23,26,PPS,0.008458035133376708
2016,88846,PR,COLIGACAO:210000000464,CHUÍ,1,0,1,83,84,PR,0.027325959661678594
2016,88846,PSD,COLIGACAO:210000000464,CHUÍ,4,0,4,0,4,PSD,0.0013012361743656475
2016,88846,PSDB,COLIGACAO:210000000464,CHUÍ,5,0,5,151,156,PSDB,0.05074821080026025
2016,88846,PT,COLIGACAO:210000001602,CHUÍ,7,0,7,485,492,PT,0.16005204944697463
2016,88846,PTB,COLIGACAO:210000000999,CHUÍ,8,0,8,92,100,PTB,0.03253090435914118
2016,88846,PV,COLIGACAO:210000000464,CHUÍ,0,0,0,9,9,PV,0.0029277813923227064
2016,88854,PDT,COLIGACAO:210000000750,SÃO MARTINHO,18,0,18,368,386,PDT,0.08804744525547445
2016,88854,PMDB,COLIGACAO:210000000867,SÃO MARTINHO,24,0,24,881,905,PMDB,0.20643248175182483
2016,88854,PP,COLIGACAO:210000000750,SÃO MARTINHO,80,0,80,1310,1390,PP,0.3170620437956204
2016,88854,PSB,COLIGACAO:210000000867,SÃO MARTINHO,51,0,51,374,425,PSB,0.09694343065693431
2016,88854,PT,COLIGACAO:210000000750,SÃO MARTINHO,6,0,6,230,236,PT,0.053832116788321165
2016,88854,PTB,COLIGACAO:210000000750,SÃO MARTINHO,23,0,23,1019,1042,PTB,0.23768248175182483
2016,88862,PDT,COLIGACAO:210000002627,ARARICÁ,6,0,6,173,179,PDT,0.04155060352831941
2016,88862,PMDB,COLIGACAO:210000002555,ARARICÁ,83,0,83,1159,1242,PMDB,0.2883008356545961
2016,88862,PP,COLIGACAO:210000002635,ARARICÁ,87,0,87,1211,1298,PP,0.30129990714948934
2016,88862,PROS,COLIGACAO:210000002635,ARARICÁ,6,0,6,396,402,PROS,0.09331476323119778
2016,88862,PSD,COLIGACAO:210000002555,ARARICÁ,2,0,2,96,98,PSD,0.02274837511606314
2016,88862,PSDB,PARTIDO:PSDB,ARARICÁ,14,0,14,868,882,PSDB,0.20473537604456823
2016,88862,REDE,COLIGACAO:210000002627,ARARICÁ,0,0,0,207,207,REDE,0.04805013927576602
2016,88870,PDT,COLIGACAO:210000000208,SÃO NICOLAU,25,0,25,324,349,PDT,0.08937259923175415
2016,88870,PMDB,COLIGACAO:210000001396,SÃO NICOLAU,132,0,132,1337,1469,PMDB,0.37618437900128043
2016,88870,PP,COLIGACAO:210000000208,SÃO NICOLAU,103,0,103,881,984,PP,0.25198463508322666
2016,88870,PSDB,COLIGACAO:210000001396,SÃO NICOLAU,5,0,5,156,161,PSDB,0.0412291933418694
2016,88870,PT,COLIGACAO:210000000208,SÃO NICOLAU,17,0,17,554,571,PT,0.14622279129321383
2016,88870,PTB,COLIGACAO:210000000208,SÃO NICOLAU,12,0,12,359,371,PTB,0.09500640204865557
2016,88889,PMDB,COLIGACAO:210000000977,PASSA SETE,28,0,28,997,1025,PMDB,0.27289669861554844
2016,88889,PP,COLIGACAO:210000000977,PASSA SETE,77,0,77,907,984,PP,0.26198083067092653
2016,88889,PSB,COLIGACAO:210000000977,PASSA SETE,0,0,0,9,9,PSB,0.0023961661341853034
2016,88889,PTB,PARTIDO:PTB,PASSA SETE,60,0,60,1678,1738,PTB,0.4627263045793397
2016,88897,PDT,COLIGACAO:210000000391,SÃO PAULO DAS MISSÕES,7,0,7,0,7,PDT,0.0014934926392148496
2016,88897,PMDB,COLIGACAO:210000000391,SÃO PAULO DAS MISSÕES,69,0,69,1244,1313,PMDB,0.2801365478984425
2016,88897,PP,COLIGACAO:210000000538,SÃO PAULO DAS MISSÕES,64,0,64,1458,1522,PP,0.3247279709835716
2016,88897,PSB,COLIGACAO:210000000391,SÃO PAULO DAS MISSÕES,5,0,5,657,662,PSB,0.1412417324514615
2016,88897,PSDB,COLIGACAO:210000000538,SÃO PAULO DAS MISSÕES,2,0,2,20,22,PSDB,0.004693834008960956
2016,88897,PT,COLIGACAO:210000000391,SÃO PAULO DAS MISSÕES,9,0,9,626,635,PT,0.1354811179859185
2016,88897,PTB,COLIGACAO:210000000538,SÃO PAULO DAS MISSÕES,14,0,14,512,526,PTB,0.11222530403243013
2016,88900,PMDB,COLIGACAO:210000000216,TOROPI,62,0,62,1266,1328,PMDB,0.5648660144619311
2016,88900,PP,COLIGACAO:210000001338,TOROPI,47,0,47,436,483,PP,0.20544449170565718
2016,88900,PSB,COLIGACAO:210000001338,TOROPI,4,0,4,126,130,PSB,0.05529561888558061
2016,88900,PSDB,COLIGACAO:210000000216,TOROPI,5,0,5,96,101,PSDB,0.042960442364951085
2016,88900,PT,COLIGACAO:210000001338,TOROPI,4,0,4,186,190,PT,0.08081667375584857
2016,88900,PTB,COLIGACAO:210000001338,TOROPI,1,0,1,118,119,PTB,0.05061675882603148
2016,88919,DEM,COLIGACAO:210000002530,SÃO PEDRO DO SUL,23,0,23,1362,1385,DEM,0.13909812192427437
2016,88919,PDT,COLIGACAO:210000001081,SÃO PEDRO DO SUL,23,0,23,99,122,PDT,0.01225268655217435
2016,88919,PMDB,PARTIDO:PMDB,SÃO PEDRO DO SUL,62,0,62,2035,2097,PMDB,0.21060560409761978
2016,88919,PP,COLIGACAO:210000002530,SÃO PEDRO DO SUL,199,0,199,525,724,PP,0.07271266445716582
2016,88919,PPL,COLIGACAO:210000002530,SÃO PEDRO DO SUL,2,0,2,18,20,PPL,0.002008637139700713
2016,88919,PSD,PARTIDO:PSD,SÃO PEDRO DO SUL,16,0,16,970,986,PSD,0.09902581098724515
2016,88919,PSDB,COLIGACAO:210000001081,SÃO PEDRO DO SUL,16,0,16,0,16,PSDB,0.0016069097117605705
2016,88919,PT,COLIGACAO:210000001081,SÃO PEDRO DO SUL,187,0,187,2792,2979,PT,0.2991865019584212
2016,88919,PTB,COLIGACAO:210000002530,SÃO PEDRO DO SUL,41,0,41,1424,1465,PTB,0.14713267048307724
2016,88919,REDE,COLIGACAO:210000001081,SÃO PEDRO DO SUL,4,0,4,159,163,REDE,0.01637039268856081
2016,88927,PDT,COLIGACAO:210000000098,BALNEÁRIO PINHAL,21,0,21,640,661,PDT,0.10105488457422412
2016,88927,PMDB,COLIGACAO:210000000100,BALNEÁRIO PINHAL,119,0,119,1705,1824,PMDB,0.2788564439688121
2016,88927,PP,COLIGACAO:210000000100,BALNEÁRIO PINHAL,24,0,24,601,625,PP,0.09555113896957652
2016,88927,PSB,COLIGACAO:210000000096,BALNEÁRIO PINHAL,10,0,10,900,910,PSB,0.1391224583397034
2016,88927,PSD,COLIGACAO:210000000093,BALNEÁRIO PINHAL,0,0,0,39,39,PSD,0.005962391071701574
2016,88927,PSDB,COLIGACAO:210000000096,BALNEÁRIO PINHAL,3,0,3,4,7,PSDB,0.001070172756459257
2016,88927,PT,COLIGACAO:210000000098,BALNEÁRIO PINHAL,6,0,6,299,305,PT,0.04662895581715334
2016,88927,PTB,COLIGACAO:210000000093,BALNEÁRIO PINHAL,179,0,179,1862,2041,PTB,0.31203179941904907
2016,88927,PV,PARTIDO:PV,BALNEÁRIO PINHAL,0,0,0,129,129,PV,0.019721755083320594
2016,88935,DEM,COLIGACAO:210000000926,SÃO SEBASTIÃO DO CAÍ,9,0,9,197,206,DEM,0.013750750951204859
2016,88935,PDT,PARTIDO:PDT,SÃO SEBASTIÃO DO CAÍ,86,0,86,374,460,PDT,0.03070556037647687
2016,88935,PMDB,COLIGACAO:210000000641,SÃO SEBASTIÃO DO CAÍ,490,0,490,6167,6657,PMDB,0.4443628596221881
2016,88935,PMN,PARTIDO:PMN,SÃO SEBASTIÃO DO CAÍ,4,0,4,18,22,PMN,0.0014685268006141112
2016,88935,PP,COLIGACAO:210000001622,SÃO SEBASTIÃO DO CAÍ,43,0,43,1098,1141,PP,0.07616313997730459
2016,88935,PSB,COLIGACAO:210000000926,SÃO SEBASTIÃO DO CAÍ,38,0,38,2122,2160,PSB,0.14418263133302184
2016,88935,PSD,COLIGACAO:210000000641,SÃO SEBASTIÃO DO CAÍ,9,0,9,550,559,PSD,0.03731393097924037
2016,88935,PSDB,COLIGACAO:210000001622,SÃO SEBASTIÃO DO CAÍ,250,0,250,2948,3198,PSDB,0.213470395834724
2016,88935,PT,COLIGACAO:210000001622,SÃO SEBASTIÃO DO CAÍ,26,0,26,291,317,PT,0.021160136172485147
2016,88935,PTB,COLIGACAO:210000000926,SÃO SEBASTIÃO DO CAÍ,15,0,15,246,261,PTB,0.017422067952740136
2016,88943,PDT,COLIGACAO:210000001373,MAMPITUBA,19,0,19,124,143,PDT,0.05621069182389937
2016,88943,PMDB,COLIGACAO:210000001642,MAMPITUBA,12,0,12,819,831,PMDB,0.3266509433962264
2016,88943,PP,COLIGACAO:210000001373,MAMPITUBA,14,0,14,299,313,PP,0.12303459119496855
2016,88943,PSDB,COLIGACAO:210000001373,MAMPITUBA,10,0,10,541,551,PSDB,0.2165880503144654
2016,88943,PT,COLIGACAO:210000001642,MAMPITUBA,19,0,19,457,476,PT,0.1871069182389937
2016,88943,PTB,COLIGACAO:210000001642,MAMPITUBA,6,0,6,224,230,PTB,0.09040880503144653
2016,88951,PDT,PARTIDO:PDT,SÃO SEPÉ,120,0,120,2875,2995,PDT,0.199626741318403
2016,88951,PMDB,PARTIDO:PMDB,SÃO SEPÉ,271,0,271,2767,3038,PMDB,0.20249283476638005
2016,88951,PP,COLIGACAO:210000000772,SÃO SEPÉ,364,0,364,4851,5215,PP,0.34759714723721924
2016,88951,PPS,COLIGACAO:210000001309,SÃO SEPÉ,14,0,14,513,527,PPS,0.03512630807171899
2016,88951,PRB,COLIGACAO:210000000772,SÃO SEPÉ,11,0,11,13,24,PRB,0.0015996800639872025
2016,88951,PSB,COLIGACAO:210000000772,SÃO SEPÉ,14,0,14,1020,1034,PSB,0.06891954942344865
2016,88951,PSDB,COLIGACAO:210000001309,SÃO SEPÉ,12,0,12,517,529,PSDB,0.03525961474371792
2016,88951,PT,PARTIDO:PT,SÃO SEPÉ,61,0,61,588,649,PT,0.04325801506365393
2016,88951,PTB,COLIGACAO:210000001309,SÃO SEPÉ,19,0,19,465,484,PTB,0.03226021462374192
2016,88951,SD,COLIGACAO:210000000772,SÃO SEPÉ,9,0,9,499,508,SD,0.03385989468772912
2016,88978,PDT,COLIGACAO:210000002494,SÃO VALENTIM,9,0,9,100,109,PDT,0.0394356005788712
2016,88978,PMDB,COLIGACAO:210000002689,SÃO VALENTIM,50,0,50,692,742,PMDB,0.26845151953690305
2016,88978,PP,COLIGACAO:210000002494,SÃO VALENTIM,30,0,30,422,452,PP,0.16353111432706222
2016,88978,PPS,COLIGACAO:210000002689,SÃO VALENTIM,12,0,12,491,503,PPS,0.18198263386396527
2016,88978,PSB,COLIGACAO:210000002689,SÃO VALENTIM,9,0,9,354,363,PSB,0.1313314037626628
2016,88978,PSDB,COLIGACAO:210000002494,SÃO VALENTIM,5,0,5,120,125,PSDB,0.04522431259044862
2016,88978,PT,COLIGACAO:210000002494,SÃO VALENTIM,12,0,12,328,340,PT,0.12301013024602026
2016,88978,PT do B,COLIGACAO:210000002494,SÃO VALENTIM,0,0,0,0,0,PT DO B,0.0
2016,88978,PTB,COLIGACAO:210000002689,SÃO VALENTIM,2,0,2,128,130,PTB,0.04703328509406657
2016,88986,DEM,COLIGACAO:210000002374,ACEGUÁ,2,0,2,110,112,DEM,0.03490183857899657
2016,88986,PDT,COLIGACAO:210000002489,ACEGUÁ,9,0,9,289,298,PDT,0.09286382050483016
2016,88986,PMDB,PARTIDO:PMDB,ACEGUÁ,48,0,48,1177,1225,PMDB,0.381738859457775
2016,88986,PP,COLIGACAO:210000002374,ACEGUÁ,27,0,27,399,426,PP,0.1327516360236834
2016,88986,PSB,COLIGACAO:210000002489,ACEGUÁ,0,0,0,0,0,PSB,0.0
2016,88986,PSDB,COLIGACAO:210000002489,ACEGUÁ,74,0,74,926,1000,PSDB,0.3116235587410408
2016,88986,PT,PARTIDO:PT,ACEGUÁ,20,0,20,128,148,PT,0.046120286693674045
2016,88994,DEM,COLIGACAO:210000000537,SAPIRANGA,309,0,309,4066,4375,DEM,0.08967369025170124
2016,88994,PC do B,COLIGACAO:210000000928,SAPIRANGA,3,0,3,313,316,PC DO B,0.006477002541608592
2016,88994,PDT,COLIGACAO:210000001225,SAPIRANGA,97,0,97,3664,3761,PDT,0.07708862835123391
2016,88994,PEN,COLIGACAO:210000001225,SAPIRANGA,11,0,11,662,673,PEN,0.013794375666147413
2016,88994,PHS,COLIGACAO:210000000928,SAPIRANGA,23,0,23,1152,1175,PHS,0.02408379109617119
2016,88994,PMDB,PARTIDO:PMDB,SAPIRANGA,102,0,102,3071,3173,PMDB,0.06503648438140526
2016,88994,PMN,COLIGACAO:210000000928,SAPIRANGA,13,0,13,307,320,PMN,0.006558989915553005
2016,88994,PP,COLIGACAO:210000000539,SAPIRANGA,821,0,821,13091,13912,PP,0.28515208657866686
2016,88994,PPS,COLIGACAO:210000000537,SAPIRANGA,9,0,9,57,66,PPS,0.0013527916700828073
2016,88994,PR,COLIGACAO:210000000537,SAPIRANGA,22,0,22,82,104,PR,0.0021316717225547265
2016,88994,PRB,COLIGACAO:210000000539,SAPIRANGA,36,0,36,523,559,PRB,0.011457735508731656
2016,88994,PROS,COLIGACAO:210000000541,SAPIRANGA,2,0,2,62,64,PROS,0.001311797983110601
2016,88994,PSB,COLIGACAO:210000000541,SAPIRANGA,5,0,5,371,376,PSB,0.0077068131507747805
2016,88994,PSC,COLIGACAO:210000000928,SAPIRANGA,18,0,18,630,648,PSC,0.013281954578994835
2016,88994,PSD,COLIGACAO:210000000537,SAPIRANGA,19,0,19,1222,1241,PSD,0.025436582766253997
2016,88994,PSDB,COLIGACAO:210000000537,SAPIRANGA,34,0,34,1633,1667,PSDB,0.03416823809133394
2016,88994,PSL,COLIGACAO:210000000541,SAPIRANGA,23,0,23,1663,1686,PSL,0.03455767811756989
2016,88994,PT,COLIGACAO:210000000930,SAPIRANGA,996,0,996,8665,9661,PT,0.19802000491924243
2016,88994,PTB,COLIGACAO:210000000541,SAPIRANGA,64,0,64,4363,4427,PTB,0.0907395261129786
2016,88994,PV,COLIGACAO:210000000930,SAPIRANGA,3,0,3,110,113,PV,0.002316143313929655
2016,88994,REDE,COLIGACAO:210000000928,SAPIRANGA,4,0,4,135,139,REDE,0.0028490612445683365
2016,88994,SD,COLIGACAO:210000000539,SAPIRANGA,12,0,12,320,332,SD,0.006804952037386243
2016,89001,PDT,COLIGACAO:210000000809,ALMIRANTE TAMANDARÉ DO SUL,44,0,44,384,428,PDT,0.2433200682205799
2016,89001,PMDB,COLIGACAO:210000000809,ALMIRANTE TAMANDARÉ DO SUL,6,0,6,209,215,PMDB,0.12222853894258101
2016,89001,PP,COLIGACAO:210000000809,ALMIRANTE TAMANDARÉ DO SUL,13,0,13,323,336,PP,0.19101762364980102
2016,89001,PSDB,PARTIDO:PSDB,ALMIRANTE TAMANDARÉ DO SUL,11,0,11,426,437,PSDB,0.24843661171119955
2016,89001,PT,COLIGACAO:210000000809,ALMIRANTE TAMANDARÉ DO SUL,4,0,4,339,343,PT,0.19499715747583854
2016,89010,DEM,COLIGACAO:210000001040,SAPUCAIA DO SUL,29,0,29,1069,1098,DEM,0.015256356815339725
2016,89010,PC do B,COLIGACAO:210000001118,SAPUCAIA DO SUL,10,0,10,964,974,PC DO B,0.013533416701403362
2016,89010,PDT,COLIGACAO:210000000199,SAPUCAIA DO SUL,156,0,156,1031,1187,PDT,0.01649298318743921
2016,89010,PEN,COLIGACAO:210000000792,SAPUCAIA DO SUL,28,0,28,954,982,PEN,0.013644574128108935
2016,89010,PHS,COLIGACAO:210000001118,SAPUCAIA DO SUL,21,0,21,929,950,PHS,0.013199944421286648
2016,89010,PMDB,PARTIDO:PMDB,SAPUCAIA DO SUL,259,0,259,12094,12353,PMDB,0.171640961511741
2016,89010,PMN,COLIGACAO:210000001040,SAPUCAIA DO SUL,19,0,19,194,213,PMN,0.002959566486035848
2016,89010,PP,COLIGACAO:210000000722,SAPUCAIA DO SUL,953,0,953,8135,9088,PP,0.12627483673752954
2016,89010,PPS,COLIGACAO:210000001619,SAPUCAIA DO SUL,33,0,33,1105,1138,PPS,0.015812143948867582
2016,89010,PR,COLIGACAO:210000001180,SAPUCAIA DO SUL,44,0,44,853,897,PR,0.012463526469362234
2016,89010,PRB,COLIGACAO:210000001118,SAPUCAIA DO SUL,89,0,89,5392,5481,PRB,0.07615673197165486
2016,89010,PROS,COLIGACAO:210000000792,SAPUCAIA DO SUL,9,0,9,363,372,PROS,0.005168820341809087
2016,89010,PRP,COLIGACAO:210000001180,SAPUCAIA DO SUL,50,0,50,1174,1224,PRP,0.01700708628595248
2016,89010,PRTB,COLIGACAO:210000000792,SAPUCAIA DO SUL,5,0,5,152,157,PRTB,0.002181464499096846
2016,89010,PSB,COLIGACAO:210000000305,SAPUCAIA DO SUL,912,0,912,7691,8603,PSB,0.11953591774350424
2016,89010,PSC,COLIGACAO:210000000199,SAPUCAIA DO SUL,28,0,28,1237,1265,PSC,0.017576768097818534
2016,89010,PSD,COLIGACAO:210000000305,SAPUCAIA DO SUL,37,0,37,2451,2488,PSD,0.03456995970543282
2016,89010,PSDB,COLIGACAO:210000001040,SAPUCAIA DO SUL,69,0,69,1666,1735,PSDB,0.024107266916770877
2016,89010,PSTU,PARTIDO:PSTU,SAPUCAIA DO SUL,29,0,29,85,114,PSTU,0.0015839933305543976
2016,89010,PT,PARTIDO:PT,SAPUCAIA DO SUL,1542,0,1542,11710,13252,PT,0.18413227733777962
2016,89010,PT do B,COLIGACAO:210000000792,SAPUCAIA DO SUL,3,0,3,62,65,PT DO B,0.0009031540919827706
2016,89010,PTB,COLIGACAO:210000000199,SAPUCAIA DO SUL,126,0,126,5016,5142,PTB,0.07144643601500625
2016,89010,PTC,COLIGACAO:210000001040,SAPUCAIA DO SUL,6,0,6,180,186,PTC,0.0025844101709045436
2016,89010,PV,COLIGACAO:210000000792,SAPUCAIA DO SUL,17,0,17,483,500,PV,0.006947339169098236
2016,89010,REDE,COLIGACAO:210000001180,SAPUCAIA DO SUL,15,0,15,317,332,REDE,0.004613033208281228
2016,89010,SD,COLIGACAO:210000001118,SAPUCAIA DO SUL,25,0,25,2149,2174,SD,0.030207030707239128
2016,89028,DEM,COLIGACAO:210000000877,ARROIO DO PADRE,22,0,22,754,776,DEM,0.3162184189079055
2016,89028,PDT,COLIGACAO:210000000877,ARROIO DO PADRE,10,0,10,245,255,PDT,0.1039119804400978
2016,89028,PMDB,COLIGACAO:210000001117,ARROIO DO PADRE,20,0,20,227,247,PMDB,0.1006519967400163
2016,89028,PP,COLIGACAO:210000001117,ARROIO DO PADRE,17,0,17,529,546,PP,0.22249388753056235
2016,89028,PSB,COLIGACAO:210000001117,ARROIO DO PADRE,6,0,6,284,290,PSB,0.11817440912795436
2016,89028,PSDB,COLIGACAO:210000000877,ARROIO DO PADRE,1,0,1,264,265,PSDB,0.10798696006519967
2016,89028,PTB,COLIGACAO:210000000877,ARROIO DO PADRE,0,0,0,75,75,PTB,0.030562347188264057
2016,89036,DEM,COLIGACAO:210000002381,SARANDI,1,0,1,0,1,DEM,6.875687568756875e-05
2016,89036,PC do B,COLIGACAO:210000002381,SARANDI,2,0,2,103,105,PC DO B,0.007219471947194719
2016,89036,PDT,COLIGACAO:210000002381,SARANDI,291,0,291,4257,4548,PDT,0.3127062706270627
2016,89036,PMDB,COLIGACAO:210000002381,SARANDI,14,0,14,1055,1069,PMDB,0.073501100110011
2016,89036,PP,COLIGACAO:210000001308,SARANDI,254,0,254,5984,6238,PP,0.4289053905390539
2016,89036,PPS,COLIGACAO:210000002485,SARANDI,9,0,9,0,9,PPS,0.0006188118811881188
2016,89036,PR,COLIGACAO:210000001308,SARANDI,9,0,9,324,333,PR,0.022896039603960396
2016,89036,PSB,COLIGACAO:210000002381,SARANDI,3,0,3,83,86,PSB,0.005913091309130913
2016,89036,PSC,COLIGACAO:210000001308,SARANDI,6,0,6,441,447,PSC,0.030734323432343235
2016,89036,PSD,COLIGACAO:210000002381,SARANDI,8,0,8,0,8,PSD,0.00055005500550055
2016,89036,PSDB,COLIGACAO:210000001308,SARANDI,3,0,3,0,3,PSDB,0.00020627062706270627
2016,89036,PT,COLIGACAO:210000001308,SARANDI,12,0,12,538,550,PT,0.037816281628162814
2016,89036,PT do B,COLIGACAO:210000002485,SARANDI,4,0,4,75,79,PT DO B,0.005431793179317932
2016,89036,PTB,COLIGACAO:210000002381,SARANDI,15,0,15,355,370,PTB,0.02544004400440044
2016,89036,PTN,COLIGACAO:210000002381,SARANDI,2,0,2,0,2,PTN,0.0001375137513751375
2016,89036,PV,COLIGACAO:210000002485,SARANDI,0,0,0,16,16,PV,0.0011001100110011
2016,89036,REDE,COLIGACAO:210000001308,SARANDI,6,0,6,674,680,REDE,0.046754675467546754
2016,89044,PDT,COLIGACAO:210000000184,BOA VISTA DO CADEADO,23,0,23,620,643,PDT,0.35446527012127893
2016,89044,PMDB,COLIGACAO:210000000184,BOA VISTA DO CADEADO,2,0,2,449,451,PMDB,0.2486218302094818
2016,89044,PP,COLIGACAO:210000000686,BOA VISTA DO CADEADO,24,0,24,570,594,PP,0.3274531422271224
2016,89044,PSC,COLIGACAO:210000000686,BOA VISTA DO CADEADO,3,0,3,123,126,PSC,0.06945975744211687
2016,89052,PDT,COLIGACAO:210000002443,SEBERI,23,0,23,564,587,PDT,0.07283782106961162
2016,89052,PMDB,COLIGACAO:210000002443,SEBERI,174,0,174,3638,3812,PMDB,0.473011539893287
2016,89052,PP,COLIGACAO:210000000835,SEBERI,168,0,168,2227,2395,PP,0.29718327335897754
2016,89052,PRB,COLIGACAO:210000000835,SEBERI,9,0,9,15,24,PRB,0.002978036977292468
2016,89052,PSB,COLIGACAO:210000000835,SEBERI,1,0,1,37,38,PSB,0.004715225214046408
2016,89052,PSD,COLIGACAO:210000000835,SEBERI,2,0,2,0,2,PSD,0.0002481697481077057
2016,89052,PSDB,COLIGACAO:210000002443,SEBERI,1,0,1,101,102,PSDB,0.012656657153492989
2016,89052,PT,COLIGACAO:210000000835,SEBERI,13,0,13,526,539,PT,0.06688174711502667
2016,89052,PTB,COLIGACAO:210000000835,SEBERI,7,0,7,553,560,PTB,0.06948752947015759
2016,89060,PDT,COLIGACAO:210000000147,BOA VISTA DO INCRA,6,0,6,131,137,PDT,0.06993363961204696
2016,89060,PMDB,COLIGACAO:210000000147,BOA VISTA DO INCRA,19,0,19,566,585,PMDB,0.2986217457886677
2016,89060,PP,COLIGACAO:210000000360,BOA VISTA DO INCRA,29,0,29,717,746,PP,0.38080653394589076
2016,89060,PSB,COLIGACAO:210000000147,BOA VISTA DO INCRA,2,0,2,293,295,PSB,0.15058703420112302
2016,89060,PSDB,COLIGACAO:210000000147,BOA VISTA DO INCRA,4,0,4,104,108,PSDB,0.055130168453292494
2016,89060,PT,COLIGACAO:210000000360,BOA VISTA DO INCRA,3,0,3,85,88,PT,0.04492087799897907
2016,89079,DEM,COLIGACAO:210000000804,SELBACH,5,0,5,176,181,DEM,0.046733798089336434
2016,89079,PMDB,PARTIDO:PMDB,SELBACH,81,0,81,1894,1975,PMDB,0.5099406145107153
2016,89079,PP,COLIGACAO:210000000804,SELBACH,57,0,57,1660,1717,PP,0.4433255873999484
2016,89087,PDT,COLIGACAO:210000000432,BOZANO,2,0,2,352,354,PDT,0.15996384997740623
2016,89087,PMDB,COLIGACAO:210000000432,BOZANO,23,0,23,381,404,PMDB,0.18255761409850882
2016,89087,PP,PARTIDO:PP,BOZANO,41,0,41,1322,1363,PP,0.6159060099412562
2016,89087,PT,COLIGACAO:210000000432,BOZANO,1,0,1,91,92,PT,0.04157252598282874
2016,89095,DEM,COLIGACAO:210000002427,SERAFINA CORRÊA,22,0,22,1492,1514,DEM,0.14866457187745483
2016,89095,PC do B,COLIGACAO:210000002427,SERAFINA CORRÊA,3,0,3,339,342,PC DO B,0.033582089552238806
2016,89095,PDT,COLIGACAO:210000002427,SERAFINA CORRÊA,22,0,22,401,423,PDT,0.04153574234092695
2016,89095,PMDB,COLIGACAO:210000002596,SERAFINA CORRÊA,235,0,235,3690,3925,PMDB,0.38540848389630794
2016,89095,PP,COLIGACAO:210000002427,SERAFINA CORRÊA,151,0,151,2532,2683,PP,0.2634524744697565
2016,89095,PSB,COLIGACAO:210000002427,SERAFINA CORRÊA,7,0,7,502,509,PSB,0.04998036135113904
2016,89095,PSDB,COLIGACAO:210000002427,SERAFINA CORRÊA,5,0,5,0,5,PSDB,0.0004909662215239591
2016,89095,PT,COLIGACAO:210000002596,SERAFINA CORRÊA,7,0,7,275,282,PT,0.027690494893951294
2016,89095,PTB,COLIGACAO:210000002596,SERAFINA CORRÊA,15,0,15,486,501,PTB,0.04919481539670071
2016,89109,PDT,COLIGACAO:210000000133,CANUDOS DO VALE,9,0,9,258,267,PDT,0.16064981949458484
2016,89109,PMDB,COLIGACAO:210000000133,CANUDOS DO VALE,36,0,36,839,875,PMDB,0.52647412755716
2016,89109,PP,COLIGACAO:210000000133,CANUDOS DO VALE,14,0,14,336,350,PP,0.21058965102286403
2016,89109,PT,COLIGACAO:210000000133,CANUDOS DO VALE,0,0,0,60,60,PT,0.036101083032490974
2016,89109,PTB,COLIGACAO:210000000133,CANUDOS DO VALE,1,0,1,109,110,PTB,0.06618531889290012
2016,89117,PDT,COLIGACAO:210000001047,SERTÃO,24,0,24,558,582,PDT,0.1254580728605303
2016,89117,PMDB,COLIGACAO:210000002591,SERTÃO,99,0,99,873,972,PMDB,0.20952791549902997
2016,89117,PP,COLIGACAO:210000001047,SERTÃO,90,0,90,1228,1318,PP,0.28411295537831427
2016,89117,PPS,COLIGACAO:210000002591,SERTÃO,4,0,4,227,231,PPS,0.049795214485880576
2016,89117,PSB,COLIGACAO:210000002591,SERTÃO,7,0,7,548,555,PSB,0.11963785298555724
2016,89117,PSDB,COLIGACAO:210000002591,SERTÃO,5,0,5,0,5,PSDB,0.0010778184953653806
2016,89117,PT,COLIGACAO:210000002591,SERTÃO,9,0,9,304,313,PT,0.06747143780987282
2016,89117,PTB,COLIGACAO:210000002591,SERTÃO,14,0,14,649,663,PTB,0.14291873248544945
2016,89125,PC do B,COLIGACAO:210000000640,CAPÃO BONITO DO SUL,3,0,3,91,94,PC DO B,0.053837342497136315
2016,89125,PDT,COLIGACAO:210000000640,CAPÃO BONITO DO SUL,25,0,25,343,368,PDT,0.21076746849942726
2016,89125,PMDB,PARTIDO:PMDB,CAPÃO BONITO DO SUL,4,0,4,454,458,PMDB,0.2623138602520046
2016,89125,PP,COLIGACAO:210000000511,CAPÃO BONITO DO SUL,15,0,15,352,367,PP,0.21019473081328752
2016,89125,PPS,COLIGACAO:210000000511,CAPÃO BONITO DO SUL,2,0,2,49,51,PPS,0.029209621993127148
2016,89125,PSB,COLIGACAO:210000000511,CAPÃO BONITO DO SUL,1,0,1,66,67,PSB,0.03837342497136312
2016,89125,PT,COLIGACAO:210000000509,CAPÃO BONITO DO SUL,2,0,2,49,51,PT,0.029209621993127148
2016,89125,PTB,COLIGACAO:210000000509,CAPÃO BONITO DO SUL,3,0,3,161,164,PTB,0.09392898052691867
2016,89125,PV,PARTIDO:PV,CAPÃO BONITO DO SUL,4,0,4,122,126,PV,0.07216494845360824
2016,89133,PDT,COLIGACAO:210000000837,SEVERIANO DE ALMEIDA,22,0,22,665,687,PDT,0.2160377358490566
2016,89133,PMDB,COLIGACAO:210000002325,SEVERIANO DE ALMEIDA,73,0,73,1520,1593,PMDB,0.5009433962264151
2016,89133,PPS,COLIGACAO:210000000837,SEVERIANO DE ALMEIDA,24,0,24,175,199,PPS,0.06257861635220126
2016,89133,PSDB,COLIGACAO:210000002325,SEVERIANO DE ALMEIDA,1,0,1,108,109,PSDB,0.03427672955974843
2016,89133,PT,COLIGACAO:210000000837,SEVERIANO DE ALMEIDA,8,0,8,434,442,PT,0.1389937106918239
2016,89133,PTB,COLIGACAO:210000002325,SEVERIANO DE ALMEIDA,6,0,6,144,150,PTB,0.04716981132075472
2016,89141,PDT,PARTIDO:PDT,CAPÃO DO CIPÓ,14,0,14,470,484,PDT,0.19722901385493072
2016,89141,PMDB,COLIGACAO:210000002393,CAPÃO DO CIPÓ,32,0,32,643,675,PMDB,0.27506112469437655
2016,89141,PP,COLIGACAO:210000001017,CAPÃO DO CIPÓ,47,0,47,1005,1052,PP,0.4286878565607172
2016,89141,PSB,COLIGACAO:210000002393,CAPÃO DO CIPÓ,0,0,0,48,48,PSB,0.019559902200488997
2016,89141,PT,COLIGACAO:210000001017,CAPÃO DO CIPÓ,5,0,5,190,195,PT,0.07946210268948656
2016,89141,SD,COLIGACAO:210000002393,CAPÃO DO CIPÓ,0,0,0,0,0,SD,0.0
2016,89150,PC do B,COLIGACAO:210000000380,CAPÃO DA CANOA,3,0,3,39,42,PC DO B,0.0015926586022524743
2016,89150,PDT,PARTIDO:PDT,CAPÃO DA CANOA,440,0,440,6223,6663,PDT,0.25266391111448183
2016,89150,PMDB,COLIGACAO:210000000854,CAPÃO DA CANOA,48,0,48,2826,2874,PMDB,0.10898335292556217
2016,89150,PP,COLIGACAO:210000000854,CAPÃO DA CANOA,50,0,50,619,669,PP,0.02536877630730727
2016,89150,PPS,COLIGACAO:210000000284,CAPÃO DA CANOA,28,0,28,1709,1737,PPS,0.06586780933601305
2016,89150,PR,COLIGACAO:210000000708,CAPÃO DA CANOA,16,0,16,25,41,PR,0.001554738159341701
2016,89150,PRB,COLIGACAO:210000000284,CAPÃO DA CANOA,20,0,20,505,525,PRB,0.01990823252815593
2016,89150,PROS,COLIGACAO:210000000854,CAPÃO DA CANOA,5,0,5,376,381,PROS,0.014447688749004588
2016,89150,PSB,COLIGACAO:210000000708,CAPÃO DA CANOA,52,0,52,4377,4429,PSB,0.1679496416518145
2016,89150,PSC,COLIGACAO:210000000854,CAPÃO DA CANOA,4,0,4,35,39,PSC,0.0014788972735201547
2016,89150,PSD,COLIGACAO:210000000708,CAPÃO DA CANOA,26,0,26,1576,1602,PSD,0.060748549543058666
2016,89150,PSDB,COLIGACAO:210000001104,CAPÃO DA CANOA,23,0,23,934,957,PSDB,0.03628986386560995
2016,89150,PT,COLIGACAO:210000000380,CAPÃO DA CANOA,39,0,39,1268,1307,PT,0.04956201888438057
2016,89150,PTB,COLIGACAO:210000001104,CAPÃO DA CANOA,406,0,406,3186,3592,PTB,0.13621023093549733
2016,89150,PTN,COLIGACAO:210000000380,CAPÃO DA CANOA,15,0,15,844,859,PTN,0.032573660460354176
2016,89150,PV,COLIGACAO:210000000380,CAPÃO DA CANOA,4,0,4,79,83,PV,0.0031473967615941755
2016,89150,REDE,COLIGACAO:210000000854,CAPÃO DA CANOA,2,0,2,222,224,REDE,0.008494179212013196
2016,89150,SD,COLIGACAO:210000000284,CAPÃO DA CANOA,7,0,7,340,347,SD,0.0131583936900383
2016,89168,PDT,COLIGACAO:210000000803,COQUEIRO BAIXO,5,0,5,249,254,PDT,0.20222929936305734
2016,89168,PMDB,COLIGACAO:210000000803,COQUEIRO BAIXO,40,0,40,485,525,PMDB,0.4179936305732484
2016,89168,PP,COLIGACAO:210000001023,COQUEIRO BAIXO,28,0,28,352,380,PP,0.30254777070063693
2016,89168,PSDB,COLIGACAO:210000001023,COQUEIRO BAIXO,1,0,1,96,97,PSDB,0.07722929936305732
2016,89176,PDT,COLIGACAO:210000001136,SOBRADINHO,34,0,34,1414,1448,PDT,0.15538147869943128
2016,89176,PMDB,COLIGACAO:210000001136,SOBRADINHO,162,0,162,2187,2349,PMDB,0.25206567228243376
2016,89176,PP,COLIGACAO:210000000941,SOBRADINHO,175,0,175,2247,2422,PP,0.2598991308080266
2016,89176,PSB,COLIGACAO:210000000941,SOBRADINHO,13,0,13,799,812,PSB,0.08713381264084129
2016,89176,PSDB,COLIGACAO:210000000941,SOBRADINHO,19,0,19,738,757,PSDB,0.08123189183388775
2016,89176,PT,COLIGACAO:210000001136,SOBRADINHO,10,0,10,399,409,PT,0.043888829273527205
2016,89176,PTB,COLIGACAO:210000001136,SOBRADINHO,20,0,20,1102,1122,PTB,0.12039918446185213
2016,89184,PDT,COLIGACAO:210000001144,CORONEL PILAR,14,0,14,314,328,PDT,0.24278312361213916
2016,89184,PMDB,COLIGACAO:210000001183,CORONEL PILAR,24,0,24,451,475,PMDB,0.3515914137675796
2016,89184,PP,COLIGACAO:210000001144,CORONEL PILAR,7,0,7,363,370,PP,0.27387120651369357
2016,89184,PT,COLIGACAO:210000001183,CORONEL PILAR,0,0,0,118,118,PT,0.08734270910436713
2016,89184,PTB,COLIGACAO:210000001144,CORONEL PILAR,0,0,0,60,60,PTB,0.04441154700222058
2016,89192,PDT,PARTIDO:PDT,SOLEDADE,76,0,76,1606,1682,PDT,0.09026510679403241
2016,89192,PMDB,COLIGACAO:210000002764,SOLEDADE,432,0,432,6443,6875,PMDB,0.3689492325855962
2016,89192,PP,PARTIDO:PP,SOLEDADE,279,0,279,3460,3739,PP,0.2006547171836428
2016,89192,PSB,PARTIDO:PSB,SOLEDADE,72,0,72,1503,1575,PSB,0.0845229151014275
2016,89192,PSDB,PARTIDO:PSDB,SOLEDADE,50,0,50,2525,2575,PSDB,0.13818825802296877
2016,89192,PT,PARTIDO:PT,SOLEDADE,37,0,37,1958,1995,PT,0.10706235912847484
2016,89192,PTB,COLIGACAO:210000002764,SOLEDADE,13,0,13,180,193,PTB,0.010357411183857464
2016,89206,DEM,COLIGACAO:210000000367,CRUZALTENSE,13,0,13,411,424,DEM,0.22198952879581152
2016,89206,PDT,COLIGACAO:210000000367,CRUZALTENSE,3,0,3,137,140,PDT,0.07329842931937172
2016,89206,PMDB,COLIGACAO:210000000367,CRUZALTENSE,6,0,6,326,332,PMDB,0.17382198952879582
2016,89206,PP,COLIGACAO:210000000171,CRUZALTENSE,21,0,21,586,607,PP,0.31780104712041884
2016,89206,PT,COLIGACAO:210000000171,CRUZALTENSE,2,0,2,117,119,PT,0.06230366492146597
2016,89206,PTB,COLIGACAO:210000000171,CRUZALTENSE,5,0,5,283,288,PTB,0.15078534031413612
2016,89214,PDT,COLIGACAO:210000002588,TAPEJARA,201,0,201,1664,1865,PDT,0.13291049030786772
2016,89214,PMDB,COLIGACAO:210000001423,TAPEJARA,289,0,289,6164,6453,PMDB,0.4598774230330673
2016,89214,PP,PARTIDO:PP,TAPEJARA,115,0,115,1998,2113,PP,0.1505843785632839
2016,89214,PPS,COLIGACAO:210000001423,TAPEJARA,8,0,8,610,618,PPS,0.04404218928164196
2016,89214,PR,COLIGACAO:210000002588,TAPEJARA,6,0,6,0,6,PR,0.00042759407069555304
2016,89214,PRB,COLIGACAO:210000002586,TAPEJARA,15,408,423,0,423,PRB,0.030145381984036487
2016,89214,PSB,COLIGACAO:210000002586,TAPEJARA,35,438,473,1587,2060,PSB,0.1468072976054732
2016,89214,PT,COLIGACAO:210000002588,TAPEJARA,10,0,10,266,276,PT,0.01966932725199544
2016,89214,PTB,COLIGACAO:210000002588,TAPEJARA,8,0,8,210,218,PTB,0.015535917901938427
2016,89222,PMDB,PARTIDO:PMDB,FORQUETINHA,21,0,21,610,631,PMDB,0.2911859713890171
2016,89222,PP,COLIGACAO:210000000526,FORQUETINHA,25,0,25,1067,1092,PP,0.5039224734656207
2016,89222,PSDB,COLIGACAO:210000000526,FORQUETINHA,0,0,0,127,127,PSDB,0.0586063682510383
2016,89222,PTB,PARTIDO:PTB,FORQUETINHA,25,0,25,292,317,PTB,0.14628518689432396
2016,89230,DEM,COLIGACAO:210000002624,TAPERA,0,0,0,0,0,DEM,0.0
2016,89230,PDT,COLIGACAO:210000002473,TAPERA,23,0,23,326,349,PDT,0.05100847705349313
2016,89230,PMDB,COLIGACAO:210000002473,TAPERA,123,80,203,1061,1264,PMDB,0.1847413037123648
2016,89230,PP,PARTIDO:PP,TAPERA,44,0,44,2211,2255,PP,0.3295819935691318
2016,89230,PSB,COLIGACAO:210000002624,TAPERA,2,0,2,320,322,PSB,0.0470622624963461
2016,89230,PSDB,COLIGACAO:210000002624,TAPERA,5,0,5,35,40,PSDB,0.005846243788365975
2016,89230,PT,COLIGACAO:210000002624,TAPERA,22,0,22,507,529,PT,0.07731657410114001
2016,89230,PTB,COLIGACAO:210000002624,TAPERA,161,0,161,1922,2083,PTB,0.30444314527915817
2016,89247,DEM,COLIGACAO:210000002298,SANTA CECÍLIA DO SUL,2,0,2,139,141,DEM,0.08725247524752475
2016,89247,PDT,COLIGACAO:210000002298,SANTA CECÍLIA DO SUL,5,0,5,270,275,PDT,0.17017326732673269
2016,89247,PMDB,COLIGACAO:210000002658,SANTA CECÍLIA DO SUL,22,0,22,439,461,PMDB,0.28527227722772275
2016,89247,PP,COLIGACAO:210000002298,SANTA CECÍLIA DO SUL,2,0,2,149,151,PP,0.09344059405940594
2016,89247,PPS,COLIGACAO:210000002658,SANTA CECÍLIA DO SUL,4,0,4,9,13,PPS,0.008044554455445545
2016,89247,PSB,COLIGACAO:210000002298,SANTA CECÍLIA DO SUL,20,0,20,555,575,PSB,0.3558168316831683
2016,89249,PDT,COLIGACAO:210000002255,ITATI,9,0,9,357,366,PDT,0.15345911949685534
2016,89249,PMDB,COLIGACAO:210000002264,ITATI,62,0,62,1088,1150,PMDB,0.48218029350104824
2016,89249,PP,COLIGACAO:210000002255,ITATI,43,0,43,628,671,PP,0.2813417190775681
2016,89249,PT,COLIGACAO:210000002264,ITATI,3,0,3,45,48,PT,0.02012578616352201
2016,89249,PTB,PARTIDO:PTB,ITATI,0,150,150,0,150,PTB,0.06289308176100629
2016,89257,DEM,COLIGACAO:210000002804,TAPES,5,0,5,310,315,DEM,0.031408914148967994
2016,89257,PC do B,COLIGACAO:210000002807,TAPES,3,0,3,97,100,PC DO B,0.009971083856815235
2016,89257,PDT,COLIGACAO:210000002814,TAPES,203,0,203,2306,2509,PDT,0.25017449396749425
2016,89257,PMDB,COLIGACAO:210000002799,TAPES,168,0,168,1573,1741,PMDB,0.17359656994715325
2016,89257,PP,COLIGACAO:210000002834,TAPES,150,0,150,2294,2444,PP,0.24369328946056437
2016,89257,PRB,COLIGACAO:210000002804,TAPES,8,0,8,97,105,PRB,0.010469638049655998
2016,89257,PROS,COLIGACAO:210000002804,TAPES,2,0,2,196,198,PROS,0.019742746036494167
2016,89257,PRTB,COLIGACAO:210000002804,TAPES,3,0,3,226,229,PRTB,0.02283378203210689
2016,89257,PSB,COLIGACAO:210000002807,TAPES,2,0,2,250,252,PSB,0.025127131319174396
2016,89257,PSC,COLIGACAO:210000002814,TAPES,3,0,3,119,122,PSC,0.012164722305314587
2016,89257,PSDB,COLIGACAO:210000002834,TAPES,8,0,8,747,755,PSDB,0.07528168311895503
2016,89257,PT,COLIGACAO:210000002807,TAPES,12,0,12,419,431,PT,0.042975371422873665
2016,89257,PT do B,COLIGACAO:210000002799,TAPES,0,0,0,20,20,PT DO B,0.0019942167713630473
2016,89257,PTB,COLIGACAO:210000002807,TAPES,35,0,35,214,249,PTB,0.024827998803469937
2016,89257,PTN,COLIGACAO:210000002804,TAPES,21,0,21,538,559,PTN,0.05573835875959717
2016,89265,PDT,COLIGACAO:210000000937,JACUIZINHO,20,0,20,513,533,PDT,0.280378748027354
2016,89265,PMDB,COLIGACAO:210000000309,JACUIZINHO,12,0,12,164,176,PMDB,0.09258285113098369
2016,89265,PP,COLIGACAO:210000000699,JACUIZINHO,14,0,14,406,420,PP,0.22093634928984746
2016,89265,PPS,COLIGACAO:210000000309,JACUIZINHO,5,0,5,185,190,PPS,0.09994739610731194
2016,89265,PSB,PARTIDO:PSB,JACUIZINHO,11,0,11,109,120,PSB,0.0631246712256707
2016,89265,PSDB,COLIGACAO:210000000699,JACUIZINHO,5,0,5,132,137,PSDB,0.07206733298264072
2016,89265,PT,COLIGACAO:210000000937,JACUIZINHO,1,0,1,13,14,PT,0.007364544976328248
2016,89265,PTB,COLIGACAO:210000000699,JACUIZINHO,9,0,9,302,311,PTB,0.16359810625986324
2016,89273,DEM,COLIGACAO:210000000714,TAQUARA,5,0,5,540,545,DEM,0.01776633198591733
2016,89273,PC do B,COLIGACAO:210000000746,TAQUARA,6,0,6,126,132,PC DO B,0.004303038205763463
2016,89273,PDT,COLIGACAO:210000000746,TAQUARA,240,0,240,1568,1808,PDT,0.058938583909245015
2016,89273,PMDB,COLIGACAO:210000000746,TAQUARA,85,0,85,2159,2244,PMDB,0.07315164949797888
2016,89273,PP,PARTIDO:PP,TAQUARA,133,0,133,5814,5947,PP,0.19386491067935846
2016,89273,PRB,COLIGACAO:210000000553,TAQUARA,35,0,35,1258,1293,PRB,0.04215021515191029
2016,89273,PROS,COLIGACAO:210000000266,TAQUARA,10,0,10,588,598,PROS,0.01949406702307993
2016,89273,PSB,COLIGACAO:210000000714,TAQUARA,9,0,9,566,575,PSB,0.018744295214499936
2016,89273,PSC,COLIGACAO:210000000718,TAQUARA,5,0,5,695,700,PSC,0.02281914200026079
2016,89273,PSDB,COLIGACAO:210000000718,TAQUARA,235,0,235,3175,3410,PSDB,0.11116182031555613
2016,89273,PT,COLIGACAO:210000000553,TAQUARA,43,0,43,1326,1369,PT,0.044627721997652886
2016,89273,PTB,COLIGACAO:210000000266,TAQUARA,802,0,802,10549,11351,PTB,0.37002868692137175
2016,89273,REDE,COLIGACAO:210000000553,TAQUARA,5,0,5,453,458,REDE,0.014930238623027774
2016,89273,SD,COLIGACAO:210000000714,TAQUARA,13,0,13,233,246,SD,0.008019298474377363
2016,89281,PDT,COLIGACAO:210000001620,LAGOA BONITA DO SUL,6,0,6,116,122,PDT,0.05779251539554713
2016,89281,PP,COLIGACAO:210000001620,LAGOA BONITA DO SUL,16,0,16,196,212,PP,0.1004263382283278
2016,89281,PSB,COLIGACAO:210000001620,LAGOA BONITA DO SUL,13,0,13,762,775,PSB,0.3671245855045002
2016,89281,PSDB,COLIGACAO:210000001334,LAGOA BONITA DO SUL,15,0,15,203,218,PSDB,0.10326859308384652
2016,89281,PT,COLIGACAO:210000001334,LAGOA BONITA DO SUL,26,0,26,367,393,PT,0.1861676930364756
2016,89281,PTB,COLIGACAO:210000001620,LAGOA BONITA DO SUL,23,0,23,368,391,PTB,0.1852202747513027
2016,89290,DEM,COLIGACAO:210000002714,TAQUARI,1,0,1,0,1,DEM,5.689576695493855e-05
2016,89290,PC do B,COLIGACAO:210000002517,TAQUARI,7,0,7,274,281,PC DO B,0.015987710514337734
2016,89290,PDT,PARTIDO:PDT,TAQUARI,116,0,116,5110,5226,PDT,0.2973372781065089
2016,89290,PMDB,COLIGACAO:210000002701,TAQUARI,19,0,19,317,336,PMDB,0.019116977696859355
2016,89290,PP,COLIGACAO:210000002714,TAQUARI,50,0,50,1614,1664,PP,0.09467455621301775
2016,89290,PPS,COLIGACAO:210000002714,TAQUARI,11,0,11,613,624,PPS,0.03550295857988166
2016,89290,PR,COLIGACAO:210000002517,TAQUARI,6,0,6,156,162,PR,0.009217114246700046
2016,89290,PRB,COLIGACAO:210000002517,TAQUARI,4,0,4,96,100,PRB,0.005689576695493855
2016,89290,PSB,COLIGACAO:210000002517,TAQUARI,7,0,7,194,201,PSB,0.011436049157942649
2016,89290,PSC,COLIGACAO:210000002714,TAQUARI,4,0,4,278,282,PSC,0.016044606281292673
2016,89290,PSDB,COLIGACAO:210000002701,TAQUARI,260,0,260,4197,4457,PSDB,0.2535844333181611
2016,89290,PT,PARTIDO:PT,TAQUARI,341,0,341,3501,3842,PT,0.21859353664087391
2016,89290,PTB,COLIGACAO:210000002517,TAQUARI,9,0,9,391,400,PTB,0.02275830678197542
2016,89303,PMDB,COLIGACAO:210000000123,MATO QUEIMADO,9,0,9,387,396,PMDB,0.28205128205128205
2016,89303,PP,COLIGACAO:210000000123,MATO QUEIMADO,45,0,45,626,671,PP,0.4779202279202279
2016,89303,PT,COLIGACAO:210000000123,MATO QUEIMADO,6,0,6,113,119,PT,0.08475783475783476
2016,89303,PTB,COLIGACAO:210000000123,MATO QUEIMADO,4,0,4,214,218,PTB,0.15527065527065528
2016,89311,DEM,PARTIDO:DEM,TENENTE PORTELA,11,0,11,90,101,DEM,0.011711502782931354
2016,89311,PC do B,COLIGACAO:210000002868,TENENTE PORTELA,0,0,0,79,79,PC DO B,0.009160482374768089
2016,89311,PDT,COLIGACAO:210000002868,TENENTE PORTELA,170,0,170,1177,1347,PDT,0.15619202226345083
2016,89311,PMDB,COLIGACAO:210000001278,TENENTE PORTELA,168,0,168,2152,2320,PMDB,0.2690166975881262
2016,89311,PP,COLIGACAO:210000002868,TENENTE PORTELA,40,0,40,1569,1609,PP,0.18657235621521337
2016,89311,PSB,COLIGACAO:210000002868,TENENTE PORTELA,2,0,2,130,132,PSB,0.015306122448979591
2016,89311,PSD,COLIGACAO:210000001278,TENENTE PORTELA,15,0,15,957,972,PSD,0.11270871985157699
2016,89311,PSDB,PARTIDO:PSDB,TENENTE PORTELA,22,0,22,1035,1057,PSDB,0.12256493506493507
2016,89311,PT,PARTIDO:PT,TENENTE PORTELA,43,0,43,953,996,PT,0.11549165120593692
2016,89311,PTB,COLIGACAO:210000001278,TENENTE PORTELA,6,0,6,5,11,PTB,0.0012755102040816326
2016,89320,PDT,PARTIDO:PDT,NOVO XINGU,3,0,3,228,231,PDT,0.15735694822888283
2016,89320,PMDB,COLIGACAO:210000000482,NOVO XINGU,10,0,10,250,260,PMDB,0.1771117166212534
2016,89320,PP,COLIGACAO:210000000482,NOVO XINGU,9,0,9,303,312,PP,0.2125340599455041
2016,89320,PPS,COLIGACAO:210000000518,NOVO XINGU,1,0,1,45,46,PPS,0.031335149863760216
2016,89320,PSDB,COLIGACAO:210000000482,NOVO XINGU,1,0,1,98,99,PSDB,0.06743869209809264
2016,89320,PT,COLIGACAO:210000000518,NOVO XINGU,18,0,18,502,520,PT,0.3542234332425068
2016,89338,PDT,COLIGACAO:210000002582,TORRES,63,0,63,2973,3036,PDT,0.14907930272526393
2016,89338,PEN,COLIGACAO:210000002692,TORRES,4,0,4,45,49,PEN,0.002406088877976921
2016,89338,PMDB,PARTIDO:PMDB,TORRES,335,0,335,4807,5142,PMDB,0.252492020623619
2016,89338,PP,COLIGACAO:210000002392,TORRES,346,0,346,4172,4518,PP,0.22185121532040264
2016,89338,PPS,COLIGACAO:210000002692,TORRES,5,0,5,0,5,PPS,0.00024551927326295114
2016,89338,PRB,COLIGACAO:210000002692,TORRES,18,0,18,1349,1367,PRB,0.06712496931009085
2016,89338,PSB,COLIGACAO:210000002392,TORRES,9,0,9,0,9,PSB,0.00044193469187331206
2016,89338,PSD,COLIGACAO:210000002665,TORRES,10,0,10,1012,1022,PSD,0.050184139454947214
2016,89338,PSDB,COLIGACAO:210000002665,TORRES,11,0,11,499,510,PSDB,0.025042965872821017
2016,89338,PSOL,PARTIDO:PSOL,TORRES,0,0,0,0,0,PSOL,0.0
2016,89338,PT,COLIGACAO:210000002582,TORRES,57,0,57,1448,1505,PT,0.07390130125214829
2016,89338,PTB,COLIGACAO:210000002305,TORRES,33,0,33,1379,1412,PTB,0.0693346427694574
2016,89338,REDE,COLIGACAO:210000002305,TORRES,36,0,36,1516,1552,REDE,0.07620918242082003
2016,89338,SD,COLIGACAO:210000002692,TORRES,59,0,59,179,238,SD,0.011686717407316475
2016,89346,DEM,COLIGACAO:210000001250,PAULO BENTO,7,0,7,316,323,DEM,0.16606683804627248
2016,89346,PDT,COLIGACAO:210000001250,PAULO BENTO,4,0,4,120,124,PDT,0.06375321336760925
2016,89346,PMDB,COLIGACAO:210000000652,PAULO BENTO,20,0,20,435,455,PMDB,0.23393316195372751
2016,89346,PP,COLIGACAO:210000000652,PAULO BENTO,14,0,14,131,145,PP,0.07455012853470437
2016,89346,PPS,PARTIDO:PPS,PAULO BENTO,11,0,11,96,107,PPS,0.055012853470437016
2016,89346,PRB,COLIGACAO:210000001250,PAULO BENTO,19,0,19,268,287,PRB,0.14755784061696658
2016,89346,PT,PARTIDO:PT,PAULO BENTO,6,0,6,410,416,PT,0.21388174807197943
2016,89346,PTB,COLIGACAO:210000000652,PAULO BENTO,3,0,3,85,88,PTB,0.04524421593830334
2016,89354,DEM,COLIGACAO:210000000244,TRAMANDAÍ,6,0,6,0,6,DEM,0.0002432892709431514
2016,89354,PC do B,COLIGACAO:210000000386,TRAMANDAÍ,9,0,9,183,192,PC DO B,0.007785256670180845
2016,89354,PDT,COLIGACAO:210000000248,TRAMANDAÍ,110,0,110,4024,4134,PDT,0.16762630767983133
2016,89354,PEN,COLIGACAO:210000000386,TRAMANDAÍ,12,0,12,0,12,PEN,0.0004865785418863028
2016,89354,PMDB,COLIGACAO:210000000269,TRAMANDAÍ,543,0,543,8755,9298,PMDB,0.37701727353823694
2016,89354,PP,COLIGACAO:210000000244,TRAMANDAÍ,535,0,535,4421,4956,PP,0.20095693779904306
2016,89354,PPS,COLIGACAO:210000000386,TRAMANDAÍ,35,0,35,2466,2501,PPS,0.10141107777147028
2016,89354,PR,COLIGACAO:210000000386,TRAMANDAÍ,21,0,21,0,21,PR,0.0008515124483010299
2016,89354,PRB,COLIGACAO:210000000244,TRAMANDAÍ,29,0,29,1090,1119,PRB,0.04537344903089774
2016,89354,PSC,COLIGACAO:210000000386,TRAMANDAÍ,8,0,8,122,130,PSC,0.005271267537101614
2016,89354,PSD,COLIGACAO:210000000269,TRAMANDAÍ,3,0,3,0,3,PSD,0.0001216446354715757
2016,89354,PSDB,COLIGACAO:210000000269,TRAMANDAÍ,16,0,16,742,758,PSDB,0.030735544562484795
2016,89354,PSDC,COLIGACAO:210000000386,TRAMANDAÍ,2,0,2,66,68,PSDC,0.0027572784040223825
2016,89354,PSOL,PARTIDO:PSOL,TRAMANDAÍ,5,0,5,82,87,PSOL,0.0035276944286756953
2016,89354,PT,COLIGACAO:210000000248,TRAMANDAÍ,52,0,52,1046,1098,PT,0.044521936582596705
2016,89354,PTB,COLIGACAO:210000000244,TRAMANDAÍ,14,0,14,41,55,PTB,0.0022301516503122213
2016,89354,SD,COLIGACAO:210000000244,TRAMANDAÍ,3,0,3,221,224,SD,0.009082799448544319
2016,89362,PDT,COLIGACAO:210000000277,PINHAL DA SERRA,3,0,3,70,73,PDT,0.03235815602836879
2016,89362,PMDB,COLIGACAO:210000000277,PINHAL DA SERRA,9,0,9,497,506,PMDB,0.22429078014184398
2016,89362,PP,COLIGACAO:210000000374,PINHAL DA SERRA,18,0,18,1069,1087,PP,0.48182624113475175
2016,89362,PSB,COLIGACAO:210000000277,PINHAL DA SERRA,2,0,2,42,44,PSB,0.01950354609929078
2016,89362,PT,COLIGACAO:210000000277,PINHAL DA SERRA,22,0,22,434,456,PT,0.20212765957446807
2016,89362,PTB,COLIGACAO:210000000374,PINHAL DA SERRA,2,0,2,88,90,PTB,0.0398936170212766
2016,89370,PDT,COLIGACAO:210000001162,TRÊS COROAS,47,0,47,1505,1552,PDT,0.10716751829857754
2016,89370,PMDB,PARTIDO:PMDB,TRÊS COROAS,217,0,217,4176,4393,PMDB,0.30334207982322886
2016,89370,PP,COLIGACAO:210000001361,TRÊS COROAS,66,0,66,1370,1436,PP,0.09915757492059107
2016,89370,PRB,COLIGACAO:210000001361,TRÊS COROAS,7,0,7,164,171,PRB,0.011807761358928325
2016,89370,PSB,COLIGACAO:210000001162,TRÊS COROAS,11,0,11,673,684,PSB,0.0472310454357133
2016,89370,PSD,PARTIDO:PSD,TRÊS COROAS,254,0,254,3301,3555,PSD,0.24547714404087834
2016,89370,PSDB,COLIGACAO:210000001162,TRÊS COROAS,184,0,184,1327,1511,PSDB,0.10433641762187543
2016,89370,PT,COLIGACAO:210000001162,TRÊS COROAS,37,0,37,1143,1180,PT,0.08148045850020716
2016,89389,PDT,COLIGACAO:210000002479,QUATRO IRMÃOS,21,0,21,291,312,PDT,0.21636615811373092
2016,89389,PMDB,COLIGACAO:210000001229,QUATRO IRMÃOS,5,0,5,200,205,PMDB,0.1421636615811373
2016,89389,PP,COLIGACAO:210000001229,QUATRO IRMÃOS,29,0,29,402,431,PP,0.2988904299583911
2016,89389,PPS,COLIGACAO:210000002479,QUATRO IRMÃOS,1,0,1,0,1,PPS,0.0006934812760055479
2016,89389,PSB,COLIGACAO:210000001229,QUATRO IRMÃOS,2,0,2,63,65,PSB,0.04507628294036061
2016,89389,PSDB,COLIGACAO:210000001229,QUATRO IRMÃOS,1,0,1,195,196,PSDB,0.13592233009708737
2016,89389,PT,COLIGACAO:210000002479,QUATRO IRMÃOS,0,0,0,107,107,PT,0.07420249653259361
2016,89389,PTB,COLIGACAO:210000002479,QUATRO IRMÃOS,2,0,2,123,125,PTB,0.08668515950069348
2016,89397,DEM,COLIGACAO:210000002160,TRÊS DE MAIO,1,0,1,0,1,DEM,6.333523339033504e-05
2016,89397,PC do B,COLIGACAO:210000001102,TRÊS DE MAIO,3,0,3,63,66,PC DO B,0.004180125403762113
2016,89397,PDT,COLIGACAO:210000000901,TRÊS DE MAIO,100,0,100,2503,2603,PDT,0.1648616125150421
2016,89397,PMDB,COLIGACAO:210000002160,TRÊS DE MAIO,57,0,57,2611,2668,PMDB,0.1689784026854139
2016,89397,PP,COLIGACAO:210000002160,TRÊS DE MAIO,302,0,302,5026,5328,PP,0.3374501235037051
2016,89397,PPS,COLIGACAO:210000002160,TRÊS DE MAIO,5,0,5,0,5,PPS,0.0003166761669516752
2016,89397,PRB,COLIGACAO:210000000901,TRÊS DE MAIO,3,0,3,776,779,PRB,0.049338146811071
2016,89397,PSDB,COLIGACAO:210000002160,TRÊS DE MAIO,7,0,7,0,7,PSDB,0.0004433466337323453
2016,89397,PT,COLIGACAO:210000001102,TRÊS DE MAIO,321,0,321,3478,3799,PT,0.24061055164988282
2016,89397,PTB,COLIGACAO:210000002160,TRÊS DE MAIO,16,0,16,386,402,PTB,0.02546076382291469
2016,89397,REDE,COLIGACAO:210000000901,TRÊS DE MAIO,1,0,1,130,131,REDE,0.00829691557413389
2016,89400,PDT,COLIGACAO:210000000990,ROLADOR,32,0,32,268,300,PDT,0.14727540500736377
2016,89400,PMDB,COLIGACAO:210000000752,ROLADOR,33,0,33,892,925,PMDB,0.4540991654393716
2016,89400,PP,COLIGACAO:210000000990,ROLADOR,11,0,11,349,360,PP,0.17673048600883653
2016,89400,PSB,COLIGACAO:210000000752,ROLADOR,2,0,2,171,173,PSB,0.08492881688757978
2016,89400,PSDB,COLIGACAO:210000000990,ROLADOR,2,0,2,158,160,PSDB,0.07854688267059401
2016,89400,PT,COLIGACAO:210000000752,ROLADOR,1,0,1,118,119,PT,0.058419243986254296
2016,89419,PC do B,COLIGACAO:210000001231,TRÊS PASSOS,11,0,11,1267,1278,PC DO B,0.08457415128052412
2016,89419,PDT,COLIGACAO:210000001207,TRÊS PASSOS,44,0,44,1239,1283,PDT,0.08490503606644166
2016,89419,PMDB,COLIGACAO:210000001207,TRÊS PASSOS,40,0,40,1126,1166,PMDB,0.07716233207597115
2016,89419,PP,COLIGACAO:210000001207,TRÊS PASSOS,53,0,53,412,465,PP,0.030772285090331548
2016,89419,PPS,COLIGACAO:210000001207,TRÊS PASSOS,7,0,7,131,138,PPS,0.0091324200913242
2016,89419,PSB,COLIGACAO:210000001204,TRÊS PASSOS,13,0,13,729,742,PSB,0.04910330223016346
2016,89419,PSD,COLIGACAO:210000001228,TRÊS PASSOS,11,0,11,66,77,PSD,0.00509562570313017
2016,89419,PSDB,COLIGACAO:210000001204,TRÊS PASSOS,210,0,210,3382,3592,PSDB,0.23770763020316327
2016,89419,PT,COLIGACAO:210000001231,TRÊS PASSOS,17,0,17,1118,1135,PT,0.07511084640328237
2016,89419,PTB,COLIGACAO:210000001228,TRÊS PASSOS,362,0,362,4873,5235,PTB,0.34643637085566803
2016,89435,PC do B,COLIGACAO:210000000329,TRIUNFO,1,0,1,0,1,PC DO B,5.529138560212319e-05
2016,89435,PDT,COLIGACAO:210000000307,TRIUNFO,62,0,62,2301,2363,PDT,0.1306535441778171
2016,89435,PMDB,COLIGACAO:210000000329,TRIUNFO,214,0,214,4671,4885,PMDB,0.2700984186663718
2016,89435,PMN,COLIGACAO:210000001383,TRIUNFO,3,0,3,90,93,PMN,0.005142098860997457
2016,89435,PP,COLIGACAO:210000000307,TRIUNFO,213,0,213,2498,2711,PP,0.14989494636735595
2016,89435,PPS,COLIGACAO:210000000329,TRIUNFO,8,0,8,551,559,PPS,0.030907884551586863
2016,89435,PRB,COLIGACAO:210000000329,TRIUNFO,14,0,14,666,680,PRB,0.03759814220944377
2016,89435,PRTB,COLIGACAO:210000001383,TRIUNFO,1,0,1,32,33,PRTB,0.0018246157248700651
2016,89435,PSB,COLIGACAO:210000001383,TRIUNFO,233,0,233,1607,1840,PSB,0.10173614950790667
2016,89435,PSD,COLIGACAO:210000000307,TRIUNFO,29,0,29,1496,1525,PSD,0.08431936304323787
2016,89435,PSDB,COLIGACAO:210000001318,TRIUNFO,19,0,19,1198,1217,PSDB,0.06728961627778392
2016,89435,PT,COLIGACAO:210000000329,TRIUNFO,17,0,17,245,262,PT,0.014486343027756275
2016,89435,PT do B,COLIGACAO:210000001383,TRIUNFO,0,0,0,60,60,PT DO B,0.0033174831361273915
2016,89435,PTB,COLIGACAO:210000000329,TRIUNFO,10,0,10,95,105,PTB,0.0058055954882229345
2016,89435,PV,COLIGACAO:210000001318,TRIUNFO,8,0,8,689,697,PV,0.03853809576467986
2016,89435,REDE,COLIGACAO:210000001383,TRIUNFO,5,0,5,426,431,REDE,0.023830587194515095
2016,89435,SD,COLIGACAO:210000001318,TRIUNFO,11,0,11,613,624,SD,0.03450182461572487
2016,89443,DEM,COLIGACAO:210000000914,SANTA MARGARIDA DO SUL,0,0,0,0,0,DEM,0.0
2016,89443,PDT,COLIGACAO:210000000914,SANTA MARGARIDA DO SUL,45,0,45,905,950,PDT,0.41813380281690143
2016,89443,PMDB,PARTIDO:PMDB,SANTA MARGARIDA DO SUL,20,0,20,525,545,PMDB,0.23987676056338028
2016,89443,PP,COLIGACAO:210000000914,SANTA MARGARIDA DO SUL,10,0,10,117,127,PP,0.055897887323943664
2016,89443,PR,COLIGACAO:210000000163,SANTA MARGARIDA DO SUL,0,0,0,0,0,PR,0.0
2016,89443,PSB,COLIGACAO:210000000163,SANTA MARGARIDA DO SUL,15,0,15,232,247,PSB,0.10871478873239436
2016,89443,PSDB,COLIGACAO:210000000914,SANTA MARGARIDA DO SUL,4,0,4,35,39,PSDB,0.01716549295774648
2016,89443,PT,COLIGACAO:210000000914,SANTA MARGARIDA DO SUL,2,0,2,58,60,PT,0.02640845070422535
2016,89443,PTB,COLIGACAO:210000000914,SANTA MARGARIDA DO SUL,5,0,5,162,167,PTB,0.07350352112676056
2016,89443,SD,COLIGACAO:210000000914,SANTA MARGARIDA DO SUL,2,0,2,135,137,SD,0.06029929577464789
2016,89451,PDT,COLIGACAO:210000002311,TUCUNDUVA,12,0,12,39,51,PDT,0.012292118582791034
2016,89451,PMDB,COLIGACAO:210000002317,TUCUNDUVA,80,0,80,1269,1349,PMDB,0.32513858761147263
2016,89451,PP,COLIGACAO:210000002551,TUCUNDUVA,63,0,63,1614,1677,PP,0.4041937816341287
2016,89451,PSB,COLIGACAO:210000002317,TUCUNDUVA,10,0,10,244,254,PSB,0.061219570980959266
2016,89451,PSDB,COLIGACAO:210000002551,TUCUNDUVA,6,0,6,379,385,PSDB,0.09279344420342252
2016,89451,PT,COLIGACAO:210000002311,TUCUNDUVA,38,0,38,395,433,PT,0.10436249698722584
2016,89460,PMDB,COLIGACAO:210000001195,SÃO JOSÉ DO SUL,6,0,6,102,108,PMDB,0.0650994575045208
2016,89460,PP,COLIGACAO:210000001195,SÃO JOSÉ DO SUL,36,0,36,522,558,PP,0.33634719710669075
2016,89460,PSD,COLIGACAO:210000001195,SÃO JOSÉ DO SUL,11,0,11,688,699,PSD,0.4213381555153707
2016,89460,PSDB,COLIGACAO:210000001195,SÃO JOSÉ DO SUL,3,0,3,160,163,PSDB,0.09825195901145269
2016,89460,PT,COLIGACAO:210000001195,SÃO JOSÉ DO SUL,1,0,1,130,131,PT,0.07896323086196504
2016,89478,DEM,COLIGACAO:210000000548,TUPANCIRETÃ,5,0,5,170,175,DEM,0.013438795883888804
2016,89478,PC do B,COLIGACAO:210000000685,TUPANCIRETÃ,2,0,2,237,239,PC DO B,0.018353555521425282
2016,89478,PDT,COLIGACAO:210000000685,TUPANCIRETÃ,63,0,63,1007,1070,PDT,0.08216863769006297
2016,89478,PMDB,COLIGACAO:210000000318,TUPANCIRETÃ,43,0,43,946,989,PMDB,0.07594839502380586
2016,89478,PP,COLIGACAO:210000000548,TUPANCIRETÃ,210,0,210,3197,3407,PP,0.2616341575794809
2016,89478,PPL,COLIGACAO:210000001629,TUPANCIRETÃ,7,0,7,0,7,PPL,0.0005375518353555521
2016,89478,PPS,COLIGACAO:210000000548,TUPANCIRETÃ,16,0,16,694,710,PPS,0.05452311472892029
2016,89478,PRB,COLIGACAO:210000001629,TUPANCIRETÃ,9,0,9,0,9,PRB,0.000691138074028567
2016,89478,PSB,PARTIDO:PSB,TUPANCIRETÃ,145,0,145,1200,1345,PSB,0.10328674550760251
2016,89478,PSC,COLIGACAO:210000001629,TUPANCIRETÃ,11,0,11,250,261,PSC,0.020043004146828445
2016,89478,PSD,COLIGACAO:210000000318,TUPANCIRETÃ,87,0,87,925,1012,PSD,0.07771463676854554
2016,89478,PSDB,PARTIDO:PSDB,TUPANCIRETÃ,30,0,30,1735,1765,PSDB,0.13553985562893564
2016,89478,PT,PARTIDO:PT,TUPANCIRETÃ,217,0,217,1416,1633,PT,0.12540316387651668
2016,89478,PTB,COLIGACAO:210000000318,TUPANCIRETÃ,12,0,12,388,400,PTB,0.03071724773460298
2016,89486,PDT,COLIGACAO:210000000476,SÃO PEDRO DAS MISSÕES,10,0,10,359,369,PDT,0.2633832976445396
2016,89486,PMDB,COLIGACAO:210000000474,SÃO PEDRO DAS MISSÕES,0,0,0,0,0,PMDB,0.0
2016,89486,PP,COLIGACAO:210000000474,SÃO PEDRO DAS MISSÕES,26,0,26,338,364,PP,0.2598144182726624
2016,89486,PSC,COLIGACAO:210000000474,SÃO PEDRO DAS MISSÕES,3,0,3,40,43,PSC,0.030692362598144184
2016,89486,PT,COLIGACAO:210000000476,SÃO PEDRO DAS MISSÕES,9,0,9,455,464,PT,0.331192005710207
2016,89486,PTB,COLIGACAO:210000000474,SÃO PEDRO DAS MISSÕES,5,0,5,156,161,PTB,0.11491791577444682
2016,89494,PDT,COLIGACAO:210000001320,TUPARENDI,150,0,150,1552,1702,PDT,0.2696451204055767
2016,89494,PMDB,COLIGACAO:210000001320,TUPARENDI,9,0,9,191,200,PMDB,0.031685678073510776
2016,89494,PP,COLIGACAO:210000001519,TUPARENDI,92,0,92,1525,1617,PP,0.2561787072243346
2016,89494,PSB,COLIGACAO:210000001519,TUPARENDI,6,0,6,376,382,PSB,0.06051964512040558
2016,89494,PSDB,COLIGACAO:210000001320,TUPARENDI,10,0,10,605,615,PSDB,0.09743346007604563
2016,89494,PT,COLIGACAO:210000001320,TUPARENDI,22,0,22,1046,1068,PT,0.16920152091254753
2016,89494,PTB,COLIGACAO:210000001519,TUPARENDI,24,0,24,704,728,PTB,0.11533586818757921
2016,89508,PDT,COLIGACAO:210000000196,TIO HUGO,39,0,39,986,1025,PDT,0.49326275264677577
2016,89508,PMDB,COLIGACAO:210000000196,TIO HUGO,7,0,7,114,121,PMDB,0.058229066410009626
2016,89508,PP,COLIGACAO:210000000196,TIO HUGO,10,0,10,167,177,PP,0.08517805582290663
2016,89508,PSB,COLIGACAO:210000000196,TIO HUGO,0,0,0,148,148,PSB,0.0712223291626564
2016,89508,PSD,COLIGACAO:210000000196,TIO HUGO,4,0,4,323,327,PSD,0.1573628488931665
2016,89508,PSDB,COLIGACAO:210000000196,TIO HUGO,1,0,1,89,90,PSDB,0.04331087584215592
2016,89508,PT,COLIGACAO:210000000196,TIO HUGO,1,0,1,0,1,PT,0.00048123195380173246
2016,89508,REDE,COLIGACAO:210000000196,TIO HUGO,1,0,1,188,189,REDE,0.09095283926852743
2016,89516,DEM,COLIGACAO:210000002776,URUGUAIANA,19,0,19,3165,3184,DEM,0.05185752210948061
2016,89516,PC do B,COLIGACAO:210000002747,URUGUAIANA,4,0,4,246,250,PC DO B,0.004071727552566002
2016,89516,PDT,COLIGACAO:210000002747,URUGUAIANA,164,0,164,4393,4557,PDT,0.07421944982817309
2016,89516,PEN,COLIGACAO:210000002759,URUGUAIANA,6,0,6,18,24,PEN,0.00039088584504633623
2016,89516,PMDB,COLIGACAO:210000002752,URUGUAIANA,456,0,456,6619,7075,PMDB,0.11522988973761787
2016,89516,PP,COLIGACAO:210000002763,URUGUAIANA,1267,0,1267,13540,14807,PP,0.2411602794833792
2016,89516,PPS,COLIGACAO:210000002785,URUGUAIANA,16,0,16,88,104,PPS,0.0016938386618674571
2016,89516,PR,COLIGACAO:210000002785,URUGUAIANA,33,0,33,478,511,PR,0.00832261111744491
2016,89516,PRB,COLIGACAO:210000002785,URUGUAIANA,130,0,130,8793,8923,PRB,0.14532809980618577
2016,89516,PROS,COLIGACAO:210000002752,URUGUAIANA,3,0,3,68,71,PROS,0.0011563706249287447
2016,89516,PSB,COLIGACAO:210000002747,URUGUAIANA,24,0,24,361,385,PSB,0.006270460430951644
2016,89516,PSC,COLIGACAO:210000002759,URUGUAIANA,59,0,59,3055,3114,PSC,0.05071743839476213
2016,89516,PSD,COLIGACAO:210000002763,URUGUAIANA,43,0,43,1910,1953,PSD,0.03180833564064561
2016,89516,PSDB,COLIGACAO:210000002776,URUGUAIANA,605,0,605,10356,10961,PSDB,0.17852082281470383
2016,89516,PSDC,COLIGACAO:210000002759,URUGUAIANA,6,0,6,108,114,PSDC,0.0018567077639700972
2016,89516,PT,PARTIDO:PT,URUGUAIANA,131,0,131,1379,1510,PT,0.024593234417498656
2016,89516,PTB,COLIGACAO:210000002785,URUGUAIANA,45,0,45,214,259,PTB,0.004218309744458379
2016,89516,PV,COLIGACAO:210000002785,URUGUAIANA,7,0,7,347,354,PV,0.0057655662144334595
2016,89516,REDE,PARTIDO:REDE,URUGUAIANA,952,0,952,2291,3243,REDE,0.05281844981188619
2016,89524,PDT,COLIGACAO:210000000193,WESTFALIA,21,0,21,906,927,PDT,0.41926729986431477
2016,89524,PMDB,COLIGACAO:210000000193,WESTFALIA,43,0,43,850,893,PMDB,0.40388964269561284
2016,89524,PP,COLIGACAO:210000000193,WESTFALIA,14,0,14,0,14,PP,0.006331976481230212
2016,89524,PT,COLIGACAO:210000000193,WESTFALIA,5,0,5,372,377,PT,0.17051108095884215
2016,89532,DEM,PARTIDO:DEM,VACARIA,38,0,38,1613,1651,DEM,0.04704507893087138
2016,89532,PC do B,COLIGACAO:210000002802,VACARIA,8,0,8,382,390,PC DO B,0.011113010771071978
2016,89532,PDT,COLIGACAO:210000002802,VACARIA,296,0,296,3217,3513,PDT,0.10010258163788682
2016,89532,PHS,COLIGACAO:210000002806,VACARIA,0,0,0,17,17,PHS,0.00048441329002108625
2016,89532,PMDB,PARTIDO:PMDB,VACARIA,129,0,129,4711,4840,PMDB,0.13791531315894454
2016,89532,PMN,COLIGACAO:210000002802,VACARIA,3,0,3,183,186,PMN,0.005300051290818944
2016,89532,PP,PARTIDO:PP,VACARIA,385,0,385,2376,2761,PP,0.078674417279307
2016,89532,PPS,COLIGACAO:210000002808,VACARIA,13,0,13,565,578,PPS,0.01647005186071693
2016,89532,PR,COLIGACAO:210000002788,VACARIA,21,0,21,39,60,PR,0.0017096939647803042
2016,89532,PRB,COLIGACAO:210000002802,VACARIA,17,0,17,282,299,PRB,0.008519974924488517
2016,89532,PROS,COLIGACAO:210000002802,VACARIA,6,0,6,526,532,PROS,0.015159286487718698
2016,89532,PSB,COLIGACAO:210000002806,VACARIA,197,0,197,5864,6061,PSB,0.17270758534222375
2016,89532,PSC,COLIGACAO:210000002802,VACARIA,5,0,5,0,5,PSC,0.00014247449706502536
2016,89532,PSD,COLIGACAO:210000002806,VACARIA,9,0,9,420,429,PSD,0.012224311848179176
2016,89532,PSDB,COLIGACAO:210000002808,VACARIA,421,0,421,3914,4335,PSDB,0.12352538895537699
2016,89532,PT,COLIGACAO:210000002788,VACARIA,93,0,93,5201,5294,PT,0.15085199749244885
2016,89532,PTB,PARTIDO:PTB,VACARIA,72,0,72,3987,4059,PTB,0.11566079671738759
2016,89532,SD,COLIGACAO:210000002806,VACARIA,10,0,10,74,84,SD,0.002393571550692426
2016,89540,PDT,COLIGACAO:210000001147,PINTO BANDEIRA,48,0,48,513,561,PDT,0.26362781954887216
2016,89540,PMDB,PARTIDO:PMDB,PINTO BANDEIRA,45,0,45,754,799,PMDB,0.37546992481203006
2016,89540,PP,PARTIDO:PP,PINTO BANDEIRA,10,0,10,574,584,PP,0.2744360902255639
2016,89540,PSB,PARTIDO:PSB,PINTO BANDEIRA,5,0,5,165,170,PSB,0.07988721804511278
2016,89540,PSDB,COLIGACAO:210000001147,PINTO BANDEIRA,0,0,0,14,14,PSDB,0.006578947368421052
2016,89559,DEM,COLIGACAO:210000002221,VENÂNCIO AIRES,8,0,8,75,83,DEM,0.001914471559717673
2016,89559,PC do B,COLIGACAO:210000002214,VENÂNCIO AIRES,15,0,15,701,716,PC DO B,0.01651520044286571
2016,89559,PDT,COLIGACAO:210000002218,VENÂNCIO AIRES,847,0,847,8872,9719,PDT,0.22417769986621766
2016,89559,PHS,COLIGACAO:210000002218,VENÂNCIO AIRES,4,0,4,120,124,PHS,0.0028601743783733913
2016,89559,PMDB,COLIGACAO:210000002221,VENÂNCIO AIRES,155,0,155,5931,6086,PMDB,0.14037920376435853
2016,89559,PP,COLIGACAO:210000002214,VENÂNCIO AIRES,111,0,111,1530,1641,PP,0.03785117866863496
2016,89559,PPS,COLIGACAO:210000002218,VENÂNCIO AIRES,15,0,15,522,537,PPS,0.012386400332149283
2016,89559,PR,COLIGACAO:210000002214,VENÂNCIO AIRES,11,0,11,90,101,PR,0.0023296581630299395
2016,89559,PRB,COLIGACAO:210000002245,VENÂNCIO AIRES,27,0,27,535,562,PRB,0.012963048392305209
2016,89559,PROS,COLIGACAO:210000002214,VENÂNCIO AIRES,2,0,2,0,2,PROS,4.613184481247405e-05
2016,89559,PROS,PARTIDO:PROS,VENÂNCIO AIRES,2,0,2,0,2,PROS,4.613184481247405e-05
2016,89559,PRP,COLIGACAO:210000002245,VENÂNCIO AIRES,27,0,27,249,276,PRP,0.006366194584121419
2016,89559,PSB,COLIGACAO:210000002245,VENÂNCIO AIRES,667,0,667,5813,6480,PSB,0.14946717719241592
2016,89559,PSC,COLIGACAO:210000002218,VENÂNCIO AIRES,20,0,20,941,961,PSC,0.02216635143239378
2016,89559,PSD,COLIGACAO:210000002245,VENÂNCIO AIRES,21,0,21,1962,1983,PSD,0.04573972413156802
2016,89559,PSDB,COLIGACAO:210000002221,VENÂNCIO AIRES,222,0,222,1607,1829,PSDB,0.04218757208100752
2016,89559,PT,PARTIDO:PT,VENÂNCIO AIRES,97,0,97,2515,2612,PT,0.06024818932509111
2016,89559,PTB,COLIGACAO:210000002214,VENÂNCIO AIRES,172,0,172,8183,8355,PTB,0.19271578170411036
2016,89559,REDE,COLIGACAO:210000002245,VENÂNCIO AIRES,14,0,14,1019,1033,REDE,0.023827097845642846
2016,89559,SD,COLIGACAO:210000002218,VENÂNCIO AIRES,4,0,4,248,252,SD,0.00581261244637173
2016,89567,PDT,COLIGACAO:210000001088,PEDRAS ALTAS,3,0,3,113,116,PDT,0.06561085972850679
2016,89567,PMDB,COLIGACAO:210000001088,PEDRAS ALTAS,4,0,4,89,93,PMDB,0.05260180995475113
2016,89567,PP,COLIGACAO:210000002493,PEDRAS ALTAS,3,0,3,85,88,PP,0.049773755656108594
2016,89567,PSB,COLIGACAO:210000001088,PEDRAS ALTAS,21,0,21,137,158,PSB,0.08936651583710407
2016,89567,PSDB,COLIGACAO:210000002493,PEDRAS ALTAS,41,0,41,479,520,PSDB,0.29411764705882354
2016,89567,PT,COLIGACAO:210000001088,PEDRAS ALTAS,11,0,11,524,535,PT,0.3026018099547511
2016,89567,PTB,PARTIDO:PTB,PEDRAS ALTAS,6,0,6,252,258,PTB,0.14592760180995476
2016,89575,PDT,COLIGACAO:210000002611,VERA CRUZ,47,0,47,1034,1081,PDT,0.0658945443462359
2016,89575,PMDB,PARTIDO:PMDB,VERA CRUZ,152,0,152,2646,2798,PMDB,0.17055775678146906
2016,89575,PP,COLIGACAO:210000002620,VERA CRUZ,78,0,78,2018,2096,PP,0.12776592502285888
2016,89575,PSB,PARTIDO:PSB,VERA CRUZ,233,0,233,2803,3036,PSB,0.18506552880219446
2016,89575,PSD,COLIGACAO:210000002620,VERA CRUZ,18,0,18,657,675,PSD,0.04114599207558671
2016,89575,PT,COLIGACAO:210000002611,VERA CRUZ,88,0,88,1756,1844,PT,0.11240475464797318
2016,89575,PTB,PARTIDO:PTB,VERA CRUZ,82,0,82,4793,4875,PTB,0.29716549832368183
2016,89591,DEM,COLIGACAO:210000001431,VERANÓPOLIS,8,0,8,101,109,DEM,0.007279284092426873
2016,89591,PC do B,COLIGACAO:210000002669,VERANÓPOLIS,1,0,1,150,151,PC DO B,0.01008414585281154
2016,89591,PDT,PARTIDO:PDT,VERANÓPOLIS,81,0,81,3664,3745,PDT,0.2501001736342994
2016,89591,PMDB,COLIGACAO:210000001431,VERANÓPOLIS,324,0,324,3024,3348,PMDB,0.22358755175637773
2016,89591,PP,COLIGACAO:210000002669,VERANÓPOLIS,91,0,91,1789,1880,PP,0.125550954988647
2016,89591,PRB,COLIGACAO:210000002663,VERANÓPOLIS,12,0,12,350,362,PRB,0.024175237077601174
2016,89591,PSB,COLIGACAO:210000001414,VERANÓPOLIS,11,0,11,682,693,PSB,0.046280219046347
2016,89591,PSD,COLIGACAO:210000002663,VERANÓPOLIS,166,0,166,1905,2071,PSD,0.1383063977561106
2016,89591,PSDB,COLIGACAO:210000002669,VERANÓPOLIS,14,0,14,234,248,PSDB,0.016562040870842794
2016,89591,PT,COLIGACAO:210000002669,VERANÓPOLIS,17,0,17,441,458,PT,0.030586349672766126
2016,89591,PTB,COLIGACAO:210000001414,VERANÓPOLIS,39,0,39,1483,1522,PTB,0.10164284760251102
2016,89591,PV,COLIGACAO:210000002663,VERANÓPOLIS,3,0,3,384,387,PV,0.025844797649258715
2016,89613,DEM,COLIGACAO:210000002410,VIADUTOS,5,0,5,154,159,DEM,0.041255838090295795
2016,89613,PDT,COLIGACAO:210000002410,VIADUTOS,5,0,5,132,137,PDT,0.03554748313440581
2016,89613,PMDB,COLIGACAO:210000000499,VIADUTOS,31,0,31,1326,1357,PMDB,0.35210171250648675
2016,89613,PP,COLIGACAO:210000000499,VIADUTOS,13,0,13,95,108,PP,0.02802283341982356
2016,89613,PPS,COLIGACAO:210000000499,VIADUTOS,2,0,2,6,8,PPS,0.0020757654385054488
2016,89613,PRB,COLIGACAO:210000002410,VIADUTOS,3,0,3,71,74,PRB,0.019200830306175403
2016,89613,PSB,COLIGACAO:210000000499,VIADUTOS,2,0,2,132,134,PSB,0.03476907109496627
2016,89613,PSDB,COLIGACAO:210000000499,VIADUTOS,7,0,7,216,223,PSDB,0.05786196159833939
2016,89613,PT,COLIGACAO:210000002410,VIADUTOS,53,0,53,901,954,PT,0.24753502854177478
2016,89613,PTB,COLIGACAO:210000000499,VIADUTOS,56,0,56,644,700,PTB,0.1816294758692268
2016,89630,DEM,COLIGACAO:210000001545,VIAMÃO,45,0,45,200,245,DEM,0.002316938237046424
2016,89630,PC do B,COLIGACAO:210000001610,VIAMÃO,22,0,22,263,285,PC DO B,0.0026952138675846154
2016,89630,PDT,PARTIDO:PDT,VIAMÃO,462,0,462,5698,6160,PDT,0.05825444710288152
2016,89630,PMDB,COLIGACAO:210000002677,VIAMÃO,275,0,275,8753,9028,PMDB,0.08537680981246985
2016,89630,PP,PARTIDO:PP,VIAMÃO,249,0,249,8359,8608,PP,0.08140491569181885
2016,89630,PPS,COLIGACAO:210000002274,VIAMÃO,102,0,102,5081,5183,PPS,0.049015064826986185
2016,89630,PR,COLIGACAO:210000002386,VIAMÃO,26,0,26,74,100,PR,0.0009456890763454791
2016,89630,PRB,COLIGACAO:210000002677,VIAMÃO,83,0,83,2167,2250,PRB,0.02127800421777328
2016,89630,PRTB,COLIGACAO:210000002677,VIAMÃO,2,0,2,59,61,PRTB,0.0005768703365707422
2016,89630,PSB,PARTIDO:PSB,VIAMÃO,165,0,165,7781,7946,PSB,0.07514445400641177
2016,89630,PSC,PARTIDO:PSC,VIAMÃO,30,0,30,22,52,PSC,0.0004917583196996491
2016,89630,PSD,COLIGACAO:210000001545,VIAMÃO,128,0,128,9132,9260,PSD,0.08757080846959137
2016,89630,PSDB,PARTIDO:PSDB,VIAMÃO,1954,0,1954,20395,22349,PSDB,0.21135205167245114
2016,89630,PSDC,COLIGACAO:210000002274,VIAMÃO,7,0,7,265,272,PSDC,0.002572274287659703
2016,89630,PSOL,COLIGACAO:210000001610,VIAMÃO,631,0,631,5146,5777,PSOL,0.05463245794047833
2016,89630,PT,COLIGACAO:210000002406,VIAMÃO,1336,0,1336,6938,8274,PT,0.07824631417682494
2016,89630,PTB,COLIGACAO:210000002386,VIAMÃO,514,0,514,9079,9593,PTB,0.09071995309382182
2016,89630,PV,PARTIDO:PV,VIAMÃO,106,0,106,6815,6921,PV,0.06545114097387061
2016,89630,REDE,PARTIDO:REDE,VIAMÃO,106,0,106,1645,1751,REDE,0.016559015726809338
2016,89630,SD,COLIGACAO:210000002406,VIAMÃO,54,0,54,1574,1628,SD,0.0153958181629044
2016,89656,PDT,COLIGACAO:210000000164,VICENTE DUTRA,67,0,67,1055,1122,PDT,0.29627673620279904
2016,89656,PMDB,COLIGACAO:210000002309,VICENTE DUTRA,62,0,62,1442,1504,PMDB,0.3971481383681014
2016,89656,PP,COLIGACAO:210000000164,VICENTE DUTRA,48,0,48,385,433,PP,0.11433852653815685
2016,89656,PR,COLIGACAO:210000002309,VICENTE DUTRA,5,0,5,387,392,PR,0.10351201478743069
2016,89656,PSB,COLIGACAO:210000002309,VICENTE DUTRA,1,0,1,57,58,PSB,0.015315553208344336
2016,89656,PT,COLIGACAO:210000000164,VICENTE DUTRA,3,0,3,41,44,PT,0.011618695537364668
2016,89656,PTB,COLIGACAO:210000000164,VICENTE DUTRA,8,0,8,226,234,PTB,0.06179033535780301
2016,89672,PDT,COLIGACAO:210000001490,PALMARES DO SUL,68,0,68,1319,1387,PDT,0.1667668630515811
2016,89672,PMDB,COLIGACAO:210000001305,PALMARES DO SUL,24,0,24,1213,1237,PMDB,0.1487315137669833
2016,89672,PP,PARTIDO:PP,PALMARES DO SUL,35,0,35,830,865,PP,0.10400384754118071
2016,89672,PPS,PARTIDO:PPS,PALMARES DO SUL,141,0,141,1983,2124,PPS,0.255380545869905
2016,89672,PROS,PARTIDO:PROS,PALMARES DO SUL,12,0,12,832,844,PROS,0.10147889864133702
2016,89672,PSB,PARTIDO:PSB,PALMARES DO SUL,15,0,15,84,99,PSB,0.011903330527834556
2016,89672,PSD,COLIGACAO:210000001305,PALMARES DO SUL,1,0,1,42,43,PSD,0.005170133461584706
2016,89672,PSDB,COLIGACAO:210000001490,PALMARES DO SUL,5,0,5,54,59,PSDB,0.007093904051941806
2016,89672,PT,PARTIDO:PT,PALMARES DO SUL,149,0,149,939,1088,PT,0.1308164001442828
2016,89672,PTB,COLIGACAO:210000001305,PALMARES DO SUL,59,0,59,512,571,PTB,0.068654562943369
2016,89699,PDT,PARTIDO:PDT,VICTOR GRAEFF,46,209,255,1030,1285,PDT,0.5301155115511551
2016,89699,PMDB,COLIGACAO:210000000149,VICTOR GRAEFF,13,0,13,689,702,PMDB,0.2896039603960396
2016,89699,PP,COLIGACAO:210000000149,VICTOR GRAEFF,44,0,44,393,437,PP,0.18028052805280528
2016,89710,PDT,COLIGACAO:210000002463,TAVARES,16,0,16,402,418,PDT,0.10544904137235116
2016,89710,PMDB,COLIGACAO:210000000871,TAVARES,104,0,104,1950,2054,PMDB,0.5181634712411706
2016,89710,PP,COLIGACAO:210000002463,TAVARES,79,0,79,1298,1377,PP,0.3473763874873865
2016,89710,PROS,COLIGACAO:210000000871,TAVARES,0,0,0,0,0,PROS,0.0
2016,89710,PSB,COLIGACAO:210000002463,TAVARES,0,0,0,0,0,PSB,0.0
2016,89710,PT,COLIGACAO:210000000879,TAVARES,5,0,5,17,22,PT,0.005549949545913219
2016,89710,PTB,COLIGACAO:210000000879,TAVARES,13,0,13,80,93,PTB,0.023461150353178608
2016,89737,PC do B,COLIGACAO:210000000585,CAPÃO DO LEÃO,0,0,0,0,0,PC DO B,0.0
2016,89737,PDT,COLIGACAO:210000000143,CAPÃO DO LEÃO,99,0,99,1442,1541,PDT,0.10007793219898688
2016,89737,PMDB,PARTIDO:PMDB,CAPÃO DO LEÃO,349,0,349,3012,3361,PMDB,0.2182751006624237
2016,89737,PP,COLIGACAO:210000000143,CAPÃO DO LEÃO,59,0,59,202,261,PP,0.016950253279646707
2016,89737,PRB,COLIGACAO:210000000585,CAPÃO DO LEÃO,29,0,29,206,235,PRB,0.01526172230159761
2016,89737,PSB,COLIGACAO:210000000143,CAPÃO DO LEÃO,12,0,12,662,674,PSB,0.04377191843096506
2016,89737,PSC,COLIGACAO:210000000606,CAPÃO DO LEÃO,3,0,3,277,280,PSC,0.018184179763605663
2016,89737,PSDB,COLIGACAO:210000000145,CAPÃO DO LEÃO,28,0,28,306,334,PSDB,0.021691128718015328
2016,89737,PT,COLIGACAO:210000000585,CAPÃO DO LEÃO,381,0,381,3403,3784,PT,0.24574620080529938
2016,89737,PT do B,COLIGACAO:210000000585,CAPÃO DO LEÃO,1,0,1,0,1,PT DO B,6.49434991557345e-05
2016,89737,PTB,COLIGACAO:210000000145,CAPÃO DO LEÃO,137,0,137,2134,2271,PTB,0.14748668658267308
2016,89737,REDE,COLIGACAO:210000000606,CAPÃO DO LEÃO,85,0,85,2571,2656,REDE,0.17248993375763086
2016,89753,PC do B,COLIGACAO:210000001073,SALTO DO JACUÍ,1,0,1,35,36,PC DO B,0.004796802131912059
2016,89753,PDT,PARTIDO:PDT,SALTO DO JACUÍ,136,0,136,1384,1520,PDT,0.20253164556962025
2016,89753,PMDB,COLIGACAO:210000001291,SALTO DO JACUÍ,102,0,102,1267,1369,PMDB,0.18241172551632245
2016,89753,PP,COLIGACAO:210000001073,SALTO DO JACUÍ,119,0,119,2628,2747,PP,0.3660226515656229
2016,89753,PSB,COLIGACAO:210000001011,SALTO DO JACUÍ,11,0,11,901,912,PSB,0.12151898734177215
2016,89753,PSD,COLIGACAO:210000001073,SALTO DO JACUÍ,4,0,4,177,181,PSD,0.024117255163224518
2016,89753,PSDB,COLIGACAO:210000001011,SALTO DO JACUÍ,3,0,3,271,274,PSDB,0.03650899400399733
2016,89753,PT,COLIGACAO:210000001291,SALTO DO JACUÍ,6,0,6,213,219,PT,0.029180546302465023
2016,89753,PTB,COLIGACAO:210000001073,SALTO DO JACUÍ,11,0,11,236,247,PTB,0.03291139240506329
2016,89770,PC do B,COLIGACAO:210000000821,COTIPORÃ,2,0,2,80,82,PC DO B,0.027489104927924907
2016,89770,PDT,COLIGACAO:210000001515,COTIPORÃ,19,0,19,439,458,PDT,0.1535367080120684
2016,89770,PMDB,COLIGACAO:210000001515,COTIPORÃ,17,0,17,331,348,PMDB,0.1166610794502179
2016,89770,PP,COLIGACAO:210000000821,COTIPORÃ,54,0,54,1328,1382,PP,0.46329198793161247
2016,89770,PSD,COLIGACAO:210000000821,COTIPORÃ,4,0,4,707,711,PSD,0.2383506537043245
2016,89770,PTB,COLIGACAO:210000000821,COTIPORÃ,2,0,2,0,2,PTB,0.0006704659738518271
2016,98213,DEM,COLIGACAO:210000000332,TEUTÔNIA,10,0,10,530,540,DEM,0.026396832380114386
2016,98213,PDT,COLIGACAO:210000001289,TEUTÔNIA,249,0,249,2449,2698,PDT,0.13188639585471965
2016,98213,PMDB,COLIGACAO:210000000706,TEUTÔNIA,129,0,129,2248,2377,PMDB,0.11619494549542944
2016,98213,PP,COLIGACAO:210000000706,TEUTÔNIA,41,0,41,3578,3619,PP,0.17690765996969252
2016,98213,PPS,COLIGACAO:210000000706,TEUTÔNIA,12,0,12,734,746,PPS,0.036466735102898766
2016,98213,PRB,COLIGACAO:210000000332,TEUTÔNIA,18,0,18,190,208,PRB,0.010167668768636652
2016,98213,PSB,COLIGACAO:210000000332,TEUTÔNIA,9,0,9,249,258,PSB,0.012611819914943541
2016,98213,PSD,COLIGACAO:210000000332,TEUTÔNIA,31,0,31,2374,2405,PSD,0.1175636701373613
2016,98213,PSDB,PARTIDO:PSDB,TEUTÔNIA,267,0,267,5536,5803,PSDB,0.28366818204037736
2016,98213,PT,COLIGACAO:210000001289,TEUTÔNIA,13,0,13,785,798,PT,0.03900865229505793
2016,98213,PT do B,COLIGACAO:210000000706,TEUTÔNIA,0,0,0,14,14,PT DO B,0.0006843623209659285
2016,98213,PTB,COLIGACAO:210000001289,TEUTÔNIA,28,0,28,963,991,PTB,0.04844307571980251
2016,98230,PC do B,COLIGACAO:210000002644,BOM PRINCÍPIO,3,0,3,155,158,PC DO B,0.018583862620559867
2016,98230,PMDB,COLIGACAO:210000002685,BOM PRINCÍPIO,197,361,558,3471,4029,PMDB,0.47388849682427664
2016,98230,PP,COLIGACAO:210000002685,BOM PRINCÍPIO,13,0,13,389,402,PP,0.04728299223712068
2016,98230,PPS,COLIGACAO:210000002644,BOM PRINCÍPIO,18,0,18,1182,1200,PPS,0.14114326040931546
2016,98230,PSDB,COLIGACAO:210000002644,BOM PRINCÍPIO,122,0,122,1792,1914,PSDB,0.22512350035285816
2016,98230,PTB,COLIGACAO:210000002644,BOM PRINCÍPIO,19,0,19,780,799,PTB,0.09397788755586921
2016,98256,DEM,COLIGACAO:210000001529,PAROBÉ,8,0,8,18,26,DEM,0.0008250563259607146
2016,98256,PC do B,COLIGACAO:210000001649,PAROBÉ,6,0,6,407,413,PC DO B,0.013105702408529813
2016,98256,PDT,COLIGACAO:210000001398,PAROBÉ,366,0,366,3908,4274,PDT,0.13562656681369595
2016,98256,PHS,COLIGACAO:210000001012,PAROBÉ,4,0,4,111,115,PHS,0.0036492875955954685
2016,98256,PMDB,COLIGACAO:210000001528,PAROBÉ,414,0,414,5192,5606,PMDB,0.17789483705137563
2016,98256,PMN,COLIGACAO:210000001012,PAROBÉ,4,0,4,91,95,PMN,0.0030146288833179957
2016,98256,PP,COLIGACAO:210000001529,PAROBÉ,80,0,80,1817,1897,PP,0.06019737885951829
2016,98256,PPS,COLIGACAO:210000001012,PAROBÉ,24,0,24,2217,2241,PPS,0.07111350871069083
2016,98256,PR,COLIGACAO:210000001389,PAROBÉ,44,0,44,1746,1790,PR,0.056801954748833816
2016,98256,PRB,COLIGACAO:210000001389,PAROBÉ,25,0,25,792,817,PRB,0.025925808396534765
2016,98256,PROS,COLIGACAO:210000001691,PAROBÉ,9,0,9,846,855,PROS,0.027131659949861962
2016,98256,PSB,COLIGACAO:210000001012,PAROBÉ,8,0,8,841,849,PSB,0.02694126233617872
2016,98256,PSC,COLIGACAO:210000001649,PAROBÉ,19,0,19,988,1007,PSC,0.03195506616317075
2016,98256,PSD,COLIGACAO:210000001398,PAROBÉ,13,0,13,0,13,PSD,0.0004125281629803573
2016,98256,PSDB,COLIGACAO:210000001529,PAROBÉ,57,0,57,1685,1742,PSDB,0.05527877383936788
2016,98256,PT,COLIGACAO:210000001691,PAROBÉ,363,0,363,4678,5041,PT,0.15996572842953702
2016,98256,PT do B,COLIGACAO:210000001529,PAROBÉ,8,0,8,353,361,PT DO B,0.011455589756608384
2016,98256,PTB,COLIGACAO:210000001528,PAROBÉ,60,0,60,1833,1893,PTB,0.0600704471170628
2016,98256,PV,COLIGACAO:210000001389,PAROBÉ,10,0,10,1054,1064,PV,0.033763843493161555
2016,98256,REDE,COLIGACAO:210000001649,PAROBÉ,8,0,8,325,333,REDE,0.010567067559419921
2016,98256,SD,COLIGACAO:210000001398,PAROBÉ,17,0,17,1064,1081,SD,0.034303303398597405
2016,98272,DEM,COLIGACAO:210000000625,FORTALEZA DOS VALOS,2,0,2,101,103,DEM,0.029071408410951172
2016,98272,PDT,COLIGACAO:210000000675,FORTALEZA DOS VALOS,13,0,13,400,413,PDT,0.11656788032740616
2016,98272,PMDB,COLIGACAO:210000000675,FORTALEZA DOS VALOS,39,0,39,730,769,PMDB,0.21704769968952864
2016,98272,PP,COLIGACAO:210000000625,FORTALEZA DOS VALOS,67,0,67,1592,1659,PP,0.46824724809483487
2016,98272,PSB,COLIGACAO:210000000675,FORTALEZA DOS VALOS,4,0,4,370,374,PSB,0.10556025966694892
2016,98272,PT,COLIGACAO:210000000675,FORTALEZA DOS VALOS,3,0,3,222,225,PT,0.06350550381033022
2016,98299,PC do B,COLIGACAO:210000002608,JÓIA,2,0,2,46,48,PC DO B,0.009179575444635685
2016,98299,PDT,COLIGACAO:210000002175,JÓIA,60,0,60,856,916,PDT,0.17517689806846434
2016,98299,PMDB,COLIGACAO:210000002163,JÓIA,11,0,11,472,483,PMDB,0.09236947791164658
2016,98299,PP,COLIGACAO:210000002163,JÓIA,70,0,70,1531,1601,PP,0.30617708930961945
2016,98299,PPS,COLIGACAO:210000002175,JÓIA,6,0,6,89,95,PPS,0.018167909734174793
2016,98299,PSC,COLIGACAO:210000002608,JÓIA,73,0,73,1144,1217,PSC,0.23274048575253395
2016,98299,PSD,COLIGACAO:210000002608,JÓIA,10,0,10,251,261,PSD,0.04991394148020654
2016,98299,PSDB,COLIGACAO:210000002163,JÓIA,6,0,6,195,201,PSDB,0.03843947217441193
2016,98299,PT,PARTIDO:PT,JÓIA,37,0,37,199,236,PT,0.04513291260279212
2016,98299,PTB,COLIGACAO:210000002163,JÓIA,4,0,4,167,171,PTB,0.03270223752151463
2020,84735,MDB,PARTIDO:MDB,ÁUREA,8,0,8,329,337,MDB,0.11980092428012798
2020,84735,PL,PARTIDO:PL,ÁUREA,34,0,34,460,494,PL,0.17561322431567722
2020,84735,PP,PARTIDO:PP,ÁUREA,62,0,62,732,794,PP,0.2822609313899751
2020,84735,PT,PARTIDO:PT,ÁUREA,11,0,11,493,504,PT,0.17916814788482047
2020,84735,PTB,PARTIDO:PTB,ÁUREA,8,0,8,468,476,PTB,0.16921436189121933
2020,84735,REPUBLICANOS,PARTIDO:REPUBLICANOS,ÁUREA,1,0,1,207,208,REPUBLICANOS,0.07394241023817988
2020,84743,MDB,PARTIDO:MDB,TRÊS ARROIOS,45,0,45,489,534,MDB,0.2558696693818879
2020,84743,PDT,PARTIDO:PDT,TRÊS ARROIOS,6,0,6,452,458,PDT,0.21945376137997125
2020,84743,PL,PARTIDO:PL,TRÊS ARROIOS,5,0,5,370,375,PL,0.1796837565884044
2020,84743,PT,PARTIDO:PT,TRÊS ARROIOS,8,0,8,248,256,PT,0.12266411116435075
2020,84743,PTB,PARTIDO:PTB,TRÊS ARROIOS,9,0,9,455,464,PTB,0.22232870148538572
2020,84751,MDB,PARTIDO:MDB,NOVA ROMA DO SUL,36,0,36,1198,1234,MDB,0.4536764705882353
2020,84751,PP,PARTIDO:PP,NOVA ROMA DO SUL,64,0,64,956,1020,PP,0.375
2020,84751,PT,PARTIDO:PT,NOVA ROMA DO SUL,13,0,13,453,466,PT,0.1713235294117647
2020,84760,MDB,PARTIDO:MDB,PROGRESSO,23,0,23,841,864,MDB,0.19446320054017555
2020,84760,PDT,PARTIDO:PDT,PROGRESSO,80,0,80,1091,1171,PDT,0.2635606572135944
2020,84760,PP,PARTIDO:PP,PROGRESSO,84,0,84,1319,1403,PP,0.3157776277290119
2020,84760,PT,PARTIDO:PT,PROGRESSO,6,0,6,112,118,PT,0.02655863155525546
2020,84760,PTB,PARTIDO:PTB,PROGRESSO,18,0,18,869,887,PTB,0.19963988296196264
2020,84778,MDB,PARTIDO:MDB,PIRAPÓ,71,0,71,954,1025,MDB,0.5069238377843719
2020,84778,PP,PARTIDO:PP,PIRAPÓ,54,0,54,943,997,PP,0.4930761622156281
2020,84786,PDT,PARTIDO:PDT,JABOTICABA,76,0,76,1201,1277,PDT,0.4398897692042714
2020,84786,PP,PARTIDO:PP,JABOTICABA,84,0,84,1310,1394,PP,0.48019290389252495
2020,84786,PT,PARTIDO:PT,JABOTICABA,9,0,9,223,232,PT,0.07991732690320358
2020,84794,MDB,PARTIDO:MDB,SÃO JORGE,55,0,55,1167,1222,MDB,0.5452922802320392
2020,84794,PP,PARTIDO:PP,SÃO JORGE,36,0,36,685,721,PP,0.32173136992414103
2020,84794,PT,PARTIDO:PT,SÃO JORGE,4,0,4,294,298,PT,0.13297634984381973
2020,84808,MDB,PARTIDO:MDB,ALTO ALEGRE,3,0,3,145,148,MDB,0.09203980099502487
2020,84808,PDT,PARTIDO:PDT,ALTO ALEGRE,11,0,11,661,672,PDT,0.417910447761194
2020,84808,PP,PARTIDO:PP,ALTO ALEGRE,30,0,30,392,422,PP,0.26243781094527363
2020,84808,PSB,PARTIDO:PSB,ALTO ALEGRE,6,0,6,274,280,PSB,0.17412935323383086
2020,84808,PTB,PARTIDO:PTB,ALTO ALEGRE,2,0,2,84,86,PTB,0.053482587064676616
2020,84816,MDB,PARTIDO:MDB,NOVA HARTZ,32,0,32,1770,1802,MDB,0.15511750021520185
2020,84816,PP,PARTIDO:PP,NOVA HARTZ,194,0,194,3634,3828,PP,0.32951708702763194
2020,84816,PSB,PARTIDO:PSB,NOVA HARTZ,91,0,91,1405,1496,PSB,0.12877679263148833
2020,84816,PSDB,PARTIDO:PSDB,NOVA HARTZ,121,0,121,2182,2303,PSDB,0.19824395282775242
2020,84816,PT,PARTIDO:PT,NOVA HARTZ,15,0,15,545,560,PT,0.0482052164930705
2020,84816,PTB,PARTIDO:PTB,NOVA HARTZ,31,0,31,1597,1628,PTB,0.14013945080485496
2020,84824,DEM,PARTIDO:DEM,DOIS LAJEADOS,34,0,34,438,472,DEM,0.17757712565838976
2020,84824,MDB,PARTIDO:MDB,DOIS LAJEADOS,46,0,46,720,766,MDB,0.28818660647103084
2020,84824,PDT,PARTIDO:PDT,DOIS LAJEADOS,6,0,6,477,483,PDT,0.18171557562076748
2020,84824,PP,PARTIDO:PP,DOIS LAJEADOS,6,0,6,681,687,PP,0.2584650112866817
2020,84824,PT,PARTIDO:PT,DOIS LAJEADOS,8,0,8,186,194,PT,0.07298720842738901
2020,84824,PTB,PARTIDO:PTB,DOIS LAJEADOS,1,0,1,55,56,PTB,0.021068472535741158
2020,84832,MDB,PARTIDO:MDB,SÃO DOMINGOS DO SUL,49,0,49,463,512,MDB,0.2191780821917808
2020,84832,PP,PARTIDO:PP,SÃO DOMINGOS DO SUL,64,0,64,1060,1124,PP,0.4811643835616438
2020,84832,PSB,PARTIDO:PSB,SÃO DOMINGOS DO SUL,12,0,12,333,345,PSB,0.14768835616438356
2020,84832,PT,PARTIDO:PT,SÃO DOMINGOS DO SUL,7,0,7,348,355,PT,0.1519691780821918
2020,84840,MDB,PARTIDO:MDB,TUNAS,16,0,16,829,845,MDB,0.27399481193255515
2020,84840,PP,PARTIDO:PP,TUNAS,63,0,63,1246,1309,PP,0.42444876783398183
2020,84840,PTB,PARTIDO:PTB,TUNAS,41,0,41,889,930,PTB,0.301556420233463
2020,84859,CIDADANIA,PARTIDO:CIDADANIA,SÃO JOÃO DA URTIGA,5,0,5,118,123,CIDADANIA,0.033524121013900246
2020,84859,MDB,PARTIDO:MDB,SÃO JOÃO DA URTIGA,31,0,31,969,1000,MDB,0.2725538293813028
2020,84859,PDT,PARTIDO:PDT,SÃO JOÃO DA URTIGA,17,0,17,87,104,PDT,0.028345598255655493
2020,84859,PL,PARTIDO:PL,SÃO JOÃO DA URTIGA,7,0,7,333,340,PL,0.09266830198964296
2020,84859,PP,PARTIDO:PP,SÃO JOÃO DA URTIGA,49,0,49,809,858,PP,0.2338511856091578
2020,84859,PSB,PARTIDO:PSB,SÃO JOÃO DA URTIGA,2,0,2,350,352,PSB,0.09593894794221859
2020,84859,PT,PARTIDO:PT,SÃO JOÃO DA URTIGA,10,0,10,360,370,PT,0.10084491687108203
2020,84859,PTB,PARTIDO:PTB,SÃO JOÃO DA URTIGA,73,0,73,449,522,PTB,0.14227309893704007
2020,84867,MDB,PARTIDO:MDB,GUABIJU,13,0,13,339,352,MDB,0.2829581993569132
2020,84867,PP,PARTIDO:PP,GUABIJU,39,0,39,685,724,PP,0.5819935691318328
2020,84867,PT,PARTIDO:PT,GUABIJU,8,0,8,160,168,PT,0.13504823151125403
2020,84875,MDB,PARTIDO:MDB,QUINZE DE NOVEMBRO,51,0,51,1855,1906,MDB,0.6245085190039319
2020,84875,PDT,PARTIDO:PDT,QUINZE DE NOVEMBRO,5,0,5,185,190,PDT,0.062254259501965926
2020,84875,PP,PARTIDO:PP,QUINZE DE NOVEMBRO,11,0,11,802,813,PP,0.2663826998689384
2020,84875,PSB,PARTIDO:PSB,QUINZE DE NOVEMBRO,3,0,3,140,143,PSB,0.04685452162516383
2020,84883,PP,PARTIDO:PP,DOUTOR MAURÍCIO CARDOSO,112,0,112,1782,1894,PP,0.5638582911580827
2020,84883,PT,PARTIDO:PT,DOUTOR MAURÍCIO CARDOSO,9,0,9,404,413,PT,0.1229532598987794
2020,84883,PTB,PARTIDO:PTB,DOUTOR MAURÍCIO CARDOSO,18,0,18,1034,1052,PTB,0.31318844894313785
2020,84891,MDB,PARTIDO:MDB,CAPELA DE SANTANA,32,0,32,478,510,MDB,0.08295380611581002
2020,84891,PDT,PARTIDO:PDT,CAPELA DE SANTANA,31,0,31,1405,1436,PDT,0.2335718932986337
2020,84891,PP,PARTIDO:PP,CAPELA DE SANTANA,132,0,132,3018,3150,PP,0.5123617436564737
2020,84891,PSL,PARTIDO:PSL,CAPELA DE SANTANA,0,0,0,16,16,PSL,0.002602472348731295
2020,84891,PTB,PARTIDO:PTB,CAPELA DE SANTANA,1,0,1,163,164,PTB,0.026675341574495772
2020,84891,REPUBLICANOS,PARTIDO:REPUBLICANOS,CAPELA DE SANTANA,11,0,11,861,872,REPUBLICANOS,0.14183474300585555
2020,84905,DEM,PARTIDO:DEM,JAQUIRANA,1,0,1,91,92,DEM,0.030656447850716428
2020,84905,MDB,PARTIDO:MDB,JAQUIRANA,6,0,6,203,209,MDB,0.0696434521826058
2020,84905,PDT,PARTIDO:PDT,JAQUIRANA,52,0,52,809,861,PDT,0.2869043652115961
2020,84905,PP,PARTIDO:PP,JAQUIRANA,71,0,71,1413,1484,PP,0.49450183272242587
2020,84905,PSDB,PARTIDO:PSDB,JAQUIRANA,4,0,4,322,326,PSDB,0.10863045651449517
2020,84905,PT,PARTIDO:PT,JAQUIRANA,2,0,2,27,29,PT,0.009663445518160613
2020,84913,PP,PARTIDO:PP,VANINI,48,0,48,790,838,PP,0.45568243610657966
2020,84913,PSB,PARTIDO:PSB,VANINI,9,0,9,992,1001,PSB,0.5443175638934203
2020,84921,MDB,PARTIDO:MDB,BOQUEIRÃO DO LEÃO,78,0,78,1833,1911,MDB,0.3969671790610719
2020,84921,PDT,PARTIDO:PDT,BOQUEIRÃO DO LEÃO,30,0,30,1042,1072,PDT,0.22268383880348983
2020,84921,PL,PARTIDO:PL,BOQUEIRÃO DO LEÃO,70,0,70,1050,1120,PL,0.23265475695886997
2020,84921,PT,PARTIDO:PT,BOQUEIRÃO DO LEÃO,20,0,20,385,405,PT,0.08412962193601994
2020,84921,PTB,PARTIDO:PTB,BOQUEIRÃO DO LEÃO,4,0,4,302,306,PTB,0.0635646032405484
2020,84930,MDB,PARTIDO:MDB,FAGUNDES VARELA,31,0,31,919,950,MDB,0.44042651831247104
2020,84930,PDT,PARTIDO:PDT,FAGUNDES VARELA,44,0,44,569,613,PDT,0.2841910060268892
2020,84930,PP,PARTIDO:PP,FAGUNDES VARELA,15,0,15,378,393,PP,0.18219749652294853
2020,84930,PSD,PARTIDO:PSD,FAGUNDES VARELA,3,0,3,198,201,PSD,0.09318497913769123
2020,84948,MDB,PARTIDO:MDB,ÁGUA SANTA,58,0,58,1266,1324,MDB,0.48784082535003687
2020,84948,PDT,PARTIDO:PDT,ÁGUA SANTA,61,0,61,348,409,PDT,0.15070007369196758
2020,84948,PP,PARTIDO:PP,ÁGUA SANTA,10,0,10,179,189,PP,0.06963890935887988
2020,84948,PSDB,PARTIDO:PSDB,ÁGUA SANTA,9,0,9,490,499,PSDB,0.183861459100958
2020,84948,PT,PARTIDO:PT,ÁGUA SANTA,5,0,5,288,293,PT,0.1079587324981577
2020,84956,MDB,PARTIDO:MDB,SILVEIRA MARTINS,27,0,27,725,752,MDB,0.40085287846481876
2020,84956,PP,PARTIDO:PP,SILVEIRA MARTINS,8,0,8,387,395,PP,0.2105543710021322
2020,84956,PSDB,PARTIDO:PSDB,SILVEIRA MARTINS,31,0,31,698,729,PSDB,0.38859275053304904
2020,84964,MDB,PARTIDO:MDB,IBIRAPUITÃ,36,0,36,567,603,MDB,0.19699444625939236
2020,84964,PDT,PARTIDO:PDT,IBIRAPUITÃ,67,0,67,576,643,PDT,0.21006207121855602
2020,84964,PL,PARTIDO:PL,IBIRAPUITÃ,11,0,11,546,557,PL,0.18196667755635412
2020,84964,PP,PARTIDO:PP,IBIRAPUITÃ,31,0,31,800,831,PP,0.2714799085266253
2020,84964,PTB,PARTIDO:PTB,IBIRAPUITÃ,12,0,12,415,427,PTB,0.1394968964390722
2020,84972,MDB,PARTIDO:MDB,IBARAMA,67,0,67,1518,1585,MDB,0.4807400667273279
2020,84972,PP,PARTIDO:PP,IBARAMA,67,0,67,1645,1712,PP,0.5192599332726722
2020,84980,MDB,PARTIDO:MDB,PANTANO GRANDE,113,0,113,1711,1824,MDB,0.26392707278252064
2020,84980,PDT,PARTIDO:PDT,PANTANO GRANDE,34,0,34,660,694,PDT,0.1004196208942266
2020,84980,PP,PARTIDO:PP,PANTANO GRANDE,32,0,32,1254,1286,PP,0.18608016206048328
2020,84980,PSB,PARTIDO:PSB,PANTANO GRANDE,1,0,1,156,157,PSB,0.0227174070322674
2020,84980,PT,PARTIDO:PT,PANTANO GRANDE,9,0,9,1101,1110,PT,0.1606135146867313
2020,84980,PTB,PARTIDO:PTB,PANTANO GRANDE,132,0,132,1708,1840,PTB,0.2662422225437708
2020,84999,MDB,PARTIDO:MDB,IPÊ,92,0,92,1562,1654,MDB,0.35862966175195143
2020,84999,PDT,PARTIDO:PDT,IPÊ,12,0,12,446,458,PDT,0.09930615784908933
2020,84999,PP,PARTIDO:PP,IPÊ,78,0,78,1669,1747,PP,0.3787944492627927
2020,84999,PSDB,PARTIDO:PSDB,IPÊ,9,0,9,359,368,PSDB,0.0797918473547268
2020,84999,PT,PARTIDO:PT,IPÊ,14,0,14,371,385,PT,0.08347788378143972
2020,85006,MDB,PARTIDO:MDB,TRINDADE DO SUL,9,0,9,204,213,MDB,0.04847519344560765
2020,85006,PDT,PARTIDO:PDT,TRINDADE DO SUL,30,0,30,1561,1591,PDT,0.3620846609012289
2020,85006,PL,PARTIDO:PL,TRINDADE DO SUL,9,0,9,409,418,PL,0.09512972234865726
2020,85006,PSDB,PARTIDO:PSDB,TRINDADE DO SUL,54,0,54,632,686,PSDB,0.1561219845243514
2020,85006,PT,PARTIDO:PT,TRINDADE DO SUL,89,0,89,1128,1217,PT,0.2769685935366409
2020,85006,PTB,PARTIDO:PTB,TRINDADE DO SUL,7,0,7,262,269,PTB,0.061219845243513885
2020,85014,MDB,PARTIDO:MDB,AGUDO,114,0,114,2926,3040,MDB,0.2846441947565543
2020,85014,PDT,PARTIDO:PDT,AGUDO,51,0,51,1462,1513,PDT,0.14166666666666666
2020,85014,PL,PARTIDO:PL,AGUDO,101,0,101,1859,1960,PL,0.18352059925093633
2020,85014,PP,PARTIDO:PP,AGUDO,167,0,167,2901,3068,PP,0.28726591760299625
2020,85014,PSDB,PARTIDO:PSDB,AGUDO,12,0,12,777,789,PSDB,0.07387640449438203
2020,85014,PT,PARTIDO:PT,AGUDO,14,0,14,296,310,PT,0.02902621722846442
2020,85022,PDT,PARTIDO:PDT,ERNESTINA,46,0,46,916,962,PDT,0.40318524727577537
2020,85022,PP,PARTIDO:PP,ERNESTINA,41,0,41,444,485,PP,0.2032690695725063
2020,85022,PSB,PARTIDO:PSB,ERNESTINA,5,0,5,227,232,PSB,0.0972338642078793
2020,85022,PSDB,PARTIDO:PSDB,ERNESTINA,17,0,17,690,707,PSDB,0.29631181894383907
2020,85030,MDB,PARTIDO:MDB,AJURICABA,68,0,68,1061,1129,MDB,0.23092656985068521
2020,85030,PDT,PARTIDO:PDT,AJURICABA,17,0,17,536,553,PDT,0.1131110656575987
2020,85030,PP,PARTIDO:PP,AJURICABA,30,0,30,860,890,PP,0.18204131724278994
2020,85030,PSL,PARTIDO:PSL,AJURICABA,26,0,26,438,464,PSL,0.0949069339333197
2020,85030,PT,PARTIDO:PT,AJURICABA,15,0,15,777,792,PT,0.16199631826549396
2020,85030,PTB,PARTIDO:PTB,AJURICABA,52,0,52,1009,1061,PTB,0.2170177950501125
2020,85049,MDB,PARTIDO:MDB,DEZESSEIS DE NOVEMBRO,29,0,29,691,720,MDB,0.3246167718665464
2020,85049,PP,PARTIDO:PP,DEZESSEIS DE NOVEMBRO,64,0,64,1080,1144,PP,0.5157799819657349
2020,85049,PT,PARTIDO:PT,DEZESSEIS DE NOVEMBRO,4,0,4,350,354,PT,0.15960324616771868
2020,85057,MDB,PARTIDO:MDB,ALECRIM,104,0,104,2622,2726,MDB,0.5843515541264738
2020,85057,PDT,PARTIDO:PDT,ALECRIM,109,0,109,1830,1939,PDT,0.4156484458735263
2020,85065,MDB,PARTIDO:MDB,BROCHIER,23,0,23,1504,1527,MDB,0.45759664369193886
2020,85065,PDT,PARTIDO:PDT,BROCHIER,29,0,29,659,688,PDT,0.20617320946958345
2020,85065,PP,PARTIDO:PP,BROCHIER,51,0,51,836,887,PP,0.26580761162721006
2020,85065,PT,PARTIDO:PT,BROCHIER,2,0,2,233,235,PT,0.07042253521126761
2020,85073,MDB,PARTIDO:MDB,ALEGRETE,722,0,722,5621,6343,MDB,0.1739619329713126
2020,85073,PC do B,PARTIDO:PC do B,ALEGRETE,13,0,13,269,282,PC DO B,0.007734079315451703
2020,85073,PDT,PARTIDO:PDT,ALEGRETE,221,0,221,7365,7586,PDT,0.2080522187482859
2020,85073,PL,PARTIDO:PL,ALEGRETE,18,0,18,192,210,PL,0.005759420766825736
2020,85073,PP,PARTIDO:PP,ALEGRETE,752,0,752,12326,13078,PP,0.3586747847073666
2020,85073,PRTB,PARTIDO:PRTB,ALEGRETE,61,0,61,890,951,PRTB,0.026081948329767977
2020,85073,PSDB,PARTIDO:PSDB,ALEGRETE,42,0,42,861,903,PSDB,0.024765509297350666
2020,85073,PSL,PARTIDO:PSL,ALEGRETE,12,0,12,131,143,PSL,0.003921891284076573
2020,85073,PSOL,PARTIDO:PSOL,ALEGRETE,7,0,7,319,326,PSOL,0.008940815095167571
2020,85073,PT,PARTIDO:PT,ALEGRETE,412,0,412,3261,3673,PT,0.10073501179309967
2020,85073,REPUBLICANOS,PARTIDO:REPUBLICANOS,ALEGRETE,70,0,70,2897,2967,REPUBLICANOS,0.08137238769129505
2020,85081,CIDADANIA,PARTIDO:CIDADANIA,EREBANGO,38,0,38,745,783,CIDADANIA,0.3503355704697987
2020,85081,MDB,PARTIDO:MDB,EREBANGO,34,0,34,852,886,MDB,0.396420581655481
2020,85081,PC do B,PARTIDO:PC do B,EREBANGO,4,0,4,175,179,PC DO B,0.08008948545861297
2020,85081,PP,PARTIDO:PP,EREBANGO,7,0,7,380,387,PP,0.17315436241610738
2020,85090,MDB,PARTIDO:MDB,ALPESTRE,111,0,111,2194,2305,MDB,0.4411483253588517
2020,85090,PP,PARTIDO:PP,ALPESTRE,64,0,64,2856,2920,PP,0.5588516746411484
2020,85103,DEM,PARTIDO:DEM,ENTRE-IJUÍS,15,0,15,567,582,DEM,0.10437589670014347
2020,85103,MDB,PARTIDO:MDB,ENTRE-IJUÍS,118,0,118,1862,1980,MDB,0.3550932568149211
2020,85103,PDT,PARTIDO:PDT,ENTRE-IJUÍS,25,0,25,764,789,PDT,0.14149928263988523
2020,85103,PP,PARTIDO:PP,ENTRE-IJUÍS,41,0,41,2184,2225,PP,0.39903156384505023
2020,85111,AVANTE,PARTIDO:AVANTE,ALVORADA,13,0,13,73,86,AVANTE,0.0010288927439133816
2020,85111,CIDADANIA,PARTIDO:CIDADANIA,ALVORADA,182,0,182,3935,4117,CIDADANIA,0.04925524914757433
2020,85111,DEM,PARTIDO:DEM,ALVORADA,638,0,638,7539,8177,DEM,0.09782855775557815
2020,85111,MDB,PARTIDO:MDB,ALVORADA,1067,0,1067,10978,12045,MDB,0.14410480349344978
2020,85111,PC do B,PARTIDO:PC do B,ALVORADA,28,0,28,1373,1401,PC DO B,0.0167613806304959
2020,85111,PCB,PARTIDO:PCB,ALVORADA,22,0,22,581,603,PCB,0.007214213076508943
2020,85111,PDT,PARTIDO:PDT,ALVORADA,233,0,233,3700,3933,PDT,0.0470538972303643
2020,85111,PL,PARTIDO:PL,ALVORADA,156,0,156,9381,9537,PL,0.11409941975234791
2020,85111,PP,PARTIDO:PP,ALVORADA,160,0,160,5242,5402,PP,0.06462882096069869
2020,85111,PSB,PARTIDO:PSB,ALVORADA,94,0,94,5698,5792,PSB,0.06929472991565472
2020,85111,PSD,PARTIDO:PSD,ALVORADA,484,0,484,7001,7485,PSD,0.08954956032781002
2020,85111,PSDB,PARTIDO:PSDB,ALVORADA,47,0,47,300,347,PSDB,0.004151462582999342
2020,85111,PSL,PARTIDO:PSL,ALVORADA,39,0,39,1232,1271,PSL,0.015206077645510558
2020,85111,PSOL,PARTIDO:PSOL,ALVORADA,52,0,52,156,208,PSOL,0.002488484775976551
2020,85111,PT,PARTIDO:PT,ALVORADA,1501,0,1501,8359,9860,PT,0.11796374947658073
2020,85111,PTB,PARTIDO:PTB,ALVORADA,169,0,169,7463,7632,PTB,0.09130824908775498
2020,85111,REPUBLICANOS,PARTIDO:REPUBLICANOS,ALVORADA,94,0,94,5198,5292,REPUBLICANOS,0.06331279535801879
2020,85111,SOLIDARIEDADE,PARTIDO:SOLIDARIEDADE,ALVORADA,39,0,39,358,397,SOLIDARIEDADE,0.004749656038762936
2020,85120,MDB,PARTIDO:MDB,NOVA ESPERANÇA DO SUL,7,0,7,283,290,MDB,0.08178228990411732
2020,85120,PDT,PARTIDO:PDT,NOVA ESPERANÇA DO SUL,77,0,77,1509,1586,PDT,0.4472645234066554
2020,85120,PL,PARTIDO:PL,NOVA ESPERANÇA DO SUL,47,0,47,618,665,PL,0.18753525098702764
2020,85120,PP,PARTIDO:PP,NOVA ESPERANÇA DO SUL,36,0,36,969,1005,PP,0.28341793570219964
2020,85138,MDB,PARTIDO:MDB,ANTA GORDA,27,0,27,1333,1360,MDB,0.3259046249700455
2020,85138,PP,PARTIDO:PP,ANTA GORDA,92,0,92,1398,1490,PP,0.3570572729451234
2020,85138,PSL,PARTIDO:PSL,ANTA GORDA,80,0,80,919,999,PSL,0.2393961179007908
2020,85138,PTB,PARTIDO:PTB,ANTA GORDA,7,0,7,317,324,PTB,0.07764198418404025
2020,85146,MDB,PARTIDO:MDB,PAVERAMA,22,0,22,852,874,MDB,0.17688726978344466
2020,85146,PDT,PARTIDO:PDT,PAVERAMA,44,0,44,667,711,PDT,0.14389799635701275
2020,85146,PP,PARTIDO:PP,PAVERAMA,28,0,28,548,576,PP,0.11657559198542805
2020,85146,PSB,PARTIDO:PSB,PAVERAMA,68,0,68,890,958,PSB,0.19388787694798623
2020,85146,PSD,PARTIDO:PSD,PAVERAMA,2,0,2,238,240,PSD,0.048573163327261686
2020,85146,PSDB,PARTIDO:PSDB,PAVERAMA,4,0,4,311,315,PSDB,0.06375227686703097
2020,85146,PSL,PARTIDO:PSL,PAVERAMA,5,0,5,544,549,PSL,0.1111111111111111
2020,85146,PT,PARTIDO:PT,PAVERAMA,5,0,5,379,384,PT,0.0777170613236187
2020,85146,REPUBLICANOS,PARTIDO:REPUBLICANOS,PAVERAMA,4,0,4,330,334,REPUBLICANOS,0.06759765229710585
2020,85154,MDB,PARTIDO:MDB,ANTÔNIO PRADO,129,0,129,2746,2875,MDB,0.3548506541594668
2020,85154,PDT,PARTIDO:PDT,ANTÔNIO PRADO,33,0,33,643,676,PDT,0.08343618859540854
2020,85154,PP,PARTIDO:PP,ANTÔNIO PRADO,207,0,207,2323,2530,PP,0.3122685756603308
2020,85154,PSL,PARTIDO:PSL,ANTÔNIO PRADO,8,0,8,413,421,PSL,0.05196247840039497
2020,85154,PT,PARTIDO:PT,ANTÔNIO PRADO,34,0,34,1230,1264,PT,0.15601086151567514
2020,85154,PTB,PARTIDO:PTB,ANTÔNIO PRADO,12,0,12,324,336,PTB,0.04147124166872377
2020,85162,MDB,PARTIDO:MDB,TERRA DE AREIA,204,0,204,3560,3764,MDB,0.6846125863950527
2020,85162,PP,PARTIDO:PP,TERRA DE AREIA,41,0,41,1529,1570,PP,0.28555838486722446
2020,85162,REPUBLICANOS,PARTIDO:REPUBLICANOS,TERRA DE AREIA,20,0,20,144,164,REPUBLICANOS,0.029829028737722807
2020,85170,PT,PARTIDO:PT,ARATIBA,70,0,70,1900,1970,PT,0.3531098763219215
2020,85170,PTB,PARTIDO:PTB,ARATIBA,41,0,41,2904,2945,PTB,0.5278723785624664
2020,85170,REPUBLICANOS,PARTIDO:REPUBLICANOS,ARATIBA,8,0,8,656,664,REPUBLICANOS,0.11901774511561211
2020,85189,PSB,PARTIDO:PSB,HARMONIA,15,0,15,682,697,PSB,0.21876961707470183
2020,85189,PSDB,PARTIDO:PSDB,HARMONIA,25,0,25,1176,1201,PSDB,0.37696170747018204
2020,85189,PT,PARTIDO:PT,HARMONIA,0,0,0,140,140,PT,0.04394224733207784
2020,85189,PTB,PARTIDO:PTB,HARMONIA,77,0,77,1071,1148,PTB,0.3603264281230383
2020,85197,MDB,PARTIDO:MDB,ARROIO DO MEIO,263,0,263,5953,6216,MDB,0.46020581920485676
2020,85197,PDT,PARTIDO:PDT,ARROIO DO MEIO,24,0,24,1656,1680,PDT,0.12437995113644777
2020,85197,PP,PARTIDO:PP,ARROIO DO MEIO,273,0,273,4267,4540,PP,0.33612201080921006
2020,85197,PT,PARTIDO:PT,ARROIO DO MEIO,19,0,19,624,643,PT,0.04760494558377138
2020,85197,PTB,PARTIDO:PTB,ARROIO DO MEIO,5,0,5,423,428,PTB,0.03168727326571408
2020,85200,MDB,PARTIDO:MDB,CAMPOS BORGES,46,0,46,501,547,MDB,0.19019471488178025
2020,85200,PDT,PARTIDO:PDT,CAMPOS BORGES,78,0,78,1279,1357,PDT,0.47183588317107095
2020,85200,PP,PARTIDO:PP,CAMPOS BORGES,21,0,21,57,78,PP,0.027121001390820583
2020,85200,PSB,PARTIDO:PSB,CAMPOS BORGES,5,0,5,220,225,PSB,0.0782336578581363
2020,85200,PTB,PARTIDO:PTB,CAMPOS BORGES,9,0,9,660,669,PTB,0.23261474269819193
2020,85219,MDB,PARTIDO:MDB,ARROIO DOS RATOS,20,0,20,863,883,MDB,0.11779615795090716
2020,85219,PDT,PARTIDO:PDT,ARROIO DOS RATOS,156,0,156,1440,1596,PDT,0.2129135538954109
2020,85219,PP,PARTIDO:PP,ARROIO DOS RATOS,58,0,58,1978,2036,PP,0.27161152614727857
2020,85219,PRTB,PARTIDO:PRTB,ARROIO DOS RATOS,16,0,16,263,279,PRTB,0.03721985058697972
2020,85219,PSB,PARTIDO:PSB,ARROIO DOS RATOS,88,0,88,1198,1286,PSB,0.1715581643543223
2020,85219,PSD,PARTIDO:PSD,ARROIO DOS RATOS,16,0,16,654,670,PSD,0.08938100320170758
2020,85219,PSDB,PARTIDO:PSDB,ARROIO DOS RATOS,15,0,15,360,375,PSDB,0.050026680896478125
2020,85219,PT,PARTIDO:PT,ARROIO DOS RATOS,13,0,13,358,371,PT,0.04949306296691569
2020,85227,PDT,PARTIDO:PDT,CERRO GRANDE,57,0,57,887,944,PDT,0.4037639007698888
2020,85227,PP,PARTIDO:PP,CERRO GRANDE,47,0,47,685,732,PP,0.31308810949529514
2020,85227,PT,PARTIDO:PT,CERRO GRANDE,5,0,5,144,149,PT,0.06372968349016253
2020,85227,PTB,PARTIDO:PTB,CERRO GRANDE,5,0,5,508,513,PTB,0.21941830624465355
2020,85235,MDB,PARTIDO:MDB,ARROIO DO TIGRE,18,0,18,837,855,MDB,0.09775897553167162
2020,85235,PDT,PARTIDO:PDT,ARROIO DO TIGRE,36,0,36,2544,2580,PDT,0.29499199634118456
2020,85235,PL,PARTIDO:PL,ARROIO DO TIGRE,40,0,40,404,444,PL,0.05076606448662246
2020,85235,PP,PARTIDO:PP,ARROIO DO TIGRE,144,0,144,3272,3416,PP,0.3905785501943746
2020,85235,PSB,PARTIDO:PSB,ARROIO DO TIGRE,24,0,24,1427,1451,PSB,0.16590441344614681
2020,85243,MDB,PARTIDO:MDB,IPIRANGA DO SUL,18,0,18,694,712,MDB,0.38907103825136613
2020,85243,PDT,PARTIDO:PDT,IPIRANGA DO SUL,25,0,25,152,177,PDT,0.09672131147540984
2020,85243,PP,PARTIDO:PP,IPIRANGA DO SUL,11,0,11,325,336,PP,0.18360655737704917
2020,85243,PTB,PARTIDO:PTB,IPIRANGA DO SUL,28,0,28,577,605,PTB,0.33060109289617484
2020,85251,PDT,PARTIDO:PDT,ARROIO GRANDE,261,0,261,3602,3863,PDT,0.3468618119780911
2020,85251,PP,PARTIDO:PP,ARROIO GRANDE,233,0,233,4823,5056,PP,0.4539822214240819
2020,85251,PSDB,PARTIDO:PSDB,ARROIO GRANDE,81,0,81,1060,1141,PSDB,0.10245128849780012
2020,85251,PT,PARTIDO:PT,ARROIO GRANDE,31,0,31,1046,1077,PT,0.09670467810002693
2020,85260,MDB,PARTIDO:MDB,LAGOÃO,22,0,22,439,461,MDB,0.11525
2020,85260,PDT,PARTIDO:PDT,LAGOÃO,96,0,96,1720,1816,PDT,0.454
2020,85260,PP,PARTIDO:PP,LAGOÃO,40,0,40,997,1037,PP,0.25925
2020,85260,PSDB,PARTIDO:PSDB,LAGOÃO,11,0,11,484,495,PSDB,0.12375
2020,85260,PT,PARTIDO:PT,LAGOÃO,5,0,5,186,191,PT,0.04775
2020,85278,PDT,PARTIDO:PDT,ARVOREZINHA,201,0,201,2617,2818,PDT,0.38070791677924887
2020,85278,PP,PARTIDO:PP,ARVOREZINHA,145,0,145,2126,2271,PP,0.3068089705485004
2020,85278,PSD,PARTIDO:PSD,ARVOREZINHA,8,0,8,839,847,PSD,0.11442853282896515
2020,85278,PSDB,PARTIDO:PSDB,ARVOREZINHA,28,0,28,1438,1466,PSDB,0.1980545798432856
2020,85286,MDB,PARTIDO:MDB,ESTAÇÃO,50,0,50,730,780,MDB,0.19776876267748478
2020,85286,PP,PARTIDO:PP,ESTAÇÃO,26,0,26,1218,1244,PP,0.3154158215010142
2020,85286,PSB,PARTIDO:PSB,ESTAÇÃO,6,0,6,137,143,PSB,0.03625760649087221
2020,85286,PSD,PARTIDO:PSD,ESTAÇÃO,9,0,9,129,138,PSD,0.03498985801217039
2020,85286,PSDB,PARTIDO:PSDB,ESTAÇÃO,53,0,53,808,861,PSDB,0.21830628803245436
2020,85286,PTB,PARTIDO:PTB,ESTAÇÃO,9,0,9,356,365,PTB,0.09254563894523327
2020,85286,PV,PARTIDO:PV,ESTAÇÃO,33,0,33,380,413,PV,0.10471602434077079
2020,85294,DEM,PARTIDO:DEM,AUGUSTO PESTANA,31,0,31,1205,1236,DEM,0.25547747002893756
2020,85294,MDB,PARTIDO:MDB,AUGUSTO PESTANA,59,0,59,1038,1097,MDB,0.22674658949979332
2020,85294,PDT,PARTIDO:PDT,AUGUSTO PESTANA,16,0,16,754,770,PDT,0.15915667631252584
2020,85294,PP,PARTIDO:PP,AUGUSTO PESTANA,79,0,79,583,662,PP,0.1368334022323274
2020,85294,PSD,PARTIDO:PSD,AUGUSTO PESTANA,5,0,5,312,317,PSD,0.06552294336502687
2020,85294,PTB,PARTIDO:PTB,AUGUSTO PESTANA,12,0,12,744,756,PTB,0.156262918561389
2020,85308,CIDADANIA,PARTIDO:CIDADANIA,ARROIO DO SAL,3,0,3,286,289,CIDADANIA,0.04965635738831615
2020,85308,MDB,PARTIDO:MDB,ARROIO DO SAL,90,0,90,2068,2158,MDB,0.37079037800687287
2020,85308,PDT,PARTIDO:PDT,ARROIO DO SAL,16,0,16,733,749,PDT,0.12869415807560136
2020,85308,PP,PARTIDO:PP,ARROIO DO SAL,20,0,20,810,830,PP,0.14261168384879724
2020,85308,PRTB,PARTIDO:PRTB,ARROIO DO SAL,2,0,2,219,221,PRTB,0.03797250859106529
2020,85308,PSD,PARTIDO:PSD,ARROIO DO SAL,10,0,10,333,343,PSD,0.05893470790378007
2020,85308,PTB,PARTIDO:PTB,ARROIO DO SAL,11,0,11,169,180,PTB,0.030927835051546393
2020,85308,REPUBLICANOS,PARTIDO:REPUBLICANOS,ARROIO DO SAL,84,0,84,966,1050,REPUBLICANOS,0.18041237113402062
2020,85316,CIDADANIA,PARTIDO:CIDADANIA,BAGÉ,10,0,10,58,68,CIDADANIA,0.001120300504135227
2020,85316,DEM,PARTIDO:DEM,BAGÉ,39,0,39,3072,3111,DEM,0.05125374806418663
2020,85316,MDB,PARTIDO:MDB,BAGÉ,92,0,92,3493,3585,MDB,0.05906290157830571
2020,85316,PC do B,PARTIDO:PC do B,BAGÉ,14,0,14,1040,1054,PC DO B,0.017364657814096015
2020,85316,PDT,PARTIDO:PDT,BAGÉ,162,0,162,3019,3181,PDT,0.052406998583149365
2020,85316,PL,PARTIDO:PL,BAGÉ,37,0,37,943,980,PL,0.016145507265478268
2020,85316,PODE,PARTIDO:PODE,BAGÉ,55,0,55,292,347,PODE,0.005716827572572408
2020,85316,PP,PARTIDO:PP,BAGÉ,216,0,216,5323,5539,PP,0.09125506606477973
2020,85316,PSB,PARTIDO:PSB,BAGÉ,67,0,67,4496,4563,PSB,0.07517545882895647
2020,85316,PSD,PARTIDO:PSD,BAGÉ,26,0,26,801,827,PSD,0.01362483113117401
2020,85316,PSDB,PARTIDO:PSDB,BAGÉ,34,0,34,1413,1447,PSDB,0.023839335727701076
2020,85316,PSL,PARTIDO:PSL,BAGÉ,133,0,133,988,1121,PSL,0.01846848331081749
2020,85316,PSOL,PARTIDO:PSOL,BAGÉ,33,0,33,301,334,PSOL,0.005502652476193614
2020,85316,PT,PARTIDO:PT,BAGÉ,1201,0,1201,10896,12097,PT,0.1992981646841741
2020,85316,PTB,PARTIDO:PTB,BAGÉ,1345,0,1345,16618,17963,PTB,0.29594055817325116
2020,85316,PV,PARTIDO:PV,BAGÉ,15,0,15,645,660,PV,0.010873504893077202
2020,85316,REPUBLICANOS,PARTIDO:REPUBLICANOS,BAGÉ,52,0,52,2061,2113,REPUBLICANOS,0.0348116906652608
2020,85316,SOLIDARIEDADE,PARTIDO:SOLIDARIEDADE,BAGÉ,84,0,84,1624,1708,SOLIDARIEDADE,0.028139312662690697
2020,85324,DEM,PARTIDO:DEM,SÃO JOSÉ DO HORTÊNCIO,67,0,67,1728,1795,DEM,0.574216250799744
2020,85324,MDB,PARTIDO:MDB,SÃO JOSÉ DO HORTÊNCIO,43,0,43,888,931,MDB,0.2978246960972489
2020,85324,PT,PARTIDO:PT,SÃO JOSÉ DO HORTÊNCIO,5,0,5,232,237,PT,0.07581573896353166
2020,85324,REPUBLICANOS,PARTIDO:REPUBLICANOS,SÃO JOSÉ DO HORTÊNCIO,6,0,6,157,163,REPUBLICANOS,0.052143314139475365
2020,85332,CIDADANIA,PARTIDO:CIDADANIA,BARÃO DE COTEGIPE,34,0,34,93,127,CIDADANIA,0.028726532458719745
2020,85332,MDB,PARTIDO:MDB,BARÃO DE COTEGIPE,14,0,14,327,341,MDB,0.07713187061750736
2020,85332,PP,PARTIDO:PP,BARÃO DE COTEGIPE,91,0,91,1046,1137,PP,0.25718163311467995
2020,85332,PSD,PARTIDO:PSD,BARÃO DE COTEGIPE,12,0,12,962,974,PSD,0.2203121465731735
2020,85332,PSDB,PARTIDO:PSDB,BARÃO DE COTEGIPE,18,0,18,559,577,PSDB,0.1305134584935535
2020,85332,PT,PARTIDO:PT,BARÃO DE COTEGIPE,34,0,34,926,960,PT,0.21714544220764534
2020,85332,PTB,PARTIDO:PTB,BARÃO DE COTEGIPE,7,0,7,298,305,PTB,0.06898891653472065
2020,85340,CIDADANIA,PARTIDO:CIDADANIA,PINHAL,2,0,2,64,66,CIDADANIA,0.03278688524590164
2020,85340,MDB,PARTIDO:MDB,PINHAL,33,0,33,688,721,MDB,0.3581718827620467
2020,85340,PDT,PARTIDO:PDT,PINHAL,14,0,14,339,353,PDT,0.17536015896671633
2020,85340,PL,PARTIDO:PL,PINHAL,11,0,11,212,223,PL,0.1107799304520616
2020,85340,PP,PARTIDO:PP,PINHAL,10,0,10,493,503,PP,0.24987580725285644
2020,85340,PT,PARTIDO:PT,PINHAL,4,0,4,143,147,PT,0.07302533532041729
2020,85359,MDB,PARTIDO:MDB,BARRACÃO,100,0,100,1820,1920,MDB,0.5086092715231788
2020,85359,PL,PARTIDO:PL,BARRACÃO,7,0,7,53,60,PL,0.015894039735099338
2020,85359,PP,PARTIDO:PP,BARRACÃO,63,0,63,1348,1411,PP,0.3737748344370861
2020,85359,PT,PARTIDO:PT,BARRACÃO,1,0,1,383,384,PT,0.10172185430463576
2020,85367,MDB,PARTIDO:MDB,TRÊS CACHOEIRAS,59,0,59,1180,1239,MDB,0.18798361401911698
2020,85367,PDT,PARTIDO:PDT,TRÊS CACHOEIRAS,14,0,14,318,332,PDT,0.05037171901077227
2020,85367,PP,PARTIDO:PP,TRÊS CACHOEIRAS,134,0,134,4532,4666,PP,0.7079350629646488
2020,85367,PT,PARTIDO:PT,TRÊS CACHOEIRAS,8,0,8,346,354,PT,0.05370960400546199
2020,85375,AVANTE,PARTIDO:AVANTE,BARRA DO RIBEIRO,1,0,1,161,162,AVANTE,0.02192151556156969
2020,85375,DEM,PARTIDO:DEM,BARRA DO RIBEIRO,0,0,0,0,0,DEM,0.0
2020,85375,MDB,PARTIDO:MDB,BARRA DO RIBEIRO,154,0,154,1955,2109,MDB,0.28538565629228685
2020,85375,PATRIOTA,PARTIDO:PATRIOTA,BARRA DO RIBEIRO,3,0,3,226,229,PATRIOTA,0.03098782138024357
2020,85375,PP,PARTIDO:PP,BARRA DO RIBEIRO,20,0,20,571,591,PP,0.07997293640054128
2020,85375,PSB,PARTIDO:PSB,BARRA DO RIBEIRO,73,0,73,573,646,PSB,0.08741542625169148
2020,85375,PSD,PARTIDO:PSD,BARRA DO RIBEIRO,86,0,86,1444,1530,PSD,0.2070365358592693
2020,85375,PSDB,PARTIDO:PSDB,BARRA DO RIBEIRO,17,0,17,707,724,PSDB,0.0979702300405954
2020,85375,PSL,PARTIDO:PSL,BARRA DO RIBEIRO,2,0,2,33,35,PSL,0.004736129905277402
2020,85375,PT,PARTIDO:PT,BARRA DO RIBEIRO,26,0,26,599,625,PT,0.08457374830852503
2020,85375,PTB,PARTIDO:PTB,BARRA DO RIBEIRO,5,0,5,339,344,PTB,0.04654939106901218
2020,85375,REPUBLICANOS,PARTIDO:REPUBLICANOS,BARRA DO RIBEIRO,6,0,6,389,395,REPUBLICANOS,0.05345060893098782
2020,85383,MDB,PARTIDO:MDB,SÃO VENDELINO,30,0,30,812,842,MDB,0.41375921375921376
2020,85383,PSD,PARTIDO:PSD,SÃO VENDELINO,0,0,0,21,21,PSD,0.010319410319410319
2020,85383,PTB,PARTIDO:PTB,SÃO VENDELINO,30,0,30,844,874,PTB,0.4294840294840295
2020,85383,SOLIDARIEDADE,PARTIDO:SOLIDARIEDADE,SÃO VENDELINO,5,0,5,293,298,SOLIDARIEDADE,0.14643734643734643
2020,85391,MDB,PARTIDO:MDB,BARROS CASSAL,45,0,45,2208,2253,MDB,0.3084188911704312
2020,85391,PP,PARTIDO:PP,BARROS CASSAL,128,0,128,2281,2409,PP,0.3297741273100616
2020,85391,PSB,PARTIDO:PSB,BARROS CASSAL,94,0,94,1648,1742,PSB,0.23846680355920602
2020,85391,PSD,PARTIDO:PSD,BARROS CASSAL,22,0,22,879,901,PSD,0.12334017796030117
2020,85405,DEM,PARTIDO:DEM,PROTÁSIO ALVES,2,0,2,229,231,DEM,0.1384062312762133
2020,85405,MDB,PARTIDO:MDB,PROTÁSIO ALVES,14,0,14,881,895,MDB,0.536249251048532
2020,85405,PP,PARTIDO:PP,PROTÁSIO ALVES,38,0,38,465,503,PP,0.3013780707010186
2020,85405,PT,PARTIDO:PT,PROTÁSIO ALVES,1,0,1,39,40,PT,0.02396644697423607
2020,85413,CIDADANIA,PARTIDO:CIDADANIA,BENTO GONÇALVES,98,0,98,2589,2687,CIDADANIA,0.04323828527291452
2020,85413,DEM,PARTIDO:DEM,BENTO GONÇALVES,130,0,130,4116,4246,DEM,0.06832518022657054
2020,85413,MDB,PARTIDO:MDB,BENTO GONÇALVES,539,0,539,6205,6744,MDB,0.1085221421215242
2020,85413,PATRIOTA,PARTIDO:PATRIOTA,BENTO GONÇALVES,30,0,30,1426,1456,PATRIOTA,0.023429454170957775
2020,85413,PDT,PARTIDO:PDT,BENTO GONÇALVES,217,0,217,5728,5945,PDT,0.09566490731204944
2020,85413,PP,PARTIDO:PP,BENTO GONÇALVES,296,0,296,15670,15966,PP,0.2569194129763131
2020,85413,PRTB,PARTIDO:PRTB,BENTO GONÇALVES,55,0,55,2253,2308,PRTB,0.03713954685890834
2020,85413,PSB,PARTIDO:PSB,BENTO GONÇALVES,238,0,238,2731,2969,PSB,0.04777613285272914
2020,85413,PSC,PARTIDO:PSC,BENTO GONÇALVES,42,0,42,0,42,PSC,0.0006758496395468589
2020,85413,PSD,PARTIDO:PSD,BENTO GONÇALVES,309,0,309,2066,2375,PSD,0.038217687950566424
2020,85413,PSDB,PARTIDO:PSDB,BENTO GONÇALVES,621,0,621,5785,6406,PSDB,0.10308316168898043
2020,85413,PSL,PARTIDO:PSL,BENTO GONÇALVES,14,0,14,153,167,PSL,0.0026873069001029865
2020,85413,PT,PARTIDO:PT,BENTO GONÇALVES,177,0,177,1303,1480,PT,0.023815653964984553
2020,85413,PTB,PARTIDO:PTB,BENTO GONÇALVES,77,0,77,4604,4681,PTB,0.07532505149330587
2020,85413,REPUBLICANOS,PARTIDO:REPUBLICANOS,BENTO GONÇALVES,59,0,59,4613,4672,REPUBLICANOS,0.07518022657054584
2020,85421,PDT,PARTIDO:PDT,POUSO NOVO,29,0,29,550,579,PDT,0.3993103448275862
2020,85421,PSB,PARTIDO:PSB,POUSO NOVO,2,0,2,78,80,PSB,0.05517241379310345
2020,85421,PTB,PARTIDO:PTB,POUSO NOVO,39,0,39,752,791,PTB,0.5455172413793103
2020,85430,MDB,PARTIDO:MDB,BOA VISTA DO BURICÁ,60,0,60,627,687,MDB,0.14264950166112958
2020,85430,PDT,PARTIDO:PDT,BOA VISTA DO BURICÁ,10,0,10,422,432,PDT,0.08970099667774087
2020,85430,PP,PARTIDO:PP,BOA VISTA DO BURICÁ,18,0,18,508,526,PP,0.10921926910299003
2020,85430,PSD,PARTIDO:PSD,BOA VISTA DO BURICÁ,14,0,14,709,723,PSD,0.15012458471760798
2020,85430,PSDB,PARTIDO:PSDB,BOA VISTA DO BURICÁ,7,0,7,446,453,PSDB,0.09406146179401993
2020,85430,PT,PARTIDO:PT,BOA VISTA DO BURICÁ,74,0,74,1197,1271,PT,0.26391196013289037
2020,85430,PTB,PARTIDO:PTB,BOA VISTA DO BURICÁ,16,0,16,708,724,PTB,0.15033222591362128
2020,85448,MDB,PARTIDO:MDB,EUGÊNIO DE CASTRO,40,0,40,709,749,MDB,0.34951003266448905
2020,85448,PDT,PARTIDO:PDT,EUGÊNIO DE CASTRO,19,0,19,387,406,PDT,0.1894540363975735
2020,85448,PP,PARTIDO:PP,EUGÊNIO DE CASTRO,32,0,32,956,988,PP,0.4610359309379375
2020,85456,MDB,PARTIDO:MDB,BOM JESUS,175,0,175,2728,2903,MDB,0.4341259159563332
2020,85456,PDT,PARTIDO:PDT,BOM JESUS,31,0,31,526,557,PDT,0.08329594736055032
2020,85456,PP,PARTIDO:PP,BOM JESUS,136,0,136,2552,2688,PP,0.40197397936294305
2020,85456,PSB,PARTIDO:PSB,BOM JESUS,11,0,11,236,247,PSB,0.03693734110961567
2020,85456,PSDB,PARTIDO:PSDB,BOM JESUS,3,0,3,186,189,PSDB,0.02826379542395693
2020,85456,PT,PARTIDO:PT,BOM JESUS,4,0,4,99,103,PT,0.015403020786600868
2020,85464,MDB,PARTIDO:MDB,CRISTAL,24,0,24,1154,1178,MDB,0.22958487624244786
2020,85464,PDT,PARTIDO:PDT,CRISTAL,13,0,13,844,857,PDT,0.16702397193529525
2020,85464,PSB,PARTIDO:PSB,CRISTAL,101,0,101,1876,1977,PSB,0.3853050087702202
2020,85464,PSDB,PARTIDO:PSDB,CRISTAL,99,0,99,1020,1119,PSDB,0.21808614305203664
2020,85472,DEM,PARTIDO:DEM,BOM RETIRO DO SUL,13,0,13,622,635,DEM,0.08120204603580562
2020,85472,MDB,PARTIDO:MDB,BOM RETIRO DO SUL,18,0,18,599,617,MDB,0.0789002557544757
2020,85472,PDT,PARTIDO:PDT,BOM RETIRO DO SUL,30,0,30,1175,1205,PDT,0.15409207161125318
2020,85472,PL,PARTIDO:PL,BOM RETIRO DO SUL,135,0,135,1039,1174,PL,0.15012787723785168
2020,85472,PP,PARTIDO:PP,BOM RETIRO DO SUL,77,0,77,510,587,PP,0.07506393861892584
2020,85472,PSB,PARTIDO:PSB,BOM RETIRO DO SUL,25,0,25,2063,2088,PSB,0.2670076726342711
2020,85472,PTB,PARTIDO:PTB,BOM RETIRO DO SUL,21,0,21,1493,1514,PTB,0.1936061381074169
2020,85480,MDB,PARTIDO:MDB,SÃO MIGUEL DAS MISSÕES,5,0,5,309,314,MDB,0.0647823395914999
2020,85480,PCO,PARTIDO:PCO,SÃO MIGUEL DAS MISSÕES,0,0,0,12,12,PCO,0.0024757582009490406
2020,85480,PDT,PARTIDO:PDT,SÃO MIGUEL DAS MISSÕES,77,0,77,1053,1130,PDT,0.23313389725603467
2020,85480,PP,PARTIDO:PP,SÃO MIGUEL DAS MISSÕES,117,0,117,2638,2755,PP,0.5683928203012173
2020,85480,PT,PARTIDO:PT,SÃO MIGUEL DAS MISSÕES,23,0,23,613,636,PT,0.13121518465029916
2020,85499,MDB,PARTIDO:MDB,BOSSOROCA,19,0,19,360,379,MDB,0.09710479118626697
2020,85499,PDT,PARTIDO:PDT,BOSSOROCA,21,0,21,490,511,PDT,0.13092492954137844
2020,85499,PP,PARTIDO:PP,BOSSOROCA,120,0,120,2003,2123,PP,0.5439405585447092
2020,85499,PSDB,PARTIDO:PSDB,BOSSOROCA,50,0,50,398,448,PSDB,0.11478349987189342
2020,85499,PT,PARTIDO:PT,BOSSOROCA,12,0,12,430,442,PT,0.11324622085575199
2020,85502,MDB,PARTIDO:MDB,GLORINHA,78,0,78,1032,1110,MDB,0.2168392264114085
2020,85502,PDT,PARTIDO:PDT,GLORINHA,24,0,24,466,490,PDT,0.09572182066809924
2020,85502,PP,PARTIDO:PP,GLORINHA,78,0,78,1507,1585,PP,0.3096307872631373
2020,85502,PSDB,PARTIDO:PSDB,GLORINHA,2,0,2,184,186,PSDB,0.03633522172299277
2020,85502,PTB,PARTIDO:PTB,GLORINHA,59,0,59,793,852,PTB,0.16643875756983786
2020,85502,REPUBLICANOS,PARTIDO:REPUBLICANOS,GLORINHA,14,0,14,882,896,REPUBLICANOS,0.1750341863645243
2020,85510,MDB,PARTIDO:MDB,BRAGA,53,0,53,897,950,MDB,0.37196554424432265
2020,85510,PDT,PARTIDO:PDT,BRAGA,9,0,9,254,263,PDT,0.10297572435395458
2020,85510,PP,PARTIDO:PP,BRAGA,30,0,30,731,761,PP,0.29796397807361
2020,85510,PT,PARTIDO:PT,BRAGA,32,0,32,548,580,PT,0.22709475332811277
2020,85529,MDB,PARTIDO:MDB,SEGREDO,114,0,114,2148,2262,MDB,0.48613797549967763
2020,85529,PP,PARTIDO:PP,SEGREDO,64,0,64,2327,2391,PP,0.5138620245003224
2020,85537,MDB,PARTIDO:MDB,BUTIÁ,113,0,113,287,400,MDB,0.03688675765400221
2020,85537,PDT,PARTIDO:PDT,BUTIÁ,26,0,26,1084,1110,PDT,0.10236075248985614
2020,85537,PP,PARTIDO:PP,BUTIÁ,41,12,53,789,842,PP,0.07764662486167466
2020,85537,PSB,PARTIDO:PSB,BUTIÁ,3,0,3,327,330,PSB,0.030431575064551825
2020,85537,PSD,PARTIDO:PSD,BUTIÁ,27,0,27,1497,1524,PSD,0.14053854666174842
2020,85537,PT,PARTIDO:PT,BUTIÁ,215,0,215,3113,3328,PT,0.3068978236812984
2020,85537,PTB,PARTIDO:PTB,BUTIÁ,44,0,44,1001,1045,PTB,0.09636665437108079
2020,85537,REPUBLICANOS,PARTIDO:REPUBLICANOS,BUTIÁ,20,0,20,1616,1636,REPUBLICANOS,0.15086683880486906
2020,85537,SOLIDARIEDADE,PARTIDO:SOLIDARIEDADE,BUTIÁ,4,0,4,625,629,SOLIDARIEDADE,0.05800442641091848
2020,85545,DEM,PARTIDO:DEM,ALEGRIA,8,0,8,377,385,DEM,0.1260229132569558
2020,85545,MDB,PARTIDO:MDB,ALEGRIA,82,0,82,1502,1584,MDB,0.518494271685761
2020,85545,PDT,PARTIDO:PDT,ALEGRIA,9,0,9,153,162,PDT,0.053027823240589196
2020,85545,PP,PARTIDO:PP,ALEGRIA,55,0,55,869,924,PP,0.30245499181669394
2020,85553,DEM,PARTIDO:DEM,CAÇAPAVA DO SUL,10,0,10,328,338,DEM,0.019379622728054584
2020,85553,MDB,PARTIDO:MDB,CAÇAPAVA DO SUL,197,0,197,3223,3420,MDB,0.19608967375723868
2020,85553,PDT,PARTIDO:PDT,CAÇAPAVA DO SUL,462,0,462,4653,5115,PDT,0.29327446820709824
2020,85553,PL,PARTIDO:PL,CAÇAPAVA DO SUL,38,0,38,1325,1363,PL,0.07814918869330886
2020,85553,PP,PARTIDO:PP,CAÇAPAVA DO SUL,258,0,258,4681,4939,PP,0.28318330370964967
2020,85553,PSB,PARTIDO:PSB,CAÇAPAVA DO SUL,143,0,143,671,814,PSB,0.0466716358006995
2020,85553,PT,PARTIDO:PT,CAÇAPAVA DO SUL,75,0,75,1377,1452,PT,0.08325210710395047
2020,85561,MDB,PARTIDO:MDB,SALDANHA MARINHO,32,0,32,445,477,MDB,0.1965389369592089
2020,85561,PDT,PARTIDO:PDT,SALDANHA MARINHO,19,0,19,743,762,PDT,0.31396786155747836
2020,85561,PP,PARTIDO:PP,SALDANHA MARINHO,45,0,45,1143,1188,PP,0.4894932014833127
2020,85570,MDB,PARTIDO:MDB,CACEQUI,146,0,146,2571,2717,MDB,0.41354642313546425
2020,85570,PP,PARTIDO:PP,CACEQUI,60,0,60,952,1012,PP,0.15403348554033486
2020,85570,PSL,PARTIDO:PSL,CACEQUI,17,0,17,438,455,PSL,0.06925418569254185
2020,85570,PTB,PARTIDO:PTB,CACEQUI,185,0,185,1959,2144,PTB,0.3263318112633181
2020,85570,REPUBLICANOS,PARTIDO:REPUBLICANOS,CACEQUI,6,0,6,236,242,REPUBLICANOS,0.036834094368340946
2020,85588,MDB,PARTIDO:MDB,SÃO JOSÉ DO HERVAL,39,0,39,339,378,MDB,0.20510037981551818
2020,85588,PDT,PARTIDO:PDT,SÃO JOSÉ DO HERVAL,49,0,49,541,590,PDT,0.3201302224633749
2020,85588,PP,PARTIDO:PP,SÃO JOSÉ DO HERVAL,9,0,9,307,316,PP,0.17145957677699403
2020,85588,PSB,PARTIDO:PSB,SÃO JOSÉ DO HERVAL,2,0,2,91,93,PSB,0.050461204557786216
2020,85588,PSDB,PARTIDO:PSDB,SÃO JOSÉ DO HERVAL,4,0,4,133,137,PSDB,0.07433532284319046
2020,85588,PTB,PARTIDO:PTB,SÃO JOSÉ DO HERVAL,8,0,8,216,224,PTB,0.12154096581660337
2020,85588,REPUBLICANOS,PARTIDO:REPUBLICANOS,SÃO JOSÉ DO HERVAL,0,0,0,105,105,REPUBLICANOS,0.05697232772653283
2020,85596,DEM,PARTIDO:DEM,CACHOEIRA DO SUL,20,0,20,404,424,DEM,0.009821635394950196
2020,85596,MDB,PARTIDO:MDB,CACHOEIRA DO SUL,83,0,83,4104,4187,MDB,0.0969886495251332
2020,85596,PL,PARTIDO:PL,CACHOEIRA DO SUL,355,0,355,6860,7215,PL,0.16712995135510772
2020,85596,PODE,PARTIDO:PODE,CACHOEIRA DO SUL,126,0,126,3818,3944,PODE,0.09135974056057447
2020,85596,PP,PARTIDO:PP,CACHOEIRA DO SUL,645,0,645,5864,6509,PP,0.15077600185313875
2020,85596,PRTB,PARTIDO:PRTB,CACHOEIRA DO SUL,26,0,26,1491,1517,PRTB,0.03514014361825342
2020,85596,PSB,PARTIDO:PSB,CACHOEIRA DO SUL,60,0,60,2719,2779,PSB,0.06437340745888348
2020,85596,PSDB,PARTIDO:PSDB,CACHOEIRA DO SUL,285,0,285,5247,5532,PSDB,0.1281445448227936
2020,85596,PSL,PARTIDO:PSL,CACHOEIRA DO SUL,193,0,193,2344,2537,PSL,0.05876766272874682
2020,85596,PSOL,PARTIDO:PSOL,CACHOEIRA DO SUL,20,0,20,200,220,PSOL,0.005096131572851517
2020,85596,PT,PARTIDO:PT,CACHOEIRA DO SUL,142,0,142,2447,2589,PT,0.05997220291869354
2020,85596,PTB,PARTIDO:PTB,CACHOEIRA DO SUL,55,0,55,1320,1375,PTB,0.031850822330321986
2020,85596,REPUBLICANOS,PARTIDO:REPUBLICANOS,CACHOEIRA DO SUL,69,0,69,4273,4342,REPUBLICANOS,0.10057910586055131
2020,85600,MDB,PARTIDO:MDB,VISTA ALEGRE,25,0,25,663,688,MDB,0.3540916109109624
2020,85600,PDT,PARTIDO:PDT,VISTA ALEGRE,0,0,0,0,0,PDT,0.0
2020,85600,PL,PARTIDO:PL,VISTA ALEGRE,3,0,3,17,20,PL,0.010293360782295419
2020,85600,PP,PARTIDO:PP,VISTA ALEGRE,27,0,27,611,638,PP,0.3283582089552239
2020,85600,PT,PARTIDO:PT,VISTA ALEGRE,36,0,36,561,597,PT,0.3072568193515183
2020,85618,CIDADANIA,PARTIDO:CIDADANIA,CACHOEIRINHA,37,0,37,1905,1942,CIDADANIA,0.030568716649089393
2020,85618,DC,PARTIDO:DC,CACHOEIRINHA,14,0,14,260,274,DC,0.004312990917533724
2020,85618,DEM,PARTIDO:DEM,CACHOEIRINHA,22,0,22,210,232,DEM,0.0036518755214154167
2020,85618,MDB,PARTIDO:MDB,CACHOEIRINHA,153,0,153,9721,9874,MDB,0.1554250814588613
2020,85618,PC do B,PARTIDO:PC do B,CACHOEIRINHA,14,0,14,136,150,PC DO B,0.0023611264147082433
2020,85618,PDT,PARTIDO:PDT,CACHOEIRINHA,158,0,158,7728,7886,PDT,0.12413228604259471
2020,85618,PP,PARTIDO:PP,CACHOEIRINHA,342,0,342,4646,4988,PP,0.07851532371043146
2020,85618,PRTB,PARTIDO:PRTB,CACHOEIRINHA,8,0,8,571,579,PRTB,0.00911394796077382
2020,85618,PSB,PARTIDO:PSB,CACHOEIRINHA,521,0,521,8121,8642,PSB,0.13603236317272427
2020,85618,PSD,PARTIDO:PSD,CACHOEIRINHA,60,0,60,4696,4756,PSD,0.07486344818901604
2020,85618,PSL,PARTIDO:PSL,CACHOEIRINHA,479,0,479,3038,3517,PSL,0.05536054400352595
2020,85618,PSOL,PARTIDO:PSOL,CACHOEIRINHA,62,0,62,241,303,PSOL,0.0047694753577106515
2020,85618,PT,PARTIDO:PT,CACHOEIRINHA,453,0,453,2730,3183,PT,0.050103102520108925
2020,85618,PTB,PARTIDO:PTB,CACHOEIRINHA,96,0,96,3658,3754,PTB,0.059091123738764975
2020,85618,PV,PARTIDO:PV,CACHOEIRINHA,32,0,32,1602,1634,PV,0.02572053707755513
2020,85618,REDE,PARTIDO:REDE,CACHOEIRINHA,128,0,128,2036,2164,REDE,0.03406318374285759
2020,85618,REPUBLICANOS,PARTIDO:REPUBLICANOS,CACHOEIRINHA,82,0,82,5096,5178,REPUBLICANOS,0.08150608383572856
2020,85618,SOLIDARIEDADE,PARTIDO:SOLIDARIEDADE,CACHOEIRINHA,78,0,78,4395,4473,SOLIDARIEDADE,0.07040878968659982
2020,85626,MDB,PARTIDO:MDB,IVORÁ,18,0,18,748,766,MDB,0.47577639751552797
2020,85626,PDT,PARTIDO:PDT,IVORÁ,3,0,3,116,119,PDT,0.07391304347826087
2020,85626,PP,PARTIDO:PP,IVORÁ,24,0,24,459,483,PP,0.3
2020,85626,PT,PARTIDO:PT,IVORÁ,24,0,24,218,242,PT,0.15031055900621118
2020,85634,MDB,PARTIDO:MDB,CACIQUE DOBLE,79,0,79,1306,1385,MDB,0.39696188019489825
2020,85634,PDT,PARTIDO:PDT,CACIQUE DOBLE,73,0,73,627,700,PDT,0.20063055316709658
2020,85634,PL,PARTIDO:PL,CACIQUE DOBLE,17,0,17,1018,1035,PL,0.29664660361135
2020,85634,PT,PARTIDO:PT,CACIQUE DOBLE,10,0,10,359,369,PT,0.1057609630266552
2020,85642,MDB,PARTIDO:MDB,VILA MARIA,9,0,9,434,443,MDB,0.1457236842105263
2020,85642,PL,PARTIDO:PL,VILA MARIA,1,0,1,88,89,PL,0.029276315789473685
2020,85642,PT,PARTIDO:PT,VILA MARIA,41,0,41,645,686,PT,0.2256578947368421
2020,85642,PTB,PARTIDO:PTB,VILA MARIA,13,0,13,700,713,PTB,0.23453947368421052
2020,85642,REPUBLICANOS,PARTIDO:REPUBLICANOS,VILA MARIA,47,0,47,1062,1109,REPUBLICANOS,0.3648026315789474
2020,85650,CIDADANIA,PARTIDO:CIDADANIA,CAIBATÉ,33,0,33,715,748,CIDADANIA,0.21877742029833286
2020,85650,MDB,PARTIDO:MDB,CAIBATÉ,14,0,14,710,724,MDB,0.2117578239251243
2020,85650,PP,PARTIDO:PP,CAIBATÉ,66,0,66,1407,1473,PP,0.43082772740567415
2020,85650,PT,PARTIDO:PT,CAIBATÉ,17,0,17,457,474,PT,0.13863702837086866
2020,85669,MDB,PARTIDO:MDB,TAQUARUÇU DO SUL,7,0,7,237,244,MDB,0.10070160957490713
2020,85669,PL,PARTIDO:PL,TAQUARUÇU DO SUL,1,0,1,115,116,PL,0.047874535699546014
2020,85669,PP,PARTIDO:PP,TAQUARUÇU DO SUL,16,0,16,583,599,PP,0.247214197276104
2020,85669,PSB,PARTIDO:PSB,TAQUARUÇU DO SUL,6,0,6,639,645,PSB,0.2661989269500619
2020,85669,PSDB,PARTIDO:PSDB,TAQUARUÇU DO SUL,21,0,21,324,345,PSDB,0.14238547255468428
2020,85669,PSOL,PARTIDO:PSOL,TAQUARUÇU DO SUL,3,0,3,19,22,PSOL,0.009079653322327692
2020,85669,PT,PARTIDO:PT,TAQUARUÇU DO SUL,39,0,39,413,452,PT,0.18654560462236897
2020,85677,MDB,PARTIDO:MDB,CAIÇARA,80,0,80,1174,1254,MDB,0.33745963401506995
2020,85677,PDT,PARTIDO:PDT,CAIÇARA,74,0,74,1601,1675,PDT,0.4507534983853606
2020,85677,PSDB,PARTIDO:PSDB,CAIÇARA,11,0,11,145,156,PSDB,0.04198062432723358
2020,85677,PT,PARTIDO:PT,CAIÇARA,13,0,13,618,631,PT,0.16980624327233584
2020,85685,MDB,PARTIDO:MDB,IMBÉ,222,0,222,3443,3665,MDB,0.2944011567194152
2020,85685,PDT,PARTIDO:PDT,IMBÉ,191,0,191,1662,1853,PDT,0.1488472969716443
2020,85685,PODE,PARTIDO:PODE,IMBÉ,18,0,18,154,172,PODE,0.013816370792834766
2020,85685,PRTB,PARTIDO:PRTB,IMBÉ,3,0,3,84,87,PRTB,0.006988513133585027
2020,85685,PSDB,PARTIDO:PSDB,IMBÉ,18,0,18,696,714,PSDB,0.05735400433769781
2020,85685,PT,PARTIDO:PT,IMBÉ,64,0,64,3423,3487,PT,0.2801028195035746
2020,85685,PTB,PARTIDO:PTB,IMBÉ,40,0,40,2431,2471,PTB,0.1984898385412483
2020,85693,DEM,PARTIDO:DEM,CAMAQUÃ,77,0,77,2448,2525,DEM,0.07103671402447602
2020,85693,MDB,PARTIDO:MDB,CAMAQUÃ,100,0,100,4784,4884,MDB,0.1374032916021944
2020,85693,PDT,PARTIDO:PDT,CAMAQUÃ,99,0,99,3130,3229,PDT,0.09084259389506259
2020,85693,PL,PARTIDO:PL,CAMAQUÃ,22,0,22,896,918,PL,0.02582641721761148
2020,85693,PODE,PARTIDO:PODE,CAMAQUÃ,8,0,8,288,296,PODE,0.008327472218314811
2020,85693,PP,PARTIDO:PP,CAMAQUÃ,238,0,238,4982,5220,PP,0.14685609790406526
2020,85693,PSB,PARTIDO:PSB,CAMAQUÃ,317,0,317,1337,1654,PSB,0.0465325643550429
2020,85693,PSD,PARTIDO:PSD,CAMAQUÃ,18,0,18,1226,1244,PSD,0.03499788999859333
2020,85693,PSDB,PARTIDO:PSDB,CAMAQUÃ,577,0,577,8694,9271,PSDB,0.2608243072162048
2020,85693,PSL,PARTIDO:PSL,CAMAQUÃ,14,0,14,163,177,PSL,0.004979603319735546
2020,85693,PT,PARTIDO:PT,CAMAQUÃ,37,0,37,1898,1935,PT,0.05443803629202419
2020,85693,PTB,PARTIDO:PTB,CAMAQUÃ,36,0,36,1367,1403,PTB,0.03947109298072865
2020,85693,REPUBLICANOS,PARTIDO:REPUBLICANOS,CAMAQUÃ,40,0,40,2749,2789,REPUBLICANOS,0.07846391897594598
2020,85707,MDB,PARTIDO:MDB,SEDE NOVA,10,0,10,375,385,MDB,0.17774699907663896
2020,85707,PP,PARTIDO:PP,SEDE NOVA,43,0,43,988,1031,PP,0.4759926131117267
2020,85707,PSDB,PARTIDO:PSDB,SEDE NOVA,5,0,5,256,261,PSDB,0.12049861495844875
2020,85707,PT,PARTIDO:PT,SEDE NOVA,22,0,22,467,489,PT,0.2257617728531856
2020,85715,MDB,PARTIDO:MDB,CAMBARÁ DO SUL,88,0,88,941,1029,MDB,0.23952513966480446
2020,85715,PDT,PARTIDO:PDT,CAMBARÁ DO SUL,17,0,17,264,281,PDT,0.0654096834264432
2020,85715,PP,PARTIDO:PP,CAMBARÁ DO SUL,70,0,70,1436,1506,PP,0.3505586592178771
2020,85715,PSDB,PARTIDO:PSDB,CAMBARÁ DO SUL,10,0,10,606,616,PSDB,0.14338919925512103
2020,85715,PSL,PARTIDO:PSL,CAMBARÁ DO SUL,3,0,3,267,270,PSL,0.06284916201117319
2020,85715,PTB,PARTIDO:PTB,CAMBARÁ DO SUL,11,0,11,583,594,PTB,0.138268156424581
2020,85723,DEM,PARTIDO:DEM,TUPANDI,4,0,4,140,144,DEM,0.03783499737256963
2020,85723,MDB,PARTIDO:MDB,TUPANDI,50,0,50,1206,1256,MDB,0.33000525486074617
2020,85723,PP,PARTIDO:PP,TUPANDI,17,0,17,767,784,PP,0.20599054125065686
2020,85723,PSB,PARTIDO:PSB,TUPANDI,3,0,3,335,338,PSB,0.08880714661061481
2020,85723,PTB,PARTIDO:PTB,TUPANDI,67,0,67,1217,1284,PTB,0.3373620599054125
2020,85731,MDB,PARTIDO:MDB,CAMPINA DAS MISSÕES,8,0,8,313,321,MDB,0.0728056248582445
2020,85731,PDT,PARTIDO:PDT,CAMPINA DAS MISSÕES,34,0,34,584,618,PDT,0.14016783851213427
2020,85731,PODE,PARTIDO:PODE,CAMPINA DAS MISSÕES,7,0,7,444,451,PODE,0.10229076888183261
2020,85731,PP,PARTIDO:PP,CAMPINA DAS MISSÕES,31,0,31,926,957,PP,0.21705602177364483
2020,85731,PSL,PARTIDO:PSL,CAMPINA DAS MISSÕES,50,0,50,1064,1114,PSL,0.252665003402132
2020,85731,PT,PARTIDO:PT,CAMPINA DAS MISSÕES,21,0,21,927,948,PT,0.2150147425720118
2020,85740,MDB,PARTIDO:MDB,RIOZINHO,11,0,11,409,420,MDB,0.11938601478112564
2020,85740,PDT,PARTIDO:PDT,RIOZINHO,63,0,63,736,799,PDT,0.22711768050028425
2020,85740,PSB,PARTIDO:PSB,RIOZINHO,38,0,38,1299,1337,PSB,0.3800454803865833
2020,85740,PT,PARTIDO:PT,RIOZINHO,14,0,14,368,382,PT,0.10858442296759523
2020,85740,PTB,PARTIDO:PTB,RIOZINHO,7,0,7,573,580,PTB,0.1648664013644116
2020,85758,DEM,PARTIDO:DEM,CAMPINAS DO SUL,5,0,5,243,248,DEM,0.06186081317036667
2020,85758,MDB,PARTIDO:MDB,CAMPINAS DO SUL,43,0,43,698,741,MDB,0.1848341232227488
2020,85758,PDT,PARTIDO:PDT,CAMPINAS DO SUL,13,0,13,484,497,PDT,0.12397106510351709
2020,85758,PP,PARTIDO:PP,CAMPINAS DO SUL,31,0,31,1115,1146,PP,0.2858568221501621
2020,85758,PSB,PARTIDO:PSB,CAMPINAS DO SUL,2,0,2,60,62,PSB,0.015465203292591668
2020,85758,PTB,PARTIDO:PTB,CAMPINAS DO SUL,73,0,73,754,827,PTB,0.20628585682215017
2020,85758,REPUBLICANOS,PARTIDO:REPUBLICANOS,CAMPINAS DO SUL,13,0,13,475,488,REPUBLICANOS,0.12172611623846345
2020,85766,DEM,PARTIDO:DEM,RELVADO,3,0,3,126,129,DEM,0.06843501326259947
2020,85766,MDB,PARTIDO:MDB,RELVADO,54,0,54,710,764,MDB,0.4053050397877984
2020,85766,PP,PARTIDO:PP,RELVADO,57,0,57,935,992,PP,0.5262599469496021
2020,85774,DEM,PARTIDO:DEM,CAMPO BOM,13,0,13,131,144,DEM,0.003968144616826035
2020,85774,MDB,PARTIDO:MDB,CAMPO BOM,139,0,139,7055,7194,MDB,0.19824189148226734
2020,85774,PATRIOTA,PARTIDO:PATRIOTA,CAMPO BOM,9,0,9,581,590,PATRIOTA,0.016258370305051117
2020,85774,PC do B,PARTIDO:PC do B,CAMPO BOM,42,0,42,2655,2697,PC DO B,0.07432004188597095
2020,85774,PDT,PARTIDO:PDT,CAMPO BOM,736,0,736,8335,9071,PDT,0.24996555430020118
2020,85774,PP,PARTIDO:PP,CAMPO BOM,102,0,102,4893,4995,PP,0.1376450163961531
2020,85774,PRTB,PARTIDO:PRTB,CAMPO BOM,100,0,100,696,796,PRTB,0.021935021631899473
2020,85774,PSB,PARTIDO:PSB,CAMPO BOM,121,0,121,1256,1377,PSB,0.037945382898398966
2020,85774,PSDB,PARTIDO:PSDB,CAMPO BOM,54,0,54,2649,2703,PSDB,0.07448538124500538
2020,85774,PT,PARTIDO:PT,CAMPO BOM,63,0,63,420,483,PT,0.01330981840227066
2020,85774,PTB,PARTIDO:PTB,CAMPO BOM,52,0,52,3515,3567,PTB,0.09829424894596159
2020,85774,PV,PARTIDO:PV,CAMPO BOM,9,0,9,19,28,PV,0.0007715836754939513
2020,85774,REPUBLICANOS,PARTIDO:REPUBLICANOS,CAMPO BOM,264,0,264,2380,2644,REPUBLICANOS,0.07285954421450026
2020,85782,MDB,PARTIDO:MDB,IMIGRANTE,40,0,40,944,984,MDB,0.42689804772234274
2020,85782,PDT,PARTIDO:PDT,IMIGRANTE,5,0,5,191,196,PDT,0.08503253796095445
2020,85782,PP,PARTIDO:PP,IMIGRANTE,30,0,30,796,826,PP,0.358351409978308
2020,85782,PSDB,PARTIDO:PSDB,IMIGRANTE,9,0,9,290,299,PSDB,0.12971800433839478
2020,85790,PDT,PARTIDO:PDT,CAMPO NOVO,25,0,25,971,996,PDT,0.28761189719896046
2020,85790,PSB,PARTIDO:PSB,CAMPO NOVO,38,0,38,1025,1063,PSB,0.30695928385792665
2020,85790,PSDB,PARTIDO:PSDB,CAMPO NOVO,27,0,27,350,377,PSDB,0.10886514582731735
2020,85790,PT,PARTIDO:PT,CAMPO NOVO,53,0,53,663,716,PT,0.2067571469823852
2020,85790,PTB,PARTIDO:PTB,CAMPO NOVO,12,0,12,299,311,PTB,0.08980652613341034
2020,85804,DEM,PARTIDO:DEM,CIDREIRA,20,0,20,441,461,DEM,0.05723863918549789
2020,85804,MDB,PARTIDO:MDB,CIDREIRA,14,0,14,226,240,MDB,0.029798857710454433
2020,85804,PDT,PARTIDO:PDT,CIDREIRA,26,0,26,364,390,PDT,0.048423143779488455
2020,85804,PP,PARTIDO:PP,CIDREIRA,160,0,160,2277,2437,PP,0.3025825676682394
2020,85804,PRTB,PARTIDO:PRTB,CIDREIRA,10,0,10,77,87,PRTB,0.010802085920039731
2020,85804,PSB,PARTIDO:PSB,CIDREIRA,25,0,25,1622,1647,PSB,0.20449466103799355
2020,85804,PT,PARTIDO:PT,CIDREIRA,11,0,11,46,57,PT,0.007077228706232928
2020,85804,PTB,PARTIDO:PTB,CIDREIRA,103,0,103,1952,2055,PTB,0.2551527191457661
2020,85804,REPUBLICANOS,PARTIDO:REPUBLICANOS,CIDREIRA,12,0,12,668,680,REPUBLICANOS,0.08443009684628756
2020,85812,MDB,PARTIDO:MDB,CANDELÁRIA,18,0,18,1446,1464,MDB,0.0824556462968178
2020,85812,PDT,PARTIDO:PDT,CANDELÁRIA,28,0,28,85,113,PDT,0.006364404393128696
2020,85812,PP,PARTIDO:PP,CANDELÁRIA,76,0,76,3767,3843,PP,0.21644607152914672
2020,85812,PRTB,PARTIDO:PRTB,CANDELÁRIA,42,0,42,454,496,PRTB,0.027935792734441002
2020,85812,PSB,PARTIDO:PSB,CANDELÁRIA,346,0,346,6401,6747,PSB,0.3800056322162771
2020,85812,PSDB,PARTIDO:PSDB,CANDELÁRIA,35,0,35,1321,1356,PSDB,0.07637285271754435
2020,85812,PTB,PARTIDO:PTB,CANDELÁRIA,277,0,277,3314,3591,PTB,0.20225288651084203
2020,85812,REPUBLICANOS,PARTIDO:REPUBLICANOS,CANDELÁRIA,17,0,17,128,145,REPUBLICANOS,0.008166713601802308
2020,85820,CIDADANIA,PARTIDO:CIDADANIA,MONTAURI,2,0,2,92,94,CIDADANIA,0.06777217015140591
2020,85820,MDB,PARTIDO:MDB,MONTAURI,15,0,15,192,207,MDB,0.14924297043979812
2020,85820,PDT,PARTIDO:PDT,MONTAURI,2,0,2,258,260,PDT,0.18745493871665464
2020,85820,PP,PARTIDO:PP,MONTAURI,7,0,7,201,208,PP,0.1499639509733237
2020,85820,PSDB,PARTIDO:PSDB,MONTAURI,3,0,3,144,147,PSDB,0.10598413842826243
2020,85820,PT,PARTIDO:PT,MONTAURI,10,0,10,263,273,PT,0.19682768565248737
2020,85820,PTB,PARTIDO:PTB,MONTAURI,4,0,4,194,198,PTB,0.14275414563806776
2020,85839,MDB,PARTIDO:MDB,CÂNDIDO GODÓI,63,0,63,2158,2221,MDB,0.44049980166600555
2020,85839,PP,PARTIDO:PP,CÂNDIDO GODÓI,65,0,65,2316,2381,PP,0.47223324077746925
2020,85839,PT,PARTIDO:PT,CÂNDIDO GODÓI,8,0,8,432,440,PT,0.0872669575565252
2020,85847,MDB,PARTIDO:MDB,VISTA GAÚCHA,65,0,65,1373,1438,MDB,0.61400512382579
2020,85847,PDT,PARTIDO:PDT,VISTA GAÚCHA,9,0,9,272,281,PDT,0.11998292058070026
2020,85847,PP,PARTIDO:PP,VISTA GAÚCHA,16,0,16,236,252,PP,0.107600341588386
2020,85847,PSDB,PARTIDO:PSDB,VISTA GAÚCHA,28,0,28,212,240,PSDB,0.10247651579846286
2020,85847,PT,PARTIDO:PT,VISTA GAÚCHA,3,0,3,128,131,PT,0.055935098206660976
2020,85855,MDB,PARTIDO:MDB,CANELA,701,0,701,8679,9380,MDB,0.43460130658388546
2020,85855,PC do B,PARTIDO:PC do B,CANELA,9,0,9,83,92,PC DO B,0.004262614094426169
2020,85855,PDT,PARTIDO:PDT,CANELA,239,0,239,4493,4732,PDT,0.21924662929157207
2020,85855,PL,PARTIDO:PL,CANELA,5,0,5,141,146,PL,0.006764583236806746
2020,85855,PP,PARTIDO:PP,CANELA,78,0,78,1272,1350,PP,0.06254922855951443
2020,85855,PSDB,PARTIDO:PSDB,CANELA,63,0,63,3531,3594,PSDB,0.1665199462539962
2020,85855,PT,PARTIDO:PT,CANELA,25,0,25,133,158,PT,0.007320576379557985
2020,85855,REPUBLICANOS,PARTIDO:REPUBLICANOS,CANELA,45,0,45,2086,2131,REPUBLICANOS,0.09873511560024092
2020,85863,DEM,PARTIDO:DEM,VISTA ALEGRE DO PRATA,6,0,6,379,385,DEM,0.2629781420765027
2020,85863,MDB,PARTIDO:MDB,VISTA ALEGRE DO PRATA,32,0,32,667,699,MDB,0.4774590163934426
2020,85863,PSL,PARTIDO:PSL,VISTA ALEGRE DO PRATA,21,0,21,359,380,PSL,0.25956284153005466
2020,85871,MDB,PARTIDO:MDB,CANGUÇU,496,0,496,8878,9374,MDB,0.29072977080296497
2020,85871,PATRIOTA,PARTIDO:PATRIOTA,CANGUÇU,40,0,40,348,388,PATRIOTA,0.012033619700400087
2020,85871,PDT,PARTIDO:PDT,CANGUÇU,159,0,159,1271,1430,PDT,0.04435071178240238
2020,85871,PP,PARTIDO:PP,CANGUÇU,675,0,675,9460,10135,PP,0.3143317929473064
2020,85871,PSB,PARTIDO:PSB,CANGUÇU,37,0,37,1981,2018,PSB,0.06258722823558602
2020,85871,PSDB,PARTIDO:PSDB,CANGUÇU,92,0,92,1871,1963,PSDB,0.06088143162857054
2020,85871,PT,PARTIDO:PT,CANGUÇU,75,0,75,1948,2023,PT,0.06274230065440561
2020,85871,PTB,PARTIDO:PTB,CANGUÇU,65,0,65,3537,3602,PTB,0.11171417051763173
2020,85871,REPUBLICANOS,PARTIDO:REPUBLICANOS,CANGUÇU,20,0,20,1290,1310,REPUBLICANOS,0.04062897373073225
2020,85880,MDB,PARTIDO:MDB,CASEIROS,51,0,51,1192,1243,MDB,0.462597692593971
2020,85880,PP,PARTIDO:PP,CASEIROS,53,0,53,1391,1444,PP,0.537402307406029
2020,85898,AVANTE,PARTIDO:AVANTE,CANOAS,79,0,79,6798,6877,AVANTE,0.04255674645412015
2020,85898,DEM,PARTIDO:DEM,CANOAS,57,0,57,1269,1326,DEM,0.00820564865466967
2020,85898,MDB,PARTIDO:MDB,CANOAS,391,0,391,18425,18816,MDB,0.11643852570608183
2020,85898,NOVO,PARTIDO:NOVO,CANOAS,814,0,814,4404,5218,NOVO,0.03229040322780267
2020,85898,PC do B,PARTIDO:PC do B,CANOAS,50,0,50,825,875,PC DO B,0.005414737988564074
2020,85898,PDT,PARTIDO:PDT,CANOAS,450,0,450,13971,14421,PDT,0.08924107032352285
2020,85898,PL,PARTIDO:PL,CANOAS,97,0,97,7360,7457,PL,0.046145944206539766
2020,85898,PODE,PARTIDO:PODE,CANOAS,58,0,58,1167,1225,PODE,0.007580633183989703
2020,85898,PP,PARTIDO:PP,CANOAS,312,0,312,13005,13317,PP,0.08240921804995173
2020,85898,PRTB,PARTIDO:PRTB,CANOAS,227,0,227,3775,4002,PRTB,0.024765464491695338
2020,85898,PSB,PARTIDO:PSB,CANOAS,70,0,70,3537,3607,PSB,0.022321097056857843
2020,85898,PSC,PARTIDO:PSC,CANOAS,65,0,65,192,257,PSC,0.001590385900641105
2020,85898,PSD,PARTIDO:PSD,CANOAS,2600,0,2600,13562,16162,PSD,0.10001485185276864
2020,85898,PSDB,PARTIDO:PSDB,CANOAS,152,0,152,4946,5098,PSDB,0.03154781058937103
2020,85898,PSL,PARTIDO:PSL,CANOAS,85,0,85,946,1031,PSL,0.006380108418525211
2020,85898,PSOL,PARTIDO:PSOL,CANOAS,361,0,361,1231,1592,PSOL,0.009851729003193149
2020,85898,PT,PARTIDO:PT,CANOAS,896,0,896,10272,11168,PT,0.06911062155003837
2020,85898,PTB,PARTIDO:PTB,CANOAS,1632,0,1632,18460,20092,PTB,0.12433476076140498
2020,85898,PV,PARTIDO:PV,CANOAS,59,0,59,7305,7364,PV,0.04557043491175524
2020,85898,REDE,PARTIDO:REDE,CANOAS,65,0,65,4445,4510,REDE,0.027909106661055966
2020,85898,REPUBLICANOS,PARTIDO:REPUBLICANOS,CANOAS,253,0,253,7659,7912,REPUBLICANOS,0.04896160796059308
2020,85898,SOLIDARIEDADE,PARTIDO:SOLIDARIEDADE,CANOAS,113,0,113,9156,9269,SOLIDARIEDADE,0.057359093046857594
2020,85901,PDT,PARTIDO:PDT,ITACURUBI,39,0,39,817,856,PDT,0.38856105310939626
2020,85901,PP,PARTIDO:PP,ITACURUBI,16,0,16,686,702,PP,0.318656377666818
2020,85901,PT,PARTIDO:PT,ITACURUBI,30,0,30,615,645,PT,0.29278256922378576
2020,85910,MDB,PARTIDO:MDB,CARAZINHO,638,0,638,8477,9115,MDB,0.2710216460513796
2020,85910,PDT,PARTIDO:PDT,CARAZINHO,113,0,113,3088,3201,PDT,0.09517721217887726
2020,85910,PL,PARTIDO:PL,CARAZINHO,22,0,22,993,1015,PL,0.030179590865842053
2020,85910,PP,PARTIDO:PP,CARAZINHO,97,0,97,5205,5302,PP,0.15764747859181732
2020,85910,PRTB,PARTIDO:PRTB,CARAZINHO,34,0,34,2090,2124,PRTB,0.06315413891531875
2020,85910,PSB,PARTIDO:PSB,CARAZINHO,80,0,80,4216,4296,PSB,0.12773549000951476
2020,85910,PSDB,PARTIDO:PSDB,CARAZINHO,539,0,539,6408,6947,PSDB,0.20655922930542342
2020,85910,PTB,PARTIDO:PTB,CARAZINHO,46,0,46,582,628,PTB,0.01867269267364415
2020,85910,REPUBLICANOS,PARTIDO:REPUBLICANOS,CARAZINHO,68,0,68,936,1004,REPUBLICANOS,0.029852521408182682
2020,85928,MDB,PARTIDO:MDB,ENTRE RIOS DO SUL,46,0,46,1085,1131,MDB,0.47580984434160706
2020,85928,PDT,PARTIDO:PDT,ENTRE RIOS DO SUL,10,0,10,292,302,PDT,0.12705090450147244
2020,85928,PP,PARTIDO:PP,ENTRE RIOS DO SUL,13,0,13,130,143,PP,0.06015986537652503
2020,85928,PSDB,PARTIDO:PSDB,ENTRE RIOS DO SUL,26,0,26,402,428,PSDB,0.1800588977702987
2020,85928,PT,PARTIDO:PT,ENTRE RIOS DO SUL,7,0,7,366,373,PT,0.15692048801009675
2020,85936,MDB,PARTIDO:MDB,CARLOS BARBOSA,296,0,296,4482,4778,MDB,0.2742666896274611
2020,85936,PC do B,PARTIDO:PC do B,CARLOS BARBOSA,9,0,9,471,480,PC DO B,0.027552953332185295
2020,85936,PDT,PARTIDO:PDT,CARLOS BARBOSA,96,0,96,4274,4370,PDT,0.2508466792951036
2020,85936,PP,PARTIDO:PP,CARLOS BARBOSA,305,0,305,5768,6073,PP,0.3486022616382527
2020,85936,PSB,PARTIDO:PSB,CARLOS BARBOSA,3,0,3,74,77,PSB,0.004419952930371391
2020,85936,PSDB,PARTIDO:PSDB,CARLOS BARBOSA,20,0,20,1067,1087,PSDB,0.06239595890017795
2020,85936,REPUBLICANOS,PARTIDO:REPUBLICANOS,CARLOS BARBOSA,19,0,19,537,556,REPUBLICANOS,0.031915504276447966
2020,85944,MDB,PARTIDO:MDB,CERRO GRANDE DO SUL,11,0,11,940,951,MDB,0.16763617133791645
2020,85944,PDT,PARTIDO:PDT,CERRO GRANDE DO SUL,25,0,25,727,752,PDT,0.13255772959633352
2020,85944,PP,PARTIDO:PP,CERRO GRANDE DO SUL,96,0,96,842,938,PP,0.16534461484223514
2020,85944,PSL,PARTIDO:PSL,CERRO GRANDE DO SUL,79,0,79,1732,1811,PSL,0.31923144720606383
2020,85944,PT,PARTIDO:PT,CERRO GRANDE DO SUL,31,0,31,666,697,PT,0.12286268288383571
2020,85944,PTB,PARTIDO:PTB,CERRO GRANDE DO SUL,56,0,56,468,524,PTB,0.09236735413361537
2020,85952,MDB,PARTIDO:MDB,CASCA,159,0,159,2524,2683,MDB,0.4371842919993482
2020,85952,PP,PARTIDO:PP,CASCA,114,0,114,1852,1966,PP,0.3203519635000815
2020,85952,PSB,PARTIDO:PSB,CASCA,9,0,9,551,560,PSB,0.09124979631741893
2020,85952,PT,PARTIDO:PT,CASCA,19,0,19,909,928,PT,0.15121394818315137
2020,85960,CIDADANIA,PARTIDO:CIDADANIA,CAMARGO,3,0,3,111,114,CIDADANIA,0.051189941625505164
2020,85960,MDB,PARTIDO:MDB,CAMARGO,38,0,38,313,351,MDB,0.15761113605747643
2020,85960,PDT,PARTIDO:PDT,CAMARGO,9,0,9,494,503,PDT,0.22586439155814997
2020,85960,PL,PARTIDO:PL,CAMARGO,5,0,5,268,273,PL,0.12258643915581499
2020,85960,PP,PARTIDO:PP,CAMARGO,24,0,24,538,562,PP,0.2523574315222272
2020,85960,PSDB,PARTIDO:PSDB,CAMARGO,5,0,5,206,211,PSDB,0.09474629546475079
2020,85960,PT,PARTIDO:PT,CAMARGO,2,0,2,211,213,PT,0.09564436461607544
2020,85979,PDT,PARTIDO:PDT,CATUÍPE,185,0,185,3592,3777,PDT,0.6079188797682279
2020,85979,PP,PARTIDO:PP,CATUÍPE,49,0,49,1597,1646,PP,0.26492837598583613
2020,85979,PT,PARTIDO:PT,CATUÍPE,10,0,10,780,790,PT,0.12715274424593595
2020,85987,MDB,PARTIDO:MDB,PARAÍSO DO SUL,88,0,88,1261,1349,MDB,0.29563883410037256
2020,85987,PDT,PARTIDO:PDT,PARAÍSO DO SUL,93,0,93,1300,1393,PDT,0.30528161297392065
2020,85987,PP,PARTIDO:PP,PARAÍSO DO SUL,34,0,34,1024,1058,PP,0.23186500109577032
2020,85987,PSB,PARTIDO:PSB,PARAÍSO DO SUL,9,0,9,431,440,PSB,0.09642778873548104
2020,85987,PT,PARTIDO:PT,PARAÍSO DO SUL,15,0,15,308,323,PT,0.0707867630944554
2020,85995,AVANTE,PARTIDO:AVANTE,CAXIAS DO SUL,57,0,57,1593,1650,AVANTE,0.007739502420353484
2020,85995,CIDADANIA,PARTIDO:CIDADANIA,CAXIAS DO SUL,95,0,95,88,183,CIDADANIA,0.0008583811775301137
2020,85995,DEM,PARTIDO:DEM,CAXIAS DO SUL,498,0,498,3764,4262,DEM,0.019991369282149424
2020,85995,MDB,PARTIDO:MDB,CAXIAS DO SUL,1463,0,1463,14651,16114,MDB,0.07558444969792487
2020,85995,NOVO,PARTIDO:NOVO,CAXIAS DO SUL,1262,0,1262,12711,13973,NOVO,0.06554185898157529
2020,85995,PATRIOTA,PARTIDO:PATRIOTA,CAXIAS DO SUL,427,0,427,9413,9840,PATRIOTA,0.04615557807047169
2020,85995,PC do B,PARTIDO:PC do B,CAXIAS DO SUL,156,0,156,8937,9093,PC DO B,0.04265169424743893
2020,85995,PDT,PARTIDO:PDT,CAXIAS DO SUL,1828,0,1828,16776,18604,PDT,0.0872640624413674
2020,85995,PL,PARTIDO:PL,CAXIAS DO SUL,152,0,152,2429,2581,PL,0.012106458028443843
2020,85995,PODE,PARTIDO:PODE,CAXIAS DO SUL,133,0,133,5751,5884,PODE,0.027599534691733273
2020,85995,PP,PARTIDO:PP,CAXIAS DO SUL,430,0,430,6363,6793,PP,0.03186329693421892
2020,85995,PSB,PARTIDO:PSB,CAXIAS DO SUL,327,0,327,20576,20903,PSB,0.09804776914705993
2020,85995,PSC,PARTIDO:PSC,CAXIAS DO SUL,137,0,137,5667,5804,PSC,0.027224286089534318
2020,85995,PSD,PARTIDO:PSD,CAXIAS DO SUL,189,0,189,7842,8031,PSD,0.037670269053247774
2020,85995,PSDB,PARTIDO:PSDB,CAXIAS DO SUL,1521,0,1521,21517,23038,PSDB,0.10806221621824459
2020,85995,PSL,PARTIDO:PSL,CAXIAS DO SUL,226,0,226,2831,3057,PSL,0.014339187211527637
2020,85995,PSOL,PARTIDO:PSOL,CAXIAS DO SUL,127,0,127,97,224,PSOL,0.0010506960861570791
2020,85995,PT,PARTIDO:PT,CAXIAS DO SUL,4672,0,4672,18989,23661,PT,0.11098446470786896
2020,85995,PTB,PARTIDO:PTB,CAXIAS DO SUL,566,0,566,23193,23759,PTB,0.11144414424556269
2020,85995,REPUBLICANOS,PARTIDO:REPUBLICANOS,CAXIAS DO SUL,797,0,797,9803,10600,REPUBLICANOS,0.04972043979136178
2020,85995,SOLIDARIEDADE,PARTIDO:SOLIDARIEDADE,CAXIAS DO SUL,83,0,83,5055,5138,SOLIDARIEDADE,0.024100341476228002
2020,86010,MDB,PARTIDO:MDB,CERRO LARGO,146,0,146,2654,2800,MDB,0.35646085295989816
2020,86010,PDT,PARTIDO:PDT,CERRO LARGO,27,0,27,811,838,PDT,0.1066836409929981
2020,86010,PP,PARTIDO:PP,CERRO LARGO,162,0,162,2534,2696,PP,0.34322087842138765
2020,86010,PSL,PARTIDO:PSL,CERRO LARGO,65,0,65,405,470,PSL,0.05983450031826862
2020,86010,PT,PARTIDO:PT,CERRO LARGO,41,0,41,1010,1051,PT,0.13380012730744748
2020,86029,CIDADANIA,PARTIDO:CIDADANIA,FAXINALZINHO,9,0,9,284,293,CIDADANIA,0.14584370333499252
2020,86029,MDB,PARTIDO:MDB,FAXINALZINHO,10,0,10,296,306,MDB,0.1523145843703335
2020,86029,PDT,PARTIDO:PDT,FAXINALZINHO,41,0,41,479,520,PDT,0.2588352414136386
2020,86029,PP,PARTIDO:PP,FAXINALZINHO,14,0,14,278,292,PP,0.1453459432553509
2020,86029,PTB,PARTIDO:PTB,FAXINALZINHO,16,0,16,582,598,PTB,0.2976605276256844
2020,86037,MDB,PARTIDO:MDB,CHAPADA,21,0,21,801,822,MDB,0.12072257306506094
2020,86037,PDT,PARTIDO:PDT,CHAPADA,26,0,26,1037,1063,PDT,0.156116904097518
2020,86037,PP,PARTIDO:PP,CHAPADA,113,0,113,2579,2692,PP,0.3953590835658687
2020,86037,PSDB,PARTIDO:PSDB,CHAPADA,11,0,11,711,722,PSDB,0.10603612865325304
2020,86037,PT,PARTIDO:PT,CHAPADA,15,0,15,229,244,PT,0.03583492436481128
2020,86037,PTB,PARTIDO:PTB,CHAPADA,67,0,67,1007,1074,PTB,0.15773241298281687
2020,86037,REPUBLICANOS,PARTIDO:REPUBLICANOS,CHAPADA,3,0,3,189,192,REPUBLICANOS,0.02819797327067117
2020,86045,MDB,PARTIDO:MDB,AMARAL FERRADOR,51,0,51,751,802,MDB,0.19739109032734434
2020,86045,PDT,PARTIDO:PDT,AMARAL FERRADOR,85,0,85,1378,1463,PDT,0.36007875953728774
2020,86045,PP,PARTIDO:PP,AMARAL FERRADOR,29,0,29,671,700,PP,0.17228648781688408
2020,86045,PSB,PARTIDO:PSB,AMARAL FERRADOR,5,0,5,334,339,PSB,0.08343588481417671
2020,86045,PSDB,PARTIDO:PSDB,AMARAL FERRADOR,9,0,9,454,463,PSDB,0.11395520551316761
2020,86045,PT,PARTIDO:PT,AMARAL FERRADOR,4,0,4,117,121,PT,0.029780950036918535
2020,86045,PTB,PARTIDO:PTB,AMARAL FERRADOR,8,0,8,167,175,PTB,0.04307162195422102
2020,86053,MDB,PARTIDO:MDB,CHIAPETTA,18,0,18,871,889,MDB,0.2833014659018483
2020,86053,PP,PARTIDO:PP,CHIAPETTA,47,0,47,1488,1535,PP,0.4891650732950924
2020,86053,PSDB,PARTIDO:PSDB,CHIAPETTA,36,0,36,428,464,PSDB,0.1478648820905035
2020,86053,PT,PARTIDO:PT,CHIAPETTA,8,0,8,242,250,PT,0.07966857871255577
2020,86061,DEM,PARTIDO:DEM,VILA FLORES,34,0,34,517,551,DEM,0.19442484121383205
2020,86061,MDB,PARTIDO:MDB,VILA FLORES,74,0,74,1676,1750,MDB,0.6175017642907551
2020,86061,PDT,PARTIDO:PDT,VILA FLORES,14,0,14,519,533,PDT,0.18807339449541285
2020,86070,MDB,PARTIDO:MDB,CIRÍACO,26,0,26,1224,1250,MDB,0.3745879532514234
2020,86070,PP,PARTIDO:PP,CIRÍACO,70,0,70,294,364,PP,0.10908001198681451
2020,86070,PT,PARTIDO:PT,CIRÍACO,62,0,62,664,726,PT,0.21756068324842673
2020,86070,PTB,PARTIDO:PTB,CIRÍACO,10,0,10,894,904,PTB,0.2709020077914294
2020,86070,REPUBLICANOS,PARTIDO:REPUBLICANOS,CIRÍACO,5,0,5,88,93,REPUBLICANOS,0.027869343721905904
2020,86088,PDT,PARTIDO:PDT,CERRO BRANCO,81,0,81,1648,1729,PDT,0.5570231958762887
2020,86088,PP,PARTIDO:PP,CERRO BRANCO,29,0,29,1085,1114,PP,0.3588917525773196
2020,86088,PTB,PARTIDO:PTB,CERRO BRANCO,6,0,6,255,261,PTB,0.08408505154639176
2020,86096,MDB,PARTIDO:MDB,COLORADO,9,0,9,641,650,MDB,0.2344877344877345
2020,86096,PDT,PARTIDO:PDT,COLORADO,62,0,62,1115,1177,PDT,0.4246031746031746
2020,86096,PP,PARTIDO:PP,COLORADO,16,0,16,479,495,PP,0.17857142857142858
2020,86096,PSB,PARTIDO:PSB,COLORADO,40,0,40,410,450,PSB,0.16233766233766234
2020,86100,MDB,PARTIDO:MDB,ANDRÉ DA ROCHA,5,0,5,421,426,MDB,0.35888795282224095
2020,86100,PP,PARTIDO:PP,ANDRÉ DA ROCHA,13,0,13,413,426,PP,0.35888795282224095
2020,86100,PTB,PARTIDO:PTB,ANDRÉ DA ROCHA,12,0,12,323,335,PTB,0.2822240943555181
2020,86118,MDB,PARTIDO:MDB,CONDOR,12,0,12,730,742,MDB,0.15713680643795003
2020,86118,PDT,PARTIDO:PDT,CONDOR,31,0,31,1201,1232,PDT,0.2609063955950868
2020,86118,PP,PARTIDO:PP,CONDOR,119,0,119,1626,1745,PP,0.36954680220245656
2020,86118,PSB,PARTIDO:PSB,CONDOR,0,0,0,216,216,PSB,0.045743329097839895
2020,86118,PSDB,PARTIDO:PSDB,CONDOR,50,0,50,89,139,PSDB,0.029436679373146972
2020,86118,PT,PARTIDO:PT,CONDOR,5,0,5,643,648,PT,0.1372299872935197
2020,86126,MDB,PARTIDO:MDB,POÇO DAS ANTAS,7,0,7,415,422,MDB,0.22885032537960953
2020,86126,PDT,PARTIDO:PDT,POÇO DAS ANTAS,27,0,27,351,378,PDT,0.20498915401301518
2020,86126,PP,PARTIDO:PP,POÇO DAS ANTAS,7,0,7,317,324,PP,0.175704989154013
2020,86126,PSDB,PARTIDO:PSDB,POÇO DAS ANTAS,13,0,13,224,237,PSDB,0.12852494577006507
2020,86126,PT,PARTIDO:PT,POÇO DAS ANTAS,4,0,4,178,182,PT,0.09869848156182212
2020,86126,PTB,PARTIDO:PTB,POÇO DAS ANTAS,5,0,5,296,301,PTB,0.16323210412147504
2020,86134,MDB,PARTIDO:MDB,CONSTANTINA,13,0,13,784,797,MDB,0.12683004455760663
2020,86134,PDT,PARTIDO:PDT,CONSTANTINA,121,0,121,784,905,PDT,0.14401654996817315
2020,86134,PP,PARTIDO:PP,CONSTANTINA,49,0,49,2203,2252,PP,0.3583704646721833
2020,86134,PSB,PARTIDO:PSB,CONSTANTINA,99,0,99,355,454,PSB,0.07224697644812221
2020,86134,PSDB,PARTIDO:PSDB,CONSTANTINA,14,0,14,521,535,PSDB,0.0851368555060471
2020,86134,PT,PARTIDO:PT,CONSTANTINA,19,0,19,936,955,PT,0.15197326543602802
2020,86134,PTB,PARTIDO:PTB,CONSTANTINA,17,0,17,369,386,PTB,0.06142584341183959
2020,86142,MDB,PARTIDO:MDB,TRÊS PALMEIRAS,58,0,58,1082,1140,MDB,0.329004329004329
2020,86142,PDT,PARTIDO:PDT,TRÊS PALMEIRAS,93,0,93,1334,1427,PDT,0.41183261183261183
2020,86142,PP,PARTIDO:PP,TRÊS PALMEIRAS,27,0,27,154,181,PP,0.052236652236652234
2020,86142,PSB,PARTIDO:PSB,TRÊS PALMEIRAS,9,0,9,708,717,PSB,0.20692640692640693
2020,86150,PDT,PARTIDO:PDT,CORONEL BICACO,52,0,52,2037,2089,PDT,0.4237322515212982
2020,86150,PP,PARTIDO:PP,CORONEL BICACO,82,0,82,2461,2543,PP,0.5158215010141988
2020,86150,PT,PARTIDO:PT,CORONEL BICACO,6,0,6,292,298,PT,0.06044624746450304
2020,86169,MDB,PARTIDO:MDB,NOVA ALVORADA,5,0,5,331,336,MDB,0.13878562577447337
2020,86169,PP,PARTIDO:PP,NOVA ALVORADA,79,0,79,851,930,PP,0.38413878562577447
2020,86169,PTB,PARTIDO:PTB,NOVA ALVORADA,68,0,68,1087,1155,PTB,0.4770755885997522
2020,86177,MDB,PARTIDO:MDB,CRISSIUMAL,40,0,40,1380,1420,MDB,0.16333103289625028
2020,86177,PDT,PARTIDO:PDT,CRISSIUMAL,14,0,14,535,549,PDT,0.06314699792960662
2020,86177,PODE,PARTIDO:PODE,CRISSIUMAL,87,0,87,1365,1452,PODE,0.16701173222912352
2020,86177,PP,PARTIDO:PP,CRISSIUMAL,107,0,107,1222,1329,PP,0.152864044168392
2020,86177,PSB,PARTIDO:PSB,CRISSIUMAL,63,0,63,1280,1343,PSB,0.15447435012652405
2020,86177,PSD,PARTIDO:PSD,CRISSIUMAL,15,0,15,896,911,PSD,0.10478490913273522
2020,86177,PSDB,PARTIDO:PSDB,CRISSIUMAL,14,0,14,348,362,PSDB,0.0416379112031286
2020,86177,PSOL,PARTIDO:PSOL,CRISSIUMAL,3,0,3,40,43,PSOL,0.004945939728548425
2020,86177,PT,PARTIDO:PT,CRISSIUMAL,9,0,9,481,490,PT,0.05636070853462158
2020,86177,PTB,PARTIDO:PTB,CRISSIUMAL,8,0,8,347,355,PTB,0.04083275822406257
2020,86177,REPUBLICANOS,PARTIDO:REPUBLICANOS,CRISSIUMAL,16,0,16,424,440,REPUBLICANOS,0.05060961582700713
2020,86185,DEM,PARTIDO:DEM,MORRO REDONDO,109,0,109,1347,1456,DEM,0.36500376034093757
2020,86185,PP,PARTIDO:PP,MORRO REDONDO,34,0,34,689,723,PP,0.181248433191276
2020,86185,PSDB,PARTIDO:PSDB,MORRO REDONDO,15,0,15,855,870,PSDB,0.21809977437954375
2020,86185,PT,PARTIDO:PT,MORRO REDONDO,12,0,12,440,452,PT,0.11331160691902732
2020,86185,PTB,PARTIDO:PTB,MORRO REDONDO,43,0,43,445,488,PTB,0.12233642516921535
2020,86193,AVANTE,PARTIDO:AVANTE,CRUZ ALTA,17,0,17,701,718,AVANTE,0.021418130835545744
2020,86193,CIDADANIA,PARTIDO:CIDADANIA,CRUZ ALTA,14,0,14,122,136,CIDADANIA,0.004056916147122871
2020,86193,DEM,PARTIDO:DEM,CRUZ ALTA,21,0,21,1087,1108,DEM,0.03305193449273633
2020,86193,MDB,PARTIDO:MDB,CRUZ ALTA,600,0,600,6070,6670,MDB,0.19896787280374667
2020,86193,PC do B,PARTIDO:PC do B,CRUZ ALTA,65,0,65,3360,3425,PC DO B,0.10216866032276348
2020,86193,PDT,PARTIDO:PDT,CRUZ ALTA,86,0,86,2062,2148,PDT,0.06407541091191123
2020,86193,PL,PARTIDO:PL,CRUZ ALTA,33,0,33,1994,2027,PL,0.060465948751603375
2020,86193,PP,PARTIDO:PP,CRUZ ALTA,108,0,108,4706,4814,PP,0.14360289950183455
2020,86193,PRTB,PARTIDO:PRTB,CRUZ ALTA,25,0,25,720,745,PRTB,0.022223548011812786
2020,86193,PSB,PARTIDO:PSB,CRUZ ALTA,18,0,18,999,1017,PSB,0.030337380306058526
2020,86193,PSD,PARTIDO:PSD,CRUZ ALTA,77,0,77,953,1030,PSD,0.030725173761298213
2020,86193,PSDB,PARTIDO:PSDB,CRUZ ALTA,25,0,25,1153,1178,PSDB,0.0351400530978731
2020,86193,PSL,PARTIDO:PSL,CRUZ ALTA,19,0,19,827,846,PSL,0.02523640485636727
2020,86193,PT,PARTIDO:PT,CRUZ ALTA,347,0,347,2493,2840,PT,0.0847179548369776
2020,86193,PTB,PARTIDO:PTB,CRUZ ALTA,9,0,9,204,213,PTB,0.00635384661277332
2020,86193,PV,PARTIDO:PV,CRUZ ALTA,6,0,6,188,194,PV,0.005787071562807625
2020,86193,REDE,PARTIDO:REDE,CRUZ ALTA,38,0,38,2108,2146,REDE,0.06401575038033588
2020,86193,REPUBLICANOS,PARTIDO:REPUBLICANOS,CRUZ ALTA,90,0,90,964,1054,REPUBLICANOS,0.03144110014020225
2020,86193,SOLIDARIEDADE,PARTIDO:SOLIDARIEDADE,CRUZ ALTA,87,0,87,1127,1214,SOLIDARIEDADE,0.036213942666229154
2020,86207,MDB,PARTIDO:MDB,SANTA MARIA DO HERVAL,15,0,15,1156,1171,MDB,0.25696730305025234
2020,86207,PDT,PARTIDO:PDT,SANTA MARIA DO HERVAL,110,0,110,996,1106,PDT,0.24270353302611367
2020,86207,PP,PARTIDO:PP,SANTA MARIA DO HERVAL,44,0,44,671,715,PP,0.15690147026552556
2020,86207,PSB,PARTIDO:PSB,SANTA MARIA DO HERVAL,8,0,8,852,860,PSB,0.18872064955014264
2020,86207,PSDB,PARTIDO:PSDB,SANTA MARIA DO HERVAL,11,0,11,498,509,PSDB,0.11169629141979373
2020,86207,PTB,PARTIDO:PTB,SANTA MARIA DO HERVAL,4,0,4,192,196,PTB,0.043010752688172046
2020,86215,MDB,PARTIDO:MDB,CRUZEIRO DO SUL,140,0,140,1540,1680,MDB,0.22269353128313893
2020,86215,PDT,PARTIDO:PDT,CRUZEIRO DO SUL,23,0,23,641,664,PDT,0.088016967126193
2020,86215,PL,PARTIDO:PL,CRUZEIRO DO SUL,23,0,23,840,863,PL,0.11439554612937433
2020,86215,PP,PARTIDO:PP,CRUZEIRO DO SUL,127,0,127,1804,1931,PP,0.25596500530222693
2020,86215,PSDB,PARTIDO:PSDB,CRUZEIRO DO SUL,41,0,41,2307,2348,PSDB,0.3112407211028632
2020,86215,REPUBLICANOS,PARTIDO:REPUBLICANOS,CRUZEIRO DO SUL,1,0,1,57,58,REPUBLICANOS,0.0076882290562036056
2020,86223,MDB,PARTIDO:MDB,BARÃO,9,0,9,718,727,MDB,0.1753497346840328
2020,86223,PDT,PARTIDO:PDT,BARÃO,39,0,39,358,397,PDT,0.09575494452484322
2020,86223,PP,PARTIDO:PP,BARÃO,88,0,88,2107,2195,PP,0.5294259527255186
2020,86223,PSD,PARTIDO:PSD,BARÃO,5,0,5,518,523,PSD,0.1261456825856247
2020,86223,PT,PARTIDO:PT,BARÃO,11,0,11,293,304,PT,0.07332368547998071
2020,86231,MDB,PARTIDO:MDB,DAVID CANABARRO,9,0,9,316,325,MDB,0.09121526803255683
2020,86231,PL,PARTIDO:PL,DAVID CANABARRO,35,0,35,348,383,PL,0.10749368509682851
2020,86231,PP,PARTIDO:PP,DAVID CANABARRO,45,0,45,2009,2054,PP,0.5764804939657592
2020,86231,PSB,PARTIDO:PSB,DAVID CANABARRO,8,0,8,442,450,PSB,0.12629806342969407
2020,86231,PT,PARTIDO:PT,DAVID CANABARRO,3,0,3,348,351,PT,0.09851248947516138
2020,86240,MDB,PARTIDO:MDB,ELDORADO DO SUL,87,0,87,6755,6842,MDB,0.38276923076923075
2020,86240,PDT,PARTIDO:PDT,ELDORADO DO SUL,426,0,426,5340,5766,PDT,0.3225734265734266
2020,86240,PRTB,PARTIDO:PRTB,ELDORADO DO SUL,2,0,2,300,302,PRTB,0.016895104895104894
2020,86240,PSB,PARTIDO:PSB,ELDORADO DO SUL,51,0,51,1249,1300,PSB,0.07272727272727272
2020,86240,PSL,PARTIDO:PSL,ELDORADO DO SUL,99,0,99,500,599,PSL,0.03351048951048951
2020,86240,PT,PARTIDO:PT,ELDORADO DO SUL,118,0,118,2032,2150,PT,0.12027972027972028
2020,86240,REPUBLICANOS,PARTIDO:REPUBLICANOS,ELDORADO DO SUL,18,0,18,898,916,REPUBLICANOS,0.05124475524475525
2020,86258,MDB,PARTIDO:MDB,DOIS IRMÃOS,70,0,70,4245,4315,MDB,0.24331792037893313
2020,86258,PDT,PARTIDO:PDT,DOIS IRMÃOS,33,0,33,1822,1855,PDT,0.10460133077703845
2020,86258,PP,PARTIDO:PP,DOIS IRMÃOS,391,0,391,5289,5680,PP,0.32028871095071615
2020,86258,PSB,PARTIDO:PSB,DOIS IRMÃOS,23,0,23,2058,2081,PSB,0.11734521258599301
2020,86258,PSD,PARTIDO:PSD,DOIS IRMÃOS,93,0,93,584,677,PSD,0.03817525656930191
2020,86258,PSDB,PARTIDO:PSDB,DOIS IRMÃOS,30,0,30,212,242,PSDB,0.013646103529942484
2020,86258,PT,PARTIDO:PT,DOIS IRMÃOS,172,0,172,2235,2407,PT,0.13572798015112214
2020,86258,REPUBLICANOS,PARTIDO:REPUBLICANOS,DOIS IRMÃOS,25,0,25,452,477,REPUBLICANOS,0.026897485056952747
2020,86274,PL,PARTIDO:PL,DOM FELICIANO,22,0,22,488,510,PL,0.06031220435193945
2020,86274,PSB,PARTIDO:PSB,DOM FELICIANO,39,0,39,1740,1779,PSB,0.21038315988647113
2020,86274,PSDB,PARTIDO:PSDB,DOM FELICIANO,191,0,191,2361,2552,PSDB,0.30179754020813626
2020,86274,PT,PARTIDO:PT,DOM FELICIANO,81,0,81,1214,1295,PT,0.15314569536423842
2020,86274,PTB,PARTIDO:PTB,DOM FELICIANO,178,0,178,2142,2320,PTB,0.27436140018921473
2020,86282,MDB,PARTIDO:MDB,ALTO FELIZ,8,0,8,718,726,MDB,0.30453020134228187
2020,86282,PDT,PARTIDO:PDT,ALTO FELIZ,4,0,4,336,340,PDT,0.14261744966442952
2020,86282,PP,PARTIDO:PP,ALTO FELIZ,6,0,6,54,60,PP,0.025167785234899327
2020,86282,PSB,PARTIDO:PSB,ALTO FELIZ,31,0,31,558,589,PSB,0.24706375838926176
2020,86282,PSDB,PARTIDO:PSDB,ALTO FELIZ,4,0,4,204,208,PSDB,0.087248322147651
2020,86282,PT,PARTIDO:PT,ALTO FELIZ,1,0,1,67,68,PT,0.028523489932885907
2020,86282,PTB,PARTIDO:PTB,ALTO FELIZ,26,0,26,367,393,PTB,0.1648489932885906
2020,86290,MDB,PARTIDO:MDB,DOM PEDRITO,36,0,36,1738,1774,MDB,0.08663801523735104
2020,86290,PDT,PARTIDO:PDT,DOM PEDRITO,128,0,128,4201,4329,PDT,0.21141824575112328
2020,86290,PP,PARTIDO:PP,DOM PEDRITO,572,0,572,5841,6413,PP,0.31319593670638796
2020,86290,PSB,PARTIDO:PSB,DOM PEDRITO,129,0,129,1839,1968,PSB,0.09611252197694863
2020,86290,PSOL,PARTIDO:PSOL,DOM PEDRITO,20,0,20,46,66,PSOL,0.0032232857980074234
2020,86290,PT,PARTIDO:PT,DOM PEDRITO,25,0,25,337,362,PT,0.017679234225434656
2020,86290,PTB,PARTIDO:PTB,DOM PEDRITO,92,0,92,4494,4586,PTB,0.22396952529790976
2020,86290,REPUBLICANOS,PARTIDO:REPUBLICANOS,DOM PEDRITO,25,0,25,953,978,REPUBLICANOS,0.047763235006837275
2020,86304,DEM,PARTIDO:DEM,AMETISTA DO SUL,7,0,7,593,600,DEM,0.1218026796589525
2020,86304,MDB,PARTIDO:MDB,AMETISTA DO SUL,22,0,22,547,569,MDB,0.11550954120990661
2020,86304,PDT,PARTIDO:PDT,AMETISTA DO SUL,25,0,25,1190,1215,PDT,0.2466504263093788
2020,86304,PP,PARTIDO:PP,AMETISTA DO SUL,107,0,107,1571,1678,PP,0.3406414941128705
2020,86304,PT,PARTIDO:PT,AMETISTA DO SUL,77,0,77,777,854,PT,0.17336581404790904
2020,86304,PTB,PARTIDO:PTB,AMETISTA DO SUL,2,0,2,8,10,PTB,0.0020300446609825416
2020,86312,MDB,PARTIDO:MDB,DONA FRANCISCA,46,0,46,1284,1330,MDB,0.49552906110283157
2020,86312,PP,PARTIDO:PP,DONA FRANCISCA,40,0,40,829,869,PP,0.3237704918032787
2020,86312,PSD,PARTIDO:PSD,DONA FRANCISCA,6,0,6,240,246,PSD,0.09165424739195231
2020,86312,PT,PARTIDO:PT,DONA FRANCISCA,6,0,6,233,239,PT,0.0890461997019374
2020,86320,MDB,PARTIDO:MDB,ARAMBARÉ,41,0,41,788,829,MDB,0.29938605994944023
2020,86320,PDT,PARTIDO:PDT,ARAMBARÉ,14,0,14,784,798,PDT,0.28819068255687974
2020,86320,PL,PARTIDO:PL,ARAMBARÉ,52,0,52,293,345,PL,0.12459371614301191
2020,86320,PSB,PARTIDO:PSB,ARAMBARÉ,5,0,5,334,339,PSB,0.12242686890574214
2020,86320,PSDB,PARTIDO:PSDB,ARAMBARÉ,3,0,3,233,236,PSDB,0.08522932466594438
2020,86320,PT,PARTIDO:PT,ARAMBARÉ,6,0,6,216,222,PT,0.08017334777898158
2020,86339,MDB,PARTIDO:MDB,ENCANTADO,73,0,73,3206,3279,MDB,0.24227870548248856
2020,86339,PDT,PARTIDO:PDT,ENCANTADO,22,0,22,1582,1604,PDT,0.11851632924486478
2020,86339,PP,PARTIDO:PP,ENCANTADO,196,0,196,4045,4241,PP,0.313358947835082
2020,86339,PSB,PARTIDO:PSB,ENCANTADO,3,0,3,122,125,PSB,0.00923599822668834
2020,86339,PSDB,PARTIDO:PSDB,ENCANTADO,193,0,193,3129,3322,PSDB,0.24545588887246933
2020,86339,PT,PARTIDO:PT,ENCANTADO,17,0,17,631,648,PT,0.047879414807152354
2020,86339,PTB,PARTIDO:PTB,ENCANTADO,11,0,11,304,315,PTB,0.023274715531254618
2020,86347,MDB,PARTIDO:MDB,BARÃO DO TRIUNFO,72,0,72,1286,1358,MDB,0.3459872611464968
2020,86347,PDT,PARTIDO:PDT,BARÃO DO TRIUNFO,20,0,20,497,517,PDT,0.13171974522292992
2020,86347,PL,PARTIDO:PL,BARÃO DO TRIUNFO,6,0,6,485,491,PL,0.12509554140127388
2020,86347,PP,PARTIDO:PP,BARÃO DO TRIUNFO,19,0,19,416,435,PP,0.11082802547770701
2020,86347,PSB,PARTIDO:PSB,BARÃO DO TRIUNFO,26,0,26,390,416,PSB,0.10598726114649681
2020,86347,PT,PARTIDO:PT,BARÃO DO TRIUNFO,3,0,3,25,28,PT,0.0071337579617834395
2020,86347,PTB,PARTIDO:PTB,BARÃO DO TRIUNFO,22,0,22,469,491,PTB,0.12509554140127388
2020,86347,REPUBLICANOS,PARTIDO:REPUBLICANOS,BARÃO DO TRIUNFO,6,0,6,183,189,REPUBLICANOS,0.04815286624203822
2020,86355,MDB,PARTIDO:MDB,ENCRUZILHADA DO SUL,231,0,231,2549,2780,MDB,0.20131798102686654
2020,86355,PDT,PARTIDO:PDT,ENCRUZILHADA DO SUL,68,0,68,2084,2152,PDT,0.15584039394597726
2020,86355,PP,PARTIDO:PP,ENCRUZILHADA DO SUL,237,0,237,3384,3621,PP,0.2622202911144905
2020,86355,PRTB,PARTIDO:PRTB,ENCRUZILHADA DO SUL,20,0,20,231,251,PRTB,0.018176551524368166
2020,86355,PSDB,PARTIDO:PSDB,ENCRUZILHADA DO SUL,16,0,16,455,471,PSDB,0.034108190310666954
2020,86355,PT,PARTIDO:PT,ENCRUZILHADA DO SUL,30,0,30,886,916,PT,0.06633355058295315
2020,86355,PTB,PARTIDO:PTB,ENCRUZILHADA DO SUL,256,0,256,2211,2467,PTB,0.17865160402635963
2020,86355,REPUBLICANOS,PARTIDO:REPUBLICANOS,ENCRUZILHADA DO SUL,20,0,20,1131,1151,REPUBLICANOS,0.08335143746831776
2020,86363,MDB,PARTIDO:MDB,BARRA DO GUARITA,45,0,45,1043,1088,MDB,0.4765659220324135
2020,86363,PT,PARTIDO:PT,BARRA DO GUARITA,41,0,41,1154,1195,PT,0.5234340779675866
2020,86371,CIDADANIA,PARTIDO:CIDADANIA,ERECHIM,32,0,32,1297,1329,CIDADANIA,0.023068511221815278
2020,86371,DEM,PARTIDO:DEM,ERECHIM,40,0,40,1395,1435,DEM,0.02490843762475916
2020,86371,MDB,PARTIDO:MDB,ERECHIM,773,0,773,11687,12460,MDB,0.2162781413271771
2020,86371,PC do B,PARTIDO:PC do B,ERECHIM,28,0,28,2404,2432,PC DO B,0.042214160490184165
2020,86371,PDT,PARTIDO:PDT,ERECHIM,339,0,339,3209,3548,PDT,0.06158546110985749
2020,86371,PL,PARTIDO:PL,ERECHIM,112,0,112,1049,1161,PL,0.020152401451111766
2020,86371,PP,PARTIDO:PP,ERECHIM,114,0,114,4338,4452,PP,0.07727690892364306
2020,86371,PRTB,PARTIDO:PRTB,ERECHIM,149,0,149,573,722,PRTB,0.012532328895523425
2020,86371,PSB,PARTIDO:PSB,ERECHIM,73,0,73,5786,5859,PSB,0.10169932825328497
2020,86371,PSDB,PARTIDO:PSDB,ERECHIM,79,0,79,6954,7033,PSDB,0.12207738105570116
2020,86371,PSL,PARTIDO:PSL,ERECHIM,30,0,30,548,578,PSL,0.010032806234920415
2020,86371,PT,PARTIDO:PT,ERECHIM,124,0,124,4923,5047,PT,0.08760479769488466
2020,86371,PTB,PARTIDO:PTB,ERECHIM,93,0,93,4239,4332,PTB,0.07519397337314054
2020,86371,REPUBLICANOS,PARTIDO:REPUBLICANOS,ERECHIM,74,0,74,4436,4510,REPUBLICANOS,0.07828366110638593
2020,86371,SOLIDARIEDADE,PARTIDO:SOLIDARIEDADE,ERECHIM,41,0,41,2672,2713,SOLIDARIEDADE,0.047091701237610875
2020,86380,PSD,PARTIDO:PSD,BARRA DO RIO AZUL,24,0,24,1279,1303,PSD,1.0
2020,86398,MDB,PARTIDO:MDB,HERVAL,12,0,12,347,359,MDB,0.08609112709832134
2020,86398,PDT,PARTIDO:PDT,HERVAL,71,0,71,697,768,PDT,0.1841726618705036
2020,86398,PL,PARTIDO:PL,HERVAL,1,0,1,27,28,PL,0.00671462829736211
2020,86398,PP,PARTIDO:PP,HERVAL,99,0,99,1865,1964,PP,0.4709832134292566
2020,86398,PSB,PARTIDO:PSB,HERVAL,5,0,5,345,350,PSB,0.08393285371702638
2020,86398,PSDB,PARTIDO:PSDB,HERVAL,5,0,5,275,280,PSDB,0.0671462829736211
2020,86398,PT,PARTIDO:PT,HERVAL,8,0,8,413,421,PT,0.10095923261390888
2020,86401,PDT,PARTIDO:PDT,BARRA FUNDA,30,0,30,904,934,PDT,0.36902410114579215
2020,86401,PP,PARTIDO:PP,BARRA FUNDA,35,0,35,1319,1354,PP,0.5349664164361912
2020,86401,PT,PARTIDO:PT,BARRA FUNDA,2,0,2,79,81,PT,0.03200316080600553
2020,86401,PTB,PARTIDO:PTB,BARRA FUNDA,3,0,3,159,162,PTB,0.06400632161201106
2020,86410,MDB,PARTIDO:MDB,ERVAL GRANDE,61,0,61,1001,1062,MDB,0.29949238578680204
2020,86410,PL,PARTIDO:PL,ERVAL GRANDE,8,0,8,170,178,PL,0.050197405527354765
2020,86410,PP,PARTIDO:PP,ERVAL GRANDE,24,0,24,306,330,PP,0.09306260575296109
2020,86410,PSB,PARTIDO:PSB,ERVAL GRANDE,24,0,24,831,855,PSB,0.24111675126903553
2020,86410,PT,PARTIDO:PT,ERVAL GRANDE,22,0,22,436,458,PT,0.12915961646926113
2020,86410,PTB,PARTIDO:PTB,ERVAL GRANDE,70,0,70,593,663,PTB,0.18697123519458544
2020,86428,PDT,PARTIDO:PDT,BOA VISTA DAS MISSÕES,25,0,25,582,607,PDT,0.3460661345496009
2020,86428,PL,PARTIDO:PL,BOA VISTA DAS MISSÕES,2,0,2,252,254,PL,0.14481185860889395
2020,86428,PP,PARTIDO:PP,BOA VISTA DAS MISSÕES,34,0,34,300,334,PP,0.1904218928164196
2020,86428,PSB,PARTIDO:PSB,BOA VISTA DAS MISSÕES,12,0,12,547,559,PSB,0.3187001140250855
2020,86436,PDT,PARTIDO:PDT,ERVAL SECO,47,0,47,1693,1740,PDT,0.3762162162162162
2020,86436,PP,PARTIDO:PP,ERVAL SECO,21,0,21,277,298,PP,0.06443243243243243
2020,86436,PSDB,PARTIDO:PSDB,ERVAL SECO,58,0,58,807,865,PSDB,0.18702702702702703
2020,86436,PT,PARTIDO:PT,ERVAL SECO,110,0,110,1612,1722,PT,0.37232432432432433
2020,86444,PDT,PARTIDO:PDT,BOM PROGRESSO,5,0,5,579,584,PDT,0.27302477793361385
2020,86444,PP,PARTIDO:PP,BOM PROGRESSO,26,0,26,652,678,PP,0.3169705469845722
2020,86444,PSB,PARTIDO:PSB,BOM PROGRESSO,24,0,24,460,484,PSB,0.2262739597942964
2020,86444,PSDB,PARTIDO:PSDB,BOM PROGRESSO,7,0,7,386,393,PSDB,0.18373071528751753
2020,86452,MDB,PARTIDO:MDB,ESMERALDA,35,0,35,1207,1242,MDB,0.5236087689713322
2020,86452,PP,PARTIDO:PP,ESMERALDA,48,0,48,636,684,PP,0.28836424957841483
2020,86452,PT,PARTIDO:PT,ESMERALDA,4,0,4,300,304,PT,0.1281618887015177
2020,86452,PTB,PARTIDO:PTB,ESMERALDA,5,0,5,137,142,PTB,0.05986509274873524
2020,86460,CIDADANIA,PARTIDO:CIDADANIA,CAMPESTRE DA SERRA,5,0,5,171,176,CIDADANIA,0.07642205818497612
2020,86460,MDB,PARTIDO:MDB,CAMPESTRE DA SERRA,39,0,39,864,903,MDB,0.39209726443769
2020,86460,PP,PARTIDO:PP,CAMPESTRE DA SERRA,74,0,74,1150,1224,PP,0.531480677377334
2020,86479,MDB,PARTIDO:MDB,ESPUMOSO,144,0,144,1454,1598,MDB,0.1587049359420002
2020,86479,PDT,PARTIDO:PDT,ESPUMOSO,345,0,345,5569,5914,PDT,0.5873473036051247
2020,86479,PP,PARTIDO:PP,ESPUMOSO,76,0,76,2481,2557,PP,0.25394776045287515
2020,86487,MDB,PARTIDO:MDB,CANDIOTA,130,0,130,1627,1757,MDB,0.28085038363171355
2020,86487,PDT,PARTIDO:PDT,CANDIOTA,25,0,25,1000,1025,PDT,0.16384271099744246
2020,86487,PSB,PARTIDO:PSB,CANDIOTA,4,0,4,377,381,PSB,0.06090153452685422
2020,86487,PSDB,PARTIDO:PSDB,CANDIOTA,16,0,16,528,544,PSDB,0.08695652173913043
2020,86487,PT,PARTIDO:PT,CANDIOTA,99,0,99,1836,1935,PT,0.3093030690537084
2020,86487,PTB,PARTIDO:PTB,CANDIOTA,17,0,17,597,614,PTB,0.09814578005115089
2020,86495,DEM,PARTIDO:DEM,ESTÂNCIA VELHA,244,0,244,4118,4362,DEM,0.18290075055557886
2020,86495,MDB,PARTIDO:MDB,ESTÂNCIA VELHA,126,0,126,2049,2175,MDB,0.09119879240219715
2020,86495,PATRIOTA,PARTIDO:PATRIOTA,ESTÂNCIA VELHA,5,0,5,416,421,PATRIOTA,0.01765273177072414
2020,86495,PDT,PARTIDO:PDT,ESTÂNCIA VELHA,270,0,270,2433,2703,PDT,0.11333808545431674
2020,86495,PSB,PARTIDO:PSB,ESTÂNCIA VELHA,16,0,16,1094,1110,PSB,0.046542831984569585
2020,86495,PSDB,PARTIDO:PSDB,ESTÂNCIA VELHA,432,0,432,6277,6709,PSDB,0.28131158539142104
2020,86495,PT,PARTIDO:PT,ESTÂNCIA VELHA,126,0,126,785,911,PT,0.03819866661075936
2020,86495,PTB,PARTIDO:PTB,ESTÂNCIA VELHA,67,0,67,3876,3943,PTB,0.16533187974338548
2020,86495,REPUBLICANOS,PARTIDO:REPUBLICANOS,ESTÂNCIA VELHA,48,0,48,1467,1515,REPUBLICANOS,0.06352467608704768
2020,86509,MDB,PARTIDO:MDB,CAPITÃO,15,0,15,515,530,MDB,0.2044753086419753
2020,86509,PDT,PARTIDO:PDT,CAPITÃO,27,0,27,599,626,PDT,0.24151234567901234
2020,86509,PP,PARTIDO:PP,CAPITÃO,14,0,14,494,508,PP,0.19598765432098766
2020,86509,PSDB,PARTIDO:PSDB,CAPITÃO,33,0,33,895,928,PSDB,0.35802469135802467
2020,86517,CIDADANIA,PARTIDO:CIDADANIA,ESTEIO,24,0,24,845,869,CIDADANIA,0.020209302325581397
2020,86517,MDB,PARTIDO:MDB,ESTEIO,97,0,97,6200,6297,MDB,0.14644186046511629
2020,86517,PDT,PARTIDO:PDT,ESTEIO,261,0,261,2381,2642,PDT,0.06144186046511628
2020,86517,PL,PARTIDO:PL,ESTEIO,21,0,21,2793,2814,PL,0.06544186046511628
2020,86517,PP,PARTIDO:PP,ESTEIO,931,0,931,7480,8411,PP,0.1956046511627907
2020,86517,PSB,PARTIDO:PSB,ESTEIO,114,0,114,6886,7000,PSB,0.16279069767441862
2020,86517,PSD,PARTIDO:PSD,ESTEIO,10,0,10,771,781,PSD,0.01816279069767442
2020,86517,PSL,PARTIDO:PSL,ESTEIO,19,0,19,339,358,PSL,0.008325581395348837
2020,86517,PT,PARTIDO:PT,ESTEIO,263,0,263,6381,6644,PT,0.15451162790697676
2020,86517,PTB,PARTIDO:PTB,ESTEIO,93,0,93,4783,4876,PTB,0.11339534883720931
2020,86517,PV,PARTIDO:PV,ESTEIO,6,0,6,875,881,PV,0.020488372093023257
2020,86517,REPUBLICANOS,PARTIDO:REPUBLICANOS,ESTEIO,34,0,34,1393,1427,REPUBLICANOS,0.033186046511627904
2020,86525,PT,PARTIDO:PT,CARLOS GOMES,26,0,26,544,570,PT,0.4463586530931872
2020,86525,REPUBLICANOS,PARTIDO:REPUBLICANOS,CARLOS GOMES,14,0,14,693,707,REPUBLICANOS,0.5536413469068129
2020,86533,CIDADANIA,PARTIDO:CIDADANIA,ESTRELA,6,0,6,590,596,CIDADANIA,0.031197654941373533
2020,86533,MDB,PARTIDO:MDB,ESTRELA,139,0,139,2681,2820,MDB,0.14761306532663315
2020,86533,PDT,PARTIDO:PDT,ESTRELA,44,0,44,401,445,PDT,0.02329355108877722
2020,86533,PL,PARTIDO:PL,ESTRELA,146,0,146,1776,1922,PL,0.100607202680067
2020,86533,PODE,PARTIDO:PODE,ESTRELA,10,0,10,193,203,PODE,0.010626046901172529
2020,86533,PP,PARTIDO:PP,ESTRELA,50,0,50,2043,2093,PP,0.10955820770519263
2020,86533,PSD,PARTIDO:PSD,ESTRELA,22,0,22,2051,2073,PSD,0.10851130653266332
2020,86533,PSL,PARTIDO:PSL,ESTRELA,86,0,86,1706,1792,PSL,0.09380234505862646
2020,86533,PT,PARTIDO:PT,ESTRELA,54,0,54,337,391,PT,0.020466917922948073
2020,86533,PTB,PARTIDO:PTB,ESTRELA,171,0,171,3011,3182,PTB,0.16656197654941374
2020,86533,PV,PARTIDO:PV,ESTRELA,12,0,12,1973,1985,PV,0.10390494137353434
2020,86533,REPUBLICANOS,PARTIDO:REPUBLICANOS,ESTRELA,25,0,25,1577,1602,REPUBLICANOS,0.08385678391959799
2020,86541,PP,PARTIDO:PP,CENTENÁRIO,26,0,26,1142,1168,PP,0.4884985361773317
2020,86541,PT,PARTIDO:PT,CENTENÁRIO,40,0,40,1183,1223,PT,0.5115014638226684
2020,86550,MDB,PARTIDO:MDB,FARROUPILHA,155,0,155,6507,6662,MDB,0.16358903840487182
2020,86550,PC do B,PARTIDO:PC do B,FARROUPILHA,1,0,1,106,107,PC DO B,0.002627443276691877
2020,86550,PDT,PARTIDO:PDT,FARROUPILHA,191,0,191,4587,4778,PDT,0.1173263922993812
2020,86550,PL,PARTIDO:PL,FARROUPILHA,55,0,55,4031,4086,PL,0.10033395540713093
2020,86550,PODE,PARTIDO:PODE,FARROUPILHA,7,0,7,164,171,PODE,0.004198998133778607
2020,86550,PP,PARTIDO:PP,FARROUPILHA,695,0,695,8026,8721,PP,0.21414890482270896
2020,86550,PRTB,PARTIDO:PRTB,FARROUPILHA,4,0,4,243,247,PRTB,0.006065219526569099
2020,86550,PSB,PARTIDO:PSB,FARROUPILHA,379,0,379,5555,5934,PSB,0.14571260190551028
2020,86550,PSD,PARTIDO:PSD,FARROUPILHA,59,0,59,1002,1061,PSD,0.02605343286514095
2020,86550,PSDB,PARTIDO:PSDB,FARROUPILHA,43,0,43,557,600,PSDB,0.014733326785188095
2020,86550,PSL,PARTIDO:PSL,FARROUPILHA,17,0,17,461,478,PSL,0.011737550338866516
2020,86550,PT,PARTIDO:PT,FARROUPILHA,75,0,75,1237,1312,PT,0.03221687457027797
2020,86550,PTB,PARTIDO:PTB,FARROUPILHA,41,0,41,537,578,PTB,0.014193104803064531
2020,86550,REDE,PARTIDO:REDE,FARROUPILHA,282,0,282,1758,2040,REDE,0.050093311069639525
2020,86550,REPUBLICANOS,PARTIDO:REPUBLICANOS,FARROUPILHA,70,0,70,3879,3949,REPUBLICANOS,0.09696984579117965
2020,86568,MDB,PARTIDO:MDB,CHARRUA,31,0,31,675,706,MDB,0.3472700442695524
2020,86568,PP,PARTIDO:PP,CHARRUA,54,0,54,896,950,PP,0.4672897196261682
2020,86568,PTB,PARTIDO:PTB,CHARRUA,15,0,15,362,377,PTB,0.1854402361042794
2020,86576,MDB,PARTIDO:MDB,FAXINAL DO SOTURNO,27,0,27,959,986,MDB,0.21809334218093343
2020,86576,PDT,PARTIDO:PDT,FAXINAL DO SOTURNO,26,0,26,854,880,PDT,0.19464720194647203
2020,86576,PP,PARTIDO:PP,FAXINAL DO SOTURNO,89,0,89,1435,1524,PP,0.33709356337093566
2020,86576,PT,PARTIDO:PT,FAXINAL DO SOTURNO,82,0,82,1049,1131,PT,0.25016589250165894
2020,86584,DEM,PARTIDO:DEM,COLINAS,2,0,2,134,136,DEM,0.06886075949367089
2020,86584,MDB,PARTIDO:MDB,COLINAS,44,0,44,988,1032,MDB,0.5225316455696203
2020,86584,PP,PARTIDO:PP,COLINAS,33,0,33,350,383,PP,0.1939240506329114
2020,86584,PTB,PARTIDO:PTB,COLINAS,8,0,8,416,424,PTB,0.21468354430379746
2020,86592,MDB,PARTIDO:MDB,FELIZ,123,0,123,2327,2450,MDB,0.28199815837937386
2020,86592,PDT,PARTIDO:PDT,FELIZ,56,0,56,1460,1516,PDT,0.17449355432780847
2020,86592,PP,PARTIDO:PP,FELIZ,18,0,18,1883,1901,PP,0.21880755064456722
2020,86592,PSD,PARTIDO:PSD,FELIZ,120,0,120,2608,2728,PSD,0.3139963167587477
2020,86592,PT,PARTIDO:PT,FELIZ,7,0,7,86,93,PT,0.010704419889502763
2020,86606,PP,PARTIDO:PP,COQUEIROS DO SUL,43,0,43,1189,1232,PP,0.5872259294566253
2020,86606,PTB,PARTIDO:PTB,COQUEIROS DO SUL,25,0,25,841,866,PTB,0.4127740705433746
2020,86614,MDB,PARTIDO:MDB,FLORES DA CUNHA,245,0,245,3922,4167,MDB,0.22814125376402958
2020,86614,PATRIOTA,PARTIDO:PATRIOTA,FLORES DA CUNHA,13,0,13,914,927,PATRIOTA,0.050752805912948264
2020,86614,PDT,PARTIDO:PDT,FLORES DA CUNHA,62,0,62,1900,1962,PDT,0.10741856008759923
2020,86614,PP,PARTIDO:PP,FLORES DA CUNHA,338,0,338,4032,4370,PP,0.239255406515193
2020,86614,PSB,PARTIDO:PSB,FLORES DA CUNHA,101,0,101,2637,2738,PSB,0.14990418833835203
2020,86614,PSD,PARTIDO:PSD,FLORES DA CUNHA,21,0,21,1036,1057,PSD,0.05787024363536819
2020,86614,PT,PARTIDO:PT,FLORES DA CUNHA,27,0,27,649,676,PT,0.03701067615658363
2020,86614,PTB,PARTIDO:PTB,FLORES DA CUNHA,19,0,19,812,831,PTB,0.045496851902545855
2020,86614,REPUBLICANOS,PARTIDO:REPUBLICANOS,FLORES DA CUNHA,37,0,37,1500,1537,REPUBLICANOS,0.08415001368738023
2020,86622,DEM,PARTIDO:DEM,CORONEL BARROS,34,0,34,482,516,DEM,0.23604757548032937
2020,86622,PDT,PARTIDO:PDT,CORONEL BARROS,15,0,15,710,725,PDT,0.33165599268069534
2020,86622,PP,PARTIDO:PP,CORONEL BARROS,11,0,11,895,906,PP,0.41445562671546204
2020,86622,PT,PARTIDO:PT,CORONEL BARROS,1,0,1,38,39,PT,0.017840805123513267
2020,86630,PDT,PARTIDO:PDT,FONTOURA XAVIER,57,0,57,1474,1531,PDT,0.2239286236653503
2020,86630,PL,PARTIDO:PL,FONTOURA XAVIER,25,0,25,1365,1390,PL,0.20330554336697382
2020,86630,PP,PARTIDO:PP,FONTOURA XAVIER,44,0,44,585,629,PP,0.09199941494807665
2020,86630,PSB,PARTIDO:PSB,FONTOURA XAVIER,2,0,2,177,179,PSB,0.02618107357027936
2020,86630,PSD,PARTIDO:PSD,FONTOURA XAVIER,103,0,103,357,460,PSD,0.06728097118619278
2020,86630,PSL,PARTIDO:PSL,FONTOURA XAVIER,2,0,2,82,84,PSL,0.01228609039052216
2020,86630,PT,PARTIDO:PT,FONTOURA XAVIER,178,812,990,1574,2564,PT,0.37501828287260497
2020,86649,MDB,PARTIDO:MDB,COXILHA,7,0,7,503,510,MDB,0.21428571428571427
2020,86649,PDT,PARTIDO:PDT,COXILHA,12,0,12,278,290,PDT,0.12184873949579832
2020,86649,PL,PARTIDO:PL,COXILHA,26,0,26,250,276,PL,0.11596638655462185
2020,86649,PP,PARTIDO:PP,COXILHA,55,0,55,1136,1191,PP,0.5004201680672269
2020,86649,PSDB,PARTIDO:PSDB,COXILHA,3,0,3,110,113,PSDB,0.04747899159663865
2020,86657,MDB,PARTIDO:MDB,FORMIGUEIRO,107,0,107,1956,2063,MDB,0.4506334643949323
2020,86657,PDT,PARTIDO:PDT,FORMIGUEIRO,19,0,19,736,755,PDT,0.16491917868064657
2020,86657,PP,PARTIDO:PP,FORMIGUEIRO,91,0,91,1342,1433,PP,0.3130187854958497
2020,86657,PT,PARTIDO:PT,FORMIGUEIRO,24,0,24,303,327,PT,0.07142857142857142
2020,86665,MDB,PARTIDO:MDB,DERRUBADAS,49,0,49,1479,1528,MDB,0.6158806932688432
2020,86665,PP,PARTIDO:PP,DERRUBADAS,54,0,54,785,839,PP,0.3381700927045546
2020,86665,PSB,PARTIDO:PSB,DERRUBADAS,1,0,1,113,114,PSB,0.045949214026602174
2020,86673,MDB,PARTIDO:MDB,FREDERICO WESTPHALEN,525,0,525,7699,8224,MDB,0.4247275732066312
2020,86673,PDT,PARTIDO:PDT,FREDERICO WESTPHALEN,105,0,105,1556,1661,PDT,0.08578216185508444
2020,86673,PL,PARTIDO:PL,FREDERICO WESTPHALEN,9,0,9,966,975,PL,0.0503537674947064
2020,86673,PP,PARTIDO:PP,FREDERICO WESTPHALEN,313,0,313,4938,5251,PP,0.2711873160150803
2020,86673,PSDB,PARTIDO:PSDB,FREDERICO WESTPHALEN,59,0,59,2815,2874,PSDB,0.148427413107473
2020,86673,PT,PARTIDO:PT,FREDERICO WESTPHALEN,67,0,67,311,378,PT,0.019521768321024636
2020,86681,DEM,PARTIDO:DEM,DOIS IRMÃOS DAS MISSÕES,5,0,5,172,177,DEM,0.10184119677790564
2020,86681,MDB,PARTIDO:MDB,DOIS IRMÃOS DAS MISSÕES,29,0,29,206,235,MDB,0.13521288837744533
2020,86681,PDT,PARTIDO:PDT,DOIS IRMÃOS DAS MISSÕES,3,0,3,80,83,PDT,0.047756041426927506
2020,86681,PP,PARTIDO:PP,DOIS IRMÃOS DAS MISSÕES,7,0,7,473,480,PP,0.2761795166858458
2020,86681,PSDB,PARTIDO:PSDB,DOIS IRMÃOS DAS MISSÕES,6,0,6,277,283,PSDB,0.1628308400460299
2020,86681,PT,PARTIDO:PT,DOIS IRMÃOS DAS MISSÕES,17,0,17,463,480,PT,0.2761795166858458
2020,86690,DEM,PARTIDO:DEM,GARIBALDI,7,0,7,192,199,DEM,0.010228207236842105
2020,86690,MDB,PARTIDO:MDB,GARIBALDI,408,0,408,6373,6781,MDB,0.3485300164473684
2020,86690,PDT,PARTIDO:PDT,GARIBALDI,68,0,68,1639,1707,PDT,0.08773643092105263
2020,86690,PP,PARTIDO:PP,GARIBALDI,396,0,396,7286,7682,PP,0.39483963815789475
2020,86690,PSB,PARTIDO:PSB,GARIBALDI,15,0,15,1403,1418,PSB,0.07288240131578948
2020,86690,PT,PARTIDO:PT,GARIBALDI,50,0,50,1619,1669,PT,0.08578330592105263
2020,86703,MDB,PARTIDO:MDB,ENGENHO VELHO,5,0,5,193,198,MDB,0.1981981981981982
2020,86703,PDT,PARTIDO:PDT,ENGENHO VELHO,5,0,5,124,129,PDT,0.12912912912912913
2020,86703,PL,PARTIDO:PL,ENGENHO VELHO,1,0,1,116,117,PL,0.11711711711711711
2020,86703,PP,PARTIDO:PP,ENGENHO VELHO,8,0,8,333,341,PP,0.34134134134134136
2020,86703,PT,PARTIDO:PT,ENGENHO VELHO,24,0,24,190,214,PT,0.21421421421421422
2020,86711,DEM,PARTIDO:DEM,GAURAMA,15,0,15,555,570,DEM,0.13361462728551335
2020,86711,MDB,PARTIDO:MDB,GAURAMA,27,0,27,1171,1198,MDB,0.2808251289263948
2020,86711,PDT,PARTIDO:PDT,GAURAMA,100,0,100,1415,1515,PDT,0.3551336146272855
2020,86711,PT,PARTIDO:PT,GAURAMA,11,0,11,488,499,PT,0.11697140178152836
2020,86711,PTB,PARTIDO:PTB,GAURAMA,9,0,9,475,484,PTB,0.11345522737927802
2020,86720,PDT,PARTIDO:PDT,GARRUCHOS,58,0,58,1100,1158,PDT,0.5192825112107623
2020,86720,PP,PARTIDO:PP,GARRUCHOS,55,0,55,1017,1072,PP,0.48071748878923765
2020,86738,MDB,PARTIDO:MDB,GENERAL CÂMARA,14,0,14,828,842,MDB,0.16483946750195771
2020,86738,PP,PARTIDO:PP,GENERAL CÂMARA,100,0,100,2552,2652,PP,0.519185591229444
2020,86738,PSB,PARTIDO:PSB,GENERAL CÂMARA,3,0,3,224,227,PSB,0.044440093970242754
2020,86738,PSD,PARTIDO:PSD,GENERAL CÂMARA,6,0,6,402,408,PSD,0.07987470634299139
2020,86738,PSDB,PARTIDO:PSDB,GENERAL CÂMARA,42,0,42,637,679,PSDB,0.13292873923257634
2020,86738,PSL,PARTIDO:PSL,GENERAL CÂMARA,2,0,2,202,204,PSL,0.039937353171495694
2020,86738,PT,PARTIDO:PT,GENERAL CÂMARA,3,0,3,93,96,PT,0.018794048551292093
2020,86746,MDB,PARTIDO:MDB,GENTIL,6,0,6,355,361,MDB,0.24557823129251702
2020,86746,PDT,PARTIDO:PDT,GENTIL,24,0,24,508,532,PDT,0.3619047619047619
2020,86746,PP,PARTIDO:PP,GENTIL,8,0,8,111,119,PP,0.08095238095238096
2020,86746,PT,PARTIDO:PT,GENTIL,3,0,3,262,265,PT,0.18027210884353742
2020,86746,PTB,PARTIDO:PTB,GENTIL,14,0,14,179,193,PTB,0.13129251700680272
2020,86754,MDB,PARTIDO:MDB,SÃO VICENTE DO SUL,15,0,15,653,668,MDB,0.12025202520252025
2020,86754,PDT,PARTIDO:PDT,SÃO VICENTE DO SUL,12,0,12,544,556,PDT,0.1000900090009001
2020,86754,PP,PARTIDO:PP,SÃO VICENTE DO SUL,116,0,116,2093,2209,PP,0.39765976597659763
2020,86754,PT,PARTIDO:PT,SÃO VICENTE DO SUL,14,0,14,625,639,PT,0.11503150315031503
2020,86754,PTB,PARTIDO:PTB,SÃO VICENTE DO SUL,80,0,80,1403,1483,PTB,0.266966696669667
2020,86762,PP,PARTIDO:PP,GRAMADO DOS LOUREIROS,10,0,10,628,638,PP,0.32920536635706915
2020,86762,PSB,PARTIDO:PSB,GRAMADO DOS LOUREIROS,23,0,23,586,609,PSB,0.3142414860681115
2020,86762,PSD,PARTIDO:PSD,GRAMADO DOS LOUREIROS,1,0,1,141,142,PSD,0.07327141382868937
2020,86762,PSDB,PARTIDO:PSDB,GRAMADO DOS LOUREIROS,6,0,6,369,375,PSDB,0.19349845201238391
2020,86762,PT,PARTIDO:PT,GRAMADO DOS LOUREIROS,10,0,10,164,174,PT,0.08978328173374613
2020,86770,CIDADANIA,PARTIDO:CIDADANIA,GETÚLIO VARGAS,3,0,3,94,97,CIDADANIA,0.01049215792320173
2020,86770,MDB,PARTIDO:MDB,GETÚLIO VARGAS,163,0,163,2453,2616,MDB,0.28296376419686314
2020,86770,PP,PARTIDO:PP,GETÚLIO VARGAS,159,0,159,3646,3805,PP,0.4115738236884803
2020,86770,PRTB,PARTIDO:PRTB,GETÚLIO VARGAS,5,0,5,360,365,PRTB,0.03948080043266631
2020,86770,PSDB,PARTIDO:PSDB,GETÚLIO VARGAS,14,0,14,396,410,PSDB,0.04434829637641969
2020,86770,PT,PARTIDO:PT,GETÚLIO VARGAS,47,0,47,572,619,PT,0.06695511087074094
2020,86770,PTB,PARTIDO:PTB,GETÚLIO VARGAS,15,0,15,952,967,PTB,0.10459707950243374
2020,86770,REPUBLICANOS,PARTIDO:REPUBLICANOS,GETÚLIO VARGAS,9,0,9,357,366,REPUBLICANOS,0.03958896700919416
2020,86789,MDB,PARTIDO:MDB,GRAMADO XAVIER,27,0,27,396,423,MDB,0.1551155115511551
2020,86789,PDT,PARTIDO:PDT,GRAMADO XAVIER,10,0,10,242,252,PDT,0.0924092409240924
2020,86789,PP,PARTIDO:PP,GRAMADO XAVIER,21,0,21,380,401,PP,0.14704803813714704
2020,86789,PSB,PARTIDO:PSB,GRAMADO XAVIER,34,0,34,578,612,PSB,0.22442244224422442
2020,86789,PSDB,PARTIDO:PSDB,GRAMADO XAVIER,5,0,5,165,170,PSDB,0.06233956729006234
2020,86789,PT,PARTIDO:PT,GRAMADO XAVIER,5,0,5,206,211,PT,0.07737440410707737
2020,86789,PTB,PARTIDO:PTB,GRAMADO XAVIER,6,0,6,305,311,PTB,0.11404473780711405
2020,86789,REPUBLICANOS,PARTIDO:REPUBLICANOS,GRAMADO XAVIER,4,0,4,343,347,REPUBLICANOS,0.12724605793912724
2020,86797,MDB,PARTIDO:MDB,GIRUÁ,21,0,21,994,1015,MDB,0.09606284308158243
2020,86797,PDT,PARTIDO:PDT,GIRUÁ,214,0,214,2429,2643,PDT,0.2501419647927314
2020,86797,PP,PARTIDO:PP,GIRUÁ,244,0,244,3952,4196,PP,0.39712284686731025
2020,86797,PSDB,PARTIDO:PSDB,GIRUÁ,8,0,8,508,516,PSDB,0.0488358886996025
2020,86797,PSL,PARTIDO:PSL,GIRUÁ,9,0,9,828,837,PSL,0.07921635434412266
2020,86797,PT,PARTIDO:PT,GIRUÁ,22,0,22,1337,1359,PT,0.12862010221465076
2020,86800,PDT,PARTIDO:PDT,HULHA NEGRA,27,0,27,1020,1047,PDT,0.27372549019607845
2020,86800,PP,PARTIDO:PP,HULHA NEGRA,86,0,86,1063,1149,PP,0.3003921568627451
2020,86800,PT,PARTIDO:PT,HULHA NEGRA,68,0,68,1015,1083,PT,0.2831372549019608
2020,86800,PTB,PARTIDO:PTB,HULHA NEGRA,7,0,7,539,546,PTB,0.14274509803921567
2020,86819,MDB,PARTIDO:MDB,GRAMADO,319,0,319,4991,5310,MDB,0.2366626554352186
2020,86819,PC do B,PARTIDO:PC do B,GRAMADO,8,0,8,499,507,PC DO B,0.022596603824040648
2020,86819,PDT,PARTIDO:PDT,GRAMADO,47,0,47,606,653,PDT,0.029103712617551365
2020,86819,PP,PARTIDO:PP,GRAMADO,499,0,499,7867,8366,PP,0.37286624771582655
2020,86819,PSC,PARTIDO:PSC,GRAMADO,8,0,8,1004,1012,PSC,0.04510406917145786
2020,86819,PSDB,PARTIDO:PSDB,GRAMADO,40,0,40,1998,2038,PSDB,0.09083210767927977
2020,86819,PSL,PARTIDO:PSL,GRAMADO,11,0,11,791,802,PSL,0.03574452912599724
2020,86819,PT,PARTIDO:PT,GRAMADO,40,0,40,1907,1947,PT,0.08677630699291349
2020,86819,PTB,PARTIDO:PTB,GRAMADO,5,0,5,121,126,PTB,0.005615724027276374
2020,86819,PTC,PARTIDO:PTC,GRAMADO,5,0,5,5,10,PTC,0.0004456923831171725
2020,86819,REPUBLICANOS,PARTIDO:REPUBLICANOS,GRAMADO,17,0,17,1649,1666,REPUBLICANOS,0.07425235102732095
2020,86827,DEM,PARTIDO:DEM,INHACORÁ,9,0,9,196,205,DEM,0.13234344738540993
2020,86827,PP,PARTIDO:PP,INHACORÁ,8,0,8,386,394,PP,0.2543576500968367
2020,86827,PSB,PARTIDO:PSB,INHACORÁ,7,0,7,301,308,PSB,0.1988379599741769
2020,86827,PSD,PARTIDO:PSD,INHACORÁ,6,0,6,232,238,PSD,0.15364751452550032
2020,86827,PTB,PARTIDO:PTB,INHACORÁ,29,0,29,375,404,PTB,0.26081342801807617
2020,86835,AVANTE,PARTIDO:AVANTE,GRAVATAÍ,19,0,19,814,833,AVANTE,0.007265274083118922
2020,86835,DEM,PARTIDO:DEM,GRAVATAÍ,98,0,98,7451,7549,DEM,0.06584100126466355
2020,86835,MDB,PARTIDO:MDB,GRAVATAÍ,2223,0,2223,24902,27125,MDB,0.2365793031267716
2020,86835,PATRIOTA,PARTIDO:PATRIOTA,GRAVATAÍ,42,0,42,801,843,PATRIOTA,0.007352492259386856
2020,86835,PC do B,PARTIDO:PC do B,GRAVATAÍ,28,0,28,434,462,PC DO B,0.0040294797435785614
2020,86835,PCO,PARTIDO:PCO,GRAVATAÍ,2,0,2,4,6,PCO,5.2330905760760545e-05
2020,86835,PDT,PARTIDO:PDT,GRAVATAÍ,855,0,855,11204,12059,PDT,0.1051763987615019
2020,86835,PL,PARTIDO:PL,GRAVATAÍ,107,0,107,1906,2013,PL,0.017557018882735163
2020,86835,PP,PARTIDO:PP,GRAVATAÍ,235,0,235,8969,9204,PP,0.08027560943700668
2020,86835,PSB,PARTIDO:PSB,GRAVATAÍ,134,0,134,9008,9142,PSB,0.07973485674414547
2020,86835,PSD,PARTIDO:PSD,GRAVATAÍ,1078,0,1078,10767,11845,PSD,0.10330992978936811
2020,86835,PSDB,PARTIDO:PSDB,GRAVATAÍ,209,0,209,7756,7965,PSDB,0.06946927739740962
2020,86835,PSL,PARTIDO:PSL,GRAVATAÍ,116,0,116,3492,3608,PSL,0.03146831799747067
2020,86835,PSOL,PARTIDO:PSOL,GRAVATAÍ,253,0,253,3358,3611,PSOL,0.03149448345035105
2020,86835,PT,PARTIDO:PT,GRAVATAÍ,392,0,392,3342,3734,PT,0.032567267018446644
2020,86835,PTB,PARTIDO:PTB,GRAVATAÍ,162,0,162,4964,5126,PTB,0.04470803715494309
2020,86835,PV,PARTIDO:PV,GRAVATAÍ,42,0,42,2260,2302,PV,0.020077624176878462
2020,86835,REPUBLICANOS,PARTIDO:REPUBLICANOS,GRAVATAÍ,109,0,109,5694,5803,REPUBLICANOS,0.05061270768828224
2020,86835,SOLIDARIEDADE,PARTIDO:SOLIDARIEDADE,GRAVATAÍ,45,0,45,1380,1425,SOLIDARIEDADE,0.012428590118180628
2020,86843,DEM,PARTIDO:DEM,ITAPUCA,24,0,24,607,631,DEM,0.378978978978979
2020,86843,MDB,PARTIDO:MDB,ITAPUCA,4,0,4,98,102,MDB,0.06126126126126126
2020,86843,PP,PARTIDO:PP,ITAPUCA,13,0,13,313,326,PP,0.19579579579579579
2020,86843,PSB,PARTIDO:PSB,ITAPUCA,1,0,1,138,139,PSB,0.08348348348348349
2020,86843,PTB,PARTIDO:PTB,ITAPUCA,23,0,23,444,467,PTB,0.28048048048048047
2020,86851,AVANTE,PARTIDO:AVANTE,GUAÍBA,7,0,7,213,220,AVANTE,0.004427450191185349
2020,86851,DEM,PARTIDO:DEM,GUAÍBA,47,0,47,4065,4112,DEM,0.08275306902797344
2020,86851,MDB,PARTIDO:MDB,GUAÍBA,102,0,102,3708,3810,MDB,0.07667538740189173
2020,86851,PATRIOTA,PARTIDO:PATRIOTA,GUAÍBA,149,0,149,737,886,PATRIOTA,0.017830549406319177
2020,86851,PC do B,PARTIDO:PC do B,GUAÍBA,8,0,8,142,150,PC DO B,0.0030187160394445564
2020,86851,PDT,PARTIDO:PDT,GUAÍBA,611,0,611,3652,4263,PDT,0.08579190984101429
2020,86851,PL,PARTIDO:PL,GUAÍBA,31,0,31,760,791,PL,0.01591869591467096
2020,86851,PODE,PARTIDO:PODE,GUAÍBA,23,0,23,1345,1368,PODE,0.027530690279734354
2020,86851,PP,PARTIDO:PP,GUAÍBA,113,0,113,4548,4661,PP,0.09380156973234051
2020,86851,PROS,PARTIDO:PROS,GUAÍBA,20,0,20,65,85,PROS,0.0017106057556852486
2020,86851,PRTB,PARTIDO:PRTB,GUAÍBA,17,0,17,1517,1534,PRTB,0.03087140269671966
2020,86851,PSB,PARTIDO:PSB,GUAÍBA,11,0,11,88,99,PSB,0.0019923525860334073
2020,86851,PSD,PARTIDO:PSD,GUAÍBA,16,0,16,772,788,PSD,0.01585832159388207
2020,86851,PSDB,PARTIDO:PSDB,GUAÍBA,46,0,46,2801,2847,PSDB,0.057295230428657674
2020,86851,PSL,PARTIDO:PSL,GUAÍBA,96,0,96,2332,2428,PSL,0.04886295029180922
2020,86851,PSOL,PARTIDO:PSOL,GUAÍBA,117,0,117,1656,1773,PSOL,0.035681223586234656
2020,86851,PT,PARTIDO:PT,GUAÍBA,253,0,253,2051,2304,PT,0.04636747836586838
2020,86851,PTB,PARTIDO:PTB,GUAÍBA,687,0,687,11173,11860,PTB,0.23867981485208292
2020,86851,REPUBLICANOS,PARTIDO:REPUBLICANOS,GUAÍBA,39,0,39,2368,2407,REPUBLICANOS,0.04844033004628698
2020,86851,SOLIDARIEDADE,PARTIDO:SOLIDARIEDADE,GUAÍBA,36,0,36,3268,3304,SOLIDARIEDADE,0.06649225196216542
2020,86860,PDT,PARTIDO:PDT,LAJEADO DO BUGRE,9,0,9,203,212,PDT,0.1162280701754386
2020,86860,PP,PARTIDO:PP,LAJEADO DO BUGRE,50,0,50,828,878,PP,0.48135964912280704
2020,86860,PT,PARTIDO:PT,LAJEADO DO BUGRE,22,0,22,449,471,PT,0.2582236842105263
2020,86860,PTB,PARTIDO:PTB,LAJEADO DO BUGRE,4,0,4,259,263,PTB,0.14418859649122806
2020,86878,MDB,PARTIDO:MDB,GUAPORÉ,54,0,54,2869,2923,MDB,0.2013640121245522
2020,86878,PDT,PARTIDO:PDT,GUAPORÉ,287,0,287,2875,3162,PDT,0.21782860292091485
2020,86878,PP,PARTIDO:PP,GUAPORÉ,301,0,301,4531,4832,PP,0.33287406999173325
2020,86878,PT,PARTIDO:PT,GUAPORÉ,39,0,39,1082,1121,PT,0.07722513089005235
2020,86878,PTB,PARTIDO:PTB,GUAPORÉ,148,0,148,2330,2478,PTB,0.17070818407274732
2020,86886,MDB,PARTIDO:MDB,LAGOA DOS TRÊS CANTOS,8,0,8,124,132,MDB,0.0907840440165062
2020,86886,PP,PARTIDO:PP,LAGOA DOS TRÊS CANTOS,26,0,26,611,637,PP,0.43810178817056394
2020,86886,PTB,PARTIDO:PTB,LAGOA DOS TRÊS CANTOS,21,0,21,664,685,PTB,0.47111416781292986
2020,86894,MDB,PARTIDO:MDB,GUARANI DAS MISSÕES,81,0,81,1503,1584,MDB,0.3154750049790878
2020,86894,PDT,PARTIDO:PDT,GUARANI DAS MISSÕES,92,0,92,507,599,PDT,0.11929894443337981
2020,86894,PP,PARTIDO:PP,GUARANI DAS MISSÕES,37,0,37,1087,1124,PP,0.22385978888667596
2020,86894,PT,PARTIDO:PT,GUARANI DAS MISSÕES,18,0,18,798,816,PT,0.16251742680740888
2020,86894,PTB,PARTIDO:PTB,GUARANI DAS MISSÕES,26,0,26,872,898,PTB,0.17884883489344752
2020,86908,MDB,PARTIDO:MDB,LINDOLFO COLLOR,60,0,60,664,724,MDB,0.19042609153077328
2020,86908,PDT,PARTIDO:PDT,LINDOLFO COLLOR,14,0,14,117,131,PDT,0.03445554971067859
2020,86908,PL,PARTIDO:PL,LINDOLFO COLLOR,3,0,3,395,398,PL,0.10468174644923724
2020,86908,PP,PARTIDO:PP,LINDOLFO COLLOR,51,0,51,594,645,PP,0.16964755391899
2020,86908,PSL,PARTIDO:PSL,LINDOLFO COLLOR,8,0,8,586,594,PSL,0.156233561283535
2020,86908,PT,PARTIDO:PT,LINDOLFO COLLOR,51,0,51,755,806,PT,0.21199368753287742
2020,86908,PTB,PARTIDO:PTB,LINDOLFO COLLOR,11,0,11,230,241,PTB,0.063387690689111
2020,86908,REPUBLICANOS,PARTIDO:REPUBLICANOS,LINDOLFO COLLOR,2,0,2,261,263,REPUBLICANOS,0.06917411888479748
2020,86916,PDT,PARTIDO:PDT,HORIZONTINA,203,0,203,2320,2523,PDT,0.21564102564102564
2020,86916,PP,PARTIDO:PP,HORIZONTINA,197,0,197,2770,2967,PP,0.25358974358974357
2020,86916,PRTB,PARTIDO:PRTB,HORIZONTINA,14,0,14,148,162,PRTB,0.013846153846153847
2020,86916,PSB,PARTIDO:PSB,HORIZONTINA,25,0,25,1596,1621,PSB,0.13854700854700855
2020,86916,PT,PARTIDO:PT,HORIZONTINA,14,0,14,1049,1063,PT,0.09085470085470085
2020,86916,PTB,PARTIDO:PTB,HORIZONTINA,48,0,48,2621,2669,PTB,0.22811965811965812
2020,86916,SOLIDARIEDADE,PARTIDO:SOLIDARIEDADE,HORIZONTINA,13,0,13,682,695,SOLIDARIEDADE,0.0594017094017094
2020,86924,MDB,PARTIDO:MDB,LINHA NOVA,14,0,14,237,251,MDB,0.20692497938994228
2020,86924,PDT,PARTIDO:PDT,LINHA NOVA,7,0,7,285,292,PDT,0.2407254740313273
2020,86924,PSB,PARTIDO:PSB,LINHA NOVA,1,0,1,171,172,PSB,0.14179719703215168
2020,86924,PT,PARTIDO:PT,LINHA NOVA,18,0,18,347,365,PT,0.3009068425391591
2020,86924,PTB,PARTIDO:PTB,LINHA NOVA,1,0,1,132,133,PTB,0.10964550700741962
2020,86932,MDB,PARTIDO:MDB,CHARQUEADAS,36,0,36,2809,2845,MDB,0.14883599267590897
2020,86932,PC do B,PARTIDO:PC do B,CHARQUEADAS,8,0,8,284,292,PC DO B,0.015275961286947424
2020,86932,PDT,PARTIDO:PDT,CHARQUEADAS,197,0,197,3417,3614,PDT,0.18906617839393147
2020,86932,PL,PARTIDO:PL,CHARQUEADAS,78,0,78,1146,1224,PL,0.06403348155898508
2020,86932,PODE,PARTIDO:PODE,CHARQUEADAS,3,0,3,206,209,PODE,0.010933821606068532
2020,86932,PP,PARTIDO:PP,CHARQUEADAS,32,0,32,1024,1056,PP,0.0552445723253989
2020,86932,PSB,PARTIDO:PSB,CHARQUEADAS,12,0,12,243,255,PSB,0.013340308658121894
2020,86932,PSDB,PARTIDO:PSDB,CHARQUEADAS,11,0,11,1465,1476,PSDB,0.07721684540936437
2020,86932,PSOL,PARTIDO:PSOL,CHARQUEADAS,3,0,3,200,203,PSOL,0.01061993199058331
2020,86932,PT,PARTIDO:PT,CHARQUEADAS,118,0,118,1870,1988,PT,0.10400209259743656
2020,86932,PTB,PARTIDO:PTB,CHARQUEADAS,22,0,22,1340,1362,PTB,0.07125294271514518
2020,86932,PV,PARTIDO:PV,CHARQUEADAS,6,0,6,63,69,PV,0.003609730578080042
2020,86932,REDE,PARTIDO:REDE,CHARQUEADAS,29,0,29,1546,1575,REDE,0.08239602406487052
2020,86932,REPUBLICANOS,PARTIDO:REPUBLICANOS,CHARQUEADAS,190,0,190,2757,2947,REPUBLICANOS,0.15417211613915774
2020,86940,PDT,PARTIDO:PDT,MANOEL VIANA,147,0,147,1752,1899,PDT,0.4392782789729355
2020,86940,PP,PARTIDO:PP,MANOEL VIANA,107,0,107,1238,1345,PP,0.3111265325005783
2020,86940,PT,PARTIDO:PT,MANOEL VIANA,13,0,13,447,460,PT,0.10640758732361785
2020,86940,PTB,PARTIDO:PTB,MANOEL VIANA,15,0,15,604,619,PTB,0.1431876012028684
2020,86959,MDB,PARTIDO:MDB,HUMAITÁ,62,0,62,1591,1653,MDB,0.4523809523809524
2020,86959,PP,PARTIDO:PP,HUMAITÁ,53,0,53,975,1028,PP,0.2813355227148331
2020,86959,PSL,PARTIDO:PSL,HUMAITÁ,10,0,10,66,76,PSL,0.02079912424740011
2020,86959,PTB,PARTIDO:PTB,HUMAITÁ,10,0,10,697,707,PTB,0.19348659003831417
2020,86959,REPUBLICANOS,PARTIDO:REPUBLICANOS,HUMAITÁ,4,0,4,186,190,REPUBLICANOS,0.05199781061850027
2020,86967,MDB,PARTIDO:MDB,MAQUINÉ,18,0,18,575,593,MDB,0.12598257913745486
2020,86967,PDT,PARTIDO:PDT,MAQUINÉ,111,0,111,1921,2032,PDT,0.4316974718504355
2020,86967,PP,PARTIDO:PP,MAQUINÉ,90,0,90,1673,1763,PP,0.3745485447206289
2020,86967,PSB,PARTIDO:PSB,MAQUINÉ,3,0,3,316,319,PSB,0.06777140429148078
2020,86975,PDT,PARTIDO:PDT,IBIAÇÁ,77,0,77,1199,1276,PDT,0.3686795723779255
2020,86975,PP,PARTIDO:PP,IBIAÇÁ,66,0,66,1522,1588,PP,0.45882692863334296
2020,86975,PT,PARTIDO:PT,IBIAÇÁ,10,0,10,587,597,PT,0.1724934989887316
2020,86983,PSD,PARTIDO:PSD,MARATÁ,2,0,2,609,611,PSD,0.2929050814956855
2020,86983,PSDB,PARTIDO:PSDB,MARATÁ,5,0,5,362,367,PSDB,0.17593480345158197
2020,86983,PSL,PARTIDO:PSL,MARATÁ,7,0,7,173,180,PSL,0.0862895493767977
2020,86983,PTB,PARTIDO:PTB,MARATÁ,27,0,27,665,692,PTB,0.3317353787152445
2020,86983,REPUBLICANOS,PARTIDO:REPUBLICANOS,MARATÁ,13,0,13,223,236,REPUBLICANOS,0.11313518696069032
2020,86991,MDB,PARTIDO:MDB,IBIRAIARAS,113,0,113,1784,1897,MDB,0.4051687313114054
2020,86991,PP,PARTIDO:PP,IBIRAIARAS,25,0,25,1133,1158,PP,0.2473302007689022
2020,86991,PT,PARTIDO:PT,IBIRAIARAS,9,0,9,296,305,PT,0.06514310123878685
2020,86991,PTB,PARTIDO:PTB,IBIRAIARAS,76,0,76,1246,1322,PTB,0.28235796668090557
2020,87009,MDB,PARTIDO:MDB,MARIANA PIMENTEL,63,0,63,1036,1099,MDB,0.3932021466905188
2020,87009,PDT,PARTIDO:PDT,MARIANA PIMENTEL,17,0,17,77,94,PDT,0.03363148479427549
2020,87009,PP,PARTIDO:PP,MARIANA PIMENTEL,16,0,16,317,333,PP,0.11914132379248658
2020,87009,PSB,PARTIDO:PSB,MARIANA PIMENTEL,6,0,6,612,618,PSB,0.22110912343470482
2020,87009,PSL,PARTIDO:PSL,MARIANA PIMENTEL,3,0,3,23,26,PSL,0.009302325581395349
2020,87009,PTB,PARTIDO:PTB,MARIANA PIMENTEL,31,0,31,594,625,PTB,0.22361359570661896
2020,87017,DEM,PARTIDO:DEM,IBIRUBÁ,16,0,16,1038,1054,DEM,0.08120810540103243
2020,87017,MDB,PARTIDO:MDB,IBIRUBÁ,123,0,123,1664,1787,MDB,0.13768395099776562
2020,87017,PDT,PARTIDO:PDT,IBIRUBÁ,40,0,40,642,682,PDT,0.05254642114184452
2020,87017,PL,PARTIDO:PL,IBIRUBÁ,6,0,6,434,440,PL,0.03390091686570614
2020,87017,PP,PARTIDO:PP,IBIRUBÁ,51,0,51,3760,3811,PP,0.2936281685800139
2020,87017,PSB,PARTIDO:PSB,IBIRUBÁ,10,0,10,721,731,PSB,0.056321750520070886
2020,87017,PT,PARTIDO:PT,IBIRUBÁ,11,0,11,766,777,PT,0.0598659372833038
2020,87017,PTB,PARTIDO:PTB,IBIRUBÁ,8,0,8,721,729,PTB,0.056167655443408585
2020,87017,REPUBLICANOS,PARTIDO:REPUBLICANOS,IBIRUBÁ,116,0,116,2852,2968,REPUBLICANOS,0.22867709376685416
2020,87025,MDB,PARTIDO:MDB,MATO CASTELHANO,28,0,28,570,598,MDB,0.24548440065681446
2020,87025,PDT,PARTIDO:PDT,MATO CASTELHANO,22,0,22,592,614,PDT,0.25205254515599346
2020,87025,PP,PARTIDO:PP,MATO CASTELHANO,55,0,55,755,810,PP,0.33251231527093594
2020,87025,PTB,PARTIDO:PTB,MATO CASTELHANO,8,0,8,406,414,PTB,0.16995073891625614
2020,87033,MDB,PARTIDO:MDB,IGREJINHA,291,0,291,2788,3079,MDB,0.15103502403610322
2020,87033,PATRIOTA,PARTIDO:PATRIOTA,IGREJINHA,9,0,9,825,834,PATRIOTA,0.040910428725596
2020,87033,PDT,PARTIDO:PDT,IGREJINHA,48,0,48,1899,1947,PDT,0.09550672029824389
2020,87033,PP,PARTIDO:PP,IGREJINHA,449,0,449,6104,6553,PP,0.3214460904542333
2020,87033,PSB,PARTIDO:PSB,IGREJINHA,39,0,39,4332,4371,PSB,0.21441185127047974
2020,87033,PSL,PARTIDO:PSL,IGREJINHA,25,0,25,1635,1660,PSL,0.08142843127636613
2020,87033,PT,PARTIDO:PT,IGREJINHA,32,0,32,535,567,PT,0.02781320514078289
2020,87033,PTB,PARTIDO:PTB,IGREJINHA,31,0,31,1344,1375,PTB,0.06744824879819485
2020,87041,MDB,PARTIDO:MDB,MATO LEITÃO,10,0,10,676,686,MDB,0.21127194333230676
2020,87041,PDT,PARTIDO:PDT,MATO LEITÃO,14,0,14,687,701,PDT,0.21589159223898985
2020,87041,PP,PARTIDO:PP,MATO LEITÃO,22,0,22,707,729,PP,0.2245149368647983
2020,87041,PSDB,PARTIDO:PSDB,MATO LEITÃO,72,0,72,1059,1131,PSDB,0.34832152756390516
2020,87050,MDB,PARTIDO:MDB,IJUÍ,70,0,70,3340,3410,MDB,0.07253930098491779
2020,87050,PATRIOTA,PARTIDO:PATRIOTA,IJUÍ,32,0,32,266,298,PATRIOTA,0.006339211640324193
2020,87050,PC do B,PARTIDO:PC do B,IJUÍ,27,0,27,2299,2326,PC DO B,0.04947988683018145
2020,87050,PDT,PARTIDO:PDT,IJUÍ,804,0,804,15283,16087,PDT,0.3422110659660916
2020,87050,PL,PARTIDO:PL,IJUÍ,50,0,50,4224,4274,PL,0.09091876023740135
2020,87050,PP,PARTIDO:PP,IJUÍ,783,0,783,10245,11028,PP,0.23459337573656108
2020,87050,PRTB,PARTIDO:PRTB,IJUÍ,8,0,8,717,725,PRTB,0.015422578655151141
2020,87050,PSB,PARTIDO:PSB,IJUÍ,30,0,30,2860,2890,PSB,0.061477589397774896
2020,87050,PSD,PARTIDO:PSD,IJUÍ,26,0,26,1341,1367,PSD,0.029079537960816013
2020,87050,PSDB,PARTIDO:PSDB,IJUÍ,24,0,24,228,252,PSDB,0.005360675615307707
2020,87050,PSL,PARTIDO:PSL,IJUÍ,14,0,14,283,297,PSL,0.006317939118041226
2020,87050,PT,PARTIDO:PT,IJUÍ,112,0,112,3943,4055,PT,0.08626007785743156
2020,87068,DEM,PARTIDO:DEM,MINAS DO LEÃO,7,0,7,53,60,DEM,0.011930801352157487
2020,87068,PDT,PARTIDO:PDT,MINAS DO LEÃO,16,0,16,853,869,PDT,0.17279777291708093
2020,87068,PP,PARTIDO:PP,MINAS DO LEÃO,113,0,113,2850,2963,PP,0.5891827401073773
2020,87068,PSDB,PARTIDO:PSDB,MINAS DO LEÃO,6,0,6,888,894,PSDB,0.17776894014714656
2020,87068,PSL,PARTIDO:PSL,MINAS DO LEÃO,17,0,17,191,208,PSL,0.041360111354145954
2020,87068,REPUBLICANOS,PARTIDO:REPUBLICANOS,MINAS DO LEÃO,6,0,6,29,35,REPUBLICANOS,0.006959634122091867
2020,87076,MDB,PARTIDO:MDB,ILÓPOLIS,63,0,63,1670,1733,MDB,0.5449685534591195
2020,87076,PP,PARTIDO:PP,ILÓPOLIS,38,0,38,1409,1447,PP,0.4550314465408805
2020,87084,MDB,PARTIDO:MDB,MONTE BELO DO SUL,55,0,55,1661,1716,MDB,0.6532165968785687
2020,87084,PDT,PARTIDO:PDT,MONTE BELO DO SUL,5,0,5,200,205,PDT,0.07803578226113438
2020,87084,PSB,PARTIDO:PSB,MONTE BELO DO SUL,1,0,1,90,91,PSB,0.034640274076893796
2020,87084,PTB,PARTIDO:PTB,MONTE BELO DO SUL,37,0,37,578,615,PTB,0.23410734678340311
2020,87092,MDB,PARTIDO:MDB,INDEPENDÊNCIA,83,0,83,1512,1595,MDB,0.35420830557406174
2020,87092,PDT,PARTIDO:PDT,INDEPENDÊNCIA,16,0,16,166,182,PDT,0.04041749944481457
2020,87092,PSB,PARTIDO:PSB,INDEPENDÊNCIA,16,0,16,419,435,PSB,0.0966022651565623
2020,87092,PT,PARTIDO:PT,INDEPENDÊNCIA,4,0,4,176,180,PT,0.039973351099267154
2020,87092,PTB,PARTIDO:PTB,INDEPENDÊNCIA,110,0,110,1825,1935,PTB,0.4297135243171219
2020,87092,REPUBLICANOS,PARTIDO:REPUBLICANOS,INDEPENDÊNCIA,2,0,2,174,176,REPUBLICANOS,0.03908505440817233
2020,87106,MDB,PARTIDO:MDB,MORMAÇO,8,0,8,364,372,MDB,0.15663157894736843
2020,87106,PL,PARTIDO:PL,MORMAÇO,5,0,5,368,373,PL,0.15705263157894736
2020,87106,PODE,PARTIDO:PODE,MORMAÇO,0,0,0,27,27,PODE,0.01136842105263158
2020,87106,PP,PARTIDO:PP,MORMAÇO,38,0,38,875,913,PP,0.38442105263157894
2020,87106,PSB,PARTIDO:PSB,MORMAÇO,27,0,27,464,491,PSB,0.20673684210526316
2020,87106,PSDB,PARTIDO:PSDB,MORMAÇO,5,0,5,194,199,PSDB,0.08378947368421052
2020,87114,MDB,PARTIDO:MDB,IRAÍ,43,0,43,957,1000,MDB,0.2007628990162618
2020,87114,PDT,PARTIDO:PDT,IRAÍ,14,0,14,438,452,PDT,0.09074483035535033
2020,87114,PP,PARTIDO:PP,IRAÍ,87,0,87,1843,1930,PP,0.38747239510138526
2020,87114,PT,PARTIDO:PT,IRAÍ,14,0,14,657,671,PT,0.13471190523991167
2020,87114,PTB,PARTIDO:PTB,IRAÍ,70,0,70,858,928,PTB,0.18630797028709095
2020,87122,CIDADANIA,PARTIDO:CIDADANIA,MORRINHOS DO SUL,3,0,3,204,207,CIDADANIA,0.0716759002770083
2020,87122,MDB,PARTIDO:MDB,MORRINHOS DO SUL,45,0,45,1397,1442,MDB,0.49930747922437674
2020,87122,PP,PARTIDO:PP,MORRINHOS DO SUL,38,0,38,1201,1239,PP,0.42901662049861494
2020,87130,MDB,PARTIDO:MDB,ITAQUI,49,0,49,2454,2503,MDB,0.13353606487409303
2020,87130,PDT,PARTIDO:PDT,ITAQUI,266,0,266,3686,3952,PDT,0.21084080239009817
2020,87130,PL,PARTIDO:PL,ITAQUI,236,0,236,3662,3898,PL,0.20795988049509176
2020,87130,PP,PARTIDO:PP,ITAQUI,228,0,228,3466,3694,PP,0.19707639778062314
2020,87130,PSB,PARTIDO:PSB,ITAQUI,35,0,35,1776,1811,PSB,0.09661758429364063
2020,87130,PT,PARTIDO:PT,ITAQUI,25,0,25,1173,1198,PT,0.06391378574477166
2020,87130,PTB,PARTIDO:PTB,ITAQUI,43,0,43,1645,1688,PTB,0.09005548442168161
2020,87149,PDT,PARTIDO:PDT,MORRO REUTER,22,0,22,525,547,PDT,0.13492846571287617
2020,87149,PP,PARTIDO:PP,MORRO REUTER,20,0,20,1191,1211,PP,0.2987173162308831
2020,87149,PTB,PARTIDO:PTB,MORRO REUTER,166,0,166,1699,1865,PTB,0.4600394671928959
2020,87149,SOLIDARIEDADE,PARTIDO:SOLIDARIEDADE,MORRO REUTER,6,0,6,425,431,SOLIDARIEDADE,0.10631475086334484
2020,87157,MDB,PARTIDO:MDB,ITATIBA DO SUL,27,0,27,641,668,MDB,0.21280662631411276
2020,87157,PL,PARTIDO:PL,ITATIBA DO SUL,44,0,44,541,585,PL,0.18636508442179037
2020,87157,PT,PARTIDO:PT,ITATIBA DO SUL,89,0,89,1797,1886,PT,0.6008282892640968
2020,87165,MDB,PARTIDO:MDB,MULITERNO,6,0,6,326,332,MDB,0.17016914402870323
2020,87165,PDT,PARTIDO:PDT,MULITERNO,46,0,46,435,481,PDT,0.24654023577652487
2020,87165,PL,PARTIDO:PL,MULITERNO,4,0,4,234,238,PL,0.12198872373141978
2020,87165,PP,PARTIDO:PP,MULITERNO,12,0,12,574,586,PP,0.30035879036391594
2020,87165,PTB,PARTIDO:PTB,MULITERNO,15,0,15,299,314,PTB,0.16094310609943618
2020,87173,MDB,PARTIDO:MDB,IVOTI,23,0,23,1716,1739,MDB,0.1465284799460735
2020,87173,PP,PARTIDO:PP,IVOTI,310,0,310,4956,5266,PP,0.4437141894169194
2020,87173,PSL,PARTIDO:PSL,IVOTI,7,0,7,90,97,PSL,0.008173238961914391
2020,87173,PT,PARTIDO:PT,IVOTI,71,0,71,1415,1486,PT,0.12521065048870914
2020,87173,REPUBLICANOS,PARTIDO:REPUBLICANOS,IVOTI,143,0,143,3137,3280,REPUBLICANOS,0.2763734411863836
2020,87181,MDB,PARTIDO:MDB,NICOLAU VERGUEIRO,30,0,30,920,950,MDB,0.46206225680933855
2020,87181,PP,PARTIDO:PP,NICOLAU VERGUEIRO,15,0,15,638,653,PP,0.31760700389105057
2020,87181,PSB,PARTIDO:PSB,NICOLAU VERGUEIRO,19,0,19,434,453,PSB,0.2203307392996109
2020,87190,MDB,PARTIDO:MDB,JACUTINGA,4,0,4,217,221,MDB,0.08513097072419107
2020,87190,PP,PARTIDO:PP,JACUTINGA,49,0,49,1272,1321,PP,0.5088597842835131
2020,87190,PSDB,PARTIDO:PSDB,JACUTINGA,30,0,30,242,272,PSDB,0.10477657935285054
2020,87190,PT,PARTIDO:PT,JACUTINGA,9,0,9,495,504,PT,0.1941448382126348
2020,87190,PTB,PARTIDO:PTB,JACUTINGA,6,0,6,272,278,PTB,0.10708782742681047
2020,87203,MDB,PARTIDO:MDB,NOVA BOA VISTA,21,0,21,476,497,MDB,0.26634512325830656
2020,87203,PDT,PARTIDO:PDT,NOVA BOA VISTA,8,0,8,471,479,PDT,0.2566988210075027
2020,87203,PP,PARTIDO:PP,NOVA BOA VISTA,9,0,9,450,459,PP,0.2459807073954984
2020,87203,PT,PARTIDO:PT,NOVA BOA VISTA,2,0,2,156,158,PT,0.08467309753483387
2020,87203,PTB,PARTIDO:PTB,NOVA BOA VISTA,16,0,16,257,273,PTB,0.14630225080385853
2020,87211,CIDADANIA,PARTIDO:CIDADANIA,JAGUARÃO,21,0,21,1032,1053,CIDADANIA,0.07897105144742762
2020,87211,MDB,PARTIDO:MDB,JAGUARÃO,473,1254,1727,1921,3648,MDB,0.2735863206839658
2020,87211,PDT,PARTIDO:PDT,JAGUARÃO,45,0,45,673,718,PDT,0.05384730763461827
2020,87211,PP,PARTIDO:PP,JAGUARÃO,51,0,51,2361,2412,PP,0.1808909554522274
2020,87211,PSB,PARTIDO:PSB,JAGUARÃO,110,0,110,1749,1859,PSB,0.13941802909854506
2020,87211,PSDB,PARTIDO:PSDB,JAGUARÃO,21,0,21,574,595,PSDB,0.04462276886155692
2020,87211,PT,PARTIDO:PT,JAGUARÃO,220,0,220,2829,3049,PT,0.22866356682165892
2020,87220,MDB,PARTIDO:MDB,NOVA PÁDUA,26,0,26,394,420,MDB,0.20537897310513448
2020,87220,PDT,PARTIDO:PDT,NOVA PÁDUA,4,0,4,150,154,PDT,0.07530562347188265
2020,87220,PP,PARTIDO:PP,NOVA PÁDUA,31,0,31,905,936,PP,0.45770171149144256
2020,87220,PSDB,PARTIDO:PSDB,NOVA PÁDUA,2,0,2,328,330,PSDB,0.16136919315403422
2020,87220,REPUBLICANOS,PARTIDO:REPUBLICANOS,NOVA PÁDUA,3,0,3,202,205,REPUBLICANOS,0.10024449877750612
2020,87238,MDB,PARTIDO:MDB,JAGUARI,161,0,161,3234,3395,MDB,0.48306772908366535
2020,87238,PDT,PARTIDO:PDT,JAGUARI,31,0,31,1671,1702,PDT,0.24217416050085372
2020,87238,PP,PARTIDO:PP,JAGUARI,101,0,101,1439,1540,PP,0.21912350597609562
2020,87238,PT,PARTIDO:PT,JAGUARI,12,0,12,379,391,PT,0.05563460443938532
2020,87246,AVANTE,PARTIDO:AVANTE,NOVA SANTA RITA,4,0,4,232,236,AVANTE,0.017974105102817974
2020,87246,DEM,PARTIDO:DEM,NOVA SANTA RITA,22,0,22,129,151,DEM,0.0115003808073115
2020,87246,MDB,PARTIDO:MDB,NOVA SANTA RITA,28,0,28,2512,2540,MDB,0.19345011424219344
2020,87246,PDT,PARTIDO:PDT,NOVA SANTA RITA,53,0,53,1384,1437,PDT,0.10944402132520945
2020,87246,PP,PARTIDO:PP,NOVA SANTA RITA,186,0,186,1044,1230,PP,0.09367859862909368
2020,87246,PRTB,PARTIDO:PRTB,NOVA SANTA RITA,102,0,102,1717,1819,PRTB,0.13853769992383855
2020,87246,PT,PARTIDO:PT,NOVA SANTA RITA,207,0,207,2579,2786,PT,0.2121858339680122
2020,87246,PTB,PARTIDO:PTB,NOVA SANTA RITA,26,0,26,1084,1110,PTB,0.08453922315308454
2020,87246,REDE,PARTIDO:REDE,NOVA SANTA RITA,7,0,7,32,39,REDE,0.0029702970297029703
2020,87246,REPUBLICANOS,PARTIDO:REPUBLICANOS,NOVA SANTA RITA,21,0,21,1384,1405,REPUBLICANOS,0.107006854531607
2020,87246,SOLIDARIEDADE,PARTIDO:SOLIDARIEDADE,NOVA SANTA RITA,12,0,12,365,377,SOLIDARIEDADE,0.028712871287128714
2020,87254,DEM,PARTIDO:DEM,JÚLIO DE CASTILHOS,12,0,12,745,757,DEM,0.06413080311758726
2020,87254,MDB,PARTIDO:MDB,JÚLIO DE CASTILHOS,54,0,54,2518,2572,MDB,0.21789223991867163
2020,87254,PDT,PARTIDO:PDT,JÚLIO DE CASTILHOS,25,0,25,672,697,PDT,0.05904778041341918
2020,87254,PP,PARTIDO:PP,JÚLIO DE CASTILHOS,38,0,38,1844,1882,PP,0.15943747882073872
2020,87254,PSB,PARTIDO:PSB,JÚLIO DE CASTILHOS,200,0,200,2801,3001,PSB,0.2542358522534734
2020,87254,PSD,PARTIDO:PSD,JÚLIO DE CASTILHOS,18,0,18,960,978,PSD,0.08285327007793968
2020,87254,PSDB,PARTIDO:PSDB,JÚLIO DE CASTILHOS,192,0,192,1030,1222,PSDB,0.10352422907488987
2020,87254,PT,PARTIDO:PT,JÚLIO DE CASTILHOS,23,0,23,672,695,PT,0.05887834632328024
2020,87262,PC do B,PARTIDO:PC do B,NOVO BARREIRO,6,0,6,470,476,PC DO B,0.14655172413793102
2020,87262,PDT,PARTIDO:PDT,NOVO BARREIRO,16,0,16,367,383,PDT,0.11791871921182266
2020,87262,PP,PARTIDO:PP,NOVO BARREIRO,57,0,57,757,814,PP,0.25061576354679804
2020,87262,PSB,PARTIDO:PSB,NOVO BARREIRO,6,0,6,176,182,PSB,0.05603448275862069
2020,87262,PSDB,PARTIDO:PSDB,NOVO BARREIRO,5,0,5,110,115,PSDB,0.0354064039408867
2020,87262,PT,PARTIDO:PT,NOVO BARREIRO,9,0,9,563,572,PT,0.17610837438423646
2020,87262,PTB,PARTIDO:PTB,NOVO BARREIRO,68,0,68,638,706,PTB,0.21736453201970443
2020,87270,DEM,PARTIDO:DEM,LAGOA VERMELHA,47,0,47,2692,2739,DEM,0.18356678506802493
2020,87270,MDB,PARTIDO:MDB,LAGOA VERMELHA,46,0,46,1315,1361,MDB,0.09121372562160714
2020,87270,PDT,PARTIDO:PDT,LAGOA VERMELHA,175,0,175,2865,3040,PDT,0.20373969573084913
2020,87270,PP,PARTIDO:PP,LAGOA VERMELHA,418,0,418,4402,4820,PP,0.3230346491522016
2020,87270,PSB,PARTIDO:PSB,LAGOA VERMELHA,12,0,12,239,251,PSB,0.016821928825145768
2020,87270,PSDB,PARTIDO:PSDB,LAGOA VERMELHA,18,0,18,576,594,PSDB,0.039809664231619864
2020,87270,PTB,PARTIDO:PTB,LAGOA VERMELHA,50,0,50,1841,1891,PTB,0.1267341331009986
2020,87270,REPUBLICANOS,PARTIDO:REPUBLICANOS,LAGOA VERMELHA,14,0,14,211,225,REPUBLICANOS,0.01507941826955298
2020,87289,MDB,PARTIDO:MDB,NOVO MACHADO,9,0,9,669,678,MDB,0.23460207612456746
2020,87289,PDT,PARTIDO:PDT,NOVO MACHADO,9,0,9,175,184,PDT,0.06366782006920416
2020,87289,PP,PARTIDO:PP,NOVO MACHADO,45,0,45,907,952,PP,0.32941176470588235
2020,87289,PT,PARTIDO:PT,NOVO MACHADO,50,0,50,1026,1076,PT,0.372318339100346
2020,87297,MDB,PARTIDO:MDB,LAJEADO,453,0,453,12897,13350,MDB,0.3501547500393432
2020,87297,PL,PARTIDO:PL,LAJEADO,15,0,15,97,112,PL,0.00293762786549861
2020,87297,PODE,PARTIDO:PODE,LAJEADO,13,0,13,757,770,PODE,0.020196191575302943
2020,87297,PP,PARTIDO:PP,LAJEADO,868,0,868,13128,13996,PP,0.3670985679064156
2020,87297,PSB,PARTIDO:PSB,LAJEADO,0,0,0,0,0,PSB,0.0
2020,87297,PSDB,PARTIDO:PSDB,LAJEADO,66,0,66,6244,6310,PSDB,0.16550385563657347
2020,87297,PSL,PARTIDO:PSL,LAJEADO,32,0,32,125,157,PSL,0.004117924775743587
2020,87297,PT,PARTIDO:PT,LAJEADO,149,0,149,3282,3431,PT,0.08999108220112259
2020,87300,MDB,PARTIDO:MDB,NOVO TIRADENTES,29,0,29,539,568,MDB,0.33950986252241483
2020,87300,PP,PARTIDO:PP,NOVO TIRADENTES,20,0,20,373,393,PP,0.2349073520621638
2020,87300,PSB,PARTIDO:PSB,NOVO TIRADENTES,7,0,7,571,578,PSB,0.34548714883442916
2020,87300,PT,PARTIDO:PT,NOVO TIRADENTES,2,0,2,132,134,PT,0.08009563658099222
2020,87319,DEM,PARTIDO:DEM,LAVRAS DO SUL,6,0,6,247,253,DEM,0.05814755228683061
2020,87319,MDB,PARTIDO:MDB,LAVRAS DO SUL,10,0,10,356,366,MDB,0.08411859342679844
2020,87319,PDT,PARTIDO:PDT,LAVRAS DO SUL,125,0,125,883,1008,PDT,0.2316708802574121
2020,87319,PP,PARTIDO:PP,LAVRAS DO SUL,103,0,103,1528,1631,PP,0.3748563548609515
2020,87319,PSB,PARTIDO:PSB,LAVRAS DO SUL,1,0,1,202,203,PSB,0.04665594116295105
2020,87319,PT,PARTIDO:PT,LAVRAS DO SUL,11,0,11,343,354,PT,0.08136060675706734
2020,87319,PTB,PARTIDO:PTB,LAVRAS DO SUL,8,0,8,528,536,PTB,0.12319007124798897
2020,87327,MDB,PARTIDO:MDB,PARECI NOVO,34,0,34,612,646,MDB,0.23005698005698005
2020,87327,PDT,PARTIDO:PDT,PARECI NOVO,44,0,44,928,972,PDT,0.34615384615384615
2020,87327,PP,PARTIDO:PP,PARECI NOVO,4,0,4,547,551,PP,0.1962250712250712
2020,87327,REPUBLICANOS,PARTIDO:REPUBLICANOS,PARECI NOVO,12,0,12,627,639,REPUBLICANOS,0.22756410256410256
2020,87335,MDB,PARTIDO:MDB,LIBERATO SALZANO,17,0,17,732,749,MDB,0.19720905739863087
2020,87335,PDT,PARTIDO:PDT,LIBERATO SALZANO,26,0,26,406,432,PDT,0.11374407582938388
2020,87335,PP,PARTIDO:PP,LIBERATO SALZANO,118,0,118,1540,1658,PP,0.4365455502896261
2020,87335,PSB,PARTIDO:PSB,LIBERATO SALZANO,58,0,58,458,516,PSB,0.1358609794628752
2020,87335,PT,PARTIDO:PT,LIBERATO SALZANO,18,0,18,425,443,PT,0.11664033701948394
2020,87343,MDB,PARTIDO:MDB,PASSO DO SOBRADO,12,0,12,372,384,MDB,0.09043805934997645
2020,87343,PDT,PARTIDO:PDT,PASSO DO SOBRADO,73,0,73,1141,1214,PDT,0.28591615638247764
2020,87343,PP,PARTIDO:PP,PASSO DO SOBRADO,85,0,85,674,759,PP,0.17875647668393782
2020,87343,PSDB,PARTIDO:PSDB,PASSO DO SOBRADO,11,0,11,151,162,PSDB,0.038153556288271315
2020,87343,PT,PARTIDO:PT,PASSO DO SOBRADO,30,0,30,630,660,PT,0.15544041450777202
2020,87343,PTB,PARTIDO:PTB,PASSO DO SOBRADO,16,0,16,1051,1067,PTB,0.25129533678756477
2020,87351,MDB,PARTIDO:MDB,MACHADINHO,77,0,77,1690,1767,MDB,0.4340456890198968
2020,87351,PP,PARTIDO:PP,MACHADINHO,37,0,37,1364,1401,PP,0.344141488577745
2020,87351,PT,PARTIDO:PT,MACHADINHO,14,0,14,203,217,PT,0.05330385654630312
2020,87351,PTB,PARTIDO:PTB,MACHADINHO,54,0,54,632,686,PTB,0.16850896585605502
2020,87360,MDB,PARTIDO:MDB,PICADA CAFÉ,12,0,12,138,150,MDB,0.04165509580672035
2020,87360,PDT,PARTIDO:PDT,PICADA CAFÉ,15,0,15,507,522,PDT,0.14495973340738683
2020,87360,PSB,PARTIDO:PSB,PICADA CAFÉ,1,0,1,222,223,PSB,0.0619272424326576
2020,87360,PSD,PARTIDO:PSD,PICADA CAFÉ,37,0,37,1020,1057,PSD,0.29352957511802275
2020,87360,PSDB,PARTIDO:PSDB,PICADA CAFÉ,6,0,6,295,301,PSDB,0.08358789225215218
2020,87360,PT,PARTIDO:PT,PICADA CAFÉ,5,0,5,119,124,PT,0.03443487920022216
2020,87360,PTB,PARTIDO:PTB,PICADA CAFÉ,62,0,62,1162,1224,PTB,0.3399055817828381
2020,87378,MDB,PARTIDO:MDB,MARAU,566,0,566,10237,10803,MDB,0.4577542372881356
2020,87378,PDT,PARTIDO:PDT,MARAU,34,0,34,429,463,PDT,0.01961864406779661
2020,87378,PP,PARTIDO:PP,MARAU,352,0,352,6574,6926,PP,0.29347457627118645
2020,87378,PSB,PARTIDO:PSB,MARAU,46,0,46,4705,4751,PSB,0.2013135593220339
2020,87378,PSDB,PARTIDO:PSDB,MARAU,44,0,44,613,657,PSDB,0.02783898305084746
2020,87386,MDB,PARTIDO:MDB,PINHAL GRANDE,46,0,46,354,400,MDB,0.12453300124533001
2020,87386,PDT,PARTIDO:PDT,PINHAL GRANDE,24,0,24,1059,1083,PDT,0.337173100871731
2020,87386,PP,PARTIDO:PP,PINHAL GRANDE,70,0,70,1364,1434,PP,0.4464508094645081
2020,87386,PT,PARTIDO:PT,PINHAL GRANDE,8,0,8,287,295,PT,0.09184308841843089
2020,87394,MDB,PARTIDO:MDB,MARCELINO RAMOS,56,0,56,944,1000,MDB,0.2968239833778569
2020,87394,PDT,PARTIDO:PDT,MARCELINO RAMOS,12,0,12,288,300,PDT,0.08904719501335707
2020,87394,PP,PARTIDO:PP,MARCELINO RAMOS,12,0,12,409,421,PP,0.12496289700207777
2020,87394,PT,PARTIDO:PT,MARCELINO RAMOS,68,0,68,987,1055,PT,0.31314930246363903
2020,87394,PTB,PARTIDO:PTB,MARCELINO RAMOS,9,0,9,584,593,PTB,0.17601662214306915
2020,87408,MDB,PARTIDO:MDB,PINHEIRINHO DO VALE,48,0,48,585,633,MDB,0.18980509745127436
2020,87408,PDT,PARTIDO:PDT,PINHEIRINHO DO VALE,60,0,60,1520,1580,PDT,0.4737631184407796
2020,87408,PL,PARTIDO:PL,PINHEIRINHO DO VALE,14,0,14,873,887,PL,0.26596701649175414
2020,87408,PT,PARTIDO:PT,PINHEIRINHO DO VALE,9,0,9,226,235,PT,0.0704647676161919
2020,87416,MDB,PARTIDO:MDB,MARIANO MORO,20,0,20,521,541,MDB,0.2668968919585594
2020,87416,PDT,PARTIDO:PDT,MARIANO MORO,16,0,16,817,833,PDT,0.41095214602861374
2020,87416,PT,PARTIDO:PT,MARIANO MORO,7,0,7,363,370,PT,0.18253576714356193
2020,87416,REPUBLICANOS,PARTIDO:REPUBLICANOS,MARIANO MORO,25,0,25,258,283,REPUBLICANOS,0.13961519486926494
2020,87424,PC do B,PARTIDO:PC do B,PONTÃO,1,0,1,305,306,PC DO B,0.1043656207366985
2020,87424,PDT,PARTIDO:PDT,PONTÃO,9,0,9,42,51,PDT,0.017394270122783082
2020,87424,PP,PARTIDO:PP,PONTÃO,35,0,35,432,467,PP,0.15927694406548432
2020,87424,PSB,PARTIDO:PSB,PONTÃO,31,0,31,426,457,PSB,0.1558663028649386
2020,87424,PSDB,PARTIDO:PSDB,PONTÃO,5,0,5,35,40,PSDB,0.013642564802182811
2020,87424,PT,PARTIDO:PT,PONTÃO,41,0,41,1144,1185,PT,0.40416098226466574
2020,87424,PTB,PARTIDO:PTB,PONTÃO,15,0,15,411,426,PTB,0.14529331514324692
2020,87432,MDB,PARTIDO:MDB,MATA,62,0,62,449,511,MDB,0.15879428216283406
2020,87432,PP,PARTIDO:PP,MATA,68,0,68,1752,1820,PP,0.5655686761963953
2020,87432,PSDB,PARTIDO:PSDB,MATA,4,0,4,213,217,PSDB,0.06743318831572405
2020,87432,PT,PARTIDO:PT,MATA,12,0,12,239,251,PT,0.07799875699192045
2020,87432,PTB,PARTIDO:PTB,MATA,5,0,5,414,419,PTB,0.13020509633312616
2020,87440,MDB,PARTIDO:MDB,PONTE PRETA,21,0,21,697,718,MDB,0.4268727705112961
2020,87440,PL,PARTIDO:PL,PONTE PRETA,6,0,6,62,68,PL,0.04042806183115339
2020,87440,PP,PARTIDO:PP,PONTE PRETA,13,0,13,385,398,PP,0.23662306777645659
2020,87440,PT,PARTIDO:PT,PONTE PRETA,27,0,27,325,352,PT,0.20927467300832342
2020,87440,REPUBLICANOS,PARTIDO:REPUBLICANOS,PONTE PRETA,18,0,18,128,146,REPUBLICANOS,0.08680142687277051
2020,87459,MDB,PARTIDO:MDB,MAXIMILIANO DE ALMEIDA,83,0,83,1171,1254,MDB,0.3548387096774194
2020,87459,PDT,PARTIDO:PDT,MAXIMILIANO DE ALMEIDA,13,0,13,166,179,PDT,0.05065082059988681
2020,87459,PP,PARTIDO:PP,MAXIMILIANO DE ALMEIDA,58,0,58,896,954,PP,0.2699490662139219
2020,87459,PSDB,PARTIDO:PSDB,MAXIMILIANO DE ALMEIDA,2,0,2,157,159,PSDB,0.04499151103565365
2020,87459,PSL,PARTIDO:PSL,MAXIMILIANO DE ALMEIDA,4,0,4,197,201,PSL,0.056876061120543296
2020,87459,PT,PARTIDO:PT,MAXIMILIANO DE ALMEIDA,34,0,34,753,787,PT,0.22269383135257498
2020,87467,MDB,PARTIDO:MDB,PORTO MAUÁ,10,0,10,496,506,MDB,0.2556846892369884
2020,87467,PDT,PARTIDO:PDT,PORTO MAUÁ,15,0,15,378,393,PDT,0.19858514401212735
2020,87467,PL,PARTIDO:PL,PORTO MAUÁ,0,0,0,181,181,PL,0.09146033350176858
2020,87467,PP,PARTIDO:PP,PORTO MAUÁ,37,0,37,592,629,PP,0.3178372915613946
2020,87467,PTB,PARTIDO:PTB,PORTO MAUÁ,23,0,23,247,270,PTB,0.13643254168772107
2020,87475,MDB,PARTIDO:MDB,MIRAGUAÍ,26,0,26,1063,1089,MDB,0.30132816823464303
2020,87475,PDT,PARTIDO:PDT,MIRAGUAÍ,15,0,15,380,395,PDT,0.10929717764250138
2020,87475,PL,PARTIDO:PL,MIRAGUAÍ,1,0,1,100,101,PL,0.027946873270614278
2020,87475,PP,PARTIDO:PP,MIRAGUAÍ,21,0,21,287,308,PP,0.08522412838959602
2020,87475,PSB,PARTIDO:PSB,MIRAGUAÍ,9,0,9,73,82,PSB,0.022689540675152185
2020,87475,PSD,PARTIDO:PSD,MIRAGUAÍ,5,0,5,173,178,PSD,0.04925290536801328
2020,87475,PT,PARTIDO:PT,MIRAGUAÍ,76,0,76,495,571,PT,0.15799667957941338
2020,87475,PTB,PARTIDO:PTB,MIRAGUAÍ,63,0,63,827,890,PTB,0.24626452684006642
2020,87483,MDB,PARTIDO:MDB,PORTO VERA CRUZ,33,0,33,712,745,MDB,0.5106237148732008
2020,87483,PDT,PARTIDO:PDT,PORTO VERA CRUZ,8,0,8,179,187,PDT,0.1281699794379712
2020,87483,PT,PARTIDO:PT,PORTO VERA CRUZ,7,0,7,277,284,PT,0.19465387251542152
2020,87483,PTB,PARTIDO:PTB,PORTO VERA CRUZ,5,0,5,238,243,PTB,0.16655243317340646
2020,87491,MDB,PARTIDO:MDB,MONTENEGRO,74,0,74,3614,3688,MDB,0.11674950140871823
2020,87491,PDT,PARTIDO:PDT,MONTENEGRO,169,0,169,3584,3753,PDT,0.11880717971445756
2020,87491,PL,PARTIDO:PL,MONTENEGRO,39,0,39,1701,1740,PL,0.05508246541517617
2020,87491,PP,PARTIDO:PP,MONTENEGRO,367,0,367,5701,6068,PP,0.19209218398809713
2020,87491,PSB,PARTIDO:PSB,MONTENEGRO,54,0,54,3777,3831,PSB,0.12127639368134477
2020,87491,PSDB,PARTIDO:PSDB,MONTENEGRO,59,0,59,1718,1777,PSDB,0.05625375921998164
2020,87491,PT,PARTIDO:PT,MONTENEGRO,155,0,155,1797,1952,PT,0.061793662350818325
2020,87491,PTB,PARTIDO:PTB,MONTENEGRO,353,0,353,3761,4114,PTB,0.13023520845864067
2020,87491,REPUBLICANOS,PARTIDO:REPUBLICANOS,MONTENEGRO,285,0,285,4381,4666,REPUBLICANOS,0.14770964576276552
2020,87505,MDB,PARTIDO:MDB,PRESIDENTE LUCENA,24,0,24,914,938,MDB,0.41893702545779365
2020,87505,PDT,PARTIDO:PDT,PRESIDENTE LUCENA,17,0,17,599,616,PDT,0.2751228226887003
2020,87505,PSDB,PARTIDO:PSDB,PRESIDENTE LUCENA,35,0,35,491,526,PSDB,0.2349263063867798
2020,87505,REPUBLICANOS,PARTIDO:REPUBLICANOS,PRESIDENTE LUCENA,5,0,5,154,159,REPUBLICANOS,0.07101384546672622
2020,87513,MDB,PARTIDO:MDB,MOSTARDAS,94,0,94,937,1031,MDB,0.14832398216084017
2020,87513,PDT,PARTIDO:PDT,MOSTARDAS,36,0,36,1558,1594,PDT,0.22931952237088188
2020,87513,PL,PARTIDO:PL,MOSTARDAS,2,0,2,29,31,PL,0.004459789958279384
2020,87513,PP,PARTIDO:PP,MOSTARDAS,160,0,160,2452,2612,PP,0.37577327003308875
2020,87513,PSDB,PARTIDO:PSDB,MOSTARDAS,34,0,34,1596,1630,PSDB,0.23449863329017406
2020,87513,PSL,PARTIDO:PSL,MOSTARDAS,7,0,7,46,53,PSL,0.0076248021867357215
2020,87521,DEM,PARTIDO:DEM,QUEVEDOS,22,0,22,435,457,DEM,0.21355140186915889
2020,87521,MDB,PARTIDO:MDB,QUEVEDOS,6,0,6,357,363,MDB,0.16962616822429907
2020,87521,PODE,PARTIDO:PODE,QUEVEDOS,4,0,4,315,319,PODE,0.14906542056074767
2020,87521,PP,PARTIDO:PP,QUEVEDOS,34,0,34,967,1001,PP,0.4677570093457944
2020,87530,MDB,PARTIDO:MDB,MUÇUM,72,0,72,1292,1364,MDB,0.4016489988221437
2020,87530,PL,PARTIDO:PL,MUÇUM,16,0,16,172,188,PL,0.05535924617196702
2020,87530,PP,PARTIDO:PP,MUÇUM,13,0,13,547,560,PP,0.16489988221436985
2020,87530,PSD,PARTIDO:PSD,MUÇUM,7,0,7,414,421,PSD,0.1239693757361602
2020,87530,PSDB,PARTIDO:PSDB,MUÇUM,47,0,47,816,863,PSDB,0.2541224970553592
2020,87548,PC do B,PARTIDO:PC do B,RIO DOS ÍNDIOS,1,0,1,186,187,PC DO B,0.07397151898734178
2020,87548,PDT,PARTIDO:PDT,RIO DOS ÍNDIOS,17,0,17,433,450,PDT,0.17800632911392406
2020,87548,PP,PARTIDO:PP,RIO DOS ÍNDIOS,62,0,62,1229,1291,PP,0.5106803797468354
2020,87548,PT,PARTIDO:PT,RIO DOS ÍNDIOS,46,0,46,554,600,PT,0.23734177215189872
2020,87556,DEM,PARTIDO:DEM,NÃO-ME-TOQUE,170,0,170,4745,4915,DEM,0.4727325189958642
2020,87556,MDB,PARTIDO:MDB,NÃO-ME-TOQUE,83,0,83,1422,1505,MDB,0.14475329421948638
2020,87556,PDT,PARTIDO:PDT,NÃO-ME-TOQUE,94,0,94,865,959,PDT,0.09223814561892854
2020,87556,PP,PARTIDO:PP,NÃO-ME-TOQUE,72,0,72,2946,3018,PP,0.29027604116572087
2020,87564,PDT,PARTIDO:PDT,SAGRADA FAMÍLIA,22,0,22,496,518,PDT,0.25835411471321695
2020,87564,PL,PARTIDO:PL,SAGRADA FAMÍLIA,1,0,1,221,222,PL,0.11072319201995012
2020,87564,PP,PARTIDO:PP,SAGRADA FAMÍLIA,11,0,11,327,338,PP,0.1685785536159601
2020,87564,PT,PARTIDO:PT,SAGRADA FAMÍLIA,40,0,40,641,681,PT,0.3396508728179551
2020,87564,PTB,PARTIDO:PTB,SAGRADA FAMÍLIA,5,0,5,241,246,PTB,0.1226932668329177
2020,87572,PDT,PARTIDO:PDT,NONOAI,212,0,212,2509,2721,PDT,0.3573210768220617
2020,87572,PL,PARTIDO:PL,NONOAI,16,0,16,524,540,PL,0.07091267235718976
2020,87572,PP,PARTIDO:PP,NONOAI,204,0,204,2949,3153,PP,0.41405121470781353
2020,87572,PT,PARTIDO:PT,NONOAI,19,0,19,713,732,PT,0.09612606697307945
2020,87572,REPUBLICANOS,PARTIDO:REPUBLICANOS,NONOAI,13,0,13,456,469,REPUBLICANOS,0.06158896913985555
2020,87580,MDB,PARTIDO:MDB,SALVADOR DAS MISSÕES,5,0,5,589,594,MDB,0.24596273291925466
2020,87580,PDT,PARTIDO:PDT,SALVADOR DAS MISSÕES,30,0,30,194,224,PDT,0.0927536231884058
2020,87580,PP,PARTIDO:PP,SALVADOR DAS MISSÕES,35,0,35,709,744,PP,0.30807453416149067
2020,87580,PSB,PARTIDO:PSB,SALVADOR DAS MISSÕES,11,0,11,376,387,PSB,0.16024844720496895
2020,87580,PT,PARTIDO:PT,SALVADOR DAS MISSÕES,6,0,6,460,466,PT,0.19296066252587993
2020,87599,DEM,PARTIDO:DEM,NOVA ARAÇÁ,58,0,58,1202,1260,DEM,0.38344491783323187
2020,87599,MDB,PARTIDO:MDB,NOVA ARAÇÁ,52,0,52,1117,1169,MDB,0.3557516737674985
2020,87599,PSD,PARTIDO:PSD,NOVA ARAÇÁ,11,0,11,335,346,PSD,0.10529519172245892
2020,87599,PSDB,PARTIDO:PSDB,NOVA ARAÇÁ,8,0,8,351,359,PSDB,0.10925136944613512
2020,87599,PTB,PARTIDO:PTB,NOVA ARAÇÁ,3,0,3,149,152,PTB,0.04625684723067559
2020,87602,MDB,PARTIDO:MDB,SANTA CLARA DO SUL,93,0,93,2633,2726,MDB,0.6053741949811237
2020,87602,PP,PARTIDO:PP,SANTA CLARA DO SUL,19,0,19,872,891,PP,0.19786808794137242
2020,87602,PTB,PARTIDO:PTB,SANTA CLARA DO SUL,77,0,77,809,886,PTB,0.1967577170775039
2020,87610,MDB,PARTIDO:MDB,NOVA BASSANO,96,0,96,2930,3026,MDB,0.49219258295380613
2020,87610,PDT,PARTIDO:PDT,NOVA BASSANO,22,0,22,1617,1639,PDT,0.266590761223162
2020,87610,PP,PARTIDO:PP,NOVA BASSANO,102,0,102,1381,1483,PP,0.24121665582303187
2020,87629,MDB,PARTIDO:MDB,SANTA TEREZA,42,0,42,751,793,MDB,0.5290193462308206
2020,87629,PTB,PARTIDO:PTB,SANTA TEREZA,37,0,37,669,706,PTB,0.47098065376917947
2020,87637,MDB,PARTIDO:MDB,NOVA BRÉSCIA,34,0,34,290,324,MDB,0.13059250302297462
2020,87637,PDT,PARTIDO:PDT,NOVA BRÉSCIA,32,0,32,721,753,PDT,0.30350665054413545
2020,87637,PP,PARTIDO:PP,NOVA BRÉSCIA,35,0,35,1369,1404,PP,0.56590084643289
2020,87645,MDB,PARTIDO:MDB,SANTO ANTÔNIO DO PALMA,5,0,5,291,296,MDB,0.17219313554392088
2020,87645,PDT,PARTIDO:PDT,SANTO ANTÔNIO DO PALMA,21,0,21,268,289,PDT,0.16812100058173357
2020,87645,PP,PARTIDO:PP,SANTO ANTÔNIO DO PALMA,11,0,11,309,320,PP,0.18615474112856312
2020,87645,PSB,PARTIDO:PSB,SANTO ANTÔNIO DO PALMA,31,0,31,415,446,PSB,0.25945317044793487
2020,87645,PT,PARTIDO:PT,SANTO ANTÔNIO DO PALMA,7,0,7,361,368,PT,0.2140779522978476
2020,87653,MDB,PARTIDO:MDB,NOVA PALMA,78,0,78,1946,2024,MDB,0.4577114427860697
2020,87653,PP,PARTIDO:PP,NOVA PALMA,21,0,21,1473,1494,PP,0.3378561736770692
2020,87653,PSB,PARTIDO:PSB,NOVA PALMA,33,0,33,546,579,PSB,0.1309362279511533
2020,87653,PT,PARTIDO:PT,NOVA PALMA,8,0,8,317,325,PT,0.07349615558570782
2020,87661,DEM,PARTIDO:DEM,SANTO ANTÔNIO DO PLANALTO,2,0,2,284,286,DEM,0.15310492505353318
2020,87661,MDB,PARTIDO:MDB,SANTO ANTÔNIO DO PLANALTO,2,0,2,311,313,MDB,0.16755888650963596
2020,87661,PDT,PARTIDO:PDT,SANTO ANTÔNIO DO PLANALTO,30,0,30,631,661,PDT,0.3538543897216274
2020,87661,PP,PARTIDO:PP,SANTO ANTÔNIO DO PLANALTO,5,0,5,144,149,PP,0.07976445396145611
2020,87661,PTB,PARTIDO:PTB,SANTO ANTÔNIO DO PLANALTO,24,0,24,319,343,PTB,0.1836188436830835
2020,87661,REPUBLICANOS,PARTIDO:REPUBLICANOS,SANTO ANTÔNIO DO PLANALTO,9,0,9,107,116,REPUBLICANOS,0.06209850107066381
2020,87670,MDB,PARTIDO:MDB,NOVA PETRÓPOLIS,39,0,39,2457,2496,MDB,0.20560131795716638
2020,87670,PATRIOTA,PARTIDO:PATRIOTA,NOVA PETRÓPOLIS,57,0,57,880,937,PATRIOTA,0.0771828665568369
2020,87670,PDT,PARTIDO:PDT,NOVA PETRÓPOLIS,128,0,128,1195,1323,PDT,0.10897858319604613
2020,87670,PP,PARTIDO:PP,NOVA PETRÓPOLIS,45,0,45,1740,1785,PP,0.1470345963756178
2020,87670,PSB,PARTIDO:PSB,NOVA PETRÓPOLIS,23,0,23,1536,1559,PSB,0.12841845140032948
2020,87670,PSDB,PARTIDO:PSDB,NOVA PETRÓPOLIS,220,0,220,2229,2449,PSDB,0.2017298187808896
2020,87670,REPUBLICANOS,PARTIDO:REPUBLICANOS,NOVA PETRÓPOLIS,74,0,74,1517,1591,REPUBLICANOS,0.1310543657331137
2020,87688,CIDADANIA,PARTIDO:CIDADANIA,SANTO EXPEDITO DO SUL,6,0,6,90,96,CIDADANIA,0.047784967645594825
2020,87688,MDB,PARTIDO:MDB,SANTO EXPEDITO DO SUL,27,0,27,675,702,MDB,0.34942757590841217
2020,87688,PL,PARTIDO:PL,SANTO EXPEDITO DO SUL,31,0,31,317,348,PL,0.17322050771528125
2020,87688,PP,PARTIDO:PP,SANTO EXPEDITO DO SUL,11,0,11,303,314,PP,0.1562966650074664
2020,87688,PT,PARTIDO:PT,SANTO EXPEDITO DO SUL,7,0,7,386,393,PT,0.19561971129915381
2020,87688,PTB,PARTIDO:PTB,SANTO EXPEDITO DO SUL,5,0,5,151,156,PTB,0.07765057242409158
2020,87696,DEM,PARTIDO:DEM,NOVA PRATA,21,0,21,1684,1705,DEM,0.11727078891257996
2020,87696,MDB,PARTIDO:MDB,NOVA PRATA,239,0,239,3428,3667,MDB,0.25221817181374234
2020,87696,PDT,PARTIDO:PDT,NOVA PRATA,34,0,34,626,660,PDT,0.04539514409519224
2020,87696,PP,PARTIDO:PP,NOVA PRATA,28,0,28,391,419,PP,0.02881903844831144
2020,87696,PSB,PARTIDO:PSB,NOVA PRATA,15,0,15,1137,1152,PSB,0.07923516060251737
2020,87696,PSD,PARTIDO:PSD,NOVA PRATA,41,0,41,2177,2218,PSD,0.15255519636838846
2020,87696,PSL,PARTIDO:PSL,NOVA PRATA,143,0,143,1607,1750,PSL,0.1203659123736158
2020,87696,PT,PARTIDO:PT,NOVA PRATA,32,0,32,651,683,PT,0.04697709608638834
2020,87696,PTB,PARTIDO:PTB,NOVA PRATA,104,0,104,1776,1880,PTB,0.12930738014994153
2020,87696,PV,PARTIDO:PV,NOVA PRATA,14,0,14,391,405,PV,0.027856111149322512
2020,87700,MDB,PARTIDO:MDB,SÃO JOÃO DO POLÊSINE,40,0,40,1269,1309,MDB,0.6614451743304699
2020,87700,PP,PARTIDO:PP,SÃO JOÃO DO POLÊSINE,24,0,24,646,670,PP,0.33855482566953005
2020,87718,CIDADANIA,PARTIDO:CIDADANIA,NOVO HAMBURGO,54,0,54,229,283,CIDADANIA,0.002551388388027407
2020,87718,DEM,PARTIDO:DEM,NOVO HAMBURGO,52,0,52,474,526,DEM,0.0047421565091958166
2020,87718,MDB,PARTIDO:MDB,NOVO HAMBURGO,343,0,343,12409,12752,MDB,0.1149657410746484
2020,87718,PATRIOTA,PARTIDO:PATRIOTA,NOVO HAMBURGO,21,0,21,461,482,PATRIOTA,0.004345474215650919
2020,87718,PC do B,PARTIDO:PC do B,NOVO HAMBURGO,37,0,37,1084,1121,PC DO B,0.010106382978723405
2020,87718,PDT,PARTIDO:PDT,NOVO HAMBURGO,528,0,528,10938,11466,PDT,0.10337179949513163
2020,87718,PL,PARTIDO:PL,NOVO HAMBURGO,49,0,49,2415,2464,PL,0.022214208438514245
2020,87718,PP,PARTIDO:PP,NOVO HAMBURGO,966,0,966,12668,13634,PP,0.12291741795888929
2020,87718,PRTB,PARTIDO:PRTB,NOVO HAMBURGO,41,0,41,3805,3846,PRTB,0.03467363865849261
2020,87718,PSB,PARTIDO:PSB,NOVO HAMBURGO,67,0,67,3264,3331,PSB,0.030030652722683016
2020,87718,PSC,PARTIDO:PSC,NOVO HAMBURGO,32,0,32,470,502,PSC,0.004525784349080418
2020,87718,PSDB,PARTIDO:PSDB,NOVO HAMBURGO,1999,0,1999,19118,21117,PSDB,0.19038045438153625
2020,87718,PSL,PARTIDO:PSL,NOVO HAMBURGO,88,0,88,3316,3404,PSL,0.030688784709700684
2020,87718,PSOL,PARTIDO:PSOL,NOVO HAMBURGO,130,0,130,2673,2803,PSOL,0.025270465200144247
2020,87718,PT,PARTIDO:PT,NOVO HAMBURGO,1450,0,1450,8669,10119,PT,0.09122791200865489
2020,87718,PTB,PARTIDO:PTB,NOVO HAMBURGO,274,0,274,14040,14314,PTB,0.12904796249549225
2020,87718,REPUBLICANOS,PARTIDO:REPUBLICANOS,NOVO HAMBURGO,1173,0,1173,7583,8756,REPUBLICANOS,0.07893977641543455
2020,87726,MDB,PARTIDO:MDB,SÃO JOSÉ DOS AUSENTES,16,0,16,713,729,MDB,0.2987704918032787
2020,87726,PP,PARTIDO:PP,SÃO JOSÉ DOS AUSENTES,10,0,10,356,366,PP,0.15
2020,87726,PSB,PARTIDO:PSB,SÃO JOSÉ DOS AUSENTES,56,0,56,708,764,PSB,0.31311475409836065
2020,87726,PSDB,PARTIDO:PSDB,SÃO JOSÉ DOS AUSENTES,3,0,3,234,237,PSDB,0.0971311475409836
2020,87726,PT,PARTIDO:PT,SÃO JOSÉ DOS AUSENTES,4,0,4,340,344,PT,0.14098360655737704
2020,87734,MDB,PARTIDO:MDB,OSÓRIO,530,0,530,8018,8548,MDB,0.35358841778697003
2020,87734,PDT,PARTIDO:PDT,OSÓRIO,233,0,233,8099,8332,PDT,0.3446535677352637
2020,87734,PP,PARTIDO:PP,OSÓRIO,339,0,339,2729,3068,PP,0.1269079627714581
2020,87734,PSB,PARTIDO:PSB,OSÓRIO,20,0,20,87,107,PSB,0.0044260599793174765
2020,87734,PSC,PARTIDO:PSC,OSÓRIO,8,0,8,343,351,PSC,0.014519131334022752
2020,87734,PSDB,PARTIDO:PSDB,OSÓRIO,40,0,40,1398,1438,PSDB,0.05948293691830403
2020,87734,PSL,PARTIDO:PSL,OSÓRIO,6,0,6,98,104,PSL,0.0043019648397104445
2020,87734,PSOL,PARTIDO:PSOL,OSÓRIO,5,0,5,248,253,PSOL,0.01046535677352637
2020,87734,PT,PARTIDO:PT,OSÓRIO,61,0,61,1640,1701,PT,0.07036194415718718
2020,87734,REPUBLICANOS,PARTIDO:REPUBLICANOS,OSÓRIO,23,0,23,250,273,REPUBLICANOS,0.011292657704239917
2020,87742,MDB,PARTIDO:MDB,SÃO JOSÉ DO INHACORÁ,41,0,41,726,767,MDB,0.3763493621197252
2020,87742,PDT,PARTIDO:PDT,SÃO JOSÉ DO INHACORÁ,28,0,28,620,648,PDT,0.3179587831207066
2020,87742,PP,PARTIDO:PP,SÃO JOSÉ DO INHACORÁ,12,0,12,185,197,PP,0.09666339548577037
2020,87742,PTB,PARTIDO:PTB,SÃO JOSÉ DO INHACORÁ,7,0,7,419,426,PTB,0.20902845927379785
2020,87750,MDB,PARTIDO:MDB,PAIM FILHO,70,0,70,1084,1154,MDB,0.3342021430640023
2020,87750,PP,PARTIDO:PP,PAIM FILHO,32,0,32,658,690,PP,0.1998262380538662
2020,87750,PT,PARTIDO:PT,PAIM FILHO,83,0,83,1526,1609,PT,0.46597161888213146
2020,87769,PDT,PARTIDO:PDT,SÃO JOSÉ DAS MISSÕES,34,0,34,281,315,PDT,0.15656063618290258
2020,87769,PL,PARTIDO:PL,SÃO JOSÉ DAS MISSÕES,58,0,58,921,979,PL,0.4865805168986084
2020,87769,PP,PARTIDO:PP,SÃO JOSÉ DAS MISSÕES,11,0,11,506,517,PP,0.25695825049701787
2020,87769,PT,PARTIDO:PT,SÃO JOSÉ DAS MISSÕES,1,0,1,200,201,PT,0.09990059642147117
2020,87777,DEM,PARTIDO:DEM,PALMEIRA DAS MISSÕES,6,0,6,965,971,DEM,0.054167131540778755
2020,87777,PDT,PARTIDO:PDT,PALMEIRA DAS MISSÕES,112,0,112,3145,3257,PDT,0.18169139796942987
2020,87777,PL,PARTIDO:PL,PALMEIRA DAS MISSÕES,103,0,103,317,420,PL,0.023429655249358472
2020,87777,PP,PARTIDO:PP,PALMEIRA DAS MISSÕES,244,0,244,3632,3876,PP,0.2162222470155082
2020,87777,PSB,PARTIDO:PSB,PALMEIRA DAS MISSÕES,1,0,1,73,74,PSB,0.00412808211536316
2020,87777,PSD,PARTIDO:PSD,PALMEIRA DAS MISSÕES,22,0,22,1005,1027,PSD,0.057291085574026554
2020,87777,PSDB,PARTIDO:PSDB,PALMEIRA DAS MISSÕES,30,0,30,953,983,PSDB,0.054836550262189
2020,87777,PSL,PARTIDO:PSL,PALMEIRA DAS MISSÕES,21,0,21,1387,1408,PSL,0.07854512997880174
2020,87777,PT,PARTIDO:PT,PALMEIRA DAS MISSÕES,382,0,382,5528,5910,PT,0.3296887202945442
2020,87785,DEM,PARTIDO:DEM,SÃO MARTINHO DA SERRA,57,0,57,901,958,DEM,0.3601503759398496
2020,87785,PP,PARTIDO:PP,SÃO MARTINHO DA SERRA,54,0,54,926,980,PP,0.3684210526315789
2020,87785,PSB,PARTIDO:PSB,SÃO MARTINHO DA SERRA,10,0,10,174,184,PSB,0.06917293233082707
2020,87785,PSDB,PARTIDO:PSDB,SÃO MARTINHO DA SERRA,10,0,10,268,278,PSDB,0.10451127819548872
2020,87785,PT,PARTIDO:PT,SÃO MARTINHO DA SERRA,8,0,8,252,260,PT,0.09774436090225563
2020,87793,MDB,PARTIDO:MDB,PALMITINHO,31,0,31,1015,1046,MDB,0.20425698105838702
2020,87793,PDT,PARTIDO:PDT,PALMITINHO,80,0,80,1276,1356,PDT,0.26479203280609254
2020,87793,PP,PARTIDO:PP,PALMITINHO,67,0,67,967,1034,PP,0.2019136887326694
2020,87793,PSB,PARTIDO:PSB,PALMITINHO,27,0,27,308,335,PSB,0.06541691075961727
2020,87793,PT,PARTIDO:PT,PALMITINHO,15,0,15,752,767,PT,0.14977543448545205
2020,87793,PTB,PARTIDO:PTB,PALMITINHO,11,0,11,572,583,PTB,0.11384495215778169
2020,87807,MDB,PARTIDO:MDB,SÃO PEDRO DA SERRA,48,0,48,1463,1511,MDB,0.5569480280132695
2020,87807,PSDB,PARTIDO:PSDB,SÃO PEDRO DA SERRA,7,0,7,262,269,PSDB,0.09915223000368596
2020,87807,PT,PARTIDO:PT,SÃO PEDRO DA SERRA,22,0,22,175,197,PT,0.07261334316255068
2020,87807,PTB,PARTIDO:PTB,SÃO PEDRO DA SERRA,10,0,10,726,736,PTB,0.27128639882049393
2020,87815,DEM,PARTIDO:DEM,PANAMBI,29,0,29,2014,2043,DEM,0.0877388876959416
2020,87815,MDB,PARTIDO:MDB,PANAMBI,323,0,323,4815,5138,MDB,0.22065707537041013
2020,87815,PDT,PARTIDO:PDT,PANAMBI,75,0,75,2524,2599,PDT,0.11161692076444063
2020,87815,PL,PARTIDO:PL,PANAMBI,21,0,21,1207,1228,PL,0.05273781404337556
2020,87815,PP,PARTIDO:PP,PANAMBI,243,0,243,3704,3947,PP,0.16950826712475842
2020,87815,PSB,PARTIDO:PSB,PANAMBI,23,0,23,1415,1438,PSB,0.06175649559802448
2020,87815,PSC,PARTIDO:PSC,PANAMBI,17,0,17,869,886,PSC,0.03805024694009019
2020,87815,PSD,PARTIDO:PSD,PANAMBI,15,0,15,2231,2246,PSD,0.09645694653210221
2020,87815,PSL,PARTIDO:PSL,PANAMBI,3,0,3,208,211,PSL,0.009061627657290102
2020,87815,PT,PARTIDO:PT,PANAMBI,133,0,133,1636,1769,PT,0.07597165557225682
2020,87815,PTB,PARTIDO:PTB,PANAMBI,20,0,20,1154,1174,PTB,0.050418724500751556
2020,87815,REPUBLICANOS,PARTIDO:REPUBLICANOS,PANAMBI,16,0,16,590,606,REPUBLICANOS,0.026025338200558298
2020,87823,PDT,PARTIDO:PDT,SÃO PEDRO DO BUTIÁ,14,0,14,637,651,PDT,0.2809667673716012
2020,87823,PP,PARTIDO:PP,SÃO PEDRO DO BUTIÁ,37,0,37,537,574,PP,0.24773413897280966
2020,87823,PT,PARTIDO:PT,SÃO PEDRO DO BUTIÁ,36,0,36,1056,1092,PT,0.47129909365558914
2020,87831,MDB,PARTIDO:MDB,PARAÍ,110,0,110,2283,2393,MDB,0.45904469595242664
2020,87831,PP,PARTIDO:PP,PARAÍ,132,0,132,2688,2820,PP,0.5409553040475734
2020,87840,MDB,PARTIDO:MDB,SÃO VALENTIM DO SUL,50,0,50,1191,1241,MDB,0.6545358649789029
2020,87840,PDT,PARTIDO:PDT,SÃO VALENTIM DO SUL,6,0,6,449,455,PDT,0.2399789029535865
2020,87840,PSB,PARTIDO:PSB,SÃO VALENTIM DO SUL,3,0,3,197,200,PSB,0.10548523206751055
2020,87858,CIDADANIA,PARTIDO:CIDADANIA,PASSO FUNDO,58,0,58,3715,3773,CIDADANIA,0.037911977491961416
2020,87858,DEM,PARTIDO:DEM,PASSO FUNDO,112,0,112,8821,8933,DEM,0.08976085209003215
2020,87858,MDB,PARTIDO:MDB,PASSO FUNDO,156,0,156,6923,7079,MDB,0.0711314308681672
2020,87858,PC do B,PARTIDO:PC do B,PASSO FUNDO,209,0,209,2936,3145,PC DO B,0.03160168810289389
2020,87858,PDT,PARTIDO:PDT,PASSO FUNDO,935,0,935,13386,14321,PDT,0.1439007234726688
2020,87858,PL,PARTIDO:PL,PASSO FUNDO,98,0,98,6767,6865,PL,0.06898110932475884
2020,87858,PODE,PARTIDO:PODE,PASSO FUNDO,30,0,30,124,154,PODE,0.001547427652733119
2020,87858,PP,PARTIDO:PP,PASSO FUNDO,190,0,190,6185,6375,PP,0.06405747588424437
2020,87858,PSB,PARTIDO:PSB,PASSO FUNDO,1017,0,1017,6674,7691,PSB,0.07728094855305466
2020,87858,PSC,PARTIDO:PSC,PASSO FUNDO,310,0,310,4513,4823,PSC,0.048462620578778134
2020,87858,PSD,PARTIDO:PSD,PASSO FUNDO,57,0,57,4824,4881,PSD,0.04904541800643087
2020,87858,PSDB,PARTIDO:PSDB,PASSO FUNDO,364,0,364,4518,4882,PSDB,0.04905546623794212
2020,87858,PSL,PARTIDO:PSL,PASSO FUNDO,62,0,62,5032,5094,PSL,0.051185691318327974
2020,87858,PSOL,PARTIDO:PSOL,PASSO FUNDO,72,0,72,1392,1464,PSOL,0.014710610932475884
2020,87858,PSTU,PARTIDO:PSTU,PASSO FUNDO,37,0,37,92,129,PSTU,0.0012962218649517686
2020,87858,PT,PARTIDO:PT,PASSO FUNDO,201,0,201,4326,4527,PT,0.045488344051446944
2020,87858,PTB,PARTIDO:PTB,PASSO FUNDO,101,0,101,5793,5894,PTB,0.05922427652733119
2020,87858,PV,PARTIDO:PV,PASSO FUNDO,17,0,17,544,561,PV,0.005637057877813505
2020,87858,REPUBLICANOS,PARTIDO:REPUBLICANOS,PASSO FUNDO,80,0,80,4597,4677,REPUBLICANOS,0.046995578778135046
2020,87858,SOLIDARIEDADE,PARTIDO:SOLIDARIEDADE,PASSO FUNDO,45,0,45,4207,4252,SOLIDARIEDADE,0.04272508038585209
2020,87866,MDB,PARTIDO:MDB,SÃO VALÉRIO DO SUL,4,0,4,307,311,MDB,0.15119105493437043
2020,87866,PDT,PARTIDO:PDT,SÃO VALÉRIO DO SUL,17,0,17,204,221,PDT,0.10743801652892562
2020,87866,PP,PARTIDO:PP,SÃO VALÉRIO DO SUL,35,224,259,730,989,PP,0.48079727758872143
2020,87866,PT,PARTIDO:PT,SÃO VALÉRIO DO SUL,27,0,27,509,536,PT,0.2605736509479825
2020,87874,MDB,PARTIDO:MDB,PEDRO OSÓRIO,110,0,110,1734,1844,MDB,0.3605788032850997
2020,87874,PDT,PARTIDO:PDT,PEDRO OSÓRIO,21,0,21,974,995,PDT,0.19456394211967148
2020,87874,PP,PARTIDO:PP,PEDRO OSÓRIO,13,0,13,833,846,PP,0.16542823621431366
2020,87874,PSDB,PARTIDO:PSDB,PEDRO OSÓRIO,7,0,7,228,235,PSDB,0.04595228783730935
2020,87874,PT,PARTIDO:PT,PEDRO OSÓRIO,102,0,102,1092,1194,PT,0.2334767305436058
2020,87882,MDB,PARTIDO:MDB,SENTINELA DO SUL,80,0,80,1122,1202,MDB,0.36009586578789693
2020,87882,PDT,PARTIDO:PDT,SENTINELA DO SUL,32,0,32,770,802,PDT,0.2402636309167166
2020,87882,PP,PARTIDO:PP,SENTINELA DO SUL,74,0,74,901,975,PP,0.2920910724985021
2020,87882,PSDB,PARTIDO:PSDB,SENTINELA DO SUL,3,0,3,133,136,PSDB,0.04074295985620132
2020,87882,PTB,PARTIDO:PTB,SENTINELA DO SUL,2,0,2,221,223,PTB,0.06680647094068304
2020,87890,DEM,PARTIDO:DEM,PEJUÇARA,37,0,37,551,588,DEM,0.2248565965583174
2020,87890,MDB,PARTIDO:MDB,PEJUÇARA,42,0,42,1014,1056,MDB,0.40382409177820267
2020,87890,PDT,PARTIDO:PDT,PEJUÇARA,7,0,7,161,168,PDT,0.06424474187380497
2020,87890,PP,PARTIDO:PP,PEJUÇARA,15,0,15,485,500,PP,0.19120458891013384
2020,87890,PT,PARTIDO:PT,PEJUÇARA,7,0,7,296,303,PT,0.1158699808795411
2020,87904,MDB,PARTIDO:MDB,SÉRIO,30,0,30,538,568,MDB,0.30586968228325256
2020,87904,PDT,PARTIDO:PDT,SÉRIO,28,0,28,527,555,PDT,0.2988691437802908
2020,87904,PSB,PARTIDO:PSB,SÉRIO,6,0,6,546,552,PSB,0.2972536348949919
2020,87904,PSDB,PARTIDO:PSDB,SÉRIO,5,0,5,177,182,PSDB,0.09800753904146473
2020,87912,AVANTE,PARTIDO:AVANTE,PELOTAS,34,0,34,1892,1926,AVANTE,0.012396135700999542
2020,87912,CIDADANIA,PARTIDO:CIDADANIA,PELOTAS,118,0,118,6234,6352,CIDADANIA,0.040882790224688006
2020,87912,DEM,PARTIDO:DEM,PELOTAS,261,0,261,7198,7459,DEM,0.04800767195937466
2020,87912,MDB,PARTIDO:MDB,PELOTAS,200,0,200,3733,3933,MDB,0.025313604211854208
2020,87912,PATRIOTA,PARTIDO:PATRIOTA,PELOTAS,76,0,76,4091,4167,PATRIOTA,0.02681967677365789
2020,87912,PC do B,PARTIDO:PC do B,PELOTAS,36,0,36,733,769,PC DO B,0.004949443589859112
2020,87912,PCB,PARTIDO:PCB,PELOTAS,43,0,43,395,438,PCB,0.0028190588977350987
2020,87912,PDT,PARTIDO:PDT,PELOTAS,538,0,538,10446,10984,PDT,0.07069530349936604
2020,87912,PL,PARTIDO:PL,PELOTAS,119,0,119,4265,4384,PL,0.028216333807467287
2020,87912,PODE,PARTIDO:PODE,PELOTAS,89,0,89,2135,2224,PODE,0.014314125544664063
2020,87912,PP,PARTIDO:PP,PELOTAS,1046,0,1046,15354,16400,PP,0.1055538034768393
2020,87912,PSB,PARTIDO:PSB,PELOTAS,584,0,584,11578,12162,PSB,0.07827715596861705
2020,87912,PSD,PARTIDO:PSD,PELOTAS,194,0,194,12519,12713,PSD,0.0818235063171377
2020,87912,PSDB,PARTIDO:PSDB,PELOTAS,2904,0,2904,21809,24713,PSDB,0.1590579966660445
2020,87912,PSL,PARTIDO:PSL,PELOTAS,36,0,36,126,162,PSL,0.001042665619710242
2020,87912,PSOL,PARTIDO:PSOL,PELOTAS,554,0,554,11850,12404,PSOL,0.07983471819065334
2020,87912,PT,PARTIDO:PT,PELOTAS,1295,0,1295,9912,11207,PT,0.07213057777834989
2020,87912,PTB,PARTIDO:PTB,PELOTAS,373,0,373,17634,18007,PTB,0.11589678897606374
2020,87912,PV,PARTIDO:PV,PELOTAS,23,0,23,389,412,PV,0.0026517175019791337
2020,87912,REPUBLICANOS,PARTIDO:REPUBLICANOS,PELOTAS,93,0,93,4370,4463,REPUBLICANOS,0.02872479420226426
2020,87912,SOLIDARIEDADE,PARTIDO:SOLIDARIEDADE,PELOTAS,34,0,34,58,92,SOLIDARIEDADE,0.0005921310926749522
2020,87920,MDB,PARTIDO:MDB,SERTÃO SANTANA,6,0,6,376,382,MDB,0.08621078763258858
2020,87920,PDT,PARTIDO:PDT,SERTÃO SANTANA,91,0,91,1665,1756,PDT,0.39629880388174227
2020,87920,PL,PARTIDO:PL,SERTÃO SANTANA,4,0,4,21,25,PL,0.005642067253441661
2020,87920,PP,PARTIDO:PP,SERTÃO SANTANA,42,0,42,1267,1309,PP,0.29541864139020535
2020,87920,PTB,PARTIDO:PTB,SERTÃO SANTANA,18,0,18,941,959,PTB,0.21642969984202212
2020,87939,MDB,PARTIDO:MDB,PINHEIRO MACHADO,31,0,31,1363,1394,MDB,0.18968567151993468
2020,87939,PDT,PARTIDO:PDT,PINHEIRO MACHADO,34,0,34,1062,1096,PDT,0.14913593686215812
2020,87939,PP,PARTIDO:PP,PINHEIRO MACHADO,40,0,40,2016,2056,PP,0.27976595455163966
2020,87939,PSB,PARTIDO:PSB,PINHEIRO MACHADO,96,0,96,685,781,PSB,0.10627296230779698
2020,87939,PSDB,PARTIDO:PSDB,PINHEIRO MACHADO,185,0,185,1188,1373,PSDB,0.18682813988297728
2020,87939,PT,PARTIDO:PT,PINHEIRO MACHADO,41,0,41,608,649,PT,0.08831133487549327
2020,87947,DEM,PARTIDO:DEM,SINIMBU,70,0,70,1266,1336,DEM,0.22060766182298547
2020,87947,MDB,PARTIDO:MDB,SINIMBU,24,0,24,816,840,MDB,0.13870541611624834
2020,87947,PL,PARTIDO:PL,SINIMBU,23,0,23,1010,1033,PL,0.17057463672391018
2020,87947,PP,PARTIDO:PP,SINIMBU,30,0,30,416,446,PP,0.07364597093791281
2020,87947,PSB,PARTIDO:PSB,SINIMBU,70,0,70,1104,1174,PSB,0.19385733157199472
2020,87947,PT,PARTIDO:PT,SINIMBU,7,0,7,262,269,PT,0.04441875825627477
2020,87947,PTB,PARTIDO:PTB,SINIMBU,63,0,63,895,958,PTB,0.15819022457067372
2020,87955,MDB,PARTIDO:MDB,PIRATINI,211,0,211,3331,3542,MDB,0.3119880207874571
2020,87955,PDT,PARTIDO:PDT,PIRATINI,226,0,226,2876,3102,PDT,0.2732317449132388
2020,87955,PP,PARTIDO:PP,PIRATINI,64,0,64,1482,1546,PP,0.136175460230776
2020,87955,PSB,PARTIDO:PSB,PIRATINI,3,0,3,242,245,PSB,0.02158019906632608
2020,87955,PSDB,PARTIDO:PSDB,PIRATINI,94,0,94,499,593,PSDB,0.05223288998502598
2020,87955,PSOL,PARTIDO:PSOL,PIRATINI,8,0,8,38,46,PSOL,0.004051792477759182
2020,87955,PT,PARTIDO:PT,PIRATINI,47,0,47,1634,1681,PT,0.14806659032854752
2020,87955,PTB,PARTIDO:PTB,PIRATINI,15,0,15,583,598,PTB,0.052673302210869376
2020,87963,MDB,PARTIDO:MDB,TIRADENTES DO SUL,17,0,17,465,482,MDB,0.12490282456594973
2020,87963,PC do B,PARTIDO:PC do B,TIRADENTES DO SUL,61,0,61,610,671,PC DO B,0.17387924332728685
2020,87963,PDT,PARTIDO:PDT,TIRADENTES DO SUL,3,0,3,21,24,PDT,0.006219227779217414
2020,87963,PP,PARTIDO:PP,TIRADENTES DO SUL,28,0,28,745,773,PP,0.20031096138896087
2020,87963,PSDB,PARTIDO:PSDB,TIRADENTES DO SUL,101,0,101,1153,1254,PSDB,0.3249546514641099
2020,87963,PT,PARTIDO:PT,TIRADENTES DO SUL,6,0,6,258,264,PT,0.06841150557139156
2020,87963,PTB,PARTIDO:PTB,TIRADENTES DO SUL,16,0,16,375,391,PTB,0.1013215859030837
2020,87971,MDB,PARTIDO:MDB,PLANALTO,103,0,103,1285,1388,MDB,0.2244139046079224
2020,87971,PDT,PARTIDO:PDT,PLANALTO,138,0,138,1420,1558,PDT,0.25189975747776877
2020,87971,PP,PARTIDO:PP,PLANALTO,118,0,118,1438,1556,PP,0.2515763945028294
2020,87971,PSDB,PARTIDO:PSDB,PLANALTO,31,0,31,1652,1683,PSDB,0.27210994341147937
2020,87980,PSB,PARTIDO:PSB,TRAVESSEIRO,10,0,10,465,475,PSB,0.26896942242355604
2020,87980,PTB,PARTIDO:PTB,TRAVESSEIRO,10,0,10,1281,1291,PTB,0.731030577576444
2020,87998,MDB,PARTIDO:MDB,PORTÃO,310,0,310,4331,4641,MDB,0.24880716238674744
2020,87998,PDT,PARTIDO:PDT,PORTÃO,360,0,360,4697,5057,PDT,0.2711092049536268
2020,87998,PP,PARTIDO:PP,PORTÃO,46,0,46,1010,1056,PP,0.056612877285155204
2020,87998,PT,PARTIDO:PT,PORTÃO,72,0,72,2558,2630,PT,0.14099608642041495
2020,87998,PTB,PARTIDO:PTB,PORTÃO,53,0,53,2384,2437,PTB,0.13064922532568488
2020,87998,REPUBLICANOS,PARTIDO:REPUBLICANOS,PORTÃO,34,0,34,687,721,REPUBLICANOS,0.03865329973730767
2020,87998,SOLIDARIEDADE,PARTIDO:SOLIDARIEDADE,PORTÃO,19,0,19,2092,2111,SOLIDARIEDADE,0.1131721438910631
2020,88005,MDB,PARTIDO:MDB,TRÊS FORQUILHAS,32,0,32,1342,1374,MDB,0.51135094901377
2020,88005,PP,PARTIDO:PP,TRÊS FORQUILHAS,31,0,31,1282,1313,PP,0.48864905098623
2020,88013,AVANTE,PARTIDO:AVANTE,PORTO ALEGRE,109,0,109,1787,1896,AVANTE,0.0030105799018385815
2020,88013,CIDADANIA,PARTIDO:CIDADANIA,PORTO ALEGRE,371,0,371,22140,22511,CIDADANIA,0.03574428489994109
2020,88013,DEM,PARTIDO:DEM,PORTO ALEGRE,569,0,569,24307,24876,DEM,0.039499570484249236
2020,88013,MDB,PARTIDO:MDB,PORTO ALEGRE,8338,0,8338,37068,45406,MDB,0.07209830750152038
2020,88013,NOVO,PARTIDO:NOVO,PORTO ALEGRE,3466,0,3466,34081,37547,NOVO,0.059619326779711615
2020,88013,PATRIOTA,PARTIDO:PATRIOTA,PORTO ALEGRE,203,0,203,8413,8616,PATRIOTA,0.013680989680506971
2020,88013,PC do B,PARTIDO:PC do B,PORTO ALEGRE,6970,0,6970,31918,38888,PC DO B,0.06174864515965124
2020,88013,PCB,PARTIDO:PCB,PORTO ALEGRE,155,0,155,757,912,PCB,0.00144812704139071
2020,88013,PDT,PARTIDO:PDT,PORTO ALEGRE,3985,0,3985,32180,36165,PDT,0.05742490619725332
2020,88013,PL,PARTIDO:PL,PORTO ALEGRE,382,0,382,13605,13987,PL,0.022209378210451602
2020,88013,PODE,PARTIDO:PODE,PORTO ALEGRE,134,0,134,358,492,PODE,0.0007812264302239357
2020,88013,PP,PARTIDO:PP,PORTO ALEGRE,1141,0,1141,28008,29149,PP,0.046284490273572156
2020,88013,PROS,PARTIDO:PROS,PORTO ALEGRE,330,0,330,1701,2031,PROS,0.003224940812570759
2020,88013,PRTB,PARTIDO:PRTB,PORTO ALEGRE,222,0,222,19502,19724,PRTB,0.03131892298727014
2020,88013,PSB,PARTIDO:PSB,PORTO ALEGRE,410,0,410,19711,20121,PSB,0.031949302850682544
2020,88013,PSC,PARTIDO:PSC,PORTO ALEGRE,228,0,228,5953,6181,PSC,0.009814553994337696
2020,88013,PSD,PARTIDO:PSD,PORTO ALEGRE,1055,0,1055,15338,16393,PSD,0.02602976599727841
2020,88013,PSDB,PARTIDO:PSDB,PORTO ALEGRE,7069,0,7069,46779,53848,PSDB,0.08550300978597254
2020,88013,PSL,PARTIDO:PSL,PORTO ALEGRE,757,0,757,18017,18774,PSL,0.029810457319154816
2020,88013,PSOL,PARTIDO:PSOL,PORTO ALEGRE,3905,0,3905,62193,66098,PSOL,0.10495427761167013
2020,88013,PSTU,PARTIDO:PSTU,PORTO ALEGRE,208,0,208,226,434,PSTU,0.0006891306315390002
2020,88013,PT,PARTIDO:PT,PORTO ALEGRE,5934,0,5934,53665,59599,PT,0.0946347845831633
2020,88013,PTB,PARTIDO:PTB,PORTO ALEGRE,1307,0,1307,44327,45634,PTB,0.07246033926186805
2020,88013,PV,PARTIDO:PV,PORTO ALEGRE,425,0,425,2625,3050,PV,0.004842968723949195
2020,88013,REPUBLICANOS,PARTIDO:REPUBLICANOS,PORTO ALEGRE,1312,0,1312,36564,37876,REPUBLICANOS,0.06014173225845892
2020,88013,SOLIDARIEDADE,PARTIDO:SOLIDARIEDADE,PORTO ALEGRE,288,0,288,18006,18294,SOLIDARIEDADE,0.029048285192107073
2020,88013,UP,PARTIDO:UP,PORTO ALEGRE,72,0,72,1205,1277,UP,0.0020276954296665974
2020,88021,CIDADANIA,PARTIDO:CIDADANIA,TUPANCI DO SUL,1,0,1,153,154,CIDADANIA,0.11684370257966616
2020,88021,MDB,PARTIDO:MDB,TUPANCI DO SUL,8,0,8,157,165,MDB,0.1251896813353566
2020,88021,PL,PARTIDO:PL,TUPANCI DO SUL,5,0,5,180,185,PL,0.14036418816388468
2020,88021,PP,PARTIDO:PP,TUPANCI DO SUL,19,0,19,318,337,PP,0.255690440060698
2020,88021,PSDB,PARTIDO:PSDB,TUPANCI DO SUL,22,0,22,455,477,PSDB,0.3619119878603945
2020,88030,MDB,PARTIDO:MDB,PORTO LUCENA,14,0,14,779,793,MDB,0.23763859754270303
2020,88030,PDT,PARTIDO:PDT,PORTO LUCENA,66,0,66,904,970,PDT,0.2906802517231046
2020,88030,PP,PARTIDO:PP,PORTO LUCENA,68,0,68,442,510,PP,0.15283188492658076
2020,88030,PT,PARTIDO:PT,PORTO LUCENA,5,0,5,276,281,PT,0.08420737189092
2020,88030,PTB,PARTIDO:PTB,PORTO LUCENA,19,0,19,764,783,PTB,0.23464189391669163
2020,88048,MDB,PARTIDO:MDB,UNIÃO DA SERRA,10,0,10,476,486,MDB,0.35526315789473684
2020,88048,PSD,PARTIDO:PSD,UNIÃO DA SERRA,11,0,11,174,185,PSD,0.13523391812865498
2020,88048,PT,PARTIDO:PT,UNIÃO DA SERRA,6,0,6,276,282,PT,0.20614035087719298
2020,88048,PTB,PARTIDO:PTB,UNIÃO DA SERRA,28,0,28,387,415,PTB,0.3033625730994152
2020,88056,MDB,PARTIDO:MDB,PORTO XAVIER,135,0,135,2486,2621,MDB,0.404350509102129
2020,88056,PP,PARTIDO:PP,PORTO XAVIER,80,0,80,1947,2027,PP,0.31271212588707187
2020,88056,PT,PARTIDO:PT,PORTO XAVIER,11,0,11,412,423,PT,0.06525763653193459
2020,88056,REPUBLICANOS,PARTIDO:REPUBLICANOS,PORTO XAVIER,91,0,91,1320,1411,REPUBLICANOS,0.21767972847886455
2020,88064,MDB,PARTIDO:MDB,VALE DO SOL,108,0,108,1222,1330,MDB,0.19306140223544782
2020,88064,PP,PARTIDO:PP,VALE DO SOL,155,0,155,3316,3471,PP,0.503846712149804
2020,88064,PT,PARTIDO:PT,VALE DO SOL,20,0,20,694,714,PT,0.10364348962113515
2020,88064,PTB,PARTIDO:PTB,VALE DO SOL,34,0,34,1340,1374,PTB,0.199448395993613
2020,88072,MDB,PARTIDO:MDB,PUTINGA,19,0,19,606,625,MDB,0.18502072232089994
2020,88072,PDT,PARTIDO:PDT,PUTINGA,7,0,7,212,219,PDT,0.06483126110124333
2020,88072,PP,PARTIDO:PP,PUTINGA,51,0,51,674,725,PP,0.21462403789224394
2020,88072,PSB,PARTIDO:PSB,PUTINGA,3,0,3,134,137,PSB,0.040556542332741266
2020,88072,PSD,PARTIDO:PSD,PUTINGA,66,0,66,1432,1498,PSD,0.443457667258733
2020,88072,PSDB,PARTIDO:PSDB,PUTINGA,4,0,4,170,174,PSDB,0.05150976909413854
2020,88080,MDB,PARTIDO:MDB,VALE REAL,10,0,10,631,641,MDB,0.16347870441213977
2020,88080,PDT,PARTIDO:PDT,VALE REAL,17,0,17,741,758,PDT,0.1933180311145116
2020,88080,PP,PARTIDO:PP,VALE REAL,46,0,46,876,922,PP,0.23514409589390461
2020,88080,PSB,PARTIDO:PSB,VALE REAL,6,0,6,441,447,PSB,0.11400153022188217
2020,88080,PSDB,PARTIDO:PSDB,VALE REAL,9,0,9,661,670,PSDB,0.17087477684264218
2020,88080,PTB,PARTIDO:PTB,VALE REAL,47,0,47,436,483,PTB,0.12318286151491967
2020,88099,DEM,PARTIDO:DEM,QUARAÍ,23,0,23,1365,1388,DEM,0.1101762184473726
2020,88099,PDT,PARTIDO:PDT,QUARAÍ,43,0,43,29,72,PDT,0.005715192887759962
2020,88099,PL,PARTIDO:PL,QUARAÍ,19,0,19,360,379,PL,0.030084140339736467
2020,88099,PODE,PARTIDO:PODE,QUARAÍ,27,0,27,2495,2522,PODE,0.200190506429592
2020,88099,PP,PARTIDO:PP,QUARAÍ,55,0,55,719,774,PP,0.06143832354341959
2020,88099,PSD,PARTIDO:PSD,QUARAÍ,12,0,12,1504,1516,PSD,0.12033656135894587
2020,88099,PSDB,PARTIDO:PSDB,QUARAÍ,193,0,193,414,607,PSDB,0.048182251150976345
2020,88099,PSL,PARTIDO:PSL,QUARAÍ,4,0,4,68,72,PSL,0.005715192887759962
2020,88099,PT,PARTIDO:PT,QUARAÍ,268,0,268,2829,3097,PT,0.24583267185267502
2020,88099,PTB,PARTIDO:PTB,QUARAÍ,38,0,38,1397,1435,PTB,0.11390696936021591
2020,88099,REPUBLICANOS,PARTIDO:REPUBLICANOS,QUARAÍ,14,0,14,662,676,REPUBLICANOS,0.053659311001746306
2020,88099,SOLIDARIEDADE,PARTIDO:SOLIDARIEDADE,QUARAÍ,10,0,10,50,60,SOLIDARIEDADE,0.004762660739799968
2020,88102,DEM,PARTIDO:DEM,VILA NOVA DO SUL,9,0,9,470,479,DEM,0.14661769207223752
2020,88102,MDB,PARTIDO:MDB,VILA NOVA DO SUL,11,0,11,949,960,MDB,0.2938475665748393
2020,88102,PDT,PARTIDO:PDT,VILA NOVA DO SUL,65,0,65,866,931,PDT,0.2849709213345577
2020,88102,PP,PARTIDO:PP,VILA NOVA DO SUL,43,0,43,762,805,PP,0.24640342822161004
2020,88102,PT,PARTIDO:PT,VILA NOVA DO SUL,6,0,6,86,92,PT,0.028160391796755432
2020,88110,MDB,PARTIDO:MDB,REDENTORA,128,0,128,2150,2278,MDB,0.41554177307551987
2020,88110,PDT,PARTIDO:PDT,REDENTORA,26,0,26,405,431,PDT,0.07862094126231302
2020,88110,PL,PARTIDO:PL,REDENTORA,19,0,19,453,472,PL,0.08609996351696461
2020,88110,PP,PARTIDO:PP,REDENTORA,38,0,38,266,304,PP,0.055454213790587376
2020,88110,PSB,PARTIDO:PSB,REDENTORA,17,0,17,845,862,PSB,0.15724188252462604
2020,88110,PSDB,PARTIDO:PSDB,REDENTORA,79,0,79,348,427,PSDB,0.07789128055454214
2020,88110,PT,PARTIDO:PT,REDENTORA,17,0,17,691,708,PT,0.1291499452754469
2020,88129,MDB,PARTIDO:MDB,VITÓRIA DAS MISSÕES,9,0,9,354,363,MDB,0.12112112112112113
2020,88129,PDT,PARTIDO:PDT,VITÓRIA DAS MISSÕES,53,0,53,650,703,PDT,0.2345679012345679
2020,88129,PP,PARTIDO:PP,VITÓRIA DAS MISSÕES,30,0,30,1000,1030,PP,0.34367701034367704
2020,88129,PT,PARTIDO:PT,VITÓRIA DAS MISSÕES,41,0,41,605,646,PT,0.21554888221554888
2020,88129,PTB,PARTIDO:PTB,VITÓRIA DAS MISSÕES,10,0,10,245,255,PTB,0.08508508508508508
2020,88137,DEM,PARTIDO:DEM,RESTINGA SÊCA,10,0,10,324,334,DEM,0.0347012987012987
2020,88137,MDB,PARTIDO:MDB,RESTINGA SÊCA,253,0,253,4443,4696,MDB,0.4878961038961039
2020,88137,PDT,PARTIDO:PDT,RESTINGA SÊCA,50,0,50,1242,1292,PDT,0.13423376623376623
2020,88137,PP,PARTIDO:PP,RESTINGA SÊCA,110,0,110,1134,1244,PP,0.12924675324675325
2020,88137,PSDB,PARTIDO:PSDB,RESTINGA SÊCA,9,0,9,911,920,PSDB,0.09558441558441559
2020,88137,PT,PARTIDO:PT,RESTINGA SÊCA,24,0,24,844,868,PT,0.09018181818181818
2020,88137,REPUBLICANOS,PARTIDO:REPUBLICANOS,RESTINGA SÊCA,9,0,9,262,271,REPUBLICANOS,0.028155844155844156
2020,88145,MDB,PARTIDO:MDB,XANGRI-LÁ,36,0,36,1649,1685,MDB,0.19265950148639377
2020,88145,PDT,PARTIDO:PDT,XANGRI-LÁ,112,0,112,1830,1942,PDT,0.22204436313743425
2020,88145,PP,PARTIDO:PP,XANGRI-LÁ,15,0,15,1255,1270,PP,0.1452092385090327
2020,88145,PSD,PARTIDO:PSD,XANGRI-LÁ,8,0,8,1265,1273,PSD,0.14555225245826664
2020,88145,PSL,PARTIDO:PSL,XANGRI-LÁ,8,0,8,32,40,PSL,0.00457351932311914
2020,88145,PT,PARTIDO:PT,XANGRI-LÁ,17,0,17,124,141,PT,0.016121655613994968
2020,88145,PTB,PARTIDO:PTB,XANGRI-LÁ,141,0,141,2254,2395,PTB,0.2738394694717585
2020,88153,AVANTE,PARTIDO:AVANTE,RIO GRANDE,9,0,9,119,128,AVANTE,0.0013010510052651907
2020,88153,CIDADANIA,PARTIDO:CIDADANIA,RIO GRANDE,134,0,134,9336,9470,CIDADANIA,0.09625744546766685
2020,88153,DEM,PARTIDO:DEM,RIO GRANDE,189,0,189,4118,4307,DEM,0.043778333434977945
2020,88153,MDB,PARTIDO:MDB,RIO GRANDE,1912,0,1912,19522,21434,MDB,0.21786505661604766
2020,88153,PATRIOTA,PARTIDO:PATRIOTA,RIO GRANDE,151,0,151,8341,8492,PATRIOTA,0.0863166026305625
2020,88153,PC do B,PARTIDO:PC do B,RIO GRANDE,48,0,48,2329,2377,PC DO B,0.024160923746213737
2020,88153,PDT,PARTIDO:PDT,RIO GRANDE,289,0,289,3456,3745,PDT,0.03806590636498546
2020,88153,PL,PARTIDO:PL,RIO GRANDE,224,0,224,2450,2674,PL,0.027179768656868126
2020,88153,PODE,PARTIDO:PODE,RIO GRANDE,26,0,26,1031,1057,PODE,0.010743835254416459
2020,88153,PP,PARTIDO:PP,RIO GRANDE,176,0,176,4162,4338,PP,0.04409343172531561
2020,88153,PRTB,PARTIDO:PRTB,RIO GRANDE,5,0,5,286,291,PRTB,0.002957858144782582
2020,88153,PSB,PARTIDO:PSB,RIO GRANDE,101,0,101,5538,5639,PSB,0.057317395458518834
2020,88153,PSD,PARTIDO:PSD,RIO GRANDE,142,0,142,4104,4246,PSD,0.04315830131528125
2020,88153,PSDB,PARTIDO:PSDB,RIO GRANDE,152,0,152,4550,4702,PSDB,0.04779329552153849
2020,88153,PSL,PARTIDO:PSL,RIO GRANDE,87,0,87,265,352,PSL,0.0035778902644792747
2020,88153,PSOL,PARTIDO:PSOL,RIO GRANDE,127,0,127,1430,1557,PSOL,0.01582606574373361
2020,88153,PT,PARTIDO:PT,RIO GRANDE,1499,851,2350,12790,15140,PT,0.15388993921652336
2020,88153,PTB,PARTIDO:PTB,RIO GRANDE,55,0,55,1258,1313,PTB,0.01334593726494684
2020,88153,PV,PARTIDO:PV,RIO GRANDE,15,0,15,147,162,PV,0.0016466426785387571
2020,88153,REPUBLICANOS,PARTIDO:REPUBLICANOS,RIO GRANDE,77,0,77,6881,6958,REPUBLICANOS,0.07072431948933748
2020,88161,MDB,PARTIDO:MDB,BOA VISTA DO SUL,36,0,36,328,364,MDB,0.16537937301226716
2020,88161,PDT,PARTIDO:PDT,BOA VISTA DO SUL,7,0,7,235,242,PDT,0.10995002271694684
2020,88161,PSD,PARTIDO:PSD,BOA VISTA DO SUL,5,0,5,287,292,PSD,0.13266696955929122
2020,88161,PSDB,PARTIDO:PSDB,BOA VISTA DO SUL,47,0,47,904,951,PSDB,0.43207632894139025
2020,88161,PTB,PARTIDO:PTB,BOA VISTA DO SUL,8,0,8,344,352,PTB,0.1599273057701045
2020,88170,DEM,PARTIDO:DEM,RIO PARDO,5,0,5,307,312,DEM,0.014683734939759037
2020,88170,MDB,PARTIDO:MDB,RIO PARDO,423,0,423,3961,4384,MDB,0.2063253012048193
2020,88170,PDT,PARTIDO:PDT,RIO PARDO,74,0,74,1493,1567,PDT,0.07374811746987951
2020,88170,PL,PARTIDO:PL,RIO PARDO,16,0,16,830,846,PL,0.039815512048192774
2020,88170,PODE,PARTIDO:PODE,RIO PARDO,6,0,6,29,35,PODE,0.0016472138554216868
2020,88170,PP,PARTIDO:PP,RIO PARDO,54,0,54,1202,1256,PP,0.05911144578313253
2020,88170,PSDB,PARTIDO:PSDB,RIO PARDO,83,0,83,4137,4220,PSDB,0.19860692771084337
2020,88170,PSL,PARTIDO:PSL,RIO PARDO,37,0,37,1630,1667,PSL,0.07845444277108433
2020,88170,PT,PARTIDO:PT,RIO PARDO,75,0,75,698,773,PT,0.036379894578313254
2020,88170,PTB,PARTIDO:PTB,RIO PARDO,205,0,205,3333,3538,PTB,0.1665097891566265
2020,88170,REPUBLICANOS,PARTIDO:REPUBLICANOS,RIO PARDO,156,0,156,2494,2650,REPUBLICANOS,0.12471762048192771
2020,88188,DEM,PARTIDO:DEM,DILERMANDO DE AGUIAR,37,0,37,553,590,DEM,0.22788721514098106
2020,88188,MDB,PARTIDO:MDB,DILERMANDO DE AGUIAR,49,0,49,1078,1127,MDB,0.43530320587099264
2020,88188,PSB,PARTIDO:PSB,DILERMANDO DE AGUIAR,6,0,6,287,293,PSB,0.11317110853611433
2020,88188,PT,PARTIDO:PT,DILERMANDO DE AGUIAR,37,0,37,542,579,PT,0.22363847045191193
2020,88196,MDB,PARTIDO:MDB,ROCA SALES,142,0,142,3097,3239,MDB,0.4966268015946029
2020,88196,PP,PARTIDO:PP,ROCA SALES,37,0,37,1064,1101,PP,0.1688132474701012
2020,88196,PSDB,PARTIDO:PSDB,ROCA SALES,3,0,3,82,85,PSDB,0.0130328120208525
2020,88196,PSL,PARTIDO:PSL,ROCA SALES,18,0,18,221,239,PSL,0.03664520085863232
2020,88196,PTB,PARTIDO:PTB,ROCA SALES,103,0,103,1755,1858,PTB,0.2848819380558111
2020,88200,CIDADANIA,PARTIDO:CIDADANIA,CAPIVARI DO SUL,34,0,34,618,652,CIDADANIA,0.23161634103019538
2020,88200,PDT,PARTIDO:PDT,CAPIVARI DO SUL,66,0,66,1229,1295,PDT,0.46003552397868563
2020,88200,PP,PARTIDO:PP,CAPIVARI DO SUL,6,0,6,375,381,PP,0.13534635879218473
2020,88200,PSDB,PARTIDO:PSDB,CAPIVARI DO SUL,9,0,9,478,487,PSDB,0.17300177619893428
2020,88218,MDB,PARTIDO:MDB,RODEIO BONITO,61,0,61,1549,1610,MDB,0.38079470198675497
2020,88218,PP,PARTIDO:PP,RODEIO BONITO,39,0,39,1398,1437,PP,0.33987701040681173
2020,88218,PT,PARTIDO:PT,RODEIO BONITO,21,0,21,874,895,PT,0.21168401135288553
2020,88218,PTB,PARTIDO:PTB,RODEIO BONITO,61,0,61,225,286,PTB,0.06764427625354778
2020,88226,MDB,PARTIDO:MDB,NOVA CANDELÁRIA,4,0,4,241,245,MDB,0.10698689956331878
2020,88226,PDT,PARTIDO:PDT,NOVA CANDELÁRIA,25,117,142,808,950,PDT,0.4148471615720524
2020,88226,PP,PARTIDO:PP,NOVA CANDELÁRIA,35,0,35,637,672,PP,0.2934497816593886
2020,88226,PT,PARTIDO:PT,NOVA CANDELÁRIA,0,0,0,199,199,PT,0.0868995633187773
2020,88226,PTB,PARTIDO:PTB,NOVA CANDELÁRIA,5,0,5,219,224,PTB,0.09781659388646288
2020,88234,DEM,PARTIDO:DEM,ROLANTE,9,389,398,348,746,DEM,0.05787432117920869
2020,88234,MDB,PARTIDO:MDB,ROLANTE,143,0,143,2656,2799,MDB,0.21714507370054306
2020,88234,PDT,PARTIDO:PDT,ROLANTE,41,0,41,2247,2288,PDT,0.17750193948797519
2020,88234,PP,PARTIDO:PP,ROLANTE,181,0,181,1457,1638,PP,0.12707525213343676
2020,88234,PSB,PARTIDO:PSB,ROLANTE,28,0,28,2440,2468,PSB,0.19146625290923197
2020,88234,PSDB,PARTIDO:PSDB,ROLANTE,12,0,12,593,605,PSDB,0.04693560899922421
2020,88234,PT,PARTIDO:PT,ROLANTE,19,0,19,550,569,PT,0.04414274631497285
2020,88234,PTB,PARTIDO:PTB,ROLANTE,20,0,20,749,769,PTB,0.059658650116369276
2020,88234,REPUBLICANOS,PARTIDO:REPUBLICANOS,ROLANTE,61,0,61,947,1008,REPUBLICANOS,0.07820015515903801
2020,88242,MDB,PARTIDO:MDB,FLORIANO PEIXOTO,18,0,18,684,702,MDB,0.40114285714285713
2020,88242,PP,PARTIDO:PP,FLORIANO PEIXOTO,18,0,18,317,335,PP,0.19142857142857142
2020,88242,PT,PARTIDO:PT,FLORIANO PEIXOTO,28,0,28,562,590,PT,0.33714285714285713
2020,88242,PTB,PARTIDO:PTB,FLORIANO PEIXOTO,0,0,0,123,123,PTB,0.07028571428571428
2020,88250,MDB,PARTIDO:MDB,RONDA ALTA,26,0,26,865,891,MDB,0.13945844420097042
2020,88250,PDT,PARTIDO:PDT,RONDA ALTA,118,0,118,1506,1624,PDT,0.2541868837063703
2020,88250,PP,PARTIDO:PP,RONDA ALTA,33,0,33,695,728,PP,0.11394584442009704
2020,88250,PSB,PARTIDO:PSB,RONDA ALTA,66,0,66,696,762,PSB,0.11926749100015652
2020,88250,PSL,PARTIDO:PSL,RONDA ALTA,5,0,5,67,72,PSL,0.011269369228361246
2020,88250,PT,PARTIDO:PT,RONDA ALTA,57,0,57,2255,2312,PT,0.36187196744404443
2020,88269,MDB,PARTIDO:MDB,CHUVISCA,65,0,65,837,902,MDB,0.25394144144144143
2020,88269,PDT,PARTIDO:PDT,CHUVISCA,7,0,7,303,310,PDT,0.08727477477477477
2020,88269,PL,PARTIDO:PL,CHUVISCA,2,0,2,165,167,PL,0.047015765765765764
2020,88269,PP,PARTIDO:PP,CHUVISCA,22,0,22,934,956,PP,0.26914414414414417
2020,88269,PSB,PARTIDO:PSB,CHUVISCA,44,0,44,670,714,PSB,0.20101351351351351
2020,88269,PSD,PARTIDO:PSD,CHUVISCA,3,0,3,354,357,PSD,0.10050675675675676
2020,88269,PT,PARTIDO:PT,CHUVISCA,2,0,2,97,99,PT,0.02787162162162162
2020,88269,PTB,PARTIDO:PTB,CHUVISCA,1,0,1,46,47,PTB,0.013231981981981982
2020,88277,PDT,PARTIDO:PDT,RONDINHA,14,0,14,619,633,PDT,0.16033434650455927
2020,88277,PP,PARTIDO:PP,RONDINHA,112,0,112,2185,2297,PP,0.5818135764944276
2020,88277,PT,PARTIDO:PT,RONDINHA,31,0,31,987,1018,PT,0.25785207700101315
2020,88285,MDB,PARTIDO:MDB,ESPERANÇA DO SUL,68,0,68,1838,1906,MDB,0.7399068322981367
2020,88285,PSB,PARTIDO:PSB,ESPERANÇA DO SUL,2,0,2,97,99,PSB,0.038431677018633544
2020,88285,PTB,PARTIDO:PTB,ESPERANÇA DO SUL,40,0,40,531,571,PTB,0.22166149068322982
2020,88293,MDB,PARTIDO:MDB,ROQUE GONZALES,76,0,76,1608,1684,MDB,0.36387208297320656
2020,88293,PP,PARTIDO:PP,ROQUE GONZALES,127,0,127,2687,2814,PP,0.608038029386344
2020,88293,PT,PARTIDO:PT,ROQUE GONZALES,1,0,1,129,130,PT,0.028089887640449437
2020,88307,MDB,PARTIDO:MDB,DOUTOR RICARDO,41,0,41,975,1016,MDB,0.5291666666666667
2020,88307,PDT,PARTIDO:PDT,DOUTOR RICARDO,9,0,9,254,263,PDT,0.13697916666666668
2020,88307,PP,PARTIDO:PP,DOUTOR RICARDO,27,0,27,614,641,PP,0.3338541666666667
2020,88315,DEM,PARTIDO:DEM,ROSÁRIO DO SUL,232,0,232,2520,2752,DEM,0.13126013545740722
2020,88315,MDB,PARTIDO:MDB,ROSÁRIO DO SUL,66,0,66,1291,1357,MDB,0.0647238385958218
2020,88315,PDT,PARTIDO:PDT,ROSÁRIO DO SUL,436,0,436,4650,5086,PDT,0.24258322999141468
2020,88315,PL,PARTIDO:PL,ROSÁRIO DO SUL,29,0,29,1112,1141,PL,0.05442144424306019
2020,88315,PP,PARTIDO:PP,ROSÁRIO DO SUL,145,0,145,3656,3801,PP,0.1812935228465134
2020,88315,PSDB,PARTIDO:PSDB,ROSÁRIO DO SUL,13,0,13,254,267,PSDB,0.012734904130496995
2020,88315,PSL,PARTIDO:PSL,ROSÁRIO DO SUL,21,0,21,283,304,PSL,0.014499666126108939
2020,88315,PT,PARTIDO:PT,ROSÁRIO DO SUL,67,0,67,1243,1310,PT,0.06248211389869312
2020,88315,PTB,PARTIDO:PTB,ROSÁRIO DO SUL,141,0,141,3893,4034,PTB,0.19240675379185349
2020,88315,REPUBLICANOS,PARTIDO:REPUBLICANOS,ROSÁRIO DO SUL,17,0,17,897,914,REPUBLICANOS,0.04359439091863016
2020,88323,MDB,PARTIDO:MDB,HERVEIRAS,32,0,32,581,613,MDB,0.2563780844834797
2020,88323,PP,PARTIDO:PP,HERVEIRAS,22,0,22,564,586,PP,0.2450857381848599
2020,88323,PSB,PARTIDO:PSB,HERVEIRAS,6,0,6,309,315,PSB,0.13174404015056462
2020,88323,PTB,PARTIDO:PTB,HERVEIRAS,51,0,51,826,877,PTB,0.36679213718109577
2020,88331,MDB,PARTIDO:MDB,SALVADOR DO SUL,92,0,92,2270,2362,MDB,0.5131436019986965
2020,88331,PP,PARTIDO:PP,SALVADOR DO SUL,81,0,81,935,1016,PP,0.22072561373017596
2020,88331,PT,PARTIDO:PT,SALVADOR DO SUL,4,0,4,240,244,PT,0.05300890723441234
2020,88331,REPUBLICANOS,PARTIDO:REPUBLICANOS,SALVADOR DO SUL,12,0,12,969,981,REPUBLICANOS,0.21312187703671517
2020,88340,MDB,PARTIDO:MDB,CARAÁ,87,0,87,1384,1471,MDB,0.292329093799682
2020,88340,PP,PARTIDO:PP,CARAÁ,28,0,28,1115,1143,PP,0.2271462639109698
2020,88340,PSDB,PARTIDO:PSDB,CARAÁ,82,0,82,1389,1471,PSDB,0.292329093799682
2020,88340,REPUBLICANOS,PARTIDO:REPUBLICANOS,CARAÁ,62,0,62,885,947,REPUBLICANOS,0.18819554848966613
2020,88358,DEM,PARTIDO:DEM,SANANDUVA,4,0,4,221,225,DEM,0.02146332156825336
2020,88358,MDB,PARTIDO:MDB,SANANDUVA,51,0,51,1956,2007,MDB,0.19145282838882
2020,88358,PDT,PARTIDO:PDT,SANANDUVA,58,0,58,1990,2048,PDT,0.19536392254125728
2020,88358,PL,PARTIDO:PL,SANANDUVA,150,0,150,295,445,PL,0.042449680434989985
2020,88358,PP,PARTIDO:PP,SANANDUVA,211,0,211,2024,2235,PP,0.2132023275779834
2020,88358,PSDB,PARTIDO:PSDB,SANANDUVA,17,0,17,773,790,PSDB,0.07536010683964514
2020,88358,PT,PARTIDO:PT,SANANDUVA,43,0,43,2198,2241,PT,0.2137746828198035
2020,88358,PV,PARTIDO:PV,SANANDUVA,16,0,16,476,492,PV,0.046933129829247355
2020,88366,MDB,PARTIDO:MDB,FAZENDA VILANOVA,2,0,2,115,117,MDB,0.04026152787336545
2020,88366,PDT,PARTIDO:PDT,FAZENDA VILANOVA,51,0,51,1099,1150,PDT,0.395732966276669
2020,88366,PP,PARTIDO:PP,FAZENDA VILANOVA,58,0,58,1120,1178,PP,0.4053682037164487
2020,88366,REPUBLICANOS,PARTIDO:REPUBLICANOS,FAZENDA VILANOVA,14,0,14,447,461,REPUBLICANOS,0.15863730213351687
2020,88374,MDB,PARTIDO:MDB,SANTA BÁRBARA DO SUL,13,0,13,284,297,MDB,0.0539705615119026
2020,88374,PDT,PARTIDO:PDT,SANTA BÁRBARA DO SUL,97,0,97,1104,1201,PDT,0.21824459385789569
2020,88374,PP,PARTIDO:PP,SANTA BÁRBARA DO SUL,114,0,114,2623,2737,PP,0.49736507359622023
2020,88374,PT,PARTIDO:PT,SANTA BÁRBARA DO SUL,24,0,24,1244,1268,PT,0.23041977103398145
2020,88382,DEM,PARTIDO:DEM,ITAARA,3,0,3,162,165,DEM,0.05086313193588163
2020,88382,MDB,PARTIDO:MDB,ITAARA,36,0,36,543,579,MDB,0.1784833538840937
2020,88382,PP,PARTIDO:PP,ITAARA,33,0,33,770,803,PP,0.24753390875462392
2020,88382,PSB,PARTIDO:PSB,ITAARA,68,0,68,973,1041,PSB,0.32090012330456225
2020,88382,PSDB,PARTIDO:PSDB,ITAARA,7,0,7,228,235,PSDB,0.07244143033292232
2020,88382,PSL,PARTIDO:PSL,ITAARA,15,0,15,168,183,PSL,0.056411837237977804
2020,88382,PT,PARTIDO:PT,ITAARA,7,0,7,231,238,PT,0.07336621454993834
2020,88390,CIDADANIA,PARTIDO:CIDADANIA,SANTA CRUZ DO SUL,56,0,56,3078,3134,CIDADANIA,0.041714917009410483
2020,88390,DEM,PARTIDO:DEM,SANTA CRUZ DO SUL,83,0,83,3421,3504,DEM,0.04663977957912391
2020,88390,MDB,PARTIDO:MDB,SANTA CRUZ DO SUL,537,0,537,5832,6369,MDB,0.08477418839595895
2020,88390,NOVO,PARTIDO:NOVO,SANTA CRUZ DO SUL,351,0,351,4469,4820,NOVO,0.06415631780005059
2020,88390,PC do B,PARTIDO:PC do B,SANTA CRUZ DO SUL,7,0,7,49,56,PC DO B,0.0007453846051458158
2020,88390,PDT,PARTIDO:PDT,SANTA CRUZ DO SUL,141,0,141,4065,4206,PDT,0.05598370802220181
2020,88390,PL,PARTIDO:PL,SANTA CRUZ DO SUL,62,0,62,1974,2036,PL,0.027100054572801447
2020,88390,PP,PARTIDO:PP,SANTA CRUZ DO SUL,810,0,810,9066,9876,PP,0.13145389929321566
2020,88390,PSB,PARTIDO:PSB,SANTA CRUZ DO SUL,43,0,43,2233,2276,PSB,0.030294560023426374
2020,88390,PSD,PARTIDO:PSD,SANTA CRUZ DO SUL,183,0,183,7998,8181,PSD,0.10889270454817714
2020,88390,PSDB,PARTIDO:PSDB,SANTA CRUZ DO SUL,123,0,123,6638,6761,PSDB,0.08999188063197966
2020,88390,PSL,PARTIDO:PSL,SANTA CRUZ DO SUL,14,0,14,801,815,PSL,0.01084800809274714
2020,88390,PT,PARTIDO:PT,SANTA CRUZ DO SUL,289,0,289,3124,3413,PT,0.045428529595761956
2020,88390,PTB,PARTIDO:PTB,SANTA CRUZ DO SUL,721,0,721,12024,12745,PTB,0.16964154986756114
2020,88390,REPUBLICANOS,PARTIDO:REPUBLICANOS,SANTA CRUZ DO SUL,94,0,94,6843,6937,REPUBLICANOS,0.09233451796243794
2020,88404,MDB,PARTIDO:MDB,ESTRELA VELHA,58,0,58,1280,1338,MDB,0.48867786705624544
2020,88404,PDT,PARTIDO:PDT,ESTRELA VELHA,5,0,5,272,277,PDT,0.10116873630387144
2020,88404,PP,PARTIDO:PP,ESTRELA VELHA,47,0,47,1076,1123,PP,0.41015339663988315
2020,88412,AVANTE,PARTIDO:AVANTE,SANTA MARIA,19,0,19,362,381,AVANTE,0.0028949827896692427
2020,88412,CIDADANIA,PARTIDO:CIDADANIA,SANTA MARIA,188,0,188,1533,1721,CIDADANIA,0.013076812023676552
2020,88412,DEM,PARTIDO:DEM,SANTA MARIA,109,0,109,5688,5797,DEM,0.04404780900711968
2020,88412,MDB,PARTIDO:MDB,SANTA MARIA,274,0,274,13699,13973,MDB,0.10617216409461502
2020,88412,PC do B,PARTIDO:PC do B,SANTA MARIA,99,0,99,6249,6348,PC DO B,0.04823451640110329
2020,88412,PDT,PARTIDO:PDT,SANTA MARIA,651,0,651,7593,8244,PDT,0.0626410449292211
2020,88412,PL,PARTIDO:PL,SANTA MARIA,102,0,102,4510,4612,PL,0.035043728677046054
2020,88412,PP,PARTIDO:PP,SANTA MARIA,1431,0,1431,17366,18797,PP,0.14282674933704134
2020,88412,PSB,PARTIDO:PSB,SANTA MARIA,143,0,143,9168,9311,PSB,0.07074851641630005
2020,88412,PSD,PARTIDO:PSD,SANTA MARIA,72,0,72,3851,3923,PSD,0.029808444839560206
2020,88412,PSDB,PARTIDO:PSDB,SANTA MARIA,1112,0,1112,13768,14880,PSDB,0.11306389477763341
2020,88412,PSL,PARTIDO:PSL,SANTA MARIA,98,0,98,4635,4733,PSL,0.035963132660116866
2020,88412,PSOL,PARTIDO:PSOL,SANTA MARIA,97,0,97,3902,3999,PSOL,0.03038592172148898
2020,88412,PT,PARTIDO:PT,SANTA MARIA,1816,0,1816,14921,16737,PT,0.12717408648476144
2020,88412,PTB,PARTIDO:PTB,SANTA MARIA,132,0,132,4422,4554,PTB,0.0346030226355741
2020,88412,REPUBLICANOS,PARTIDO:REPUBLICANOS,SANTA MARIA,485,0,485,10850,11335,REPUBLICANOS,0.08612763758766631
2020,88412,SOLIDARIEDADE,PARTIDO:SOLIDARIEDADE,SANTA MARIA,33,0,33,2229,2262,SOLIDARIEDADE,0.01718753561740637
2020,88420,CIDADANIA,PARTIDO:CIDADANIA,BENJAMIN CONSTANT DO SUL,38,0,38,407,445,CIDADANIA,0.2335958005249344
2020,88420,MDB,PARTIDO:MDB,BENJAMIN CONSTANT DO SUL,5,0,5,324,329,MDB,0.17270341207349083
2020,88420,PC do B,PARTIDO:PC do B,BENJAMIN CONSTANT DO SUL,1,0,1,59,60,PC DO B,0.031496062992125984
2020,88420,PP,PARTIDO:PP,BENJAMIN CONSTANT DO SUL,13,0,13,275,288,PP,0.15118110236220472
2020,88420,PSB,PARTIDO:PSB,BENJAMIN CONSTANT DO SUL,2,0,2,111,113,PSB,0.05931758530183727
2020,88420,PT,PARTIDO:PT,BENJAMIN CONSTANT DO SUL,41,0,41,629,670,PT,0.35170603674540685
2020,88439,MDB,PARTIDO:MDB,SANTANA DA BOA VISTA,98,0,98,1380,1478,MDB,0.28222264655337026
2020,88439,PDT,PARTIDO:PDT,SANTANA DA BOA VISTA,13,0,13,155,168,PDT,0.03207943479091083
2020,88439,PP,PARTIDO:PP,SANTANA DA BOA VISTA,77,0,77,1324,1401,PP,0.2675195722742028
2020,88439,PSD,PARTIDO:PSD,SANTANA DA BOA VISTA,64,0,64,704,768,PSD,0.1466488447584495
2020,88439,PSL,PARTIDO:PSL,SANTANA DA BOA VISTA,3,0,3,40,43,PSL,0.008210807714340271
2020,88439,PT,PARTIDO:PT,SANTANA DA BOA VISTA,15,0,15,630,645,PT,0.12316211571510406
2020,88439,PTB,PARTIDO:PTB,SANTANA DA BOA VISTA,11,0,11,723,734,PTB,0.14015657819362232
2020,88447,MDB,PARTIDO:MDB,MAÇAMBARÁ,67,0,67,1079,1146,MDB,0.34854014598540145
2020,88447,PDT,PARTIDO:PDT,MAÇAMBARÁ,12,0,12,139,151,PDT,0.04592457420924574
2020,88447,PP,PARTIDO:PP,MAÇAMBARÁ,17,0,17,500,517,PP,0.15723844282238442
2020,88447,PSDB,PARTIDO:PSDB,MAÇAMBARÁ,61,0,61,1413,1474,PSDB,0.44829683698296835
2020,88455,DEM,PARTIDO:DEM,SANT ANA DO LIVRAMENTO,413,0,413,2251,2664,DEM,0.059444382461229496
2020,88455,MDB,PARTIDO:MDB,SANT ANA DO LIVRAMENTO,95,0,95,3218,3313,MDB,0.07392614080107107
2020,88455,PC do B,PARTIDO:PC do B,SANT ANA DO LIVRAMENTO,37,0,37,604,641,PC DO B,0.01430324668079884
2020,88455,PCB,PARTIDO:PCB,SANT ANA DO LIVRAMENTO,14,0,14,64,78,PCB,0.0017404886756666295
2020,88455,PDT,PARTIDO:PDT,SANT ANA DO LIVRAMENTO,681,0,681,8968,9649,PDT,0.2153073747629142
2020,88455,PL,PARTIDO:PL,SANT ANA DO LIVRAMENTO,31,0,31,241,272,PL,0.006069396407452862
2020,88455,PP,PARTIDO:PP,SANT ANA DO LIVRAMENTO,283,0,283,4431,4714,PP,0.10518799509092938
2020,88455,PSB,PARTIDO:PSB,SANT ANA DO LIVRAMENTO,466,0,466,4628,5094,PSB,0.11366729889545911
2020,88455,PSC,PARTIDO:PSC,SANT ANA DO LIVRAMENTO,46,0,46,1917,1963,PSC,0.04380229833761017
2020,88455,PSDB,PARTIDO:PSDB,SANT ANA DO LIVRAMENTO,48,0,48,1311,1359,PSDB,0.030324668079883967
2020,88455,PSL,PARTIDO:PSL,SANT ANA DO LIVRAMENTO,103,0,103,762,865,PSL,0.019301573133995314
2020,88455,PSOL,PARTIDO:PSOL,SANT ANA DO LIVRAMENTO,39,0,39,232,271,PSOL,0.0060470824500725205
2020,88455,PT,PARTIDO:PT,SANT ANA DO LIVRAMENTO,454,0,454,5845,6299,PT,0.1405556175387705
2020,88455,PTB,PARTIDO:PTB,SANT ANA DO LIVRAMENTO,140,0,140,3866,4006,PTB,0.08938971326564767
2020,88455,REPUBLICANOS,PARTIDO:REPUBLICANOS,SANT ANA DO LIVRAMENTO,51,0,51,3576,3627,REPUBLICANOS,0.08093272341849828
2020,88463,MDB,PARTIDO:MDB,DOM PEDRO DE ALCÂNTARA,19,0,19,877,896,MDB,0.4100686498855835
2020,88463,PDT,PARTIDO:PDT,DOM PEDRO DE ALCÂNTARA,13,0,13,178,191,PDT,0.0874141876430206
2020,88463,PP,PARTIDO:PP,DOM PEDRO DE ALCÂNTARA,15,0,15,855,870,PP,0.39816933638443935
2020,88463,PSB,PARTIDO:PSB,DOM PEDRO DE ALCÂNTARA,3,0,3,225,228,PSB,0.10434782608695652
2020,88471,CIDADANIA,PARTIDO:CIDADANIA,SANTA ROSA,83,0,83,8300,8383,CIDADANIA,0.19459145775301764
2020,88471,DEM,PARTIDO:DEM,SANTA ROSA,26,0,26,1292,1318,DEM,0.030594243268337977
2020,88471,MDB,PARTIDO:MDB,SANTA ROSA,108,0,108,5206,5314,MDB,0.1233519034354689
2020,88471,PC do B,PARTIDO:PC do B,SANTA ROSA,29,0,29,2432,2461,PC DO B,0.05712627669452182
2020,88471,PDT,PARTIDO:PDT,SANTA ROSA,81,0,81,1353,1434,PDT,0.03328690807799443
2020,88471,PL,PARTIDO:PL,SANTA ROSA,63,0,63,2174,2237,PL,0.05192664809656453
2020,88471,PP,PARTIDO:PP,SANTA ROSA,535,0,535,7993,8528,PP,0.1979572887650882
2020,88471,PRTB,PARTIDO:PRTB,SANTA ROSA,12,0,12,453,465,PRTB,0.010793871866295265
2020,88471,PSB,PARTIDO:PSB,SANTA ROSA,12,0,12,557,569,PSB,0.01320798514391829
2020,88471,PSD,PARTIDO:PSD,SANTA ROSA,16,0,16,156,172,PSD,0.003992571959145775
2020,88471,PSDB,PARTIDO:PSDB,SANTA ROSA,57,0,57,686,743,PSDB,0.01724698235840297
2020,88471,PSL,PARTIDO:PSL,SANTA ROSA,5,0,5,138,143,PSL,0.0033194057567316622
2020,88471,PT,PARTIDO:PT,SANTA ROSA,601,0,601,5973,6574,PT,0.15259981429897865
2020,88471,REPUBLICANOS,PARTIDO:REPUBLICANOS,SANTA ROSA,83,0,83,4656,4739,REPUBLICANOS,0.1100046425255339
2020,88480,MDB,PARTIDO:MDB,UNISTALDA,31,0,31,596,627,MDB,0.28396739130434784
2020,88480,PDT,PARTIDO:PDT,UNISTALDA,6,0,6,152,158,PDT,0.07155797101449275
2020,88480,PP,PARTIDO:PP,UNISTALDA,57,0,57,1029,1086,PP,0.49184782608695654
2020,88480,PT,PARTIDO:PT,UNISTALDA,2,0,2,335,337,PT,0.1526268115942029
2020,88498,MDB,PARTIDO:MDB,SANTA VITÓRIA DO PALMAR,372,0,372,4544,4916,MDB,0.3022255010451248
2020,88498,PDT,PARTIDO:PDT,SANTA VITÓRIA DO PALMAR,140,0,140,1851,1991,PDT,0.12240255748186402
2020,88498,PP,PARTIDO:PP,SANTA VITÓRIA DO PALMAR,48,0,48,300,348,PP,0.021394319439321283
2020,88498,PSB,PARTIDO:PSB,SANTA VITÓRIA DO PALMAR,25,0,25,1489,1514,PSB,0.09307758514693225
2020,88498,PSDB,PARTIDO:PSDB,SANTA VITÓRIA DO PALMAR,65,0,65,2635,2700,PSDB,0.16599040944300997
2020,88498,PT,PARTIDO:PT,SANTA VITÓRIA DO PALMAR,318,0,318,3879,4197,PT,0.2580228697897455
2020,88498,REPUBLICANOS,PARTIDO:REPUBLICANOS,SANTA VITÓRIA DO PALMAR,16,0,16,584,600,REPUBLICANOS,0.03688675765400221
2020,88501,MDB,PARTIDO:MDB,TURUÇU,28,0,28,661,689,MDB,0.24528301886792453
2020,88501,PDT,PARTIDO:PDT,TURUÇU,8,0,8,490,498,PDT,0.1772872908508366
2020,88501,PP,PARTIDO:PP,TURUÇU,62,0,62,1182,1244,PP,0.4428622285510858
2020,88501,PSDB,PARTIDO:PSDB,TURUÇU,12,0,12,366,378,PSDB,0.13456746173015308
2020,88510,MDB,PARTIDO:MDB,SANTIAGO,61,0,61,2075,2136,MDB,0.08015610927649354
2020,88510,PDT,PARTIDO:PDT,SANTIAGO,172,0,172,1550,1722,PDT,0.06462023416391474
2020,88510,PL,PARTIDO:PL,SANTIAGO,172,0,172,4342,4514,PL,0.169393575502852
2020,88510,PP,PARTIDO:PP,SANTIAGO,678,0,678,14345,15023,PP,0.5637571299909937
2020,88510,PSDB,PARTIDO:PSDB,SANTIAGO,13,0,13,421,434,PSDB,0.016286400480336236
2020,88510,PSL,PARTIDO:PSL,SANTIAGO,29,0,29,1230,1259,PSL,0.047245571900330234
2020,88510,PT,PARTIDO:PT,SANTIAGO,51,0,51,1509,1560,PT,0.058540978685079556
2020,88528,MDB,PARTIDO:MDB,CRISTAL DO SUL,17,0,17,450,467,MDB,0.2115994562754871
2020,88528,PDT,PARTIDO:PDT,CRISTAL DO SUL,9,0,9,282,291,PDT,0.13185319438151336
2020,88528,PP,PARTIDO:PP,CRISTAL DO SUL,10,0,10,377,387,PP,0.17535115541458995
2020,88528,PSB,PARTIDO:PSB,CRISTAL DO SUL,6,0,6,257,263,PSB,0.11916628908019937
2020,88528,PSDB,PARTIDO:PSDB,CRISTAL DO SUL,1,0,1,242,243,PSDB,0.11010421386497508
2020,88528,PT,PARTIDO:PT,CRISTAL DO SUL,20,0,20,536,556,PT,0.25192569098323514
2020,88536,MDB,PARTIDO:MDB,SANTO ÂNGELO,108,0,108,5689,5797,MDB,0.15118007562915634
2020,88536,PATRIOTA,PARTIDO:PATRIOTA,SANTO ÂNGELO,16,0,16,221,237,PATRIOTA,0.006180727604642065
2020,88536,PC do B,PARTIDO:PC do B,SANTO ÂNGELO,14,0,14,931,945,PC DO B,0.024644673360281654
2020,88536,PDT,PARTIDO:PDT,SANTO ÂNGELO,670,0,670,8634,9304,PDT,0.2426391967662016
2020,88536,PL,PARTIDO:PL,SANTO ÂNGELO,245,0,245,1190,1435,PL,0.037423392880427696
2020,88536,PP,PARTIDO:PP,SANTO ÂNGELO,199,0,199,3118,3317,PP,0.08650410744556004
2020,88536,PRTB,PARTIDO:PRTB,SANTO ÂNGELO,283,0,283,5622,5905,PRTB,0.15399660972747425
2020,88536,PSD,PARTIDO:PSD,SANTO ÂNGELO,23,0,23,1356,1379,PSD,0.035962967792411
2020,88536,PSL,PARTIDO:PSL,SANTO ÂNGELO,48,0,48,2935,2983,PSL,0.07779371495631764
2020,88536,PT,PARTIDO:PT,SANTO ÂNGELO,88,0,88,2220,2308,PT,0.06019037684183075
2020,88536,PTB,PARTIDO:PTB,SANTO ÂNGELO,73,0,73,3567,3640,PTB,0.09492763072108489
2020,88536,REDE,PARTIDO:REDE,SANTO ÂNGELO,8,0,8,150,158,REDE,0.004120485069761377
2020,88536,REPUBLICANOS,PARTIDO:REPUBLICANOS,SANTO ÂNGELO,31,0,31,906,937,REPUBLICANOS,0.024436041204850698
2020,88544,DEM,PARTIDO:DEM,MUITOS CAPÕES,70,0,70,1135,1205,DEM,0.5127659574468085
2020,88544,PP,PARTIDO:PP,MUITOS CAPÕES,64,0,64,1081,1145,PP,0.48723404255319147
2020,88552,MDB,PARTIDO:MDB,SANTO ANTÔNIO DA PATRULHA,390,0,390,6399,6789,MDB,0.2857202979672573
2020,88552,PDT,PARTIDO:PDT,SANTO ANTÔNIO DA PATRULHA,65,0,65,1378,1443,PDT,0.06072976726568747
2020,88552,PP,PARTIDO:PP,SANTO ANTÔNIO DA PATRULHA,533,0,533,7629,8162,PP,0.34350406127688227
2020,88552,PSL,PARTIDO:PSL,SANTO ANTÔNIO DA PATRULHA,16,0,16,1004,1020,PSL,0.04292748621691006
2020,88552,PT,PARTIDO:PT,SANTO ANTÔNIO DA PATRULHA,74,0,74,924,998,PT,0.04200159925929044
2020,88552,PTB,PARTIDO:PTB,SANTO ANTÔNIO DA PATRULHA,83,0,83,3938,4021,PTB,0.1692268843903876
2020,88552,REPUBLICANOS,PARTIDO:REPUBLICANOS,SANTO ANTÔNIO DA PATRULHA,32,0,32,1296,1328,REPUBLICANOS,0.05588990362358487
2020,88560,MDB,PARTIDO:MDB,NOVA RAMADA,3,0,3,260,263,MDB,0.14474408365437536
2020,88560,PC do B,PARTIDO:PC do B,NOVA RAMADA,1,0,1,180,181,PC DO B,0.0996147495872317
2020,88560,PDT,PARTIDO:PDT,NOVA RAMADA,26,0,26,304,330,PDT,0.18161805173362686
2020,88560,PP,PARTIDO:PP,NOVA RAMADA,21,0,21,489,510,PP,0.28068244358833244
2020,88560,PT,PARTIDO:PT,NOVA RAMADA,6,0,6,340,346,PT,0.19042377545404512
2020,88560,PTB,PARTIDO:PTB,NOVA RAMADA,6,0,6,181,187,PTB,0.10291689598238855
2020,88579,PDT,PARTIDO:PDT,SANTO ANTÔNIO DAS MISSÕES,174,0,174,1473,1647,PDT,0.25268487266032524
2020,88579,PP,PARTIDO:PP,SANTO ANTÔNIO DAS MISSÕES,161,0,161,2592,2753,PP,0.42236882479288124
2020,88579,PSB,PARTIDO:PSB,SANTO ANTÔNIO DAS MISSÕES,26,0,26,1449,1475,PSB,0.22629640994169992
2020,88579,PT,PARTIDO:PT,SANTO ANTÔNIO DAS MISSÕES,23,0,23,620,643,PT,0.09864989260509359
2020,88587,MDB,PARTIDO:MDB,JARI,65,0,65,967,1032,MDB,0.41646489104116224
2020,88587,PP,PARTIDO:PP,JARI,43,0,43,1094,1137,PP,0.45883777239709445
2020,88587,PSB,PARTIDO:PSB,JARI,3,0,3,306,309,PSB,0.12469733656174334
2020,88595,DEM,PARTIDO:DEM,SANTO AUGUSTO,108,0,108,1982,2090,DEM,0.24324953445065176
2020,88595,MDB,PARTIDO:MDB,SANTO AUGUSTO,107,0,107,1456,1563,MDB,0.18191340782122906
2020,88595,PDT,PARTIDO:PDT,SANTO AUGUSTO,74,0,74,2018,2092,PDT,0.24348230912476723
2020,88595,PP,PARTIDO:PP,SANTO AUGUSTO,57,0,57,1698,1755,PP,0.20425977653631286
2020,88595,PSD,PARTIDO:PSD,SANTO AUGUSTO,10,0,10,372,382,PSD,0.04445996275605214
2020,88595,PT,PARTIDO:PT,SANTO AUGUSTO,67,0,67,643,710,PT,0.08263500931098697
2020,88609,MDB,PARTIDO:MDB,UBIRETAMA,13,0,13,386,399,MDB,0.2301038062283737
2020,88609,PDT,PARTIDO:PDT,UBIRETAMA,15,0,15,261,276,PDT,0.15916955017301038
2020,88609,PP,PARTIDO:PP,UBIRETAMA,17,0,17,428,445,PP,0.2566320645905421
2020,88609,PSL,PARTIDO:PSL,UBIRETAMA,1,0,1,99,100,PSL,0.05767012687427912
2020,88609,PT,PARTIDO:PT,UBIRETAMA,5,0,5,176,181,PT,0.10438292964244521
2020,88609,PTB,PARTIDO:PTB,UBIRETAMA,17,0,17,316,333,PTB,0.19204152249134948
2020,88617,MDB,PARTIDO:MDB,SANTO CRISTO,267,0,267,5050,5317,MDB,0.5144156346749226
2020,88617,PDT,PARTIDO:PDT,SANTO CRISTO,34,0,34,2627,2661,PDT,0.2574496904024768
2020,88617,PT,PARTIDO:PT,SANTO CRISTO,163,0,163,2195,2358,PT,0.22813467492260062
2020,88625,PDT,PARTIDO:PDT,BARRA DO QUARAÍ,26,0,26,604,630,PDT,0.2589395807644883
2020,88625,PSB,PARTIDO:PSB,BARRA DO QUARAÍ,4,0,4,626,630,PSB,0.2589395807644883
2020,88625,PT,PARTIDO:PT,BARRA DO QUARAÍ,37,0,37,488,525,PT,0.2157829839704069
2020,88625,PTB,PARTIDO:PTB,BARRA DO QUARAÍ,5,0,5,107,112,PTB,0.04603370324702014
2020,88625,REPUBLICANOS,PARTIDO:REPUBLICANOS,BARRA DO QUARAÍ,40,0,40,496,536,REPUBLICANOS,0.22030415125359637
2020,88633,DEM,PARTIDO:DEM,SÃO BORJA,92,0,92,1517,1609,DEM,0.04907881893606637
2020,88633,MDB,PARTIDO:MDB,SÃO BORJA,29,0,29,259,288,MDB,0.008784773060029283
2020,88633,PC do B,PARTIDO:PC do B,SÃO BORJA,0,0,0,14,14,PC DO B,0.000427037579306979
2020,88633,PDT,PARTIDO:PDT,SÃO BORJA,433,0,433,7116,7549,PDT,0.23026476329917034
2020,88633,PL,PARTIDO:PL,SÃO BORJA,22,0,22,1076,1098,PL,0.03349194729136164
2020,88633,PP,PARTIDO:PP,SÃO BORJA,798,0,798,13939,14737,PP,0.4495180575890678
2020,88633,PSB,PARTIDO:PSB,SÃO BORJA,24,0,24,1685,1709,PSB,0.05212908735968765
2020,88633,PSDB,PARTIDO:PSDB,SÃO BORJA,34,0,34,1526,1560,PSDB,0.04758418740849195
2020,88633,PT,PARTIDO:PT,SÃO BORJA,45,0,45,1609,1654,PT,0.05045143972669595
2020,88633,PTB,PARTIDO:PTB,SÃO BORJA,65,0,65,2501,2566,PTB,0.07826988775012202
2020,88641,MDB,PARTIDO:MDB,CERRITO,12,0,12,367,379,MDB,0.09019514516896716
2020,88641,PDT,PARTIDO:PDT,CERRITO,19,0,19,501,520,PDT,0.12375059495478344
2020,88641,PP,PARTIDO:PP,CERRITO,96,0,96,1689,1785,PP,0.4247977153736316
2020,88641,PSDB,PARTIDO:PSDB,CERRITO,9,0,9,455,464,PSDB,0.11042360780580676
2020,88641,PTB,PARTIDO:PTB,CERRITO,8,0,8,1046,1054,PTB,0.25083293669681106
2020,88650,MDB,PARTIDO:MDB,SÃO FRANCISCO DE ASSIS,165,0,165,2036,2201,MDB,0.20643406490339525
2020,88650,PDT,PARTIDO:PDT,SÃO FRANCISCO DE ASSIS,79,0,79,3704,3783,PDT,0.35481148002250984
2020,88650,PP,PARTIDO:PP,SÃO FRANCISCO DE ASSIS,241,0,241,4437,4678,PP,0.43875445507409494
2020,88668,MDB,PARTIDO:MDB,VALE VERDE,52,0,52,1200,1252,MDB,0.466120625465376
2020,88668,PDT,PARTIDO:PDT,VALE VERDE,13,0,13,366,379,PDT,0.14110201042442294
2020,88668,PSB,PARTIDO:PSB,VALE VERDE,31,0,31,580,611,PSB,0.227475800446761
2020,88668,PTB,PARTIDO:PTB,VALE VERDE,7,0,7,180,187,PTB,0.06962025316455696
2020,88668,REPUBLICANOS,PARTIDO:REPUBLICANOS,VALE VERDE,6,0,6,251,257,REPUBLICANOS,0.0956813104988831
2020,88676,DEM,PARTIDO:DEM,SÃO FRANCISCO DE PAULA,21,0,21,866,887,DEM,0.07683645183645184
2020,88676,MDB,PARTIDO:MDB,SÃO FRANCISCO DE PAULA,16,0,16,326,342,MDB,0.029625779625779627
2020,88676,PDT,PARTIDO:PDT,SÃO FRANCISCO DE PAULA,48,0,48,1954,2002,PDT,0.17342342342342343
2020,88676,PP,PARTIDO:PP,SÃO FRANCISCO DE PAULA,290,0,290,3130,3420,PP,0.29625779625779625
2020,88676,PSB,PARTIDO:PSB,SÃO FRANCISCO DE PAULA,24,0,24,1503,1527,PSB,0.13227650727650728
2020,88676,PSDB,PARTIDO:PSDB,SÃO FRANCISCO DE PAULA,46,0,46,556,602,PSDB,0.05214830214830215
2020,88676,PSOL,PARTIDO:PSOL,SÃO FRANCISCO DE PAULA,5,0,5,37,42,PSOL,0.0036382536382536385
2020,88676,PT,PARTIDO:PT,SÃO FRANCISCO DE PAULA,193,0,193,1326,1519,PT,0.1315835065835066
2020,88676,PTB,PARTIDO:PTB,SÃO FRANCISCO DE PAULA,38,0,38,1093,1131,PTB,0.09797297297297297
2020,88676,REPUBLICANOS,PARTIDO:REPUBLICANOS,SÃO FRANCISCO DE PAULA,10,0,10,62,72,REPUBLICANOS,0.006237006237006237
2020,88684,MDB,PARTIDO:MDB,NOVO CABRAIS,43,0,43,674,717,MDB,0.22075123152709358
2020,88684,PDT,PARTIDO:PDT,NOVO CABRAIS,16,0,16,365,381,PDT,0.11730295566502463
2020,88684,PP,PARTIDO:PP,NOVO CABRAIS,20,0,20,705,725,PP,0.22321428571428573
2020,88684,PSD,PARTIDO:PSD,NOVO CABRAIS,20,0,20,458,478,PSD,0.14716748768472906
2020,88684,PT,PARTIDO:PT,NOVO CABRAIS,37,0,37,910,947,PT,0.291564039408867
2020,88692,DEM,PARTIDO:DEM,SÃO GABRIEL,57,0,57,1671,1728,DEM,0.054657599240866675
2020,88692,MDB,PARTIDO:MDB,SÃO GABRIEL,52,0,52,366,418,MDB,0.013221572038589277
2020,88692,PATRIOTA,PARTIDO:PATRIOTA,SÃO GABRIEL,72,0,72,5904,5976,PATRIOTA,0.18902419737466392
2020,88692,PDT,PARTIDO:PDT,SÃO GABRIEL,86,0,86,4578,4664,PDT,0.14752490906215404
2020,88692,PL,PARTIDO:PL,SÃO GABRIEL,413,0,413,5987,6400,PL,0.20243555274395067
2020,88692,PODE,PARTIDO:PODE,SÃO GABRIEL,314,0,314,1247,1561,PODE,0.04937529653645421
2020,88692,PP,PARTIDO:PP,SÃO GABRIEL,61,0,61,2095,2156,PP,0.06819547683061837
2020,88692,PSC,PARTIDO:PSC,SÃO GABRIEL,19,0,19,100,119,PSC,0.0037640360588328324
2020,88692,PSD,PARTIDO:PSD,SÃO GABRIEL,48,0,48,2139,2187,PSD,0.06917602403922189
2020,88692,PSDB,PARTIDO:PSDB,SÃO GABRIEL,51,0,51,2819,2870,PSDB,0.09077969318361537
2020,88692,PT,PARTIDO:PT,SÃO GABRIEL,104,0,104,1191,1295,PT,0.04096156887553377
2020,88692,PTB,PARTIDO:PTB,SÃO GABRIEL,25,0,25,1096,1121,PTB,0.03545785228530761
2020,88692,REPUBLICANOS,PARTIDO:REPUBLICANOS,SÃO GABRIEL,13,0,13,1107,1120,REPUBLICANOS,0.035426221730191366
2020,88706,MDB,PARTIDO:MDB,SETE DE SETEMBRO,20,0,20,254,274,MDB,0.16892725030826142
2020,88706,PDT,PARTIDO:PDT,SETE DE SETEMBRO,9,0,9,307,316,PDT,0.19482120838471023
2020,88706,PP,PARTIDO:PP,SETE DE SETEMBRO,17,0,17,359,376,PP,0.2318125770653514
2020,88706,PSB,PARTIDO:PSB,SETE DE SETEMBRO,2,0,2,227,229,PSB,0.14118372379778052
2020,88706,PT,PARTIDO:PT,SETE DE SETEMBRO,30,0,30,397,427,PT,0.2632552404438964
2020,88714,MDB,PARTIDO:MDB,SÃO JERÔNIMO,26,0,26,1311,1337,MDB,0.11408823278436726
2020,88714,PDT,PARTIDO:PDT,SÃO JERÔNIMO,47,0,47,1903,1950,PDT,0.1663964502090622
2020,88714,PP,PARTIDO:PP,SÃO JERÔNIMO,86,0,86,1562,1648,PP,0.1406263333048895
2020,88714,PSDB,PARTIDO:PSDB,SÃO JERÔNIMO,199,0,199,3312,3511,PSDB,0.2995989418892397
2020,88714,PT,PARTIDO:PT,SÃO JERÔNIMO,36,0,36,599,635,PT,0.05418551070910487
2020,88714,PTB,PARTIDO:PTB,SÃO JERÔNIMO,85,0,85,1612,1697,PTB,0.144807577438348
2020,88714,REPUBLICANOS,PARTIDO:REPUBLICANOS,SÃO JERÔNIMO,18,0,18,923,941,REPUBLICANOS,0.08029695366498849
2020,88722,DEM,PARTIDO:DEM,TABAÍ,37,0,37,407,444,DEM,0.1312444575820278
2020,88722,MDB,PARTIDO:MDB,TABAÍ,21,0,21,882,903,MDB,0.26692284954182677
2020,88722,PDT,PARTIDO:PDT,TABAÍ,19,0,19,253,272,PDT,0.08040201005025126
2020,88722,PL,PARTIDO:PL,TABAÍ,10,0,10,419,429,PL,0.12681052320425656
2020,88722,PSB,PARTIDO:PSB,TABAÍ,27,0,27,130,157,PSB,0.04640851315400532
2020,88722,PSDB,PARTIDO:PSDB,TABAÍ,26,0,26,428,454,PSDB,0.13420041383387527
2020,88722,PT,PARTIDO:PT,TABAÍ,28,0,28,472,500,PT,0.14779781259237362
2020,88722,PTB,PARTIDO:PTB,TABAÍ,5,0,5,219,224,PTB,0.06621342004138339
2020,88730,DEM,PARTIDO:DEM,SÃO JOSÉ DO NORTE,45,0,45,212,257,DEM,0.016465914915427985
2020,88730,MDB,PARTIDO:MDB,SÃO JOSÉ DO NORTE,47,0,47,1877,1924,MDB,0.12327011788826243
2020,88730,PDT,PARTIDO:PDT,SÃO JOSÉ DO NORTE,110,0,110,4319,4429,PDT,0.28376473603280367
2020,88730,PP,PARTIDO:PP,SÃO JOSÉ DO NORTE,98,0,98,1303,1401,PP,0.08976166068682727
2020,88730,PSB,PARTIDO:PSB,SÃO JOSÉ DO NORTE,15,0,15,1039,1054,PSB,0.06752947206560739
2020,88730,PSDB,PARTIDO:PSDB,SÃO JOSÉ DO NORTE,23,0,23,1958,1981,PSDB,0.12692209123526396
2020,88730,PSL,PARTIDO:PSL,SÃO JOSÉ DO NORTE,233,0,233,2148,2381,PSL,0.15254997437211687
2020,88730,PT,PARTIDO:PT,SÃO JOSÉ DO NORTE,105,0,105,2004,2109,PT,0.1351230138390569
2020,88730,PTB,PARTIDO:PTB,SÃO JOSÉ DO NORTE,4,0,4,68,72,PTB,0.0046130189646335215
2020,88749,MDB,PARTIDO:MDB,VILA LÂNGARO,43,0,43,1204,1247,MDB,0.6371997956055186
2020,88749,PP,PARTIDO:PP,VILA LÂNGARO,39,0,39,671,710,PP,0.36280020439448135
2020,88757,DEM,PARTIDO:DEM,SÃO JOSÉ DO OURO,9,0,9,204,213,DEM,0.045954692556634306
2020,88757,MDB,PARTIDO:MDB,SÃO JOSÉ DO OURO,83,0,83,1050,1133,MDB,0.24444444444444444
2020,88757,PDT,PARTIDO:PDT,SÃO JOSÉ DO OURO,43,0,43,391,434,PDT,0.0936353829557713
2020,88757,PL,PARTIDO:PL,SÃO JOSÉ DO OURO,6,0,6,571,577,PL,0.12448759439050701
2020,88757,PP,PARTIDO:PP,SÃO JOSÉ DO OURO,29,0,29,912,941,PP,0.20302049622437973
2020,88757,PSB,PARTIDO:PSB,SÃO JOSÉ DO OURO,5,0,5,191,196,PSB,0.042286947141316075
2020,88757,PSDB,PARTIDO:PSDB,SÃO JOSÉ DO OURO,4,0,4,251,255,PSDB,0.05501618122977346
2020,88757,PT,PARTIDO:PT,SÃO JOSÉ DO OURO,17,0,17,370,387,PT,0.08349514563106795
2020,88757,PTB,PARTIDO:PTB,SÃO JOSÉ DO OURO,3,0,3,496,499,PTB,0.10765911542610572
2020,88765,MDB,PARTIDO:MDB,SENADOR SALGADO FILHO,5,0,5,241,246,MDB,0.10362257792754845
2020,88765,PDT,PARTIDO:PDT,SENADOR SALGADO FILHO,29,0,29,813,842,PDT,0.35467565290648695
2020,88765,PP,PARTIDO:PP,SENADOR SALGADO FILHO,19,0,19,886,905,PP,0.38121314237573717
2020,88765,PSDB,PARTIDO:PSDB,SENADOR SALGADO FILHO,19,0,19,362,381,PSDB,0.16048862679022746
2020,88773,CIDADANIA,PARTIDO:CIDADANIA,SÃO LEOPOLDO,625,0,625,6039,6664,CIDADANIA,0.06600633914421553
2020,88773,DEM,PARTIDO:DEM,SÃO LEOPOLDO,1002,0,1002,6601,7603,DEM,0.07530705229793978
2020,88773,MDB,PARTIDO:MDB,SÃO LEOPOLDO,211,0,211,8468,8679,MDB,0.0859647385103011
2020,88773,PC do B,PARTIDO:PC do B,SÃO LEOPOLDO,31,0,31,2543,2574,PC DO B,0.025495245641838353
2020,88773,PDT,PARTIDO:PDT,SÃO LEOPOLDO,415,0,415,15315,15730,PDT,0.1558042789223455
2020,88773,PP,PARTIDO:PP,SÃO LEOPOLDO,183,0,183,4759,4942,PP,0.048950079239302696
2020,88773,PRTB,PARTIDO:PRTB,SÃO LEOPOLDO,15,0,15,291,306,PRTB,0.003030903328050713
2020,88773,PSB,PARTIDO:PSB,SÃO LEOPOLDO,96,0,96,6922,7018,PSB,0.06951267828843107
2020,88773,PSD,PARTIDO:PSD,SÃO LEOPOLDO,64,0,64,6930,6994,PSD,0.06927496038034865
2020,88773,PSDB,PARTIDO:PSDB,SÃO LEOPOLDO,119,0,119,3924,4043,PSDB,0.04004556259904913
2020,88773,PSL,PARTIDO:PSL,SÃO LEOPOLDO,69,0,69,2327,2396,PSL,0.02373217115689382
2020,88773,PSOL,PARTIDO:PSOL,SÃO LEOPOLDO,138,0,138,882,1020,PSOL,0.010103011093502378
2020,88773,PT,PARTIDO:PT,SÃO LEOPOLDO,2314,0,2314,13092,15406,PT,0.15259508716323297
2020,88773,PTB,PARTIDO:PTB,SÃO LEOPOLDO,148,0,148,8723,8871,PTB,0.08786648177496038
2020,88773,REPUBLICANOS,PARTIDO:REPUBLICANOS,SÃO LEOPOLDO,141,0,141,8573,8714,REPUBLICANOS,0.08631141045958796
2020,88781,MDB,PARTIDO:MDB,VESPASIANO CORRÊA,16,0,16,746,762,MDB,0.3606247042120208
2020,88781,PL,PARTIDO:PL,VESPASIANO CORRÊA,28,0,28,316,344,PL,0.16280170373876005
2020,88781,PP,PARTIDO:PP,VESPASIANO CORRÊA,47,0,47,960,1007,PP,0.4765735920492191
2020,88790,MDB,PARTIDO:MDB,SÃO LOURENÇO DO SUL,98,0,98,1832,1930,MDB,0.07542598092856026
2020,88790,PDT,PARTIDO:PDT,SÃO LOURENÇO DO SUL,462,0,462,5905,6367,PDT,0.24882757542598094
2020,88790,PODE,PARTIDO:PODE,SÃO LOURENÇO DO SUL,19,0,19,74,93,PODE,0.0036345161794591216
2020,88790,PP,PARTIDO:PP,SÃO LOURENÇO DO SUL,113,0,113,2455,2568,PP,0.10035954353603252
2020,88790,PRTB,PARTIDO:PRTB,SÃO LOURENÇO DO SUL,5,0,5,261,266,PRTB,0.010395497889635766
2020,88790,PSB,PARTIDO:PSB,SÃO LOURENÇO DO SUL,68,0,68,1953,2021,PSB,0.07898233546975145
2020,88790,PSDB,PARTIDO:PSDB,SÃO LOURENÇO DO SUL,95,0,95,4684,4779,PSDB,0.18676723464123807
2020,88790,PT,PARTIDO:PT,SÃO LOURENÇO DO SUL,522,0,522,7042,7564,PT,0.29560731592934186
2020,88803,MDB,PARTIDO:MDB,MONTE ALEGRE DOS CAMPOS,18,0,18,702,720,MDB,0.26058631921824105
2020,88803,PDT,PARTIDO:PDT,MONTE ALEGRE DOS CAMPOS,12,0,12,269,281,PDT,0.10170104958378574
2020,88803,PL,PARTIDO:PL,MONTE ALEGRE DOS CAMPOS,12,0,12,391,403,PL,0.14585595367354326
2020,88803,PP,PARTIDO:PP,MONTE ALEGRE DOS CAMPOS,69,0,69,1290,1359,PP,0.49185667752442996
2020,88811,MDB,PARTIDO:MDB,SÃO LUIZ GONZAGA,115,0,115,5036,5151,MDB,0.28964237516869096
2020,88811,PDT,PARTIDO:PDT,SÃO LUIZ GONZAGA,116,0,116,3721,3837,PDT,0.2157557354925776
2020,88811,PP,PARTIDO:PP,SÃO LUIZ GONZAGA,493,0,493,2977,3470,PP,0.19511920827710302
2020,88811,PSD,PARTIDO:PSD,SÃO LUIZ GONZAGA,36,0,36,2351,2387,PSD,0.13422177237966712
2020,88811,PSL,PARTIDO:PSL,SÃO LUIZ GONZAGA,5,0,5,144,149,PSL,0.008378317588843904
2020,88811,PT,PARTIDO:PT,SÃO LUIZ GONZAGA,208,0,208,2582,2790,PT,0.15688259109311742
2020,88820,PDT,PARTIDO:PDT,MARQUES DE SOUZA,11,0,11,500,511,PDT,0.17316164012199253
2020,88820,PP,PARTIDO:PP,MARQUES DE SOUZA,50,0,50,682,732,PP,0.24805150796340222
2020,88820,PTB,PARTIDO:PTB,MARQUES DE SOUZA,54,0,54,851,905,PTB,0.3066757031514741
2020,88820,REPUBLICANOS,PARTIDO:REPUBLICANOS,MARQUES DE SOUZA,12,0,12,791,803,REPUBLICANOS,0.27211114876313114
2020,88838,MDB,PARTIDO:MDB,SÃO MARCOS,307,0,307,3325,3632,MDB,0.302037422037422
2020,88838,PATRIOTA,PARTIDO:PATRIOTA,SÃO MARCOS,26,0,26,334,360,PATRIOTA,0.02993762993762994
2020,88838,PDT,PARTIDO:PDT,SÃO MARCOS,57,0,57,2496,2553,PDT,0.2123076923076923
2020,88838,PP,PARTIDO:PP,SÃO MARCOS,187,0,187,3280,3467,PP,0.28831600831600834
2020,88838,PSB,PARTIDO:PSB,SÃO MARCOS,8,0,8,241,249,PSB,0.020706860706860706
2020,88838,PTB,PARTIDO:PTB,SÃO MARCOS,24,0,24,1740,1764,PTB,0.1466943866943867
2020,88846,DEM,PARTIDO:DEM,CHUÍ,95,0,95,1377,1472,DEM,0.4866115702479339
2020,88846,MDB,PARTIDO:MDB,CHUÍ,2,0,2,94,96,MDB,0.031735537190082645
2020,88846,PP,PARTIDO:PP,CHUÍ,13,0,13,1444,1457,PP,0.48165289256198346
2020,88854,MDB,PARTIDO:MDB,SÃO MARTINHO,78,0,78,1420,1498,MDB,0.3572621035058431
2020,88854,PDT,PARTIDO:PDT,SÃO MARTINHO,9,0,9,235,244,PDT,0.05819222513713332
2020,88854,PP,PARTIDO:PP,SÃO MARTINHO,64,0,64,1695,1759,PP,0.419508704984498
2020,88854,PSB,PARTIDO:PSB,SÃO MARTINHO,1,0,1,160,161,PSB,0.038397328881469114
2020,88854,PT,PARTIDO:PT,SÃO MARTINHO,7,0,7,302,309,PT,0.07369425232530408
2020,88854,PTB,PARTIDO:PTB,SÃO MARTINHO,9,0,9,213,222,PTB,0.052945385165752444
2020,88862,DEM,PARTIDO:DEM,ARARICÁ,60,0,60,1030,1090,DEM,0.23501509271237603
2020,88862,MDB,PARTIDO:MDB,ARARICÁ,7,0,7,565,572,MDB,0.12332902112979732
2020,88862,PP,PARTIDO:PP,ARARICÁ,18,0,18,939,957,PP,0.20633893919793014
2020,88862,PSB,PARTIDO:PSB,ARARICÁ,14,0,14,287,301,PSB,0.06489866321690384
2020,88862,PSDB,PARTIDO:PSDB,ARARICÁ,4,0,4,222,226,PSDB,0.048727899956877964
2020,88862,PSL,PARTIDO:PSL,ARARICÁ,65,0,65,491,556,PSL,0.1198792583009918
2020,88862,PT,PARTIDO:PT,ARARICÁ,10,0,10,55,65,PT,0.014014661492022424
2020,88862,PTB,PARTIDO:PTB,ARARICÁ,1,0,1,155,156,PTB,0.03363518758085381
2020,88862,REPUBLICANOS,PARTIDO:REPUBLICANOS,ARARICÁ,8,0,8,707,715,REPUBLICANOS,0.15416127641224667
2020,88870,MDB,PARTIDO:MDB,SÃO NICOLAU,95,0,95,1219,1314,MDB,0.381201044386423
2020,88870,PODE,PARTIDO:PODE,SÃO NICOLAU,17,0,17,212,229,PODE,0.06643458079489412
2020,88870,PP,PARTIDO:PP,SÃO NICOLAU,117,0,117,1787,1904,PP,0.552364374818683
2020,88889,MDB,PARTIDO:MDB,PASSA SETE,5,0,5,175,180,MDB,0.0545289306270827
2020,88889,PDT,PARTIDO:PDT,PASSA SETE,37,0,37,732,769,PDT,0.23295970917903666
2020,88889,PP,PARTIDO:PP,PASSA SETE,55,0,55,998,1053,PP,0.3189942441684338
2020,88889,PTB,PARTIDO:PTB,PASSA SETE,54,0,54,1245,1299,PTB,0.3935171160254468
2020,88897,MDB,PARTIDO:MDB,SÃO PAULO DAS MISSÕES,32,0,32,1574,1606,MDB,0.3626100699932265
2020,88897,PP,PARTIDO:PP,SÃO PAULO DAS MISSÕES,33,0,33,1533,1566,PP,0.35357868593361935
2020,88897,PSB,PARTIDO:PSB,SÃO PAULO DAS MISSÕES,41,0,41,273,314,PSB,0.070896364867916
2020,88897,PT,PARTIDO:PT,SÃO PAULO DAS MISSÕES,68,0,68,875,943,PT,0.2129148792052382
2020,88900,MDB,PARTIDO:MDB,TOROPI,41,0,41,1147,1188,MDB,0.4987405541561713
2020,88900,PP,PARTIDO:PP,TOROPI,40,0,40,698,738,PP,0.30982367758186397
2020,88900,PT,PARTIDO:PT,TOROPI,6,0,6,212,218,PT,0.09151973131821999
2020,88900,PTB,PARTIDO:PTB,TOROPI,4,0,4,234,238,PTB,0.09991603694374475
2020,88919,DEM,PARTIDO:DEM,SÃO PEDRO DO SUL,5,0,5,711,716,DEM,0.07470784641068448
2020,88919,MDB,PARTIDO:MDB,SÃO PEDRO DO SUL,35,0,35,1728,1763,MDB,0.1839524207011686
2020,88919,PP,PARTIDO:PP,SÃO PEDRO DO SUL,30,0,30,438,468,PP,0.048831385642737896
2020,88919,PSB,PARTIDO:PSB,SÃO PEDRO DO SUL,55,0,55,1154,1209,PSB,0.12614774624373956
2020,88919,PT,PARTIDO:PT,SÃO PEDRO DO SUL,181,0,181,2319,2500,PT,0.26085141903171954
2020,88919,PTB,PARTIDO:PTB,SÃO PEDRO DO SUL,243,0,243,2581,2824,PTB,0.29465776293823037
2020,88919,REPUBLICANOS,PARTIDO:REPUBLICANOS,SÃO PEDRO DO SUL,3,0,3,101,104,REPUBLICANOS,0.010851419031719533
2020,88927,CIDADANIA,PARTIDO:CIDADANIA,BALNEÁRIO PINHAL,4,0,4,255,259,CIDADANIA,0.03749276201505501
2020,88927,DEM,PARTIDO:DEM,BALNEÁRIO PINHAL,9,0,9,548,557,DEM,0.08063115228720324
2020,88927,MDB,PARTIDO:MDB,BALNEÁRIO PINHAL,142,0,142,1979,2121,MDB,0.30703532136653156
2020,88927,PDT,PARTIDO:PDT,BALNEÁRIO PINHAL,27,0,27,1117,1144,PDT,0.16560509554140126
2020,88927,PSB,PARTIDO:PSB,BALNEÁRIO PINHAL,20,0,20,915,935,PSB,0.13535031847133758
2020,88927,PT,PARTIDO:PT,BALNEÁRIO PINHAL,10,0,10,192,202,PT,0.02924145917776491
2020,88927,PTB,PARTIDO:PTB,BALNEÁRIO PINHAL,150,0,150,1428,1578,PTB,0.2284308048639259
2020,88927,REPUBLICANOS,PARTIDO:REPUBLICANOS,BALNEÁRIO PINHAL,4,0,4,108,112,REPUBLICANOS,0.016213086276780544
2020,88935,MDB,PARTIDO:MDB,SÃO SEBASTIÃO DO CAÍ,273,0,273,4093,4366,MDB,0.3361046959199384
2020,88935,PP,PARTIDO:PP,SÃO SEBASTIÃO DO CAÍ,38,0,38,1917,1955,PP,0.15050038491147036
2020,88935,PSB,PARTIDO:PSB,SÃO SEBASTIÃO DO CAÍ,17,0,17,822,839,PSB,0.06458814472671286
2020,88935,PSD,PARTIDO:PSD,SÃO SEBASTIÃO DO CAÍ,14,0,14,1069,1083,PSD,0.08337182448036952
2020,88935,PSDB,PARTIDO:PSDB,SÃO SEBASTIÃO DO CAÍ,274,0,274,3233,3507,PSDB,0.2699769053117783
2020,88935,PT,PARTIDO:PT,SÃO SEBASTIÃO DO CAÍ,22,0,22,295,317,PT,0.024403387220939186
2020,88935,PTB,PARTIDO:PTB,SÃO SEBASTIÃO DO CAÍ,10,0,10,913,923,PTB,0.07105465742879138
2020,88943,MDB,PARTIDO:MDB,MAMPITUBA,40,0,40,1288,1328,MDB,0.4975646309479206
2020,88943,PP,PARTIDO:PP,MAMPITUBA,10,0,10,275,285,PP,0.10678156612963657
2020,88943,PT,PARTIDO:PT,MAMPITUBA,7,0,7,302,309,PT,0.11577369801423754
2020,88943,PTB,PARTIDO:PTB,MAMPITUBA,38,0,38,709,747,PTB,0.2798801049082053
2020,88951,MDB,PARTIDO:MDB,SÃO SEPÉ,42,0,42,2489,2531,MDB,0.19475223145583256
2020,88951,PDT,PARTIDO:PDT,SÃO SEPÉ,300,0,300,3312,3612,PDT,0.27793167128347185
2020,88951,PP,PARTIDO:PP,SÃO SEPÉ,291,0,291,4970,5261,PP,0.4048168667282241
2020,88951,PSB,PARTIDO:PSB,SÃO SEPÉ,21,0,21,1023,1044,PSB,0.08033240997229917
2020,88951,PT,PARTIDO:PT,SÃO SEPÉ,25,0,25,523,548,PT,0.04216682056017236
2020,88978,MDB,PARTIDO:MDB,SÃO VALENTIM,51,0,51,834,885,MDB,0.3211175616835994
2020,88978,PDT,PARTIDO:PDT,SÃO VALENTIM,17,0,17,32,49,PDT,0.017779390420899856
2020,88978,PP,PARTIDO:PP,SÃO VALENTIM,44,0,44,607,651,PP,0.23621190130624092
2020,88978,PSB,PARTIDO:PSB,SÃO VALENTIM,6,0,6,376,382,PSB,0.1386066763425254
2020,88978,PSDB,PARTIDO:PSDB,SÃO VALENTIM,7,0,7,406,413,PSDB,0.14985486211901305
2020,88978,PT,PARTIDO:PT,SÃO VALENTIM,10,0,10,366,376,PT,0.13642960812772134
2020,88986,DEM,PARTIDO:DEM,ACEGUÁ,13,0,13,137,150,DEM,0.0547845142439737
2020,88986,MDB,PARTIDO:MDB,ACEGUÁ,44,0,44,750,794,MDB,0.2899926953981008
2020,88986,PL,PARTIDO:PL,ACEGUÁ,15,0,15,166,181,PL,0.06610664718772827
2020,88986,PP,PARTIDO:PP,ACEGUÁ,11,0,11,252,263,PP,0.09605551497443389
2020,88986,PSD,PARTIDO:PSD,ACEGUÁ,14,0,14,239,253,PSD,0.09240321402483564
2020,88986,PSDB,PARTIDO:PSDB,ACEGUÁ,38,0,38,513,551,PSDB,0.2012417823228634
2020,88986,PT,PARTIDO:PT,ACEGUÁ,4,0,4,101,105,PT,0.038349159970781595
2020,88986,PTB,PARTIDO:PTB,ACEGUÁ,11,0,11,430,441,PTB,0.16106647187728268
2020,88994,DEM,PARTIDO:DEM,SAPIRANGA,24,0,24,1187,1211,DEM,0.026789072005309146
2020,88994,MDB,PARTIDO:MDB,SAPIRANGA,288,0,288,5491,5779,MDB,0.12783984072558346
2020,88994,PDT,PARTIDO:PDT,SAPIRANGA,196,0,196,2764,2960,PDT,0.06547948235814623
2020,88994,PP,PARTIDO:PP,SAPIRANGA,812,0,812,13732,14544,PP,0.32173432142462116
2020,88994,PRTB,PARTIDO:PRTB,SAPIRANGA,28,0,28,831,859,PRTB,0.019002322751907975
2020,88994,PSB,PARTIDO:PSB,SAPIRANGA,24,0,24,1088,1112,PSB,0.024599048777790067
2020,88994,PSD,PARTIDO:PSD,SAPIRANGA,100,0,100,4286,4386,PSD,0.09702466541311802
2020,88994,PSL,PARTIDO:PSL,SAPIRANGA,38,0,38,1484,1522,PSL,0.03366884194226302
2020,88994,PT,PARTIDO:PT,SAPIRANGA,824,0,824,4694,5518,PT,0.12206614312576042
2020,88994,PTB,PARTIDO:PTB,SAPIRANGA,51,0,51,5041,5092,PTB,0.1126424068134056
2020,88994,REPUBLICANOS,PARTIDO:REPUBLICANOS,SAPIRANGA,50,0,50,2172,2222,REPUBLICANOS,0.049153854662094904
2020,89001,MDB,PARTIDO:MDB,ALMIRANTE TAMANDARÉ DO SUL,9,0,9,211,220,MDB,0.1276842716192687
2020,89001,PDT,PARTIDO:PDT,ALMIRANTE TAMANDARÉ DO SUL,9,0,9,799,808,PDT,0.4689495066744051
2020,89001,PP,PARTIDO:PP,ALMIRANTE TAMANDARÉ DO SUL,35,0,35,374,409,PP,0.23737666860127685
2020,89001,PSDB,PARTIDO:PSDB,ALMIRANTE TAMANDARÉ DO SUL,20,0,20,266,286,PSDB,0.16598955310504934
2020,89010,CIDADANIA,PARTIDO:CIDADANIA,SAPUCAIA DO SUL,47,0,47,2578,2625,CIDADANIA,0.04122432313587537
2020,89010,DEM,PARTIDO:DEM,SAPUCAIA DO SUL,41,0,41,2807,2848,DEM,0.04472642753941831
2020,89010,MDB,PARTIDO:MDB,SAPUCAIA DO SUL,748,0,748,8904,9652,MDB,0.15157987310760726
2020,89010,PC do B,PARTIDO:PC do B,SAPUCAIA DO SUL,35,0,35,3122,3157,PC DO B,0.049579119291412774
2020,89010,PDT,PARTIDO:PDT,SAPUCAIA DO SUL,172,0,172,7050,7222,PDT,0.11341792826182549
2020,89010,PL,PARTIDO:PL,SAPUCAIA DO SUL,59,0,59,2509,2568,PL,0.040329166404924933
2020,89010,PP,PARTIDO:PP,SAPUCAIA DO SUL,907,0,907,9203,10110,PP,0.15877253596331428
2020,89010,PRTB,PARTIDO:PRTB,SAPUCAIA DO SUL,57,0,57,6346,6403,PRTB,0.10055593944343237
2020,89010,PSB,PARTIDO:PSB,SAPUCAIA DO SUL,44,0,44,3484,3528,PSB,0.05540549029461649
2020,89010,PSD,PARTIDO:PSD,SAPUCAIA DO SUL,47,0,47,3463,3510,PSD,0.055122809221684776
2020,89010,PSL,PARTIDO:PSL,SAPUCAIA DO SUL,74,0,74,109,183,PSL,0.0028739242414724544
2020,89010,PSOL,PARTIDO:PSOL,SAPUCAIA DO SUL,115,0,115,364,479,PSOL,0.00752245744079402
2020,89010,PT,PARTIDO:PT,SAPUCAIA DO SUL,530,0,530,3171,3701,PT,0.05812236949557133
2020,89010,PTB,PARTIDO:PTB,SAPUCAIA DO SUL,67,0,67,3250,3317,PTB,0.052091839939694705
2020,89010,PV,PARTIDO:PV,SAPUCAIA DO SUL,14,0,14,565,579,PV,0.009092907845970223
2020,89010,REPUBLICANOS,PARTIDO:REPUBLICANOS,SAPUCAIA DO SUL,66,0,66,3728,3794,REPUBLICANOS,0.0595828883723852
2020,89028,DEM,PARTIDO:DEM,ARROIO DO PADRE,33,0,33,628,661,DEM,0.2796108291032149
2020,89028,PP,PARTIDO:PP,ARROIO DO PADRE,35,0,35,1023,1058,PP,0.44754653130287647
2020,89028,PSB,PARTIDO:PSB,ARROIO DO PADRE,5,0,5,392,397,PSB,0.16793570219966159
2020,89028,PSD,PARTIDO:PSD,ARROIO DO PADRE,4,0,4,111,115,PSD,0.048646362098138746
2020,89028,PTB,PARTIDO:PTB,ARROIO DO PADRE,23,0,23,110,133,PTB,0.05626057529610829
2020,89036,DEM,PARTIDO:DEM,SARANDI,7,0,7,480,487,DEM,0.03533338170209679
2020,89036,PDT,PARTIDO:PDT,SARANDI,304,0,304,4805,5109,PDT,0.3706740187187115
2020,89036,PL,PARTIDO:PL,SARANDI,7,0,7,775,782,PL,0.05673655952985562
2020,89036,PP,PARTIDO:PP,SARANDI,211,0,211,5370,5581,PP,0.4049191032431256
2020,89036,PSL,PARTIDO:PSL,SARANDI,10,0,10,1219,1229,PSL,0.08916781542479867
2020,89036,PT,PARTIDO:PT,SARANDI,14,0,14,339,353,PT,0.025611260248131755
2020,89036,PTB,PARTIDO:PTB,SARANDI,9,0,9,233,242,PTB,0.017557861133280128
2020,89044,MDB,PARTIDO:MDB,BOA VISTA DO CADEADO,15,0,15,290,305,MDB,0.16576086956521738
2020,89044,PDT,PARTIDO:PDT,BOA VISTA DO CADEADO,10,0,10,336,346,PDT,0.18804347826086956
2020,89044,PP,PARTIDO:PP,BOA VISTA DO CADEADO,9,0,9,500,509,PP,0.2766304347826087
2020,89044,PSL,PARTIDO:PSL,BOA VISTA DO CADEADO,34,0,34,646,680,PSL,0.3695652173913043
2020,89052,MDB,PARTIDO:MDB,SEBERI,157,0,157,3622,3779,MDB,0.5085452832727763
2020,89052,PDT,PARTIDO:PDT,SEBERI,31,0,31,639,670,PDT,0.09016283138204817
2020,89052,PP,PARTIDO:PP,SEBERI,146,0,146,2457,2603,PP,0.35028932848876326
2020,89052,PT,PARTIDO:PT,SEBERI,40,0,40,339,379,PT,0.05100255685641233
2020,89060,MDB,PARTIDO:MDB,BOA VISTA DO INCRA,17,0,17,489,506,MDB,0.2625843279709393
2020,89060,PP,PARTIDO:PP,BOA VISTA DO INCRA,40,0,40,1123,1163,PP,0.6035288012454593
2020,89060,PT,PARTIDO:PT,BOA VISTA DO INCRA,6,0,6,252,258,PT,0.13388687078360145
2020,89079,MDB,PARTIDO:MDB,SELBACH,55,0,55,1447,1502,MDB,0.3938122705820661
2020,89079,PL,PARTIDO:PL,SELBACH,27,0,27,577,604,PL,0.15836392239119035
2020,89079,PP,PARTIDO:PP,SELBACH,62,0,62,1646,1708,PP,0.44782380702674357
2020,89087,MDB,PARTIDO:MDB,BOZANO,2,0,2,241,243,MDB,0.11255210745715609
2020,89087,PDT,PARTIDO:PDT,BOZANO,23,0,23,475,498,PDT,0.23066234367762853
2020,89087,PP,PARTIDO:PP,BOZANO,47,0,47,1371,1418,PP,0.6567855488652153
2020,89095,MDB,PARTIDO:MDB,SERAFINA CORRÊA,207,0,207,4689,4896,MDB,0.49334945586457074
2020,89095,PP,PARTIDO:PP,SERAFINA CORRÊA,212,0,212,3779,3991,PP,0.40215638855300284
2020,89095,PT,PARTIDO:PT,SERAFINA CORRÊA,12,0,12,249,261,PT,0.02629987908101572
2020,89095,PTB,PARTIDO:PTB,SERAFINA CORRÊA,19,0,19,757,776,PTB,0.07819427650141073
2020,89109,MDB,PARTIDO:MDB,CANUDOS DO VALE,21,0,21,737,758,MDB,0.4440538957234915
2020,89109,PDT,PARTIDO:PDT,CANUDOS DO VALE,5,0,5,227,232,PDT,0.13591095489162272
2020,89109,PP,PARTIDO:PP,CANUDOS DO VALE,26,0,26,341,367,PP,0.21499707088459286
2020,89109,PSB,PARTIDO:PSB,CANUDOS DO VALE,0,0,0,216,216,PSB,0.1265377855887522
2020,89109,PTB,PARTIDO:PTB,CANUDOS DO VALE,1,0,1,133,134,PTB,0.07850029291154072
2020,89117,MDB,PARTIDO:MDB,SERTÃO,55,0,55,1448,1503,MDB,0.3519906323185012
2020,89117,PDT,PARTIDO:PDT,SERTÃO,16,0,16,332,348,PDT,0.08149882903981265
2020,89117,PP,PARTIDO:PP,SERTÃO,91,0,91,1406,1497,PP,0.3505854800936768
2020,89117,PSB,PARTIDO:PSB,SERTÃO,63,0,63,859,922,PSB,0.21592505854800936
2020,89125,MDB,PARTIDO:MDB,CAPÃO BONITO DO SUL,8,0,8,330,338,MDB,0.18861607142857142
2020,89125,PDT,PARTIDO:PDT,CAPÃO BONITO DO SUL,33,0,33,930,963,PDT,0.5373883928571429
2020,89125,PP,PARTIDO:PP,CAPÃO BONITO DO SUL,10,0,10,117,127,PP,0.07087053571428571
2020,89125,PTB,PARTIDO:PTB,CAPÃO BONITO DO SUL,27,0,27,337,364,PTB,0.203125
2020,89133,MDB,PARTIDO:MDB,SEVERIANO DE ALMEIDA,86,0,86,1791,1877,MDB,0.6463498622589532
2020,89133,PDT,PARTIDO:PDT,SEVERIANO DE ALMEIDA,27,0,27,231,258,PDT,0.08884297520661157
2020,89133,PSDB,PARTIDO:PSDB,SEVERIANO DE ALMEIDA,4,0,4,220,224,PSDB,0.07713498622589532
2020,89133,PT,PARTIDO:PT,SEVERIANO DE ALMEIDA,19,0,19,359,378,PT,0.13016528925619836
2020,89133,PTB,PARTIDO:PTB,SEVERIANO DE ALMEIDA,4,0,4,163,167,PTB,0.057506887052341596
2020,89141,MDB,PARTIDO:MDB,CAPÃO DO CIPÓ,25,0,25,466,491,MDB,0.20098239869013507
2020,89141,PDT,PARTIDO:PDT,CAPÃO DO CIPÓ,14,0,14,532,546,PDT,0.22349570200573066
2020,89141,PP,PARTIDO:PP,CAPÃO DO CIPÓ,43,0,43,1119,1162,PP,0.47564469914040114
2020,89141,PSD,PARTIDO:PSD,CAPÃO DO CIPÓ,8,0,8,117,125,PSD,0.05116659844453541
2020,89141,PSOL,PARTIDO:PSOL,CAPÃO DO CIPÓ,3,0,3,116,119,PSOL,0.04871060171919771
2020,89150,MDB,PARTIDO:MDB,CAPÃO DA CANOA,44,0,44,2582,2626,MDB,0.09869954145681425
2020,89150,PATRIOTA,PARTIDO:PATRIOTA,CAPÃO DA CANOA,3,0,3,382,385,PATRIOTA,0.014470420205968578
2020,89150,PC do B,PARTIDO:PC do B,CAPÃO DA CANOA,2,0,2,21,23,PC DO B,0.0008644666616552658
2020,89150,PDT,PARTIDO:PDT,CAPÃO DA CANOA,296,0,296,3948,4244,PDT,0.15951289182891076
2020,89150,PL,PARTIDO:PL,CAPÃO DA CANOA,16,0,16,341,357,PL,0.013418026009170863
2020,89150,PODE,PARTIDO:PODE,CAPÃO DA CANOA,9,0,9,439,448,PODE,0.016838307148763436
2020,89150,PP,PARTIDO:PP,CAPÃO DA CANOA,64,0,64,3298,3362,PP,0.12636247462978276
2020,89150,PSB,PARTIDO:PSB,CAPÃO DA CANOA,97,0,97,2703,2800,PSB,0.10523941967977148
2020,89150,PSDB,PARTIDO:PSDB,CAPÃO DA CANOA,49,0,49,2961,3010,PSDB,0.11313237615575435
2020,89150,PSL,PARTIDO:PSL,CAPÃO DA CANOA,24,0,24,174,198,PSL,0.007441930391640983
2020,89150,PT,PARTIDO:PT,CAPÃO DA CANOA,93,0,93,716,809,PT,0.03040667518604826
2020,89150,PTB,PARTIDO:PTB,CAPÃO DA CANOA,493,0,493,6723,7216,PTB,0.2712170187175825
2020,89150,REPUBLICANOS,PARTIDO:REPUBLICANOS,CAPÃO DA CANOA,13,0,13,1115,1128,REPUBLICANOS,0.042396451928136514
2020,89168,MDB,PARTIDO:MDB,COQUEIRO BAIXO,34,0,34,567,601,MDB,0.47434885556432516
2020,89168,PDT,PARTIDO:PDT,COQUEIRO BAIXO,8,0,8,272,280,PDT,0.22099447513812154
2020,89168,PP,PARTIDO:PP,COQUEIRO BAIXO,11,0,11,375,386,PP,0.30465666929755325
2020,89176,MDB,PARTIDO:MDB,SOBRADINHO,154,0,154,1954,2108,MDB,0.23959990907024323
2020,89176,PDT,PARTIDO:PDT,SOBRADINHO,45,0,45,1256,1301,PDT,0.1478745169356672
2020,89176,PP,PARTIDO:PP,SOBRADINHO,141,0,141,2694,2835,PP,0.3222323255285292
2020,89176,PSB,PARTIDO:PSB,SOBRADINHO,13,0,13,901,914,PSB,0.103887247101614
2020,89176,PSDB,PARTIDO:PSDB,SOBRADINHO,9,0,9,309,318,PSDB,0.03614457831325301
2020,89176,PT,PARTIDO:PT,SOBRADINHO,42,0,42,500,542,PT,0.0616049102068652
2020,89176,PTB,PARTIDO:PTB,SOBRADINHO,18,0,18,762,780,PTB,0.08865651284382814
2020,89184,MDB,PARTIDO:MDB,CORONEL PILAR,30,0,30,411,441,MDB,0.3330815709969788
2020,89184,PDT,PARTIDO:PDT,CORONEL PILAR,11,0,11,324,335,PDT,0.25302114803625375
2020,89184,PP,PARTIDO:PP,CORONEL PILAR,22,0,22,295,317,PP,0.2394259818731118
2020,89184,PT,PARTIDO:PT,CORONEL PILAR,4,0,4,227,231,PT,0.17447129909365558
2020,89192,MDB,PARTIDO:MDB,SOLEDADE,363,0,363,4892,5255,MDB,0.3127790012499256
2020,89192,PDT,PARTIDO:PDT,SOLEDADE,51,106,157,1363,1520,PDT,0.09047080530920779
2020,89192,PL,PARTIDO:PL,SOLEDADE,28,0,28,1960,1988,PL,0.11832629010177965
2020,89192,PP,PARTIDO:PP,SOLEDADE,79,0,79,2841,2920,PP,0.1737991786203202
2020,89192,PSB,PARTIDO:PSB,SOLEDADE,36,41,77,1736,1813,PSB,0.1079102434378906
2020,89192,PSDB,PARTIDO:PSDB,SOLEDADE,210,0,210,2087,2297,PSDB,0.1367180524968752
2020,89192,PT,PARTIDO:PT,SOLEDADE,96,0,96,912,1008,PT,0.05999642878400095
2020,89206,DEM,PARTIDO:DEM,CRUZALTENSE,5,0,5,375,380,DEM,0.20902090209020902
2020,89206,MDB,PARTIDO:MDB,CRUZALTENSE,25,0,25,213,238,MDB,0.13091309130913092
2020,89206,PDT,PARTIDO:PDT,CRUZALTENSE,6,0,6,198,204,PDT,0.11221122112211221
2020,89206,PP,PARTIDO:PP,CRUZALTENSE,18,0,18,623,641,PP,0.3525852585258526
2020,89206,PT,PARTIDO:PT,CRUZALTENSE,3,0,3,210,213,PT,0.11716171617161716
2020,89206,PTB,PARTIDO:PTB,CRUZALTENSE,3,0,3,139,142,PTB,0.0781078107810781
2020,89214,CIDADANIA,PARTIDO:CIDADANIA,TAPEJARA,16,0,16,955,971,CIDADANIA,0.07265245043022821
2020,89214,MDB,PARTIDO:MDB,TAPEJARA,228,0,228,4213,4441,MDB,0.33228582117471006
2020,89214,PDT,PARTIDO:PDT,TAPEJARA,58,0,58,2133,2191,PDT,0.1639356528245417
2020,89214,PL,PARTIDO:PL,TAPEJARA,11,0,11,882,893,PL,0.06681631126075571
2020,89214,PP,PARTIDO:PP,TAPEJARA,194,0,194,2875,3069,PP,0.22962962962962963
2020,89214,PSB,PARTIDO:PSB,TAPEJARA,8,0,8,1148,1156,PSB,0.08649457538346428
2020,89214,PSDB,PARTIDO:PSDB,TAPEJARA,9,0,9,635,644,PSDB,0.048185559296670406
2020,89222,MDB,PARTIDO:MDB,FORQUETINHA,5,0,5,424,429,MDB,0.195
2020,89222,PP,PARTIDO:PP,FORQUETINHA,38,0,38,1038,1076,PP,0.4890909090909091
2020,89222,PTB,PARTIDO:PTB,FORQUETINHA,35,0,35,660,695,PTB,0.3159090909090909
2020,89230,MDB,PARTIDO:MDB,TAPERA,114,0,114,1661,1775,MDB,0.2783440489258272
2020,89230,PDT,PARTIDO:PDT,TAPERA,43,0,43,761,804,PDT,0.1260780931472479
2020,89230,PP,PARTIDO:PP,TAPERA,43,0,43,2444,2487,PP,0.3899952955935393
2020,89230,PTB,PARTIDO:PTB,TAPERA,122,0,122,1189,1311,PTB,0.2055825623333856
2020,89247,MDB,PARTIDO:MDB,SANTA CECÍLIA DO SUL,8,0,8,472,480,MDB,0.29003021148036257
2020,89247,PDT,PARTIDO:PDT,SANTA CECÍLIA DO SUL,25,0,25,740,765,PDT,0.4622356495468278
2020,89247,PSB,PARTIDO:PSB,SANTA CECÍLIA DO SUL,12,0,12,398,410,PSB,0.24773413897280966
2020,89249,MDB,PARTIDO:MDB,ITATI,40,0,40,842,882,MDB,0.3186416184971098
2020,89249,PDT,PARTIDO:PDT,ITATI,11,0,11,561,572,PDT,0.20664739884393063
2020,89249,PP,PARTIDO:PP,ITATI,52,0,52,1262,1314,PP,0.47471098265895956
2020,89257,DEM,PARTIDO:DEM,TAPES,9,0,9,1001,1010,DEM,0.12072675113554865
2020,89257,MDB,PARTIDO:MDB,TAPES,75,0,75,1167,1242,MDB,0.14845804446569447
2020,89257,PC do B,PARTIDO:PC do B,TAPES,3,0,3,183,186,PC DO B,0.02223284723882381
2020,89257,PDT,PARTIDO:PDT,TAPES,99,0,99,1776,1875,PDT,0.22412144393975617
2020,89257,PL,PARTIDO:PL,TAPES,21,0,21,624,645,PL,0.07709777671527612
2020,89257,PP,PARTIDO:PP,TAPES,217,0,217,2144,2361,PP,0.282213722208941
2020,89257,PRTB,PARTIDO:PRTB,TAPES,3,0,3,402,405,PRTB,0.04841023189098733
2020,89257,PSB,PARTIDO:PSB,TAPES,3,0,3,159,162,PSB,0.019364092756394932
2020,89257,PSOL,PARTIDO:PSOL,TAPES,4,0,4,130,134,PSOL,0.016017212526894573
2020,89257,PT,PARTIDO:PT,TAPES,2,0,2,119,121,PT,0.014463303848912264
2020,89257,PTB,PARTIDO:PTB,TAPES,8,0,8,217,225,PTB,0.026894573272770738
2020,89265,MDB,PARTIDO:MDB,JACUIZINHO,4,0,4,192,196,MDB,0.1074561403508772
2020,89265,PDT,PARTIDO:PDT,JACUIZINHO,26,0,26,531,557,PDT,0.3053728070175439
2020,89265,PP,PARTIDO:PP,JACUIZINHO,21,0,21,620,641,PP,0.3514254385964912
2020,89265,PSB,PARTIDO:PSB,JACUIZINHO,3,0,3,171,174,PSB,0.09539473684210527
2020,89265,PTB,PARTIDO:PTB,JACUIZINHO,3,0,3,253,256,PTB,0.14035087719298245
2020,89273,DEM,PARTIDO:DEM,TAQUARA,40,0,40,2334,2374,DEM,0.0828968503387108
2020,89273,PC do B,PARTIDO:PC do B,TAQUARA,4,0,4,35,39,PC DO B,0.0013618269432222922
2020,89273,PDT,PARTIDO:PDT,TAQUARA,56,0,56,1095,1151,PDT,0.04019135414484252
2020,89273,PP,PARTIDO:PP,TAQUARA,439,0,439,4840,5279,PP,0.18433549828898665
2020,89273,PSB,PARTIDO:PSB,TAQUARA,392,0,392,4033,4425,PSB,0.15451498009637543
2020,89273,PSD,PARTIDO:PSD,TAQUARA,22,0,22,2866,2888,PSD,0.10084503107758921
2020,89273,PSDB,PARTIDO:PSDB,TAQUARA,156,0,156,2219,2375,PSDB,0.08293176897828061
2020,89273,PT,PARTIDO:PT,TAQUARA,47,0,47,1337,1384,PT,0.04832739716460647
2020,89273,PTB,PARTIDO:PTB,TAQUARA,76,0,76,6164,6240,PTB,0.21789231091556674
2020,89273,REPUBLICANOS,PARTIDO:REPUBLICANOS,TAQUARA,170,0,170,2313,2483,REPUBLICANOS,0.08670298205181926
2020,89281,PP,PARTIDO:PP,LAGOA BONITA DO SUL,29,0,29,454,483,PP,0.22580645161290322
2020,89281,PSB,PARTIDO:PSB,LAGOA BONITA DO SUL,8,0,8,547,555,PSB,0.2594670406732118
2020,89281,PSDB,PARTIDO:PSDB,LAGOA BONITA DO SUL,6,0,6,193,199,PSDB,0.09303412809724171
2020,89281,PT,PARTIDO:PT,LAGOA BONITA DO SUL,18,0,18,427,445,PT,0.2080411407199626
2020,89281,PTB,PARTIDO:PTB,LAGOA BONITA DO SUL,6,0,6,451,457,PTB,0.2136512388966807
2020,89290,CIDADANIA,PARTIDO:CIDADANIA,TAQUARI,2,0,2,203,205,CIDADANIA,0.013878545799201137
2020,89290,MDB,PARTIDO:MDB,TAQUARI,17,0,17,998,1015,MDB,0.06871572676189831
2020,89290,PDT,PARTIDO:PDT,TAQUARI,317,0,317,4283,4600,PDT,0.3114210276893914
2020,89290,PL,PARTIDO:PL,TAQUARI,4,0,4,84,88,PL,0.005957619660144879
2020,89290,PP,PARTIDO:PP,TAQUARI,72,0,72,2147,2219,PP,0.15022679574842596
2020,89290,PSB,PARTIDO:PSB,TAQUARI,25,0,25,2183,2208,PSB,0.14948209329090786
2020,89290,PSDB,PARTIDO:PSDB,TAQUARI,129,0,129,888,1017,PSDB,0.06885112720871979
2020,89290,PSL,PARTIDO:PSL,TAQUARI,4,0,4,22,26,PSL,0.0017602058086791687
2020,89290,PT,PARTIDO:PT,TAQUARI,43,0,43,3350,3393,PT,0.2297068580326315
2020,89303,MDB,PARTIDO:MDB,MATO QUEIMADO,29,0,29,340,369,MDB,0.2652767792954709
2020,89303,PP,PARTIDO:PP,MATO QUEIMADO,23,0,23,691,714,PP,0.5132997843278218
2020,89303,PTB,PARTIDO:PTB,MATO QUEIMADO,4,0,4,304,308,PTB,0.22142343637670742
2020,89311,DEM,PARTIDO:DEM,TENENTE PORTELA,4,0,4,490,494,DEM,0.06031746031746032
2020,89311,MDB,PARTIDO:MDB,TENENTE PORTELA,31,0,31,1590,1621,MDB,0.19792429792429792
2020,89311,PDT,PARTIDO:PDT,TENENTE PORTELA,49,0,49,1874,1923,PDT,0.2347985347985348
2020,89311,PP,PARTIDO:PP,TENENTE PORTELA,130,0,130,1622,1752,PP,0.2139194139194139
2020,89311,PSDB,PARTIDO:PSDB,TENENTE PORTELA,130,0,130,1515,1645,PSDB,0.20085470085470086
2020,89311,PT,PARTIDO:PT,TENENTE PORTELA,11,0,11,744,755,PT,0.09218559218559219
2020,89320,MDB,PARTIDO:MDB,NOVO XINGU,3,0,3,216,219,MDB,0.15030885380919698
2020,89320,PDT,PARTIDO:PDT,NOVO XINGU,7,0,7,414,421,PDT,0.28894989704873025
2020,89320,PP,PARTIDO:PP,NOVO XINGU,23,0,23,345,368,PP,0.2525737817433082
2020,89320,PT,PARTIDO:PT,NOVO XINGU,21,0,21,428,449,PT,0.3081674673987646
2020,89338,MDB,PARTIDO:MDB,TORRES,143,0,143,2370,2513,MDB,0.13303335097935415
2020,89338,PATRIOTA,PARTIDO:PATRIOTA,TORRES,16,0,16,333,349,PATRIOTA,0.018475383800952885
2020,89338,PDT,PARTIDO:PDT,TORRES,143,0,143,1323,1466,PDT,0.0776071995764955
2020,89338,PL,PARTIDO:PL,TORRES,4,0,4,556,560,PL,0.029645314981471677
2020,89338,PODE,PARTIDO:PODE,TORRES,5,0,5,42,47,PODE,0.0024880889359449442
2020,89338,PP,PARTIDO:PP,TORRES,325,0,325,4771,5096,PP,0.2697723663313923
2020,89338,PSB,PARTIDO:PSB,TORRES,14,0,14,1798,1812,PSB,0.09592376919004765
2020,89338,PSD,PARTIDO:PSD,TORRES,7,0,7,1211,1218,PSD,0.0644785600847009
2020,89338,PSDB,PARTIDO:PSDB,TORRES,24,0,24,2290,2314,PSDB,0.12249867654843832
2020,89338,PSL,PARTIDO:PSL,TORRES,19,0,19,1552,1571,PSL,0.08316569613552144
2020,89338,PT,PARTIDO:PT,TORRES,85,0,85,1117,1202,PT,0.06363155108523028
2020,89338,PTB,PARTIDO:PTB,TORRES,14,0,14,728,742,PTB,0.039280042350449976
2020,89338,REPUBLICANOS,PARTIDO:REPUBLICANOS,TORRES,0,0,0,0,0,REPUBLICANOS,0.0
2020,89346,CIDADANIA,PARTIDO:CIDADANIA,PAULO BENTO,4,0,4,215,219,CIDADANIA,0.11993428258488499
2020,89346,DEM,PARTIDO:DEM,PAULO BENTO,4,0,4,304,308,DEM,0.1686746987951807
2020,89346,MDB,PARTIDO:MDB,PAULO BENTO,18,0,18,362,380,MDB,0.20810514786418402
2020,89346,PDT,PARTIDO:PDT,PAULO BENTO,1,0,1,18,19,PDT,0.0104052573932092
2020,89346,PP,PARTIDO:PP,PAULO BENTO,12,0,12,148,160,PP,0.08762322015334063
2020,89346,PT,PARTIDO:PT,PAULO BENTO,17,0,17,372,389,PT,0.21303395399780942
2020,89346,REPUBLICANOS,PARTIDO:REPUBLICANOS,PAULO BENTO,6,0,6,345,351,REPUBLICANOS,0.192223439211391
2020,89354,CIDADANIA,PARTIDO:CIDADANIA,TRAMANDAÍ,28,0,28,2322,2350,CIDADANIA,0.10632040899425417
2020,89354,DEM,PARTIDO:DEM,TRAMANDAÍ,5,0,5,110,115,DEM,0.005202913631633715
2020,89354,MDB,PARTIDO:MDB,TRAMANDAÍ,395,0,395,5527,5922,MDB,0.2679274306655205
2020,89354,PC do B,PARTIDO:PC do B,TRAMANDAÍ,4,0,4,41,45,PC DO B,0.0020359227254218883
2020,89354,PDT,PARTIDO:PDT,TRAMANDAÍ,79,0,79,3802,3881,PDT,0.17558702438583
2020,89354,PL,PARTIDO:PL,TRAMANDAÍ,10,0,10,41,51,PL,0.0023073790888114734
2020,89354,PODE,PARTIDO:PODE,TRAMANDAÍ,25,0,25,82,107,PODE,0.0048409718137809345
2020,89354,PP,PARTIDO:PP,TRAMANDAÍ,269,0,269,4987,5256,PP,0.23779577432927657
2020,89354,PSDB,PARTIDO:PSDB,TRAMANDAÍ,16,0,16,867,883,PSDB,0.03994932814550061
2020,89354,PSL,PARTIDO:PSL,TRAMANDAÍ,16,0,16,220,236,PSL,0.010677283626657015
2020,89354,PT,PARTIDO:PT,TRAMANDAÍ,53,0,53,376,429,PT,0.019409129982355337
2020,89354,PTB,PARTIDO:PTB,TRAMANDAÍ,142,0,142,1100,1242,PTB,0.05619146722164412
2020,89354,PV,PARTIDO:PV,TRAMANDAÍ,7,0,7,299,306,PV,0.013844274532868841
2020,89354,REPUBLICANOS,PARTIDO:REPUBLICANOS,TRAMANDAÍ,22,157,179,394,573,REPUBLICANOS,0.02592408270370538
2020,89354,SOLIDARIEDADE,PARTIDO:SOLIDARIEDADE,TRAMANDAÍ,44,0,44,663,707,SOLIDARIEDADE,0.031986608152739446
2020,89362,MDB,PARTIDO:MDB,PINHAL DA SERRA,38,0,38,529,567,MDB,0.25267379679144386
2020,89362,PP,PARTIDO:PP,PINHAL DA SERRA,43,0,43,1214,1257,PP,0.5601604278074866
2020,89362,PT,PARTIDO:PT,PINHAL DA SERRA,6,0,6,414,420,PT,0.18716577540106952
2020,89370,MDB,PARTIDO:MDB,TRÊS COROAS,52,0,52,1455,1507,MDB,0.11350455675227837
2020,89370,PP,PARTIDO:PP,TRÊS COROAS,45,0,45,1602,1647,PP,0.1240491074790992
2020,89370,PRTB,PARTIDO:PRTB,TRÊS COROAS,93,0,93,1641,1734,PRTB,0.13060179257362356
2020,89370,PSB,PARTIDO:PSB,TRÊS COROAS,67,0,67,1935,2002,PSB,0.1507870753935377
2020,89370,PSD,PARTIDO:PSD,TRÊS COROAS,173,0,173,3567,3740,PSD,0.28169014084507044
2020,89370,PSDB,PARTIDO:PSDB,TRÊS COROAS,218,0,218,1262,1480,PSDB,0.1114709648263915
2020,89370,PSOL,PARTIDO:PSOL,TRÊS COROAS,11,0,11,110,121,PSOL,0.009113504556752278
2020,89370,PT,PARTIDO:PT,TRÊS COROAS,12,0,12,574,586,PT,0.044136476613692854
2020,89370,REPUBLICANOS,PARTIDO:REPUBLICANOS,TRÊS COROAS,11,0,11,449,460,REPUBLICANOS,0.034646380959554114
2020,89389,MDB,PARTIDO:MDB,QUATRO IRMÃOS,7,0,7,235,242,MDB,0.15306767868437698
2020,89389,PDT,PARTIDO:PDT,QUATRO IRMÃOS,7,0,7,261,268,PDT,0.16951296647691336
2020,89389,PP,PARTIDO:PP,QUATRO IRMÃOS,32,0,32,618,650,PP,0.41113219481340924
2020,89389,PSDB,PARTIDO:PSDB,QUATRO IRMÃOS,20,0,20,401,421,PSDB,0.26628716002530045
2020,89397,MDB,PARTIDO:MDB,TRÊS DE MAIO,37,0,37,1255,1292,MDB,0.08854773490507847
2020,89397,PDT,PARTIDO:PDT,TRÊS DE MAIO,71,0,71,1936,2007,PDT,0.13755054485641835
2020,89397,PP,PARTIDO:PP,TRÊS DE MAIO,275,0,275,5089,5364,PP,0.367623877732849
2020,89397,PSB,PARTIDO:PSB,TRÊS DE MAIO,7,0,7,226,233,PSB,0.015968747858268795
2020,89397,PT,PARTIDO:PT,TRÊS DE MAIO,233,0,233,3373,3606,PT,0.24713864711123296
2020,89397,PTB,PARTIDO:PTB,TRÊS DE MAIO,27,0,27,1631,1658,PTB,0.11363169076828182
2020,89397,REPUBLICANOS,PARTIDO:REPUBLICANOS,TRÊS DE MAIO,13,0,13,418,431,REPUBLICANOS,0.029538756767870607
2020,89400,MDB,PARTIDO:MDB,ROLADOR,42,0,42,772,814,MDB,0.3846880907372401
2020,89400,PP,PARTIDO:PP,ROLADOR,12,0,12,431,443,PP,0.20935727788279773
2020,89400,PSB,PARTIDO:PSB,ROLADOR,24,0,24,795,819,PSB,0.3870510396975425
2020,89400,PSL,PARTIDO:PSL,ROLADOR,3,0,3,37,40,PSL,0.01890359168241966
2020,89419,MDB,PARTIDO:MDB,TRÊS PASSOS,29,0,29,1841,1870,MDB,0.132473788608671
2020,89419,PC do B,PARTIDO:PC do B,TRÊS PASSOS,6,0,6,532,538,PC DO B,0.03811277982431284
2020,89419,PDT,PARTIDO:PDT,TRÊS PASSOS,43,0,43,1007,1050,PDT,0.07438367809577784
2020,89419,PP,PARTIDO:PP,TRÊS PASSOS,88,0,88,1767,1855,PP,0.13141116463587418
2020,89419,PSB,PARTIDO:PSB,TRÊS PASSOS,25,0,25,116,141,PSB,0.009988665344290167
2020,89419,PSDB,PARTIDO:PSDB,TRÊS PASSOS,238,0,238,2748,2986,PSDB,0.2115330121847549
2020,89419,PT,PARTIDO:PT,TRÊS PASSOS,227,0,227,2085,2312,PT,0.16378577500708416
2020,89419,PTB,PARTIDO:PTB,TRÊS PASSOS,58,0,58,3306,3364,PTB,0.23831113629923492
2020,89435,DEM,PARTIDO:DEM,TRIUNFO,108,0,108,979,1087,DEM,0.06367896895137669
2020,89435,MDB,PARTIDO:MDB,TRIUNFO,360,0,360,7365,7725,MDB,0.45254833040421794
2020,89435,PDT,PARTIDO:PDT,TRIUNFO,69,0,69,2462,2531,PDT,0.14827182190978325
2020,89435,PODE,PARTIDO:PODE,TRIUNFO,18,0,18,476,494,PODE,0.02893966022261277
2020,89435,PP,PARTIDO:PP,TRIUNFO,74,0,74,3116,3190,PP,0.18687756297598127
2020,89435,PT,PARTIDO:PT,TRIUNFO,34,0,34,288,322,PT,0.01886350322202695
2020,89435,PV,PARTIDO:PV,TRIUNFO,10,0,10,210,220,PV,0.012888107791446984
2020,89435,REPUBLICANOS,PARTIDO:REPUBLICANOS,TRIUNFO,43,0,43,1458,1501,REPUBLICANOS,0.0879320445225542
2020,89443,MDB,PARTIDO:MDB,SANTA MARGARIDA DO SUL,27,0,27,187,214,MDB,0.09687641466727026
2020,89443,PDT,PARTIDO:PDT,SANTA MARGARIDA DO SUL,23,0,23,1190,1213,PDT,0.549117247623359
2020,89443,PL,PARTIDO:PL,SANTA MARGARIDA DO SUL,6,0,6,136,142,PL,0.06428248076052512
2020,89443,PP,PARTIDO:PP,SANTA MARGARIDA DO SUL,48,0,48,562,610,PP,0.2761430511543685
2020,89443,PSOL,PARTIDO:PSOL,SANTA MARGARIDA DO SUL,1,0,1,29,30,PSOL,0.013580805794477138
2020,89451,MDB,PARTIDO:MDB,TUCUNDUVA,14,0,14,612,626,MDB,0.15452974574179215
2020,89451,PDT,PARTIDO:PDT,TUCUNDUVA,50,0,50,388,438,PDT,0.1081214514934584
2020,89451,PP,PARTIDO:PP,TUCUNDUVA,73,0,73,1846,1919,PP,0.4737101950135769
2020,89451,PSB,PARTIDO:PSB,TUCUNDUVA,3,0,3,362,365,PSB,0.09010120957788201
2020,89451,PSDB,PARTIDO:PSDB,TUCUNDUVA,20,0,20,465,485,PSDB,0.11972352505554185
2020,89451,PT,PARTIDO:PT,TUCUNDUVA,4,0,4,214,218,PT,0.053813873117748705
2020,89460,MDB,PARTIDO:MDB,SÃO JOSÉ DO SUL,2,0,2,171,173,MDB,0.09976931949250288
2020,89460,PDT,PARTIDO:PDT,SÃO JOSÉ DO SUL,20,0,20,564,584,PDT,0.33679354094579006
2020,89460,PP,PARTIDO:PP,SÃO JOSÉ DO SUL,7,0,7,236,243,PP,0.14013840830449828
2020,89460,PSD,PARTIDO:PSD,SÃO JOSÉ DO SUL,24,0,24,710,734,PSD,0.4232987312572088
2020,89478,DEM,PARTIDO:DEM,TUPANCIRETÃ,5,0,5,101,106,DEM,0.008868066594160461
2020,89478,MDB,PARTIDO:MDB,TUPANCIRETÃ,26,0,26,1170,1196,MDB,0.1000585627039237
2020,89478,PDT,PARTIDO:PDT,TUPANCIRETÃ,26,0,26,788,814,PDT,0.06810005856270393
2020,89478,PP,PARTIDO:PP,TUPANCIRETÃ,226,0,226,3344,3570,PP,0.29866979001087596
2020,89478,PSB,PARTIDO:PSB,TUPANCIRETÃ,20,0,20,562,582,PSB,0.04869070526227725
2020,89478,PSD,PARTIDO:PSD,TUPANCIRETÃ,10,0,10,377,387,PSD,0.032376809169246214
2020,89478,PSDB,PARTIDO:PSDB,TUPANCIRETÃ,168,0,168,2425,2593,PSDB,0.21693298753451015
2020,89478,PT,PARTIDO:PT,TUPANCIRETÃ,199,0,199,1068,1267,PT,0.1059984941018991
2020,89478,PTB,PARTIDO:PTB,TUPANCIRETÃ,12,0,12,483,495,PTB,0.04141219777461725
2020,89478,REPUBLICANOS,PARTIDO:REPUBLICANOS,TUPANCIRETÃ,16,0,16,927,943,REPUBLICANOS,0.07889232828578599
2020,89486,PDT,PARTIDO:PDT,SÃO PEDRO DAS MISSÕES,6,0,6,328,334,PDT,0.23874195854181557
2020,89486,PL,PARTIDO:PL,SÃO PEDRO DAS MISSÕES,11,0,11,113,124,PL,0.08863473909935668
2020,89486,PP,PARTIDO:PP,SÃO PEDRO DAS MISSÕES,32,0,32,659,691,PP,0.49392423159399573
2020,89486,PT,PARTIDO:PT,SÃO PEDRO DAS MISSÕES,2,0,2,248,250,PT,0.17869907076483202
2020,89494,MDB,PARTIDO:MDB,TUPARENDI,17,0,17,1138,1155,MDB,0.20045123221103783
2020,89494,PDT,PARTIDO:PDT,TUPARENDI,131,0,131,2522,2653,PDT,0.46043040610898994
2020,89494,PP,PARTIDO:PP,TUPARENDI,37,0,37,1310,1347,PP,0.23377299548767788
2020,89494,PT,PARTIDO:PT,TUPARENDI,14,0,14,593,607,PT,0.10534536619229434
2020,89508,MDB,PARTIDO:MDB,TIO HUGO,7,0,7,307,314,MDB,0.14351005484460694
2020,89508,PDT,PARTIDO:PDT,TIO HUGO,58,0,58,984,1042,PDT,0.47623400365630714
2020,89508,PP,PARTIDO:PP,TIO HUGO,14,0,14,498,512,PP,0.2340036563071298
2020,89508,PSD,PARTIDO:PSD,TIO HUGO,2,0,2,181,183,PSD,0.08363802559414991
2020,89508,REPUBLICANOS,PARTIDO:REPUBLICANOS,TIO HUGO,1,0,1,136,137,REPUBLICANOS,0.06261425959780621
2020,89516,DEM,PARTIDO:DEM,URUGUAIANA,371,0,371,4383,4754,DEM,0.087314268922071
2020,89516,MDB,PARTIDO:MDB,URUGUAIANA,87,0,87,2772,2859,MDB,0.052509780153176484
2020,89516,PC do B,PARTIDO:PC do B,URUGUAIANA,5,0,5,59,64,PC DO B,0.001175455029661873
2020,89516,PDT,PARTIDO:PDT,URUGUAIANA,185,0,185,6377,6562,PDT,0.12052087351001892
2020,89516,PP,PARTIDO:PP,URUGUAIANA,1578,0,1578,13478,15056,PP,0.2765257957279556
2020,89516,PSB,PARTIDO:PSB,URUGUAIANA,74,0,74,4584,4658,PSB,0.08555108637757819
2020,89516,PSDB,PARTIDO:PSDB,URUGUAIANA,124,0,124,1381,1505,PSDB,0.027641559681892483
2020,89516,PSL,PARTIDO:PSL,URUGUAIANA,109,0,109,2090,2199,PSL,0.040387900159788416
2020,89516,PSOL,PARTIDO:PSOL,URUGUAIANA,39,0,39,86,125,PSOL,0.002295810604808346
2020,89516,PT,PARTIDO:PT,URUGUAIANA,207,0,207,1528,1735,PT,0.031865851194739836
2020,89516,PTB,PARTIDO:PTB,URUGUAIANA,50,0,50,1945,1995,PTB,0.0366411372527412
2020,89516,REPUBLICANOS,PARTIDO:REPUBLICANOS,URUGUAIANA,162,0,162,12773,12935,REPUBLICANOS,0.2375704813855676
2020,89524,MDB,PARTIDO:MDB,WESTFALIA,23,0,23,521,544,MDB,0.24049513704686118
2020,89524,PDT,PARTIDO:PDT,WESTFALIA,10,0,10,516,526,PDT,0.23253757736516356
2020,89524,PP,PARTIDO:PP,WESTFALIA,31,0,31,659,690,PP,0.3050397877984085
2020,89524,PT,PARTIDO:PT,WESTFALIA,2,0,2,500,502,PT,0.22192749778956675
2020,89532,DEM,PARTIDO:DEM,VACARIA,18,0,18,1370,1388,DEM,0.04180848820747613
2020,89532,MDB,PARTIDO:MDB,VACARIA,77,0,77,1198,1275,MDB,0.038404771228049035
2020,89532,PDT,PARTIDO:PDT,VACARIA,53,0,53,2550,2603,PDT,0.07840597608361698
2020,89532,PL,PARTIDO:PL,VACARIA,34,0,34,1506,1540,PL,0.046386939365643545
2020,89532,PODE,PARTIDO:PODE,VACARIA,23,0,23,1090,1113,PODE,0.033525106177896925
2020,89532,PP,PARTIDO:PP,VACARIA,80,0,80,3830,3910,PP,0.11777463176601705
2020,89532,PSB,PARTIDO:PSB,VACARIA,48,0,48,4066,4114,PSB,0.1239193951625049
2020,89532,PSD,PARTIDO:PSD,VACARIA,35,0,35,2127,2162,PSD,0.06512244344709178
2020,89532,PSDB,PARTIDO:PSDB,VACARIA,648,0,648,6670,7318,PSDB,0.22042832615440225
2020,89532,PSL,PARTIDO:PSL,VACARIA,75,0,75,638,713,PSL,0.02147655049850899
2020,89532,PT,PARTIDO:PT,VACARIA,299,0,299,2256,2555,PT,0.07696014940209042
2020,89532,PTB,PARTIDO:PTB,VACARIA,35,0,35,2433,2468,PTB,0.07433958854182354
2020,89532,REPUBLICANOS,PARTIDO:REPUBLICANOS,VACARIA,34,0,34,2006,2040,REPUBLICANOS,0.06144763396487846
2020,89540,MDB,PARTIDO:MDB,PINTO BANDEIRA,41,0,41,873,914,MDB,0.4581453634085213
2020,89540,PDT,PARTIDO:PDT,PINTO BANDEIRA,37,0,37,435,472,PDT,0.23659147869674185
2020,89540,PP,PARTIDO:PP,PINTO BANDEIRA,10,0,10,285,295,PP,0.14786967418546365
2020,89540,PSB,PARTIDO:PSB,PINTO BANDEIRA,2,0,2,283,285,PSB,0.14285714285714285
2020,89540,PSDB,PARTIDO:PSDB,PINTO BANDEIRA,2,0,2,27,29,PSDB,0.014536340852130326
2020,89559,CIDADANIA,PARTIDO:CIDADANIA,VENÂNCIO AIRES,19,0,19,834,853,CIDADANIA,0.021591110436125244
2020,89559,DEM,PARTIDO:DEM,VENÂNCIO AIRES,20,0,20,886,906,DEM,0.022932644847748502
2020,89559,MDB,PARTIDO:MDB,VENÂNCIO AIRES,67,0,67,3620,3687,MDB,0.09332523350292353
2020,89559,PDT,PARTIDO:PDT,VENÂNCIO AIRES,919,0,919,7453,8372,PDT,0.2119118130964133
2020,89559,PL,PARTIDO:PL,VENÂNCIO AIRES,29,0,29,1211,1240,PL,0.03138684283797808
2020,89559,PP,PARTIDO:PP,VENÂNCIO AIRES,120,0,120,465,585,PP,0.014807502467917079
2020,89559,PSB,PARTIDO:PSB,VENÂNCIO AIRES,409,0,409,5311,5720,PSB,0.1447844685751892
2020,89559,PSD,PARTIDO:PSD,VENÂNCIO AIRES,30,0,30,2366,2396,PSD,0.06064748019338345
2020,89559,PSDB,PARTIDO:PSDB,VENÂNCIO AIRES,19,0,19,218,237,PSDB,0.005998936897258713
2020,89559,PSL,PARTIDO:PSL,VENÂNCIO AIRES,44,0,44,2331,2375,PSL,0.06011592882274027
2020,89559,PT,PARTIDO:PT,VENÂNCIO AIRES,47,0,47,1031,1078,PT,0.027286303693016427
2020,89559,PTB,PARTIDO:PTB,VENÂNCIO AIRES,194,0,194,9408,9602,PTB,0.2430455362340851
2020,89559,REPUBLICANOS,PARTIDO:REPUBLICANOS,VENÂNCIO AIRES,48,0,48,2408,2456,REPUBLICANOS,0.0621661983952211
2020,89567,MDB,PARTIDO:MDB,PEDRAS ALTAS,4,0,4,101,105,MDB,0.062351543942992874
2020,89567,PP,PARTIDO:PP,PEDRAS ALTAS,40,0,40,407,447,PP,0.2654394299287411
2020,89567,PSDB,PARTIDO:PSDB,PEDRAS ALTAS,5,0,5,124,129,PSDB,0.07660332541567696
2020,89567,PT,PARTIDO:PT,PEDRAS ALTAS,11,0,11,878,889,PT,0.5279097387173397
2020,89567,PTB,PARTIDO:PTB,PEDRAS ALTAS,17,0,17,97,114,PTB,0.06769596199524941
2020,89575,MDB,PARTIDO:MDB,VERA CRUZ,43,0,43,2400,2443,MDB,0.15962103887618426
2020,89575,PDT,PARTIDO:PDT,VERA CRUZ,48,0,48,1861,1909,PDT,0.12473048023521725
2020,89575,PL,PARTIDO:PL,VERA CRUZ,22,0,22,185,207,PL,0.0135249918327344
2020,89575,PP,PARTIDO:PP,VERA CRUZ,181,0,181,1801,1982,PP,0.129500163345312
2020,89575,PSB,PARTIDO:PSB,VERA CRUZ,198,0,198,2909,3107,PSB,0.20300555374060764
2020,89575,PSL,PARTIDO:PSL,VERA CRUZ,2,0,2,44,46,PSL,0.0030055537406076444
2020,89575,PT,PARTIDO:PT,VERA CRUZ,23,0,23,1297,1320,PT,0.08624632473048023
2020,89575,PTB,PARTIDO:PTB,VERA CRUZ,184,0,184,3837,4021,PTB,0.2627245998039856
2020,89575,REPUBLICANOS,PARTIDO:REPUBLICANOS,VERA CRUZ,12,0,12,258,270,REPUBLICANOS,0.017641293694870958
2020,89591,MDB,PARTIDO:MDB,VERANÓPOLIS,326,0,326,3572,3898,MDB,0.2888049196117656
2020,89591,PDT,PARTIDO:PDT,VERANÓPOLIS,69,0,69,3061,3130,PDT,0.23190338593761578
2020,89591,PP,PARTIDO:PP,VERANÓPOLIS,52,0,52,1629,1681,PP,0.12454619545084093
2020,89591,PSD,PARTIDO:PSD,VERANÓPOLIS,34,0,34,3378,3412,PSD,0.25279691783359265
2020,89591,PTB,PARTIDO:PTB,VERANÓPOLIS,38,0,38,1338,1376,PTB,0.10194858116618508
2020,89613,MDB,PARTIDO:MDB,VIADUTOS,37,0,37,1267,1304,MDB,0.3530048727666486
2020,89613,PP,PARTIDO:PP,VIADUTOS,45,0,45,696,741,PP,0.2005955603681646
2020,89613,PSB,PARTIDO:PSB,VIADUTOS,7,0,7,200,207,PSB,0.0560368164591229
2020,89613,PT,PARTIDO:PT,VIADUTOS,9,0,9,513,522,PT,0.1413102328099621
2020,89613,PTB,PARTIDO:PTB,VIADUTOS,75,0,75,595,670,PTB,0.18137520303194368
2020,89613,SOLIDARIEDADE,PARTIDO:SOLIDARIEDADE,VIADUTOS,6,0,6,244,250,SOLIDARIEDADE,0.0676773145641581
2020,89630,AVANTE,PARTIDO:AVANTE,VIAMÃO,41,0,41,512,553,AVANTE,0.0055698242433398805
2020,89630,CIDADANIA,PARTIDO:CIDADANIA,VIAMÃO,90,0,90,3584,3674,CIDADANIA,0.03700458276678249
2020,89630,DEM,PARTIDO:DEM,VIAMÃO,107,0,107,5125,5232,DEM,0.05269678199123735
2020,89630,MDB,PARTIDO:MDB,VIAMÃO,263,0,263,8064,8327,MDB,0.08386966812710883
2020,89630,PATRIOTA,PARTIDO:PATRIOTA,VIAMÃO,43,0,43,1397,1440,PATRIOTA,0.014503701465478169
2020,89630,PC do B,PARTIDO:PC do B,VIAMÃO,40,0,40,681,721,PC DO B,0.007261922747645666
2020,89630,PCO,PARTIDO:PCO,VIAMÃO,10,0,10,103,113,PCO,0.001138137684443773
2020,89630,PDT,PARTIDO:PDT,VIAMÃO,811,0,811,5664,6475,PDT,0.06521629652011884
2020,89630,PL,PARTIDO:PL,VIAMÃO,97,0,97,4337,4434,PL,0.044659314095784865
2020,89630,PP,PARTIDO:PP,VIAMÃO,191,0,191,4400,4591,PP,0.04624062043611825
2020,89630,PROS,PARTIDO:PROS,VIAMÃO,9,0,9,173,182,PROS,0.0018331067129979351
2020,89630,PRTB,PARTIDO:PRTB,VIAMÃO,428,0,428,1334,1762,PRTB,0.017746890265397594
2020,89630,PSB,PARTIDO:PSB,VIAMÃO,172,0,172,9116,9288,PSB,0.09354887445233419
2020,89630,PSC,PARTIDO:PSC,VIAMÃO,32,0,32,725,757,PSC,0.007624515284282621
2020,89630,PSD,PARTIDO:PSD,VIAMÃO,574,0,574,12223,12797,PSD,0.12889157475953064
2020,89630,PSDB,PARTIDO:PSDB,VIAMÃO,836,0,836,10043,10879,PSDB,0.10957345016870625
2020,89630,PSL,PARTIDO:PSL,VIAMÃO,338,0,338,2558,2896,PSL,0.029168555169461652
2020,89630,PSOL,PARTIDO:PSOL,VIAMÃO,240,0,240,1686,1926,PSOL,0.01939870071007705
2020,89630,PT,PARTIDO:PT,VIAMÃO,467,1039,1506,7112,8618,PT,0.0868006244649242
2020,89630,PTB,PARTIDO:PTB,VIAMÃO,180,0,180,8153,8333,PTB,0.08393010021654831
2020,89630,REPUBLICANOS,PARTIDO:REPUBLICANOS,VIAMÃO,111,0,111,3990,4101,REPUBLICANOS,0.04130533313189304
2020,89630,SOLIDARIEDADE,PARTIDO:SOLIDARIEDADE,VIAMÃO,35,0,35,2151,2186,SOLIDARIEDADE,0.022017424585788387
2020,89656,MDB,PARTIDO:MDB,VICENTE DUTRA,52,0,52,885,937,MDB,0.2828252339269544
2020,89656,PDT,PARTIDO:PDT,VICENTE DUTRA,22,0,22,1090,1112,PDT,0.33564744944159375
2020,89656,PL,PARTIDO:PL,VICENTE DUTRA,3,0,3,168,171,PL,0.0516148505885904
2020,89656,PP,PARTIDO:PP,VICENTE DUTRA,57,0,57,893,950,PP,0.28674916993661337
2020,89656,PT,PARTIDO:PT,VICENTE DUTRA,3,0,3,140,143,PT,0.04316329610624811
2020,89672,CIDADANIA,PARTIDO:CIDADANIA,PALMARES DO SUL,10,0,10,551,561,CIDADANIA,0.07776545605766565
2020,89672,MDB,PARTIDO:MDB,PALMARES DO SUL,150,0,150,1640,1790,MDB,0.24812863875797062
2020,89672,PATRIOTA,PARTIDO:PATRIOTA,PALMARES DO SUL,9,0,9,211,220,PATRIOTA,0.03049625727751594
2020,89672,PDT,PARTIDO:PDT,PALMARES DO SUL,40,0,40,2069,2109,PDT,0.29234821181036874
2020,89672,PP,PARTIDO:PP,PALMARES DO SUL,93,0,93,637,730,PP,0.10119212642084835
2020,89672,PSL,PARTIDO:PSL,PALMARES DO SUL,23,0,23,195,218,PSL,0.030219018574993067
2020,89672,PT,PARTIDO:PT,PALMARES DO SUL,108,0,108,950,1058,PT,0.14665927363459938
2020,89672,PTB,PARTIDO:PTB,PALMARES DO SUL,9,0,9,519,528,PTB,0.07319101746603826
2020,89699,MDB,PARTIDO:MDB,VICTOR GRAEFF,22,0,22,674,696,MDB,0.31365479945921587
2020,89699,PDT,PARTIDO:PDT,VICTOR GRAEFF,23,0,23,1040,1063,PDT,0.4790446146913024
2020,89699,PP,PARTIDO:PP,VICTOR GRAEFF,6,0,6,454,460,PP,0.20730058584948174
2020,89710,MDB,PARTIDO:MDB,TAVARES,76,0,76,1488,1564,MDB,0.4079290558163798
2020,89710,PDT,PARTIDO:PDT,TAVARES,27,0,27,769,796,PDT,0.20761606677099634
2020,89710,PP,PARTIDO:PP,TAVARES,75,0,75,1399,1474,PP,0.3844548774126239
2020,89737,MDB,PARTIDO:MDB,CAPÃO DO LEÃO,43,0,43,862,905,MDB,0.07185961569001112
2020,89737,PDT,PARTIDO:PDT,CAPÃO DO LEÃO,62,0,62,1456,1518,PDT,0.12053358742258218
2020,89737,PP,PARTIDO:PP,CAPÃO DO LEÃO,287,0,287,1743,2030,PP,0.16118786723836748
2020,89737,PSB,PARTIDO:PSB,CAPÃO DO LEÃO,15,0,15,660,675,PSB,0.053596950929013815
2020,89737,PSD,PARTIDO:PSD,CAPÃO DO LEÃO,31,0,31,1968,1999,PSD,0.1587263776401461
2020,89737,PT,PARTIDO:PT,CAPÃO DO LEÃO,187,0,187,2800,2987,PT,0.23717643322216928
2020,89737,PTB,PARTIDO:PTB,CAPÃO DO LEÃO,125,0,125,2355,2480,PTB,0.19691916785771002
2020,89753,MDB,PARTIDO:MDB,SALTO DO JACUÍ,101,0,101,1935,2036,MDB,0.3145373088212575
2020,89753,PDT,PARTIDO:PDT,SALTO DO JACUÍ,84,0,84,1192,1276,PDT,0.19712652556774293
2020,89753,PP,PARTIDO:PP,SALTO DO JACUÍ,118,0,118,1930,2048,PP,0.31639116329368144
2020,89753,PSL,PARTIDO:PSL,SALTO DO JACUÍ,3,0,3,61,64,PSL,0.009887223852927545
2020,89753,PT,PARTIDO:PT,SALTO DO JACUÍ,16,0,16,549,565,PT,0.08728564807662599
2020,89753,PTB,PARTIDO:PTB,SALTO DO JACUÍ,10,0,10,330,340,PTB,0.05252587671867758
2020,89753,REPUBLICANOS,PARTIDO:REPUBLICANOS,SALTO DO JACUÍ,10,0,10,134,144,REPUBLICANOS,0.022246253669086977
2020,89770,MDB,PARTIDO:MDB,COTIPORÃ,42,0,42,798,840,MDB,0.2736156351791531
2020,89770,PDT,PARTIDO:PDT,COTIPORÃ,10,0,10,411,421,PDT,0.13713355048859935
2020,89770,PP,PARTIDO:PP,COTIPORÃ,42,0,42,1117,1159,PP,0.3775244299674267
2020,89770,PSD,PARTIDO:PSD,COTIPORÃ,8,0,8,642,650,PSD,0.21172638436482086
2020,98213,CIDADANIA,PARTIDO:CIDADANIA,TEUTÔNIA,12,0,12,1681,1693,CIDADANIA,0.0857302005266356
2020,98213,DEM,PARTIDO:DEM,TEUTÔNIA,8,0,8,349,357,DEM,0.0180777800283573
2020,98213,MDB,PARTIDO:MDB,TEUTÔNIA,63,0,63,2710,2773,MDB,0.14041928296536357
2020,98213,PDT,PARTIDO:PDT,TEUTÔNIA,246,0,246,4893,5139,PDT,0.26022888393761395
2020,98213,PP,PARTIDO:PP,TEUTÔNIA,142,0,142,972,1114,PP,0.056410775774762
2020,98213,PSB,PARTIDO:PSB,TEUTÔNIA,8,0,8,534,542,PSB,0.027445817297954225
2020,98213,PSD,PARTIDO:PSD,TEUTÔNIA,30,0,30,1670,1700,PSD,0.08608466680170143
2020,98213,PSDB,PARTIDO:PSDB,TEUTÔNIA,173,0,173,1918,2091,PSDB,0.10588414016609277
2020,98213,PSL,PARTIDO:PSL,TEUTÔNIA,18,0,18,1652,1670,PSL,0.08456552562284789
2020,98213,PT,PARTIDO:PT,TEUTÔNIA,16,0,16,150,166,PT,0.00840591452298967
2020,98213,PTB,PARTIDO:PTB,TEUTÔNIA,27,0,27,1814,1841,PTB,0.09322463034231314
2020,98213,REPUBLICANOS,PARTIDO:REPUBLICANOS,TEUTÔNIA,11,0,11,651,662,REPUBLICANOS,0.03352238201336844
2020,98230,CIDADANIA,PARTIDO:CIDADANIA,BOM PRINCÍPIO,4,0,4,327,331,CIDADANIA,0.03933919657713335
2020,98230,MDB,PARTIDO:MDB,BOM PRINCÍPIO,111,0,111,3294,3405,MDB,0.4046826717375802
2020,98230,PP,PARTIDO:PP,BOM PRINCÍPIO,33,0,33,688,721,PP,0.08569051580698835
2020,98230,PSDB,PARTIDO:PSDB,BOM PRINCÍPIO,143,0,143,2298,2441,PSDB,0.29011171856429757
2020,98230,PSL,PARTIDO:PSL,BOM PRINCÍPIO,3,0,3,178,181,PSL,0.021511766104112193
2020,98230,PTB,PARTIDO:PTB,BOM PRINCÍPIO,25,0,25,1310,1335,PTB,0.1586641312098883
2020,98256,CIDADANIA,PARTIDO:CIDADANIA,PAROBÉ,22,0,22,2476,2498,CIDADANIA,0.08536668717107511
2020,98256,DEM,PARTIDO:DEM,PAROBÉ,60,0,60,2849,2909,DEM,0.09941220695782926
2020,98256,MDB,PARTIDO:MDB,PAROBÉ,91,0,91,3641,3732,MDB,0.12753742054541725
2020,98256,PDT,PARTIDO:PDT,PAROBÉ,825,0,825,6883,7708,PDT,0.2634133005262798
2020,98256,PL,PARTIDO:PL,PAROBÉ,53,0,53,3982,4035,PL,0.13789214681156448
2020,98256,PP,PARTIDO:PP,PAROBÉ,52,0,52,1090,1142,PP,0.03902672407901032
2020,98256,PSB,PARTIDO:PSB,PAROBÉ,34,0,34,922,956,PSB,0.032670357460187274
2020,98256,PSDB,PARTIDO:PSDB,PAROBÉ,160,0,160,968,1128,PSDB,0.038548287881894606
2020,98256,PT,PARTIDO:PT,PAROBÉ,49,0,49,1133,1182,PT,0.04039368464219807
2020,98256,REPUBLICANOS,PARTIDO:REPUBLICANOS,PAROBÉ,48,0,48,3924,3972,REPUBLICANOS,0.1357391839245438
2020,98272,PDT,PARTIDO:PDT,FORTALEZA DOS VALOS,11,0,11,327,338,PDT,0.11002604166666667
2020,98272,PP,PARTIDO:PP,FORTALEZA DOS VALOS,79,0,79,2655,2734,PP,0.8899739583333334
2020,98299,PDT,PARTIDO:PDT,JÓIA,22,0,22,937,959,PDT,0.1848496530454896
2020,98299,PP,PARTIDO:PP,JÓIA,116,0,116,2136,2252,PP,0.43407864302235927
2020,98299,PSC,PARTIDO:PSC,JÓIA,63,0,63,1222,1285,PSC,0.2476869699306091
2020,98299,PT,PARTIDO:PT,JÓIA,33,0,33,659,692,PT,0.13338473400154202
2024,84735,PC do B,FEDERACAO:101,ÁUREA,0,0,0,0,0,PC DO B,0.0
2024,84735,PL,PARTIDO:PL,ÁUREA,10,0,10,616,626,PL,0.21357898328215627
2024,84735,PODE,PARTIDO:PODE,ÁUREA,7,0,7,534,541,PODE,0.1845786421016718
2024,84735,PP,PARTIDO:PP,ÁUREA,37,0,37,688,725,PP,0.24735585124530876
2024,84735,PT,FEDERACAO:101,ÁUREA,12,0,12,560,572,PT,0.1951552371204367
2024,84735,PV,FEDERACAO:101,ÁUREA,0,0,0,0,0,PV,0.0
2024,84735,REPUBLICANOS,PARTIDO:REPUBLICANOS,ÁUREA,7,0,7,460,467,REPUBLICANOS,0.15933128625042647
2024,84743,MDB,PARTIDO:MDB,TRÊS ARROIOS,12,0,12,599,611,MDB,0.2679824561403509
2024,84743,PC do B,FEDERACAO:101,TRÊS ARROIOS,3,0,3,0,3,PC DO B,0.0013157894736842105
2024,84743,PDT,PARTIDO:PDT,TRÊS ARROIOS,6,0,6,224,230,PDT,0.10087719298245613
2024,84743,PL,PARTIDO:PL,TRÊS ARROIOS,7,0,7,504,511,PL,0.22412280701754386
2024,84743,PRD,PARTIDO:PRD,TRÊS ARROIOS,1,0,1,168,169,PRD,0.07412280701754385
2024,84743,PSD,PARTIDO:PSD,TRÊS ARROIOS,11,0,11,455,466,PSD,0.2043859649122807
2024,84743,PT,FEDERACAO:101,TRÊS ARROIOS,7,0,7,283,290,PT,0.12719298245614036
2024,84743,PV,FEDERACAO:101,TRÊS ARROIOS,0,0,0,0,0,PV,0.0
2024,84751,MDB,PARTIDO:MDB,NOVA ROMA DO SUL,18,0,18,847,865,MDB,0.31836584468163415
2024,84751,PC do B,FEDERACAO:101,NOVA ROMA DO SUL,0,0,0,0,0,PC DO B,0.0
2024,84751,PP,PARTIDO:PP,NOVA ROMA DO SUL,18,0,18,725,743,PP,0.27346337872653664
2024,84751,PT,FEDERACAO:101,NOVA ROMA DO SUL,39,0,39,810,849,PT,0.312476996687523
2024,84751,PV,FEDERACAO:101,NOVA ROMA DO SUL,0,0,0,0,0,PV,0.0
2024,84751,REPUBLICANOS,PARTIDO:REPUBLICANOS,NOVA ROMA DO SUL,2,0,2,258,260,REPUBLICANOS,0.09569377990430622
2024,84760,MDB,PARTIDO:MDB,PROGRESSO,23,0,23,1027,1050,MDB,0.22955837341495408
2024,84760,PDT,PARTIDO:PDT,PROGRESSO,30,0,30,1368,1398,PDT,0.3056405771753389
2024,84760,PL,PARTIDO:PL,PROGRESSO,39,0,39,669,708,PL,0.15478793178836905
2024,84760,PP,PARTIDO:PP,PROGRESSO,63,0,63,1355,1418,PP,0.310013117621338
2024,84778,MDB,PARTIDO:MDB,PIRAPÓ,34,0,34,957,991,MDB,0.46591443347437705
2024,84778,PP,PARTIDO:PP,PIRAPÓ,31,0,31,1105,1136,PP,0.5340855665256229
2024,84786,PDT,PARTIDO:PDT,JABOTICABA,18,0,18,631,649,PDT,0.21575797872340424
2024,84786,PP,PARTIDO:PP,JABOTICABA,47,0,47,1366,1413,PP,0.4697473404255319
2024,84786,UNIÃO,PARTIDO:UNIÃO,JABOTICABA,39,0,39,907,946,UNIÃO,0.31449468085106386
2024,84794,CIDADANIA,FEDERACAO:100,SÃO JORGE,23,0,23,817,840,CIDADANIA,0.3753351206434316
2024,84794,MDB,PARTIDO:MDB,SÃO JORGE,8,0,8,646,654,MDB,0.29222520107238603
2024,84794,PDT,PARTIDO:PDT,SÃO JORGE,9,0,9,138,147,PDT,0.06568364611260054
2024,84794,PP,PARTIDO:PP,SÃO JORGE,2,0,2,593,595,PP,0.2658623771224307
2024,84794,PSDB,FEDERACAO:100,SÃO JORGE,2,0,2,0,2,PSDB,0.0008936550491510277
2024,84808,MDB,PARTIDO:MDB,ALTO ALEGRE,2,0,2,137,139,MDB,0.0795649685174585
2024,84808,PDT,PARTIDO:PDT,ALTO ALEGRE,20,0,20,801,821,PDT,0.4699484831139096
2024,84808,PP,PARTIDO:PP,ALTO ALEGRE,14,0,14,607,621,PP,0.3554665140240412
2024,84808,PSB,PARTIDO:PSB,ALTO ALEGRE,1,0,1,165,166,PSB,0.09502003434459072
2024,84816,CIDADANIA,FEDERACAO:100,NOVA HARTZ,10,0,10,739,749,CIDADANIA,0.06379897785349234
2024,84816,MDB,PARTIDO:MDB,NOVA HARTZ,67,0,67,2088,2155,MDB,0.18356047700170358
2024,84816,PL,PARTIDO:PL,NOVA HARTZ,8,0,8,359,367,PL,0.03126064735945486
2024,84816,PP,PARTIDO:PP,NOVA HARTZ,132,0,132,5474,5606,PP,0.47751277683134585
2024,84816,PSDB,FEDERACAO:100,NOVA HARTZ,119,0,119,1688,1807,PSDB,0.1539182282793867
2024,84816,REPUBLICANOS,PARTIDO:REPUBLICANOS,NOVA HARTZ,4,0,4,235,239,REPUBLICANOS,0.020357751277683134
2024,84816,UNIÃO,PARTIDO:UNIÃO,NOVA HARTZ,14,0,14,803,817,UNIÃO,0.06959114139693356
2024,84824,MDB,PARTIDO:MDB,DOIS LAJEADOS,6,0,6,1120,1126,MDB,0.4008543965824137
2024,84824,PDT,PARTIDO:PDT,DOIS LAJEADOS,3,0,3,473,476,PDT,0.1694553221787113
2024,84824,PP,PARTIDO:PP,DOIS LAJEADOS,27,0,27,664,691,PP,0.24599501601993592
2024,84824,UNIÃO,PARTIDO:UNIÃO,DOIS LAJEADOS,20,0,20,496,516,UNIÃO,0.1836952652189391
2024,84832,PC do B,FEDERACAO:101,SÃO DOMINGOS DO SUL,0,0,0,0,0,PC DO B,0.0
2024,84832,PP,PARTIDO:PP,SÃO DOMINGOS DO SUL,67,0,67,1577,1644,PP,0.8090551181102362
2024,84832,PT,FEDERACAO:101,SÃO DOMINGOS DO SUL,17,0,17,371,388,PT,0.19094488188976377
2024,84832,PV,FEDERACAO:101,SÃO DOMINGOS DO SUL,0,0,0,0,0,PV,0.0
2024,84840,MDB,PARTIDO:MDB,TUNAS,15,0,15,364,379,MDB,0.1229322088874473
2024,84840,PP,PARTIDO:PP,TUNAS,24,0,24,1278,1302,PP,0.42231592604605905
2024,84840,PRD,PARTIDO:PRD,TUNAS,38,0,38,1364,1402,PRD,0.4547518650664937
2024,84859,MDB,PARTIDO:MDB,SÃO JOÃO DA URTIGA,33,0,33,1092,1125,MDB,0.2925117004680187
2024,84859,PL,PARTIDO:PL,SÃO JOÃO DA URTIGA,5,0,5,441,446,PL,0.11596463858554343
2024,84859,PP,PARTIDO:PP,SÃO JOÃO DA URTIGA,6,0,6,1045,1051,PP,0.27327093083723347
2024,84859,PSB,PARTIDO:PSB,SÃO JOÃO DA URTIGA,12,0,12,155,167,PSB,0.04342173686947478
2024,84859,REPUBLICANOS,PARTIDO:REPUBLICANOS,SÃO JOÃO DA URTIGA,3,0,3,34,37,REPUBLICANOS,0.009620384815392615
2024,84859,UNIÃO,PARTIDO:UNIÃO,SÃO JOÃO DA URTIGA,32,0,32,988,1020,UNIÃO,0.26521060842433697
2024,84867,MDB,PARTIDO:MDB,GUABIJU,13,0,13,514,527,MDB,0.4066358024691358
2024,84867,PODE,PARTIDO:PODE,GUABIJU,1,0,1,40,41,PODE,0.031635802469135804
2024,84867,PP,PARTIDO:PP,GUABIJU,25,0,25,703,728,PP,0.5617283950617284
2024,84875,MDB,PARTIDO:MDB,QUINZE DE NOVEMBRO,41,0,41,1823,1864,MDB,0.5643354526188313
2024,84875,PDT,PARTIDO:PDT,QUINZE DE NOVEMBRO,7,0,7,457,464,PDT,0.14047835301241296
2024,84875,PL,PARTIDO:PL,QUINZE DE NOVEMBRO,7,0,7,390,397,PL,0.12019376324553437
2024,84875,PP,PARTIDO:PP,QUINZE DE NOVEMBRO,21,0,21,557,578,PP,0.17499243112322133
2024,84883,PC do B,FEDERACAO:101,DOUTOR MAURÍCIO CARDOSO,0,0,0,0,0,PC DO B,0.0
2024,84883,PDT,PARTIDO:PDT,DOUTOR MAURÍCIO CARDOSO,16,0,16,189,205,PDT,0.061157517899761336
2024,84883,PP,PARTIDO:PP,DOUTOR MAURÍCIO CARDOSO,72,0,72,2093,2165,PP,0.6458830548926014
2024,84883,PT,FEDERACAO:101,DOUTOR MAURÍCIO CARDOSO,18,0,18,305,323,PT,0.09636038186157518
2024,84883,PV,FEDERACAO:101,DOUTOR MAURÍCIO CARDOSO,0,0,0,0,0,PV,0.0
2024,84883,REPUBLICANOS,PARTIDO:REPUBLICANOS,DOUTOR MAURÍCIO CARDOSO,2,0,2,657,659,REPUBLICANOS,0.19659904534606204
2024,84891,PC do B,FEDERACAO:101,CAPELA DE SANTANA,0,0,0,0,0,PC DO B,0.0
2024,84891,PDT,PARTIDO:PDT,CAPELA DE SANTANA,13,0,13,1060,1073,PDT,0.16961745178627885
2024,84891,PODE,PARTIDO:PODE,CAPELA DE SANTANA,7,0,7,1198,1205,PODE,0.1904837179892507
2024,84891,PP,PARTIDO:PP,CAPELA DE SANTANA,79,0,79,1984,2063,PP,0.32611444830856784
2024,84891,PT,FEDERACAO:101,CAPELA DE SANTANA,63,0,63,572,635,PT,0.10037938665823586
2024,84891,PV,FEDERACAO:101,CAPELA DE SANTANA,0,0,0,0,0,PV,0.0
2024,84891,REPUBLICANOS,PARTIDO:REPUBLICANOS,CAPELA DE SANTANA,11,0,11,1058,1069,REPUBLICANOS,0.1689851406892191
2024,84891,UNIÃO,PARTIDO:UNIÃO,CAPELA DE SANTANA,4,0,4,277,281,UNIÃO,0.04441985456844768
2024,84905,CIDADANIA,FEDERACAO:100,JAQUIRANA,1,0,1,0,1,CIDADANIA,0.0003077870113881194
2024,84905,MDB,PARTIDO:MDB,JAQUIRANA,3,0,3,292,295,MDB,0.09079716835949522
2024,84905,PC do B,FEDERACAO:101,JAQUIRANA,0,0,0,0,0,PC DO B,0.0
2024,84905,PDT,PARTIDO:PDT,JAQUIRANA,13,0,13,838,851,PDT,0.2619267466912896
2024,84905,PP,PARTIDO:PP,JAQUIRANA,48,0,48,1455,1503,PP,0.4626038781163435
2024,84905,PSDB,FEDERACAO:100,JAQUIRANA,32,0,32,536,568,PSDB,0.17482302246845183
2024,84905,PT,FEDERACAO:101,JAQUIRANA,5,0,5,25,30,PT,0.009233610341643583
2024,84905,PV,FEDERACAO:101,JAQUIRANA,1,0,1,0,1,PV,0.0003077870113881194
2024,84913,PL,PARTIDO:PL,VANINI,4,0,4,281,285,PL,0.15455531453362256
2024,84913,PP,PARTIDO:PP,VANINI,23,0,23,733,756,PP,0.40997830802603036
2024,84913,PSB,PARTIDO:PSB,VANINI,6,0,6,797,803,PSB,0.43546637744034705
2024,84921,MDB,PARTIDO:MDB,BOQUEIRÃO DO LEÃO,54,0,54,1852,1906,MDB,0.3887415867836019
2024,84921,PC do B,FEDERACAO:101,BOQUEIRÃO DO LEÃO,0,0,0,0,0,PC DO B,0.0
2024,84921,PDT,PARTIDO:PDT,BOQUEIRÃO DO LEÃO,20,0,20,1219,1239,PDT,0.25270242708545787
2024,84921,PL,PARTIDO:PL,BOQUEIRÃO DO LEÃO,38,0,38,1289,1327,PL,0.27065062206812157
2024,84921,PT,FEDERACAO:101,BOQUEIRÃO DO LEÃO,7,0,7,424,431,PT,0.08790536406281868
2024,84921,PV,FEDERACAO:101,BOQUEIRÃO DO LEÃO,0,0,0,0,0,PV,0.0
2024,84930,MDB,PARTIDO:MDB,FAGUNDES VARELA,29,0,29,1085,1114,MDB,0.5350624399615754
2024,84930,PDT,PARTIDO:PDT,FAGUNDES VARELA,5,0,5,552,557,PDT,0.2675312199807877
2024,84930,PP,PARTIDO:PP,FAGUNDES VARELA,17,0,17,394,411,PP,0.19740634005763688
2024,84948,CIDADANIA,FEDERACAO:100,ÁGUA SANTA,1,0,1,0,1,CIDADANIA,0.0003386386725364037
2024,84948,MDB,PARTIDO:MDB,ÁGUA SANTA,31,0,31,980,1011,MDB,0.3423636979343041
2024,84948,PP,PARTIDO:PP,ÁGUA SANTA,7,0,7,1125,1132,PP,0.3833389773112089
2024,84948,PSDB,FEDERACAO:100,ÁGUA SANTA,15,0,15,794,809,PSDB,0.27395868608195056
2024,84956,CIDADANIA,FEDERACAO:100,SILVEIRA MARTINS,0,0,0,0,0,CIDADANIA,0.0
2024,84956,MDB,PARTIDO:MDB,SILVEIRA MARTINS,17,0,17,696,713,MDB,0.38582251082251084
2024,84956,PP,PARTIDO:PP,SILVEIRA MARTINS,5,0,5,544,549,PP,0.29707792207792205
2024,84956,PSDB,FEDERACAO:100,SILVEIRA MARTINS,19,0,19,567,586,PSDB,0.3170995670995671
2024,84964,CIDADANIA,FEDERACAO:100,IBIRAPUITÃ,1,0,1,0,1,CIDADANIA,0.0003272251308900524
2024,84964,PC do B,FEDERACAO:101,IBIRAPUITÃ,0,0,0,0,0,PC DO B,0.0
2024,84964,PL,PARTIDO:PL,IBIRAPUITÃ,10,0,10,848,858,PL,0.28075916230366493
2024,84964,PP,PARTIDO:PP,IBIRAPUITÃ,35,0,35,1008,1043,PP,0.3412958115183246
2024,84964,PSDB,FEDERACAO:100,IBIRAPUITÃ,9,0,9,150,159,PSDB,0.05202879581151833
2024,84964,PT,FEDERACAO:101,IBIRAPUITÃ,2,0,2,252,254,PT,0.0831151832460733
2024,84964,PV,FEDERACAO:101,IBIRAPUITÃ,0,0,0,0,0,PV,0.0
2024,84964,UNIÃO,PARTIDO:UNIÃO,IBIRAPUITÃ,10,0,10,731,741,UNIÃO,0.2424738219895288
2024,84972,MDB,PARTIDO:MDB,IBARAMA,31,0,31,1657,1688,MDB,0.49112598196101254
2024,84972,PC do B,FEDERACAO:101,IBARAMA,0,0,0,0,0,PC DO B,0.0
2024,84972,PP,PARTIDO:PP,IBARAMA,56,0,56,1539,1595,PP,0.4640675007273785
2024,84972,PT,FEDERACAO:101,IBARAMA,2,0,2,152,154,PT,0.04480651731160896
2024,84972,PV,FEDERACAO:101,IBARAMA,0,0,0,0,0,PV,0.0
2024,84980,CIDADANIA,FEDERACAO:100,PANTANO GRANDE,0,0,0,0,0,CIDADANIA,0.0
2024,84980,MDB,PARTIDO:MDB,PANTANO GRANDE,43,0,43,1522,1565,MDB,0.21467764060356653
2024,84980,PC do B,FEDERACAO:101,PANTANO GRANDE,0,0,0,0,0,PC DO B,0.0
2024,84980,PDT,PARTIDO:PDT,PANTANO GRANDE,17,0,17,123,140,PDT,0.019204389574759947
2024,84980,PODE,PARTIDO:PODE,PANTANO GRANDE,8,0,8,951,959,PODE,0.13155006858710563
2024,84980,PP,PARTIDO:PP,PANTANO GRANDE,13,0,13,822,835,PP,0.11454046639231824
2024,84980,PSDB,FEDERACAO:100,PANTANO GRANDE,83,0,83,1803,1886,PSDB,0.2587105624142661
2024,84980,PT,FEDERACAO:101,PANTANO GRANDE,26,0,26,1686,1712,PT,0.23484224965706446
2024,84980,PV,FEDERACAO:101,PANTANO GRANDE,1,0,1,0,1,PV,0.00013717421124828533
2024,84980,REPUBLICANOS,PARTIDO:REPUBLICANOS,PANTANO GRANDE,9,0,9,183,192,REPUBLICANOS,0.02633744855967078
2024,84999,CIDADANIA,FEDERACAO:100,IPÊ,1,0,1,0,1,CIDADANIA,0.00021561017680034498
2024,84999,MDB,PARTIDO:MDB,IPÊ,55,0,55,1527,1582,MDB,0.3410952996981457
2024,84999,PC do B,FEDERACAO:101,IPÊ,0,0,0,0,0,PC DO B,0.0
2024,84999,PP,PARTIDO:PP,IPÊ,66,0,66,1788,1854,PP,0.3997412677878396
2024,84999,PSDB,FEDERACAO:100,IPÊ,8,0,8,508,516,PSDB,0.111254851228978
2024,84999,PT,FEDERACAO:101,IPÊ,7,0,7,678,685,PT,0.14769297110823632
2024,84999,PV,FEDERACAO:101,IPÊ,0,0,0,0,0,PV,0.0
2024,85006,CIDADANIA,FEDERACAO:100,TRINDADE DO SUL,2,0,2,0,2,CIDADANIA,0.00038109756097560977
2024,85006,MDB,PARTIDO:MDB,TRINDADE DO SUL,15,0,15,371,386,MDB,0.07355182926829268
2024,85006,PC do B,FEDERACAO:101,TRINDADE DO SUL,1,0,1,0,1,PC DO B,0.00019054878048780488
2024,85006,PDT,PARTIDO:PDT,TRINDADE DO SUL,74,0,74,1801,1875,PDT,0.35727896341463417
2024,85006,PSDB,FEDERACAO:100,TRINDADE DO SUL,19,0,19,1199,1218,PSDB,0.23208841463414634
2024,85006,PT,FEDERACAO:101,TRINDADE DO SUL,73,0,73,1693,1766,PT,0.3365091463414634
2024,85006,PV,FEDERACAO:101,TRINDADE DO SUL,0,0,0,0,0,PV,0.0
2024,85014,CIDADANIA,FEDERACAO:100,AGUDO,0,0,0,0,0,CIDADANIA,0.0
2024,85014,MDB,PARTIDO:MDB,AGUDO,52,0,52,1585,1637,MDB,0.15243504981841885
2024,85014,PC do B,FEDERACAO:101,AGUDO,0,0,0,0,0,PC DO B,0.0
2024,85014,PDT,PARTIDO:PDT,AGUDO,32,0,32,1336,1368,PDT,0.12738616258497068
2024,85014,PL,PARTIDO:PL,AGUDO,65,0,65,2427,2492,PL,0.23205140143402553
2024,85014,PP,PARTIDO:PP,AGUDO,82,0,82,2663,2745,PP,0.255610392029053
2024,85014,PSDB,FEDERACAO:100,AGUDO,16,0,16,889,905,PSDB,0.08427227861067138
2024,85014,PT,FEDERACAO:101,AGUDO,23,0,23,1130,1153,PT,0.10736567650619239
2024,85014,PV,FEDERACAO:101,AGUDO,0,0,0,0,0,PV,0.0
2024,85014,REPUBLICANOS,PARTIDO:REPUBLICANOS,AGUDO,11,0,11,428,439,REPUBLICANOS,0.04087903901666822
2024,85022,CIDADANIA,FEDERACAO:100,ERNESTINA,0,0,0,0,0,CIDADANIA,0.0
2024,85022,PC do B,FEDERACAO:101,ERNESTINA,0,0,0,0,0,PC DO B,0.0
2024,85022,PDT,PARTIDO:PDT,ERNESTINA,35,0,35,1070,1105,PDT,0.4421768707482993
2024,85022,PP,PARTIDO:PP,ERNESTINA,8,0,8,618,626,PP,0.250500200080032
2024,85022,PSDB,FEDERACAO:100,ERNESTINA,8,0,8,591,599,PSDB,0.23969587835134054
2024,85022,PT,FEDERACAO:101,ERNESTINA,4,0,4,165,169,PT,0.06762705082032813
2024,85022,PV,FEDERACAO:101,ERNESTINA,0,0,0,0,0,PV,0.0
2024,85030,MDB,PARTIDO:MDB,AJURICABA,12,0,12,1365,1377,MDB,0.27584134615384615
2024,85030,PC do B,FEDERACAO:101,AJURICABA,0,0,0,0,0,PC DO B,0.0
2024,85030,PDT,PARTIDO:PDT,AJURICABA,10,0,10,791,801,PDT,0.16045673076923078
2024,85030,PP,PARTIDO:PP,AJURICABA,46,0,46,1037,1083,PP,0.2169471153846154
2024,85030,PSD,PARTIDO:PSD,AJURICABA,3,0,3,214,217,PSD,0.04346955128205128
2024,85030,PT,FEDERACAO:101,AJURICABA,7,0,7,244,251,PT,0.05028044871794872
2024,85030,PV,FEDERACAO:101,AJURICABA,0,0,0,0,0,PV,0.0
2024,85030,UNIÃO,PARTIDO:UNIÃO,AJURICABA,26,0,26,1237,1263,UNIÃO,0.2530048076923077
2024,85049,MDB,PARTIDO:MDB,DEZESSEIS DE NOVEMBRO,25,0,25,1120,1145,MDB,0.4735318444995864
2024,85049,PC do B,FEDERACAO:101,DEZESSEIS DE NOVEMBRO,0,0,0,0,0,PC DO B,0.0
2024,85049,PP,PARTIDO:PP,DEZESSEIS DE NOVEMBRO,39,0,39,908,947,PP,0.39164598842018195
2024,85049,PT,FEDERACAO:101,DEZESSEIS DE NOVEMBRO,7,0,7,319,326,PT,0.1348221670802316
2024,85049,PV,FEDERACAO:101,DEZESSEIS DE NOVEMBRO,0,0,0,0,0,PV,0.0
2024,85057,MDB,PARTIDO:MDB,ALECRIM,71,0,71,2470,2541,MDB,0.5116794200563834
2024,85057,PDT,PARTIDO:PDT,ALECRIM,87,0,87,2338,2425,PDT,0.4883205799436166
2024,85065,MDB,PARTIDO:MDB,BROCHIER,25,0,25,1098,1123,MDB,0.3183106575963719
2024,85065,PC do B,FEDERACAO:101,BROCHIER,1,0,1,0,1,PC DO B,0.0002834467120181406
2024,85065,PDT,PARTIDO:PDT,BROCHIER,12,0,12,636,648,PDT,0.1836734693877551
2024,85065,PL,PARTIDO:PL,BROCHIER,13,0,13,258,271,PL,0.0768140589569161
2024,85065,PP,PARTIDO:PP,BROCHIER,17,0,17,722,739,PP,0.2094671201814059
2024,85065,PT,FEDERACAO:101,BROCHIER,11,0,11,362,373,PT,0.10572562358276644
2024,85065,PV,FEDERACAO:101,BROCHIER,0,0,0,0,0,PV,0.0
2024,85065,REPUBLICANOS,PARTIDO:REPUBLICANOS,BROCHIER,5,0,5,368,373,REPUBLICANOS,0.10572562358276644
2024,85073,CIDADANIA,FEDERACAO:100,ALEGRETE,8,0,8,0,8,CIDADANIA,0.0002167845432620654
2024,85073,MDB,PARTIDO:MDB,ALEGRETE,456,0,456,9434,9890,MDB,0.26799989160772836
2024,85073,PC do B,FEDERACAO:101,ALEGRETE,5,0,5,666,671,PC DO B,0.018182803566105736
2024,85073,PDT,PARTIDO:PDT,ALEGRETE,286,0,286,5958,6244,PDT,0.16920033601604206
2024,85073,PL,PARTIDO:PL,ALEGRETE,222,0,222,4527,4749,PL,0.12868872449394358
2024,85073,PP,PARTIDO:PP,ALEGRETE,209,0,209,6454,6663,PP,0.18055442646939274
2024,85073,PSB,PARTIDO:PSB,ALEGRETE,4,0,4,546,550,PSB,0.014903937349266998
2024,85073,PSDB,FEDERACAO:100,ALEGRETE,27,0,27,1418,1445,PSDB,0.039156708126710564
2024,85073,PT,FEDERACAO:101,ALEGRETE,470,0,470,2841,3311,PT,0.08972170284258732
2024,85073,PV,FEDERACAO:101,ALEGRETE,0,0,0,136,136,PV,0.003685337235455112
2024,85073,REPUBLICANOS,PARTIDO:REPUBLICANOS,ALEGRETE,49,0,49,3187,3236,REPUBLICANOS,0.08768934774950546
2024,85081,CIDADANIA,FEDERACAO:100,EREBANGO,5,0,5,395,400,CIDADANIA,0.1697072549851506
2024,85081,MDB,PARTIDO:MDB,EREBANGO,19,0,19,709,728,MDB,0.30886720407297413
2024,85081,PL,PARTIDO:PL,EREBANGO,5,0,5,339,344,PL,0.14594823928722953
2024,85081,PP,PARTIDO:PP,EREBANGO,4,0,4,345,349,PP,0.14806957997454392
2024,85081,PSDB,FEDERACAO:100,EREBANGO,13,0,13,200,213,PSDB,0.0903691132795927
2024,85081,REPUBLICANOS,PARTIDO:REPUBLICANOS,EREBANGO,4,0,4,319,323,REPUBLICANOS,0.13703860840050913
2024,85090,MDB,PARTIDO:MDB,ALPESTRE,84,0,84,1988,2072,MDB,0.4000772349874493
2024,85090,PL,PARTIDO:PL,ALPESTRE,8,0,8,485,493,PL,0.09519212203128016
2024,85090,PP,PARTIDO:PP,ALPESTRE,89,0,89,2525,2614,PP,0.5047306429812705
2024,85103,MDB,PARTIDO:MDB,ENTRE-IJUÍS,62,0,62,1298,1360,MDB,0.22306052156798425
2024,85103,PC do B,FEDERACAO:101,ENTRE-IJUÍS,0,0,0,0,0,PC DO B,0.0
2024,85103,PDT,PARTIDO:PDT,ENTRE-IJUÍS,20,0,20,660,680,PDT,0.11153026078399213
2024,85103,PL,PARTIDO:PL,ENTRE-IJUÍS,13,0,13,363,376,PL,0.061669673609972116
2024,85103,PP,PARTIDO:PP,ENTRE-IJUÍS,19,0,19,1753,1772,PP,0.2906347383959324
2024,85103,PT,FEDERACAO:101,ENTRE-IJUÍS,7,0,7,406,413,PT,0.0677382319173364
2024,85103,PV,FEDERACAO:101,ENTRE-IJUÍS,0,0,0,0,0,PV,0.0
2024,85103,UNIÃO,PARTIDO:UNIÃO,ENTRE-IJUÍS,54,0,54,1442,1496,UNIÃO,0.24536657372478268
2024,85111,AVANTE,PARTIDO:AVANTE,ALVORADA,6,0,6,379,385,AVANTE,0.00425484886997845
2024,85111,CIDADANIA,FEDERACAO:100,ALVORADA,36,0,36,1620,1656,CIDADANIA,0.018301375918660552
2024,85111,DC,PARTIDO:DC,ALVORADA,16,0,16,353,369,DC,0.004078023981875449
2024,85111,MDB,PARTIDO:MDB,ALVORADA,495,0,495,11468,11963,MDB,0.1322097585235122
2024,85111,NOVO,PARTIDO:NOVO,ALVORADA,52,0,52,1698,1750,NOVO,0.01934022213626568
2024,85111,PC do B,FEDERACAO:101,ALVORADA,21,0,21,1420,1441,PC DO B,0.015925291484776484
2024,85111,PDT,PARTIDO:PDT,ALVORADA,690,0,690,7080,7770,PDT,0.08587058628501962
2024,85111,PL,PARTIDO:PL,ALVORADA,872,0,872,11369,12241,PL,0.13528209095430183
2024,85111,PODE,PARTIDO:PODE,ALVORADA,89,0,89,4571,4660,PODE,0.051500248659998894
2024,85111,PP,PARTIDO:PP,ALVORADA,109,0,109,3650,3759,PP,0.04154279714869868
2024,85111,PRD,PARTIDO:PRD,ALVORADA,104,0,104,6998,7102,PRD,0.07848814720671934
2024,85111,PRTB,PARTIDO:PRTB,ALVORADA,34,0,34,2097,2131,PRTB,0.02355086478421838
2024,85111,PSB,PARTIDO:PSB,ALVORADA,37,0,37,3361,3398,PSB,0.03755318561087473
2024,85111,PSD,PARTIDO:PSD,ALVORADA,53,0,53,5074,5127,PSD,0.056661325081505225
2024,85111,PSDB,FEDERACAO:100,ALVORADA,75,0,75,3845,3920,PSDB,0.04332209758523512
2024,85111,PSOL,FEDERACAO:102,ALVORADA,33,0,33,93,126,PSOL,0.001392495993811129
2024,85111,PT,FEDERACAO:101,ALVORADA,1397,0,1397,9469,10866,PT,0.12008620213295021
2024,85111,PV,FEDERACAO:101,ALVORADA,11,0,11,233,244,PV,0.0026965795435707576
2024,85111,REDE,FEDERACAO:102,ALVORADA,8,0,8,514,522,REDE,0.005768911974360391
2024,85111,REPUBLICANOS,PARTIDO:REPUBLICANOS,ALVORADA,83,0,83,6445,6528,REPUBLICANOS,0.07214455434602421
2024,85111,SOLIDARIEDADE,PARTIDO:SOLIDARIEDADE,ALVORADA,17,0,17,619,636,SOLIDARIEDADE,0.0070287893020942694
2024,85111,UNIÃO,PARTIDO:UNIÃO,ALVORADA,41,0,41,3850,3891,UNIÃO,0.043001602475548434
2024,85120,MDB,PARTIDO:MDB,NOVA ESPERANÇA DO SUL,5,0,5,415,420,MDB,0.11296395911780527
2024,85120,PDT,PARTIDO:PDT,NOVA ESPERANÇA DO SUL,44,0,44,1539,1583,PDT,0.42576654115115653
2024,85120,PL,PARTIDO:PL,NOVA ESPERANÇA DO SUL,35,0,35,670,705,PL,0.18961807423345886
2024,85120,PP,PARTIDO:PP,NOVA ESPERANÇA DO SUL,19,0,19,991,1010,PP,0.27165142549757937
2024,85138,MDB,PARTIDO:MDB,ANTA GORDA,10,0,10,397,407,MDB,0.0951824134705332
2024,85138,PL,PARTIDO:PL,ANTA GORDA,2,0,2,526,528,PL,0.1234798877455566
2024,85138,PP,PARTIDO:PP,ANTA GORDA,49,0,49,876,925,PP,0.21632366697848457
2024,85138,REPUBLICANOS,PARTIDO:REPUBLICANOS,ANTA GORDA,79,0,79,2337,2416,REPUBLICANOS,0.5650140318054256
2024,85146,CIDADANIA,FEDERACAO:100,PAVERAMA,0,0,0,0,0,CIDADANIA,0.0
2024,85146,MDB,PARTIDO:MDB,PAVERAMA,28,0,28,618,646,MDB,0.12555879494655006
2024,85146,PC do B,FEDERACAO:101,PAVERAMA,0,0,0,0,0,PC DO B,0.0
2024,85146,PDT,PARTIDO:PDT,PAVERAMA,4,0,4,351,355,PDT,0.06899902818270165
2024,85146,PL,PARTIDO:PL,PAVERAMA,5,0,5,594,599,PL,0.11642371234207968
2024,85146,PP,PARTIDO:PP,PAVERAMA,7,0,7,290,297,PP,0.05772594752186589
2024,85146,PSB,PARTIDO:PSB,PAVERAMA,11,0,11,765,776,PSB,0.15082604470359573
2024,85146,PSDB,FEDERACAO:100,PAVERAMA,41,0,41,892,933,PSDB,0.18134110787172011
2024,85146,PT,FEDERACAO:101,PAVERAMA,7,0,7,486,493,PT,0.09582118561710398
2024,85146,PV,FEDERACAO:101,PAVERAMA,2,0,2,0,2,PV,0.00038872691933916425
2024,85146,REPUBLICANOS,PARTIDO:REPUBLICANOS,PAVERAMA,6,0,6,635,641,REPUBLICANOS,0.12458697764820213
2024,85146,UNIÃO,PARTIDO:UNIÃO,PAVERAMA,10,0,10,393,403,UNIÃO,0.0783284742468416
2024,85154,MDB,PARTIDO:MDB,ANTÔNIO PRADO,102,0,102,2313,2415,MDB,0.28150134048257375
2024,85154,PC do B,FEDERACAO:101,ANTÔNIO PRADO,1,0,1,0,1,PC DO B,0.00011656370206317752
2024,85154,PDT,PARTIDO:PDT,ANTÔNIO PRADO,16,0,16,598,614,PDT,0.07157011306679101
2024,85154,PL,PARTIDO:PL,ANTÔNIO PRADO,58,0,58,1208,1266,PL,0.14756964681198276
2024,85154,PP,PARTIDO:PP,ANTÔNIO PRADO,98,0,98,3525,3623,PP,0.42231029257489217
2024,85154,PT,FEDERACAO:101,ANTÔNIO PRADO,12,0,12,648,660,PT,0.07693204336169716
2024,85154,PV,FEDERACAO:101,ANTÔNIO PRADO,0,0,0,0,0,PV,0.0
2024,85162,MDB,PARTIDO:MDB,TERRA DE AREIA,134,0,134,3490,3624,MDB,0.5896518060527172
2024,85162,PC do B,FEDERACAO:101,TERRA DE AREIA,1,0,1,0,1,PC DO B,0.00016270745200130165
2024,85162,PP,PARTIDO:PP,TERRA DE AREIA,70,0,70,2168,2238,PP,0.3641392775789131
2024,85162,PT,FEDERACAO:101,TERRA DE AREIA,8,0,8,33,41,PT,0.006671005532053368
2024,85162,PV,FEDERACAO:101,TERRA DE AREIA,0,0,0,0,0,PV,0.0
2024,85162,REPUBLICANOS,PARTIDO:REPUBLICANOS,TERRA DE AREIA,4,0,4,238,242,REPUBLICANOS,0.039375203384315
2024,85170,CIDADANIA,FEDERACAO:100,ARATIBA,55,0,55,2007,2062,CIDADANIA,0.3690050107372942
2024,85170,MDB,PARTIDO:MDB,ARATIBA,13,0,13,1069,1082,MDB,0.19362920544022907
2024,85170,PC do B,FEDERACAO:101,ARATIBA,0,0,0,0,0,PC DO B,0.0
2024,85170,PP,PARTIDO:PP,ARATIBA,18,0,18,792,810,PP,0.14495347172512527
2024,85170,PSDB,FEDERACAO:100,ARATIBA,3,0,3,0,3,PSDB,0.0005368647100930566
2024,85170,PT,FEDERACAO:101,ARATIBA,22,0,22,1609,1631,PT,0.2918754473872584
2024,85170,PV,FEDERACAO:101,ARATIBA,0,0,0,0,0,PV,0.0
2024,85189,CIDADANIA,FEDERACAO:100,HARMONIA,0,0,0,0,0,CIDADANIA,0.0
2024,85189,PSB,PARTIDO:PSB,HARMONIA,4,0,4,580,584,PSB,0.17606270726560144
2024,85189,PSDB,FEDERACAO:100,HARMONIA,31,0,31,1489,1520,PSDB,0.4582454024721134
2024,85189,UNIÃO,PARTIDO:UNIÃO,HARMONIA,56,0,56,1157,1213,UNIÃO,0.3656918902622852
2024,85197,MDB,PARTIDO:MDB,ARROIO DO MEIO,160,0,160,3991,4151,MDB,0.3006663769375634
2024,85197,PC do B,FEDERACAO:101,ARROIO DO MEIO,3,0,3,0,3,PC DO B,0.000217296827466319
2024,85197,PDT,PARTIDO:PDT,ARROIO DO MEIO,27,0,27,1495,1522,PDT,0.11024192380124584
2024,85197,PL,PARTIDO:PL,ARROIO DO MEIO,58,0,58,1611,1669,PL,0.12088946834709546
2024,85197,PODE,PARTIDO:PODE,ARROIO DO MEIO,3,0,3,432,435,PODE,0.031508039982616254
2024,85197,PP,PARTIDO:PP,ARROIO DO MEIO,109,0,109,3570,3679,PP,0.2664783427495292
2024,85197,PSD,PARTIDO:PSD,ARROIO DO MEIO,11,0,11,1248,1259,PSD,0.09119223526003187
2024,85197,PT,FEDERACAO:101,ARROIO DO MEIO,29,0,29,516,545,PT,0.03947559032304795
2024,85197,PV,FEDERACAO:101,ARROIO DO MEIO,0,0,0,0,0,PV,0.0
2024,85197,REPUBLICANOS,PARTIDO:REPUBLICANOS,ARROIO DO MEIO,5,0,5,538,543,REPUBLICANOS,0.039330725771403736
2024,85200,MDB,PARTIDO:MDB,CAMPOS BORGES,38,0,38,1101,1139,MDB,0.3953488372093023
2024,85200,PDT,PARTIDO:PDT,CAMPOS BORGES,74,0,74,1106,1180,PDT,0.409580006942034
2024,85200,PL,PARTIDO:PL,CAMPOS BORGES,17,0,17,545,562,PL,0.19507115584866366
2024,85219,CIDADANIA,FEDERACAO:100,ARROIO DOS RATOS,4,0,4,79,83,CIDADANIA,0.01073460941541645
2024,85219,MDB,PARTIDO:MDB,ARROIO DOS RATOS,24,0,24,1006,1030,MDB,0.13321262286601138
2024,85219,PC do B,FEDERACAO:101,ARROIO DOS RATOS,0,0,0,0,0,PC DO B,0.0
2024,85219,PDT,PARTIDO:PDT,ARROIO DOS RATOS,77,0,77,1648,1725,PDT,0.22309881013967925
2024,85219,PL,PARTIDO:PL,ARROIO DOS RATOS,31,0,31,790,821,PL,0.1061821003621314
2024,85219,PODE,PARTIDO:PODE,ARROIO DOS RATOS,7,0,7,249,256,PODE,0.03310915675116399
2024,85219,PP,PARTIDO:PP,ARROIO DOS RATOS,60,0,60,1144,1204,PP,0.15571650284531816
2024,85219,PSB,PARTIDO:PSB,ARROIO DOS RATOS,49,0,49,1414,1463,PSB,0.18921365752715985
2024,85219,PSD,PARTIDO:PSD,ARROIO DOS RATOS,13,0,13,456,469,PSD,0.06065700982928091
2024,85219,PSDB,FEDERACAO:100,ARROIO DOS RATOS,6,0,6,76,82,PSDB,0.010605276771857217
2024,85219,PT,FEDERACAO:101,ARROIO DOS RATOS,13,0,13,464,477,PT,0.061691670977754784
2024,85219,PV,FEDERACAO:101,ARROIO DOS RATOS,1,0,1,0,1,PV,0.00012933264355923435
2024,85219,REPUBLICANOS,PARTIDO:REPUBLICANOS,ARROIO DOS RATOS,6,0,6,115,121,REPUBLICANOS,0.015649249870667358
2024,85227,PDT,PARTIDO:PDT,CERRO GRANDE,21,0,21,629,650,PDT,0.29843893480257117
2024,85227,PP,PARTIDO:PP,CERRO GRANDE,37,0,37,847,884,PP,0.40587695133149676
2024,85227,UNIÃO,PARTIDO:UNIÃO,CERRO GRANDE,5,0,5,639,644,UNIÃO,0.2956841138659321
2024,85235,MDB,PARTIDO:MDB,ARROIO DO TIGRE,43,0,43,1143,1186,MDB,0.14077151335311572
2024,85235,PDT,PARTIDO:PDT,ARROIO DO TIGRE,39,0,39,2519,2558,PDT,0.303620178041543
2024,85235,PP,PARTIDO:PP,ARROIO DO TIGRE,108,0,108,4573,4681,PP,0.5556083086053413
2024,85243,MDB,PARTIDO:MDB,IPIRANGA DO SUL,10,0,10,584,594,MDB,0.2971485742871436
2024,85243,PL,PARTIDO:PL,IPIRANGA DO SUL,4,0,4,227,231,PL,0.11555777888944473
2024,85243,PP,PARTIDO:PP,IPIRANGA DO SUL,2,0,2,329,331,PP,0.16558279139569784
2024,85243,UNIÃO,PARTIDO:UNIÃO,IPIRANGA DO SUL,19,0,19,824,843,UNIÃO,0.42171085542771386
2024,85251,CIDADANIA,FEDERACAO:100,ARROIO GRANDE,3,0,3,0,3,CIDADANIA,0.00026166593981683385
2024,85251,PC do B,FEDERACAO:101,ARROIO GRANDE,0,0,0,0,0,PC DO B,0.0
2024,85251,PDT,PARTIDO:PDT,ARROIO GRANDE,185,0,185,2815,3000,PDT,0.26166593981683384
2024,85251,PL,PARTIDO:PL,ARROIO GRANDE,14,0,14,216,230,PL,0.02006105538595726
2024,85251,PP,PARTIDO:PP,ARROIO GRANDE,146,0,146,4925,5071,PP,0.4423026602703881
2024,85251,PSDB,FEDERACAO:100,ARROIO GRANDE,15,0,15,965,980,PSDB,0.08547754034016572
2024,85251,PT,FEDERACAO:101,ARROIO GRANDE,27,0,27,1418,1445,PT,0.12603576101177497
2024,85251,PV,FEDERACAO:101,ARROIO GRANDE,1,0,1,0,1,PV,8.722197993894462e-05
2024,85251,UNIÃO,PARTIDO:UNIÃO,ARROIO GRANDE,12,0,12,723,735,UNIÃO,0.0641081552551243
2024,85260,CIDADANIA,FEDERACAO:100,LAGOÃO,0,0,0,0,0,CIDADANIA,0.0
2024,85260,MDB,PARTIDO:MDB,LAGOÃO,30,0,30,456,486,MDB,0.12020776651001731
2024,85260,PC do B,FEDERACAO:101,LAGOÃO,0,0,0,0,0,PC DO B,0.0
2024,85260,PDT,PARTIDO:PDT,LAGOÃO,19,0,19,673,692,PDT,0.17116002968093
2024,85260,PL,PARTIDO:PL,LAGOÃO,3,0,3,396,399,PL,0.09868909225822409
2024,85260,PP,PARTIDO:PP,LAGOÃO,24,0,24,818,842,PP,0.20826119218402175
2024,85260,PSDB,FEDERACAO:100,LAGOÃO,45,0,45,1579,1624,PSDB,0.4016819193668068
2024,85260,PT,FEDERACAO:101,LAGOÃO,0,0,0,0,0,PT,0.0
2024,85260,PV,FEDERACAO:101,LAGOÃO,0,0,0,0,0,PV,0.0
2024,85278,CIDADANIA,FEDERACAO:100,ARVOREZINHA,3,0,3,0,3,CIDADANIA,0.0004171301446051168
2024,85278,MDB,PARTIDO:MDB,ARVOREZINHA,12,0,12,808,820,MDB,0.11401557285873193
2024,85278,PDT,PARTIDO:PDT,ARVOREZINHA,135,0,135,1787,1922,PDT,0.2672413793103448
2024,85278,PL,PARTIDO:PL,ARVOREZINHA,85,0,85,839,924,PL,0.12847608453837597
2024,85278,PP,PARTIDO:PP,ARVOREZINHA,31,0,31,2653,2684,PP,0.3731924360400445
2024,85278,PSDB,FEDERACAO:100,ARVOREZINHA,7,0,7,832,839,PSDB,0.11665739710789766
2024,85286,CIDADANIA,FEDERACAO:100,ESTAÇÃO,0,0,0,0,0,CIDADANIA,0.0
2024,85286,MDB,PARTIDO:MDB,ESTAÇÃO,16,0,16,713,729,MDB,0.1746944644140906
2024,85286,PL,PARTIDO:PL,ESTAÇÃO,28,0,28,713,741,PL,0.17757009345794392
2024,85286,PP,PARTIDO:PP,ESTAÇÃO,14,0,14,958,972,PP,0.23292595255212079
2024,85286,PSDB,FEDERACAO:100,ESTAÇÃO,35,0,35,918,953,PSDB,0.22837287323268632
2024,85286,UNIÃO,PARTIDO:UNIÃO,ESTAÇÃO,10,0,10,768,778,UNIÃO,0.1864366163431584
2024,85294,MDB,PARTIDO:MDB,AUGUSTO PESTANA,51,0,51,1362,1413,MDB,0.28819090352845195
2024,85294,PDT,PARTIDO:PDT,AUGUSTO PESTANA,15,0,15,390,405,PDT,0.08260248827248623
2024,85294,PL,PARTIDO:PL,AUGUSTO PESTANA,43,0,43,1591,1634,PL,0.3332653477462778
2024,85294,PP,PARTIDO:PP,AUGUSTO PESTANA,13,0,13,1438,1451,PP,0.295941260452784
2024,85308,CIDADANIA,FEDERACAO:100,ARROIO DO SAL,0,0,0,0,0,CIDADANIA,0.0
2024,85308,MDB,PARTIDO:MDB,ARROIO DO SAL,53,0,53,1948,2001,MDB,0.271875
2024,85308,PDT,PARTIDO:PDT,ARROIO DO SAL,16,0,16,722,738,PDT,0.10027173913043479
2024,85308,PL,PARTIDO:PL,ARROIO DO SAL,15,0,15,634,649,PL,0.08817934782608695
2024,85308,PP,PARTIDO:PP,ARROIO DO SAL,16,0,16,877,893,PP,0.12133152173913044
2024,85308,PSD,PARTIDO:PSD,ARROIO DO SAL,62,0,62,1262,1324,PSD,0.17989130434782608
2024,85308,PSDB,FEDERACAO:100,ARROIO DO SAL,10,0,10,513,523,PSDB,0.07105978260869565
2024,85308,REPUBLICANOS,PARTIDO:REPUBLICANOS,ARROIO DO SAL,47,0,47,1185,1232,REPUBLICANOS,0.1673913043478261
2024,85316,CIDADANIA,FEDERACAO:100,BAGÉ,13,0,13,0,13,CIDADANIA,0.00020675944333996025
2024,85316,MDB,PARTIDO:MDB,BAGÉ,40,0,40,957,997,MDB,0.015856858846918488
2024,85316,PC do B,FEDERACAO:101,BAGÉ,12,0,12,319,331,PC DO B,0.00526441351888668
2024,85316,PDT,PARTIDO:PDT,BAGÉ,247,0,247,4058,4305,PDT,0.06846918489065607
2024,85316,PL,PARTIDO:PL,BAGÉ,446,0,446,11462,11908,PL,0.1893916500994036
2024,85316,PODE,PARTIDO:PODE,BAGÉ,41,0,41,3022,3063,PODE,0.048715705765407555
2024,85316,PP,PARTIDO:PP,BAGÉ,140,0,140,8822,8962,PP,0.14253677932405567
2024,85316,PSB,PARTIDO:PSB,BAGÉ,55,0,55,3193,3248,PSB,0.05165805168986083
2024,85316,PSD,PARTIDO:PSD,BAGÉ,85,0,85,6045,6130,PSD,0.09749502982107355
2024,85316,PSDB,FEDERACAO:100,BAGÉ,19,0,19,234,253,PSDB,0.004023856858846918
2024,85316,PSOL,FEDERACAO:102,BAGÉ,9,0,9,114,123,PSOL,0.001956262425447316
2024,85316,PT,FEDERACAO:101,BAGÉ,775,0,775,14809,15584,PT,0.2478568588469185
2024,85316,PV,FEDERACAO:101,BAGÉ,0,0,0,0,0,PV,0.0
2024,85316,REDE,FEDERACAO:102,BAGÉ,12,0,12,0,12,REDE,0.00019085487077534792
2024,85316,REPUBLICANOS,PARTIDO:REPUBLICANOS,BAGÉ,36,0,36,4076,4112,REPUBLICANOS,0.06539960238568589
2024,85316,UNIÃO,PARTIDO:UNIÃO,BAGÉ,52,0,52,3782,3834,UNIÃO,0.060978131212723656
2024,85324,MDB,PARTIDO:MDB,SÃO JOSÉ DO HORTÊNCIO,30,0,30,1073,1103,MDB,0.34138037759207673
2024,85324,PC do B,FEDERACAO:101,SÃO JOSÉ DO HORTÊNCIO,0,0,0,0,0,PC DO B,0.0
2024,85324,PL,PARTIDO:PL,SÃO JOSÉ DO HORTÊNCIO,33,0,33,1470,1503,PL,0.46518105849582175
2024,85324,PT,FEDERACAO:101,SÃO JOSÉ DO HORTÊNCIO,9,0,9,129,138,PT,0.04271123491179202
2024,85324,PV,FEDERACAO:101,SÃO JOSÉ DO HORTÊNCIO,0,0,0,0,0,PV,0.0
2024,85324,REPUBLICANOS,PARTIDO:REPUBLICANOS,SÃO JOSÉ DO HORTÊNCIO,5,0,5,482,487,REPUBLICANOS,0.1507273290003095
2024,85332,CIDADANIA,FEDERACAO:100,BARÃO DE COTEGIPE,2,0,2,128,130,CIDADANIA,0.03051643192488263
2024,85332,MDB,PARTIDO:MDB,BARÃO DE COTEGIPE,14,0,14,314,328,MDB,0.07699530516431925
2024,85332,PC do B,FEDERACAO:101,BARÃO DE COTEGIPE,0,0,0,0,0,PC DO B,0.0
2024,85332,PL,PARTIDO:PL,BARÃO DE COTEGIPE,43,0,43,793,836,PL,0.19624413145539907
2024,85332,PP,PARTIDO:PP,BARÃO DE COTEGIPE,14,0,14,1027,1041,PP,0.2443661971830986
2024,85332,PSD,PARTIDO:PSD,BARÃO DE COTEGIPE,6,0,6,853,859,PSD,0.2016431924882629
2024,85332,PSDB,FEDERACAO:100,BARÃO DE COTEGIPE,1,0,1,220,221,PSDB,0.05187793427230047
2024,85332,PT,FEDERACAO:101,BARÃO DE COTEGIPE,31,0,31,814,845,PT,0.1983568075117371
2024,85332,PV,FEDERACAO:101,BARÃO DE COTEGIPE,0,0,0,0,0,PV,0.0
2024,85340,MDB,PARTIDO:MDB,PINHAL,25,0,25,822,847,MDB,0.3741166077738516
2024,85340,PC do B,FEDERACAO:101,PINHAL,0,0,0,0,0,PC DO B,0.0
2024,85340,PDT,PARTIDO:PDT,PINHAL,8,0,8,507,515,PDT,0.22747349823321555
2024,85340,PL,PARTIDO:PL,PINHAL,12,0,12,217,229,PL,0.10114840989399293
2024,85340,PP,PARTIDO:PP,PINHAL,5,0,5,518,523,PP,0.2310070671378092
2024,85340,PT,FEDERACAO:101,PINHAL,4,0,4,146,150,PT,0.06625441696113074
2024,85340,PV,FEDERACAO:101,PINHAL,0,0,0,0,0,PV,0.0
2024,85359,MDB,PARTIDO:MDB,BARRACÃO,62,0,62,1449,1511,MDB,0.4344450833812536
2024,85359,PC do B,FEDERACAO:101,BARRACÃO,1,0,1,0,1,PC DO B,0.0002875215641173088
2024,85359,PDT,PARTIDO:PDT,BARRACÃO,13,0,13,319,332,PDT,0.09545715928694652
2024,85359,PP,PARTIDO:PP,BARRACÃO,36,0,36,1235,1271,PP,0.3654399079930995
2024,85359,PT,FEDERACAO:101,BARRACÃO,12,0,12,351,363,PT,0.10437032777458309
2024,85359,PV,FEDERACAO:101,BARRACÃO,0,0,0,0,0,PV,0.0
2024,85367,MDB,PARTIDO:MDB,TRÊS CACHOEIRAS,74,0,74,1609,1683,MDB,0.2477185752134236
2024,85367,PC do B,FEDERACAO:101,TRÊS CACHOEIRAS,0,0,0,0,0,PC DO B,0.0
2024,85367,PP,PARTIDO:PP,TRÊS CACHOEIRAS,79,0,79,4229,4308,PP,0.6340889019723285
2024,85367,PT,FEDERACAO:101,TRÊS CACHOEIRAS,6,0,6,305,311,PT,0.04577568442743597
2024,85367,PV,FEDERACAO:101,TRÊS CACHOEIRAS,0,0,0,0,0,PV,0.0
2024,85367,REPUBLICANOS,PARTIDO:REPUBLICANOS,TRÊS CACHOEIRAS,6,0,6,486,492,REPUBLICANOS,0.0724168383868119
2024,85375,CIDADANIA,FEDERACAO:100,BARRA DO RIBEIRO,1,0,1,0,1,CIDADANIA,0.00012961762799740766
2024,85375,MDB,PARTIDO:MDB,BARRA DO RIBEIRO,105,0,105,1700,1805,MDB,0.2339598185353208
2024,85375,PC do B,FEDERACAO:101,BARRA DO RIBEIRO,0,0,0,0,0,PC DO B,0.0
2024,85375,PDT,PARTIDO:PDT,BARRA DO RIBEIRO,16,0,16,766,782,PDT,0.10136098509397277
2024,85375,PL,PARTIDO:PL,BARRA DO RIBEIRO,3,0,3,397,400,PL,0.05184705119896306
2024,85375,PP,PARTIDO:PP,BARRA DO RIBEIRO,18,0,18,1048,1066,PP,0.13817239144523655
2024,85375,PSDB,FEDERACAO:100,BARRA DO RIBEIRO,96,0,96,1464,1560,PSDB,0.20220349967595594
2024,85375,PT,FEDERACAO:101,BARRA DO RIBEIRO,29,0,29,712,741,PT,0.09604666234607907
2024,85375,PV,FEDERACAO:101,BARRA DO RIBEIRO,0,0,0,0,0,PV,0.0
2024,85375,REPUBLICANOS,PARTIDO:REPUBLICANOS,BARRA DO RIBEIRO,9,0,9,429,438,REPUBLICANOS,0.056772521062864546
2024,85375,UNIÃO,PARTIDO:UNIÃO,BARRA DO RIBEIRO,14,0,14,908,922,UNIÃO,0.11950745301360985
2024,85383,MDB,PARTIDO:MDB,SÃO VENDELINO,17,0,17,863,880,MDB,0.39909297052154197
2024,85383,PP,PARTIDO:PP,SÃO VENDELINO,6,0,6,328,334,PP,0.15147392290249434
2024,85383,REPUBLICANOS,PARTIDO:REPUBLICANOS,SÃO VENDELINO,4,0,4,421,425,REPUBLICANOS,0.1927437641723356
2024,85383,UNIÃO,PARTIDO:UNIÃO,SÃO VENDELINO,6,0,6,560,566,UNIÃO,0.2566893424036281
2024,85391,MDB,PARTIDO:MDB,BARROS CASSAL,91,0,91,2580,2671,MDB,0.36892265193370166
2024,85391,PL,PARTIDO:PL,BARROS CASSAL,11,0,11,693,704,PL,0.09723756906077348
2024,85391,PP,PARTIDO:PP,BARROS CASSAL,71,0,71,2695,2766,PP,0.3820441988950276
2024,85391,PSB,PARTIDO:PSB,BARROS CASSAL,4,0,4,1095,1099,PSB,0.15179558011049724
2024,85405,MDB,PARTIDO:MDB,PROTÁSIO ALVES,5,0,5,534,539,MDB,0.30905963302752293
2024,85405,PL,PARTIDO:PL,PROTÁSIO ALVES,17,0,17,392,409,PL,0.2345183486238532
2024,85405,PP,PARTIDO:PP,PROTÁSIO ALVES,33,0,33,763,796,PP,0.45642201834862384
2024,85413,CIDADANIA,FEDERACAO:100,BENTO GONÇALVES,61,0,61,1736,1797,CIDADANIA,0.027418370460787305
2024,85413,MDB,PARTIDO:MDB,BENTO GONÇALVES,106,0,106,5346,5452,MDB,0.0831858407079646
2024,85413,NOVO,PARTIDO:NOVO,BENTO GONÇALVES,60,0,60,2038,2098,NOVO,0.03201098565761367
2024,85413,PC do B,FEDERACAO:101,BENTO GONÇALVES,9,0,9,0,9,PC DO B,0.000137320720170888
2024,85413,PDT,PARTIDO:PDT,BENTO GONÇALVES,144,0,144,4280,4424,PDT,0.06750076289288984
2024,85413,PL,PARTIDO:PL,BENTO GONÇALVES,128,0,128,9317,9445,PL,0.14411046689044857
2024,85413,PODE,PARTIDO:PODE,BENTO GONÇALVES,23,0,23,1574,1597,PODE,0.02436679890143424
2024,85413,PP,PARTIDO:PP,BENTO GONÇALVES,235,0,235,16034,16269,PP,0.2482300884955752
2024,85413,PSDB,FEDERACAO:100,BENTO GONÇALVES,728,0,728,10982,11710,PSDB,0.17866951480012205
2024,85413,PT,FEDERACAO:101,BENTO GONÇALVES,278,0,278,2655,2933,PT,0.04475129691791273
2024,85413,PV,FEDERACAO:101,BENTO GONÇALVES,3,0,3,0,3,PV,4.5773573390296e-05
2024,85413,REPUBLICANOS,PARTIDO:REPUBLICANOS,BENTO GONÇALVES,69,0,69,5323,5392,REPUBLICANOS,0.08227036924015868
2024,85413,UNIÃO,PARTIDO:UNIÃO,BENTO GONÇALVES,52,0,52,4359,4411,UNIÃO,0.06730241074153188
2024,85421,PDT,PARTIDO:PDT,POUSO NOVO,21,0,21,748,769,PDT,0.48980891719745223
2024,85421,PODE,PARTIDO:PODE,POUSO NOVO,6,0,6,416,422,PODE,0.26878980891719745
2024,85421,PRD,PARTIDO:PRD,POUSO NOVO,11,0,11,368,379,PRD,0.24140127388535032
2024,85430,CIDADANIA,FEDERACAO:100,BOA VISTA DO BURICÁ,1,0,1,0,1,CIDADANIA,0.0002010454362685967
2024,85430,MDB,PARTIDO:MDB,BOA VISTA DO BURICÁ,54,0,54,1363,1417,MDB,0.28488138319260153
2024,85430,PC do B,FEDERACAO:101,BOA VISTA DO BURICÁ,0,0,0,0,0,PC DO B,0.0
2024,85430,PL,PARTIDO:PL,BOA VISTA DO BURICÁ,4,0,4,304,308,PL,0.06192199437072778
2024,85430,PP,PARTIDO:PP,BOA VISTA DO BURICÁ,12,0,12,604,616,PP,0.12384398874145557
2024,85430,PSD,PARTIDO:PSD,BOA VISTA DO BURICÁ,19,0,19,235,254,PSD,0.051065540812223566
2024,85430,PSDB,FEDERACAO:100,BOA VISTA DO BURICÁ,8,0,8,389,397,PSDB,0.07981503819863289
2024,85430,PT,FEDERACAO:101,BOA VISTA DO BURICÁ,11,0,11,740,751,PT,0.15098512263771613
2024,85430,PV,FEDERACAO:101,BOA VISTA DO BURICÁ,1,0,1,0,1,PV,0.0002010454362685967
2024,85430,UNIÃO,PARTIDO:UNIÃO,BOA VISTA DO BURICÁ,5,0,5,1224,1229,UNIÃO,0.24708484117410534
2024,85448,MDB,PARTIDO:MDB,EUGÊNIO DE CASTRO,20,0,20,523,543,MDB,0.23254817987152035
2024,85448,PDT,PARTIDO:PDT,EUGÊNIO DE CASTRO,9,0,9,182,191,PDT,0.08179871520342613
2024,85448,PL,PARTIDO:PL,EUGÊNIO DE CASTRO,3,0,3,481,484,PL,0.20728051391862956
2024,85448,PP,PARTIDO:PP,EUGÊNIO DE CASTRO,20,0,20,905,925,PP,0.3961456102783726
2024,85448,UNIÃO,PARTIDO:UNIÃO,EUGÊNIO DE CASTRO,1,0,1,191,192,UNIÃO,0.08222698072805139
2024,85456,MDB,PARTIDO:MDB,BOM JESUS,73,0,73,2679,2752,MDB,0.3959712230215827
2024,85456,PDT,PARTIDO:PDT,BOM JESUS,16,0,16,943,959,PDT,0.13798561151079136
2024,85456,PP,PARTIDO:PP,BOM JESUS,104,0,104,3135,3239,PP,0.4660431654676259
2024,85464,CIDADANIA,FEDERACAO:100,CRISTAL,0,0,0,0,0,CIDADANIA,0.0
2024,85464,MDB,PARTIDO:MDB,CRISTAL,20,0,20,1236,1256,MDB,0.24261155109136565
2024,85464,PC do B,FEDERACAO:101,CRISTAL,0,0,0,0,0,PC DO B,0.0
2024,85464,PDT,PARTIDO:PDT,CRISTAL,10,0,10,1041,1051,PDT,0.203013328182345
2024,85464,PSB,PARTIDO:PSB,CRISTAL,49,0,49,895,944,PSB,0.1823449874444659
2024,85464,PSD,PARTIDO:PSD,CRISTAL,4,0,4,336,340,PSD,0.06567510141008306
2024,85464,PSDB,FEDERACAO:100,CRISTAL,55,0,55,1275,1330,PSDB,0.2569055437512073
2024,85464,PT,FEDERACAO:101,CRISTAL,5,0,5,251,256,PT,0.049449488120533125
2024,85464,PV,FEDERACAO:101,CRISTAL,0,0,0,0,0,PV,0.0
2024,85472,MDB,PARTIDO:MDB,BOM RETIRO DO SUL,8,0,8,575,583,MDB,0.0775369065035244
2024,85472,PC do B,FEDERACAO:101,BOM RETIRO DO SUL,0,0,0,0,0,PC DO B,0.0
2024,85472,PL,PARTIDO:PL,BOM RETIRO DO SUL,8,0,8,1156,1164,PL,0.1548078201888549
2024,85472,PSB,PARTIDO:PSB,BOM RETIRO DO SUL,113,0,113,3075,3188,PSB,0.42399255220109056
2024,85472,PT,FEDERACAO:101,BOM RETIRO DO SUL,1,0,1,127,128,PT,0.017023540364410162
2024,85472,PV,FEDERACAO:101,BOM RETIRO DO SUL,1,0,1,0,1,PV,0.0001329964090969544
2024,85472,REPUBLICANOS,PARTIDO:REPUBLICANOS,BOM RETIRO DO SUL,15,0,15,1880,1895,REPUBLICANOS,0.25202819523872855
2024,85472,UNIÃO,PARTIDO:UNIÃO,BOM RETIRO DO SUL,60,0,60,500,560,UNIÃO,0.07447798909429446
2024,85480,MDB,PARTIDO:MDB,SÃO MIGUEL DAS MISSÕES,9,0,9,323,332,MDB,0.06629392971246006
2024,85480,PC do B,FEDERACAO:101,SÃO MIGUEL DAS MISSÕES,0,0,0,0,0,PC DO B,0.0
2024,85480,PDT,PARTIDO:PDT,SÃO MIGUEL DAS MISSÕES,47,0,47,1199,1246,PDT,0.24880191693290735
2024,85480,PP,PARTIDO:PP,SÃO MIGUEL DAS MISSÕES,89,0,89,3030,3119,PP,0.6228035143769968
2024,85480,PT,FEDERACAO:101,SÃO MIGUEL DAS MISSÕES,18,0,18,293,311,PT,0.062100638977635784
2024,85480,PV,FEDERACAO:101,SÃO MIGUEL DAS MISSÕES,0,0,0,0,0,PV,0.0
2024,85499,CIDADANIA,FEDERACAO:100,BOSSOROCA,0,0,0,0,0,CIDADANIA,0.0
2024,85499,MDB,PARTIDO:MDB,BOSSOROCA,15,0,15,460,475,MDB,0.11722606120434353
2024,85499,PC do B,FEDERACAO:101,BOSSOROCA,0,0,0,0,0,PC DO B,0.0
2024,85499,PDT,PARTIDO:PDT,BOSSOROCA,22,0,22,602,624,PDT,0.1539980256663376
2024,85499,PP,PARTIDO:PP,BOSSOROCA,88,0,88,2159,2247,PP,0.5545409674234946
2024,85499,PSDB,FEDERACAO:100,BOSSOROCA,8,0,8,214,222,PSDB,0.05478775913129319
2024,85499,PT,FEDERACAO:101,BOSSOROCA,53,0,53,431,484,PT,0.1194471865745311
2024,85499,PV,FEDERACAO:101,BOSSOROCA,0,0,0,0,0,PV,0.0
2024,85502,CIDADANIA,FEDERACAO:100,GLORINHA,0,0,0,0,0,CIDADANIA,0.0
2024,85502,MDB,PARTIDO:MDB,GLORINHA,77,0,77,2015,2092,MDB,0.38175182481751824
2024,85502,PDT,PARTIDO:PDT,GLORINHA,13,0,13,253,266,PDT,0.04854014598540146
2024,85502,PL,PARTIDO:PL,GLORINHA,13,0,13,234,247,PL,0.045072992700729925
2024,85502,PP,PARTIDO:PP,GLORINHA,9,0,9,1348,1357,PP,0.24762773722627737
2024,85502,PSD,PARTIDO:PSD,GLORINHA,33,0,33,456,489,PSD,0.08923357664233576
2024,85502,PSDB,FEDERACAO:100,GLORINHA,10,0,10,1019,1029,PSDB,0.18777372262773723
2024,85510,MDB,PARTIDO:MDB,BRAGA,50,0,50,1057,1107,MDB,0.2930897537728356
2024,85510,PC do B,FEDERACAO:101,BRAGA,0,0,0,0,0,PC DO B,0.0
2024,85510,PDT,PARTIDO:PDT,BRAGA,14,0,14,300,314,PDT,0.08313476303944929
2024,85510,PP,PARTIDO:PP,BRAGA,62,0,62,1984,2046,PP,0.5416997617156474
2024,85510,PT,FEDERACAO:101,BRAGA,6,0,6,303,309,PT,0.0818109610802224
2024,85510,PV,FEDERACAO:101,BRAGA,1,0,1,0,1,PV,0.00026476039184537993
2024,85529,MDB,PARTIDO:MDB,SEGREDO,55,0,55,2099,2154,MDB,0.4258600237247924
2024,85529,PC do B,FEDERACAO:101,SEGREDO,0,0,0,0,0,PC DO B,0.0
2024,85529,PL,PARTIDO:PL,SEGREDO,7,0,7,736,743,PL,0.14689600632661132
2024,85529,PP,PARTIDO:PP,SEGREDO,82,0,82,1970,2052,PP,0.40569395017793597
2024,85529,PT,FEDERACAO:101,SEGREDO,3,0,3,106,109,PT,0.02155001977066034
2024,85529,PV,FEDERACAO:101,SEGREDO,0,0,0,0,0,PV,0.0
2024,85537,CIDADANIA,FEDERACAO:100,BUTIÁ,2,0,2,23,25,CIDADANIA,0.002188183807439825
2024,85537,MDB,PARTIDO:MDB,BUTIÁ,18,0,18,931,949,MDB,0.08306345733041576
2024,85537,PC do B,FEDERACAO:101,BUTIÁ,0,0,0,0,0,PC DO B,0.0
2024,85537,PDT,PARTIDO:PDT,BUTIÁ,38,0,38,1617,1655,PDT,0.1448577680525164
2024,85537,PL,PARTIDO:PL,BUTIÁ,9,0,9,591,600,PL,0.0525164113785558
2024,85537,PP,PARTIDO:PP,BUTIÁ,27,0,27,1675,1702,PP,0.1489715536105033
2024,85537,PRD,PARTIDO:PRD,BUTIÁ,7,0,7,363,370,PRD,0.03238512035010941
2024,85537,PSD,PARTIDO:PSD,BUTIÁ,4,0,4,867,871,PSD,0.0762363238512035
2024,85537,PSDB,FEDERACAO:100,BUTIÁ,134,0,134,1333,1467,PSDB,0.12840262582056894
2024,85537,PT,FEDERACAO:101,BUTIÁ,108,0,108,1856,1964,PT,0.17190371991247264
2024,85537,PV,FEDERACAO:101,BUTIÁ,2,0,2,0,2,PV,0.000175054704595186
2024,85537,REPUBLICANOS,PARTIDO:REPUBLICANOS,BUTIÁ,13,0,13,987,1000,REPUBLICANOS,0.087527352297593
2024,85537,UNIÃO,PARTIDO:UNIÃO,BUTIÁ,10,0,10,810,820,UNIÃO,0.07177242888402625
2024,85545,MDB,PARTIDO:MDB,ALEGRIA,29,0,29,933,962,MDB,0.34579439252336447
2024,85545,PP,PARTIDO:PP,ALEGRIA,32,0,32,1242,1274,PP,0.45794392523364486
2024,85545,UNIÃO,PARTIDO:UNIÃO,ALEGRIA,10,0,10,536,546,UNIÃO,0.19626168224299065
2024,85553,MDB,PARTIDO:MDB,CAÇAPAVA DO SUL,59,0,59,2614,2673,MDB,0.14426034864266826
2024,85553,NOVO,PARTIDO:NOVO,CAÇAPAVA DO SUL,7,0,7,137,144,NOVO,0.007771601273679098
2024,85553,PC do B,FEDERACAO:101,CAÇAPAVA DO SUL,1,0,1,0,1,PC DO B,5.3969453289438175e-05
2024,85553,PDT,PARTIDO:PDT,CAÇAPAVA DO SUL,172,0,172,5714,5886,PDT,0.3176642020616331
2024,85553,PL,PARTIDO:PL,CAÇAPAVA DO SUL,19,0,19,889,908,PL,0.049004263586809864
2024,85553,PP,PARTIDO:PP,CAÇAPAVA DO SUL,278,0,278,3660,3938,PP,0.21253170705380756
2024,85553,PSB,PARTIDO:PSB,CAÇAPAVA DO SUL,141,0,141,2351,2492,PSB,0.13449187759727993
2024,85553,PT,FEDERACAO:101,CAÇAPAVA DO SUL,84,0,84,1402,1486,PT,0.08019860758810514
2024,85553,PV,FEDERACAO:101,CAÇAPAVA DO SUL,1,0,1,0,1,PV,5.3969453289438175e-05
2024,85553,REPUBLICANOS,PARTIDO:REPUBLICANOS,CAÇAPAVA DO SUL,16,0,16,596,612,REPUBLICANOS,0.033029305413136166
2024,85553,UNIÃO,PARTIDO:UNIÃO,CAÇAPAVA DO SUL,11,0,11,377,388,UNIÃO,0.020940147876302013
2024,85561,MDB,PARTIDO:MDB,SALDANHA MARINHO,2,0,2,93,95,MDB,0.04011824324324324
2024,85561,PDT,PARTIDO:PDT,SALDANHA MARINHO,15,0,15,400,415,PDT,0.17525337837837837
2024,85561,PP,PARTIDO:PP,SALDANHA MARINHO,32,0,32,1239,1271,PP,0.5367398648648649
2024,85561,REPUBLICANOS,PARTIDO:REPUBLICANOS,SALDANHA MARINHO,18,0,18,569,587,REPUBLICANOS,0.24788851351351351
2024,85570,MDB,PARTIDO:MDB,CACEQUI,135,0,135,2918,3053,MDB,0.45676241771394377
2024,85570,PL,PARTIDO:PL,CACEQUI,30,0,30,391,421,PL,0.06298623578695392
2024,85570,PODE,PARTIDO:PODE,CACEQUI,15,0,15,838,853,PODE,0.12761819269898264
2024,85570,PP,PARTIDO:PP,CACEQUI,21,0,21,712,733,PP,0.10966487133453022
2024,85570,REPUBLICANOS,PARTIDO:REPUBLICANOS,CACEQUI,26,0,26,1598,1624,REPUBLICANOS,0.24296828246558946
2024,85588,MDB,PARTIDO:MDB,SÃO JOSÉ DO HERVAL,24,0,24,703,727,MDB,0.36717171717171715
2024,85588,PDT,PARTIDO:PDT,SÃO JOSÉ DO HERVAL,30,0,30,627,657,PDT,0.33181818181818185
2024,85588,PL,PARTIDO:PL,SÃO JOSÉ DO HERVAL,1,0,1,261,262,PL,0.13232323232323231
2024,85588,PP,PARTIDO:PP,SÃO JOSÉ DO HERVAL,11,0,11,323,334,PP,0.1686868686868687
2024,85596,CIDADANIA,FEDERACAO:100,CACHOEIRA DO SUL,7,0,7,0,7,CIDADANIA,0.00016281341582546403
2024,85596,MDB,PARTIDO:MDB,CACHOEIRA DO SUL,61,0,61,2955,3016,MDB,0.07014932316137136
2024,85596,NOVO,PARTIDO:NOVO,CACHOEIRA DO SUL,26,0,26,1366,1392,NOVO,0.0323766106898637
2024,85596,PC do B,FEDERACAO:101,CACHOEIRA DO SUL,5,0,5,0,5,PC DO B,0.00011629529701818858
2024,85596,PDT,PARTIDO:PDT,CACHOEIRA DO SUL,112,0,112,2497,2609,PDT,0.0606828859840908
2024,85596,PL,PARTIDO:PL,CACHOEIRA DO SUL,236,0,236,6328,6564,PL,0.15267246592547798
2024,85596,PODE,PARTIDO:PODE,CACHOEIRA DO SUL,45,0,45,3044,3089,PODE,0.0718472344978369
2024,85596,PP,PARTIDO:PP,CACHOEIRA DO SUL,93,0,93,4082,4175,PP,0.09710657301018746
2024,85596,PRD,PARTIDO:PRD,CACHOEIRA DO SUL,36,0,36,225,261,PRD,0.006070614504349444
2024,85596,PSB,PARTIDO:PSB,CACHOEIRA DO SUL,29,0,29,2177,2206,PSB,0.051309485044424806
2024,85596,PSDB,FEDERACAO:100,CACHOEIRA DO SUL,351,0,351,7039,7390,PSDB,0.17188444899288272
2024,85596,PT,FEDERACAO:101,CACHOEIRA DO SUL,244,0,244,3953,4197,PT,0.0976182723170675
2024,85596,PV,FEDERACAO:101,CACHOEIRA DO SUL,3,0,3,0,3,PV,6.977717821091316e-05
2024,85596,REPUBLICANOS,PARTIDO:REPUBLICANOS,CACHOEIRA DO SUL,296,0,296,6057,6353,REPUBLICANOS,0.14776480439131043
2024,85596,UNIÃO,PARTIDO:UNIÃO,CACHOEIRA DO SUL,26,0,26,1701,1727,UNIÃO,0.04016839559008234
2024,85600,MDB,PARTIDO:MDB,VISTA ALEGRE,10,0,10,708,718,MDB,0.28708516593362654
2024,85600,PC do B,FEDERACAO:101,VISTA ALEGRE,0,0,0,0,0,PC DO B,0.0
2024,85600,PL,PARTIDO:PL,VISTA ALEGRE,3,0,3,300,303,PL,0.1211515393842463
2024,85600,PP,PARTIDO:PP,VISTA ALEGRE,7,0,7,335,342,PP,0.1367453018792483
2024,85600,PT,FEDERACAO:101,VISTA ALEGRE,37,0,37,1101,1138,PT,0.45501799280287886
2024,85600,PV,FEDERACAO:101,VISTA ALEGRE,0,0,0,0,0,PV,0.0
2024,85618,AVANTE,PARTIDO:AVANTE,CACHOEIRINHA,55,0,55,5597,5652,AVANTE,0.08227673047528933
2024,85618,CIDADANIA,FEDERACAO:100,CACHOEIRINHA,18,0,18,203,221,CIDADANIA,0.0032171191498653467
2024,85618,MDB,PARTIDO:MDB,CACHOEIRINHA,662,0,662,13934,14596,MDB,0.21247543489336923
2024,85618,NOVO,PARTIDO:NOVO,CACHOEIRINHA,42,0,42,283,325,NOVO,0.004731057573331392
2024,85618,PC do B,FEDERACAO:101,CACHOEIRINHA,12,0,12,557,569,PC DO B,0.008282990028386346
2024,85618,PDT,PARTIDO:PDT,CACHOEIRINHA,116,0,116,4782,4898,PDT,0.0713006769051605
2024,85618,PL,PARTIDO:PL,CACHOEIRINHA,165,0,165,4562,4727,PL,0.0688114127665769
2024,85618,PODE,PARTIDO:PODE,CACHOEIRINHA,70,0,70,7098,7168,PODE,0.10434529441735206
2024,85618,PP,PARTIDO:PP,CACHOEIRINHA,136,0,136,7551,7687,PP,0.11190042943445666
2024,85618,PSD,PARTIDO:PSD,CACHOEIRINHA,42,0,42,2927,2969,PSD,0.04322003056991047
2024,85618,PSDB,FEDERACAO:100,CACHOEIRINHA,41,0,41,1484,1525,PSDB,0.022199577844093456
2024,85618,PSOL,FEDERACAO:102,CACHOEIRINHA,41,0,41,805,846,PSOL,0.012315306790887255
2024,85618,PT,FEDERACAO:101,CACHOEIRINHA,773,0,773,6791,7564,PT,0.11010990610670354
2024,85618,PV,FEDERACAO:101,CACHOEIRINHA,12,0,12,240,252,PV,0.0036683892568600334
2024,85618,REDE,FEDERACAO:102,CACHOEIRINHA,8,0,8,0,8,REDE,0.00011645680180508043
2024,85618,REPUBLICANOS,PARTIDO:REPUBLICANOS,CACHOEIRINHA,116,0,116,9182,9298,REPUBLICANOS,0.13535191789795473
2024,85618,SOLIDARIEDADE,PARTIDO:SOLIDARIEDADE,CACHOEIRINHA,15,0,15,375,390,SOLIDARIEDADE,0.005677269087997671
2024,85626,MDB,PARTIDO:MDB,IVORÁ,14,0,14,778,792,MDB,0.5146198830409356
2024,85626,PC do B,FEDERACAO:101,IVORÁ,0,0,0,0,0,PC DO B,0.0
2024,85626,PP,PARTIDO:PP,IVORÁ,15,0,15,376,391,PP,0.2540610786224821
2024,85626,PT,FEDERACAO:101,IVORÁ,21,0,21,335,356,PT,0.23131903833658218
2024,85626,PV,FEDERACAO:101,IVORÁ,0,0,0,0,0,PV,0.0
2024,85634,MDB,PARTIDO:MDB,CACIQUE DOBLE,53,0,53,1064,1117,MDB,0.34221813725490197
2024,85634,PC do B,FEDERACAO:101,CACIQUE DOBLE,0,0,0,0,0,PC DO B,0.0
2024,85634,PL,PARTIDO:PL,CACIQUE DOBLE,17,0,17,758,775,PL,0.23743872549019607
2024,85634,PT,FEDERACAO:101,CACIQUE DOBLE,17,0,17,496,513,PT,0.15716911764705882
2024,85634,PV,FEDERACAO:101,CACIQUE DOBLE,0,0,0,0,0,PV,0.0
2024,85634,UNIÃO,PARTIDO:UNIÃO,CACIQUE DOBLE,11,0,11,848,859,UNIÃO,0.26317401960784315
2024,85642,MDB,PARTIDO:MDB,VILA MARIA,6,0,6,401,407,MDB,0.12722725851828695
2024,85642,PC do B,FEDERACAO:101,VILA MARIA,0,0,0,0,0,PC DO B,0.0
2024,85642,PL,PARTIDO:PL,VILA MARIA,3,0,3,115,118,PL,0.036886527039699905
2024,85642,PODE,PARTIDO:PODE,VILA MARIA,19,0,19,270,289,PODE,0.09034073147858705
2024,85642,PP,PARTIDO:PP,VILA MARIA,10,0,10,49,59,PP,0.018443263519849953
2024,85642,PT,FEDERACAO:101,VILA MARIA,6,0,6,401,407,PT,0.12722725851828695
2024,85642,PV,FEDERACAO:101,VILA MARIA,0,0,0,0,0,PV,0.0
2024,85642,REPUBLICANOS,PARTIDO:REPUBLICANOS,VILA MARIA,3,0,3,555,558,REPUBLICANOS,0.17442950922163175
2024,85642,UNIÃO,PARTIDO:UNIÃO,VILA MARIA,31,0,31,1330,1361,UNIÃO,0.4254454517036574
2024,85650,MDB,PARTIDO:MDB,CAIBATÉ,36,0,36,1117,1153,MDB,0.33170310701956274
2024,85650,PC do B,FEDERACAO:101,CAIBATÉ,0,0,0,0,0,PC DO B,0.0
2024,85650,PL,PARTIDO:PL,CAIBATÉ,5,0,5,322,327,PL,0.09407364787111623
2024,85650,PP,PARTIDO:PP,CAIBATÉ,45,0,45,1403,1448,PP,0.41657077100115075
2024,85650,PT,FEDERACAO:101,CAIBATÉ,12,0,12,536,548,PT,0.15765247410817032
2024,85650,PV,FEDERACAO:101,CAIBATÉ,0,0,0,0,0,PV,0.0
2024,85669,CIDADANIA,FEDERACAO:100,TAQUARUÇU DO SUL,0,0,0,0,0,CIDADANIA,0.0
2024,85669,MDB,PARTIDO:MDB,TAQUARUÇU DO SUL,2,0,2,377,379,MDB,0.143669446550417
2024,85669,PC do B,FEDERACAO:101,TAQUARUÇU DO SUL,0,0,0,0,0,PC DO B,0.0
2024,85669,PDT,PARTIDO:PDT,TAQUARUÇU DO SUL,15,0,15,185,200,PDT,0.0758150113722517
2024,85669,PP,PARTIDO:PP,TAQUARUÇU DO SUL,8,0,8,450,458,PP,0.17361637604245642
2024,85669,PSB,PARTIDO:PSB,TAQUARUÇU DO SUL,3,0,3,578,581,PSB,0.2202426080363912
2024,85669,PSDB,FEDERACAO:100,TAQUARUÇU DO SUL,22,0,22,328,350,PSDB,0.1326762699014405
2024,85669,PT,FEDERACAO:101,TAQUARUÇU DO SUL,24,0,24,526,550,PT,0.20849128127369218
2024,85669,PV,FEDERACAO:101,TAQUARUÇU DO SUL,0,0,0,0,0,PV,0.0
2024,85669,REPUBLICANOS,PARTIDO:REPUBLICANOS,TAQUARUÇU DO SUL,2,0,2,118,120,REPUBLICANOS,0.045489006823351025
2024,85677,MDB,PARTIDO:MDB,CAIÇARA,32,0,32,1015,1047,MDB,0.2730117340286832
2024,85677,PC do B,FEDERACAO:101,CAIÇARA,0,0,0,0,0,PC DO B,0.0
2024,85677,PDT,PARTIDO:PDT,CAIÇARA,40,0,40,1154,1194,PDT,0.31134289439374185
2024,85677,PL,PARTIDO:PL,CAIÇARA,2,0,2,315,317,PL,0.08265971316818775
2024,85677,PP,PARTIDO:PP,CAIÇARA,15,0,15,629,644,PP,0.16792698826597133
2024,85677,PT,FEDERACAO:101,CAIÇARA,8,0,8,625,633,PT,0.1650586701434159
2024,85677,PV,FEDERACAO:101,CAIÇARA,0,0,0,0,0,PV,0.0
2024,85685,CIDADANIA,FEDERACAO:100,IMBÉ,6,0,6,158,164,CIDADANIA,0.010344392582313611
2024,85685,MDB,PARTIDO:MDB,IMBÉ,184,0,184,3608,3792,MDB,0.23918254068373912
2024,85685,PC do B,FEDERACAO:101,IMBÉ,0,0,0,0,0,PC DO B,0.0
2024,85685,PDT,PARTIDO:PDT,IMBÉ,32,0,32,1840,1872,PDT,0.1180774567932383
2024,85685,PL,PARTIDO:PL,IMBÉ,70,0,70,421,491,PL,0.030970102182414534
2024,85685,PODE,PARTIDO:PODE,IMBÉ,27,0,27,2744,2771,PODE,0.17478238930238427
2024,85685,PP,PARTIDO:PP,IMBÉ,37,0,37,1798,1835,PP,0.1157436609057651
2024,85685,PSB,PARTIDO:PSB,IMBÉ,17,0,17,1414,1431,PSB,0.0902611328371389
2024,85685,PSDB,FEDERACAO:100,IMBÉ,27,0,27,1811,1838,PSDB,0.11593288759934402
2024,85685,PT,FEDERACAO:101,IMBÉ,170,0,170,1441,1611,PT,0.10161473445187334
2024,85685,PV,FEDERACAO:101,IMBÉ,3,0,3,46,49,PV,0.003090702661788823
2024,85693,CIDADANIA,FEDERACAO:100,CAMAQUÃ,8,0,8,1086,1094,CIDADANIA,0.03041169766213549
2024,85693,MDB,PARTIDO:MDB,CAMAQUÃ,40,0,40,4376,4416,MDB,0.12275873571845551
2024,85693,PC do B,FEDERACAO:101,CAMAQUÃ,0,0,0,0,0,PC DO B,0.0
2024,85693,PDT,PARTIDO:PDT,CAMAQUÃ,74,0,74,2815,2889,PDT,0.08031023267450588
2024,85693,PL,PARTIDO:PL,CAMAQUÃ,21,0,21,1136,1157,PL,0.03216301114724933
2024,85693,PODE,PARTIDO:PODE,CAMAQUÃ,7,0,7,87,94,PODE,0.002613070914296834
2024,85693,PP,PARTIDO:PP,CAMAQUÃ,273,0,273,5385,5658,PP,0.15728463013927113
2024,85693,PSB,PARTIDO:PSB,CAMAQUÃ,31,0,31,2270,2301,PSB,0.06396464014677675
2024,85693,PSDB,FEDERACAO:100,CAMAQUÃ,471,0,471,2202,2673,PSDB,0.07430572929697273
2024,85693,PT,FEDERACAO:101,CAMAQUÃ,47,0,47,1662,1709,PT,0.04750785311205626
2024,85693,PV,FEDERACAO:101,CAMAQUÃ,0,0,0,0,0,PV,0.0
2024,85693,REPUBLICANOS,PARTIDO:REPUBLICANOS,CAMAQUÃ,31,0,31,3205,3236,REPUBLICANOS,0.08995635615600589
2024,85693,UNIÃO,PARTIDO:UNIÃO,CAMAQUÃ,112,0,112,10634,10746,UNIÃO,0.2987240430322742
2024,85707,MDB,PARTIDO:MDB,SEDE NOVA,25,0,25,883,908,MDB,0.3808724832214765
2024,85707,PC do B,FEDERACAO:101,SEDE NOVA,0,0,0,0,0,PC DO B,0.0
2024,85707,PP,PARTIDO:PP,SEDE NOVA,27,0,27,1019,1046,PP,0.438758389261745
2024,85707,PT,FEDERACAO:101,SEDE NOVA,6,0,6,424,430,PT,0.18036912751677853
2024,85707,PV,FEDERACAO:101,SEDE NOVA,0,0,0,0,0,PV,0.0
2024,85715,CIDADANIA,FEDERACAO:100,CAMBARÁ DO SUL,0,0,0,0,0,CIDADANIA,0.0
2024,85715,MDB,PARTIDO:MDB,CAMBARÁ DO SUL,54,0,54,1480,1534,MDB,0.3434072084172823
2024,85715,PDT,PARTIDO:PDT,CAMBARÁ DO SUL,9,0,9,49,58,PDT,0.012984105663756436
2024,85715,PODE,PARTIDO:PODE,CAMBARÁ DO SUL,2,0,2,410,412,PODE,0.09223192299082159
2024,85715,PP,PARTIDO:PP,CAMBARÁ DO SUL,44,0,44,1985,2029,PP,0.45421983434072083
2024,85715,PSDB,FEDERACAO:100,CAMBARÁ DO SUL,3,0,3,431,434,PSDB,0.09715692858741885
2024,85723,MDB,PARTIDO:MDB,TUPANDI,37,0,37,1097,1134,MDB,0.3094978165938865
2024,85723,PL,PARTIDO:PL,TUPANDI,4,0,4,457,461,PL,0.12581877729257643
2024,85723,PP,PARTIDO:PP,TUPANDI,15,0,15,873,888,PP,0.2423580786026201
2024,85723,PSB,PARTIDO:PSB,TUPANDI,6,0,6,903,909,PSB,0.248089519650655
2024,85723,REPUBLICANOS,PARTIDO:REPUBLICANOS,TUPANDI,9,0,9,263,272,REPUBLICANOS,0.07423580786026202
2024,85731,MDB,PARTIDO:MDB,CAMPINA DAS MISSÕES,40,0,40,1291,1331,MDB,0.3059066881176741
2024,85731,PC do B,FEDERACAO:101,CAMPINA DAS MISSÕES,0,0,0,0,0,PC DO B,0.0
2024,85731,PL,PARTIDO:PL,CAMPINA DAS MISSÕES,54,0,54,1950,2004,PL,0.4605837738450931
2024,85731,PT,FEDERACAO:101,CAMPINA DAS MISSÕES,19,0,19,997,1016,PT,0.23350953803723282
2024,85731,PV,FEDERACAO:101,CAMPINA DAS MISSÕES,0,0,0,0,0,PV,0.0
2024,85740,CIDADANIA,FEDERACAO:100,RIOZINHO,0,0,0,0,0,CIDADANIA,0.0
2024,85740,MDB,PARTIDO:MDB,RIOZINHO,6,0,6,536,542,MDB,0.13509471585244268
2024,85740,PC do B,FEDERACAO:101,RIOZINHO,0,0,0,0,0,PC DO B,0.0
2024,85740,PDT,PARTIDO:PDT,RIOZINHO,31,0,31,318,349,PDT,0.08698903290129611
2024,85740,PL,PARTIDO:PL,RIOZINHO,25,0,25,742,767,PL,0.19117647058823528
2024,85740,PP,PARTIDO:PP,RIOZINHO,10,0,10,224,234,PP,0.058325024925224324
2024,85740,PSB,PARTIDO:PSB,RIOZINHO,10,0,10,613,623,PSB,0.15528414755732803
2024,85740,PSD,PARTIDO:PSD,RIOZINHO,2,0,2,263,265,PSD,0.0660518444666002
2024,85740,PSDB,FEDERACAO:100,RIOZINHO,2,0,2,276,278,PSDB,0.06929212362911266
2024,85740,PT,FEDERACAO:101,RIOZINHO,6,0,6,260,266,PT,0.06630109670987039
2024,85740,PV,FEDERACAO:101,RIOZINHO,0,0,0,0,0,PV,0.0
2024,85740,REPUBLICANOS,PARTIDO:REPUBLICANOS,RIOZINHO,3,0,3,262,265,REPUBLICANOS,0.0660518444666002
2024,85740,UNIÃO,PARTIDO:UNIÃO,RIOZINHO,6,0,6,417,423,UNIÃO,0.10543369890329013
2024,85758,MDB,PARTIDO:MDB,CAMPINAS DO SUL,12,0,12,561,573,MDB,0.13594306049822064
2024,85758,PL,PARTIDO:PL,CAMPINAS DO SUL,3,0,3,779,782,PL,0.18552787663107947
2024,85758,PP,PARTIDO:PP,CAMPINAS DO SUL,32,0,32,837,869,PP,0.20616844602609727
2024,85758,PSD,PARTIDO:PSD,CAMPINAS DO SUL,1,0,1,42,43,PSD,0.010201660735468564
2024,85758,REPUBLICANOS,PARTIDO:REPUBLICANOS,CAMPINAS DO SUL,7,0,7,661,668,REPUBLICANOS,0.15848161328588375
2024,85758,UNIÃO,PARTIDO:UNIÃO,CAMPINAS DO SUL,44,0,44,1236,1280,UNIÃO,0.3036773428232503
2024,85766,MDB,PARTIDO:MDB,RELVADO,24,0,24,847,871,MDB,0.42343218279047157
2024,85766,PP,PARTIDO:PP,RELVADO,35,0,35,1151,1186,PP,0.5765678172095284
2024,85774,CIDADANIA,FEDERACAO:100,CAMPO BOM,9,0,9,386,395,CIDADANIA,0.010347085789129011
2024,85774,MDB,PARTIDO:MDB,CAMPO BOM,426,0,426,6606,7032,MDB,0.18420432220039293
2024,85774,PC do B,FEDERACAO:101,CAMPO BOM,66,0,66,1824,1890,PC DO B,0.04950884086444008
2024,85774,PDT,PARTIDO:PDT,CAMPO BOM,121,0,121,7598,7719,PDT,0.20220039292730846
2024,85774,PL,PARTIDO:PL,CAMPO BOM,61,0,61,2977,3038,PL,0.07958087753765554
2024,85774,PODE,PARTIDO:PODE,CAMPO BOM,19,0,19,927,946,PODE,0.024780615586116567
2024,85774,PP,PARTIDO:PP,CAMPO BOM,85,0,85,4278,4363,PP,0.11428945645055665
2024,85774,PRD,PARTIDO:PRD,CAMPO BOM,15,0,15,773,788,PRD,0.020641781270464964
2024,85774,PSB,PARTIDO:PSB,CAMPO BOM,15,0,15,599,614,PSB,0.016083824492468892
2024,85774,PSD,PARTIDO:PSD,CAMPO BOM,17,0,17,1463,1480,PSD,0.03876882776686313
2024,85774,PSDB,FEDERACAO:100,CAMPO BOM,28,0,28,1936,1964,PSDB,0.051447282252783236
2024,85774,PT,FEDERACAO:101,CAMPO BOM,67,0,67,177,244,PT,0.00639161755075311
2024,85774,PV,FEDERACAO:101,CAMPO BOM,0,0,0,176,176,PV,0.004610347085789129
2024,85774,REPUBLICANOS,PARTIDO:REPUBLICANOS,CAMPO BOM,352,0,352,7174,7526,REPUBLICANOS,0.19714472822527832
2024,85782,CIDADANIA,FEDERACAO:100,IMIGRANTE,1,0,1,0,1,CIDADANIA,0.0004106776180698152
2024,85782,MDB,PARTIDO:MDB,IMIGRANTE,32,0,32,885,917,MDB,0.37659137577002055
2024,85782,PC do B,FEDERACAO:101,IMIGRANTE,0,0,0,0,0,PC DO B,0.0
2024,85782,PDT,PARTIDO:PDT,IMIGRANTE,3,0,3,189,192,PDT,0.07885010266940452
2024,85782,PP,PARTIDO:PP,IMIGRANTE,23,0,23,544,567,PP,0.23285420944558521
2024,85782,PSDB,FEDERACAO:100,IMIGRANTE,7,0,7,583,590,PSDB,0.24229979466119098
2024,85782,PT,FEDERACAO:101,IMIGRANTE,6,0,6,162,168,PT,0.06899383983572896
2024,85782,PV,FEDERACAO:101,IMIGRANTE,0,0,0,0,0,PV,0.0
2024,85790,PC do B,FEDERACAO:101,CAMPO NOVO,0,0,0,0,0,PC DO B,0.0
2024,85790,PDT,PARTIDO:PDT,CAMPO NOVO,23,0,23,993,1016,PDT,0.29856009403467526
2024,85790,PP,PARTIDO:PP,CAMPO NOVO,18,0,18,587,605,PP,0.17778430796356157
2024,85790,PT,FEDERACAO:101,CAMPO NOVO,36,0,36,529,565,PT,0.16602997355274757
2024,85790,PV,FEDERACAO:101,CAMPO NOVO,0,0,0,0,0,PV,0.0
2024,85790,REPUBLICANOS,PARTIDO:REPUBLICANOS,CAMPO NOVO,32,0,32,1185,1217,REPUBLICANOS,0.3576256244490156
2024,85804,AVANTE,PARTIDO:AVANTE,CIDREIRA,19,0,19,85,104,AVANTE,0.011630507716394543
2024,85804,CIDADANIA,FEDERACAO:100,CIDREIRA,4,0,4,390,394,CIDADANIA,0.044061731156340864
2024,85804,MDB,PARTIDO:MDB,CIDREIRA,27,0,27,1123,1150,MDB,0.12860657571013195
2024,85804,PC do B,FEDERACAO:101,CIDREIRA,0,0,0,0,0,PC DO B,0.0
2024,85804,PDT,PARTIDO:PDT,CIDREIRA,14,0,14,415,429,PDT,0.04797584433012749
2024,85804,PL,PARTIDO:PL,CIDREIRA,21,0,21,1428,1449,PL,0.16204428539476629
2024,85804,PODE,PARTIDO:PODE,CIDREIRA,85,0,85,1251,1336,PODE,0.14940729143368375
2024,85804,PRD,PARTIDO:PRD,CIDREIRA,5,0,5,260,265,PRD,0.029635428315813016
2024,85804,PSDB,FEDERACAO:100,CIDREIRA,80,0,80,1520,1600,PSDB,0.17893088794453144
2024,85804,PT,FEDERACAO:101,CIDREIRA,29,0,29,147,176,PT,0.019682397673898455
2024,85804,PV,FEDERACAO:101,CIDREIRA,2,0,2,0,2,PV,0.00022366360993066427
2024,85804,REPUBLICANOS,PARTIDO:REPUBLICANOS,CIDREIRA,5,0,5,423,428,REPUBLICANOS,0.047864012525162154
2024,85804,UNIÃO,PARTIDO:UNIÃO,CIDREIRA,6,0,6,1603,1609,UNIÃO,0.1799373741892194
2024,85812,MDB,PARTIDO:MDB,CANDELÁRIA,30,0,30,2178,2208,MDB,0.12526238157372213
2024,85812,PL,PARTIDO:PL,CANDELÁRIA,28,0,28,3766,3794,PL,0.21523798717875986
2024,85812,PP,PARTIDO:PP,CANDELÁRIA,244,0,244,7076,7320,PP,0.41527202586940487
2024,85812,PSB,PARTIDO:PSB,CANDELÁRIA,139,0,139,4019,4158,PSB,0.23588812617007998
2024,85812,REPUBLICANOS,PARTIDO:REPUBLICANOS,CANDELÁRIA,8,0,8,139,147,REPUBLICANOS,0.008339479208033131
2024,85820,CIDADANIA,FEDERACAO:100,MONTAURI,1,0,1,0,1,CIDADANIA,0.0006958942240779402
2024,85820,MDB,PARTIDO:MDB,MONTAURI,5,0,5,338,343,MDB,0.23869171885873347
2024,85820,PDT,PARTIDO:PDT,MONTAURI,7,0,7,279,286,PDT,0.1990257480862909
2024,85820,PL,PARTIDO:PL,MONTAURI,0,0,0,182,182,PL,0.1266527487821851
2024,85820,PP,PARTIDO:PP,MONTAURI,5,0,5,139,144,PP,0.10020876826722339
2024,85820,PSDB,FEDERACAO:100,MONTAURI,5,0,5,287,292,PSDB,0.20320111343075853
2024,85820,UNIÃO,PARTIDO:UNIÃO,MONTAURI,1,0,1,188,189,UNIÃO,0.1315240083507307
2024,85839,MDB,PARTIDO:MDB,CÂNDIDO GODÓI,8,0,8,1464,1472,MDB,0.29119683481701286
2024,85839,PC do B,FEDERACAO:101,CÂNDIDO GODÓI,0,0,0,0,0,PC DO B,0.0
2024,85839,PL,PARTIDO:PL,CÂNDIDO GODÓI,38,0,38,906,944,PL,0.1867457962413452
2024,85839,PP,PARTIDO:PP,CÂNDIDO GODÓI,66,0,66,1905,1971,PP,0.38991097922848666
2024,85839,PT,FEDERACAO:101,CÂNDIDO GODÓI,6,0,6,662,668,PT,0.1321463897131553
2024,85839,PV,FEDERACAO:101,CÂNDIDO GODÓI,0,0,0,0,0,PV,0.0
2024,85847,MDB,PARTIDO:MDB,VISTA GAÚCHA,36,0,36,1402,1438,MDB,0.6268526591107236
2024,85847,PDT,PARTIDO:PDT,VISTA GAÚCHA,6,0,6,313,319,PDT,0.13905841325196164
2024,85847,PP,PARTIDO:PP,VISTA GAÚCHA,10,0,10,527,537,PP,0.23408892763731473
2024,85855,CIDADANIA,FEDERACAO:100,CANELA,9,0,9,451,460,CIDADANIA,0.019643009650696045
2024,85855,MDB,PARTIDO:MDB,CANELA,257,0,257,4885,5142,MDB,0.21957468613886755
2024,85855,NOVO,PARTIDO:NOVO,CANELA,13,0,13,50,63,NOVO,0.002690238278247502
2024,85855,PC do B,FEDERACAO:101,CANELA,21,0,21,219,240,PC DO B,0.010248526774276198
2024,85855,PDT,PARTIDO:PDT,CANELA,69,0,69,3651,3720,PDT,0.15885216500128108
2024,85855,PL,PARTIDO:PL,CANELA,67,0,67,934,1001,PL,0.04274489708771031
2024,85855,PODE,PARTIDO:PODE,CANELA,9,0,9,956,965,PODE,0.04120761807156888
2024,85855,PP,PARTIDO:PP,CANELA,69,0,69,1963,2032,PP,0.08677086002220515
2024,85855,PSD,PARTIDO:PSD,CANELA,26,0,26,2014,2040,PSD,0.08711247758134769
2024,85855,PSDB,FEDERACAO:100,CANELA,304,0,304,3904,4208,PSDB,0.179690836108976
2024,85855,PT,FEDERACAO:101,CANELA,51,0,51,235,286,PT,0.012212827739345802
2024,85855,PV,FEDERACAO:101,CANELA,6,0,6,299,305,PV,0.013024169442309335
2024,85855,REPUBLICANOS,PARTIDO:REPUBLICANOS,CANELA,23,0,23,1543,1566,REPUBLICANOS,0.0668716372021522
2024,85855,UNIÃO,PARTIDO:UNIÃO,CANELA,11,0,11,1379,1390,UNIÃO,0.05935605090101631
2024,85863,MDB,PARTIDO:MDB,VISTA ALEGRE DO PRATA,7,0,7,578,585,MDB,0.3960731211916046
2024,85863,UNIÃO,PARTIDO:UNIÃO,VISTA ALEGRE DO PRATA,32,0,32,860,892,UNIÃO,0.6039268788083954
2024,85871,CIDADANIA,FEDERACAO:100,CANGUÇU,7,0,7,370,377,CIDADANIA,0.01148934873373358
2024,85871,MDB,PARTIDO:MDB,CANGUÇU,214,0,214,6453,6667,MDB,0.20318166580318775
2024,85871,PC do B,FEDERACAO:101,CANGUÇU,0,0,0,0,0,PC DO B,0.0
2024,85871,PDT,PARTIDO:PDT,CANGUÇU,50,0,50,892,942,PDT,0.028708133971291867
2024,85871,PL,PARTIDO:PL,CANGUÇU,31,0,31,3600,3631,PL,0.11065736141163564
2024,85871,PP,PARTIDO:PP,CANGUÇU,500,0,500,8032,8532,PP,0.26001889495017216
2024,85871,PSB,PARTIDO:PSB,CANGUÇU,38,0,38,1650,1688,PSB,0.05144302563008564
2024,85871,PSD,PARTIDO:PSD,CANGUÇU,27,0,27,2399,2426,PSD,0.07393411148020601
2024,85871,PSDB,FEDERACAO:100,CANGUÇU,127,0,127,2355,2482,PSDB,0.07564075214091975
2024,85871,PT,FEDERACAO:101,CANGUÇU,141,0,141,3828,3969,PT,0.12095815682808643
2024,85871,PV,FEDERACAO:101,CANGUÇU,1,0,1,0,1,PV,3.0475726084173955e-05
2024,85871,REPUBLICANOS,PARTIDO:REPUBLICANOS,CANGUÇU,31,0,31,2067,2098,REPUBLICANOS,0.06393807332459696
2024,85880,MDB,PARTIDO:MDB,CASEIROS,47,0,47,1090,1137,MDB,0.3839918946301925
2024,85880,PC do B,FEDERACAO:101,CASEIROS,0,0,0,0,0,PC DO B,0.0
2024,85880,PP,PARTIDO:PP,CASEIROS,48,0,48,1575,1623,PP,0.5481256332320162
2024,85880,PT,FEDERACAO:101,CASEIROS,3,0,3,198,201,PT,0.06788247213779129
2024,85880,PV,FEDERACAO:101,CASEIROS,0,0,0,0,0,PV,0.0
2024,85898,AVANTE,PARTIDO:AVANTE,CANOAS,44,0,44,5474,5518,AVANTE,0.03484971926965902
2024,85898,CIDADANIA,FEDERACAO:100,CANOAS,56,0,56,655,711,CIDADANIA,0.004490422327061899
2024,85898,DC,PARTIDO:DC,CANOAS,30,0,30,3459,3489,DC,0.022035279183008395
2024,85898,MDB,PARTIDO:MDB,CANOAS,178,0,178,3812,3990,MDB,0.025199416434566777
2024,85898,NOVO,PARTIDO:NOVO,CANOAS,964,0,964,6354,7318,NOVO,0.04621787705968915
2024,85898,PC do B,FEDERACAO:101,CANOAS,32,0,32,1532,1564,PC DO B,0.009877665990892842
2024,85898,PDT,PARTIDO:PDT,CANOAS,414,0,414,11487,11901,PDT,0.07516246992174919
2024,85898,PL,PARTIDO:PL,CANOAS,1526,0,1526,18362,19888,PL,0.12560551229339953
2024,85898,PODE,PARTIDO:PODE,CANOAS,105,0,105,5154,5259,PODE,0.03321396767653802
2024,85898,PP,PARTIDO:PP,CANOAS,151,0,151,9988,10139,PP,0.06403430657395302
2024,85898,PRD,PARTIDO:PRD,CANOAS,264,0,264,9165,9429,PRD,0.059550199890107805
2024,85898,PSB,PARTIDO:PSB,CANOAS,87,0,87,4846,4933,PSB,0.03115506798789923
2024,85898,PSD,PARTIDO:PSD,CANOAS,979,0,979,19280,20259,PSD,0.12794861592678908
2024,85898,PSDB,FEDERACAO:100,CANOAS,214,0,214,8629,8843,PSDB,0.055849232965131335
2024,85898,PSOL,FEDERACAO:102,CANOAS,460,0,460,1523,1983,PSOL,0.012523920498683188
2024,85898,PT,FEDERACAO:101,CANOAS,979,0,979,10515,11494,PT,0.07259200313255904
2024,85898,PV,FEDERACAO:101,CANOAS,52,0,52,6309,6361,PV,0.04017380650132313
2024,85898,REDE,FEDERACAO:102,CANOAS,13,0,13,0,13,REDE,8.210336181688424e-05
2024,85898,REPUBLICANOS,PARTIDO:REPUBLICANOS,CANOAS,246,0,246,9039,9285,REPUBLICANOS,0.0586407472669054
2024,85898,UNIÃO,PARTIDO:UNIÃO,CANOAS,213,0,213,15747,15960,UNIÃO,0.10079766573826711
2024,85901,PC do B,FEDERACAO:101,ITACURUBI,0,0,0,0,0,PC DO B,0.0
2024,85901,PDT,PARTIDO:PDT,ITACURUBI,35,0,35,1271,1306,PDT,0.542358803986711
2024,85901,PP,PARTIDO:PP,ITACURUBI,14,0,14,560,574,PP,0.23837209302325582
2024,85901,PT,FEDERACAO:101,ITACURUBI,12,0,12,516,528,PT,0.21926910299003322
2024,85901,PV,FEDERACAO:101,ITACURUBI,0,0,0,0,0,PV,0.0
2024,85910,CIDADANIA,FEDERACAO:100,CARAZINHO,7,0,7,0,7,CIDADANIA,0.00020472026438159857
2024,85910,MDB,PARTIDO:MDB,CARAZINHO,67,0,67,4116,4183,MDB,0.12233498084403241
2024,85910,PDT,PARTIDO:PDT,CARAZINHO,88,0,88,4366,4454,PDT,0.13026057965080573
2024,85910,PL,PARTIDO:PL,CARAZINHO,119,0,119,1190,1309,PL,0.03828268943935893
2024,85910,PODE,PARTIDO:PODE,CARAZINHO,18,0,18,952,970,PODE,0.02836837949287866
2024,85910,PP,PARTIDO:PP,CARAZINHO,277,0,277,5835,6112,PP,0.17875003655719007
2024,85910,PSB,PARTIDO:PSB,CARAZINHO,77,0,77,4632,4709,PSB,0.13771824642470681
2024,85910,PSD,PARTIDO:PSD,CARAZINHO,18,0,18,1442,1460,PSD,0.04269879799959056
2024,85910,PSDB,FEDERACAO:100,CARAZINHO,461,0,461,7256,7717,PSDB,0.22568946860468517
2024,85910,REPUBLICANOS,PARTIDO:REPUBLICANOS,CARAZINHO,34,0,34,1752,1786,REPUBLICANOS,0.05223291316936215
2024,85910,UNIÃO,PARTIDO:UNIÃO,CARAZINHO,25,0,25,1461,1486,UNIÃO,0.04345918755300793
2024,85928,CIDADANIA,FEDERACAO:100,ENTRE RIOS DO SUL,1,0,1,0,1,CIDADANIA,0.000397456279809221
2024,85928,MDB,PARTIDO:MDB,ENTRE RIOS DO SUL,12,0,12,949,961,MDB,0.38195548489666137
2024,85928,PC do B,FEDERACAO:101,ENTRE RIOS DO SUL,0,0,0,0,0,PC DO B,0.0
2024,85928,PP,PARTIDO:PP,ENTRE RIOS DO SUL,18,0,18,235,253,PP,0.10055643879173291
2024,85928,PSDB,FEDERACAO:100,ENTRE RIOS DO SUL,6,0,6,539,545,PSDB,0.21661367249602545
2024,85928,PT,FEDERACAO:101,ENTRE RIOS DO SUL,23,0,23,733,756,PT,0.3004769475357711
2024,85928,PV,FEDERACAO:101,ENTRE RIOS DO SUL,0,0,0,0,0,PV,0.0
2024,85936,CIDADANIA,FEDERACAO:100,CARLOS BARBOSA,1,0,1,0,1,CIDADANIA,5.407451468123074e-05
2024,85936,MDB,PARTIDO:MDB,CARLOS BARBOSA,60,0,60,1793,1853,MDB,0.10020007570432056
2024,85936,PC do B,FEDERACAO:101,CARLOS BARBOSA,6,0,6,576,582,PC DO B,0.03147136754447629
2024,85936,PDT,PARTIDO:PDT,CARLOS BARBOSA,190,0,190,3693,3883,PDT,0.20997134050721894
2024,85936,PL,PARTIDO:PL,CARLOS BARBOSA,49,0,49,2168,2217,PL,0.11988319904828854
2024,85936,PODE,PARTIDO:PODE,CARLOS BARBOSA,18,0,18,1930,1948,PODE,0.10533715459903747
2024,85936,PP,PARTIDO:PP,CARLOS BARBOSA,214,0,214,4673,4887,PP,0.2642621532471746
2024,85936,PSDB,FEDERACAO:100,CARLOS BARBOSA,31,0,31,2503,2534,PSDB,0.1370248202022387
2024,85936,PT,FEDERACAO:101,CARLOS BARBOSA,36,0,36,490,526,PT,0.028443194722327366
2024,85936,PV,FEDERACAO:101,CARLOS BARBOSA,1,0,1,0,1,PV,5.407451468123074e-05
2024,85936,REPUBLICANOS,PARTIDO:REPUBLICANOS,CARLOS BARBOSA,2,0,2,59,61,REPUBLICANOS,0.0032985453955550748
2024,85944,CIDADANIA,FEDERACAO:100,CERRO GRANDE DO SUL,1,0,1,113,114,CIDADANIA,0.018372280419016923
2024,85944,MDB,PARTIDO:MDB,CERRO GRANDE DO SUL,12,0,12,683,695,MDB,0.11200644641418211
2024,85944,PC do B,FEDERACAO:101,CERRO GRANDE DO SUL,1,0,1,0,1,PC DO B,0.00016116035455278002
2024,85944,PDT,PARTIDO:PDT,CERRO GRANDE DO SUL,20,0,20,393,413,PDT,0.06655922643029814
2024,85944,PL,PARTIDO:PL,CERRO GRANDE DO SUL,10,0,10,621,631,PL,0.1016921837228042
2024,85944,PODE,PARTIDO:PODE,CERRO GRANDE DO SUL,4,0,4,406,410,PODE,0.06607574536663981
2024,85944,PP,PARTIDO:PP,CERRO GRANDE DO SUL,54,0,54,1004,1058,PP,0.17050765511684127
2024,85944,PSD,PARTIDO:PSD,CERRO GRANDE DO SUL,8,0,8,643,651,PSD,0.1049153908138598
2024,85944,PSDB,FEDERACAO:100,CERRO GRANDE DO SUL,59,0,59,1027,1086,PSDB,0.1750201450443191
2024,85944,PT,FEDERACAO:101,CERRO GRANDE DO SUL,14,0,14,592,606,PT,0.0976631748589847
2024,85944,PV,FEDERACAO:101,CERRO GRANDE DO SUL,0,0,0,0,0,PV,0.0
2024,85944,REPUBLICANOS,PARTIDO:REPUBLICANOS,CERRO GRANDE DO SUL,3,0,3,143,146,REPUBLICANOS,0.023529411764705882
2024,85944,SOLIDARIEDADE,PARTIDO:SOLIDARIEDADE,CERRO GRANDE DO SUL,5,0,5,66,71,SOLIDARIEDADE,0.011442385173247381
2024,85944,UNIÃO,PARTIDO:UNIÃO,CERRO GRANDE DO SUL,4,0,4,319,323,UNIÃO,0.052054794520547946
2024,85952,MDB,PARTIDO:MDB,CASCA,85,0,85,1204,1289,MDB,0.20624
2024,85952,PC do B,FEDERACAO:101,CASCA,0,0,0,0,0,PC DO B,0.0
2024,85952,PL,PARTIDO:PL,CASCA,87,0,87,2002,2089,PL,0.33424
2024,85952,PP,PARTIDO:PP,CASCA,25,0,25,1578,1603,PP,0.25648
2024,85952,PSB,PARTIDO:PSB,CASCA,3,0,3,113,116,PSB,0.01856
2024,85952,PT,FEDERACAO:101,CASCA,19,0,19,825,844,PT,0.13504
2024,85952,PV,FEDERACAO:101,CASCA,0,0,0,0,0,PV,0.0
2024,85952,REPUBLICANOS,PARTIDO:REPUBLICANOS,CASCA,9,0,9,300,309,REPUBLICANOS,0.04944
2024,85960,CIDADANIA,FEDERACAO:100,CAMARGO,0,0,0,0,0,CIDADANIA,0.0
2024,85960,MDB,PARTIDO:MDB,CAMARGO,18,0,18,411,429,MDB,0.18078381795195955
2024,85960,PC do B,FEDERACAO:101,CAMARGO,0,0,0,0,0,PC DO B,0.0
2024,85960,PDT,PARTIDO:PDT,CAMARGO,3,0,3,447,450,PDT,0.18963337547408343
2024,85960,PL,PARTIDO:PL,CAMARGO,0,0,0,315,315,PL,0.13274336283185842
2024,85960,PP,PARTIDO:PP,CAMARGO,6,0,6,360,366,PP,0.15423514538558786
2024,85960,PSDB,FEDERACAO:100,CAMARGO,1,0,1,284,285,PSDB,0.12010113780025285
2024,85960,PT,FEDERACAO:101,CAMARGO,18,0,18,190,208,PT,0.0876527602191319
2024,85960,PV,FEDERACAO:101,CAMARGO,0,0,0,0,0,PV,0.0
2024,85960,UNIÃO,PARTIDO:UNIÃO,CAMARGO,2,0,2,318,320,UNIÃO,0.134850400337126
2024,85979,PDT,PARTIDO:PDT,CATUÍPE,96,0,96,3009,3105,PDT,0.4930136551286123
2024,85979,PP,PARTIDO:PP,CATUÍPE,89,0,89,2271,2360,PP,0.37472213401079707
2024,85979,REPUBLICANOS,PARTIDO:REPUBLICANOS,CATUÍPE,10,0,10,823,833,REPUBLICANOS,0.13226421086059068
2024,85987,MDB,PARTIDO:MDB,PARAÍSO DO SUL,13,0,13,777,790,MDB,0.17335966644722406
2024,85987,PC do B,FEDERACAO:101,PARAÍSO DO SUL,0,0,0,0,0,PC DO B,0.0
2024,85987,PDT,PARTIDO:PDT,PARAÍSO DO SUL,30,0,30,927,957,PDT,0.21000658327847269
2024,85987,PL,PARTIDO:PL,PARAÍSO DO SUL,25,0,25,476,501,PL,0.10994075049374588
2024,85987,PP,PARTIDO:PP,PARAÍSO DO SUL,50,0,50,1566,1616,PP,0.35461926706166336
2024,85987,PSB,PARTIDO:PSB,PARAÍSO DO SUL,4,0,4,336,340,PSB,0.07461048935703314
2024,85987,PT,FEDERACAO:101,PARAÍSO DO SUL,12,0,12,341,353,PT,0.07746324336186088
2024,85987,PV,FEDERACAO:101,PARAÍSO DO SUL,0,0,0,0,0,PV,0.0
2024,85995,CIDADANIA,FEDERACAO:100,CAXIAS DO SUL,149,0,149,1380,1529,CIDADANIA,0.006639915926244387
2024,85995,DC,PARTIDO:DC,CAXIAS DO SUL,24,0,24,1879,1903,DC,0.00826406802331136
2024,85995,MDB,PARTIDO:MDB,CAXIAS DO SUL,804,0,804,9042,9846,MDB,0.042757758148987725
2024,85995,NOVO,PARTIDO:NOVO,CAXIAS DO SUL,371,0,371,11517,11888,NOVO,0.05162545489286676
2024,85995,PC do B,FEDERACAO:101,CAXIAS DO SUL,147,0,147,6754,6901,PC DO B,0.029968646047751808
2024,85995,PDT,PARTIDO:PDT,CAXIAS DO SUL,629,0,629,17729,18358,PDT,0.07972241764159219
2024,85995,PL,PARTIDO:PL,CAXIAS DO SUL,3017,0,3017,33553,36570,PL,0.15881080799395503
2024,85995,PODE,PARTIDO:PODE,CAXIAS DO SUL,173,0,173,7186,7359,PODE,0.031957580968758954
2024,85995,PP,PARTIDO:PP,CAXIAS DO SUL,279,0,279,14834,15113,PP,0.06563050974056993
2024,85995,PRD,PARTIDO:PRD,CAXIAS DO SUL,253,0,253,14675,14928,PRD,0.06482711899736836
2024,85995,PRTB,PARTIDO:PRTB,CAXIAS DO SUL,61,0,61,3591,3652,PRTB,0.01585936753606573
2024,85995,PSB,PARTIDO:PSB,CAXIAS DO SUL,312,0,312,18259,18571,PSB,0.0806474026594405
2024,85995,PSD,PARTIDO:PSD,CAXIAS DO SUL,121,0,121,9699,9820,PSD,0.042644849179672914
2024,85995,PSDB,FEDERACAO:100,CAXIAS DO SUL,1854,0,1854,23174,25028,PSDB,0.10868791092350852
2024,85995,PSOL,FEDERACAO:102,CAXIAS DO SUL,86,0,86,600,686,PSOL,0.0029790597288447676
2024,85995,PT,FEDERACAO:101,CAXIAS DO SUL,3502,0,3502,20012,23514,PT,0.10211313478725345
2024,85995,PV,FEDERACAO:101,CAXIAS DO SUL,28,0,28,522,550,PV,0.0023884589662749593
2024,85995,REDE,FEDERACAO:102,CAXIAS DO SUL,29,0,29,109,138,REDE,0.0005992860679017171
2024,85995,REPUBLICANOS,PARTIDO:REPUBLICANOS,CAXIAS DO SUL,289,0,289,17844,18133,REPUBLICANOS,0.07874532079175244
2024,85995,UNIÃO,PARTIDO:UNIÃO,CAXIAS DO SUL,146,0,146,5641,5787,UNIÃO,0.025130930977878527
2024,86010,MDB,PARTIDO:MDB,CERRO LARGO,81,0,81,2722,2803,MDB,0.3441375076734193
2024,86010,PC do B,FEDERACAO:101,CERRO LARGO,1,0,1,0,1,PC DO B,0.00012277470841006753
2024,86010,PDT,PARTIDO:PDT,CERRO LARGO,31,0,31,571,602,PDT,0.07391037446286065
2024,86010,PL,PARTIDO:PL,CERRO LARGO,46,0,46,1247,1293,PL,0.1587476979742173
2024,86010,PP,PARTIDO:PP,CERRO LARGO,86,0,86,2099,2185,PP,0.2682627378759975
2024,86010,PT,FEDERACAO:101,CERRO LARGO,49,0,49,1212,1261,PT,0.15481890730509515
2024,86010,PV,FEDERACAO:101,CERRO LARGO,0,0,0,0,0,PV,0.0
2024,86029,CIDADANIA,FEDERACAO:100,FAXINALZINHO,27,0,27,422,449,CIDADANIA,0.1971027216856892
2024,86029,MDB,PARTIDO:MDB,FAXINALZINHO,5,0,5,290,295,MDB,0.12949956101843724
2024,86029,PC do B,FEDERACAO:101,FAXINALZINHO,0,0,0,0,0,PC DO B,0.0
2024,86029,PDT,PARTIDO:PDT,FAXINALZINHO,22,0,22,494,516,PDT,0.22651448639157157
2024,86029,PL,PARTIDO:PL,FAXINALZINHO,4,0,4,246,250,PL,0.10974539069359086
2024,86029,PP,PARTIDO:PP,FAXINALZINHO,6,0,6,231,237,PP,0.10403863037752414
2024,86029,PSDB,FEDERACAO:100,FAXINALZINHO,0,0,0,0,0,PSDB,0.0
2024,86029,PT,FEDERACAO:101,FAXINALZINHO,6,0,6,175,181,PT,0.07945566286215978
2024,86029,PV,FEDERACAO:101,FAXINALZINHO,0,0,0,0,0,PV,0.0
2024,86029,UNIÃO,PARTIDO:UNIÃO,FAXINALZINHO,6,0,6,344,350,UNIÃO,0.15364354697102722
2024,86037,CIDADANIA,FEDERACAO:100,CHAPADA,2,0,2,0,2,CIDADANIA,0.00029424746211563924
2024,86037,MDB,PARTIDO:MDB,CHAPADA,20,0,20,838,858,MDB,0.12623216124760925
2024,86037,PDT,PARTIDO:PDT,CHAPADA,24,0,24,970,994,PDT,0.1462409886714727
2024,86037,PL,PARTIDO:PL,CHAPADA,30,0,30,767,797,PL,0.11725761365308224
2024,86037,PP,PARTIDO:PP,CHAPADA,70,0,70,3021,3091,PP,0.45475945269972046
2024,86037,PSDB,FEDERACAO:100,CHAPADA,5,0,5,843,848,PSDB,0.12476092393703105
2024,86037,REPUBLICANOS,PARTIDO:REPUBLICANOS,CHAPADA,4,0,4,203,207,REPUBLICANOS,0.030454612328968664
2024,86045,CIDADANIA,FEDERACAO:100,AMARAL FERRADOR,0,0,0,0,0,CIDADANIA,0.0
2024,86045,MDB,PARTIDO:MDB,AMARAL FERRADOR,10,0,10,661,671,MDB,0.1621556307394877
2024,86045,PC do B,FEDERACAO:101,AMARAL FERRADOR,0,0,0,0,0,PC DO B,0.0
2024,86045,PDT,PARTIDO:PDT,AMARAL FERRADOR,56,0,56,1613,1669,PDT,0.40333494441759304
2024,86045,PL,PARTIDO:PL,AMARAL FERRADOR,4,0,4,280,284,PL,0.06863218946350894
2024,86045,PP,PARTIDO:PP,AMARAL FERRADOR,32,0,32,847,879,PP,0.2124214596423393
2024,86045,PSDB,FEDERACAO:100,AMARAL FERRADOR,3,0,3,320,323,PSDB,0.07805703238279361
2024,86045,PT,FEDERACAO:101,AMARAL FERRADOR,3,0,3,73,76,PT,0.01836636056065732
2024,86045,PV,FEDERACAO:101,AMARAL FERRADOR,0,0,0,0,0,PV,0.0
2024,86045,REPUBLICANOS,PARTIDO:REPUBLICANOS,AMARAL FERRADOR,2,0,2,234,236,REPUBLICANOS,0.05703238279362011
2024,86053,CIDADANIA,FEDERACAO:100,CHIAPETTA,0,0,0,0,0,CIDADANIA,0.0
2024,86053,MDB,PARTIDO:MDB,CHIAPETTA,6,0,6,565,571,MDB,0.1678424456202234
2024,86053,PP,PARTIDO:PP,CHIAPETTA,26,0,26,1293,1319,PP,0.38771310993533215
2024,86053,PSDB,FEDERACAO:100,CHIAPETTA,28,0,28,655,683,PSDB,0.20076425631981187
2024,86053,UNIÃO,PARTIDO:UNIÃO,CHIAPETTA,13,0,13,816,829,UNIÃO,0.24368018812463257
2024,86061,MDB,PARTIDO:MDB,VILA FLORES,32,0,32,1162,1194,MDB,0.3986644407345576
2024,86061,PL,PARTIDO:PL,VILA FLORES,5,0,5,836,841,PL,0.28080133555926545
2024,86061,PP,PARTIDO:PP,VILA FLORES,9,0,9,393,402,PP,0.1342237061769616
2024,86061,PSD,PARTIDO:PSD,VILA FLORES,6,0,6,552,558,PSD,0.18631051752921535
2024,86070,MDB,PARTIDO:MDB,CIRÍACO,21,0,21,1383,1404,MDB,0.44813278008298757
2024,86070,PC do B,FEDERACAO:101,CIRÍACO,0,0,0,0,0,PC DO B,0.0
2024,86070,PP,PARTIDO:PP,CIRÍACO,18,0,18,712,730,PP,0.23300351101180977
2024,86070,PT,FEDERACAO:101,CIRÍACO,50,0,50,949,999,PT,0.31886370890520266
2024,86070,PV,FEDERACAO:101,CIRÍACO,0,0,0,0,0,PV,0.0
2024,86088,PDT,PARTIDO:PDT,CERRO BRANCO,40,0,40,1266,1306,PDT,0.4245773732119636
2024,86088,PL,PARTIDO:PL,CERRO BRANCO,9,0,9,508,517,PL,0.16807542262678804
2024,86088,PP,PARTIDO:PP,CERRO BRANCO,34,0,34,1219,1253,PP,0.40734720416124837
2024,86096,CIDADANIA,FEDERACAO:100,COLORADO,0,0,0,0,0,CIDADANIA,0.0
2024,86096,MDB,PARTIDO:MDB,COLORADO,26,0,26,938,964,MDB,0.34281650071123754
2024,86096,PDT,PARTIDO:PDT,COLORADO,6,0,6,635,641,PDT,0.22795163584637268
2024,86096,PL,PARTIDO:PL,COLORADO,18,0,18,389,407,PL,0.14473684210526316
2024,86096,PP,PARTIDO:PP,COLORADO,9,0,9,376,385,PP,0.13691322901849218
2024,86096,PSB,PARTIDO:PSB,COLORADO,5,0,5,248,253,PSB,0.08997155049786629
2024,86096,PSDB,FEDERACAO:100,COLORADO,1,0,1,161,162,PSDB,0.057610241820768134
2024,86100,MDB,PARTIDO:MDB,ANDRÉ DA ROCHA,12,0,12,451,463,MDB,0.35697764070932925
2024,86100,PDT,PARTIDO:PDT,ANDRÉ DA ROCHA,7,0,7,70,77,PDT,0.059367771781033155
2024,86100,PP,PARTIDO:PP,ANDRÉ DA ROCHA,8,0,8,394,402,PP,0.3099460292983809
2024,86100,UNIÃO,PARTIDO:UNIÃO,ANDRÉ DA ROCHA,3,0,3,352,355,UNIÃO,0.2737085582112567
2024,86118,MDB,PARTIDO:MDB,CONDOR,45,0,45,1321,1366,MDB,0.27668624670852743
2024,86118,PC do B,FEDERACAO:101,CONDOR,0,0,0,0,0,PC DO B,0.0
2024,86118,PDT,PARTIDO:PDT,CONDOR,46,0,46,899,945,PDT,0.1914117885355479
2024,86118,PL,PARTIDO:PL,CONDOR,7,0,7,572,579,PL,0.11727769900749443
2024,86118,PP,PARTIDO:PP,CONDOR,22,95,117,1311,1428,PP,0.2892444804537168
2024,86118,PT,FEDERACAO:101,CONDOR,11,0,11,608,619,PT,0.1253797852947134
2024,86118,PV,FEDERACAO:101,CONDOR,0,0,0,0,0,PV,0.0
2024,86126,CIDADANIA,FEDERACAO:100,POÇO DAS ANTAS,0,0,0,0,0,CIDADANIA,0.0
2024,86126,MDB,PARTIDO:MDB,POÇO DAS ANTAS,24,0,24,446,470,MDB,0.26067665002773155
2024,86126,PDT,PARTIDO:PDT,POÇO DAS ANTAS,24,0,24,458,482,PDT,0.2673322240709928
2024,86126,PP,PARTIDO:PP,POÇO DAS ANTAS,6,0,6,550,556,PP,0.3083749306711037
2024,86126,PSDB,FEDERACAO:100,POÇO DAS ANTAS,3,0,3,292,295,PSDB,0.16361619523017193
2024,86134,CIDADANIA,FEDERACAO:100,CONSTANTINA,1,0,1,0,1,CIDADANIA,0.00014652014652014652
2024,86134,MDB,PARTIDO:MDB,CONSTANTINA,17,0,17,869,886,MDB,0.12981684981684982
2024,86134,PC do B,FEDERACAO:101,CONSTANTINA,0,0,0,0,0,PC DO B,0.0
2024,86134,PDT,PARTIDO:PDT,CONSTANTINA,14,0,14,415,429,PDT,0.06285714285714286
2024,86134,PL,PARTIDO:PL,CONSTANTINA,16,0,16,265,281,PL,0.04117216117216117
2024,86134,PP,PARTIDO:PP,CONSTANTINA,93,0,93,1695,1788,PP,0.261978021978022
2024,86134,PSB,PARTIDO:PSB,CONSTANTINA,8,0,8,390,398,PSB,0.05831501831501831
2024,86134,PSD,PARTIDO:PSD,CONSTANTINA,19,0,19,832,851,PSD,0.12468864468864468
2024,86134,PSDB,FEDERACAO:100,CONSTANTINA,10,0,10,903,913,PSDB,0.13377289377289378
2024,86134,PT,FEDERACAO:101,CONSTANTINA,57,0,57,994,1051,PT,0.153992673992674
2024,86134,PV,FEDERACAO:101,CONSTANTINA,0,0,0,0,0,PV,0.0
2024,86134,REPUBLICANOS,PARTIDO:REPUBLICANOS,CONSTANTINA,5,0,5,222,227,REPUBLICANOS,0.03326007326007326
2024,86142,MDB,PARTIDO:MDB,TRÊS PALMEIRAS,37,0,37,1028,1065,MDB,0.285829307568438
2024,86142,PDT,PARTIDO:PDT,TRÊS PALMEIRAS,12,0,12,811,823,PDT,0.22088030059044553
2024,86142,PL,PARTIDO:PL,TRÊS PALMEIRAS,4,0,4,324,328,PL,0.0880300590445518
2024,86142,PP,PARTIDO:PP,TRÊS PALMEIRAS,51,0,51,1113,1164,PP,0.31239935587761675
2024,86142,REPUBLICANOS,PARTIDO:REPUBLICANOS,TRÊS PALMEIRAS,8,0,8,338,346,REPUBLICANOS,0.09286097691894793
2024,86150,MDB,PARTIDO:MDB,CORONEL BICACO,16,0,16,730,746,MDB,0.14958893122117506
2024,86150,PDT,PARTIDO:PDT,CORONEL BICACO,83,0,83,1755,1838,PDT,0.36855825145377985
2024,86150,PP,PARTIDO:PP,CORONEL BICACO,77,0,77,1636,1713,PP,0.3434930820132344
2024,86150,UNIÃO,PARTIDO:UNIÃO,CORONEL BICACO,10,0,10,680,690,UNIÃO,0.1383597353118107
2024,86169,MDB,PARTIDO:MDB,NOVA ALVORADA,3,0,3,315,318,MDB,0.1295315682281059
2024,86169,PP,PARTIDO:PP,NOVA ALVORADA,65,0,65,1369,1434,PP,0.5841140529531568
2024,86169,PSD,PARTIDO:PSD,NOVA ALVORADA,5,0,5,178,183,PSD,0.07454175152749491
2024,86169,UNIÃO,PARTIDO:UNIÃO,NOVA ALVORADA,9,0,9,511,520,UNIÃO,0.21181262729124237
2024,86177,MDB,PARTIDO:MDB,CRISSIUMAL,16,0,16,1305,1321,MDB,0.15448485557244768
2024,86177,PL,PARTIDO:PL,CRISSIUMAL,103,0,103,1531,1634,PL,0.1910887615483569
2024,86177,PP,PARTIDO:PP,CRISSIUMAL,21,0,21,831,852,PP,0.09963746930183605
2024,86177,PSB,PARTIDO:PSB,CRISSIUMAL,25,0,25,1703,1728,PSB,0.20208162787978015
2024,86177,PSD,PARTIDO:PSD,CRISSIUMAL,5,0,5,794,799,PSD,0.09343936381709742
2024,86177,REPUBLICANOS,PARTIDO:REPUBLICANOS,CRISSIUMAL,16,0,16,1523,1539,REPUBLICANOS,0.1799789498304292
2024,86177,UNIÃO,PARTIDO:UNIÃO,CRISSIUMAL,12,0,12,666,678,UNIÃO,0.07928897205005263
2024,86185,CIDADANIA,FEDERACAO:100,MORRO REDONDO,1,0,1,0,1,CIDADANIA,0.00025075225677031093
2024,86185,PC do B,FEDERACAO:101,MORRO REDONDO,0,0,0,0,0,PC DO B,0.0
2024,86185,PODE,PARTIDO:PODE,MORRO REDONDO,7,0,7,986,993,PODE,0.24899699097291875
2024,86185,PP,PARTIDO:PP,MORRO REDONDO,8,0,8,321,329,PP,0.0824974924774323
2024,86185,PSDB,FEDERACAO:100,MORRO REDONDO,10,0,10,740,750,PSDB,0.18806419257773319
2024,86185,PT,FEDERACAO:101,MORRO REDONDO,45,0,45,452,497,PT,0.12462387161484453
2024,86185,PV,FEDERACAO:101,MORRO REDONDO,1,0,1,0,1,PV,0.00025075225677031093
2024,86185,UNIÃO,PARTIDO:UNIÃO,MORRO REDONDO,49,0,49,1368,1417,UNIÃO,0.3553159478435306
2024,86193,MDB,PARTIDO:MDB,CRUZ ALTA,525,0,525,12557,13082,MDB,0.3858541764983483
2024,86193,PC do B,FEDERACAO:101,CRUZ ALTA,15,0,15,1032,1047,PC DO B,0.030881311939594147
2024,86193,PDT,PARTIDO:PDT,CRUZ ALTA,68,0,68,1761,1829,PDT,0.053946436998584237
2024,86193,PL,PARTIDO:PL,CRUZ ALTA,56,0,56,3528,3584,PL,0.10571024067956583
2024,86193,PP,PARTIDO:PP,CRUZ ALTA,90,0,90,6037,6127,PP,0.18071613968853234
2024,86193,PSB,PARTIDO:PSB,CRUZ ALTA,6,0,6,493,499,PSB,0.014718027371401604
2024,86193,PT,FEDERACAO:101,CRUZ ALTA,164,0,164,2013,2177,PT,0.06421071260028315
2024,86193,PV,FEDERACAO:101,CRUZ ALTA,0,0,0,0,0,PV,0.0
2024,86193,REPUBLICANOS,PARTIDO:REPUBLICANOS,CRUZ ALTA,68,0,68,5491,5559,REPUBLICANOS,0.16396295422369042
2024,86207,CIDADANIA,FEDERACAO:100,SANTA MARIA DO HERVAL,0,0,0,0,0,CIDADANIA,0.0
2024,86207,MDB,PARTIDO:MDB,SANTA MARIA DO HERVAL,21,0,21,1342,1363,MDB,0.2850271852781263
2024,86207,PDT,PARTIDO:PDT,SANTA MARIA DO HERVAL,8,0,8,819,827,PDT,0.17294019238812214
2024,86207,PP,PARTIDO:PP,SANTA MARIA DO HERVAL,9,0,9,1073,1082,PP,0.22626516102049352
2024,86207,PSB,PARTIDO:PSB,SANTA MARIA DO HERVAL,8,0,8,630,638,PSB,0.13341698034295274
2024,86207,PSDB,FEDERACAO:100,SANTA MARIA DO HERVAL,2,0,2,383,385,PSDB,0.08051024675867838
2024,86207,UNIÃO,PARTIDO:UNIÃO,SANTA MARIA DO HERVAL,21,0,21,466,487,UNIÃO,0.10184023421162694
2024,86215,MDB,PARTIDO:MDB,CRUZEIRO DO SUL,24,0,24,1358,1382,MDB,0.18495717344753748
2024,86215,PC do B,FEDERACAO:101,CRUZEIRO DO SUL,1,0,1,0,1,PC DO B,0.00013383297644539615
2024,86215,PDT,PARTIDO:PDT,CRUZEIRO DO SUL,23,0,23,686,709,PDT,0.09488758029978586
2024,86215,PL,PARTIDO:PL,CRUZEIRO DO SUL,26,0,26,1606,1632,PL,0.21841541755888652
2024,86215,PODE,PARTIDO:PODE,CRUZEIRO DO SUL,18,0,18,257,275,PODE,0.03680406852248394
2024,86215,PP,PARTIDO:PP,CRUZEIRO DO SUL,75,0,75,1394,1469,PP,0.19660064239828695
2024,86215,PT,FEDERACAO:101,CRUZEIRO DO SUL,62,0,62,790,852,PT,0.11402569593147752
2024,86215,PV,FEDERACAO:101,CRUZEIRO DO SUL,0,0,0,0,0,PV,0.0
2024,86215,UNIÃO,PARTIDO:UNIÃO,CRUZEIRO DO SUL,12,0,12,1140,1152,UNIÃO,0.15417558886509636
2024,86223,CIDADANIA,FEDERACAO:100,BARÃO,1,0,1,0,1,CIDADANIA,0.00022888532845044633
2024,86223,MDB,PARTIDO:MDB,BARÃO,15,0,15,1247,1262,MDB,0.28885328450446324
2024,86223,PDT,PARTIDO:PDT,BARÃO,13,0,13,575,588,PDT,0.13458457312886243
2024,86223,PP,PARTIDO:PP,BARÃO,61,0,61,1727,1788,PP,0.409246967269398
2024,86223,PSDB,FEDERACAO:100,BARÃO,6,0,6,724,730,PSDB,0.1670862897688258
2024,86231,MDB,PARTIDO:MDB,DAVID CANABARRO,12,0,12,1122,1134,MDB,0.2967032967032967
2024,86231,PC do B,FEDERACAO:101,DAVID CANABARRO,0,0,0,0,0,PC DO B,0.0
2024,86231,PP,PARTIDO:PP,DAVID CANABARRO,5,0,5,1309,1314,PP,0.34379905808477235
2024,86231,PT,FEDERACAO:101,DAVID CANABARRO,6,0,6,334,340,PT,0.08895866038723181
2024,86231,PV,FEDERACAO:101,DAVID CANABARRO,0,0,0,0,0,PV,0.0
2024,86231,REPUBLICANOS,PARTIDO:REPUBLICANOS,DAVID CANABARRO,30,0,30,385,415,REPUBLICANOS,0.10858189429618001
2024,86231,UNIÃO,PARTIDO:UNIÃO,DAVID CANABARRO,9,0,9,610,619,UNIÃO,0.1619570905285191
2024,86240,CIDADANIA,FEDERACAO:100,ELDORADO DO SUL,3,0,3,395,398,CIDADANIA,0.020501725647761808
2024,86240,DC,PARTIDO:DC,ELDORADO DO SUL,5,0,5,155,160,DC,0.008241899757894194
2024,86240,MDB,PARTIDO:MDB,ELDORADO DO SUL,274,0,274,4449,4723,MDB,0.24329057847833926
2024,86240,PC do B,FEDERACAO:101,ELDORADO DO SUL,2,0,2,0,2,PC DO B,0.00010302374697367743
2024,86240,PDT,PARTIDO:PDT,ELDORADO DO SUL,87,0,87,5564,5651,PDT,0.2910935970741256
2024,86240,PL,PARTIDO:PL,ELDORADO DO SUL,22,0,22,759,781,PL,0.04023077319322104
2024,86240,PODE,PARTIDO:PODE,ELDORADO DO SUL,14,0,14,789,803,PODE,0.04136403440993149
2024,86240,PP,PARTIDO:PP,ELDORADO DO SUL,18,0,18,1132,1150,PP,0.05923865450986452
2024,86240,PSDB,FEDERACAO:100,ELDORADO DO SUL,324,0,324,3021,3345,PSDB,0.1723072168134755
2024,86240,PT,FEDERACAO:101,ELDORADO DO SUL,78,0,78,1632,1710,PT,0.0880853036624942
2024,86240,PV,FEDERACAO:101,ELDORADO DO SUL,2,0,2,0,2,PV,0.00010302374697367743
2024,86240,REPUBLICANOS,PARTIDO:REPUBLICANOS,ELDORADO DO SUL,21,0,21,667,688,REPUBLICANOS,0.035440168958945036
2024,86258,MDB,PARTIDO:MDB,DOIS IRMÃOS,84,0,84,5169,5253,MDB,0.28521012053426
2024,86258,PC do B,FEDERACAO:101,DOIS IRMÃOS,1,0,1,0,1,PC DO B,5.42947116950809e-05
2024,86258,PDT,PARTIDO:PDT,DOIS IRMÃOS,92,0,92,526,618,PDT,0.033554131827559994
2024,86258,PL,PARTIDO:PL,DOIS IRMÃOS,68,0,68,1510,1578,PL,0.08567705505483766
2024,86258,PP,PARTIDO:PP,DOIS IRMÃOS,262,0,262,5465,5727,PP,0.3109458138777283
2024,86258,PSB,PARTIDO:PSB,DOIS IRMÃOS,10,0,10,229,239,PSB,0.012976436095124335
2024,86258,PT,FEDERACAO:101,DOIS IRMÃOS,89,0,89,2495,2584,PT,0.14029753502008904
2024,86258,PV,FEDERACAO:101,DOIS IRMÃOS,0,0,0,0,0,PV,0.0
2024,86258,REPUBLICANOS,PARTIDO:REPUBLICANOS,DOIS IRMÃOS,28,0,28,1587,1615,REPUBLICANOS,0.08768595938755565
2024,86258,UNIÃO,PARTIDO:UNIÃO,DOIS IRMÃOS,9,0,9,794,803,UNIÃO,0.04359865349114996
2024,86274,CIDADANIA,FEDERACAO:100,DOM FELICIANO,3,0,3,0,3,CIDADANIA,0.0003487966515521451
2024,86274,MDB,PARTIDO:MDB,DOM FELICIANO,24,0,24,395,419,MDB,0.048715265666782935
2024,86274,PC do B,FEDERACAO:101,DOM FELICIANO,0,0,0,0,0,PC DO B,0.0
2024,86274,PL,PARTIDO:PL,DOM FELICIANO,24,0,24,1664,1688,PL,0.19625624927334032
2024,86274,PSB,PARTIDO:PSB,DOM FELICIANO,114,0,114,2549,2663,PSB,0.30961516102778747
2024,86274,PSD,PARTIDO:PSD,DOM FELICIANO,14,0,14,1007,1021,PSD,0.11870712707824671
2024,86274,PSDB,FEDERACAO:100,DOM FELICIANO,93,0,93,2058,2151,PSDB,0.250087199162888
2024,86274,PT,FEDERACAO:101,DOM FELICIANO,13,0,13,642,655,PT,0.07615393558888502
2024,86274,PV,FEDERACAO:101,DOM FELICIANO,1,0,1,0,1,PV,0.0001162655505173817
2024,86282,CIDADANIA,FEDERACAO:100,ALTO FELIZ,0,0,0,0,0,CIDADANIA,0.0
2024,86282,MDB,PARTIDO:MDB,ALTO FELIZ,3,0,3,627,630,MDB,0.2648171500630517
2024,86282,PSB,PARTIDO:PSB,ALTO FELIZ,18,0,18,623,641,PSB,0.2694409415720891
2024,86282,PSDB,FEDERACAO:100,ALTO FELIZ,7,0,7,582,589,PSDB,0.24758301807482136
2024,86282,REPUBLICANOS,PARTIDO:REPUBLICANOS,ALTO FELIZ,2,0,2,517,519,REPUBLICANOS,0.21815889029003782
2024,86290,CIDADANIA,FEDERACAO:100,DOM PEDRITO,5,0,5,0,5,CIDADANIA,0.0002456761006289308
2024,86290,MDB,PARTIDO:MDB,DOM PEDRITO,192,0,192,1349,1541,MDB,0.07571737421383648
2024,86290,PC do B,FEDERACAO:101,DOM PEDRITO,1,0,1,0,1,PC DO B,4.9135220125786166e-05
2024,86290,PDT,PARTIDO:PDT,DOM PEDRITO,92,0,92,3533,3625,PDT,0.17811517295597484
2024,86290,PODE,PARTIDO:PODE,DOM PEDRITO,60,0,60,5067,5127,PODE,0.25191627358490565
2024,86290,PP,PARTIDO:PP,DOM PEDRITO,269,0,269,5431,5700,PP,0.2800707547169811
2024,86290,PSB,PARTIDO:PSB,DOM PEDRITO,16,0,16,805,821,PSB,0.04034001572327044
2024,86290,PSDB,FEDERACAO:100,DOM PEDRITO,17,0,17,1289,1306,PSDB,0.06417059748427673
2024,86290,PT,FEDERACAO:101,DOM PEDRITO,28,0,28,561,589,PT,0.02894064465408805
2024,86290,PV,FEDERACAO:101,DOM PEDRITO,2,0,2,0,2,PV,9.827044025157233e-05
2024,86290,REPUBLICANOS,PARTIDO:REPUBLICANOS,DOM PEDRITO,29,0,29,1606,1635,REPUBLICANOS,0.08033608490566038
2024,86304,MDB,PARTIDO:MDB,AMETISTA DO SUL,5,0,5,260,265,MDB,0.04973723723723724
2024,86304,PC do B,FEDERACAO:101,AMETISTA DO SUL,0,0,0,0,0,PC DO B,0.0
2024,86304,PDT,PARTIDO:PDT,AMETISTA DO SUL,59,0,59,1601,1660,PDT,0.31156156156156156
2024,86304,PL,PARTIDO:PL,AMETISTA DO SUL,42,0,42,691,733,PL,0.13757507507507508
2024,86304,PP,PARTIDO:PP,AMETISTA DO SUL,30,0,30,1928,1958,PP,0.3674924924924925
2024,86304,PT,FEDERACAO:101,AMETISTA DO SUL,10,0,10,702,712,PT,0.13363363363363365
2024,86304,PV,FEDERACAO:101,AMETISTA DO SUL,0,0,0,0,0,PV,0.0
2024,86312,MDB,PARTIDO:MDB,DONA FRANCISCA,27,0,27,1072,1099,MDB,0.3990559186637618
2024,86312,PL,PARTIDO:PL,DONA FRANCISCA,2,0,2,81,83,PL,0.030137981118373274
2024,86312,PODE,PARTIDO:PODE,DONA FRANCISCA,4,0,4,376,380,PODE,0.13798111837327523
2024,86312,PP,PARTIDO:PP,DONA FRANCISCA,16,0,16,1176,1192,PP,0.4328249818445897
2024,86320,CIDADANIA,FEDERACAO:100,ARAMBARÉ,0,0,0,0,0,CIDADANIA,0.0
2024,86320,MDB,PARTIDO:MDB,ARAMBARÉ,6,0,6,585,591,MDB,0.19919110212335692
2024,86320,PC do B,FEDERACAO:101,ARAMBARÉ,0,0,0,0,0,PC DO B,0.0
2024,86320,PDT,PARTIDO:PDT,ARAMBARÉ,35,0,35,711,746,PDT,0.25143242332322213
2024,86320,PL,PARTIDO:PL,ARAMBARÉ,35,0,35,507,542,PL,0.18267610380856084
2024,86320,PP,PARTIDO:PP,ARAMBARÉ,6,0,6,286,292,PP,0.09841590832490732
2024,86320,PSDB,FEDERACAO:100,ARAMBARÉ,5,0,5,250,255,PSDB,0.0859453993933266
2024,86320,PT,FEDERACAO:101,ARAMBARÉ,5,0,5,245,250,PT,0.08426019548365352
2024,86320,PV,FEDERACAO:101,ARAMBARÉ,0,0,0,0,0,PV,0.0
2024,86320,UNIÃO,PARTIDO:UNIÃO,ARAMBARÉ,8,0,8,283,291,UNIÃO,0.0980788675429727
2024,86339,CIDADANIA,FEDERACAO:100,ENCANTADO,0,0,0,0,0,CIDADANIA,0.0
2024,86339,MDB,PARTIDO:MDB,ENCANTADO,37,0,37,2500,2537,MDB,0.19137059666591236
2024,86339,PC do B,FEDERACAO:101,ENCANTADO,0,0,0,0,0,PC DO B,0.0
2024,86339,PDT,PARTIDO:PDT,ENCANTADO,18,0,18,187,205,PDT,0.015463528701817908
2024,86339,PL,PARTIDO:PL,ENCANTADO,20,0,20,820,840,PL,0.06336275175379046
2024,86339,PP,PARTIDO:PP,ENCANTADO,123,0,123,3284,3407,PP,0.256996303839481
2024,86339,PSDB,FEDERACAO:100,ENCANTADO,150,0,150,3948,4098,PSDB,0.30911971034170627
2024,86339,PT,FEDERACAO:101,ENCANTADO,49,0,49,255,304,PT,0.02293128158708607
2024,86339,PV,FEDERACAO:101,ENCANTADO,1,0,1,0,1,PV,7.543184732594101e-05
2024,86339,UNIÃO,PARTIDO:UNIÃO,ENCANTADO,19,0,19,1846,1865,UNIÃO,0.14068039526287998
2024,86347,MDB,PARTIDO:MDB,BARÃO DO TRIUNFO,5,0,5,651,656,MDB,0.16110019646365423
2024,86347,PDT,PARTIDO:PDT,BARÃO DO TRIUNFO,8,0,8,526,534,PDT,0.13113948919449903
2024,86347,PL,PARTIDO:PL,BARÃO DO TRIUNFO,19,0,19,734,753,PL,0.1849214145383104
2024,86347,PP,PARTIDO:PP,BARÃO DO TRIUNFO,32,0,32,729,761,PP,0.1868860510805501
2024,86347,PSB,PARTIDO:PSB,BARÃO DO TRIUNFO,8,0,8,927,935,PSB,0.22961689587426326
2024,86347,REPUBLICANOS,PARTIDO:REPUBLICANOS,BARÃO DO TRIUNFO,7,0,7,426,433,REPUBLICANOS,0.10633595284872299
2024,86355,CIDADANIA,FEDERACAO:100,ENCRUZILHADA DO SUL,6,0,6,527,533,CIDADANIA,0.037374658158614404
2024,86355,MDB,PARTIDO:MDB,ENCRUZILHADA DO SUL,243,0,243,4331,4574,MDB,0.3207348713273964
2024,86355,PC do B,FEDERACAO:101,ENCRUZILHADA DO SUL,0,0,0,0,0,PC DO B,0.0
2024,86355,PDT,PARTIDO:PDT,ENCRUZILHADA DO SUL,40,0,40,2295,2335,PDT,0.16373325853726947
2024,86355,PL,PARTIDO:PL,ENCRUZILHADA DO SUL,20,0,20,1277,1297,PL,0.09094733889629059
2024,86355,PP,PARTIDO:PP,ENCRUZILHADA DO SUL,110,0,110,1694,1804,PP,0.1264988429983872
2024,86355,PSDB,FEDERACAO:100,ENCRUZILHADA DO SUL,22,0,22,1360,1382,PSDB,0.09690765023490638
2024,86355,PT,FEDERACAO:101,ENCRUZILHADA DO SUL,24,0,24,1085,1109,PT,0.07776453264146974
2024,86355,PV,FEDERACAO:101,ENCRUZILHADA DO SUL,0,0,0,0,0,PV,0.0
2024,86355,REPUBLICANOS,PARTIDO:REPUBLICANOS,ENCRUZILHADA DO SUL,13,0,13,1214,1227,REPUBLICANOS,0.0860388472056658
2024,86363,MDB,PARTIDO:MDB,BARRA DO GUARITA,41,0,41,964,1005,MDB,0.42209155816883664
2024,86363,PC do B,FEDERACAO:101,BARRA DO GUARITA,0,0,0,0,0,PC DO B,0.0
2024,86363,PT,FEDERACAO:101,BARRA DO GUARITA,31,0,31,1345,1376,PT,0.5779084418311634
2024,86363,PV,FEDERACAO:101,BARRA DO GUARITA,0,0,0,0,0,PV,0.0
2024,86371,CIDADANIA,FEDERACAO:100,ERECHIM,13,0,13,1154,1167,CIDADANIA,0.019718167072181672
2024,86371,MDB,PARTIDO:MDB,ERECHIM,570,0,570,16085,16655,MDB,0.28141051635577186
2024,86371,PC do B,FEDERACAO:101,ERECHIM,4,0,4,1023,1027,PC DO B,0.01735266288185996
2024,86371,PDT,PARTIDO:PDT,ERECHIM,81,0,81,1585,1666,PDT,0.028149499864828332
2024,86371,PL,PARTIDO:PL,ERECHIM,367,0,367,6538,6905,PL,0.11667004595836712
2024,86371,PODE,PARTIDO:PODE,ERECHIM,30,0,30,1807,1837,PODE,0.031038794268721276
2024,86371,PP,PARTIDO:PP,ERECHIM,79,0,79,5377,5456,PP,0.09218707758853745
2024,86371,PRD,PARTIDO:PRD,ERECHIM,31,0,31,2150,2181,PRD,0.03685117599351176
2024,86371,PSB,PARTIDO:PSB,ERECHIM,24,0,24,729,753,PSB,0.012723033252230332
2024,86371,PSDB,FEDERACAO:100,ERECHIM,78,0,78,8425,8503,PSDB,0.1436705866450392
2024,86371,PT,FEDERACAO:101,ERECHIM,316,0,316,3583,3899,PT,0.06587929170045959
2024,86371,PV,FEDERACAO:101,ERECHIM,0,0,0,0,0,PV,0.0
2024,86371,REPUBLICANOS,PARTIDO:REPUBLICANOS,ERECHIM,137,0,137,1807,1944,REPUBLICANOS,0.032846715328467155
2024,86371,SOLIDARIEDADE,PARTIDO:SOLIDARIEDADE,ERECHIM,10,0,10,532,542,SOLIDARIEDADE,0.009157880508245472
2024,86371,UNIÃO,PARTIDO:UNIÃO,ERECHIM,78,0,78,6571,6649,UNIÃO,0.11234455258177886
2024,86380,MDB,PARTIDO:MDB,BARRA DO RIO AZUL,3,0,3,376,379,MDB,0.22997572815533981
2024,86380,PC do B,FEDERACAO:101,BARRA DO RIO AZUL,0,0,0,0,0,PC DO B,0.0
2024,86380,PL,PARTIDO:PL,BARRA DO RIO AZUL,9,0,9,571,580,PL,0.35194174757281554
2024,86380,PP,PARTIDO:PP,BARRA DO RIO AZUL,8,0,8,246,254,PP,0.154126213592233
2024,86380,PT,FEDERACAO:101,BARRA DO RIO AZUL,4,0,4,169,173,PT,0.1049757281553398
2024,86380,PV,FEDERACAO:101,BARRA DO RIO AZUL,0,0,0,0,0,PV,0.0
2024,86380,UNIÃO,PARTIDO:UNIÃO,BARRA DO RIO AZUL,4,0,4,258,262,UNIÃO,0.15898058252427186
2024,86398,MDB,PARTIDO:MDB,HERVAL,12,0,12,552,564,MDB,0.13418986438258387
2024,86398,PC do B,FEDERACAO:101,HERVAL,0,0,0,0,0,PC DO B,0.0
2024,86398,PDT,PARTIDO:PDT,HERVAL,52,0,52,617,669,PDT,0.15917201998572447
2024,86398,PP,PARTIDO:PP,HERVAL,41,0,41,1670,1711,PP,0.40709017368546274
2024,86398,PT,FEDERACAO:101,HERVAL,11,0,11,431,442,PT,0.10516297882464906
2024,86398,PV,FEDERACAO:101,HERVAL,0,0,0,0,0,PV,0.0
2024,86398,UNIÃO,PARTIDO:UNIÃO,HERVAL,6,0,6,811,817,UNIÃO,0.19438496312157982
2024,86401,PDT,PARTIDO:PDT,BARRA FUNDA,22,0,22,594,616,PDT,0.25101874490627546
2024,86401,PP,PARTIDO:PP,BARRA FUNDA,41,0,41,1797,1838,PP,0.7489812550937245
2024,86410,MDB,PARTIDO:MDB,ERVAL GRANDE,43,0,43,810,853,MDB,0.2210417206530189
2024,86410,PC do B,FEDERACAO:101,ERVAL GRANDE,0,0,0,0,0,PC DO B,0.0
2024,86410,PDT,PARTIDO:PDT,ERVAL GRANDE,7,0,7,82,89,PDT,0.023062969681264575
2024,86410,PL,PARTIDO:PL,ERVAL GRANDE,2,0,2,50,52,PL,0.01347499352163773
2024,86410,PP,PARTIDO:PP,ERVAL GRANDE,16,0,16,466,482,PP,0.12490282456594973
2024,86410,PSB,PARTIDO:PSB,ERVAL GRANDE,21,0,21,903,924,PSB,0.23944026949987043
2024,86410,PT,FEDERACAO:101,ERVAL GRANDE,9,0,9,503,512,PT,0.1326768592899715
2024,86410,PV,FEDERACAO:101,ERVAL GRANDE,0,0,0,0,0,PV,0.0
2024,86410,UNIÃO,PARTIDO:UNIÃO,ERVAL GRANDE,54,0,54,893,947,UNIÃO,0.2454003627882871
2024,86428,PDT,PARTIDO:PDT,BOA VISTA DAS MISSÕES,25,0,25,935,960,PDT,0.48755713560182834
2024,86428,PP,PARTIDO:PP,BOA VISTA DAS MISSÕES,21,0,21,842,863,PP,0.4382935500253936
2024,86428,PSB,PARTIDO:PSB,BOA VISTA DAS MISSÕES,3,0,3,143,146,PSB,0.07414931437277807
2024,86436,CIDADANIA,FEDERACAO:100,ERVAL SECO,1,0,1,0,1,CIDADANIA,0.00020751193193608634
2024,86436,PC do B,FEDERACAO:101,ERVAL SECO,3,0,3,0,3,PC DO B,0.0006225357958082589
2024,86436,PDT,PARTIDO:PDT,ERVAL SECO,66,0,66,1361,1427,PDT,0.2961195268727952
2024,86436,PL,PARTIDO:PL,ERVAL SECO,15,0,15,291,306,PL,0.06349865117244241
2024,86436,PP,PARTIDO:PP,ERVAL SECO,9,0,9,120,129,PP,0.026769039219755136
2024,86436,PSDB,FEDERACAO:100,ERVAL SECO,8,0,8,1045,1053,PSDB,0.2185100643286989
2024,86436,PT,FEDERACAO:101,ERVAL SECO,60,0,60,1840,1900,PT,0.39427267067856403
2024,86436,PV,FEDERACAO:101,ERVAL SECO,0,0,0,0,0,PV,0.0
2024,86444,CIDADANIA,FEDERACAO:100,BOM PROGRESSO,0,0,0,0,0,CIDADANIA,0.0
2024,86444,PDT,PARTIDO:PDT,BOM PROGRESSO,3,0,3,119,122,PDT,0.05033003300330033
2024,86444,PP,PARTIDO:PP,BOM PROGRESSO,29,0,29,996,1025,PP,0.4228547854785479
2024,86444,PSB,PARTIDO:PSB,BOM PROGRESSO,17,0,17,492,509,PSB,0.20998349834983498
2024,86444,PSDB,FEDERACAO:100,BOM PROGRESSO,0,0,0,63,63,PSDB,0.02599009900990099
2024,86444,REPUBLICANOS,PARTIDO:REPUBLICANOS,BOM PROGRESSO,5,0,5,262,267,REPUBLICANOS,0.11014851485148515
2024,86444,UNIÃO,PARTIDO:UNIÃO,BOM PROGRESSO,5,0,5,433,438,UNIÃO,0.1806930693069307
2024,86452,MDB,PARTIDO:MDB,ESMERALDA,23,0,23,1081,1104,MDB,0.43158717748240816
2024,86452,PC do B,FEDERACAO:101,ESMERALDA,0,0,0,0,0,PC DO B,0.0
2024,86452,PL,PARTIDO:PL,ESMERALDA,14,0,14,309,323,PL,0.12627052384675527
2024,86452,PP,PARTIDO:PP,ESMERALDA,23,0,23,947,970,PP,0.37920250195465205
2024,86452,PT,FEDERACAO:101,ESMERALDA,3,0,3,158,161,PT,0.06293979671618452
2024,86452,PV,FEDERACAO:101,ESMERALDA,0,0,0,0,0,PV,0.0
2024,86460,MDB,PARTIDO:MDB,CAMPESTRE DA SERRA,22,0,22,905,927,MDB,0.3576388888888889
2024,86460,PL,PARTIDO:PL,CAMPESTRE DA SERRA,12,0,12,190,202,PL,0.0779320987654321
2024,86460,PP,PARTIDO:PP,CAMPESTRE DA SERRA,41,0,41,1422,1463,PP,0.564429012345679
2024,86479,MDB,PARTIDO:MDB,ESPUMOSO,10,0,10,758,768,MDB,0.07298298964173715
2024,86479,PDT,PARTIDO:PDT,ESPUMOSO,128,0,128,3286,3414,PDT,0.32443219614178465
2024,86479,PL,PARTIDO:PL,ESPUMOSO,30,0,30,1911,1941,PL,0.18445310272735913
2024,86479,PP,PARTIDO:PP,ESPUMOSO,81,0,81,2648,2729,PP,0.25933669105768314
2024,86479,UNIÃO,PARTIDO:UNIÃO,ESPUMOSO,31,0,31,1640,1671,UNIÃO,0.1587950204314359
2024,86487,CIDADANIA,FEDERACAO:100,CANDIOTA,0,0,0,0,0,CIDADANIA,0.0
2024,86487,MDB,PARTIDO:MDB,CANDIOTA,94,0,94,2333,2427,MDB,0.36030285035629456
2024,86487,PC do B,FEDERACAO:101,CANDIOTA,0,0,0,0,0,PC DO B,0.0
2024,86487,PDT,PARTIDO:PDT,CANDIOTA,7,0,7,593,600,PDT,0.08907363420427554
2024,86487,PL,PARTIDO:PL,CANDIOTA,1,0,1,285,286,PL,0.04245843230403801
2024,86487,PP,PARTIDO:PP,CANDIOTA,8,0,8,345,353,PP,0.05240498812351544
2024,86487,PSB,PARTIDO:PSB,CANDIOTA,10,0,10,148,158,PSB,0.02345605700712589
2024,86487,PSDB,FEDERACAO:100,CANDIOTA,23,0,23,1384,1407,PSDB,0.20887767220902612
2024,86487,PT,FEDERACAO:101,CANDIOTA,52,0,52,1453,1505,PT,0.22342636579572447
2024,86487,PV,FEDERACAO:101,CANDIOTA,0,0,0,0,0,PV,0.0
2024,86495,CIDADANIA,FEDERACAO:100,ESTÂNCIA VELHA,13,0,13,1284,1297,CIDADANIA,0.05035524323484878
2024,86495,MDB,PARTIDO:MDB,ESTÂNCIA VELHA,50,0,50,2470,2520,MDB,0.09783748107310634
2024,86495,PC do B,FEDERACAO:101,ESTÂNCIA VELHA,0,0,0,0,0,PC DO B,0.0
2024,86495,PDT,PARTIDO:PDT,ESTÂNCIA VELHA,75,0,75,2984,3059,PDT,0.11876383119152076
2024,86495,PL,PARTIDO:PL,ESTÂNCIA VELHA,182,0,182,4661,4843,PL,0.18802655588771985
2024,86495,PP,PARTIDO:PP,ESTÂNCIA VELHA,95,0,95,6178,6273,PP,0.24354544395698258
2024,86495,PSB,PARTIDO:PSB,ESTÂNCIA VELHA,12,0,12,147,159,PSB,0.006173079162945995
2024,86495,PSDB,FEDERACAO:100,ESTÂNCIA VELHA,340,0,340,4995,5335,PSDB,0.20712815933532633
2024,86495,PT,FEDERACAO:101,ESTÂNCIA VELHA,152,0,152,1522,1674,PT,0.0649920409985635
2024,86495,PV,FEDERACAO:101,ESTÂNCIA VELHA,2,0,2,0,2,PV,7.764879450246535e-05
2024,86495,REPUBLICANOS,PARTIDO:REPUBLICANOS,ESTÂNCIA VELHA,52,0,52,543,595,REPUBLICANOS,0.02310051636448344
2024,86509,CIDADANIA,FEDERACAO:100,CAPITÃO,0,0,0,0,0,CIDADANIA,0.0
2024,86509,MDB,PARTIDO:MDB,CAPITÃO,22,0,22,990,1012,MDB,0.38304314912944737
2024,86509,PDT,PARTIDO:PDT,CAPITÃO,23,0,23,417,440,PDT,0.16654049962149886
2024,86509,PP,PARTIDO:PP,CAPITÃO,8,0,8,713,721,PP,0.2728993186979561
2024,86509,PSDB,FEDERACAO:100,CAPITÃO,3,0,3,466,469,PSDB,0.17751703255109766
2024,86517,CIDADANIA,FEDERACAO:100,ESTEIO,15,0,15,806,821,CIDADANIA,0.01873488202272831
2024,86517,MDB,PARTIDO:MDB,ESTEIO,79,0,79,4519,4598,MDB,0.10492446716261239
2024,86517,NOVO,PARTIDO:NOVO,ESTEIO,169,0,169,1263,1432,NOVO,0.03267765049518507
2024,86517,PC do B,FEDERACAO:101,ESTEIO,5,0,5,155,160,PC DO B,0.003651134133540231
2024,86517,PDT,PARTIDO:PDT,ESTEIO,87,0,87,2557,2644,PDT,0.060334991556752315
2024,86517,PL,PARTIDO:PL,ESTEIO,590,0,590,6233,6823,PL,0.1556980512071562
2024,86517,PODE,PARTIDO:PODE,ESTEIO,23,0,23,1393,1416,PODE,0.032312537081831044
2024,86517,PP,PARTIDO:PP,ESTEIO,65,0,65,5388,5453,PP,0.124435215188718
2024,86517,PRD,PARTIDO:PRD,ESTEIO,17,0,17,751,768,PRD,0.01752544384099311
2024,86517,PSB,PARTIDO:PSB,ESTEIO,181,0,181,4672,4853,PSB,0.11074346218794213
2024,86517,PSD,PARTIDO:PSD,ESTEIO,40,0,40,2310,2350,PSD,0.05362603258637214
2024,86517,PSDB,FEDERACAO:100,ESTEIO,28,0,28,1868,1896,PSDB,0.043265939482451735
2024,86517,PT,FEDERACAO:101,ESTEIO,648,0,648,6874,7522,PT,0.17164894345306012
2024,86517,PV,FEDERACAO:101,ESTEIO,4,0,4,0,4,PV,9.127835333850577e-05
2024,86517,REPUBLICANOS,PARTIDO:REPUBLICANOS,ESTEIO,39,0,39,2630,2669,REPUBLICANOS,0.06090548126511798
2024,86517,UNIÃO,PARTIDO:UNIÃO,ESTEIO,16,0,16,397,413,UNIÃO,0.009424489982200721
2024,86525,PC do B,FEDERACAO:101,CARLOS GOMES,1,0,1,0,1,PC DO B,0.0007639419404125286
2024,86525,PDT,PARTIDO:PDT,CARLOS GOMES,4,0,4,235,239,PDT,0.18258212375859434
2024,86525,PT,FEDERACAO:101,CARLOS GOMES,11,0,11,422,433,PT,0.3307868601986249
2024,86525,PV,FEDERACAO:101,CARLOS GOMES,0,0,0,0,0,PV,0.0
2024,86525,REPUBLICANOS,PARTIDO:REPUBLICANOS,CARLOS GOMES,23,0,23,613,636,REPUBLICANOS,0.48586707410236823
2024,86533,CIDADANIA,FEDERACAO:100,ESTRELA,2,0,2,0,2,CIDADANIA,0.00010801468999783971
2024,86533,MDB,PARTIDO:MDB,ESTRELA,113,0,113,3996,4109,MDB,0.22191618060056167
2024,86533,NOVO,PARTIDO:NOVO,ESTRELA,29,0,29,910,939,NOVO,0.050712896953985745
2024,86533,PDT,PARTIDO:PDT,ESTRELA,23,0,23,886,909,PDT,0.04909267660401815
2024,86533,PL,PARTIDO:PL,ESTRELA,33,0,33,1925,1958,PL,0.10574638150788507
2024,86533,PODE,PARTIDO:PODE,ESTRELA,19,0,19,1727,1746,PODE,0.09429682436811407
2024,86533,PP,PARTIDO:PP,ESTRELA,88,0,88,2369,2457,PP,0.13269604666234608
2024,86533,PSB,PARTIDO:PSB,ESTRELA,14,0,14,0,14,PSB,0.000756102829984878
2024,86533,PSD,PARTIDO:PSD,ESTRELA,23,0,23,2644,2667,PSD,0.14403758911211925
2024,86533,PSDB,FEDERACAO:100,ESTRELA,22,0,22,1323,1345,PSDB,0.0726398790235472
2024,86533,UNIÃO,PARTIDO:UNIÃO,ESTRELA,85,0,85,2285,2370,UNIÃO,0.12799740764744005
2024,86541,PC do B,FEDERACAO:101,CENTENÁRIO,0,0,0,0,0,PC DO B,0.0
2024,86541,PP,PARTIDO:PP,CENTENÁRIO,12,0,12,1470,1482,PP,0.5857707509881422
2024,86541,PT,FEDERACAO:101,CENTENÁRIO,20,0,20,1028,1048,PT,0.4142292490118577
2024,86541,PV,FEDERACAO:101,CENTENÁRIO,0,0,0,0,0,PV,0.0
2024,86550,CIDADANIA,FEDERACAO:100,FARROUPILHA,6,0,6,0,6,CIDADANIA,0.00014504315033722533
2024,86550,MDB,PARTIDO:MDB,FARROUPILHA,560,0,560,9273,9833,MDB,0.23770154954432277
2024,86550,NOVO,PARTIDO:NOVO,FARROUPILHA,45,0,45,1264,1309,NOVO,0.03164358063190466
2024,86550,PC do B,FEDERACAO:101,FARROUPILHA,8,0,8,335,343,PC DO B,0.008291633427611382
2024,86550,PDT,PARTIDO:PDT,FARROUPILHA,98,0,98,3148,3246,PDT,0.0784683443324389
2024,86550,PL,PARTIDO:PL,FARROUPILHA,118,0,118,6480,6598,PL,0.15949911765416877
2024,86550,PODE,PARTIDO:PODE,FARROUPILHA,20,0,20,642,662,PODE,0.016003094253873862
2024,86550,PP,PARTIDO:PP,FARROUPILHA,104,0,104,7748,7852,PP,0.18981313607464886
2024,86550,PRD,PARTIDO:PRD,FARROUPILHA,61,0,61,907,968,PRD,0.023400294921072352
2024,86550,PSB,PARTIDO:PSB,FARROUPILHA,291,0,291,4286,4577,PSB,0.11064374984891338
2024,86550,PSD,PARTIDO:PSD,FARROUPILHA,15,0,15,172,187,PSD,0.0045205115188435225
2024,86550,PSDB,FEDERACAO:100,FARROUPILHA,37,0,37,1005,1042,PSDB,0.02518916044189813
2024,86550,PT,FEDERACAO:101,FARROUPILHA,62,0,62,1067,1129,PT,0.027292286121787898
2024,86550,PV,FEDERACAO:101,FARROUPILHA,3,0,3,0,3,PV,7.252157516861267e-05
2024,86550,REPUBLICANOS,PARTIDO:REPUBLICANOS,FARROUPILHA,36,0,36,1165,1201,REPUBLICANOS,0.029032803925834603
2024,86550,UNIÃO,PARTIDO:UNIÃO,FARROUPILHA,35,0,35,2376,2411,UNIÃO,0.058283172577175045
2024,86568,MDB,PARTIDO:MDB,CHARRUA,28,0,28,880,908,MDB,0.39273356401384085
2024,86568,PP,PARTIDO:PP,CHARRUA,28,0,28,1196,1224,PP,0.5294117647058824
2024,86568,UNIÃO,PARTIDO:UNIÃO,CHARRUA,6,0,6,174,180,UNIÃO,0.07785467128027682
2024,86576,MDB,PARTIDO:MDB,FAXINAL DO SOTURNO,36,0,36,1114,1150,MDB,0.25076319232446576
2024,86576,PC do B,FEDERACAO:101,FAXINAL DO SOTURNO,0,0,0,0,0,PC DO B,0.0
2024,86576,PDT,PARTIDO:PDT,FAXINAL DO SOTURNO,44,0,44,903,947,PDT,0.20649803750545137
2024,86576,PL,PARTIDO:PL,FAXINAL DO SOTURNO,6,0,6,123,129,PL,0.028129088530309636
2024,86576,PP,PARTIDO:PP,FAXINAL DO SOTURNO,27,0,27,1760,1787,PP,0.38966419537723507
2024,86576,PT,FEDERACAO:101,FAXINAL DO SOTURNO,13,0,13,560,573,PT,0.12494548626253817
2024,86576,PV,FEDERACAO:101,FAXINAL DO SOTURNO,0,0,0,0,0,PV,0.0
2024,86584,CIDADANIA,FEDERACAO:100,COLINAS,0,0,0,0,0,CIDADANIA,0.0
2024,86584,MDB,PARTIDO:MDB,COLINAS,25,0,25,905,930,MDB,0.44733044733044736
2024,86584,PL,PARTIDO:PL,COLINAS,5,0,5,167,172,PL,0.08273208273208273
2024,86584,PP,PARTIDO:PP,COLINAS,5,0,5,323,328,PP,0.15776815776815778
2024,86584,PSDB,FEDERACAO:100,COLINAS,9,0,9,640,649,PSDB,0.31216931216931215
2024,86592,MDB,PARTIDO:MDB,FELIZ,12,0,12,923,935,MDB,0.10990948630539556
2024,86592,PC do B,FEDERACAO:101,FELIZ,0,0,0,0,0,PC DO B,0.0
2024,86592,PDT,PARTIDO:PDT,FELIZ,17,0,17,1028,1045,PDT,0.12284001410603033
2024,86592,PL,PARTIDO:PL,FELIZ,20,0,20,2253,2273,PL,0.26719172446220757
2024,86592,PP,PARTIDO:PP,FELIZ,14,0,14,787,801,PP,0.09415775243916774
2024,86592,PSD,PARTIDO:PSD,FELIZ,61,0,61,2736,2797,PSD,0.32878805689432233
2024,86592,PT,FEDERACAO:101,FELIZ,23,0,23,633,656,PT,0.07711296579287645
2024,86592,PV,FEDERACAO:101,FELIZ,0,0,0,0,0,PV,0.0
2024,86606,CIDADANIA,FEDERACAO:100,COQUEIROS DO SUL,0,0,0,0,0,CIDADANIA,0.0
2024,86606,PP,PARTIDO:PP,COQUEIROS DO SUL,22,0,22,1011,1033,PP,0.4508948057616761
2024,86606,PSDB,FEDERACAO:100,COQUEIROS DO SUL,29,0,29,1229,1258,PSDB,0.5491051942383238
2024,86614,MDB,PARTIDO:MDB,FLORES DA CUNHA,219,0,219,3725,3944,MDB,0.20478737213770185
2024,86614,PC do B,FEDERACAO:101,FLORES DA CUNHA,1,0,1,0,1,PC DO B,5.192377589698323e-05
2024,86614,PDT,PARTIDO:PDT,FLORES DA CUNHA,42,0,42,1976,2018,PDT,0.10478217976011216
2024,86614,PL,PARTIDO:PL,FLORES DA CUNHA,44,0,44,2480,2524,PL,0.13105561036398566
2024,86614,PP,PARTIDO:PP,FLORES DA CUNHA,196,0,196,4829,5025,PP,0.2609169738823407
2024,86614,PRD,PARTIDO:PRD,FLORES DA CUNHA,8,0,8,808,816,PRD,0.04236980113193831
2024,86614,PSB,PARTIDO:PSB,FLORES DA CUNHA,16,0,16,1039,1055,PSB,0.054779583571317306
2024,86614,PSD,PARTIDO:PSD,FLORES DA CUNHA,15,0,15,1199,1214,PSD,0.06303546393893764
2024,86614,PT,FEDERACAO:101,FLORES DA CUNHA,31,0,31,269,300,PT,0.015577132769094969
2024,86614,PV,FEDERACAO:101,FLORES DA CUNHA,0,0,0,0,0,PV,0.0
2024,86614,REPUBLICANOS,PARTIDO:REPUBLICANOS,FLORES DA CUNHA,66,0,66,1856,1922,REPUBLICANOS,0.09979749727400176
2024,86614,UNIÃO,PARTIDO:UNIÃO,FLORES DA CUNHA,16,0,16,424,440,UNIÃO,0.02284646139467262
2024,86622,MDB,PARTIDO:MDB,CORONEL BARROS,22,0,22,814,836,MDB,0.3430447271235125
2024,86622,PDT,PARTIDO:PDT,CORONEL BARROS,3,0,3,531,534,PDT,0.21912187115305704
2024,86622,PP,PARTIDO:PP,CORONEL BARROS,22,0,22,734,756,PP,0.3102174805088223
2024,86622,UNIÃO,PARTIDO:UNIÃO,CORONEL BARROS,4,0,4,307,311,UNIÃO,0.12761592121460813
2024,86630,MDB,PARTIDO:MDB,FONTOURA XAVIER,10,0,10,230,240,MDB,0.03343083994985374
2024,86630,PC do B,FEDERACAO:101,FONTOURA XAVIER,0,0,0,0,0,PC DO B,0.0
2024,86630,PDT,PARTIDO:PDT,FONTOURA XAVIER,29,0,29,1731,1760,PDT,0.24515949296559408
2024,86630,PL,PARTIDO:PL,FONTOURA XAVIER,22,0,22,1649,1671,PL,0.23276222315085668
2024,86630,PP,PARTIDO:PP,FONTOURA XAVIER,16,0,16,471,487,PP,0.06783674606491155
2024,86630,PSD,PARTIDO:PSD,FONTOURA XAVIER,64,0,64,1212,1276,PSD,0.17774063240005572
2024,86630,PT,FEDERACAO:101,FONTOURA XAVIER,77,0,77,1668,1745,PT,0.24307006546872822
2024,86630,PV,FEDERACAO:101,FONTOURA XAVIER,0,0,0,0,0,PV,0.0
2024,86649,CIDADANIA,FEDERACAO:100,COXILHA,0,0,0,0,0,CIDADANIA,0.0
2024,86649,MDB,PARTIDO:MDB,COXILHA,1,0,1,270,271,MDB,0.10516103996895615
2024,86649,PDT,PARTIDO:PDT,COXILHA,25,0,25,292,317,PDT,0.12301125339542103
2024,86649,PL,PARTIDO:PL,COXILHA,6,0,6,372,378,PL,0.14668218859138532
2024,86649,PP,PARTIDO:PP,COXILHA,27,0,27,1361,1388,PP,0.5386107877376795
2024,86649,PSDB,FEDERACAO:100,COXILHA,6,0,6,217,223,PSDB,0.08653473030655802
2024,86657,MDB,PARTIDO:MDB,FORMIGUEIRO,79,0,79,2281,2360,MDB,0.503735325506937
2024,86657,PC do B,FEDERACAO:101,FORMIGUEIRO,0,0,0,0,0,PC DO B,0.0
2024,86657,PDT,PARTIDO:PDT,FORMIGUEIRO,28,0,28,418,446,PDT,0.0951974386339381
2024,86657,PP,PARTIDO:PP,FORMIGUEIRO,57,0,57,1342,1399,PP,0.29861259338313767
2024,86657,PT,FEDERACAO:101,FORMIGUEIRO,18,0,18,461,479,PT,0.10224119530416222
2024,86657,PV,FEDERACAO:101,FORMIGUEIRO,1,0,1,0,1,PV,0.00021344717182497332
2024,86665,MDB,PARTIDO:MDB,DERRUBADAS,51,0,51,1831,1882,MDB,0.8066866695242177
2024,86665,PP,PARTIDO:PP,DERRUBADAS,4,0,4,447,451,PP,0.19331333047578225
2024,86673,CIDADANIA,FEDERACAO:100,FREDERICO WESTPHALEN,2,0,2,0,2,CIDADANIA,0.00010202520022445544
2024,86673,MDB,PARTIDO:MDB,FREDERICO WESTPHALEN,258,0,258,6352,6610,MDB,0.33719328674182525
2024,86673,PC do B,FEDERACAO:101,FREDERICO WESTPHALEN,1,0,1,0,1,PC DO B,5.101260011222772e-05
2024,86673,PDT,PARTIDO:PDT,FREDERICO WESTPHALEN,68,0,68,3295,3363,PDT,0.1715553741774218
2024,86673,PL,PARTIDO:PL,FREDERICO WESTPHALEN,68,0,68,1879,1947,PL,0.09932153241850737
2024,86673,PODE,PARTIDO:PODE,FREDERICO WESTPHALEN,7,0,7,204,211,PODE,0.01076365862368005
2024,86673,PP,PARTIDO:PP,FREDERICO WESTPHALEN,234,0,234,5273,5507,PP,0.28092638881803805
2024,86673,PSDB,FEDERACAO:100,FREDERICO WESTPHALEN,14,0,14,1637,1651,PSDB,0.08422180278528797
2024,86673,PT,FEDERACAO:101,FREDERICO WESTPHALEN,42,0,42,217,259,PT,0.01321226342906698
2024,86673,PV,FEDERACAO:101,FREDERICO WESTPHALEN,0,0,0,52,52,PV,0.0026526552058358413
2024,86681,CIDADANIA,FEDERACAO:100,DOIS IRMÃOS DAS MISSÕES,0,0,0,0,0,CIDADANIA,0.0
2024,86681,MDB,PARTIDO:MDB,DOIS IRMÃOS DAS MISSÕES,13,0,13,437,450,MDB,0.23622047244094488
2024,86681,PC do B,FEDERACAO:101,DOIS IRMÃOS DAS MISSÕES,0,0,0,0,0,PC DO B,0.0
2024,86681,PP,PARTIDO:PP,DOIS IRMÃOS DAS MISSÕES,7,0,7,433,440,PP,0.23097112860892388
2024,86681,PSDB,FEDERACAO:100,DOIS IRMÃOS DAS MISSÕES,5,0,5,670,675,PSDB,0.3543307086614173
2024,86681,PT,FEDERACAO:101,DOIS IRMÃOS DAS MISSÕES,6,0,6,166,172,PT,0.09028871391076115
2024,86681,PV,FEDERACAO:101,DOIS IRMÃOS DAS MISSÕES,0,0,0,0,0,PV,0.0
2024,86681,UNIÃO,PARTIDO:UNIÃO,DOIS IRMÃOS DAS MISSÕES,4,0,4,164,168,UNIÃO,0.08818897637795275
2024,86690,CIDADANIA,FEDERACAO:100,GARIBALDI,2,0,2,0,2,CIDADANIA,9.688514266337258e-05
2024,86690,MDB,PARTIDO:MDB,GARIBALDI,231,0,231,4442,4673,MDB,0.22637213583297
2024,86690,PC do B,FEDERACAO:101,GARIBALDI,1,0,1,147,148,PC DO B,0.00716950055708957
2024,86690,PDT,PARTIDO:PDT,GARIBALDI,53,0,53,1215,1268,PDT,0.06142518044857821
2024,86690,PL,PARTIDO:PL,GARIBALDI,52,0,52,3713,3765,PL,0.18238628106379887
2024,86690,PODE,PARTIDO:PODE,GARIBALDI,17,0,17,983,1000,PODE,0.048442571331686286
2024,86690,PP,PARTIDO:PP,GARIBALDI,300,0,300,6062,6362,PP,0.30819163881218814
2024,86690,PSD,PARTIDO:PSD,GARIBALDI,13,0,13,622,635,PSD,0.030761032795620792
2024,86690,PSDB,FEDERACAO:100,GARIBALDI,10,0,10,635,645,PSDB,0.031245458508937653
2024,86690,PT,FEDERACAO:101,GARIBALDI,56,0,56,1405,1461,PT,0.07077459671559366
2024,86690,PV,FEDERACAO:101,GARIBALDI,1,0,1,0,1,PV,4.844257133168629e-05
2024,86690,REPUBLICANOS,PARTIDO:REPUBLICANOS,GARIBALDI,8,0,8,675,683,REPUBLICANOS,0.03308627621954173
2024,86703,MDB,PARTIDO:MDB,ENGENHO VELHO,1,0,1,118,119,MDB,0.11464354527938343
2024,86703,PC do B,FEDERACAO:101,ENGENHO VELHO,0,0,0,0,0,PC DO B,0.0
2024,86703,PDT,PARTIDO:PDT,ENGENHO VELHO,6,0,6,114,120,PDT,0.11560693641618497
2024,86703,PL,PARTIDO:PL,ENGENHO VELHO,0,0,0,81,81,PL,0.07803468208092486
2024,86703,PP,PARTIDO:PP,ENGENHO VELHO,12,0,12,422,434,PP,0.41811175337186895
2024,86703,PT,FEDERACAO:101,ENGENHO VELHO,4,0,4,280,284,PT,0.27360308285163776
2024,86703,PV,FEDERACAO:101,ENGENHO VELHO,0,0,0,0,0,PV,0.0
2024,86711,MDB,PARTIDO:MDB,GAURAMA,4,0,4,349,353,MDB,0.07837477797513322
2024,86711,PC do B,FEDERACAO:101,GAURAMA,2,0,2,0,2,PC DO B,0.0004440497335701599
2024,86711,PDT,PARTIDO:PDT,GAURAMA,46,0,46,1085,1131,PDT,0.2511101243339254
2024,86711,PL,PARTIDO:PL,GAURAMA,16,0,16,1087,1103,PL,0.24489342806394315
2024,86711,PSB,PARTIDO:PSB,GAURAMA,2,0,2,139,141,PSB,0.03130550621669627
2024,86711,PSD,PARTIDO:PSD,GAURAMA,28,0,28,318,346,PSD,0.07682060390763766
2024,86711,PT,FEDERACAO:101,GAURAMA,10,0,10,366,376,PT,0.08348134991119005
2024,86711,PV,FEDERACAO:101,GAURAMA,0,0,0,0,0,PV,0.0
2024,86711,REPUBLICANOS,PARTIDO:REPUBLICANOS,GAURAMA,4,0,4,385,389,REPUBLICANOS,0.08636767317939609
2024,86711,UNIÃO,PARTIDO:UNIÃO,GAURAMA,5,0,5,658,663,UNIÃO,0.147202486678508
2024,86720,PDT,PARTIDO:PDT,GARRUCHOS,47,0,47,1292,1339,PDT,0.5930026572187777
2024,86720,PP,PARTIDO:PP,GARRUCHOS,17,0,17,902,919,PP,0.4069973427812223
2024,86738,CIDADANIA,FEDERACAO:100,GENERAL CÂMARA,0,0,0,0,0,CIDADANIA,0.0
2024,86738,MDB,PARTIDO:MDB,GENERAL CÂMARA,44,0,44,1074,1118,MDB,0.22337662337662337
2024,86738,PC do B,FEDERACAO:101,GENERAL CÂMARA,0,0,0,0,0,PC DO B,0.0
2024,86738,PL,PARTIDO:PL,GENERAL CÂMARA,7,0,7,651,658,PL,0.13146853146853146
2024,86738,PP,PARTIDO:PP,GENERAL CÂMARA,61,0,61,2268,2329,PP,0.46533466533466533
2024,86738,PSB,PARTIDO:PSB,GENERAL CÂMARA,1,0,1,0,1,PSB,0.0001998001998001998
2024,86738,PSDB,FEDERACAO:100,GENERAL CÂMARA,23,0,23,622,645,PSDB,0.12887112887112886
2024,86738,PT,FEDERACAO:101,GENERAL CÂMARA,12,0,12,242,254,PT,0.05074925074925075
2024,86738,PV,FEDERACAO:101,GENERAL CÂMARA,0,0,0,0,0,PV,0.0
2024,86746,MDB,PARTIDO:MDB,GENTIL,1,0,1,167,168,MDB,0.11602209944751381
2024,86746,PC do B,FEDERACAO:101,GENTIL,0,0,0,0,0,PC DO B,0.0
2024,86746,PDT,PARTIDO:PDT,GENTIL,7,0,7,315,322,PDT,0.2223756906077348
2024,86746,PL,PARTIDO:PL,GENTIL,8,0,8,163,171,PL,0.1180939226519337
2024,86746,PP,PARTIDO:PP,GENTIL,10,0,10,400,410,PP,0.28314917127071826
2024,86746,PT,FEDERACAO:101,GENTIL,6,0,6,371,377,PT,0.26035911602209943
2024,86746,PV,FEDERACAO:101,GENTIL,0,0,0,0,0,PV,0.0
2024,86754,MDB,PARTIDO:MDB,SÃO VICENTE DO SUL,10,0,10,850,860,MDB,0.15991074748977316
2024,86754,PDT,PARTIDO:PDT,SÃO VICENTE DO SUL,20,0,20,1341,1361,PDT,0.25306805503904795
2024,86754,PL,PARTIDO:PL,SÃO VICENTE DO SUL,46,0,46,827,873,PL,0.16232800297508368
2024,86754,PP,PARTIDO:PP,SÃO VICENTE DO SUL,76,0,76,2208,2284,PP,0.4246931944960952
2024,86762,CIDADANIA,FEDERACAO:100,GRAMADO DOS LOUREIROS,3,0,3,184,187,CIDADANIA,0.08018867924528301
2024,86762,PC do B,FEDERACAO:101,GRAMADO DOS LOUREIROS,0,0,0,0,0,PC DO B,0.0
2024,86762,PDT,PARTIDO:PDT,GRAMADO DOS LOUREIROS,2,0,2,96,98,PDT,0.04202401372212693
2024,86762,PP,PARTIDO:PP,GRAMADO DOS LOUREIROS,10,0,10,242,252,PP,0.10806174957118353
2024,86762,PSDB,FEDERACAO:100,GRAMADO DOS LOUREIROS,18,0,18,397,415,PSDB,0.17795883361921097
2024,86762,PT,FEDERACAO:101,GRAMADO DOS LOUREIROS,0,0,0,112,112,PT,0.048027444253859346
2024,86762,PV,FEDERACAO:101,GRAMADO DOS LOUREIROS,0,0,0,0,0,PV,0.0
2024,86762,REPUBLICANOS,PARTIDO:REPUBLICANOS,GRAMADO DOS LOUREIROS,1,0,1,220,221,REPUBLICANOS,0.09476843910806175
2024,86762,UNIÃO,PARTIDO:UNIÃO,GRAMADO DOS LOUREIROS,39,0,39,1008,1047,UNIÃO,0.44897084048027447
2024,86770,MDB,PARTIDO:MDB,GETÚLIO VARGAS,128,0,128,2907,3035,MDB,0.30743517017828204
2024,86770,PC do B,FEDERACAO:101,GETÚLIO VARGAS,1,0,1,0,1,PC DO B,0.0001012965964343598
2024,86770,PL,PARTIDO:PL,GETÚLIO VARGAS,91,0,91,2022,2113,PL,0.21403970826580226
2024,86770,PP,PARTIDO:PP,GETÚLIO VARGAS,37,0,37,3017,3054,PP,0.3093598055105348
2024,86770,PT,FEDERACAO:101,GETÚLIO VARGAS,30,0,30,700,730,PT,0.07394651539708266
2024,86770,PV,FEDERACAO:101,GETÚLIO VARGAS,1,0,1,0,1,PV,0.0001012965964343598
2024,86770,UNIÃO,PARTIDO:UNIÃO,GETÚLIO VARGAS,10,0,10,928,938,UNIÃO,0.09501620745542949
2024,86789,MDB,PARTIDO:MDB,GRAMADO XAVIER,1,0,1,274,275,MDB,0.09776039815143975
2024,86789,PC do B,FEDERACAO:101,GRAMADO XAVIER,0,0,0,0,0,PC DO B,0.0
2024,86789,PDT,PARTIDO:PDT,GRAMADO XAVIER,6,0,6,200,206,PDT,0.07323142552435123
2024,86789,PL,PARTIDO:PL,GRAMADO XAVIER,0,0,0,293,293,PL,0.10415926057589762
2024,86789,PP,PARTIDO:PP,GRAMADO XAVIER,10,0,10,304,314,PP,0.11162460007109846
2024,86789,PRD,PARTIDO:PRD,GRAMADO XAVIER,4,0,4,317,321,PRD,0.11411304656949875
2024,86789,PSB,PARTIDO:PSB,GRAMADO XAVIER,10,0,10,707,717,PSB,0.254888019907572
2024,86789,PT,FEDERACAO:101,GRAMADO XAVIER,2,0,2,518,520,PT,0.1848560255954497
2024,86789,PV,FEDERACAO:101,GRAMADO XAVIER,1,0,1,0,1,PV,0.00035549235691432633
2024,86789,REPUBLICANOS,PARTIDO:REPUBLICANOS,GRAMADO XAVIER,9,0,9,157,166,REPUBLICANOS,0.05901173124777817
2024,86797,CIDADANIA,FEDERACAO:100,GIRUÁ,1,0,1,0,1,CIDADANIA,9.414422895876483e-05
2024,86797,MDB,PARTIDO:MDB,GIRUÁ,33,0,33,2301,2334,MDB,0.2197326303897571
2024,86797,PC do B,FEDERACAO:101,GIRUÁ,0,0,0,0,0,PC DO B,0.0
2024,86797,PDT,PARTIDO:PDT,GIRUÁ,125,0,125,2110,2235,PDT,0.2104123517228394
2024,86797,PL,PARTIDO:PL,GIRUÁ,13,0,13,842,855,PL,0.08049331575974393
2024,86797,PP,PARTIDO:PP,GIRUÁ,141,0,141,2703,2844,PP,0.26774618715872717
2024,86797,PSDB,FEDERACAO:100,GIRUÁ,23,0,23,1219,1242,PSDB,0.11692713236678591
2024,86797,PT,FEDERACAO:101,GIRUÁ,29,0,29,1082,1111,PT,0.10459423837318772
2024,86797,PV,FEDERACAO:101,GIRUÁ,0,0,0,0,0,PV,0.0
2024,86800,PC do B,FEDERACAO:101,HULHA NEGRA,0,0,0,0,0,PC DO B,0.0
2024,86800,PDT,PARTIDO:PDT,HULHA NEGRA,26,0,26,547,573,PDT,0.14057899901864573
2024,86800,PL,PARTIDO:PL,HULHA NEGRA,27,0,27,528,555,PL,0.1361629048086359
2024,86800,PP,PARTIDO:PP,HULHA NEGRA,17,0,17,994,1011,PP,0.24803729146221787
2024,86800,PSB,PARTIDO:PSB,HULHA NEGRA,6,0,6,829,835,PSB,0.2048577036310108
2024,86800,PT,FEDERACAO:101,HULHA NEGRA,46,0,46,1056,1102,PT,0.2703631010794897
2024,86800,PV,FEDERACAO:101,HULHA NEGRA,0,0,0,0,0,PV,0.0
2024,86819,CIDADANIA,FEDERACAO:100,GRAMADO,2,0,2,0,2,CIDADANIA,8.40018480406569e-05
2024,86819,MDB,PARTIDO:MDB,GRAMADO,82,0,82,1931,2013,MDB,0.08454786005292117
2024,86819,PC do B,FEDERACAO:101,GRAMADO,8,0,8,142,150,PC DO B,0.006300138603049267
2024,86819,PL,PARTIDO:PL,GRAMADO,115,0,115,477,592,PL,0.02486454702003444
2024,86819,PODE,PARTIDO:PODE,GRAMADO,4,0,4,1010,1014,PODE,0.04258893695661305
2024,86819,PP,PARTIDO:PP,GRAMADO,312,0,312,11670,11982,PP,0.5032550716115755
2024,86819,PSD,PARTIDO:PSD,GRAMADO,18,0,18,1655,1673,PSD,0.07026754588600949
2024,86819,PSDB,FEDERACAO:100,GRAMADO,17,0,17,2091,2108,PSDB,0.08853794783485237
2024,86819,PT,FEDERACAO:101,GRAMADO,77,0,77,240,317,PT,0.013314292914444118
2024,86819,PV,FEDERACAO:101,GRAMADO,1,0,1,0,1,PV,4.200092402032845e-05
2024,86819,REPUBLICANOS,PARTIDO:REPUBLICANOS,GRAMADO,29,0,29,3263,3292,REPUBLICANOS,0.13826704187492125
2024,86819,UNIÃO,PARTIDO:UNIÃO,GRAMADO,12,0,12,653,665,UNIÃO,0.02793061447351842
2024,86827,MDB,PARTIDO:MDB,INHACORÁ,1,0,1,142,143,MDB,0.0742086144265698
2024,86827,PC do B,FEDERACAO:101,INHACORÁ,0,0,0,0,0,PC DO B,0.0
2024,86827,PL,PARTIDO:PL,INHACORÁ,8,0,8,302,310,PL,0.16087182148417228
2024,86827,PP,PARTIDO:PP,INHACORÁ,33,0,33,679,712,PP,0.3694862480539699
2024,86827,PSB,PARTIDO:PSB,INHACORÁ,2,0,2,196,198,PSB,0.10275038920601973
2024,86827,PSD,PARTIDO:PSD,INHACORÁ,0,0,0,72,72,PSD,0.03736377789309808
2024,86827,PT,FEDERACAO:101,INHACORÁ,0,0,0,0,0,PT,0.0
2024,86827,PV,FEDERACAO:101,INHACORÁ,0,0,0,8,8,PV,0.0041515308770108976
2024,86827,REPUBLICANOS,PARTIDO:REPUBLICANOS,INHACORÁ,1,0,1,88,89,REPUBLICANOS,0.04618578100674624
2024,86827,UNIÃO,PARTIDO:UNIÃO,INHACORÁ,4,0,4,391,395,UNIÃO,0.20498183705241307
2024,86835,AGIR,PARTIDO:AGIR,GRAVATAÍ,45,0,45,2920,2965,AGIR,0.02383325563075736
2024,86835,CIDADANIA,FEDERACAO:100,GRAVATAÍ,61,0,61,2389,2450,CIDADANIA,0.019693583910743856
2024,86835,MDB,PARTIDO:MDB,GRAVATAÍ,1239,0,1239,18990,20229,MDB,0.16260469752262752
2024,86835,NOVO,PARTIDO:NOVO,GRAVATAÍ,128,0,128,3279,3407,NOVO,0.02738613893220584
2024,86835,PC do B,FEDERACAO:101,GRAVATAÍ,23,0,23,537,560,PC DO B,0.004501390608170024
2024,86835,PDT,PARTIDO:PDT,GRAVATAÍ,250,0,250,3483,3733,PDT,0.030006591321961963
2024,86835,PL,PARTIDO:PL,GRAVATAÍ,255,0,255,6637,6892,PL,0.05539925727054965
2024,86835,PODE,PARTIDO:PODE,GRAVATAÍ,156,0,156,14078,14234,PODE,0.11441570342266451
2024,86835,PP,PARTIDO:PP,GRAVATAÍ,147,0,147,12984,13131,PP,0.10554957156407248
2024,86835,PRD,PARTIDO:PRD,GRAVATAÍ,63,0,63,3429,3492,PRD,0.028069385720945934
2024,86835,PRTB,PARTIDO:PRTB,GRAVATAÍ,14,0,14,1202,1216,PRTB,0.009774448177740624
2024,86835,PSB,PARTIDO:PSB,GRAVATAÍ,68,0,68,3297,3365,PSB,0.02704853463659309
2024,86835,PSD,PARTIDO:PSD,GRAVATAÍ,92,0,92,6578,6670,PSD,0.05361477742231082
2024,86835,PSDB,FEDERACAO:100,GRAVATAÍ,1512,0,1512,12707,14219,PSDB,0.11429513045994566
2024,86835,PSOL,FEDERACAO:102,GRAVATAÍ,116,0,116,2964,3080,PSOL,0.024757648344935133
2024,86835,PT,FEDERACAO:101,GRAVATAÍ,1314,0,1314,5468,6782,PT,0.054515055543944826
2024,86835,PV,FEDERACAO:101,GRAVATAÍ,14,0,14,218,232,PV,0.0018648618233847241
2024,86835,REDE,FEDERACAO:102,GRAVATAÍ,9,0,9,0,9,REDE,7.234377763130396e-05
2024,86835,REPUBLICANOS,PARTIDO:REPUBLICANOS,GRAVATAÍ,140,0,140,12481,12621,REPUBLICANOS,0.10145009083163191
2024,86835,UNIÃO,PARTIDO:UNIÃO,GRAVATAÍ,73,0,73,5046,5119,UNIÃO,0.041147533077182774
2024,86843,PP,PARTIDO:PP,ITAPUCA,2,0,2,535,537,PP,0.3248638838475499
2024,86843,PSD,PARTIDO:PSD,ITAPUCA,5,0,5,396,401,PSD,0.2425892316999395
2024,86843,UNIÃO,PARTIDO:UNIÃO,ITAPUCA,11,0,11,704,715,UNIÃO,0.4325468844525106
2024,86851,AGIR,PARTIDO:AGIR,GUAÍBA,5,0,5,176,181,AGIR,0.00339772108651987
2024,86851,AVANTE,PARTIDO:AVANTE,GUAÍBA,20,0,20,1483,1503,AVANTE,0.028214225375908092
2024,86851,CIDADANIA,FEDERACAO:100,GUAÍBA,23,0,23,1804,1827,CIDADANIA,0.034296333840175705
2024,86851,DC,PARTIDO:DC,GUAÍBA,7,0,7,472,479,DC,0.008991759118469712
2024,86851,MDB,PARTIDO:MDB,GUAÍBA,54,0,54,4247,4301,MDB,0.08073811266918211
2024,86851,PC do B,FEDERACAO:101,GUAÍBA,3,0,3,72,75,PC DO B,0.0014078954778397252
2024,86851,PDT,PARTIDO:PDT,GUAÍBA,810,0,810,6032,6842,PDT,0.128437611458392
2024,86851,PL,PARTIDO:PL,GUAÍBA,86,0,86,4856,4942,PL,0.09277092601978562
2024,86851,PMB,PARTIDO:PMB,GUAÍBA,14,0,14,1564,1578,PMB,0.029622120853747817
2024,86851,PODE,PARTIDO:PODE,GUAÍBA,41,0,41,5734,5775,PODE,0.10840795179365884
2024,86851,PP,PARTIDO:PP,GUAÍBA,62,0,62,4229,4291,PP,0.08055039327213681
2024,86851,PRD,PARTIDO:PRD,GUAÍBA,28,0,28,4097,4125,PRD,0.07743425128118489
2024,86851,PSB,PARTIDO:PSB,GUAÍBA,24,0,24,1231,1255,PSB,0.023558784329184734
2024,86851,PSD,PARTIDO:PSD,GUAÍBA,22,0,22,2509,2531,PSD,0.04751177939216459
2024,86851,PSDB,FEDERACAO:100,GUAÍBA,226,0,226,1791,2017,PSDB,0.037863002384036344
2024,86851,PSOL,FEDERACAO:102,GUAÍBA,56,0,56,969,1025,PSOL,0.01924123819714291
2024,86851,PT,FEDERACAO:101,GUAÍBA,86,0,86,1828,1914,PT,0.035929492594469786
2024,86851,PV,FEDERACAO:101,GUAÍBA,0,0,0,0,0,PV,0.0
2024,86851,REDE,FEDERACAO:102,GUAÍBA,3,0,3,0,3,REDE,5.631581911358901e-05
2024,86851,REPUBLICANOS,PARTIDO:REPUBLICANOS,GUAÍBA,34,0,34,3991,4025,REPUBLICANOS,0.07555705731073192
2024,86851,SOLIDARIEDADE,PARTIDO:SOLIDARIEDADE,GUAÍBA,21,0,21,2472,2493,SOLIDARIEDADE,0.04679844568339246
2024,86851,UNIÃO,PARTIDO:UNIÃO,GUAÍBA,27,0,27,2062,2089,UNIÃO,0.03921458204276248
2024,86860,PC do B,FEDERACAO:101,LAJEADO DO BUGRE,0,0,0,0,0,PC DO B,0.0
2024,86860,PDT,PARTIDO:PDT,LAJEADO DO BUGRE,29,0,29,323,352,PDT,0.18410041841004185
2024,86860,PL,PARTIDO:PL,LAJEADO DO BUGRE,3,0,3,308,311,PL,0.16265690376569036
2024,86860,PP,PARTIDO:PP,LAJEADO DO BUGRE,37,0,37,930,967,PP,0.5057531380753139
2024,86860,PT,FEDERACAO:101,LAJEADO DO BUGRE,12,0,12,270,282,PT,0.14748953974895398
2024,86860,PV,FEDERACAO:101,LAJEADO DO BUGRE,0,0,0,0,0,PV,0.0
2024,86878,MDB,PARTIDO:MDB,GUAPORÉ,92,0,92,2724,2816,MDB,0.18691092526217976
2024,86878,PC do B,FEDERACAO:101,GUAPORÉ,1,0,1,0,1,PC DO B,6.637461834594451e-05
2024,86878,PDT,PARTIDO:PDT,GUAPORÉ,102,0,102,3006,3108,PDT,0.20629231381919555
2024,86878,PL,PARTIDO:PL,GUAPORÉ,25,0,25,1256,1281,PL,0.08502588610115491
2024,86878,PODE,PARTIDO:PODE,GUAPORÉ,101,0,101,1431,1532,PODE,0.10168591530598699
2024,86878,PP,PARTIDO:PP,GUAPORÉ,123,0,123,2874,2997,PP,0.1989247311827957
2024,86878,PRD,PARTIDO:PRD,GUAPORÉ,3,0,3,182,185,PRD,0.012279304393999735
2024,86878,PT,FEDERACAO:101,GUAPORÉ,21,0,21,347,368,PT,0.02442585955130758
2024,86878,PV,FEDERACAO:101,GUAPORÉ,1,0,1,0,1,PV,6.637461834594451e-05
2024,86878,REPUBLICANOS,PARTIDO:REPUBLICANOS,GUAPORÉ,9,0,9,1090,1099,REPUBLICANOS,0.07294570556219301
2024,86878,UNIÃO,PARTIDO:UNIÃO,GUAPORÉ,14,0,14,1664,1678,UNIÃO,0.11137660958449488
2024,86886,PDT,PARTIDO:PDT,LAGOA DOS TRÊS CANTOS,8,0,8,149,157,PDT,0.10161812297734628
2024,86886,PL,PARTIDO:PL,LAGOA DOS TRÊS CANTOS,1,0,1,189,190,PL,0.12297734627831715
2024,86886,PP,PARTIDO:PP,LAGOA DOS TRÊS CANTOS,8,0,8,277,285,PP,0.18446601941747573
2024,86886,UNIÃO,PARTIDO:UNIÃO,LAGOA DOS TRÊS CANTOS,20,0,20,893,913,UNIÃO,0.5909385113268608
2024,86894,CIDADANIA,FEDERACAO:100,GUARANI DAS MISSÕES,0,0,0,0,0,CIDADANIA,0.0
2024,86894,MDB,PARTIDO:MDB,GUARANI DAS MISSÕES,19,0,19,1121,1140,MDB,0.22454205239314556
2024,86894,PC do B,FEDERACAO:101,GUARANI DAS MISSÕES,0,0,0,0,0,PC DO B,0.0
2024,86894,PDT,PARTIDO:PDT,GUARANI DAS MISSÕES,6,0,6,203,209,PDT,0.041166042938743354
2024,86894,PL,PARTIDO:PL,GUARANI DAS MISSÕES,11,0,11,548,559,PL,0.11010439235769155
2024,86894,PP,PARTIDO:PP,GUARANI DAS MISSÕES,80,0,80,1407,1487,PP,0.29288950167421707
2024,86894,PSDB,FEDERACAO:100,GUARANI DAS MISSÕES,42,0,42,876,918,PSDB,0.18081544219026985
2024,86894,PT,FEDERACAO:101,GUARANI DAS MISSÕES,4,0,4,338,342,PT,0.06736261571794366
2024,86894,PV,FEDERACAO:101,GUARANI DAS MISSÕES,0,0,0,0,0,PV,0.0
2024,86894,UNIÃO,PARTIDO:UNIÃO,GUARANI DAS MISSÕES,5,0,5,417,422,UNIÃO,0.08311995272798897
2024,86908,MDB,PARTIDO:MDB,LINDOLFO COLLOR,8,0,8,657,665,MDB,0.16994633273703041
2024,86908,PC do B,FEDERACAO:101,LINDOLFO COLLOR,0,0,0,0,0,PC DO B,0.0
2024,86908,PL,PARTIDO:PL,LINDOLFO COLLOR,10,0,10,658,668,PL,0.17071300792231026
2024,86908,PODE,PARTIDO:PODE,LINDOLFO COLLOR,9,0,9,267,276,PODE,0.07053411704574496
2024,86908,PP,PARTIDO:PP,LINDOLFO COLLOR,53,0,53,1146,1199,PP,0.3064145157168413
2024,86908,PT,FEDERACAO:101,LINDOLFO COLLOR,18,0,18,554,572,PT,0.1461794019933555
2024,86908,PV,FEDERACAO:101,LINDOLFO COLLOR,0,0,0,0,0,PV,0.0
2024,86908,REPUBLICANOS,PARTIDO:REPUBLICANOS,LINDOLFO COLLOR,2,0,2,531,533,REPUBLICANOS,0.1362126245847176
2024,86916,CIDADANIA,FEDERACAO:100,HORIZONTINA,9,0,9,1317,1326,CIDADANIA,0.11120429386112043
2024,86916,PC do B,FEDERACAO:101,HORIZONTINA,1,0,1,0,1,PC DO B,8.386447500838645e-05
2024,86916,PDT,PARTIDO:PDT,HORIZONTINA,110,0,110,2534,2644,PDT,0.22173767192217378
2024,86916,PL,PARTIDO:PL,HORIZONTINA,42,0,42,858,900,PL,0.0754780275075478
2024,86916,PP,PARTIDO:PP,HORIZONTINA,26,0,26,1469,1495,PP,0.12537739013753774
2024,86916,PSD,PARTIDO:PSD,HORIZONTINA,72,0,72,716,788,PSD,0.06608520630660852
2024,86916,PSDB,FEDERACAO:100,HORIZONTINA,14,0,14,0,14,PSDB,0.0011741026501174102
2024,86916,PT,FEDERACAO:101,HORIZONTINA,25,0,25,1004,1029,PT,0.08629654478362965
2024,86916,PV,FEDERACAO:101,HORIZONTINA,1,0,1,0,1,PV,8.386447500838645e-05
2024,86916,UNIÃO,PARTIDO:UNIÃO,HORIZONTINA,27,0,27,3699,3726,UNIÃO,0.3124790338812479
2024,86924,MDB,PARTIDO:MDB,LINHA NOVA,14,0,14,338,352,MDB,0.26586102719033233
2024,86924,PC do B,FEDERACAO:101,LINHA NOVA,0,0,0,0,0,PC DO B,0.0
2024,86924,PDT,PARTIDO:PDT,LINHA NOVA,6,0,6,280,286,PDT,0.21601208459214502
2024,86924,PSB,PARTIDO:PSB,LINHA NOVA,13,0,13,232,245,PSB,0.18504531722054382
2024,86924,PSD,PARTIDO:PSD,LINHA NOVA,1,0,1,95,96,PSD,0.07250755287009064
2024,86924,PT,FEDERACAO:101,LINHA NOVA,8,0,8,336,344,PT,0.2598187311178248
2024,86924,PV,FEDERACAO:101,LINHA NOVA,1,0,1,0,1,PV,0.0007552870090634441
2024,86932,AVANTE,PARTIDO:AVANTE,CHARQUEADAS,7,0,7,500,507,AVANTE,0.02608695652173913
2024,86932,CIDADANIA,FEDERACAO:100,CHARQUEADAS,2,0,2,69,71,CIDADANIA,0.0036532029843066634
2024,86932,MDB,PARTIDO:MDB,CHARQUEADAS,37,0,37,1154,1191,MDB,0.06128119372266529
2024,86932,PC do B,FEDERACAO:101,CHARQUEADAS,4,0,4,295,299,PC DO B,0.015384615384615385
2024,86932,PDT,PARTIDO:PDT,CHARQUEADAS,107,0,107,2045,2152,PDT,0.11072806791870338
2024,86932,PL,PARTIDO:PL,CHARQUEADAS,11,0,11,464,475,PL,0.02444044250064317
2024,86932,PODE,PARTIDO:PODE,CHARQUEADAS,8,0,8,829,837,PODE,0.04306663236429123
2024,86932,PP,PARTIDO:PP,CHARQUEADAS,59,0,59,3062,3121,PP,0.16058657062001544
2024,86932,PSB,PARTIDO:PSB,CHARQUEADAS,3,0,3,171,174,PSB,0.008952919989709287
2024,86932,PSD,PARTIDO:PSD,CHARQUEADAS,22,0,22,3030,3052,PSD,0.15703627476202728
2024,86932,PSDB,FEDERACAO:100,CHARQUEADAS,8,0,8,1539,1547,PSDB,0.07959866220735785
2024,86932,PT,FEDERACAO:101,CHARQUEADAS,44,0,44,1991,2035,PT,0.10470800102907127
2024,86932,PV,FEDERACAO:101,CHARQUEADAS,2,0,2,219,221,PV,0.01137123745819398
2024,86932,REPUBLICANOS,PARTIDO:REPUBLICANOS,CHARQUEADAS,162,0,162,2936,3098,REPUBLICANOS,0.1594031386673527
2024,86932,UNIÃO,PARTIDO:UNIÃO,CHARQUEADAS,27,0,27,628,655,UNIÃO,0.03370208386930795
2024,86940,MDB,PARTIDO:MDB,MANOEL VIANA,9,0,9,502,511,MDB,0.11429210467456945
2024,86940,PC do B,FEDERACAO:101,MANOEL VIANA,0,0,0,0,0,PC DO B,0.0
2024,86940,PDT,PARTIDO:PDT,MANOEL VIANA,67,0,67,1077,1144,PDT,0.2558711697606799
2024,86940,PL,PARTIDO:PL,MANOEL VIANA,7,0,7,391,398,PL,0.08901811675240438
2024,86940,PP,PARTIDO:PP,MANOEL VIANA,49,0,49,1345,1394,PP,0.311787072243346
2024,86940,PSB,PARTIDO:PSB,MANOEL VIANA,10,0,10,473,483,PSB,0.10802952359651084
2024,86940,PT,FEDERACAO:101,MANOEL VIANA,8,0,8,533,541,PT,0.12100201297248937
2024,86940,PV,FEDERACAO:101,MANOEL VIANA,0,0,0,0,0,PV,0.0
2024,86959,CIDADANIA,FEDERACAO:100,HUMAITÁ,1,0,1,0,1,CIDADANIA,0.00027151778441487917
2024,86959,MDB,PARTIDO:MDB,HUMAITÁ,47,0,47,1414,1461,MDB,0.39668748303013845
2024,86959,PL,PARTIDO:PL,HUMAITÁ,2,0,2,527,529,PL,0.1436329079554711
2024,86959,PP,PARTIDO:PP,HUMAITÁ,32,0,32,1116,1148,PP,0.3117024165082813
2024,86959,PSDB,FEDERACAO:100,HUMAITÁ,6,0,6,413,419,PSDB,0.11376595166983437
2024,86959,UNIÃO,PARTIDO:UNIÃO,HUMAITÁ,6,0,6,119,125,UNIÃO,0.033939723051859896
2024,86967,MDB,PARTIDO:MDB,MAQUINÉ,16,0,16,824,840,MDB,0.17062766605728213
2024,86967,PC do B,FEDERACAO:101,MAQUINÉ,1,0,1,0,1,PC DO B,0.00020312817387771684
2024,86967,PDT,PARTIDO:PDT,MAQUINÉ,79,0,79,2213,2292,PDT,0.465569774527727
2024,86967,PP,PARTIDO:PP,MAQUINÉ,58,0,58,1389,1447,PP,0.2939264676010563
2024,86967,PT,FEDERACAO:101,MAQUINÉ,4,0,4,124,128,PT,0.026000406256347756
2024,86967,PV,FEDERACAO:101,MAQUINÉ,0,0,0,0,0,PV,0.0
2024,86967,REPUBLICANOS,PARTIDO:REPUBLICANOS,MAQUINÉ,7,0,7,208,215,REPUBLICANOS,0.04367255738370912
2024,86975,PC do B,FEDERACAO:101,IBIAÇÁ,0,0,0,0,0,PC DO B,0.0
2024,86975,PDT,PARTIDO:PDT,IBIAÇÁ,49,0,49,1152,1201,PDT,0.33426106317840243
2024,86975,PP,PARTIDO:PP,IBIAÇÁ,44,0,44,1919,1963,PP,0.5463401057612023
2024,86975,PT,FEDERACAO:101,IBIAÇÁ,5,0,5,424,429,PT,0.11939883106039521
2024,86975,PV,FEDERACAO:101,IBIAÇÁ,0,0,0,0,0,PV,0.0
2024,86983,CIDADANIA,FEDERACAO:100,MARATÁ,0,0,0,0,0,CIDADANIA,0.0
2024,86983,MDB,PARTIDO:MDB,MARATÁ,14,0,14,355,369,MDB,0.16443850267379678
2024,86983,PL,PARTIDO:PL,MARATÁ,2,0,2,84,86,PL,0.03832442067736185
2024,86983,PSD,PARTIDO:PSD,MARATÁ,3,0,3,386,389,PSD,0.17335115864527628
2024,86983,PSDB,FEDERACAO:100,MARATÁ,3,0,3,278,281,PSDB,0.12522281639928698
2024,86983,REPUBLICANOS,PARTIDO:REPUBLICANOS,MARATÁ,10,0,10,502,512,REPUBLICANOS,0.2281639928698752
2024,86983,UNIÃO,PARTIDO:UNIÃO,MARATÁ,2,0,2,605,607,UNIÃO,0.27049910873440286
2024,86991,MDB,PARTIDO:MDB,IBIRAIARAS,23,0,23,1382,1405,MDB,0.29610115911485774
2024,86991,PC do B,FEDERACAO:101,IBIRAIARAS,0,0,0,0,0,PC DO B,0.0
2024,86991,PL,PARTIDO:PL,IBIRAIARAS,46,0,46,1058,1104,PL,0.2326659641728135
2024,86991,PP,PARTIDO:PP,IBIRAIARAS,9,0,9,915,924,PP,0.1947312961011591
2024,86991,PT,FEDERACAO:101,IBIRAIARAS,6,0,6,335,341,PT,0.07186512118018967
2024,86991,PV,FEDERACAO:101,IBIRAIARAS,0,0,0,0,0,PV,0.0
2024,86991,UNIÃO,PARTIDO:UNIÃO,IBIRAIARAS,34,0,34,937,971,UNIÃO,0.20463645943097997
2024,87009,CIDADANIA,FEDERACAO:100,MARIANA PIMENTEL,0,0,0,0,0,CIDADANIA,0.0
2024,87009,MDB,PARTIDO:MDB,MARIANA PIMENTEL,6,0,6,749,755,MDB,0.24409957969608795
2024,87009,PC do B,FEDERACAO:101,MARIANA PIMENTEL,1,0,1,0,1,PC DO B,0.00032331070158422246
2024,87009,PDT,PARTIDO:PDT,MARIANA PIMENTEL,34,0,34,573,607,PDT,0.19624959586162302
2024,87009,PP,PARTIDO:PP,MARIANA PIMENTEL,5,0,5,178,183,PP,0.05916585838991271
2024,87009,PSB,PARTIDO:PSB,MARIANA PIMENTEL,17,0,17,716,733,PSB,0.23698674426123506
2024,87009,PSD,PARTIDO:PSD,MARIANA PIMENTEL,8,0,8,494,502,PSD,0.16230197219527967
2024,87009,PSDB,FEDERACAO:100,MARIANA PIMENTEL,7,0,7,235,242,PSDB,0.07824118978338183
2024,87009,PT,FEDERACAO:101,MARIANA PIMENTEL,5,0,5,65,70,PT,0.02263174911089557
2024,87009,PV,FEDERACAO:101,MARIANA PIMENTEL,0,0,0,0,0,PV,0.0
2024,87017,MDB,PARTIDO:MDB,IBIRUBÁ,25,0,25,2391,2416,MDB,0.17771239426259655
2024,87017,PC do B,FEDERACAO:101,IBIRUBÁ,2,0,2,0,2,PC DO B,0.0001471129091577786
2024,87017,PDT,PARTIDO:PDT,IBIRUBÁ,16,0,16,780,796,PDT,0.05855093784479588
2024,87017,PL,PARTIDO:PL,IBIRUBÁ,103,0,103,3728,3831,PL,0.2817947774917249
2024,87017,PP,PARTIDO:PP,IBIRUBÁ,118,0,118,3353,3471,PP,0.25531445384332474
2024,87017,PSB,PARTIDO:PSB,IBIRUBÁ,8,0,8,662,670,PSB,0.04928282456785583
2024,87017,PT,FEDERACAO:101,IBIRUBÁ,13,0,13,519,532,PT,0.0391320338359691
2024,87017,PV,FEDERACAO:101,IBIRUBÁ,0,0,0,0,0,PV,0.0
2024,87017,REPUBLICANOS,PARTIDO:REPUBLICANOS,IBIRUBÁ,22,0,22,1640,1662,REPUBLICANOS,0.12225082751011401
2024,87017,UNIÃO,PARTIDO:UNIÃO,IBIRUBÁ,6,0,6,209,215,UNIÃO,0.0158146377344612
2024,87025,MDB,PARTIDO:MDB,MATO CASTELHANO,1,0,1,204,205,MDB,0.07603857566765579
2024,87025,PDT,PARTIDO:PDT,MATO CASTELHANO,17,0,17,388,405,PDT,0.1502225519287834
2024,87025,PL,PARTIDO:PL,MATO CASTELHANO,5,0,5,137,142,PL,0.052670623145400594
2024,87025,PP,PARTIDO:PP,MATO CASTELHANO,34,0,34,1007,1041,PP,0.38612759643916916
2024,87025,UNIÃO,PARTIDO:UNIÃO,MATO CASTELHANO,6,0,6,897,903,UNIÃO,0.3349406528189911
2024,87033,CIDADANIA,FEDERACAO:100,IGREJINHA,8,0,8,246,254,CIDADANIA,0.012155436447166922
2024,87033,MDB,PARTIDO:MDB,IGREJINHA,138,0,138,2809,2947,MDB,0.14103177641653905
2024,87033,PC do B,FEDERACAO:101,IGREJINHA,1,0,1,0,1,PC DO B,4.785604900459418e-05
2024,87033,PDT,PARTIDO:PDT,IGREJINHA,24,0,24,668,692,PDT,0.03311638591117917
2024,87033,PL,PARTIDO:PL,IGREJINHA,36,0,36,2207,2243,PL,0.10734111791730475
2024,87033,PODE,PARTIDO:PODE,IGREJINHA,6,0,6,374,380,PODE,0.01818529862174579
2024,87033,PP,PARTIDO:PP,IGREJINHA,327,0,327,4572,4899,PP,0.2344467840735069
2024,87033,PSB,PARTIDO:PSB,IGREJINHA,33,0,33,4894,4927,PSB,0.23578675344563552
2024,87033,PSD,PARTIDO:PSD,IGREJINHA,5,0,5,278,283,PSD,0.013543261868300153
2024,87033,PSDB,FEDERACAO:100,IGREJINHA,24,0,24,2407,2431,PSDB,0.11633805513016846
2024,87033,PT,FEDERACAO:101,IGREJINHA,41,0,41,806,847,PT,0.04053407350689127
2024,87033,PV,FEDERACAO:101,IGREJINHA,1,0,1,0,1,PV,4.785604900459418e-05
2024,87033,REPUBLICANOS,PARTIDO:REPUBLICANOS,IGREJINHA,23,0,23,939,962,REPUBLICANOS,0.0460375191424196
2024,87033,UNIÃO,PARTIDO:UNIÃO,IGREJINHA,15,0,15,14,29,UNIÃO,0.0013878254211332312
2024,87041,CIDADANIA,FEDERACAO:100,MATO LEITÃO,0,0,0,0,0,CIDADANIA,0.0
2024,87041,MDB,PARTIDO:MDB,MATO LEITÃO,7,0,7,384,391,MDB,0.11014084507042253
2024,87041,PDT,PARTIDO:PDT,MATO LEITÃO,31,0,31,742,773,PDT,0.21774647887323945
2024,87041,PL,PARTIDO:PL,MATO LEITÃO,3,0,3,282,285,PL,0.08028169014084507
2024,87041,PP,PARTIDO:PP,MATO LEITÃO,27,0,27,937,964,PP,0.27154929577464787
2024,87041,PSDB,FEDERACAO:100,MATO LEITÃO,12,0,12,1125,1137,PSDB,0.32028169014084507
2024,87050,CIDADANIA,FEDERACAO:100,IJUÍ,12,0,12,0,12,CIDADANIA,0.00025213791944193474
2024,87050,MDB,PARTIDO:MDB,IJUÍ,76,0,76,3355,3431,MDB,0.0720904334671065
2024,87050,PC do B,FEDERACAO:101,IJUÍ,23,0,23,1132,1155,PC DO B,0.02426827474628622
2024,87050,PDT,PARTIDO:PDT,IJUÍ,151,0,151,5439,5590,PDT,0.11745424747336793
2024,87050,PL,PARTIDO:PL,IJUÍ,87,0,87,7515,7602,PL,0.15972937196646567
2024,87050,PP,PARTIDO:PP,IJUÍ,527,0,527,14529,15056,PP,0.3163490429264808
2024,87050,PRD,PARTIDO:PRD,IJUÍ,13,0,13,215,228,PRD,0.00479062046939676
2024,87050,PSD,PARTIDO:PSD,IJUÍ,48,0,48,7232,7280,PSD,0.15296367112810708
2024,87050,PSDB,FEDERACAO:100,IJUÍ,8,0,8,68,76,PSDB,0.00159687348979892
2024,87050,PT,FEDERACAO:101,IJUÍ,360,0,360,5033,5393,PT,0.11331498329586284
2024,87050,PV,FEDERACAO:101,IJUÍ,0,0,0,0,0,PV,0.0
2024,87050,REPUBLICANOS,PARTIDO:REPUBLICANOS,IJUÍ,13,0,13,1187,1200,REPUBLICANOS,0.025213791944193473
2024,87050,UNIÃO,PARTIDO:UNIÃO,IJUÍ,10,0,10,560,570,UNIÃO,0.0119765511734919
2024,87068,CIDADANIA,FEDERACAO:100,MINAS DO LEÃO,2,0,2,114,116,CIDADANIA,0.021649869354236656
2024,87068,MDB,PARTIDO:MDB,MINAS DO LEÃO,16,0,16,1124,1140,MDB,0.2127659574468085
2024,87068,PC do B,FEDERACAO:101,MINAS DO LEÃO,0,0,0,0,0,PC DO B,0.0
2024,87068,PDT,PARTIDO:PDT,MINAS DO LEÃO,9,0,9,443,452,PDT,0.0843598357596118
2024,87068,PL,PARTIDO:PL,MINAS DO LEÃO,51,0,51,862,913,PL,0.1703994027622247
2024,87068,PP,PARTIDO:PP,MINAS DO LEÃO,44,0,44,1425,1469,PP,0.27416946621873833
2024,87068,PSDB,FEDERACAO:100,MINAS DO LEÃO,8,0,8,910,918,PSDB,0.1713325867861142
2024,87068,PT,FEDERACAO:101,MINAS DO LEÃO,2,0,2,158,160,PT,0.029861888764464353
2024,87068,PV,FEDERACAO:101,MINAS DO LEÃO,0,0,0,0,0,PV,0.0
2024,87068,REPUBLICANOS,PARTIDO:REPUBLICANOS,MINAS DO LEÃO,2,0,2,188,190,REPUBLICANOS,0.03546099290780142
2024,87076,MDB,PARTIDO:MDB,ILÓPOLIS,45,0,45,2001,2046,MDB,0.6381784154709919
2024,87076,PL,PARTIDO:PL,ILÓPOLIS,21,0,21,396,417,PL,0.1300686213349969
2024,87076,PP,PARTIDO:PP,ILÓPOLIS,16,0,16,727,743,PP,0.23175296319401123
2024,87084,MDB,PARTIDO:MDB,MONTE BELO DO SUL,61,0,61,1628,1689,MDB,0.6211842589187201
2024,87084,PP,PARTIDO:PP,MONTE BELO DO SUL,30,0,30,1000,1030,PP,0.37881574108127986
2024,87092,MDB,PARTIDO:MDB,INDEPENDÊNCIA,43,0,43,1838,1881,MDB,0.39016801493466086
2024,87092,PDT,PARTIDO:PDT,INDEPENDÊNCIA,19,0,19,368,387,PDT,0.08027380211574363
2024,87092,PL,PARTIDO:PL,INDEPENDÊNCIA,27,0,27,400,427,PL,0.0885708359261564
2024,87092,PSD,PARTIDO:PSD,INDEPENDÊNCIA,5,0,5,632,637,PSD,0.13213026343082349
2024,87092,REPUBLICANOS,PARTIDO:REPUBLICANOS,INDEPENDÊNCIA,6,0,6,812,818,REPUBLICANOS,0.1696743414229413
2024,87092,UNIÃO,PARTIDO:UNIÃO,INDEPENDÊNCIA,11,0,11,660,671,UNIÃO,0.13918274216967433
2024,87106,CIDADANIA,FEDERACAO:100,MORMAÇO,0,0,0,0,0,CIDADANIA,0.0
2024,87106,MDB,PARTIDO:MDB,MORMAÇO,2,0,2,268,270,MDB,0.11143210895583987
2024,87106,PL,PARTIDO:PL,MORMAÇO,14,0,14,539,553,PL,0.2282294676021461
2024,87106,PP,PARTIDO:PP,MORMAÇO,29,0,29,953,982,PP,0.40528270738753613
2024,87106,PSB,PARTIDO:PSB,MORMAÇO,3,0,3,267,270,PSB,0.11143210895583987
2024,87106,PSDB,FEDERACAO:100,MORMAÇO,4,0,4,344,348,PSDB,0.14362360709863806
2024,87114,MDB,PARTIDO:MDB,IRAÍ,53,0,53,1197,1250,MDB,0.25725457913150857
2024,87114,PC do B,FEDERACAO:101,IRAÍ,0,0,0,0,0,PC DO B,0.0
2024,87114,PODE,PARTIDO:PODE,IRAÍ,5,0,5,621,626,PODE,0.12883309322905948
2024,87114,PP,PARTIDO:PP,IRAÍ,21,0,21,1632,1653,PP,0.3401934554435069
2024,87114,PT,FEDERACAO:101,IRAÍ,19,0,19,155,174,PT,0.03580983741510599
2024,87114,PV,FEDERACAO:101,IRAÍ,0,0,0,0,0,PV,0.0
2024,87114,UNIÃO,PARTIDO:UNIÃO,IRAÍ,57,0,57,1099,1156,UNIÃO,0.2379090347808191
2024,87122,MDB,PARTIDO:MDB,MORRINHOS DO SUL,21,0,21,665,686,MDB,0.22843822843822845
2024,87122,PP,PARTIDO:PP,MORRINHOS DO SUL,44,0,44,2273,2317,PP,0.7715617715617715
2024,87130,MDB,PARTIDO:MDB,ITAQUI,28,0,28,1767,1795,MDB,0.10030734842134674
2024,87130,PC do B,FEDERACAO:101,ITAQUI,1,0,1,0,1,PC DO B,5.588153115395362e-05
2024,87130,PDT,PARTIDO:PDT,ITAQUI,99,0,99,2592,2691,PDT,0.15037720033528917
2024,87130,PL,PARTIDO:PL,ITAQUI,281,0,281,6989,7270,PL,0.4062587314892428
2024,87130,PP,PARTIDO:PP,ITAQUI,66,0,66,2719,2785,PP,0.15563006426376083
2024,87130,PSB,PARTIDO:PSB,ITAQUI,13,0,13,879,892,PSB,0.04984632578932663
2024,87130,PT,FEDERACAO:101,ITAQUI,45,0,45,739,784,PT,0.04381112042469964
2024,87130,PV,FEDERACAO:101,ITAQUI,0,0,0,0,0,PV,0.0
2024,87130,REPUBLICANOS,PARTIDO:REPUBLICANOS,ITAQUI,12,0,12,1665,1677,REPUBLICANOS,0.09371332774518022
2024,87149,MDB,PARTIDO:MDB,MORRO REUTER,20,0,20,1041,1061,MDB,0.24245886654478976
2024,87149,PP,PARTIDO:PP,MORRO REUTER,42,0,42,1819,1861,PP,0.42527422303473494
2024,87149,UNIÃO,PARTIDO:UNIÃO,MORRO REUTER,13,0,13,1441,1454,UNIÃO,0.33226691042047535
2024,87157,MDB,PARTIDO:MDB,ITATIBA DO SUL,13,0,13,665,678,MDB,0.24654545454545454
2024,87157,PC do B,FEDERACAO:101,ITATIBA DO SUL,0,0,0,0,0,PC DO B,0.0
2024,87157,PT,FEDERACAO:101,ITATIBA DO SUL,92,0,92,1980,2072,PT,0.7534545454545455
2024,87157,PV,FEDERACAO:101,ITATIBA DO SUL,0,0,0,0,0,PV,0.0
2024,87165,MDB,PARTIDO:MDB,MULITERNO,9,0,9,299,308,MDB,0.14500941619585686
2024,87165,PDT,PARTIDO:PDT,MULITERNO,36,0,36,855,891,PDT,0.4194915254237288
2024,87165,PL,PARTIDO:PL,MULITERNO,6,0,6,212,218,PL,0.10263653483992467
2024,87165,PP,PARTIDO:PP,MULITERNO,5,0,5,383,388,PP,0.18267419962335216
2024,87165,UNIÃO,PARTIDO:UNIÃO,MULITERNO,5,0,5,314,319,UNIÃO,0.1501883239171375
2024,87173,PC do B,FEDERACAO:101,IVOTI,0,0,0,0,0,PC DO B,0.0
2024,87173,PL,PARTIDO:PL,IVOTI,28,0,28,952,980,PL,0.07574586489411038
2024,87173,PODE,PARTIDO:PODE,IVOTI,19,0,19,2090,2109,PODE,0.1630081929200804
2024,87173,PP,PARTIDO:PP,IVOTI,209,0,209,5643,5852,PP,0.4523110217962591
2024,87173,PT,FEDERACAO:101,IVOTI,56,0,56,1082,1138,PT,0.08795795331581388
2024,87173,PV,FEDERACAO:101,IVOTI,0,0,0,0,0,PV,0.0
2024,87173,REPUBLICANOS,PARTIDO:REPUBLICANOS,IVOTI,164,0,164,2695,2859,REPUBLICANOS,0.2209769670737363
2024,87181,MDB,PARTIDO:MDB,NICOLAU VERGUEIRO,14,0,14,744,758,MDB,0.34190347316193054
2024,87181,PP,PARTIDO:PP,NICOLAU VERGUEIRO,20,0,20,873,893,PP,0.40279657194406854
2024,87181,PSB,PARTIDO:PSB,NICOLAU VERGUEIRO,5,0,5,561,566,PSB,0.2552999548940009
2024,87190,MDB,PARTIDO:MDB,JACUTINGA,26,0,26,670,696,MDB,0.24689606243348705
2024,87190,PC do B,FEDERACAO:101,JACUTINGA,0,0,0,0,0,PC DO B,0.0
2024,87190,PP,PARTIDO:PP,JACUTINGA,26,0,26,1075,1101,PP,0.39056402979780064
2024,87190,PT,FEDERACAO:101,JACUTINGA,7,0,7,398,405,PT,0.1436679673643136
2024,87190,PV,FEDERACAO:101,JACUTINGA,0,0,0,0,0,PV,0.0
2024,87190,REPUBLICANOS,PARTIDO:REPUBLICANOS,JACUTINGA,7,0,7,610,617,REPUBLICANOS,0.21887194040439872
2024,87203,MDB,PARTIDO:MDB,NOVA BOA VISTA,3,0,3,445,448,MDB,0.23406478578892373
2024,87203,PDT,PARTIDO:PDT,NOVA BOA VISTA,13,0,13,406,419,PDT,0.21891327063740856
2024,87203,PL,PARTIDO:PL,NOVA BOA VISTA,3,0,3,228,231,PL,0.1206896551724138
2024,87203,PP,PARTIDO:PP,NOVA BOA VISTA,5,0,5,372,377,PP,0.19696969696969696
2024,87203,PRD,PARTIDO:PRD,NOVA BOA VISTA,10,0,10,429,439,PRD,0.22936259143155696
2024,87211,CIDADANIA,FEDERACAO:100,JAGUARÃO,8,0,8,283,291,CIDADANIA,0.020335429769392035
2024,87211,MDB,PARTIDO:MDB,JAGUARÃO,174,0,174,3340,3514,MDB,0.24556254367575123
2024,87211,PC do B,FEDERACAO:101,JAGUARÃO,0,0,0,0,0,PC DO B,0.0
2024,87211,PDT,PARTIDO:PDT,JAGUARÃO,206,0,206,1283,1489,PDT,0.10405310971348707
2024,87211,PL,PARTIDO:PL,JAGUARÃO,22,0,22,1248,1270,PL,0.08874912648497554
2024,87211,PP,PARTIDO:PP,JAGUARÃO,42,0,42,2353,2395,PP,0.16736547868623342
2024,87211,PSB,PARTIDO:PSB,JAGUARÃO,7,0,7,1426,1433,PSB,0.10013976240391334
2024,87211,PSDB,FEDERACAO:100,JAGUARÃO,17,0,17,768,785,PSDB,0.05485674353598882
2024,87211,PT,FEDERACAO:101,JAGUARÃO,94,0,94,3039,3133,PT,0.21893780573025856
2024,87211,PV,FEDERACAO:101,JAGUARÃO,0,0,0,0,0,PV,0.0
2024,87220,CIDADANIA,FEDERACAO:100,NOVA PÁDUA,0,0,0,0,0,CIDADANIA,0.0
2024,87220,MDB,PARTIDO:MDB,NOVA PÁDUA,16,0,16,663,679,MDB,0.3161080074487896
2024,87220,PDT,PARTIDO:PDT,NOVA PÁDUA,5,0,5,212,217,PDT,0.10102420856610801
2024,87220,PP,PARTIDO:PP,NOVA PÁDUA,18,0,18,724,742,PP,0.34543761638733705
2024,87220,PSDB,FEDERACAO:100,NOVA PÁDUA,2,0,2,277,279,PSDB,0.12988826815642457
2024,87220,REPUBLICANOS,PARTIDO:REPUBLICANOS,NOVA PÁDUA,2,0,2,229,231,REPUBLICANOS,0.10754189944134078
2024,87238,MDB,PARTIDO:MDB,JAGUARI,86,0,86,2584,2670,MDB,0.3808301240907146
2024,87238,PDT,PARTIDO:PDT,JAGUARI,109,0,109,1091,1200,PDT,0.17115960633290545
2024,87238,PL,PARTIDO:PL,JAGUARI,67,0,67,1830,1897,PL,0.270574811011268
2024,87238,PP,PARTIDO:PP,JAGUARI,22,0,22,1222,1244,PP,0.17743545856511198
2024,87246,CIDADANIA,FEDERACAO:100,NOVA SANTA RITA,3,0,3,0,3,CIDADANIA,0.00019790223629527012
2024,87246,MDB,PARTIDO:MDB,NOVA SANTA RITA,34,0,34,3377,3411,MDB,0.22501484266772215
2024,87246,PC do B,FEDERACAO:101,NOVA SANTA RITA,2,0,2,0,2,PC DO B,0.00013193482419684676
2024,87246,PDT,PARTIDO:PDT,NOVA SANTA RITA,30,0,30,1645,1675,PDT,0.11049541526485916
2024,87246,PL,PARTIDO:PL,NOVA SANTA RITA,19,0,19,457,476,PL,0.03140048815884953
2024,87246,PODE,PARTIDO:PODE,NOVA SANTA RITA,10,0,10,897,907,PODE,0.05983244277327
2024,87246,PP,PARTIDO:PP,NOVA SANTA RITA,61,0,61,732,793,PP,0.05231215779404974
2024,87246,PSD,PARTIDO:PSD,NOVA SANTA RITA,11,0,11,1208,1219,PSD,0.0804142753479781
2024,87246,PSDB,FEDERACAO:100,NOVA SANTA RITA,11,0,11,341,352,PSDB,0.02322052905864503
2024,87246,PT,FEDERACAO:101,NOVA SANTA RITA,248,0,248,4347,4595,PT,0.30312025859225544
2024,87246,PV,FEDERACAO:101,NOVA SANTA RITA,0,0,0,0,0,PV,0.0
2024,87246,REPUBLICANOS,PARTIDO:REPUBLICANOS,NOVA SANTA RITA,9,0,9,779,788,REPUBLICANOS,0.05198232073355762
2024,87246,UNIÃO,PARTIDO:UNIÃO,NOVA SANTA RITA,16,0,16,922,938,UNIÃO,0.06187743254832113
2024,87254,CIDADANIA,FEDERACAO:100,JÚLIO DE CASTILHOS,0,0,0,0,0,CIDADANIA,0.0
2024,87254,MDB,PARTIDO:MDB,JÚLIO DE CASTILHOS,37,0,37,1767,1804,MDB,0.14990859232175502
2024,87254,PC do B,FEDERACAO:101,JÚLIO DE CASTILHOS,0,0,0,0,0,PC DO B,0.0
2024,87254,PL,PARTIDO:PL,JÚLIO DE CASTILHOS,11,0,11,919,930,PL,0.07728103706165863
2024,87254,PODE,PARTIDO:PODE,JÚLIO DE CASTILHOS,8,0,8,581,589,PODE,0.048944656805717135
2024,87254,PP,PARTIDO:PP,JÚLIO DE CASTILHOS,17,0,17,1463,1480,PP,0.12298487618414493
2024,87254,PSB,PARTIDO:PSB,JÚLIO DE CASTILHOS,111,0,111,3281,3392,PSB,0.28186804055177
2024,87254,PSDB,FEDERACAO:100,JÚLIO DE CASTILHOS,129,0,129,2279,2408,PSDB,0.20009971746717634
2024,87254,PT,FEDERACAO:101,JÚLIO DE CASTILHOS,56,0,56,1372,1428,PT,0.11866378593983713
2024,87254,PV,FEDERACAO:101,JÚLIO DE CASTILHOS,3,0,3,0,3,PV,0.0002492936679408343
2024,87262,CIDADANIA,FEDERACAO:100,NOVO BARREIRO,1,0,1,0,1,CIDADANIA,0.0002858776443682104
2024,87262,PC do B,FEDERACAO:101,NOVO BARREIRO,1,0,1,0,1,PC DO B,0.0002858776443682104
2024,87262,PDT,PARTIDO:PDT,NOVO BARREIRO,9,0,9,463,472,PDT,0.1349342481417953
2024,87262,PP,PARTIDO:PP,NOVO BARREIRO,32,0,32,857,889,PP,0.25414522584333904
2024,87262,PSDB,FEDERACAO:100,NOVO BARREIRO,1,0,1,28,29,PSDB,0.008290451686678102
2024,87262,PT,FEDERACAO:101,NOVO BARREIRO,22,0,22,469,491,PT,0.1403659233847913
2024,87262,PV,FEDERACAO:101,NOVO BARREIRO,0,0,0,0,0,PV,0.0
2024,87262,REPUBLICANOS,PARTIDO:REPUBLICANOS,NOVO BARREIRO,12,0,12,912,924,REPUBLICANOS,0.2641509433962264
2024,87262,UNIÃO,PARTIDO:UNIÃO,NOVO BARREIRO,28,0,28,663,691,UNIÃO,0.1975414522584334
2024,87270,CIDADANIA,FEDERACAO:100,LAGOA VERMELHA,4,0,4,0,4,CIDADANIA,0.0002673618073658178
2024,87270,MDB,PARTIDO:MDB,LAGOA VERMELHA,18,0,18,488,506,MDB,0.03382126863177595
2024,87270,PC do B,FEDERACAO:101,LAGOA VERMELHA,3,0,3,191,194,PC DO B,0.012967047657242162
2024,87270,PDT,PARTIDO:PDT,LAGOA VERMELHA,135,0,135,2451,2586,PDT,0.1728494084620012
2024,87270,PL,PARTIDO:PL,LAGOA VERMELHA,47,0,47,3195,3242,PL,0.21669674486999532
2024,87270,PODE,PARTIDO:PODE,LAGOA VERMELHA,28,0,28,1921,1949,PODE,0.13027204063899472
2024,87270,PP,PARTIDO:PP,LAGOA VERMELHA,248,0,248,4088,4336,PP,0.2898201991845465
2024,87270,PSB,PARTIDO:PSB,LAGOA VERMELHA,7,0,7,266,273,PSB,0.018247443352717066
2024,87270,PSDB,FEDERACAO:100,LAGOA VERMELHA,8,0,8,424,432,PSDB,0.02887507519550832
2024,87270,PT,FEDERACAO:101,LAGOA VERMELHA,87,0,87,1016,1103,PT,0.07372501838112426
2024,87270,PV,FEDERACAO:101,LAGOA VERMELHA,0,0,0,0,0,PV,0.0
2024,87270,REPUBLICANOS,PARTIDO:REPUBLICANOS,LAGOA VERMELHA,0,0,0,0,0,REPUBLICANOS,0.0
2024,87270,UNIÃO,PARTIDO:UNIÃO,LAGOA VERMELHA,6,0,6,330,336,UNIÃO,0.022458391818728694
2024,87289,MDB,PARTIDO:MDB,NOVO MACHADO,15,0,15,786,801,MDB,0.2804621848739496
2024,87289,PC do B,FEDERACAO:101,NOVO MACHADO,0,0,0,0,0,PC DO B,0.0
2024,87289,PP,PARTIDO:PP,NOVO MACHADO,16,0,16,959,975,PP,0.34138655462184875
2024,87289,PT,FEDERACAO:101,NOVO MACHADO,28,0,28,937,965,PT,0.33788515406162467
2024,87289,PV,FEDERACAO:101,NOVO MACHADO,0,0,0,0,0,PV,0.0
2024,87289,UNIÃO,PARTIDO:UNIÃO,NOVO MACHADO,0,0,0,115,115,UNIÃO,0.040266106442577033
2024,87297,CIDADANIA,FEDERACAO:100,LAJEADO,11,0,11,0,11,CIDADANIA,0.00027074923697942304
2024,87297,MDB,PARTIDO:MDB,LAJEADO,437,0,437,10481,10918,MDB,0.26873092448557645
2024,87297,PC do B,FEDERACAO:101,LAJEADO,0,0,0,0,0,PC DO B,0.0
2024,87297,PL,PARTIDO:PL,LAJEADO,137,0,137,7015,7152,PL,0.17603623117062125
2024,87297,PODE,PARTIDO:PODE,LAJEADO,0,0,0,0,0,PODE,0.0
2024,87297,PP,PARTIDO:PP,LAJEADO,442,0,442,12362,12804,PP,0.31515211184404845
2024,87297,PRD,PARTIDO:PRD,LAJEADO,9,0,9,50,59,PRD,0.0014522004528896328
2024,87297,PSD,PARTIDO:PSD,LAJEADO,18,0,18,1153,1171,PSD,0.02882248695480949
2024,87297,PSDB,FEDERACAO:100,LAJEADO,46,0,46,4676,4722,PSDB,0.11622526336516688
2024,87297,PT,FEDERACAO:101,LAJEADO,236,0,236,3552,3788,PT,0.09323619178891406
2024,87297,PV,FEDERACAO:101,LAJEADO,3,0,3,0,3,PV,7.38407009943881e-05
2024,87300,MDB,PARTIDO:MDB,NOVO TIRADENTES,12,0,12,450,462,MDB,0.25998874507597075
2024,87300,PP,PARTIDO:PP,NOVO TIRADENTES,19,0,19,685,704,PP,0.39617332583005066
2024,87300,PSB,PARTIDO:PSB,NOVO TIRADENTES,8,0,8,603,611,PSB,0.3438379290939786
2024,87319,MDB,PARTIDO:MDB,LAVRAS DO SUL,14,0,14,735,749,MDB,0.1669266770670827
2024,87319,PC do B,FEDERACAO:101,LAVRAS DO SUL,0,0,0,0,0,PC DO B,0.0
2024,87319,PDT,PARTIDO:PDT,LAVRAS DO SUL,79,0,79,984,1063,PDT,0.23690661912190775
2024,87319,PP,PARTIDO:PP,LAVRAS DO SUL,62,0,62,1505,1567,PP,0.34923111210162694
2024,87319,PSB,PARTIDO:PSB,LAVRAS DO SUL,7,0,7,263,270,PSB,0.06017383552484957
2024,87319,PT,FEDERACAO:101,LAVRAS DO SUL,10,0,10,488,498,PT,0.11098729663472254
2024,87319,PV,FEDERACAO:101,LAVRAS DO SUL,0,0,0,0,0,PV,0.0
2024,87319,UNIÃO,PARTIDO:UNIÃO,LAVRAS DO SUL,3,0,3,337,340,UNIÃO,0.07577445954981056
2024,87327,MDB,PARTIDO:MDB,PARECI NOVO,27,0,27,521,548,MDB,0.18538565629228687
2024,87327,PDT,PARTIDO:PDT,PARECI NOVO,9,0,9,320,329,PDT,0.11129905277401894
2024,87327,PL,PARTIDO:PL,PARECI NOVO,22,0,22,492,514,PL,0.17388362652232747
2024,87327,PP,PARTIDO:PP,PARECI NOVO,6,0,6,989,995,PP,0.3366035182679296
2024,87327,REPUBLICANOS,PARTIDO:REPUBLICANOS,PARECI NOVO,2,0,2,568,570,REPUBLICANOS,0.19282814614343707
2024,87335,MDB,PARTIDO:MDB,LIBERATO SALZANO,32,0,32,803,835,MDB,0.21198273673521198
2024,87335,PC do B,FEDERACAO:101,LIBERATO SALZANO,0,0,0,0,0,PC DO B,0.0
2024,87335,PDT,PARTIDO:PDT,LIBERATO SALZANO,23,0,23,872,895,PDT,0.2272150291952272
2024,87335,PP,PARTIDO:PP,LIBERATO SALZANO,56,0,56,1235,1291,PP,0.32774815943132773
2024,87335,PSB,PARTIDO:PSB,LIBERATO SALZANO,0,0,0,268,268,PSB,0.06803757298806803
2024,87335,PT,FEDERACAO:101,LIBERATO SALZANO,20,0,20,629,649,PT,0.16476263010916475
2024,87335,PV,FEDERACAO:101,LIBERATO SALZANO,1,0,1,0,1,PV,0.0002538715410002539
2024,87343,MDB,PARTIDO:MDB,PASSO DO SOBRADO,0,0,0,134,134,MDB,0.03264311814859927
2024,87343,PC do B,FEDERACAO:101,PASSO DO SOBRADO,0,0,0,0,0,PC DO B,0.0
2024,87343,PDT,PARTIDO:PDT,PASSO DO SOBRADO,13,0,13,812,825,PDT,0.20097442143727162
2024,87343,PL,PARTIDO:PL,PASSO DO SOBRADO,0,0,0,0,0,PL,0.0
2024,87343,PP,PARTIDO:PP,PASSO DO SOBRADO,30,0,30,1217,1247,PP,0.30377588306942754
2024,87343,PSB,PARTIDO:PSB,PASSO DO SOBRADO,5,0,5,507,512,PSB,0.12472594397076736
2024,87343,PT,FEDERACAO:101,PASSO DO SOBRADO,46,0,46,709,755,PT,0.18392204628501826
2024,87343,PV,FEDERACAO:101,PASSO DO SOBRADO,2,0,2,0,2,PV,0.00048721071863581
2024,87343,REPUBLICANOS,PARTIDO:REPUBLICANOS,PASSO DO SOBRADO,5,0,5,469,474,REPUBLICANOS,0.11546894031668696
2024,87343,UNIÃO,PARTIDO:UNIÃO,PASSO DO SOBRADO,4,0,4,152,156,UNIÃO,0.03800243605359318
2024,87351,MDB,PARTIDO:MDB,MACHADINHO,27,0,27,1528,1555,MDB,0.35962072155411656
2024,87351,PC do B,FEDERACAO:101,MACHADINHO,0,0,0,0,0,PC DO B,0.0
2024,87351,PL,PARTIDO:PL,MACHADINHO,33,0,33,1075,1108,PL,0.25624421831637373
2024,87351,PP,PARTIDO:PP,MACHADINHO,61,0,61,1389,1450,PP,0.3353376503237743
2024,87351,PT,FEDERACAO:101,MACHADINHO,8,0,8,203,211,PT,0.04879740980573543
2024,87351,PV,FEDERACAO:101,MACHADINHO,0,0,0,0,0,PV,0.0
2024,87360,PDT,PARTIDO:PDT,PICADA CAFÉ,18,0,18,268,286,PDT,0.07738095238095238
2024,87360,PP,PARTIDO:PP,PICADA CAFÉ,21,0,21,661,682,PP,0.18452380952380953
2024,87360,PSB,PARTIDO:PSB,PICADA CAFÉ,9,0,9,615,624,PSB,0.16883116883116883
2024,87360,PSD,PARTIDO:PSD,PICADA CAFÉ,8,0,8,1218,1226,PSD,0.33170995670995673
2024,87360,UNIÃO,PARTIDO:UNIÃO,PICADA CAFÉ,28,0,28,850,878,UNIÃO,0.23755411255411255
2024,87378,MDB,PARTIDO:MDB,MARAU,313,0,313,8204,8517,MDB,0.3517096134786918
2024,87378,PC do B,FEDERACAO:101,MARAU,0,0,0,0,0,PC DO B,0.0
2024,87378,PL,PARTIDO:PL,MARAU,227,0,227,2570,2797,PL,0.11550214734060125
2024,87378,PP,PARTIDO:PP,MARAU,65,0,65,5889,5954,PP,0.24587049884373968
2024,87378,PSB,PARTIDO:PSB,MARAU,32,0,32,3122,3154,PSB,0.13024446646845061
2024,87378,PSD,PARTIDO:PSD,MARAU,18,0,18,1547,1565,PSD,0.06462669309547407
2024,87378,PT,FEDERACAO:101,MARAU,33,0,33,848,881,PT,0.036380905186653455
2024,87378,PV,FEDERACAO:101,MARAU,0,0,0,0,0,PV,0.0
2024,87378,UNIÃO,PARTIDO:UNIÃO,MARAU,22,0,22,1326,1348,UNIÃO,0.055665675586389164
2024,87386,MDB,PARTIDO:MDB,PINHAL GRANDE,7,0,7,720,727,MDB,0.22259644825474587
2024,87386,PC do B,FEDERACAO:101,PINHAL GRANDE,0,0,0,0,0,PC DO B,0.0
2024,87386,PDT,PARTIDO:PDT,PINHAL GRANDE,33,0,33,611,644,PDT,0.19718309859154928
2024,87386,PP,PARTIDO:PP,PINHAL GRANDE,39,0,39,1341,1380,PP,0.4225352112676056
2024,87386,PT,FEDERACAO:101,PINHAL GRANDE,2,0,2,513,515,PT,0.1576852418860992
2024,87386,PV,FEDERACAO:101,PINHAL GRANDE,0,0,0,0,0,PV,0.0
2024,87394,MDB,PARTIDO:MDB,MARCELINO RAMOS,38,0,38,1017,1055,MDB,0.3378162023695165
2024,87394,PC do B,FEDERACAO:101,MARCELINO RAMOS,0,0,0,0,0,PC DO B,0.0
2024,87394,PDT,PARTIDO:PDT,MARCELINO RAMOS,8,0,8,159,167,PDT,0.05347422350304195
2024,87394,PL,PARTIDO:PL,MARCELINO RAMOS,1,0,1,92,93,PL,0.029779058597502402
2024,87394,PP,PARTIDO:PP,MARCELINO RAMOS,9,0,9,744,753,PP,0.24111431316042267
2024,87394,PT,FEDERACAO:101,MARCELINO RAMOS,13,0,13,681,694,PT,0.2222222222222222
2024,87394,PV,FEDERACAO:101,MARCELINO RAMOS,0,0,0,0,0,PV,0.0
2024,87394,UNIÃO,PARTIDO:UNIÃO,MARCELINO RAMOS,4,0,4,357,361,UNIÃO,0.11559398014729427
2024,87408,MDB,PARTIDO:MDB,PINHEIRINHO DO VALE,8,0,8,507,515,MDB,0.14486638537271448
2024,87408,PDT,PARTIDO:PDT,PINHEIRINHO DO VALE,46,0,46,1985,2031,PDT,0.5713080168776371
2024,87408,PL,PARTIDO:PL,PINHEIRINHO DO VALE,22,0,22,987,1009,PL,0.2838255977496484
2024,87416,MDB,PARTIDO:MDB,MARIANO MORO,8,0,8,308,316,MDB,0.15069146399618502
2024,87416,PC do B,FEDERACAO:101,MARIANO MORO,1,0,1,0,1,PC DO B,0.0004768717215069146
2024,87416,PDT,PARTIDO:PDT,MARIANO MORO,11,0,11,710,721,PDT,0.34382451120648544
2024,87416,PL,PARTIDO:PL,MARIANO MORO,3,0,3,367,370,PL,0.1764425369575584
2024,87416,PRD,PARTIDO:PRD,MARIANO MORO,14,0,14,212,226,PRD,0.10777300906056271
2024,87416,PT,FEDERACAO:101,MARIANO MORO,2,0,2,242,244,PT,0.11635670004768717
2024,87416,PV,FEDERACAO:101,MARIANO MORO,0,0,0,0,0,PV,0.0
2024,87416,REPUBLICANOS,PARTIDO:REPUBLICANOS,MARIANO MORO,1,0,1,218,219,REPUBLICANOS,0.1044349070100143
2024,87424,PC do B,FEDERACAO:101,PONTÃO,5,0,5,540,545,PC DO B,0.1787471302066251
2024,87424,PL,PARTIDO:PL,PONTÃO,3,0,3,718,721,PL,0.23647097408986553
2024,87424,PT,FEDERACAO:101,PONTÃO,34,0,34,1095,1129,PT,0.3702853394555592
2024,87424,PV,FEDERACAO:101,PONTÃO,0,0,0,0,0,PV,0.0
2024,87424,UNIÃO,PARTIDO:UNIÃO,PONTÃO,13,0,13,641,654,UNIÃO,0.21449655624795014
2024,87432,CIDADANIA,FEDERACAO:100,MATA,0,0,0,0,0,CIDADANIA,0.0
2024,87432,MDB,PARTIDO:MDB,MATA,10,0,10,518,528,MDB,0.15357766143106458
2024,87432,PC do B,FEDERACAO:101,MATA,0,0,0,0,0,PC DO B,0.0
2024,87432,PP,PARTIDO:PP,MATA,35,0,35,1573,1608,PP,0.4677137870855148
2024,87432,PSDB,FEDERACAO:100,MATA,40,0,40,937,977,PSDB,0.28417684700407214
2024,87432,PT,FEDERACAO:101,MATA,6,0,6,171,177,PT,0.05148342059336824
2024,87432,PV,FEDERACAO:101,MATA,0,0,0,0,0,PV,0.0
2024,87432,UNIÃO,PARTIDO:UNIÃO,MATA,3,0,3,145,148,UNIÃO,0.04304828388598022
2024,87440,MDB,PARTIDO:MDB,PONTE PRETA,19,0,19,807,826,MDB,0.49669272399278414
2024,87440,PC do B,FEDERACAO:101,PONTE PRETA,0,0,0,0,0,PC DO B,0.0
2024,87440,PP,PARTIDO:PP,PONTE PRETA,16,0,16,443,459,PP,0.2760072158749248
2024,87440,PT,FEDERACAO:101,PONTE PRETA,23,0,23,355,378,PT,0.22730006013229104
2024,87440,PV,FEDERACAO:101,PONTE PRETA,0,0,0,0,0,PV,0.0
2024,87459,MDB,PARTIDO:MDB,MAXIMILIANO DE ALMEIDA,51,0,51,1529,1580,MDB,0.44419454596570146
2024,87459,PC do B,FEDERACAO:101,MAXIMILIANO DE ALMEIDA,0,0,0,0,0,PC DO B,0.0
2024,87459,PL,PARTIDO:PL,MAXIMILIANO DE ALMEIDA,3,0,3,113,116,PL,0.03261175147596289
2024,87459,PP,PARTIDO:PP,MAXIMILIANO DE ALMEIDA,47,0,47,1177,1224,PP,0.34411020522912567
2024,87459,PT,FEDERACAO:101,MAXIMILIANO DE ALMEIDA,11,0,11,556,567,PT,0.15940399212819792
2024,87459,PV,FEDERACAO:101,MAXIMILIANO DE ALMEIDA,0,0,0,0,0,PV,0.0
2024,87459,UNIÃO,PARTIDO:UNIÃO,MAXIMILIANO DE ALMEIDA,1,0,1,69,70,UNIÃO,0.01967950520101209
2024,87467,MDB,PARTIDO:MDB,PORTO MAUÁ,14,0,14,534,548,MDB,0.27155599603567887
2024,87467,PC do B,FEDERACAO:101,PORTO MAUÁ,0,0,0,0,0,PC DO B,0.0
2024,87467,PDT,PARTIDO:PDT,PORTO MAUÁ,19,0,19,362,381,PDT,0.188800792864222
2024,87467,PP,PARTIDO:PP,PORTO MAUÁ,3,0,3,654,657,PP,0.32556987115956393
2024,87467,PT,FEDERACAO:101,PORTO MAUÁ,0,0,0,106,106,PT,0.05252725470763132
2024,87467,PV,FEDERACAO:101,PORTO MAUÁ,0,0,0,0,0,PV,0.0
2024,87467,UNIÃO,PARTIDO:UNIÃO,PORTO MAUÁ,7,0,7,319,326,UNIÃO,0.16154608523290387
2024,87475,CIDADANIA,FEDERACAO:100,MIRAGUAÍ,0,0,0,0,0,CIDADANIA,0.0
2024,87475,MDB,PARTIDO:MDB,MIRAGUAÍ,32,0,32,647,679,MDB,0.16861186987832133
2024,87475,PC do B,FEDERACAO:101,MIRAGUAÍ,0,0,0,0,0,PC DO B,0.0
2024,87475,PDT,PARTIDO:PDT,MIRAGUAÍ,12,0,12,164,176,PDT,0.0437049913086665
2024,87475,PL,PARTIDO:PL,MIRAGUAÍ,3,0,3,201,204,PL,0.05065805810777253
2024,87475,PP,PARTIDO:PP,MIRAGUAÍ,65,0,65,503,568,PP,0.14104792649615097
2024,87475,PSD,PARTIDO:PSD,MIRAGUAÍ,4,0,4,80,84,PSD,0.020859200397318103
2024,87475,PSDB,FEDERACAO:100,MIRAGUAÍ,16,0,16,1006,1022,PSDB,0.25378693816737025
2024,87475,PT,FEDERACAO:101,MIRAGUAÍ,12,0,12,584,596,PT,0.148000993295257
2024,87475,PV,FEDERACAO:101,MIRAGUAÍ,0,0,0,0,0,PV,0.0
2024,87475,REPUBLICANOS,PARTIDO:REPUBLICANOS,MIRAGUAÍ,5,0,5,693,698,REPUBLICANOS,0.17333002234914327
2024,87483,MDB,PARTIDO:MDB,PORTO VERA CRUZ,13,0,13,531,544,MDB,0.3271196632591702
2024,87483,PC do B,FEDERACAO:101,PORTO VERA CRUZ,0,0,0,0,0,PC DO B,0.0
2024,87483,PDT,PARTIDO:PDT,PORTO VERA CRUZ,9,0,9,298,307,PDT,0.1846061334936861
2024,87483,PRD,PARTIDO:PRD,PORTO VERA CRUZ,1,0,1,269,270,PRD,0.1623571858087793
2024,87483,PT,FEDERACAO:101,PORTO VERA CRUZ,3,0,3,179,182,PT,0.10944076969332532
2024,87483,PV,FEDERACAO:101,PORTO VERA CRUZ,0,0,0,0,0,PV,0.0
2024,87483,REPUBLICANOS,PARTIDO:REPUBLICANOS,PORTO VERA CRUZ,2,0,2,358,360,REPUBLICANOS,0.2164762477450391
2024,87491,CIDADANIA,FEDERACAO:100,MONTENEGRO,8,0,8,0,8,CIDADANIA,0.0002429838415745353
2024,87491,MDB,PARTIDO:MDB,MONTENEGRO,64,0,64,5642,5706,MDB,0.1733082250030373
2024,87491,PC do B,FEDERACAO:101,MONTENEGRO,1,0,1,0,1,PC DO B,3.0372980196816912e-05
2024,87491,PDT,PARTIDO:PDT,MONTENEGRO,101,0,101,4243,4344,PDT,0.13194022597497265
2024,87491,PL,PARTIDO:PL,MONTENEGRO,60,0,60,1520,1580,PL,0.04798930871097072
2024,87491,PODE,PARTIDO:PODE,MONTENEGRO,55,0,55,6769,6824,PODE,0.2072652168630786
2024,87491,PP,PARTIDO:PP,MONTENEGRO,70,0,70,4475,4545,PP,0.13804519499453285
2024,87491,PSDB,FEDERACAO:100,MONTENEGRO,142,0,142,283,425,PSDB,0.012908516583647188
2024,87491,PT,FEDERACAO:101,MONTENEGRO,104,0,104,2197,2301,PT,0.06988822743287572
2024,87491,PV,FEDERACAO:101,MONTENEGRO,0,0,0,0,0,PV,0.0
2024,87491,REPUBLICANOS,PARTIDO:REPUBLICANOS,MONTENEGRO,348,0,348,5221,5569,REPUBLICANOS,0.16914712671607338
2024,87491,UNIÃO,PARTIDO:UNIÃO,MONTENEGRO,13,0,13,1608,1621,UNIÃO,0.049234600899040214
2024,87505,CIDADANIA,FEDERACAO:100,PRESIDENTE LUCENA,2,0,2,0,2,CIDADANIA,0.0008572653236176596
2024,87505,MDB,PARTIDO:MDB,PRESIDENTE LUCENA,30,0,30,907,937,MDB,0.40162880411487356
2024,87505,PDT,PARTIDO:PDT,PRESIDENTE LUCENA,43,0,43,869,912,PDT,0.3909129875696528
2024,87505,PSDB,FEDERACAO:100,PRESIDENTE LUCENA,8,0,8,474,482,PSDB,0.20660094299185597
2024,87513,CIDADANIA,FEDERACAO:100,MOSTARDAS,0,0,0,0,0,CIDADANIA,0.0
2024,87513,MDB,PARTIDO:MDB,MOSTARDAS,25,0,25,1837,1862,MDB,0.2537821998091863
2024,87513,PDT,PARTIDO:PDT,MOSTARDAS,23,0,23,1316,1339,PDT,0.18249965926127845
2024,87513,PP,PARTIDO:PP,MOSTARDAS,86,0,86,2177,2263,PP,0.3084366907455363
2024,87513,PSDB,FEDERACAO:100,MOSTARDAS,65,0,65,1808,1873,PSDB,0.2552814501839989
2024,87521,MDB,PARTIDO:MDB,QUEVEDOS,15,0,15,169,184,MDB,0.08554160855416086
2024,87521,PC do B,FEDERACAO:101,QUEVEDOS,0,0,0,0,0,PC DO B,0.0
2024,87521,PODE,PARTIDO:PODE,QUEVEDOS,11,0,11,347,358,PODE,0.16643421664342167
2024,87521,PP,PARTIDO:PP,QUEVEDOS,28,0,28,894,922,PP,0.4286378428637843
2024,87521,PT,FEDERACAO:101,QUEVEDOS,3,0,3,116,119,PT,0.055323105532310554
2024,87521,PV,FEDERACAO:101,QUEVEDOS,0,0,0,0,0,PV,0.0
2024,87521,UNIÃO,PARTIDO:UNIÃO,QUEVEDOS,74,0,74,494,568,UNIÃO,0.2640632264063226
2024,87530,CIDADANIA,FEDERACAO:100,MUÇUM,0,0,0,0,0,CIDADANIA,0.0
2024,87530,MDB,PARTIDO:MDB,MUÇUM,52,0,52,2026,2078,MDB,0.599538372763993
2024,87530,PL,PARTIDO:PL,MUÇUM,6,0,6,360,366,PL,0.10559723023658396
2024,87530,PSD,PARTIDO:PSD,MUÇUM,1,0,1,537,538,PSD,0.15522215810732834
2024,87530,PSDB,FEDERACAO:100,MUÇUM,15,0,15,469,484,PSDB,0.13964223889209462
2024,87548,PC do B,FEDERACAO:101,RIO DOS ÍNDIOS,0,0,0,0,0,PC DO B,0.0
2024,87548,PDT,PARTIDO:PDT,RIO DOS ÍNDIOS,18,0,18,492,510,PDT,0.21013597033374537
2024,87548,PP,PARTIDO:PP,RIO DOS ÍNDIOS,59,0,59,1647,1706,PP,0.7029254223320972
2024,87548,PT,FEDERACAO:101,RIO DOS ÍNDIOS,0,0,0,211,211,PT,0.0869386073341574
2024,87548,PV,FEDERACAO:101,RIO DOS ÍNDIOS,0,0,0,0,0,PV,0.0
2024,87556,PDT,PARTIDO:PDT,NÃO-ME-TOQUE,88,0,88,1196,1284,PDT,0.12114350410416078
2024,87556,PL,PARTIDO:PL,NÃO-ME-TOQUE,155,0,155,4915,5070,PL,0.47834701386923295
2024,87556,PP,PARTIDO:PP,NÃO-ME-TOQUE,27,0,27,2011,2038,PP,0.19228229078214926
2024,87556,REPUBLICANOS,PARTIDO:REPUBLICANOS,NÃO-ME-TOQUE,28,0,28,2179,2207,REPUBLICANOS,0.20822719124445702
2024,87564,PC do B,FEDERACAO:101,SAGRADA FAMÍLIA,0,0,0,0,0,PC DO B,0.0
2024,87564,PDT,PARTIDO:PDT,SAGRADA FAMÍLIA,29,0,29,784,813,PDT,0.3784916201117318
2024,87564,PL,PARTIDO:PL,SAGRADA FAMÍLIA,2,0,2,19,21,PL,0.009776536312849162
2024,87564,PODE,PARTIDO:PODE,SAGRADA FAMÍLIA,3,0,3,207,210,PODE,0.09776536312849161
2024,87564,PP,PARTIDO:PP,SAGRADA FAMÍLIA,16,0,16,247,263,PP,0.12243947858472998
2024,87564,PT,FEDERACAO:101,SAGRADA FAMÍLIA,10,0,10,421,431,PT,0.20065176908752327
2024,87564,PV,FEDERACAO:101,SAGRADA FAMÍLIA,1,0,1,0,1,PV,0.0004655493482309125
2024,87564,UNIÃO,PARTIDO:UNIÃO,SAGRADA FAMÍLIA,5,0,5,404,409,UNIÃO,0.1904096834264432
2024,87572,CIDADANIA,FEDERACAO:100,NONOAI,2,0,2,0,2,CIDADANIA,0.00025608194622279127
2024,87572,MDB,PARTIDO:MDB,NONOAI,8,0,8,228,236,MDB,0.030217669654289372
2024,87572,PC do B,FEDERACAO:101,NONOAI,0,0,0,0,0,PC DO B,0.0
2024,87572,PDT,PARTIDO:PDT,NONOAI,28,0,28,699,727,PDT,0.09308578745198463
2024,87572,PL,PARTIDO:PL,NONOAI,33,0,33,1844,1877,PL,0.24033290653008962
2024,87572,PP,PARTIDO:PP,NONOAI,131,0,131,3297,3428,PP,0.43892445582586426
2024,87572,PSDB,FEDERACAO:100,NONOAI,8,0,8,510,518,PSDB,0.06632522407170295
2024,87572,PT,FEDERACAO:101,NONOAI,44,0,44,670,714,PT,0.0914212548015365
2024,87572,PV,FEDERACAO:101,NONOAI,0,0,0,0,0,PV,0.0
2024,87572,REPUBLICANOS,PARTIDO:REPUBLICANOS,NONOAI,51,0,51,257,308,REPUBLICANOS,0.03943661971830986
2024,87580,MDB,PARTIDO:MDB,SALVADOR DAS MISSÕES,8,0,8,571,579,MDB,0.226171875
2024,87580,PC do B,FEDERACAO:101,SALVADOR DAS MISSÕES,0,0,0,0,0,PC DO B,0.0
2024,87580,PDT,PARTIDO:PDT,SALVADOR DAS MISSÕES,2,0,2,185,187,PDT,0.073046875
2024,87580,PP,PARTIDO:PP,SALVADOR DAS MISSÕES,17,0,17,914,931,PP,0.363671875
2024,87580,PSB,PARTIDO:PSB,SALVADOR DAS MISSÕES,7,0,7,240,247,PSB,0.096484375
2024,87580,PSD,PARTIDO:PSD,SALVADOR DAS MISSÕES,10,0,10,398,408,PSD,0.159375
2024,87580,PT,FEDERACAO:101,SALVADOR DAS MISSÕES,3,0,3,205,208,PT,0.08125
2024,87580,PV,FEDERACAO:101,SALVADOR DAS MISSÕES,0,0,0,0,0,PV,0.0
2024,87599,CIDADANIA,FEDERACAO:100,NOVA ARAÇÁ,0,0,0,0,0,CIDADANIA,0.0
2024,87599,MDB,PARTIDO:MDB,NOVA ARAÇÁ,24,0,24,1002,1026,MDB,0.2873144777373285
2024,87599,PC do B,FEDERACAO:101,NOVA ARAÇÁ,0,0,0,0,0,PC DO B,0.0
2024,87599,PL,PARTIDO:PL,NOVA ARAÇÁ,9,0,9,687,696,PL,0.19490338840660879
2024,87599,PODE,PARTIDO:PODE,NOVA ARAÇÁ,4,0,4,544,548,PODE,0.15345841500980117
2024,87599,PP,PARTIDO:PP,NOVA ARAÇÁ,30,0,30,622,652,PP,0.1825819098291795
2024,87599,PSD,PARTIDO:PSD,NOVA ARAÇÁ,0,0,0,219,219,PSD,0.061327359283113975
2024,87599,PSDB,FEDERACAO:100,NOVA ARAÇÁ,7,0,7,385,392,PSDB,0.10977317278073369
2024,87599,PT,FEDERACAO:101,NOVA ARAÇÁ,2,0,2,36,38,PT,0.010641276953234389
2024,87599,PV,FEDERACAO:101,NOVA ARAÇÁ,0,0,0,0,0,PV,0.0
2024,87602,MDB,PARTIDO:MDB,SANTA CLARA DO SUL,48,0,48,1547,1595,MDB,0.32339821573398214
2024,87602,PC do B,FEDERACAO:101,SANTA CLARA DO SUL,1,0,1,0,1,PC DO B,0.00020275750202757503
2024,87602,PDT,PARTIDO:PDT,SANTA CLARA DO SUL,11,0,11,465,476,PDT,0.09651257096512571
2024,87602,PL,PARTIDO:PL,SANTA CLARA DO SUL,7,0,7,511,518,PL,0.10502838605028386
2024,87602,PP,PARTIDO:PP,SANTA CLARA DO SUL,36,0,36,937,973,PP,0.19728304947283049
2024,87602,PT,FEDERACAO:101,SANTA CLARA DO SUL,4,0,4,272,276,PT,0.05596107055961071
2024,87602,PV,FEDERACAO:101,SANTA CLARA DO SUL,0,0,0,0,0,PV,0.0
2024,87602,REPUBLICANOS,PARTIDO:REPUBLICANOS,SANTA CLARA DO SUL,11,0,11,1082,1093,REPUBLICANOS,0.22161394971613949
2024,87610,MDB,PARTIDO:MDB,NOVA BASSANO,80,0,80,2578,2658,MDB,0.4279504105619063
2024,87610,PP,PARTIDO:PP,NOVA BASSANO,70,0,70,3483,3553,PP,0.5720495894380937
2024,87629,CIDADANIA,FEDERACAO:100,SANTA TEREZA,0,0,0,0,0,CIDADANIA,0.0
2024,87629,MDB,PARTIDO:MDB,SANTA TEREZA,8,0,8,608,616,MDB,0.411214953271028
2024,87629,PSDB,FEDERACAO:100,SANTA TEREZA,11,0,11,871,882,PSDB,0.5887850467289719
2024,87637,MDB,PARTIDO:MDB,NOVA BRÉSCIA,1,0,1,285,286,MDB,0.11546225272507064
2024,87637,PDT,PARTIDO:PDT,NOVA BRÉSCIA,15,0,15,689,704,PDT,0.2842147759386354
2024,87637,PP,PARTIDO:PP,NOVA BRÉSCIA,44,0,44,1443,1487,PP,0.6003229713362939
2024,87645,PC do B,FEDERACAO:101,SANTO ANTÔNIO DO PALMA,0,0,0,0,0,PC DO B,0.0
2024,87645,PDT,PARTIDO:PDT,SANTO ANTÔNIO DO PALMA,12,0,12,207,219,PDT,0.11358921161825726
2024,87645,PL,PARTIDO:PL,SANTO ANTÔNIO DO PALMA,5,0,5,201,206,PL,0.10684647302904564
2024,87645,PT,FEDERACAO:101,SANTO ANTÔNIO DO PALMA,9,0,9,575,584,PT,0.3029045643153527
2024,87645,PV,FEDERACAO:101,SANTO ANTÔNIO DO PALMA,0,0,0,0,0,PV,0.0
2024,87645,REPUBLICANOS,PARTIDO:REPUBLICANOS,SANTO ANTÔNIO DO PALMA,24,0,24,895,919,REPUBLICANOS,0.4766597510373444
2024,87653,MDB,PARTIDO:MDB,NOVA PALMA,41,0,41,1699,1740,MDB,0.39286520659291035
2024,87653,PC do B,FEDERACAO:101,NOVA PALMA,1,0,1,0,1,PC DO B,0.00022578460149017836
2024,87653,PP,PARTIDO:PP,NOVA PALMA,48,0,48,2020,2068,PP,0.46692255588168885
2024,87653,PSB,PARTIDO:PSB,NOVA PALMA,5,0,5,351,356,PSB,0.0803793181305035
2024,87653,PT,FEDERACAO:101,NOVA PALMA,8,0,8,256,264,PT,0.05960713479340709
2024,87653,PV,FEDERACAO:101,NOVA PALMA,0,0,0,0,0,PV,0.0
2024,87661,CIDADANIA,FEDERACAO:100,SANTO ANTÔNIO DO PLANALTO,0,0,0,0,0,CIDADANIA,0.0
2024,87661,MDB,PARTIDO:MDB,SANTO ANTÔNIO DO PLANALTO,14,0,14,328,342,MDB,0.17272727272727273
2024,87661,PDT,PARTIDO:PDT,SANTO ANTÔNIO DO PLANALTO,8,0,8,698,706,PDT,0.3565656565656566
2024,87661,PP,PARTIDO:PP,SANTO ANTÔNIO DO PLANALTO,1,0,1,226,227,PP,0.11464646464646465
2024,87661,PSDB,FEDERACAO:100,SANTO ANTÔNIO DO PLANALTO,4,0,4,404,408,PSDB,0.20606060606060606
2024,87661,REPUBLICANOS,PARTIDO:REPUBLICANOS,SANTO ANTÔNIO DO PLANALTO,9,0,9,288,297,REPUBLICANOS,0.15
2024,87670,CIDADANIA,FEDERACAO:100,NOVA PETRÓPOLIS,2,0,2,0,2,CIDADANIA,0.00015173355587588195
2024,87670,MDB,PARTIDO:MDB,NOVA PETRÓPOLIS,55,0,55,1116,1171,MDB,0.08883999696532888
2024,87670,PDT,PARTIDO:PDT,NOVA PETRÓPOLIS,35,0,35,1218,1253,PDT,0.09506107275624004
2024,87670,PL,PARTIDO:PL,NOVA PETRÓPOLIS,20,0,20,1550,1570,PL,0.11911084136256733
2024,87670,PP,PARTIDO:PP,NOVA PETRÓPOLIS,118,0,118,1947,2065,PP,0.1566648964418481
2024,87670,PSB,PARTIDO:PSB,NOVA PETRÓPOLIS,16,0,16,1548,1564,PSB,0.11865564069493968
2024,87670,PSD,PARTIDO:PSD,NOVA PETRÓPOLIS,53,0,53,1888,1941,PSD,0.14725741597754344
2024,87670,PSDB,FEDERACAO:100,NOVA PETRÓPOLIS,43,0,43,1272,1315,PSDB,0.09976481298839238
2024,87670,REPUBLICANOS,PARTIDO:REPUBLICANOS,NOVA PETRÓPOLIS,94,0,94,2206,2300,REPUBLICANOS,0.17449358925726424
2024,87688,MDB,PARTIDO:MDB,SANTO EXPEDITO DO SUL,11,0,11,580,591,MDB,0.2884333821376281
2024,87688,PC do B,FEDERACAO:101,SANTO EXPEDITO DO SUL,0,0,0,0,0,PC DO B,0.0
2024,87688,PL,PARTIDO:PL,SANTO EXPEDITO DO SUL,18,0,18,461,479,PL,0.2337725719863348
2024,87688,PP,PARTIDO:PP,SANTO EXPEDITO DO SUL,18,0,18,216,234,PP,0.11420204978038068
2024,87688,PT,FEDERACAO:101,SANTO EXPEDITO DO SUL,4,0,4,244,248,PT,0.12103465104929234
2024,87688,PV,FEDERACAO:101,SANTO EXPEDITO DO SUL,0,0,0,0,0,PV,0.0
2024,87688,REPUBLICANOS,PARTIDO:REPUBLICANOS,SANTO EXPEDITO DO SUL,0,0,0,263,263,REPUBLICANOS,0.1283552952659834
2024,87688,UNIÃO,PARTIDO:UNIÃO,SANTO EXPEDITO DO SUL,5,0,5,229,234,UNIÃO,0.11420204978038068
2024,87696,CIDADANIA,FEDERACAO:100,NOVA PRATA,2,0,2,0,2,CIDADANIA,0.00013512600499966218
2024,87696,MDB,PARTIDO:MDB,NOVA PRATA,53,0,53,2405,2458,MDB,0.16606986014458483
2024,87696,PL,PARTIDO:PL,NOVA PRATA,14,0,14,1611,1625,PL,0.10978987906222552
2024,87696,PP,PARTIDO:PP,NOVA PRATA,31,0,31,1236,1267,PP,0.085602324167286
2024,87696,PSD,PARTIDO:PSD,NOVA PRATA,33,0,33,2646,2679,PSD,0.1810012836970475
2024,87696,PSDB,FEDERACAO:100,NOVA PRATA,27,0,27,1762,1789,PSDB,0.12087021147219783
2024,87696,REPUBLICANOS,PARTIDO:REPUBLICANOS,NOVA PRATA,143,0,143,2988,3131,REPUBLICANOS,0.21153976082697115
2024,87696,UNIÃO,PARTIDO:UNIÃO,NOVA PRATA,109,0,109,1741,1850,UNIÃO,0.12499155462468751
2024,87700,MDB,PARTIDO:MDB,SÃO JOÃO DO POLÊSINE,11,0,11,1191,1202,MDB,0.5526436781609195
2024,87700,PDT,PARTIDO:PDT,SÃO JOÃO DO POLÊSINE,1,0,1,49,50,PDT,0.022988505747126436
2024,87700,PL,PARTIDO:PL,SÃO JOÃO DO POLÊSINE,5,0,5,105,110,PL,0.05057471264367816
2024,87700,PP,PARTIDO:PP,SÃO JOÃO DO POLÊSINE,27,0,27,786,813,PP,0.3737931034482759
2024,87718,CIDADANIA,FEDERACAO:100,NOVO HAMBURGO,44,0,44,1234,1278,CIDADANIA,0.011553795665970546
2024,87718,MDB,PARTIDO:MDB,NOVO HAMBURGO,687,0,687,16483,17170,MDB,0.1552258776093226
2024,87718,NOVO,PARTIDO:NOVO,NOVO HAMBURGO,211,0,211,5991,6202,NOVO,0.056069358936110585
2024,87718,PC do B,FEDERACAO:101,NOVO HAMBURGO,42,0,42,1982,2024,PC DO B,0.01829803006879842
2024,87718,PDT,PARTIDO:PDT,NOVO HAMBURGO,974,0,974,2945,3919,PDT,0.03542983193657165
2024,87718,PL,PARTIDO:PL,NOVO HAMBURGO,351,0,351,8364,8715,PL,0.07878820753437661
2024,87718,PODE,PARTIDO:PODE,NOVO HAMBURGO,239,0,239,18988,19227,PODE,0.17382224512489491
2024,87718,PP,PARTIDO:PP,NOVO HAMBURGO,1481,0,1481,17951,19432,PP,0.17567555350636904
2024,87718,PSB,PARTIDO:PSB,NOVO HAMBURGO,33,0,33,246,279,PSB,0.0025223075045428655
2024,87718,PSDB,FEDERACAO:100,NOVO HAMBURGO,302,0,302,8130,8432,PSDB,0.07622973791507327
2024,87718,PT,FEDERACAO:101,NOVO HAMBURGO,1109,0,1109,11486,12595,PT,0.11386545885203367
2024,87718,PV,FEDERACAO:101,NOVO HAMBURGO,6,0,6,0,6,PV,5.424317214070679e-05
2024,87718,REPUBLICANOS,PARTIDO:REPUBLICANOS,NOVO HAMBURGO,86,0,86,8004,8090,REPUBLICANOS,0.07313787710305299
2024,87718,SOLIDARIEDADE,PARTIDO:SOLIDARIEDADE,NOVO HAMBURGO,72,0,72,1171,1243,SOLIDARIEDADE,0.011237377161816423
2024,87718,UNIÃO,PARTIDO:UNIÃO,NOVO HAMBURGO,59,0,59,1942,2001,UNIÃO,0.018090097908925715
2024,87726,CIDADANIA,FEDERACAO:100,SÃO JOSÉ DOS AUSENTES,3,0,3,0,3,CIDADANIA,0.00102880658436214
2024,87726,MDB,PARTIDO:MDB,SÃO JOSÉ DOS AUSENTES,13,0,13,732,745,MDB,0.2554869684499314
2024,87726,PC do B,FEDERACAO:101,SÃO JOSÉ DOS AUSENTES,0,0,0,0,0,PC DO B,0.0
2024,87726,PP,PARTIDO:PP,SÃO JOSÉ DOS AUSENTES,15,0,15,551,566,PP,0.19410150891632372
2024,87726,PSDB,FEDERACAO:100,SÃO JOSÉ DOS AUSENTES,29,0,29,465,494,PSDB,0.16941015089163236
2024,87726,PT,FEDERACAO:101,SÃO JOSÉ DOS AUSENTES,15,0,15,774,789,PT,0.2705761316872428
2024,87726,PV,FEDERACAO:101,SÃO JOSÉ DOS AUSENTES,0,0,0,0,0,PV,0.0
2024,87726,REPUBLICANOS,PARTIDO:REPUBLICANOS,SÃO JOSÉ DOS AUSENTES,18,0,18,301,319,REPUBLICANOS,0.10939643347050755
2024,87734,CIDADANIA,FEDERACAO:100,OSÓRIO,3,0,3,0,3,CIDADANIA,0.00011443829868395957
2024,87734,MDB,PARTIDO:MDB,OSÓRIO,244,0,244,7054,7298,MDB,0.2783902345985123
2024,87734,PC do B,FEDERACAO:101,OSÓRIO,0,0,0,0,0,PC DO B,0.0
2024,87734,PDT,PARTIDO:PDT,OSÓRIO,454,0,454,9487,9941,PDT,0.3792103757390807
2024,87734,PL,PARTIDO:PL,OSÓRIO,40,0,40,821,861,PL,0.032843791722296393
2024,87734,PP,PARTIDO:PP,OSÓRIO,52,0,52,2817,2869,PP,0.10944115964142666
2024,87734,PSDB,FEDERACAO:100,OSÓRIO,27,0,27,946,973,PSDB,0.03711615487316422
2024,87734,PSOL,FEDERACAO:102,OSÓRIO,5,0,5,490,495,PSOL,0.01888231928285333
2024,87734,PT,FEDERACAO:101,OSÓRIO,77,0,77,2191,2268,PT,0.08651535380507343
2024,87734,PV,FEDERACAO:101,OSÓRIO,5,0,5,236,241,PV,0.009193209994278084
2024,87734,REDE,FEDERACAO:102,OSÓRIO,1,0,1,0,1,REDE,3.814609956131986e-05
2024,87734,UNIÃO,PARTIDO:UNIÃO,OSÓRIO,14,0,14,1251,1265,UNIÃO,0.04825481594506962
2024,87742,MDB,PARTIDO:MDB,SÃO JOSÉ DO INHACORÁ,17,0,17,622,639,MDB,0.30515759312320917
2024,87742,PC do B,FEDERACAO:101,SÃO JOSÉ DO INHACORÁ,0,0,0,0,0,PC DO B,0.0
2024,87742,PDT,PARTIDO:PDT,SÃO JOSÉ DO INHACORÁ,14,0,14,660,674,PDT,0.3218720152817574
2024,87742,PP,PARTIDO:PP,SÃO JOSÉ DO INHACORÁ,4,0,4,206,210,PP,0.10028653295128939
2024,87742,PRD,PARTIDO:PRD,SÃO JOSÉ DO INHACORÁ,4,0,4,373,377,PRD,0.18003820439350526
2024,87742,PT,FEDERACAO:101,SÃO JOSÉ DO INHACORÁ,1,0,1,193,194,PT,0.09264565425023878
2024,87742,PV,FEDERACAO:101,SÃO JOSÉ DO INHACORÁ,0,0,0,0,0,PV,0.0
2024,87750,MDB,PARTIDO:MDB,PAIM FILHO,15,0,15,1147,1162,MDB,0.3294584632832436
2024,87750,PC do B,FEDERACAO:101,PAIM FILHO,0,0,0,0,0,PC DO B,0.0
2024,87750,PP,PARTIDO:PP,PAIM FILHO,46,0,46,421,467,PP,0.13240714488233626
2024,87750,PT,FEDERACAO:101,PAIM FILHO,51,0,51,1847,1898,PT,0.5381343918344201
2024,87750,PV,FEDERACAO:101,PAIM FILHO,0,0,0,0,0,PV,0.0
2024,87769,PC do B,FEDERACAO:101,SÃO JOSÉ DAS MISSÕES,0,0,0,0,0,PC DO B,0.0
2024,87769,PDT,PARTIDO:PDT,SÃO JOSÉ DAS MISSÕES,12,0,12,399,411,PDT,0.17616802400342907
2024,87769,PL,PARTIDO:PL,SÃO JOSÉ DAS MISSÕES,39,0,39,1173,1212,PL,0.5195027861123017
2024,87769,PP,PARTIDO:PP,SÃO JOSÉ DAS MISSÕES,19,0,19,481,500,PP,0.2143163309044149
2024,87769,PT,FEDERACAO:101,SÃO JOSÉ DAS MISSÕES,1,0,1,201,202,PT,0.08658379768538363
2024,87769,PV,FEDERACAO:101,SÃO JOSÉ DAS MISSÕES,0,0,0,0,0,PV,0.0
2024,87769,REPUBLICANOS,PARTIDO:REPUBLICANOS,SÃO JOSÉ DAS MISSÕES,1,0,1,7,8,REPUBLICANOS,0.0034290612944706386
2024,87777,CIDADANIA,FEDERACAO:100,PALMEIRA DAS MISSÕES,8,0,8,0,8,CIDADANIA,0.00042225271825187374
2024,87777,MDB,PARTIDO:MDB,PALMEIRA DAS MISSÕES,12,0,12,707,719,MDB,0.037949963052887156
2024,87777,PC do B,FEDERACAO:101,PALMEIRA DAS MISSÕES,4,0,4,0,4,PC DO B,0.00021112635912593687
2024,87777,PDT,PARTIDO:PDT,PALMEIRA DAS MISSÕES,65,0,65,3212,3277,PDT,0.17296526971392379
2024,87777,PL,PARTIDO:PL,PALMEIRA DAS MISSÕES,36,0,36,1333,1369,PL,0.0722579964108519
2024,87777,PODE,PARTIDO:PODE,PALMEIRA DAS MISSÕES,25,0,25,1984,2009,PODE,0.10603821387100179
2024,87777,PP,PARTIDO:PP,PALMEIRA DAS MISSÕES,169,0,169,3615,3784,PP,0.19972553573313628
2024,87777,PSB,PARTIDO:PSB,PALMEIRA DAS MISSÕES,27,0,27,982,1009,PSB,0.053256624089517576
2024,87777,PSD,PARTIDO:PSD,PALMEIRA DAS MISSÕES,12,0,12,629,641,PSD,0.03383299904993138
2024,87777,PSDB,FEDERACAO:100,PALMEIRA DAS MISSÕES,19,0,19,1056,1075,PSDB,0.056740209015095536
2024,87777,PT,FEDERACAO:101,PALMEIRA DAS MISSÕES,255,0,255,4373,4628,PT,0.24427319750870896
2024,87777,PV,FEDERACAO:101,PALMEIRA DAS MISSÕES,4,0,4,419,423,PV,0.022326612477567825
2024,87785,CIDADANIA,FEDERACAO:100,SÃO MARTINHO DA SERRA,0,0,0,0,0,CIDADANIA,0.0
2024,87785,MDB,PARTIDO:MDB,SÃO MARTINHO DA SERRA,10,0,10,439,449,MDB,0.16093189964157706
2024,87785,PC do B,FEDERACAO:101,SÃO MARTINHO DA SERRA,0,0,0,0,0,PC DO B,0.0
2024,87785,PP,PARTIDO:PP,SÃO MARTINHO DA SERRA,35,0,35,824,859,PP,0.3078853046594982
2024,87785,PSDB,FEDERACAO:100,SÃO MARTINHO DA SERRA,5,0,5,274,279,PSDB,0.1
2024,87785,PT,FEDERACAO:101,SÃO MARTINHO DA SERRA,4,0,4,248,252,PT,0.09032258064516129
2024,87785,PV,FEDERACAO:101,SÃO MARTINHO DA SERRA,0,0,0,0,0,PV,0.0
2024,87785,UNIÃO,PARTIDO:UNIÃO,SÃO MARTINHO DA SERRA,33,0,33,918,951,UNIÃO,0.34086021505376346
2024,87793,MDB,PARTIDO:MDB,PALMITINHO,46,0,46,1039,1085,MDB,0.2029554807332585
2024,87793,PC do B,FEDERACAO:101,PALMITINHO,0,0,0,0,0,PC DO B,0.0
2024,87793,PDT,PARTIDO:PDT,PALMITINHO,16,0,16,951,967,PDT,0.18088290310512534
2024,87793,PODE,PARTIDO:PODE,PALMITINHO,8,0,8,412,420,PODE,0.07856341189674523
2024,87793,PP,PARTIDO:PP,PALMITINHO,11,0,11,729,740,PP,0.13842124953236065
2024,87793,PRD,PARTIDO:PRD,PALMITINHO,2,0,2,76,78,PRD,0.014590347923681257
2024,87793,PSB,PARTIDO:PSB,PALMITINHO,11,0,11,886,897,PSB,0.16778900112233447
2024,87793,PT,FEDERACAO:101,PALMITINHO,43,0,43,1116,1159,PT,0.2167976056864946
2024,87793,PV,FEDERACAO:101,PALMITINHO,0,0,0,0,0,PV,0.0
2024,87807,MDB,PARTIDO:MDB,SÃO PEDRO DA SERRA,53,0,53,1620,1673,MDB,0.6247199402539209
2024,87807,UNIÃO,PARTIDO:UNIÃO,SÃO PEDRO DA SERRA,11,0,11,994,1005,UNIÃO,0.37528005974607914
2024,87815,CIDADANIA,FEDERACAO:100,PANAMBI,6,0,6,0,6,CIDADANIA,0.00024705591698921187
2024,87815,MDB,PARTIDO:MDB,PANAMBI,59,0,59,2786,2845,MDB,0.1171456806390513
2024,87815,PC do B,FEDERACAO:101,PANAMBI,1,0,1,0,1,PC DO B,4.117598616486865e-05
2024,87815,PDT,PARTIDO:PDT,PANAMBI,203,0,203,3136,3339,PDT,0.13748661780449642
2024,87815,PL,PARTIDO:PL,PANAMBI,34,0,34,2855,2889,PL,0.11895742403030553
2024,87815,PP,PARTIDO:PP,PANAMBI,83,0,83,3546,3629,PP,0.14942765379230832
2024,87815,PSB,PARTIDO:PSB,PANAMBI,4,0,4,312,316,PSB,0.013011611628098493
2024,87815,PSD,PARTIDO:PSD,PANAMBI,145,0,145,5028,5173,PSD,0.21300337643086553
2024,87815,PSDB,FEDERACAO:100,PANAMBI,14,0,14,864,878,PSDB,0.036152515852754676
2024,87815,PT,FEDERACAO:101,PANAMBI,159,0,159,2123,2282,PT,0.09396360042823025
2024,87815,PV,FEDERACAO:101,PANAMBI,0,0,0,0,0,PV,0.0
2024,87815,REPUBLICANOS,PARTIDO:REPUBLICANOS,PANAMBI,27,0,27,2901,2928,REPUBLICANOS,0.1205632874907354
2024,87823,PC do B,FEDERACAO:101,SÃO PEDRO DO BUTIÁ,0,0,0,0,0,PC DO B,0.0
2024,87823,PP,PARTIDO:PP,SÃO PEDRO DO BUTIÁ,11,0,11,1270,1281,PP,0.5324189526184538
2024,87823,PT,FEDERACAO:101,SÃO PEDRO DO BUTIÁ,11,0,11,1114,1125,PT,0.46758104738154616
2024,87823,PV,FEDERACAO:101,SÃO PEDRO DO BUTIÁ,0,0,0,0,0,PV,0.0
2024,87831,MDB,PARTIDO:MDB,PARAÍ,72,0,72,2289,2361,MDB,0.4603236498342757
2024,87831,PP,PARTIDO:PP,PARAÍ,38,0,38,2730,2768,PP,0.5396763501657244
2024,87840,MDB,PARTIDO:MDB,SÃO VALENTIM DO SUL,25,0,25,1154,1179,MDB,0.602760736196319
2024,87840,PDT,PARTIDO:PDT,SÃO VALENTIM DO SUL,6,0,6,309,315,PDT,0.16104294478527606
2024,87840,PL,PARTIDO:PL,SÃO VALENTIM DO SUL,13,0,13,115,128,PL,0.065439672801636
2024,87840,REPUBLICANOS,PARTIDO:REPUBLICANOS,SÃO VALENTIM DO SUL,15,0,15,319,334,REPUBLICANOS,0.17075664621676892
2024,87858,CIDADANIA,FEDERACAO:100,PASSO FUNDO,27,0,27,2044,2071,CIDADANIA,0.019274619114540193
2024,87858,MDB,PARTIDO:MDB,PASSO FUNDO,100,0,100,7365,7465,MDB,0.0694761138049457
2024,87858,NOVO,PARTIDO:NOVO,PASSO FUNDO,77,0,77,1530,1607,NOVO,0.014956210969128966
2024,87858,PC do B,FEDERACAO:101,PASSO FUNDO,16,0,16,1280,1296,PC DO B,0.012061760682010666
2024,87858,PDT,PARTIDO:PDT,PASSO FUNDO,693,0,693,7110,7803,PDT,0.07262185077293921
2024,87858,PL,PARTIDO:PL,PASSO FUNDO,778,0,778,11435,12213,PL,0.11366534198255884
2024,87858,PODE,PARTIDO:PODE,PASSO FUNDO,54,0,54,4798,4852,PODE,0.04515714724468808
2024,87858,PP,PARTIDO:PP,PASSO FUNDO,127,0,127,8351,8478,PP,0.07890401779481977
2024,87858,PSB,PARTIDO:PSB,PASSO FUNDO,100,0,100,7623,7723,PSB,0.07187729764442004
2024,87858,PSD,PARTIDO:PSD,PASSO FUNDO,734,0,734,19554,20288,PSD,0.18881867339246325
2024,87858,PSDB,FEDERACAO:100,PASSO FUNDO,135,0,135,9692,9827,PSDB,0.09145904492447439
2024,87858,PSOL,FEDERACAO:102,PASSO FUNDO,44,0,44,898,942,PSOL,0.008767113088313308
2024,87858,PT,FEDERACAO:101,PASSO FUNDO,274,0,274,9300,9574,PT,0.08910439565553249
2024,87858,PV,FEDERACAO:101,PASSO FUNDO,14,0,14,593,607,PV,0.005649296862639255
2024,87858,REDE,FEDERACAO:102,PASSO FUNDO,5,0,5,0,5,REDE,4.6534570532448554e-05
2024,87858,REPUBLICANOS,PARTIDO:REPUBLICANOS,PASSO FUNDO,28,0,28,3934,3962,REPUBLICANOS,0.03687399368991224
2024,87858,UNIÃO,PARTIDO:UNIÃO,PASSO FUNDO,115,0,115,8619,8734,UNIÃO,0.08128658780608114
2024,87866,MDB,PARTIDO:MDB,SÃO VALÉRIO DO SUL,2,0,2,327,329,MDB,0.15847784200385356
2024,87866,PC do B,FEDERACAO:101,SÃO VALÉRIO DO SUL,0,0,0,0,0,PC DO B,0.0
2024,87866,PDT,PARTIDO:PDT,SÃO VALÉRIO DO SUL,17,0,17,368,385,PDT,0.18545279383429672
2024,87866,PP,PARTIDO:PP,SÃO VALÉRIO DO SUL,17,0,17,1017,1034,PP,0.4980732177263969
2024,87866,PT,FEDERACAO:101,SÃO VALÉRIO DO SUL,5,0,5,323,328,PT,0.1579961464354528
2024,87866,PV,FEDERACAO:101,SÃO VALÉRIO DO SUL,0,0,0,0,0,PV,0.0
2024,87874,CIDADANIA,FEDERACAO:100,PEDRO OSÓRIO,0,0,0,0,0,CIDADANIA,0.0
2024,87874,MDB,PARTIDO:MDB,PEDRO OSÓRIO,71,0,71,1198,1269,MDB,0.24273144605967864
2024,87874,PC do B,FEDERACAO:101,PEDRO OSÓRIO,0,0,0,0,0,PC DO B,0.0
2024,87874,PDT,PARTIDO:PDT,PEDRO OSÓRIO,18,0,18,939,957,PDT,0.18305279265493496
2024,87874,PP,PARTIDO:PP,PEDRO OSÓRIO,15,0,15,999,1014,PP,0.19395562356541698
2024,87874,PSD,PARTIDO:PSD,PEDRO OSÓRIO,6,0,6,332,338,PSD,0.06465187452180567
2024,87874,PSDB,FEDERACAO:100,PEDRO OSÓRIO,3,0,3,280,283,PSDB,0.05413159908186687
2024,87874,PT,FEDERACAO:101,PEDRO OSÓRIO,71,0,71,1084,1155,PT,0.22092578423871462
2024,87874,PV,FEDERACAO:101,PEDRO OSÓRIO,0,0,0,0,0,PV,0.0
2024,87874,UNIÃO,PARTIDO:UNIÃO,PEDRO OSÓRIO,4,0,4,208,212,UNIÃO,0.04055087987758225
2024,87882,CIDADANIA,FEDERACAO:100,SENTINELA DO SUL,3,0,3,109,112,CIDADANIA,0.0327007299270073
2024,87882,MDB,PARTIDO:MDB,SENTINELA DO SUL,48,0,48,1292,1340,MDB,0.39124087591240875
2024,87882,PDT,PARTIDO:PDT,SENTINELA DO SUL,18,0,18,591,609,PDT,0.1778102189781022
2024,87882,PL,PARTIDO:PL,SENTINELA DO SUL,5,0,5,260,265,PL,0.07737226277372262
2024,87882,PP,PARTIDO:PP,SENTINELA DO SUL,47,0,47,753,800,PP,0.23357664233576642
2024,87882,PSDB,FEDERACAO:100,SENTINELA DO SUL,4,0,4,295,299,PSDB,0.08729927007299271
2024,87890,MDB,PARTIDO:MDB,PEJUÇARA,48,0,48,1143,1191,MDB,0.4582531742978069
2024,87890,PC do B,FEDERACAO:101,PEJUÇARA,1,0,1,0,1,PC DO B,0.00038476337052712584
2024,87890,PDT,PARTIDO:PDT,PEJUÇARA,7,0,7,292,299,PDT,0.11504424778761062
2024,87890,PP,PARTIDO:PP,PEJUÇARA,24,0,24,826,850,PP,0.32704886494805696
2024,87890,PT,FEDERACAO:101,PEJUÇARA,7,0,7,251,258,PT,0.09926894959599845
2024,87890,PV,FEDERACAO:101,PEJUÇARA,0,0,0,0,0,PV,0.0
2024,87904,MDB,PARTIDO:MDB,SÉRIO,13,0,13,820,833,MDB,0.4278376990241397
2024,87904,PDT,PARTIDO:PDT,SÉRIO,27,0,27,376,403,PDT,0.20698510529019004
2024,87904,PODE,PARTIDO:PODE,SÉRIO,1,0,1,248,249,PODE,0.12788906009244994
2024,87904,PSB,PARTIDO:PSB,SÉRIO,5,0,5,457,462,PSB,0.23728813559322035
2024,87912,CIDADANIA,FEDERACAO:100,PELOTAS,64,0,64,2590,2654,CIDADANIA,0.01535275470301039
2024,87912,MDB,PARTIDO:MDB,PELOTAS,320,0,320,6218,6538,MDB,0.03782076497674526
2024,87912,NOVO,PARTIDO:NOVO,PELOTAS,134,0,134,3105,3239,NOVO,0.018736839669574474
2024,87912,PC do B,FEDERACAO:101,PELOTAS,27,0,27,254,281,PC DO B,0.001625517736076081
2024,87912,PDT,PARTIDO:PDT,PELOTAS,399,0,399,5144,5543,PDT,0.03206492815327302
2024,87912,PL,PARTIDO:PL,PELOTAS,1876,0,1876,15760,17636,PL,0.10202003841081056
2024,87912,PP,PARTIDO:PP,PELOTAS,245,0,245,20812,21057,PP,0.12180970451442719
2024,87912,PSB,PARTIDO:PSB,PELOTAS,159,0,159,13590,13749,PSB,0.07953467385519587
2024,87912,PSD,PARTIDO:PSD,PELOTAS,251,0,251,22093,22344,PSD,0.12925469144086818
2024,87912,PSDB,FEDERACAO:100,PELOTAS,1145,0,1145,17673,18818,PSDB,0.108857625471458
2024,87912,PSOL,FEDERACAO:102,PELOTAS,343,0,343,12783,13126,PSOL,0.07593076798482079
2024,87912,PT,FEDERACAO:101,PELOTAS,2689,0,2689,14047,16736,PT,0.09681375384686582
2024,87912,PV,FEDERACAO:101,PELOTAS,30,0,30,3578,3608,PV,0.02087141634079182
2024,87912,REDE,FEDERACAO:102,PELOTAS,57,0,57,2215,2272,REDE,0.013142976143647176
2024,87912,REPUBLICANOS,PARTIDO:REPUBLICANOS,PELOTAS,83,0,83,5510,5593,REPUBLICANOS,0.03235416618460328
2024,87912,SOLIDARIEDADE,PARTIDO:SOLIDARIEDADE,PELOTAS,33,0,33,291,324,SOLIDARIEDADE,0.0018742624430201078
2024,87912,UNIÃO,PARTIDO:UNIÃO,PELOTAS,229,0,229,19121,19350,UNIÃO,0.111935118124812
2024,87920,MDB,PARTIDO:MDB,SERTÃO SANTANA,2,0,2,635,637,MDB,0.1418708240534521
2024,87920,PDT,PARTIDO:PDT,SERTÃO SANTANA,66,0,66,1582,1648,PDT,0.36703786191536747
2024,87920,PL,PARTIDO:PL,SERTÃO SANTANA,12,0,12,775,787,PL,0.17527839643652562
2024,87920,PP,PARTIDO:PP,SERTÃO SANTANA,42,0,42,1376,1418,PP,0.3158129175946548
2024,87939,CIDADANIA,FEDERACAO:100,PINHEIRO MACHADO,0,0,0,0,0,CIDADANIA,0.0
2024,87939,MDB,PARTIDO:MDB,PINHEIRO MACHADO,18,0,18,1254,1272,MDB,0.1750619322873658
2024,87939,PC do B,FEDERACAO:101,PINHEIRO MACHADO,0,0,0,0,0,PC DO B,0.0
2024,87939,PDT,PARTIDO:PDT,PINHEIRO MACHADO,64,0,64,1295,1359,PDT,0.1870355078447564
2024,87939,PP,PARTIDO:PP,PINHEIRO MACHADO,108,0,108,2195,2303,PP,0.31695568400770713
2024,87939,PSDB,FEDERACAO:100,PINHEIRO MACHADO,34,0,34,977,1011,PSDB,0.13914120561519405
2024,87939,PT,FEDERACAO:101,PINHEIRO MACHADO,13,0,13,137,150,PT,0.02064409578860446
2024,87939,PV,FEDERACAO:101,PINHEIRO MACHADO,0,0,0,0,0,PV,0.0
2024,87939,REPUBLICANOS,PARTIDO:REPUBLICANOS,PINHEIRO MACHADO,15,0,15,1156,1171,REPUBLICANOS,0.16116157445637214
2024,87947,CIDADANIA,FEDERACAO:100,SINIMBU,0,0,0,0,0,CIDADANIA,0.0
2024,87947,MDB,PARTIDO:MDB,SINIMBU,18,0,18,1115,1133,MDB,0.18491921005385997
2024,87947,PC do B,FEDERACAO:101,SINIMBU,0,0,0,0,0,PC DO B,0.0
2024,87947,PL,PARTIDO:PL,SINIMBU,40,0,40,1025,1065,PL,0.1738207932103803
2024,87947,PP,PARTIDO:PP,SINIMBU,15,0,15,877,892,PP,0.14558511506446875
2024,87947,PSB,PARTIDO:PSB,SINIMBU,38,0,38,995,1033,PSB,0.16859800881344866
2024,87947,PSDB,FEDERACAO:100,SINIMBU,13,0,13,597,610,PSDB,0.0995593275665089
2024,87947,PT,FEDERACAO:101,SINIMBU,10,0,10,400,410,PT,0.06691692508568631
2024,87947,PV,FEDERACAO:101,SINIMBU,0,0,0,0,0,PV,0.0
2024,87947,UNIÃO,PARTIDO:UNIÃO,SINIMBU,55,0,55,929,984,UNIÃO,0.16060062020564714
2024,87955,CIDADANIA,FEDERACAO:100,PIRATINI,4,0,4,0,4,CIDADANIA,0.0003573023671281822
2024,87955,MDB,PARTIDO:MDB,PIRATINI,161,0,161,4409,4570,MDB,0.4082179544439482
2024,87955,PC do B,FEDERACAO:101,PIRATINI,1,0,1,0,1,PC DO B,8.932559178204556e-05
2024,87955,PDT,PARTIDO:PDT,PIRATINI,143,0,143,2672,2815,PDT,0.25145154086645827
2024,87955,PP,PARTIDO:PP,PIRATINI,38,0,38,1826,1864,PP,0.1665029030817329
2024,87955,PSB,PARTIDO:PSB,PIRATINI,0,0,0,111,111,PSB,0.009915140687807057
2024,87955,PSDB,FEDERACAO:100,PIRATINI,8,0,8,528,536,PSDB,0.04787851719517642
2024,87955,PSOL,FEDERACAO:102,PIRATINI,4,0,4,91,95,PSOL,0.008485931219294328
2024,87955,PT,FEDERACAO:101,PIRATINI,46,0,46,1153,1199,PT,0.10710138454667262
2024,87955,PV,FEDERACAO:101,PIRATINI,0,0,0,0,0,PV,0.0
2024,87955,REDE,FEDERACAO:102,PIRATINI,0,0,0,0,0,REDE,0.0
2024,87963,CIDADANIA,FEDERACAO:100,TIRADENTES DO SUL,1,0,1,0,1,CIDADANIA,0.00023946360153256704
2024,87963,MDB,PARTIDO:MDB,TIRADENTES DO SUL,43,0,43,813,856,MDB,0.2049808429118774
2024,87963,PC do B,FEDERACAO:101,TIRADENTES DO SUL,2,0,2,238,240,PC DO B,0.05747126436781609
2024,87963,PP,PARTIDO:PP,TIRADENTES DO SUL,13,0,13,779,792,PP,0.1896551724137931
2024,87963,PSDB,FEDERACAO:100,TIRADENTES DO SUL,13,0,13,1217,1230,PSDB,0.29454022988505746
2024,87963,PT,FEDERACAO:101,TIRADENTES DO SUL,27,0,27,608,635,PT,0.15205938697318008
2024,87963,PV,FEDERACAO:101,TIRADENTES DO SUL,1,0,1,0,1,PV,0.00023946360153256704
2024,87963,UNIÃO,PARTIDO:UNIÃO,TIRADENTES DO SUL,6,0,6,415,421,UNIÃO,0.10081417624521073
2024,87971,CIDADANIA,FEDERACAO:100,PLANALTO,3,0,3,0,3,CIDADANIA,0.00046904315196998124
2024,87971,MDB,PARTIDO:MDB,PLANALTO,70,0,70,1483,1553,MDB,0.24280800500312696
2024,87971,PC do B,FEDERACAO:101,PLANALTO,0,0,0,0,0,PC DO B,0.0
2024,87971,PDT,PARTIDO:PDT,PLANALTO,67,0,67,1703,1770,PDT,0.2767354596622889
2024,87971,PP,PARTIDO:PP,PLANALTO,33,0,33,1431,1464,PP,0.22889305816135083
2024,87971,PSDB,FEDERACAO:100,PLANALTO,17,0,17,1183,1200,PSDB,0.18761726078799248
2024,87971,PT,FEDERACAO:101,PLANALTO,17,0,17,389,406,PT,0.06347717323327079
2024,87971,PV,FEDERACAO:101,PLANALTO,0,0,0,0,0,PV,0.0
2024,87980,PP,PARTIDO:PP,TRAVESSEIRO,4,0,4,1524,1528,PP,0.8681818181818182
2024,87980,PSB,PARTIDO:PSB,TRAVESSEIRO,2,0,2,230,232,PSB,0.1318181818181818
2024,87998,MDB,PARTIDO:MDB,PORTÃO,39,0,39,2543,2582,MDB,0.1344301556724111
2024,87998,PC do B,FEDERACAO:101,PORTÃO,0,0,0,0,0,PC DO B,0.0
2024,87998,PDT,PARTIDO:PDT,PORTÃO,401,0,401,6737,7138,PDT,0.37163534128182435
2024,87998,PL,PARTIDO:PL,PORTÃO,34,0,34,2200,2234,PL,0.11631176133701254
2024,87998,PODE,PARTIDO:PODE,PORTÃO,31,0,31,3395,3426,PODE,0.17837246837090645
2024,87998,PP,PARTIDO:PP,PORTÃO,34,0,34,2061,2095,PP,0.10907481647316082
2024,87998,PT,FEDERACAO:101,PORTÃO,119,0,119,1613,1732,PT,0.09017545686468476
2024,87998,PV,FEDERACAO:101,PORTÃO,0,0,0,0,0,PV,0.0
2024,88005,MDB,PARTIDO:MDB,TRÊS FORQUILHAS,27,0,27,1130,1157,MDB,0.3772416041734594
2024,88005,PC do B,FEDERACAO:101,TRÊS FORQUILHAS,0,0,0,0,0,PC DO B,0.0
2024,88005,PP,PARTIDO:PP,TRÊS FORQUILHAS,42,0,42,1582,1624,PP,0.5295076622106293
2024,88005,PT,FEDERACAO:101,TRÊS FORQUILHAS,13,0,13,273,286,PT,0.09325073361591131
2024,88005,PV,FEDERACAO:101,TRÊS FORQUILHAS,0,0,0,0,0,PV,0.0
2024,88013,CIDADANIA,FEDERACAO:100,PORTO ALEGRE,283,0,283,17120,17403,CIDADANIA,0.025857035244195428
2024,88013,MDB,PARTIDO:MDB,PORTO ALEGRE,10311,0,10311,56923,67234,MDB,0.0998949553300141
2024,88013,NOVO,PARTIDO:NOVO,PORTO ALEGRE,3751,0,3751,39145,42896,NOVO,0.06373403343302919
2024,88013,PC do B,FEDERACAO:101,PORTO ALEGRE,361,0,361,17410,17771,PC DO B,0.026403802409044243
2024,88013,PDT,PARTIDO:PDT,PORTO ALEGRE,6228,0,6228,27238,33466,PDT,0.049723124833778325
2024,88013,PL,PARTIDO:PL,PORTO ALEGRE,2089,0,2089,76362,78451,PL,0.1165609533955281
2024,88013,PODE,PARTIDO:PODE,PORTO ALEGRE,648,0,648,41490,42138,PODE,0.06260781193586777
2024,88013,PP,PARTIDO:PP,PORTO ALEGRE,737,0,737,42489,43226,PP,0.06422434094498601
2024,88013,PRD,PARTIDO:PRD,PORTO ALEGRE,214,0,214,8650,8864,PRD,0.013169956927227965
2024,88013,PSB,PARTIDO:PSB,PORTO ALEGRE,305,0,305,9697,10002,PSB,0.014860774953309354
2024,88013,PSD,PARTIDO:PSD,PORTO ALEGRE,287,0,287,16627,16914,PSD,0.025130488658295782
2024,88013,PSDB,FEDERACAO:100,PORTO ALEGRE,985,0,985,44368,45353,PSDB,0.06738459572659859
2024,88013,PSOL,FEDERACAO:102,PORTO ALEGRE,2620,0,2620,75013,77633,PSOL,0.11534558507801089
2024,88013,PSTU,PARTIDO:PSTU,PORTO ALEGRE,141,0,141,492,633,PSTU,0.0009404989547535313
2024,88013,PT,FEDERACAO:101,PORTO ALEGRE,14247,0,14247,66524,80771,PT,0.12000796378261845
2024,88013,PV,FEDERACAO:101,PORTO ALEGRE,171,0,171,3913,4084,PV,0.006067926905550429
2024,88013,REDE,FEDERACAO:102,PORTO ALEGRE,125,0,125,2941,3066,REDE,0.004555402520180611
2024,88013,REPUBLICANOS,PARTIDO:REPUBLICANOS,PORTO ALEGRE,598,0,598,47271,47869,REPUBLICANOS,0.0711228190601845
2024,88013,SOLIDARIEDADE,PARTIDO:SOLIDARIEDADE,PORTO ALEGRE,231,0,231,14875,15106,SOLIDARIEDADE,0.022444197804908125
2024,88013,UNIÃO,PARTIDO:UNIÃO,PORTO ALEGRE,290,0,290,18270,18560,UNIÃO,0.027576083096722815
2024,88013,UP,PARTIDO:UP,PORTO ALEGRE,172,0,172,1435,1607,UP,0.002387649005195774
2024,88021,CIDADANIA,FEDERACAO:100,TUPANCI DO SUL,0,0,0,0,0,CIDADANIA,0.0
2024,88021,PDT,PARTIDO:PDT,TUPANCI DO SUL,7,0,7,241,248,PDT,0.1768901569186876
2024,88021,PL,PARTIDO:PL,TUPANCI DO SUL,5,0,5,276,281,PL,0.20042796005706134
2024,88021,PP,PARTIDO:PP,TUPANCI DO SUL,20,0,20,165,185,PP,0.13195435092724678
2024,88021,PSD,PARTIDO:PSD,TUPANCI DO SUL,2,0,2,115,117,PSD,0.08345221112696148
2024,88021,PSDB,FEDERACAO:100,TUPANCI DO SUL,10,0,10,294,304,PSDB,0.21683309557774608
2024,88021,REPUBLICANOS,PARTIDO:REPUBLICANOS,TUPANCI DO SUL,1,0,1,119,120,REPUBLICANOS,0.08559201141226819
2024,88021,UNIÃO,PARTIDO:UNIÃO,TUPANCI DO SUL,2,0,2,145,147,UNIÃO,0.10485021398002853
2024,88030,MDB,PARTIDO:MDB,PORTO LUCENA,35,0,35,814,849,MDB,0.26317420954742715
2024,88030,PC do B,FEDERACAO:101,PORTO LUCENA,0,0,0,0,0,PC DO B,0.0
2024,88030,PDT,PARTIDO:PDT,PORTO LUCENA,9,0,9,993,1002,PDT,0.3106013639181649
2024,88030,PP,PARTIDO:PP,PORTO LUCENA,14,0,14,933,947,PP,0.2935523868567886
2024,88030,PT,FEDERACAO:101,PORTO LUCENA,37,0,37,391,428,PT,0.13267203967761934
2024,88030,PV,FEDERACAO:101,PORTO LUCENA,0,0,0,0,0,PV,0.0
2024,88048,MDB,PARTIDO:MDB,UNIÃO DA SERRA,14,0,14,535,549,MDB,0.39553314121037464
2024,88048,PSD,PARTIDO:PSD,UNIÃO DA SERRA,5,0,5,314,319,PSD,0.2298270893371758
2024,88048,UNIÃO,PARTIDO:UNIÃO,UNIÃO DA SERRA,16,0,16,504,520,UNIÃO,0.3746397694524496
2024,88056,MDB,PARTIDO:MDB,PORTO XAVIER,85,0,85,2340,2425,MDB,0.3625355060547167
2024,88056,PP,PARTIDO:PP,PORTO XAVIER,40,0,40,2354,2394,PP,0.3579010315443265
2024,88056,REPUBLICANOS,PARTIDO:REPUBLICANOS,PORTO XAVIER,58,0,58,1812,1870,REPUBLICANOS,0.2795634624009568
2024,88064,MDB,PARTIDO:MDB,VALE DO SOL,15,0,15,743,758,MDB,0.11089978054133139
2024,88064,PC do B,FEDERACAO:101,VALE DO SOL,0,0,0,0,0,PC DO B,0.0
2024,88064,PDT,PARTIDO:PDT,VALE DO SOL,17,0,17,539,556,PDT,0.08134601316752012
2024,88064,PL,PARTIDO:PL,VALE DO SOL,23,0,23,1525,1548,PL,0.22648134601316752
2024,88064,PP,PARTIDO:PP,VALE DO SOL,81,0,81,3052,3133,PP,0.45837600585223115
2024,88064,PT,FEDERACAO:101,VALE DO SOL,18,0,18,822,840,PT,0.12289685442574981
2024,88064,PV,FEDERACAO:101,VALE DO SOL,0,0,0,0,0,PV,0.0
2024,88072,MDB,PARTIDO:MDB,PUTINGA,21,0,21,909,930,MDB,0.26480637813211844
2024,88072,PP,PARTIDO:PP,PUTINGA,28,0,28,814,842,PP,0.239749430523918
2024,88072,PSD,PARTIDO:PSD,PUTINGA,49,0,49,1691,1740,PSD,0.49544419134396356
2024,88080,CIDADANIA,FEDERACAO:100,VALE REAL,0,0,0,0,0,CIDADANIA,0.0
2024,88080,MDB,PARTIDO:MDB,VALE REAL,11,0,11,307,318,MDB,0.07912416023886538
2024,88080,PL,PARTIDO:PL,VALE REAL,38,0,38,1482,1520,PL,0.3782035332172182
2024,88080,PODE,PARTIDO:PODE,VALE REAL,12,0,12,465,477,PODE,0.11868624035829808
2024,88080,PSDB,FEDERACAO:100,VALE REAL,23,0,23,885,908,PSDB,0.22592684747449615
2024,88080,REPUBLICANOS,PARTIDO:REPUBLICANOS,VALE REAL,3,0,3,335,338,REPUBLICANOS,0.08410052251803932
2024,88080,UNIÃO,PARTIDO:UNIÃO,VALE REAL,9,0,9,449,458,UNIÃO,0.11395869619308285
2024,88099,AVANTE,PARTIDO:AVANTE,QUARAÍ,2,0,2,266,268,AVANTE,0.020450209843571154
2024,88099,CIDADANIA,FEDERACAO:100,QUARAÍ,8,0,8,206,214,CIDADANIA,0.016329645173597862
2024,88099,MDB,PARTIDO:MDB,QUARAÍ,10,0,10,63,73,MDB,0.005570392979778711
2024,88099,PC do B,FEDERACAO:101,QUARAÍ,0,0,0,0,0,PC DO B,0.0
2024,88099,PDT,PARTIDO:PDT,QUARAÍ,25,0,25,267,292,PDT,0.022281571919114843
2024,88099,PL,PARTIDO:PL,QUARAÍ,55,0,55,883,938,PL,0.07157573445249904
2024,88099,PODE,PARTIDO:PODE,QUARAÍ,15,0,15,1834,1849,PODE,0.14109118657001143
2024,88099,PP,PARTIDO:PP,QUARAÍ,37,0,37,1288,1325,PP,0.10110644792064098
2024,88099,PRD,PARTIDO:PRD,QUARAÍ,0,0,0,0,0,PRD,0.0
2024,88099,PSD,PARTIDO:PSD,QUARAÍ,19,0,19,1932,1951,PSD,0.1488744753910721
2024,88099,PSDB,FEDERACAO:100,QUARAÍ,19,0,19,1325,1344,PSDB,0.1025562762304464
2024,88099,PT,FEDERACAO:101,QUARAÍ,121,0,121,2307,2428,PT,0.18527279664250287
2024,88099,PV,FEDERACAO:101,QUARAÍ,0,0,0,0,0,PV,0.0
2024,88099,REPUBLICANOS,PARTIDO:REPUBLICANOS,QUARAÍ,106,0,106,1462,1568,REPUBLICANOS,0.1196489889355208
2024,88099,UNIÃO,PARTIDO:UNIÃO,QUARAÍ,16,0,16,839,855,UNIÃO,0.0652422739412438
2024,88102,MDB,PARTIDO:MDB,VILA NOVA DO SUL,27,0,27,869,896,MDB,0.2701236056677721
2024,88102,PDT,PARTIDO:PDT,VILA NOVA DO SUL,50,0,50,1040,1090,PDT,0.3286101899306602
2024,88102,PP,PARTIDO:PP,VILA NOVA DO SUL,13,0,13,663,676,PP,0.20379861320470305
2024,88102,UNIÃO,PARTIDO:UNIÃO,VILA NOVA DO SUL,11,0,11,644,655,UNIÃO,0.19746759119686463
2024,88110,CIDADANIA,FEDERACAO:100,REDENTORA,2,0,2,0,2,CIDADANIA,0.0003570790930191037
2024,88110,MDB,PARTIDO:MDB,REDENTORA,87,0,87,1748,1835,MDB,0.3276200678450277
2024,88110,PC do B,FEDERACAO:101,REDENTORA,1,0,1,0,1,PC DO B,0.00017853954650955185
2024,88110,PDT,PARTIDO:PDT,REDENTORA,25,0,25,94,119,PDT,0.021246206034636672
2024,88110,PL,PARTIDO:PL,REDENTORA,66,0,66,1152,1218,PL,0.21746116764863418
2024,88110,PSB,PARTIDO:PSB,REDENTORA,11,0,11,1096,1107,PSB,0.19764327798607392
2024,88110,PSDB,FEDERACAO:100,REDENTORA,11,0,11,237,248,PSDB,0.044277807534368864
2024,88110,PT,FEDERACAO:101,REDENTORA,17,0,17,845,862,PT,0.1539010890912337
2024,88110,PV,FEDERACAO:101,REDENTORA,0,0,0,0,0,PV,0.0
2024,88110,UNIÃO,PARTIDO:UNIÃO,REDENTORA,8,0,8,201,209,UNIÃO,0.03731476522049634
2024,88129,MDB,PARTIDO:MDB,VITÓRIA DAS MISSÕES,10,0,10,516,526,MDB,0.16677235256816741
2024,88129,PC do B,FEDERACAO:101,VITÓRIA DAS MISSÕES,1,0,1,0,1,PC DO B,0.0003170577045022194
2024,88129,PDT,PARTIDO:PDT,VITÓRIA DAS MISSÕES,41,0,41,1211,1252,PDT,0.3969562460367787
2024,88129,PP,PARTIDO:PP,VITÓRIA DAS MISSÕES,7,0,7,860,867,PP,0.2748890298034242
2024,88129,PT,FEDERACAO:101,VITÓRIA DAS MISSÕES,19,0,19,489,508,PT,0.16106531388712747
2024,88129,PV,FEDERACAO:101,VITÓRIA DAS MISSÕES,0,0,0,0,0,PV,0.0
2024,88137,MDB,PARTIDO:MDB,RESTINGA SÊCA,183,0,183,3397,3580,MDB,0.3693768056128766
2024,88137,PC do B,FEDERACAO:101,RESTINGA SÊCA,1,0,1,0,1,PC DO B,0.0001031778786628147
2024,88137,PDT,PARTIDO:PDT,RESTINGA SÊCA,27,0,27,1233,1260,PDT,0.1300041271151465
2024,88137,PL,PARTIDO:PL,RESTINGA SÊCA,15,0,15,1642,1657,PL,0.17096574494428393
2024,88137,PP,PARTIDO:PP,RESTINGA SÊCA,120,0,120,2144,2264,PP,0.23359471729261247
2024,88137,PT,FEDERACAO:101,RESTINGA SÊCA,27,0,27,903,930,PT,0.09595542715641767
2024,88137,PV,FEDERACAO:101,RESTINGA SÊCA,0,0,0,0,0,PV,0.0
2024,88145,CIDADANIA,FEDERACAO:100,XANGRI-LÁ,1,0,1,0,1,CIDADANIA,8.700948403375968e-05
2024,88145,MDB,PARTIDO:MDB,XANGRI-LÁ,85,0,85,2597,2682,MDB,0.23335943617854346
2024,88145,PC do B,FEDERACAO:101,XANGRI-LÁ,0,0,0,0,0,PC DO B,0.0
2024,88145,PDT,PARTIDO:PDT,XANGRI-LÁ,30,0,30,1206,1236,PDT,0.10754372226572696
2024,88145,PL,PARTIDO:PL,XANGRI-LÁ,27,0,27,1738,1765,PL,0.15357173931958584
2024,88145,PODE,PARTIDO:PODE,XANGRI-LÁ,2,0,2,288,290,PODE,0.025232750369790308
2024,88145,PP,PARTIDO:PP,XANGRI-LÁ,19,0,19,1984,2003,PP,0.17427999651962064
2024,88145,PSDB,FEDERACAO:100,XANGRI-LÁ,111,0,111,3262,3373,PSDB,0.2934829896458714
2024,88145,PT,FEDERACAO:101,XANGRI-LÁ,24,0,24,119,143,PT,0.012442356216827634
2024,88145,PV,FEDERACAO:101,XANGRI-LÁ,0,0,0,0,0,PV,0.0
2024,88153,AVANTE,PARTIDO:AVANTE,RIO GRANDE,6,0,6,65,71,AVANTE,0.0007252372342924851
2024,88153,CIDADANIA,FEDERACAO:100,RIO GRANDE,78,0,78,7081,7159,CIDADANIA,0.07312638535633663
2024,88153,DC,PARTIDO:DC,RIO GRANDE,33,0,33,216,249,DC,0.0025434376244905465
2024,88153,MDB,PARTIDO:MDB,RIO GRANDE,906,0,906,14357,15263,MDB,0.1559055761550169
2024,88153,NOVO,PARTIDO:NOVO,RIO GRANDE,146,0,146,1579,1725,NOVO,0.017620200410627278
2024,88153,PC do B,FEDERACAO:101,RIO GRANDE,16,0,16,233,249,PC DO B,0.0025434376244905465
2024,88153,PDT,PARTIDO:PDT,RIO GRANDE,177,0,177,2343,2520,PDT,0.025740814512916373
2024,88153,PL,PARTIDO:PL,RIO GRANDE,426,0,426,7101,7527,PL,0.07688536144393712
2024,88153,PODE,PARTIDO:PODE,RIO GRANDE,22,0,22,584,606,PODE,0.006190053013820366
2024,88153,PP,PARTIDO:PP,RIO GRANDE,89,0,89,4741,4830,PP,0.04933656114975638
2024,88153,PRD,PARTIDO:PRD,RIO GRANDE,147,0,147,7424,7571,PRD,0.07733480423701979
2024,88153,PSB,PARTIDO:PSB,RIO GRANDE,93,0,93,5790,5883,PSB,0.060092544356939295
2024,88153,PSD,PARTIDO:PSD,RIO GRANDE,67,0,67,7502,7569,PSD,0.07731437501915239
2024,88153,PSDB,FEDERACAO:100,RIO GRANDE,144,0,144,4913,5057,PSDB,0.051655277377705595
2024,88153,PSOL,FEDERACAO:102,RIO GRANDE,66,0,66,1611,1677,PSOL,0.017129899181809825
2024,88153,PT,FEDERACAO:101,RIO GRANDE,2086,0,2086,15905,17991,PT,0.18377102932614225
2024,88153,PV,FEDERACAO:101,RIO GRANDE,14,0,14,812,826,PV,0.0084372669792337
2024,88153,REDE,FEDERACAO:102,RIO GRANDE,7,0,7,0,7,REDE,7.150226253587881e-05
2024,88153,REPUBLICANOS,PARTIDO:REPUBLICANOS,RIO GRANDE,84,0,84,5480,5564,REPUBLICANOS,0.05683408410708996
2024,88153,SOLIDARIEDADE,PARTIDO:SOLIDARIEDADE,RIO GRANDE,16,0,16,82,98,SOLIDARIEDADE,0.0010010316755023035
2024,88153,UNIÃO,PARTIDO:UNIÃO,RIO GRANDE,61,0,61,5396,5457,UNIÃO,0.055741120951184386
2024,88161,CIDADANIA,FEDERACAO:100,BOA VISTA DO SUL,0,0,0,0,0,CIDADANIA,0.0
2024,88161,MDB,PARTIDO:MDB,BOA VISTA DO SUL,16,0,16,392,408,MDB,0.1799735333039259
2024,88161,PP,PARTIDO:PP,BOA VISTA DO SUL,12,0,12,552,564,PP,0.24878694309660343
2024,88161,PSD,PARTIDO:PSD,BOA VISTA DO SUL,19,0,19,734,753,PSD,0.3321570357300397
2024,88161,PSDB,FEDERACAO:100,BOA VISTA DO SUL,8,0,8,534,542,PSDB,0.23908248786943095
2024,88170,CIDADANIA,FEDERACAO:100,RIO PARDO,4,0,4,0,4,CIDADANIA,0.0001843402921793631
2024,88170,MDB,PARTIDO:MDB,RIO PARDO,174,0,174,3918,4092,MDB,0.18858011889948845
2024,88170,PC do B,FEDERACAO:101,RIO PARDO,2,0,2,0,2,PC DO B,9.217014608968155e-05
2024,88170,PDT,PARTIDO:PDT,RIO PARDO,30,0,30,1398,1428,PDT,0.06580948430803263
2024,88170,PL,PARTIDO:PL,RIO PARDO,167,0,167,4321,4488,PL,0.2068298078252454
2024,88170,PODE,PARTIDO:PODE,RIO PARDO,39,0,39,3098,3137,PODE,0.14456887414166553
2024,88170,PP,PARTIDO:PP,RIO PARDO,133,0,133,2144,2277,PP,0.10493571132310245
2024,88170,PSB,PARTIDO:PSB,RIO PARDO,3,0,3,15,18,PSB,0.0008295313148071339
2024,88170,PSD,PARTIDO:PSD,RIO PARDO,24,0,24,1884,1908,PSD,0.0879303193695562
2024,88170,PSDB,FEDERACAO:100,RIO PARDO,24,0,24,1813,1837,PSDB,0.0846582791833725
2024,88170,PT,FEDERACAO:101,RIO PARDO,50,0,50,686,736,PT,0.03391861376100281
2024,88170,PV,FEDERACAO:101,RIO PARDO,0,0,0,0,0,PV,0.0
2024,88170,REPUBLICANOS,PARTIDO:REPUBLICANOS,RIO PARDO,26,0,26,1746,1772,REPUBLICANOS,0.08166274943545786
2024,88188,MDB,PARTIDO:MDB,DILERMANDO DE AGUIAR,14,0,14,916,930,MDB,0.3250611674239776
2024,88188,PC do B,FEDERACAO:101,DILERMANDO DE AGUIAR,0,0,0,0,0,PC DO B,0.0
2024,88188,PSB,PARTIDO:PSB,DILERMANDO DE AGUIAR,4,0,4,231,235,PSB,0.08213911219853198
2024,88188,PT,FEDERACAO:101,DILERMANDO DE AGUIAR,8,0,8,598,606,PT,0.211814051031108
2024,88188,PV,FEDERACAO:101,DILERMANDO DE AGUIAR,0,0,0,0,0,PV,0.0
2024,88188,REPUBLICANOS,PARTIDO:REPUBLICANOS,DILERMANDO DE AGUIAR,4,0,4,608,612,REPUBLICANOS,0.2139112198531982
2024,88188,UNIÃO,PARTIDO:UNIÃO,DILERMANDO DE AGUIAR,19,0,19,459,478,UNIÃO,0.1670744494931842
2024,88196,CIDADANIA,FEDERACAO:100,ROCA SALES,0,0,0,0,0,CIDADANIA,0.0
2024,88196,MDB,PARTIDO:MDB,ROCA SALES,54,0,54,2158,2212,MDB,0.35827664399092973
2024,88196,PODE,PARTIDO:PODE,ROCA SALES,22,0,22,941,963,PODE,0.15597667638483964
2024,88196,PP,PARTIDO:PP,ROCA SALES,65,0,65,1554,1619,PP,0.2622287010042112
2024,88196,PSDB,FEDERACAO:100,ROCA SALES,11,0,11,1049,1060,PSDB,0.17168772270813087
2024,88196,UNIÃO,PARTIDO:UNIÃO,ROCA SALES,3,0,3,317,320,UNIÃO,0.05183025591188856
2024,88200,CIDADANIA,FEDERACAO:100,CAPIVARI DO SUL,3,0,3,260,263,CIDADANIA,0.087346396545998
2024,88200,MDB,PARTIDO:MDB,CAPIVARI DO SUL,19,0,19,613,632,MDB,0.20989704417137164
2024,88200,PC do B,FEDERACAO:101,CAPIVARI DO SUL,0,0,0,0,0,PC DO B,0.0
2024,88200,PDT,PARTIDO:PDT,CAPIVARI DO SUL,22,0,22,589,611,PDT,0.2029226170707406
2024,88200,PP,PARTIDO:PP,CAPIVARI DO SUL,9,0,9,777,786,PP,0.26104284290933244
2024,88200,PSDB,FEDERACAO:100,CAPIVARI DO SUL,3,0,3,120,123,PSDB,0.040850215875124544
2024,88200,PT,FEDERACAO:101,CAPIVARI DO SUL,3,0,3,189,192,PT,0.06376619063434075
2024,88200,PV,FEDERACAO:101,CAPIVARI DO SUL,0,0,0,0,0,PV,0.0
2024,88200,REPUBLICANOS,PARTIDO:REPUBLICANOS,CAPIVARI DO SUL,20,0,20,384,404,REPUBLICANOS,0.134174692793092
2024,88218,MDB,PARTIDO:MDB,RODEIO BONITO,30,0,30,1258,1288,MDB,0.28313915146185975
2024,88218,PC do B,FEDERACAO:101,RODEIO BONITO,0,0,0,0,0,PC DO B,0.0
2024,88218,PDT,PARTIDO:PDT,RODEIO BONITO,6,0,6,65,71,PDT,0.015607825895801276
2024,88218,PP,PARTIDO:PP,RODEIO BONITO,25,0,25,875,900,PP,0.19784568036931194
2024,88218,PT,FEDERACAO:101,RODEIO BONITO,22,0,22,784,806,PT,0.177181798197406
2024,88218,PV,FEDERACAO:101,RODEIO BONITO,0,0,0,0,0,PV,0.0
2024,88218,REPUBLICANOS,PARTIDO:REPUBLICANOS,RODEIO BONITO,64,0,64,1420,1484,REPUBLICANOS,0.326225544075621
2024,88226,MDB,PARTIDO:MDB,NOVA CANDELÁRIA,14,0,14,190,204,MDB,0.08468244084682441
2024,88226,PC do B,FEDERACAO:101,NOVA CANDELÁRIA,0,0,0,0,0,PC DO B,0.0
2024,88226,PDT,PARTIDO:PDT,NOVA CANDELÁRIA,4,0,4,510,514,PDT,0.21336654213366543
2024,88226,PP,PARTIDO:PP,NOVA CANDELÁRIA,9,0,9,1086,1095,PP,0.45454545454545453
2024,88226,PT,FEDERACAO:101,NOVA CANDELÁRIA,15,0,15,262,277,PT,0.11498547114985472
2024,88226,PV,FEDERACAO:101,NOVA CANDELÁRIA,0,0,0,0,0,PV,0.0
2024,88226,REPUBLICANOS,PARTIDO:REPUBLICANOS,NOVA CANDELÁRIA,2,0,2,317,319,REPUBLICANOS,0.1324200913242009
2024,88234,CIDADANIA,FEDERACAO:100,ROLANTE,2,0,2,0,2,CIDADANIA,0.00014734050390452334
2024,88234,MDB,PARTIDO:MDB,ROLANTE,40,0,40,3204,3244,MDB,0.23898629733313687
2024,88234,PC do B,FEDERACAO:101,ROLANTE,1,0,1,0,1,PC DO B,7.367025195226167e-05
2024,88234,PDT,PARTIDO:PDT,ROLANTE,15,0,15,112,127,PDT,0.009356121997937233
2024,88234,PL,PARTIDO:PL,ROLANTE,28,0,28,277,305,PL,0.022469426845439813
2024,88234,PP,PARTIDO:PP,ROLANTE,120,0,120,2883,3003,PP,0.22123176661264182
2024,88234,PRD,PARTIDO:PRD,ROLANTE,109,0,109,1750,1859,PRD,0.13695299837925445
2024,88234,PSB,PARTIDO:PSB,ROLANTE,18,0,18,961,979,PSB,0.07212317666126418
2024,88234,PSDB,FEDERACAO:100,ROLANTE,22,0,22,1983,2005,PSDB,0.14770885516428467
2024,88234,PT,FEDERACAO:101,ROLANTE,16,0,16,867,883,PT,0.06505083247384706
2024,88234,PV,FEDERACAO:101,ROLANTE,2,0,2,0,2,PV,0.00014734050390452334
2024,88234,REPUBLICANOS,PARTIDO:REPUBLICANOS,ROLANTE,16,0,16,1148,1164,REPUBLICANOS,0.08575217327243259
2024,88242,MDB,PARTIDO:MDB,FLORIANO PEIXOTO,18,0,18,835,853,MDB,0.5053317535545023
2024,88242,PC do B,FEDERACAO:101,FLORIANO PEIXOTO,0,0,0,0,0,PC DO B,0.0
2024,88242,PP,PARTIDO:PP,FLORIANO PEIXOTO,3,0,3,220,223,PP,0.13210900473933648
2024,88242,PT,FEDERACAO:101,FLORIANO PEIXOTO,14,0,14,408,422,PT,0.25
2024,88242,PV,FEDERACAO:101,FLORIANO PEIXOTO,0,0,0,0,0,PV,0.0
2024,88242,UNIÃO,PARTIDO:UNIÃO,FLORIANO PEIXOTO,2,0,2,188,190,UNIÃO,0.11255924170616113
2024,88250,MDB,PARTIDO:MDB,RONDA ALTA,9,0,9,645,654,MDB,0.10013780431786863
2024,88250,PC do B,FEDERACAO:101,RONDA ALTA,1,0,1,0,1,PC DO B,0.0001531159087429184
2024,88250,PDT,PARTIDO:PDT,RONDA ALTA,97,0,97,2174,2271,PDT,0.3477262287551677
2024,88250,PP,PARTIDO:PP,RONDA ALTA,20,0,20,1313,1333,PP,0.2041035063543102
2024,88250,PSB,PARTIDO:PSB,RONDA ALTA,2,0,2,178,180,PSB,0.02756086357372531
2024,88250,PT,FEDERACAO:101,RONDA ALTA,78,0,78,2014,2092,PT,0.3203184810901853
2024,88250,PV,FEDERACAO:101,RONDA ALTA,0,0,0,0,0,PV,0.0
2024,88269,CIDADANIA,FEDERACAO:100,CHUVISCA,1,0,1,0,1,CIDADANIA,0.0002637826431020839
2024,88269,MDB,PARTIDO:MDB,CHUVISCA,15,0,15,1593,1608,MDB,0.4241624901081509
2024,88269,PDT,PARTIDO:PDT,CHUVISCA,1,0,1,70,71,PDT,0.018728567660247955
2024,88269,PP,PARTIDO:PP,CHUVISCA,34,0,34,945,979,PP,0.25824320759694014
2024,88269,PSB,PARTIDO:PSB,CHUVISCA,5,0,5,811,816,PSB,0.21524663677130046
2024,88269,PSD,PARTIDO:PSD,CHUVISCA,2,0,2,202,204,PSD,0.053811659192825115
2024,88269,PSDB,FEDERACAO:100,CHUVISCA,34,0,34,78,112,PSDB,0.029543656027433394
2024,88277,PC do B,FEDERACAO:101,RONDINHA,0,0,0,0,0,PC DO B,0.0
2024,88277,PL,PARTIDO:PL,RONDINHA,2,0,2,162,164,PL,0.04271945819223756
2024,88277,PP,PARTIDO:PP,RONDINHA,58,0,58,2643,2701,PP,0.7035686376660588
2024,88277,PT,FEDERACAO:101,RONDINHA,36,0,36,938,974,PT,0.2537119041417036
2024,88277,PV,FEDERACAO:101,RONDINHA,0,0,0,0,0,PV,0.0
2024,88285,MDB,PARTIDO:MDB,ESPERANÇA DO SUL,86,0,86,2146,2232,MDB,0.7856388595564942
2024,88285,UNIÃO,PARTIDO:UNIÃO,ESPERANÇA DO SUL,6,0,6,603,609,UNIÃO,0.21436114044350582
2024,88293,MDB,PARTIDO:MDB,ROQUE GONZALES,54,0,54,2005,2059,MDB,0.4377125850340136
2024,88293,PP,PARTIDO:PP,ROQUE GONZALES,68,0,68,2577,2645,PP,0.5622874149659864
2024,88307,CIDADANIA,FEDERACAO:100,DOUTOR RICARDO,0,0,0,0,0,CIDADANIA,0.0
2024,88307,MDB,PARTIDO:MDB,DOUTOR RICARDO,16,0,16,729,745,MDB,0.38781884435190006
2024,88307,PDT,PARTIDO:PDT,DOUTOR RICARDO,1,0,1,193,194,PDT,0.10098906819364914
2024,88307,PP,PARTIDO:PP,DOUTOR RICARDO,11,0,11,431,442,PP,0.23008849557522124
2024,88307,PSDB,FEDERACAO:100,DOUTOR RICARDO,22,0,22,518,540,PSDB,0.28110359187922956
2024,88315,CIDADANIA,FEDERACAO:100,ROSÁRIO DO SUL,9,0,9,0,9,CIDADANIA,0.00039757918452091706
2024,88315,MDB,PARTIDO:MDB,ROSÁRIO DO SUL,13,0,13,871,884,MDB,0.03905111101294341
2024,88315,PC do B,FEDERACAO:101,ROSÁRIO DO SUL,4,0,4,114,118,PC DO B,0.005212704863718691
2024,88315,PDT,PARTIDO:PDT,ROSÁRIO DO SUL,247,0,247,6419,6666,PDT,0.29447364933515924
2024,88315,PL,PARTIDO:PL,ROSÁRIO DO SUL,27,0,27,1940,1967,PL,0.08689313955029376
2024,88315,PP,PARTIDO:PP,ROSÁRIO DO SUL,69,0,69,2774,2843,PP,0.12559084684366303
2024,88315,PSDB,FEDERACAO:100,ROSÁRIO DO SUL,180,0,180,2818,2998,PSDB,0.13243804391041217
2024,88315,PT,FEDERACAO:101,ROSÁRIO DO SUL,66,0,66,1521,1587,PT,0.07010646287052172
2024,88315,PV,FEDERACAO:101,ROSÁRIO DO SUL,2,0,2,0,2,PV,8.835092989353712e-05
2024,88315,REPUBLICANOS,PARTIDO:REPUBLICANOS,ROSÁRIO DO SUL,176,0,176,4610,4786,REPUBLICANOS,0.21142377523523434
2024,88315,UNIÃO,PARTIDO:UNIÃO,ROSÁRIO DO SUL,16,0,16,761,777,UNIÃO,0.03432433626363918
2024,88323,MDB,PARTIDO:MDB,HERVEIRAS,8,0,8,312,320,MDB,0.12955465587044535
2024,88323,PC do B,FEDERACAO:101,HERVEIRAS,0,0,0,0,0,PC DO B,0.0
2024,88323,PL,PARTIDO:PL,HERVEIRAS,25,0,25,1003,1028,PL,0.4161943319838057
2024,88323,PODE,PARTIDO:PODE,HERVEIRAS,8,0,8,301,309,PODE,0.12510121457489878
2024,88323,PP,PARTIDO:PP,HERVEIRAS,11,0,11,767,778,PP,0.31497975708502024
2024,88323,PT,FEDERACAO:101,HERVEIRAS,1,0,1,34,35,PT,0.01417004048582996
2024,88323,PV,FEDERACAO:101,HERVEIRAS,0,0,0,0,0,PV,0.0
2024,88331,MDB,PARTIDO:MDB,SALVADOR DO SUL,61,0,61,2428,2489,MDB,0.5164971985889188
2024,88331,PL,PARTIDO:PL,SALVADOR DO SUL,18,0,18,432,450,PL,0.09338036937123885
2024,88331,PP,PARTIDO:PP,SALVADOR DO SUL,49,0,49,1371,1420,PP,0.2946669433492426
2024,88331,REPUBLICANOS,PARTIDO:REPUBLICANOS,SALVADOR DO SUL,3,0,3,135,138,REPUBLICANOS,0.028636646607179912
2024,88331,UNIÃO,PARTIDO:UNIÃO,SALVADOR DO SUL,3,0,3,319,322,UNIÃO,0.0668188420834198
2024,88340,CIDADANIA,FEDERACAO:100,CARAÁ,0,0,0,0,0,CIDADANIA,0.0
2024,88340,MDB,PARTIDO:MDB,CARAÁ,55,0,55,1194,1249,MDB,0.25458622095393396
2024,88340,PC do B,FEDERACAO:101,CARAÁ,0,0,0,0,0,PC DO B,0.0
2024,88340,PP,PARTIDO:PP,CARAÁ,16,0,16,747,763,PP,0.15552384834896046
2024,88340,PSB,PARTIDO:PSB,CARAÁ,4,0,4,525,529,PSB,0.10782715042804729
2024,88340,PSDB,FEDERACAO:100,CARAÁ,79,0,79,1529,1608,PSDB,0.32776192417448025
2024,88340,PT,FEDERACAO:101,CARAÁ,10,0,10,193,203,PT,0.041377904606604156
2024,88340,PV,FEDERACAO:101,CARAÁ,0,0,0,0,0,PV,0.0
2024,88340,REPUBLICANOS,PARTIDO:REPUBLICANOS,CARAÁ,14,0,14,540,554,REPUBLICANOS,0.1129229514879739
2024,88358,CIDADANIA,FEDERACAO:100,SANANDUVA,1,0,1,0,1,CIDADANIA,9.189487226612754e-05
2024,88358,MDB,PARTIDO:MDB,SANANDUVA,68,0,68,2805,2873,MDB,0.26401396802058447
2024,88358,PC do B,FEDERACAO:101,SANANDUVA,1,0,1,0,1,PC DO B,9.189487226612754e-05
2024,88358,PDT,PARTIDO:PDT,SANANDUVA,28,0,28,1267,1295,PDT,0.11900385958463518
2024,88358,PL,PARTIDO:PL,SANANDUVA,98,0,98,2000,2098,PL,0.1927954420143356
2024,88358,PP,PARTIDO:PP,SANANDUVA,43,0,43,1824,1867,PP,0.17156772652086014
2024,88358,PSDB,FEDERACAO:100,SANANDUVA,45,0,45,1280,1325,PSDB,0.121760705752619
2024,88358,PT,FEDERACAO:101,SANANDUVA,32,0,32,1390,1422,PT,0.13067450836243338
2024,88358,PV,FEDERACAO:101,SANANDUVA,0,0,0,0,0,PV,0.0
2024,88366,CIDADANIA,FEDERACAO:100,FAZENDA VILANOVA,0,0,0,0,0,CIDADANIA,0.0
2024,88366,PC do B,FEDERACAO:101,FAZENDA VILANOVA,0,0,0,0,0,PC DO B,0.0
2024,88366,PDT,PARTIDO:PDT,FAZENDA VILANOVA,52,0,52,1404,1456,PDT,0.4545738370277865
2024,88366,PP,PARTIDO:PP,FAZENDA VILANOVA,11,0,11,369,380,PP,0.11863877614736185
2024,88366,PSDB,FEDERACAO:100,FAZENDA VILANOVA,4,0,4,663,667,PSDB,0.20824227286918515
2024,88366,PT,FEDERACAO:101,FAZENDA VILANOVA,6,0,6,177,183,PT,0.05713393693412426
2024,88366,PV,FEDERACAO:101,FAZENDA VILANOVA,0,0,0,0,0,PV,0.0
2024,88366,REPUBLICANOS,PARTIDO:REPUBLICANOS,FAZENDA VILANOVA,20,0,20,497,517,REPUBLICANOS,0.1614111770215423
2024,88374,PC do B,FEDERACAO:101,SANTA BÁRBARA DO SUL,1,0,1,0,1,PC DO B,0.00017433751743375174
2024,88374,PDT,PARTIDO:PDT,SANTA BÁRBARA DO SUL,78,0,78,1108,1186,PDT,0.20676429567642957
2024,88374,PL,PARTIDO:PL,SANTA BÁRBARA DO SUL,12,0,12,912,924,PL,0.16108786610878661
2024,88374,PP,PARTIDO:PP,SANTA BÁRBARA DO SUL,85,0,85,2384,2469,PP,0.4304393305439331
2024,88374,PRD,PARTIDO:PRD,SANTA BÁRBARA DO SUL,0,0,0,157,157,PRD,0.027370990237099022
2024,88374,PT,FEDERACAO:101,SANTA BÁRBARA DO SUL,15,0,15,984,999,PT,0.174163179916318
2024,88374,PV,FEDERACAO:101,SANTA BÁRBARA DO SUL,0,0,0,0,0,PV,0.0
2024,88382,CIDADANIA,FEDERACAO:100,ITAARA,0,0,0,0,0,CIDADANIA,0.0
2024,88382,MDB,PARTIDO:MDB,ITAARA,10,0,10,518,528,MDB,0.14732142857142858
2024,88382,PC do B,FEDERACAO:101,ITAARA,0,0,0,0,0,PC DO B,0.0
2024,88382,PL,PARTIDO:PL,ITAARA,32,0,32,603,635,PL,0.17717633928571427
2024,88382,PP,PARTIDO:PP,ITAARA,27,0,27,1125,1152,PP,0.32142857142857145
2024,88382,PSB,PARTIDO:PSB,ITAARA,7,0,7,485,492,PSB,0.13727678571428573
2024,88382,PSDB,FEDERACAO:100,ITAARA,6,0,6,154,160,PSDB,0.044642857142857144
2024,88382,PT,FEDERACAO:101,ITAARA,39,0,39,578,617,PT,0.17215401785714285
2024,88382,PV,FEDERACAO:101,ITAARA,0,0,0,0,0,PV,0.0
2024,88390,CIDADANIA,FEDERACAO:100,SANTA CRUZ DO SUL,12,0,12,0,12,CIDADANIA,0.00015269506794930523
2024,88390,MDB,PARTIDO:MDB,SANTA CRUZ DO SUL,62,0,62,3375,3437,MDB,0.04373441237848018
2024,88390,NOVO,PARTIDO:NOVO,SANTA CRUZ DO SUL,232,0,232,3530,3762,NOVO,0.04786990380210719
2024,88390,PC do B,FEDERACAO:101,SANTA CRUZ DO SUL,3,0,3,0,3,PC DO B,3.817376698732631e-05
2024,88390,PDT,PARTIDO:PDT,SANTA CRUZ DO SUL,124,0,124,4127,4251,PDT,0.05409222782104138
2024,88390,PL,PARTIDO:PL,SANTA CRUZ DO SUL,662,0,662,17970,18632,PL,0.23708454216928793
2024,88390,PODE,PARTIDO:PODE,SANTA CRUZ DO SUL,74,0,74,7265,7339,PODE,0.09338575863999593
2024,88390,PP,PARTIDO:PP,SANTA CRUZ DO SUL,479,0,479,9416,9895,PP,0.12590980811319794
2024,88390,PSB,PARTIDO:PSB,SANTA CRUZ DO SUL,83,0,83,5857,5940,PSB,0.0755840586349061
2024,88390,PSD,PARTIDO:PSD,SANTA CRUZ DO SUL,16,0,16,381,397,PSD,0.005051661831322848
2024,88390,PSDB,FEDERACAO:100,SANTA CRUZ DO SUL,73,0,73,6302,6375,PSDB,0.08111925484806841
2024,88390,PT,FEDERACAO:101,SANTA CRUZ DO SUL,366,0,366,5667,6033,PT,0.0767674454115132
2024,88390,PV,FEDERACAO:101,SANTA CRUZ DO SUL,5,0,5,0,5,PV,6.362294497887718e-05
2024,88390,REPUBLICANOS,PARTIDO:REPUBLICANOS,SANTA CRUZ DO SUL,96,0,96,8228,8324,REPUBLICANOS,0.10591947880083473
2024,88390,UNIÃO,PARTIDO:UNIÃO,SANTA CRUZ DO SUL,55,0,55,4128,4183,UNIÃO,0.05322695576932865
2024,88404,MDB,PARTIDO:MDB,ESTRELA VELHA,28,0,28,1588,1616,MDB,0.5863570391872278
2024,88404,PDT,PARTIDO:PDT,ESTRELA VELHA,19,0,19,161,180,PDT,0.06531204644412192
2024,88404,PP,PARTIDO:PP,ESTRELA VELHA,13,0,13,947,960,PP,0.3483309143686502
2024,88412,CIDADANIA,FEDERACAO:100,SANTA MARIA,15,0,15,0,15,CIDADANIA,0.00010735680391637621
2024,88412,MDB,PARTIDO:MDB,SANTA MARIA,196,0,196,10786,10982,MDB,0.07859949470730956
2024,88412,NOVO,PARTIDO:NOVO,SANTA MARIA,456,0,456,7370,7826,NOVO,0.05601162316330401
2024,88412,PC do B,FEDERACAO:101,SANTA MARIA,69,0,69,3716,3785,PC DO B,0.027089700188232264
2024,88412,PDT,PARTIDO:PDT,SANTA MARIA,416,0,416,9294,9710,PDT,0.06949563773520087
2024,88412,PL,PARTIDO:PL,SANTA MARIA,999,0,999,14046,15045,PL,0.10767887432812534
2024,88412,PODE,PARTIDO:PODE,SANTA MARIA,115,0,115,8303,8418,PODE,0.060248638357870324
2024,88412,PP,PARTIDO:PP,SANTA MARIA,229,0,229,10485,10714,PP,0.07668138647733698
2024,88412,PRD,PARTIDO:PRD,SANTA MARIA,37,0,37,146,183,PRD,0.0013097530077797897
2024,88412,PSB,PARTIDO:PSB,SANTA MARIA,55,0,55,3689,3744,PSB,0.026796258257527503
2024,88412,PSD,PARTIDO:PSD,SANTA MARIA,59,0,59,3749,3808,PSD,0.027254313954237372
2024,88412,PSDB,FEDERACAO:100,SANTA MARIA,919,0,919,14823,15742,PSDB,0.11266738715010628
2024,88412,PSOL,FEDERACAO:102,SANTA MARIA,181,0,181,5071,5252,PSOL,0.03758919561125386
2024,88412,PT,FEDERACAO:101,SANTA MARIA,2565,0,2565,22319,24884,PT,0.17809778057700704
2024,88412,PV,FEDERACAO:101,SANTA MARIA,12,0,12,0,12,PV,8.588544313310097e-05
2024,88412,REDE,FEDERACAO:102,SANTA MARIA,9,0,9,255,264,REDE,0.0018894797489282212
2024,88412,REPUBLICANOS,PARTIDO:REPUBLICANOS,SANTA MARIA,155,0,155,13226,13381,REPUBLICANOS,0.09576942621366867
2024,88412,UNIÃO,PARTIDO:UNIÃO,SANTA MARIA,70,0,70,5886,5956,UNIÃO,0.04262780827506245
2024,88420,CIDADANIA,FEDERACAO:100,BENJAMIN CONSTANT DO SUL,27,0,27,894,921,CIDADANIA,0.5575060532687651
2024,88420,PC do B,FEDERACAO:101,BENJAMIN CONSTANT DO SUL,0,0,0,0,0,PC DO B,0.0
2024,88420,PSDB,FEDERACAO:100,BENJAMIN CONSTANT DO SUL,0,0,0,0,0,PSDB,0.0
2024,88420,PT,FEDERACAO:101,BENJAMIN CONSTANT DO SUL,16,0,16,715,731,PT,0.4424939467312349
2024,88420,PV,FEDERACAO:101,BENJAMIN CONSTANT DO SUL,0,0,0,0,0,PV,0.0
2024,88439,MDB,PARTIDO:MDB,SANTANA DA BOA VISTA,95,0,95,1681,1776,MDB,0.35792019347037485
2024,88439,PC do B,FEDERACAO:101,SANTANA DA BOA VISTA,0,0,0,0,0,PC DO B,0.0
2024,88439,PDT,PARTIDO:PDT,SANTANA DA BOA VISTA,7,0,7,241,248,PDT,0.049979846835953246
2024,88439,PP,PARTIDO:PP,SANTANA DA BOA VISTA,28,0,28,1276,1304,PP,0.26279725916968966
2024,88439,PSD,PARTIDO:PSD,SANTANA DA BOA VISTA,12,0,12,1227,1239,PSD,0.24969770253929868
2024,88439,PT,FEDERACAO:101,SANTANA DA BOA VISTA,0,0,0,0,0,PT,0.0
2024,88439,PV,FEDERACAO:101,SANTANA DA BOA VISTA,0,0,0,0,0,PV,0.0
2024,88439,UNIÃO,PARTIDO:UNIÃO,SANTANA DA BOA VISTA,35,0,35,360,395,UNIÃO,0.0796049979846836
2024,88447,CIDADANIA,FEDERACAO:100,MAÇAMBARÁ,0,0,0,0,0,CIDADANIA,0.0
2024,88447,MDB,PARTIDO:MDB,MAÇAMBARÁ,38,0,38,972,1010,MDB,0.2993479549496147
2024,88447,PDT,PARTIDO:PDT,MAÇAMBARÁ,5,0,5,245,250,PDT,0.07409602845287493
2024,88447,PL,PARTIDO:PL,MAÇAMBARÁ,14,0,14,508,522,PL,0.15471250740960285
2024,88447,PP,PARTIDO:PP,MAÇAMBARÁ,17,0,17,400,417,PP,0.12359217545939538
2024,88447,PSDB,FEDERACAO:100,MAÇAMBARÁ,18,0,18,1157,1175,PSDB,0.34825133372851214
2024,88455,MDB,PARTIDO:MDB,SANT ANA DO LIVRAMENTO,48,0,48,3971,4019,MDB,0.08798353729284791
2024,88455,PC do B,FEDERACAO:101,SANT ANA DO LIVRAMENTO,12,0,12,285,297,PC DO B,0.006501893649160446
2024,88455,PCB,PARTIDO:PCB,SANT ANA DO LIVRAMENTO,16,0,16,41,57,PCB,0.0012478381750913987
2024,88455,PDT,PARTIDO:PDT,SANT ANA DO LIVRAMENTO,132,0,132,1905,2037,PDT,0.044593795836161035
2024,88455,PL,PARTIDO:PL,SANT ANA DO LIVRAMENTO,771,0,771,9523,10294,PL,0.22535519604194487
2024,88455,PODE,PARTIDO:PODE,SANT ANA DO LIVRAMENTO,78,0,78,4379,4457,PODE,0.09757218853302393
2024,88455,PP,PARTIDO:PP,SANT ANA DO LIVRAMENTO,95,0,95,3141,3236,PP,0.07084218130869765
2024,88455,PRD,PARTIDO:PRD,SANT ANA DO LIVRAMENTO,48,0,48,1572,1620,PRD,0.035464874449966065
2024,88455,PSB,PARTIDO:PSB,SANT ANA DO LIVRAMENTO,56,0,56,3682,3738,PSB,0.08183191400862541
2024,88455,PSOL,FEDERACAO:102,SANT ANA DO LIVRAMENTO,9,0,9,183,192,PSOL,0.0042032443792552375
2024,88455,PT,FEDERACAO:101,SANT ANA DO LIVRAMENTO,551,0,551,7115,7666,PT,0.1678232886008888
2024,88455,PV,FEDERACAO:101,SANT ANA DO LIVRAMENTO,0,0,0,0,0,PV,0.0
2024,88455,REDE,FEDERACAO:102,SANT ANA DO LIVRAMENTO,11,0,11,0,11,REDE,0.00024081087589483132
2024,88455,REPUBLICANOS,PARTIDO:REPUBLICANOS,SANT ANA DO LIVRAMENTO,86,0,86,6947,7033,REPUBLICANOS,0.1539657172880317
2024,88455,UNIÃO,PARTIDO:UNIÃO,SANT ANA DO LIVRAMENTO,17,0,17,1005,1022,UNIÃO,0.02237351956041069
2024,88463,MDB,PARTIDO:MDB,DOM PEDRO DE ALCÂNTARA,25,0,25,1295,1320,MDB,0.5486284289276808
2024,88463,PDT,PARTIDO:PDT,DOM PEDRO DE ALCÂNTARA,3,0,3,242,245,PDT,0.10182876142975894
2024,88463,PP,PARTIDO:PP,DOM PEDRO DE ALCÂNTARA,14,0,14,539,553,PP,0.22984206151288444
2024,88463,REPUBLICANOS,PARTIDO:REPUBLICANOS,DOM PEDRO DE ALCÂNTARA,1,0,1,287,288,REPUBLICANOS,0.11970074812967581
2024,88471,CIDADANIA,FEDERACAO:100,SANTA ROSA,36,0,36,7078,7114,CIDADANIA,0.1602540998378086
2024,88471,MDB,PARTIDO:MDB,SANTA ROSA,96,0,96,6348,6444,MDB,0.14516129032258066
2024,88471,PC do B,FEDERACAO:101,SANTA ROSA,3,0,3,495,498,PC DO B,0.011218237520273924
2024,88471,PDT,PARTIDO:PDT,SANTA ROSA,76,0,76,1795,1871,PDT,0.042147233735808254
2024,88471,PL,PARTIDO:PL,SANTA ROSA,39,0,39,1903,1942,PL,0.0437466210127951
2024,88471,PP,PARTIDO:PP,SANTA ROSA,467,0,467,12773,13240,PP,0.29825193728599747
2024,88471,PSD,PARTIDO:PSD,SANTA ROSA,27,0,27,1813,1840,PSD,0.041448909713461886
2024,88471,PSDB,FEDERACAO:100,SANTA ROSA,15,0,15,571,586,PSDB,0.01320057668048297
2024,88471,PT,FEDERACAO:101,SANTA ROSA,409,0,409,5648,6057,PT,0.13644350333393404
2024,88471,PV,FEDERACAO:101,SANTA ROSA,0,0,0,0,0,PV,0.0
2024,88471,REPUBLICANOS,PARTIDO:REPUBLICANOS,SANTA ROSA,45,0,45,4755,4800,REPUBLICANOS,0.1081275905568571
2024,88480,MDB,PARTIDO:MDB,UNISTALDA,5,0,5,470,475,MDB,0.20851624231782265
2024,88480,PC do B,FEDERACAO:101,UNISTALDA,0,0,0,0,0,PC DO B,0.0
2024,88480,PDT,PARTIDO:PDT,UNISTALDA,2,0,2,173,175,PDT,0.07682177348551361
2024,88480,PP,PARTIDO:PP,UNISTALDA,38,0,38,1362,1400,PP,0.6145741878841089
2024,88480,PT,FEDERACAO:101,UNISTALDA,4,0,4,224,228,PT,0.10008779631255488
2024,88480,PV,FEDERACAO:101,UNISTALDA,0,0,0,0,0,PV,0.0
2024,88498,CIDADANIA,FEDERACAO:100,SANTA VITÓRIA DO PALMAR,4,0,4,0,4,CIDADANIA,0.00024560972614515533
2024,88498,MDB,PARTIDO:MDB,SANTA VITÓRIA DO PALMAR,237,0,237,5700,5937,MDB,0.3645462360309468
2024,88498,PC do B,FEDERACAO:101,SANTA VITÓRIA DO PALMAR,0,0,0,0,0,PC DO B,0.0
2024,88498,PDT,PARTIDO:PDT,SANTA VITÓRIA DO PALMAR,50,0,50,1001,1051,PDT,0.06453395554463957
2024,88498,PP,PARTIDO:PP,SANTA VITÓRIA DO PALMAR,45,0,45,1445,1490,PP,0.09148962298907037
2024,88498,PSB,PARTIDO:PSB,SANTA VITÓRIA DO PALMAR,16,0,16,664,680,PSB,0.04175365344467641
2024,88498,PSDB,FEDERACAO:100,SANTA VITÓRIA DO PALMAR,205,0,205,1741,1946,PSDB,0.11948913176961808
2024,88498,PSOL,FEDERACAO:102,SANTA VITÓRIA DO PALMAR,30,0,30,386,416,PSOL,0.025543411519096157
2024,88498,PT,FEDERACAO:101,SANTA VITÓRIA DO PALMAR,94,0,94,3453,3547,PT,0.2177944246592165
2024,88498,PV,FEDERACAO:101,SANTA VITÓRIA DO PALMAR,3,0,3,0,3,PV,0.00018420729460886652
2024,88498,REDE,FEDERACAO:102,SANTA VITÓRIA DO PALMAR,0,0,0,0,0,REDE,0.0
2024,88498,UNIÃO,PARTIDO:UNIÃO,SANTA VITÓRIA DO PALMAR,24,0,24,1188,1212,UNIÃO,0.07441974702198208
2024,88501,CIDADANIA,FEDERACAO:100,TURUÇU,1,0,1,0,1,CIDADANIA,0.00036101083032490973
2024,88501,MDB,PARTIDO:MDB,TURUÇU,3,0,3,405,408,MDB,0.1472924187725632
2024,88501,PDT,PARTIDO:PDT,TURUÇU,11,0,11,694,705,PDT,0.2545126353790614
2024,88501,PP,PARTIDO:PP,TURUÇU,40,0,40,984,1024,PP,0.36967509025270756
2024,88501,PSDB,FEDERACAO:100,TURUÇU,8,0,8,624,632,PSDB,0.22815884476534296
2024,88510,CIDADANIA,FEDERACAO:100,SANTIAGO,6,0,6,0,6,CIDADANIA,0.00021725748633088314
2024,88510,MDB,PARTIDO:MDB,SANTIAGO,142,0,142,2596,2738,MDB,0.099141832928993
2024,88510,PC do B,FEDERACAO:101,SANTIAGO,3,0,3,0,3,PC DO B,0.00010862874316544157
2024,88510,PDT,PARTIDO:PDT,SANTIAGO,41,0,41,1496,1537,PDT,0.055654126081761235
2024,88510,PL,PARTIDO:PL,SANTIAGO,189,0,189,6173,6362,PL,0.23036535467284644
2024,88510,PP,PARTIDO:PP,SANTIAGO,371,0,371,10272,10643,PP,0.38537857116993157
2024,88510,PSDB,FEDERACAO:100,SANTIAGO,29,0,29,2016,2045,PSDB,0.074048593257776
2024,88510,PT,FEDERACAO:101,SANTIAGO,135,0,135,1872,2007,PT,0.07267262917768041
2024,88510,PV,FEDERACAO:101,SANTIAGO,1,0,1,0,1,PV,3.620958105514719e-05
2024,88510,UNIÃO,PARTIDO:UNIÃO,SANTIAGO,16,0,16,2259,2275,UNIÃO,0.08237679690045986
2024,88528,MDB,PARTIDO:MDB,CRISTAL DO SUL,33,0,33,1141,1174,MDB,0.4857261067438974
2024,88528,PC do B,FEDERACAO:101,CRISTAL DO SUL,0,0,0,0,0,PC DO B,0.0
2024,88528,PDT,PARTIDO:PDT,CRISTAL DO SUL,7,0,7,511,518,PDT,0.21431526685974348
2024,88528,PP,PARTIDO:PP,CRISTAL DO SUL,18,0,18,530,548,PP,0.2267273479520066
2024,88528,PT,FEDERACAO:101,CRISTAL DO SUL,5,0,5,172,177,PT,0.07323127844435251
2024,88528,PV,FEDERACAO:101,CRISTAL DO SUL,0,0,0,0,0,PV,0.0
2024,88536,CIDADANIA,FEDERACAO:100,SANTO ÂNGELO,4,0,4,0,4,CIDADANIA,9.60822464029209e-05
2024,88536,MDB,PARTIDO:MDB,SANTO ÂNGELO,74,0,74,4663,4737,MDB,0.11378540030265907
2024,88536,PC do B,FEDERACAO:101,SANTO ÂNGELO,1,0,1,0,1,PC DO B,2.4020561600730225e-05
2024,88536,PDT,PARTIDO:PDT,SANTO ÂNGELO,475,0,475,9859,10334,PDT,0.24822848358194616
2024,88536,PL,PARTIDO:PL,SANTO ÂNGELO,344,0,344,7306,7650,PL,0.18375729624558623
2024,88536,PODE,PARTIDO:PODE,SANTO ÂNGELO,30,0,30,1981,2011,PODE,0.04830534937906848
2024,88536,PP,PARTIDO:PP,SANTO ÂNGELO,119,0,119,5658,5777,PP,0.13876678436741852
2024,88536,PSB,PARTIDO:PSB,SANTO ÂNGELO,12,0,12,268,280,PSB,0.006725757248204463
2024,88536,PSD,PARTIDO:PSD,SANTO ÂNGELO,34,0,34,1526,1560,PSD,0.03747207609713915
2024,88536,PSDB,FEDERACAO:100,SANTO ÂNGELO,48,0,48,2246,2294,PSDB,0.05510316831207514
2024,88536,PT,FEDERACAO:101,SANTO ÂNGELO,153,0,153,2687,2840,PT,0.06821839494607385
2024,88536,PV,FEDERACAO:101,SANTO ÂNGELO,1,0,1,0,1,PV,2.4020561600730225e-05
2024,88536,REPUBLICANOS,PARTIDO:REPUBLICANOS,SANTO ÂNGELO,100,0,100,2590,2690,REPUBLICANOS,0.06461531070596431
2024,88536,UNIÃO,PARTIDO:UNIÃO,SANTO ÂNGELO,19,0,19,1433,1452,UNIÃO,0.03487785544426029
2024,88544,PL,PARTIDO:PL,MUITOS CAPÕES,31,0,31,1355,1386,PL,0.5513126491646778
2024,88544,PP,PARTIDO:PP,MUITOS CAPÕES,28,0,28,1100,1128,PP,0.4486873508353222
2024,88552,MDB,PARTIDO:MDB,SANTO ANTÔNIO DA PATRULHA,145,0,145,6442,6587,MDB,0.2639233912973796
2024,88552,PC do B,FEDERACAO:101,SANTO ANTÔNIO DA PATRULHA,3,0,3,0,3,PC DO B,0.00012020193925795337
2024,88552,PDT,PARTIDO:PDT,SANTO ANTÔNIO DA PATRULHA,65,0,65,2835,2900,PDT,0.11619520794935492
2024,88552,PP,PARTIDO:PP,SANTO ANTÔNIO DA PATRULHA,445,0,445,9744,10189,PP,0.4082458530330956
2024,88552,PT,FEDERACAO:101,SANTO ANTÔNIO DA PATRULHA,28,0,28,1157,1185,PT,0.04747976600689158
2024,88552,PV,FEDERACAO:101,SANTO ANTÔNIO DA PATRULHA,3,0,3,0,3,PV,0.00012020193925795337
2024,88552,REPUBLICANOS,PARTIDO:REPUBLICANOS,SANTO ANTÔNIO DA PATRULHA,24,0,24,1349,1373,REPUBLICANOS,0.055012420867056655
2024,88552,UNIÃO,PARTIDO:UNIÃO,SANTO ANTÔNIO DA PATRULHA,25,0,25,2693,2718,UNIÃO,0.10890295696770574
2024,88560,MDB,PARTIDO:MDB,NOVA RAMADA,17,0,17,446,463,MDB,0.26732101616628173
2024,88560,PC do B,FEDERACAO:101,NOVA RAMADA,1,0,1,154,155,PC DO B,0.0894919168591224
2024,88560,PDT,PARTIDO:PDT,NOVA RAMADA,2,0,2,198,200,PDT,0.11547344110854503
2024,88560,PP,PARTIDO:PP,NOVA RAMADA,14,0,14,479,493,PP,0.2846420323325635
2024,88560,PT,FEDERACAO:101,NOVA RAMADA,5,0,5,191,196,PT,0.11316397228637413
2024,88560,PV,FEDERACAO:101,NOVA RAMADA,0,0,0,0,0,PV,0.0
2024,88560,UNIÃO,PARTIDO:UNIÃO,NOVA RAMADA,3,0,3,222,225,UNIÃO,0.12990762124711316
2024,88579,CIDADANIA,FEDERACAO:100,SANTO ANTÔNIO DAS MISSÕES,5,0,5,0,5,CIDADANIA,0.0007319572536963841
2024,88579,PC do B,FEDERACAO:101,SANTO ANTÔNIO DAS MISSÕES,0,0,0,0,0,PC DO B,0.0
2024,88579,PDT,PARTIDO:PDT,SANTO ANTÔNIO DAS MISSÕES,85,0,85,2551,2636,PDT,0.3858878641487337
2024,88579,PP,PARTIDO:PP,SANTO ANTÔNIO DAS MISSÕES,105,0,105,3032,3137,PP,0.4592299809691114
2024,88579,PSDB,FEDERACAO:100,SANTO ANTÔNIO DAS MISSÕES,14,0,14,362,376,PSDB,0.05504318547796808
2024,88579,PT,FEDERACAO:101,SANTO ANTÔNIO DAS MISSÕES,16,0,16,661,677,PT,0.0991070121504904
2024,88579,PV,FEDERACAO:101,SANTO ANTÔNIO DAS MISSÕES,0,0,0,0,0,PV,0.0
2024,88587,CIDADANIA,FEDERACAO:100,JARI,0,0,0,0,0,CIDADANIA,0.0
2024,88587,MDB,PARTIDO:MDB,JARI,28,0,28,1082,1110,MDB,0.4547316673494469
2024,88587,PC do B,FEDERACAO:101,JARI,0,0,0,0,0,PC DO B,0.0
2024,88587,PP,PARTIDO:PP,JARI,21,0,21,765,786,PP,0.32199918066366245
2024,88587,PSDB,FEDERACAO:100,JARI,21,0,21,518,539,PSDB,0.2208111429741909
2024,88587,PT,FEDERACAO:101,JARI,2,0,2,4,6,PT,0.0024580090126997134
2024,88587,PV,FEDERACAO:101,JARI,0,0,0,0,0,PV,0.0
2024,88595,MDB,PARTIDO:MDB,SANTO AUGUSTO,78,0,78,1599,1677,MDB,0.1876258670843589
2024,88595,PC do B,FEDERACAO:101,SANTO AUGUSTO,0,0,0,0,0,PC DO B,0.0
2024,88595,PDT,PARTIDO:PDT,SANTO AUGUSTO,47,0,47,2093,2140,PDT,0.23942716491385097
2024,88595,PL,PARTIDO:PL,SANTO AUGUSTO,129,0,129,2715,2844,PL,0.3181919892593421
2024,88595,PP,PARTIDO:PP,SANTO AUGUSTO,17,0,17,1572,1589,PP,0.17778026404117253
2024,88595,PT,FEDERACAO:101,SANTO AUGUSTO,35,0,35,653,688,PT,0.07697471470127545
2024,88595,PV,FEDERACAO:101,SANTO AUGUSTO,0,0,0,0,0,PV,0.0
2024,88609,MDB,PARTIDO:MDB,UBIRETAMA,3,0,3,166,169,MDB,0.09478407178911946
2024,88609,PC do B,FEDERACAO:101,UBIRETAMA,0,0,0,0,0,PC DO B,0.0
2024,88609,PDT,PARTIDO:PDT,UBIRETAMA,7,0,7,446,453,PDT,0.25406618059450364
2024,88609,PP,PARTIDO:PP,UBIRETAMA,10,0,10,477,487,PP,0.27313516545148625
2024,88609,PT,FEDERACAO:101,UBIRETAMA,2,0,2,299,301,PT,0.16881660123387549
2024,88609,PV,FEDERACAO:101,UBIRETAMA,0,0,0,0,0,PV,0.0
2024,88609,REPUBLICANOS,PARTIDO:REPUBLICANOS,UBIRETAMA,7,0,7,366,373,REPUBLICANOS,0.20919798093101513
2024,88617,MDB,PARTIDO:MDB,SANTO CRISTO,154,0,154,6042,6196,MDB,0.5830431918697657
2024,88617,PC do B,FEDERACAO:101,SANTO CRISTO,0,0,0,0,0,PC DO B,0.0
2024,88617,PDT,PARTIDO:PDT,SANTO CRISTO,96,0,96,1217,1313,PDT,0.12355321351275055
2024,88617,PT,FEDERACAO:101,SANTO CRISTO,45,0,45,3073,3118,PT,0.2934035946174838
2024,88617,PV,FEDERACAO:101,SANTO CRISTO,0,0,0,0,0,PV,0.0
2024,88625,PC do B,FEDERACAO:101,BARRA DO QUARAÍ,0,0,0,0,0,PC DO B,0.0
2024,88625,PDT,PARTIDO:PDT,BARRA DO QUARAÍ,17,0,17,744,761,PDT,0.33043855840208425
2024,88625,PSB,PARTIDO:PSB,BARRA DO QUARAÍ,11,0,11,860,871,PSB,0.3782023447676943
2024,88625,PT,FEDERACAO:101,BARRA DO QUARAÍ,7,0,7,663,670,PT,0.29092488059053406
2024,88625,PV,FEDERACAO:101,BARRA DO QUARAÍ,1,0,1,0,1,PV,0.0004342162396873643
2024,88625,UNIÃO,PARTIDO:UNIÃO,BARRA DO QUARAÍ,0,0,0,0,0,UNIÃO,0.0
2024,88633,CIDADANIA,FEDERACAO:100,SÃO BORJA,7,0,7,0,7,CIDADANIA,0.00021002730354946142
2024,88633,MDB,PARTIDO:MDB,SÃO BORJA,17,0,17,201,218,MDB,0.00654085031054037
2024,88633,PC do B,FEDERACAO:101,SÃO BORJA,0,0,0,0,0,PC DO B,0.0
2024,88633,PDT,PARTIDO:PDT,SÃO BORJA,455,0,455,6609,7064,PDT,0.21194755318191366
2024,88633,PL,PARTIDO:PL,SÃO BORJA,35,0,35,440,475,PL,0.014251852740856311
2024,88633,PODE,PARTIDO:PODE,SÃO BORJA,13,0,13,125,138,PODE,0.004140538269975097
2024,88633,PP,PARTIDO:PP,SÃO BORJA,519,0,519,12893,13412,PP,0.4024123136007681
2024,88633,PRD,PARTIDO:PRD,SÃO BORJA,30,0,30,3844,3874,PRD,0.11623511056437337
2024,88633,PSB,PARTIDO:PSB,SÃO BORJA,6,0,6,413,419,PSB,0.01257163431246062
2024,88633,PSD,PARTIDO:PSD,SÃO BORJA,12,0,12,1218,1230,PSD,0.03690479762369108
2024,88633,PSDB,FEDERACAO:100,SÃO BORJA,31,0,31,2265,2296,PSDB,0.06888895556422335
2024,88633,PT,FEDERACAO:101,SÃO BORJA,64,0,64,4132,4196,PT,0.1258963665276486
2024,88633,PV,FEDERACAO:101,SÃO BORJA,0,0,0,0,0,PV,0.0
2024,88641,MDB,PARTIDO:MDB,CERRITO,12,0,12,698,710,MDB,0.16416184971098266
2024,88641,PC do B,FEDERACAO:101,CERRITO,0,0,0,0,0,PC DO B,0.0
2024,88641,PL,PARTIDO:PL,CERRITO,10,0,10,575,585,PL,0.1352601156069364
2024,88641,PODE,PARTIDO:PODE,CERRITO,3,0,3,364,367,PODE,0.08485549132947977
2024,88641,PP,PARTIDO:PP,CERRITO,53,0,53,1696,1749,PP,0.40439306358381505
2024,88641,PT,FEDERACAO:101,CERRITO,13,0,13,399,412,PT,0.09526011560693641
2024,88641,PV,FEDERACAO:101,CERRITO,0,0,0,0,0,PV,0.0
2024,88641,UNIÃO,PARTIDO:UNIÃO,CERRITO,24,0,24,478,502,UNIÃO,0.11606936416184971
2024,88650,MDB,PARTIDO:MDB,SÃO FRANCISCO DE ASSIS,54,0,54,3287,3341,MDB,0.2955068105430745
2024,88650,PC do B,FEDERACAO:101,SÃO FRANCISCO DE ASSIS,0,0,0,0,0,PC DO B,0.0
2024,88650,PDT,PARTIDO:PDT,SÃO FRANCISCO DE ASSIS,154,0,154,3019,3173,PDT,0.2806474438351318
2024,88650,PP,PARTIDO:PP,SÃO FRANCISCO DE ASSIS,76,0,76,4154,4230,PP,0.3741376260392712
2024,88650,PT,FEDERACAO:101,SÃO FRANCISCO DE ASSIS,19,0,19,543,562,PT,0.04970811958252255
2024,88650,PV,FEDERACAO:101,SÃO FRANCISCO DE ASSIS,0,0,0,0,0,PV,0.0
2024,88668,MDB,PARTIDO:MDB,VALE VERDE,28,0,28,1284,1312,MDB,0.4453496266123557
2024,88668,PDT,PARTIDO:PDT,VALE VERDE,7,0,7,369,376,PDT,0.12763068567549218
2024,88668,PL,PARTIDO:PL,VALE VERDE,4,0,4,419,423,PL,0.14358452138492872
2024,88668,PP,PARTIDO:PP,VALE VERDE,9,0,9,282,291,PP,0.09877800407331976
2024,88668,PSB,PARTIDO:PSB,VALE VERDE,4,0,4,468,472,PSB,0.16021724372029872
2024,88668,REPUBLICANOS,PARTIDO:REPUBLICANOS,VALE VERDE,12,0,12,60,72,REPUBLICANOS,0.024439918533604887
2024,88676,CIDADANIA,FEDERACAO:100,SÃO FRANCISCO DE PAULA,5,0,5,150,155,CIDADANIA,0.012650995755794972
2024,88676,MDB,PARTIDO:MDB,SÃO FRANCISCO DE PAULA,18,0,18,1386,1404,MDB,0.11459353574926542
2024,88676,PC do B,FEDERACAO:101,SÃO FRANCISCO DE PAULA,2,0,2,0,2,PC DO B,0.0001632386549134835
2024,88676,PDT,PARTIDO:PDT,SÃO FRANCISCO DE PAULA,186,0,186,2466,2652,PDT,0.21645445641527913
2024,88676,PL,PARTIDO:PL,SÃO FRANCISCO DE PAULA,27,0,27,248,275,PL,0.022445315050603983
2024,88676,PP,PARTIDO:PP,SÃO FRANCISCO DE PAULA,34,0,34,2396,2430,PP,0.19833496571988246
2024,88676,PSD,PARTIDO:PSD,SÃO FRANCISCO DE PAULA,53,0,53,895,948,PSD,0.07737512242899118
2024,88676,PSDB,FEDERACAO:100,SÃO FRANCISCO DE PAULA,33,0,33,1770,1803,PSDB,0.14715964740450538
2024,88676,PT,FEDERACAO:101,SÃO FRANCISCO DE PAULA,26,0,26,788,814,PT,0.0664381325497878
2024,88676,PV,FEDERACAO:101,SÃO FRANCISCO DE PAULA,0,0,0,0,0,PV,0.0
2024,88676,REPUBLICANOS,PARTIDO:REPUBLICANOS,SÃO FRANCISCO DE PAULA,13,0,13,1406,1419,REPUBLICANOS,0.11581782566111655
2024,88676,UNIÃO,PARTIDO:UNIÃO,SÃO FRANCISCO DE PAULA,23,0,23,327,350,UNIÃO,0.028566764609859616
2024,88684,MDB,PARTIDO:MDB,NOVO CABRAIS,16,0,16,773,789,MDB,0.23658170914542728
2024,88684,PC do B,FEDERACAO:101,NOVO CABRAIS,0,0,0,0,0,PC DO B,0.0
2024,88684,PDT,PARTIDO:PDT,NOVO CABRAIS,21,0,21,604,625,PDT,0.1874062968515742
2024,88684,PODE,PARTIDO:PODE,NOVO CABRAIS,10,0,10,278,288,PODE,0.0863568215892054
2024,88684,PP,PARTIDO:PP,NOVO CABRAIS,16,0,16,607,623,PP,0.18680659670164917
2024,88684,PSB,PARTIDO:PSB,NOVO CABRAIS,1,0,1,153,154,PSB,0.046176911544227886
2024,88684,PT,FEDERACAO:101,NOVO CABRAIS,35,0,35,821,856,PT,0.25667166416791604
2024,88684,PV,FEDERACAO:101,NOVO CABRAIS,0,0,0,0,0,PV,0.0
2024,88692,MDB,PARTIDO:MDB,SÃO GABRIEL,23,0,23,483,506,MDB,0.015757839992525925
2024,88692,PC do B,FEDERACAO:101,SÃO GABRIEL,2,0,2,0,2,PC DO B,6.228395253962816e-05
2024,88692,PDT,PARTIDO:PDT,SÃO GABRIEL,330,0,330,4719,5049,PDT,0.1572358381862913
2024,88692,PL,PARTIDO:PL,SÃO GABRIEL,89,0,89,5680,5769,PL,0.17965806110055743
2024,88692,PODE,PARTIDO:PODE,SÃO GABRIEL,22,0,22,1823,1845,PODE,0.05745694621780698
2024,88692,PP,PARTIDO:PP,SÃO GABRIEL,44,0,44,1090,1134,PP,0.03531500108996917
2024,88692,PRD,PARTIDO:PRD,SÃO GABRIEL,35,0,35,3618,3653,PRD,0.11376163931363084
2024,88692,PSB,PARTIDO:PSB,SÃO GABRIEL,49,0,49,3749,3798,PSB,0.11827722587275388
2024,88692,PSD,PARTIDO:PSD,SÃO GABRIEL,16,0,16,1034,1050,PSD,0.03269907508330479
2024,88692,PSOL,FEDERACAO:102,SÃO GABRIEL,13,0,13,55,68,PSOL,0.002117654386347358
2024,88692,PT,FEDERACAO:101,SÃO GABRIEL,29,0,29,687,716,PT,0.022297655009186883
2024,88692,PV,FEDERACAO:101,SÃO GABRIEL,1,0,1,0,1,PV,3.114197626981408e-05
2024,88692,REDE,FEDERACAO:102,SÃO GABRIEL,1,0,1,0,1,REDE,3.114197626981408e-05
2024,88692,REPUBLICANOS,PARTIDO:REPUBLICANOS,SÃO GABRIEL,22,0,22,885,907,REPUBLICANOS,0.028245772476721373
2024,88692,UNIÃO,PARTIDO:UNIÃO,SÃO GABRIEL,275,0,275,7337,7612,UNIÃO,0.2370527233658248
2024,88706,MDB,PARTIDO:MDB,SETE DE SETEMBRO,5,0,5,228,233,MDB,0.13803317535545023
2024,88706,PC do B,FEDERACAO:101,SETE DE SETEMBRO,0,0,0,0,0,PC DO B,0.0
2024,88706,PDT,PARTIDO:PDT,SETE DE SETEMBRO,5,0,5,331,336,PDT,0.1990521327014218
2024,88706,PP,PARTIDO:PP,SETE DE SETEMBRO,21,0,21,438,459,PP,0.27191943127962087
2024,88706,PSB,PARTIDO:PSB,SETE DE SETEMBRO,4,0,4,108,112,PSB,0.06635071090047394
2024,88706,PT,FEDERACAO:101,SETE DE SETEMBRO,16,0,16,532,548,PT,0.3246445497630332
2024,88706,PV,FEDERACAO:101,SETE DE SETEMBRO,0,0,0,0,0,PV,0.0
2024,88714,AVANTE,PARTIDO:AVANTE,SÃO JERÔNIMO,0,0,0,44,44,AVANTE,0.003944419542805917
2024,88714,CIDADANIA,FEDERACAO:100,SÃO JERÔNIMO,3,0,3,0,3,CIDADANIA,0.0002689376961004034
2024,88714,MDB,PARTIDO:MDB,SÃO JERÔNIMO,0,0,0,0,0,MDB,0.0
2024,88714,PC do B,FEDERACAO:101,SÃO JERÔNIMO,1,0,1,0,1,PC DO B,8.964589870013447e-05
2024,88714,PDT,PARTIDO:PDT,SÃO JERÔNIMO,34,0,34,2018,2052,PDT,0.18395338413267592
2024,88714,PL,PARTIDO:PL,SÃO JERÔNIMO,88,0,88,1503,1591,PL,0.14262662483191393
2024,88714,PP,PARTIDO:PP,SÃO JERÔNIMO,27,0,27,1123,1150,PP,0.10309278350515463
2024,88714,PSDB,FEDERACAO:100,SÃO JERÔNIMO,104,0,104,3126,3230,PSDB,0.2895562528014343
2024,88714,PT,FEDERACAO:101,SÃO JERÔNIMO,46,0,46,947,993,PT,0.08901837740923353
2024,88714,PV,FEDERACAO:101,SÃO JERÔNIMO,0,0,0,0,0,PV,0.0
2024,88714,REPUBLICANOS,PARTIDO:REPUBLICANOS,SÃO JERÔNIMO,23,0,23,2068,2091,REPUBLICANOS,0.1874495741819812
2024,88722,MDB,PARTIDO:MDB,TABAÍ,10,0,10,738,748,MDB,0.20611738771011298
2024,88722,PC do B,FEDERACAO:101,TABAÍ,0,0,0,0,0,PC DO B,0.0
2024,88722,PDT,PARTIDO:PDT,TABAÍ,7,0,7,387,394,PDT,0.10856985395425738
2024,88722,PL,PARTIDO:PL,TABAÍ,12,0,12,575,587,PL,0.1617525489115459
2024,88722,PP,PARTIDO:PP,TABAÍ,21,0,21,832,853,PP,0.2350509782309176
2024,88722,PRD,PARTIDO:PRD,TABAÍ,3,0,3,363,366,PRD,0.10085422981537613
2024,88722,PT,FEDERACAO:101,TABAÍ,25,0,25,656,681,PT,0.18765500137779004
2024,88722,PV,FEDERACAO:101,TABAÍ,0,0,0,0,0,PV,0.0
2024,88730,CIDADANIA,FEDERACAO:100,SÃO JOSÉ DO NORTE,2,0,2,0,2,CIDADANIA,0.00012172113687541841
2024,88730,MDB,PARTIDO:MDB,SÃO JOSÉ DO NORTE,32,0,32,1747,1779,MDB,0.10827095125068469
2024,88730,PC do B,FEDERACAO:101,SÃO JOSÉ DO NORTE,0,0,0,0,0,PC DO B,0.0
2024,88730,PDT,PARTIDO:PDT,SÃO JOSÉ DO NORTE,40,0,40,2037,2077,PDT,0.12640740064512201
2024,88730,PODE,PARTIDO:PODE,SÃO JOSÉ DO NORTE,15,0,15,898,913,PODE,0.05556569898362851
2024,88730,PP,PARTIDO:PP,SÃO JOSÉ DO NORTE,48,0,48,2973,3021,PP,0.18385977725031952
2024,88730,PSDB,FEDERACAO:100,SÃO JOSÉ DO NORTE,28,0,28,2390,2418,PSDB,0.14716085448238087
2024,88730,PT,FEDERACAO:101,SÃO JOSÉ DO NORTE,139,0,139,2198,2337,PT,0.14223114843892642
2024,88730,PV,FEDERACAO:101,SÃO JOSÉ DO NORTE,0,0,0,0,0,PV,0.0
2024,88730,SOLIDARIEDADE,PARTIDO:SOLIDARIEDADE,SÃO JOSÉ DO NORTE,8,0,8,438,446,SOLIDARIEDADE,0.027143813523218308
2024,88730,UNIÃO,PARTIDO:UNIÃO,SÃO JOSÉ DO NORTE,131,0,131,3307,3438,UNIÃO,0.20923863428884426
2024,88749,MDB,PARTIDO:MDB,VILA LÂNGARO,35,0,35,1285,1320,MDB,0.6958355297838693
2024,88749,PP,PARTIDO:PP,VILA LÂNGARO,14,0,14,563,577,PP,0.30416447021613074
2024,88757,CIDADANIA,FEDERACAO:100,SÃO JOSÉ DO OURO,0,0,0,0,0,CIDADANIA,0.0
2024,88757,MDB,PARTIDO:MDB,SÃO JOSÉ DO OURO,11,0,11,680,691,MDB,0.14229818780889622
2024,88757,PC do B,FEDERACAO:101,SÃO JOSÉ DO OURO,0,0,0,0,0,PC DO B,0.0
2024,88757,PDT,PARTIDO:PDT,SÃO JOSÉ DO OURO,30,0,30,207,237,PDT,0.048805601317957165
2024,88757,PL,PARTIDO:PL,SÃO JOSÉ DO OURO,14,0,14,758,772,PL,0.15897858319604613
2024,88757,PODE,PARTIDO:PODE,SÃO JOSÉ DO OURO,5,0,5,203,208,PODE,0.042833607907743
2024,88757,PP,PARTIDO:PP,SÃO JOSÉ DO OURO,21,0,21,1043,1064,PP,0.21911037891268534
2024,88757,PSDB,FEDERACAO:100,SÃO JOSÉ DO OURO,44,0,44,420,464,PSDB,0.09555189456342669
2024,88757,PT,FEDERACAO:101,SÃO JOSÉ DO OURO,15,0,15,472,487,PT,0.10028830313014828
2024,88757,PV,FEDERACAO:101,SÃO JOSÉ DO OURO,0,0,0,0,0,PV,0.0
2024,88757,REPUBLICANOS,PARTIDO:REPUBLICANOS,SÃO JOSÉ DO OURO,5,0,5,377,382,REPUBLICANOS,0.07866556836902801
2024,88757,UNIÃO,PARTIDO:UNIÃO,SÃO JOSÉ DO OURO,9,0,9,542,551,UNIÃO,0.1134678747940692
2024,88765,CIDADANIA,FEDERACAO:100,SENADOR SALGADO FILHO,0,0,0,0,0,CIDADANIA,0.0
2024,88765,MDB,PARTIDO:MDB,SENADOR SALGADO FILHO,3,0,3,257,260,MDB,0.10526315789473684
2024,88765,PDT,PARTIDO:PDT,SENADOR SALGADO FILHO,25,0,25,741,766,PDT,0.3101214574898785
2024,88765,PP,PARTIDO:PP,SENADOR SALGADO FILHO,24,0,24,1123,1147,PP,0.4643724696356275
2024,88765,PSDB,FEDERACAO:100,SENADOR SALGADO FILHO,6,0,6,291,297,PSDB,0.12024291497975709
2024,88773,CIDADANIA,FEDERACAO:100,SÃO LEOPOLDO,36,0,36,2536,2572,CIDADANIA,0.024003733084461035
2024,88773,DC,PARTIDO:DC,SÃO LEOPOLDO,5,0,5,134,139,DC,0.001297246850209986
2024,88773,MDB,PARTIDO:MDB,SÃO LEOPOLDO,225,0,225,4651,4876,MDB,0.045506299580028
2024,88773,NOVO,PARTIDO:NOVO,SÃO LEOPOLDO,139,0,139,2382,2521,NOVO,0.023527764815678955
2024,88773,PC do B,FEDERACAO:101,SÃO LEOPOLDO,16,0,16,1553,1569,PC DO B,0.01464302379841344
2024,88773,PDT,PARTIDO:PDT,SÃO LEOPOLDO,410,0,410,19455,19865,PDT,0.18539430704619692
2024,88773,PL,PARTIDO:PL,SÃO LEOPOLDO,1628,0,1628,17041,18669,PL,0.17423238450769948
2024,88773,PODE,PARTIDO:PODE,SÃO LEOPOLDO,87,0,87,1555,1642,PODE,0.015324311712552496
2024,88773,PP,PARTIDO:PP,SÃO LEOPOLDO,144,0,144,8292,8436,PP,0.07873075128324779
2024,88773,PRD,PARTIDO:PRD,SÃO LEOPOLDO,38,0,38,518,556,PRD,0.005188987400839944
2024,88773,PSB,PARTIDO:PSB,SÃO LEOPOLDO,73,0,73,5838,5911,PSB,0.05516565562295847
2024,88773,PSD,PARTIDO:PSD,SÃO LEOPOLDO,91,0,91,6884,6975,PSD,0.06509566028931404
2024,88773,PSDB,FEDERACAO:100,SÃO LEOPOLDO,76,0,76,3247,3323,PSDB,0.031012599160055995
2024,88773,PSOL,FEDERACAO:102,SÃO LEOPOLDO,90,0,90,824,914,PSOL,0.008530097993467102
2024,88773,PT,FEDERACAO:101,SÃO LEOPOLDO,2005,0,2005,14396,16401,PT,0.15306579561362577
2024,88773,PV,FEDERACAO:101,SÃO LEOPOLDO,26,0,26,1805,1831,PV,0.017088194120391975
2024,88773,REDE,FEDERACAO:102,SÃO LEOPOLDO,1,0,1,0,1,REDE,9.332711152589827e-06
2024,88773,REPUBLICANOS,PARTIDO:REPUBLICANOS,SÃO LEOPOLDO,73,0,73,5219,5292,REPUBLICANOS,0.049388707419505365
2024,88773,UNIÃO,PARTIDO:UNIÃO,SÃO LEOPOLDO,54,0,54,5603,5657,UNIÃO,0.05279514699020065
2024,88781,MDB,PARTIDO:MDB,VESPASIANO CORRÊA,7,0,7,980,987,MDB,0.4124529878813205
2024,88781,PL,PARTIDO:PL,VESPASIANO CORRÊA,19,0,19,488,507,PL,0.2118679481821981
2024,88781,PP,PARTIDO:PP,VESPASIANO CORRÊA,15,0,15,884,899,PP,0.3756790639364814
2024,88790,CIDADANIA,FEDERACAO:100,SÃO LOURENÇO DO SUL,8,0,8,527,535,CIDADANIA,0.02067313265582132
2024,88790,PC do B,FEDERACAO:101,SÃO LOURENÇO DO SUL,3,0,3,0,3,PC DO B,0.00011592410835039994
2024,88790,PDT,PARTIDO:PDT,SÃO LOURENÇO DO SUL,145,0,145,3736,3881,PDT,0.1499671548359674
2024,88790,PL,PARTIDO:PL,SÃO LOURENÇO DO SUL,233,0,233,3693,3926,PL,0.1517060164612234
2024,88790,PODE,PARTIDO:PODE,SÃO LOURENÇO DO SUL,40,0,40,2604,2644,PODE,0.10216778082615248
2024,88790,PP,PARTIDO:PP,SÃO LOURENÇO DO SUL,137,0,137,1756,1893,PP,0.07314811236910236
2024,88790,PSD,PARTIDO:PSD,SÃO LOURENÇO DO SUL,7,0,7,1415,1422,PSD,0.05494802735808957
2024,88790,PSDB,FEDERACAO:100,SÃO LOURENÇO DO SUL,104,0,104,3494,3598,PSDB,0.13903164728157966
2024,88790,PT,FEDERACAO:101,SÃO LOURENÇO DO SUL,377,0,377,5693,6070,PT,0.2345531125623092
2024,88790,PV,FEDERACAO:101,SÃO LOURENÇO DO SUL,1,0,1,0,1,PV,3.864136945013331e-05
2024,88790,UNIÃO,PARTIDO:UNIÃO,SÃO LOURENÇO DO SUL,23,0,23,1883,1906,UNIÃO,0.0736504501719541
2024,88803,MDB,PARTIDO:MDB,MONTE ALEGRE DOS CAMPOS,15,0,15,1148,1163,MDB,0.3934370771312585
2024,88803,PDT,PARTIDO:PDT,MONTE ALEGRE DOS CAMPOS,32,0,32,238,270,PDT,0.09133964817320704
2024,88803,PP,PARTIDO:PP,MONTE ALEGRE DOS CAMPOS,37,0,37,1486,1523,PP,0.5152232746955345
2024,88811,CIDADANIA,FEDERACAO:100,SÃO LUIZ GONZAGA,25,0,25,2374,2399,CIDADANIA,0.12354516428056442
2024,88811,MDB,PARTIDO:MDB,SÃO LUIZ GONZAGA,180,0,180,3734,3914,MDB,0.20156555772994128
2024,88811,PC do B,FEDERACAO:101,SÃO LUIZ GONZAGA,1,0,1,0,1,PC DO B,5.1498609537542483e-05
2024,88811,PDT,PARTIDO:PDT,SÃO LUIZ GONZAGA,62,0,62,2405,2467,PDT,0.1270470697291173
2024,88811,PL,PARTIDO:PL,SÃO LUIZ GONZAGA,6,0,6,339,345,PL,0.017767020290452157
2024,88811,PODE,PARTIDO:PODE,SÃO LUIZ GONZAGA,4,0,4,67,71,PODE,0.0036564012771655163
2024,88811,PP,PARTIDO:PP,SÃO LUIZ GONZAGA,95,0,95,4351,4446,PP,0.22896281800391388
2024,88811,PSD,PARTIDO:PSD,SÃO LUIZ GONZAGA,27,0,27,936,963,PSD,0.04959316098465341
2024,88811,PSDB,FEDERACAO:100,SÃO LUIZ GONZAGA,7,0,7,0,7,PSDB,0.0003604902667627974
2024,88811,PT,FEDERACAO:101,SÃO LUIZ GONZAGA,263,0,263,2335,2598,PT,0.13379338757853537
2024,88811,PV,FEDERACAO:101,SÃO LUIZ GONZAGA,0,0,0,0,0,PV,0.0
2024,88811,REPUBLICANOS,PARTIDO:REPUBLICANOS,SÃO LUIZ GONZAGA,45,0,45,819,864,REPUBLICANOS,0.044494798640436706
2024,88811,UNIÃO,PARTIDO:UNIÃO,SÃO LUIZ GONZAGA,18,0,18,1325,1343,UNIÃO,0.06916263260891956
2024,88820,PDT,PARTIDO:PDT,MARQUES DE SOUZA,28,0,28,390,418,PDT,0.13540654356980888
2024,88820,PL,PARTIDO:PL,MARQUES DE SOUZA,1,0,1,378,379,PL,0.12277291869128604
2024,88820,PP,PARTIDO:PP,MARQUES DE SOUZA,35,0,35,1292,1327,PP,0.42986718496922577
2024,88820,REPUBLICANOS,PARTIDO:REPUBLICANOS,MARQUES DE SOUZA,4,0,4,959,963,REPUBLICANOS,0.3119533527696793
2024,88838,MDB,PARTIDO:MDB,SÃO MARCOS,169,0,169,2980,3149,MDB,0.25133689839572193
2024,88838,PC do B,FEDERACAO:101,SÃO MARCOS,0,0,0,0,0,PC DO B,0.0
2024,88838,PDT,PARTIDO:PDT,SÃO MARCOS,50,0,50,2436,2486,PDT,0.1984196663740123
2024,88838,PL,PARTIDO:PL,SÃO MARCOS,73,0,73,1801,1874,PL,0.14957299066166493
2024,88838,PODE,PARTIDO:PODE,SÃO MARCOS,12,0,12,1437,1449,PODE,0.11565168808364594
2024,88838,PP,PARTIDO:PP,SÃO MARCOS,192,0,192,2660,2852,PP,0.2276318940059063
2024,88838,PT,FEDERACAO:101,SÃO MARCOS,15,0,15,704,719,PT,0.05738686247904861
2024,88838,PV,FEDERACAO:101,SÃO MARCOS,0,0,0,0,0,PV,0.0
2024,88846,PC do B,FEDERACAO:101,CHUÍ,0,0,0,0,0,PC DO B,0.0
2024,88846,PDT,PARTIDO:PDT,CHUÍ,9,0,9,119,128,PDT,0.03602589361103293
2024,88846,PP,PARTIDO:PP,CHUÍ,64,0,64,1522,1586,PP,0.4463833380242049
2024,88846,PSB,PARTIDO:PSB,CHUÍ,3,0,3,24,27,PSB,0.007599211933577259
2024,88846,PSD,PARTIDO:PSD,CHUÍ,51,0,51,794,845,PSD,0.23782718829158458
2024,88846,PT,FEDERACAO:101,CHUÍ,16,0,16,165,181,PT,0.05094286518435125
2024,88846,PV,FEDERACAO:101,CHUÍ,0,0,0,0,0,PV,0.0
2024,88846,UNIÃO,PARTIDO:UNIÃO,CHUÍ,26,0,26,760,786,UNIÃO,0.2212215029552491
2024,88854,MDB,PARTIDO:MDB,SÃO MARTINHO,26,0,26,1043,1069,MDB,0.266916354556804
2024,88854,PP,PARTIDO:PP,SÃO MARTINHO,56,0,56,2880,2936,PP,0.733083645443196
2024,88862,CIDADANIA,FEDERACAO:100,ARARICÁ,0,0,0,0,0,CIDADANIA,0.0
2024,88862,MDB,PARTIDO:MDB,ARARICÁ,5,0,5,290,295,MDB,0.05753852155256485
2024,88862,PC do B,FEDERACAO:101,ARARICÁ,2,0,2,0,2,PC DO B,0.0003900916715428126
2024,88862,PL,PARTIDO:PL,ARARICÁ,63,0,63,1081,1144,PL,0.2231324361224888
2024,88862,PODE,PARTIDO:PODE,ARARICÁ,3,0,3,375,378,PODE,0.07372732592159158
2024,88862,PP,PARTIDO:PP,ARARICÁ,58,0,58,979,1037,PP,0.20226253169494832
2024,88862,PSB,PARTIDO:PSB,ARARICÁ,3,0,3,193,196,PSB,0.03822898381119563
2024,88862,PSDB,FEDERACAO:100,ARARICÁ,11,0,11,850,861,PSDB,0.1679344645991808
2024,88862,PT,FEDERACAO:101,ARARICÁ,3,0,3,84,87,PT,0.016968987712112346
2024,88862,PV,FEDERACAO:101,ARARICÁ,0,0,0,0,0,PV,0.0
2024,88862,REPUBLICANOS,PARTIDO:REPUBLICANOS,ARARICÁ,7,0,7,1120,1127,REPUBLICANOS,0.21981665691437488
2024,88870,MDB,PARTIDO:MDB,SÃO NICOLAU,54,0,54,1628,1682,MDB,0.44426835710512413
2024,88870,PP,PARTIDO:PP,SÃO NICOLAU,60,0,60,2044,2104,PP,0.5557316428948759
2024,88889,PC do B,FEDERACAO:101,PASSA SETE,0,0,0,0,0,PC DO B,0.0
2024,88889,PDT,PARTIDO:PDT,PASSA SETE,33,0,33,702,735,PDT,0.22442748091603054
2024,88889,PL,PARTIDO:PL,PASSA SETE,66,0,66,1521,1587,PL,0.48458015267175575
2024,88889,PP,PARTIDO:PP,PASSA SETE,8,0,8,895,903,PP,0.27572519083969466
2024,88889,PT,FEDERACAO:101,PASSA SETE,2,0,2,48,50,PT,0.015267175572519083
2024,88889,PV,FEDERACAO:101,PASSA SETE,0,0,0,0,0,PV,0.0
2024,88897,CIDADANIA,FEDERACAO:100,SÃO PAULO DAS MISSÕES,0,0,0,0,0,CIDADANIA,0.0
2024,88897,MDB,PARTIDO:MDB,SÃO PAULO DAS MISSÕES,22,0,22,1982,2004,MDB,0.4463251670378619
2024,88897,PC do B,FEDERACAO:101,SÃO PAULO DAS MISSÕES,0,0,0,0,0,PC DO B,0.0
2024,88897,PP,PARTIDO:PP,SÃO PAULO DAS MISSÕES,52,0,52,1787,1839,PP,0.40957683741648104
2024,88897,PSDB,FEDERACAO:100,SÃO PAULO DAS MISSÕES,3,0,3,92,95,PSDB,0.021158129175946547
2024,88897,PT,FEDERACAO:101,SÃO PAULO DAS MISSÕES,32,0,32,520,552,PT,0.12293986636971047
2024,88897,PV,FEDERACAO:101,SÃO PAULO DAS MISSÕES,0,0,0,0,0,PV,0.0
2024,88900,MDB,PARTIDO:MDB,TOROPI,14,0,14,819,833,MDB,0.3394458027709861
2024,88900,PC do B,FEDERACAO:101,TOROPI,0,0,0,0,0,PC DO B,0.0
2024,88900,PL,PARTIDO:PL,TOROPI,16,0,16,342,358,PL,0.1458842705786471
2024,88900,PP,PARTIDO:PP,TOROPI,29,0,29,733,762,PP,0.3105134474327628
2024,88900,PT,FEDERACAO:101,TOROPI,3,0,3,143,146,PT,0.059494702526487364
2024,88900,PV,FEDERACAO:101,TOROPI,0,0,0,0,0,PV,0.0
2024,88900,REPUBLICANOS,PARTIDO:REPUBLICANOS,TOROPI,3,0,3,179,182,REPUBLICANOS,0.07416462917685411
2024,88900,UNIÃO,PARTIDO:UNIÃO,TOROPI,2,0,2,171,173,UNIÃO,0.07049714751426243
2024,88919,MDB,PARTIDO:MDB,SÃO PEDRO DO SUL,25,0,25,1466,1491,MDB,0.15246957766642805
2024,88919,PC do B,FEDERACAO:101,SÃO PEDRO DO SUL,1,0,1,0,1,PC DO B,0.00010225994477962981
2024,88919,PDT,PARTIDO:PDT,SÃO PEDRO DO SUL,46,0,46,1108,1154,PDT,0.11800797627569282
2024,88919,PL,PARTIDO:PL,SÃO PEDRO DO SUL,39,0,39,2948,2987,PL,0.3054504550567543
2024,88919,PP,PARTIDO:PP,SÃO PEDRO DO SUL,87,0,87,1298,1385,PP,0.1416300235197873
2024,88919,PT,FEDERACAO:101,SÃO PEDRO DO SUL,144,0,144,1644,1788,PT,0.1828407812659781
2024,88919,PV,FEDERACAO:101,SÃO PEDRO DO SUL,1,0,1,0,1,PV,0.00010225994477962981
2024,88919,REPUBLICANOS,PARTIDO:REPUBLICANOS,SÃO PEDRO DO SUL,12,0,12,960,972,REPUBLICANOS,0.09939666632580019
2024,88927,CIDADANIA,FEDERACAO:100,BALNEÁRIO PINHAL,1,0,1,34,35,CIDADANIA,0.004440497335701598
2024,88927,MDB,PARTIDO:MDB,BALNEÁRIO PINHAL,99,0,99,1227,1326,MDB,0.16823141334686628
2024,88927,PC do B,FEDERACAO:101,BALNEÁRIO PINHAL,0,0,0,0,0,PC DO B,0.0
2024,88927,PDT,PARTIDO:PDT,BALNEÁRIO PINHAL,84,0,84,1322,1406,PDT,0.17838112154275565
2024,88927,PL,PARTIDO:PL,BALNEÁRIO PINHAL,16,0,16,767,783,PL,0.09934026896726719
2024,88927,PODE,PARTIDO:PODE,BALNEÁRIO PINHAL,1,0,1,95,96,PODE,0.012179649835067242
2024,88927,PP,PARTIDO:PP,BALNEÁRIO PINHAL,14,0,14,651,665,PP,0.08436944937833037
2024,88927,PRD,PARTIDO:PRD,BALNEÁRIO PINHAL,4,0,4,117,121,PRD,0.01535143364628267
2024,88927,PSB,PARTIDO:PSB,BALNEÁRIO PINHAL,3,0,3,522,525,PSB,0.06660746003552398
2024,88927,PSD,PARTIDO:PSD,BALNEÁRIO PINHAL,12,0,12,780,792,PSD,0.10048211113930475
2024,88927,PSDB,FEDERACAO:100,BALNEÁRIO PINHAL,20,0,20,881,901,PSDB,0.114311088556204
2024,88927,PT,FEDERACAO:101,BALNEÁRIO PINHAL,9,0,9,119,128,PT,0.01623953311342299
2024,88927,PV,FEDERACAO:101,BALNEÁRIO PINHAL,2,0,2,130,132,PV,0.016747018523217458
2024,88927,REPUBLICANOS,PARTIDO:REPUBLICANOS,BALNEÁRIO PINHAL,5,0,5,240,245,REPUBLICANOS,0.03108348134991119
2024,88927,UNIÃO,PARTIDO:UNIÃO,BALNEÁRIO PINHAL,9,0,9,718,727,UNIÃO,0.09223547323014464
2024,88935,CIDADANIA,FEDERACAO:100,SÃO SEBASTIÃO DO CAÍ,2,0,2,0,2,CIDADANIA,0.0001569242840329541
2024,88935,MDB,PARTIDO:MDB,SÃO SEBASTIÃO DO CAÍ,151,0,151,1679,1830,MDB,0.143585719890153
2024,88935,PC do B,FEDERACAO:101,SÃO SEBASTIÃO DO CAÍ,0,0,0,0,0,PC DO B,0.0
2024,88935,PL,PARTIDO:PL,SÃO SEBASTIÃO DO CAÍ,19,0,19,2076,2095,PL,0.1643781875245194
2024,88935,PODE,PARTIDO:PODE,SÃO SEBASTIÃO DO CAÍ,17,0,17,222,239,PODE,0.018752451941938014
2024,88935,PP,PARTIDO:PP,SÃO SEBASTIÃO DO CAÍ,32,0,32,2555,2587,PP,0.20298156139662613
2024,88935,PSB,PARTIDO:PSB,SÃO SEBASTIÃO DO CAÍ,5,0,5,14,19,PSB,0.001490780698313064
2024,88935,PSD,PARTIDO:PSD,SÃO SEBASTIÃO DO CAÍ,6,0,6,573,579,PSD,0.04542958022754021
2024,88935,PSDB,FEDERACAO:100,SÃO SEBASTIÃO DO CAÍ,226,0,226,2899,3125,PSDB,0.24519419380149077
2024,88935,PT,FEDERACAO:101,SÃO SEBASTIÃO DO CAÍ,44,0,44,868,912,PT,0.07155747351902707
2024,88935,PV,FEDERACAO:101,SÃO SEBASTIÃO DO CAÍ,2,0,2,0,2,PV,0.0001569242840329541
2024,88935,REPUBLICANOS,PARTIDO:REPUBLICANOS,SÃO SEBASTIÃO DO CAÍ,16,0,16,1163,1179,REPUBLICANOS,0.09250686543742644
2024,88935,UNIÃO,PARTIDO:UNIÃO,SÃO SEBASTIÃO DO CAÍ,5,0,5,171,176,UNIÃO,0.013809336994899961
2024,88943,CIDADANIA,FEDERACAO:100,MAMPITUBA,1,0,1,0,1,CIDADANIA,0.00033909799932180403
2024,88943,MDB,PARTIDO:MDB,MAMPITUBA,23,0,23,869,892,MDB,0.3024754153950492
2024,88943,PC do B,FEDERACAO:101,MAMPITUBA,0,0,0,0,0,PC DO B,0.0
2024,88943,PP,PARTIDO:PP,MAMPITUBA,5,0,5,372,377,PP,0.12783994574432012
2024,88943,PSDB,FEDERACAO:100,MAMPITUBA,30,0,30,864,894,PSDB,0.3031536113936928
2024,88943,PT,FEDERACAO:101,MAMPITUBA,7,0,7,208,215,PT,0.07290606985418786
2024,88943,PV,FEDERACAO:101,MAMPITUBA,0,0,0,0,0,PV,0.0
2024,88943,REPUBLICANOS,PARTIDO:REPUBLICANOS,MAMPITUBA,5,0,5,565,570,REPUBLICANOS,0.19328585961342828
2024,88951,CIDADANIA,FEDERACAO:100,SÃO SEPÉ,5,0,5,18,23,CIDADANIA,0.0017256902761104442
2024,88951,MDB,PARTIDO:MDB,SÃO SEPÉ,22,0,22,1735,1757,MDB,0.13182773109243698
2024,88951,NOVO,PARTIDO:NOVO,SÃO SEPÉ,24,0,24,2244,2268,NOVO,0.17016806722689076
2024,88951,PC do B,FEDERACAO:101,SÃO SEPÉ,1,0,1,0,1,PC DO B,7.503001200480192e-05
2024,88951,PDT,PARTIDO:PDT,SÃO SEPÉ,174,0,174,2979,3153,PDT,0.23656962785114047
2024,88951,PP,PARTIDO:PP,SÃO SEPÉ,130,0,130,2483,2613,PP,0.19605342136854742
2024,88951,PSB,PARTIDO:PSB,SÃO SEPÉ,13,0,13,1583,1596,PSB,0.11974789915966387
2024,88951,PSDB,FEDERACAO:100,SÃO SEPÉ,5,0,5,542,547,PSDB,0.04104141656662665
2024,88951,PT,FEDERACAO:101,SÃO SEPÉ,17,0,17,762,779,PT,0.058448379351740694
2024,88951,PV,FEDERACAO:101,SÃO SEPÉ,1,0,1,0,1,PV,7.503001200480192e-05
2024,88951,SOLIDARIEDADE,PARTIDO:SOLIDARIEDADE,SÃO SEPÉ,12,0,12,578,590,SOLIDARIEDADE,0.04426770708283313
2024,88978,CIDADANIA,FEDERACAO:100,SÃO VALENTIM,1,0,1,0,1,CIDADANIA,0.00035423308537017357
2024,88978,MDB,PARTIDO:MDB,SÃO VALENTIM,22,0,22,676,698,MDB,0.24725469358838115
2024,88978,PC do B,FEDERACAO:101,SÃO VALENTIM,0,0,0,0,0,PC DO B,0.0
2024,88978,PL,PARTIDO:PL,SÃO VALENTIM,23,0,23,331,354,PL,0.12539851222104145
2024,88978,PODE,PARTIDO:PODE,SÃO VALENTIM,5,0,5,208,213,PODE,0.07545164718384698
2024,88978,PP,PARTIDO:PP,SÃO VALENTIM,8,0,8,516,524,PP,0.18561813673397096
2024,88978,PSD,PARTIDO:PSD,SÃO VALENTIM,3,0,3,191,194,PSD,0.06872121856181368
2024,88978,PSDB,FEDERACAO:100,SÃO VALENTIM,1,0,1,88,89,PSDB,0.031526744597945446
2024,88978,PT,FEDERACAO:101,SÃO VALENTIM,14,0,14,424,438,PT,0.155154091392136
2024,88978,PV,FEDERACAO:101,SÃO VALENTIM,0,0,0,0,0,PV,0.0
2024,88978,UNIÃO,PARTIDO:UNIÃO,SÃO VALENTIM,7,0,7,305,312,UNIÃO,0.11052072263549416
2024,88986,CIDADANIA,FEDERACAO:100,ACEGUÁ,0,0,0,0,0,CIDADANIA,0.0
2024,88986,MDB,PARTIDO:MDB,ACEGUÁ,9,0,9,623,632,MDB,0.20006331117442228
2024,88986,PC do B,FEDERACAO:101,ACEGUÁ,0,0,0,0,0,PC DO B,0.0
2024,88986,PL,PARTIDO:PL,ACEGUÁ,2,0,2,160,162,PL,0.05128205128205128
2024,88986,PODE,PARTIDO:PODE,ACEGUÁ,6,0,6,418,424,PODE,0.13421968977524534
2024,88986,PP,PARTIDO:PP,ACEGUÁ,15,0,15,417,432,PP,0.13675213675213677
2024,88986,PSD,PARTIDO:PSD,ACEGUÁ,3,0,3,228,231,PSD,0.0731244064577398
2024,88986,PSDB,FEDERACAO:100,ACEGUÁ,38,0,38,957,995,PSDB,0.31497309275087054
2024,88986,PT,FEDERACAO:101,ACEGUÁ,25,0,25,257,282,PT,0.0892687559354226
2024,88986,PV,FEDERACAO:101,ACEGUÁ,1,0,1,0,1,PV,0.00031655587211142766
2024,88994,CIDADANIA,FEDERACAO:100,SAPIRANGA,33,0,33,3777,3810,CIDADANIA,0.08276311502117954
2024,88994,MDB,PARTIDO:MDB,SAPIRANGA,84,0,84,7805,7889,MDB,0.1713696100792875
2024,88994,PC do B,FEDERACAO:101,SAPIRANGA,19,0,19,866,885,PC DO B,0.019224503095470837
2024,88994,PDT,PARTIDO:PDT,SAPIRANGA,74,0,74,1868,1942,PDT,0.04218529379819702
2024,88994,PL,PARTIDO:PL,SAPIRANGA,89,0,89,5420,5509,PL,0.11966981644401
2024,88994,PP,PARTIDO:PP,SAPIRANGA,809,0,809,13561,14370,PP,0.3121537960247638
2024,88994,PSB,PARTIDO:PSB,SAPIRANGA,12,0,12,631,643,PSB,0.013967633322472032
2024,88994,PSD,PARTIDO:PSD,SAPIRANGA,121,0,121,1934,2055,PSD,0.044639947865754315
2024,88994,PSDB,FEDERACAO:100,SAPIRANGA,12,0,12,320,332,PSDB,0.007211903986097535
2024,88994,PT,FEDERACAO:101,SAPIRANGA,547,0,547,3311,3858,PT,0.0838057999348322
2024,88994,PV,FEDERACAO:101,SAPIRANGA,3,0,3,0,3,PV,6.516780710329097e-05
2024,88994,REPUBLICANOS,PARTIDO:REPUBLICANOS,SAPIRANGA,41,0,41,4011,4052,REPUBLICANOS,0.08801998479417834
2024,88994,UNIÃO,PARTIDO:UNIÃO,SAPIRANGA,19,0,19,668,687,UNIÃO,0.014923427826653634
2024,89001,CIDADANIA,FEDERACAO:100,ALMIRANTE TAMANDARÉ DO SUL,0,0,0,0,0,CIDADANIA,0.0
2024,89001,MDB,PARTIDO:MDB,ALMIRANTE TAMANDARÉ DO SUL,5,0,5,143,148,MDB,0.08114035087719298
2024,89001,PDT,PARTIDO:PDT,ALMIRANTE TAMANDARÉ DO SUL,9,0,9,606,615,PDT,0.3371710526315789
2024,89001,PP,PARTIDO:PP,ALMIRANTE TAMANDARÉ DO SUL,25,0,25,465,490,PP,0.26864035087719296
2024,89001,PSDB,FEDERACAO:100,ALMIRANTE TAMANDARÉ DO SUL,17,0,17,554,571,PSDB,0.3130482456140351
2024,89010,CIDADANIA,FEDERACAO:100,SAPUCAIA DO SUL,22,0,22,426,448,CIDADANIA,0.006730263652069406
2024,89010,MDB,PARTIDO:MDB,SAPUCAIA DO SUL,154,0,154,7265,7419,MDB,0.11145496882746188
2024,89010,PC do B,FEDERACAO:101,SAPUCAIA DO SUL,4,0,4,0,4,PC DO B,6.009163975061969e-05
2024,89010,PDT,PARTIDO:PDT,SAPUCAIA DO SUL,178,0,178,3356,3534,PDT,0.0530909637196725
2024,89010,PL,PARTIDO:PL,SAPUCAIA DO SUL,346,0,346,5651,5997,PL,0.09009239089611658
2024,89010,PODE,PARTIDO:PODE,SAPUCAIA DO SUL,18,0,18,1093,1111,PODE,0.01669045294073462
2024,89010,PP,PARTIDO:PP,SAPUCAIA DO SUL,734,0,734,12284,13018,PP,0.1955682415683918
2024,89010,PSD,PARTIDO:PSD,SAPUCAIA DO SUL,146,0,146,6587,6733,PSD,0.1011492526102306
2024,89010,PSDB,FEDERACAO:100,SAPUCAIA DO SUL,95,0,95,7534,7629,PSDB,0.11460977991436941
2024,89010,PSOL,FEDERACAO:102,SAPUCAIA DO SUL,62,0,62,935,997,PSOL,0.01497784120784196
2024,89010,PT,FEDERACAO:101,SAPUCAIA DO SUL,587,0,587,2882,3469,PT,0.05211447457372493
2024,89010,PV,FEDERACAO:101,SAPUCAIA DO SUL,11,0,11,0,11,PV,0.00016525200931420415
2024,89010,REDE,FEDERACAO:102,SAPUCAIA DO SUL,17,0,17,1005,1022,REDE,0.015353413956283332
2024,89010,REPUBLICANOS,PARTIDO:REPUBLICANOS,SAPUCAIA DO SUL,75,0,75,7168,7243,REPUBLICANOS,0.10881093667843461
2024,89010,UNIÃO,PARTIDO:UNIÃO,SAPUCAIA DO SUL,83,0,83,7847,7930,UNIÃO,0.11913167580560355
2024,89028,CIDADANIA,FEDERACAO:100,ARROIO DO PADRE,0,0,0,0,0,CIDADANIA,0.0
2024,89028,PL,PARTIDO:PL,ARROIO DO PADRE,4,0,4,144,148,PL,0.06068060680606806
2024,89028,PP,PARTIDO:PP,ARROIO DO PADRE,30,0,30,1185,1215,PP,0.4981549815498155
2024,89028,PSDB,FEDERACAO:100,ARROIO DO PADRE,3,0,3,317,320,PSDB,0.13120131201312013
2024,89028,UNIÃO,PARTIDO:UNIÃO,ARROIO DO PADRE,12,0,12,744,756,UNIÃO,0.30996309963099633
2024,89036,PC do B,FEDERACAO:101,SARANDI,0,0,0,0,0,PC DO B,0.0
2024,89036,PDT,PARTIDO:PDT,SARANDI,182,0,182,5668,5850,PDT,0.41258198744622326
2024,89036,PL,PARTIDO:PL,SARANDI,30,0,30,2031,2061,PL,0.1453558078849002
2024,89036,PP,PARTIDO:PP,SARANDI,44,0,44,3354,3398,PP,0.23965018689611398
2024,89036,PT,FEDERACAO:101,SARANDI,12,0,12,1157,1169,PT,0.08244587065378377
2024,89036,PV,FEDERACAO:101,SARANDI,0,0,0,0,0,PV,0.0
2024,89036,REPUBLICANOS,PARTIDO:REPUBLICANOS,SARANDI,2,0,2,30,32,REPUBLICANOS,0.002256858734748572
2024,89036,UNIÃO,PARTIDO:UNIÃO,SARANDI,93,0,93,1576,1669,UNIÃO,0.1177092883842302
2024,89044,PL,PARTIDO:PL,BOA VISTA DO CADEADO,21,0,21,927,948,PL,0.5576470588235294
2024,89044,PP,PARTIDO:PP,BOA VISTA DO CADEADO,12,0,12,740,752,PP,0.4423529411764706
2024,89052,MDB,PARTIDO:MDB,SEBERI,128,0,128,4436,4564,MDB,0.5841546141046973
2024,89052,PC do B,FEDERACAO:101,SEBERI,0,0,0,0,0,PC DO B,0.0
2024,89052,PDT,PARTIDO:PDT,SEBERI,16,0,16,691,707,PDT,0.09049020862664789
2024,89052,PP,PARTIDO:PP,SEBERI,63,0,63,2159,2222,PP,0.28439779854089337
2024,89052,PT,FEDERACAO:101,SEBERI,6,0,6,314,320,PT,0.04095737872776142
2024,89052,PV,FEDERACAO:101,SEBERI,0,0,0,0,0,PV,0.0
2024,89060,MDB,PARTIDO:MDB,BOA VISTA DO INCRA,14,0,14,715,729,MDB,0.3612487611496531
2024,89060,PP,PARTIDO:PP,BOA VISTA DO INCRA,13,0,13,1276,1289,PP,0.6387512388503469
2024,89079,MDB,PARTIDO:MDB,SELBACH,40,0,40,1445,1485,MDB,0.3902759526938239
2024,89079,PL,PARTIDO:PL,SELBACH,14,0,14,436,450,PL,0.11826544021024968
2024,89079,PP,PARTIDO:PP,SELBACH,61,0,61,1809,1870,PP,0.4914586070959264
2024,89087,MDB,PARTIDO:MDB,BOZANO,0,0,0,185,185,MDB,0.07456670697299476
2024,89087,PDT,PARTIDO:PDT,BOZANO,15,0,15,658,673,PDT,0.2712615880693269
2024,89087,PL,PARTIDO:PL,BOZANO,5,0,5,543,548,PL,0.22087867795243854
2024,89087,PP,PARTIDO:PP,BOZANO,16,0,16,1059,1075,PP,0.4332930270052398
2024,89095,MDB,PARTIDO:MDB,SERAFINA CORRÊA,158,0,158,5157,5315,MDB,0.5093923710944988
2024,89095,PC do B,FEDERACAO:101,SERAFINA CORRÊA,0,0,0,0,0,PC DO B,0.0
2024,89095,PL,PARTIDO:PL,SERAFINA CORRÊA,19,0,19,1146,1165,PL,0.11165420739888825
2024,89095,PP,PARTIDO:PP,SERAFINA CORRÊA,88,0,88,2657,2745,PP,0.26308223116733753
2024,89095,PT,FEDERACAO:101,SERAFINA CORRÊA,10,0,10,187,197,PT,0.018880582710369943
2024,89095,PV,FEDERACAO:101,SERAFINA CORRÊA,1,0,1,0,1,PV,9.584052137243626e-05
2024,89095,UNIÃO,PARTIDO:UNIÃO,SERAFINA CORRÊA,13,0,13,998,1011,UNIÃO,0.09689476710753306
2024,89109,MDB,PARTIDO:MDB,CANUDOS DO VALE,19,0,19,557,576,MDB,0.3125339120998372
2024,89109,PDT,PARTIDO:PDT,CANUDOS DO VALE,1,0,1,321,322,PDT,0.17471513836136734
2024,89109,PP,PARTIDO:PP,CANUDOS DO VALE,13,0,13,431,444,PP,0.24091155724362454
2024,89109,PSB,PARTIDO:PSB,CANUDOS DO VALE,9,0,9,492,501,PSB,0.2718393922951709
2024,89117,MDB,PARTIDO:MDB,SERTÃO,27,0,27,934,961,MDB,0.2129403944161312
2024,89117,PDT,PARTIDO:PDT,SERTÃO,13,0,13,578,591,PDT,0.1309550188344782
2024,89117,PL,PARTIDO:PL,SERTÃO,41,0,41,1096,1137,PL,0.251938843341458
2024,89117,PP,PARTIDO:PP,SERTÃO,30,0,30,1033,1063,PP,0.2355417682251274
2024,89117,UNIÃO,PARTIDO:UNIÃO,SERTÃO,10,0,10,751,761,UNIÃO,0.16862397518280522
2024,89125,MDB,PARTIDO:MDB,CAPÃO BONITO DO SUL,23,0,23,776,799,MDB,0.41679707876890976
2024,89125,PC do B,FEDERACAO:101,CAPÃO BONITO DO SUL,0,0,0,0,0,PC DO B,0.0
2024,89125,PDT,PARTIDO:PDT,CAPÃO BONITO DO SUL,10,0,10,735,745,PDT,0.3886280646844027
2024,89125,PODE,PARTIDO:PODE,CAPÃO BONITO DO SUL,9,0,9,326,335,PODE,0.17475221700573812
2024,89125,PT,FEDERACAO:101,CAPÃO BONITO DO SUL,1,0,1,37,38,PT,0.0198226395409494
2024,89125,PV,FEDERACAO:101,CAPÃO BONITO DO SUL,0,0,0,0,0,PV,0.0
2024,89133,CIDADANIA,FEDERACAO:100,SEVERIANO DE ALMEIDA,1,0,1,0,1,CIDADANIA,0.0003288391976323578
2024,89133,MDB,PARTIDO:MDB,SEVERIANO DE ALMEIDA,38,0,38,1471,1509,MDB,0.4962183492272279
2024,89133,PC do B,FEDERACAO:101,SEVERIANO DE ALMEIDA,0,0,0,0,0,PC DO B,0.0
2024,89133,PDT,PARTIDO:PDT,SEVERIANO DE ALMEIDA,13,0,13,414,427,PDT,0.14041433738901676
2024,89133,PSDB,FEDERACAO:100,SEVERIANO DE ALMEIDA,16,0,16,453,469,PSDB,0.15422558368957578
2024,89133,PT,FEDERACAO:101,SEVERIANO DE ALMEIDA,13,0,13,622,635,PT,0.2088128904965472
2024,89133,PV,FEDERACAO:101,SEVERIANO DE ALMEIDA,0,0,0,0,0,PV,0.0
2024,89141,MDB,PARTIDO:MDB,CAPÃO DO CIPÓ,5,0,5,735,740,MDB,0.2741756206002223
2024,89141,PDT,PARTIDO:PDT,CAPÃO DO CIPÓ,22,0,22,894,916,PDT,0.33938495739162655
2024,89141,PP,PARTIDO:PP,CAPÃO DO CIPÓ,18,0,18,932,950,PP,0.35198221563542054
2024,89141,PSD,PARTIDO:PSD,CAPÃO DO CIPÓ,0,0,0,93,93,PSD,0.03445720637273064
2024,89150,CIDADANIA,FEDERACAO:100,CAPÃO DA CANOA,7,0,7,377,384,CIDADANIA,0.012619125862635557
2024,89150,MDB,PARTIDO:MDB,CAPÃO DA CANOA,33,0,33,1780,1813,MDB,0.059579362471245484
2024,89150,PC do B,FEDERACAO:101,CAPÃO DA CANOA,2,0,2,0,2,PC DO B,6.572461386789353e-05
2024,89150,PDT,PARTIDO:PDT,CAPÃO DA CANOA,267,0,267,2154,2421,PDT,0.07955964508708512
2024,89150,PL,PARTIDO:PL,CAPÃO DA CANOA,69,0,69,2908,2977,PL,0.09783108774235952
2024,89150,PODE,PARTIDO:PODE,CAPÃO DA CANOA,53,0,53,6358,6411,PODE,0.2106802497535327
2024,89150,PP,PARTIDO:PP,CAPÃO DA CANOA,48,0,48,4623,4671,PP,0.15349983568846534
2024,89150,PRD,PARTIDO:PRD,CAPÃO DA CANOA,36,0,36,1936,1972,PRD,0.06480446927374302
2024,89150,PSD,PARTIDO:PSD,CAPÃO DA CANOA,10,0,10,1070,1080,PSD,0.03549129148866251
2024,89150,PSDB,FEDERACAO:100,CAPÃO DA CANOA,26,0,26,2691,2717,PSDB,0.08928688793953335
2024,89150,PT,FEDERACAO:101,CAPÃO DA CANOA,68,0,68,1459,1527,PT,0.05018074268813671
2024,89150,PV,FEDERACAO:101,CAPÃO DA CANOA,0,0,0,56,56,PV,0.0018402891883010188
2024,89150,REPUBLICANOS,PARTIDO:REPUBLICANOS,CAPÃO DA CANOA,250,0,250,4149,4399,REPUBLICANOS,0.1445612882024318
2024,89168,MDB,PARTIDO:MDB,COQUEIRO BAIXO,20,0,20,604,624,MDB,0.5114754098360655
2024,89168,PDT,PARTIDO:PDT,COQUEIRO BAIXO,4,0,4,206,210,PDT,0.1721311475409836
2024,89168,PP,PARTIDO:PP,COQUEIRO BAIXO,16,0,16,370,386,PP,0.3163934426229508
2024,89176,MDB,PARTIDO:MDB,SOBRADINHO,100,0,100,2356,2456,MDB,0.28758782201405153
2024,89176,PC do B,FEDERACAO:101,SOBRADINHO,1,0,1,0,1,PC DO B,0.000117096018735363
2024,89176,PDT,PARTIDO:PDT,SOBRADINHO,25,0,25,1238,1263,PDT,0.14789227166276347
2024,89176,PL,PARTIDO:PL,SOBRADINHO,9,0,9,1035,1044,PL,0.12224824355971897
2024,89176,PP,PARTIDO:PP,SOBRADINHO,22,374,396,2033,2429,PP,0.28442622950819674
2024,89176,PRD,PARTIDO:PRD,SOBRADINHO,3,0,3,526,529,PRD,0.061943793911007024
2024,89176,PT,FEDERACAO:101,SOBRADINHO,45,0,45,773,818,PT,0.09578454332552694
2024,89176,PV,FEDERACAO:101,SOBRADINHO,0,0,0,0,0,PV,0.0
2024,89184,MDB,PARTIDO:MDB,CORONEL PILAR,6,0,6,396,402,MDB,0.27800829875518673
2024,89184,PC do B,FEDERACAO:101,CORONEL PILAR,0,0,0,0,0,PC DO B,0.0
2024,89184,PDT,PARTIDO:PDT,CORONEL PILAR,7,0,7,250,257,PDT,0.177731673582296
2024,89184,PL,PARTIDO:PL,CORONEL PILAR,13,0,13,214,227,PL,0.156984785615491
2024,89184,PP,PARTIDO:PP,CORONEL PILAR,3,0,3,236,239,PP,0.165283540802213
2024,89184,PT,FEDERACAO:101,CORONEL PILAR,14,0,14,307,321,PT,0.22199170124481327
2024,89184,PV,FEDERACAO:101,CORONEL PILAR,0,0,0,0,0,PV,0.0
2024,89192,CIDADANIA,FEDERACAO:100,SOLEDADE,3,0,3,0,3,CIDADANIA,0.00017422614553690692
2024,89192,MDB,PARTIDO:MDB,SOLEDADE,234,0,234,4222,4456,MDB,0.25878390150415237
2024,89192,PC do B,FEDERACAO:101,SOLEDADE,1,0,1,0,1,PC DO B,5.807538184563563e-05
2024,89192,PDT,PARTIDO:PDT,SOLEDADE,42,0,42,1018,1060,PDT,0.061559904756373775
2024,89192,PL,PARTIDO:PL,SOLEDADE,54,0,54,2140,2194,PL,0.1274173877693246
2024,89192,PP,PARTIDO:PP,SOLEDADE,64,0,64,3565,3629,PP,0.2107555607178117
2024,89192,PSB,PARTIDO:PSB,SOLEDADE,11,0,11,669,680,PSB,0.03949125965503223
2024,89192,PSDB,FEDERACAO:100,SOLEDADE,17,0,17,1988,2005,PSDB,0.11644114060049945
2024,89192,PT,FEDERACAO:101,SOLEDADE,167,0,167,1751,1918,PT,0.11138858237992914
2024,89192,PV,FEDERACAO:101,SOLEDADE,0,0,0,0,0,PV,0.0
2024,89192,REPUBLICANOS,PARTIDO:REPUBLICANOS,SOLEDADE,12,0,12,1261,1273,REPUBLICANOS,0.07392996108949416
2024,89206,CIDADANIA,FEDERACAO:100,CRUZALTENSE,0,0,0,0,0,CIDADANIA,0.0
2024,89206,MDB,PARTIDO:MDB,CRUZALTENSE,3,0,3,214,217,MDB,0.11793478260869565
2024,89206,PC do B,FEDERACAO:101,CRUZALTENSE,0,0,0,0,0,PC DO B,0.0
2024,89206,PDT,PARTIDO:PDT,CRUZALTENSE,2,0,2,93,95,PDT,0.051630434782608696
2024,89206,PL,PARTIDO:PL,CRUZALTENSE,1,0,1,124,125,PL,0.06793478260869565
2024,89206,PODE,PARTIDO:PODE,CRUZALTENSE,6,0,6,349,355,PODE,0.19293478260869565
2024,89206,PP,PARTIDO:PP,CRUZALTENSE,6,0,6,195,201,PP,0.1092391304347826
2024,89206,PSDB,FEDERACAO:100,CRUZALTENSE,7,0,7,721,728,PSDB,0.39565217391304347
2024,89206,PT,FEDERACAO:101,CRUZALTENSE,1,0,1,118,119,PT,0.06467391304347826
2024,89206,PV,FEDERACAO:101,CRUZALTENSE,0,0,0,0,0,PV,0.0
2024,89214,CIDADANIA,FEDERACAO:100,TAPEJARA,5,0,5,59,64,CIDADANIA,0.004509900641251497
2024,89214,MDB,PARTIDO:MDB,TAPEJARA,155,0,155,3304,3459,MDB,0.24374603622013952
2024,89214,PC do B,FEDERACAO:101,TAPEJARA,1,0,1,0,1,PC DO B,7.046719751955464e-05
2024,89214,PDT,PARTIDO:PDT,TAPEJARA,45,0,45,2809,2854,PDT,0.20111338172080898
2024,89214,PL,PARTIDO:PL,TAPEJARA,25,0,25,1379,1404,PL,0.09893594531745473
2024,89214,PP,PARTIDO:PP,TAPEJARA,130,0,130,3519,3649,PP,0.2571348037488549
2024,89214,PSDB,FEDERACAO:100,TAPEJARA,1,0,1,0,1,PSDB,7.046719751955464e-05
2024,89214,PT,FEDERACAO:101,TAPEJARA,15,0,15,582,597,PT,0.042068916919174124
2024,89214,PV,FEDERACAO:101,TAPEJARA,0,0,0,0,0,PV,0.0
2024,89214,REPUBLICANOS,PARTIDO:REPUBLICANOS,TAPEJARA,12,0,12,2150,2162,REPUBLICANOS,0.15235008103727715
2024,89222,CIDADANIA,FEDERACAO:100,FORQUETINHA,1,0,1,0,1,CIDADANIA,0.0004170141784820684
2024,89222,MDB,PARTIDO:MDB,FORQUETINHA,2,0,2,376,378,MDB,0.15763135946622187
2024,89222,PL,PARTIDO:PL,FORQUETINHA,18,0,18,815,833,PL,0.34737281067556297
2024,89222,PP,PARTIDO:PP,FORQUETINHA,19,0,19,710,729,PP,0.30400333611342784
2024,89222,PSDB,FEDERACAO:100,FORQUETINHA,5,0,5,452,457,PSDB,0.19057547956630524
2024,89230,MDB,PARTIDO:MDB,TAPERA,18,0,18,508,526,MDB,0.08326737375336393
2024,89230,PC do B,FEDERACAO:101,TAPERA,0,0,0,0,0,PC DO B,0.0
2024,89230,PDT,PARTIDO:PDT,TAPERA,20,0,20,1411,1431,PDT,0.22653158144688934
2024,89230,PL,PARTIDO:PL,TAPERA,44,0,44,652,696,PL,0.110178882380877
2024,89230,PP,PARTIDO:PP,TAPERA,83,0,83,2300,2383,PP,0.3772360297609625
2024,89230,PT,FEDERACAO:101,TAPERA,23,0,23,528,551,PT,0.08722494855152763
2024,89230,PV,FEDERACAO:101,TAPERA,0,0,0,0,0,PV,0.0
2024,89230,UNIÃO,PARTIDO:UNIÃO,TAPERA,19,0,19,711,730,UNIÃO,0.11556118410637961
2024,89247,MDB,PARTIDO:MDB,SANTA CECÍLIA DO SUL,11,0,11,557,568,MDB,0.3225440090857467
2024,89247,PDT,PARTIDO:PDT,SANTA CECÍLIA DO SUL,6,0,6,572,578,PDT,0.3282226007950028
2024,89247,PL,PARTIDO:PL,SANTA CECÍLIA DO SUL,7,0,7,271,278,PL,0.15786484951731972
2024,89247,PP,PARTIDO:PP,SANTA CECÍLIA DO SUL,9,0,9,328,337,PP,0.19136854060193073
2024,89249,MDB,PARTIDO:MDB,ITATI,9,0,9,905,914,MDB,0.3079514824797844
2024,89249,PDT,PARTIDO:PDT,ITATI,16,0,16,379,395,PDT,0.13308625336927224
2024,89249,PL,PARTIDO:PL,ITATI,1,0,1,236,237,PL,0.07985175202156335
2024,89249,PP,PARTIDO:PP,ITATI,22,0,22,1400,1422,PP,0.47911051212938005
2024,89257,AVANTE,PARTIDO:AVANTE,TAPES,3,0,3,320,323,AVANTE,0.03603302097278001
2024,89257,CIDADANIA,FEDERACAO:100,TAPES,2,0,2,0,2,CIDADANIA,0.00022311468094600624
2024,89257,MDB,PARTIDO:MDB,TAPES,24,0,24,1895,1919,MDB,0.214078536367693
2024,89257,PC do B,FEDERACAO:101,TAPES,0,0,0,0,0,PC DO B,0.0
2024,89257,PDT,PARTIDO:PDT,TAPES,75,0,75,1653,1728,PDT,0.1927710843373494
2024,89257,PL,PARTIDO:PL,TAPES,12,0,12,780,792,PL,0.08835341365461848
2024,89257,PODE,PARTIDO:PODE,TAPES,8,0,8,600,608,PODE,0.0678268630075859
2024,89257,PP,PARTIDO:PP,TAPES,140,0,140,2136,2276,PP,0.2539045069165551
2024,89257,PSD,PARTIDO:PSD,TAPES,8,0,8,462,470,PSD,0.05243195002231147
2024,89257,PSDB,FEDERACAO:100,TAPES,4,0,4,95,99,PSDB,0.01104417670682731
2024,89257,PSOL,FEDERACAO:102,TAPES,9,0,9,139,148,PSOL,0.01651048639000446
2024,89257,PT,FEDERACAO:101,TAPES,9,0,9,239,248,PT,0.027666220437304774
2024,89257,PV,FEDERACAO:101,TAPES,0,0,0,0,0,PV,0.0
2024,89257,REDE,FEDERACAO:102,TAPES,1,0,1,0,1,REDE,0.00011155734047300312
2024,89257,REPUBLICANOS,PARTIDO:REPUBLICANOS,TAPES,9,0,9,341,350,REPUBLICANOS,0.039045069165551095
2024,89265,MDB,PARTIDO:MDB,JACUIZINHO,4,0,4,351,355,MDB,0.17714570858283432
2024,89265,PDT,PARTIDO:PDT,JACUIZINHO,11,0,11,784,795,PDT,0.3967065868263473
2024,89265,PP,PARTIDO:PP,JACUIZINHO,12,0,12,654,666,PP,0.3323353293413174
2024,89265,PRD,PARTIDO:PRD,JACUIZINHO,3,0,3,185,188,PRD,0.09381237524950099
2024,89273,MDB,PARTIDO:MDB,TAQUARA,28,0,28,1912,1940,MDB,0.06422777685813608
2024,89273,PC do B,FEDERACAO:101,TAQUARA,1,0,1,0,1,PC DO B,3.3107101473266015e-05
2024,89273,PDT,PARTIDO:PDT,TAQUARA,109,0,109,1645,1754,PDT,0.05806985598410859
2024,89273,PL,PARTIDO:PL,TAQUARA,141,0,141,2469,2610,PL,0.0864095348452243
2024,89273,PODE,PARTIDO:PODE,TAQUARA,28,0,28,1105,1133,PODE,0.03751034596921039
2024,89273,PP,PARTIDO:PP,TAQUARA,95,0,95,5947,6042,PP,0.20003310710147326
2024,89273,PRD,PARTIDO:PRD,TAQUARA,13,0,13,1245,1258,PRD,0.041648733653368644
2024,89273,PSB,PARTIDO:PSB,TAQUARA,37,0,37,3537,3574,PSB,0.11832478066545274
2024,89273,PSD,PARTIDO:PSD,TAQUARA,9,0,9,597,606,PSD,0.020062903492799204
2024,89273,PT,FEDERACAO:101,TAQUARA,64,0,64,1325,1389,PT,0.0459857639463665
2024,89273,PV,FEDERACAO:101,TAQUARA,1,0,1,241,242,PV,0.008011918556530375
2024,89273,REPUBLICANOS,PARTIDO:REPUBLICANOS,TAQUARA,361,0,361,6873,7234,REPUBLICANOS,0.23949677205760636
2024,89273,UNIÃO,PARTIDO:UNIÃO,TAQUARA,30,0,30,2392,2422,UNIÃO,0.08018539976825029
2024,89281,CIDADANIA,FEDERACAO:100,LAGOA BONITA DO SUL,0,0,0,0,0,CIDADANIA,0.0
2024,89281,PC do B,FEDERACAO:101,LAGOA BONITA DO SUL,0,0,0,0,0,PC DO B,0.0
2024,89281,PL,PARTIDO:PL,LAGOA BONITA DO SUL,13,0,13,405,418,PL,0.21782178217821782
2024,89281,PP,PARTIDO:PP,LAGOA BONITA DO SUL,23,0,23,572,595,PP,0.31005732152162585
2024,89281,PSB,PARTIDO:PSB,LAGOA BONITA DO SUL,4,0,4,412,416,PSB,0.21677957269411152
2024,89281,PSDB,FEDERACAO:100,LAGOA BONITA DO SUL,5,0,5,129,134,PSDB,0.06982803543512246
2024,89281,PT,FEDERACAO:101,LAGOA BONITA DO SUL,5,0,5,351,356,PT,0.18551328817092236
2024,89281,PV,FEDERACAO:101,LAGOA BONITA DO SUL,0,0,0,0,0,PV,0.0
2024,89290,AVANTE,PARTIDO:AVANTE,TAQUARI,4,0,4,1366,1370,AVANTE,0.09093926319283106
2024,89290,CIDADANIA,FEDERACAO:100,TAQUARI,3,0,3,0,3,CIDADANIA,0.00019913707268503152
2024,89290,MDB,PARTIDO:MDB,TAQUARI,20,0,20,1317,1337,MDB,0.08874875539329571
2024,89290,PC do B,FEDERACAO:101,TAQUARI,1,0,1,85,86,PC DO B,0.005708596083637571
2024,89290,PDT,PARTIDO:PDT,TAQUARI,246,0,246,5817,6063,PDT,0.40245602389644874
2024,89290,PL,PARTIDO:PL,TAQUARI,14,0,14,194,208,PL,0.013806837039495519
2024,89290,PODE,PARTIDO:PODE,TAQUARI,8,0,8,491,499,PODE,0.03312313308994358
2024,89290,PP,PARTIDO:PP,TAQUARI,37,0,37,1837,1874,PP,0.12439429140391636
2024,89290,PSDB,FEDERACAO:100,TAQUARI,48,0,48,1280,1328,PSDB,0.08815134417524062
2024,89290,PT,FEDERACAO:101,TAQUARI,37,0,37,2259,2296,PT,0.15240623962827746
2024,89290,PV,FEDERACAO:101,TAQUARI,1,0,1,0,1,PV,6.637902422834384e-05
2024,89303,MDB,PARTIDO:MDB,MATO QUEIMADO,5,0,5,375,380,MDB,0.268361581920904
2024,89303,PL,PARTIDO:PL,MATO QUEIMADO,3,0,3,269,272,PL,0.192090395480226
2024,89303,PP,PARTIDO:PP,MATO QUEIMADO,18,0,18,466,484,PP,0.3418079096045198
2024,89303,PRD,PARTIDO:PRD,MATO QUEIMADO,4,0,4,217,221,PRD,0.1560734463276836
2024,89303,UNIÃO,PARTIDO:UNIÃO,MATO QUEIMADO,1,0,1,58,59,UNIÃO,0.041666666666666664
2024,89311,CIDADANIA,FEDERACAO:100,TENENTE PORTELA,2,0,2,0,2,CIDADANIA,0.00022970024118525325
2024,89311,MDB,PARTIDO:MDB,TENENTE PORTELA,16,0,16,1333,1349,MDB,0.1549328126794533
2024,89311,PC do B,FEDERACAO:101,TENENTE PORTELA,0,0,0,0,0,PC DO B,0.0
2024,89311,PDT,PARTIDO:PDT,TENENTE PORTELA,21,0,21,908,929,PDT,0.10669576203055013
2024,89311,PL,PARTIDO:PL,TENENTE PORTELA,39,0,39,1243,1282,PL,0.14723785459974734
2024,89311,PP,PARTIDO:PP,TENENTE PORTELA,56,0,56,405,461,PP,0.05294590559320087
2024,89311,PSB,PARTIDO:PSB,TENENTE PORTELA,10,0,10,650,660,PSB,0.07580107959113357
2024,89311,PSDB,FEDERACAO:100,TENENTE PORTELA,100,0,100,2240,2340,PSDB,0.2687492821867463
2024,89311,PT,FEDERACAO:101,TENENTE PORTELA,11,0,11,757,768,PT,0.08820489261513724
2024,89311,PV,FEDERACAO:101,TENENTE PORTELA,1,0,1,0,1,PV,0.00011485012059262662
2024,89311,REPUBLICANOS,PARTIDO:REPUBLICANOS,TENENTE PORTELA,14,0,14,901,915,REPUBLICANOS,0.10508786034225336
2024,89320,PC do B,FEDERACAO:101,NOVO XINGU,0,0,0,0,0,PC DO B,0.0
2024,89320,PDT,PARTIDO:PDT,NOVO XINGU,19,0,19,477,496,PDT,0.35942028985507246
2024,89320,PP,PARTIDO:PP,NOVO XINGU,9,0,9,317,326,PP,0.23623188405797102
2024,89320,PT,FEDERACAO:101,NOVO XINGU,3,0,3,555,558,PT,0.4043478260869565
2024,89320,PV,FEDERACAO:101,NOVO XINGU,0,0,0,0,0,PV,0.0
2024,89338,CIDADANIA,FEDERACAO:100,TORRES,2,0,2,0,2,CIDADANIA,8.849165966107695e-05
2024,89338,DC,PARTIDO:DC,TORRES,3,0,3,281,284,DC,0.012565815671872926
2024,89338,MDB,PARTIDO:MDB,TORRES,230,0,230,3775,4005,MDB,0.17720454847130657
2024,89338,PC do B,FEDERACAO:101,TORRES,2,0,2,0,2,PC DO B,8.849165966107695e-05
2024,89338,PDT,PARTIDO:PDT,TORRES,43,0,43,1503,1546,PDT,0.06840405291801248
2024,89338,PL,PARTIDO:PL,TORRES,26,0,26,1377,1403,PL,0.06207689925224548
2024,89338,PODE,PARTIDO:PODE,TORRES,5,0,5,1347,1352,PODE,0.059820361930888015
2024,89338,PP,PARTIDO:PP,TORRES,158,0,158,4325,4483,PP,0.19835405513030396
2024,89338,PSD,PARTIDO:PSD,TORRES,14,0,14,1492,1506,PSD,0.06663421972479094
2024,89338,PSDB,FEDERACAO:100,TORRES,29,0,29,2954,2983,PSDB,0.13198531038449626
2024,89338,PT,FEDERACAO:101,TORRES,64,0,64,1963,2027,PT,0.08968629706650148
2024,89338,PV,FEDERACAO:101,TORRES,0,0,0,0,0,PV,0.0
2024,89338,REPUBLICANOS,PARTIDO:REPUBLICANOS,TORRES,14,0,14,1466,1480,REPUBLICANOS,0.06548382814919694
2024,89338,SOLIDARIEDADE,PARTIDO:SOLIDARIEDADE,TORRES,0,0,0,50,50,SOLIDARIEDADE,0.0022122914915269237
2024,89338,UNIÃO,PARTIDO:UNIÃO,TORRES,107,0,107,1371,1478,UNIÃO,0.06539533648953585
2024,89346,CIDADANIA,FEDERACAO:100,PAULO BENTO,1,0,1,171,172,CIDADANIA,0.08237547892720307
2024,89346,MDB,PARTIDO:MDB,PAULO BENTO,9,0,9,270,279,MDB,0.1336206896551724
2024,89346,PC do B,FEDERACAO:101,PAULO BENTO,0,0,0,0,0,PC DO B,0.0
2024,89346,PL,PARTIDO:PL,PAULO BENTO,3,0,3,614,617,PL,0.29549808429118773
2024,89346,PP,PARTIDO:PP,PAULO BENTO,3,0,3,102,105,PP,0.05028735632183908
2024,89346,PSD,PARTIDO:PSD,PAULO BENTO,8,0,8,338,346,PSD,0.1657088122605364
2024,89346,PSDB,FEDERACAO:100,PAULO BENTO,0,0,0,0,0,PSDB,0.0
2024,89346,PT,FEDERACAO:101,PAULO BENTO,2,0,2,228,230,PT,0.11015325670498084
2024,89346,PV,FEDERACAO:101,PAULO BENTO,0,0,0,0,0,PV,0.0
2024,89346,REPUBLICANOS,PARTIDO:REPUBLICANOS,PAULO BENTO,1,0,1,134,135,REPUBLICANOS,0.06465517241379311
2024,89346,UNIÃO,PARTIDO:UNIÃO,PAULO BENTO,0,0,0,204,204,UNIÃO,0.09770114942528736
2024,89354,CIDADANIA,FEDERACAO:100,TRAMANDAÍ,8,0,8,329,337,CIDADANIA,0.013420413364660905
2024,89354,MDB,PARTIDO:MDB,TRAMANDAÍ,221,0,221,4864,5085,MDB,0.20250089602166382
2024,89354,NOVO,PARTIDO:NOVO,TRAMANDAÍ,12,0,12,428,440,NOVO,0.017522201425670025
2024,89354,PC do B,FEDERACAO:101,TRAMANDAÍ,1,0,1,0,1,PC DO B,3.982318505834097e-05
2024,89354,PDT,PARTIDO:PDT,TRAMANDAÍ,140,0,140,3867,4007,PDT,0.15957150252877225
2024,89354,PL,PARTIDO:PL,TRAMANDAÍ,70,0,70,1195,1265,PL,0.05037632909880132
2024,89354,PODE,PARTIDO:PODE,TRAMANDAÍ,12,0,12,462,474,PODE,0.01887618971765362
2024,89354,PP,PARTIDO:PP,TRAMANDAÍ,60,0,60,5077,5137,PP,0.20457170164469754
2024,89354,PRD,PARTIDO:PRD,TRAMANDAÍ,2,0,2,359,361,PRD,0.014376169806061089
2024,89354,PSB,PARTIDO:PSB,TRAMANDAÍ,10,0,10,1220,1230,PSB,0.04898251762175939
2024,89354,PSD,PARTIDO:PSD,TRAMANDAÍ,15,0,15,444,459,PSD,0.018278841941778503
2024,89354,PSDB,FEDERACAO:100,TRAMANDAÍ,14,0,14,1439,1453,PSDB,0.057863087889769425
2024,89354,PT,FEDERACAO:101,TRAMANDAÍ,178,0,178,882,1060,PT,0.042212576161841424
2024,89354,PV,FEDERACAO:101,TRAMANDAÍ,1,0,1,0,1,PV,3.982318505834097e-05
2024,89354,REPUBLICANOS,PARTIDO:REPUBLICANOS,TRAMANDAÍ,9,0,9,921,930,REPUBLICANOS,0.0370355621042571
2024,89354,UNIÃO,PARTIDO:UNIÃO,TRAMANDAÍ,164,0,164,2707,2871,UNIÃO,0.11433236430249691
2024,89362,MDB,PARTIDO:MDB,PINHAL DA SERRA,15,0,15,479,494,MDB,0.19983818770226539
2024,89362,PC do B,FEDERACAO:101,PINHAL DA SERRA,0,0,0,0,0,PC DO B,0.0
2024,89362,PP,PARTIDO:PP,PINHAL DA SERRA,32,0,32,1413,1445,PP,0.584546925566343
2024,89362,PT,FEDERACAO:101,PINHAL DA SERRA,1,0,1,532,533,PT,0.2156148867313916
2024,89362,PV,FEDERACAO:101,PINHAL DA SERRA,0,0,0,0,0,PV,0.0
2024,89370,CIDADANIA,FEDERACAO:100,TRÊS COROAS,6,0,6,287,293,CIDADANIA,0.021506165590135056
2024,89370,MDB,PARTIDO:MDB,TRÊS COROAS,133,0,133,2804,2937,MDB,0.21557545507927187
2024,89370,PC do B,FEDERACAO:101,TRÊS COROAS,2,0,2,0,2,PC DO B,0.0001467997651203758
2024,89370,PDT,PARTIDO:PDT,TRÊS COROAS,28,0,28,701,729,PDT,0.05350851438637698
2024,89370,PL,PARTIDO:PL,TRÊS COROAS,28,0,28,3660,3688,PL,0.270698766881973
2024,89370,PODE,PARTIDO:PODE,TRÊS COROAS,9,0,9,111,120,PODE,0.008807985907222548
2024,89370,PP,PARTIDO:PP,TRÊS COROAS,26,0,26,1039,1065,PP,0.07817087492660012
2024,89370,PSD,PARTIDO:PSD,TRÊS COROAS,14,0,14,1140,1154,PSD,0.08470346447445684
2024,89370,PSDB,FEDERACAO:100,TRÊS COROAS,79,0,79,1292,1371,PSDB,0.10063123899001762
2024,89370,PT,FEDERACAO:101,TRÊS COROAS,56,0,56,552,608,PT,0.04462712859659425
2024,89370,PV,FEDERACAO:101,TRÊS COROAS,0,0,0,0,0,PV,0.0
2024,89370,REPUBLICANOS,PARTIDO:REPUBLICANOS,TRÊS COROAS,125,0,125,1532,1657,REPUBLICANOS,0.12162360540223136
2024,89389,CIDADANIA,FEDERACAO:100,QUATRO IRMÃOS,1,0,1,0,1,CIDADANIA,0.0005945303210463733
2024,89389,MDB,PARTIDO:MDB,QUATRO IRMÃOS,3,0,3,283,286,MDB,0.1700356718192628
2024,89389,PDT,PARTIDO:PDT,QUATRO IRMÃOS,2,0,2,109,111,PDT,0.06599286563614744
2024,89389,PL,PARTIDO:PL,QUATRO IRMÃOS,0,0,0,44,44,PL,0.026159334126040427
2024,89389,PP,PARTIDO:PP,QUATRO IRMÃOS,12,0,12,501,513,PP,0.30499405469678953
2024,89389,PSDB,FEDERACAO:100,QUATRO IRMÃOS,20,0,20,707,727,PSDB,0.43222354340071345
2024,89397,MDB,PARTIDO:MDB,TRÊS DE MAIO,11,0,11,166,177,MDB,0.011732732334614875
2024,89397,NOVO,PARTIDO:NOVO,TRÊS DE MAIO,15,0,15,1171,1186,NOVO,0.0786159353042556
2024,89397,PC do B,FEDERACAO:101,TRÊS DE MAIO,0,0,0,0,0,PC DO B,0.0
2024,89397,PDT,PARTIDO:PDT,TRÊS DE MAIO,110,0,110,1651,1761,PDT,0.11673074373591409
2024,89397,PL,PARTIDO:PL,TRÊS DE MAIO,19,0,19,1205,1224,PL,0.08113482699191303
2024,89397,PP,PARTIDO:PP,TRÊS DE MAIO,194,0,194,5196,5390,PP,0.35728489990719875
2024,89397,PSB,PARTIDO:PSB,TRÊS DE MAIO,3,0,3,139,142,PSB,0.009412700517035662
2024,89397,PSD,PARTIDO:PSD,TRÊS DE MAIO,3,0,3,68,71,PSD,0.004706350258517831
2024,89397,PT,FEDERACAO:101,TRÊS DE MAIO,174,0,174,2594,2768,PT,0.183481373458836
2024,89397,PV,FEDERACAO:101,TRÊS DE MAIO,0,0,0,0,0,PV,0.0
2024,89397,REPUBLICANOS,PARTIDO:REPUBLICANOS,TRÊS DE MAIO,19,0,19,1783,1802,REPUBLICANOS,0.11944849529364975
2024,89397,UNIÃO,PARTIDO:UNIÃO,TRÊS DE MAIO,5,0,5,560,565,UNIÃO,0.03745194219806443
2024,89400,MDB,PARTIDO:MDB,ROLADOR,28,0,28,1100,1128,MDB,0.5310734463276836
2024,89400,PP,PARTIDO:PP,ROLADOR,15,0,15,658,673,PP,0.3168549905838041
2024,89400,PSB,PARTIDO:PSB,ROLADOR,3,0,3,320,323,PSB,0.15207156308851225
2024,89419,CIDADANIA,FEDERACAO:100,TRÊS PASSOS,1,0,1,0,1,CIDADANIA,6.881838827334664e-05
2024,89419,MDB,PARTIDO:MDB,TRÊS PASSOS,21,0,21,2654,2675,MDB,0.18408918863120224
2024,89419,PC do B,FEDERACAO:101,TRÊS PASSOS,10,0,10,700,710,PC DO B,0.048861055674076115
2024,89419,PDT,PARTIDO:PDT,TRÊS PASSOS,44,0,44,1376,1420,PDT,0.09772211134815223
2024,89419,PL,PARTIDO:PL,TRÊS PASSOS,113,0,113,1735,1848,PL,0.1271763815291446
2024,89419,PP,PARTIDO:PP,TRÊS PASSOS,49,0,49,3319,3368,PP,0.23178033170463147
2024,89419,PSDB,FEDERACAO:100,TRÊS PASSOS,132,0,132,2046,2178,PSDB,0.14988644965934897
2024,89419,PT,FEDERACAO:101,TRÊS PASSOS,30,0,30,1487,1517,PT,0.10439749501066685
2024,89419,PV,FEDERACAO:101,TRÊS PASSOS,3,0,3,0,3,PV,0.00020645516482003991
2024,89419,UNIÃO,PARTIDO:UNIÃO,TRÊS PASSOS,43,0,43,768,811,UNIÃO,0.055811712889684124
2024,89435,MDB,PARTIDO:MDB,TRIUNFO,187,0,187,8296,8483,MDB,0.47926553672316385
2024,89435,PC do B,FEDERACAO:101,TRIUNFO,0,0,0,0,0,PC DO B,0.0
2024,89435,PDT,PARTIDO:PDT,TRIUNFO,39,0,39,502,541,PDT,0.03056497175141243
2024,89435,PL,PARTIDO:PL,TRIUNFO,62,0,62,203,265,PL,0.014971751412429379
2024,89435,PODE,PARTIDO:PODE,TRIUNFO,23,0,23,2934,2957,PODE,0.16706214689265536
2024,89435,PP,PARTIDO:PP,TRIUNFO,25,0,25,1574,1599,PP,0.09033898305084746
2024,89435,PSD,PARTIDO:PSD,TRIUNFO,9,0,9,91,100,PSD,0.005649717514124294
2024,89435,PT,FEDERACAO:101,TRIUNFO,31,0,31,697,728,PT,0.04112994350282486
2024,89435,PV,FEDERACAO:101,TRIUNFO,1,0,1,82,83,PV,0.004689265536723164
2024,89435,REPUBLICANOS,PARTIDO:REPUBLICANOS,TRIUNFO,13,0,13,2062,2075,REPUBLICANOS,0.1172316384180791
2024,89435,UNIÃO,PARTIDO:UNIÃO,TRIUNFO,5,0,5,864,869,UNIÃO,0.049096045197740114
2024,89443,MDB,PARTIDO:MDB,SANTA MARGARIDA DO SUL,2,0,2,93,95,MDB,0.03787878787878788
2024,89443,PDT,PARTIDO:PDT,SANTA MARGARIDA DO SUL,18,0,18,1081,1099,PDT,0.4381977671451356
2024,89443,PP,PARTIDO:PP,SANTA MARGARIDA DO SUL,26,0,26,752,778,PP,0.310207336523126
2024,89443,UNIÃO,PARTIDO:UNIÃO,SANTA MARGARIDA DO SUL,3,0,3,533,536,UNIÃO,0.21371610845295055
2024,89451,CIDADANIA,FEDERACAO:100,TUCUNDUVA,1,0,1,0,1,CIDADANIA,0.00024125452352231604
2024,89451,MDB,PARTIDO:MDB,TUCUNDUVA,10,0,10,918,928,MDB,0.22388419782870927
2024,89451,PC do B,FEDERACAO:101,TUCUNDUVA,0,0,0,0,0,PC DO B,0.0
2024,89451,PDT,PARTIDO:PDT,TUCUNDUVA,29,0,29,807,836,PDT,0.2016887816646562
2024,89451,PL,PARTIDO:PL,TUCUNDUVA,11,0,11,621,632,PL,0.15247285886610373
2024,89451,PP,PARTIDO:PP,TUCUNDUVA,41,0,41,1378,1419,PP,0.3423401688781665
2024,89451,PSDB,FEDERACAO:100,TUCUNDUVA,2,0,2,229,231,PSDB,0.05572979493365501
2024,89451,PT,FEDERACAO:101,TUCUNDUVA,3,0,3,95,98,PT,0.023642943305186973
2024,89451,PV,FEDERACAO:101,TUCUNDUVA,0,0,0,0,0,PV,0.0
2024,89460,MDB,PARTIDO:MDB,SÃO JOSÉ DO SUL,0,0,0,94,94,MDB,0.05266106442577031
2024,89460,PDT,PARTIDO:PDT,SÃO JOSÉ DO SUL,5,0,5,341,346,PDT,0.1938375350140056
2024,89460,PL,PARTIDO:PL,SÃO JOSÉ DO SUL,11,0,11,228,239,PL,0.13389355742296918
2024,89460,PP,PARTIDO:PP,SÃO JOSÉ DO SUL,5,0,5,308,313,PP,0.1753501400560224
2024,89460,PSD,PARTIDO:PSD,SÃO JOSÉ DO SUL,22,0,22,771,793,PSD,0.44425770308123247
2024,89478,CIDADANIA,FEDERACAO:100,TUPANCIRETÃ,3,0,3,0,3,CIDADANIA,0.0002444788525792519
2024,89478,MDB,PARTIDO:MDB,TUPANCIRETÃ,17,0,17,738,755,MDB,0.061527177899111725
2024,89478,PC do B,FEDERACAO:101,TUPANCIRETÃ,1,0,1,0,1,PC DO B,8.149295085975064e-05
2024,89478,PDT,PARTIDO:PDT,TUPANCIRETÃ,16,0,16,145,161,PDT,0.013120365088419851
2024,89478,PL,PARTIDO:PL,TUPANCIRETÃ,14,0,14,1537,1551,PL,0.12639556678347322
2024,89478,PP,PARTIDO:PP,TUPANCIRETÃ,206,0,206,3905,4111,PP,0.3350175209844348
2024,89478,PSB,PARTIDO:PSB,TUPANCIRETÃ,13,0,13,1571,1584,PSB,0.129084834161845
2024,89478,PSDB,FEDERACAO:100,TUPANCIRETÃ,11,0,11,1117,1128,PSDB,0.09192404856979872
2024,89478,PT,FEDERACAO:101,TUPANCIRETÃ,109,0,109,1268,1377,PT,0.11221579333387662
2024,89478,PV,FEDERACAO:101,TUPANCIRETÃ,0,0,0,0,0,PV,0.0
2024,89478,REPUBLICANOS,PARTIDO:REPUBLICANOS,TUPANCIRETÃ,26,0,26,1393,1419,REPUBLICANOS,0.11563849726998615
2024,89478,UNIÃO,PARTIDO:UNIÃO,TUPANCIRETÃ,8,0,8,173,181,UNIÃO,0.014750224105614865
2024,89486,PC do B,FEDERACAO:101,SÃO PEDRO DAS MISSÕES,0,0,0,0,0,PC DO B,0.0
2024,89486,PDT,PARTIDO:PDT,SÃO PEDRO DAS MISSÕES,19,0,19,429,448,PDT,0.30896551724137933
2024,89486,PL,PARTIDO:PL,SÃO PEDRO DAS MISSÕES,1,0,1,97,98,PL,0.06758620689655172
2024,89486,PP,PARTIDO:PP,SÃO PEDRO DAS MISSÕES,10,0,10,442,452,PP,0.3117241379310345
2024,89486,PT,FEDERACAO:101,SÃO PEDRO DAS MISSÕES,9,0,9,443,452,PT,0.3117241379310345
2024,89486,PV,FEDERACAO:101,SÃO PEDRO DAS MISSÕES,0,0,0,0,0,PV,0.0
2024,89494,CIDADANIA,FEDERACAO:100,TUPARENDI,4,0,4,293,297,CIDADANIA,0.04954954954954955
2024,89494,MDB,PARTIDO:MDB,TUPARENDI,61,0,61,1219,1280,MDB,0.21354688021354687
2024,89494,PC do B,FEDERACAO:101,TUPARENDI,0,0,0,0,0,PC DO B,0.0
2024,89494,PDT,PARTIDO:PDT,TUPARENDI,29,0,29,1244,1273,PDT,0.21237904571237903
2024,89494,PL,PARTIDO:PL,TUPARENDI,9,0,9,737,746,PL,0.12445779112445779
2024,89494,PP,PARTIDO:PP,TUPARENDI,50,0,50,1790,1840,PP,0.30697364030697366
2024,89494,PSDB,FEDERACAO:100,TUPARENDI,3,0,3,0,3,PSDB,0.0005005005005005005
2024,89494,PT,FEDERACAO:101,TUPARENDI,8,0,8,547,555,PT,0.09259259259259259
2024,89494,PV,FEDERACAO:101,TUPARENDI,0,0,0,0,0,PV,0.0
2024,89508,CIDADANIA,FEDERACAO:100,TIO HUGO,0,0,0,147,147,CIDADANIA,0.06399651719634306
2024,89508,MDB,PARTIDO:MDB,TIO HUGO,3,0,3,305,308,MDB,0.13408794079233782
2024,89508,PDT,PARTIDO:PDT,TIO HUGO,29,0,29,887,916,PDT,0.39878101872006966
2024,89508,PL,PARTIDO:PL,TIO HUGO,30,0,30,895,925,PL,0.4026991728341315
2024,89508,PSDB,FEDERACAO:100,TIO HUGO,1,0,1,0,1,PSDB,0.00043535045711797995
2024,89516,CIDADANIA,FEDERACAO:100,URUGUAIANA,12,0,12,0,12,CIDADANIA,0.00022197968885846945
2024,89516,MDB,PARTIDO:MDB,URUGUAIANA,153,0,153,1317,1470,MDB,0.02719251188516251
2024,89516,PC do B,FEDERACAO:101,URUGUAIANA,2,0,2,0,2,PC DO B,3.6996614809744906e-05
2024,89516,PDT,PARTIDO:PDT,URUGUAIANA,325,0,325,5712,6037,PDT,0.11167428180321501
2024,89516,PL,PARTIDO:PL,URUGUAIANA,392,0,392,3691,4083,PL,0.07552858913409423
2024,89516,PODE,PARTIDO:PODE,URUGUAIANA,105,0,105,6890,6995,PODE,0.12939566029708283
2024,89516,PP,PARTIDO:PP,URUGUAIANA,656,0,656,10966,11622,PP,0.21498732865942766
2024,89516,PSB,PARTIDO:PSB,URUGUAIANA,41,0,41,1769,1810,PSB,0.03348193640281914
2024,89516,PSDB,FEDERACAO:100,URUGUAIANA,55,0,55,2682,2737,PSDB,0.05062986736713591
2024,89516,PSOL,FEDERACAO:102,URUGUAIANA,12,0,12,242,254,PSOL,0.004698570080837603
2024,89516,PT,FEDERACAO:101,URUGUAIANA,330,0,330,2349,2679,PT,0.049556965537653305
2024,89516,PV,FEDERACAO:101,URUGUAIANA,0,0,0,0,0,PV,0.0
2024,89516,REDE,FEDERACAO:102,URUGUAIANA,1,0,1,34,35,REDE,0.0006474407591705359
2024,89516,REPUBLICANOS,PARTIDO:REPUBLICANOS,URUGUAIANA,171,0,171,10629,10800,REPUBLICANOS,0.1997817199726225
2024,89516,SOLIDARIEDADE,PARTIDO:SOLIDARIEDADE,URUGUAIANA,18,0,18,1130,1148,SOLIDARIEDADE,0.02123605690079358
2024,89516,UNIÃO,PARTIDO:UNIÃO,URUGUAIANA,54,0,54,4321,4375,UNIÃO,0.08093009489631699
2024,89524,CIDADANIA,FEDERACAO:100,WESTFALIA,0,0,0,0,0,CIDADANIA,0.0
2024,89524,MDB,PARTIDO:MDB,WESTFALIA,17,0,17,818,835,MDB,0.3553191489361702
2024,89524,PC do B,FEDERACAO:101,WESTFALIA,0,0,0,0,0,PC DO B,0.0
2024,89524,PP,PARTIDO:PP,WESTFALIA,20,0,20,689,709,PP,0.3017021276595745
2024,89524,PSDB,FEDERACAO:100,WESTFALIA,4,0,4,626,630,PSDB,0.2680851063829787
2024,89524,PT,FEDERACAO:101,WESTFALIA,5,0,5,170,175,PT,0.07446808510638298
2024,89524,PV,FEDERACAO:101,WESTFALIA,1,0,1,0,1,PV,0.000425531914893617
2024,89532,CIDADANIA,FEDERACAO:100,VACARIA,6,0,6,0,6,CIDADANIA,0.00017392816766675364
2024,89532,MDB,PARTIDO:MDB,VACARIA,38,0,38,1734,1772,MDB,0.05136678551758124
2024,89532,PC do B,FEDERACAO:101,VACARIA,3,0,3,135,138,PC DO B,0.004000347856335334
2024,89532,PDT,PARTIDO:PDT,VACARIA,61,0,61,1886,1947,PDT,0.05643969040786155
2024,89532,PL,PARTIDO:PL,VACARIA,325,0,325,8031,8356,PL,0.24222396150389888
2024,89532,PODE,PARTIDO:PODE,VACARIA,16,0,16,910,926,PODE,0.026842913876568977
2024,89532,PP,PARTIDO:PP,VACARIA,93,0,93,4916,5009,PP,0.14520103197379483
2024,89532,PRD,PARTIDO:PRD,VACARIA,6,0,6,512,518,PRD,0.015015798475229731
2024,89532,PSD,PARTIDO:PSD,VACARIA,16,0,16,393,409,PSD,0.011856103429283706
2024,89532,PSDB,FEDERACAO:100,VACARIA,396,0,396,7594,7990,PSDB,0.23161434327622693
2024,89532,PT,FEDERACAO:101,VACARIA,64,0,64,1612,1676,PT,0.04858393483491318
2024,89532,PV,FEDERACAO:101,VACARIA,3,0,3,0,3,PV,8.696408383337682e-05
2024,89532,REPUBLICANOS,PARTIDO:REPUBLICANOS,VACARIA,37,0,37,2340,2377,REPUBLICANOS,0.06890454242397889
2024,89532,UNIÃO,PARTIDO:UNIÃO,VACARIA,55,0,55,3315,3370,UNIÃO,0.09768965417282663
2024,89540,MDB,PARTIDO:MDB,PINTO BANDEIRA,31,0,31,1141,1172,MDB,0.549718574108818
2024,89540,PDT,PARTIDO:PDT,PINTO BANDEIRA,8,0,8,161,169,PDT,0.07926829268292683
2024,89540,PL,PARTIDO:PL,PINTO BANDEIRA,0,0,0,132,132,PL,0.06191369606003752
2024,89540,PP,PARTIDO:PP,PINTO BANDEIRA,14,0,14,441,455,PP,0.21341463414634146
2024,89540,PSB,PARTIDO:PSB,PINTO BANDEIRA,5,0,5,199,204,PSB,0.09568480300187618
2024,89559,CIDADANIA,FEDERACAO:100,VENÂNCIO AIRES,7,0,7,52,59,CIDADANIA,0.0014260508060812607
2024,89559,MDB,PARTIDO:MDB,VENÂNCIO AIRES,85,0,85,4568,4653,MDB,0.11246465085925604
2024,89559,PC do B,FEDERACAO:101,VENÂNCIO AIRES,6,0,6,0,6,PC DO B,0.00014502211587267058
2024,89559,PDT,PARTIDO:PDT,VENÂNCIO AIRES,537,0,537,9085,9622,PDT,0.23256713315447272
2024,89559,PL,PARTIDO:PL,VENÂNCIO AIRES,79,0,79,3486,3565,PL,0.08616730718101177
2024,89559,PODE,PARTIDO:PODE,VENÂNCIO AIRES,55,0,55,3704,3759,PODE,0.09085635559422812
2024,89559,PP,PARTIDO:PP,VENÂNCIO AIRES,304,0,304,6481,6785,PP,0.16399584269934497
2024,89559,PSB,PARTIDO:PSB,VENÂNCIO AIRES,132,0,132,3081,3213,PSB,0.0776593430498151
2024,89559,PSD,PARTIDO:PSD,VENÂNCIO AIRES,33,0,33,2911,2944,PSD,0.07115751818819037
2024,89559,PSDB,FEDERACAO:100,VENÂNCIO AIRES,20,0,20,1095,1115,PSDB,0.026949943199671283
2024,89559,PT,FEDERACAO:101,VENÂNCIO AIRES,101,0,101,1032,1133,PT,0.027385009547289296
2024,89559,PV,FEDERACAO:101,VENÂNCIO AIRES,0,0,0,0,0,PV,0.0
2024,89559,REPUBLICANOS,PARTIDO:REPUBLICANOS,VENÂNCIO AIRES,43,0,43,3629,3672,REPUBLICANOS,0.0887535349140744
2024,89559,UNIÃO,PARTIDO:UNIÃO,VENÂNCIO AIRES,13,0,13,834,847,UNIÃO,0.020472288690692
2024,89567,MDB,PARTIDO:MDB,PEDRAS ALTAS,2,0,2,134,136,MDB,0.0761904761904762
2024,89567,PC do B,FEDERACAO:101,PEDRAS ALTAS,0,0,0,0,0,PC DO B,0.0
2024,89567,PL,PARTIDO:PL,PEDRAS ALTAS,3,0,3,244,247,PL,0.13837535014005603
2024,89567,PP,PARTIDO:PP,PEDRAS ALTAS,11,0,11,293,304,PP,0.17030812324929973
2024,89567,PT,FEDERACAO:101,PEDRAS ALTAS,29,0,29,1069,1098,PT,0.6151260504201681
2024,89567,PV,FEDERACAO:101,PEDRAS ALTAS,0,0,0,0,0,PV,0.0
2024,89575,MDB,PARTIDO:MDB,VERA CRUZ,36,0,36,2398,2434,MDB,0.1542752107498257
2024,89575,PC do B,FEDERACAO:101,VERA CRUZ,0,0,0,0,0,PC DO B,0.0
2024,89575,PDT,PARTIDO:PDT,VERA CRUZ,40,0,40,910,950,PDT,0.06021423591303797
2024,89575,PL,PARTIDO:PL,VERA CRUZ,32,0,32,2413,2445,PL,0.15497242821829246
2024,89575,PP,PARTIDO:PP,VERA CRUZ,32,0,32,2197,2229,PP,0.14128161247385435
2024,89575,PSB,PARTIDO:PSB,VERA CRUZ,174,0,174,2713,2887,PSB,0.18298789376941116
2024,89575,PSD,PARTIDO:PSD,VERA CRUZ,16,0,16,1907,1923,PSD,0.12188629016923369
2024,89575,PT,FEDERACAO:101,VERA CRUZ,14,0,14,972,986,PT,0.062496038537110984
2024,89575,PV,FEDERACAO:101,VERA CRUZ,2,0,2,0,2,PV,0.00012676681244850097
2024,89575,REPUBLICANOS,PARTIDO:REPUBLICANOS,VERA CRUZ,23,0,23,1898,1921,REPUBLICANOS,0.1217595233567852
2024,89591,MDB,PARTIDO:MDB,VERANÓPOLIS,138,0,138,2771,2909,MDB,0.2063852429939695
2024,89591,PL,PARTIDO:PL,VERANÓPOLIS,26,0,26,1219,1245,PL,0.08832919474991131
2024,89591,PODE,PARTIDO:PODE,VERANÓPOLIS,11,0,11,758,769,PODE,0.05455835402625044
2024,89591,PP,PARTIDO:PP,VERANÓPOLIS,211,0,211,3874,4085,PP,0.28981908478183754
2024,89591,PSD,PARTIDO:PSD,VERANÓPOLIS,37,0,37,4018,4055,PSD,0.2876906704505144
2024,89591,UNIÃO,PARTIDO:UNIÃO,VERANÓPOLIS,9,0,9,1023,1032,UNIÃO,0.07321745299751685
2024,89613,MDB,PARTIDO:MDB,VIADUTOS,41,0,41,1086,1127,MDB,0.30893640350877194
2024,89613,PC do B,FEDERACAO:101,VIADUTOS,0,0,0,0,0,PC DO B,0.0
2024,89613,PL,PARTIDO:PL,VIADUTOS,0,0,0,282,282,PL,0.07730263157894737
2024,89613,PP,PARTIDO:PP,VIADUTOS,6,0,6,257,263,PP,0.07209429824561403
2024,89613,PSB,PARTIDO:PSB,VIADUTOS,24,0,24,584,608,PSB,0.16666666666666666
2024,89613,PT,FEDERACAO:101,VIADUTOS,10,0,10,529,539,PT,0.14775219298245615
2024,89613,PV,FEDERACAO:101,VIADUTOS,0,0,0,0,0,PV,0.0
2024,89613,UNIÃO,PARTIDO:UNIÃO,VIADUTOS,10,0,10,819,829,UNIÃO,0.22724780701754385
2024,89630,AGIR,PARTIDO:AGIR,VIAMÃO,63,0,63,5698,5761,AGIR,0.0543957548461415
2024,89630,AVANTE,PARTIDO:AVANTE,VIAMÃO,32,0,32,1800,1832,AVANTE,0.01729786892520938
2024,89630,CIDADANIA,FEDERACAO:100,VIAMÃO,34,0,34,94,128,CIDADANIA,0.0012085847283989084
2024,89630,MDB,PARTIDO:MDB,VIAMÃO,181,0,181,6322,6503,MDB,0.06140176944357892
2024,89630,PC do B,FEDERACAO:101,VIAMÃO,13,0,13,172,185,PC DO B,0.0017467826152640475
2024,89630,PDT,PARTIDO:PDT,VIAMÃO,935,0,935,9992,10927,PDT,0.1031734791188662
2024,89630,PL,PARTIDO:PL,VIAMÃO,524,0,524,5662,6186,PL,0.0584086338271535
2024,89630,PODE,PARTIDO:PODE,VIAMÃO,101,0,101,6590,6691,PODE,0.06317687826341482
2024,89630,PP,PARTIDO:PP,VIAMÃO,129,0,129,9493,9622,PP,0.0908515801301117
2024,89630,PRD,PARTIDO:PRD,VIAMÃO,38,0,38,416,454,PRD,0.004286698958539879
2024,89630,PSB,PARTIDO:PSB,VIAMÃO,49,0,49,2010,2059,PSB,0.019441218404479318
2024,89630,PSD,PARTIDO:PSD,VIAMÃO,90,0,90,7379,7469,PSD,0.07052280731571443
2024,89630,PSDB,FEDERACAO:100,VIAMÃO,1033,0,1033,24820,25853,PSDB,0.24410578893200766
2024,89630,PSOL,FEDERACAO:102,VIAMÃO,85,0,85,976,1061,PSOL,0.010018034350244077
2024,89630,PT,FEDERACAO:101,VIAMÃO,1017,0,1017,6116,7133,PT,0.0673502724036673
2024,89630,PV,FEDERACAO:101,VIAMÃO,17,0,17,0,17,PV,0.00016051515924048003
2024,89630,REDE,FEDERACAO:102,VIAMÃO,14,0,14,4,18,REDE,0.0001699572274310965
2024,89630,REPUBLICANOS,PARTIDO:REPUBLICANOS,VIAMÃO,97,0,97,5587,5684,REPUBLICANOS,0.05366871559546403
2024,89630,SOLIDARIEDADE,PARTIDO:SOLIDARIEDADE,VIAMÃO,24,0,24,1388,1412,SOLIDARIEDADE,0.01333220028515046
2024,89630,UNIÃO,PARTIDO:UNIÃO,VIAMÃO,95,0,95,6819,6914,UNIÃO,0.0652824594699223
2024,89656,MDB,PARTIDO:MDB,VICENTE DUTRA,32,0,32,1419,1451,MDB,0.425263774912075
2024,89656,PDT,PARTIDO:PDT,VICENTE DUTRA,15,0,15,463,478,PDT,0.14009378663540445
2024,89656,PL,PARTIDO:PL,VICENTE DUTRA,22,0,22,276,298,PL,0.0873388042203986
2024,89656,PP,PARTIDO:PP,VICENTE DUTRA,23,0,23,1162,1185,PP,0.3473036342321219
2024,89672,AVANTE,PARTIDO:AVANTE,PALMARES DO SUL,0,0,0,71,71,AVANTE,0.008968043450802071
2024,89672,MDB,PARTIDO:MDB,PALMARES DO SUL,37,0,37,1207,1244,MDB,0.15713022609574334
2024,89672,PC do B,FEDERACAO:101,PALMARES DO SUL,2,0,2,0,2,PC DO B,0.00025262094227611467
2024,89672,PDT,PARTIDO:PDT,PALMARES DO SUL,33,0,33,1423,1456,PDT,0.1839080459770115
2024,89672,PL,PARTIDO:PL,PALMARES DO SUL,19,0,19,281,300,PL,0.037893141341417205
2024,89672,PODE,PARTIDO:PODE,PALMARES DO SUL,20,0,20,962,982,PODE,0.12403688265757232
2024,89672,PP,PARTIDO:PP,PALMARES DO SUL,94,0,94,867,961,PP,0.1213843627636731
2024,89672,PRD,PARTIDO:PRD,PALMARES DO SUL,6,0,6,448,454,PRD,0.057344953896678034
2024,89672,PSB,PARTIDO:PSB,PALMARES DO SUL,0,0,0,66,66,PSB,0.008336491095111784
2024,89672,PT,FEDERACAO:101,PALMARES DO SUL,65,0,65,1045,1110,PT,0.14020462296324365
2024,89672,PV,FEDERACAO:101,PALMARES DO SUL,0,0,0,0,0,PV,0.0
2024,89672,REPUBLICANOS,PARTIDO:REPUBLICANOS,PALMARES DO SUL,15,0,15,820,835,REPUBLICANOS,0.10546924340027788
2024,89672,UNIÃO,PARTIDO:UNIÃO,PALMARES DO SUL,3,0,3,433,436,UNIÃO,0.055071365416193
2024,89699,MDB,PARTIDO:MDB,VICTOR GRAEFF,7,0,7,376,383,MDB,0.16909492273730684
2024,89699,PDT,PARTIDO:PDT,VICTOR GRAEFF,14,0,14,502,516,PDT,0.22781456953642384
2024,89699,PL,PARTIDO:PL,VICTOR GRAEFF,10,0,10,417,427,PL,0.18852097130242826
2024,89699,PP,PARTIDO:PP,VICTOR GRAEFF,16,0,16,623,639,PP,0.28211920529801326
2024,89699,UNIÃO,PARTIDO:UNIÃO,VICTOR GRAEFF,5,0,5,295,300,UNIÃO,0.13245033112582782
2024,89710,MDB,PARTIDO:MDB,TAVARES,35,0,35,1598,1633,MDB,0.41541592470109384
2024,89710,PDT,PARTIDO:PDT,TAVARES,17,0,17,728,745,PDT,0.18951920630882726
2024,89710,PP,PARTIDO:PP,TAVARES,43,0,43,1510,1553,PP,0.39506486899007887
2024,89737,CIDADANIA,FEDERACAO:100,CAPÃO DO LEÃO,8,0,8,0,8,CIDADANIA,0.0005821568912822005
2024,89737,MDB,PARTIDO:MDB,CAPÃO DO LEÃO,28,0,28,1678,1706,MDB,0.12414495706592926
2024,89737,PC do B,FEDERACAO:101,CAPÃO DO LEÃO,1,0,1,0,1,PC DO B,7.276961141027506e-05
2024,89737,PDT,PARTIDO:PDT,CAPÃO DO LEÃO,39,0,39,1620,1659,PDT,0.12072478532964634
2024,89737,PL,PARTIDO:PL,CAPÃO DO LEÃO,19,0,19,884,903,PL,0.06571095910347839
2024,89737,PP,PARTIDO:PP,CAPÃO DO LEÃO,212,0,212,1679,1891,PP,0.13760733517683016
2024,89737,PSB,PARTIDO:PSB,CAPÃO DO LEÃO,9,0,9,755,764,PSB,0.055595983117450155
2024,89737,PSD,PARTIDO:PSD,CAPÃO DO LEÃO,16,0,16,1692,1708,PSD,0.12429049628874982
2024,89737,PSDB,FEDERACAO:100,CAPÃO DO LEÃO,149,0,149,2050,2199,PSDB,0.16002037549119488
2024,89737,PT,FEDERACAO:101,CAPÃO DO LEÃO,82,0,82,1950,2032,PT,0.14786785038567893
2024,89737,PV,FEDERACAO:101,CAPÃO DO LEÃO,0,0,0,0,0,PV,0.0
2024,89737,UNIÃO,PARTIDO:UNIÃO,CAPÃO DO LEÃO,13,0,13,858,871,UNIÃO,0.06338233153834959
2024,89753,MDB,PARTIDO:MDB,SALTO DO JACUÍ,13,0,13,922,935,MDB,0.14066496163682865
2024,89753,PC do B,FEDERACAO:101,SALTO DO JACUÍ,2,0,2,112,114,PC DO B,0.017150594253046488
2024,89753,PDT,PARTIDO:PDT,SALTO DO JACUÍ,77,0,77,1405,1482,PDT,0.22295772528960434
2024,89753,PL,PARTIDO:PL,SALTO DO JACUÍ,6,0,6,339,345,PL,0.05190311418685121
2024,89753,PP,PARTIDO:PP,SALTO DO JACUÍ,73,0,73,2474,2547,PP,0.38318038212727545
2024,89753,PSB,PARTIDO:PSB,SALTO DO JACUÍ,5,0,5,289,294,PSB,0.044230479915751464
2024,89753,PT,FEDERACAO:101,SALTO DO JACUÍ,13,0,13,543,556,PT,0.08364675793591093
2024,89753,PV,FEDERACAO:101,SALTO DO JACUÍ,0,0,0,0,0,PV,0.0
2024,89753,REPUBLICANOS,PARTIDO:REPUBLICANOS,SALTO DO JACUÍ,5,0,5,369,374,REPUBLICANOS,0.056265984654731455
2024,89770,MDB,PARTIDO:MDB,COTIPORÃ,25,0,25,494,519,MDB,0.16725749274895263
2024,89770,PDT,PARTIDO:PDT,COTIPORÃ,9,0,9,509,518,PDT,0.16693522397679664
2024,89770,PP,PARTIDO:PP,COTIPORÃ,41,0,41,1193,1234,PP,0.39767966484047695
2024,89770,PSD,PARTIDO:PSD,COTIPORÃ,8,0,8,824,832,PSD,0.26812761843377375
2024,98213,CIDADANIA,FEDERACAO:100,TEUTÔNIA,2,0,2,0,2,CIDADANIA,0.0001003814495081309
2024,98213,MDB,PARTIDO:MDB,TEUTÔNIA,47,0,47,2739,2786,MDB,0.13983135916482634
2024,98213,PC do B,FEDERACAO:101,TEUTÔNIA,2,0,2,0,2,PC DO B,0.0001003814495081309
2024,98213,PDT,PARTIDO:PDT,TEUTÔNIA,133,0,133,2727,2860,PDT,0.1435454727966272
2024,98213,PL,PARTIDO:PL,TEUTÔNIA,78,0,78,2001,2079,PL,0.10434651676370207
2024,98213,PODE,PARTIDO:PODE,TEUTÔNIA,8,0,8,531,539,PODE,0.027052800642441276
2024,98213,PP,PARTIDO:PP,TEUTÔNIA,32,0,32,2189,2221,PP,0.11147359967877936
2024,98213,PSB,PARTIDO:PSB,TEUTÔNIA,3,0,3,555,558,PSB,0.02800642441276852
2024,98213,PSD,PARTIDO:PSD,TEUTÔNIA,137,0,137,4356,4493,PSD,0.22550692632001607
2024,98213,PSDB,FEDERACAO:100,TEUTÔNIA,153,0,153,2269,2422,PSDB,0.12156193535434652
2024,98213,PT,FEDERACAO:101,TEUTÔNIA,47,0,47,493,540,PT,0.027102991367195343
2024,98213,PV,FEDERACAO:101,TEUTÔNIA,1,0,1,0,1,PV,5.019072475406545e-05
2024,98213,UNIÃO,PARTIDO:UNIÃO,TEUTÔNIA,14,0,14,1407,1421,UNIÃO,0.071321019875527
2024,98230,CIDADANIA,FEDERACAO:100,BOM PRINCÍPIO,1,0,1,0,1,CIDADANIA,0.00011244799280332846
2024,98230,MDB,PARTIDO:MDB,BOM PRINCÍPIO,115,0,115,3795,3910,MDB,0.43967165186101426
2024,98230,PC do B,FEDERACAO:101,BOM PRINCÍPIO,2,0,2,0,2,PC DO B,0.0002248959856066569
2024,98230,PP,PARTIDO:PP,BOM PRINCÍPIO,21,0,21,993,1014,PP,0.11402226470257507
2024,98230,PSD,PARTIDO:PSD,BOM PRINCÍPIO,5,0,5,755,760,PSD,0.08546047453052963
2024,98230,PSDB,FEDERACAO:100,BOM PRINCÍPIO,27,0,27,1599,1626,PSDB,0.1828404362982121
2024,98230,PT,FEDERACAO:101,BOM PRINCÍPIO,7,0,7,183,190,PT,0.021365118632632407
2024,98230,PV,FEDERACAO:101,BOM PRINCÍPIO,0,0,0,0,0,PV,0.0
2024,98230,UNIÃO,PARTIDO:UNIÃO,BOM PRINCÍPIO,58,0,58,1332,1390,UNIÃO,0.15630270999662657
2024,98256,CIDADANIA,FEDERACAO:100,PAROBÉ,169,0,169,1669,1838,CIDADANIA,0.061081386461068095
2024,98256,MDB,PARTIDO:MDB,PAROBÉ,40,0,40,3171,3211,MDB,0.10670964740287793
2024,98256,PC do B,FEDERACAO:101,PAROBÉ,0,0,0,0,0,PC DO B,0.0
2024,98256,PDT,PARTIDO:PDT,PAROBÉ,383,0,383,7908,8291,PDT,0.2755308896347745
2024,98256,PL,PARTIDO:PL,PAROBÉ,54,0,54,2185,2239,PL,0.07440763018842843
2024,98256,PODE,PARTIDO:PODE,PAROBÉ,10,0,10,422,432,PODE,0.01435645209531089
2024,98256,PP,PARTIDO:PP,PAROBÉ,36,0,36,1160,1196,PP,0.039746103486092185
2024,98256,PSD,PARTIDO:PSD,PAROBÉ,22,0,22,3568,3590,PSD,0.11930477551427338
2024,98256,PSDB,FEDERACAO:100,PAROBÉ,22,0,22,551,573,PSDB,0.01904223854308597
2024,98256,PT,FEDERACAO:101,PAROBÉ,104,0,104,1228,1332,PT,0.04426572729387525
2024,98256,PV,FEDERACAO:101,PAROBÉ,2,0,2,140,142,PV,0.004719018975773487
2024,98256,REPUBLICANOS,PARTIDO:REPUBLICANOS,PAROBÉ,44,0,44,3897,3941,REPUBLICANOS,0.13096939284171347
2024,98256,UNIÃO,PARTIDO:UNIÃO,PAROBÉ,41,0,41,3265,3306,UNIÃO,0.1098667375627264
2024,98272,MDB,PARTIDO:MDB,FORTALEZA DOS VALOS,2,0,2,286,288,MDB,0.08745824476161555
2024,98272,PDT,PARTIDO:PDT,FORTALEZA DOS VALOS,10,0,10,297,307,PDT,0.09322805952019435
2024,98272,PP,PARTIDO:PP,FORTALEZA DOS VALOS,39,0,39,1673,1712,PP,0.519890677194048
2024,98272,REPUBLICANOS,PARTIDO:REPUBLICANOS,FORTALEZA DOS VALOS,20,0,20,966,986,REPUBLICANOS,0.2994230185241421
2024,98299,CIDADANIA,FEDERACAO:100,JÓIA,0,0,0,0,0,CIDADANIA,0.0
2024,98299,MDB,PARTIDO:MDB,JÓIA,8,0,8,618,626,MDB,0.11596887736198593
2024,98299,PC do B,FEDERACAO:101,JÓIA,0,0,0,0,0,PC DO B,0.0
2024,98299,PDT,PARTIDO:PDT,JÓIA,17,0,17,1152,1169,PDT,0.21656168951463506
2024,98299,PP,PARTIDO:PP,JÓIA,48,0,48,1672,1720,PP,0.318636532048907
2024,98299,PSDB,FEDERACAO:100,JÓIA,37,0,37,688,725,PSDB,0.13430900333456836
2024,98299,PSOL,FEDERACAO:102,JÓIA,6,0,6,429,435,PSOL,0.08058540200074102
2024,98299,PT,FEDERACAO:101,JÓIA,9,0,9,714,723,PT,0.13393849573916267
2024,98299,PV,FEDERACAO:101,JÓIA,0,0,0,0,0,PV,0.0
2024,98299,REDE,FEDERACAO:102,JÓIA,0,0,0,0,0,REDE,0.0
